0.8418 	WARNING 	We strongly recommend you activate the PTB sound engine in PsychoPy prefs as the preferred audio engine. Its timing is vastly superior. Your prefs are currently set to use ['sounddevice', 'PTB', 'pyo', 'pygame'] (in that order).
1.8821 	WARNING 	Font Manager failed to load file C:\Users\user\AppData\Local\Microsoft\Windows\Fonts\210 하얀바람R.ttf
1.8859 	WARNING 	Font Manager failed to load file C:\Users\user\AppData\Local\Microsoft\Windows\Fonts\서울남산 장체M.ttf
1.8914 	WARNING 	Font Manager failed to load file C:\Users\user\AppData\Local\Microsoft\Windows\Fonts\210 나무고딕B.ttf
1.8919 	WARNING 	Font Manager failed to load file C:\Users\user\AppData\Local\Microsoft\Windows\Fonts\서울남산 장체EB.ttf
1.8927 	WARNING 	Font Manager failed to load file C:\Users\user\AppData\Local\Microsoft\Windows\Fonts\210 나무고딕EB.ttf
1.8937 	WARNING 	Font Manager failed to load file C:\Users\user\AppData\Local\Microsoft\Windows\Fonts\a고딕11.ttf
1.8954 	WARNING 	Font Manager failed to load file C:\Users\user\AppData\Local\Microsoft\Windows\Fonts\a뉴굴림1.ttf
1.8960 	WARNING 	Font Manager failed to load file C:\Users\user\AppData\Local\Microsoft\Windows\Fonts\아리따-돋움(TTF)-Medium.ttf
1.9001 	WARNING 	Font Manager failed to load file C:\Users\user\AppData\Local\Microsoft\Windows\Fonts\210 나무고딕L.ttf
1.9062 	WARNING 	Font Manager failed to load file C:\Users\user\AppData\Local\Microsoft\Windows\Fonts\아리따-돋움(TTF)-SemiBold.ttf
1.9077 	WARNING 	Font Manager failed to load file C:\Users\user\AppData\Local\Microsoft\Windows\Fonts\나눔고딕L.ttf
1.9088 	WARNING 	Font Manager failed to load file C:\Users\user\AppData\Local\Microsoft\Windows\Fonts\a시나리오.ttf
1.9098 	WARNING 	Font Manager failed to load file C:\Users\user\AppData\Local\Microsoft\Windows\Fonts\210 맨발의청춘R.ttf
1.9107 	WARNING 	Font Manager failed to load file C:\Users\user\AppData\Local\Microsoft\Windows\Fonts\210 하얀바람L.ttf
1.9130 	WARNING 	Font Manager failed to load file C:\Users\user\AppData\Local\Microsoft\Windows\Fonts\210 씨앗R.ttf
1.9143 	WARNING 	Font Manager failed to load file C:\Users\user\AppData\Local\Microsoft\Windows\Fonts\서울남산 장체B.ttf
1.9152 	WARNING 	Font Manager failed to load file C:\Users\user\AppData\Local\Microsoft\Windows\Fonts\a뉴굴림4.ttf
1.9184 	WARNING 	Font Manager failed to load file C:\Users\user\AppData\Local\Microsoft\Windows\Fonts\210 콤퓨타세탁L.ttf
1.9227 	WARNING 	Font Manager failed to load file C:\Users\user\AppData\Local\Microsoft\Windows\Fonts\210 콤퓨타세탁R.ttf
1.9261 	WARNING 	Font Manager failed to load file C:\Users\user\AppData\Local\Microsoft\Windows\Fonts\a고딕10.ttf
1.9265 	WARNING 	Font Manager failed to load file C:\Users\user\AppData\Local\Microsoft\Windows\Fonts\210 씨앗L.ttf
1.9270 	WARNING 	Font Manager failed to load file C:\Users\user\AppData\Local\Microsoft\Windows\Fonts\210 상상공작소R.ttf
1.9281 	WARNING 	Font Manager failed to load file C:\Users\user\AppData\Local\Microsoft\Windows\Fonts\아리따-돋움(TTF)-Thin.ttf
1.9290 	WARNING 	Font Manager failed to load file C:\Users\user\AppData\Local\Microsoft\Windows\Fonts\210 씨앗B.ttf
1.9295 	WARNING 	Font Manager failed to load file C:\Users\user\AppData\Local\Microsoft\Windows\Fonts\아리따-돋움(TTF)-Light.ttf
1.9328 	WARNING 	Font Manager failed to load file C:\Users\user\AppData\Local\Microsoft\Windows\Fonts\a고딕15.ttf
1.9331 	WARNING 	Font Manager failed to load file C:\Users\user\AppData\Local\Microsoft\Windows\Fonts\210 콤퓨타세탁B.ttf
1.9333 	WARNING 	Font Manager failed to load file C:\Users\user\AppData\Local\Microsoft\Windows\Fonts\210 동화책R.ttf
1.9357 	WARNING 	Font Manager failed to load file C:\Users\user\AppData\Local\Microsoft\Windows\Fonts\210 맨발의청춘B.ttf
1.9364 	WARNING 	Font Manager failed to load file C:\Users\user\AppData\Local\Microsoft\Windows\Fonts\210 카툰스토리L.ttf
1.9368 	WARNING 	Font Manager failed to load file C:\Users\user\AppData\Local\Microsoft\Windows\Fonts\210 상상공작소L.ttf
1.9424 	WARNING 	Font Manager failed to load file C:\Users\user\AppData\Local\Microsoft\Windows\Fonts\210 나무고딕R.ttf
1.9429 	WARNING 	Font Manager failed to load file C:\Users\user\AppData\Local\Microsoft\Windows\Fonts\210 상상공작소B.ttf
1.9468 	WARNING 	Font Manager failed to load file C:\Users\user\AppData\Local\Microsoft\Windows\Fonts\210 동화책L.ttf
1.9493 	WARNING 	Font Manager failed to load file C:\Users\user\AppData\Local\Microsoft\Windows\Fonts\210 카툰스토리B.ttf
1.9509 	WARNING 	Font Manager failed to load file C:\Users\user\AppData\Local\Microsoft\Windows\Fonts\a고딕14.ttf
1.9520 	WARNING 	Font Manager failed to load file C:\Users\user\AppData\Local\Microsoft\Windows\Fonts\서울남산 장체BL.ttf
1.9557 	WARNING 	Font Manager failed to load file C:\Users\user\AppData\Local\Microsoft\Windows\Fonts\a뉴굴림2.ttf
1.9565 	WARNING 	Font Manager failed to load file C:\Users\user\AppData\Local\Microsoft\Windows\Fonts\210 하얀바람B.ttf
1.9596 	WARNING 	Font Manager failed to load file C:\Users\user\AppData\Local\Microsoft\Windows\Fonts\210 맨발의청춘L.ttf
1.9601 	WARNING 	Font Manager failed to load file C:\Users\user\AppData\Local\Microsoft\Windows\Fonts\아리따-돋움(TTF)-Bold.ttf
1.9602 	WARNING 	Font Manager failed to load file C:\Users\user\AppData\Local\Microsoft\Windows\Fonts\a고딕12.ttf
1.9624 	WARNING 	Font Manager failed to load file C:\Users\user\AppData\Local\Microsoft\Windows\Fonts\a고딕16.ttf
1.9657 	WARNING 	Font Manager failed to load file C:\Users\user\AppData\Local\Microsoft\Windows\Fonts\a고딕13.ttf
1.9682 	WARNING 	Font Manager failed to load file C:\Users\user\AppData\Local\Microsoft\Windows\Fonts\서울남산 장체L.ttf
1.9708 	WARNING 	Font Manager failed to load file C:\Users\user\AppData\Local\Microsoft\Windows\Fonts\a뉴굴림3.ttf
1.9718 	WARNING 	Font Manager failed to load file C:\Users\user\AppData\Local\Microsoft\Windows\Fonts\210 동화책B.ttf
1.9728 	WARNING 	Font Manager failed to load file C:\Users\user\AppData\Local\Microsoft\Windows\Fonts\210 카툰스토리R.ttf
2.1713 	WARNING 	Font Manager failed to load file C:\Users\user\AppData\Local\Microsoft\Windows\Fonts\210 하얀바람R.ttf
2.1749 	WARNING 	Font Manager failed to load file C:\Users\user\AppData\Local\Microsoft\Windows\Fonts\서울남산 장체M.ttf
2.1804 	WARNING 	Font Manager failed to load file C:\Users\user\AppData\Local\Microsoft\Windows\Fonts\210 나무고딕B.ttf
2.1809 	WARNING 	Font Manager failed to load file C:\Users\user\AppData\Local\Microsoft\Windows\Fonts\서울남산 장체EB.ttf
2.1816 	WARNING 	Font Manager failed to load file C:\Users\user\AppData\Local\Microsoft\Windows\Fonts\210 나무고딕EB.ttf
2.1827 	WARNING 	Font Manager failed to load file C:\Users\user\AppData\Local\Microsoft\Windows\Fonts\a고딕11.ttf
2.1842 	WARNING 	Font Manager failed to load file C:\Users\user\AppData\Local\Microsoft\Windows\Fonts\a뉴굴림1.ttf
2.1849 	WARNING 	Font Manager failed to load file C:\Users\user\AppData\Local\Microsoft\Windows\Fonts\아리따-돋움(TTF)-Medium.ttf
2.1891 	WARNING 	Font Manager failed to load file C:\Users\user\AppData\Local\Microsoft\Windows\Fonts\210 나무고딕L.ttf
2.1947 	WARNING 	Font Manager failed to load file C:\Users\user\AppData\Local\Microsoft\Windows\Fonts\아리따-돋움(TTF)-SemiBold.ttf
2.1962 	WARNING 	Font Manager failed to load file C:\Users\user\AppData\Local\Microsoft\Windows\Fonts\나눔고딕L.ttf
2.1971 	WARNING 	Font Manager failed to load file C:\Users\user\AppData\Local\Microsoft\Windows\Fonts\a시나리오.ttf
2.1981 	WARNING 	Font Manager failed to load file C:\Users\user\AppData\Local\Microsoft\Windows\Fonts\210 맨발의청춘R.ttf
2.1990 	WARNING 	Font Manager failed to load file C:\Users\user\AppData\Local\Microsoft\Windows\Fonts\210 하얀바람L.ttf
2.2012 	WARNING 	Font Manager failed to load file C:\Users\user\AppData\Local\Microsoft\Windows\Fonts\210 씨앗R.ttf
2.2025 	WARNING 	Font Manager failed to load file C:\Users\user\AppData\Local\Microsoft\Windows\Fonts\서울남산 장체B.ttf
2.2034 	WARNING 	Font Manager failed to load file C:\Users\user\AppData\Local\Microsoft\Windows\Fonts\a뉴굴림4.ttf
2.2067 	WARNING 	Font Manager failed to load file C:\Users\user\AppData\Local\Microsoft\Windows\Fonts\210 콤퓨타세탁L.ttf
2.2109 	WARNING 	Font Manager failed to load file C:\Users\user\AppData\Local\Microsoft\Windows\Fonts\210 콤퓨타세탁R.ttf
2.2143 	WARNING 	Font Manager failed to load file C:\Users\user\AppData\Local\Microsoft\Windows\Fonts\a고딕10.ttf
2.2146 	WARNING 	Font Manager failed to load file C:\Users\user\AppData\Local\Microsoft\Windows\Fonts\210 씨앗L.ttf
2.2151 	WARNING 	Font Manager failed to load file C:\Users\user\AppData\Local\Microsoft\Windows\Fonts\210 상상공작소R.ttf
2.2162 	WARNING 	Font Manager failed to load file C:\Users\user\AppData\Local\Microsoft\Windows\Fonts\아리따-돋움(TTF)-Thin.ttf
2.2171 	WARNING 	Font Manager failed to load file C:\Users\user\AppData\Local\Microsoft\Windows\Fonts\210 씨앗B.ttf
2.2176 	WARNING 	Font Manager failed to load file C:\Users\user\AppData\Local\Microsoft\Windows\Fonts\아리따-돋움(TTF)-Light.ttf
2.2209 	WARNING 	Font Manager failed to load file C:\Users\user\AppData\Local\Microsoft\Windows\Fonts\a고딕15.ttf
2.2213 	WARNING 	Font Manager failed to load file C:\Users\user\AppData\Local\Microsoft\Windows\Fonts\210 콤퓨타세탁B.ttf
2.2214 	WARNING 	Font Manager failed to load file C:\Users\user\AppData\Local\Microsoft\Windows\Fonts\210 동화책R.ttf
2.2240 	WARNING 	Font Manager failed to load file C:\Users\user\AppData\Local\Microsoft\Windows\Fonts\210 맨발의청춘B.ttf
2.2249 	WARNING 	Font Manager failed to load file C:\Users\user\AppData\Local\Microsoft\Windows\Fonts\210 카툰스토리L.ttf
2.2252 	WARNING 	Font Manager failed to load file C:\Users\user\AppData\Local\Microsoft\Windows\Fonts\210 상상공작소L.ttf
2.2310 	WARNING 	Font Manager failed to load file C:\Users\user\AppData\Local\Microsoft\Windows\Fonts\210 나무고딕R.ttf
2.2316 	WARNING 	Font Manager failed to load file C:\Users\user\AppData\Local\Microsoft\Windows\Fonts\210 상상공작소B.ttf
2.2358 	WARNING 	Font Manager failed to load file C:\Users\user\AppData\Local\Microsoft\Windows\Fonts\210 동화책L.ttf
2.2383 	WARNING 	Font Manager failed to load file C:\Users\user\AppData\Local\Microsoft\Windows\Fonts\210 카툰스토리B.ttf
2.2401 	WARNING 	Font Manager failed to load file C:\Users\user\AppData\Local\Microsoft\Windows\Fonts\a고딕14.ttf
2.2411 	WARNING 	Font Manager failed to load file C:\Users\user\AppData\Local\Microsoft\Windows\Fonts\서울남산 장체BL.ttf
2.2445 	WARNING 	Font Manager failed to load file C:\Users\user\AppData\Local\Microsoft\Windows\Fonts\a뉴굴림2.ttf
2.2453 	WARNING 	Font Manager failed to load file C:\Users\user\AppData\Local\Microsoft\Windows\Fonts\210 하얀바람B.ttf
2.2482 	WARNING 	Font Manager failed to load file C:\Users\user\AppData\Local\Microsoft\Windows\Fonts\210 맨발의청춘L.ttf
2.2487 	WARNING 	Font Manager failed to load file C:\Users\user\AppData\Local\Microsoft\Windows\Fonts\아리따-돋움(TTF)-Bold.ttf
2.2488 	WARNING 	Font Manager failed to load file C:\Users\user\AppData\Local\Microsoft\Windows\Fonts\a고딕12.ttf
2.2510 	WARNING 	Font Manager failed to load file C:\Users\user\AppData\Local\Microsoft\Windows\Fonts\a고딕16.ttf
2.2544 	WARNING 	Font Manager failed to load file C:\Users\user\AppData\Local\Microsoft\Windows\Fonts\a고딕13.ttf
2.2571 	WARNING 	Font Manager failed to load file C:\Users\user\AppData\Local\Microsoft\Windows\Fonts\서울남산 장체L.ttf
2.2596 	WARNING 	Font Manager failed to load file C:\Users\user\AppData\Local\Microsoft\Windows\Fonts\a뉴굴림3.ttf
2.2606 	WARNING 	Font Manager failed to load file C:\Users\user\AppData\Local\Microsoft\Windows\Fonts\210 동화책B.ttf
2.2616 	WARNING 	Font Manager failed to load file C:\Users\user\AppData\Local\Microsoft\Windows\Fonts\210 카툰스토리R.ttf
10.7275 	EXP 	Created window1 = Window(allowGUI=False, allowStencil=False, autoLog=True, backendConf=UNKNOWN, backgroundFit=<method-wrapper '__getattribute__' of attributeSetter object at 0x000001A3B57F3280>, backgroundImage=<method-wrapper '__getattribute__' of attributeSetter object at 0x000001A3B57F3220>, bitsMode=UNKNOWN, blendMode='avg', bpc=(8, 8, 8), color=array([-1., -1., -1.]), colorSpace='rgb', depthBits=8, fullscr=True, gamma=None, gammaErrorPolicy='raise', infoMsg=UNKNOWN, lms=UNKNOWN, monitor=<psychopy.monitors.calibTools.Monitor object at 0x000001A3B5AF84F0>, multiSample=False, name='window1', numSamples=2, pos=[np.float64(0.0), np.float64(0.0)], screen=0, size=array([1920, 1080]), stencilBits=0, stereo=False, title='PsychoPy', units='height', useFBO=True, useRetina=False, viewOri=0.0, viewPos=None, viewScale=None, waitBlanking=True, winType='pyglet')
10.7275 	EXP 	window1: backgroundImage = ''
10.7275 	EXP 	window1: backgroundFit = 'none'
10.9545 	EXP 	window1: Attempting to measure frame rate of screen (0) ...
10.9545 	EXP 	window1: recordFrameIntervals = False
11.0736 	EXP 	window1: recordFrameIntervals = True
11.1645 	EXP 	Screen (0) actual frame rate measured at 121.23Hz
11.1645 	EXP 	window1: recordFrameIntervals = False
12.3471 	EXP 	online_LDT&KRT: status = STARTED
12.4385 	EXP 	Created intro_text = TextStim(__class__=<class 'psychopy.visual.text.TextStim'>, alignHoriz=method-wrapper(...), alignText='center', alignVert=method-wrapper(...), anchorHoriz='center', anchorVert='center', antialias=True, autoDraw=False, autoLog=True, bold=False, color=array([1., 1., 1.]), colorSpace='rgb', contrast=1.0, depth=0.0, draggable=False, flipHoriz=False, flipVert=False, font='NanumGothic', fontFiles=[], height=np.float64(0.03), italic=False, languageStyle='LTR', name='intro_text', opacity=1, ori=0.0, pos=array([0., 0.]), rgb=UNKNOWN, text=str(...), units='height', win=Window(...), wrapWidth=1)
12.4600 	EXP 	Created LDT_intro_instr = TextStim(__class__=<class 'psychopy.visual.text.TextStim'>, alignHoriz=method-wrapper(...), alignText='center', alignVert=method-wrapper(...), anchorHoriz='center', anchorVert='center', antialias=True, autoDraw=False, autoLog=True, bold=False, color=array([1., 1., 1.]), colorSpace='rgb', contrast=1.0, depth=0.0, draggable=False, flipHoriz=False, flipVert=False, font='NanumGothic', fontFiles=[], height=np.float64(0.03), italic=False, languageStyle='LTR', name='LDT_intro_instr', opacity=1, ori=0.0, pos=array([0. , 0.2]), rgb=UNKNOWN, text=str(...), units='height', win=Window(...), wrapWidth=1)
12.4727 	EXP 	Created keyboard_LDT = ImageStim(__class__=<class 'psychopy.visual.image.ImageStim'>, anchor=('center', 'center'), autoLog=True, color=array([1., 1., 1.]), colorSpace='rgb', contrast=1.0, depth=-2.0, draggable=False, flipHoriz=np.False_, flipVert=np.False_, image='keyboard_LDT_RR.png', interpolate=True, mask=None, maskParams=None, name='keyboard_LDT', opacity=1, ori=0.0, pos=array([ 0. , -0.2]), size=array([0.6 , 0.35]), texRes=128.0, units='height', win=Window(...))
12.4757 	EXP 	Created LDT_prac_fix_text = TextStim(__class__=<class 'psychopy.visual.text.TextStim'>, alignHoriz=method-wrapper(...), alignText='center', alignVert=method-wrapper(...), anchorHoriz='center', anchorVert='center', antialias=True, autoDraw=False, autoLog=True, bold=False, color=array([1., 1., 1.]), colorSpace='rgb', contrast=1.0, depth=0.0, draggable=False, flipHoriz=False, flipVert=False, font='NanumGothic', fontFiles=[], height=np.float64(0.1), italic=False, languageStyle='LTR', name='LDT_prac_fix_text', opacity=1, ori=0, pos=array([0., 0.]), rgb=UNKNOWN, text='+', units='height', win=Window(...), wrapWidth=1)
12.4761 	EXP 	Created LDT_prac_stim_text = TextStim(__class__=<class 'psychopy.visual.text.TextStim'>, alignHoriz=method-wrapper(...), alignText='center', alignVert=method-wrapper(...), anchorHoriz='center', anchorVert='center', antialias=True, autoDraw=False, autoLog=True, bold=False, color=array([1., 1., 1.]), colorSpace='rgb', contrast=1.0, depth=-1.0, draggable=False, flipHoriz=False, flipVert=False, font='NanumGothic', fontFiles=[], height=0.1, italic=False, languageStyle='LTR', name='LDT_prac_stim_text', opacity=1, ori=0, pos=array([0., 0.]), rgb=UNKNOWN, text='', units='height', win=Window(...), wrapWidth=1)
12.4768 	EXP 	Created LDT_feedback_text = TextStim(__class__=<class 'psychopy.visual.text.TextStim'>, alignHoriz=method-wrapper(...), alignText='center', alignVert=method-wrapper(...), anchorHoriz='center', anchorVert='center', antialias=True, autoDraw=False, autoLog=True, bold=False, color=array([1., 1., 1.]), colorSpace='rgb', contrast=1.0, depth=-1.0, draggable=False, flipHoriz=False, flipVert=False, font='NanumGothic', fontFiles=[], height=0.05, italic=False, languageStyle='LTR', name='LDT_feedback_text', opacity=1, ori=0, pos=array([0., 0.]), rgb=UNKNOWN, text='', units='height', win=Window(...), wrapWidth=1)
12.4903 	EXP 	Created LDT_instr_text = TextStim(__class__=<class 'psychopy.visual.text.TextStim'>, alignHoriz=method-wrapper(...), alignText='center', alignVert=method-wrapper(...), anchorHoriz='center', anchorVert='center', antialias=True, autoDraw=False, autoLog=True, bold=False, color=array([1., 1., 1.]), colorSpace='rgb', contrast=1.0, depth=0.0, draggable=False, flipHoriz=False, flipVert=False, font='NanumGothic', fontFiles=[], height=np.float64(0.03), italic=False, languageStyle='LTR', name='LDT_instr_text', opacity=1, ori=0, pos=array([0., 0.]), rgb=UNKNOWN, text=str(...), units='height', win=Window(...), wrapWidth=1)
12.4917 	EXP 	Created LDT_fix_text = TextStim(__class__=<class 'psychopy.visual.text.TextStim'>, alignHoriz=method-wrapper(...), alignText='center', alignVert=method-wrapper(...), anchorHoriz='center', anchorVert='center', antialias=True, autoDraw=False, autoLog=True, bold=False, color=array([1., 1., 1.]), colorSpace='rgb', contrast=1.0, depth=0.0, draggable=False, flipHoriz=False, flipVert=False, font='NanumGothic', fontFiles=[], height=np.float64(0.1), italic=False, languageStyle='LTR', name='LDT_fix_text', opacity=1, ori=0, pos=array([0., 0.]), rgb=UNKNOWN, text='+', units='height', win=Window(...), wrapWidth=1)
12.4921 	EXP 	Created LDT_stim_text = TextStim(__class__=<class 'psychopy.visual.text.TextStim'>, alignHoriz=method-wrapper(...), alignText='center', alignVert=method-wrapper(...), anchorHoriz='center', anchorVert='center', antialias=True, autoDraw=False, autoLog=True, bold=False, color=array([1., 1., 1.]), colorSpace='rgb', contrast=1.0, depth=-1.0, draggable=False, flipHoriz=False, flipVert=False, font='NanumGothic', fontFiles=[], height=0.1, italic=False, languageStyle='LTR', name='LDT_stim_text', opacity=1, ori=0, pos=array([0., 0.]), rgb=UNKNOWN, text='', units='height', win=Window(...), wrapWidth=1)
12.4980 	EXP 	Created LDT_break_text = TextStim(__class__=<class 'psychopy.visual.text.TextStim'>, alignHoriz=method-wrapper(...), alignText='center', alignVert=method-wrapper(...), anchorHoriz='center', anchorVert='center', antialias=True, autoDraw=False, autoLog=True, bold=False, color=array([1., 1., 1.]), colorSpace='rgb', contrast=1.0, depth=-1.0, draggable=False, flipHoriz=False, flipVert=False, font='NanumGothic', fontFiles=[], height=np.float64(0.03), italic=False, languageStyle='LTR', name='LDT_break_text', opacity=1, ori=0.0, pos=array([0., 0.]), rgb=UNKNOWN, text=str(...), units='height', win=Window(...), wrapWidth=1)
12.5038 	EXP 	Created end_text = TextStim(__class__=<class 'psychopy.visual.text.TextStim'>, alignHoriz=method-wrapper(...), alignText='center', alignVert=method-wrapper(...), anchorHoriz='center', anchorVert='center', antialias=True, autoDraw=False, autoLog=True, bold=False, color=array([1., 1., 1.]), colorSpace='rgb', contrast=1.0, depth=0.0, draggable=False, flipHoriz=False, flipVert=False, font='NanumGothic', fontFiles=[], height=np.float64(0.03), italic=False, languageStyle='LTR', name='end_text', opacity=1, ori=0, pos=array([0., 0.]), rgb=UNKNOWN, text='실험이 종료되었습니다. \n\n실험에 참여해 주셔서 감사합니다.\n\n', units='height', win=Window(...), wrapWidth=1)
0.0119 	EXP 	intro_text: autoDraw = True
4.9993 	EXP 	Device response: <KeyPress from None: t=4.9385891999991145, value=space, duration=None>
5.0088 	EXP 	intro_text: autoDraw = False
5.0088 	EXP 	LDT_intro_instr: autoDraw = True
5.0088 	EXP 	keyboard_LDT: autoDraw = True
5.0095 	DATA 	Keypress: space
5.0423 	EXP 	Device response: <KeyPress from None: t=4.9385891999991145, value=space, duration=0.09606370000983588>
22.2677 	EXP 	Device response: <KeyPress from None: t=22.266182299994398, value=space, duration=None>
22.2722 	EXP 	Imported LDT_pracStim.xlsx as conditions, 10 conditions, 5 params
22.2724 	EXP 	New trial (rep=0, index=0): <Trial 0 (0 in rep 0) data={'Task': 'LDT', 'TrialType': 'Practice', 'Stimuli': 'cucumber', 'CorrectResponse': 'l', 'StimulusType': 'word', 'thisN': 0, 'thisTrialN': 0, 'thisRepN': 0}>
22.2841 	EXP 	LDT_intro_instr: autoDraw = False
22.2841 	EXP 	keyboard_LDT: autoDraw = False
22.2841 	EXP 	LDT_prac_stim_text: height = np.float64(0.1)
22.2841 	EXP 	LDT_prac_stim_text: height = np.float64(0.1)
22.2841 	EXP 	LDT_prac_stim_text: height = np.float64(0.1)
22.2841 	EXP 	LDT_prac_stim_text: text = 'cucumber'
22.2841 	EXP 	LDT_prac_fix_text: autoDraw = True
22.2845 	DATA 	Keypress: space
22.4596 	EXP 	Device response: <KeyPress from None: t=22.266182299994398, value=space, duration=0.19209170000976883>
22.7596 	EXP 	LDT_prac_stim_text: autoDraw = True
22.7763 	EXP 	LDT_prac_fix_text: autoDraw = False
23.6857 	EXP 	Device response: <KeyPress from None: t=23.68228540002019, value=l, duration=None>
23.6932 	EXP 	LDT_prac_fix_text: autoDraw = False
23.6932 	EXP 	LDT_prac_stim_text: autoDraw = False
23.6932 	EXP 	LDT_feedback_text: height = np.float64(0.05)
23.6932 	EXP 	LDT_feedback_text: height = np.float64(0.05)
23.6932 	EXP 	LDT_feedback_text: height = np.float64(0.05)
23.6932 	EXP 	LDT_feedback_text: text = '정답입니다!'
23.6932 	EXP 	LDT_feedback_text: autoDraw = True
23.6937 	DATA 	Keypress: l
23.7942 	EXP 	Device response: <KeyPress from None: t=23.68228540002019, value=l, duration=0.10438119998434559>
24.6784 	EXP 	New trial (rep=0, index=1): <Trial 1 (1 in rep 0) data={'Task': 'LDT', 'TrialType': 'Practice', 'Stimuli': 'cluerk', 'CorrectResponse': 'a', 'StimulusType': 'nonword', 'thisN': 1, 'thisTrialN': 1, 'thisRepN': 0}>
24.6866 	EXP 	LDT_feedback_text: autoDraw = False
24.6866 	EXP 	LDT_feedback_text: autoDraw = False
24.6866 	EXP 	LDT_prac_stim_text: height = np.float64(0.1)
24.6866 	EXP 	LDT_prac_stim_text: height = np.float64(0.1)
24.6866 	EXP 	LDT_prac_stim_text: height = np.float64(0.1)
24.6866 	EXP 	LDT_prac_stim_text: text = 'cluerk'
24.6866 	EXP 	LDT_prac_fix_text: autoDraw = True
25.1786 	EXP 	LDT_prac_fix_text: autoDraw = False
25.1786 	EXP 	LDT_prac_stim_text: autoDraw = True
26.5887 	EXP 	Device response: <KeyPress from None: t=26.587263800000073, value=l, duration=None>
26.5969 	EXP 	LDT_prac_fix_text: autoDraw = False
26.5969 	EXP 	LDT_prac_stim_text: autoDraw = False
26.5969 	EXP 	LDT_feedback_text: height = np.float64(0.05)
26.5969 	EXP 	LDT_feedback_text: height = np.float64(0.05)
26.5969 	EXP 	LDT_feedback_text: height = np.float64(0.05)
26.5969 	EXP 	LDT_feedback_text: text = '오답입니다'
26.5969 	EXP 	LDT_feedback_text: autoDraw = True
26.5974 	DATA 	Keypress: l
26.6971 	EXP 	Device response: <KeyPress from None: t=26.587263800000073, value=l, duration=0.10259409999707714>
27.5813 	EXP 	New trial (rep=0, index=2): <Trial 2 (2 in rep 0) data={'Task': 'LDT', 'TrialType': 'Practice', 'Stimuli': 'lankua', 'CorrectResponse': 'a', 'StimulusType': 'nonword', 'thisN': 2, 'thisTrialN': 2, 'thisRepN': 0}>
27.5894 	EXP 	LDT_feedback_text: autoDraw = False
27.5894 	EXP 	LDT_feedback_text: autoDraw = False
27.5894 	EXP 	LDT_prac_stim_text: height = np.float64(0.1)
27.5894 	EXP 	LDT_prac_stim_text: height = np.float64(0.1)
27.5894 	EXP 	LDT_prac_stim_text: height = np.float64(0.1)
27.5894 	EXP 	LDT_prac_stim_text: text = 'lankua'
27.5894 	EXP 	LDT_prac_fix_text: autoDraw = True
28.0815 	EXP 	LDT_prac_fix_text: autoDraw = False
28.0815 	EXP 	LDT_prac_stim_text: autoDraw = True
28.9994 	EXP 	Device response: <KeyPress from None: t=28.994147899997188, value=a, duration=None>
29.0076 	EXP 	LDT_prac_fix_text: autoDraw = False
29.0076 	EXP 	LDT_prac_stim_text: autoDraw = False
29.0076 	EXP 	LDT_feedback_text: height = np.float64(0.05)
29.0076 	EXP 	LDT_feedback_text: height = np.float64(0.05)
29.0076 	EXP 	LDT_feedback_text: height = np.float64(0.05)
29.0076 	EXP 	LDT_feedback_text: text = '정답입니다!'
29.0076 	EXP 	LDT_feedback_text: autoDraw = True
29.0082 	DATA 	Keypress: a
29.0913 	EXP 	Device response: <KeyPress from None: t=28.994147899997188, value=a, duration=0.0966117000207305>
29.9921 	EXP 	New trial (rep=0, index=3): <Trial 3 (3 in rep 0) data={'Task': 'LDT', 'TrialType': 'Practice', 'Stimuli': 'format', 'CorrectResponse': 'l', 'StimulusType': 'word', 'thisN': 3, 'thisTrialN': 3, 'thisRepN': 0}>
30.0002 	EXP 	LDT_feedback_text: autoDraw = False
30.0002 	EXP 	LDT_feedback_text: autoDraw = False
30.0002 	EXP 	LDT_prac_stim_text: height = np.float64(0.1)
30.0002 	EXP 	LDT_prac_stim_text: height = np.float64(0.1)
30.0002 	EXP 	LDT_prac_stim_text: height = np.float64(0.1)
30.0002 	EXP 	LDT_prac_stim_text: text = 'format'
30.0002 	EXP 	LDT_prac_fix_text: autoDraw = True
30.4925 	EXP 	LDT_prac_fix_text: autoDraw = False
30.4925 	EXP 	LDT_prac_stim_text: autoDraw = True
31.1182 	EXP 	Device response: <KeyPress from None: t=31.113800399994943, value=l, duration=None>
31.1262 	EXP 	LDT_prac_fix_text: autoDraw = False
31.1262 	EXP 	LDT_prac_stim_text: autoDraw = False
31.1262 	EXP 	LDT_feedback_text: text = '정답입니다!'
31.1262 	EXP 	LDT_feedback_text: autoDraw = True
31.1268 	DATA 	Keypress: l
31.2266 	EXP 	Device response: <KeyPress from None: t=31.113800399994943, value=l, duration=0.1045816000259947>
32.1108 	EXP 	New trial (rep=0, index=4): <Trial 4 (4 in rep 0) data={'Task': 'LDT', 'TrialType': 'Practice', 'Stimuli': 'baseball', 'CorrectResponse': 'l', 'StimulusType': 'word', 'thisN': 4, 'thisTrialN': 4, 'thisRepN': 0}>
32.1190 	EXP 	LDT_feedback_text: autoDraw = False
32.1190 	EXP 	LDT_feedback_text: autoDraw = False
32.1190 	EXP 	LDT_prac_stim_text: height = np.float64(0.1)
32.1190 	EXP 	LDT_prac_stim_text: height = np.float64(0.1)
32.1190 	EXP 	LDT_prac_stim_text: height = np.float64(0.1)
32.1190 	EXP 	LDT_prac_stim_text: text = 'baseball'
32.1190 	EXP 	LDT_prac_fix_text: autoDraw = True
32.6110 	EXP 	LDT_prac_fix_text: autoDraw = False
32.6110 	EXP 	LDT_prac_stim_text: autoDraw = True
33.2120 	EXP 	Device response: <KeyPress from None: t=33.21087549999356, value=l, duration=None>
33.2200 	EXP 	LDT_prac_fix_text: autoDraw = False
33.2200 	EXP 	LDT_prac_stim_text: autoDraw = False
33.2200 	EXP 	LDT_feedback_text: text = '정답입니다!'
33.2200 	EXP 	LDT_feedback_text: autoDraw = True
33.2206 	DATA 	Keypress: l
33.3203 	EXP 	Device response: <KeyPress from None: t=33.21087549999356, value=l, duration=0.10387810002430342>
34.2045 	EXP 	New trial (rep=0, index=5): <Trial 5 (5 in rep 0) data={'Task': 'LDT', 'TrialType': 'Practice', 'Stimuli': 'yami', 'CorrectResponse': 'a', 'StimulusType': 'nonword', 'thisN': 5, 'thisTrialN': 5, 'thisRepN': 0}>
34.2126 	EXP 	LDT_feedback_text: autoDraw = False
34.2126 	EXP 	LDT_feedback_text: autoDraw = False
34.2126 	EXP 	LDT_prac_stim_text: height = np.float64(0.1)
34.2126 	EXP 	LDT_prac_stim_text: height = np.float64(0.1)
34.2126 	EXP 	LDT_prac_stim_text: height = np.float64(0.1)
34.2126 	EXP 	LDT_prac_stim_text: text = 'yami'
34.2126 	EXP 	LDT_prac_fix_text: autoDraw = True
34.7048 	EXP 	LDT_prac_fix_text: autoDraw = False
34.7048 	EXP 	LDT_prac_stim_text: autoDraw = True
35.7230 	EXP 	Device response: <KeyPress from None: t=35.72274389999802, value=a, duration=None>
35.7316 	DATA 	Keypress: a
35.7392 	EXP 	LDT_prac_fix_text: autoDraw = False
35.7392 	EXP 	LDT_prac_stim_text: autoDraw = False
35.7392 	EXP 	LDT_feedback_text: text = '정답입니다!'
35.7392 	EXP 	LDT_feedback_text: autoDraw = True
35.8562 	EXP 	Device response: <KeyPress from None: t=35.72274389999802, value=a, duration=0.12711630002013408>
36.7237 	EXP 	New trial (rep=0, index=6): <Trial 6 (6 in rep 0) data={'Task': 'LDT', 'TrialType': 'Practice', 'Stimuli': 'huftuk', 'CorrectResponse': 'a', 'StimulusType': 'nonword', 'thisN': 6, 'thisTrialN': 6, 'thisRepN': 0}>
36.7318 	EXP 	LDT_feedback_text: autoDraw = False
36.7318 	EXP 	LDT_feedback_text: autoDraw = False
36.7318 	EXP 	LDT_prac_stim_text: height = np.float64(0.1)
36.7318 	EXP 	LDT_prac_stim_text: height = np.float64(0.1)
36.7318 	EXP 	LDT_prac_stim_text: height = np.float64(0.1)
36.7318 	EXP 	LDT_prac_stim_text: text = 'huftuk'
36.7318 	EXP 	LDT_prac_fix_text: autoDraw = True
37.2240 	EXP 	LDT_prac_fix_text: autoDraw = False
37.2240 	EXP 	LDT_prac_stim_text: autoDraw = True
37.8498 	EXP 	Device response: <KeyPress from None: t=37.84185080000316, value=a, duration=None>
37.8579 	EXP 	LDT_prac_fix_text: autoDraw = False
37.8579 	EXP 	LDT_prac_stim_text: autoDraw = False
37.8579 	EXP 	LDT_feedback_text: text = '정답입니다!'
37.8579 	EXP 	LDT_feedback_text: autoDraw = True
37.8585 	DATA 	Keypress: a
37.9583 	EXP 	Device response: <KeyPress from None: t=37.84185080000316, value=a, duration=0.11221640001167543>
38.8425 	EXP 	New trial (rep=0, index=7): <Trial 7 (7 in rep 0) data={'Task': 'LDT', 'TrialType': 'Practice', 'Stimuli': 'jeong', 'CorrectResponse': 'a', 'StimulusType': 'nonword', 'thisN': 7, 'thisTrialN': 7, 'thisRepN': 0}>
38.8506 	EXP 	LDT_feedback_text: autoDraw = False
38.8506 	EXP 	LDT_feedback_text: autoDraw = False
38.8506 	EXP 	LDT_prac_stim_text: height = np.float64(0.1)
38.8506 	EXP 	LDT_prac_stim_text: height = np.float64(0.1)
38.8506 	EXP 	LDT_prac_stim_text: height = np.float64(0.1)
38.8506 	EXP 	LDT_prac_stim_text: text = 'jeong'
38.8506 	EXP 	LDT_prac_fix_text: autoDraw = True
39.3427 	EXP 	LDT_prac_fix_text: autoDraw = False
39.3427 	EXP 	LDT_prac_stim_text: autoDraw = True
40.1689 	EXP 	Device response: <KeyPress from None: t=40.162087400007294, value=a, duration=None>
40.1769 	EXP 	LDT_prac_fix_text: autoDraw = False
40.1769 	EXP 	LDT_prac_stim_text: autoDraw = False
40.1769 	EXP 	LDT_feedback_text: text = '정답입니다!'
40.1769 	EXP 	LDT_feedback_text: autoDraw = True
40.1773 	DATA 	Keypress: a
40.2856 	EXP 	Device response: <KeyPress from None: t=40.162087400007294, value=a, duration=0.11974580000969581>
41.1616 	EXP 	New trial (rep=0, index=8): <Trial 8 (8 in rep 0) data={'Task': 'LDT', 'TrialType': 'Practice', 'Stimuli': 'truck', 'CorrectResponse': 'l', 'StimulusType': 'word', 'thisN': 8, 'thisTrialN': 8, 'thisRepN': 0}>
41.1695 	EXP 	LDT_feedback_text: autoDraw = False
41.1695 	EXP 	LDT_feedback_text: autoDraw = False
41.1695 	EXP 	LDT_prac_stim_text: height = np.float64(0.1)
41.1695 	EXP 	LDT_prac_stim_text: height = np.float64(0.1)
41.1695 	EXP 	LDT_prac_stim_text: height = np.float64(0.1)
41.1695 	EXP 	LDT_prac_stim_text: text = 'truck'
41.1695 	EXP 	LDT_prac_fix_text: autoDraw = True
41.6617 	EXP 	LDT_prac_fix_text: autoDraw = False
41.6617 	EXP 	LDT_prac_stim_text: autoDraw = True
42.0958 	EXP 	Device response: <KeyPress from None: t=42.09054910001578, value=l, duration=None>
42.1038 	EXP 	LDT_prac_fix_text: autoDraw = False
42.1038 	EXP 	LDT_prac_stim_text: autoDraw = False
42.1038 	EXP 	LDT_feedback_text: text = '정답입니다!'
42.1038 	EXP 	LDT_feedback_text: autoDraw = True
42.1043 	DATA 	Keypress: l
42.1959 	EXP 	Device response: <KeyPress from None: t=42.09054910001578, value=l, duration=0.10389719999511726>
43.0884 	EXP 	New trial (rep=0, index=9): <Trial 9 (9 in rep 0) data={'Task': 'LDT', 'TrialType': 'Practice', 'Stimuli': 'concept', 'CorrectResponse': 'l', 'StimulusType': 'word', 'thisN': 9, 'thisTrialN': 9, 'thisRepN': 0}>
43.0965 	EXP 	LDT_feedback_text: autoDraw = False
43.0965 	EXP 	LDT_feedback_text: autoDraw = False
43.0965 	EXP 	LDT_prac_stim_text: height = np.float64(0.1)
43.0965 	EXP 	LDT_prac_stim_text: height = np.float64(0.1)
43.0965 	EXP 	LDT_prac_stim_text: height = np.float64(0.1)
43.0965 	EXP 	LDT_prac_stim_text: text = 'concept'
43.0965 	EXP 	LDT_prac_fix_text: autoDraw = True
43.5886 	EXP 	LDT_prac_fix_text: autoDraw = False
43.5886 	EXP 	LDT_prac_stim_text: autoDraw = True
44.1812 	EXP 	Device response: <KeyPress from None: t=44.17780239999411, value=l, duration=None>
44.1892 	EXP 	LDT_prac_fix_text: autoDraw = False
44.1892 	EXP 	LDT_prac_stim_text: autoDraw = False
44.1892 	EXP 	LDT_feedback_text: text = '정답입니다!'
44.1892 	EXP 	LDT_feedback_text: autoDraw = True
44.1897 	DATA 	Keypress: l
44.2728 	EXP 	Device response: <KeyPress from None: t=44.17780239999411, value=l, duration=0.08826990000670776>
45.1819 	EXP 	LDT_feedback_text: autoDraw = False
45.1819 	EXP 	LDT_feedback_text: autoDraw = False
45.1819 	EXP 	LDT_instr_text: autoDraw = True
48.5773 	EXP 	Device response: <KeyPress from None: t=48.56988460000139, value=space, duration=None>
48.5962 	EXP 	Imported LDT_Stim.xlsx as conditions, 222 conditions, 6 params
48.5972 	EXP 	New trial (rep=0, index=0): <Trial 0 (0 in rep 0) data={'Task': 'LDT', 'TrialType': 'Target', 'Stimuli': 'tight', 'StimulusType': 'word', 'CorrectResponse': 'l', 'Trialnumb': 74, 'thisN': 0, 'thisTrialN': 0, 'thisRepN': 0}>
48.6013 	EXP 	LDT_instr_text: autoDraw = False
48.6013 	EXP 	LDT_stim_text: height = np.float64(0.1)
48.6013 	EXP 	LDT_stim_text: height = np.float64(0.1)
48.6013 	EXP 	LDT_stim_text: height = np.float64(0.1)
48.6013 	EXP 	LDT_stim_text: text = 'tight'
48.6013 	EXP 	LDT_fix_text: autoDraw = True
48.6018 	DATA 	Keypress: space
48.6524 	EXP 	Device response: <KeyPress from None: t=48.56988460000139, value=space, duration=0.08052170000155456>
49.0691 	EXP 	LDT_stim_text: autoDraw = True
49.0941 	EXP 	LDT_fix_text: autoDraw = False
49.6200 	EXP 	Device response: <KeyPress from None: t=49.61854009999661, value=l, duration=None>
49.6202 	EXP 	New trial (rep=0, index=1): <Trial 1 (1 in rep 0) data={'Task': 'LDT', 'TrialType': 'Target', 'Stimuli': 'feek', 'StimulusType': 'nonword', 'CorrectResponse': 'a', 'Trialnumb': 139, 'thisN': 1, 'thisTrialN': 1, 'thisRepN': 0}>
49.6280 	EXP 	LDT_fix_text: autoDraw = False
49.6280 	EXP 	LDT_stim_text: autoDraw = False
49.6280 	EXP 	LDT_break_text: autoDraw = False
49.6280 	EXP 	LDT_stim_text: height = np.float64(0.1)
49.6280 	EXP 	LDT_stim_text: height = np.float64(0.1)
49.6280 	EXP 	LDT_stim_text: height = np.float64(0.1)
49.6280 	EXP 	LDT_stim_text: text = 'feek'
49.6280 	EXP 	LDT_fix_text: autoDraw = True
49.6286 	DATA 	Keypress: l
49.7284 	EXP 	Device response: <KeyPress from None: t=49.61854009999661, value=l, duration=0.09561260000918992>
50.1118 	EXP 	LDT_stim_text: autoDraw = True
50.1201 	EXP 	LDT_fix_text: autoDraw = False
50.6126 	EXP 	Device response: <KeyPress from None: t=50.609910600003786, value=l, duration=None>
50.6128 	EXP 	New trial (rep=0, index=2): <Trial 2 (2 in rep 0) data={'Task': 'LDT', 'TrialType': 'Target', 'Stimuli': 'virus', 'StimulusType': 'word', 'CorrectResponse': 'l', 'Trialnumb': 100, 'thisN': 2, 'thisTrialN': 2, 'thisRepN': 0}>
50.6206 	EXP 	LDT_fix_text: autoDraw = False
50.6206 	EXP 	LDT_stim_text: autoDraw = False
50.6206 	EXP 	LDT_break_text: autoDraw = False
50.6206 	EXP 	LDT_stim_text: height = np.float64(0.1)
50.6206 	EXP 	LDT_stim_text: height = np.float64(0.1)
50.6206 	EXP 	LDT_stim_text: height = np.float64(0.1)
50.6206 	EXP 	LDT_stim_text: text = 'virus'
50.6206 	EXP 	LDT_fix_text: autoDraw = True
50.6212 	DATA 	Keypress: l
50.7043 	EXP 	Device response: <KeyPress from None: t=50.609910600003786, value=l, duration=0.08891550000407733>
51.1044 	EXP 	LDT_stim_text: autoDraw = True
51.1128 	EXP 	LDT_fix_text: autoDraw = False
51.7470 	EXP 	Device response: <KeyPress from None: t=51.73968810000224, value=l, duration=None>
51.7473 	EXP 	New trial (rep=0, index=3): <Trial 3 (3 in rep 0) data={'Task': 'LDT', 'TrialType': 'Target', 'Stimuli': 'wake', 'StimulusType': 'word', 'CorrectResponse': 'l', 'Trialnumb': 63, 'thisN': 3, 'thisTrialN': 3, 'thisRepN': 0}>
51.7552 	EXP 	LDT_fix_text: autoDraw = False
51.7552 	EXP 	LDT_stim_text: autoDraw = False
51.7552 	EXP 	LDT_break_text: autoDraw = False
51.7552 	EXP 	LDT_stim_text: height = np.float64(0.1)
51.7552 	EXP 	LDT_stim_text: height = np.float64(0.1)
51.7552 	EXP 	LDT_stim_text: height = np.float64(0.1)
51.7552 	EXP 	LDT_stim_text: text = 'wake'
51.7552 	EXP 	LDT_fix_text: autoDraw = True
51.7557 	DATA 	Keypress: l
51.8305 	EXP 	Device response: <KeyPress from None: t=51.73968810000224, value=l, duration=0.08638550000614487>
52.2389 	EXP 	LDT_stim_text: autoDraw = True
52.2472 	EXP 	LDT_fix_text: autoDraw = False
52.7814 	EXP 	Device response: <KeyPress from None: t=52.77811990000191, value=l, duration=None>
52.7817 	EXP 	New trial (rep=0, index=4): <Trial 4 (4 in rep 0) data={'Task': 'LDT', 'TrialType': 'Target', 'Stimuli': 'reach', 'StimulusType': 'word', 'CorrectResponse': 'l', 'Trialnumb': 72, 'thisN': 4, 'thisTrialN': 4, 'thisRepN': 0}>
52.7895 	EXP 	LDT_fix_text: autoDraw = False
52.7895 	EXP 	LDT_stim_text: autoDraw = False
52.7895 	EXP 	LDT_break_text: autoDraw = False
52.7895 	EXP 	LDT_stim_text: height = np.float64(0.1)
52.7895 	EXP 	LDT_stim_text: height = np.float64(0.1)
52.7895 	EXP 	LDT_stim_text: height = np.float64(0.1)
52.7895 	EXP 	LDT_stim_text: text = 'reach'
52.7895 	EXP 	LDT_fix_text: autoDraw = True
52.7899 	DATA 	Keypress: l
52.8731 	EXP 	Device response: <KeyPress from None: t=52.77811990000191, value=l, duration=0.08774839999387041>
53.2732 	EXP 	LDT_stim_text: autoDraw = True
53.2816 	EXP 	LDT_fix_text: autoDraw = False
53.7907 	EXP 	Device response: <KeyPress from None: t=53.786495100008324, value=l, duration=None>
53.7910 	EXP 	New trial (rep=0, index=5): <Trial 5 (5 in rep 0) data={'Task': 'LDT', 'TrialType': 'Target', 'Stimuli': 'neep', 'StimulusType': 'nonword', 'CorrectResponse': 'a', 'Trialnumb': 176, 'thisN': 5, 'thisTrialN': 5, 'thisRepN': 0}>
53.7988 	EXP 	LDT_fix_text: autoDraw = False
53.7988 	EXP 	LDT_stim_text: autoDraw = False
53.7988 	EXP 	LDT_break_text: autoDraw = False
53.7988 	EXP 	LDT_stim_text: height = np.float64(0.1)
53.7988 	EXP 	LDT_stim_text: height = np.float64(0.1)
53.7988 	EXP 	LDT_stim_text: height = np.float64(0.1)
53.7988 	EXP 	LDT_stim_text: text = 'neep'
53.7988 	EXP 	LDT_fix_text: autoDraw = True
53.7993 	DATA 	Keypress: l
53.8741 	EXP 	Device response: <KeyPress from None: t=53.786495100008324, value=l, duration=0.07978850000654347>
54.2826 	EXP 	LDT_stim_text: autoDraw = True
54.2909 	EXP 	LDT_fix_text: autoDraw = False
54.9252 	EXP 	Device response: <KeyPress from None: t=54.92271850001998, value=l, duration=None>
54.9255 	EXP 	New trial (rep=0, index=6): <Trial 6 (6 in rep 0) data={'Task': 'LDT', 'TrialType': 'Target', 'Stimuli': 'spag', 'StimulusType': 'nonword', 'CorrectResponse': 'a', 'Trialnumb': 197, 'thisN': 6, 'thisTrialN': 6, 'thisRepN': 0}>
54.9332 	EXP 	LDT_fix_text: autoDraw = False
54.9332 	EXP 	LDT_stim_text: autoDraw = False
54.9332 	EXP 	LDT_break_text: autoDraw = False
54.9332 	EXP 	LDT_stim_text: height = np.float64(0.1)
54.9332 	EXP 	LDT_stim_text: height = np.float64(0.1)
54.9332 	EXP 	LDT_stim_text: height = np.float64(0.1)
54.9332 	EXP 	LDT_stim_text: text = 'spag'
54.9332 	EXP 	LDT_fix_text: autoDraw = True
54.9338 	DATA 	Keypress: l
55.0252 	EXP 	Device response: <KeyPress from None: t=54.92271850001998, value=l, duration=0.09575139998923987>
55.4171 	EXP 	LDT_stim_text: autoDraw = True
55.4254 	EXP 	LDT_fix_text: autoDraw = False
56.0763 	EXP 	Device response: <KeyPress from None: t=56.074119800003245, value=a, duration=None>
56.0766 	EXP 	New trial (rep=0, index=7): <Trial 7 (7 in rep 0) data={'Task': 'LDT', 'TrialType': 'Target', 'Stimuli': 'read', 'StimulusType': 'word', 'CorrectResponse': 'l', 'Trialnumb': 31, 'thisN': 7, 'thisTrialN': 7, 'thisRepN': 0}>
56.0844 	EXP 	LDT_fix_text: autoDraw = False
56.0844 	EXP 	LDT_stim_text: autoDraw = False
56.0844 	EXP 	LDT_break_text: autoDraw = False
56.0844 	EXP 	LDT_stim_text: height = np.float64(0.1)
56.0844 	EXP 	LDT_stim_text: height = np.float64(0.1)
56.0844 	EXP 	LDT_stim_text: height = np.float64(0.1)
56.0844 	EXP 	LDT_stim_text: text = 'read'
56.0844 	EXP 	LDT_fix_text: autoDraw = True
56.0850 	DATA 	Keypress: a
56.1848 	EXP 	Device response: <KeyPress from None: t=56.074119800003245, value=a, duration=0.10440770001150668>
56.5682 	EXP 	LDT_stim_text: autoDraw = True
56.5765 	EXP 	LDT_fix_text: autoDraw = False
57.0857 	EXP 	Device response: <KeyPress from None: t=57.08347440001671, value=l, duration=None>
57.0860 	EXP 	New trial (rep=0, index=8): <Trial 8 (8 in rep 0) data={'Task': 'LDT', 'TrialType': 'Target', 'Stimuli': 'junk', 'StimulusType': 'word', 'CorrectResponse': 'l', 'Trialnumb': 105, 'thisN': 8, 'thisTrialN': 8, 'thisRepN': 0}>
57.0938 	EXP 	LDT_fix_text: autoDraw = False
57.0938 	EXP 	LDT_stim_text: autoDraw = False
57.0938 	EXP 	LDT_break_text: autoDraw = False
57.0938 	EXP 	LDT_stim_text: height = np.float64(0.1)
57.0938 	EXP 	LDT_stim_text: height = np.float64(0.1)
57.0938 	EXP 	LDT_stim_text: height = np.float64(0.1)
57.0938 	EXP 	LDT_stim_text: text = 'junk'
57.0938 	EXP 	LDT_fix_text: autoDraw = True
57.0945 	DATA 	Keypress: l
57.1858 	EXP 	Device response: <KeyPress from None: t=57.08347440001671, value=l, duration=0.09478329998091795>
57.5775 	EXP 	LDT_stim_text: autoDraw = True
57.5859 	EXP 	LDT_fix_text: autoDraw = False
58.2952 	EXP 	Device response: <KeyPress from None: t=58.29021960002137, value=l, duration=None>
58.2955 	EXP 	New trial (rep=0, index=9): <Trial 9 (9 in rep 0) data={'Task': 'LDT', 'TrialType': 'Target', 'Stimuli': 'work', 'StimulusType': 'word', 'CorrectResponse': 'l', 'Trialnumb': 1, 'thisN': 9, 'thisTrialN': 9, 'thisRepN': 0}>
58.3034 	EXP 	LDT_fix_text: autoDraw = False
58.3034 	EXP 	LDT_stim_text: autoDraw = False
58.3034 	EXP 	LDT_break_text: autoDraw = False
58.3034 	EXP 	LDT_stim_text: height = np.float64(0.1)
58.3034 	EXP 	LDT_stim_text: height = np.float64(0.1)
58.3034 	EXP 	LDT_stim_text: height = np.float64(0.1)
58.3034 	EXP 	LDT_stim_text: text = 'work'
58.3034 	EXP 	LDT_fix_text: autoDraw = True
58.3040 	DATA 	Keypress: l
58.3619 	EXP 	Device response: <KeyPress from None: t=58.29021960002137, value=l, duration=0.06420409999554977>
58.7870 	EXP 	LDT_stim_text: autoDraw = True
58.7954 	EXP 	LDT_fix_text: autoDraw = False
59.4463 	EXP 	Device response: <KeyPress from None: t=59.442031300015515, value=l, duration=None>
59.4466 	EXP 	New trial (rep=0, index=10): <Trial 10 (10 in rep 0) data={'Task': 'LDT', 'TrialType': 'Target', 'Stimuli': 'yine', 'StimulusType': 'nonword', 'CorrectResponse': 'a', 'Trialnumb': 220, 'thisN': 10, 'thisTrialN': 10, 'thisRepN': 0}>
59.4544 	EXP 	LDT_fix_text: autoDraw = False
59.4544 	EXP 	LDT_stim_text: autoDraw = False
59.4544 	EXP 	LDT_break_text: autoDraw = False
59.4544 	EXP 	LDT_stim_text: height = np.float64(0.1)
59.4544 	EXP 	LDT_stim_text: height = np.float64(0.1)
59.4544 	EXP 	LDT_stim_text: height = np.float64(0.1)
59.4544 	EXP 	LDT_stim_text: text = 'yine'
59.4544 	EXP 	LDT_fix_text: autoDraw = True
59.4549 	DATA 	Keypress: l
59.5214 	EXP 	Device response: <KeyPress from None: t=59.442031300015515, value=l, duration=0.07199009999749251>
59.9382 	EXP 	LDT_stim_text: autoDraw = True
59.9466 	EXP 	LDT_fix_text: autoDraw = False
60.6225 	EXP 	Device response: <KeyPress from None: t=60.61829030001536, value=a, duration=None>
60.6227 	EXP 	New trial (rep=0, index=11): <Trial 11 (11 in rep 0) data={'Task': 'LDT', 'TrialType': 'Target', 'Stimuli': 'tuse', 'StimulusType': 'nonword', 'CorrectResponse': 'a', 'Trialnumb': 209, 'thisN': 11, 'thisTrialN': 11, 'thisRepN': 0}>
60.6306 	EXP 	LDT_fix_text: autoDraw = False
60.6306 	EXP 	LDT_stim_text: autoDraw = False
60.6306 	EXP 	LDT_break_text: autoDraw = False
60.6306 	EXP 	LDT_stim_text: height = np.float64(0.1)
60.6306 	EXP 	LDT_stim_text: height = np.float64(0.1)
60.6306 	EXP 	LDT_stim_text: height = np.float64(0.1)
60.6306 	EXP 	LDT_stim_text: text = 'tuse'
60.6306 	EXP 	LDT_fix_text: autoDraw = True
60.6312 	DATA 	Keypress: a
60.7226 	EXP 	Device response: <KeyPress from None: t=60.61829030001536, value=a, duration=0.09635730000445619>
61.1144 	EXP 	LDT_stim_text: autoDraw = True
61.1228 	EXP 	LDT_fix_text: autoDraw = False
61.8823 	EXP 	Device response: <KeyPress from None: t=61.881953800009796, value=a, duration=None>
61.8825 	EXP 	New trial (rep=0, index=12): <Trial 12 (12 in rep 0) data={'Task': 'LDT', 'TrialType': 'Target', 'Stimuli': 'name', 'StimulusType': 'word', 'CorrectResponse': 'l', 'Trialnumb': 32, 'thisN': 12, 'thisTrialN': 12, 'thisRepN': 0}>
61.8903 	EXP 	LDT_fix_text: autoDraw = False
61.8903 	EXP 	LDT_stim_text: autoDraw = False
61.8903 	EXP 	LDT_break_text: autoDraw = False
61.8903 	EXP 	LDT_stim_text: height = np.float64(0.1)
61.8903 	EXP 	LDT_stim_text: height = np.float64(0.1)
61.8903 	EXP 	LDT_stim_text: height = np.float64(0.1)
61.8903 	EXP 	LDT_stim_text: text = 'name'
61.8903 	EXP 	LDT_fix_text: autoDraw = True
61.8909 	DATA 	Keypress: a
61.9655 	EXP 	Device response: <KeyPress from None: t=61.881953800009796, value=a, duration=0.0811659999890253>
62.3740 	EXP 	LDT_stim_text: autoDraw = True
62.3823 	EXP 	LDT_fix_text: autoDraw = False
62.9499 	EXP 	Device response: <KeyPress from None: t=62.94653670000844, value=l, duration=None>
62.9501 	EXP 	New trial (rep=0, index=13): <Trial 13 (13 in rep 0) data={'Task': 'LDT', 'TrialType': 'Target', 'Stimuli': 'shoa', 'StimulusType': 'nonword', 'CorrectResponse': 'a', 'Trialnumb': 191, 'thisN': 13, 'thisTrialN': 13, 'thisRepN': 0}>
62.9579 	EXP 	LDT_fix_text: autoDraw = False
62.9579 	EXP 	LDT_stim_text: autoDraw = False
62.9579 	EXP 	LDT_break_text: autoDraw = False
62.9579 	EXP 	LDT_stim_text: height = np.float64(0.1)
62.9579 	EXP 	LDT_stim_text: height = np.float64(0.1)
62.9579 	EXP 	LDT_stim_text: height = np.float64(0.1)
62.9579 	EXP 	LDT_stim_text: text = 'shoa'
62.9579 	EXP 	LDT_fix_text: autoDraw = True
62.9584 	DATA 	Keypress: l
63.0499 	EXP 	Device response: <KeyPress from None: t=62.94653670000844, value=l, duration=0.09550369999487884>
63.4417 	EXP 	LDT_stim_text: autoDraw = True
63.4500 	EXP 	LDT_fix_text: autoDraw = False
64.1510 	EXP 	Device response: <KeyPress from None: t=64.14764390001073, value=a, duration=None>
64.1512 	EXP 	New trial (rep=0, index=14): <Trial 14 (14 in rep 0) data={'Task': 'LDT', 'TrialType': 'Target', 'Stimuli': 'bint', 'StimulusType': 'nonword', 'CorrectResponse': 'a', 'Trialnumb': 122, 'thisN': 14, 'thisTrialN': 14, 'thisRepN': 0}>
64.1592 	EXP 	LDT_fix_text: autoDraw = False
64.1592 	EXP 	LDT_stim_text: autoDraw = False
64.1592 	EXP 	LDT_break_text: autoDraw = False
64.1592 	EXP 	LDT_stim_text: height = np.float64(0.1)
64.1592 	EXP 	LDT_stim_text: height = np.float64(0.1)
64.1592 	EXP 	LDT_stim_text: height = np.float64(0.1)
64.1592 	EXP 	LDT_stim_text: text = 'bint'
64.1592 	EXP 	LDT_fix_text: autoDraw = True
64.1596 	DATA 	Keypress: a
64.2428 	EXP 	Device response: <KeyPress from None: t=64.14764390001073, value=a, duration=0.08708979998482391>
64.6429 	EXP 	LDT_stim_text: autoDraw = True
64.6512 	EXP 	LDT_fix_text: autoDraw = False
65.5942 	EXP 	Device response: <KeyPress from None: t=65.58651980001014, value=a, duration=None>
65.5945 	EXP 	New trial (rep=0, index=15): <Trial 15 (15 in rep 0) data={'Task': 'LDT', 'TrialType': 'Target', 'Stimuli': 'beon', 'StimulusType': 'nonword', 'CorrectResponse': 'a', 'Trialnumb': 120, 'thisN': 15, 'thisTrialN': 15, 'thisRepN': 0}>
65.6022 	EXP 	LDT_fix_text: autoDraw = False
65.6022 	EXP 	LDT_stim_text: autoDraw = False
65.6022 	EXP 	LDT_break_text: autoDraw = False
65.6022 	EXP 	LDT_stim_text: height = np.float64(0.1)
65.6022 	EXP 	LDT_stim_text: height = np.float64(0.1)
65.6022 	EXP 	LDT_stim_text: height = np.float64(0.1)
65.6022 	EXP 	LDT_stim_text: text = 'beon'
65.6022 	EXP 	LDT_fix_text: autoDraw = True
65.6026 	DATA 	Keypress: a
65.6776 	EXP 	Device response: <KeyPress from None: t=65.58651980001014, value=a, duration=0.08819310000399128>
66.0860 	EXP 	LDT_stim_text: autoDraw = True
66.0944 	EXP 	LDT_fix_text: autoDraw = False
66.7624 	EXP 	Device response: <KeyPress from None: t=66.76195460002054, value=a, duration=None>
66.7627 	EXP 	New trial (rep=0, index=16): <Trial 16 (16 in rep 0) data={'Task': 'LDT', 'TrialType': 'Target', 'Stimuli': 'rap', 'StimulusType': 'word', 'CorrectResponse': 'l', 'Trialnumb': 109, 'thisN': 16, 'thisTrialN': 16, 'thisRepN': 0}>
66.7700 	EXP 	LDT_fix_text: autoDraw = False
66.7700 	EXP 	LDT_stim_text: autoDraw = False
66.7700 	EXP 	LDT_break_text: autoDraw = False
66.7700 	EXP 	LDT_stim_text: height = np.float64(0.1)
66.7700 	EXP 	LDT_stim_text: height = np.float64(0.1)
66.7700 	EXP 	LDT_stim_text: height = np.float64(0.1)
66.7700 	EXP 	LDT_stim_text: text = 'rap'
66.7700 	EXP 	LDT_fix_text: autoDraw = True
66.7705 	DATA 	Keypress: a
66.8620 	EXP 	Device response: <KeyPress from None: t=66.76195460002054, value=a, duration=0.09669739997480065>
67.2538 	EXP 	LDT_stim_text: autoDraw = True
67.2622 	EXP 	LDT_fix_text: autoDraw = False
67.9214 	EXP 	Device response: <KeyPress from None: t=67.91411959999823, value=l, duration=None>
67.9217 	EXP 	New trial (rep=0, index=17): <Trial 17 (17 in rep 0) data={'Task': 'LDT', 'TrialType': 'Target', 'Stimuli': 'vome', 'StimulusType': 'nonword', 'CorrectResponse': 'a', 'Trialnumb': 213, 'thisN': 17, 'thisTrialN': 17, 'thisRepN': 0}>
67.9296 	EXP 	LDT_fix_text: autoDraw = False
67.9296 	EXP 	LDT_stim_text: autoDraw = False
67.9296 	EXP 	LDT_break_text: autoDraw = False
67.9296 	EXP 	LDT_stim_text: height = np.float64(0.1)
67.9296 	EXP 	LDT_stim_text: height = np.float64(0.1)
67.9296 	EXP 	LDT_stim_text: height = np.float64(0.1)
67.9296 	EXP 	LDT_stim_text: text = 'vome'
67.9296 	EXP 	LDT_fix_text: autoDraw = True
67.9302 	DATA 	Keypress: l
68.0048 	EXP 	Device response: <KeyPress from None: t=67.91411959999823, value=l, duration=0.08806340000592172>
68.4133 	EXP 	LDT_stim_text: autoDraw = True
68.4217 	EXP 	LDT_fix_text: autoDraw = False
69.0726 	EXP 	Device response: <KeyPress from None: t=69.06577380001545, value=a, duration=None>
69.0728 	EXP 	New trial (rep=0, index=18): <Trial 18 (18 in rep 0) data={'Task': 'LDT', 'TrialType': 'Target', 'Stimuli': 'trin', 'StimulusType': 'nonword', 'CorrectResponse': 'a', 'Trialnumb': 207, 'thisN': 18, 'thisTrialN': 18, 'thisRepN': 0}>
69.0807 	EXP 	LDT_fix_text: autoDraw = False
69.0807 	EXP 	LDT_stim_text: autoDraw = False
69.0807 	EXP 	LDT_break_text: autoDraw = False
69.0807 	EXP 	LDT_stim_text: height = np.float64(0.1)
69.0807 	EXP 	LDT_stim_text: height = np.float64(0.1)
69.0807 	EXP 	LDT_stim_text: height = np.float64(0.1)
69.0807 	EXP 	LDT_stim_text: text = 'trin'
69.0807 	EXP 	LDT_fix_text: autoDraw = True
69.0812 	DATA 	Keypress: a
69.1894 	EXP 	Device response: <KeyPress from None: t=69.06577380001545, value=a, duration=0.12061069998890162>
69.5645 	EXP 	LDT_stim_text: autoDraw = True
69.5728 	EXP 	LDT_fix_text: autoDraw = False
70.4322 	EXP 	Device response: <KeyPress from None: t=70.42789910000283, value=a, duration=None>
70.4325 	EXP 	New trial (rep=0, index=19): <Trial 19 (19 in rep 0) data={'Task': 'LDT', 'TrialType': 'Target', 'Stimuli': 'sarry', 'StimulusType': 'nonword', 'CorrectResponse': 'a', 'Trialnumb': 186, 'thisN': 19, 'thisTrialN': 19, 'thisRepN': 0}>
70.4404 	EXP 	LDT_fix_text: autoDraw = False
70.4404 	EXP 	LDT_stim_text: autoDraw = False
70.4404 	EXP 	LDT_break_text: autoDraw = False
70.4404 	EXP 	LDT_stim_text: height = np.float64(0.1)
70.4404 	EXP 	LDT_stim_text: height = np.float64(0.1)
70.4404 	EXP 	LDT_stim_text: height = np.float64(0.1)
70.4404 	EXP 	LDT_stim_text: text = 'sarry'
70.4404 	EXP 	LDT_fix_text: autoDraw = True
70.4408 	DATA 	Keypress: a
70.5325 	EXP 	Device response: <KeyPress from None: t=70.42789910000283, value=a, duration=0.10227440000744537>
70.9241 	EXP 	LDT_stim_text: autoDraw = True
70.9325 	EXP 	LDT_fix_text: autoDraw = False
71.7252 	EXP 	Device response: <KeyPress from None: t=71.72366800002055, value=a, duration=None>
71.7254 	EXP 	New trial (rep=0, index=20): <Trial 20 (20 in rep 0) data={'Task': 'LDT', 'TrialType': 'Target', 'Stimuli': 'loil', 'StimulusType': 'nonword', 'CorrectResponse': 'a', 'Trialnumb': 170, 'thisN': 20, 'thisTrialN': 20, 'thisRepN': 0}>
71.7333 	EXP 	LDT_fix_text: autoDraw = False
71.7333 	EXP 	LDT_stim_text: autoDraw = False
71.7333 	EXP 	LDT_break_text: autoDraw = False
71.7333 	EXP 	LDT_stim_text: height = np.float64(0.1)
71.7333 	EXP 	LDT_stim_text: height = np.float64(0.1)
71.7333 	EXP 	LDT_stim_text: height = np.float64(0.1)
71.7333 	EXP 	LDT_stim_text: text = 'loil'
71.7333 	EXP 	LDT_fix_text: autoDraw = True
71.7338 	DATA 	Keypress: a
71.8337 	EXP 	Device response: <KeyPress from None: t=71.72366800002055, value=a, duration=0.10223069999483414>
72.2171 	EXP 	LDT_stim_text: autoDraw = True
72.2254 	EXP 	LDT_fix_text: autoDraw = False
72.7345 	EXP 	Device response: <KeyPress from None: t=72.73058790000505, value=a, duration=None>
72.7348 	EXP 	New trial (rep=0, index=21): <Trial 21 (21 in rep 0) data={'Task': 'LDT', 'TrialType': 'Target', 'Stimuli': 'stad', 'StimulusType': 'nonword', 'CorrectResponse': 'a', 'Trialnumb': 116, 'thisN': 21, 'thisTrialN': 21, 'thisRepN': 0}>
72.7426 	EXP 	LDT_fix_text: autoDraw = False
72.7426 	EXP 	LDT_stim_text: autoDraw = False
72.7426 	EXP 	LDT_break_text: autoDraw = False
72.7426 	EXP 	LDT_stim_text: height = np.float64(0.1)
72.7426 	EXP 	LDT_stim_text: height = np.float64(0.1)
72.7426 	EXP 	LDT_stim_text: height = np.float64(0.1)
72.7426 	EXP 	LDT_stim_text: text = 'stad'
72.7426 	EXP 	LDT_fix_text: autoDraw = True
72.7431 	DATA 	Keypress: a
72.8513 	EXP 	Device response: <KeyPress from None: t=72.73058790000505, value=a, duration=0.11946600000374019>
73.2266 	EXP 	LDT_stim_text: autoDraw = True
73.2348 	EXP 	LDT_fix_text: autoDraw = False
73.9692 	EXP 	Device response: <KeyPress from None: t=73.96243230000255, value=a, duration=None>
73.9694 	EXP 	New trial (rep=0, index=22): <Trial 22 (22 in rep 0) data={'Task': 'LDT', 'TrialType': 'Target', 'Stimuli': 'side', 'StimulusType': 'word', 'CorrectResponse': 'l', 'Trialnumb': 48, 'thisN': 22, 'thisTrialN': 22, 'thisRepN': 0}>
73.9772 	EXP 	LDT_fix_text: autoDraw = False
73.9772 	EXP 	LDT_stim_text: autoDraw = False
73.9772 	EXP 	LDT_break_text: autoDraw = False
73.9772 	EXP 	LDT_stim_text: height = np.float64(0.1)
73.9772 	EXP 	LDT_stim_text: height = np.float64(0.1)
73.9772 	EXP 	LDT_stim_text: height = np.float64(0.1)
73.9772 	EXP 	LDT_stim_text: text = 'side'
73.9772 	EXP 	LDT_fix_text: autoDraw = True
73.9776 	DATA 	Keypress: a
74.0943 	EXP 	Device response: <KeyPress from None: t=73.96243230000255, value=a, duration=0.12789289999636821>
74.4610 	EXP 	LDT_stim_text: autoDraw = True
74.4693 	EXP 	LDT_fix_text: autoDraw = False
75.0952 	EXP 	Device response: <KeyPress from None: t=75.09024010002031, value=l, duration=None>
75.0955 	EXP 	New trial (rep=0, index=23): <Trial 23 (23 in rep 0) data={'Task': 'LDT', 'TrialType': 'Target', 'Stimuli': 'hage', 'StimulusType': 'nonword', 'CorrectResponse': 'a', 'Trialnumb': 149, 'thisN': 23, 'thisTrialN': 23, 'thisRepN': 0}>
75.1033 	EXP 	LDT_fix_text: autoDraw = False
75.1033 	EXP 	LDT_stim_text: autoDraw = False
75.1033 	EXP 	LDT_break_text: autoDraw = False
75.1033 	EXP 	LDT_stim_text: height = np.float64(0.1)
75.1033 	EXP 	LDT_stim_text: height = np.float64(0.1)
75.1033 	EXP 	LDT_stim_text: height = np.float64(0.1)
75.1033 	EXP 	LDT_stim_text: text = 'hage'
75.1033 	EXP 	LDT_fix_text: autoDraw = True
75.1039 	DATA 	Keypress: l
75.1871 	EXP 	Device response: <KeyPress from None: t=75.09024010002031, value=l, duration=0.09599959998740815>
75.5871 	EXP 	LDT_stim_text: autoDraw = True
75.5955 	EXP 	LDT_fix_text: autoDraw = False
76.4716 	EXP 	Device response: <KeyPress from None: t=76.46637639999972, value=l, duration=None>
76.4719 	EXP 	New trial (rep=0, index=24): <Trial 24 (24 in rep 0) data={'Task': 'LDT', 'TrialType': 'Target', 'Stimuli': 'under', 'StimulusType': 'word', 'CorrectResponse': 'l', 'Trialnumb': 39, 'thisN': 24, 'thisTrialN': 24, 'thisRepN': 0}>
76.4797 	EXP 	LDT_fix_text: autoDraw = False
76.4797 	EXP 	LDT_stim_text: autoDraw = False
76.4797 	EXP 	LDT_break_text: autoDraw = False
76.4797 	EXP 	LDT_stim_text: height = np.float64(0.1)
76.4797 	EXP 	LDT_stim_text: height = np.float64(0.1)
76.4797 	EXP 	LDT_stim_text: height = np.float64(0.1)
76.4797 	EXP 	LDT_stim_text: text = 'under'
76.4797 	EXP 	LDT_fix_text: autoDraw = True
76.4803 	DATA 	Keypress: l
76.5717 	EXP 	Device response: <KeyPress from None: t=76.46637639999972, value=l, duration=0.10401239999919198>
76.9635 	EXP 	LDT_stim_text: autoDraw = True
76.9720 	EXP 	LDT_fix_text: autoDraw = False
77.5146 	EXP 	Device response: <KeyPress from None: t=77.51425520001794, value=l, duration=None>
77.5228 	EXP 	New trial (rep=0, index=25): <Trial 25 (25 in rep 0) data={'Task': 'LDT', 'TrialType': 'Target', 'Stimuli': 'price', 'StimulusType': 'word', 'CorrectResponse': 'l', 'Trialnumb': 52, 'thisN': 25, 'thisTrialN': 25, 'thisRepN': 0}>
77.5242 	DATA 	Keypress: l
77.5307 	EXP 	LDT_fix_text: autoDraw = False
77.5307 	EXP 	LDT_stim_text: autoDraw = False
77.5307 	EXP 	LDT_break_text: autoDraw = False
77.5307 	EXP 	LDT_stim_text: height = np.float64(0.1)
77.5307 	EXP 	LDT_stim_text: height = np.float64(0.1)
77.5307 	EXP 	LDT_stim_text: height = np.float64(0.1)
77.5307 	EXP 	LDT_stim_text: text = 'price'
77.5307 	EXP 	LDT_fix_text: autoDraw = True
77.5977 	EXP 	Device response: <KeyPress from None: t=77.51425520001794, value=l, duration=0.0804370999976527>
78.0145 	EXP 	LDT_stim_text: autoDraw = True
78.0229 	EXP 	LDT_fix_text: autoDraw = False
78.5821 	EXP 	Device response: <KeyPress from None: t=78.57858590001706, value=l, duration=None>
78.5824 	EXP 	New trial (rep=0, index=26): <Trial 26 (26 in rep 0) data={'Task': 'LDT', 'TrialType': 'Target', 'Stimuli': 'coss', 'StimulusType': 'nonword', 'CorrectResponse': 'a', 'Trialnumb': 133, 'thisN': 26, 'thisTrialN': 26, 'thisRepN': 0}>
78.5902 	EXP 	LDT_fix_text: autoDraw = False
78.5902 	EXP 	LDT_stim_text: autoDraw = False
78.5902 	EXP 	LDT_break_text: autoDraw = False
78.5902 	EXP 	LDT_stim_text: height = np.float64(0.1)
78.5902 	EXP 	LDT_stim_text: height = np.float64(0.1)
78.5902 	EXP 	LDT_stim_text: height = np.float64(0.1)
78.5902 	EXP 	LDT_stim_text: text = 'coss'
78.5902 	EXP 	LDT_fix_text: autoDraw = True
78.5908 	DATA 	Keypress: l
78.6990 	EXP 	Device response: <KeyPress from None: t=78.57858590001706, value=l, duration=0.11190089999581687>
79.0739 	EXP 	LDT_stim_text: autoDraw = True
79.0823 	EXP 	LDT_fix_text: autoDraw = False
80.0668 	EXP 	Device response: <KeyPress from None: t=80.05849890000536, value=a, duration=None>
80.0671 	EXP 	New trial (rep=0, index=27): <Trial 27 (27 in rep 0) data={'Task': 'LDT', 'TrialType': 'Target', 'Stimuli': 'beah', 'StimulusType': 'nonword', 'CorrectResponse': 'a', 'Trialnumb': 119, 'thisN': 27, 'thisTrialN': 27, 'thisRepN': 0}>
80.0685 	DATA 	Keypress: a
80.0750 	EXP 	LDT_fix_text: autoDraw = False
80.0750 	EXP 	LDT_stim_text: autoDraw = False
80.0750 	EXP 	LDT_break_text: autoDraw = False
80.0750 	EXP 	LDT_stim_text: height = np.float64(0.1)
80.0750 	EXP 	LDT_stim_text: height = np.float64(0.1)
80.0750 	EXP 	LDT_stim_text: height = np.float64(0.1)
80.0750 	EXP 	LDT_stim_text: text = 'beah'
80.0750 	EXP 	LDT_fix_text: autoDraw = True
80.2003 	EXP 	Device response: <KeyPress from None: t=80.05849890000536, value=a, duration=0.13555919998907484>
80.5587 	EXP 	LDT_stim_text: autoDraw = True
80.5671 	EXP 	LDT_fix_text: autoDraw = False
81.1763 	EXP 	Device response: <KeyPress from None: t=81.17145660001552, value=l, duration=None>
81.1765 	EXP 	New trial (rep=0, index=28): <Trial 28 (28 in rep 0) data={'Task': 'LDT', 'TrialType': 'Target', 'Stimuli': 'wost', 'StimulusType': 'nonword', 'CorrectResponse': 'a', 'Trialnumb': 217, 'thisN': 28, 'thisTrialN': 28, 'thisRepN': 0}>
81.1844 	EXP 	LDT_fix_text: autoDraw = False
81.1844 	EXP 	LDT_stim_text: autoDraw = False
81.1844 	EXP 	LDT_break_text: autoDraw = False
81.1844 	EXP 	LDT_stim_text: height = np.float64(0.1)
81.1844 	EXP 	LDT_stim_text: height = np.float64(0.1)
81.1844 	EXP 	LDT_stim_text: height = np.float64(0.1)
81.1844 	EXP 	LDT_stim_text: text = 'wost'
81.1844 	EXP 	LDT_fix_text: autoDraw = True
81.1849 	DATA 	Keypress: l
81.2515 	EXP 	Device response: <KeyPress from None: t=81.17145660001552, value=l, duration=0.07837059997837059>
81.6682 	EXP 	LDT_stim_text: autoDraw = True
81.6765 	EXP 	LDT_fix_text: autoDraw = False
82.5026 	EXP 	Device response: <KeyPress from None: t=82.49825210002018, value=a, duration=None>
82.5028 	EXP 	New trial (rep=0, index=29): <Trial 29 (29 in rep 0) data={'Task': 'LDT', 'TrialType': 'Target', 'Stimuli': 'full', 'StimulusType': 'word', 'CorrectResponse': 'l', 'Trialnumb': 43, 'thisN': 29, 'thisTrialN': 29, 'thisRepN': 0}>
82.5108 	EXP 	LDT_fix_text: autoDraw = False
82.5108 	EXP 	LDT_stim_text: autoDraw = False
82.5108 	EXP 	LDT_break_text: autoDraw = False
82.5108 	EXP 	LDT_stim_text: height = np.float64(0.1)
82.5108 	EXP 	LDT_stim_text: height = np.float64(0.1)
82.5108 	EXP 	LDT_stim_text: height = np.float64(0.1)
82.5108 	EXP 	LDT_stim_text: text = 'full'
82.5108 	EXP 	LDT_fix_text: autoDraw = True
82.5113 	DATA 	Keypress: a
82.6193 	EXP 	Device response: <KeyPress from None: t=82.49825210002018, value=a, duration=0.11278589998255484>
82.9945 	EXP 	LDT_stim_text: autoDraw = True
83.0028 	EXP 	LDT_fix_text: autoDraw = False
83.6204 	EXP 	Device response: <KeyPress from None: t=83.61816060001729, value=l, duration=None>
83.6206 	EXP 	New trial (rep=0, index=30): <Trial 30 (30 in rep 0) data={'Task': 'LDT', 'TrialType': 'Target', 'Stimuli': 'veek', 'StimulusType': 'nonword', 'CorrectResponse': 'a', 'Trialnumb': 211, 'thisN': 30, 'thisTrialN': 30, 'thisRepN': 0}>
83.6285 	EXP 	LDT_fix_text: autoDraw = False
83.6285 	EXP 	LDT_stim_text: autoDraw = False
83.6285 	EXP 	LDT_break_text: autoDraw = False
83.6285 	EXP 	LDT_stim_text: height = np.float64(0.1)
83.6285 	EXP 	LDT_stim_text: height = np.float64(0.1)
83.6285 	EXP 	LDT_stim_text: height = np.float64(0.1)
83.6285 	EXP 	LDT_stim_text: text = 'veek'
83.6285 	EXP 	LDT_fix_text: autoDraw = True
83.6289 	DATA 	Keypress: l
83.7289 	EXP 	Device response: <KeyPress from None: t=83.61816060001729, value=l, duration=0.10364889999618754>
84.1123 	EXP 	LDT_stim_text: autoDraw = True
84.1206 	EXP 	LDT_fix_text: autoDraw = False
84.7631 	EXP 	Device response: <KeyPress from None: t=84.75485990001471, value=a, duration=None>
84.7634 	EXP 	New trial (rep=0, index=31): <Trial 31 (31 in rep 0) data={'Task': 'LDT', 'TrialType': 'Target', 'Stimuli': 'high', 'StimulusType': 'word', 'CorrectResponse': 'l', 'Trialnumb': 16, 'thisN': 31, 'thisTrialN': 31, 'thisRepN': 0}>
84.7713 	EXP 	LDT_fix_text: autoDraw = False
84.7713 	EXP 	LDT_stim_text: autoDraw = False
84.7713 	EXP 	LDT_break_text: autoDraw = False
84.7713 	EXP 	LDT_stim_text: height = np.float64(0.1)
84.7713 	EXP 	LDT_stim_text: height = np.float64(0.1)
84.7713 	EXP 	LDT_stim_text: height = np.float64(0.1)
84.7713 	EXP 	LDT_stim_text: text = 'high'
84.7713 	EXP 	LDT_fix_text: autoDraw = True
84.7718 	DATA 	Keypress: a
84.8549 	EXP 	Device response: <KeyPress from None: t=84.75485990001471, value=a, duration=0.09571269998559728>
85.2551 	EXP 	LDT_stim_text: autoDraw = True
85.2634 	EXP 	LDT_fix_text: autoDraw = False
85.8309 	EXP 	Device response: <KeyPress from None: t=85.82638770001358, value=l, duration=None>
85.8312 	EXP 	New trial (rep=0, index=32): <Trial 32 (32 in rep 0) data={'Task': 'LDT', 'TrialType': 'Target', 'Stimuli': 'food', 'StimulusType': 'word', 'CorrectResponse': 'l', 'Trialnumb': 5, 'thisN': 32, 'thisTrialN': 32, 'thisRepN': 0}>
85.8390 	EXP 	LDT_fix_text: autoDraw = False
85.8390 	EXP 	LDT_stim_text: autoDraw = False
85.8390 	EXP 	LDT_break_text: autoDraw = False
85.8390 	EXP 	LDT_stim_text: height = np.float64(0.1)
85.8390 	EXP 	LDT_stim_text: height = np.float64(0.1)
85.8390 	EXP 	LDT_stim_text: height = np.float64(0.1)
85.8390 	EXP 	LDT_stim_text: text = 'food'
85.8390 	EXP 	LDT_fix_text: autoDraw = True
85.8395 	DATA 	Keypress: l
85.9310 	EXP 	Device response: <KeyPress from None: t=85.82638770001358, value=l, duration=0.10426299998653121>
86.3231 	EXP 	LDT_stim_text: autoDraw = True
86.3311 	EXP 	LDT_fix_text: autoDraw = False
86.9737 	EXP 	Device response: <KeyPress from None: t=86.97048160000122, value=l, duration=None>
86.9740 	EXP 	New trial (rep=0, index=33): <Trial 33 (33 in rep 0) data={'Task': 'LDT', 'TrialType': 'Target', 'Stimuli': 'pair', 'StimulusType': 'word', 'CorrectResponse': 'l', 'Trialnumb': 81, 'thisN': 33, 'thisTrialN': 33, 'thisRepN': 0}>
86.9819 	EXP 	LDT_fix_text: autoDraw = False
86.9819 	EXP 	LDT_stim_text: autoDraw = False
86.9819 	EXP 	LDT_break_text: autoDraw = False
86.9819 	EXP 	LDT_stim_text: height = np.float64(0.1)
86.9819 	EXP 	LDT_stim_text: height = np.float64(0.1)
86.9819 	EXP 	LDT_stim_text: height = np.float64(0.1)
86.9819 	EXP 	LDT_stim_text: text = 'pair'
86.9819 	EXP 	LDT_fix_text: autoDraw = True
86.9823 	DATA 	Keypress: l
87.0658 	EXP 	Device response: <KeyPress from None: t=86.97048160000122, value=l, duration=0.08768270001746714>
87.4656 	EXP 	LDT_stim_text: autoDraw = True
87.4739 	EXP 	LDT_fix_text: autoDraw = False
88.0665 	EXP 	Device response: <KeyPress from None: t=88.05817659999593, value=l, duration=None>
88.0668 	EXP 	New trial (rep=0, index=34): <Trial 34 (34 in rep 0) data={'Task': 'LDT', 'TrialType': 'Target', 'Stimuli': 'media', 'StimulusType': 'word', 'CorrectResponse': 'l', 'Trialnumb': 46, 'thisN': 34, 'thisTrialN': 34, 'thisRepN': 0}>
88.0745 	EXP 	LDT_fix_text: autoDraw = False
88.0745 	EXP 	LDT_stim_text: autoDraw = False
88.0745 	EXP 	LDT_break_text: autoDraw = False
88.0745 	EXP 	LDT_stim_text: height = np.float64(0.1)
88.0745 	EXP 	LDT_stim_text: height = np.float64(0.1)
88.0745 	EXP 	LDT_stim_text: height = np.float64(0.1)
88.0745 	EXP 	LDT_stim_text: text = 'media'
88.0745 	EXP 	LDT_fix_text: autoDraw = True
88.0750 	DATA 	Keypress: l
88.1749 	EXP 	Device response: <KeyPress from None: t=88.05817659999593, value=l, duration=0.11244210001314059>
88.5584 	EXP 	LDT_stim_text: autoDraw = True
88.5667 	EXP 	LDT_fix_text: autoDraw = False
89.2010 	EXP 	Device response: <KeyPress from None: t=89.19422590002068, value=l, duration=None>
89.2012 	EXP 	New trial (rep=0, index=35): <Trial 35 (35 in rep 0) data={'Task': 'LDT', 'TrialType': 'Target', 'Stimuli': 'live', 'StimulusType': 'word', 'CorrectResponse': 'l', 'Trialnumb': 24, 'thisN': 35, 'thisTrialN': 35, 'thisRepN': 0}>
89.2090 	EXP 	LDT_fix_text: autoDraw = False
89.2090 	EXP 	LDT_stim_text: autoDraw = False
89.2090 	EXP 	LDT_break_text: autoDraw = False
89.2090 	EXP 	LDT_stim_text: height = np.float64(0.1)
89.2090 	EXP 	LDT_stim_text: height = np.float64(0.1)
89.2090 	EXP 	LDT_stim_text: height = np.float64(0.1)
89.2090 	EXP 	LDT_stim_text: text = 'live'
89.2090 	EXP 	LDT_fix_text: autoDraw = True
89.2095 	DATA 	Keypress: l
89.3011 	EXP 	Device response: <KeyPress from None: t=89.19422590002068, value=l, duration=0.10376989998621866>
89.6928 	EXP 	LDT_stim_text: autoDraw = True
89.7012 	EXP 	LDT_fix_text: autoDraw = False
90.2270 	EXP 	Device response: <KeyPress from None: t=90.22631339999498, value=l, duration=None>
90.2273 	EXP 	New trial (rep=0, index=36): <Trial 36 (36 in rep 0) data={'Task': 'LDT', 'TrialType': 'Target', 'Stimuli': 'blue', 'StimulusType': 'word', 'CorrectResponse': 'l', 'Trialnumb': 57, 'thisN': 36, 'thisTrialN': 36, 'thisRepN': 0}>
90.2350 	EXP 	LDT_fix_text: autoDraw = False
90.2350 	EXP 	LDT_stim_text: autoDraw = False
90.2350 	EXP 	LDT_break_text: autoDraw = False
90.2350 	EXP 	LDT_stim_text: height = np.float64(0.1)
90.2350 	EXP 	LDT_stim_text: height = np.float64(0.1)
90.2350 	EXP 	LDT_stim_text: height = np.float64(0.1)
90.2350 	EXP 	LDT_stim_text: text = 'blue'
90.2350 	EXP 	LDT_fix_text: autoDraw = True
90.2357 	DATA 	Keypress: l
90.3188 	EXP 	Device response: <KeyPress from None: t=90.22631339999498, value=l, duration=0.0875823000096716>
90.7188 	EXP 	LDT_stim_text: autoDraw = True
90.7272 	EXP 	LDT_fix_text: autoDraw = False
91.3032 	EXP 	Device response: <KeyPress from None: t=91.29864370002178, value=l, duration=None>
91.3034 	EXP 	New trial (rep=0, index=37): <Trial 37 (37 in rep 0) data={'Task': 'LDT', 'TrialType': 'Target', 'Stimuli': 'kire', 'StimulusType': 'nonword', 'CorrectResponse': 'a', 'Trialnumb': 166, 'thisN': 37, 'thisTrialN': 37, 'thisRepN': 0}>
91.3111 	EXP 	LDT_fix_text: autoDraw = False
91.3111 	EXP 	LDT_stim_text: autoDraw = False
91.3111 	EXP 	LDT_break_text: autoDraw = False
91.3111 	EXP 	LDT_stim_text: height = np.float64(0.1)
91.3111 	EXP 	LDT_stim_text: height = np.float64(0.1)
91.3111 	EXP 	LDT_stim_text: height = np.float64(0.1)
91.3111 	EXP 	LDT_stim_text: text = 'kire'
91.3111 	EXP 	LDT_fix_text: autoDraw = True
91.3116 	DATA 	Keypress: l
91.3950 	EXP 	Device response: <KeyPress from None: t=91.29864370002178, value=l, duration=0.09584759999415837>
91.7950 	EXP 	LDT_stim_text: autoDraw = True
91.8032 	EXP 	LDT_fix_text: autoDraw = False
92.4292 	EXP 	Device response: <KeyPress from None: t=92.42586390001816, value=l, duration=None>
92.4294 	EXP 	New trial (rep=0, index=38): <Trial 38 (38 in rep 0) data={'Task': 'LDT', 'TrialType': 'Target', 'Stimuli': 'club', 'StimulusType': 'word', 'CorrectResponse': 'l', 'Trialnumb': 64, 'thisN': 38, 'thisTrialN': 38, 'thisRepN': 0}>
92.4373 	EXP 	LDT_fix_text: autoDraw = False
92.4373 	EXP 	LDT_stim_text: autoDraw = False
92.4373 	EXP 	LDT_break_text: autoDraw = False
92.4373 	EXP 	LDT_stim_text: height = np.float64(0.1)
92.4373 	EXP 	LDT_stim_text: height = np.float64(0.1)
92.4373 	EXP 	LDT_stim_text: height = np.float64(0.1)
92.4373 	EXP 	LDT_stim_text: text = 'club'
92.4373 	EXP 	LDT_fix_text: autoDraw = True
92.4379 	DATA 	Keypress: l
92.5045 	EXP 	Device response: <KeyPress from None: t=92.42586390001816, value=l, duration=0.07327429999713786>
92.9211 	EXP 	LDT_stim_text: autoDraw = True
92.9294 	EXP 	LDT_fix_text: autoDraw = False
93.4386 	EXP 	Device response: <KeyPress from None: t=93.43424150001374, value=l, duration=None>
93.4388 	EXP 	New trial (rep=0, index=39): <Trial 39 (39 in rep 0) data={'Task': 'LDT', 'TrialType': 'Target', 'Stimuli': 'wass', 'StimulusType': 'nonword', 'CorrectResponse': 'a', 'Trialnumb': 215, 'thisN': 39, 'thisTrialN': 39, 'thisRepN': 0}>
93.4466 	EXP 	LDT_fix_text: autoDraw = False
93.4466 	EXP 	LDT_stim_text: autoDraw = False
93.4466 	EXP 	LDT_break_text: autoDraw = False
93.4466 	EXP 	LDT_stim_text: height = np.float64(0.1)
93.4466 	EXP 	LDT_stim_text: height = np.float64(0.1)
93.4466 	EXP 	LDT_stim_text: height = np.float64(0.1)
93.4466 	EXP 	LDT_stim_text: text = 'wass'
93.4466 	EXP 	LDT_fix_text: autoDraw = True
93.4472 	DATA 	Keypress: l
93.5386 	EXP 	Device response: <KeyPress from None: t=93.43424150001374, value=l, duration=0.09646909998264164>
93.9304 	EXP 	LDT_stim_text: autoDraw = True
93.9389 	EXP 	LDT_fix_text: autoDraw = False
94.7399 	EXP 	Device response: <KeyPress from None: t=94.73808619999909, value=a, duration=None>
94.7401 	EXP 	New trial (rep=0, index=40): <Trial 40 (40 in rep 0) data={'Task': 'LDT', 'TrialType': 'Target', 'Stimuli': 'brone', 'StimulusType': 'nonword', 'CorrectResponse': 'a', 'Trialnumb': 125, 'thisN': 40, 'thisTrialN': 40, 'thisRepN': 0}>
94.7479 	EXP 	LDT_fix_text: autoDraw = False
94.7479 	EXP 	LDT_stim_text: autoDraw = False
94.7479 	EXP 	LDT_break_text: autoDraw = False
94.7479 	EXP 	LDT_stim_text: height = np.float64(0.1)
94.7479 	EXP 	LDT_stim_text: height = np.float64(0.1)
94.7479 	EXP 	LDT_stim_text: height = np.float64(0.1)
94.7479 	EXP 	LDT_stim_text: text = 'brone'
94.7479 	EXP 	LDT_fix_text: autoDraw = True
94.7485 	DATA 	Keypress: a
94.8149 	EXP 	Device response: <KeyPress from None: t=94.73808619999909, value=a, duration=0.07241200000862591>
95.2317 	EXP 	LDT_stim_text: autoDraw = True
95.2401 	EXP 	LDT_fix_text: autoDraw = False
95.7909 	EXP 	Device response: <KeyPress from None: t=95.78653020001366, value=l, duration=None>
95.7911 	EXP 	New trial (rep=0, index=41): <Trial 41 (41 in rep 0) data={'Task': 'LDT', 'TrialType': 'Target', 'Stimuli': 'slim', 'StimulusType': 'word', 'CorrectResponse': 'l', 'Trialnumb': 111, 'thisN': 41, 'thisTrialN': 41, 'thisRepN': 0}>
95.7989 	EXP 	LDT_fix_text: autoDraw = False
95.7989 	EXP 	LDT_stim_text: autoDraw = False
95.7989 	EXP 	LDT_break_text: autoDraw = False
95.7989 	EXP 	LDT_stim_text: height = np.float64(0.1)
95.7989 	EXP 	LDT_stim_text: height = np.float64(0.1)
95.7989 	EXP 	LDT_stim_text: height = np.float64(0.1)
95.7989 	EXP 	LDT_stim_text: text = 'slim'
95.7989 	EXP 	LDT_fix_text: autoDraw = True
95.7995 	DATA 	Keypress: l
95.8910 	EXP 	Device response: <KeyPress from None: t=95.78653020001366, value=l, duration=0.10394719999749213>
96.2827 	EXP 	LDT_stim_text: autoDraw = True
96.2911 	EXP 	LDT_fix_text: autoDraw = False
96.8921 	EXP 	Device response: <KeyPress from None: t=96.890114800015, value=l, duration=None>
96.8923 	EXP 	New trial (rep=0, index=42): <Trial 42 (42 in rep 0) data={'Task': 'LDT', 'TrialType': 'Target', 'Stimuli': 'trick', 'StimulusType': 'word', 'CorrectResponse': 'l', 'Trialnumb': 75, 'thisN': 42, 'thisTrialN': 42, 'thisRepN': 0}>
96.9000 	EXP 	LDT_fix_text: autoDraw = False
96.9000 	EXP 	LDT_stim_text: autoDraw = False
96.9000 	EXP 	LDT_break_text: autoDraw = False
96.9000 	EXP 	LDT_stim_text: height = np.float64(0.1)
96.9000 	EXP 	LDT_stim_text: height = np.float64(0.1)
96.9000 	EXP 	LDT_stim_text: height = np.float64(0.1)
96.9000 	EXP 	LDT_stim_text: text = 'trick'
96.9000 	EXP 	LDT_fix_text: autoDraw = True
96.9005 	DATA 	Keypress: l
96.9838 	EXP 	Device response: <KeyPress from None: t=96.890114800015, value=l, duration=0.08863640000345185>
97.3838 	EXP 	LDT_stim_text: autoDraw = True
97.3922 	EXP 	LDT_fix_text: autoDraw = False
97.9848 	EXP 	Device response: <KeyPress from None: t=97.97846780001419, value=l, duration=None>
97.9850 	EXP 	New trial (rep=0, index=43): <Trial 43 (43 in rep 0) data={'Task': 'LDT', 'TrialType': 'Target', 'Stimuli': 'hoon', 'StimulusType': 'nonword', 'CorrectResponse': 'a', 'Trialnumb': 155, 'thisN': 43, 'thisTrialN': 43, 'thisRepN': 0}>
97.9928 	EXP 	LDT_fix_text: autoDraw = False
97.9928 	EXP 	LDT_stim_text: autoDraw = False
97.9928 	EXP 	LDT_break_text: autoDraw = False
97.9928 	EXP 	LDT_stim_text: height = np.float64(0.1)
97.9928 	EXP 	LDT_stim_text: height = np.float64(0.1)
97.9928 	EXP 	LDT_stim_text: height = np.float64(0.1)
97.9928 	EXP 	LDT_stim_text: text = 'hoon'
97.9928 	EXP 	LDT_fix_text: autoDraw = True
97.9934 	DATA 	Keypress: l
98.0681 	EXP 	Device response: <KeyPress from None: t=97.97846780001419, value=l, duration=0.08864410000387579>
98.4766 	EXP 	LDT_stim_text: autoDraw = True
98.4850 	EXP 	LDT_fix_text: autoDraw = False
99.1693 	EXP 	Device response: <KeyPress from None: t=99.16189000001759, value=l, duration=None>
99.1695 	EXP 	New trial (rep=0, index=44): <Trial 44 (44 in rep 0) data={'Task': 'LDT', 'TrialType': 'Target', 'Stimuli': 'cast', 'StimulusType': 'word', 'CorrectResponse': 'l', 'Trialnumb': 95, 'thisN': 44, 'thisTrialN': 44, 'thisRepN': 0}>
99.1772 	EXP 	LDT_fix_text: autoDraw = False
99.1772 	EXP 	LDT_stim_text: autoDraw = False
99.1772 	EXP 	LDT_break_text: autoDraw = False
99.1772 	EXP 	LDT_stim_text: height = np.float64(0.1)
99.1772 	EXP 	LDT_stim_text: height = np.float64(0.1)
99.1772 	EXP 	LDT_stim_text: height = np.float64(0.1)
99.1772 	EXP 	LDT_stim_text: text = 'cast'
99.1772 	EXP 	LDT_fix_text: autoDraw = True
99.1778 	DATA 	Keypress: l
99.2610 	EXP 	Device response: <KeyPress from None: t=99.16189000001759, value=l, duration=0.09601889998884872>
99.6611 	EXP 	LDT_stim_text: autoDraw = True
99.6694 	EXP 	LDT_fix_text: autoDraw = False
100.2869 	EXP 	Device response: <KeyPress from None: t=100.28196950000711, value=l, duration=None>
100.2872 	EXP 	New trial (rep=0, index=45): <Trial 45 (45 in rep 0) data={'Task': 'LDT', 'TrialType': 'Target', 'Stimuli': 'sife', 'StimulusType': 'nonword', 'CorrectResponse': 'a', 'Trialnumb': 192, 'thisN': 45, 'thisTrialN': 45, 'thisRepN': 0}>
100.2951 	EXP 	LDT_fix_text: autoDraw = False
100.2951 	EXP 	LDT_stim_text: autoDraw = False
100.2951 	EXP 	LDT_break_text: autoDraw = False
100.2951 	EXP 	LDT_stim_text: height = np.float64(0.1)
100.2951 	EXP 	LDT_stim_text: height = np.float64(0.1)
100.2951 	EXP 	LDT_stim_text: height = np.float64(0.1)
100.2951 	EXP 	LDT_stim_text: text = 'sife'
100.2951 	EXP 	LDT_fix_text: autoDraw = True
100.2957 	DATA 	Keypress: l
100.3787 	EXP 	Device response: <KeyPress from None: t=100.28196950000711, value=l, duration=0.08841950001078658>
100.7789 	EXP 	LDT_stim_text: autoDraw = True
100.7872 	EXP 	LDT_fix_text: autoDraw = False
101.6133 	EXP 	Device response: <KeyPress from None: t=101.6099327999982, value=a, duration=None>
101.6136 	EXP 	New trial (rep=0, index=46): <Trial 46 (46 in rep 0) data={'Task': 'LDT', 'TrialType': 'Target', 'Stimuli': 'week', 'StimulusType': 'word', 'CorrectResponse': 'l', 'Trialnumb': 28, 'thisN': 46, 'thisTrialN': 46, 'thisRepN': 0}>
101.6216 	EXP 	LDT_fix_text: autoDraw = False
101.6216 	EXP 	LDT_stim_text: autoDraw = False
101.6216 	EXP 	LDT_break_text: autoDraw = False
101.6216 	EXP 	LDT_stim_text: height = np.float64(0.1)
101.6216 	EXP 	LDT_stim_text: height = np.float64(0.1)
101.6216 	EXP 	LDT_stim_text: height = np.float64(0.1)
101.6216 	EXP 	LDT_stim_text: text = 'week'
101.6216 	EXP 	LDT_fix_text: autoDraw = True
101.6222 	DATA 	Keypress: a
101.6968 	EXP 	Device response: <KeyPress from None: t=101.6099327999982, value=a, duration=0.08140429999912158>
102.1052 	EXP 	LDT_stim_text: autoDraw = True
102.1135 	EXP 	LDT_fix_text: autoDraw = False
103.1149 	EXP 	Device response: <KeyPress from None: t=103.11453049999545, value=l, duration=None>
103.1152 	EXP 	New trial (rep=0, index=47): <Trial 47 (47 in rep 0) data={'Task': 'LDT', 'TrialType': 'Target', 'Stimuli': 'fump', 'StimulusType': 'nonword', 'CorrectResponse': 'a', 'Trialnumb': 143, 'thisN': 47, 'thisTrialN': 47, 'thisRepN': 0}>
103.1229 	EXP 	LDT_fix_text: autoDraw = False
103.1229 	EXP 	LDT_stim_text: autoDraw = False
103.1229 	EXP 	LDT_break_text: autoDraw = False
103.1229 	EXP 	LDT_stim_text: height = np.float64(0.1)
103.1229 	EXP 	LDT_stim_text: height = np.float64(0.1)
103.1229 	EXP 	LDT_stim_text: height = np.float64(0.1)
103.1229 	EXP 	LDT_stim_text: text = 'fump'
103.1229 	EXP 	LDT_fix_text: autoDraw = True
103.1235 	DATA 	Keypress: l
103.2066 	EXP 	Device response: <KeyPress from None: t=103.11453049999545, value=l, duration=0.08763390002422966>
103.6067 	EXP 	LDT_stim_text: autoDraw = True
103.6151 	EXP 	LDT_fix_text: autoDraw = False
104.3077 	EXP 	Device response: <KeyPress from None: t=104.30594500000007, value=a, duration=None>
104.3079 	EXP 	New trial (rep=0, index=48): <Trial 48 (48 in rep 0) data={'Task': 'LDT', 'TrialType': 'Target', 'Stimuli': 'borm', 'StimulusType': 'nonword', 'CorrectResponse': 'a', 'Trialnumb': 124, 'thisN': 48, 'thisTrialN': 48, 'thisRepN': 0}>
104.3157 	EXP 	LDT_fix_text: autoDraw = False
104.3157 	EXP 	LDT_stim_text: autoDraw = False
104.3157 	EXP 	LDT_break_text: autoDraw = False
104.3157 	EXP 	LDT_stim_text: height = np.float64(0.1)
104.3157 	EXP 	LDT_stim_text: height = np.float64(0.1)
104.3157 	EXP 	LDT_stim_text: height = np.float64(0.1)
104.3157 	EXP 	LDT_stim_text: text = 'borm'
104.3157 	EXP 	LDT_fix_text: autoDraw = True
104.3162 	DATA 	Keypress: a
104.4162 	EXP 	Device response: <KeyPress from None: t=104.30594500000007, value=a, duration=0.1038332000025548>
104.7995 	EXP 	LDT_stim_text: autoDraw = True
104.8079 	EXP 	LDT_fix_text: autoDraw = False
106.1345 	EXP 	Device response: <KeyPress from None: t=106.13066860000254, value=a, duration=None>
106.1347 	EXP 	New trial (rep=0, index=49): <Trial 49 (49 in rep 0) data={'Task': 'LDT', 'TrialType': 'Target', 'Stimuli': 'stop', 'StimulusType': 'word', 'CorrectResponse': 'l', 'Trialnumb': 44, 'thisN': 49, 'thisTrialN': 49, 'thisRepN': 0}>
106.1426 	EXP 	LDT_fix_text: autoDraw = False
106.1426 	EXP 	LDT_stim_text: autoDraw = False
106.1426 	EXP 	LDT_break_text: autoDraw = False
106.1426 	EXP 	LDT_stim_text: height = np.float64(0.1)
106.1426 	EXP 	LDT_stim_text: height = np.float64(0.1)
106.1426 	EXP 	LDT_stim_text: height = np.float64(0.1)
106.1426 	EXP 	LDT_stim_text: text = 'stop'
106.1426 	EXP 	LDT_fix_text: autoDraw = True
106.1431 	DATA 	Keypress: a
106.2680 	EXP 	Device response: <KeyPress from None: t=106.13066860000254, value=a, duration=0.13593429999309592>
106.6263 	EXP 	LDT_stim_text: autoDraw = True
106.6347 	EXP 	LDT_fix_text: autoDraw = False
107.1771 	EXP 	Device response: <KeyPress from None: t=107.17023630000767, value=l, duration=None>
107.1773 	EXP 	New trial (rep=0, index=50): <Trial 50 (50 in rep 0) data={'Task': 'LDT', 'TrialType': 'Target', 'Stimuli': 'mize', 'StimulusType': 'nonword', 'CorrectResponse': 'a', 'Trialnumb': 174, 'thisN': 50, 'thisTrialN': 50, 'thisRepN': 0}>
107.1853 	EXP 	LDT_fix_text: autoDraw = False
107.1853 	EXP 	LDT_stim_text: autoDraw = False
107.1853 	EXP 	LDT_break_text: autoDraw = False
107.1853 	EXP 	LDT_stim_text: height = np.float64(0.1)
107.1853 	EXP 	LDT_stim_text: height = np.float64(0.1)
107.1853 	EXP 	LDT_stim_text: height = np.float64(0.1)
107.1853 	EXP 	LDT_stim_text: text = 'mize'
107.1853 	EXP 	LDT_fix_text: autoDraw = True
107.1862 	DATA 	Keypress: l
107.2690 	EXP 	Device response: <KeyPress from None: t=107.17023630000767, value=l, duration=0.09563130000606179>
107.6691 	EXP 	LDT_stim_text: autoDraw = True
107.6774 	EXP 	LDT_fix_text: autoDraw = False
109.0707 	EXP 	Device response: <KeyPress from None: t=109.06576709999354, value=a, duration=None>
109.0710 	EXP 	New trial (rep=0, index=51): <Trial 51 (51 in rep 0) data={'Task': 'LDT', 'TrialType': 'Target', 'Stimuli': 'sale', 'StimulusType': 'word', 'CorrectResponse': 'l', 'Trialnumb': 93, 'thisN': 51, 'thisTrialN': 51, 'thisRepN': 0}>
109.0788 	EXP 	LDT_fix_text: autoDraw = False
109.0788 	EXP 	LDT_stim_text: autoDraw = False
109.0788 	EXP 	LDT_break_text: autoDraw = False
109.0788 	EXP 	LDT_stim_text: height = np.float64(0.1)
109.0788 	EXP 	LDT_stim_text: height = np.float64(0.1)
109.0788 	EXP 	LDT_stim_text: height = np.float64(0.1)
109.0788 	EXP 	LDT_stim_text: text = 'sale'
109.0788 	EXP 	LDT_fix_text: autoDraw = True
109.0794 	DATA 	Keypress: a
109.1958 	EXP 	Device response: <KeyPress from None: t=109.06576709999354, value=a, duration=0.12171860001399182>
109.5626 	EXP 	LDT_stim_text: autoDraw = True
109.5709 	EXP 	LDT_fix_text: autoDraw = False
110.1304 	EXP 	Device response: <KeyPress from None: t=110.13009680001414, value=l, duration=None>
110.1386 	EXP 	New trial (rep=0, index=52): <Trial 52 (52 in rep 0) data={'Task': 'LDT', 'TrialType': 'Target', 'Stimuli': 'lals', 'StimulusType': 'nonword', 'CorrectResponse': 'a', 'Trialnumb': 167, 'thisN': 52, 'thisTrialN': 52, 'thisRepN': 0}>
110.1399 	DATA 	Keypress: l
110.1465 	EXP 	LDT_fix_text: autoDraw = False
110.1465 	EXP 	LDT_stim_text: autoDraw = False
110.1465 	EXP 	LDT_break_text: autoDraw = False
110.1465 	EXP 	LDT_stim_text: height = np.float64(0.1)
110.1465 	EXP 	LDT_stim_text: height = np.float64(0.1)
110.1465 	EXP 	LDT_stim_text: height = np.float64(0.1)
110.1465 	EXP 	LDT_stim_text: text = 'lals'
110.1465 	EXP 	LDT_fix_text: autoDraw = True
110.2219 	EXP 	Device response: <KeyPress from None: t=110.13009680001414, value=l, duration=0.08823579997988418>
110.6303 	EXP 	LDT_stim_text: autoDraw = True
110.6387 	EXP 	LDT_fix_text: autoDraw = False
111.2062 	EXP 	Device response: <KeyPress from None: t=111.20174140000017, value=a, duration=None>
111.2065 	EXP 	New trial (rep=0, index=53): <Trial 53 (53 in rep 0) data={'Task': 'LDT', 'TrialType': 'Target', 'Stimuli': 'yell', 'StimulusType': 'word', 'CorrectResponse': 'l', 'Trialnumb': 101, 'thisN': 53, 'thisTrialN': 53, 'thisRepN': 0}>
111.2143 	EXP 	LDT_fix_text: autoDraw = False
111.2143 	EXP 	LDT_stim_text: autoDraw = False
111.2143 	EXP 	LDT_break_text: autoDraw = False
111.2143 	EXP 	LDT_stim_text: height = np.float64(0.1)
111.2143 	EXP 	LDT_stim_text: height = np.float64(0.1)
111.2143 	EXP 	LDT_stim_text: height = np.float64(0.1)
111.2143 	EXP 	LDT_stim_text: text = 'yell'
111.2143 	EXP 	LDT_fix_text: autoDraw = True
111.2149 	DATA 	Keypress: a
111.3313 	EXP 	Device response: <KeyPress from None: t=111.20174140000017, value=a, duration=0.12119730000267737>
111.6980 	EXP 	LDT_stim_text: autoDraw = True
111.7064 	EXP 	LDT_fix_text: autoDraw = False
112.2740 	EXP 	Device response: <KeyPress from None: t=112.26590920001036, value=l, duration=None>
112.2742 	EXP 	New trial (rep=0, index=54): <Trial 54 (54 in rep 0) data={'Task': 'LDT', 'TrialType': 'Target', 'Stimuli': 'sell', 'StimulusType': 'word', 'CorrectResponse': 'l', 'Trialnumb': 65, 'thisN': 54, 'thisTrialN': 54, 'thisRepN': 0}>
112.2820 	EXP 	LDT_fix_text: autoDraw = False
112.2820 	EXP 	LDT_stim_text: autoDraw = False
112.2820 	EXP 	LDT_break_text: autoDraw = False
112.2820 	EXP 	LDT_stim_text: height = np.float64(0.1)
112.2820 	EXP 	LDT_stim_text: height = np.float64(0.1)
112.2820 	EXP 	LDT_stim_text: height = np.float64(0.1)
112.2820 	EXP 	LDT_stim_text: text = 'sell'
112.2820 	EXP 	LDT_fix_text: autoDraw = True
112.2825 	DATA 	Keypress: l
112.3741 	EXP 	Device response: <KeyPress from None: t=112.26590920001036, value=l, duration=0.10401680000359192>
112.7658 	EXP 	LDT_stim_text: autoDraw = True
112.7741 	EXP 	LDT_fix_text: autoDraw = False
113.3167 	EXP 	Device response: <KeyPress from None: t=113.31438920000801, value=l, duration=None>
113.3170 	EXP 	New trial (rep=0, index=55): <Trial 55 (55 in rep 0) data={'Task': 'LDT', 'TrialType': 'Target', 'Stimuli': 'show', 'StimulusType': 'word', 'CorrectResponse': 'l', 'Trialnumb': 21, 'thisN': 55, 'thisTrialN': 55, 'thisRepN': 0}>
113.3248 	EXP 	LDT_fix_text: autoDraw = False
113.3248 	EXP 	LDT_stim_text: autoDraw = False
113.3248 	EXP 	LDT_break_text: autoDraw = False
113.3248 	EXP 	LDT_stim_text: height = np.float64(0.1)
113.3248 	EXP 	LDT_stim_text: height = np.float64(0.1)
113.3248 	EXP 	LDT_stim_text: height = np.float64(0.1)
113.3248 	EXP 	LDT_stim_text: text = 'show'
113.3248 	EXP 	LDT_fix_text: autoDraw = True
113.3253 	DATA 	Keypress: l
113.4419 	EXP 	Device response: <KeyPress from None: t=113.31438920000801, value=l, duration=0.1203864999988582>
113.8085 	EXP 	LDT_stim_text: autoDraw = True
113.8168 	EXP 	LDT_fix_text: autoDraw = False
114.4761 	EXP 	Device response: <KeyPress from None: t=114.47474989999318, value=l, duration=None>
114.4764 	EXP 	New trial (rep=0, index=56): <Trial 56 (56 in rep 0) data={'Task': 'LDT', 'TrialType': 'Target', 'Stimuli': 'hoal', 'StimulusType': 'nonword', 'CorrectResponse': 'a', 'Trialnumb': 154, 'thisN': 56, 'thisTrialN': 56, 'thisRepN': 0}>
114.4842 	EXP 	LDT_fix_text: autoDraw = False
114.4842 	EXP 	LDT_stim_text: autoDraw = False
114.4842 	EXP 	LDT_break_text: autoDraw = False
114.4842 	EXP 	LDT_stim_text: height = np.float64(0.1)
114.4842 	EXP 	LDT_stim_text: height = np.float64(0.1)
114.4842 	EXP 	LDT_stim_text: height = np.float64(0.1)
114.4842 	EXP 	LDT_stim_text: text = 'hoal'
114.4842 	EXP 	LDT_fix_text: autoDraw = True
114.4848 	DATA 	Keypress: l
114.5929 	EXP 	Device response: <KeyPress from None: t=114.47474989999318, value=l, duration=0.11243970002396964>
114.9680 	EXP 	LDT_stim_text: autoDraw = True
114.9763 	EXP 	LDT_fix_text: autoDraw = False
115.5855 	EXP 	Device response: <KeyPress from None: t=115.57814739999594, value=a, duration=None>
115.5857 	EXP 	New trial (rep=0, index=57): <Trial 57 (57 in rep 0) data={'Task': 'LDT', 'TrialType': 'Target', 'Stimuli': 'mass', 'StimulusType': 'word', 'CorrectResponse': 'l', 'Trialnumb': 102, 'thisN': 57, 'thisTrialN': 57, 'thisRepN': 0}>
115.5937 	EXP 	LDT_fix_text: autoDraw = False
115.5937 	EXP 	LDT_stim_text: autoDraw = False
115.5937 	EXP 	LDT_break_text: autoDraw = False
115.5937 	EXP 	LDT_stim_text: height = np.float64(0.1)
115.5937 	EXP 	LDT_stim_text: height = np.float64(0.1)
115.5937 	EXP 	LDT_stim_text: height = np.float64(0.1)
115.5937 	EXP 	LDT_stim_text: text = 'mass'
115.5937 	EXP 	LDT_fix_text: autoDraw = True
115.5942 	DATA 	Keypress: a
115.7273 	EXP 	Device response: <KeyPress from None: t=115.57814739999594, value=a, duration=0.14435960000264458>
116.0774 	EXP 	LDT_stim_text: autoDraw = True
116.0858 	EXP 	LDT_fix_text: autoDraw = False
116.6116 	EXP 	Device response: <KeyPress from None: t=116.61053320000065, value=l, duration=None>
116.6118 	EXP 	New trial (rep=0, index=58): <Trial 58 (58 in rep 0) data={'Task': 'LDT', 'TrialType': 'Target', 'Stimuli': 'gord', 'StimulusType': 'nonword', 'CorrectResponse': 'a', 'Trialnumb': 148, 'thisN': 58, 'thisTrialN': 58, 'thisRepN': 0}>
116.6196 	EXP 	LDT_fix_text: autoDraw = False
116.6196 	EXP 	LDT_stim_text: autoDraw = False
116.6196 	EXP 	LDT_break_text: autoDraw = False
116.6196 	EXP 	LDT_stim_text: height = np.float64(0.1)
116.6196 	EXP 	LDT_stim_text: height = np.float64(0.1)
116.6196 	EXP 	LDT_stim_text: height = np.float64(0.1)
116.6196 	EXP 	LDT_stim_text: text = 'gord'
116.6196 	EXP 	LDT_fix_text: autoDraw = True
116.6202 	DATA 	Keypress: l
116.7367 	EXP 	Device response: <KeyPress from None: t=116.61053320000065, value=l, duration=0.12000590001116507>
117.1034 	EXP 	LDT_stim_text: autoDraw = True
117.1119 	EXP 	LDT_fix_text: autoDraw = False
117.7628 	EXP 	Device response: <KeyPress from None: t=117.76191090000793, value=a, duration=None>
117.7630 	EXP 	New trial (rep=0, index=59): <Trial 59 (59 in rep 0) data={'Task': 'LDT', 'TrialType': 'Target', 'Stimuli': 'news', 'StimulusType': 'word', 'CorrectResponse': 'l', 'Trialnumb': 45, 'thisN': 59, 'thisTrialN': 59, 'thisRepN': 0}>
117.7708 	EXP 	LDT_fix_text: autoDraw = False
117.7708 	EXP 	LDT_stim_text: autoDraw = False
117.7708 	EXP 	LDT_break_text: autoDraw = False
117.7708 	EXP 	LDT_stim_text: height = np.float64(0.1)
117.7708 	EXP 	LDT_stim_text: height = np.float64(0.1)
117.7708 	EXP 	LDT_stim_text: height = np.float64(0.1)
117.7708 	EXP 	LDT_stim_text: text = 'news'
117.7708 	EXP 	LDT_fix_text: autoDraw = True
117.7713 	DATA 	Keypress: a
117.9045 	EXP 	Device response: <KeyPress from None: t=117.76191090000793, value=a, duration=0.13621309999143705>
118.2546 	EXP 	LDT_stim_text: autoDraw = True
118.2629 	EXP 	LDT_fix_text: autoDraw = False
118.9973 	EXP 	Device response: <KeyPress from None: t=118.99376949999714, value=l, duration=None>
118.9976 	EXP 	New trial (rep=0, index=60): <Trial 60 (60 in rep 0) data={'Task': 'LDT', 'TrialType': 'Target', 'Stimuli': 'cips', 'StimulusType': 'nonword', 'CorrectResponse': 'a', 'Trialnumb': 128, 'thisN': 60, 'thisTrialN': 60, 'thisRepN': 0}>
119.0053 	EXP 	LDT_fix_text: autoDraw = False
119.0053 	EXP 	LDT_stim_text: autoDraw = False
119.0053 	EXP 	LDT_break_text: autoDraw = False
119.0053 	EXP 	LDT_stim_text: height = np.float64(0.1)
119.0053 	EXP 	LDT_stim_text: height = np.float64(0.1)
119.0053 	EXP 	LDT_stim_text: height = np.float64(0.1)
119.0053 	EXP 	LDT_stim_text: text = 'cips'
119.0053 	EXP 	LDT_fix_text: autoDraw = True
119.0059 	DATA 	Keypress: l
119.1057 	EXP 	Device response: <KeyPress from None: t=118.99376949999714, value=l, duration=0.10445070001878776>
119.4891 	EXP 	LDT_stim_text: autoDraw = True
119.4975 	EXP 	LDT_fix_text: autoDraw = False
120.1320 	EXP 	Device response: <KeyPress from None: t=120.13170210001408, value=a, duration=None>
120.1403 	EXP 	New trial (rep=0, index=61): <Trial 61 (61 in rep 0) data={'Task': 'LDT', 'TrialType': 'Target', 'Stimuli': 'kell', 'StimulusType': 'nonword', 'CorrectResponse': 'a', 'Trialnumb': 164, 'thisN': 61, 'thisTrialN': 61, 'thisRepN': 0}>
120.1417 	DATA 	Keypress: a
120.1481 	EXP 	LDT_fix_text: autoDraw = False
120.1481 	EXP 	LDT_stim_text: autoDraw = False
120.1481 	EXP 	LDT_break_text: autoDraw = False
120.1481 	EXP 	LDT_stim_text: height = np.float64(0.1)
120.1481 	EXP 	LDT_stim_text: height = np.float64(0.1)
120.1481 	EXP 	LDT_stim_text: height = np.float64(0.1)
120.1481 	EXP 	LDT_stim_text: text = 'kell'
120.1481 	EXP 	LDT_fix_text: autoDraw = True
120.2736 	EXP 	Device response: <KeyPress from None: t=120.13170210001408, value=a, duration=0.1343561999965459>
120.6319 	EXP 	LDT_stim_text: autoDraw = True
120.6404 	EXP 	LDT_fix_text: autoDraw = False
121.4831 	EXP 	Device response: <KeyPress from None: t=121.48236840000027, value=a, duration=None>
121.4833 	EXP 	New trial (rep=0, index=62): <Trial 62 (62 in rep 0) data={'Task': 'LDT', 'TrialType': 'Target', 'Stimuli': 'half', 'StimulusType': 'word', 'CorrectResponse': 'l', 'Trialnumb': 51, 'thisN': 62, 'thisTrialN': 62, 'thisRepN': 0}>
121.4912 	EXP 	LDT_fix_text: autoDraw = False
121.4912 	EXP 	LDT_stim_text: autoDraw = False
121.4912 	EXP 	LDT_break_text: autoDraw = False
121.4912 	EXP 	LDT_stim_text: height = np.float64(0.1)
121.4912 	EXP 	LDT_stim_text: height = np.float64(0.1)
121.4912 	EXP 	LDT_stim_text: height = np.float64(0.1)
121.4912 	EXP 	LDT_stim_text: text = 'half'
121.4912 	EXP 	LDT_fix_text: autoDraw = True
121.4917 	DATA 	Keypress: a
121.6166 	EXP 	Device response: <KeyPress from None: t=121.48236840000027, value=a, duration=0.12765969999600202>
121.9749 	EXP 	LDT_stim_text: autoDraw = True
121.9833 	EXP 	LDT_fix_text: autoDraw = False
122.5926 	EXP 	Device response: <KeyPress from None: t=122.58622220001416, value=l, duration=None>
122.5928 	EXP 	New trial (rep=0, index=63): <Trial 63 (63 in rep 0) data={'Task': 'LDT', 'TrialType': 'Target', 'Stimuli': 'nind', 'StimulusType': 'nonword', 'CorrectResponse': 'a', 'Trialnumb': 177, 'thisN': 63, 'thisTrialN': 63, 'thisRepN': 0}>
122.6006 	EXP 	LDT_fix_text: autoDraw = False
122.6006 	EXP 	LDT_stim_text: autoDraw = False
122.6006 	EXP 	LDT_break_text: autoDraw = False
122.6006 	EXP 	LDT_stim_text: height = np.float64(0.1)
122.6006 	EXP 	LDT_stim_text: height = np.float64(0.1)
122.6006 	EXP 	LDT_stim_text: height = np.float64(0.1)
122.6006 	EXP 	LDT_stim_text: text = 'nind'
122.6006 	EXP 	LDT_fix_text: autoDraw = True
122.6011 	DATA 	Keypress: l
122.6676 	EXP 	Device response: <KeyPress from None: t=122.58622220001416, value=l, duration=0.08035199998994358>
123.0844 	EXP 	LDT_stim_text: autoDraw = True
123.0929 	EXP 	LDT_fix_text: autoDraw = False
123.7938 	EXP 	Device response: <KeyPress from None: t=123.78614909999305, value=a, duration=None>
123.7940 	EXP 	New trial (rep=0, index=64): <Trial 64 (64 in rep 0) data={'Task': 'LDT', 'TrialType': 'Target', 'Stimuli': 'hirs', 'StimulusType': 'nonword', 'CorrectResponse': 'a', 'Trialnumb': 153, 'thisN': 64, 'thisTrialN': 64, 'thisRepN': 0}>
123.8019 	EXP 	LDT_fix_text: autoDraw = False
123.8019 	EXP 	LDT_stim_text: autoDraw = False
123.8019 	EXP 	LDT_break_text: autoDraw = False
123.8019 	EXP 	LDT_stim_text: height = np.float64(0.1)
123.8019 	EXP 	LDT_stim_text: height = np.float64(0.1)
123.8019 	EXP 	LDT_stim_text: height = np.float64(0.1)
123.8019 	EXP 	LDT_stim_text: text = 'hirs'
123.8019 	EXP 	LDT_fix_text: autoDraw = True
123.8024 	DATA 	Keypress: a
123.8772 	EXP 	Device response: <KeyPress from None: t=123.78614909999305, value=a, duration=0.08776910000597127>
124.2856 	EXP 	LDT_stim_text: autoDraw = True
124.2939 	EXP 	LDT_fix_text: autoDraw = False
124.9282 	EXP 	Device response: <KeyPress from None: t=124.92221010001958, value=a, duration=None>
124.9284 	EXP 	New trial (rep=0, index=65): <Trial 65 (65 in rep 0) data={'Task': 'LDT', 'TrialType': 'Target', 'Stimuli': 'stort', 'StimulusType': 'nonword', 'CorrectResponse': 'a', 'Trialnumb': 201, 'thisN': 65, 'thisTrialN': 65, 'thisRepN': 0}>
124.9364 	EXP 	LDT_fix_text: autoDraw = False
124.9364 	EXP 	LDT_stim_text: autoDraw = False
124.9364 	EXP 	LDT_break_text: autoDraw = False
124.9364 	EXP 	LDT_stim_text: height = np.float64(0.1)
124.9364 	EXP 	LDT_stim_text: height = np.float64(0.1)
124.9364 	EXP 	LDT_stim_text: height = np.float64(0.1)
124.9364 	EXP 	LDT_stim_text: text = 'stort'
124.9364 	EXP 	LDT_fix_text: autoDraw = True
124.9368 	DATA 	Keypress: a
125.0450 	EXP 	Device response: <KeyPress from None: t=124.92221010001958, value=a, duration=0.11967469999217428>
125.4200 	EXP 	LDT_stim_text: autoDraw = True
125.4284 	EXP 	LDT_fix_text: autoDraw = False
126.2045 	EXP 	Device response: <KeyPress from None: t=126.20227639999939, value=l, duration=None>
126.2048 	EXP 	New trial (rep=0, index=66): <Trial 66 (66 in rep 0) data={'Task': 'LDT', 'TrialType': 'Target', 'Stimuli': 'anto', 'StimulusType': 'nonword', 'CorrectResponse': 'a', 'Trialnumb': 117, 'thisN': 66, 'thisTrialN': 66, 'thisRepN': 0}>
126.2125 	EXP 	LDT_fix_text: autoDraw = False
126.2125 	EXP 	LDT_stim_text: autoDraw = False
126.2125 	EXP 	LDT_break_text: autoDraw = False
126.2125 	EXP 	LDT_stim_text: height = np.float64(0.1)
126.2125 	EXP 	LDT_stim_text: height = np.float64(0.1)
126.2125 	EXP 	LDT_stim_text: height = np.float64(0.1)
126.2125 	EXP 	LDT_stim_text: text = 'anto'
126.2125 	EXP 	LDT_fix_text: autoDraw = True
126.2130 	DATA 	Keypress: l
126.2545 	EXP 	Device response: <KeyPress from None: t=126.20227639999939, value=l, duration=0.04819480000878684>
126.6963 	EXP 	LDT_stim_text: autoDraw = True
126.7046 	EXP 	LDT_fix_text: autoDraw = False
127.3472 	EXP 	Device response: <KeyPress from None: t=127.34585120002157, value=a, duration=None>
127.3475 	EXP 	New trial (rep=0, index=67): <Trial 67 (67 in rep 0) data={'Task': 'LDT', 'TrialType': 'Target', 'Stimuli': 'eall', 'StimulusType': 'nonword', 'CorrectResponse': 'a', 'Trialnumb': 138, 'thisN': 67, 'thisTrialN': 67, 'thisRepN': 0}>
127.3553 	EXP 	LDT_fix_text: autoDraw = False
127.3553 	EXP 	LDT_stim_text: autoDraw = False
127.3553 	EXP 	LDT_break_text: autoDraw = False
127.3553 	EXP 	LDT_stim_text: height = np.float64(0.1)
127.3553 	EXP 	LDT_stim_text: height = np.float64(0.1)
127.3553 	EXP 	LDT_stim_text: height = np.float64(0.1)
127.3553 	EXP 	LDT_stim_text: text = 'eall'
127.3553 	EXP 	LDT_fix_text: autoDraw = True
127.3558 	DATA 	Keypress: a
127.4974 	EXP 	Device response: <KeyPress from None: t=127.34585120002157, value=a, duration=0.14391449998947792>
127.8391 	EXP 	LDT_stim_text: autoDraw = True
127.8475 	EXP 	LDT_fix_text: autoDraw = False
128.4734 	EXP 	Device response: <KeyPress from None: t=128.46574060001876, value=a, duration=None>
128.4736 	EXP 	New trial (rep=0, index=68): <Trial 68 (68 in rep 0) data={'Task': 'LDT', 'TrialType': 'Target', 'Stimuli': 'group', 'StimulusType': 'word', 'CorrectResponse': 'l', 'Trialnumb': 20, 'thisN': 68, 'thisTrialN': 68, 'thisRepN': 0}>
128.4814 	EXP 	LDT_fix_text: autoDraw = False
128.4814 	EXP 	LDT_stim_text: autoDraw = False
128.4814 	EXP 	LDT_break_text: autoDraw = False
128.4814 	EXP 	LDT_stim_text: height = np.float64(0.1)
128.4814 	EXP 	LDT_stim_text: height = np.float64(0.1)
128.4814 	EXP 	LDT_stim_text: height = np.float64(0.1)
128.4814 	EXP 	LDT_stim_text: text = 'group'
128.4814 	EXP 	LDT_fix_text: autoDraw = True
128.4820 	DATA 	Keypress: a
128.6235 	EXP 	Device response: <KeyPress from None: t=128.46574060001876, value=a, duration=0.15241799998329952>
128.9652 	EXP 	LDT_stim_text: autoDraw = True
128.9736 	EXP 	LDT_fix_text: autoDraw = False
129.4827 	EXP 	Device response: <KeyPress from None: t=129.48217850000947, value=l, duration=None>
129.4830 	EXP 	New trial (rep=0, index=69): <Trial 69 (69 in rep 0) data={'Task': 'LDT', 'TrialType': 'Target', 'Stimuli': 'sloy', 'StimulusType': 'nonword', 'CorrectResponse': 'a', 'Trialnumb': 194, 'thisN': 69, 'thisTrialN': 69, 'thisRepN': 0}>
129.4908 	EXP 	LDT_fix_text: autoDraw = False
129.4908 	EXP 	LDT_stim_text: autoDraw = False
129.4908 	EXP 	LDT_break_text: autoDraw = False
129.4908 	EXP 	LDT_stim_text: height = np.float64(0.1)
129.4908 	EXP 	LDT_stim_text: height = np.float64(0.1)
129.4908 	EXP 	LDT_stim_text: height = np.float64(0.1)
129.4908 	EXP 	LDT_stim_text: text = 'sloy'
129.4908 	EXP 	LDT_fix_text: autoDraw = True
129.4913 	DATA 	Keypress: l
129.6246 	EXP 	Device response: <KeyPress from None: t=129.48217850000947, value=l, duration=0.1360493999964092>
129.9746 	EXP 	LDT_stim_text: autoDraw = True
129.9829 	EXP 	LDT_fix_text: autoDraw = False
130.5671 	EXP 	Device response: <KeyPress from None: t=130.56174500001362, value=a, duration=None>
130.5673 	EXP 	New trial (rep=0, index=70): <Trial 70 (70 in rep 0) data={'Task': 'LDT', 'TrialType': 'Target', 'Stimuli': 'ran', 'StimulusType': 'word', 'CorrectResponse': 'l', 'Trialnumb': 66, 'thisN': 70, 'thisTrialN': 70, 'thisRepN': 0}>
130.5753 	EXP 	LDT_fix_text: autoDraw = False
130.5753 	EXP 	LDT_stim_text: autoDraw = False
130.5753 	EXP 	LDT_break_text: autoDraw = False
130.5753 	EXP 	LDT_stim_text: height = np.float64(0.1)
130.5753 	EXP 	LDT_stim_text: height = np.float64(0.1)
130.5753 	EXP 	LDT_stim_text: height = np.float64(0.1)
130.5753 	EXP 	LDT_stim_text: text = 'ran'
130.5753 	EXP 	LDT_fix_text: autoDraw = True
130.5759 	DATA 	Keypress: a
130.7089 	EXP 	Device response: <KeyPress from None: t=130.56174500001362, value=a, duration=0.14546529998187907>
131.0590 	EXP 	LDT_stim_text: autoDraw = True
131.0673 	EXP 	LDT_fix_text: autoDraw = False
131.7517 	EXP 	Device response: <KeyPress from None: t=131.74612940000952, value=a, duration=None>
131.7519 	EXP 	New trial (rep=0, index=71): <Trial 71 (71 in rep 0) data={'Task': 'LDT', 'TrialType': 'Target', 'Stimuli': 'hide', 'StimulusType': 'word', 'CorrectResponse': 'l', 'Trialnumb': 68, 'thisN': 71, 'thisTrialN': 71, 'thisRepN': 0}>
131.7597 	EXP 	LDT_fix_text: autoDraw = False
131.7597 	EXP 	LDT_stim_text: autoDraw = False
131.7597 	EXP 	LDT_break_text: autoDraw = False
131.7597 	EXP 	LDT_stim_text: height = np.float64(0.1)
131.7597 	EXP 	LDT_stim_text: height = np.float64(0.1)
131.7597 	EXP 	LDT_stim_text: height = np.float64(0.1)
131.7597 	EXP 	LDT_stim_text: text = 'hide'
131.7597 	EXP 	LDT_fix_text: autoDraw = True
131.7602 	DATA 	Keypress: a
131.9018 	EXP 	Device response: <KeyPress from None: t=131.74612940000952, value=a, duration=0.15324290000717156>
132.2435 	EXP 	LDT_stim_text: autoDraw = True
132.2518 	EXP 	LDT_fix_text: autoDraw = False
132.7610 	EXP 	Device response: <KeyPress from None: t=132.75443160001305, value=l, duration=None>
132.7613 	EXP 	New trial (rep=0, index=72): <Trial 72 (72 in rep 0) data={'Task': 'LDT', 'TrialType': 'Target', 'Stimuli': 'jight', 'StimulusType': 'nonword', 'CorrectResponse': 'a', 'Trialnumb': 159, 'thisN': 72, 'thisTrialN': 72, 'thisRepN': 0}>
132.7691 	EXP 	LDT_fix_text: autoDraw = False
132.7691 	EXP 	LDT_stim_text: autoDraw = False
132.7691 	EXP 	LDT_break_text: autoDraw = False
132.7691 	EXP 	LDT_stim_text: height = np.float64(0.1)
132.7691 	EXP 	LDT_stim_text: height = np.float64(0.1)
132.7691 	EXP 	LDT_stim_text: height = np.float64(0.1)
132.7691 	EXP 	LDT_stim_text: text = 'jight'
132.7691 	EXP 	LDT_fix_text: autoDraw = True
132.7696 	DATA 	Keypress: l
132.8611 	EXP 	Device response: <KeyPress from None: t=132.75443160001305, value=l, duration=0.10372610000194982>
133.2528 	EXP 	LDT_stim_text: autoDraw = True
133.2612 	EXP 	LDT_fix_text: autoDraw = False
133.8037 	EXP 	Device response: <KeyPress from None: t=133.8031535000191, value=a, duration=None>
133.8039 	EXP 	New trial (rep=0, index=73): <Trial 73 (73 in rep 0) data={'Task': 'LDT', 'TrialType': 'Target', 'Stimuli': 'pook', 'StimulusType': 'nonword', 'CorrectResponse': 'a', 'Trialnumb': 182, 'thisN': 73, 'thisTrialN': 73, 'thisRepN': 0}>
133.8117 	EXP 	LDT_fix_text: autoDraw = False
133.8117 	EXP 	LDT_stim_text: autoDraw = False
133.8117 	EXP 	LDT_break_text: autoDraw = False
133.8117 	EXP 	LDT_stim_text: height = np.float64(0.1)
133.8117 	EXP 	LDT_stim_text: height = np.float64(0.1)
133.8117 	EXP 	LDT_stim_text: height = np.float64(0.1)
133.8117 	EXP 	LDT_stim_text: text = 'pook'
133.8117 	EXP 	LDT_fix_text: autoDraw = True
133.8123 	DATA 	Keypress: a
133.9456 	EXP 	Device response: <KeyPress from None: t=133.8031535000191, value=a, duration=0.13501169998198748>
134.2955 	EXP 	LDT_stim_text: autoDraw = True
134.3039 	EXP 	LDT_fix_text: autoDraw = False
134.7964 	EXP 	Device response: <KeyPress from None: t=134.79416049999418, value=l, duration=None>
134.7966 	EXP 	New trial (rep=0, index=74): <Trial 74 (74 in rep 0) data={'Task': 'LDT', 'TrialType': 'Target', 'Stimuli': 'toop', 'StimulusType': 'nonword', 'CorrectResponse': 'a', 'Trialnumb': 204, 'thisN': 74, 'thisTrialN': 74, 'thisRepN': 0}>
134.8044 	EXP 	LDT_fix_text: autoDraw = False
134.8044 	EXP 	LDT_stim_text: autoDraw = False
134.8044 	EXP 	LDT_break_text: autoDraw = False
134.8044 	EXP 	LDT_stim_text: height = np.float64(0.1)
134.8044 	EXP 	LDT_stim_text: height = np.float64(0.1)
134.8044 	EXP 	LDT_stim_text: height = np.float64(0.1)
134.8044 	EXP 	LDT_stim_text: text = 'toop'
134.8044 	EXP 	LDT_fix_text: autoDraw = True
134.8049 	DATA 	Keypress: l
134.8880 	EXP 	Device response: <KeyPress from None: t=134.79416049999418, value=l, duration=0.08937110000988469>
135.2882 	EXP 	LDT_stim_text: autoDraw = True
135.2965 	EXP 	LDT_fix_text: autoDraw = False
135.9808 	EXP 	Device response: <KeyPress from None: t=135.97857060001115, value=a, duration=None>
135.9811 	EXP 	New trial (rep=0, index=75): <Trial 75 (75 in rep 0) data={'Task': 'LDT', 'TrialType': 'Target', 'Stimuli': 'still', 'StimulusType': 'word', 'CorrectResponse': 'l', 'Trialnumb': 14, 'thisN': 75, 'thisTrialN': 75, 'thisRepN': 0}>
135.9890 	EXP 	LDT_fix_text: autoDraw = False
135.9890 	EXP 	LDT_stim_text: autoDraw = False
135.9890 	EXP 	LDT_break_text: autoDraw = False
135.9890 	EXP 	LDT_stim_text: height = np.float64(0.1)
135.9890 	EXP 	LDT_stim_text: height = np.float64(0.1)
135.9890 	EXP 	LDT_stim_text: height = np.float64(0.1)
135.9890 	EXP 	LDT_stim_text: text = 'still'
135.9890 	EXP 	LDT_fix_text: autoDraw = True
135.9895 	DATA 	Keypress: a
136.1143 	EXP 	Device response: <KeyPress from None: t=135.97857060001115, value=a, duration=0.12792589998571202>
136.4727 	EXP 	LDT_stim_text: autoDraw = True
136.4810 	EXP 	LDT_fix_text: autoDraw = False
137.0152 	EXP 	Device response: <KeyPress from None: t=137.01051160000497, value=l, duration=None>
137.0154 	EXP 	New trial (rep=0, index=76): <Trial 76 (76 in rep 0) data={'Task': 'LDT', 'TrialType': 'Target', 'Stimuli': 'sharp', 'StimulusType': 'word', 'CorrectResponse': 'l', 'Trialnumb': 94, 'thisN': 76, 'thisTrialN': 76, 'thisRepN': 0}>
137.0232 	EXP 	LDT_fix_text: autoDraw = False
137.0232 	EXP 	LDT_stim_text: autoDraw = False
137.0232 	EXP 	LDT_break_text: autoDraw = False
137.0232 	EXP 	LDT_stim_text: height = np.float64(0.1)
137.0232 	EXP 	LDT_stim_text: height = np.float64(0.1)
137.0232 	EXP 	LDT_stim_text: height = np.float64(0.1)
137.0232 	EXP 	LDT_stim_text: text = 'sharp'
137.0232 	EXP 	LDT_fix_text: autoDraw = True
137.0238 	DATA 	Keypress: l
137.1403 	EXP 	Device response: <KeyPress from None: t=137.01051160000497, value=l, duration=0.1214390000095591>
137.5071 	EXP 	LDT_stim_text: autoDraw = True
137.5154 	EXP 	LDT_fix_text: autoDraw = False
138.4667 	EXP 	Device response: <KeyPress from None: t=138.45909000001848, value=l, duration=None>
138.4669 	EXP 	New trial (rep=0, index=77): <Trial 77 (77 in rep 0) data={'Task': 'LDT', 'TrialType': 'Target', 'Stimuli': 'gray', 'StimulusType': 'word', 'CorrectResponse': 'l', 'Trialnumb': 98, 'thisN': 77, 'thisTrialN': 77, 'thisRepN': 0}>
138.4748 	EXP 	LDT_fix_text: autoDraw = False
138.4748 	EXP 	LDT_stim_text: autoDraw = False
138.4748 	EXP 	LDT_break_text: autoDraw = False
138.4748 	EXP 	LDT_stim_text: height = np.float64(0.1)
138.4748 	EXP 	LDT_stim_text: height = np.float64(0.1)
138.4748 	EXP 	LDT_stim_text: height = np.float64(0.1)
138.4748 	EXP 	LDT_stim_text: text = 'gray'
138.4748 	EXP 	LDT_fix_text: autoDraw = True
138.4753 	DATA 	Keypress: l
138.5167 	EXP 	Device response: <KeyPress from None: t=138.45909000001848, value=l, duration=0.055313599994406104>
138.9585 	EXP 	LDT_stim_text: autoDraw = True
138.9669 	EXP 	LDT_fix_text: autoDraw = False
139.6429 	EXP 	Device response: <KeyPress from None: t=139.64187320001656, value=l, duration=None>
139.6431 	EXP 	New trial (rep=0, index=78): <Trial 78 (78 in rep 0) data={'Task': 'LDT', 'TrialType': 'Target', 'Stimuli': 'flat', 'StimulusType': 'word', 'CorrectResponse': 'l', 'Trialnumb': 92, 'thisN': 78, 'thisTrialN': 78, 'thisRepN': 0}>
139.6510 	EXP 	LDT_fix_text: autoDraw = False
139.6510 	EXP 	LDT_stim_text: autoDraw = False
139.6510 	EXP 	LDT_break_text: autoDraw = False
139.6510 	EXP 	LDT_stim_text: height = np.float64(0.1)
139.6510 	EXP 	LDT_stim_text: height = np.float64(0.1)
139.6510 	EXP 	LDT_stim_text: height = np.float64(0.1)
139.6510 	EXP 	LDT_stim_text: text = 'flat'
139.6510 	EXP 	LDT_fix_text: autoDraw = True
139.6517 	DATA 	Keypress: l
139.7681 	EXP 	Device response: <KeyPress from None: t=139.64187320001656, value=l, duration=0.12036060000536963>
140.1347 	EXP 	LDT_stim_text: autoDraw = True
140.1430 	EXP 	LDT_fix_text: autoDraw = False
140.6188 	EXP 	Device response: <KeyPress from None: t=140.6113320000004, value=l, duration=None>
140.6191 	EXP 	New trial (rep=0, index=79): <Trial 79 (79 in rep 0) data={'Task': 'LDT', 'TrialType': 'Target', 'Stimuli': 'gied', 'StimulusType': 'nonword', 'CorrectResponse': 'a', 'Trialnumb': 146, 'thisN': 79, 'thisTrialN': 79, 'thisRepN': 0}>
140.6269 	EXP 	LDT_fix_text: autoDraw = False
140.6269 	EXP 	LDT_stim_text: autoDraw = False
140.6269 	EXP 	LDT_break_text: autoDraw = False
140.6269 	EXP 	LDT_stim_text: height = np.float64(0.1)
140.6269 	EXP 	LDT_stim_text: height = np.float64(0.1)
140.6269 	EXP 	LDT_stim_text: height = np.float64(0.1)
140.6269 	EXP 	LDT_stim_text: text = 'gied'
140.6269 	EXP 	LDT_fix_text: autoDraw = True
140.6274 	DATA 	Keypress: l
140.7359 	EXP 	Device response: <KeyPress from None: t=140.6113320000004, value=l, duration=0.11937520001083612>
141.1106 	EXP 	LDT_stim_text: autoDraw = True
141.1190 	EXP 	LDT_fix_text: autoDraw = False
141.6949 	EXP 	Device response: <KeyPress from None: t=141.69068369999877, value=a, duration=None>
141.6952 	EXP 	New trial (rep=0, index=80): <Trial 80 (80 in rep 0) data={'Task': 'LDT', 'TrialType': 'Target', 'Stimuli': 'large', 'StimulusType': 'word', 'CorrectResponse': 'l', 'Trialnumb': 29, 'thisN': 80, 'thisTrialN': 80, 'thisRepN': 0}>
141.7030 	EXP 	LDT_fix_text: autoDraw = False
141.7030 	EXP 	LDT_stim_text: autoDraw = False
141.7030 	EXP 	LDT_break_text: autoDraw = False
141.7030 	EXP 	LDT_stim_text: height = np.float64(0.1)
141.7030 	EXP 	LDT_stim_text: height = np.float64(0.1)
141.7030 	EXP 	LDT_stim_text: height = np.float64(0.1)
141.7030 	EXP 	LDT_stim_text: text = 'large'
141.7030 	EXP 	LDT_fix_text: autoDraw = True
141.7035 	DATA 	Keypress: a
141.8200 	EXP 	Device response: <KeyPress from None: t=141.69068369999877, value=a, duration=0.12780640000710264>
142.1867 	EXP 	LDT_stim_text: autoDraw = True
142.1950 	EXP 	LDT_fix_text: autoDraw = False
142.7293 	EXP 	Device response: <KeyPress from None: t=142.72192939999513, value=l, duration=None>
142.7295 	EXP 	New trial (rep=0, index=81): <Trial 81 (81 in rep 0) data={'Task': 'LDT', 'TrialType': 'Target', 'Stimuli': 'water', 'StimulusType': 'word', 'CorrectResponse': 'l', 'Trialnumb': 3, 'thisN': 81, 'thisTrialN': 81, 'thisRepN': 0}>
142.7373 	EXP 	LDT_fix_text: autoDraw = False
142.7373 	EXP 	LDT_stim_text: autoDraw = False
142.7373 	EXP 	LDT_break_text: autoDraw = False
142.7373 	EXP 	LDT_stim_text: height = np.float64(0.1)
142.7373 	EXP 	LDT_stim_text: height = np.float64(0.1)
142.7373 	EXP 	LDT_stim_text: height = np.float64(0.1)
142.7373 	EXP 	LDT_stim_text: text = 'water'
142.7373 	EXP 	LDT_fix_text: autoDraw = True
142.7379 	DATA 	Keypress: l
142.8126 	EXP 	Device response: <KeyPress from None: t=142.72192939999513, value=l, duration=0.08790589999989606>
143.2211 	EXP 	LDT_stim_text: autoDraw = True
143.2294 	EXP 	LDT_fix_text: autoDraw = False
143.7052 	EXP 	Device response: <KeyPress from None: t=143.69786650000606, value=l, duration=None>
143.7055 	EXP 	New trial (rep=0, index=82): <Trial 82 (82 in rep 0) data={'Task': 'LDT', 'TrialType': 'Target', 'Stimuli': 'kang', 'StimulusType': 'nonword', 'CorrectResponse': 'a', 'Trialnumb': 162, 'thisN': 82, 'thisTrialN': 82, 'thisRepN': 0}>
143.7134 	EXP 	LDT_fix_text: autoDraw = False
143.7134 	EXP 	LDT_stim_text: autoDraw = False
143.7134 	EXP 	LDT_break_text: autoDraw = False
143.7134 	EXP 	LDT_stim_text: height = np.float64(0.1)
143.7134 	EXP 	LDT_stim_text: height = np.float64(0.1)
143.7134 	EXP 	LDT_stim_text: height = np.float64(0.1)
143.7134 	EXP 	LDT_stim_text: text = 'kang'
143.7134 	EXP 	LDT_fix_text: autoDraw = True
143.7139 	DATA 	Keypress: l
143.8054 	EXP 	Device response: <KeyPress from None: t=143.69786650000606, value=l, duration=0.10421059999498539>
144.1971 	EXP 	LDT_stim_text: autoDraw = True
144.2054 	EXP 	LDT_fix_text: autoDraw = False
144.7562 	EXP 	Device response: <KeyPress from None: t=144.75428850000026, value=a, duration=None>
144.7565 	EXP 	New trial (rep=0, index=83): <Trial 83 (83 in rep 0) data={'Task': 'LDT', 'TrialType': 'Target', 'Stimuli': 'dry', 'StimulusType': 'word', 'CorrectResponse': 'l', 'Trialnumb': 77, 'thisN': 83, 'thisTrialN': 83, 'thisRepN': 0}>
144.7643 	EXP 	LDT_fix_text: autoDraw = False
144.7643 	EXP 	LDT_stim_text: autoDraw = False
144.7643 	EXP 	LDT_break_text: autoDraw = False
144.7643 	EXP 	LDT_stim_text: height = np.float64(0.1)
144.7643 	EXP 	LDT_stim_text: height = np.float64(0.1)
144.7643 	EXP 	LDT_stim_text: height = np.float64(0.1)
144.7643 	EXP 	LDT_stim_text: text = 'dry'
144.7643 	EXP 	LDT_fix_text: autoDraw = True
144.7647 	DATA 	Keypress: a
144.8813 	EXP 	Device response: <KeyPress from None: t=144.75428850000026, value=a, duration=0.11964509999961592>
145.2481 	EXP 	LDT_stim_text: autoDraw = True
145.2564 	EXP 	LDT_fix_text: autoDraw = False
145.9075 	EXP 	Device response: <KeyPress from None: t=145.90633739999612, value=l, duration=None>
145.9077 	EXP 	New trial (rep=0, index=84): <Trial 84 (84 in rep 0) data={'Task': 'LDT', 'TrialType': 'Target', 'Stimuli': 'boss', 'StimulusType': 'word', 'CorrectResponse': 'l', 'Trialnumb': 61, 'thisN': 84, 'thisTrialN': 84, 'thisRepN': 0}>
145.9155 	EXP 	LDT_fix_text: autoDraw = False
145.9155 	EXP 	LDT_stim_text: autoDraw = False
145.9155 	EXP 	LDT_break_text: autoDraw = False
145.9155 	EXP 	LDT_stim_text: height = np.float64(0.1)
145.9155 	EXP 	LDT_stim_text: height = np.float64(0.1)
145.9155 	EXP 	LDT_stim_text: height = np.float64(0.1)
145.9155 	EXP 	LDT_stim_text: text = 'boss'
145.9155 	EXP 	LDT_fix_text: autoDraw = True
145.9159 	DATA 	Keypress: l
145.9741 	EXP 	Device response: <KeyPress from None: t=145.90633739999612, value=l, duration=0.06467380002140999>
146.3992 	EXP 	LDT_stim_text: autoDraw = True
146.4076 	EXP 	LDT_fix_text: autoDraw = False
146.9168 	EXP 	Device response: <KeyPress from None: t=146.91444610001054, value=l, duration=None>
146.9170 	EXP 	New trial (rep=0, index=85): <Trial 85 (85 in rep 0) data={'Task': 'LDT', 'TrialType': 'Target', 'Stimuli': 'chat', 'StimulusType': 'word', 'CorrectResponse': 'l', 'Trialnumb': 103, 'thisN': 85, 'thisTrialN': 85, 'thisRepN': 0}>
146.9248 	EXP 	LDT_fix_text: autoDraw = False
146.9248 	EXP 	LDT_stim_text: autoDraw = False
146.9248 	EXP 	LDT_break_text: autoDraw = False
146.9248 	EXP 	LDT_stim_text: height = np.float64(0.1)
146.9248 	EXP 	LDT_stim_text: height = np.float64(0.1)
146.9248 	EXP 	LDT_stim_text: height = np.float64(0.1)
146.9248 	EXP 	LDT_stim_text: text = 'chat'
146.9248 	EXP 	LDT_fix_text: autoDraw = True
146.9253 	DATA 	Keypress: l
146.9919 	EXP 	Device response: <KeyPress from None: t=146.91444610001054, value=l, duration=0.07231849999516271>
147.4086 	EXP 	LDT_stim_text: autoDraw = True
147.4169 	EXP 	LDT_fix_text: autoDraw = False
147.9427 	EXP 	Device response: <KeyPress from None: t=147.93783000000985, value=l, duration=None>
147.9429 	EXP 	New trial (rep=0, index=86): <Trial 86 (86 in rep 0) data={'Task': 'LDT', 'TrialType': 'Target', 'Stimuli': 'back', 'StimulusType': 'word', 'CorrectResponse': 'l', 'Trialnumb': 8, 'thisN': 86, 'thisTrialN': 86, 'thisRepN': 0}>
147.9508 	EXP 	LDT_fix_text: autoDraw = False
147.9508 	EXP 	LDT_stim_text: autoDraw = False
147.9508 	EXP 	LDT_break_text: autoDraw = False
147.9508 	EXP 	LDT_stim_text: height = np.float64(0.1)
147.9508 	EXP 	LDT_stim_text: height = np.float64(0.1)
147.9508 	EXP 	LDT_stim_text: height = np.float64(0.1)
147.9508 	EXP 	LDT_stim_text: text = 'back'
147.9508 	EXP 	LDT_fix_text: autoDraw = True
147.9512 	DATA 	Keypress: l
148.0262 	EXP 	Device response: <KeyPress from None: t=147.93783000000985, value=l, duration=0.08803779998561367>
148.4346 	EXP 	LDT_stim_text: autoDraw = True
148.4429 	EXP 	LDT_fix_text: autoDraw = False
149.1107 	EXP 	Device response: <KeyPress from None: t=149.10585829999764, value=l, duration=None>
149.1109 	EXP 	New trial (rep=0, index=87): <Trial 87 (87 in rep 0) data={'Task': 'LDT', 'TrialType': 'Target', 'Stimuli': 'stap', 'StimulusType': 'nonword', 'CorrectResponse': 'a', 'Trialnumb': 199, 'thisN': 87, 'thisTrialN': 87, 'thisRepN': 0}>
149.1186 	EXP 	LDT_fix_text: autoDraw = False
149.1186 	EXP 	LDT_stim_text: autoDraw = False
149.1186 	EXP 	LDT_break_text: autoDraw = False
149.1186 	EXP 	LDT_stim_text: height = np.float64(0.1)
149.1186 	EXP 	LDT_stim_text: height = np.float64(0.1)
149.1186 	EXP 	LDT_stim_text: height = np.float64(0.1)
149.1186 	EXP 	LDT_stim_text: text = 'stap'
149.1186 	EXP 	LDT_fix_text: autoDraw = True
149.1191 	DATA 	Keypress: l
149.1607 	EXP 	Device response: <KeyPress from None: t=149.10585829999764, value=l, duration=0.047970900021027774>
149.6024 	EXP 	LDT_stim_text: autoDraw = True
149.6109 	EXP 	LDT_fix_text: autoDraw = False
150.4870 	EXP 	Device response: <KeyPress from None: t=150.48267150000902, value=l, duration=None>
150.4872 	EXP 	New trial (rep=0, index=88): <Trial 88 (88 in rep 0) data={'Task': 'LDT', 'TrialType': 'Target', 'Stimuli': 'talm', 'StimulusType': 'nonword', 'CorrectResponse': 'a', 'Trialnumb': 202, 'thisN': 88, 'thisTrialN': 88, 'thisRepN': 0}>
150.4951 	EXP 	LDT_fix_text: autoDraw = False
150.4951 	EXP 	LDT_stim_text: autoDraw = False
150.4951 	EXP 	LDT_break_text: autoDraw = False
150.4951 	EXP 	LDT_stim_text: height = np.float64(0.1)
150.4951 	EXP 	LDT_stim_text: height = np.float64(0.1)
150.4951 	EXP 	LDT_stim_text: height = np.float64(0.1)
150.4951 	EXP 	LDT_stim_text: text = 'talm'
150.4951 	EXP 	LDT_fix_text: autoDraw = True
150.4956 	DATA 	Keypress: l
150.5872 	EXP 	Device response: <KeyPress from None: t=150.48267150000902, value=l, duration=0.10320469998987392>
150.9788 	EXP 	LDT_stim_text: autoDraw = True
150.9871 	EXP 	LDT_fix_text: autoDraw = False
151.5630 	EXP 	Device response: <KeyPress from None: t=151.5546394000121, value=a, duration=None>
151.5633 	EXP 	New trial (rep=0, index=89): <Trial 89 (89 in rep 0) data={'Task': 'LDT', 'TrialType': 'Target', 'Stimuli': 'smat', 'StimulusType': 'nonword', 'CorrectResponse': 'a', 'Trialnumb': 195, 'thisN': 89, 'thisTrialN': 89, 'thisRepN': 0}>
151.5648 	DATA 	Keypress: a
151.5711 	EXP 	LDT_fix_text: autoDraw = False
151.5711 	EXP 	LDT_stim_text: autoDraw = False
151.5711 	EXP 	LDT_break_text: autoDraw = False
151.5711 	EXP 	LDT_stim_text: height = np.float64(0.1)
151.5711 	EXP 	LDT_stim_text: height = np.float64(0.1)
151.5711 	EXP 	LDT_stim_text: height = np.float64(0.1)
151.5711 	EXP 	LDT_stim_text: text = 'smat'
151.5711 	EXP 	LDT_fix_text: autoDraw = True
151.6881 	EXP 	Device response: <KeyPress from None: t=151.5546394000121, value=a, duration=0.12708710000151768>
152.0549 	EXP 	LDT_stim_text: autoDraw = True
152.0632 	EXP 	LDT_fix_text: autoDraw = False
152.7725 	EXP 	Device response: <KeyPress from None: t=152.7704795000027, value=a, duration=None>
152.7728 	EXP 	New trial (rep=0, index=90): <Trial 90 (90 in rep 0) data={'Task': 'LDT', 'TrialType': 'Target', 'Stimuli': 'lay', 'StimulusType': 'word', 'CorrectResponse': 'l', 'Trialnumb': 71, 'thisN': 90, 'thisTrialN': 90, 'thisRepN': 0}>
152.7806 	EXP 	LDT_fix_text: autoDraw = False
152.7806 	EXP 	LDT_stim_text: autoDraw = False
152.7806 	EXP 	LDT_break_text: autoDraw = False
152.7806 	EXP 	LDT_stim_text: height = np.float64(0.1)
152.7806 	EXP 	LDT_stim_text: height = np.float64(0.1)
152.7806 	EXP 	LDT_stim_text: height = np.float64(0.1)
152.7806 	EXP 	LDT_stim_text: text = 'lay'
152.7806 	EXP 	LDT_fix_text: autoDraw = True
152.7811 	DATA 	Keypress: a
152.9311 	EXP 	Device response: <KeyPress from None: t=152.7704795000027, value=a, duration=0.15934549999656156>
153.2644 	EXP 	LDT_stim_text: autoDraw = True
153.2727 	EXP 	LDT_fix_text: autoDraw = False
153.8072 	EXP 	Device response: <KeyPress from None: t=153.80364840000402, value=l, duration=None>
153.8075 	EXP 	New trial (rep=0, index=91): <Trial 91 (91 in rep 0) data={'Task': 'LDT', 'TrialType': 'Target', 'Stimuli': 'ranny', 'StimulusType': 'nonword', 'CorrectResponse': 'a', 'Trialnumb': 114, 'thisN': 91, 'thisTrialN': 91, 'thisRepN': 0}>
153.8150 	EXP 	LDT_fix_text: autoDraw = False
153.8150 	EXP 	LDT_stim_text: autoDraw = False
153.8150 	EXP 	LDT_break_text: autoDraw = False
153.8150 	EXP 	LDT_stim_text: height = np.float64(0.1)
153.8150 	EXP 	LDT_stim_text: height = np.float64(0.1)
153.8150 	EXP 	LDT_stim_text: height = np.float64(0.1)
153.8150 	EXP 	LDT_stim_text: text = 'ranny'
153.8150 	EXP 	LDT_fix_text: autoDraw = True
153.8155 	DATA 	Keypress: l
153.9237 	EXP 	Device response: <KeyPress from None: t=153.80364840000402, value=l, duration=0.11905310000292957>
154.2988 	EXP 	LDT_stim_text: autoDraw = True
154.3072 	EXP 	LDT_fix_text: autoDraw = False
155.0415 	EXP 	Device response: <KeyPress from None: t=155.03455969999777, value=a, duration=None>
155.0417 	EXP 	New trial (rep=0, index=92): <Trial 92 (92 in rep 0) data={'Task': 'LDT', 'TrialType': 'Target', 'Stimuli': 'mears', 'StimulusType': 'nonword', 'CorrectResponse': 'a', 'Trialnumb': 172, 'thisN': 92, 'thisTrialN': 92, 'thisRepN': 0}>
155.0495 	EXP 	LDT_fix_text: autoDraw = False
155.0495 	EXP 	LDT_stim_text: autoDraw = False
155.0495 	EXP 	LDT_break_text: autoDraw = False
155.0495 	EXP 	LDT_stim_text: height = np.float64(0.1)
155.0495 	EXP 	LDT_stim_text: height = np.float64(0.1)
155.0495 	EXP 	LDT_stim_text: height = np.float64(0.1)
155.0495 	EXP 	LDT_stim_text: text = 'mears'
155.0495 	EXP 	LDT_fix_text: autoDraw = True
155.0501 	DATA 	Keypress: a
155.1834 	EXP 	Device response: <KeyPress from None: t=155.03455969999777, value=a, duration=0.1436886000155937>
155.5334 	EXP 	LDT_stim_text: autoDraw = True
155.5417 	EXP 	LDT_fix_text: autoDraw = False
156.0592 	EXP 	Device response: <KeyPress from None: t=156.05778259999352, value=l, duration=None>
156.0594 	EXP 	New trial (rep=0, index=93): <Trial 93 (93 in rep 0) data={'Task': 'LDT', 'TrialType': 'Target', 'Stimuli': 'vead', 'StimulusType': 'nonword', 'CorrectResponse': 'a', 'Trialnumb': 210, 'thisN': 93, 'thisTrialN': 93, 'thisRepN': 0}>
156.0672 	EXP 	LDT_fix_text: autoDraw = False
156.0672 	EXP 	LDT_stim_text: autoDraw = False
156.0672 	EXP 	LDT_break_text: autoDraw = False
156.0672 	EXP 	LDT_stim_text: height = np.float64(0.1)
156.0672 	EXP 	LDT_stim_text: height = np.float64(0.1)
156.0672 	EXP 	LDT_stim_text: height = np.float64(0.1)
156.0672 	EXP 	LDT_stim_text: text = 'vead'
156.0672 	EXP 	LDT_fix_text: autoDraw = True
156.0678 	DATA 	Keypress: l
156.1926 	EXP 	Device response: <KeyPress from None: t=156.05778259999352, value=l, duration=0.12804040001356043>
156.5510 	EXP 	LDT_stim_text: autoDraw = True
156.5594 	EXP 	LDT_fix_text: autoDraw = False
157.2604 	EXP 	Device response: <KeyPress from None: t=157.25798540000687, value=a, duration=None>
157.2606 	EXP 	New trial (rep=0, index=94): <Trial 94 (94 in rep 0) data={'Task': 'LDT', 'TrialType': 'Target', 'Stimuli': 'dass', 'StimulusType': 'nonword', 'CorrectResponse': 'a', 'Trialnumb': 135, 'thisN': 94, 'thisTrialN': 94, 'thisRepN': 0}>
157.2685 	EXP 	LDT_fix_text: autoDraw = False
157.2685 	EXP 	LDT_stim_text: autoDraw = False
157.2685 	EXP 	LDT_break_text: autoDraw = False
157.2685 	EXP 	LDT_stim_text: height = np.float64(0.1)
157.2685 	EXP 	LDT_stim_text: height = np.float64(0.1)
157.2685 	EXP 	LDT_stim_text: height = np.float64(0.1)
157.2685 	EXP 	LDT_stim_text: text = 'dass'
157.2685 	EXP 	LDT_fix_text: autoDraw = True
157.2693 	DATA 	Keypress: a
157.3771 	EXP 	Device response: <KeyPress from None: t=157.25798540000687, value=a, duration=0.11184359999606386>
157.7522 	EXP 	LDT_stim_text: autoDraw = True
157.7607 	EXP 	LDT_fix_text: autoDraw = False
158.4615 	EXP 	Device response: <KeyPress from None: t=158.4590175000194, value=a, duration=None>
158.4618 	EXP 	New trial (rep=0, index=95): <Trial 95 (95 in rep 0) data={'Task': 'LDT', 'TrialType': 'Target', 'Stimuli': 'daste', 'StimulusType': 'nonword', 'CorrectResponse': 'a', 'Trialnumb': 136, 'thisN': 95, 'thisTrialN': 95, 'thisRepN': 0}>
158.4696 	EXP 	LDT_fix_text: autoDraw = False
158.4696 	EXP 	LDT_stim_text: autoDraw = False
158.4696 	EXP 	LDT_break_text: autoDraw = False
158.4696 	EXP 	LDT_stim_text: height = np.float64(0.1)
158.4696 	EXP 	LDT_stim_text: height = np.float64(0.1)
158.4696 	EXP 	LDT_stim_text: height = np.float64(0.1)
158.4696 	EXP 	LDT_stim_text: text = 'daste'
158.4696 	EXP 	LDT_fix_text: autoDraw = True
158.4702 	DATA 	Keypress: a
158.6033 	EXP 	Device response: <KeyPress from None: t=158.4590175000194, value=a, duration=0.13595499997609295>
158.9534 	EXP 	LDT_stim_text: autoDraw = True
158.9617 	EXP 	LDT_fix_text: autoDraw = False
159.5293 	EXP 	Device response: <KeyPress from None: t=159.52246999999625, value=a, duration=None>
159.5295 	EXP 	New trial (rep=0, index=96): <Trial 96 (96 in rep 0) data={'Task': 'LDT', 'TrialType': 'Target', 'Stimuli': 'saos', 'StimulusType': 'nonword', 'CorrectResponse': 'a', 'Trialnumb': 115, 'thisN': 96, 'thisTrialN': 96, 'thisRepN': 0}>
159.5374 	EXP 	LDT_fix_text: autoDraw = False
159.5374 	EXP 	LDT_stim_text: autoDraw = False
159.5374 	EXP 	LDT_break_text: autoDraw = False
159.5374 	EXP 	LDT_stim_text: height = np.float64(0.1)
159.5374 	EXP 	LDT_stim_text: height = np.float64(0.1)
159.5374 	EXP 	LDT_stim_text: height = np.float64(0.1)
159.5374 	EXP 	LDT_stim_text: text = 'saos'
159.5374 	EXP 	LDT_fix_text: autoDraw = True
159.5381 	DATA 	Keypress: a
159.6545 	EXP 	Device response: <KeyPress from None: t=159.52246999999625, value=a, duration=0.12774789999821223>
160.0211 	EXP 	LDT_stim_text: autoDraw = True
160.0295 	EXP 	LDT_fix_text: autoDraw = False
160.5303 	EXP 	Device response: <KeyPress from None: t=160.52273240001523, value=a, duration=None>
160.5306 	EXP 	New trial (rep=0, index=97): <Trial 97 (97 in rep 0) data={'Task': 'LDT', 'TrialType': 'Target', 'Stimuli': 'juck', 'StimulusType': 'nonword', 'CorrectResponse': 'a', 'Trialnumb': 161, 'thisN': 97, 'thisTrialN': 97, 'thisRepN': 0}>
160.5384 	EXP 	LDT_fix_text: autoDraw = False
160.5384 	EXP 	LDT_stim_text: autoDraw = False
160.5384 	EXP 	LDT_break_text: autoDraw = False
160.5384 	EXP 	LDT_stim_text: height = np.float64(0.1)
160.5384 	EXP 	LDT_stim_text: height = np.float64(0.1)
160.5384 	EXP 	LDT_stim_text: height = np.float64(0.1)
160.5384 	EXP 	LDT_stim_text: text = 'juck'
160.5384 	EXP 	LDT_fix_text: autoDraw = True
160.5390 	DATA 	Keypress: a
160.6470 	EXP 	Device response: <KeyPress from None: t=160.52273240001523, value=a, duration=0.11982689998694696>
161.0221 	EXP 	LDT_stim_text: autoDraw = True
161.0305 	EXP 	LDT_fix_text: autoDraw = False
161.5230 	EXP 	Device response: <KeyPress from None: t=161.52249540001503, value=a, duration=None>
161.5233 	EXP 	New trial (rep=0, index=98): <Trial 98 (98 in rep 0) data={'Task': 'LDT', 'TrialType': 'Target', 'Stimuli': 'loak', 'StimulusType': 'nonword', 'CorrectResponse': 'a', 'Trialnumb': 169, 'thisN': 98, 'thisTrialN': 98, 'thisRepN': 0}>
161.5311 	EXP 	LDT_fix_text: autoDraw = False
161.5311 	EXP 	LDT_stim_text: autoDraw = False
161.5311 	EXP 	LDT_break_text: autoDraw = False
161.5311 	EXP 	LDT_stim_text: height = np.float64(0.1)
161.5311 	EXP 	LDT_stim_text: height = np.float64(0.1)
161.5311 	EXP 	LDT_stim_text: height = np.float64(0.1)
161.5311 	EXP 	LDT_stim_text: text = 'loak'
161.5311 	EXP 	LDT_fix_text: autoDraw = True
161.5316 	DATA 	Keypress: a
161.6481 	EXP 	Device response: <KeyPress from None: t=161.52249540001503, value=a, duration=0.12007929998799227>
162.0149 	EXP 	LDT_stim_text: autoDraw = True
162.0231 	EXP 	LDT_fix_text: autoDraw = False
162.5824 	EXP 	Device response: <KeyPress from None: t=162.57830850000028, value=a, duration=None>
162.5827 	EXP 	New trial (rep=0, index=99): <Trial 99 (99 in rep 0) data={'Task': 'LDT', 'TrialType': 'Target', 'Stimuli': 'host', 'StimulusType': 'word', 'CorrectResponse': 'l', 'Trialnumb': 106, 'thisN': 99, 'thisTrialN': 99, 'thisRepN': 0}>
162.5904 	EXP 	LDT_fix_text: autoDraw = False
162.5904 	EXP 	LDT_stim_text: autoDraw = False
162.5904 	EXP 	LDT_break_text: autoDraw = False
162.5904 	EXP 	LDT_stim_text: height = np.float64(0.1)
162.5904 	EXP 	LDT_stim_text: height = np.float64(0.1)
162.5904 	EXP 	LDT_stim_text: height = np.float64(0.1)
162.5904 	EXP 	LDT_stim_text: text = 'host'
162.5904 	EXP 	LDT_fix_text: autoDraw = True
162.5910 	DATA 	Keypress: a
162.6992 	EXP 	Device response: <KeyPress from None: t=162.57830850000028, value=a, duration=0.12036709999665618>
163.0742 	EXP 	LDT_stim_text: autoDraw = True
163.0825 	EXP 	LDT_fix_text: autoDraw = False
163.7919 	EXP 	Device response: <KeyPress from None: t=163.78681849999703, value=l, duration=None>
163.7922 	EXP 	New trial (rep=0, index=100): <Trial 100 (100 in rep 0) data={'Task': 'LDT', 'TrialType': 'Target', 'Stimuli': 'yast', 'StimulusType': 'nonword', 'CorrectResponse': 'a', 'Trialnumb': 218, 'thisN': 100, 'thisTrialN': 100, 'thisRepN': 0}>
163.7999 	EXP 	LDT_fix_text: autoDraw = False
163.7999 	EXP 	LDT_stim_text: autoDraw = False
163.7999 	EXP 	LDT_break_text: autoDraw = False
163.7999 	EXP 	LDT_stim_text: height = np.float64(0.1)
163.7999 	EXP 	LDT_stim_text: height = np.float64(0.1)
163.7999 	EXP 	LDT_stim_text: height = np.float64(0.1)
163.7999 	EXP 	LDT_stim_text: text = 'yast'
163.7999 	EXP 	LDT_fix_text: autoDraw = True
163.8005 	DATA 	Keypress: l
163.8919 	EXP 	Device response: <KeyPress from None: t=163.78681849999703, value=l, duration=0.10375300000305288>
164.2837 	EXP 	LDT_stim_text: autoDraw = True
164.2921 	EXP 	LDT_fix_text: autoDraw = False
164.9263 	EXP 	Device response: <KeyPress from None: t=164.9232527000131, value=a, duration=None>
164.9265 	EXP 	New trial (rep=0, index=101): <Trial 101 (101 in rep 0) data={'Task': 'LDT', 'TrialType': 'Target', 'Stimuli': 'ient', 'StimulusType': 'nonword', 'CorrectResponse': 'a', 'Trialnumb': 157, 'thisN': 101, 'thisTrialN': 101, 'thisRepN': 0}>
164.9344 	EXP 	LDT_fix_text: autoDraw = False
164.9344 	EXP 	LDT_stim_text: autoDraw = False
164.9344 	EXP 	LDT_break_text: autoDraw = False
164.9344 	EXP 	LDT_stim_text: height = np.float64(0.1)
164.9344 	EXP 	LDT_stim_text: height = np.float64(0.1)
164.9344 	EXP 	LDT_stim_text: height = np.float64(0.1)
164.9344 	EXP 	LDT_stim_text: text = 'ient'
164.9344 	EXP 	LDT_fix_text: autoDraw = True
164.9350 	DATA 	Keypress: a
165.0514 	EXP 	Device response: <KeyPress from None: t=164.9232527000131, value=a, duration=0.12742720000096597>
165.4182 	EXP 	LDT_stim_text: autoDraw = True
165.4266 	EXP 	LDT_fix_text: autoDraw = False
166.0024 	EXP 	Device response: <KeyPress from None: t=165.99464640000951, value=a, duration=None>
166.0027 	EXP 	New trial (rep=0, index=102): <Trial 102 (102 in rep 0) data={'Task': 'LDT', 'TrialType': 'Target', 'Stimuli': 'part', 'StimulusType': 'word', 'CorrectResponse': 'l', 'Trialnumb': 17, 'thisN': 102, 'thisTrialN': 102, 'thisRepN': 0}>
166.0105 	EXP 	LDT_fix_text: autoDraw = False
166.0105 	EXP 	LDT_stim_text: autoDraw = False
166.0105 	EXP 	LDT_break_text: autoDraw = False
166.0105 	EXP 	LDT_stim_text: height = np.float64(0.1)
166.0105 	EXP 	LDT_stim_text: height = np.float64(0.1)
166.0105 	EXP 	LDT_stim_text: height = np.float64(0.1)
166.0105 	EXP 	LDT_stim_text: text = 'part'
166.0105 	EXP 	LDT_fix_text: autoDraw = True
166.0110 	DATA 	Keypress: a
166.1359 	EXP 	Device response: <KeyPress from None: t=165.99464640000951, value=a, duration=0.13508479998563416>
166.4942 	EXP 	LDT_stim_text: autoDraw = True
166.5026 	EXP 	LDT_fix_text: autoDraw = False
167.0952 	EXP 	Device response: <KeyPress from None: t=167.09134610000183, value=l, duration=None>
167.0954 	EXP 	New trial (rep=0, index=103): <Trial 103 (103 in rep 0) data={'Task': 'LDT', 'TrialType': 'Target', 'Stimuli': 'haro', 'StimulusType': 'nonword', 'CorrectResponse': 'a', 'Trialnumb': 150, 'thisN': 103, 'thisTrialN': 103, 'thisRepN': 0}>
167.1032 	EXP 	LDT_fix_text: autoDraw = False
167.1032 	EXP 	LDT_stim_text: autoDraw = False
167.1032 	EXP 	LDT_break_text: autoDraw = False
167.1032 	EXP 	LDT_stim_text: height = np.float64(0.1)
167.1032 	EXP 	LDT_stim_text: height = np.float64(0.1)
167.1032 	EXP 	LDT_stim_text: height = np.float64(0.1)
167.1032 	EXP 	LDT_stim_text: text = 'haro'
167.1032 	EXP 	LDT_fix_text: autoDraw = True
167.1038 	DATA 	Keypress: l
167.1953 	EXP 	Device response: <KeyPress from None: t=167.09134610000183, value=l, duration=0.10254920000443235>
167.5870 	EXP 	LDT_stim_text: autoDraw = True
167.5954 	EXP 	LDT_fix_text: autoDraw = False
168.3881 	EXP 	Device response: <KeyPress from None: t=168.38602550001815, value=a, duration=None>
168.3883 	EXP 	New trial (rep=0, index=104): <Trial 104 (104 in rep 0) data={'Task': 'LDT', 'TrialType': 'Target', 'Stimuli': 'ugly', 'StimulusType': 'word', 'CorrectResponse': 'l', 'Trialnumb': 78, 'thisN': 104, 'thisTrialN': 104, 'thisRepN': 0}>
168.3961 	EXP 	LDT_fix_text: autoDraw = False
168.3961 	EXP 	LDT_stim_text: autoDraw = False
168.3961 	EXP 	LDT_break_text: autoDraw = False
168.3961 	EXP 	LDT_stim_text: height = np.float64(0.1)
168.3961 	EXP 	LDT_stim_text: height = np.float64(0.1)
168.3961 	EXP 	LDT_stim_text: height = np.float64(0.1)
168.3961 	EXP 	LDT_stim_text: text = 'ugly'
168.3961 	EXP 	LDT_fix_text: autoDraw = True
168.3967 	DATA 	Keypress: a
168.5132 	EXP 	Device response: <KeyPress from None: t=168.38602550001815, value=a, duration=0.12132289999863133>
168.8799 	EXP 	LDT_stim_text: autoDraw = True
168.8883 	EXP 	LDT_fix_text: autoDraw = False
169.5143 	EXP 	Device response: <KeyPress from None: t=169.50611180000124, value=l, duration=None>
169.5145 	EXP 	New trial (rep=0, index=105): <Trial 105 (105 in rep 0) data={'Task': 'LDT', 'TrialType': 'Target', 'Stimuli': 'strip', 'StimulusType': 'word', 'CorrectResponse': 'l', 'Trialnumb': 104, 'thisN': 105, 'thisTrialN': 105, 'thisRepN': 0}>
169.5223 	EXP 	LDT_fix_text: autoDraw = False
169.5223 	EXP 	LDT_stim_text: autoDraw = False
169.5223 	EXP 	LDT_break_text: autoDraw = False
169.5223 	EXP 	LDT_stim_text: height = np.float64(0.1)
169.5223 	EXP 	LDT_stim_text: height = np.float64(0.1)
169.5223 	EXP 	LDT_stim_text: height = np.float64(0.1)
169.5223 	EXP 	LDT_stim_text: text = 'strip'
169.5223 	EXP 	LDT_fix_text: autoDraw = True
169.5228 	DATA 	Keypress: l
169.6229 	EXP 	Device response: <KeyPress from None: t=169.50611180000124, value=l, duration=0.11256579999462701>
170.0061 	EXP 	LDT_stim_text: autoDraw = True
170.0144 	EXP 	LDT_fix_text: autoDraw = False
170.8739 	EXP 	Device response: <KeyPress from None: t=170.86632660002215, value=a, duration=None>
170.8742 	EXP 	New trial (rep=0, index=106): <Trial 106 (106 in rep 0) data={'Task': 'LDT', 'TrialType': 'Target', 'Stimuli': 'peaf', 'StimulusType': 'nonword', 'CorrectResponse': 'a', 'Trialnumb': 179, 'thisN': 106, 'thisTrialN': 106, 'thisRepN': 0}>
170.8820 	EXP 	LDT_fix_text: autoDraw = False
170.8820 	EXP 	LDT_stim_text: autoDraw = False
170.8820 	EXP 	LDT_break_text: autoDraw = False
170.8820 	EXP 	LDT_stim_text: height = np.float64(0.1)
170.8820 	EXP 	LDT_stim_text: height = np.float64(0.1)
170.8820 	EXP 	LDT_stim_text: height = np.float64(0.1)
170.8820 	EXP 	LDT_stim_text: text = 'peaf'
170.8820 	EXP 	LDT_fix_text: autoDraw = True
170.8825 	DATA 	Keypress: a
170.9739 	EXP 	Device response: <KeyPress from None: t=170.86632660002215, value=a, duration=0.10360469997976907>
171.3658 	EXP 	LDT_stim_text: autoDraw = True
171.3741 	EXP 	LDT_fix_text: autoDraw = False
172.0417 	EXP 	Device response: <KeyPress from None: t=172.0344349000079, value=a, duration=None>
172.0419 	EXP 	New trial (rep=0, index=107): <Trial 107 (107 in rep 0) data={'Task': 'LDT', 'TrialType': 'Target', 'Stimuli': 'cled', 'StimulusType': 'nonword', 'CorrectResponse': 'a', 'Trialnumb': 130, 'thisN': 107, 'thisTrialN': 107, 'thisRepN': 0}>
172.0498 	EXP 	LDT_fix_text: autoDraw = False
172.0498 	EXP 	LDT_stim_text: autoDraw = False
172.0498 	EXP 	LDT_break_text: autoDraw = False
172.0498 	EXP 	LDT_stim_text: height = np.float64(0.1)
172.0498 	EXP 	LDT_stim_text: height = np.float64(0.1)
172.0498 	EXP 	LDT_stim_text: height = np.float64(0.1)
172.0498 	EXP 	LDT_stim_text: text = 'cled'
172.0498 	EXP 	LDT_fix_text: autoDraw = True
172.0503 	DATA 	Keypress: a
172.1418 	EXP 	Device response: <KeyPress from None: t=172.0344349000079, value=a, duration=0.10345339999184944>
172.5336 	EXP 	LDT_stim_text: autoDraw = True
172.5419 	EXP 	LDT_fix_text: autoDraw = False
173.1344 	EXP 	Device response: <KeyPress from None: t=173.13024200001382, value=a, duration=None>
173.1347 	EXP 	New trial (rep=0, index=108): <Trial 108 (108 in rep 0) data={'Task': 'LDT', 'TrialType': 'Target', 'Stimuli': 'short', 'StimulusType': 'word', 'CorrectResponse': 'l', 'Trialnumb': 50, 'thisN': 108, 'thisTrialN': 108, 'thisRepN': 0}>
173.1425 	EXP 	LDT_fix_text: autoDraw = False
173.1425 	EXP 	LDT_stim_text: autoDraw = False
173.1425 	EXP 	LDT_break_text: autoDraw = False
173.1425 	EXP 	LDT_stim_text: height = np.float64(0.1)
173.1425 	EXP 	LDT_stim_text: height = np.float64(0.1)
173.1425 	EXP 	LDT_stim_text: height = np.float64(0.1)
173.1425 	EXP 	LDT_stim_text: text = 'short'
173.1425 	EXP 	LDT_fix_text: autoDraw = True
173.1431 	DATA 	Keypress: a
173.2263 	EXP 	Device response: <KeyPress from None: t=173.13024200001382, value=a, duration=0.0957973999902606>
173.6263 	EXP 	LDT_stim_text: autoDraw = True
173.6347 	EXP 	LDT_fix_text: autoDraw = False
174.1688 	EXP 	Device response: <KeyPress from None: t=174.16206649999367, value=l, duration=None>
174.1690 	EXP 	New trial (rep=0, index=109): <Trial 109 (109 in rep 0) data={'Task': 'LDT', 'TrialType': 'Target', 'Stimuli': 'zall', 'StimulusType': 'nonword', 'CorrectResponse': 'a', 'Trialnumb': 221, 'thisN': 109, 'thisTrialN': 109, 'thisRepN': 0}>
174.1769 	EXP 	LDT_fix_text: autoDraw = False
174.1769 	EXP 	LDT_stim_text: autoDraw = False
174.1769 	EXP 	LDT_break_text: autoDraw = False
174.1769 	EXP 	LDT_stim_text: height = np.float64(0.1)
174.1769 	EXP 	LDT_stim_text: height = np.float64(0.1)
174.1769 	EXP 	LDT_stim_text: height = np.float64(0.1)
174.1769 	EXP 	LDT_stim_text: text = 'zall'
174.1769 	EXP 	LDT_fix_text: autoDraw = True
174.1774 	DATA 	Keypress: l
174.2773 	EXP 	Device response: <KeyPress from None: t=174.16206649999367, value=l, duration=0.11169280001195148>
174.6607 	EXP 	LDT_stim_text: autoDraw = True
174.6691 	EXP 	LDT_fix_text: autoDraw = False
175.2033 	EXP 	Device response: <KeyPress from None: t=175.2019191000145, value=a, duration=None>
175.2036 	EXP 	New trial (rep=0, index=110): <Trial 110 (110 in rep 0) data={'Task': 'LDT', 'TrialType': 'Target', 'Stimuli': 'down', 'StimulusType': 'word', 'CorrectResponse': 'l', 'Trialnumb': 9, 'thisN': 110, 'thisTrialN': 110, 'thisRepN': 0}>
175.2112 	EXP 	LDT_fix_text: autoDraw = False
175.2112 	EXP 	LDT_stim_text: autoDraw = False
175.2112 	EXP 	LDT_break_text: autoDraw = False
175.2112 	EXP 	LDT_stim_text: height = np.float64(0.1)
175.2112 	EXP 	LDT_stim_text: height = np.float64(0.1)
175.2112 	EXP 	LDT_stim_text: height = np.float64(0.1)
175.2112 	EXP 	LDT_stim_text: text = 'down'
175.2112 	EXP 	LDT_fix_text: autoDraw = True
175.2119 	DATA 	Keypress: a
175.3367 	EXP 	Device response: <KeyPress from None: t=175.2019191000145, value=a, duration=0.12837900000158697>
175.6951 	EXP 	LDT_stim_text: autoDraw = True
175.7034 	EXP 	LDT_fix_text: autoDraw = False
176.3794 	EXP 	Device response: <KeyPress from None: t=176.37199430001783, value=l, duration=None>
176.3796 	EXP 	New trial (rep=0, index=111): <Trial 111 (111 in rep 0) data={'Task': 'LDT', 'TrialType': 'Target', 'Stimuli': 'seon', 'StimulusType': 'nonword', 'CorrectResponse': 'a', 'Trialnumb': 189, 'thisN': 111, 'thisTrialN': 111, 'thisRepN': 0}>
176.3874 	EXP 	LDT_fix_text: autoDraw = False
176.3874 	EXP 	LDT_stim_text: autoDraw = False
176.3874 	EXP 	LDT_break_text: autoDraw = False
176.3874 	EXP 	LDT_stim_text: height = np.float64(0.1)
176.3874 	EXP 	LDT_stim_text: height = np.float64(0.1)
176.3874 	EXP 	LDT_stim_text: height = np.float64(0.1)
176.3874 	EXP 	LDT_stim_text: text = 'seon'
176.3874 	EXP 	LDT_fix_text: autoDraw = True
176.3880 	DATA 	Keypress: l
176.4795 	EXP 	Device response: <KeyPress from None: t=176.37199430001783, value=l, duration=0.10251249998691492>
176.8712 	EXP 	LDT_stim_text: autoDraw = True
176.8796 	EXP 	LDT_fix_text: autoDraw = False
177.5140 	EXP 	Device response: <KeyPress from None: t=177.51371450000443, value=a, duration=None>
177.5224 	EXP 	New trial (rep=0, index=112): <Trial 112 (112 in rep 0) data={'Task': 'LDT', 'TrialType': 'Target', 'Stimuli': 'raise', 'StimulusType': 'word', 'CorrectResponse': 'l', 'Trialnumb': 73, 'thisN': 112, 'thisTrialN': 112, 'thisRepN': 0}>
177.5238 	DATA 	Keypress: a
177.5303 	EXP 	LDT_fix_text: autoDraw = False
177.5303 	EXP 	LDT_stim_text: autoDraw = False
177.5303 	EXP 	LDT_break_text: autoDraw = False
177.5303 	EXP 	LDT_stim_text: height = np.float64(0.1)
177.5303 	EXP 	LDT_stim_text: height = np.float64(0.1)
177.5303 	EXP 	LDT_stim_text: height = np.float64(0.1)
177.5303 	EXP 	LDT_stim_text: text = 'raise'
177.5303 	EXP 	LDT_fix_text: autoDraw = True
177.6723 	EXP 	Device response: <KeyPress from None: t=177.51371450000443, value=a, duration=0.1524007999978494>
178.0140 	EXP 	LDT_stim_text: autoDraw = True
178.0224 	EXP 	LDT_fix_text: autoDraw = False
178.6316 	EXP 	Device response: <KeyPress from None: t=178.62611179999658, value=l, duration=None>
178.6318 	EXP 	New trial (rep=0, index=113): <Trial 113 (113 in rep 0) data={'Task': 'LDT', 'TrialType': 'Target', 'Stimuli': 'war', 'StimulusType': 'word', 'CorrectResponse': 'l', 'Trialnumb': 55, 'thisN': 113, 'thisTrialN': 113, 'thisRepN': 0}>
178.6397 	EXP 	LDT_fix_text: autoDraw = False
178.6397 	EXP 	LDT_stim_text: autoDraw = False
178.6397 	EXP 	LDT_break_text: autoDraw = False
178.6397 	EXP 	LDT_stim_text: height = np.float64(0.1)
178.6397 	EXP 	LDT_stim_text: height = np.float64(0.1)
178.6397 	EXP 	LDT_stim_text: height = np.float64(0.1)
178.6397 	EXP 	LDT_stim_text: text = 'war'
178.6397 	EXP 	LDT_fix_text: autoDraw = True
178.6402 	DATA 	Keypress: l
178.7401 	EXP 	Device response: <KeyPress from None: t=178.62611179999658, value=l, duration=0.11177080002380535>
179.1235 	EXP 	LDT_stim_text: autoDraw = True
179.1318 	EXP 	LDT_fix_text: autoDraw = False
179.8579 	EXP 	Device response: <KeyPress from None: t=179.84980570001062, value=l, duration=None>
179.8583 	EXP 	New trial (rep=0, index=114): <Trial 114 (114 in rep 0) data={'Task': 'LDT', 'TrialType': 'Target', 'Stimuli': 'set', 'StimulusType': 'word', 'CorrectResponse': 'l', 'Trialnumb': 36, 'thisN': 114, 'thisTrialN': 114, 'thisRepN': 0}>
179.8659 	EXP 	LDT_fix_text: autoDraw = False
179.8659 	EXP 	LDT_stim_text: autoDraw = False
179.8659 	EXP 	LDT_break_text: autoDraw = False
179.8659 	EXP 	LDT_stim_text: height = np.float64(0.1)
179.8659 	EXP 	LDT_stim_text: height = np.float64(0.1)
179.8659 	EXP 	LDT_stim_text: height = np.float64(0.1)
179.8659 	EXP 	LDT_stim_text: text = 'set'
179.8659 	EXP 	LDT_fix_text: autoDraw = True
179.8665 	DATA 	Keypress: l
179.9496 	EXP 	Device response: <KeyPress from None: t=179.84980570001062, value=l, duration=0.09723859999212436>
180.3497 	EXP 	LDT_stim_text: autoDraw = True
180.3580 	EXP 	LDT_fix_text: autoDraw = False
181.1007 	EXP 	Device response: <KeyPress from None: t=181.099260100018, value=l, duration=None>
181.1010 	EXP 	New trial (rep=0, index=115): <Trial 115 (115 in rep 0) data={'Task': 'LDT', 'TrialType': 'Target', 'Stimuli': 'few', 'StimulusType': 'word', 'CorrectResponse': 'l', 'Trialnumb': 18, 'thisN': 115, 'thisTrialN': 115, 'thisRepN': 0}>
181.1088 	EXP 	LDT_fix_text: autoDraw = False
181.1088 	EXP 	LDT_stim_text: autoDraw = False
181.1088 	EXP 	LDT_break_text: autoDraw = False
181.1088 	EXP 	LDT_stim_text: height = np.float64(0.1)
181.1088 	EXP 	LDT_stim_text: height = np.float64(0.1)
181.1088 	EXP 	LDT_stim_text: height = np.float64(0.1)
181.1088 	EXP 	LDT_stim_text: text = 'few'
181.1088 	EXP 	LDT_fix_text: autoDraw = True
181.1094 	DATA 	Keypress: l
181.2008 	EXP 	Device response: <KeyPress from None: t=181.099260100018, value=l, duration=0.09534369999892078>
181.5926 	EXP 	LDT_stim_text: autoDraw = True
181.6010 	EXP 	LDT_fix_text: autoDraw = False
182.2270 	EXP 	Device response: <KeyPress from None: t=182.22654790000524, value=l, duration=None>
182.2272 	EXP 	New trial (rep=0, index=116): <Trial 116 (116 in rep 0) data={'Task': 'LDT', 'TrialType': 'Target', 'Stimuli': 'seef', 'StimulusType': 'nonword', 'CorrectResponse': 'a', 'Trialnumb': 187, 'thisN': 116, 'thisTrialN': 116, 'thisRepN': 0}>
182.2350 	EXP 	LDT_fix_text: autoDraw = False
182.2350 	EXP 	LDT_stim_text: autoDraw = False
182.2350 	EXP 	LDT_break_text: autoDraw = False
182.2350 	EXP 	LDT_stim_text: height = np.float64(0.1)
182.2350 	EXP 	LDT_stim_text: height = np.float64(0.1)
182.2350 	EXP 	LDT_stim_text: height = np.float64(0.1)
182.2350 	EXP 	LDT_stim_text: text = 'seef'
182.2350 	EXP 	LDT_fix_text: autoDraw = True
182.2355 	DATA 	Keypress: l
182.3354 	EXP 	Device response: <KeyPress from None: t=182.22654790000524, value=l, duration=0.10429049999220297>
182.7187 	EXP 	LDT_stim_text: autoDraw = True
182.7270 	EXP 	LDT_fix_text: autoDraw = False
183.3362 	EXP 	Device response: <KeyPress from None: t=183.3312975000008, value=a, duration=None>
183.3364 	EXP 	New trial (rep=0, index=117): <Trial 117 (117 in rep 0) data={'Task': 'LDT', 'TrialType': 'Target', 'Stimuli': 'class', 'StimulusType': 'word', 'CorrectResponse': 'l', 'Trialnumb': 19, 'thisN': 117, 'thisTrialN': 117, 'thisRepN': 0}>
183.3444 	EXP 	LDT_fix_text: autoDraw = False
183.3444 	EXP 	LDT_stim_text: autoDraw = False
183.3444 	EXP 	LDT_break_text: autoDraw = False
183.3444 	EXP 	LDT_stim_text: height = np.float64(0.1)
183.3444 	EXP 	LDT_stim_text: height = np.float64(0.1)
183.3444 	EXP 	LDT_stim_text: height = np.float64(0.1)
183.3444 	EXP 	LDT_stim_text: text = 'class'
183.3444 	EXP 	LDT_fix_text: autoDraw = True
183.3450 	DATA 	Keypress: a
183.4531 	EXP 	Device response: <KeyPress from None: t=183.3312975000008, value=a, duration=0.11855559999821708>
183.8281 	EXP 	LDT_stim_text: autoDraw = True
183.8365 	EXP 	LDT_fix_text: autoDraw = False
184.3123 	EXP 	Device response: <KeyPress from None: t=184.3065056000196, value=l, duration=None>
184.3126 	EXP 	New trial (rep=0, index=118): <Trial 118 (118 in rep 0) data={'Task': 'LDT', 'TrialType': 'Target', 'Stimuli': 'come', 'StimulusType': 'word', 'CorrectResponse': 'l', 'Trialnumb': 7, 'thisN': 118, 'thisTrialN': 118, 'thisRepN': 0}>
184.3204 	EXP 	LDT_fix_text: autoDraw = False
184.3204 	EXP 	LDT_stim_text: autoDraw = False
184.3204 	EXP 	LDT_break_text: autoDraw = False
184.3204 	EXP 	LDT_stim_text: height = np.float64(0.1)
184.3204 	EXP 	LDT_stim_text: height = np.float64(0.1)
184.3204 	EXP 	LDT_stim_text: height = np.float64(0.1)
184.3204 	EXP 	LDT_stim_text: text = 'come'
184.3204 	EXP 	LDT_fix_text: autoDraw = True
184.3211 	DATA 	Keypress: l
184.4291 	EXP 	Device response: <KeyPress from None: t=184.3065056000196, value=l, duration=0.11926509998738766>
184.8041 	EXP 	LDT_stim_text: autoDraw = True
184.8125 	EXP 	LDT_fix_text: autoDraw = False
185.4300 	EXP 	Device response: <KeyPress from None: t=185.42585900000995, value=a, duration=None>
185.4303 	EXP 	New trial (rep=0, index=119): <Trial 119 (119 in rep 0) data={'Task': 'LDT', 'TrialType': 'Target', 'Stimuli': 'sere', 'StimulusType': 'nonword', 'CorrectResponse': 'a', 'Trialnumb': 190, 'thisN': 119, 'thisTrialN': 119, 'thisRepN': 0}>
185.4382 	EXP 	LDT_fix_text: autoDraw = False
185.4382 	EXP 	LDT_stim_text: autoDraw = False
185.4382 	EXP 	LDT_break_text: autoDraw = False
185.4382 	EXP 	LDT_stim_text: height = np.float64(0.1)
185.4382 	EXP 	LDT_stim_text: height = np.float64(0.1)
185.4382 	EXP 	LDT_stim_text: height = np.float64(0.1)
185.4382 	EXP 	LDT_stim_text: text = 'sere'
185.4382 	EXP 	LDT_fix_text: autoDraw = True
185.4387 	DATA 	Keypress: a
185.5468 	EXP 	Device response: <KeyPress from None: t=185.42585900000995, value=a, duration=0.12062919998425059>
185.9219 	EXP 	LDT_stim_text: autoDraw = True
185.9303 	EXP 	LDT_fix_text: autoDraw = False
186.5812 	EXP 	Device response: <KeyPress from None: t=186.57886000000872, value=a, duration=None>
186.5892 	EXP 	LDT_fix_text: autoDraw = False
186.5892 	EXP 	LDT_stim_text: autoDraw = False
186.5892 	EXP 	LDT_break_text: autoDraw = True
186.5899 	DATA 	Keypress: a
186.7063 	EXP 	Device response: <KeyPress from None: t=186.57886000000872, value=a, duration=0.1192563000076916>
188.0076 	EXP 	Device response: <KeyPress from None: t=188.0021407000022, value=space, duration=None>
188.0078 	EXP 	New trial (rep=0, index=120): <Trial 120 (120 in rep 0) data={'Task': 'LDT', 'TrialType': 'Target', 'Stimuli': 'snan', 'StimulusType': 'nonword', 'CorrectResponse': 'a', 'Trialnumb': 196, 'thisN': 120, 'thisTrialN': 120, 'thisRepN': 0}>
188.0157 	EXP 	LDT_break_text: autoDraw = False
188.0157 	EXP 	LDT_stim_text: height = np.float64(0.1)
188.0157 	EXP 	LDT_stim_text: height = np.float64(0.1)
188.0157 	EXP 	LDT_stim_text: height = np.float64(0.1)
188.0157 	EXP 	LDT_stim_text: text = 'snan'
188.0157 	EXP 	LDT_fix_text: autoDraw = True
188.0162 	DATA 	Keypress: space
188.1411 	EXP 	Device response: <KeyPress from None: t=188.0021407000022, value=space, duration=0.1359128000040073>
188.4995 	EXP 	LDT_stim_text: autoDraw = True
188.5078 	EXP 	LDT_fix_text: autoDraw = False
189.1087 	EXP 	Device response: <KeyPress from None: t=189.1060118000023, value=a, duration=None>
189.1089 	EXP 	New trial (rep=0, index=121): <Trial 121 (121 in rep 0) data={'Task': 'LDT', 'TrialType': 'Target', 'Stimuli': 'suck', 'StimulusType': 'word', 'CorrectResponse': 'l', 'Trialnumb': 83, 'thisN': 121, 'thisTrialN': 121, 'thisRepN': 0}>
189.1167 	EXP 	LDT_fix_text: autoDraw = False
189.1167 	EXP 	LDT_stim_text: autoDraw = False
189.1167 	EXP 	LDT_break_text: autoDraw = False
189.1167 	EXP 	LDT_stim_text: height = np.float64(0.1)
189.1167 	EXP 	LDT_stim_text: height = np.float64(0.1)
189.1167 	EXP 	LDT_stim_text: height = np.float64(0.1)
189.1167 	EXP 	LDT_stim_text: text = 'suck'
189.1167 	EXP 	LDT_fix_text: autoDraw = True
189.1173 	DATA 	Keypress: a
189.2338 	EXP 	Device response: <KeyPress from None: t=189.1060118000023, value=a, duration=0.1199487000121735>
189.6006 	EXP 	LDT_stim_text: autoDraw = True
189.6089 	EXP 	LDT_fix_text: autoDraw = False
190.2015 	EXP 	Device response: <KeyPress from None: t=190.19372040001326, value=l, duration=None>
190.2018 	EXP 	New trial (rep=0, index=122): <Trial 122 (122 in rep 0) data={'Task': 'LDT', 'TrialType': 'Target', 'Stimuli': 'hass', 'StimulusType': 'nonword', 'CorrectResponse': 'a', 'Trialnumb': 151, 'thisN': 122, 'thisTrialN': 122, 'thisRepN': 0}>
190.2095 	EXP 	LDT_fix_text: autoDraw = False
190.2095 	EXP 	LDT_stim_text: autoDraw = False
190.2095 	EXP 	LDT_break_text: autoDraw = False
190.2095 	EXP 	LDT_stim_text: height = np.float64(0.1)
190.2095 	EXP 	LDT_stim_text: height = np.float64(0.1)
190.2095 	EXP 	LDT_stim_text: height = np.float64(0.1)
190.2095 	EXP 	LDT_stim_text: text = 'hass'
190.2095 	EXP 	LDT_fix_text: autoDraw = True
190.2100 	DATA 	Keypress: l
190.3016 	EXP 	Device response: <KeyPress from None: t=190.19372040001326, value=l, duration=0.10460799999418668>
190.6933 	EXP 	LDT_stim_text: autoDraw = True
190.7017 	EXP 	LDT_fix_text: autoDraw = False
191.9032 	EXP 	Device response: <KeyPress from None: t=191.8979847000155, value=a, duration=None>
191.9034 	EXP 	New trial (rep=0, index=123): <Trial 123 (123 in rep 0) data={'Task': 'LDT', 'TrialType': 'Target', 'Stimuli': 'year', 'StimulusType': 'word', 'CorrectResponse': 'l', 'Trialnumb': 10, 'thisN': 123, 'thisTrialN': 123, 'thisRepN': 0}>
191.9112 	EXP 	LDT_fix_text: autoDraw = False
191.9112 	EXP 	LDT_stim_text: autoDraw = False
191.9112 	EXP 	LDT_break_text: autoDraw = False
191.9112 	EXP 	LDT_stim_text: height = np.float64(0.1)
191.9112 	EXP 	LDT_stim_text: height = np.float64(0.1)
191.9112 	EXP 	LDT_stim_text: height = np.float64(0.1)
191.9112 	EXP 	LDT_stim_text: text = 'year'
191.9112 	EXP 	LDT_fix_text: autoDraw = True
191.9117 	DATA 	Keypress: a
191.9950 	EXP 	Device response: <KeyPress from None: t=191.8979847000155, value=a, duration=0.08849719999125227>
192.3950 	EXP 	LDT_stim_text: autoDraw = True
192.4034 	EXP 	LDT_fix_text: autoDraw = False
192.8958 	EXP 	Device response: <KeyPress from None: t=192.89041300001554, value=l, duration=None>
192.8961 	EXP 	New trial (rep=0, index=124): <Trial 124 (124 in rep 0) data={'Task': 'LDT', 'TrialType': 'Target', 'Stimuli': 'trip', 'StimulusType': 'word', 'CorrectResponse': 'l', 'Trialnumb': 35, 'thisN': 124, 'thisTrialN': 124, 'thisRepN': 0}>
192.9039 	EXP 	LDT_fix_text: autoDraw = False
192.9039 	EXP 	LDT_stim_text: autoDraw = False
192.9039 	EXP 	LDT_break_text: autoDraw = False
192.9039 	EXP 	LDT_stim_text: height = np.float64(0.1)
192.9039 	EXP 	LDT_stim_text: height = np.float64(0.1)
192.9039 	EXP 	LDT_stim_text: height = np.float64(0.1)
192.9039 	EXP 	LDT_stim_text: text = 'trip'
192.9039 	EXP 	LDT_fix_text: autoDraw = True
192.9045 	DATA 	Keypress: l
193.0126 	EXP 	Device response: <KeyPress from None: t=192.89041300001554, value=l, duration=0.11945339999510907>
193.3877 	EXP 	LDT_stim_text: autoDraw = True
193.3960 	EXP 	LDT_fix_text: autoDraw = False
194.5475 	EXP 	Device response: <KeyPress from None: t=194.54659260000335, value=l, duration=None>
194.5478 	EXP 	New trial (rep=0, index=125): <Trial 125 (125 in rep 0) data={'Task': 'LDT', 'TrialType': 'Target', 'Stimuli': 'fere', 'StimulusType': 'nonword', 'CorrectResponse': 'a', 'Trialnumb': 140, 'thisN': 125, 'thisTrialN': 125, 'thisRepN': 0}>
194.5556 	EXP 	LDT_fix_text: autoDraw = False
194.5556 	EXP 	LDT_stim_text: autoDraw = False
194.5556 	EXP 	LDT_break_text: autoDraw = False
194.5556 	EXP 	LDT_stim_text: height = np.float64(0.1)
194.5556 	EXP 	LDT_stim_text: height = np.float64(0.1)
194.5556 	EXP 	LDT_stim_text: height = np.float64(0.1)
194.5556 	EXP 	LDT_stim_text: text = 'fere'
194.5556 	EXP 	LDT_fix_text: autoDraw = True
194.5560 	DATA 	Keypress: l
194.6559 	EXP 	Device response: <KeyPress from None: t=194.54659260000335, value=l, duration=0.1037341000046581>
195.0393 	EXP 	LDT_stim_text: autoDraw = True
195.0476 	EXP 	LDT_fix_text: autoDraw = False
195.5318 	EXP 	Device response: <KeyPress from None: t=195.5302661000169, value=a, duration=None>
195.5320 	EXP 	New trial (rep=0, index=126): <Trial 126 (126 in rep 0) data={'Task': 'LDT', 'TrialType': 'Target', 'Stimuli': 'rees', 'StimulusType': 'nonword', 'CorrectResponse': 'a', 'Trialnumb': 184, 'thisN': 126, 'thisTrialN': 126, 'thisRepN': 0}>
195.5398 	EXP 	LDT_fix_text: autoDraw = False
195.5398 	EXP 	LDT_stim_text: autoDraw = False
195.5398 	EXP 	LDT_break_text: autoDraw = False
195.5398 	EXP 	LDT_stim_text: height = np.float64(0.1)
195.5398 	EXP 	LDT_stim_text: height = np.float64(0.1)
195.5398 	EXP 	LDT_stim_text: height = np.float64(0.1)
195.5398 	EXP 	LDT_stim_text: text = 'rees'
195.5398 	EXP 	LDT_fix_text: autoDraw = True
195.5403 	DATA 	Keypress: a
195.6819 	EXP 	Device response: <KeyPress from None: t=195.5302661000169, value=a, duration=0.144093899987638>
196.0236 	EXP 	LDT_stim_text: autoDraw = True
196.0320 	EXP 	LDT_fix_text: autoDraw = False
196.5495 	EXP 	Device response: <KeyPress from None: t=196.54616510000778, value=a, duration=None>
196.5497 	EXP 	New trial (rep=0, index=127): <Trial 127 (127 in rep 0) data={'Task': 'LDT', 'TrialType': 'Target', 'Stimuli': 'end', 'StimulusType': 'word', 'CorrectResponse': 'l', 'Trialnumb': 33, 'thisN': 127, 'thisTrialN': 127, 'thisRepN': 0}>
196.5576 	EXP 	LDT_fix_text: autoDraw = False
196.5576 	EXP 	LDT_stim_text: autoDraw = False
196.5576 	EXP 	LDT_break_text: autoDraw = False
196.5576 	EXP 	LDT_stim_text: height = np.float64(0.1)
196.5576 	EXP 	LDT_stim_text: height = np.float64(0.1)
196.5576 	EXP 	LDT_stim_text: height = np.float64(0.1)
196.5576 	EXP 	LDT_stim_text: text = 'end'
196.5576 	EXP 	LDT_fix_text: autoDraw = True
196.5581 	DATA 	Keypress: a
196.6579 	EXP 	Device response: <KeyPress from None: t=196.54616510000778, value=a, duration=0.10422820001258515>
197.0413 	EXP 	LDT_stim_text: autoDraw = True
197.0496 	EXP 	LDT_fix_text: autoDraw = False
197.5504 	EXP 	Device response: <KeyPress from None: t=197.54603420000058, value=l, duration=None>
197.5507 	EXP 	New trial (rep=0, index=128): <Trial 128 (128 in rep 0) data={'Task': 'LDT', 'TrialType': 'Target', 'Stimuli': 'cing', 'StimulusType': 'nonword', 'CorrectResponse': 'a', 'Trialnumb': 127, 'thisN': 128, 'thisTrialN': 128, 'thisRepN': 0}>
197.5586 	EXP 	LDT_fix_text: autoDraw = False
197.5586 	EXP 	LDT_stim_text: autoDraw = False
197.5586 	EXP 	LDT_break_text: autoDraw = False
197.5586 	EXP 	LDT_stim_text: height = np.float64(0.1)
197.5586 	EXP 	LDT_stim_text: height = np.float64(0.1)
197.5586 	EXP 	LDT_stim_text: height = np.float64(0.1)
197.5586 	EXP 	LDT_stim_text: text = 'cing'
197.5586 	EXP 	LDT_fix_text: autoDraw = True
197.5592 	DATA 	Keypress: l
197.6589 	EXP 	Device response: <KeyPress from None: t=197.54603420000058, value=l, duration=0.11238679999951273>
198.0423 	EXP 	LDT_stim_text: autoDraw = True
198.0506 	EXP 	LDT_fix_text: autoDraw = False
198.6266 	EXP 	Device response: <KeyPress from None: t=198.6260714000091, value=a, duration=None>
198.6268 	EXP 	New trial (rep=0, index=129): <Trial 129 (129 in rep 0) data={'Task': 'LDT', 'TrialType': 'Target', 'Stimuli': 'pick', 'StimulusType': 'word', 'CorrectResponse': 'l', 'Trialnumb': 58, 'thisN': 129, 'thisTrialN': 129, 'thisRepN': 0}>
198.6346 	EXP 	LDT_fix_text: autoDraw = False
198.6346 	EXP 	LDT_stim_text: autoDraw = False
198.6346 	EXP 	LDT_break_text: autoDraw = False
198.6346 	EXP 	LDT_stim_text: height = np.float64(0.1)
198.6346 	EXP 	LDT_stim_text: height = np.float64(0.1)
198.6346 	EXP 	LDT_stim_text: height = np.float64(0.1)
198.6346 	EXP 	LDT_stim_text: text = 'pick'
198.6346 	EXP 	LDT_fix_text: autoDraw = True
198.6351 	DATA 	Keypress: a
198.7600 	EXP 	Device response: <KeyPress from None: t=198.6260714000091, value=a, duration=0.12836659999447875>
199.1184 	EXP 	LDT_stim_text: autoDraw = True
199.1267 	EXP 	LDT_fix_text: autoDraw = False
199.5942 	EXP 	Device response: <KeyPress from None: t=199.59375729999738, value=l, duration=None>
199.5945 	EXP 	New trial (rep=0, index=130): <Trial 130 (130 in rep 0) data={'Task': 'LDT', 'TrialType': 'Target', 'Stimuli': 'cean', 'StimulusType': 'nonword', 'CorrectResponse': 'a', 'Trialnumb': 126, 'thisN': 130, 'thisTrialN': 130, 'thisRepN': 0}>
199.6022 	EXP 	LDT_fix_text: autoDraw = False
199.6022 	EXP 	LDT_stim_text: autoDraw = False
199.6022 	EXP 	LDT_break_text: autoDraw = False
199.6022 	EXP 	LDT_stim_text: height = np.float64(0.1)
199.6022 	EXP 	LDT_stim_text: height = np.float64(0.1)
199.6022 	EXP 	LDT_stim_text: height = np.float64(0.1)
199.6022 	EXP 	LDT_stim_text: text = 'cean'
199.6022 	EXP 	LDT_fix_text: autoDraw = True
199.6027 	DATA 	Keypress: l
199.7109 	EXP 	Device response: <KeyPress from None: t=199.59375729999738, value=l, duration=0.11279990000184625>
200.0860 	EXP 	LDT_stim_text: autoDraw = True
200.0943 	EXP 	LDT_fix_text: autoDraw = False
200.5868 	EXP 	Device response: <KeyPress from None: t=200.57896990000154, value=l, duration=None>
200.5871 	EXP 	New trial (rep=0, index=131): <Trial 131 (131 in rep 0) data={'Task': 'LDT', 'TrialType': 'Target', 'Stimuli': 'tour', 'StimulusType': 'word', 'CorrectResponse': 'l', 'Trialnumb': 88, 'thisN': 131, 'thisTrialN': 131, 'thisRepN': 0}>
200.5948 	EXP 	LDT_fix_text: autoDraw = False
200.5948 	EXP 	LDT_stim_text: autoDraw = False
200.5948 	EXP 	LDT_break_text: autoDraw = False
200.5948 	EXP 	LDT_stim_text: height = np.float64(0.1)
200.5948 	EXP 	LDT_stim_text: height = np.float64(0.1)
200.5948 	EXP 	LDT_stim_text: height = np.float64(0.1)
200.5948 	EXP 	LDT_stim_text: text = 'tour'
200.5948 	EXP 	LDT_fix_text: autoDraw = True
200.5954 	DATA 	Keypress: l
200.7035 	EXP 	Device response: <KeyPress from None: t=200.57896990000154, value=l, duration=0.11967380001442507>
201.0786 	EXP 	LDT_stim_text: autoDraw = True
201.0870 	EXP 	LDT_fix_text: autoDraw = False
201.5544 	EXP 	Device response: <KeyPress from None: t=201.55381270000362, value=l, duration=None>
201.5547 	EXP 	New trial (rep=0, index=132): <Trial 132 (132 in rep 0) data={'Task': 'LDT', 'TrialType': 'Target', 'Stimuli': 'pack', 'StimulusType': 'word', 'CorrectResponse': 'l', 'Trialnumb': 76, 'thisN': 132, 'thisTrialN': 132, 'thisRepN': 0}>
201.5626 	EXP 	LDT_fix_text: autoDraw = False
201.5626 	EXP 	LDT_stim_text: autoDraw = False
201.5626 	EXP 	LDT_break_text: autoDraw = False
201.5626 	EXP 	LDT_stim_text: height = np.float64(0.1)
201.5626 	EXP 	LDT_stim_text: height = np.float64(0.1)
201.5626 	EXP 	LDT_stim_text: height = np.float64(0.1)
201.5626 	EXP 	LDT_stim_text: text = 'pack'
201.5626 	EXP 	LDT_fix_text: autoDraw = True
201.5631 	DATA 	Keypress: l
201.6796 	EXP 	Device response: <KeyPress from None: t=201.55381270000362, value=l, duration=0.12084210000466555>
202.0463 	EXP 	LDT_stim_text: autoDraw = True
202.0546 	EXP 	LDT_fix_text: autoDraw = False
202.5639 	EXP 	Device response: <KeyPress from None: t=202.56171730000642, value=l, duration=None>
202.5642 	EXP 	New trial (rep=0, index=133): <Trial 133 (133 in rep 0) data={'Task': 'LDT', 'TrialType': 'Target', 'Stimuli': 'left', 'StimulusType': 'word', 'CorrectResponse': 'l', 'Trialnumb': 27, 'thisN': 133, 'thisTrialN': 133, 'thisRepN': 0}>
202.5718 	EXP 	LDT_fix_text: autoDraw = False
202.5718 	EXP 	LDT_stim_text: autoDraw = False
202.5718 	EXP 	LDT_break_text: autoDraw = False
202.5718 	EXP 	LDT_stim_text: height = np.float64(0.1)
202.5718 	EXP 	LDT_stim_text: height = np.float64(0.1)
202.5718 	EXP 	LDT_stim_text: height = np.float64(0.1)
202.5718 	EXP 	LDT_stim_text: text = 'left'
202.5718 	EXP 	LDT_fix_text: autoDraw = True
202.5723 	DATA 	Keypress: l
202.6639 	EXP 	Device response: <KeyPress from None: t=202.56171730000642, value=l, duration=0.09683510000468232>
203.0556 	EXP 	LDT_stim_text: autoDraw = True
203.0640 	EXP 	LDT_fix_text: autoDraw = False
203.5315 	EXP 	Device response: <KeyPress from None: t=203.53040690001217, value=l, duration=None>
203.5317 	EXP 	New trial (rep=0, index=134): <Trial 134 (134 in rep 0) data={'Task': 'LDT', 'TrialType': 'Target', 'Stimuli': 'job', 'StimulusType': 'word', 'CorrectResponse': 'l', 'Trialnumb': 26, 'thisN': 134, 'thisTrialN': 134, 'thisRepN': 0}>
203.5394 	EXP 	LDT_fix_text: autoDraw = False
203.5394 	EXP 	LDT_stim_text: autoDraw = False
203.5394 	EXP 	LDT_break_text: autoDraw = False
203.5394 	EXP 	LDT_stim_text: height = np.float64(0.1)
203.5394 	EXP 	LDT_stim_text: height = np.float64(0.1)
203.5394 	EXP 	LDT_stim_text: height = np.float64(0.1)
203.5394 	EXP 	LDT_stim_text: text = 'job'
203.5394 	EXP 	LDT_fix_text: autoDraw = True
203.5399 	DATA 	Keypress: l
203.6481 	EXP 	Device response: <KeyPress from None: t=203.53040690001217, value=l, duration=0.11162959999637678>
204.0232 	EXP 	LDT_stim_text: autoDraw = True
204.0317 	EXP 	LDT_fix_text: autoDraw = False
204.6742 	EXP 	Device response: <KeyPress from None: t=204.6737425000174, value=l, duration=None>
204.6745 	EXP 	New trial (rep=0, index=135): <Trial 135 (135 in rep 0) data={'Task': 'LDT', 'TrialType': 'Target', 'Stimuli': 'cire', 'StimulusType': 'nonword', 'CorrectResponse': 'a', 'Trialnumb': 129, 'thisN': 135, 'thisTrialN': 135, 'thisRepN': 0}>
204.6823 	EXP 	LDT_fix_text: autoDraw = False
204.6823 	EXP 	LDT_stim_text: autoDraw = False
204.6823 	EXP 	LDT_break_text: autoDraw = False
204.6823 	EXP 	LDT_stim_text: height = np.float64(0.1)
204.6823 	EXP 	LDT_stim_text: height = np.float64(0.1)
204.6823 	EXP 	LDT_stim_text: height = np.float64(0.1)
204.6823 	EXP 	LDT_stim_text: text = 'cire'
204.6823 	EXP 	LDT_fix_text: autoDraw = True
204.6829 	DATA 	Keypress: l
204.7743 	EXP 	Device response: <KeyPress from None: t=204.6737425000174, value=l, duration=0.09593509999103844>
205.1660 	EXP 	LDT_stim_text: autoDraw = True
205.1744 	EXP 	LDT_fix_text: autoDraw = False
205.8838 	EXP 	Device response: <KeyPress from None: t=205.88214900001185, value=a, duration=None>
205.8840 	EXP 	New trial (rep=0, index=136): <Trial 136 (136 in rep 0) data={'Task': 'LDT', 'TrialType': 'Target', 'Stimuli': 'pulk', 'StimulusType': 'nonword', 'CorrectResponse': 'a', 'Trialnumb': 183, 'thisN': 136, 'thisTrialN': 136, 'thisRepN': 0}>
205.8918 	EXP 	LDT_fix_text: autoDraw = False
205.8918 	EXP 	LDT_stim_text: autoDraw = False
205.8918 	EXP 	LDT_break_text: autoDraw = False
205.8918 	EXP 	LDT_stim_text: height = np.float64(0.1)
205.8918 	EXP 	LDT_stim_text: height = np.float64(0.1)
205.8918 	EXP 	LDT_stim_text: height = np.float64(0.1)
205.8918 	EXP 	LDT_stim_text: text = 'pulk'
205.8918 	EXP 	LDT_fix_text: autoDraw = True
205.8923 	DATA 	Keypress: a
205.9921 	EXP 	Device response: <KeyPress from None: t=205.88214900001185, value=a, duration=0.103639100008877>
206.3756 	EXP 	LDT_stim_text: autoDraw = True
206.3839 	EXP 	LDT_fix_text: autoDraw = False
206.9515 	EXP 	Device response: <KeyPress from None: t=206.9463173999975, value=a, duration=None>
206.9517 	EXP 	New trial (rep=0, index=137): <Trial 137 (137 in rep 0) data={'Task': 'LDT', 'TrialType': 'Target', 'Stimuli': 'sound', 'StimulusType': 'word', 'CorrectResponse': 'l', 'Trialnumb': 40, 'thisN': 137, 'thisTrialN': 137, 'thisRepN': 0}>
206.9596 	EXP 	LDT_fix_text: autoDraw = False
206.9596 	EXP 	LDT_stim_text: autoDraw = False
206.9596 	EXP 	LDT_break_text: autoDraw = False
206.9596 	EXP 	LDT_stim_text: height = np.float64(0.1)
206.9596 	EXP 	LDT_stim_text: height = np.float64(0.1)
206.9596 	EXP 	LDT_stim_text: height = np.float64(0.1)
206.9596 	EXP 	LDT_stim_text: text = 'sound'
206.9596 	EXP 	LDT_fix_text: autoDraw = True
206.9601 	DATA 	Keypress: a
207.0850 	EXP 	Device response: <KeyPress from None: t=206.9463173999975, value=a, duration=0.13537030000588857>
207.4433 	EXP 	LDT_stim_text: autoDraw = True
207.4517 	EXP 	LDT_fix_text: autoDraw = False
207.9858 	EXP 	Device response: <KeyPress from None: t=207.97837090000394, value=l, duration=None>
207.9860 	EXP 	New trial (rep=0, index=138): <Trial 138 (138 in rep 0) data={'Task': 'LDT', 'TrialType': 'Target', 'Stimuli': 'spum', 'StimulusType': 'nonword', 'CorrectResponse': 'a', 'Trialnumb': 198, 'thisN': 138, 'thisTrialN': 138, 'thisRepN': 0}>
207.9939 	EXP 	LDT_fix_text: autoDraw = False
207.9939 	EXP 	LDT_stim_text: autoDraw = False
207.9939 	EXP 	LDT_break_text: autoDraw = False
207.9939 	EXP 	LDT_stim_text: height = np.float64(0.1)
207.9939 	EXP 	LDT_stim_text: height = np.float64(0.1)
207.9939 	EXP 	LDT_stim_text: height = np.float64(0.1)
207.9939 	EXP 	LDT_stim_text: text = 'spum'
207.9939 	EXP 	LDT_fix_text: autoDraw = True
207.9944 	DATA 	Keypress: l
208.0860 	EXP 	Device response: <KeyPress from None: t=207.97837090000394, value=l, duration=0.10358779999660328>
208.4777 	EXP 	LDT_stim_text: autoDraw = True
208.4860 	EXP 	LDT_fix_text: autoDraw = False
209.0955 	EXP 	Device response: <KeyPress from None: t=209.0905035000178, value=a, duration=None>
209.0958 	EXP 	New trial (rep=0, index=139): <Trial 139 (139 in rep 0) data={'Task': 'LDT', 'TrialType': 'Target', 'Stimuli': 'hear', 'StimulusType': 'word', 'CorrectResponse': 'l', 'Trialnumb': 37, 'thisN': 139, 'thisTrialN': 139, 'thisRepN': 0}>
209.1034 	EXP 	LDT_fix_text: autoDraw = False
209.1034 	EXP 	LDT_stim_text: autoDraw = False
209.1034 	EXP 	LDT_break_text: autoDraw = False
209.1034 	EXP 	LDT_stim_text: height = np.float64(0.1)
209.1034 	EXP 	LDT_stim_text: height = np.float64(0.1)
209.1034 	EXP 	LDT_stim_text: height = np.float64(0.1)
209.1034 	EXP 	LDT_stim_text: text = 'hear'
209.1034 	EXP 	LDT_fix_text: autoDraw = True
209.1040 	DATA 	Keypress: a
209.2121 	EXP 	Device response: <KeyPress from None: t=209.0905035000178, value=a, duration=0.11928129999432713>
209.5871 	EXP 	LDT_stim_text: autoDraw = True
209.5956 	EXP 	LDT_fix_text: autoDraw = False
210.0462 	EXP 	Device response: <KeyPress from None: t=210.04275769999367, value=l, duration=None>
210.0465 	EXP 	New trial (rep=0, index=140): <Trial 140 (140 in rep 0) data={'Task': 'LDT', 'TrialType': 'Target', 'Stimuli': 'lill', 'StimulusType': 'nonword', 'CorrectResponse': 'a', 'Trialnumb': 168, 'thisN': 140, 'thisTrialN': 140, 'thisRepN': 0}>
210.0543 	EXP 	LDT_fix_text: autoDraw = False
210.0543 	EXP 	LDT_stim_text: autoDraw = False
210.0543 	EXP 	LDT_break_text: autoDraw = False
210.0543 	EXP 	LDT_stim_text: height = np.float64(0.1)
210.0543 	EXP 	LDT_stim_text: height = np.float64(0.1)
210.0543 	EXP 	LDT_stim_text: height = np.float64(0.1)
210.0543 	EXP 	LDT_stim_text: text = 'lill'
210.0543 	EXP 	LDT_fix_text: autoDraw = True
210.0548 	DATA 	Keypress: l
210.1546 	EXP 	Device response: <KeyPress from None: t=210.04275769999367, value=l, duration=0.10385380001389422>
210.5381 	EXP 	LDT_stim_text: autoDraw = True
210.5464 	EXP 	LDT_fix_text: autoDraw = False
211.2974 	EXP 	Device response: <KeyPress from None: t=211.28966549999313, value=a, duration=None>
211.2977 	EXP 	New trial (rep=0, index=141): <Trial 141 (141 in rep 0) data={'Task': 'LDT', 'TrialType': 'Target', 'Stimuli': 'sad', 'StimulusType': 'word', 'CorrectResponse': 'l', 'Trialnumb': 69, 'thisN': 141, 'thisTrialN': 141, 'thisRepN': 0}>
211.3055 	EXP 	LDT_fix_text: autoDraw = False
211.3055 	EXP 	LDT_stim_text: autoDraw = False
211.3055 	EXP 	LDT_break_text: autoDraw = False
211.3055 	EXP 	LDT_stim_text: height = np.float64(0.1)
211.3055 	EXP 	LDT_stim_text: height = np.float64(0.1)
211.3055 	EXP 	LDT_stim_text: height = np.float64(0.1)
211.3055 	EXP 	LDT_stim_text: text = 'sad'
211.3055 	EXP 	LDT_fix_text: autoDraw = True
211.3060 	DATA 	Keypress: a
211.4142 	EXP 	Device response: <KeyPress from None: t=211.28966549999313, value=a, duration=0.12089380001998506>
211.7893 	EXP 	LDT_stim_text: autoDraw = True
211.7976 	EXP 	LDT_fix_text: autoDraw = False
212.7906 	EXP 	Device response: <KeyPress from None: t=212.78568369999994, value=l, duration=None>
212.7908 	EXP 	New trial (rep=0, index=142): <Trial 142 (142 in rep 0) data={'Task': 'LDT', 'TrialType': 'Target', 'Stimuli': 'berm', 'StimulusType': 'nonword', 'CorrectResponse': 'a', 'Trialnumb': 121, 'thisN': 142, 'thisTrialN': 142, 'thisRepN': 0}>
212.7987 	EXP 	LDT_fix_text: autoDraw = False
212.7987 	EXP 	LDT_stim_text: autoDraw = False
212.7987 	EXP 	LDT_break_text: autoDraw = False
212.7987 	EXP 	LDT_stim_text: height = np.float64(0.1)
212.7987 	EXP 	LDT_stim_text: height = np.float64(0.1)
212.7987 	EXP 	LDT_stim_text: height = np.float64(0.1)
212.7987 	EXP 	LDT_stim_text: text = 'berm'
212.7987 	EXP 	LDT_fix_text: autoDraw = True
212.7992 	DATA 	Keypress: l
212.8740 	EXP 	Device response: <KeyPress from None: t=212.78568369999994, value=l, duration=0.08097540002199821>
213.2825 	EXP 	LDT_stim_text: autoDraw = True
213.2908 	EXP 	LDT_fix_text: autoDraw = False
213.8834 	EXP 	Device response: <KeyPress from None: t=213.88259970000945, value=a, duration=None>
213.8837 	EXP 	New trial (rep=0, index=143): <Trial 143 (143 in rep 0) data={'Task': 'LDT', 'TrialType': 'Target', 'Stimuli': 'plan', 'StimulusType': 'word', 'CorrectResponse': 'l', 'Trialnumb': 53, 'thisN': 143, 'thisTrialN': 143, 'thisRepN': 0}>
213.8914 	EXP 	LDT_fix_text: autoDraw = False
213.8914 	EXP 	LDT_stim_text: autoDraw = False
213.8914 	EXP 	LDT_break_text: autoDraw = False
213.8914 	EXP 	LDT_stim_text: height = np.float64(0.1)
213.8914 	EXP 	LDT_stim_text: height = np.float64(0.1)
213.8914 	EXP 	LDT_stim_text: height = np.float64(0.1)
213.8914 	EXP 	LDT_stim_text: text = 'plan'
213.8914 	EXP 	LDT_fix_text: autoDraw = True
213.8920 	DATA 	Keypress: a
214.0002 	EXP 	Device response: <KeyPress from None: t=213.88259970000945, value=a, duration=0.11174019999452867>
214.3752 	EXP 	LDT_stim_text: autoDraw = True
214.3835 	EXP 	LDT_fix_text: autoDraw = False
215.3182 	EXP 	Device response: <KeyPress from None: t=215.31365950001054, value=l, duration=None>
215.3184 	EXP 	New trial (rep=0, index=144): <Trial 144 (144 in rep 0) data={'Task': 'LDT', 'TrialType': 'Target', 'Stimuli': 'green', 'StimulusType': 'word', 'CorrectResponse': 'l', 'Trialnumb': 38, 'thisN': 144, 'thisTrialN': 144, 'thisRepN': 0}>
215.3262 	EXP 	LDT_fix_text: autoDraw = False
215.3262 	EXP 	LDT_stim_text: autoDraw = False
215.3262 	EXP 	LDT_break_text: autoDraw = False
215.3262 	EXP 	LDT_stim_text: height = np.float64(0.1)
215.3262 	EXP 	LDT_stim_text: height = np.float64(0.1)
215.3262 	EXP 	LDT_stim_text: height = np.float64(0.1)
215.3262 	EXP 	LDT_stim_text: text = 'green'
215.3262 	EXP 	LDT_fix_text: autoDraw = True
215.3267 	DATA 	Keypress: l
215.3681 	EXP 	Device response: <KeyPress from None: t=215.31365950001054, value=l, duration=0.049643300008028746>
215.8100 	EXP 	LDT_stim_text: autoDraw = True
215.8183 	EXP 	LDT_fix_text: autoDraw = False
216.3859 	EXP 	Device response: <KeyPress from None: t=216.3778957000177, value=l, duration=None>
216.3861 	EXP 	New trial (rep=0, index=145): <Trial 145 (145 in rep 0) data={'Task': 'LDT', 'TrialType': 'Target', 'Stimuli': 'herl', 'StimulusType': 'nonword', 'CorrectResponse': 'a', 'Trialnumb': 152, 'thisN': 145, 'thisTrialN': 145, 'thisRepN': 0}>
216.3939 	EXP 	LDT_fix_text: autoDraw = False
216.3939 	EXP 	LDT_stim_text: autoDraw = False
216.3939 	EXP 	LDT_break_text: autoDraw = False
216.3939 	EXP 	LDT_stim_text: height = np.float64(0.1)
216.3939 	EXP 	LDT_stim_text: height = np.float64(0.1)
216.3939 	EXP 	LDT_stim_text: height = np.float64(0.1)
216.3939 	EXP 	LDT_stim_text: text = 'herl'
216.3939 	EXP 	LDT_fix_text: autoDraw = True
216.3944 	DATA 	Keypress: l
216.4862 	EXP 	Device response: <KeyPress from None: t=216.3778957000177, value=l, duration=0.10398169999825768>
216.8777 	EXP 	LDT_stim_text: autoDraw = True
216.8860 	EXP 	LDT_fix_text: autoDraw = False
217.6121 	EXP 	Device response: <KeyPress from None: t=217.61111270001857, value=a, duration=None>
217.6123 	EXP 	New trial (rep=0, index=146): <Trial 146 (146 in rep 0) data={'Task': 'LDT', 'TrialType': 'Target', 'Stimuli': 'flow', 'StimulusType': 'word', 'CorrectResponse': 'l', 'Trialnumb': 108, 'thisN': 146, 'thisTrialN': 146, 'thisRepN': 0}>
217.6202 	EXP 	LDT_fix_text: autoDraw = False
217.6202 	EXP 	LDT_stim_text: autoDraw = False
217.6202 	EXP 	LDT_break_text: autoDraw = False
217.6202 	EXP 	LDT_stim_text: height = np.float64(0.1)
217.6202 	EXP 	LDT_stim_text: height = np.float64(0.1)
217.6202 	EXP 	LDT_stim_text: height = np.float64(0.1)
217.6202 	EXP 	LDT_stim_text: text = 'flow'
217.6202 	EXP 	LDT_fix_text: autoDraw = True
217.6207 	DATA 	Keypress: a
217.7622 	EXP 	Device response: <KeyPress from None: t=217.61111270001857, value=a, duration=0.14311179998912849>
218.1040 	EXP 	LDT_stim_text: autoDraw = True
218.1124 	EXP 	LDT_fix_text: autoDraw = False
218.7634 	EXP 	Device response: <KeyPress from None: t=218.76186110000708, value=l, duration=None>
218.7637 	EXP 	New trial (rep=0, index=147): <Trial 147 (147 in rep 0) data={'Task': 'LDT', 'TrialType': 'Target', 'Stimuli': 'bond', 'StimulusType': 'word', 'CorrectResponse': 'l', 'Trialnumb': 87, 'thisN': 147, 'thisTrialN': 147, 'thisRepN': 0}>
218.7712 	EXP 	LDT_fix_text: autoDraw = False
218.7712 	EXP 	LDT_stim_text: autoDraw = False
218.7712 	EXP 	LDT_break_text: autoDraw = False
218.7712 	EXP 	LDT_stim_text: height = np.float64(0.1)
218.7712 	EXP 	LDT_stim_text: height = np.float64(0.1)
218.7712 	EXP 	LDT_stim_text: height = np.float64(0.1)
218.7712 	EXP 	LDT_stim_text: text = 'bond'
218.7712 	EXP 	LDT_fix_text: autoDraw = True
218.7719 	DATA 	Keypress: l
218.8801 	EXP 	Device response: <KeyPress from None: t=218.76186110000708, value=l, duration=0.11261909999302588>
219.2551 	EXP 	LDT_stim_text: autoDraw = True
219.2634 	EXP 	LDT_fix_text: autoDraw = False
219.8394 	EXP 	Device response: <KeyPress from None: t=219.83376589999534, value=l, duration=None>
219.8396 	EXP 	New trial (rep=0, index=148): <Trial 148 (148 in rep 0) data={'Task': 'LDT', 'TrialType': 'Target', 'Stimuli': 'boom', 'StimulusType': 'word', 'CorrectResponse': 'l', 'Trialnumb': 96, 'thisN': 148, 'thisTrialN': 148, 'thisRepN': 0}>
219.8473 	EXP 	LDT_fix_text: autoDraw = False
219.8473 	EXP 	LDT_stim_text: autoDraw = False
219.8473 	EXP 	LDT_break_text: autoDraw = False
219.8473 	EXP 	LDT_stim_text: height = np.float64(0.1)
219.8473 	EXP 	LDT_stim_text: height = np.float64(0.1)
219.8473 	EXP 	LDT_stim_text: height = np.float64(0.1)
219.8473 	EXP 	LDT_stim_text: text = 'boom'
219.8473 	EXP 	LDT_fix_text: autoDraw = True
219.8478 	DATA 	Keypress: l
219.9561 	EXP 	Device response: <KeyPress from None: t=219.83376589999534, value=l, duration=0.12026480000349693>
220.3312 	EXP 	LDT_stim_text: autoDraw = True
220.3395 	EXP 	LDT_fix_text: autoDraw = False
220.9822 	EXP 	Device response: <KeyPress from None: t=220.9784416000184, value=l, duration=None>
220.9824 	EXP 	New trial (rep=0, index=149): <Trial 149 (149 in rep 0) data={'Task': 'LDT', 'TrialType': 'Target', 'Stimuli': 'flen', 'StimulusType': 'nonword', 'CorrectResponse': 'a', 'Trialnumb': 141, 'thisN': 149, 'thisTrialN': 149, 'thisRepN': 0}>
220.9903 	EXP 	LDT_fix_text: autoDraw = False
220.9903 	EXP 	LDT_stim_text: autoDraw = False
220.9903 	EXP 	LDT_break_text: autoDraw = False
220.9903 	EXP 	LDT_stim_text: height = np.float64(0.1)
220.9903 	EXP 	LDT_stim_text: height = np.float64(0.1)
220.9903 	EXP 	LDT_stim_text: height = np.float64(0.1)
220.9903 	EXP 	LDT_stim_text: text = 'flen'
220.9903 	EXP 	LDT_fix_text: autoDraw = True
220.9909 	DATA 	Keypress: l
221.0989 	EXP 	Device response: <KeyPress from None: t=220.9784416000184, value=l, duration=0.11204549999092706>
221.4739 	EXP 	LDT_stim_text: autoDraw = True
221.4823 	EXP 	LDT_fix_text: autoDraw = False
222.1166 	EXP 	Device response: <KeyPress from None: t=222.11465390000376, value=a, duration=None>
222.1168 	EXP 	New trial (rep=0, index=150): <Trial 150 (150 in rep 0) data={'Task': 'LDT', 'TrialType': 'Target', 'Stimuli': 'party', 'StimulusType': 'word', 'CorrectResponse': 'l', 'Trialnumb': 59, 'thisN': 150, 'thisTrialN': 150, 'thisRepN': 0}>
222.1246 	EXP 	LDT_fix_text: autoDraw = False
222.1246 	EXP 	LDT_stim_text: autoDraw = False
222.1246 	EXP 	LDT_break_text: autoDraw = False
222.1246 	EXP 	LDT_stim_text: height = np.float64(0.1)
222.1246 	EXP 	LDT_stim_text: height = np.float64(0.1)
222.1246 	EXP 	LDT_stim_text: height = np.float64(0.1)
222.1246 	EXP 	LDT_stim_text: text = 'party'
222.1246 	EXP 	LDT_fix_text: autoDraw = True
222.1251 	DATA 	Keypress: a
222.2333 	EXP 	Device response: <KeyPress from None: t=222.11465390000376, value=a, duration=0.1116187000006903>
222.6085 	EXP 	LDT_stim_text: autoDraw = True
222.6167 	EXP 	LDT_fix_text: autoDraw = False
223.1926 	EXP 	Device response: <KeyPress from None: t=223.18639040002017, value=l, duration=None>
223.1929 	EXP 	New trial (rep=0, index=151): <Trial 151 (151 in rep 0) data={'Task': 'LDT', 'TrialType': 'Target', 'Stimuli': 'stip', 'StimulusType': 'nonword', 'CorrectResponse': 'a', 'Trialnumb': 200, 'thisN': 151, 'thisTrialN': 151, 'thisRepN': 0}>
223.2008 	EXP 	LDT_fix_text: autoDraw = False
223.2008 	EXP 	LDT_stim_text: autoDraw = False
223.2008 	EXP 	LDT_break_text: autoDraw = False
223.2008 	EXP 	LDT_stim_text: height = np.float64(0.1)
223.2008 	EXP 	LDT_stim_text: height = np.float64(0.1)
223.2008 	EXP 	LDT_stim_text: height = np.float64(0.1)
223.2008 	EXP 	LDT_stim_text: text = 'stip'
223.2008 	EXP 	LDT_fix_text: autoDraw = True
223.2013 	DATA 	Keypress: l
223.3179 	EXP 	Device response: <KeyPress from None: t=223.18639040002017, value=l, duration=0.12748979998286813>
223.6845 	EXP 	LDT_stim_text: autoDraw = True
223.6928 	EXP 	LDT_fix_text: autoDraw = False
224.2270 	EXP 	Device response: <KeyPress from None: t=224.22611469999538, value=l, duration=None>
224.2272 	EXP 	New trial (rep=0, index=152): <Trial 152 (152 in rep 0) data={'Task': 'LDT', 'TrialType': 'Target', 'Stimuli': 'long', 'StimulusType': 'word', 'CorrectResponse': 'l', 'Trialnumb': 6, 'thisN': 152, 'thisTrialN': 152, 'thisRepN': 0}>
224.2351 	EXP 	LDT_fix_text: autoDraw = False
224.2351 	EXP 	LDT_stim_text: autoDraw = False
224.2351 	EXP 	LDT_break_text: autoDraw = False
224.2351 	EXP 	LDT_stim_text: height = np.float64(0.1)
224.2351 	EXP 	LDT_stim_text: height = np.float64(0.1)
224.2351 	EXP 	LDT_stim_text: height = np.float64(0.1)
224.2351 	EXP 	LDT_stim_text: text = 'long'
224.2351 	EXP 	LDT_fix_text: autoDraw = True
224.2357 	DATA 	Keypress: l
224.3688 	EXP 	Device response: <KeyPress from None: t=224.22611469999538, value=l, duration=0.13628710000193678>
224.7188 	EXP 	LDT_stim_text: autoDraw = True
224.7272 	EXP 	LDT_fix_text: autoDraw = False
225.2030 	EXP 	Device response: <KeyPress from None: t=225.20204960001865, value=l, duration=None>
225.2032 	EXP 	New trial (rep=0, index=153): <Trial 153 (153 in rep 0) data={'Task': 'LDT', 'TrialType': 'Target', 'Stimuli': 'jite', 'StimulusType': 'nonword', 'CorrectResponse': 'a', 'Trialnumb': 160, 'thisN': 153, 'thisTrialN': 153, 'thisRepN': 0}>
225.2110 	EXP 	LDT_fix_text: autoDraw = False
225.2110 	EXP 	LDT_stim_text: autoDraw = False
225.2110 	EXP 	LDT_break_text: autoDraw = False
225.2110 	EXP 	LDT_stim_text: height = np.float64(0.1)
225.2110 	EXP 	LDT_stim_text: height = np.float64(0.1)
225.2110 	EXP 	LDT_stim_text: height = np.float64(0.1)
225.2110 	EXP 	LDT_stim_text: text = 'jite'
225.2110 	EXP 	LDT_fix_text: autoDraw = True
225.2116 	DATA 	Keypress: l
225.3364 	EXP 	Device response: <KeyPress from None: t=225.20204960001865, value=l, duration=0.1285384999937378>
225.6948 	EXP 	LDT_stim_text: autoDraw = True
225.7031 	EXP 	LDT_fix_text: autoDraw = False
226.2707 	EXP 	Device response: <KeyPress from None: t=226.26612210000167, value=a, duration=None>
226.2709 	EXP 	New trial (rep=0, index=154): <Trial 154 (154 in rep 0) data={'Task': 'LDT', 'TrialType': 'Target', 'Stimuli': 'mina', 'StimulusType': 'nonword', 'CorrectResponse': 'a', 'Trialnumb': 173, 'thisN': 154, 'thisTrialN': 154, 'thisRepN': 0}>
226.2788 	EXP 	LDT_fix_text: autoDraw = False
226.2788 	EXP 	LDT_stim_text: autoDraw = False
226.2788 	EXP 	LDT_break_text: autoDraw = False
226.2788 	EXP 	LDT_stim_text: height = np.float64(0.1)
226.2788 	EXP 	LDT_stim_text: height = np.float64(0.1)
226.2788 	EXP 	LDT_stim_text: height = np.float64(0.1)
226.2788 	EXP 	LDT_stim_text: text = 'mina'
226.2788 	EXP 	LDT_fix_text: autoDraw = True
226.2794 	DATA 	Keypress: a
226.3958 	EXP 	Device response: <KeyPress from None: t=226.26612210000167, value=a, duration=0.12827340001240373>
226.7625 	EXP 	LDT_stim_text: autoDraw = True
226.7709 	EXP 	LDT_fix_text: autoDraw = False
227.5053 	EXP 	Device response: <KeyPress from None: t=227.4978676000028, value=l, duration=None>
227.5055 	EXP 	New trial (rep=0, index=155): <Trial 155 (155 in rep 0) data={'Task': 'LDT', 'TrialType': 'Target', 'Stimuli': 'art', 'StimulusType': 'word', 'CorrectResponse': 'l', 'Trialnumb': 15, 'thisN': 155, 'thisTrialN': 155, 'thisRepN': 0}>
227.5133 	EXP 	LDT_fix_text: autoDraw = False
227.5133 	EXP 	LDT_stim_text: autoDraw = False
227.5133 	EXP 	LDT_break_text: autoDraw = False
227.5133 	EXP 	LDT_stim_text: height = np.float64(0.1)
227.5133 	EXP 	LDT_stim_text: height = np.float64(0.1)
227.5133 	EXP 	LDT_stim_text: height = np.float64(0.1)
227.5133 	EXP 	LDT_stim_text: text = 'art'
227.5133 	EXP 	LDT_fix_text: autoDraw = True
227.5140 	DATA 	Keypress: l
227.6220 	EXP 	Device response: <KeyPress from None: t=227.4978676000028, value=l, duration=0.12102280001272447>
227.9971 	EXP 	LDT_stim_text: autoDraw = True
228.0055 	EXP 	LDT_fix_text: autoDraw = False
228.5980 	EXP 	Device response: <KeyPress from None: t=228.5946139000007, value=l, duration=None>
228.5982 	EXP 	New trial (rep=0, index=156): <Trial 156 (156 in rep 0) data={'Task': 'LDT', 'TrialType': 'Target', 'Stimuli': 'basp', 'StimulusType': 'nonword', 'CorrectResponse': 'a', 'Trialnumb': 118, 'thisN': 156, 'thisTrialN': 156, 'thisRepN': 0}>
228.6060 	EXP 	LDT_fix_text: autoDraw = False
228.6060 	EXP 	LDT_stim_text: autoDraw = False
228.6060 	EXP 	LDT_break_text: autoDraw = False
228.6060 	EXP 	LDT_stim_text: height = np.float64(0.1)
228.6060 	EXP 	LDT_stim_text: height = np.float64(0.1)
228.6060 	EXP 	LDT_stim_text: height = np.float64(0.1)
228.6060 	EXP 	LDT_stim_text: text = 'basp'
228.6060 	EXP 	LDT_fix_text: autoDraw = True
228.6067 	DATA 	Keypress: l
228.7065 	EXP 	Device response: <KeyPress from None: t=228.5946139000007, value=l, duration=0.10383900001761504>
229.0899 	EXP 	LDT_stim_text: autoDraw = True
229.0982 	EXP 	LDT_fix_text: autoDraw = False
229.7992 	EXP 	Device response: <KeyPress from None: t=229.79396599999745, value=a, duration=None>
229.7995 	EXP 	New trial (rep=0, index=157): <Trial 157 (157 in rep 0) data={'Task': 'LDT', 'TrialType': 'Target', 'Stimuli': 'mutch', 'StimulusType': 'nonword', 'CorrectResponse': 'a', 'Trialnumb': 175, 'thisN': 157, 'thisTrialN': 157, 'thisRepN': 0}>
229.8073 	EXP 	LDT_fix_text: autoDraw = False
229.8073 	EXP 	LDT_stim_text: autoDraw = False
229.8073 	EXP 	LDT_break_text: autoDraw = False
229.8073 	EXP 	LDT_stim_text: height = np.float64(0.1)
229.8073 	EXP 	LDT_stim_text: height = np.float64(0.1)
229.8073 	EXP 	LDT_stim_text: height = np.float64(0.1)
229.8073 	EXP 	LDT_stim_text: text = 'mutch'
229.8073 	EXP 	LDT_fix_text: autoDraw = True
229.8078 	DATA 	Keypress: a
229.8994 	EXP 	Device response: <KeyPress from None: t=229.79396599999745, value=a, duration=0.10369240000727586>
230.2910 	EXP 	LDT_stim_text: autoDraw = True
230.2994 	EXP 	LDT_fix_text: autoDraw = False
231.1172 	EXP 	Device response: <KeyPress from None: t=231.1140828000207, value=a, duration=None>
231.1175 	EXP 	New trial (rep=0, index=158): <Trial 158 (158 in rep 0) data={'Task': 'LDT', 'TrialType': 'Target', 'Stimuli': 'data', 'StimulusType': 'word', 'CorrectResponse': 'l', 'Trialnumb': 41, 'thisN': 158, 'thisTrialN': 158, 'thisRepN': 0}>
231.1253 	EXP 	LDT_fix_text: autoDraw = False
231.1253 	EXP 	LDT_stim_text: autoDraw = False
231.1253 	EXP 	LDT_break_text: autoDraw = False
231.1253 	EXP 	LDT_stim_text: height = np.float64(0.1)
231.1253 	EXP 	LDT_stim_text: height = np.float64(0.1)
231.1253 	EXP 	LDT_stim_text: height = np.float64(0.1)
231.1253 	EXP 	LDT_stim_text: text = 'data'
231.1253 	EXP 	LDT_fix_text: autoDraw = True
231.1259 	DATA 	Keypress: a
231.2257 	EXP 	Device response: <KeyPress from None: t=231.1140828000207, value=a, duration=0.10456409998005256>
231.6090 	EXP 	LDT_stim_text: autoDraw = True
231.6174 	EXP 	LDT_fix_text: autoDraw = False
232.4101 	EXP 	Device response: <KeyPress from None: t=232.40277020001668, value=l, duration=None>
232.4103 	EXP 	New trial (rep=0, index=159): <Trial 159 (159 in rep 0) data={'Task': 'LDT', 'TrialType': 'Target', 'Stimuli': 'pess', 'StimulusType': 'nonword', 'CorrectResponse': 'a', 'Trialnumb': 180, 'thisN': 159, 'thisTrialN': 159, 'thisRepN': 0}>
232.4182 	EXP 	LDT_fix_text: autoDraw = False
232.4182 	EXP 	LDT_stim_text: autoDraw = False
232.4182 	EXP 	LDT_break_text: autoDraw = False
232.4182 	EXP 	LDT_stim_text: height = np.float64(0.1)
232.4182 	EXP 	LDT_stim_text: height = np.float64(0.1)
232.4182 	EXP 	LDT_stim_text: height = np.float64(0.1)
232.4182 	EXP 	LDT_stim_text: text = 'pess'
232.4182 	EXP 	LDT_fix_text: autoDraw = True
232.4188 	DATA 	Keypress: l
232.5019 	EXP 	Device response: <KeyPress from None: t=232.40277020001668, value=l, duration=0.09528419998241588>
232.9020 	EXP 	LDT_stim_text: autoDraw = True
232.9103 	EXP 	LDT_fix_text: autoDraw = False
234.2204 	EXP 	Device response: <KeyPress from None: t=234.21888030000264, value=a, duration=None>
234.2206 	EXP 	New trial (rep=0, index=160): <Trial 160 (160 in rep 0) data={'Task': 'LDT', 'TrialType': 'Target', 'Stimuli': 'werd', 'StimulusType': 'nonword', 'CorrectResponse': 'a', 'Trialnumb': 216, 'thisN': 160, 'thisTrialN': 160, 'thisRepN': 0}>
234.2284 	EXP 	LDT_fix_text: autoDraw = False
234.2284 	EXP 	LDT_stim_text: autoDraw = False
234.2284 	EXP 	LDT_break_text: autoDraw = False
234.2284 	EXP 	LDT_stim_text: height = np.float64(0.1)
234.2284 	EXP 	LDT_stim_text: height = np.float64(0.1)
234.2284 	EXP 	LDT_stim_text: height = np.float64(0.1)
234.2284 	EXP 	LDT_stim_text: text = 'werd'
234.2284 	EXP 	LDT_fix_text: autoDraw = True
234.2290 	DATA 	Keypress: a
234.3370 	EXP 	Device response: <KeyPress from None: t=234.21888030000264, value=a, duration=0.11170189999393187>
234.7121 	EXP 	LDT_stim_text: autoDraw = True
234.7205 	EXP 	LDT_fix_text: autoDraw = False
235.3130 	EXP 	Device response: <KeyPress from None: t=235.30564860001323, value=a, duration=None>
235.3132 	EXP 	New trial (rep=0, index=161): <Trial 161 (161 in rep 0) data={'Task': 'LDT', 'TrialType': 'Target', 'Stimuli': 'here', 'StimulusType': 'word', 'CorrectResponse': 'l', 'Trialnumb': 4, 'thisN': 161, 'thisTrialN': 161, 'thisRepN': 0}>
235.3212 	EXP 	LDT_fix_text: autoDraw = False
235.3212 	EXP 	LDT_stim_text: autoDraw = False
235.3212 	EXP 	LDT_break_text: autoDraw = False
235.3212 	EXP 	LDT_stim_text: height = np.float64(0.1)
235.3212 	EXP 	LDT_stim_text: height = np.float64(0.1)
235.3212 	EXP 	LDT_stim_text: height = np.float64(0.1)
235.3212 	EXP 	LDT_stim_text: text = 'here'
235.3212 	EXP 	LDT_fix_text: autoDraw = True
235.3217 	DATA 	Keypress: a
235.4215 	EXP 	Device response: <KeyPress from None: t=235.30564860001323, value=a, duration=0.11209879998932593>
235.8049 	EXP 	LDT_stim_text: autoDraw = True
235.8132 	EXP 	LDT_fix_text: autoDraw = False
236.4725 	EXP 	Device response: <KeyPress from None: t=236.46654130000388, value=l, duration=None>
236.4728 	EXP 	New trial (rep=0, index=162): <Trial 162 (162 in rep 0) data={'Task': 'LDT', 'TrialType': 'Target', 'Stimuli': 'rent', 'StimulusType': 'word', 'CorrectResponse': 'l', 'Trialnumb': 84, 'thisN': 162, 'thisTrialN': 162, 'thisRepN': 0}>
236.4806 	EXP 	LDT_fix_text: autoDraw = False
236.4806 	EXP 	LDT_stim_text: autoDraw = False
236.4806 	EXP 	LDT_break_text: autoDraw = False
236.4806 	EXP 	LDT_stim_text: height = np.float64(0.1)
236.4806 	EXP 	LDT_stim_text: height = np.float64(0.1)
236.4806 	EXP 	LDT_stim_text: height = np.float64(0.1)
236.4806 	EXP 	LDT_stim_text: text = 'rent'
236.4806 	EXP 	LDT_fix_text: autoDraw = True
236.4812 	DATA 	Keypress: l
236.5810 	EXP 	Device response: <KeyPress from None: t=236.46654130000388, value=l, duration=0.1123758000030648>
236.9644 	EXP 	LDT_stim_text: autoDraw = True
236.9727 	EXP 	LDT_fix_text: autoDraw = False
237.6737 	EXP 	Device response: <KeyPress from None: t=237.66608540000743, value=l, duration=None>
237.6740 	EXP 	New trial (rep=0, index=163): <Trial 163 (163 in rep 0) data={'Task': 'LDT', 'TrialType': 'Target', 'Stimuli': 'rear', 'StimulusType': 'word', 'CorrectResponse': 'l', 'Trialnumb': 110, 'thisN': 163, 'thisTrialN': 163, 'thisRepN': 0}>
237.6818 	EXP 	LDT_fix_text: autoDraw = False
237.6818 	EXP 	LDT_stim_text: autoDraw = False
237.6818 	EXP 	LDT_break_text: autoDraw = False
237.6818 	EXP 	LDT_stim_text: height = np.float64(0.1)
237.6818 	EXP 	LDT_stim_text: height = np.float64(0.1)
237.6818 	EXP 	LDT_stim_text: height = np.float64(0.1)
237.6818 	EXP 	LDT_stim_text: text = 'rear'
237.6818 	EXP 	LDT_fix_text: autoDraw = True
237.6823 	DATA 	Keypress: l
237.7989 	EXP 	Device response: <KeyPress from None: t=237.66608540000743, value=l, duration=0.12812909999047406>
238.1656 	EXP 	LDT_stim_text: autoDraw = True
238.1739 	EXP 	LDT_fix_text: autoDraw = False
239.3754 	EXP 	Device response: <KeyPress from None: t=239.3699362000043, value=a, duration=None>
239.3757 	EXP 	New trial (rep=0, index=164): <Trial 164 (164 in rep 0) data={'Task': 'LDT', 'TrialType': 'Target', 'Stimuli': 'serve', 'StimulusType': 'word', 'CorrectResponse': 'l', 'Trialnumb': 80, 'thisN': 164, 'thisTrialN': 164, 'thisRepN': 0}>
239.3835 	EXP 	LDT_fix_text: autoDraw = False
239.3835 	EXP 	LDT_stim_text: autoDraw = False
239.3835 	EXP 	LDT_break_text: autoDraw = False
239.3835 	EXP 	LDT_stim_text: height = np.float64(0.1)
239.3835 	EXP 	LDT_stim_text: height = np.float64(0.1)
239.3835 	EXP 	LDT_stim_text: height = np.float64(0.1)
239.3835 	EXP 	LDT_stim_text: text = 'serve'
239.3835 	EXP 	LDT_fix_text: autoDraw = True
239.3841 	DATA 	Keypress: a
239.5006 	EXP 	Device response: <KeyPress from None: t=239.3699362000043, value=a, duration=0.12859959999332204>
239.8673 	EXP 	LDT_stim_text: autoDraw = True
239.8756 	EXP 	LDT_fix_text: autoDraw = False
240.4097 	EXP 	Device response: <KeyPress from None: t=240.40215219999664, value=l, duration=None>
240.4099 	EXP 	New trial (rep=0, index=165): <Trial 165 (165 in rep 0) data={'Task': 'LDT', 'TrialType': 'Target', 'Stimuli': 'ate', 'StimulusType': 'word', 'CorrectResponse': 'l', 'Trialnumb': 85, 'thisN': 165, 'thisTrialN': 165, 'thisRepN': 0}>
240.4178 	EXP 	LDT_fix_text: autoDraw = False
240.4178 	EXP 	LDT_stim_text: autoDraw = False
240.4178 	EXP 	LDT_break_text: autoDraw = False
240.4178 	EXP 	LDT_stim_text: height = np.float64(0.1)
240.4178 	EXP 	LDT_stim_text: height = np.float64(0.1)
240.4178 	EXP 	LDT_stim_text: height = np.float64(0.1)
240.4178 	EXP 	LDT_stim_text: text = 'ate'
240.4178 	EXP 	LDT_fix_text: autoDraw = True
240.4184 	DATA 	Keypress: l
240.5181 	EXP 	Device response: <KeyPress from None: t=240.40215219999664, value=l, duration=0.11221900000236928>
240.9016 	EXP 	LDT_stim_text: autoDraw = True
240.9100 	EXP 	LDT_fix_text: autoDraw = False
241.6026 	EXP 	Device response: <KeyPress from None: t=241.60185890001594, value=l, duration=None>
241.6028 	EXP 	New trial (rep=0, index=166): <Trial 166 (166 in rep 0) data={'Task': 'LDT', 'TrialType': 'Target', 'Stimuli': 'judge', 'StimulusType': 'word', 'CorrectResponse': 'l', 'Trialnumb': 67, 'thisN': 166, 'thisTrialN': 166, 'thisRepN': 0}>
241.6107 	EXP 	LDT_fix_text: autoDraw = False
241.6107 	EXP 	LDT_stim_text: autoDraw = False
241.6107 	EXP 	LDT_break_text: autoDraw = False
241.6107 	EXP 	LDT_stim_text: height = np.float64(0.1)
241.6107 	EXP 	LDT_stim_text: height = np.float64(0.1)
241.6107 	EXP 	LDT_stim_text: height = np.float64(0.1)
241.6107 	EXP 	LDT_stim_text: text = 'judge'
241.6107 	EXP 	LDT_fix_text: autoDraw = True
241.6112 	DATA 	Keypress: l
241.7611 	EXP 	Device response: <KeyPress from None: t=241.60185890001594, value=l, duration=0.15186220000032336>
242.0945 	EXP 	LDT_stim_text: autoDraw = True
242.1028 	EXP 	LDT_fix_text: autoDraw = False
242.7537 	EXP 	Device response: <KeyPress from None: t=242.74591610001517, value=a, duration=None>
242.7540 	EXP 	New trial (rep=0, index=167): <Trial 167 (167 in rep 0) data={'Task': 'LDT', 'TrialType': 'Target', 'Stimuli': 'yeep', 'StimulusType': 'nonword', 'CorrectResponse': 'a', 'Trialnumb': 219, 'thisN': 167, 'thisTrialN': 167, 'thisRepN': 0}>
242.7618 	EXP 	LDT_fix_text: autoDraw = False
242.7618 	EXP 	LDT_stim_text: autoDraw = False
242.7618 	EXP 	LDT_break_text: autoDraw = False
242.7618 	EXP 	LDT_stim_text: height = np.float64(0.1)
242.7618 	EXP 	LDT_stim_text: height = np.float64(0.1)
242.7618 	EXP 	LDT_stim_text: height = np.float64(0.1)
242.7618 	EXP 	LDT_stim_text: text = 'yeep'
242.7618 	EXP 	LDT_fix_text: autoDraw = True
242.7624 	DATA 	Keypress: a
242.8539 	EXP 	Device response: <KeyPress from None: t=242.74591610001517, value=a, duration=0.1046994999924209>
243.2456 	EXP 	LDT_stim_text: autoDraw = True
243.2540 	EXP 	LDT_fix_text: autoDraw = False
244.3053 	EXP 	Device response: <KeyPress from None: t=244.29792030001408, value=l, duration=None>
244.3056 	EXP 	New trial (rep=0, index=168): <Trial 168 (168 in rep 0) data={'Task': 'LDT', 'TrialType': 'Target', 'Stimuli': 'hold', 'StimulusType': 'word', 'CorrectResponse': 'l', 'Trialnumb': 54, 'thisN': 168, 'thisTrialN': 168, 'thisRepN': 0}>
244.3134 	EXP 	LDT_fix_text: autoDraw = False
244.3134 	EXP 	LDT_stim_text: autoDraw = False
244.3134 	EXP 	LDT_break_text: autoDraw = False
244.3134 	EXP 	LDT_stim_text: height = np.float64(0.1)
244.3134 	EXP 	LDT_stim_text: height = np.float64(0.1)
244.3134 	EXP 	LDT_stim_text: height = np.float64(0.1)
244.3134 	EXP 	LDT_stim_text: text = 'hold'
244.3134 	EXP 	LDT_fix_text: autoDraw = True
244.3139 	DATA 	Keypress: l
244.4137 	EXP 	Device response: <KeyPress from None: t=244.29792030001408, value=l, duration=0.11195049999514595>
244.7971 	EXP 	LDT_stim_text: autoDraw = True
244.8055 	EXP 	LDT_fix_text: autoDraw = False
245.2729 	EXP 	Device response: <KeyPress from None: t=245.2657192000188, value=l, duration=None>
245.2731 	EXP 	New trial (rep=0, index=169): <Trial 169 (169 in rep 0) data={'Task': 'LDT', 'TrialType': 'Target', 'Stimuli': 'jeed', 'StimulusType': 'nonword', 'CorrectResponse': 'a', 'Trialnumb': 158, 'thisN': 169, 'thisTrialN': 169, 'thisRepN': 0}>
245.2810 	EXP 	LDT_fix_text: autoDraw = False
245.2810 	EXP 	LDT_stim_text: autoDraw = False
245.2810 	EXP 	LDT_break_text: autoDraw = False
245.2810 	EXP 	LDT_stim_text: height = np.float64(0.1)
245.2810 	EXP 	LDT_stim_text: height = np.float64(0.1)
245.2810 	EXP 	LDT_stim_text: height = np.float64(0.1)
245.2810 	EXP 	LDT_stim_text: text = 'jeed'
245.2810 	EXP 	LDT_fix_text: autoDraw = True
245.2815 	DATA 	Keypress: l
245.4065 	EXP 	Device response: <KeyPress from None: t=245.2657192000188, value=l, duration=0.13643210000009276>
245.7648 	EXP 	LDT_stim_text: autoDraw = True
245.7731 	EXP 	LDT_fix_text: autoDraw = False
246.6494 	EXP 	Device response: <KeyPress from None: t=246.6419237999944, value=a, duration=None>
246.6496 	EXP 	New trial (rep=0, index=170): <Trial 170 (170 in rep 0) data={'Task': 'LDT', 'TrialType': 'Target', 'Stimuli': 'air', 'StimulusType': 'word', 'CorrectResponse': 'l', 'Trialnumb': 34, 'thisN': 170, 'thisTrialN': 170, 'thisRepN': 0}>
246.6574 	EXP 	LDT_fix_text: autoDraw = False
246.6574 	EXP 	LDT_stim_text: autoDraw = False
246.6574 	EXP 	LDT_break_text: autoDraw = False
246.6574 	EXP 	LDT_stim_text: height = np.float64(0.1)
246.6574 	EXP 	LDT_stim_text: height = np.float64(0.1)
246.6574 	EXP 	LDT_stim_text: height = np.float64(0.1)
246.6574 	EXP 	LDT_stim_text: text = 'air'
246.6574 	EXP 	LDT_fix_text: autoDraw = True
246.6579 	DATA 	Keypress: a
246.7912 	EXP 	Device response: <KeyPress from None: t=246.6419237999944, value=a, duration=0.14538650002214126>
247.1412 	EXP 	LDT_stim_text: autoDraw = True
247.1496 	EXP 	LDT_fix_text: autoDraw = False
247.6253 	EXP 	Device response: <KeyPress from None: t=247.61803620000137, value=l, duration=None>
247.6256 	EXP 	New trial (rep=0, index=171): <Trial 171 (171 in rep 0) data={'Task': 'LDT', 'TrialType': 'Target', 'Stimuli': 'toas', 'StimulusType': 'nonword', 'CorrectResponse': 'a', 'Trialnumb': 203, 'thisN': 171, 'thisTrialN': 171, 'thisRepN': 0}>
247.6334 	EXP 	LDT_fix_text: autoDraw = False
247.6334 	EXP 	LDT_stim_text: autoDraw = False
247.6334 	EXP 	LDT_break_text: autoDraw = False
247.6334 	EXP 	LDT_stim_text: height = np.float64(0.1)
247.6334 	EXP 	LDT_stim_text: height = np.float64(0.1)
247.6334 	EXP 	LDT_stim_text: height = np.float64(0.1)
247.6334 	EXP 	LDT_stim_text: text = 'toas'
247.6334 	EXP 	LDT_fix_text: autoDraw = True
247.6340 	DATA 	Keypress: l
247.7504 	EXP 	Device response: <KeyPress from None: t=247.61803620000137, value=l, duration=0.12851209999644198>
248.1171 	EXP 	LDT_stim_text: autoDraw = True
248.1255 	EXP 	LDT_fix_text: autoDraw = False
248.7515 	EXP 	Device response: <KeyPress from None: t=248.7462953000213, value=a, duration=None>
248.7517 	EXP 	New trial (rep=0, index=172): <Trial 172 (172 in rep 0) data={'Task': 'LDT', 'TrialType': 'Target', 'Stimuli': 'gali', 'StimulusType': 'nonword', 'CorrectResponse': 'a', 'Trialnumb': 113, 'thisN': 172, 'thisTrialN': 172, 'thisRepN': 0}>
248.7594 	EXP 	LDT_fix_text: autoDraw = False
248.7594 	EXP 	LDT_stim_text: autoDraw = False
248.7594 	EXP 	LDT_break_text: autoDraw = False
248.7594 	EXP 	LDT_stim_text: height = np.float64(0.1)
248.7594 	EXP 	LDT_stim_text: height = np.float64(0.1)
248.7594 	EXP 	LDT_stim_text: height = np.float64(0.1)
248.7594 	EXP 	LDT_stim_text: text = 'gali'
248.7594 	EXP 	LDT_fix_text: autoDraw = True
248.7600 	DATA 	Keypress: a
248.8682 	EXP 	Device response: <KeyPress from None: t=248.7462953000213, value=a, duration=0.1203549999918323>
249.2432 	EXP 	LDT_stim_text: autoDraw = True
249.2516 	EXP 	LDT_fix_text: autoDraw = False
249.8860 	EXP 	Device response: <KeyPress from None: t=249.8816477000073, value=a, duration=None>
249.8863 	EXP 	New trial (rep=0, index=173): <Trial 173 (173 in rep 0) data={'Task': 'LDT', 'TrialType': 'Target', 'Stimuli': 'pay', 'StimulusType': 'word', 'CorrectResponse': 'l', 'Trialnumb': 42, 'thisN': 173, 'thisTrialN': 173, 'thisRepN': 0}>
249.8939 	EXP 	LDT_fix_text: autoDraw = False
249.8939 	EXP 	LDT_stim_text: autoDraw = False
249.8939 	EXP 	LDT_break_text: autoDraw = False
249.8939 	EXP 	LDT_stim_text: height = np.float64(0.1)
249.8939 	EXP 	LDT_stim_text: height = np.float64(0.1)
249.8939 	EXP 	LDT_stim_text: height = np.float64(0.1)
249.8939 	EXP 	LDT_stim_text: text = 'pay'
249.8939 	EXP 	LDT_fix_text: autoDraw = True
249.8944 	DATA 	Keypress: a
250.0193 	EXP 	Device response: <KeyPress from None: t=249.8816477000073, value=a, duration=0.13698410001234151>
250.3777 	EXP 	LDT_stim_text: autoDraw = True
250.3860 	EXP 	LDT_fix_text: autoDraw = False
250.9035 	EXP 	Device response: <KeyPress from None: t=250.8980380000139, value=l, duration=None>
250.9038 	EXP 	New trial (rep=0, index=174): <Trial 174 (174 in rep 0) data={'Task': 'LDT', 'TrialType': 'Target', 'Stimuli': 'pahe', 'StimulusType': 'nonword', 'CorrectResponse': 'a', 'Trialnumb': 178, 'thisN': 174, 'thisTrialN': 174, 'thisRepN': 0}>
250.9116 	EXP 	LDT_fix_text: autoDraw = False
250.9116 	EXP 	LDT_stim_text: autoDraw = False
250.9116 	EXP 	LDT_break_text: autoDraw = False
250.9116 	EXP 	LDT_stim_text: height = np.float64(0.1)
250.9116 	EXP 	LDT_stim_text: height = np.float64(0.1)
250.9116 	EXP 	LDT_stim_text: height = np.float64(0.1)
250.9116 	EXP 	LDT_stim_text: text = 'pahe'
250.9116 	EXP 	LDT_fix_text: autoDraw = True
250.9120 	DATA 	Keypress: l
251.0120 	EXP 	Device response: <KeyPress from None: t=250.8980380000139, value=l, duration=0.11252699999022298>
251.3954 	EXP 	LDT_stim_text: autoDraw = True
251.4038 	EXP 	LDT_fix_text: autoDraw = False
252.0213 	EXP 	Device response: <KeyPress from None: t=252.0191747000208, value=a, duration=None>
252.0215 	EXP 	New trial (rep=0, index=175): <Trial 175 (175 in rep 0) data={'Task': 'LDT', 'TrialType': 'Target', 'Stimuli': 'bust', 'StimulusType': 'word', 'CorrectResponse': 'l', 'Trialnumb': 91, 'thisN': 175, 'thisTrialN': 175, 'thisRepN': 0}>
252.0294 	EXP 	LDT_fix_text: autoDraw = False
252.0294 	EXP 	LDT_stim_text: autoDraw = False
252.0294 	EXP 	LDT_break_text: autoDraw = False
252.0294 	EXP 	LDT_stim_text: height = np.float64(0.1)
252.0294 	EXP 	LDT_stim_text: height = np.float64(0.1)
252.0294 	EXP 	LDT_stim_text: height = np.float64(0.1)
252.0294 	EXP 	LDT_stim_text: text = 'bust'
252.0294 	EXP 	LDT_fix_text: autoDraw = True
252.0299 	DATA 	Keypress: a
252.1464 	EXP 	Device response: <KeyPress from None: t=252.0191747000208, value=a, duration=0.11887779997778125>
252.5132 	EXP 	LDT_stim_text: autoDraw = True
252.5216 	EXP 	LDT_fix_text: autoDraw = False
253.1391 	EXP 	Device response: <KeyPress from None: t=253.1376962000213, value=l, duration=None>
253.1393 	EXP 	New trial (rep=0, index=176): <Trial 176 (176 in rep 0) data={'Task': 'LDT', 'TrialType': 'Target', 'Stimuli': 'rorn', 'StimulusType': 'nonword', 'CorrectResponse': 'a', 'Trialnumb': 185, 'thisN': 176, 'thisTrialN': 176, 'thisRepN': 0}>
253.1472 	EXP 	LDT_fix_text: autoDraw = False
253.1472 	EXP 	LDT_stim_text: autoDraw = False
253.1472 	EXP 	LDT_break_text: autoDraw = False
253.1472 	EXP 	LDT_stim_text: height = np.float64(0.1)
253.1472 	EXP 	LDT_stim_text: height = np.float64(0.1)
253.1472 	EXP 	LDT_stim_text: height = np.float64(0.1)
253.1472 	EXP 	LDT_stim_text: text = 'rorn'
253.1472 	EXP 	LDT_fix_text: autoDraw = True
253.1479 	DATA 	Keypress: l
253.2727 	EXP 	Device response: <KeyPress from None: t=253.1376962000213, value=l, duration=0.12799439998343587>
253.6310 	EXP 	LDT_stim_text: autoDraw = True
253.6393 	EXP 	LDT_fix_text: autoDraw = False
254.3320 	EXP 	Device response: <KeyPress from None: t=254.3298000000068, value=a, duration=None>
254.3322 	EXP 	New trial (rep=0, index=177): <Trial 177 (177 in rep 0) data={'Task': 'LDT', 'TrialType': 'Target', 'Stimuli': 'ill', 'StimulusType': 'word', 'CorrectResponse': 'l', 'Trialnumb': 97, 'thisN': 177, 'thisTrialN': 177, 'thisRepN': 0}>
254.3400 	EXP 	LDT_fix_text: autoDraw = False
254.3400 	EXP 	LDT_stim_text: autoDraw = False
254.3400 	EXP 	LDT_break_text: autoDraw = False
254.3400 	EXP 	LDT_stim_text: height = np.float64(0.1)
254.3400 	EXP 	LDT_stim_text: height = np.float64(0.1)
254.3400 	EXP 	LDT_stim_text: height = np.float64(0.1)
254.3400 	EXP 	LDT_stim_text: text = 'ill'
254.3400 	EXP 	LDT_fix_text: autoDraw = True
254.3406 	DATA 	Keypress: a
254.4571 	EXP 	Device response: <KeyPress from None: t=254.3298000000068, value=a, duration=0.12086970001109876>
254.8238 	EXP 	LDT_stim_text: autoDraw = True
254.8321 	EXP 	LDT_fix_text: autoDraw = False
255.3747 	EXP 	Device response: <KeyPress from None: t=255.3703856000211, value=a, duration=None>
255.3750 	EXP 	New trial (rep=0, index=178): <Trial 178 (178 in rep 0) data={'Task': 'LDT', 'TrialType': 'Target', 'Stimuli': 'cona', 'StimulusType': 'nonword', 'CorrectResponse': 'a', 'Trialnumb': 132, 'thisN': 178, 'thisTrialN': 178, 'thisRepN': 0}>
255.3828 	EXP 	LDT_fix_text: autoDraw = False
255.3828 	EXP 	LDT_stim_text: autoDraw = False
255.3828 	EXP 	LDT_break_text: autoDraw = False
255.3828 	EXP 	LDT_stim_text: height = np.float64(0.1)
255.3828 	EXP 	LDT_stim_text: height = np.float64(0.1)
255.3828 	EXP 	LDT_stim_text: height = np.float64(0.1)
255.3828 	EXP 	LDT_stim_text: text = 'cona'
255.3828 	EXP 	LDT_fix_text: autoDraw = True
255.3833 	DATA 	Keypress: a
255.4998 	EXP 	Device response: <KeyPress from None: t=255.3703856000211, value=a, duration=0.12812769997981377>
255.8665 	EXP 	LDT_stim_text: autoDraw = True
255.8748 	EXP 	LDT_fix_text: autoDraw = False
256.7344 	EXP 	Device response: <KeyPress from None: t=256.73002489999635, value=a, duration=None>
256.7346 	EXP 	New trial (rep=0, index=179): <Trial 179 (179 in rep 0) data={'Task': 'LDT', 'TrialType': 'Target', 'Stimuli': 'kear', 'StimulusType': 'nonword', 'CorrectResponse': 'a', 'Trialnumb': 163, 'thisN': 179, 'thisTrialN': 179, 'thisRepN': 0}>
256.7425 	EXP 	LDT_fix_text: autoDraw = False
256.7425 	EXP 	LDT_stim_text: autoDraw = False
256.7425 	EXP 	LDT_break_text: autoDraw = False
256.7425 	EXP 	LDT_stim_text: height = np.float64(0.1)
256.7425 	EXP 	LDT_stim_text: height = np.float64(0.1)
256.7425 	EXP 	LDT_stim_text: height = np.float64(0.1)
256.7425 	EXP 	LDT_stim_text: text = 'kear'
256.7425 	EXP 	LDT_fix_text: autoDraw = True
256.7430 	DATA 	Keypress: a
256.9012 	EXP 	Device response: <KeyPress from None: t=256.73002489999635, value=a, duration=0.16881080000894144>
257.2262 	EXP 	LDT_stim_text: autoDraw = True
257.2345 	EXP 	LDT_fix_text: autoDraw = False
257.7772 	EXP 	Device response: <KeyPress from None: t=257.77074579999316, value=a, duration=None>
257.7774 	EXP 	New trial (rep=0, index=180): <Trial 180 (180 in rep 0) data={'Task': 'LDT', 'TrialType': 'Target', 'Stimuli': 'dilt', 'StimulusType': 'nonword', 'CorrectResponse': 'a', 'Trialnumb': 137, 'thisN': 180, 'thisTrialN': 180, 'thisRepN': 0}>
257.7851 	EXP 	LDT_fix_text: autoDraw = False
257.7851 	EXP 	LDT_stim_text: autoDraw = False
257.7851 	EXP 	LDT_break_text: autoDraw = False
257.7851 	EXP 	LDT_stim_text: height = np.float64(0.1)
257.7851 	EXP 	LDT_stim_text: height = np.float64(0.1)
257.7851 	EXP 	LDT_stim_text: height = np.float64(0.1)
257.7851 	EXP 	LDT_stim_text: text = 'dilt'
257.7851 	EXP 	LDT_fix_text: autoDraw = True
257.7856 	DATA 	Keypress: a
257.8854 	EXP 	Device response: <KeyPress from None: t=257.77074579999316, value=a, duration=0.11089550002361648>
258.2689 	EXP 	LDT_stim_text: autoDraw = True
258.2773 	EXP 	LDT_fix_text: autoDraw = False
258.7698 	EXP 	Device response: <KeyPress from None: t=258.76213030001963, value=a, duration=None>
258.7700 	EXP 	New trial (rep=0, index=181): <Trial 181 (181 in rep 0) data={'Task': 'LDT', 'TrialType': 'Target', 'Stimuli': 'sish', 'StimulusType': 'nonword', 'CorrectResponse': 'a', 'Trialnumb': 193, 'thisN': 181, 'thisTrialN': 181, 'thisRepN': 0}>
258.7777 	EXP 	LDT_fix_text: autoDraw = False
258.7777 	EXP 	LDT_stim_text: autoDraw = False
258.7777 	EXP 	LDT_break_text: autoDraw = False
258.7777 	EXP 	LDT_stim_text: height = np.float64(0.1)
258.7777 	EXP 	LDT_stim_text: height = np.float64(0.1)
258.7777 	EXP 	LDT_stim_text: height = np.float64(0.1)
258.7777 	EXP 	LDT_stim_text: text = 'sish'
258.7777 	EXP 	LDT_fix_text: autoDraw = True
258.7782 	DATA 	Keypress: a
258.9199 	EXP 	Device response: <KeyPress from None: t=258.76213030001963, value=a, duration=0.15237749999505468>
259.2616 	EXP 	LDT_stim_text: autoDraw = True
259.2700 	EXP 	LDT_fix_text: autoDraw = False
259.7625 	EXP 	Device response: <KeyPress from None: t=259.75404120000894, value=a, duration=None>
259.7627 	EXP 	New trial (rep=0, index=182): <Trial 182 (182 in rep 0) data={'Task': 'LDT', 'TrialType': 'Target', 'Stimuli': 'burz', 'StimulusType': 'nonword', 'CorrectResponse': 'a', 'Trialnumb': 112, 'thisN': 182, 'thisTrialN': 182, 'thisRepN': 0}>
259.7704 	EXP 	LDT_fix_text: autoDraw = False
259.7704 	EXP 	LDT_stim_text: autoDraw = False
259.7704 	EXP 	LDT_break_text: autoDraw = False
259.7704 	EXP 	LDT_stim_text: height = np.float64(0.1)
259.7704 	EXP 	LDT_stim_text: height = np.float64(0.1)
259.7704 	EXP 	LDT_stim_text: height = np.float64(0.1)
259.7704 	EXP 	LDT_stim_text: text = 'burz'
259.7704 	EXP 	LDT_fix_text: autoDraw = True
259.7711 	DATA 	Keypress: a
259.8958 	EXP 	Device response: <KeyPress from None: t=259.75404120000894, value=a, duration=0.13620280000031926>
260.2542 	EXP 	LDT_stim_text: autoDraw = True
260.2626 	EXP 	LDT_fix_text: autoDraw = False
260.7299 	EXP 	Device response: <KeyPress from None: t=260.7225760000001, value=a, duration=None>
260.7303 	EXP 	New trial (rep=0, index=183): <Trial 183 (183 in rep 0) data={'Task': 'LDT', 'TrialType': 'Target', 'Stimuli': 'vink', 'StimulusType': 'nonword', 'CorrectResponse': 'a', 'Trialnumb': 212, 'thisN': 183, 'thisTrialN': 183, 'thisRepN': 0}>
260.7380 	EXP 	LDT_fix_text: autoDraw = False
260.7380 	EXP 	LDT_stim_text: autoDraw = False
260.7380 	EXP 	LDT_break_text: autoDraw = False
260.7380 	EXP 	LDT_stim_text: height = np.float64(0.1)
260.7380 	EXP 	LDT_stim_text: height = np.float64(0.1)
260.7380 	EXP 	LDT_stim_text: height = np.float64(0.1)
260.7380 	EXP 	LDT_stim_text: text = 'vink'
260.7380 	EXP 	LDT_fix_text: autoDraw = True
260.7385 	DATA 	Keypress: a
260.8550 	EXP 	Device response: <KeyPress from None: t=260.7225760000001, value=a, duration=0.1272082000214141>
261.2218 	EXP 	LDT_stim_text: autoDraw = True
261.2302 	EXP 	LDT_fix_text: autoDraw = False
261.7228 	EXP 	Device response: <KeyPress from None: t=261.72165380002116, value=a, duration=None>
261.7231 	EXP 	New trial (rep=0, index=184): <Trial 184 (184 in rep 0) data={'Task': 'LDT', 'TrialType': 'Target', 'Stimuli': 'tran', 'StimulusType': 'nonword', 'CorrectResponse': 'a', 'Trialnumb': 206, 'thisN': 184, 'thisTrialN': 184, 'thisRepN': 0}>
261.7307 	EXP 	LDT_fix_text: autoDraw = False
261.7307 	EXP 	LDT_stim_text: autoDraw = False
261.7307 	EXP 	LDT_break_text: autoDraw = False
261.7307 	EXP 	LDT_stim_text: height = np.float64(0.1)
261.7307 	EXP 	LDT_stim_text: height = np.float64(0.1)
261.7307 	EXP 	LDT_stim_text: height = np.float64(0.1)
261.7307 	EXP 	LDT_stim_text: text = 'tran'
261.7307 	EXP 	LDT_fix_text: autoDraw = True
261.7313 	DATA 	Keypress: a
261.8644 	EXP 	Device response: <KeyPress from None: t=261.72165380002116, value=a, duration=0.13679619997856207>
262.2145 	EXP 	LDT_stim_text: autoDraw = True
262.2228 	EXP 	LDT_fix_text: autoDraw = False
262.7571 	EXP 	Device response: <KeyPress from None: t=262.754188299994, value=a, duration=None>
262.7573 	EXP 	New trial (rep=0, index=185): <Trial 185 (185 in rep 0) data={'Task': 'LDT', 'TrialType': 'Target', 'Stimuli': 'buy', 'StimulusType': 'word', 'CorrectResponse': 'l', 'Trialnumb': 25, 'thisN': 185, 'thisTrialN': 185, 'thisRepN': 0}>
262.7650 	EXP 	LDT_fix_text: autoDraw = False
262.7650 	EXP 	LDT_stim_text: autoDraw = False
262.7650 	EXP 	LDT_break_text: autoDraw = False
262.7650 	EXP 	LDT_stim_text: height = np.float64(0.1)
262.7650 	EXP 	LDT_stim_text: height = np.float64(0.1)
262.7650 	EXP 	LDT_stim_text: height = np.float64(0.1)
262.7650 	EXP 	LDT_stim_text: text = 'buy'
262.7650 	EXP 	LDT_fix_text: autoDraw = True
262.7655 	DATA 	Keypress: a
262.8988 	EXP 	Device response: <KeyPress from None: t=262.754188299994, value=a, duration=0.1362399000208825>
263.2488 	EXP 	LDT_stim_text: autoDraw = True
263.2572 	EXP 	LDT_fix_text: autoDraw = False
263.8331 	EXP 	Device response: <KeyPress from None: t=263.82567520000157, value=l, duration=None>
263.8333 	EXP 	New trial (rep=0, index=186): <Trial 186 (186 in rep 0) data={'Task': 'LDT', 'TrialType': 'Target', 'Stimuli': 'team', 'StimulusType': 'word', 'CorrectResponse': 'l', 'Trialnumb': 23, 'thisN': 186, 'thisTrialN': 186, 'thisRepN': 0}>
263.8411 	EXP 	LDT_fix_text: autoDraw = False
263.8411 	EXP 	LDT_stim_text: autoDraw = False
263.8411 	EXP 	LDT_break_text: autoDraw = False
263.8411 	EXP 	LDT_stim_text: height = np.float64(0.1)
263.8411 	EXP 	LDT_stim_text: height = np.float64(0.1)
263.8411 	EXP 	LDT_stim_text: height = np.float64(0.1)
263.8411 	EXP 	LDT_stim_text: text = 'team'
263.8411 	EXP 	LDT_fix_text: autoDraw = True
263.8416 	DATA 	Keypress: l
263.9333 	EXP 	Device response: <KeyPress from None: t=263.82567520000157, value=l, duration=0.10445169999729842>
264.3249 	EXP 	LDT_stim_text: autoDraw = True
264.3333 	EXP 	LDT_fix_text: autoDraw = False
264.9091 	EXP 	Device response: <KeyPress from None: t=264.9059356999933, value=l, duration=None>
264.9094 	EXP 	New trial (rep=0, index=187): <Trial 187 (187 in rep 0) data={'Task': 'LDT', 'TrialType': 'Target', 'Stimuli': 'loje', 'StimulusType': 'nonword', 'CorrectResponse': 'a', 'Trialnumb': 171, 'thisN': 187, 'thisTrialN': 187, 'thisRepN': 0}>
264.9172 	EXP 	LDT_fix_text: autoDraw = False
264.9172 	EXP 	LDT_stim_text: autoDraw = False
264.9172 	EXP 	LDT_break_text: autoDraw = False
264.9172 	EXP 	LDT_stim_text: height = np.float64(0.1)
264.9172 	EXP 	LDT_stim_text: height = np.float64(0.1)
264.9172 	EXP 	LDT_stim_text: height = np.float64(0.1)
264.9172 	EXP 	LDT_stim_text: text = 'loje'
264.9172 	EXP 	LDT_fix_text: autoDraw = True
264.9177 	DATA 	Keypress: l
265.0427 	EXP 	Device response: <KeyPress from None: t=264.9059356999933, value=l, duration=0.13641540001844987>
265.4010 	EXP 	LDT_stim_text: autoDraw = True
265.4093 	EXP 	LDT_fix_text: autoDraw = False
266.0269 	EXP 	Device response: <KeyPress from None: t=266.0263687999977, value=a, duration=None>
266.0272 	EXP 	New trial (rep=0, index=188): <Trial 188 (188 in rep 0) data={'Task': 'LDT', 'TrialType': 'Target', 'Stimuli': 'crap', 'StimulusType': 'word', 'CorrectResponse': 'l', 'Trialnumb': 70, 'thisN': 188, 'thisTrialN': 188, 'thisRepN': 0}>
266.0349 	EXP 	LDT_fix_text: autoDraw = False
266.0349 	EXP 	LDT_stim_text: autoDraw = False
266.0349 	EXP 	LDT_break_text: autoDraw = False
266.0349 	EXP 	LDT_stim_text: height = np.float64(0.1)
266.0349 	EXP 	LDT_stim_text: height = np.float64(0.1)
266.0349 	EXP 	LDT_stim_text: height = np.float64(0.1)
266.0349 	EXP 	LDT_stim_text: text = 'crap'
266.0349 	EXP 	LDT_fix_text: autoDraw = True
266.0354 	DATA 	Keypress: a
266.1353 	EXP 	Device response: <KeyPress from None: t=266.0263687999977, value=a, duration=0.1033402000030037>
266.5188 	EXP 	LDT_stim_text: autoDraw = True
266.5271 	EXP 	LDT_fix_text: autoDraw = False
267.2199 	EXP 	Device response: <KeyPress from None: t=267.2177647000062, value=a, duration=None>
267.2202 	EXP 	New trial (rep=0, index=189): <Trial 189 (189 in rep 0) data={'Task': 'LDT', 'TrialType': 'Target', 'Stimuli': 'grew', 'StimulusType': 'word', 'CorrectResponse': 'l', 'Trialnumb': 89, 'thisN': 189, 'thisTrialN': 189, 'thisRepN': 0}>
267.2278 	EXP 	LDT_fix_text: autoDraw = False
267.2278 	EXP 	LDT_stim_text: autoDraw = False
267.2278 	EXP 	LDT_break_text: autoDraw = False
267.2278 	EXP 	LDT_stim_text: height = np.float64(0.1)
267.2278 	EXP 	LDT_stim_text: height = np.float64(0.1)
267.2278 	EXP 	LDT_stim_text: height = np.float64(0.1)
267.2278 	EXP 	LDT_stim_text: text = 'grew'
267.2278 	EXP 	LDT_fix_text: autoDraw = True
267.2283 	DATA 	Keypress: a
267.3532 	EXP 	Device response: <KeyPress from None: t=267.2177647000062, value=a, duration=0.12861529999645427>
267.7116 	EXP 	LDT_stim_text: autoDraw = True
267.7200 	EXP 	LDT_fix_text: autoDraw = False
268.2959 	EXP 	Device response: <KeyPress from None: t=268.2905584000109, value=a, duration=None>
268.2962 	EXP 	New trial (rep=0, index=190): <Trial 190 (190 in rep 0) data={'Task': 'LDT', 'TrialType': 'Target', 'Stimuli': 'spin', 'StimulusType': 'word', 'CorrectResponse': 'l', 'Trialnumb': 107, 'thisN': 190, 'thisTrialN': 190, 'thisRepN': 0}>
268.3039 	EXP 	LDT_fix_text: autoDraw = False
268.3039 	EXP 	LDT_stim_text: autoDraw = False
268.3039 	EXP 	LDT_break_text: autoDraw = False
268.3039 	EXP 	LDT_stim_text: height = np.float64(0.1)
268.3039 	EXP 	LDT_stim_text: height = np.float64(0.1)
268.3039 	EXP 	LDT_stim_text: height = np.float64(0.1)
268.3039 	EXP 	LDT_stim_text: text = 'spin'
268.3039 	EXP 	LDT_fix_text: autoDraw = True
268.3044 	DATA 	Keypress: a
268.4293 	EXP 	Device response: <KeyPress from None: t=268.2905584000109, value=a, duration=0.13612000001012348>
268.7877 	EXP 	LDT_stim_text: autoDraw = True
268.7960 	EXP 	LDT_fix_text: autoDraw = False
269.3553 	EXP 	Device response: <KeyPress from None: t=269.35382129999925, value=a, duration=None>
269.3556 	EXP 	New trial (rep=0, index=191): <Trial 191 (191 in rep 0) data={'Task': 'LDT', 'TrialType': 'Target', 'Stimuli': 'drove', 'StimulusType': 'word', 'CorrectResponse': 'l', 'Trialnumb': 90, 'thisN': 191, 'thisTrialN': 191, 'thisRepN': 0}>
269.3633 	EXP 	LDT_fix_text: autoDraw = False
269.3633 	EXP 	LDT_stim_text: autoDraw = False
269.3633 	EXP 	LDT_break_text: autoDraw = False
269.3633 	EXP 	LDT_stim_text: height = np.float64(0.1)
269.3633 	EXP 	LDT_stim_text: height = np.float64(0.1)
269.3633 	EXP 	LDT_stim_text: height = np.float64(0.1)
269.3633 	EXP 	LDT_stim_text: text = 'drove'
269.3633 	EXP 	LDT_fix_text: autoDraw = True
269.3637 	DATA 	Keypress: a
269.4721 	EXP 	Device response: <KeyPress from None: t=269.35382129999925, value=a, duration=0.11192960001062602>
269.8471 	EXP 	LDT_stim_text: autoDraw = True
269.8554 	EXP 	LDT_fix_text: autoDraw = False
270.4647 	EXP 	Device response: <KeyPress from None: t=270.458140200004, value=l, duration=None>
270.4649 	EXP 	New trial (rep=0, index=192): <Trial 192 (192 in rep 0) data={'Task': 'LDT', 'TrialType': 'Target', 'Stimuli': 'trag', 'StimulusType': 'nonword', 'CorrectResponse': 'a', 'Trialnumb': 205, 'thisN': 192, 'thisTrialN': 192, 'thisRepN': 0}>
270.4727 	EXP 	LDT_fix_text: autoDraw = False
270.4727 	EXP 	LDT_stim_text: autoDraw = False
270.4727 	EXP 	LDT_break_text: autoDraw = False
270.4727 	EXP 	LDT_stim_text: height = np.float64(0.1)
270.4727 	EXP 	LDT_stim_text: height = np.float64(0.1)
270.4727 	EXP 	LDT_stim_text: height = np.float64(0.1)
270.4727 	EXP 	LDT_stim_text: text = 'trag'
270.4727 	EXP 	LDT_fix_text: autoDraw = True
270.4732 	DATA 	Keypress: l
270.5981 	EXP 	Device response: <KeyPress from None: t=270.458140200004, value=l, duration=0.13619069999549538>
270.9565 	EXP 	LDT_stim_text: autoDraw = True
270.9649 	EXP 	LDT_fix_text: autoDraw = False
271.5575 	EXP 	Device response: <KeyPress from None: t=271.5542015999963, value=l, duration=None>
271.5578 	EXP 	New trial (rep=0, index=193): <Trial 193 (193 in rep 0) data={'Task': 'LDT', 'TrialType': 'Target', 'Stimuli': 'frow', 'StimulusType': 'nonword', 'CorrectResponse': 'a', 'Trialnumb': 142, 'thisN': 193, 'thisTrialN': 193, 'thisRepN': 0}>
271.5655 	EXP 	LDT_fix_text: autoDraw = False
271.5655 	EXP 	LDT_stim_text: autoDraw = False
271.5655 	EXP 	LDT_break_text: autoDraw = False
271.5655 	EXP 	LDT_stim_text: height = np.float64(0.1)
271.5655 	EXP 	LDT_stim_text: height = np.float64(0.1)
271.5655 	EXP 	LDT_stim_text: height = np.float64(0.1)
271.5655 	EXP 	LDT_stim_text: text = 'frow'
271.5655 	EXP 	LDT_fix_text: autoDraw = True
271.5659 	DATA 	Keypress: l
271.6909 	EXP 	Device response: <KeyPress from None: t=271.5542015999963, value=l, duration=0.13542649999726564>
272.0493 	EXP 	LDT_stim_text: autoDraw = True
272.0576 	EXP 	LDT_fix_text: autoDraw = False
272.6168 	EXP 	Device response: <KeyPress from None: t=272.6105463000131, value=l, duration=None>
272.6172 	EXP 	New trial (rep=0, index=194): <Trial 194 (194 in rep 0) data={'Task': 'LDT', 'TrialType': 'Target', 'Stimuli': 'zeer', 'StimulusType': 'nonword', 'CorrectResponse': 'a', 'Trialnumb': 222, 'thisN': 194, 'thisTrialN': 194, 'thisRepN': 0}>
272.6249 	EXP 	LDT_fix_text: autoDraw = False
272.6249 	EXP 	LDT_stim_text: autoDraw = False
272.6249 	EXP 	LDT_break_text: autoDraw = False
272.6249 	EXP 	LDT_stim_text: height = np.float64(0.1)
272.6249 	EXP 	LDT_stim_text: height = np.float64(0.1)
272.6249 	EXP 	LDT_stim_text: height = np.float64(0.1)
272.6249 	EXP 	LDT_stim_text: text = 'zeer'
272.6249 	EXP 	LDT_fix_text: autoDraw = True
272.6255 	DATA 	Keypress: l
272.7586 	EXP 	Device response: <KeyPress from None: t=272.6105463000131, value=l, duration=0.14329129998805>
273.1086 	EXP 	LDT_stim_text: autoDraw = True
273.1170 	EXP 	LDT_fix_text: autoDraw = False
273.7262 	EXP 	Device response: <KeyPress from None: t=273.7217079999973, value=a, duration=None>
273.7264 	EXP 	New trial (rep=0, index=195): <Trial 195 (195 in rep 0) data={'Task': 'LDT', 'TrialType': 'Target', 'Stimuli': 'plue', 'StimulusType': 'nonword', 'CorrectResponse': 'a', 'Trialnumb': 181, 'thisN': 195, 'thisTrialN': 195, 'thisRepN': 0}>
273.7343 	EXP 	LDT_fix_text: autoDraw = False
273.7343 	EXP 	LDT_stim_text: autoDraw = False
273.7343 	EXP 	LDT_break_text: autoDraw = False
273.7343 	EXP 	LDT_stim_text: height = np.float64(0.1)
273.7343 	EXP 	LDT_stim_text: height = np.float64(0.1)
273.7343 	EXP 	LDT_stim_text: height = np.float64(0.1)
273.7343 	EXP 	LDT_stim_text: text = 'plue'
273.7343 	EXP 	LDT_fix_text: autoDraw = True
273.7349 	DATA 	Keypress: a
273.8431 	EXP 	Device response: <KeyPress from None: t=273.7217079999973, value=a, duration=0.12007689999882132>
274.2181 	EXP 	LDT_stim_text: autoDraw = True
274.2264 	EXP 	LDT_fix_text: autoDraw = False
274.8691 	EXP 	Device response: <KeyPress from None: t=274.8660545000166, value=a, duration=None>
274.8694 	EXP 	New trial (rep=0, index=196): <Trial 196 (196 in rep 0) data={'Task': 'LDT', 'TrialType': 'Target', 'Stimuli': 'area', 'StimulusType': 'word', 'CorrectResponse': 'l', 'Trialnumb': 49, 'thisN': 196, 'thisTrialN': 196, 'thisRepN': 0}>
274.8772 	EXP 	LDT_fix_text: autoDraw = False
274.8772 	EXP 	LDT_stim_text: autoDraw = False
274.8772 	EXP 	LDT_break_text: autoDraw = False
274.8772 	EXP 	LDT_stim_text: height = np.float64(0.1)
274.8772 	EXP 	LDT_stim_text: height = np.float64(0.1)
274.8772 	EXP 	LDT_stim_text: height = np.float64(0.1)
274.8772 	EXP 	LDT_stim_text: text = 'area'
274.8772 	EXP 	LDT_fix_text: autoDraw = True
274.8777 	DATA 	Keypress: a
275.0025 	EXP 	Device response: <KeyPress from None: t=274.8660545000166, value=a, duration=0.12842719999025576>
275.3609 	EXP 	LDT_stim_text: autoDraw = True
275.3692 	EXP 	LDT_fix_text: autoDraw = False
275.8784 	EXP 	Device response: <KeyPress from None: t=275.8748978000076, value=l, duration=None>
275.8787 	EXP 	New trial (rep=0, index=197): <Trial 197 (197 in rep 0) data={'Task': 'LDT', 'TrialType': 'Target', 'Stimuli': 'chase', 'StimulusType': 'word', 'CorrectResponse': 'l', 'Trialnumb': 86, 'thisN': 197, 'thisTrialN': 197, 'thisRepN': 0}>
275.8865 	EXP 	LDT_fix_text: autoDraw = False
275.8865 	EXP 	LDT_stim_text: autoDraw = False
275.8865 	EXP 	LDT_break_text: autoDraw = False
275.8865 	EXP 	LDT_stim_text: height = np.float64(0.1)
275.8865 	EXP 	LDT_stim_text: height = np.float64(0.1)
275.8865 	EXP 	LDT_stim_text: height = np.float64(0.1)
275.8865 	EXP 	LDT_stim_text: text = 'chase'
275.8865 	EXP 	LDT_fix_text: autoDraw = True
275.8871 	DATA 	Keypress: l
275.9868 	EXP 	Device response: <KeyPress from None: t=275.8748978000076, value=l, duration=0.11139589999220334>
276.3702 	EXP 	LDT_stim_text: autoDraw = True
276.3786 	EXP 	LDT_fix_text: autoDraw = False
277.0797 	EXP 	Device response: <KeyPress from None: t=277.07425669999793, value=l, duration=None>
277.0800 	EXP 	New trial (rep=0, index=198): <Trial 198 (198 in rep 0) data={'Task': 'LDT', 'TrialType': 'Target', 'Stimuli': 'biss', 'StimulusType': 'nonword', 'CorrectResponse': 'a', 'Trialnumb': 123, 'thisN': 198, 'thisTrialN': 198, 'thisRepN': 0}>
277.0877 	EXP 	LDT_fix_text: autoDraw = False
277.0877 	EXP 	LDT_stim_text: autoDraw = False
277.0877 	EXP 	LDT_break_text: autoDraw = False
277.0877 	EXP 	LDT_stim_text: height = np.float64(0.1)
277.0877 	EXP 	LDT_stim_text: height = np.float64(0.1)
277.0877 	EXP 	LDT_stim_text: height = np.float64(0.1)
277.0877 	EXP 	LDT_stim_text: text = 'biss'
277.0877 	EXP 	LDT_fix_text: autoDraw = True
277.0882 	DATA 	Keypress: l
277.1714 	EXP 	Device response: <KeyPress from None: t=277.07425669999793, value=l, duration=0.09579520000261255>
277.5714 	EXP 	LDT_stim_text: autoDraw = True
277.5798 	EXP 	LDT_fix_text: autoDraw = False
278.1223 	EXP 	Device response: <KeyPress from None: t=278.12175290001323, value=a, duration=None>
278.1226 	EXP 	New trial (rep=0, index=199): <Trial 199 (199 in rep 0) data={'Task': 'LDT', 'TrialType': 'Target', 'Stimuli': 'gead', 'StimulusType': 'nonword', 'CorrectResponse': 'a', 'Trialnumb': 145, 'thisN': 199, 'thisTrialN': 199, 'thisRepN': 0}>
278.1303 	EXP 	LDT_fix_text: autoDraw = False
278.1303 	EXP 	LDT_stim_text: autoDraw = False
278.1303 	EXP 	LDT_break_text: autoDraw = False
278.1303 	EXP 	LDT_stim_text: height = np.float64(0.1)
278.1303 	EXP 	LDT_stim_text: height = np.float64(0.1)
278.1303 	EXP 	LDT_stim_text: height = np.float64(0.1)
278.1303 	EXP 	LDT_stim_text: text = 'gead'
278.1303 	EXP 	LDT_fix_text: autoDraw = True
278.1308 	DATA 	Keypress: a
278.2641 	EXP 	Device response: <KeyPress from None: t=278.12175290001323, value=a, duration=0.13676930000656284>
278.6141 	EXP 	LDT_stim_text: autoDraw = True
278.6225 	EXP 	LDT_fix_text: autoDraw = False
279.4822 	EXP 	Device response: <KeyPress from None: t=279.48184970000875, value=a, duration=None>
279.4905 	EXP 	New trial (rep=0, index=200): <Trial 200 (200 in rep 0) data={'Task': 'LDT', 'TrialType': 'Target', 'Stimuli': 'tuke', 'StimulusType': 'nonword', 'CorrectResponse': 'a', 'Trialnumb': 208, 'thisN': 200, 'thisTrialN': 200, 'thisRepN': 0}>
279.4918 	DATA 	Keypress: a
279.4984 	EXP 	LDT_fix_text: autoDraw = False
279.4984 	EXP 	LDT_stim_text: autoDraw = False
279.4984 	EXP 	LDT_break_text: autoDraw = False
279.4984 	EXP 	LDT_stim_text: height = np.float64(0.1)
279.4984 	EXP 	LDT_stim_text: height = np.float64(0.1)
279.4984 	EXP 	LDT_stim_text: height = np.float64(0.1)
279.4984 	EXP 	LDT_stim_text: text = 'tuke'
279.4984 	EXP 	LDT_fix_text: autoDraw = True
279.6239 	EXP 	Device response: <KeyPress from None: t=279.48184970000875, value=a, duration=0.13762860000133514>
279.9822 	EXP 	LDT_stim_text: autoDraw = True
279.9905 	EXP 	LDT_fix_text: autoDraw = False
280.5497 	EXP 	Device response: <KeyPress from None: t=280.5460476000153, value=a, duration=None>
280.5500 	EXP 	New trial (rep=0, index=201): <Trial 201 (201 in rep 0) data={'Task': 'LDT', 'TrialType': 'Target', 'Stimuli': 'huge', 'StimulusType': 'word', 'CorrectResponse': 'l', 'Trialnumb': 56, 'thisN': 201, 'thisTrialN': 201, 'thisRepN': 0}>
280.5578 	EXP 	LDT_fix_text: autoDraw = False
280.5578 	EXP 	LDT_stim_text: autoDraw = False
280.5578 	EXP 	LDT_break_text: autoDraw = False
280.5578 	EXP 	LDT_stim_text: height = np.float64(0.1)
280.5578 	EXP 	LDT_stim_text: height = np.float64(0.1)
280.5578 	EXP 	LDT_stim_text: height = np.float64(0.1)
280.5578 	EXP 	LDT_stim_text: text = 'huge'
280.5578 	EXP 	LDT_fix_text: autoDraw = True
280.5584 	DATA 	Keypress: a
280.6748 	EXP 	Device response: <KeyPress from None: t=280.5460476000153, value=a, duration=0.12754129999666475>
281.0416 	EXP 	LDT_stim_text: autoDraw = True
281.0499 	EXP 	LDT_fix_text: autoDraw = False
281.6591 	EXP 	Device response: <KeyPress from None: t=281.65841590001946, value=l, duration=None>
281.6594 	EXP 	New trial (rep=0, index=202): <Trial 202 (202 in rep 0) data={'Task': 'LDT', 'TrialType': 'Target', 'Stimuli': 'space', 'StimulusType': 'word', 'CorrectResponse': 'l', 'Trialnumb': 30, 'thisN': 202, 'thisTrialN': 202, 'thisRepN': 0}>
281.6673 	EXP 	LDT_fix_text: autoDraw = False
281.6673 	EXP 	LDT_stim_text: autoDraw = False
281.6673 	EXP 	LDT_break_text: autoDraw = False
281.6673 	EXP 	LDT_stim_text: height = np.float64(0.1)
281.6673 	EXP 	LDT_stim_text: height = np.float64(0.1)
281.6673 	EXP 	LDT_stim_text: height = np.float64(0.1)
281.6673 	EXP 	LDT_stim_text: text = 'space'
281.6673 	EXP 	LDT_fix_text: autoDraw = True
281.6678 	DATA 	Keypress: l
281.7592 	EXP 	Device response: <KeyPress from None: t=281.65841590001946, value=l, duration=0.09642439999151975>
282.1510 	EXP 	LDT_stim_text: autoDraw = True
282.1593 	EXP 	LDT_fix_text: autoDraw = False
282.7435 	EXP 	Device response: <KeyPress from None: t=282.7383342999965, value=l, duration=None>
282.7438 	EXP 	New trial (rep=0, index=203): <Trial 203 (203 in rep 0) data={'Task': 'LDT', 'TrialType': 'Target', 'Stimuli': 'hard', 'StimulusType': 'word', 'CorrectResponse': 'l', 'Trialnumb': 22, 'thisN': 203, 'thisTrialN': 203, 'thisRepN': 0}>
282.7516 	EXP 	LDT_fix_text: autoDraw = False
282.7516 	EXP 	LDT_stim_text: autoDraw = False
282.7516 	EXP 	LDT_break_text: autoDraw = False
282.7516 	EXP 	LDT_stim_text: height = np.float64(0.1)
282.7516 	EXP 	LDT_stim_text: height = np.float64(0.1)
282.7516 	EXP 	LDT_stim_text: height = np.float64(0.1)
282.7516 	EXP 	LDT_stim_text: text = 'hard'
282.7516 	EXP 	LDT_fix_text: autoDraw = True
282.7521 	DATA 	Keypress: l
282.8603 	EXP 	Device response: <KeyPress from None: t=282.7383342999965, value=l, duration=0.12062339999829419>
283.2354 	EXP 	LDT_stim_text: autoDraw = True
283.2437 	EXP 	LDT_fix_text: autoDraw = False
283.7949 	EXP 	Device response: <KeyPress from None: t=283.7945843000198, value=l, duration=None>
283.8032 	EXP 	New trial (rep=0, index=204): <Trial 204 (204 in rep 0) data={'Task': 'LDT', 'TrialType': 'Target', 'Stimuli': 'man', 'StimulusType': 'word', 'CorrectResponse': 'l', 'Trialnumb': 12, 'thisN': 204, 'thisTrialN': 204, 'thisRepN': 0}>
283.8044 	DATA 	Keypress: l
283.8110 	EXP 	LDT_fix_text: autoDraw = False
283.8110 	EXP 	LDT_stim_text: autoDraw = False
283.8110 	EXP 	LDT_break_text: autoDraw = False
283.8110 	EXP 	LDT_stim_text: height = np.float64(0.1)
283.8110 	EXP 	LDT_stim_text: height = np.float64(0.1)
283.8110 	EXP 	LDT_stim_text: height = np.float64(0.1)
283.8110 	EXP 	LDT_stim_text: text = 'man'
283.8110 	EXP 	LDT_fix_text: autoDraw = True
283.9447 	EXP 	Device response: <KeyPress from None: t=283.7945843000198, value=l, duration=0.14387499997974373>
284.2948 	EXP 	LDT_stim_text: autoDraw = True
284.3031 	EXP 	LDT_fix_text: autoDraw = False
284.8373 	EXP 	Device response: <KeyPress from None: t=284.8338891000021, value=l, duration=None>
284.8375 	EXP 	New trial (rep=0, index=205): <Trial 205 (205 in rep 0) data={'Task': 'LDT', 'TrialType': 'Target', 'Stimuli': 'kild', 'StimulusType': 'nonword', 'CorrectResponse': 'a', 'Trialnumb': 165, 'thisN': 205, 'thisTrialN': 205, 'thisRepN': 0}>
284.8454 	EXP 	LDT_fix_text: autoDraw = False
284.8454 	EXP 	LDT_stim_text: autoDraw = False
284.8454 	EXP 	LDT_break_text: autoDraw = False
284.8454 	EXP 	LDT_stim_text: height = np.float64(0.1)
284.8454 	EXP 	LDT_stim_text: height = np.float64(0.1)
284.8454 	EXP 	LDT_stim_text: height = np.float64(0.1)
284.8454 	EXP 	LDT_stim_text: text = 'kild'
284.8454 	EXP 	LDT_fix_text: autoDraw = True
284.8460 	DATA 	Keypress: l
284.9707 	EXP 	Device response: <KeyPress from None: t=284.8338891000021, value=l, duration=0.12857150001218542>
285.3291 	EXP 	LDT_stim_text: autoDraw = True
285.3375 	EXP 	LDT_fix_text: autoDraw = False
286.0636 	EXP 	Device response: <KeyPress from None: t=286.05824380001286, value=a, duration=None>
286.0639 	EXP 	New trial (rep=0, index=206): <Trial 206 (206 in rep 0) data={'Task': 'LDT', 'TrialType': 'Target', 'Stimuli': 'vour', 'StimulusType': 'nonword', 'CorrectResponse': 'a', 'Trialnumb': 214, 'thisN': 206, 'thisTrialN': 206, 'thisRepN': 0}>
286.0716 	EXP 	LDT_fix_text: autoDraw = False
286.0716 	EXP 	LDT_stim_text: autoDraw = False
286.0716 	EXP 	LDT_break_text: autoDraw = False
286.0716 	EXP 	LDT_stim_text: height = np.float64(0.1)
286.0716 	EXP 	LDT_stim_text: height = np.float64(0.1)
286.0716 	EXP 	LDT_stim_text: height = np.float64(0.1)
286.0716 	EXP 	LDT_stim_text: text = 'vour'
286.0716 	EXP 	LDT_fix_text: autoDraw = True
286.0721 	DATA 	Keypress: a
286.2053 	EXP 	Device response: <KeyPress from None: t=286.05824380001286, value=a, duration=0.14351749999332242>
286.5556 	EXP 	LDT_stim_text: autoDraw = True
286.5637 	EXP 	LDT_fix_text: autoDraw = False
287.1147 	EXP 	Device response: <KeyPress from None: t=287.10624759999337, value=a, duration=None>
287.1149 	EXP 	New trial (rep=0, index=207): <Trial 207 (207 in rep 0) data={'Task': 'LDT', 'TrialType': 'Target', 'Stimuli': 'darb', 'StimulusType': 'nonword', 'CorrectResponse': 'a', 'Trialnumb': 134, 'thisN': 207, 'thisTrialN': 207, 'thisRepN': 0}>
287.1226 	EXP 	LDT_fix_text: autoDraw = False
287.1226 	EXP 	LDT_stim_text: autoDraw = False
287.1226 	EXP 	LDT_break_text: autoDraw = False
287.1226 	EXP 	LDT_stim_text: height = np.float64(0.1)
287.1226 	EXP 	LDT_stim_text: height = np.float64(0.1)
287.1226 	EXP 	LDT_stim_text: height = np.float64(0.1)
287.1226 	EXP 	LDT_stim_text: text = 'darb'
287.1226 	EXP 	LDT_fix_text: autoDraw = True
287.1232 	DATA 	Keypress: a
287.2396 	EXP 	Device response: <KeyPress from None: t=287.10624759999337, value=a, duration=0.1273619000276085>
287.6064 	EXP 	LDT_stim_text: autoDraw = True
287.6148 	EXP 	LDT_fix_text: autoDraw = False
288.1573 	EXP 	Device response: <KeyPress from None: t=288.15410040001734, value=a, duration=None>
288.1575 	EXP 	New trial (rep=0, index=208): <Trial 208 (208 in rep 0) data={'Task': 'LDT', 'TrialType': 'Target', 'Stimuli': 'look', 'StimulusType': 'word', 'CorrectResponse': 'l', 'Trialnumb': 2, 'thisN': 208, 'thisTrialN': 208, 'thisRepN': 0}>
288.1653 	EXP 	LDT_fix_text: autoDraw = False
288.1653 	EXP 	LDT_stim_text: autoDraw = False
288.1653 	EXP 	LDT_break_text: autoDraw = False
288.1653 	EXP 	LDT_stim_text: height = np.float64(0.1)
288.1653 	EXP 	LDT_stim_text: height = np.float64(0.1)
288.1653 	EXP 	LDT_stim_text: height = np.float64(0.1)
288.1653 	EXP 	LDT_stim_text: text = 'look'
288.1653 	EXP 	LDT_fix_text: autoDraw = True
288.1659 	DATA 	Keypress: a
288.2909 	EXP 	Device response: <KeyPress from None: t=288.15410040001734, value=a, duration=0.13616739999270067>
288.6491 	EXP 	LDT_stim_text: autoDraw = True
288.6576 	EXP 	LDT_fix_text: autoDraw = False
289.3334 	EXP 	Device response: <KeyPress from None: t=289.3315249000152, value=a, duration=None>
289.3336 	EXP 	New trial (rep=0, index=209): <Trial 209 (209 in rep 0) data={'Task': 'LDT', 'TrialType': 'Target', 'Stimuli': 'fall', 'StimulusType': 'word', 'CorrectResponse': 'l', 'Trialnumb': 62, 'thisN': 209, 'thisTrialN': 209, 'thisRepN': 0}>
289.3415 	EXP 	LDT_fix_text: autoDraw = False
289.3415 	EXP 	LDT_stim_text: autoDraw = False
289.3415 	EXP 	LDT_break_text: autoDraw = False
289.3415 	EXP 	LDT_stim_text: height = np.float64(0.1)
289.3415 	EXP 	LDT_stim_text: height = np.float64(0.1)
289.3415 	EXP 	LDT_stim_text: height = np.float64(0.1)
289.3415 	EXP 	LDT_stim_text: text = 'fall'
289.3415 	EXP 	LDT_fix_text: autoDraw = True
289.3421 	DATA 	Keypress: a
289.4587 	EXP 	Device response: <KeyPress from None: t=289.3315249000152, value=a, duration=0.12684270000318065>
289.8253 	EXP 	LDT_stim_text: autoDraw = True
289.8337 	EXP 	LDT_fix_text: autoDraw = False
290.4846 	EXP 	Device response: <KeyPress from None: t=290.4823404000199, value=l, duration=None>
290.4848 	EXP 	New trial (rep=0, index=210): <Trial 210 (210 in rep 0) data={'Task': 'LDT', 'TrialType': 'Target', 'Stimuli': 'spy', 'StimulusType': 'word', 'CorrectResponse': 'l', 'Trialnumb': 99, 'thisN': 210, 'thisTrialN': 210, 'thisRepN': 0}>
290.4926 	EXP 	LDT_fix_text: autoDraw = False
290.4926 	EXP 	LDT_stim_text: autoDraw = False
290.4926 	EXP 	LDT_break_text: autoDraw = False
290.4926 	EXP 	LDT_stim_text: height = np.float64(0.1)
290.4926 	EXP 	LDT_stim_text: height = np.float64(0.1)
290.4926 	EXP 	LDT_stim_text: height = np.float64(0.1)
290.4926 	EXP 	LDT_stim_text: text = 'spy'
290.4926 	EXP 	LDT_fix_text: autoDraw = True
290.4931 	DATA 	Keypress: l
290.5681 	EXP 	Device response: <KeyPress from None: t=290.4823404000199, value=l, duration=0.08025379999889992>
290.9764 	EXP 	LDT_stim_text: autoDraw = True
290.9848 	EXP 	LDT_fix_text: autoDraw = False
291.7441 	EXP 	Device response: <KeyPress from None: t=291.737867000018, value=l, duration=None>
291.7445 	EXP 	New trial (rep=0, index=211): <Trial 211 (211 in rep 0) data={'Task': 'LDT', 'TrialType': 'Target', 'Stimuli': 'colo', 'StimulusType': 'nonword', 'CorrectResponse': 'a', 'Trialnumb': 131, 'thisN': 211, 'thisTrialN': 211, 'thisRepN': 0}>
291.7522 	EXP 	LDT_fix_text: autoDraw = False
291.7522 	EXP 	LDT_stim_text: autoDraw = False
291.7522 	EXP 	LDT_break_text: autoDraw = False
291.7522 	EXP 	LDT_stim_text: height = np.float64(0.1)
291.7522 	EXP 	LDT_stim_text: height = np.float64(0.1)
291.7522 	EXP 	LDT_stim_text: height = np.float64(0.1)
291.7522 	EXP 	LDT_stim_text: text = 'colo'
291.7522 	EXP 	LDT_fix_text: autoDraw = True
291.7527 	DATA 	Keypress: l
291.8609 	EXP 	Device response: <KeyPress from None: t=291.737867000018, value=l, duration=0.1198930999962613>
292.2360 	EXP 	LDT_stim_text: autoDraw = True
292.2445 	EXP 	LDT_fix_text: autoDraw = False
293.0037 	EXP 	Device response: <KeyPress from None: t=293.00325750000775, value=a, duration=None>
293.0040 	EXP 	New trial (rep=0, index=212): <Trial 212 (212 in rep 0) data={'Task': 'LDT', 'TrialType': 'Target', 'Stimuli': 'gaft', 'StimulusType': 'nonword', 'CorrectResponse': 'a', 'Trialnumb': 144, 'thisN': 212, 'thisTrialN': 212, 'thisRepN': 0}>
293.0118 	EXP 	LDT_fix_text: autoDraw = False
293.0118 	EXP 	LDT_stim_text: autoDraw = False
293.0118 	EXP 	LDT_break_text: autoDraw = False
293.0118 	EXP 	LDT_stim_text: height = np.float64(0.1)
293.0118 	EXP 	LDT_stim_text: height = np.float64(0.1)
293.0118 	EXP 	LDT_stim_text: height = np.float64(0.1)
293.0118 	EXP 	LDT_stim_text: text = 'gaft'
293.0118 	EXP 	LDT_fix_text: autoDraw = True
293.0123 	DATA 	Keypress: a
293.1288 	EXP 	Device response: <KeyPress from None: t=293.00325750000775, value=a, duration=0.11835189998964779>
293.4956 	EXP 	LDT_stim_text: autoDraw = True
293.5040 	EXP 	LDT_fix_text: autoDraw = False
294.2049 	EXP 	Device response: <KeyPress from None: t=294.20160870000836, value=a, duration=None>
294.2053 	EXP 	New trial (rep=0, index=213): <Trial 213 (213 in rep 0) data={'Task': 'LDT', 'TrialType': 'Target', 'Stimuli': 'word', 'StimulusType': 'word', 'CorrectResponse': 'l', 'Trialnumb': 47, 'thisN': 213, 'thisTrialN': 213, 'thisRepN': 0}>
294.2130 	EXP 	LDT_fix_text: autoDraw = False
294.2130 	EXP 	LDT_stim_text: autoDraw = False
294.2130 	EXP 	LDT_break_text: autoDraw = False
294.2130 	EXP 	LDT_stim_text: height = np.float64(0.1)
294.2130 	EXP 	LDT_stim_text: height = np.float64(0.1)
294.2130 	EXP 	LDT_stim_text: height = np.float64(0.1)
294.2130 	EXP 	LDT_stim_text: text = 'word'
294.2130 	EXP 	LDT_fix_text: autoDraw = True
294.2136 	DATA 	Keypress: a
294.3300 	EXP 	Device response: <KeyPress from None: t=294.20160870000836, value=a, duration=0.12068699998781085>
294.6969 	EXP 	LDT_stim_text: autoDraw = True
294.7052 	EXP 	LDT_fix_text: autoDraw = False
295.3645 	EXP 	Device response: <KeyPress from None: t=295.3630359999952, value=a, duration=None>
295.3648 	EXP 	New trial (rep=0, index=214): <Trial 214 (214 in rep 0) data={'Task': 'LDT', 'TrialType': 'Target', 'Stimuli': 'seft', 'StimulusType': 'nonword', 'CorrectResponse': 'a', 'Trialnumb': 188, 'thisN': 214, 'thisTrialN': 214, 'thisRepN': 0}>
295.3726 	EXP 	LDT_fix_text: autoDraw = False
295.3726 	EXP 	LDT_stim_text: autoDraw = False
295.3726 	EXP 	LDT_break_text: autoDraw = False
295.3726 	EXP 	LDT_stim_text: height = np.float64(0.1)
295.3726 	EXP 	LDT_stim_text: height = np.float64(0.1)
295.3726 	EXP 	LDT_stim_text: height = np.float64(0.1)
295.3726 	EXP 	LDT_stim_text: text = 'seft'
295.3726 	EXP 	LDT_fix_text: autoDraw = True
295.3731 	DATA 	Keypress: a
295.5062 	EXP 	Device response: <KeyPress from None: t=295.3630359999952, value=a, duration=0.13555200002156198>
295.8563 	EXP 	LDT_stim_text: autoDraw = True
295.8646 	EXP 	LDT_fix_text: autoDraw = False
296.6825 	EXP 	Device response: <KeyPress from None: t=296.674880400009, value=a, duration=None>
296.6828 	EXP 	New trial (rep=0, index=215): <Trial 215 (215 in rep 0) data={'Task': 'LDT', 'TrialType': 'Target', 'Stimuli': 'hork', 'StimulusType': 'nonword', 'CorrectResponse': 'a', 'Trialnumb': 156, 'thisN': 215, 'thisTrialN': 215, 'thisRepN': 0}>
296.6905 	EXP 	LDT_fix_text: autoDraw = False
296.6905 	EXP 	LDT_stim_text: autoDraw = False
296.6905 	EXP 	LDT_break_text: autoDraw = False
296.6905 	EXP 	LDT_stim_text: height = np.float64(0.1)
296.6905 	EXP 	LDT_stim_text: height = np.float64(0.1)
296.6905 	EXP 	LDT_stim_text: height = np.float64(0.1)
296.6905 	EXP 	LDT_stim_text: text = 'hork'
296.6905 	EXP 	LDT_fix_text: autoDraw = True
296.6910 	DATA 	Keypress: a
296.8408 	EXP 	Device response: <KeyPress from None: t=296.674880400009, value=a, duration=0.15946580001036637>
297.1743 	EXP 	LDT_stim_text: autoDraw = True
297.1826 	EXP 	LDT_fix_text: autoDraw = False
298.0421 	EXP 	Device response: <KeyPress from None: t=298.0419083000161, value=a, duration=None>
298.0424 	EXP 	New trial (rep=0, index=216): <Trial 216 (216 in rep 0) data={'Task': 'LDT', 'TrialType': 'Target', 'Stimuli': 'warm', 'StimulusType': 'word', 'CorrectResponse': 'l', 'Trialnumb': 60, 'thisN': 216, 'thisTrialN': 216, 'thisRepN': 0}>
298.0502 	EXP 	LDT_fix_text: autoDraw = False
298.0502 	EXP 	LDT_stim_text: autoDraw = False
298.0502 	EXP 	LDT_break_text: autoDraw = False
298.0502 	EXP 	LDT_stim_text: height = np.float64(0.1)
298.0502 	EXP 	LDT_stim_text: height = np.float64(0.1)
298.0502 	EXP 	LDT_stim_text: height = np.float64(0.1)
298.0502 	EXP 	LDT_stim_text: text = 'warm'
298.0502 	EXP 	LDT_fix_text: autoDraw = True
298.0508 	DATA 	Keypress: a
298.2507 	EXP 	Device response: <KeyPress from None: t=298.0419083000161, value=a, duration=0.20780039997771382>
298.5340 	EXP 	LDT_stim_text: autoDraw = True
298.5423 	EXP 	LDT_fix_text: autoDraw = False
299.1348 	EXP 	Device response: <KeyPress from None: t=299.130472400022, value=l, duration=None>
299.1351 	EXP 	New trial (rep=0, index=217): <Trial 217 (217 in rep 0) data={'Task': 'LDT', 'TrialType': 'Target', 'Stimuli': 'last', 'StimulusType': 'word', 'CorrectResponse': 'l', 'Trialnumb': 11, 'thisN': 217, 'thisTrialN': 217, 'thisRepN': 0}>
299.1430 	EXP 	LDT_fix_text: autoDraw = False
299.1430 	EXP 	LDT_stim_text: autoDraw = False
299.1430 	EXP 	LDT_break_text: autoDraw = False
299.1430 	EXP 	LDT_stim_text: height = np.float64(0.1)
299.1430 	EXP 	LDT_stim_text: height = np.float64(0.1)
299.1430 	EXP 	LDT_stim_text: height = np.float64(0.1)
299.1430 	EXP 	LDT_stim_text: text = 'last'
299.1430 	EXP 	LDT_fix_text: autoDraw = True
299.1436 	DATA 	Keypress: l
299.2433 	EXP 	Device response: <KeyPress from None: t=299.130472400022, value=l, duration=0.11198259997763671>
299.6267 	EXP 	LDT_stim_text: autoDraw = True
299.6351 	EXP 	LDT_fix_text: autoDraw = False
300.2693 	EXP 	Device response: <KeyPress from None: t=300.2655919000099, value=l, duration=None>
300.2695 	EXP 	New trial (rep=0, index=218): <Trial 218 (218 in rep 0) data={'Task': 'LDT', 'TrialType': 'Target', 'Stimuli': 'music', 'StimulusType': 'word', 'CorrectResponse': 'l', 'Trialnumb': 13, 'thisN': 218, 'thisTrialN': 218, 'thisRepN': 0}>
300.2774 	EXP 	LDT_fix_text: autoDraw = False
300.2774 	EXP 	LDT_stim_text: autoDraw = False
300.2774 	EXP 	LDT_break_text: autoDraw = False
300.2774 	EXP 	LDT_stim_text: height = np.float64(0.1)
300.2774 	EXP 	LDT_stim_text: height = np.float64(0.1)
300.2774 	EXP 	LDT_stim_text: height = np.float64(0.1)
300.2774 	EXP 	LDT_stim_text: text = 'music'
300.2774 	EXP 	LDT_fix_text: autoDraw = True
300.2780 	DATA 	Keypress: l
300.3944 	EXP 	Device response: <KeyPress from None: t=300.2655919000099, value=l, duration=0.12843710000743158>
300.7612 	EXP 	LDT_stim_text: autoDraw = True
300.7695 	EXP 	LDT_fix_text: autoDraw = False
301.3704 	EXP 	Device response: <KeyPress from None: t=301.36232000001473, value=l, duration=None>
301.3706 	EXP 	New trial (rep=0, index=219): <Trial 219 (219 in rep 0) data={'Task': 'LDT', 'TrialType': 'Target', 'Stimuli': 'heat', 'StimulusType': 'word', 'CorrectResponse': 'l', 'Trialnumb': 79, 'thisN': 219, 'thisTrialN': 219, 'thisRepN': 0}>
301.3785 	EXP 	LDT_fix_text: autoDraw = False
301.3785 	EXP 	LDT_stim_text: autoDraw = False
301.3785 	EXP 	LDT_break_text: autoDraw = False
301.3785 	EXP 	LDT_stim_text: height = np.float64(0.1)
301.3785 	EXP 	LDT_stim_text: height = np.float64(0.1)
301.3785 	EXP 	LDT_stim_text: height = np.float64(0.1)
301.3785 	EXP 	LDT_stim_text: text = 'heat'
301.3785 	EXP 	LDT_fix_text: autoDraw = True
301.3790 	DATA 	Keypress: l
301.4705 	EXP 	Device response: <KeyPress from None: t=301.36232000001473, value=l, duration=0.10508169999229722>
301.8624 	EXP 	LDT_stim_text: autoDraw = True
301.8706 	EXP 	LDT_fix_text: autoDraw = False
302.6634 	EXP 	Device response: <KeyPress from None: t=302.657984200021, value=l, duration=None>
302.6637 	EXP 	New trial (rep=0, index=220): <Trial 220 (220 in rep 0) data={'Task': 'LDT', 'TrialType': 'Target', 'Stimuli': 'unit', 'StimulusType': 'word', 'CorrectResponse': 'l', 'Trialnumb': 82, 'thisN': 220, 'thisTrialN': 220, 'thisRepN': 0}>
302.6715 	EXP 	LDT_fix_text: autoDraw = False
302.6715 	EXP 	LDT_stim_text: autoDraw = False
302.6715 	EXP 	LDT_break_text: autoDraw = False
302.6715 	EXP 	LDT_stim_text: height = np.float64(0.1)
302.6715 	EXP 	LDT_stim_text: height = np.float64(0.1)
302.6715 	EXP 	LDT_stim_text: height = np.float64(0.1)
302.6715 	EXP 	LDT_stim_text: text = 'unit'
302.6715 	EXP 	LDT_fix_text: autoDraw = True
302.6720 	DATA 	Keypress: l
302.8052 	EXP 	Device response: <KeyPress from None: t=302.657984200021, value=l, duration=0.14440379998995923>
303.1552 	EXP 	LDT_stim_text: autoDraw = True
303.1636 	EXP 	LDT_fix_text: autoDraw = False
303.8395 	EXP 	Device response: <KeyPress from None: t=303.8336726000125, value=l, duration=None>
303.8398 	EXP 	New trial (rep=0, index=221): <Trial 221 (221 in rep 0) data={'Task': 'LDT', 'TrialType': 'Target', 'Stimuli': 'gips', 'StimulusType': 'nonword', 'CorrectResponse': 'a', 'Trialnumb': 147, 'thisN': 221, 'thisTrialN': 221, 'thisRepN': 0}>
303.8476 	EXP 	LDT_fix_text: autoDraw = False
303.8476 	EXP 	LDT_stim_text: autoDraw = False
303.8476 	EXP 	LDT_break_text: autoDraw = False
303.8476 	EXP 	LDT_stim_text: height = np.float64(0.1)
303.8476 	EXP 	LDT_stim_text: height = np.float64(0.1)
303.8476 	EXP 	LDT_stim_text: height = np.float64(0.1)
303.8476 	EXP 	LDT_stim_text: text = 'gips'
303.8476 	EXP 	LDT_fix_text: autoDraw = True
303.8481 	DATA 	Keypress: l
303.9647 	EXP 	Device response: <KeyPress from None: t=303.8336726000125, value=l, duration=0.12866719998419285>
304.3314 	EXP 	LDT_stim_text: autoDraw = True
304.3397 	EXP 	LDT_fix_text: autoDraw = False
305.0325 	EXP 	Device response: <KeyPress from None: t=305.02643369999714, value=a, duration=None>
305.0406 	EXP 	LDT_fix_text: autoDraw = False
305.0406 	EXP 	LDT_stim_text: autoDraw = False
305.0406 	EXP 	LDT_break_text: autoDraw = False
305.0406 	EXP 	end_text: autoDraw = True
305.0410 	DATA 	Keypress: a
305.1658 	EXP 	Device response: <KeyPress from None: t=305.02643369999714, value=a, duration=0.13563890001387335>
306.1585 	EXP 	Device response: <KeyPress from None: t=306.15420129999984, value=space, duration=None>
306.1670 	DATA 	Keypress: space
306.2503 	EXP 	Device response: <KeyPress from None: t=306.15420129999984, value=space, duration=0.0958593999966979>
308.0351 	EXP 	end_text: autoDraw = False
308.0351 	EXP 	end_text: autoDraw = False
308.0351 	EXP 	online_LDT&KRT: status = STOPPED
