0.9414 	WARNING 	We strongly recommend you activate the PTB sound engine in PsychoPy prefs as the preferred audio engine. Its timing is vastly superior. Your prefs are currently set to use ['sounddevice', 'PTB', 'pyo', 'pygame'] (in that order).
1.8362 	WARNING 	Font Manager failed to load file C:\Users\user\AppData\Local\Microsoft\Windows\Fonts\210 나무고딕B.ttf
1.8384 	WARNING 	Font Manager failed to load file C:\Users\user\AppData\Local\Microsoft\Windows\Fonts\210 맨발의청춘R.ttf
1.8421 	WARNING 	Font Manager failed to load file C:\Users\user\AppData\Local\Microsoft\Windows\Fonts\아리따-돋움(TTF)-Light.ttf
1.8498 	WARNING 	Font Manager failed to load file C:\Users\user\AppData\Local\Microsoft\Windows\Fonts\210 하얀바람L.ttf
1.8525 	WARNING 	Font Manager failed to load file C:\Users\user\AppData\Local\Microsoft\Windows\Fonts\210 카툰스토리L.ttf
1.8547 	WARNING 	Font Manager failed to load file C:\Users\user\AppData\Local\Microsoft\Windows\Fonts\210 씨앗R.ttf
1.8548 	WARNING 	Font Manager failed to load file C:\Users\user\AppData\Local\Microsoft\Windows\Fonts\210 상상공작소B.ttf
1.8556 	WARNING 	Font Manager failed to load file C:\Users\user\AppData\Local\Microsoft\Windows\Fonts\a고딕15.ttf
1.8575 	WARNING 	Font Manager failed to load file C:\Users\user\AppData\Local\Microsoft\Windows\Fonts\210 맨발의청춘B.ttf
1.8592 	WARNING 	Font Manager failed to load file C:\Users\user\AppData\Local\Microsoft\Windows\Fonts\210 나무고딕EB.ttf
1.8596 	WARNING 	Font Manager failed to load file C:\Users\user\AppData\Local\Microsoft\Windows\Fonts\210 콤퓨타세탁B.ttf
1.8602 	WARNING 	Font Manager failed to load file C:\Users\user\AppData\Local\Microsoft\Windows\Fonts\서울남산 장체L.ttf
1.8620 	WARNING 	Font Manager failed to load file C:\Users\user\AppData\Local\Microsoft\Windows\Fonts\210 동화책B.ttf
1.8621 	WARNING 	Font Manager failed to load file C:\Users\user\AppData\Local\Microsoft\Windows\Fonts\아리따-돋움(TTF)-SemiBold.ttf
1.8625 	WARNING 	Font Manager failed to load file C:\Users\user\AppData\Local\Microsoft\Windows\Fonts\서울남산 장체M.ttf
1.8631 	WARNING 	Font Manager failed to load file C:\Users\user\AppData\Local\Microsoft\Windows\Fonts\210 동화책L.ttf
1.8637 	WARNING 	Font Manager failed to load file C:\Users\user\AppData\Local\Microsoft\Windows\Fonts\a뉴굴림2.ttf
1.8645 	WARNING 	Font Manager failed to load file C:\Users\user\AppData\Local\Microsoft\Windows\Fonts\210 맨발의청춘L.ttf
1.8794 	WARNING 	Font Manager failed to load file C:\Users\user\AppData\Local\Microsoft\Windows\Fonts\a고딕12.ttf
1.8798 	WARNING 	Font Manager failed to load file C:\Users\user\AppData\Local\Microsoft\Windows\Fonts\나눔고딕L.ttf
1.8832 	WARNING 	Font Manager failed to load file C:\Users\user\AppData\Local\Microsoft\Windows\Fonts\210 나무고딕L.ttf
1.8855 	WARNING 	Font Manager failed to load file C:\Users\user\AppData\Local\Microsoft\Windows\Fonts\210 동화책R.ttf
1.8857 	WARNING 	Font Manager failed to load file C:\Users\user\AppData\Local\Microsoft\Windows\Fonts\210 상상공작소R.ttf
1.8865 	WARNING 	Font Manager failed to load file C:\Users\user\AppData\Local\Microsoft\Windows\Fonts\아리따-돋움(TTF)-Bold.ttf
1.8871 	WARNING 	Font Manager failed to load file C:\Users\user\AppData\Local\Microsoft\Windows\Fonts\210 하얀바람B.ttf
1.8873 	WARNING 	Font Manager failed to load file C:\Users\user\AppData\Local\Microsoft\Windows\Fonts\a고딕10.ttf
1.8906 	WARNING 	Font Manager failed to load file C:\Users\user\AppData\Local\Microsoft\Windows\Fonts\210 카툰스토리B.ttf
1.8920 	WARNING 	Font Manager failed to load file C:\Users\user\AppData\Local\Microsoft\Windows\Fonts\210 씨앗B.ttf
1.8932 	WARNING 	Font Manager failed to load file C:\Users\user\AppData\Local\Microsoft\Windows\Fonts\a고딕14.ttf
1.8945 	WARNING 	Font Manager failed to load file C:\Users\user\AppData\Local\Microsoft\Windows\Fonts\a고딕13.ttf
1.8954 	WARNING 	Font Manager failed to load file C:\Users\user\AppData\Local\Microsoft\Windows\Fonts\아리따-돋움(TTF)-Thin.ttf
1.9025 	WARNING 	Font Manager failed to load file C:\Users\user\AppData\Local\Microsoft\Windows\Fonts\서울남산 장체B.ttf
1.9081 	WARNING 	Font Manager failed to load file C:\Users\user\AppData\Local\Microsoft\Windows\Fonts\210 나무고딕R.ttf
1.9094 	WARNING 	Font Manager failed to load file C:\Users\user\AppData\Local\Microsoft\Windows\Fonts\a뉴굴림4.ttf
1.9096 	WARNING 	Font Manager failed to load file C:\Users\user\AppData\Local\Microsoft\Windows\Fonts\210 카툰스토리R.ttf
1.9097 	WARNING 	Font Manager failed to load file C:\Users\user\AppData\Local\Microsoft\Windows\Fonts\a시나리오.ttf
1.9147 	WARNING 	Font Manager failed to load file C:\Users\user\AppData\Local\Microsoft\Windows\Fonts\서울남산 장체BL.ttf
1.9183 	WARNING 	Font Manager failed to load file C:\Users\user\AppData\Local\Microsoft\Windows\Fonts\210 하얀바람R.ttf
1.9215 	WARNING 	Font Manager failed to load file C:\Users\user\AppData\Local\Microsoft\Windows\Fonts\a뉴굴림1.ttf
1.9226 	WARNING 	Font Manager failed to load file C:\Users\user\AppData\Local\Microsoft\Windows\Fonts\210 씨앗L.ttf
1.9242 	WARNING 	Font Manager failed to load file C:\Users\user\AppData\Local\Microsoft\Windows\Fonts\210 콤퓨타세탁R.ttf
1.9282 	WARNING 	Font Manager failed to load file C:\Users\user\AppData\Local\Microsoft\Windows\Fonts\a뉴굴림3.ttf
1.9292 	WARNING 	Font Manager failed to load file C:\Users\user\AppData\Local\Microsoft\Windows\Fonts\a고딕16.ttf
1.9306 	WARNING 	Font Manager failed to load file C:\Users\user\AppData\Local\Microsoft\Windows\Fonts\210 상상공작소L.ttf
1.9329 	WARNING 	Font Manager failed to load file C:\Users\user\AppData\Local\Microsoft\Windows\Fonts\a고딕11.ttf
1.9333 	WARNING 	Font Manager failed to load file C:\Users\user\AppData\Local\Microsoft\Windows\Fonts\서울남산 장체EB.ttf
1.9385 	WARNING 	Font Manager failed to load file C:\Users\user\AppData\Local\Microsoft\Windows\Fonts\아리따-돋움(TTF)-Medium.ttf
1.9416 	WARNING 	Font Manager failed to load file C:\Users\user\AppData\Local\Microsoft\Windows\Fonts\210 콤퓨타세탁L.ttf
2.1894 	WARNING 	Font Manager failed to load file C:\Users\user\AppData\Local\Microsoft\Windows\Fonts\210 나무고딕B.ttf
2.1916 	WARNING 	Font Manager failed to load file C:\Users\user\AppData\Local\Microsoft\Windows\Fonts\210 맨발의청춘R.ttf
2.1955 	WARNING 	Font Manager failed to load file C:\Users\user\AppData\Local\Microsoft\Windows\Fonts\아리따-돋움(TTF)-Light.ttf
2.2033 	WARNING 	Font Manager failed to load file C:\Users\user\AppData\Local\Microsoft\Windows\Fonts\210 하얀바람L.ttf
2.2060 	WARNING 	Font Manager failed to load file C:\Users\user\AppData\Local\Microsoft\Windows\Fonts\210 카툰스토리L.ttf
2.2081 	WARNING 	Font Manager failed to load file C:\Users\user\AppData\Local\Microsoft\Windows\Fonts\210 씨앗R.ttf
2.2082 	WARNING 	Font Manager failed to load file C:\Users\user\AppData\Local\Microsoft\Windows\Fonts\210 상상공작소B.ttf
2.2090 	WARNING 	Font Manager failed to load file C:\Users\user\AppData\Local\Microsoft\Windows\Fonts\a고딕15.ttf
2.2110 	WARNING 	Font Manager failed to load file C:\Users\user\AppData\Local\Microsoft\Windows\Fonts\210 맨발의청춘B.ttf
2.2127 	WARNING 	Font Manager failed to load file C:\Users\user\AppData\Local\Microsoft\Windows\Fonts\210 나무고딕EB.ttf
2.2130 	WARNING 	Font Manager failed to load file C:\Users\user\AppData\Local\Microsoft\Windows\Fonts\210 콤퓨타세탁B.ttf
2.2137 	WARNING 	Font Manager failed to load file C:\Users\user\AppData\Local\Microsoft\Windows\Fonts\서울남산 장체L.ttf
2.2155 	WARNING 	Font Manager failed to load file C:\Users\user\AppData\Local\Microsoft\Windows\Fonts\210 동화책B.ttf
2.2157 	WARNING 	Font Manager failed to load file C:\Users\user\AppData\Local\Microsoft\Windows\Fonts\아리따-돋움(TTF)-SemiBold.ttf
2.2161 	WARNING 	Font Manager failed to load file C:\Users\user\AppData\Local\Microsoft\Windows\Fonts\서울남산 장체M.ttf
2.2167 	WARNING 	Font Manager failed to load file C:\Users\user\AppData\Local\Microsoft\Windows\Fonts\210 동화책L.ttf
2.2173 	WARNING 	Font Manager failed to load file C:\Users\user\AppData\Local\Microsoft\Windows\Fonts\a뉴굴림2.ttf
2.2181 	WARNING 	Font Manager failed to load file C:\Users\user\AppData\Local\Microsoft\Windows\Fonts\210 맨발의청춘L.ttf
2.2334 	WARNING 	Font Manager failed to load file C:\Users\user\AppData\Local\Microsoft\Windows\Fonts\a고딕12.ttf
2.2338 	WARNING 	Font Manager failed to load file C:\Users\user\AppData\Local\Microsoft\Windows\Fonts\나눔고딕L.ttf
2.2369 	WARNING 	Font Manager failed to load file C:\Users\user\AppData\Local\Microsoft\Windows\Fonts\210 나무고딕L.ttf
2.2392 	WARNING 	Font Manager failed to load file C:\Users\user\AppData\Local\Microsoft\Windows\Fonts\210 동화책R.ttf
2.2393 	WARNING 	Font Manager failed to load file C:\Users\user\AppData\Local\Microsoft\Windows\Fonts\210 상상공작소R.ttf
2.2401 	WARNING 	Font Manager failed to load file C:\Users\user\AppData\Local\Microsoft\Windows\Fonts\아리따-돋움(TTF)-Bold.ttf
2.2408 	WARNING 	Font Manager failed to load file C:\Users\user\AppData\Local\Microsoft\Windows\Fonts\210 하얀바람B.ttf
2.2409 	WARNING 	Font Manager failed to load file C:\Users\user\AppData\Local\Microsoft\Windows\Fonts\a고딕10.ttf
2.2436 	WARNING 	Font Manager failed to load file C:\Users\user\AppData\Local\Microsoft\Windows\Fonts\210 카툰스토리B.ttf
2.2450 	WARNING 	Font Manager failed to load file C:\Users\user\AppData\Local\Microsoft\Windows\Fonts\210 씨앗B.ttf
2.2456 	WARNING 	Font Manager failed to load file C:\Users\user\AppData\Local\Microsoft\Windows\Fonts\a고딕14.ttf
2.2468 	WARNING 	Font Manager failed to load file C:\Users\user\AppData\Local\Microsoft\Windows\Fonts\a고딕13.ttf
2.2477 	WARNING 	Font Manager failed to load file C:\Users\user\AppData\Local\Microsoft\Windows\Fonts\아리따-돋움(TTF)-Thin.ttf
2.2549 	WARNING 	Font Manager failed to load file C:\Users\user\AppData\Local\Microsoft\Windows\Fonts\서울남산 장체B.ttf
2.2606 	WARNING 	Font Manager failed to load file C:\Users\user\AppData\Local\Microsoft\Windows\Fonts\210 나무고딕R.ttf
2.2620 	WARNING 	Font Manager failed to load file C:\Users\user\AppData\Local\Microsoft\Windows\Fonts\a뉴굴림4.ttf
2.2621 	WARNING 	Font Manager failed to load file C:\Users\user\AppData\Local\Microsoft\Windows\Fonts\210 카툰스토리R.ttf
2.2622 	WARNING 	Font Manager failed to load file C:\Users\user\AppData\Local\Microsoft\Windows\Fonts\a시나리오.ttf
2.2672 	WARNING 	Font Manager failed to load file C:\Users\user\AppData\Local\Microsoft\Windows\Fonts\서울남산 장체BL.ttf
2.2709 	WARNING 	Font Manager failed to load file C:\Users\user\AppData\Local\Microsoft\Windows\Fonts\210 하얀바람R.ttf
2.2739 	WARNING 	Font Manager failed to load file C:\Users\user\AppData\Local\Microsoft\Windows\Fonts\a뉴굴림1.ttf
2.2750 	WARNING 	Font Manager failed to load file C:\Users\user\AppData\Local\Microsoft\Windows\Fonts\210 씨앗L.ttf
2.2766 	WARNING 	Font Manager failed to load file C:\Users\user\AppData\Local\Microsoft\Windows\Fonts\210 콤퓨타세탁R.ttf
2.2807 	WARNING 	Font Manager failed to load file C:\Users\user\AppData\Local\Microsoft\Windows\Fonts\a뉴굴림3.ttf
2.2818 	WARNING 	Font Manager failed to load file C:\Users\user\AppData\Local\Microsoft\Windows\Fonts\a고딕16.ttf
2.2833 	WARNING 	Font Manager failed to load file C:\Users\user\AppData\Local\Microsoft\Windows\Fonts\210 상상공작소L.ttf
2.2858 	WARNING 	Font Manager failed to load file C:\Users\user\AppData\Local\Microsoft\Windows\Fonts\a고딕11.ttf
2.2861 	WARNING 	Font Manager failed to load file C:\Users\user\AppData\Local\Microsoft\Windows\Fonts\서울남산 장체EB.ttf
2.2914 	WARNING 	Font Manager failed to load file C:\Users\user\AppData\Local\Microsoft\Windows\Fonts\아리따-돋움(TTF)-Medium.ttf
2.2945 	WARNING 	Font Manager failed to load file C:\Users\user\AppData\Local\Microsoft\Windows\Fonts\210 콤퓨타세탁L.ttf
6.5622 	EXP 	Created window1 = Window(allowGUI=False, allowStencil=False, autoLog=True, backendConf=UNKNOWN, backgroundFit=<method-wrapper '__getattribute__' of attributeSetter object at 0x0000014E0002B280>, backgroundImage=<method-wrapper '__getattribute__' of attributeSetter object at 0x0000014E0002B220>, bitsMode=UNKNOWN, blendMode='avg', bpc=(8, 8, 8), color=array([-1., -1., -1.]), colorSpace='rgb', depthBits=8, fullscr=True, gamma=None, gammaErrorPolicy='raise', infoMsg=UNKNOWN, lms=UNKNOWN, monitor=<psychopy.monitors.calibTools.Monitor object at 0x0000014E0040C5E0>, multiSample=False, name='window1', numSamples=2, pos=[np.float64(0.0), np.float64(0.0)], screen=0, size=array([1920, 1080]), stencilBits=0, stereo=False, title='PsychoPy', units='height', useFBO=True, useRetina=False, viewOri=0.0, viewPos=None, viewScale=None, waitBlanking=True, winType='pyglet')
6.5623 	EXP 	window1: backgroundImage = ''
6.5623 	EXP 	window1: backgroundFit = 'none'
6.8339 	EXP 	window1: Attempting to measure frame rate of screen (0) ...
6.8339 	EXP 	window1: recordFrameIntervals = False
6.9670 	EXP 	window1: recordFrameIntervals = True
7.0580 	EXP 	Screen (0) actual frame rate measured at 121.08Hz
7.0581 	EXP 	window1: recordFrameIntervals = False
8.2264 	EXP 	online_LDT&KRT: status = STARTED
8.3159 	EXP 	Created intro_text = TextStim(__class__=<class 'psychopy.visual.text.TextStim'>, alignHoriz=method-wrapper(...), alignText='center', alignVert=method-wrapper(...), anchorHoriz='center', anchorVert='center', antialias=True, autoDraw=False, autoLog=True, bold=False, color=array([1., 1., 1.]), colorSpace='rgb', contrast=1.0, depth=0.0, draggable=False, flipHoriz=False, flipVert=False, font='NanumGothic', fontFiles=[], height=np.float64(0.03), italic=False, languageStyle='LTR', name='intro_text', opacity=1, ori=0.0, pos=array([0., 0.]), rgb=UNKNOWN, text=str(...), units='height', win=Window(...), wrapWidth=1)
8.3340 	EXP 	Created LDT_intro_instr = TextStim(__class__=<class 'psychopy.visual.text.TextStim'>, alignHoriz=method-wrapper(...), alignText='center', alignVert=method-wrapper(...), anchorHoriz='center', anchorVert='center', antialias=True, autoDraw=False, autoLog=True, bold=False, color=array([1., 1., 1.]), colorSpace='rgb', contrast=1.0, depth=0.0, draggable=False, flipHoriz=False, flipVert=False, font='NanumGothic', fontFiles=[], height=np.float64(0.03), italic=False, languageStyle='LTR', name='LDT_intro_instr', opacity=1, ori=0.0, pos=array([0. , 0.2]), rgb=UNKNOWN, text=str(...), units='height', win=Window(...), wrapWidth=1)
8.3480 	EXP 	Created keyboard_LDT = ImageStim(__class__=<class 'psychopy.visual.image.ImageStim'>, anchor=('center', 'center'), autoLog=True, color=array([1., 1., 1.]), colorSpace='rgb', contrast=1.0, depth=-2.0, draggable=False, flipHoriz=np.False_, flipVert=np.False_, image='keyboard_LDT_RR.png', interpolate=True, mask=None, maskParams=None, name='keyboard_LDT', opacity=1, ori=0.0, pos=array([ 0. , -0.2]), size=array([0.6 , 0.35]), texRes=128.0, units='height', win=Window(...))
8.3509 	EXP 	Created LDT_prac_fix_text = TextStim(__class__=<class 'psychopy.visual.text.TextStim'>, alignHoriz=method-wrapper(...), alignText='center', alignVert=method-wrapper(...), anchorHoriz='center', anchorVert='center', antialias=True, autoDraw=False, autoLog=True, bold=False, color=array([1., 1., 1.]), colorSpace='rgb', contrast=1.0, depth=0.0, draggable=False, flipHoriz=False, flipVert=False, font='NanumGothic', fontFiles=[], height=np.float64(0.1), italic=False, languageStyle='LTR', name='LDT_prac_fix_text', opacity=1, ori=0, pos=array([0., 0.]), rgb=UNKNOWN, text='+', units='height', win=Window(...), wrapWidth=1)
8.3513 	EXP 	Created LDT_prac_stim_text = TextStim(__class__=<class 'psychopy.visual.text.TextStim'>, alignHoriz=method-wrapper(...), alignText='center', alignVert=method-wrapper(...), anchorHoriz='center', anchorVert='center', antialias=True, autoDraw=False, autoLog=True, bold=False, color=array([1., 1., 1.]), colorSpace='rgb', contrast=1.0, depth=-1.0, draggable=False, flipHoriz=False, flipVert=False, font='NanumGothic', fontFiles=[], height=0.1, italic=False, languageStyle='LTR', name='LDT_prac_stim_text', opacity=1, ori=0, pos=array([0., 0.]), rgb=UNKNOWN, text='', units='height', win=Window(...), wrapWidth=1)
8.3520 	EXP 	Created LDT_feedback_text = TextStim(__class__=<class 'psychopy.visual.text.TextStim'>, alignHoriz=method-wrapper(...), alignText='center', alignVert=method-wrapper(...), anchorHoriz='center', anchorVert='center', antialias=True, autoDraw=False, autoLog=True, bold=False, color=array([1., 1., 1.]), colorSpace='rgb', contrast=1.0, depth=-1.0, draggable=False, flipHoriz=False, flipVert=False, font='NanumGothic', fontFiles=[], height=0.05, italic=False, languageStyle='LTR', name='LDT_feedback_text', opacity=1, ori=0, pos=array([0., 0.]), rgb=UNKNOWN, text='', units='height', win=Window(...), wrapWidth=1)
8.3658 	EXP 	Created LDT_instr_text = TextStim(__class__=<class 'psychopy.visual.text.TextStim'>, alignHoriz=method-wrapper(...), alignText='center', alignVert=method-wrapper(...), anchorHoriz='center', anchorVert='center', antialias=True, autoDraw=False, autoLog=True, bold=False, color=array([1., 1., 1.]), colorSpace='rgb', contrast=1.0, depth=0.0, draggable=False, flipHoriz=False, flipVert=False, font='NanumGothic', fontFiles=[], height=np.float64(0.03), italic=False, languageStyle='LTR', name='LDT_instr_text', opacity=1, ori=0, pos=array([0., 0.]), rgb=UNKNOWN, text=str(...), units='height', win=Window(...), wrapWidth=1)
8.3672 	EXP 	Created LDT_fix_text = TextStim(__class__=<class 'psychopy.visual.text.TextStim'>, alignHoriz=method-wrapper(...), alignText='center', alignVert=method-wrapper(...), anchorHoriz='center', anchorVert='center', antialias=True, autoDraw=False, autoLog=True, bold=False, color=array([1., 1., 1.]), colorSpace='rgb', contrast=1.0, depth=0.0, draggable=False, flipHoriz=False, flipVert=False, font='NanumGothic', fontFiles=[], height=np.float64(0.1), italic=False, languageStyle='LTR', name='LDT_fix_text', opacity=1, ori=0, pos=array([0., 0.]), rgb=UNKNOWN, text='+', units='height', win=Window(...), wrapWidth=1)
8.3676 	EXP 	Created LDT_stim_text = TextStim(__class__=<class 'psychopy.visual.text.TextStim'>, alignHoriz=method-wrapper(...), alignText='center', alignVert=method-wrapper(...), anchorHoriz='center', anchorVert='center', antialias=True, autoDraw=False, autoLog=True, bold=False, color=array([1., 1., 1.]), colorSpace='rgb', contrast=1.0, depth=-1.0, draggable=False, flipHoriz=False, flipVert=False, font='NanumGothic', fontFiles=[], height=0.1, italic=False, languageStyle='LTR', name='LDT_stim_text', opacity=1, ori=0, pos=array([0., 0.]), rgb=UNKNOWN, text='', units='height', win=Window(...), wrapWidth=1)
8.3731 	EXP 	Created LDT_break_text = TextStim(__class__=<class 'psychopy.visual.text.TextStim'>, alignHoriz=method-wrapper(...), alignText='center', alignVert=method-wrapper(...), anchorHoriz='center', anchorVert='center', antialias=True, autoDraw=False, autoLog=True, bold=False, color=array([1., 1., 1.]), colorSpace='rgb', contrast=1.0, depth=-1.0, draggable=False, flipHoriz=False, flipVert=False, font='NanumGothic', fontFiles=[], height=np.float64(0.03), italic=False, languageStyle='LTR', name='LDT_break_text', opacity=1, ori=0.0, pos=array([0., 0.]), rgb=UNKNOWN, text=str(...), units='height', win=Window(...), wrapWidth=1)
8.3783 	EXP 	Created end_text = TextStim(__class__=<class 'psychopy.visual.text.TextStim'>, alignHoriz=method-wrapper(...), alignText='center', alignVert=method-wrapper(...), anchorHoriz='center', anchorVert='center', antialias=True, autoDraw=False, autoLog=True, bold=False, color=array([1., 1., 1.]), colorSpace='rgb', contrast=1.0, depth=0.0, draggable=False, flipHoriz=False, flipVert=False, font='NanumGothic', fontFiles=[], height=np.float64(0.03), italic=False, languageStyle='LTR', name='end_text', opacity=1, ori=0, pos=array([0., 0.]), rgb=UNKNOWN, text='실험이 종료되었습니다. \n\n실험에 참여해 주셔서 감사합니다.\n\n', units='height', win=Window(...), wrapWidth=1)
0.0141 	EXP 	intro_text: autoDraw = True
2.4774 	EXP 	Device response: <KeyPress from None: t=2.438415899989195, value=space, duration=None>
2.4917 	EXP 	intro_text: autoDraw = False
2.4917 	EXP 	LDT_intro_instr: autoDraw = True
2.4917 	EXP 	keyboard_LDT: autoDraw = True
2.4928 	DATA 	Keypress: space
2.5254 	EXP 	Device response: <KeyPress from None: t=2.438415899989195, value=space, duration=0.07946079998509958>
35.2162 	EXP 	Device response: <KeyPress from None: t=35.213726399990264, value=space, duration=None>
35.2207 	EXP 	Imported LDT_pracStim.xlsx as conditions, 10 conditions, 5 params
35.2209 	EXP 	New trial (rep=0, index=0): <Trial 0 (0 in rep 0) data={'Task': 'LDT', 'TrialType': 'Practice', 'Stimuli': 'huftuk', 'CorrectResponse': 'a', 'StimulusType': 'nonword', 'thisN': 0, 'thisTrialN': 0, 'thisRepN': 0}>
35.2325 	EXP 	LDT_intro_instr: autoDraw = False
35.2325 	EXP 	keyboard_LDT: autoDraw = False
35.2325 	EXP 	LDT_prac_stim_text: height = np.float64(0.1)
35.2325 	EXP 	LDT_prac_stim_text: height = np.float64(0.1)
35.2325 	EXP 	LDT_prac_stim_text: height = np.float64(0.1)
35.2325 	EXP 	LDT_prac_stim_text: text = 'huftuk'
35.2325 	EXP 	LDT_prac_fix_text: autoDraw = True
35.2331 	DATA 	Keypress: space
35.3497 	EXP 	Device response: <KeyPress from None: t=35.213726399990264, value=space, duration=0.12791510001989082>
35.7080 	EXP 	LDT_prac_stim_text: autoDraw = True
35.7246 	EXP 	LDT_prac_fix_text: autoDraw = False
38.5611 	EXP 	Device response: <KeyPress from None: t=38.55810540000675, value=a, duration=None>
38.5685 	EXP 	LDT_prac_fix_text: autoDraw = False
38.5685 	EXP 	LDT_prac_stim_text: autoDraw = False
38.5685 	EXP 	LDT_feedback_text: height = np.float64(0.05)
38.5685 	EXP 	LDT_feedback_text: height = np.float64(0.05)
38.5685 	EXP 	LDT_feedback_text: height = np.float64(0.05)
38.5685 	EXP 	LDT_feedback_text: text = '정답입니다!'
38.5685 	EXP 	LDT_feedback_text: autoDraw = True
38.5689 	DATA 	Keypress: a
38.6195 	EXP 	Device response: <KeyPress from None: t=38.55810540000675, value=a, duration=0.05502279999200255>
39.5538 	EXP 	New trial (rep=0, index=1): <Trial 1 (1 in rep 0) data={'Task': 'LDT', 'TrialType': 'Practice', 'Stimuli': 'jeong', 'CorrectResponse': 'a', 'StimulusType': 'nonword', 'thisN': 1, 'thisTrialN': 1, 'thisRepN': 0}>
39.5615 	EXP 	LDT_feedback_text: autoDraw = False
39.5615 	EXP 	LDT_feedback_text: autoDraw = False
39.5615 	EXP 	LDT_prac_stim_text: height = np.float64(0.1)
39.5615 	EXP 	LDT_prac_stim_text: height = np.float64(0.1)
39.5615 	EXP 	LDT_prac_stim_text: height = np.float64(0.1)
39.5615 	EXP 	LDT_prac_stim_text: text = 'jeong'
39.5615 	EXP 	LDT_prac_fix_text: autoDraw = True
40.0539 	EXP 	LDT_prac_fix_text: autoDraw = False
40.0539 	EXP 	LDT_prac_stim_text: autoDraw = True
41.4557 	EXP 	Device response: <KeyPress from None: t=41.453439500008244, value=a, duration=None>
41.4637 	EXP 	LDT_prac_fix_text: autoDraw = False
41.4637 	EXP 	LDT_prac_stim_text: autoDraw = False
41.4637 	EXP 	LDT_feedback_text: text = '정답입니다!'
41.4637 	EXP 	LDT_feedback_text: autoDraw = True
41.4642 	DATA 	Keypress: a
41.5474 	EXP 	Device response: <KeyPress from None: t=41.453439500008244, value=a, duration=0.08930969994980842>
42.4484 	EXP 	New trial (rep=0, index=2): <Trial 2 (2 in rep 0) data={'Task': 'LDT', 'TrialType': 'Practice', 'Stimuli': 'concept', 'CorrectResponse': 'l', 'StimulusType': 'word', 'thisN': 2, 'thisTrialN': 2, 'thisRepN': 0}>
42.4563 	EXP 	LDT_feedback_text: autoDraw = False
42.4563 	EXP 	LDT_feedback_text: autoDraw = False
42.4563 	EXP 	LDT_prac_stim_text: height = np.float64(0.1)
42.4563 	EXP 	LDT_prac_stim_text: height = np.float64(0.1)
42.4563 	EXP 	LDT_prac_stim_text: height = np.float64(0.1)
42.4563 	EXP 	LDT_prac_stim_text: text = 'concept'
42.4563 	EXP 	LDT_prac_fix_text: autoDraw = True
42.9485 	EXP 	LDT_prac_fix_text: autoDraw = False
42.9485 	EXP 	LDT_prac_stim_text: autoDraw = True
44.2752 	EXP 	Device response: <KeyPress from None: t=44.26994929998182, value=l, duration=None>
44.2831 	EXP 	LDT_prac_fix_text: autoDraw = False
44.2831 	EXP 	LDT_prac_stim_text: autoDraw = False
44.2831 	EXP 	LDT_feedback_text: text = '정답입니다!'
44.2831 	EXP 	LDT_feedback_text: autoDraw = True
44.2837 	DATA 	Keypress: l
44.3252 	EXP 	Device response: <KeyPress from None: t=44.26994929998182, value=l, duration=0.0489905999857001>
45.2678 	EXP 	New trial (rep=0, index=3): <Trial 3 (3 in rep 0) data={'Task': 'LDT', 'TrialType': 'Practice', 'Stimuli': 'yami', 'CorrectResponse': 'a', 'StimulusType': 'nonword', 'thisN': 3, 'thisTrialN': 3, 'thisRepN': 0}>
45.2759 	EXP 	LDT_feedback_text: autoDraw = False
45.2759 	EXP 	LDT_feedback_text: autoDraw = False
45.2759 	EXP 	LDT_prac_stim_text: height = np.float64(0.1)
45.2759 	EXP 	LDT_prac_stim_text: height = np.float64(0.1)
45.2759 	EXP 	LDT_prac_stim_text: height = np.float64(0.1)
45.2759 	EXP 	LDT_prac_stim_text: text = 'yami'
45.2759 	EXP 	LDT_prac_fix_text: autoDraw = True
45.7680 	EXP 	LDT_prac_fix_text: autoDraw = False
45.7680 	EXP 	LDT_prac_stim_text: autoDraw = True
46.7192 	EXP 	Device response: <KeyPress from None: t=46.71781419997569, value=a, duration=None>
46.7272 	EXP 	LDT_prac_fix_text: autoDraw = False
46.7272 	EXP 	LDT_prac_stim_text: autoDraw = False
46.7272 	EXP 	LDT_feedback_text: text = '정답입니다!'
46.7272 	EXP 	LDT_feedback_text: autoDraw = True
46.7278 	DATA 	Keypress: a
46.8027 	EXP 	Device response: <KeyPress from None: t=46.71781419997569, value=a, duration=0.07993320003151894>
47.7120 	EXP 	New trial (rep=0, index=4): <Trial 4 (4 in rep 0) data={'Task': 'LDT', 'TrialType': 'Practice', 'Stimuli': 'baseball', 'CorrectResponse': 'l', 'StimulusType': 'word', 'thisN': 4, 'thisTrialN': 4, 'thisRepN': 0}>
47.7199 	EXP 	LDT_feedback_text: autoDraw = False
47.7199 	EXP 	LDT_feedback_text: autoDraw = False
47.7199 	EXP 	LDT_prac_stim_text: height = np.float64(0.1)
47.7199 	EXP 	LDT_prac_stim_text: height = np.float64(0.1)
47.7199 	EXP 	LDT_prac_stim_text: height = np.float64(0.1)
47.7199 	EXP 	LDT_prac_stim_text: text = 'baseball'
47.7199 	EXP 	LDT_prac_fix_text: autoDraw = True
48.2121 	EXP 	LDT_prac_fix_text: autoDraw = False
48.2121 	EXP 	LDT_prac_stim_text: autoDraw = True
49.0883 	EXP 	Device response: <KeyPress from None: t=49.085650599969085, value=l, duration=None>
49.0964 	EXP 	LDT_prac_fix_text: autoDraw = False
49.0964 	EXP 	LDT_prac_stim_text: autoDraw = False
49.0964 	EXP 	LDT_feedback_text: text = '정답입니다!'
49.0964 	EXP 	LDT_feedback_text: autoDraw = True
49.0969 	DATA 	Keypress: l
49.1549 	EXP 	Device response: <KeyPress from None: t=49.085650599969085, value=l, duration=0.06372360000386834>
50.0809 	EXP 	New trial (rep=0, index=5): <Trial 5 (5 in rep 0) data={'Task': 'LDT', 'TrialType': 'Practice', 'Stimuli': 'cluerk', 'CorrectResponse': 'a', 'StimulusType': 'nonword', 'thisN': 5, 'thisTrialN': 5, 'thisRepN': 0}>
50.0890 	EXP 	LDT_feedback_text: autoDraw = False
50.0890 	EXP 	LDT_feedback_text: autoDraw = False
50.0890 	EXP 	LDT_prac_stim_text: height = np.float64(0.1)
50.0890 	EXP 	LDT_prac_stim_text: height = np.float64(0.1)
50.0890 	EXP 	LDT_prac_stim_text: height = np.float64(0.1)
50.0890 	EXP 	LDT_prac_stim_text: text = 'cluerk'
50.0890 	EXP 	LDT_prac_fix_text: autoDraw = True
50.5811 	EXP 	LDT_prac_fix_text: autoDraw = False
50.5811 	EXP 	LDT_prac_stim_text: autoDraw = True
54.4855 	EXP 	Device response: <KeyPress from None: t=54.48502949997783, value=a, duration=None>
54.4933 	EXP 	LDT_prac_fix_text: autoDraw = False
54.4933 	EXP 	LDT_prac_stim_text: autoDraw = False
54.4933 	EXP 	LDT_feedback_text: text = '정답입니다!'
54.4933 	EXP 	LDT_feedback_text: autoDraw = True
54.4939 	DATA 	Keypress: a
54.5437 	EXP 	Device response: <KeyPress from None: t=54.48502949997783, value=a, duration=0.05612620001193136>
55.4780 	EXP 	New trial (rep=0, index=6): <Trial 6 (6 in rep 0) data={'Task': 'LDT', 'TrialType': 'Practice', 'Stimuli': 'truck', 'CorrectResponse': 'l', 'StimulusType': 'word', 'thisN': 6, 'thisTrialN': 6, 'thisRepN': 0}>
55.4860 	EXP 	LDT_feedback_text: autoDraw = False
55.4860 	EXP 	LDT_feedback_text: autoDraw = False
55.4860 	EXP 	LDT_prac_stim_text: height = np.float64(0.1)
55.4860 	EXP 	LDT_prac_stim_text: height = np.float64(0.1)
55.4860 	EXP 	LDT_prac_stim_text: height = np.float64(0.1)
55.4860 	EXP 	LDT_prac_stim_text: text = 'truck'
55.4860 	EXP 	LDT_prac_fix_text: autoDraw = True
55.9781 	EXP 	LDT_prac_fix_text: autoDraw = False
55.9781 	EXP 	LDT_prac_stim_text: autoDraw = True
56.9627 	EXP 	Device response: <KeyPress from None: t=56.958216800005175, value=l, duration=None>
56.9708 	EXP 	LDT_prac_fix_text: autoDraw = False
56.9708 	EXP 	LDT_prac_stim_text: autoDraw = False
56.9708 	EXP 	LDT_feedback_text: text = '정답입니다!'
56.9708 	EXP 	LDT_feedback_text: autoDraw = True
56.9716 	DATA 	Keypress: l
57.0295 	EXP 	Device response: <KeyPress from None: t=56.958216800005175, value=l, duration=0.06327019998570904>
57.9554 	EXP 	New trial (rep=0, index=7): <Trial 7 (7 in rep 0) data={'Task': 'LDT', 'TrialType': 'Practice', 'Stimuli': 'lankua', 'CorrectResponse': 'a', 'StimulusType': 'nonword', 'thisN': 7, 'thisTrialN': 7, 'thisRepN': 0}>
57.9634 	EXP 	LDT_feedback_text: autoDraw = False
57.9634 	EXP 	LDT_feedback_text: autoDraw = False
57.9634 	EXP 	LDT_prac_stim_text: height = np.float64(0.1)
57.9634 	EXP 	LDT_prac_stim_text: height = np.float64(0.1)
57.9634 	EXP 	LDT_prac_stim_text: height = np.float64(0.1)
57.9634 	EXP 	LDT_prac_stim_text: text = 'lankua'
57.9634 	EXP 	LDT_prac_fix_text: autoDraw = True
58.4556 	EXP 	LDT_prac_fix_text: autoDraw = False
58.4556 	EXP 	LDT_prac_stim_text: autoDraw = True
60.1743 	EXP 	Device response: <KeyPress from None: t=60.17343540000729, value=a, duration=None>
60.1823 	EXP 	LDT_prac_fix_text: autoDraw = False
60.1823 	EXP 	LDT_prac_stim_text: autoDraw = False
60.1823 	EXP 	LDT_feedback_text: text = '정답입니다!'
60.1823 	EXP 	LDT_feedback_text: autoDraw = True
60.1828 	DATA 	Keypress: a
60.2660 	EXP 	Device response: <KeyPress from None: t=60.17343540000729, value=a, duration=0.08837789995595813>
61.1669 	EXP 	New trial (rep=0, index=8): <Trial 8 (8 in rep 0) data={'Task': 'LDT', 'TrialType': 'Practice', 'Stimuli': 'format', 'CorrectResponse': 'l', 'StimulusType': 'word', 'thisN': 8, 'thisTrialN': 8, 'thisRepN': 0}>
61.1750 	EXP 	LDT_feedback_text: autoDraw = False
61.1750 	EXP 	LDT_feedback_text: autoDraw = False
61.1750 	EXP 	LDT_prac_stim_text: height = np.float64(0.1)
61.1750 	EXP 	LDT_prac_stim_text: height = np.float64(0.1)
61.1750 	EXP 	LDT_prac_stim_text: height = np.float64(0.1)
61.1750 	EXP 	LDT_prac_stim_text: text = 'format'
61.1750 	EXP 	LDT_prac_fix_text: autoDraw = True
61.6671 	EXP 	LDT_prac_fix_text: autoDraw = False
61.6671 	EXP 	LDT_prac_stim_text: autoDraw = True
62.5182 	EXP 	Device response: <KeyPress from None: t=62.50992019998375, value=l, duration=None>
62.5189 	DATA 	Keypress: l
62.5263 	EXP 	LDT_prac_fix_text: autoDraw = False
62.5263 	EXP 	LDT_prac_stim_text: autoDraw = False
62.5263 	EXP 	LDT_feedback_text: text = '정답입니다!'
62.5263 	EXP 	LDT_feedback_text: autoDraw = True
62.5850 	EXP 	Device response: <KeyPress from None: t=62.50992019998375, value=l, duration=0.07174119999399409>
63.5109 	EXP 	New trial (rep=0, index=9): <Trial 9 (9 in rep 0) data={'Task': 'LDT', 'TrialType': 'Practice', 'Stimuli': 'cucumber', 'CorrectResponse': 'l', 'StimulusType': 'word', 'thisN': 9, 'thisTrialN': 9, 'thisRepN': 0}>
63.5189 	EXP 	LDT_feedback_text: autoDraw = False
63.5189 	EXP 	LDT_feedback_text: autoDraw = False
63.5189 	EXP 	LDT_prac_stim_text: height = np.float64(0.1)
63.5189 	EXP 	LDT_prac_stim_text: height = np.float64(0.1)
63.5189 	EXP 	LDT_prac_stim_text: height = np.float64(0.1)
63.5189 	EXP 	LDT_prac_stim_text: text = 'cucumber'
63.5189 	EXP 	LDT_prac_fix_text: autoDraw = True
64.0111 	EXP 	LDT_prac_fix_text: autoDraw = False
64.0111 	EXP 	LDT_prac_stim_text: autoDraw = True
65.7632 	EXP 	Device response: <KeyPress from None: t=65.75754219997907, value=l, duration=None>
65.7712 	EXP 	LDT_prac_fix_text: autoDraw = False
65.7712 	EXP 	LDT_prac_stim_text: autoDraw = False
65.7712 	EXP 	LDT_feedback_text: text = '정답입니다!'
65.7712 	EXP 	LDT_feedback_text: autoDraw = True
65.7717 	DATA 	Keypress: l
65.8301 	EXP 	Device response: <KeyPress from None: t=65.75754219997907, value=l, duration=0.07198080001398921>
66.7638 	EXP 	LDT_feedback_text: autoDraw = False
66.7638 	EXP 	LDT_feedback_text: autoDraw = False
66.7638 	EXP 	LDT_instr_text: autoDraw = True
93.4991 	EXP 	Device response: <KeyPress from None: t=93.49311569996644, value=space, duration=None>
93.5189 	EXP 	Imported LDT_Stim.xlsx as conditions, 222 conditions, 6 params
93.5200 	EXP 	New trial (rep=0, index=0): <Trial 0 (0 in rep 0) data={'Task': 'LDT', 'TrialType': 'Target', 'Stimuli': 'data', 'StimulusType': 'word', 'CorrectResponse': 'l', 'Trialnumb': 41, 'thisN': 0, 'thisTrialN': 0, 'thisRepN': 0}>
93.5321 	EXP 	LDT_instr_text: autoDraw = False
93.5321 	EXP 	LDT_stim_text: height = np.float64(0.1)
93.5321 	EXP 	LDT_stim_text: height = np.float64(0.1)
93.5321 	EXP 	LDT_stim_text: height = np.float64(0.1)
93.5321 	EXP 	LDT_stim_text: text = 'data'
93.5321 	EXP 	LDT_fix_text: autoDraw = True
93.5329 	DATA 	Keypress: space
93.6076 	EXP 	Device response: <KeyPress from None: t=93.49311569996644, value=space, duration=0.11219140002503991>
93.9909 	EXP 	LDT_stim_text: autoDraw = True
94.0243 	EXP 	LDT_fix_text: autoDraw = False
94.6919 	EXP 	Device response: <KeyPress from None: t=94.68548960000044, value=l, duration=None>
94.6921 	EXP 	New trial (rep=0, index=1): <Trial 1 (1 in rep 0) data={'Task': 'LDT', 'TrialType': 'Target', 'Stimuli': 'seft', 'StimulusType': 'nonword', 'CorrectResponse': 'a', 'Trialnumb': 188, 'thisN': 1, 'thisTrialN': 1, 'thisRepN': 0}>
94.7000 	EXP 	LDT_fix_text: autoDraw = False
94.7000 	EXP 	LDT_stim_text: autoDraw = False
94.7000 	EXP 	LDT_break_text: autoDraw = False
94.7000 	EXP 	LDT_stim_text: height = np.float64(0.1)
94.7000 	EXP 	LDT_stim_text: height = np.float64(0.1)
94.7000 	EXP 	LDT_stim_text: height = np.float64(0.1)
94.7000 	EXP 	LDT_stim_text: text = 'seft'
94.7000 	EXP 	LDT_fix_text: autoDraw = True
94.7007 	DATA 	Keypress: l
94.7337 	EXP 	Device response: <KeyPress from None: t=94.68548960000044, value=l, duration=0.04013759997906163>
95.1839 	EXP 	LDT_stim_text: autoDraw = True
95.1921 	EXP 	LDT_fix_text: autoDraw = False
96.6940 	EXP 	Device response: <KeyPress from None: t=96.69369499996537, value=a, duration=None>
96.6942 	EXP 	New trial (rep=0, index=2): <Trial 2 (2 in rep 0) data={'Task': 'LDT', 'TrialType': 'Target', 'Stimuli': 'week', 'StimulusType': 'word', 'CorrectResponse': 'l', 'Trialnumb': 28, 'thisN': 2, 'thisTrialN': 2, 'thisRepN': 0}>
96.7020 	EXP 	LDT_fix_text: autoDraw = False
96.7020 	EXP 	LDT_stim_text: autoDraw = False
96.7020 	EXP 	LDT_break_text: autoDraw = False
96.7020 	EXP 	LDT_stim_text: height = np.float64(0.1)
96.7020 	EXP 	LDT_stim_text: height = np.float64(0.1)
96.7020 	EXP 	LDT_stim_text: height = np.float64(0.1)
96.7020 	EXP 	LDT_stim_text: text = 'week'
96.7020 	EXP 	LDT_fix_text: autoDraw = True
96.7026 	DATA 	Keypress: a
96.7607 	EXP 	Device response: <KeyPress from None: t=96.69369499996537, value=a, duration=0.06415430002380162>
97.1857 	EXP 	LDT_stim_text: autoDraw = True
97.1941 	EXP 	LDT_fix_text: autoDraw = False
97.7867 	EXP 	Device response: <KeyPress from None: t=97.78113399998983, value=l, duration=None>
97.7869 	EXP 	New trial (rep=0, index=3): <Trial 3 (3 in rep 0) data={'Task': 'LDT', 'TrialType': 'Target', 'Stimuli': 'boom', 'StimulusType': 'word', 'CorrectResponse': 'l', 'Trialnumb': 96, 'thisN': 3, 'thisTrialN': 3, 'thisRepN': 0}>
97.7947 	EXP 	LDT_fix_text: autoDraw = False
97.7947 	EXP 	LDT_stim_text: autoDraw = False
97.7947 	EXP 	LDT_break_text: autoDraw = False
97.7947 	EXP 	LDT_stim_text: height = np.float64(0.1)
97.7947 	EXP 	LDT_stim_text: height = np.float64(0.1)
97.7947 	EXP 	LDT_stim_text: height = np.float64(0.1)
97.7947 	EXP 	LDT_stim_text: text = 'boom'
97.7947 	EXP 	LDT_fix_text: autoDraw = True
97.7952 	DATA 	Keypress: l
97.8284 	EXP 	Device response: <KeyPress from None: t=97.78113399998983, value=l, duration=0.04009909997694194>
98.2785 	EXP 	LDT_stim_text: autoDraw = True
98.2869 	EXP 	LDT_fix_text: autoDraw = False
98.9294 	EXP 	Device response: <KeyPress from None: t=98.92496209999081, value=l, duration=None>
98.9297 	EXP 	New trial (rep=0, index=4): <Trial 4 (4 in rep 0) data={'Task': 'LDT', 'TrialType': 'Target', 'Stimuli': 'sere', 'StimulusType': 'nonword', 'CorrectResponse': 'a', 'Trialnumb': 190, 'thisN': 4, 'thisTrialN': 4, 'thisRepN': 0}>
98.9376 	EXP 	LDT_fix_text: autoDraw = False
98.9376 	EXP 	LDT_stim_text: autoDraw = False
98.9376 	EXP 	LDT_break_text: autoDraw = False
98.9376 	EXP 	LDT_stim_text: height = np.float64(0.1)
98.9376 	EXP 	LDT_stim_text: height = np.float64(0.1)
98.9376 	EXP 	LDT_stim_text: height = np.float64(0.1)
98.9376 	EXP 	LDT_stim_text: text = 'sere'
98.9376 	EXP 	LDT_fix_text: autoDraw = True
98.9383 	DATA 	Keypress: l
98.9713 	EXP 	Device response: <KeyPress from None: t=98.92496209999081, value=l, duration=0.04008369997609407>
99.4214 	EXP 	LDT_stim_text: autoDraw = True
99.4296 	EXP 	LDT_fix_text: autoDraw = False
100.6395 	EXP 	Device response: <KeyPress from None: t=100.63774420000846, value=a, duration=None>
100.6397 	EXP 	New trial (rep=0, index=5): <Trial 5 (5 in rep 0) data={'Task': 'LDT', 'TrialType': 'Target', 'Stimuli': 'daste', 'StimulusType': 'nonword', 'CorrectResponse': 'a', 'Trialnumb': 136, 'thisN': 5, 'thisTrialN': 5, 'thisRepN': 0}>
100.6475 	EXP 	LDT_fix_text: autoDraw = False
100.6475 	EXP 	LDT_stim_text: autoDraw = False
100.6475 	EXP 	LDT_break_text: autoDraw = False
100.6475 	EXP 	LDT_stim_text: height = np.float64(0.1)
100.6475 	EXP 	LDT_stim_text: height = np.float64(0.1)
100.6475 	EXP 	LDT_stim_text: height = np.float64(0.1)
100.6475 	EXP 	LDT_stim_text: text = 'daste'
100.6475 	EXP 	LDT_fix_text: autoDraw = True
100.6482 	DATA 	Keypress: a
100.6984 	EXP 	Device response: <KeyPress from None: t=100.63774420000846, value=a, duration=0.056159199972171336>
101.1313 	EXP 	LDT_stim_text: autoDraw = True
101.1397 	EXP 	LDT_fix_text: autoDraw = False
102.9670 	EXP 	Device response: <KeyPress from None: t=102.96496089996072, value=a, duration=None>
102.9673 	EXP 	New trial (rep=0, index=6): <Trial 6 (6 in rep 0) data={'Task': 'LDT', 'TrialType': 'Target', 'Stimuli': 'name', 'StimulusType': 'word', 'CorrectResponse': 'l', 'Trialnumb': 32, 'thisN': 6, 'thisTrialN': 6, 'thisRepN': 0}>
102.9748 	EXP 	LDT_fix_text: autoDraw = False
102.9748 	EXP 	LDT_stim_text: autoDraw = False
102.9748 	EXP 	LDT_break_text: autoDraw = False
102.9748 	EXP 	LDT_stim_text: height = np.float64(0.1)
102.9748 	EXP 	LDT_stim_text: height = np.float64(0.1)
102.9748 	EXP 	LDT_stim_text: height = np.float64(0.1)
102.9748 	EXP 	LDT_stim_text: text = 'name'
102.9748 	EXP 	LDT_fix_text: autoDraw = True
102.9755 	DATA 	Keypress: a
103.0419 	EXP 	Device response: <KeyPress from None: t=102.96496089996072, value=a, duration=0.07213980000233278>
103.4587 	EXP 	LDT_stim_text: autoDraw = True
103.4670 	EXP 	LDT_fix_text: autoDraw = False
104.0596 	EXP 	Device response: <KeyPress from None: t=104.05295759998262, value=l, duration=None>
104.0598 	EXP 	New trial (rep=0, index=7): <Trial 7 (7 in rep 0) data={'Task': 'LDT', 'TrialType': 'Target', 'Stimuli': 'frow', 'StimulusType': 'nonword', 'CorrectResponse': 'a', 'Trialnumb': 142, 'thisN': 7, 'thisTrialN': 7, 'thisRepN': 0}>
104.0676 	EXP 	LDT_fix_text: autoDraw = False
104.0676 	EXP 	LDT_stim_text: autoDraw = False
104.0676 	EXP 	LDT_break_text: autoDraw = False
104.0676 	EXP 	LDT_stim_text: height = np.float64(0.1)
104.0676 	EXP 	LDT_stim_text: height = np.float64(0.1)
104.0676 	EXP 	LDT_stim_text: height = np.float64(0.1)
104.0676 	EXP 	LDT_stim_text: text = 'frow'
104.0676 	EXP 	LDT_fix_text: autoDraw = True
104.0683 	DATA 	Keypress: l
104.1012 	EXP 	Device response: <KeyPress from None: t=104.05295759998262, value=l, duration=0.04011860000900924>
104.5514 	EXP 	LDT_stim_text: autoDraw = True
104.5597 	EXP 	LDT_fix_text: autoDraw = False
105.7196 	EXP 	Device response: <KeyPress from None: t=105.71735499997158, value=a, duration=None>
105.7198 	EXP 	New trial (rep=0, index=8): <Trial 8 (8 in rep 0) data={'Task': 'LDT', 'TrialType': 'Target', 'Stimuli': 'lals', 'StimulusType': 'nonword', 'CorrectResponse': 'a', 'Trialnumb': 167, 'thisN': 8, 'thisTrialN': 8, 'thisRepN': 0}>
105.7277 	EXP 	LDT_fix_text: autoDraw = False
105.7277 	EXP 	LDT_stim_text: autoDraw = False
105.7277 	EXP 	LDT_break_text: autoDraw = False
105.7277 	EXP 	LDT_stim_text: height = np.float64(0.1)
105.7277 	EXP 	LDT_stim_text: height = np.float64(0.1)
105.7277 	EXP 	LDT_stim_text: height = np.float64(0.1)
105.7277 	EXP 	LDT_stim_text: text = 'lals'
105.7277 	EXP 	LDT_fix_text: autoDraw = True
105.7284 	DATA 	Keypress: a
105.8030 	EXP 	Device response: <KeyPress from None: t=105.71735499997158, value=a, duration=0.08039000001735985>
106.2114 	EXP 	LDT_stim_text: autoDraw = True
106.2197 	EXP 	LDT_fix_text: autoDraw = False
106.9625 	EXP 	Device response: <KeyPress from None: t=106.95735399995465, value=a, duration=None>
106.9629 	EXP 	New trial (rep=0, index=9): <Trial 9 (9 in rep 0) data={'Task': 'LDT', 'TrialType': 'Target', 'Stimuli': 'yast', 'StimulusType': 'nonword', 'CorrectResponse': 'a', 'Trialnumb': 218, 'thisN': 9, 'thisTrialN': 9, 'thisRepN': 0}>
106.9705 	EXP 	LDT_fix_text: autoDraw = False
106.9705 	EXP 	LDT_stim_text: autoDraw = False
106.9705 	EXP 	LDT_break_text: autoDraw = False
106.9705 	EXP 	LDT_stim_text: height = np.float64(0.1)
106.9705 	EXP 	LDT_stim_text: height = np.float64(0.1)
106.9705 	EXP 	LDT_stim_text: height = np.float64(0.1)
106.9705 	EXP 	LDT_stim_text: text = 'yast'
106.9705 	EXP 	LDT_fix_text: autoDraw = True
106.9710 	DATA 	Keypress: a
107.0459 	EXP 	Device response: <KeyPress from None: t=106.95735399995465, value=a, duration=0.08819440001389012>
107.4543 	EXP 	LDT_stim_text: autoDraw = True
107.4626 	EXP 	LDT_fix_text: autoDraw = False
108.2471 	EXP 	Device response: <KeyPress from None: t=108.2450252000126, value=a, duration=None>
108.2474 	EXP 	New trial (rep=0, index=10): <Trial 10 (10 in rep 0) data={'Task': 'LDT', 'TrialType': 'Target', 'Stimuli': 'music', 'StimulusType': 'word', 'CorrectResponse': 'l', 'Trialnumb': 13, 'thisN': 10, 'thisTrialN': 10, 'thisRepN': 0}>
108.2552 	EXP 	LDT_fix_text: autoDraw = False
108.2552 	EXP 	LDT_stim_text: autoDraw = False
108.2552 	EXP 	LDT_break_text: autoDraw = False
108.2552 	EXP 	LDT_stim_text: height = np.float64(0.1)
108.2552 	EXP 	LDT_stim_text: height = np.float64(0.1)
108.2552 	EXP 	LDT_stim_text: height = np.float64(0.1)
108.2552 	EXP 	LDT_stim_text: text = 'music'
108.2552 	EXP 	LDT_fix_text: autoDraw = True
108.2558 	DATA 	Keypress: a
108.3305 	EXP 	Device response: <KeyPress from None: t=108.2450252000126, value=a, duration=0.08009379997383803>
108.7389 	EXP 	LDT_stim_text: autoDraw = True
108.7472 	EXP 	LDT_fix_text: autoDraw = False
109.3815 	EXP 	Device response: <KeyPress from None: t=109.3738391000079, value=l, duration=None>
109.3818 	EXP 	New trial (rep=0, index=11): <Trial 11 (11 in rep 0) data={'Task': 'LDT', 'TrialType': 'Target', 'Stimuli': 'long', 'StimulusType': 'word', 'CorrectResponse': 'l', 'Trialnumb': 6, 'thisN': 11, 'thisTrialN': 11, 'thisRepN': 0}>
109.3896 	EXP 	LDT_fix_text: autoDraw = False
109.3896 	EXP 	LDT_stim_text: autoDraw = False
109.3896 	EXP 	LDT_break_text: autoDraw = False
109.3896 	EXP 	LDT_stim_text: height = np.float64(0.1)
109.3896 	EXP 	LDT_stim_text: height = np.float64(0.1)
109.3896 	EXP 	LDT_stim_text: height = np.float64(0.1)
109.3896 	EXP 	LDT_stim_text: text = 'long'
109.3896 	EXP 	LDT_fix_text: autoDraw = True
109.3903 	DATA 	Keypress: l
109.4399 	EXP 	Device response: <KeyPress from None: t=109.3738391000079, value=l, duration=0.06318090000422671>
109.8733 	EXP 	LDT_stim_text: autoDraw = True
109.8817 	EXP 	LDT_fix_text: autoDraw = False
110.5494 	EXP 	Device response: <KeyPress from None: t=110.54106239997782, value=l, duration=None>
110.5496 	EXP 	New trial (rep=0, index=12): <Trial 12 (12 in rep 0) data={'Task': 'LDT', 'TrialType': 'Target', 'Stimuli': 'spy', 'StimulusType': 'word', 'CorrectResponse': 'l', 'Trialnumb': 99, 'thisN': 12, 'thisTrialN': 12, 'thisRepN': 0}>
110.5512 	DATA 	Keypress: l
110.5574 	EXP 	LDT_fix_text: autoDraw = False
110.5574 	EXP 	LDT_stim_text: autoDraw = False
110.5574 	EXP 	LDT_break_text: autoDraw = False
110.5574 	EXP 	LDT_stim_text: height = np.float64(0.1)
110.5574 	EXP 	LDT_stim_text: height = np.float64(0.1)
110.5574 	EXP 	LDT_stim_text: height = np.float64(0.1)
110.5574 	EXP 	LDT_stim_text: text = 'spy'
110.5574 	EXP 	LDT_fix_text: autoDraw = True
110.6078 	EXP 	Device response: <KeyPress from None: t=110.54106239997782, value=l, duration=0.06411759997718036>
111.0412 	EXP 	LDT_stim_text: autoDraw = True
111.0497 	EXP 	LDT_fix_text: autoDraw = False
111.9007 	EXP 	Device response: <KeyPress from None: t=111.89364309998928, value=l, duration=None>
111.9010 	EXP 	New trial (rep=0, index=13): <Trial 13 (13 in rep 0) data={'Task': 'LDT', 'TrialType': 'Target', 'Stimuli': 'sell', 'StimulusType': 'word', 'CorrectResponse': 'l', 'Trialnumb': 65, 'thisN': 13, 'thisTrialN': 13, 'thisRepN': 0}>
111.9087 	EXP 	LDT_fix_text: autoDraw = False
111.9087 	EXP 	LDT_stim_text: autoDraw = False
111.9087 	EXP 	LDT_break_text: autoDraw = False
111.9087 	EXP 	LDT_stim_text: height = np.float64(0.1)
111.9087 	EXP 	LDT_stim_text: height = np.float64(0.1)
111.9087 	EXP 	LDT_stim_text: height = np.float64(0.1)
111.9087 	EXP 	LDT_stim_text: text = 'sell'
111.9087 	EXP 	LDT_fix_text: autoDraw = True
111.9093 	DATA 	Keypress: l
111.9508 	EXP 	Device response: <KeyPress from None: t=111.89364309998928, value=l, duration=0.056106299976818264>
112.3925 	EXP 	LDT_stim_text: autoDraw = True
112.4009 	EXP 	LDT_fix_text: autoDraw = False
113.0102 	EXP 	Device response: <KeyPress from None: t=113.00503090000711, value=l, duration=None>
113.0105 	EXP 	New trial (rep=0, index=14): <Trial 14 (14 in rep 0) data={'Task': 'LDT', 'TrialType': 'Target', 'Stimuli': 'pay', 'StimulusType': 'word', 'CorrectResponse': 'l', 'Trialnumb': 42, 'thisN': 14, 'thisTrialN': 14, 'thisRepN': 0}>
113.0182 	EXP 	LDT_fix_text: autoDraw = False
113.0182 	EXP 	LDT_stim_text: autoDraw = False
113.0182 	EXP 	LDT_break_text: autoDraw = False
113.0182 	EXP 	LDT_stim_text: height = np.float64(0.1)
113.0182 	EXP 	LDT_stim_text: height = np.float64(0.1)
113.0182 	EXP 	LDT_stim_text: height = np.float64(0.1)
113.0182 	EXP 	LDT_stim_text: text = 'pay'
113.0182 	EXP 	LDT_fix_text: autoDraw = True
113.0188 	DATA 	Keypress: l
113.0518 	EXP 	Device response: <KeyPress from None: t=113.00503090000711, value=l, duration=0.040045499976258725>
113.5021 	EXP 	LDT_stim_text: autoDraw = True
113.5103 	EXP 	LDT_fix_text: autoDraw = False
114.0696 	EXP 	Device response: <KeyPress from None: t=114.06146729999455, value=l, duration=None>
114.0699 	EXP 	New trial (rep=0, index=15): <Trial 15 (15 in rep 0) data={'Task': 'LDT', 'TrialType': 'Target', 'Stimuli': 'serve', 'StimulusType': 'word', 'CorrectResponse': 'l', 'Trialnumb': 80, 'thisN': 15, 'thisTrialN': 15, 'thisRepN': 0}>
114.0777 	EXP 	LDT_fix_text: autoDraw = False
114.0777 	EXP 	LDT_stim_text: autoDraw = False
114.0777 	EXP 	LDT_break_text: autoDraw = False
114.0777 	EXP 	LDT_stim_text: height = np.float64(0.1)
114.0777 	EXP 	LDT_stim_text: height = np.float64(0.1)
114.0777 	EXP 	LDT_stim_text: height = np.float64(0.1)
114.0777 	EXP 	LDT_stim_text: text = 'serve'
114.0777 	EXP 	LDT_fix_text: autoDraw = True
114.0783 	DATA 	Keypress: l
114.1113 	EXP 	Device response: <KeyPress from None: t=114.06146729999455, value=l, duration=0.04805089998990297>
114.5614 	EXP 	LDT_stim_text: autoDraw = True
114.5697 	EXP 	LDT_fix_text: autoDraw = False
115.1707 	EXP 	Device response: <KeyPress from None: t=115.16513869998744, value=l, duration=None>
115.1710 	EXP 	New trial (rep=0, index=16): <Trial 16 (16 in rep 0) data={'Task': 'LDT', 'TrialType': 'Target', 'Stimuli': 'mize', 'StimulusType': 'nonword', 'CorrectResponse': 'a', 'Trialnumb': 174, 'thisN': 16, 'thisTrialN': 16, 'thisRepN': 0}>
115.1786 	EXP 	LDT_fix_text: autoDraw = False
115.1786 	EXP 	LDT_stim_text: autoDraw = False
115.1786 	EXP 	LDT_break_text: autoDraw = False
115.1786 	EXP 	LDT_stim_text: height = np.float64(0.1)
115.1786 	EXP 	LDT_stim_text: height = np.float64(0.1)
115.1786 	EXP 	LDT_stim_text: height = np.float64(0.1)
115.1786 	EXP 	LDT_stim_text: text = 'mize'
115.1786 	EXP 	LDT_fix_text: autoDraw = True
115.1793 	DATA 	Keypress: l
115.2291 	EXP 	Device response: <KeyPress from None: t=115.16513869998744, value=l, duration=0.05606079997960478>
115.6625 	EXP 	LDT_stim_text: autoDraw = True
115.6709 	EXP 	LDT_fix_text: autoDraw = False
116.8142 	EXP 	Device response: <KeyPress from None: t=116.8138917000033, value=a, duration=None>
116.8225 	EXP 	New trial (rep=0, index=17): <Trial 17 (17 in rep 0) data={'Task': 'LDT', 'TrialType': 'Target', 'Stimuli': 'rap', 'StimulusType': 'word', 'CorrectResponse': 'l', 'Trialnumb': 109, 'thisN': 17, 'thisTrialN': 17, 'thisRepN': 0}>
116.8240 	DATA 	Keypress: a
116.8304 	EXP 	LDT_fix_text: autoDraw = False
116.8304 	EXP 	LDT_stim_text: autoDraw = False
116.8304 	EXP 	LDT_break_text: autoDraw = False
116.8304 	EXP 	LDT_stim_text: height = np.float64(0.1)
116.8304 	EXP 	LDT_stim_text: height = np.float64(0.1)
116.8304 	EXP 	LDT_stim_text: height = np.float64(0.1)
116.8304 	EXP 	LDT_stim_text: text = 'rap'
116.8304 	EXP 	LDT_fix_text: autoDraw = True
116.8807 	EXP 	Device response: <KeyPress from None: t=116.8138917000033, value=a, duration=0.06401599996024743>
117.3142 	EXP 	LDT_stim_text: autoDraw = True
117.3224 	EXP 	LDT_fix_text: autoDraw = False
118.6407 	EXP 	Device response: <KeyPress from None: t=118.63704279996455, value=l, duration=None>
118.6410 	EXP 	New trial (rep=0, index=18): <Trial 18 (18 in rep 0) data={'Task': 'LDT', 'TrialType': 'Target', 'Stimuli': 'strip', 'StimulusType': 'word', 'CorrectResponse': 'l', 'Trialnumb': 104, 'thisN': 18, 'thisTrialN': 18, 'thisRepN': 0}>
118.6487 	EXP 	LDT_fix_text: autoDraw = False
118.6487 	EXP 	LDT_stim_text: autoDraw = False
118.6487 	EXP 	LDT_break_text: autoDraw = False
118.6487 	EXP 	LDT_stim_text: height = np.float64(0.1)
118.6487 	EXP 	LDT_stim_text: height = np.float64(0.1)
118.6487 	EXP 	LDT_stim_text: height = np.float64(0.1)
118.6487 	EXP 	LDT_stim_text: text = 'strip'
118.6487 	EXP 	LDT_fix_text: autoDraw = True
118.6494 	DATA 	Keypress: l
118.6741 	EXP 	Device response: <KeyPress from None: t=118.63704279996455, value=l, duration=0.03203250002115965>
119.1326 	EXP 	LDT_stim_text: autoDraw = True
119.1410 	EXP 	LDT_fix_text: autoDraw = False
119.8920 	EXP 	Device response: <KeyPress from None: t=119.88575219997438, value=l, duration=None>
119.8923 	EXP 	New trial (rep=0, index=19): <Trial 19 (19 in rep 0) data={'Task': 'LDT', 'TrialType': 'Target', 'Stimuli': 'suck', 'StimulusType': 'word', 'CorrectResponse': 'l', 'Trialnumb': 83, 'thisN': 19, 'thisTrialN': 19, 'thisRepN': 0}>
119.9000 	EXP 	LDT_fix_text: autoDraw = False
119.9000 	EXP 	LDT_stim_text: autoDraw = False
119.9000 	EXP 	LDT_break_text: autoDraw = False
119.9000 	EXP 	LDT_stim_text: height = np.float64(0.1)
119.9000 	EXP 	LDT_stim_text: height = np.float64(0.1)
119.9000 	EXP 	LDT_stim_text: height = np.float64(0.1)
119.9000 	EXP 	LDT_stim_text: text = 'suck'
119.9000 	EXP 	LDT_fix_text: autoDraw = True
119.9006 	DATA 	Keypress: l
119.9422 	EXP 	Device response: <KeyPress from None: t=119.88575219997438, value=l, duration=0.056115199986379594>
120.3838 	EXP 	LDT_stim_text: autoDraw = True
120.3921 	EXP 	LDT_fix_text: autoDraw = False
121.5269 	EXP 	Device response: <KeyPress from None: t=121.5258350999793, value=l, duration=None>
121.5271 	EXP 	New trial (rep=0, index=20): <Trial 20 (20 in rep 0) data={'Task': 'LDT', 'TrialType': 'Target', 'Stimuli': 'trick', 'StimulusType': 'word', 'CorrectResponse': 'l', 'Trialnumb': 75, 'thisN': 20, 'thisTrialN': 20, 'thisRepN': 0}>
121.5351 	EXP 	LDT_fix_text: autoDraw = False
121.5351 	EXP 	LDT_stim_text: autoDraw = False
121.5351 	EXP 	LDT_break_text: autoDraw = False
121.5351 	EXP 	LDT_stim_text: height = np.float64(0.1)
121.5351 	EXP 	LDT_stim_text: height = np.float64(0.1)
121.5351 	EXP 	LDT_stim_text: height = np.float64(0.1)
121.5351 	EXP 	LDT_stim_text: text = 'trick'
121.5351 	EXP 	LDT_fix_text: autoDraw = True
121.5356 	DATA 	Keypress: l
121.5855 	EXP 	Device response: <KeyPress from None: t=121.5258350999793, value=l, duration=0.055978499993216246>
122.0188 	EXP 	LDT_stim_text: autoDraw = True
122.0271 	EXP 	LDT_fix_text: autoDraw = False
123.0285 	EXP 	Device response: <KeyPress from None: t=123.0218801999581, value=l, duration=None>
123.0287 	EXP 	New trial (rep=0, index=21): <Trial 21 (21 in rep 0) data={'Task': 'LDT', 'TrialType': 'Target', 'Stimuli': 'hear', 'StimulusType': 'word', 'CorrectResponse': 'l', 'Trialnumb': 37, 'thisN': 21, 'thisTrialN': 21, 'thisRepN': 0}>
123.0365 	EXP 	LDT_fix_text: autoDraw = False
123.0365 	EXP 	LDT_stim_text: autoDraw = False
123.0365 	EXP 	LDT_break_text: autoDraw = False
123.0365 	EXP 	LDT_stim_text: height = np.float64(0.1)
123.0365 	EXP 	LDT_stim_text: height = np.float64(0.1)
123.0365 	EXP 	LDT_stim_text: height = np.float64(0.1)
123.0365 	EXP 	LDT_stim_text: text = 'hear'
123.0365 	EXP 	LDT_fix_text: autoDraw = True
123.0370 	DATA 	Keypress: l
123.0702 	EXP 	Device response: <KeyPress from None: t=123.0218801999581, value=l, duration=0.04785440000705421>
123.5203 	EXP 	LDT_stim_text: autoDraw = True
123.5286 	EXP 	LDT_fix_text: autoDraw = False
124.1546 	EXP 	Device response: <KeyPress from None: t=124.14953509997576, value=l, duration=None>
124.1549 	EXP 	New trial (rep=0, index=22): <Trial 22 (22 in rep 0) data={'Task': 'LDT', 'TrialType': 'Target', 'Stimuli': 'tour', 'StimulusType': 'word', 'CorrectResponse': 'l', 'Trialnumb': 88, 'thisN': 22, 'thisTrialN': 22, 'thisRepN': 0}>
124.1626 	EXP 	LDT_fix_text: autoDraw = False
124.1626 	EXP 	LDT_stim_text: autoDraw = False
124.1626 	EXP 	LDT_break_text: autoDraw = False
124.1626 	EXP 	LDT_stim_text: height = np.float64(0.1)
124.1626 	EXP 	LDT_stim_text: height = np.float64(0.1)
124.1626 	EXP 	LDT_stim_text: height = np.float64(0.1)
124.1626 	EXP 	LDT_stim_text: text = 'tour'
124.1626 	EXP 	LDT_fix_text: autoDraw = True
124.1633 	DATA 	Keypress: l
124.2130 	EXP 	Device response: <KeyPress from None: t=124.14953509997576, value=l, duration=0.055944600026123226>
124.6464 	EXP 	LDT_stim_text: autoDraw = True
124.6547 	EXP 	LDT_fix_text: autoDraw = False
125.5395 	EXP 	Device response: <KeyPress from None: t=125.53384399996139, value=l, duration=None>
125.5398 	EXP 	New trial (rep=0, index=23): <Trial 23 (23 in rep 0) data={'Task': 'LDT', 'TrialType': 'Target', 'Stimuli': 'drove', 'StimulusType': 'word', 'CorrectResponse': 'l', 'Trialnumb': 90, 'thisN': 23, 'thisTrialN': 23, 'thisRepN': 0}>
125.5474 	EXP 	LDT_fix_text: autoDraw = False
125.5474 	EXP 	LDT_stim_text: autoDraw = False
125.5474 	EXP 	LDT_break_text: autoDraw = False
125.5474 	EXP 	LDT_stim_text: height = np.float64(0.1)
125.5474 	EXP 	LDT_stim_text: height = np.float64(0.1)
125.5474 	EXP 	LDT_stim_text: height = np.float64(0.1)
125.5474 	EXP 	LDT_stim_text: text = 'drove'
125.5474 	EXP 	LDT_fix_text: autoDraw = True
125.5482 	DATA 	Keypress: l
125.5895 	EXP 	Device response: <KeyPress from None: t=125.53384399996139, value=l, duration=0.0481110000400804>
126.0312 	EXP 	LDT_stim_text: autoDraw = True
126.0394 	EXP 	LDT_fix_text: autoDraw = False
127.1160 	EXP 	Device response: <KeyPress from None: t=127.10991840000497, value=l, duration=None>
127.1163 	EXP 	New trial (rep=0, index=24): <Trial 24 (24 in rep 0) data={'Task': 'LDT', 'TrialType': 'Target', 'Stimuli': 'boss', 'StimulusType': 'word', 'CorrectResponse': 'l', 'Trialnumb': 61, 'thisN': 24, 'thisTrialN': 24, 'thisRepN': 0}>
127.1238 	EXP 	LDT_fix_text: autoDraw = False
127.1238 	EXP 	LDT_stim_text: autoDraw = False
127.1238 	EXP 	LDT_break_text: autoDraw = False
127.1238 	EXP 	LDT_stim_text: height = np.float64(0.1)
127.1238 	EXP 	LDT_stim_text: height = np.float64(0.1)
127.1238 	EXP 	LDT_stim_text: height = np.float64(0.1)
127.1238 	EXP 	LDT_stim_text: text = 'boss'
127.1238 	EXP 	LDT_fix_text: autoDraw = True
127.1247 	DATA 	Keypress: l
127.1661 	EXP 	Device response: <KeyPress from None: t=127.10991840000497, value=l, duration=0.05581319995690137>
127.6077 	EXP 	LDT_stim_text: autoDraw = True
127.6160 	EXP 	LDT_fix_text: autoDraw = False
128.3423 	EXP 	Device response: <KeyPress from None: t=128.34201329998905, value=l, duration=None>
128.3508 	EXP 	New trial (rep=0, index=25): <Trial 25 (25 in rep 0) data={'Task': 'LDT', 'TrialType': 'Target', 'Stimuli': 'live', 'StimulusType': 'word', 'CorrectResponse': 'l', 'Trialnumb': 24, 'thisN': 25, 'thisTrialN': 25, 'thisRepN': 0}>
128.3524 	DATA 	Keypress: l
128.3584 	EXP 	LDT_fix_text: autoDraw = False
128.3584 	EXP 	LDT_stim_text: autoDraw = False
128.3584 	EXP 	LDT_break_text: autoDraw = False
128.3584 	EXP 	LDT_stim_text: height = np.float64(0.1)
128.3584 	EXP 	LDT_stim_text: height = np.float64(0.1)
128.3584 	EXP 	LDT_stim_text: height = np.float64(0.1)
128.3584 	EXP 	LDT_stim_text: text = 'live'
128.3584 	EXP 	LDT_fix_text: autoDraw = True
128.4005 	EXP 	Device response: <KeyPress from None: t=128.34201329998905, value=l, duration=0.05514660000335425>
128.8422 	EXP 	LDT_stim_text: autoDraw = True
128.8506 	EXP 	LDT_fix_text: autoDraw = False
129.4349 	EXP 	Device response: <KeyPress from None: t=129.42948759999126, value=l, duration=None>
129.4351 	EXP 	New trial (rep=0, index=26): <Trial 26 (26 in rep 0) data={'Task': 'LDT', 'TrialType': 'Target', 'Stimuli': 'dilt', 'StimulusType': 'nonword', 'CorrectResponse': 'a', 'Trialnumb': 137, 'thisN': 26, 'thisTrialN': 26, 'thisRepN': 0}>
129.4429 	EXP 	LDT_fix_text: autoDraw = False
129.4429 	EXP 	LDT_stim_text: autoDraw = False
129.4429 	EXP 	LDT_break_text: autoDraw = False
129.4429 	EXP 	LDT_stim_text: height = np.float64(0.1)
129.4429 	EXP 	LDT_stim_text: height = np.float64(0.1)
129.4429 	EXP 	LDT_stim_text: height = np.float64(0.1)
129.4429 	EXP 	LDT_stim_text: text = 'dilt'
129.4429 	EXP 	LDT_fix_text: autoDraw = True
129.4436 	DATA 	Keypress: l
129.4933 	EXP 	Device response: <KeyPress from None: t=129.42948759999126, value=l, duration=0.05621060001431033>
129.9267 	EXP 	LDT_stim_text: autoDraw = True
129.9350 	EXP 	LDT_fix_text: autoDraw = False
132.1208 	EXP 	Device response: <KeyPress from None: t=132.11783850000938, value=a, duration=None>
132.1211 	EXP 	New trial (rep=0, index=27): <Trial 27 (27 in rep 0) data={'Task': 'LDT', 'TrialType': 'Target', 'Stimuli': 'mass', 'StimulusType': 'word', 'CorrectResponse': 'l', 'Trialnumb': 102, 'thisN': 27, 'thisTrialN': 27, 'thisRepN': 0}>
132.1288 	EXP 	LDT_fix_text: autoDraw = False
132.1288 	EXP 	LDT_stim_text: autoDraw = False
132.1288 	EXP 	LDT_break_text: autoDraw = False
132.1288 	EXP 	LDT_stim_text: height = np.float64(0.1)
132.1288 	EXP 	LDT_stim_text: height = np.float64(0.1)
132.1288 	EXP 	LDT_stim_text: height = np.float64(0.1)
132.1288 	EXP 	LDT_stim_text: text = 'mass'
132.1288 	EXP 	LDT_fix_text: autoDraw = True
132.1295 	DATA 	Keypress: a
132.1876 	EXP 	Device response: <KeyPress from None: t=132.11783850000938, value=a, duration=0.06311139999888837>
132.6126 	EXP 	LDT_stim_text: autoDraw = True
132.6210 	EXP 	LDT_fix_text: autoDraw = False
133.3388 	EXP 	Device response: <KeyPress from None: t=133.33378250000533, value=l, duration=None>
133.3391 	EXP 	New trial (rep=0, index=28): <Trial 28 (28 in rep 0) data={'Task': 'LDT', 'TrialType': 'Target', 'Stimuli': 'kang', 'StimulusType': 'nonword', 'CorrectResponse': 'a', 'Trialnumb': 162, 'thisN': 28, 'thisTrialN': 28, 'thisRepN': 0}>
133.3467 	EXP 	LDT_fix_text: autoDraw = False
133.3467 	EXP 	LDT_stim_text: autoDraw = False
133.3467 	EXP 	LDT_break_text: autoDraw = False
133.3467 	EXP 	LDT_stim_text: height = np.float64(0.1)
133.3467 	EXP 	LDT_stim_text: height = np.float64(0.1)
133.3467 	EXP 	LDT_stim_text: height = np.float64(0.1)
133.3467 	EXP 	LDT_stim_text: text = 'kang'
133.3467 	EXP 	LDT_fix_text: autoDraw = True
133.3475 	DATA 	Keypress: l
133.3972 	EXP 	Device response: <KeyPress from None: t=133.33378250000533, value=l, duration=0.05534639995312318>
133.8305 	EXP 	LDT_stim_text: autoDraw = True
133.8388 	EXP 	LDT_fix_text: autoDraw = False
135.1574 	EXP 	Device response: <KeyPress from None: t=135.15708029997768, value=a, duration=None>
135.1577 	EXP 	New trial (rep=0, index=29): <Trial 29 (29 in rep 0) data={'Task': 'LDT', 'TrialType': 'Target', 'Stimuli': 'gead', 'StimulusType': 'nonword', 'CorrectResponse': 'a', 'Trialnumb': 145, 'thisN': 29, 'thisTrialN': 29, 'thisRepN': 0}>
135.1652 	EXP 	LDT_fix_text: autoDraw = False
135.1652 	EXP 	LDT_stim_text: autoDraw = False
135.1652 	EXP 	LDT_break_text: autoDraw = False
135.1652 	EXP 	LDT_stim_text: height = np.float64(0.1)
135.1652 	EXP 	LDT_stim_text: height = np.float64(0.1)
135.1652 	EXP 	LDT_stim_text: height = np.float64(0.1)
135.1652 	EXP 	LDT_stim_text: text = 'gead'
135.1652 	EXP 	LDT_fix_text: autoDraw = True
135.1660 	DATA 	Keypress: a
135.2491 	EXP 	Device response: <KeyPress from None: t=135.15708029997768, value=a, duration=0.08859679999295622>
135.6491 	EXP 	LDT_stim_text: autoDraw = True
135.6573 	EXP 	LDT_fix_text: autoDraw = False
137.6265 	EXP 	Device response: <KeyPress from None: t=137.62142859998858, value=a, duration=None>
137.6268 	EXP 	New trial (rep=0, index=30): <Trial 30 (30 in rep 0) data={'Task': 'LDT', 'TrialType': 'Target', 'Stimuli': 'flat', 'StimulusType': 'word', 'CorrectResponse': 'l', 'Trialnumb': 92, 'thisN': 30, 'thisTrialN': 30, 'thisRepN': 0}>
137.6344 	EXP 	LDT_fix_text: autoDraw = False
137.6344 	EXP 	LDT_stim_text: autoDraw = False
137.6344 	EXP 	LDT_break_text: autoDraw = False
137.6344 	EXP 	LDT_stim_text: height = np.float64(0.1)
137.6344 	EXP 	LDT_stim_text: height = np.float64(0.1)
137.6344 	EXP 	LDT_stim_text: height = np.float64(0.1)
137.6344 	EXP 	LDT_stim_text: text = 'flat'
137.6344 	EXP 	LDT_fix_text: autoDraw = True
137.6352 	DATA 	Keypress: a
137.6682 	EXP 	Device response: <KeyPress from None: t=137.62142859998858, value=a, duration=0.03964490001089871>
137.6931 	EXP 	Device response: <KeyPress from None: t=137.68497179995757, value=a, duration=None>
137.7020 	DATA 	Keypress: a
137.7599 	EXP 	Device response: <KeyPress from None: t=137.68497179995757, value=a, duration=0.07263619999866933>
138.1181 	EXP 	LDT_stim_text: autoDraw = True
138.1265 	EXP 	LDT_fix_text: autoDraw = False
138.8193 	EXP 	Device response: <KeyPress from None: t=138.81303929997375, value=l, duration=None>
138.8196 	EXP 	New trial (rep=0, index=31): <Trial 31 (31 in rep 0) data={'Task': 'LDT', 'TrialType': 'Target', 'Stimuli': 'vour', 'StimulusType': 'nonword', 'CorrectResponse': 'a', 'Trialnumb': 214, 'thisN': 31, 'thisTrialN': 31, 'thisRepN': 0}>
138.8273 	EXP 	LDT_fix_text: autoDraw = False
138.8273 	EXP 	LDT_stim_text: autoDraw = False
138.8273 	EXP 	LDT_break_text: autoDraw = False
138.8273 	EXP 	LDT_stim_text: height = np.float64(0.1)
138.8273 	EXP 	LDT_stim_text: height = np.float64(0.1)
138.8273 	EXP 	LDT_stim_text: height = np.float64(0.1)
138.8273 	EXP 	LDT_stim_text: text = 'vour'
138.8273 	EXP 	LDT_fix_text: autoDraw = True
138.8281 	DATA 	Keypress: l
138.8861 	EXP 	Device response: <KeyPress from None: t=138.81303929997375, value=l, duration=0.06483799999114126>
139.3110 	EXP 	LDT_stim_text: autoDraw = True
139.3194 	EXP 	LDT_fix_text: autoDraw = False
140.5709 	EXP 	Device response: <KeyPress from None: t=140.56542289996287, value=a, duration=None>
140.5712 	EXP 	New trial (rep=0, index=32): <Trial 32 (32 in rep 0) data={'Task': 'LDT', 'TrialType': 'Target', 'Stimuli': 'haro', 'StimulusType': 'nonword', 'CorrectResponse': 'a', 'Trialnumb': 150, 'thisN': 32, 'thisTrialN': 32, 'thisRepN': 0}>
140.5789 	EXP 	LDT_fix_text: autoDraw = False
140.5789 	EXP 	LDT_stim_text: autoDraw = False
140.5789 	EXP 	LDT_break_text: autoDraw = False
140.5789 	EXP 	LDT_stim_text: height = np.float64(0.1)
140.5789 	EXP 	LDT_stim_text: height = np.float64(0.1)
140.5789 	EXP 	LDT_stim_text: height = np.float64(0.1)
140.5789 	EXP 	LDT_stim_text: text = 'haro'
140.5789 	EXP 	LDT_fix_text: autoDraw = True
140.5797 	DATA 	Keypress: a
140.6377 	EXP 	Device response: <KeyPress from None: t=140.56542289996287, value=a, duration=0.06470460002310574>
141.0627 	EXP 	LDT_stim_text: autoDraw = True
141.0710 	EXP 	LDT_fix_text: autoDraw = False
142.0224 	EXP 	Device response: <KeyPress from None: t=142.0214333999902, value=a, duration=None>
142.0227 	EXP 	New trial (rep=0, index=33): <Trial 33 (33 in rep 0) data={'Task': 'LDT', 'TrialType': 'Target', 'Stimuli': 'lay', 'StimulusType': 'word', 'CorrectResponse': 'l', 'Trialnumb': 71, 'thisN': 33, 'thisTrialN': 33, 'thisRepN': 0}>
142.0303 	EXP 	LDT_fix_text: autoDraw = False
142.0303 	EXP 	LDT_stim_text: autoDraw = False
142.0303 	EXP 	LDT_break_text: autoDraw = False
142.0303 	EXP 	LDT_stim_text: height = np.float64(0.1)
142.0303 	EXP 	LDT_stim_text: height = np.float64(0.1)
142.0303 	EXP 	LDT_stim_text: height = np.float64(0.1)
142.0303 	EXP 	LDT_stim_text: text = 'lay'
142.0303 	EXP 	LDT_fix_text: autoDraw = True
142.0311 	DATA 	Keypress: a
142.0891 	EXP 	Device response: <KeyPress from None: t=142.0214333999902, value=a, duration=0.06365219998406246>
142.5141 	EXP 	LDT_stim_text: autoDraw = True
142.5225 	EXP 	LDT_fix_text: autoDraw = False
143.2568 	EXP 	Device response: <KeyPress from None: t=143.25391999998828, value=l, duration=None>
143.2571 	EXP 	New trial (rep=0, index=34): <Trial 34 (34 in rep 0) data={'Task': 'LDT', 'TrialType': 'Target', 'Stimuli': 'gips', 'StimulusType': 'nonword', 'CorrectResponse': 'a', 'Trialnumb': 147, 'thisN': 34, 'thisTrialN': 34, 'thisRepN': 0}>
143.2649 	EXP 	LDT_fix_text: autoDraw = False
143.2649 	EXP 	LDT_stim_text: autoDraw = False
143.2649 	EXP 	LDT_break_text: autoDraw = False
143.2649 	EXP 	LDT_stim_text: height = np.float64(0.1)
143.2649 	EXP 	LDT_stim_text: height = np.float64(0.1)
143.2649 	EXP 	LDT_stim_text: height = np.float64(0.1)
143.2649 	EXP 	LDT_stim_text: text = 'gips'
143.2649 	EXP 	LDT_fix_text: autoDraw = True
143.2654 	DATA 	Keypress: l
143.3069 	EXP 	Device response: <KeyPress from None: t=143.25391999998828, value=l, duration=0.04706419998547062>
143.7488 	EXP 	LDT_stim_text: autoDraw = True
143.7571 	EXP 	LDT_fix_text: autoDraw = False
145.8596 	EXP 	Device response: <KeyPress from None: t=145.8531735999859, value=a, duration=None>
145.8599 	EXP 	New trial (rep=0, index=35): <Trial 35 (35 in rep 0) data={'Task': 'LDT', 'TrialType': 'Target', 'Stimuli': 'cips', 'StimulusType': 'nonword', 'CorrectResponse': 'a', 'Trialnumb': 128, 'thisN': 35, 'thisTrialN': 35, 'thisRepN': 0}>
145.8675 	EXP 	LDT_fix_text: autoDraw = False
145.8675 	EXP 	LDT_stim_text: autoDraw = False
145.8675 	EXP 	LDT_break_text: autoDraw = False
145.8675 	EXP 	LDT_stim_text: height = np.float64(0.1)
145.8675 	EXP 	LDT_stim_text: height = np.float64(0.1)
145.8675 	EXP 	LDT_stim_text: height = np.float64(0.1)
145.8675 	EXP 	LDT_stim_text: text = 'cips'
145.8675 	EXP 	LDT_fix_text: autoDraw = True
145.8684 	DATA 	Keypress: a
145.9346 	EXP 	Device response: <KeyPress from None: t=145.8531735999859, value=a, duration=0.08025669999187812>
146.3513 	EXP 	LDT_stim_text: autoDraw = True
146.3598 	EXP 	LDT_fix_text: autoDraw = False
147.8948 	EXP 	Device response: <KeyPress from None: t=147.8938277999987, value=a, duration=None>
147.8950 	EXP 	New trial (rep=0, index=36): <Trial 36 (36 in rep 0) data={'Task': 'LDT', 'TrialType': 'Target', 'Stimuli': 'flen', 'StimulusType': 'nonword', 'CorrectResponse': 'a', 'Trialnumb': 141, 'thisN': 36, 'thisTrialN': 36, 'thisRepN': 0}>
147.9029 	EXP 	LDT_fix_text: autoDraw = False
147.9029 	EXP 	LDT_stim_text: autoDraw = False
147.9029 	EXP 	LDT_break_text: autoDraw = False
147.9029 	EXP 	LDT_stim_text: height = np.float64(0.1)
147.9029 	EXP 	LDT_stim_text: height = np.float64(0.1)
147.9029 	EXP 	LDT_stim_text: height = np.float64(0.1)
147.9029 	EXP 	LDT_stim_text: text = 'flen'
147.9029 	EXP 	LDT_fix_text: autoDraw = True
147.9035 	DATA 	Keypress: a
147.9532 	EXP 	Device response: <KeyPress from None: t=147.8938277999987, value=a, duration=0.05580559995723888>
148.3867 	EXP 	LDT_stim_text: autoDraw = True
148.3950 	EXP 	LDT_fix_text: autoDraw = False
150.8728 	EXP 	Device response: <KeyPress from None: t=150.86929209996015, value=a, duration=None>
150.8731 	EXP 	New trial (rep=0, index=37): <Trial 37 (37 in rep 0) data={'Task': 'LDT', 'TrialType': 'Target', 'Stimuli': 'short', 'StimulusType': 'word', 'CorrectResponse': 'l', 'Trialnumb': 50, 'thisN': 37, 'thisTrialN': 37, 'thisRepN': 0}>
150.8809 	EXP 	LDT_fix_text: autoDraw = False
150.8809 	EXP 	LDT_stim_text: autoDraw = False
150.8809 	EXP 	LDT_break_text: autoDraw = False
150.8809 	EXP 	LDT_stim_text: height = np.float64(0.1)
150.8809 	EXP 	LDT_stim_text: height = np.float64(0.1)
150.8809 	EXP 	LDT_stim_text: height = np.float64(0.1)
150.8809 	EXP 	LDT_stim_text: text = 'short'
150.8809 	EXP 	LDT_fix_text: autoDraw = True
150.8816 	DATA 	Keypress: a
150.9146 	EXP 	Device response: <KeyPress from None: t=150.86929209996015, value=a, duration=0.039770000032149255>
151.3649 	EXP 	LDT_stim_text: autoDraw = True
151.3729 	EXP 	LDT_fix_text: autoDraw = False
151.9324 	EXP 	Device response: <KeyPress from None: t=151.9251739999745, value=l, duration=None>
151.9327 	EXP 	New trial (rep=0, index=38): <Trial 38 (38 in rep 0) data={'Task': 'LDT', 'TrialType': 'Target', 'Stimuli': 'peaf', 'StimulusType': 'nonword', 'CorrectResponse': 'a', 'Trialnumb': 179, 'thisN': 38, 'thisTrialN': 38, 'thisRepN': 0}>
151.9402 	EXP 	LDT_fix_text: autoDraw = False
151.9402 	EXP 	LDT_stim_text: autoDraw = False
151.9402 	EXP 	LDT_break_text: autoDraw = False
151.9402 	EXP 	LDT_stim_text: height = np.float64(0.1)
151.9402 	EXP 	LDT_stim_text: height = np.float64(0.1)
151.9402 	EXP 	LDT_stim_text: height = np.float64(0.1)
151.9402 	EXP 	LDT_stim_text: text = 'peaf'
151.9402 	EXP 	LDT_fix_text: autoDraw = True
151.9410 	DATA 	Keypress: l
151.9741 	EXP 	Device response: <KeyPress from None: t=151.9251739999745, value=l, duration=0.048502499994356185>
152.4240 	EXP 	LDT_stim_text: autoDraw = True
152.4324 	EXP 	LDT_fix_text: autoDraw = False
154.2929 	EXP 	Device response: <KeyPress from None: t=154.28575789998285, value=a, duration=None>
154.2932 	EXP 	New trial (rep=0, index=39): <Trial 39 (39 in rep 0) data={'Task': 'LDT', 'TrialType': 'Target', 'Stimuli': 'spag', 'StimulusType': 'nonword', 'CorrectResponse': 'a', 'Trialnumb': 197, 'thisN': 39, 'thisTrialN': 39, 'thisRepN': 0}>
154.3009 	EXP 	LDT_fix_text: autoDraw = False
154.3009 	EXP 	LDT_stim_text: autoDraw = False
154.3009 	EXP 	LDT_break_text: autoDraw = False
154.3009 	EXP 	LDT_stim_text: height = np.float64(0.1)
154.3009 	EXP 	LDT_stim_text: height = np.float64(0.1)
154.3009 	EXP 	LDT_stim_text: height = np.float64(0.1)
154.3009 	EXP 	LDT_stim_text: text = 'spag'
154.3009 	EXP 	LDT_fix_text: autoDraw = True
154.3017 	DATA 	Keypress: a
154.3263 	EXP 	Device response: <KeyPress from None: t=154.28575789998285, value=a, duration=0.0399617999792099>
154.7847 	EXP 	LDT_stim_text: autoDraw = True
154.7930 	EXP 	LDT_fix_text: autoDraw = False
156.1198 	EXP 	Device response: <KeyPress from None: t=156.1182179999887, value=a, duration=None>
156.1200 	EXP 	New trial (rep=0, index=40): <Trial 40 (40 in rep 0) data={'Task': 'LDT', 'TrialType': 'Target', 'Stimuli': 'stap', 'StimulusType': 'nonword', 'CorrectResponse': 'a', 'Trialnumb': 199, 'thisN': 40, 'thisTrialN': 40, 'thisRepN': 0}>
156.1277 	EXP 	LDT_fix_text: autoDraw = False
156.1277 	EXP 	LDT_stim_text: autoDraw = False
156.1277 	EXP 	LDT_break_text: autoDraw = False
156.1277 	EXP 	LDT_stim_text: height = np.float64(0.1)
156.1277 	EXP 	LDT_stim_text: height = np.float64(0.1)
156.1277 	EXP 	LDT_stim_text: height = np.float64(0.1)
156.1277 	EXP 	LDT_stim_text: text = 'stap'
156.1277 	EXP 	LDT_fix_text: autoDraw = True
156.1285 	DATA 	Keypress: a
156.2032 	EXP 	Device response: <KeyPress from None: t=156.1182179999887, value=a, duration=0.07894109998596832>
156.6116 	EXP 	LDT_stim_text: autoDraw = True
156.6199 	EXP 	LDT_fix_text: autoDraw = False
158.0216 	EXP 	Device response: <KeyPress from None: t=158.02133319998393, value=a, duration=None>
158.0219 	EXP 	New trial (rep=0, index=41): <Trial 41 (41 in rep 0) data={'Task': 'LDT', 'TrialType': 'Target', 'Stimuli': 'mutch', 'StimulusType': 'nonword', 'CorrectResponse': 'a', 'Trialnumb': 175, 'thisN': 41, 'thisTrialN': 41, 'thisRepN': 0}>
158.0298 	EXP 	LDT_fix_text: autoDraw = False
158.0298 	EXP 	LDT_stim_text: autoDraw = False
158.0298 	EXP 	LDT_break_text: autoDraw = False
158.0298 	EXP 	LDT_stim_text: height = np.float64(0.1)
158.0298 	EXP 	LDT_stim_text: height = np.float64(0.1)
158.0298 	EXP 	LDT_stim_text: height = np.float64(0.1)
158.0298 	EXP 	LDT_stim_text: text = 'mutch'
158.0298 	EXP 	LDT_fix_text: autoDraw = True
158.0304 	DATA 	Keypress: a
158.0966 	EXP 	Device response: <KeyPress from None: t=158.02133319998393, value=a, duration=0.0725283999927342>
158.5134 	EXP 	LDT_stim_text: autoDraw = True
158.5218 	EXP 	LDT_fix_text: autoDraw = False
160.6994 	EXP 	Device response: <KeyPress from None: t=160.6937992000021, value=l, duration=None>
160.6997 	EXP 	New trial (rep=0, index=42): <Trial 42 (42 in rep 0) data={'Task': 'LDT', 'TrialType': 'Target', 'Stimuli': 'toas', 'StimulusType': 'nonword', 'CorrectResponse': 'a', 'Trialnumb': 203, 'thisN': 42, 'thisTrialN': 42, 'thisRepN': 0}>
160.7073 	EXP 	LDT_fix_text: autoDraw = False
160.7073 	EXP 	LDT_stim_text: autoDraw = False
160.7073 	EXP 	LDT_break_text: autoDraw = False
160.7073 	EXP 	LDT_stim_text: height = np.float64(0.1)
160.7073 	EXP 	LDT_stim_text: height = np.float64(0.1)
160.7073 	EXP 	LDT_stim_text: height = np.float64(0.1)
160.7073 	EXP 	LDT_stim_text: text = 'toas'
160.7073 	EXP 	LDT_fix_text: autoDraw = True
160.7082 	DATA 	Keypress: l
160.7496 	EXP 	Device response: <KeyPress from None: t=160.6937992000021, value=l, duration=0.04779159999452531>
161.1910 	EXP 	LDT_stim_text: autoDraw = True
161.1995 	EXP 	LDT_fix_text: autoDraw = False
162.2091 	EXP 	Device response: <KeyPress from None: t=162.2059735999792, value=a, duration=None>
162.2094 	EXP 	New trial (rep=0, index=43): <Trial 43 (43 in rep 0) data={'Task': 'LDT', 'TrialType': 'Target', 'Stimuli': 'yeep', 'StimulusType': 'nonword', 'CorrectResponse': 'a', 'Trialnumb': 219, 'thisN': 43, 'thisTrialN': 43, 'thisRepN': 0}>
162.2171 	EXP 	LDT_fix_text: autoDraw = False
162.2171 	EXP 	LDT_stim_text: autoDraw = False
162.2171 	EXP 	LDT_break_text: autoDraw = False
162.2171 	EXP 	LDT_stim_text: height = np.float64(0.1)
162.2171 	EXP 	LDT_stim_text: height = np.float64(0.1)
162.2171 	EXP 	LDT_stim_text: height = np.float64(0.1)
162.2171 	EXP 	LDT_stim_text: text = 'yeep'
162.2171 	EXP 	LDT_fix_text: autoDraw = True
162.2178 	DATA 	Keypress: a
162.2759 	EXP 	Device response: <KeyPress from None: t=162.2059735999792, value=a, duration=0.06295749999117106>
162.7009 	EXP 	LDT_stim_text: autoDraw = True
162.7092 	EXP 	LDT_fix_text: autoDraw = False
164.0277 	EXP 	Device response: <KeyPress from None: t=164.02090529998532, value=a, duration=None>
164.0280 	EXP 	New trial (rep=0, index=44): <Trial 44 (44 in rep 0) data={'Task': 'LDT', 'TrialType': 'Target', 'Stimuli': 'sish', 'StimulusType': 'nonword', 'CorrectResponse': 'a', 'Trialnumb': 193, 'thisN': 44, 'thisTrialN': 44, 'thisRepN': 0}>
164.0359 	EXP 	LDT_fix_text: autoDraw = False
164.0359 	EXP 	LDT_stim_text: autoDraw = False
164.0359 	EXP 	LDT_break_text: autoDraw = False
164.0359 	EXP 	LDT_stim_text: height = np.float64(0.1)
164.0359 	EXP 	LDT_stim_text: height = np.float64(0.1)
164.0359 	EXP 	LDT_stim_text: height = np.float64(0.1)
164.0359 	EXP 	LDT_stim_text: text = 'sish'
164.0359 	EXP 	LDT_fix_text: autoDraw = True
164.0368 	DATA 	Keypress: a
164.1027 	EXP 	Device response: <KeyPress from None: t=164.02090529998532, value=a, duration=0.08021119999466464>
164.5194 	EXP 	LDT_stim_text: autoDraw = True
164.5277 	EXP 	LDT_fix_text: autoDraw = False
165.2455 	EXP 	Device response: <KeyPress from None: t=165.23794479999924, value=a, duration=None>
165.2458 	EXP 	New trial (rep=0, index=45): <Trial 45 (45 in rep 0) data={'Task': 'LDT', 'TrialType': 'Target', 'Stimuli': 'seef', 'StimulusType': 'nonword', 'CorrectResponse': 'a', 'Trialnumb': 187, 'thisN': 45, 'thisTrialN': 45, 'thisRepN': 0}>
165.2534 	EXP 	LDT_fix_text: autoDraw = False
165.2534 	EXP 	LDT_stim_text: autoDraw = False
165.2534 	EXP 	LDT_break_text: autoDraw = False
165.2534 	EXP 	LDT_stim_text: height = np.float64(0.1)
165.2534 	EXP 	LDT_stim_text: height = np.float64(0.1)
165.2534 	EXP 	LDT_stim_text: height = np.float64(0.1)
165.2534 	EXP 	LDT_stim_text: text = 'seef'
165.2534 	EXP 	LDT_fix_text: autoDraw = True
165.2543 	DATA 	Keypress: a
165.3039 	EXP 	Device response: <KeyPress from None: t=165.23794479999924, value=a, duration=0.06336540001211688>
165.7372 	EXP 	LDT_stim_text: autoDraw = True
165.7456 	EXP 	LDT_fix_text: autoDraw = False
169.3831 	EXP 	Device response: <KeyPress from None: t=169.3817815000075, value=a, duration=None>
169.3834 	EXP 	New trial (rep=0, index=46): <Trial 46 (46 in rep 0) data={'Task': 'LDT', 'TrialType': 'Target', 'Stimuli': 'burz', 'StimulusType': 'nonword', 'CorrectResponse': 'a', 'Trialnumb': 112, 'thisN': 46, 'thisTrialN': 46, 'thisRepN': 0}>
169.3909 	EXP 	LDT_fix_text: autoDraw = False
169.3909 	EXP 	LDT_stim_text: autoDraw = False
169.3909 	EXP 	LDT_break_text: autoDraw = False
169.3909 	EXP 	LDT_stim_text: height = np.float64(0.1)
169.3909 	EXP 	LDT_stim_text: height = np.float64(0.1)
169.3909 	EXP 	LDT_stim_text: height = np.float64(0.1)
169.3909 	EXP 	LDT_stim_text: text = 'burz'
169.3909 	EXP 	LDT_fix_text: autoDraw = True
169.3916 	DATA 	Keypress: a
169.4247 	EXP 	Device response: <KeyPress from None: t=169.3817815000075, value=a, duration=0.04002639994723722>
169.8747 	EXP 	LDT_stim_text: autoDraw = True
169.8830 	EXP 	LDT_fix_text: autoDraw = False
171.0764 	EXP 	Device response: <KeyPress from None: t=171.06979809998302, value=a, duration=None>
171.0767 	EXP 	New trial (rep=0, index=47): <Trial 47 (47 in rep 0) data={'Task': 'LDT', 'TrialType': 'Target', 'Stimuli': 'stop', 'StimulusType': 'word', 'CorrectResponse': 'l', 'Trialnumb': 44, 'thisN': 47, 'thisTrialN': 47, 'thisRepN': 0}>
171.0844 	EXP 	LDT_fix_text: autoDraw = False
171.0844 	EXP 	LDT_stim_text: autoDraw = False
171.0844 	EXP 	LDT_break_text: autoDraw = False
171.0844 	EXP 	LDT_stim_text: height = np.float64(0.1)
171.0844 	EXP 	LDT_stim_text: height = np.float64(0.1)
171.0844 	EXP 	LDT_stim_text: height = np.float64(0.1)
171.0844 	EXP 	LDT_stim_text: text = 'stop'
171.0844 	EXP 	LDT_fix_text: autoDraw = True
171.0851 	DATA 	Keypress: a
171.1181 	EXP 	Device response: <KeyPress from None: t=171.06979809998302, value=a, duration=0.04797710001002997>
171.5680 	EXP 	LDT_stim_text: autoDraw = True
171.5764 	EXP 	LDT_fix_text: autoDraw = False
172.1273 	EXP 	Device response: <KeyPress from None: t=172.12508679996245, value=l, duration=None>
172.1276 	EXP 	New trial (rep=0, index=48): <Trial 48 (48 in rep 0) data={'Task': 'LDT', 'TrialType': 'Target', 'Stimuli': 'juck', 'StimulusType': 'nonword', 'CorrectResponse': 'a', 'Trialnumb': 161, 'thisN': 48, 'thisTrialN': 48, 'thisRepN': 0}>
172.1353 	EXP 	LDT_fix_text: autoDraw = False
172.1353 	EXP 	LDT_stim_text: autoDraw = False
172.1353 	EXP 	LDT_break_text: autoDraw = False
172.1353 	EXP 	LDT_stim_text: height = np.float64(0.1)
172.1353 	EXP 	LDT_stim_text: height = np.float64(0.1)
172.1353 	EXP 	LDT_stim_text: height = np.float64(0.1)
172.1353 	EXP 	LDT_stim_text: text = 'juck'
172.1353 	EXP 	LDT_fix_text: autoDraw = True
172.1361 	DATA 	Keypress: l
172.1773 	EXP 	Device response: <KeyPress from None: t=172.12508679996245, value=l, duration=0.047801700013224036>
172.6191 	EXP 	LDT_stim_text: autoDraw = True
172.6275 	EXP 	LDT_fix_text: autoDraw = False
174.0460 	EXP 	Device response: <KeyPress from None: t=174.04533049999736, value=a, duration=None>
174.0463 	EXP 	New trial (rep=0, index=49): <Trial 49 (49 in rep 0) data={'Task': 'LDT', 'TrialType': 'Target', 'Stimuli': 'tight', 'StimulusType': 'word', 'CorrectResponse': 'l', 'Trialnumb': 74, 'thisN': 49, 'thisTrialN': 49, 'thisRepN': 0}>
174.0538 	EXP 	LDT_fix_text: autoDraw = False
174.0538 	EXP 	LDT_stim_text: autoDraw = False
174.0538 	EXP 	LDT_break_text: autoDraw = False
174.0538 	EXP 	LDT_stim_text: height = np.float64(0.1)
174.0538 	EXP 	LDT_stim_text: height = np.float64(0.1)
174.0538 	EXP 	LDT_stim_text: height = np.float64(0.1)
174.0538 	EXP 	LDT_stim_text: text = 'tight'
174.0538 	EXP 	LDT_fix_text: autoDraw = True
174.0546 	DATA 	Keypress: a
174.1628 	EXP 	Device response: <KeyPress from None: t=174.04533049999736, value=a, duration=0.11247150000417605>
174.5377 	EXP 	LDT_stim_text: autoDraw = True
174.5460 	EXP 	LDT_fix_text: autoDraw = False
175.2054 	EXP 	Device response: <KeyPress from None: t=175.19735209998908, value=l, duration=None>
175.2057 	EXP 	New trial (rep=0, index=50): <Trial 50 (50 in rep 0) data={'Task': 'LDT', 'TrialType': 'Target', 'Stimuli': 'seon', 'StimulusType': 'nonword', 'CorrectResponse': 'a', 'Trialnumb': 189, 'thisN': 50, 'thisTrialN': 50, 'thisRepN': 0}>
175.2133 	EXP 	LDT_fix_text: autoDraw = False
175.2133 	EXP 	LDT_stim_text: autoDraw = False
175.2133 	EXP 	LDT_break_text: autoDraw = False
175.2133 	EXP 	LDT_stim_text: height = np.float64(0.1)
175.2133 	EXP 	LDT_stim_text: height = np.float64(0.1)
175.2133 	EXP 	LDT_stim_text: height = np.float64(0.1)
175.2133 	EXP 	LDT_stim_text: text = 'seon'
175.2133 	EXP 	LDT_fix_text: autoDraw = True
175.2142 	DATA 	Keypress: l
175.2305 	EXP 	Device response: <KeyPress from None: t=175.19735209998908, value=l, duration=0.03213299997150898>
175.6971 	EXP 	LDT_stim_text: autoDraw = True
175.7057 	EXP 	LDT_fix_text: autoDraw = False
177.1240 	EXP 	Device response: <KeyPress from None: t=177.1177985999966, value=a, duration=None>
177.1243 	EXP 	New trial (rep=0, index=51): <Trial 51 (51 in rep 0) data={'Task': 'LDT', 'TrialType': 'Target', 'Stimuli': 'darb', 'StimulusType': 'nonword', 'CorrectResponse': 'a', 'Trialnumb': 134, 'thisN': 51, 'thisTrialN': 51, 'thisRepN': 0}>
177.1319 	EXP 	LDT_fix_text: autoDraw = False
177.1319 	EXP 	LDT_stim_text: autoDraw = False
177.1319 	EXP 	LDT_break_text: autoDraw = False
177.1319 	EXP 	LDT_stim_text: height = np.float64(0.1)
177.1319 	EXP 	LDT_stim_text: height = np.float64(0.1)
177.1319 	EXP 	LDT_stim_text: height = np.float64(0.1)
177.1319 	EXP 	LDT_stim_text: text = 'darb'
177.1319 	EXP 	LDT_fix_text: autoDraw = True
177.1327 	DATA 	Keypress: a
177.1825 	EXP 	Device response: <KeyPress from None: t=177.1177985999966, value=a, duration=0.06345199997304007>
177.6157 	EXP 	LDT_stim_text: autoDraw = True
177.6240 	EXP 	LDT_fix_text: autoDraw = False
179.1095 	EXP 	Device response: <KeyPress from None: t=179.10918969998602, value=a, duration=None>
179.1179 	EXP 	New trial (rep=0, index=52): <Trial 52 (52 in rep 0) data={'Task': 'LDT', 'TrialType': 'Target', 'Stimuli': 'wake', 'StimulusType': 'word', 'CorrectResponse': 'l', 'Trialnumb': 63, 'thisN': 52, 'thisTrialN': 52, 'thisRepN': 0}>
179.1198 	DATA 	Keypress: a
179.1257 	EXP 	LDT_fix_text: autoDraw = False
179.1257 	EXP 	LDT_stim_text: autoDraw = False
179.1257 	EXP 	LDT_break_text: autoDraw = False
179.1257 	EXP 	LDT_stim_text: height = np.float64(0.1)
179.1257 	EXP 	LDT_stim_text: height = np.float64(0.1)
179.1257 	EXP 	LDT_stim_text: height = np.float64(0.1)
179.1257 	EXP 	LDT_stim_text: text = 'wake'
179.1257 	EXP 	LDT_fix_text: autoDraw = True
179.1760 	EXP 	Device response: <KeyPress from None: t=179.10918969998602, value=a, duration=0.06446570000844076>
179.6094 	EXP 	LDT_stim_text: autoDraw = True
179.6177 	EXP 	LDT_fix_text: autoDraw = False
180.2187 	EXP 	Device response: <KeyPress from None: t=180.21362080000108, value=l, duration=None>
180.2191 	EXP 	New trial (rep=0, index=53): <Trial 53 (53 in rep 0) data={'Task': 'LDT', 'TrialType': 'Target', 'Stimuli': 'air', 'StimulusType': 'word', 'CorrectResponse': 'l', 'Trialnumb': 34, 'thisN': 53, 'thisTrialN': 53, 'thisRepN': 0}>
180.2267 	EXP 	LDT_fix_text: autoDraw = False
180.2267 	EXP 	LDT_stim_text: autoDraw = False
180.2267 	EXP 	LDT_break_text: autoDraw = False
180.2267 	EXP 	LDT_stim_text: height = np.float64(0.1)
180.2267 	EXP 	LDT_stim_text: height = np.float64(0.1)
180.2267 	EXP 	LDT_stim_text: height = np.float64(0.1)
180.2267 	EXP 	LDT_stim_text: text = 'air'
180.2267 	EXP 	LDT_fix_text: autoDraw = True
180.2275 	DATA 	Keypress: l
180.2605 	EXP 	Device response: <KeyPress from None: t=180.21362080000108, value=l, duration=0.03945619997102767>
180.7105 	EXP 	LDT_stim_text: autoDraw = True
180.7188 	EXP 	LDT_fix_text: autoDraw = False
181.2948 	EXP 	Device response: <KeyPress from None: t=181.29296809999505, value=l, duration=None>
181.2951 	EXP 	New trial (rep=0, index=54): <Trial 54 (54 in rep 0) data={'Task': 'LDT', 'TrialType': 'Target', 'Stimuli': 'pack', 'StimulusType': 'word', 'CorrectResponse': 'l', 'Trialnumb': 76, 'thisN': 54, 'thisTrialN': 54, 'thisRepN': 0}>
181.3028 	EXP 	LDT_fix_text: autoDraw = False
181.3028 	EXP 	LDT_stim_text: autoDraw = False
181.3028 	EXP 	LDT_break_text: autoDraw = False
181.3028 	EXP 	LDT_stim_text: height = np.float64(0.1)
181.3028 	EXP 	LDT_stim_text: height = np.float64(0.1)
181.3028 	EXP 	LDT_stim_text: height = np.float64(0.1)
181.3028 	EXP 	LDT_stim_text: text = 'pack'
181.3028 	EXP 	LDT_fix_text: autoDraw = True
181.3037 	DATA 	Keypress: l
181.3282 	EXP 	Device response: <KeyPress from None: t=181.29296809999505, value=l, duration=0.03268539998680353>
181.7865 	EXP 	LDT_stim_text: autoDraw = True
181.7949 	EXP 	LDT_fix_text: autoDraw = False
182.5711 	EXP 	Device response: <KeyPress from None: t=182.56556319998344, value=l, duration=None>
182.5714 	EXP 	New trial (rep=0, index=55): <Trial 55 (55 in rep 0) data={'Task': 'LDT', 'TrialType': 'Target', 'Stimuli': 'team', 'StimulusType': 'word', 'CorrectResponse': 'l', 'Trialnumb': 23, 'thisN': 55, 'thisTrialN': 55, 'thisRepN': 0}>
182.5791 	EXP 	LDT_fix_text: autoDraw = False
182.5791 	EXP 	LDT_stim_text: autoDraw = False
182.5791 	EXP 	LDT_break_text: autoDraw = False
182.5791 	EXP 	LDT_stim_text: height = np.float64(0.1)
182.5791 	EXP 	LDT_stim_text: height = np.float64(0.1)
182.5791 	EXP 	LDT_stim_text: height = np.float64(0.1)
182.5791 	EXP 	LDT_stim_text: text = 'team'
182.5791 	EXP 	LDT_fix_text: autoDraw = True
182.5799 	DATA 	Keypress: l
182.6044 	EXP 	Device response: <KeyPress from None: t=182.56556319998344, value=l, duration=0.031346899981144816>
183.0628 	EXP 	LDT_stim_text: autoDraw = True
183.0712 	EXP 	LDT_fix_text: autoDraw = False
183.6555 	EXP 	Device response: <KeyPress from None: t=183.65290429996094, value=l, duration=None>
183.6558 	EXP 	New trial (rep=0, index=56): <Trial 56 (56 in rep 0) data={'Task': 'LDT', 'TrialType': 'Target', 'Stimuli': 'virus', 'StimulusType': 'word', 'CorrectResponse': 'l', 'Trialnumb': 100, 'thisN': 56, 'thisTrialN': 56, 'thisRepN': 0}>
183.6634 	EXP 	LDT_fix_text: autoDraw = False
183.6634 	EXP 	LDT_stim_text: autoDraw = False
183.6634 	EXP 	LDT_break_text: autoDraw = False
183.6634 	EXP 	LDT_stim_text: height = np.float64(0.1)
183.6634 	EXP 	LDT_stim_text: height = np.float64(0.1)
183.6634 	EXP 	LDT_stim_text: height = np.float64(0.1)
183.6634 	EXP 	LDT_stim_text: text = 'virus'
183.6634 	EXP 	LDT_fix_text: autoDraw = True
183.6642 	DATA 	Keypress: l
183.6972 	EXP 	Device response: <KeyPress from None: t=183.65290429996094, value=l, duration=0.04077220003819093>
184.1473 	EXP 	LDT_stim_text: autoDraw = True
184.1555 	EXP 	LDT_fix_text: autoDraw = False
184.8065 	EXP 	Device response: <KeyPress from None: t=184.80490759998793, value=l, duration=None>
184.8068 	EXP 	New trial (rep=0, index=57): <Trial 57 (57 in rep 0) data={'Task': 'LDT', 'TrialType': 'Target', 'Stimuli': 'trip', 'StimulusType': 'word', 'CorrectResponse': 'l', 'Trialnumb': 35, 'thisN': 57, 'thisTrialN': 57, 'thisRepN': 0}>
184.8146 	EXP 	LDT_fix_text: autoDraw = False
184.8146 	EXP 	LDT_stim_text: autoDraw = False
184.8146 	EXP 	LDT_break_text: autoDraw = False
184.8146 	EXP 	LDT_stim_text: height = np.float64(0.1)
184.8146 	EXP 	LDT_stim_text: height = np.float64(0.1)
184.8146 	EXP 	LDT_stim_text: height = np.float64(0.1)
184.8146 	EXP 	LDT_stim_text: text = 'trip'
184.8146 	EXP 	LDT_fix_text: autoDraw = True
184.8152 	DATA 	Keypress: l
184.8566 	EXP 	Device response: <KeyPress from None: t=184.80490759998793, value=l, duration=0.04871230002027005>
185.2985 	EXP 	LDT_stim_text: autoDraw = True
185.3067 	EXP 	LDT_fix_text: autoDraw = False
186.0579 	EXP 	Device response: <KeyPress from None: t=186.05341419996694, value=l, duration=None>
186.0582 	EXP 	New trial (rep=0, index=58): <Trial 58 (58 in rep 0) data={'Task': 'LDT', 'TrialType': 'Target', 'Stimuli': 'heat', 'StimulusType': 'word', 'CorrectResponse': 'l', 'Trialnumb': 79, 'thisN': 58, 'thisTrialN': 58, 'thisRepN': 0}>
186.0659 	EXP 	LDT_fix_text: autoDraw = False
186.0659 	EXP 	LDT_stim_text: autoDraw = False
186.0659 	EXP 	LDT_break_text: autoDraw = False
186.0659 	EXP 	LDT_stim_text: height = np.float64(0.1)
186.0659 	EXP 	LDT_stim_text: height = np.float64(0.1)
186.0659 	EXP 	LDT_stim_text: height = np.float64(0.1)
186.0659 	EXP 	LDT_stim_text: text = 'heat'
186.0659 	EXP 	LDT_fix_text: autoDraw = True
186.0667 	DATA 	Keypress: l
186.1079 	EXP 	Device response: <KeyPress from None: t=186.05341419996694, value=l, duration=0.04745720000937581>
186.5496 	EXP 	LDT_stim_text: autoDraw = True
186.5580 	EXP 	LDT_fix_text: autoDraw = False
187.1006 	EXP 	Device response: <KeyPress from None: t=187.09322489995975, value=l, duration=None>
187.1009 	EXP 	New trial (rep=0, index=59): <Trial 59 (59 in rep 0) data={'Task': 'LDT', 'TrialType': 'Target', 'Stimuli': 'buy', 'StimulusType': 'word', 'CorrectResponse': 'l', 'Trialnumb': 25, 'thisN': 59, 'thisTrialN': 59, 'thisRepN': 0}>
187.1085 	EXP 	LDT_fix_text: autoDraw = False
187.1085 	EXP 	LDT_stim_text: autoDraw = False
187.1085 	EXP 	LDT_break_text: autoDraw = False
187.1085 	EXP 	LDT_stim_text: height = np.float64(0.1)
187.1085 	EXP 	LDT_stim_text: height = np.float64(0.1)
187.1085 	EXP 	LDT_stim_text: height = np.float64(0.1)
187.1085 	EXP 	LDT_stim_text: text = 'buy'
187.1085 	EXP 	LDT_fix_text: autoDraw = True
187.1093 	DATA 	Keypress: l
187.1422 	EXP 	Device response: <KeyPress from None: t=187.09322489995975, value=l, duration=0.048086300026625395>
187.5923 	EXP 	LDT_stim_text: autoDraw = True
187.6007 	EXP 	LDT_fix_text: autoDraw = False
188.1849 	EXP 	Device response: <KeyPress from None: t=188.18136859999504, value=l, duration=None>
188.1852 	EXP 	New trial (rep=0, index=60): <Trial 60 (60 in rep 0) data={'Task': 'LDT', 'TrialType': 'Target', 'Stimuli': 'wost', 'StimulusType': 'nonword', 'CorrectResponse': 'a', 'Trialnumb': 217, 'thisN': 60, 'thisTrialN': 60, 'thisRepN': 0}>
188.1929 	EXP 	LDT_fix_text: autoDraw = False
188.1929 	EXP 	LDT_stim_text: autoDraw = False
188.1929 	EXP 	LDT_break_text: autoDraw = False
188.1929 	EXP 	LDT_stim_text: height = np.float64(0.1)
188.1929 	EXP 	LDT_stim_text: height = np.float64(0.1)
188.1929 	EXP 	LDT_stim_text: height = np.float64(0.1)
188.1929 	EXP 	LDT_stim_text: text = 'wost'
188.1929 	EXP 	LDT_fix_text: autoDraw = True
188.1937 	DATA 	Keypress: l
188.2266 	EXP 	Device response: <KeyPress from None: t=188.18136859999504, value=l, duration=0.040307599992956966>
188.6767 	EXP 	LDT_stim_text: autoDraw = True
188.6851 	EXP 	LDT_fix_text: autoDraw = False
190.1704 	EXP 	Device response: <KeyPress from None: t=190.1657075000112, value=a, duration=None>
190.1707 	EXP 	New trial (rep=0, index=61): <Trial 61 (61 in rep 0) data={'Task': 'LDT', 'TrialType': 'Target', 'Stimuli': 'gaft', 'StimulusType': 'nonword', 'CorrectResponse': 'a', 'Trialnumb': 144, 'thisN': 61, 'thisTrialN': 61, 'thisRepN': 0}>
190.1782 	EXP 	LDT_fix_text: autoDraw = False
190.1782 	EXP 	LDT_stim_text: autoDraw = False
190.1782 	EXP 	LDT_break_text: autoDraw = False
190.1782 	EXP 	LDT_stim_text: height = np.float64(0.1)
190.1782 	EXP 	LDT_stim_text: height = np.float64(0.1)
190.1782 	EXP 	LDT_stim_text: height = np.float64(0.1)
190.1782 	EXP 	LDT_stim_text: text = 'gaft'
190.1782 	EXP 	LDT_fix_text: autoDraw = True
190.1790 	DATA 	Keypress: a
190.2453 	EXP 	Device response: <KeyPress from None: t=190.1657075000112, value=a, duration=0.07218169997213408>
190.6621 	EXP 	LDT_stim_text: autoDraw = True
190.6705 	EXP 	LDT_fix_text: autoDraw = False
191.3965 	EXP 	Device response: <KeyPress from None: t=191.38908799999626, value=a, duration=None>
191.3968 	EXP 	New trial (rep=0, index=62): <Trial 62 (62 in rep 0) data={'Task': 'LDT', 'TrialType': 'Target', 'Stimuli': 'media', 'StimulusType': 'word', 'CorrectResponse': 'l', 'Trialnumb': 46, 'thisN': 62, 'thisTrialN': 62, 'thisRepN': 0}>
191.4044 	EXP 	LDT_fix_text: autoDraw = False
191.4044 	EXP 	LDT_stim_text: autoDraw = False
191.4044 	EXP 	LDT_break_text: autoDraw = False
191.4044 	EXP 	LDT_stim_text: height = np.float64(0.1)
191.4044 	EXP 	LDT_stim_text: height = np.float64(0.1)
191.4044 	EXP 	LDT_stim_text: height = np.float64(0.1)
191.4044 	EXP 	LDT_stim_text: text = 'media'
191.4044 	EXP 	LDT_fix_text: autoDraw = True
191.4051 	DATA 	Keypress: a
191.4717 	EXP 	Device response: <KeyPress from None: t=191.38908799999626, value=a, duration=0.08089689997723326>
191.8883 	EXP 	LDT_stim_text: autoDraw = True
191.8967 	EXP 	LDT_fix_text: autoDraw = False
192.7980 	EXP 	Device response: <KeyPress from None: t=192.78983069997048, value=l, duration=None>
192.7982 	EXP 	New trial (rep=0, index=63): <Trial 63 (63 in rep 0) data={'Task': 'LDT', 'TrialType': 'Target', 'Stimuli': 'cing', 'StimulusType': 'nonword', 'CorrectResponse': 'a', 'Trialnumb': 127, 'thisN': 63, 'thisTrialN': 63, 'thisRepN': 0}>
192.8058 	EXP 	LDT_fix_text: autoDraw = False
192.8058 	EXP 	LDT_stim_text: autoDraw = False
192.8058 	EXP 	LDT_break_text: autoDraw = False
192.8058 	EXP 	LDT_stim_text: height = np.float64(0.1)
192.8058 	EXP 	LDT_stim_text: height = np.float64(0.1)
192.8058 	EXP 	LDT_stim_text: height = np.float64(0.1)
192.8058 	EXP 	LDT_stim_text: text = 'cing'
192.8058 	EXP 	LDT_fix_text: autoDraw = True
192.8066 	DATA 	Keypress: l
192.8563 	EXP 	Device response: <KeyPress from None: t=192.78983069997048, value=l, duration=0.06436469999607652>
193.2897 	EXP 	LDT_stim_text: autoDraw = True
193.2979 	EXP 	LDT_fix_text: autoDraw = False
194.8668 	EXP 	Device response: <KeyPress from None: t=194.86128939996706, value=a, duration=None>
194.8671 	EXP 	New trial (rep=0, index=64): <Trial 64 (64 in rep 0) data={'Task': 'LDT', 'TrialType': 'Target', 'Stimuli': 'zall', 'StimulusType': 'nonword', 'CorrectResponse': 'a', 'Trialnumb': 221, 'thisN': 64, 'thisTrialN': 64, 'thisRepN': 0}>
194.8746 	EXP 	LDT_fix_text: autoDraw = False
194.8746 	EXP 	LDT_stim_text: autoDraw = False
194.8746 	EXP 	LDT_break_text: autoDraw = False
194.8746 	EXP 	LDT_stim_text: height = np.float64(0.1)
194.8746 	EXP 	LDT_stim_text: height = np.float64(0.1)
194.8746 	EXP 	LDT_stim_text: height = np.float64(0.1)
194.8746 	EXP 	LDT_stim_text: text = 'zall'
194.8746 	EXP 	LDT_fix_text: autoDraw = True
194.8755 	DATA 	Keypress: a
194.9336 	EXP 	Device response: <KeyPress from None: t=194.86128939996706, value=a, duration=0.06382290000328794>
195.3585 	EXP 	LDT_stim_text: autoDraw = True
195.3668 	EXP 	LDT_fix_text: autoDraw = False
197.0104 	EXP 	Device response: <KeyPress from None: t=197.0050409999676, value=a, duration=None>
197.0106 	EXP 	New trial (rep=0, index=65): <Trial 65 (65 in rep 0) data={'Task': 'LDT', 'TrialType': 'Target', 'Stimuli': 'coss', 'StimulusType': 'nonword', 'CorrectResponse': 'a', 'Trialnumb': 133, 'thisN': 65, 'thisTrialN': 65, 'thisRepN': 0}>
197.0184 	EXP 	LDT_fix_text: autoDraw = False
197.0184 	EXP 	LDT_stim_text: autoDraw = False
197.0184 	EXP 	LDT_break_text: autoDraw = False
197.0184 	EXP 	LDT_stim_text: height = np.float64(0.1)
197.0184 	EXP 	LDT_stim_text: height = np.float64(0.1)
197.0184 	EXP 	LDT_stim_text: height = np.float64(0.1)
197.0184 	EXP 	LDT_stim_text: text = 'coss'
197.0184 	EXP 	LDT_fix_text: autoDraw = True
197.0192 	DATA 	Keypress: a
197.0771 	EXP 	Device response: <KeyPress from None: t=197.0050409999676, value=a, duration=0.06484960002126172>
197.5021 	EXP 	LDT_stim_text: autoDraw = True
197.5105 	EXP 	LDT_fix_text: autoDraw = False
199.9883 	EXP 	Device response: <KeyPress from None: t=199.9812844999833, value=a, duration=None>
199.9886 	EXP 	New trial (rep=0, index=66): <Trial 66 (66 in rep 0) data={'Task': 'LDT', 'TrialType': 'Target', 'Stimuli': 'brone', 'StimulusType': 'nonword', 'CorrectResponse': 'a', 'Trialnumb': 125, 'thisN': 66, 'thisTrialN': 66, 'thisRepN': 0}>
199.9963 	EXP 	LDT_fix_text: autoDraw = False
199.9963 	EXP 	LDT_stim_text: autoDraw = False
199.9963 	EXP 	LDT_break_text: autoDraw = False
199.9963 	EXP 	LDT_stim_text: height = np.float64(0.1)
199.9963 	EXP 	LDT_stim_text: height = np.float64(0.1)
199.9963 	EXP 	LDT_stim_text: height = np.float64(0.1)
199.9963 	EXP 	LDT_stim_text: text = 'brone'
199.9963 	EXP 	LDT_fix_text: autoDraw = True
199.9970 	DATA 	Keypress: a
200.0467 	EXP 	Device response: <KeyPress from None: t=199.9812844999833, value=a, duration=0.05737240001326427>
200.4801 	EXP 	LDT_stim_text: autoDraw = True
200.4885 	EXP 	LDT_fix_text: autoDraw = False
203.3417 	EXP 	Device response: <KeyPress from None: t=203.34087459999137, value=a, duration=None>
203.3421 	EXP 	New trial (rep=0, index=67): <Trial 67 (67 in rep 0) data={'Task': 'LDT', 'TrialType': 'Target', 'Stimuli': 'ugly', 'StimulusType': 'word', 'CorrectResponse': 'l', 'Trialnumb': 78, 'thisN': 67, 'thisTrialN': 67, 'thisRepN': 0}>
203.3497 	EXP 	LDT_fix_text: autoDraw = False
203.3497 	EXP 	LDT_stim_text: autoDraw = False
203.3497 	EXP 	LDT_break_text: autoDraw = False
203.3497 	EXP 	LDT_stim_text: height = np.float64(0.1)
203.3497 	EXP 	LDT_stim_text: height = np.float64(0.1)
203.3497 	EXP 	LDT_stim_text: height = np.float64(0.1)
203.3497 	EXP 	LDT_stim_text: text = 'ugly'
203.3497 	EXP 	LDT_fix_text: autoDraw = True
203.3505 	DATA 	Keypress: a
203.4000 	EXP 	Device response: <KeyPress from None: t=203.34087459999137, value=a, duration=0.0567783999722451>
203.8336 	EXP 	LDT_stim_text: autoDraw = True
203.8418 	EXP 	LDT_fix_text: autoDraw = False
204.5010 	EXP 	Device response: <KeyPress from None: t=204.49370170000475, value=l, duration=None>
204.5012 	EXP 	New trial (rep=0, index=68): <Trial 68 (68 in rep 0) data={'Task': 'LDT', 'TrialType': 'Target', 'Stimuli': 'kild', 'StimulusType': 'nonword', 'CorrectResponse': 'a', 'Trialnumb': 165, 'thisN': 68, 'thisTrialN': 68, 'thisRepN': 0}>
204.5091 	EXP 	LDT_fix_text: autoDraw = False
204.5091 	EXP 	LDT_stim_text: autoDraw = False
204.5091 	EXP 	LDT_break_text: autoDraw = False
204.5091 	EXP 	LDT_stim_text: height = np.float64(0.1)
204.5091 	EXP 	LDT_stim_text: height = np.float64(0.1)
204.5091 	EXP 	LDT_stim_text: height = np.float64(0.1)
204.5091 	EXP 	LDT_stim_text: text = 'kild'
204.5091 	EXP 	LDT_fix_text: autoDraw = True
204.5096 	DATA 	Keypress: l
204.5594 	EXP 	Device response: <KeyPress from None: t=204.49370170000475, value=l, duration=0.06349390000104904>
204.9929 	EXP 	LDT_stim_text: autoDraw = True
205.0013 	EXP 	LDT_fix_text: autoDraw = False
205.9775 	EXP 	Device response: <KeyPress from None: t=205.97300509997876, value=a, duration=None>
205.9778 	EXP 	New trial (rep=0, index=69): <Trial 69 (69 in rep 0) data={'Task': 'LDT', 'TrialType': 'Target', 'Stimuli': 'rees', 'StimulusType': 'nonword', 'CorrectResponse': 'a', 'Trialnumb': 184, 'thisN': 69, 'thisTrialN': 69, 'thisRepN': 0}>
205.9856 	EXP 	LDT_fix_text: autoDraw = False
205.9856 	EXP 	LDT_stim_text: autoDraw = False
205.9856 	EXP 	LDT_break_text: autoDraw = False
205.9856 	EXP 	LDT_stim_text: height = np.float64(0.1)
205.9856 	EXP 	LDT_stim_text: height = np.float64(0.1)
205.9856 	EXP 	LDT_stim_text: height = np.float64(0.1)
205.9856 	EXP 	LDT_stim_text: text = 'rees'
205.9856 	EXP 	LDT_fix_text: autoDraw = True
205.9862 	DATA 	Keypress: a
206.0276 	EXP 	Device response: <KeyPress from None: t=205.97300509997876, value=a, duration=0.04803800000809133>
206.4694 	EXP 	LDT_stim_text: autoDraw = True
206.4777 	EXP 	LDT_fix_text: autoDraw = False
207.4124 	EXP 	Device response: <KeyPress from None: t=207.40574529999867, value=a, duration=None>
207.4126 	EXP 	New trial (rep=0, index=70): <Trial 70 (70 in rep 0) data={'Task': 'LDT', 'TrialType': 'Target', 'Stimuli': 'back', 'StimulusType': 'word', 'CorrectResponse': 'l', 'Trialnumb': 8, 'thisN': 70, 'thisTrialN': 70, 'thisRepN': 0}>
207.4204 	EXP 	LDT_fix_text: autoDraw = False
207.4204 	EXP 	LDT_stim_text: autoDraw = False
207.4204 	EXP 	LDT_break_text: autoDraw = False
207.4204 	EXP 	LDT_stim_text: height = np.float64(0.1)
207.4204 	EXP 	LDT_stim_text: height = np.float64(0.1)
207.4204 	EXP 	LDT_stim_text: height = np.float64(0.1)
207.4204 	EXP 	LDT_stim_text: text = 'back'
207.4204 	EXP 	LDT_fix_text: autoDraw = True
207.4211 	DATA 	Keypress: a
207.4790 	EXP 	Device response: <KeyPress from None: t=207.40574529999867, value=a, duration=0.0718578000087291>
207.9042 	EXP 	LDT_stim_text: autoDraw = True
207.9126 	EXP 	LDT_fix_text: autoDraw = False
208.5717 	EXP 	Device response: <KeyPress from None: t=208.56527389999246, value=l, duration=None>
208.5720 	EXP 	New trial (rep=0, index=71): <Trial 71 (71 in rep 0) data={'Task': 'LDT', 'TrialType': 'Target', 'Stimuli': 'sad', 'StimulusType': 'word', 'CorrectResponse': 'l', 'Trialnumb': 69, 'thisN': 71, 'thisTrialN': 71, 'thisRepN': 0}>
208.5799 	EXP 	LDT_fix_text: autoDraw = False
208.5799 	EXP 	LDT_stim_text: autoDraw = False
208.5799 	EXP 	LDT_break_text: autoDraw = False
208.5799 	EXP 	LDT_stim_text: height = np.float64(0.1)
208.5799 	EXP 	LDT_stim_text: height = np.float64(0.1)
208.5799 	EXP 	LDT_stim_text: height = np.float64(0.1)
208.5799 	EXP 	LDT_stim_text: text = 'sad'
208.5799 	EXP 	LDT_fix_text: autoDraw = True
208.5805 	DATA 	Keypress: l
208.6218 	EXP 	Device response: <KeyPress from None: t=208.56527389999246, value=l, duration=0.05599099997198209>
209.0636 	EXP 	LDT_stim_text: autoDraw = True
209.0720 	EXP 	LDT_fix_text: autoDraw = False
209.6312 	EXP 	Device response: <KeyPress from None: t=209.62958660000004, value=l, duration=None>
209.6314 	EXP 	New trial (rep=0, index=72): <Trial 72 (72 in rep 0) data={'Task': 'LDT', 'TrialType': 'Target', 'Stimuli': 'reach', 'StimulusType': 'word', 'CorrectResponse': 'l', 'Trialnumb': 72, 'thisN': 72, 'thisTrialN': 72, 'thisRepN': 0}>
209.6395 	EXP 	LDT_fix_text: autoDraw = False
209.6395 	EXP 	LDT_stim_text: autoDraw = False
209.6395 	EXP 	LDT_break_text: autoDraw = False
209.6395 	EXP 	LDT_stim_text: height = np.float64(0.1)
209.6395 	EXP 	LDT_stim_text: height = np.float64(0.1)
209.6395 	EXP 	LDT_stim_text: height = np.float64(0.1)
209.6395 	EXP 	LDT_stim_text: text = 'reach'
209.6395 	EXP 	LDT_fix_text: autoDraw = True
209.6400 	DATA 	Keypress: l
209.6811 	EXP 	Device response: <KeyPress from None: t=209.62958660000004, value=l, duration=0.048074499994982034>
210.1230 	EXP 	LDT_stim_text: autoDraw = True
210.1313 	EXP 	LDT_fix_text: autoDraw = False
210.8408 	EXP 	Device response: <KeyPress from None: t=210.8374936999753, value=l, duration=None>
210.8410 	EXP 	New trial (rep=0, index=73): <Trial 73 (73 in rep 0) data={'Task': 'LDT', 'TrialType': 'Target', 'Stimuli': 'beon', 'StimulusType': 'nonword', 'CorrectResponse': 'a', 'Trialnumb': 120, 'thisN': 73, 'thisTrialN': 73, 'thisRepN': 0}>
210.8488 	EXP 	LDT_fix_text: autoDraw = False
210.8488 	EXP 	LDT_stim_text: autoDraw = False
210.8488 	EXP 	LDT_break_text: autoDraw = False
210.8488 	EXP 	LDT_stim_text: height = np.float64(0.1)
210.8488 	EXP 	LDT_stim_text: height = np.float64(0.1)
210.8488 	EXP 	LDT_stim_text: height = np.float64(0.1)
210.8488 	EXP 	LDT_stim_text: text = 'beon'
210.8488 	EXP 	LDT_fix_text: autoDraw = True
210.8493 	DATA 	Keypress: l
210.8990 	EXP 	Device response: <KeyPress from None: t=210.8374936999753, value=l, duration=0.05622870003571734>
211.3326 	EXP 	LDT_stim_text: autoDraw = True
211.3409 	EXP 	LDT_fix_text: autoDraw = False
212.2338 	EXP 	Device response: <KeyPress from None: t=212.22931179997977, value=a, duration=None>
212.2340 	EXP 	New trial (rep=0, index=74): <Trial 74 (74 in rep 0) data={'Task': 'LDT', 'TrialType': 'Target', 'Stimuli': 'hide', 'StimulusType': 'word', 'CorrectResponse': 'l', 'Trialnumb': 68, 'thisN': 74, 'thisTrialN': 74, 'thisRepN': 0}>
212.2418 	EXP 	LDT_fix_text: autoDraw = False
212.2418 	EXP 	LDT_stim_text: autoDraw = False
212.2418 	EXP 	LDT_break_text: autoDraw = False
212.2418 	EXP 	LDT_stim_text: height = np.float64(0.1)
212.2418 	EXP 	LDT_stim_text: height = np.float64(0.1)
212.2418 	EXP 	LDT_stim_text: height = np.float64(0.1)
212.2418 	EXP 	LDT_stim_text: text = 'hide'
212.2418 	EXP 	LDT_fix_text: autoDraw = True
212.2424 	DATA 	Keypress: a
212.3172 	EXP 	Device response: <KeyPress from None: t=212.22931179997977, value=a, duration=0.08035250002285466>
212.7256 	EXP 	LDT_stim_text: autoDraw = True
212.7339 	EXP 	LDT_fix_text: autoDraw = False
213.4684 	EXP 	Device response: <KeyPress from None: t=213.46188269997947, value=l, duration=None>
213.4687 	EXP 	New trial (rep=0, index=75): <Trial 75 (75 in rep 0) data={'Task': 'LDT', 'TrialType': 'Target', 'Stimuli': 'still', 'StimulusType': 'word', 'CorrectResponse': 'l', 'Trialnumb': 14, 'thisN': 75, 'thisTrialN': 75, 'thisRepN': 0}>
213.4763 	EXP 	LDT_fix_text: autoDraw = False
213.4763 	EXP 	LDT_stim_text: autoDraw = False
213.4763 	EXP 	LDT_break_text: autoDraw = False
213.4763 	EXP 	LDT_stim_text: height = np.float64(0.1)
213.4763 	EXP 	LDT_stim_text: height = np.float64(0.1)
213.4763 	EXP 	LDT_stim_text: height = np.float64(0.1)
213.4763 	EXP 	LDT_stim_text: text = 'still'
213.4763 	EXP 	LDT_fix_text: autoDraw = True
213.4768 	DATA 	Keypress: l
213.5268 	EXP 	Device response: <KeyPress from None: t=213.46188269997947, value=l, duration=0.06366099999286234>
213.9602 	EXP 	LDT_stim_text: autoDraw = True
213.9686 	EXP 	LDT_fix_text: autoDraw = False
214.7279 	EXP 	Device response: <KeyPress from None: t=214.72512919997098, value=l, duration=None>
214.7281 	EXP 	New trial (rep=0, index=76): <Trial 76 (76 in rep 0) data={'Task': 'LDT', 'TrialType': 'Target', 'Stimuli': 'berm', 'StimulusType': 'nonword', 'CorrectResponse': 'a', 'Trialnumb': 121, 'thisN': 76, 'thisTrialN': 76, 'thisRepN': 0}>
214.7359 	EXP 	LDT_fix_text: autoDraw = False
214.7359 	EXP 	LDT_stim_text: autoDraw = False
214.7359 	EXP 	LDT_break_text: autoDraw = False
214.7359 	EXP 	LDT_stim_text: height = np.float64(0.1)
214.7359 	EXP 	LDT_stim_text: height = np.float64(0.1)
214.7359 	EXP 	LDT_stim_text: height = np.float64(0.1)
214.7359 	EXP 	LDT_stim_text: text = 'berm'
214.7359 	EXP 	LDT_fix_text: autoDraw = True
214.7365 	DATA 	Keypress: l
214.7947 	EXP 	Device response: <KeyPress from None: t=214.72512919997098, value=l, duration=0.0640638000331819>
215.2197 	EXP 	LDT_stim_text: autoDraw = True
215.2281 	EXP 	LDT_fix_text: autoDraw = False
216.0292 	EXP 	Device response: <KeyPress from None: t=216.0211720999796, value=a, duration=None>
216.0294 	EXP 	New trial (rep=0, index=77): <Trial 77 (77 in rep 0) data={'Task': 'LDT', 'TrialType': 'Target', 'Stimuli': 'neep', 'StimulusType': 'nonword', 'CorrectResponse': 'a', 'Trialnumb': 176, 'thisN': 77, 'thisTrialN': 77, 'thisRepN': 0}>
216.0372 	EXP 	LDT_fix_text: autoDraw = False
216.0372 	EXP 	LDT_stim_text: autoDraw = False
216.0372 	EXP 	LDT_break_text: autoDraw = False
216.0372 	EXP 	LDT_stim_text: height = np.float64(0.1)
216.0372 	EXP 	LDT_stim_text: height = np.float64(0.1)
216.0372 	EXP 	LDT_stim_text: height = np.float64(0.1)
216.0372 	EXP 	LDT_stim_text: text = 'neep'
216.0372 	EXP 	LDT_fix_text: autoDraw = True
216.0378 	DATA 	Keypress: a
216.1127 	EXP 	Device response: <KeyPress from None: t=216.0211720999796, value=a, duration=0.08840980002423748>
216.5211 	EXP 	LDT_stim_text: autoDraw = True
216.5294 	EXP 	LDT_fix_text: autoDraw = False
217.3221 	EXP 	Device response: <KeyPress from None: t=217.31767779996153, value=a, duration=None>
217.3224 	EXP 	New trial (rep=0, index=78): <Trial 78 (78 in rep 0) data={'Task': 'LDT', 'TrialType': 'Target', 'Stimuli': 'price', 'StimulusType': 'word', 'CorrectResponse': 'l', 'Trialnumb': 52, 'thisN': 78, 'thisTrialN': 78, 'thisRepN': 0}>
217.3302 	EXP 	LDT_fix_text: autoDraw = False
217.3302 	EXP 	LDT_stim_text: autoDraw = False
217.3302 	EXP 	LDT_break_text: autoDraw = False
217.3302 	EXP 	LDT_stim_text: height = np.float64(0.1)
217.3302 	EXP 	LDT_stim_text: height = np.float64(0.1)
217.3302 	EXP 	LDT_stim_text: height = np.float64(0.1)
217.3302 	EXP 	LDT_stim_text: text = 'price'
217.3302 	EXP 	LDT_fix_text: autoDraw = True
217.3307 	DATA 	Keypress: a
217.3972 	EXP 	Device response: <KeyPress from None: t=217.31767779996153, value=a, duration=0.07207240001298487>
217.8140 	EXP 	LDT_stim_text: autoDraw = True
217.8223 	EXP 	LDT_fix_text: autoDraw = False
218.5401 	EXP 	Device response: <KeyPress from None: t=218.53466899995692, value=l, duration=None>
218.5403 	EXP 	New trial (rep=0, index=79): <Trial 79 (79 in rep 0) data={'Task': 'LDT', 'TrialType': 'Target', 'Stimuli': 'cean', 'StimulusType': 'nonword', 'CorrectResponse': 'a', 'Trialnumb': 126, 'thisN': 79, 'thisTrialN': 79, 'thisRepN': 0}>
218.5481 	EXP 	LDT_fix_text: autoDraw = False
218.5481 	EXP 	LDT_stim_text: autoDraw = False
218.5481 	EXP 	LDT_break_text: autoDraw = False
218.5481 	EXP 	LDT_stim_text: height = np.float64(0.1)
218.5481 	EXP 	LDT_stim_text: height = np.float64(0.1)
218.5481 	EXP 	LDT_stim_text: height = np.float64(0.1)
218.5481 	EXP 	LDT_stim_text: text = 'cean'
218.5481 	EXP 	LDT_fix_text: autoDraw = True
218.5487 	DATA 	Keypress: l
218.5984 	EXP 	Device response: <KeyPress from None: t=218.53466899995692, value=l, duration=0.062136300024576485>
219.0319 	EXP 	LDT_stim_text: autoDraw = True
219.0402 	EXP 	LDT_fix_text: autoDraw = False
219.8330 	EXP 	Device response: <KeyPress from None: t=219.82953419996193, value=a, duration=None>
219.8332 	EXP 	New trial (rep=0, index=80): <Trial 80 (80 in rep 0) data={'Task': 'LDT', 'TrialType': 'Target', 'Stimuli': 'crap', 'StimulusType': 'word', 'CorrectResponse': 'l', 'Trialnumb': 70, 'thisN': 80, 'thisTrialN': 80, 'thisRepN': 0}>
219.8410 	EXP 	LDT_fix_text: autoDraw = False
219.8410 	EXP 	LDT_stim_text: autoDraw = False
219.8410 	EXP 	LDT_break_text: autoDraw = False
219.8410 	EXP 	LDT_stim_text: height = np.float64(0.1)
219.8410 	EXP 	LDT_stim_text: height = np.float64(0.1)
219.8410 	EXP 	LDT_stim_text: height = np.float64(0.1)
219.8410 	EXP 	LDT_stim_text: text = 'crap'
219.8410 	EXP 	LDT_fix_text: autoDraw = True
219.8415 	DATA 	Keypress: a
219.8997 	EXP 	Device response: <KeyPress from None: t=219.82953419996193, value=a, duration=0.06405950000043958>
220.3248 	EXP 	LDT_stim_text: autoDraw = True
220.3332 	EXP 	LDT_fix_text: autoDraw = False
221.3595 	EXP 	Device response: <KeyPress from None: t=221.35728699999163, value=l, duration=None>
221.3597 	EXP 	New trial (rep=0, index=81): <Trial 81 (81 in rep 0) data={'Task': 'LDT', 'TrialType': 'Target', 'Stimuli': 'ran', 'StimulusType': 'word', 'CorrectResponse': 'l', 'Trialnumb': 66, 'thisN': 81, 'thisTrialN': 81, 'thisRepN': 0}>
221.3677 	EXP 	LDT_fix_text: autoDraw = False
221.3677 	EXP 	LDT_stim_text: autoDraw = False
221.3677 	EXP 	LDT_break_text: autoDraw = False
221.3677 	EXP 	LDT_stim_text: height = np.float64(0.1)
221.3677 	EXP 	LDT_stim_text: height = np.float64(0.1)
221.3677 	EXP 	LDT_stim_text: height = np.float64(0.1)
221.3677 	EXP 	LDT_stim_text: text = 'ran'
221.3677 	EXP 	LDT_fix_text: autoDraw = True
221.3682 	DATA 	Keypress: l
221.4095 	EXP 	Device response: <KeyPress from None: t=221.35728699999163, value=l, duration=0.04822310002055019>
221.8513 	EXP 	LDT_stim_text: autoDraw = True
221.8597 	EXP 	LDT_fix_text: autoDraw = False
222.4523 	EXP 	Device response: <KeyPress from None: t=222.44512300001225, value=l, duration=None>
222.4525 	EXP 	New trial (rep=0, index=82): <Trial 82 (82 in rep 0) data={'Task': 'LDT', 'TrialType': 'Target', 'Stimuli': 'area', 'StimulusType': 'word', 'CorrectResponse': 'l', 'Trialnumb': 49, 'thisN': 82, 'thisTrialN': 82, 'thisRepN': 0}>
222.4603 	EXP 	LDT_fix_text: autoDraw = False
222.4603 	EXP 	LDT_stim_text: autoDraw = False
222.4603 	EXP 	LDT_break_text: autoDraw = False
222.4603 	EXP 	LDT_stim_text: height = np.float64(0.1)
222.4603 	EXP 	LDT_stim_text: height = np.float64(0.1)
222.4603 	EXP 	LDT_stim_text: height = np.float64(0.1)
222.4603 	EXP 	LDT_stim_text: text = 'area'
222.4603 	EXP 	LDT_fix_text: autoDraw = True
222.4608 	DATA 	Keypress: l
222.5107 	EXP 	Device response: <KeyPress from None: t=222.44512300001225, value=l, duration=0.06376209994778037>
222.9441 	EXP 	LDT_stim_text: autoDraw = True
222.9525 	EXP 	LDT_fix_text: autoDraw = False
223.5201 	EXP 	Device response: <KeyPress from None: t=223.51689470000565, value=l, duration=None>
223.5203 	EXP 	New trial (rep=0, index=83): <Trial 83 (83 in rep 0) data={'Task': 'LDT', 'TrialType': 'Target', 'Stimuli': 'zeer', 'StimulusType': 'nonword', 'CorrectResponse': 'a', 'Trialnumb': 222, 'thisN': 83, 'thisTrialN': 83, 'thisRepN': 0}>
223.5280 	EXP 	LDT_fix_text: autoDraw = False
223.5280 	EXP 	LDT_stim_text: autoDraw = False
223.5280 	EXP 	LDT_break_text: autoDraw = False
223.5280 	EXP 	LDT_stim_text: height = np.float64(0.1)
223.5280 	EXP 	LDT_stim_text: height = np.float64(0.1)
223.5280 	EXP 	LDT_stim_text: height = np.float64(0.1)
223.5280 	EXP 	LDT_stim_text: text = 'zeer'
223.5280 	EXP 	LDT_fix_text: autoDraw = True
223.5286 	DATA 	Keypress: l
223.5700 	EXP 	Device response: <KeyPress from None: t=223.51689470000565, value=l, duration=0.049594599986448884>
224.0118 	EXP 	LDT_stim_text: autoDraw = True
224.0202 	EXP 	LDT_fix_text: autoDraw = False
225.0465 	EXP 	Device response: <KeyPress from None: t=225.04491339996457, value=a, duration=None>
225.0468 	EXP 	New trial (rep=0, index=84): <Trial 84 (84 in rep 0) data={'Task': 'LDT', 'TrialType': 'Target', 'Stimuli': 'spin', 'StimulusType': 'word', 'CorrectResponse': 'l', 'Trialnumb': 107, 'thisN': 84, 'thisTrialN': 84, 'thisRepN': 0}>
225.0546 	EXP 	LDT_fix_text: autoDraw = False
225.0546 	EXP 	LDT_stim_text: autoDraw = False
225.0546 	EXP 	LDT_break_text: autoDraw = False
225.0546 	EXP 	LDT_stim_text: height = np.float64(0.1)
225.0546 	EXP 	LDT_stim_text: height = np.float64(0.1)
225.0546 	EXP 	LDT_stim_text: height = np.float64(0.1)
225.0546 	EXP 	LDT_stim_text: text = 'spin'
225.0546 	EXP 	LDT_fix_text: autoDraw = True
225.0551 	DATA 	Keypress: a
225.1048 	EXP 	Device response: <KeyPress from None: t=225.04491339996457, value=a, duration=0.0566866000299342>
225.5384 	EXP 	LDT_stim_text: autoDraw = True
225.5467 	EXP 	LDT_fix_text: autoDraw = False
226.4812 	EXP 	Device response: <KeyPress from None: t=226.4775678999722, value=l, duration=None>
226.4815 	EXP 	New trial (rep=0, index=85): <Trial 85 (85 in rep 0) data={'Task': 'LDT', 'TrialType': 'Target', 'Stimuli': 'pulk', 'StimulusType': 'nonword', 'CorrectResponse': 'a', 'Trialnumb': 183, 'thisN': 85, 'thisTrialN': 85, 'thisRepN': 0}>
226.4893 	EXP 	LDT_fix_text: autoDraw = False
226.4893 	EXP 	LDT_stim_text: autoDraw = False
226.4893 	EXP 	LDT_break_text: autoDraw = False
226.4893 	EXP 	LDT_stim_text: height = np.float64(0.1)
226.4893 	EXP 	LDT_stim_text: height = np.float64(0.1)
226.4893 	EXP 	LDT_stim_text: height = np.float64(0.1)
226.4893 	EXP 	LDT_stim_text: text = 'pulk'
226.4893 	EXP 	LDT_fix_text: autoDraw = True
226.4899 	DATA 	Keypress: l
226.5314 	EXP 	Device response: <KeyPress from None: t=226.4775678999722, value=l, duration=0.047283300023991615>
226.9731 	EXP 	LDT_stim_text: autoDraw = True
226.9814 	EXP 	LDT_fix_text: autoDraw = False
228.1914 	EXP 	Device response: <KeyPress from None: t=228.18987760000164, value=a, duration=None>
228.1916 	EXP 	New trial (rep=0, index=86): <Trial 86 (86 in rep 0) data={'Task': 'LDT', 'TrialType': 'Target', 'Stimuli': 'raise', 'StimulusType': 'word', 'CorrectResponse': 'l', 'Trialnumb': 73, 'thisN': 86, 'thisTrialN': 86, 'thisRepN': 0}>
228.1994 	EXP 	LDT_fix_text: autoDraw = False
228.1994 	EXP 	LDT_stim_text: autoDraw = False
228.1994 	EXP 	LDT_break_text: autoDraw = False
228.1994 	EXP 	LDT_stim_text: height = np.float64(0.1)
228.1994 	EXP 	LDT_stim_text: height = np.float64(0.1)
228.1994 	EXP 	LDT_stim_text: height = np.float64(0.1)
228.1994 	EXP 	LDT_stim_text: text = 'raise'
228.1994 	EXP 	LDT_fix_text: autoDraw = True
228.2000 	DATA 	Keypress: a
228.2580 	EXP 	Device response: <KeyPress from None: t=228.18987760000164, value=a, duration=0.06298940000124276>
228.6832 	EXP 	LDT_stim_text: autoDraw = True
228.6915 	EXP 	LDT_fix_text: autoDraw = False
229.6594 	EXP 	Device response: <KeyPress from None: t=229.65286390000256, value=l, duration=None>
229.6597 	EXP 	New trial (rep=0, index=87): <Trial 87 (87 in rep 0) data={'Task': 'LDT', 'TrialType': 'Target', 'Stimuli': 'stad', 'StimulusType': 'nonword', 'CorrectResponse': 'a', 'Trialnumb': 116, 'thisN': 87, 'thisTrialN': 87, 'thisRepN': 0}>
229.6674 	EXP 	LDT_fix_text: autoDraw = False
229.6674 	EXP 	LDT_stim_text: autoDraw = False
229.6674 	EXP 	LDT_break_text: autoDraw = False
229.6674 	EXP 	LDT_stim_text: height = np.float64(0.1)
229.6674 	EXP 	LDT_stim_text: height = np.float64(0.1)
229.6674 	EXP 	LDT_stim_text: height = np.float64(0.1)
229.6674 	EXP 	LDT_stim_text: text = 'stad'
229.6674 	EXP 	LDT_fix_text: autoDraw = True
229.6680 	DATA 	Keypress: l
229.7011 	EXP 	Device response: <KeyPress from None: t=229.65286390000256, value=l, duration=0.040986199979670346>
230.1513 	EXP 	LDT_stim_text: autoDraw = True
230.1596 	EXP 	LDT_fix_text: autoDraw = False
230.9106 	EXP 	Device response: <KeyPress from None: t=230.90911569999298, value=a, duration=None>
230.9109 	EXP 	New trial (rep=0, index=88): <Trial 88 (88 in rep 0) data={'Task': 'LDT', 'TrialType': 'Target', 'Stimuli': 'fump', 'StimulusType': 'nonword', 'CorrectResponse': 'a', 'Trialnumb': 143, 'thisN': 88, 'thisTrialN': 88, 'thisRepN': 0}>
230.9188 	EXP 	LDT_fix_text: autoDraw = False
230.9188 	EXP 	LDT_stim_text: autoDraw = False
230.9188 	EXP 	LDT_break_text: autoDraw = False
230.9188 	EXP 	LDT_stim_text: height = np.float64(0.1)
230.9188 	EXP 	LDT_stim_text: height = np.float64(0.1)
230.9188 	EXP 	LDT_stim_text: height = np.float64(0.1)
230.9188 	EXP 	LDT_stim_text: text = 'fump'
230.9188 	EXP 	LDT_fix_text: autoDraw = True
230.9194 	DATA 	Keypress: a
230.9773 	EXP 	Device response: <KeyPress from None: t=230.90911569999298, value=a, duration=0.06470859999535605>
231.4025 	EXP 	LDT_stim_text: autoDraw = True
231.4109 	EXP 	LDT_fix_text: autoDraw = False
232.1786 	EXP 	Device response: <KeyPress from None: t=232.17300529999193, value=a, duration=None>
232.1789 	EXP 	New trial (rep=0, index=89): <Trial 89 (89 in rep 0) data={'Task': 'LDT', 'TrialType': 'Target', 'Stimuli': 'herl', 'StimulusType': 'nonword', 'CorrectResponse': 'a', 'Trialnumb': 152, 'thisN': 89, 'thisTrialN': 89, 'thisRepN': 0}>
232.1866 	EXP 	LDT_fix_text: autoDraw = False
232.1866 	EXP 	LDT_stim_text: autoDraw = False
232.1866 	EXP 	LDT_break_text: autoDraw = False
232.1866 	EXP 	LDT_stim_text: height = np.float64(0.1)
232.1866 	EXP 	LDT_stim_text: height = np.float64(0.1)
232.1866 	EXP 	LDT_stim_text: height = np.float64(0.1)
232.1866 	EXP 	LDT_stim_text: text = 'herl'
232.1866 	EXP 	LDT_fix_text: autoDraw = True
232.1872 	DATA 	Keypress: a
232.2538 	EXP 	Device response: <KeyPress from None: t=232.17300529999193, value=a, duration=0.08031609997851774>
232.6704 	EXP 	LDT_stim_text: autoDraw = True
232.6789 	EXP 	LDT_fix_text: autoDraw = False
233.6719 	EXP 	Device response: <KeyPress from None: t=233.66968369996175, value=a, duration=None>
233.6721 	EXP 	New trial (rep=0, index=90): <Trial 90 (90 in rep 0) data={'Task': 'LDT', 'TrialType': 'Target', 'Stimuli': 'sharp', 'StimulusType': 'word', 'CorrectResponse': 'l', 'Trialnumb': 94, 'thisN': 90, 'thisTrialN': 90, 'thisRepN': 0}>
233.6798 	EXP 	LDT_fix_text: autoDraw = False
233.6798 	EXP 	LDT_stim_text: autoDraw = False
233.6798 	EXP 	LDT_break_text: autoDraw = False
233.6798 	EXP 	LDT_stim_text: height = np.float64(0.1)
233.6798 	EXP 	LDT_stim_text: height = np.float64(0.1)
233.6798 	EXP 	LDT_stim_text: height = np.float64(0.1)
233.6798 	EXP 	LDT_stim_text: text = 'sharp'
233.6798 	EXP 	LDT_fix_text: autoDraw = True
233.6804 	DATA 	Keypress: a
233.7468 	EXP 	Device response: <KeyPress from None: t=233.66968369996175, value=a, duration=0.07190420001279563>
234.1636 	EXP 	LDT_stim_text: autoDraw = True
234.1719 	EXP 	LDT_fix_text: autoDraw = False
235.4068 	EXP 	Device response: <KeyPress from None: t=235.40629309997894, value=l, duration=None>
235.4070 	EXP 	New trial (rep=0, index=91): <Trial 91 (91 in rep 0) data={'Task': 'LDT', 'TrialType': 'Target', 'Stimuli': 'mina', 'StimulusType': 'nonword', 'CorrectResponse': 'a', 'Trialnumb': 173, 'thisN': 91, 'thisTrialN': 91, 'thisRepN': 0}>
235.4149 	EXP 	LDT_fix_text: autoDraw = False
235.4149 	EXP 	LDT_stim_text: autoDraw = False
235.4149 	EXP 	LDT_break_text: autoDraw = False
235.4149 	EXP 	LDT_stim_text: height = np.float64(0.1)
235.4149 	EXP 	LDT_stim_text: height = np.float64(0.1)
235.4149 	EXP 	LDT_stim_text: height = np.float64(0.1)
235.4149 	EXP 	LDT_stim_text: text = 'mina'
235.4149 	EXP 	LDT_fix_text: autoDraw = True
235.4155 	DATA 	Keypress: l
235.4651 	EXP 	Device response: <KeyPress from None: t=235.40629309997894, value=l, duration=0.055068899993784726>
235.8987 	EXP 	LDT_stim_text: autoDraw = True
235.9070 	EXP 	LDT_fix_text: autoDraw = False
237.3754 	EXP 	Device response: <KeyPress from None: t=237.37339009996504, value=a, duration=None>
237.3757 	EXP 	New trial (rep=0, index=92): <Trial 92 (92 in rep 0) data={'Task': 'LDT', 'TrialType': 'Target', 'Stimuli': 'down', 'StimulusType': 'word', 'CorrectResponse': 'l', 'Trialnumb': 9, 'thisN': 92, 'thisTrialN': 92, 'thisRepN': 0}>
237.3835 	EXP 	LDT_fix_text: autoDraw = False
237.3835 	EXP 	LDT_stim_text: autoDraw = False
237.3835 	EXP 	LDT_break_text: autoDraw = False
237.3835 	EXP 	LDT_stim_text: height = np.float64(0.1)
237.3835 	EXP 	LDT_stim_text: height = np.float64(0.1)
237.3835 	EXP 	LDT_stim_text: height = np.float64(0.1)
237.3835 	EXP 	LDT_stim_text: text = 'down'
237.3835 	EXP 	LDT_fix_text: autoDraw = True
237.3841 	DATA 	Keypress: a
237.4505 	EXP 	Device response: <KeyPress from None: t=237.37339009996504, value=a, duration=0.07156100001884624>
237.8673 	EXP 	LDT_stim_text: autoDraw = True
237.8756 	EXP 	LDT_fix_text: autoDraw = False
238.5433 	EXP 	Device response: <KeyPress from None: t=238.54178599995794, value=l, duration=None>
238.5435 	EXP 	New trial (rep=0, index=93): <Trial 93 (93 in rep 0) data={'Task': 'LDT', 'TrialType': 'Target', 'Stimuli': 'junk', 'StimulusType': 'word', 'CorrectResponse': 'l', 'Trialnumb': 105, 'thisN': 93, 'thisTrialN': 93, 'thisRepN': 0}>
238.5513 	EXP 	LDT_fix_text: autoDraw = False
238.5513 	EXP 	LDT_stim_text: autoDraw = False
238.5513 	EXP 	LDT_break_text: autoDraw = False
238.5513 	EXP 	LDT_stim_text: height = np.float64(0.1)
238.5513 	EXP 	LDT_stim_text: height = np.float64(0.1)
238.5513 	EXP 	LDT_stim_text: height = np.float64(0.1)
238.5513 	EXP 	LDT_stim_text: text = 'junk'
238.5513 	EXP 	LDT_fix_text: autoDraw = True
238.5518 	DATA 	Keypress: l
238.6016 	EXP 	Device response: <KeyPress from None: t=238.54178599995794, value=l, duration=0.05546210001921281>
239.0351 	EXP 	LDT_stim_text: autoDraw = True
239.0434 	EXP 	LDT_fix_text: autoDraw = False
239.6694 	EXP 	Device response: <KeyPress from None: t=239.66881699999794, value=l, duration=None>
239.6697 	EXP 	New trial (rep=0, index=94): <Trial 94 (94 in rep 0) data={'Task': 'LDT', 'TrialType': 'Target', 'Stimuli': 'sound', 'StimulusType': 'word', 'CorrectResponse': 'l', 'Trialnumb': 40, 'thisN': 94, 'thisTrialN': 94, 'thisRepN': 0}>
239.6774 	EXP 	LDT_fix_text: autoDraw = False
239.6774 	EXP 	LDT_stim_text: autoDraw = False
239.6774 	EXP 	LDT_break_text: autoDraw = False
239.6774 	EXP 	LDT_stim_text: height = np.float64(0.1)
239.6774 	EXP 	LDT_stim_text: height = np.float64(0.1)
239.6774 	EXP 	LDT_stim_text: height = np.float64(0.1)
239.6774 	EXP 	LDT_stim_text: text = 'sound'
239.6774 	EXP 	LDT_fix_text: autoDraw = True
239.6780 	DATA 	Keypress: l
239.7194 	EXP 	Device response: <KeyPress from None: t=239.66881699999794, value=l, duration=0.04835469997487962>
240.1612 	EXP 	LDT_stim_text: autoDraw = True
240.1696 	EXP 	LDT_fix_text: autoDraw = False
240.6787 	EXP 	Device response: <KeyPress from None: t=240.67770929995459, value=l, duration=None>
240.6789 	EXP 	New trial (rep=0, index=95): <Trial 95 (95 in rep 0) data={'Task': 'LDT', 'TrialType': 'Target', 'Stimuli': 'ate', 'StimulusType': 'word', 'CorrectResponse': 'l', 'Trialnumb': 85, 'thisN': 95, 'thisTrialN': 95, 'thisRepN': 0}>
240.6868 	EXP 	LDT_fix_text: autoDraw = False
240.6868 	EXP 	LDT_stim_text: autoDraw = False
240.6868 	EXP 	LDT_break_text: autoDraw = False
240.6868 	EXP 	LDT_stim_text: height = np.float64(0.1)
240.6868 	EXP 	LDT_stim_text: height = np.float64(0.1)
240.6868 	EXP 	LDT_stim_text: height = np.float64(0.1)
240.6868 	EXP 	LDT_stim_text: text = 'ate'
240.6868 	EXP 	LDT_fix_text: autoDraw = True
240.6873 	DATA 	Keypress: l
240.7371 	EXP 	Device response: <KeyPress from None: t=240.67770929995459, value=l, duration=0.055624600034207106>
241.1706 	EXP 	LDT_stim_text: autoDraw = True
241.1789 	EXP 	LDT_fix_text: autoDraw = False
242.1136 	EXP 	Device response: <KeyPress from None: t=242.1097283999552, value=l, duration=None>
242.1138 	EXP 	New trial (rep=0, index=96): <Trial 96 (96 in rep 0) data={'Task': 'LDT', 'TrialType': 'Target', 'Stimuli': 'chat', 'StimulusType': 'word', 'CorrectResponse': 'l', 'Trialnumb': 103, 'thisN': 96, 'thisTrialN': 96, 'thisRepN': 0}>
242.1216 	EXP 	LDT_fix_text: autoDraw = False
242.1216 	EXP 	LDT_stim_text: autoDraw = False
242.1216 	EXP 	LDT_break_text: autoDraw = False
242.1216 	EXP 	LDT_stim_text: height = np.float64(0.1)
242.1216 	EXP 	LDT_stim_text: height = np.float64(0.1)
242.1216 	EXP 	LDT_stim_text: height = np.float64(0.1)
242.1216 	EXP 	LDT_stim_text: text = 'chat'
242.1216 	EXP 	LDT_fix_text: autoDraw = True
242.1221 	DATA 	Keypress: l
242.1635 	EXP 	Device response: <KeyPress from None: t=242.1097283999552, value=l, duration=0.04886010003974661>
242.6053 	EXP 	LDT_stim_text: autoDraw = True
242.6137 	EXP 	LDT_fix_text: autoDraw = False
243.0978 	EXP 	Device response: <KeyPress from None: t=243.09321859997, value=l, duration=None>
243.0980 	EXP 	New trial (rep=0, index=97): <Trial 97 (97 in rep 0) data={'Task': 'LDT', 'TrialType': 'Target', 'Stimuli': 'biss', 'StimulusType': 'nonword', 'CorrectResponse': 'a', 'Trialnumb': 123, 'thisN': 97, 'thisTrialN': 97, 'thisRepN': 0}>
243.1058 	EXP 	LDT_fix_text: autoDraw = False
243.1058 	EXP 	LDT_stim_text: autoDraw = False
243.1058 	EXP 	LDT_break_text: autoDraw = False
243.1058 	EXP 	LDT_stim_text: height = np.float64(0.1)
243.1058 	EXP 	LDT_stim_text: height = np.float64(0.1)
243.1058 	EXP 	LDT_stim_text: height = np.float64(0.1)
243.1058 	EXP 	LDT_stim_text: text = 'biss'
243.1058 	EXP 	LDT_fix_text: autoDraw = True
243.1064 	DATA 	Keypress: l
243.1479 	EXP 	Device response: <KeyPress from None: t=243.09321859997, value=l, duration=0.047708600002806634>
243.5896 	EXP 	LDT_stim_text: autoDraw = True
243.5979 	EXP 	LDT_fix_text: autoDraw = False
244.2656 	EXP 	Device response: <KeyPress from None: t=244.26095099997474, value=a, duration=None>
244.2659 	EXP 	New trial (rep=0, index=98): <Trial 98 (98 in rep 0) data={'Task': 'LDT', 'TrialType': 'Target', 'Stimuli': 'hage', 'StimulusType': 'nonword', 'CorrectResponse': 'a', 'Trialnumb': 149, 'thisN': 98, 'thisTrialN': 98, 'thisRepN': 0}>
244.2738 	EXP 	LDT_fix_text: autoDraw = False
244.2738 	EXP 	LDT_stim_text: autoDraw = False
244.2738 	EXP 	LDT_break_text: autoDraw = False
244.2738 	EXP 	LDT_stim_text: height = np.float64(0.1)
244.2738 	EXP 	LDT_stim_text: height = np.float64(0.1)
244.2738 	EXP 	LDT_stim_text: height = np.float64(0.1)
244.2738 	EXP 	LDT_stim_text: text = 'hage'
244.2738 	EXP 	LDT_fix_text: autoDraw = True
244.2743 	DATA 	Keypress: a
244.3406 	EXP 	Device response: <KeyPress from None: t=244.26095099997474, value=a, duration=0.07238670001970604>
244.7575 	EXP 	LDT_stim_text: autoDraw = True
244.7658 	EXP 	LDT_fix_text: autoDraw = False
248.2447 	EXP 	Device response: <KeyPress from None: t=248.23737789998995, value=l, duration=None>
248.2449 	EXP 	New trial (rep=0, index=99): <Trial 99 (99 in rep 0) data={'Task': 'LDT', 'TrialType': 'Target', 'Stimuli': 'gord', 'StimulusType': 'nonword', 'CorrectResponse': 'a', 'Trialnumb': 148, 'thisN': 99, 'thisTrialN': 99, 'thisRepN': 0}>
248.2526 	EXP 	LDT_fix_text: autoDraw = False
248.2526 	EXP 	LDT_stim_text: autoDraw = False
248.2526 	EXP 	LDT_break_text: autoDraw = False
248.2526 	EXP 	LDT_stim_text: height = np.float64(0.1)
248.2526 	EXP 	LDT_stim_text: height = np.float64(0.1)
248.2526 	EXP 	LDT_stim_text: height = np.float64(0.1)
248.2526 	EXP 	LDT_stim_text: text = 'gord'
248.2526 	EXP 	LDT_fix_text: autoDraw = True
248.2533 	DATA 	Keypress: l
248.2864 	EXP 	Device response: <KeyPress from None: t=248.23737789998995, value=l, duration=0.0474456999800168>
248.7364 	EXP 	LDT_stim_text: autoDraw = True
248.7448 	EXP 	LDT_fix_text: autoDraw = False
250.7555 	EXP 	Device response: <KeyPress from None: t=250.74966629996197, value=a, duration=None>
250.7557 	EXP 	New trial (rep=0, index=100): <Trial 100 (100 in rep 0) data={'Task': 'LDT', 'TrialType': 'Target', 'Stimuli': 'food', 'StimulusType': 'word', 'CorrectResponse': 'l', 'Trialnumb': 5, 'thisN': 100, 'thisTrialN': 100, 'thisRepN': 0}>
250.7634 	EXP 	LDT_fix_text: autoDraw = False
250.7634 	EXP 	LDT_stim_text: autoDraw = False
250.7634 	EXP 	LDT_break_text: autoDraw = False
250.7634 	EXP 	LDT_stim_text: height = np.float64(0.1)
250.7634 	EXP 	LDT_stim_text: height = np.float64(0.1)
250.7634 	EXP 	LDT_stim_text: height = np.float64(0.1)
250.7634 	EXP 	LDT_stim_text: text = 'food'
250.7634 	EXP 	LDT_fix_text: autoDraw = True
250.7639 	DATA 	Keypress: a
250.8472 	EXP 	Device response: <KeyPress from None: t=250.74966629996197, value=a, duration=0.09516419999999925>
251.2472 	EXP 	LDT_stim_text: autoDraw = True
251.2556 	EXP 	LDT_fix_text: autoDraw = False
251.8733 	EXP 	Device response: <KeyPress from None: t=251.86894019995816, value=l, duration=None>
251.8736 	EXP 	New trial (rep=0, index=101): <Trial 101 (101 in rep 0) data={'Task': 'LDT', 'TrialType': 'Target', 'Stimuli': 'sife', 'StimulusType': 'nonword', 'CorrectResponse': 'a', 'Trialnumb': 192, 'thisN': 101, 'thisTrialN': 101, 'thisRepN': 0}>
251.8812 	EXP 	LDT_fix_text: autoDraw = False
251.8812 	EXP 	LDT_stim_text: autoDraw = False
251.8812 	EXP 	LDT_break_text: autoDraw = False
251.8812 	EXP 	LDT_stim_text: height = np.float64(0.1)
251.8812 	EXP 	LDT_stim_text: height = np.float64(0.1)
251.8812 	EXP 	LDT_stim_text: height = np.float64(0.1)
251.8812 	EXP 	LDT_stim_text: text = 'sife'
251.8812 	EXP 	LDT_fix_text: autoDraw = True
251.8818 	DATA 	Keypress: l
251.9316 	EXP 	Device response: <KeyPress from None: t=251.86894019995816, value=l, duration=0.05760170001303777>
252.3650 	EXP 	LDT_stim_text: autoDraw = True
252.3734 	EXP 	LDT_fix_text: autoDraw = False
253.0830 	EXP 	Device response: <KeyPress from None: t=253.07838779996382, value=a, duration=None>
253.0833 	EXP 	New trial (rep=0, index=102): <Trial 102 (102 in rep 0) data={'Task': 'LDT', 'TrialType': 'Target', 'Stimuli': 'ient', 'StimulusType': 'nonword', 'CorrectResponse': 'a', 'Trialnumb': 157, 'thisN': 102, 'thisTrialN': 102, 'thisRepN': 0}>
253.0907 	EXP 	LDT_fix_text: autoDraw = False
253.0907 	EXP 	LDT_stim_text: autoDraw = False
253.0907 	EXP 	LDT_break_text: autoDraw = False
253.0907 	EXP 	LDT_stim_text: height = np.float64(0.1)
253.0907 	EXP 	LDT_stim_text: height = np.float64(0.1)
253.0907 	EXP 	LDT_stim_text: height = np.float64(0.1)
253.0907 	EXP 	LDT_stim_text: text = 'ient'
253.0907 	EXP 	LDT_fix_text: autoDraw = True
253.0915 	DATA 	Keypress: a
253.1247 	EXP 	Device response: <KeyPress from None: t=253.07838779996382, value=a, duration=0.03874420002102852>
253.5746 	EXP 	LDT_stim_text: autoDraw = True
253.5829 	EXP 	LDT_fix_text: autoDraw = False
254.3006 	EXP 	Device response: <KeyPress from None: t=254.2938827999751, value=a, duration=None>
254.3009 	EXP 	New trial (rep=0, index=103): <Trial 103 (103 in rep 0) data={'Task': 'LDT', 'TrialType': 'Target', 'Stimuli': 'large', 'StimulusType': 'word', 'CorrectResponse': 'l', 'Trialnumb': 29, 'thisN': 103, 'thisTrialN': 103, 'thisRepN': 0}>
254.3086 	EXP 	LDT_fix_text: autoDraw = False
254.3086 	EXP 	LDT_stim_text: autoDraw = False
254.3086 	EXP 	LDT_break_text: autoDraw = False
254.3086 	EXP 	LDT_stim_text: height = np.float64(0.1)
254.3086 	EXP 	LDT_stim_text: height = np.float64(0.1)
254.3086 	EXP 	LDT_stim_text: height = np.float64(0.1)
254.3086 	EXP 	LDT_stim_text: text = 'large'
254.3086 	EXP 	LDT_fix_text: autoDraw = True
254.3091 	DATA 	Keypress: a
254.3506 	EXP 	Device response: <KeyPress from None: t=254.2938827999751, value=a, duration=0.055476700013969094>
254.7924 	EXP 	LDT_stim_text: autoDraw = True
254.8008 	EXP 	LDT_fix_text: autoDraw = False
255.7190 	EXP 	Device response: <KeyPress from None: t=255.71763999998802, value=l, duration=None>
255.7192 	EXP 	New trial (rep=0, index=104): <Trial 104 (104 in rep 0) data={'Task': 'LDT', 'TrialType': 'Target', 'Stimuli': 'pess', 'StimulusType': 'nonword', 'CorrectResponse': 'a', 'Trialnumb': 180, 'thisN': 104, 'thisTrialN': 104, 'thisRepN': 0}>
255.7267 	EXP 	LDT_fix_text: autoDraw = False
255.7267 	EXP 	LDT_stim_text: autoDraw = False
255.7267 	EXP 	LDT_break_text: autoDraw = False
255.7267 	EXP 	LDT_stim_text: height = np.float64(0.1)
255.7267 	EXP 	LDT_stim_text: height = np.float64(0.1)
255.7267 	EXP 	LDT_stim_text: height = np.float64(0.1)
255.7267 	EXP 	LDT_stim_text: text = 'pess'
255.7267 	EXP 	LDT_fix_text: autoDraw = True
255.7273 	DATA 	Keypress: l
255.7520 	EXP 	Device response: <KeyPress from None: t=255.71763999998802, value=l, duration=0.031877300003543496>
256.2105 	EXP 	LDT_stim_text: autoDraw = True
256.2189 	EXP 	LDT_fix_text: autoDraw = False
258.4214 	EXP 	Device response: <KeyPress from None: t=258.4137650000048, value=a, duration=None>
258.4216 	EXP 	New trial (rep=0, index=105): <Trial 105 (105 in rep 0) data={'Task': 'LDT', 'TrialType': 'Target', 'Stimuli': 'bond', 'StimulusType': 'word', 'CorrectResponse': 'l', 'Trialnumb': 87, 'thisN': 105, 'thisTrialN': 105, 'thisRepN': 0}>
258.4294 	EXP 	LDT_fix_text: autoDraw = False
258.4294 	EXP 	LDT_stim_text: autoDraw = False
258.4294 	EXP 	LDT_break_text: autoDraw = False
258.4294 	EXP 	LDT_stim_text: height = np.float64(0.1)
258.4294 	EXP 	LDT_stim_text: height = np.float64(0.1)
258.4294 	EXP 	LDT_stim_text: height = np.float64(0.1)
258.4294 	EXP 	LDT_stim_text: text = 'bond'
258.4294 	EXP 	LDT_fix_text: autoDraw = True
258.4300 	DATA 	Keypress: a
258.4714 	EXP 	Device response: <KeyPress from None: t=258.4137650000048, value=a, duration=0.05612869997275993>
258.9132 	EXP 	LDT_stim_text: autoDraw = True
258.9216 	EXP 	LDT_fix_text: autoDraw = False
259.8228 	EXP 	Device response: <KeyPress from None: t=259.8220994999865, value=l, duration=None>
259.8230 	EXP 	New trial (rep=0, index=106): <Trial 106 (106 in rep 0) data={'Task': 'LDT', 'TrialType': 'Target', 'Stimuli': 'kell', 'StimulusType': 'nonword', 'CorrectResponse': 'a', 'Trialnumb': 164, 'thisN': 106, 'thisTrialN': 106, 'thisRepN': 0}>
259.8309 	EXP 	LDT_fix_text: autoDraw = False
259.8309 	EXP 	LDT_stim_text: autoDraw = False
259.8309 	EXP 	LDT_break_text: autoDraw = False
259.8309 	EXP 	LDT_stim_text: height = np.float64(0.1)
259.8309 	EXP 	LDT_stim_text: height = np.float64(0.1)
259.8309 	EXP 	LDT_stim_text: height = np.float64(0.1)
259.8309 	EXP 	LDT_stim_text: text = 'kell'
259.8309 	EXP 	LDT_fix_text: autoDraw = True
259.8314 	DATA 	Keypress: l
259.8895 	EXP 	Device response: <KeyPress from None: t=259.8220994999865, value=l, duration=0.06331459997454658>
260.3146 	EXP 	LDT_stim_text: autoDraw = True
260.3229 	EXP 	LDT_fix_text: autoDraw = False
261.4911 	EXP 	Device response: <KeyPress from None: t=261.48564550001174, value=a, duration=None>
261.4914 	EXP 	New trial (rep=0, index=107): <Trial 107 (107 in rep 0) data={'Task': 'LDT', 'TrialType': 'Target', 'Stimuli': 'group', 'StimulusType': 'word', 'CorrectResponse': 'l', 'Trialnumb': 20, 'thisN': 107, 'thisTrialN': 107, 'thisRepN': 0}>
261.4992 	EXP 	LDT_fix_text: autoDraw = False
261.4992 	EXP 	LDT_stim_text: autoDraw = False
261.4992 	EXP 	LDT_break_text: autoDraw = False
261.4992 	EXP 	LDT_stim_text: height = np.float64(0.1)
261.4992 	EXP 	LDT_stim_text: height = np.float64(0.1)
261.4992 	EXP 	LDT_stim_text: height = np.float64(0.1)
261.4992 	EXP 	LDT_stim_text: text = 'group'
261.4992 	EXP 	LDT_fix_text: autoDraw = True
261.4997 	DATA 	Keypress: a
261.5412 	EXP 	Device response: <KeyPress from None: t=261.48564550001174, value=a, duration=0.055279299966059625>
261.9829 	EXP 	LDT_stim_text: autoDraw = True
261.9913 	EXP 	LDT_fix_text: autoDraw = False
262.5755 	EXP 	Device response: <KeyPress from None: t=262.57328329997836, value=l, duration=None>
262.5757 	EXP 	New trial (rep=0, index=108): <Trial 108 (108 in rep 0) data={'Task': 'LDT', 'TrialType': 'Target', 'Stimuli': 'stort', 'StimulusType': 'nonword', 'CorrectResponse': 'a', 'Trialnumb': 201, 'thisN': 108, 'thisTrialN': 108, 'thisRepN': 0}>
262.5835 	EXP 	LDT_fix_text: autoDraw = False
262.5835 	EXP 	LDT_stim_text: autoDraw = False
262.5835 	EXP 	LDT_break_text: autoDraw = False
262.5835 	EXP 	LDT_stim_text: height = np.float64(0.1)
262.5835 	EXP 	LDT_stim_text: height = np.float64(0.1)
262.5835 	EXP 	LDT_stim_text: height = np.float64(0.1)
262.5835 	EXP 	LDT_stim_text: text = 'stort'
262.5835 	EXP 	LDT_fix_text: autoDraw = True
262.5840 	DATA 	Keypress: l
262.6173 	EXP 	Device response: <KeyPress from None: t=262.57328329997836, value=l, duration=0.04034519998822361>
263.0673 	EXP 	LDT_stim_text: autoDraw = True
263.0757 	EXP 	LDT_fix_text: autoDraw = False
264.1187 	EXP 	Device response: <KeyPress from None: t=264.11710899998434, value=a, duration=None>
264.1189 	EXP 	New trial (rep=0, index=109): <Trial 109 (109 in rep 0) data={'Task': 'LDT', 'TrialType': 'Target', 'Stimuli': 'tran', 'StimulusType': 'nonword', 'CorrectResponse': 'a', 'Trialnumb': 206, 'thisN': 109, 'thisTrialN': 109, 'thisRepN': 0}>
264.1267 	EXP 	LDT_fix_text: autoDraw = False
264.1267 	EXP 	LDT_stim_text: autoDraw = False
264.1267 	EXP 	LDT_break_text: autoDraw = False
264.1267 	EXP 	LDT_stim_text: height = np.float64(0.1)
264.1267 	EXP 	LDT_stim_text: height = np.float64(0.1)
264.1267 	EXP 	LDT_stim_text: height = np.float64(0.1)
264.1267 	EXP 	LDT_stim_text: text = 'tran'
264.1267 	EXP 	LDT_fix_text: autoDraw = True
264.1274 	DATA 	Keypress: a
264.2104 	EXP 	Device response: <KeyPress from None: t=264.11710899998434, value=a, duration=0.08785660000285134>
264.6105 	EXP 	LDT_stim_text: autoDraw = True
264.6189 	EXP 	LDT_fix_text: autoDraw = False
266.0957 	EXP 	Device response: <KeyPress from None: t=266.09345439996105, value=a, duration=None>
266.0960 	EXP 	New trial (rep=0, index=110): <Trial 110 (110 in rep 0) data={'Task': 'LDT', 'TrialType': 'Target', 'Stimuli': 'tuse', 'StimulusType': 'nonword', 'CorrectResponse': 'a', 'Trialnumb': 209, 'thisN': 110, 'thisTrialN': 110, 'thisRepN': 0}>
266.1038 	EXP 	LDT_fix_text: autoDraw = False
266.1038 	EXP 	LDT_stim_text: autoDraw = False
266.1038 	EXP 	LDT_break_text: autoDraw = False
266.1038 	EXP 	LDT_stim_text: height = np.float64(0.1)
266.1038 	EXP 	LDT_stim_text: height = np.float64(0.1)
266.1038 	EXP 	LDT_stim_text: height = np.float64(0.1)
266.1038 	EXP 	LDT_stim_text: text = 'tuse'
266.1038 	EXP 	LDT_fix_text: autoDraw = True
266.1044 	DATA 	Keypress: a
266.1873 	EXP 	Device response: <KeyPress from None: t=266.09345439996105, value=a, duration=0.08809259999543428>
266.5875 	EXP 	LDT_stim_text: autoDraw = True
266.5958 	EXP 	LDT_fix_text: autoDraw = False
268.1811 	EXP 	Device response: <KeyPress from None: t=268.1731679000077, value=a, duration=None>
268.1815 	EXP 	New trial (rep=0, index=111): <Trial 111 (111 in rep 0) data={'Task': 'LDT', 'TrialType': 'Target', 'Stimuli': 'sarry', 'StimulusType': 'nonword', 'CorrectResponse': 'a', 'Trialnumb': 186, 'thisN': 111, 'thisTrialN': 111, 'thisRepN': 0}>
268.1892 	EXP 	LDT_fix_text: autoDraw = False
268.1892 	EXP 	LDT_stim_text: autoDraw = False
268.1892 	EXP 	LDT_break_text: autoDraw = False
268.1892 	EXP 	LDT_stim_text: height = np.float64(0.1)
268.1892 	EXP 	LDT_stim_text: height = np.float64(0.1)
268.1892 	EXP 	LDT_stim_text: height = np.float64(0.1)
268.1892 	EXP 	LDT_stim_text: text = 'sarry'
268.1892 	EXP 	LDT_fix_text: autoDraw = True
268.1898 	DATA 	Keypress: a
268.2144 	EXP 	Device response: <KeyPress from None: t=268.1731679000077, value=a, duration=0.040786299970932305>
268.6729 	EXP 	LDT_stim_text: autoDraw = True
268.6812 	EXP 	LDT_fix_text: autoDraw = False
270.0996 	EXP 	Device response: <KeyPress from None: t=270.0935550999711, value=a, duration=None>
270.0999 	EXP 	New trial (rep=0, index=112): <Trial 112 (112 in rep 0) data={'Task': 'LDT', 'TrialType': 'Target', 'Stimuli': 'mears', 'StimulusType': 'nonword', 'CorrectResponse': 'a', 'Trialnumb': 172, 'thisN': 112, 'thisTrialN': 112, 'thisRepN': 0}>
270.1077 	EXP 	LDT_fix_text: autoDraw = False
270.1077 	EXP 	LDT_stim_text: autoDraw = False
270.1077 	EXP 	LDT_break_text: autoDraw = False
270.1077 	EXP 	LDT_stim_text: height = np.float64(0.1)
270.1077 	EXP 	LDT_stim_text: height = np.float64(0.1)
270.1077 	EXP 	LDT_stim_text: height = np.float64(0.1)
270.1077 	EXP 	LDT_stim_text: text = 'mears'
270.1077 	EXP 	LDT_fix_text: autoDraw = True
270.1082 	DATA 	Keypress: a
270.1664 	EXP 	Device response: <KeyPress from None: t=270.0935550999711, value=a, duration=0.07189780002227053>
270.5915 	EXP 	LDT_stim_text: autoDraw = True
270.5998 	EXP 	LDT_fix_text: autoDraw = False
271.9682 	EXP 	Device response: <KeyPress from None: t=271.9657642999664, value=a, duration=None>
271.9685 	EXP 	New trial (rep=0, index=113): <Trial 113 (113 in rep 0) data={'Task': 'LDT', 'TrialType': 'Target', 'Stimuli': 'pick', 'StimulusType': 'word', 'CorrectResponse': 'l', 'Trialnumb': 58, 'thisN': 113, 'thisTrialN': 113, 'thisRepN': 0}>
271.9763 	EXP 	LDT_fix_text: autoDraw = False
271.9763 	EXP 	LDT_stim_text: autoDraw = False
271.9763 	EXP 	LDT_break_text: autoDraw = False
271.9763 	EXP 	LDT_stim_text: height = np.float64(0.1)
271.9763 	EXP 	LDT_stim_text: height = np.float64(0.1)
271.9763 	EXP 	LDT_stim_text: height = np.float64(0.1)
271.9763 	EXP 	LDT_stim_text: text = 'pick'
271.9763 	EXP 	LDT_fix_text: autoDraw = True
271.9768 	DATA 	Keypress: a
272.0432 	EXP 	Device response: <KeyPress from None: t=271.9657642999664, value=a, duration=0.07117730000754818>
272.4600 	EXP 	LDT_stim_text: autoDraw = True
272.4683 	EXP 	LDT_fix_text: autoDraw = False
273.3862 	EXP 	Device response: <KeyPress from None: t=273.38118399999803, value=l, duration=None>
273.3865 	EXP 	New trial (rep=0, index=114): <Trial 114 (114 in rep 0) data={'Task': 'LDT', 'TrialType': 'Target', 'Stimuli': 'loje', 'StimulusType': 'nonword', 'CorrectResponse': 'a', 'Trialnumb': 171, 'thisN': 114, 'thisTrialN': 114, 'thisRepN': 0}>
273.3946 	EXP 	LDT_fix_text: autoDraw = False
273.3946 	EXP 	LDT_stim_text: autoDraw = False
273.3946 	EXP 	LDT_break_text: autoDraw = False
273.3946 	EXP 	LDT_stim_text: height = np.float64(0.1)
273.3946 	EXP 	LDT_stim_text: height = np.float64(0.1)
273.3946 	EXP 	LDT_stim_text: height = np.float64(0.1)
273.3946 	EXP 	LDT_stim_text: text = 'loje'
273.3946 	EXP 	LDT_fix_text: autoDraw = True
273.3951 	DATA 	Keypress: l
273.4529 	EXP 	Device response: <KeyPress from None: t=273.38118399999803, value=l, duration=0.06439559999853373>
273.8781 	EXP 	LDT_stim_text: autoDraw = True
273.8864 	EXP 	LDT_fix_text: autoDraw = False
274.5124 	EXP 	Device response: <KeyPress from None: t=274.5087688000058, value=a, duration=None>
274.5126 	EXP 	New trial (rep=0, index=115): <Trial 115 (115 in rep 0) data={'Task': 'LDT', 'TrialType': 'Target', 'Stimuli': 'saos', 'StimulusType': 'nonword', 'CorrectResponse': 'a', 'Trialnumb': 115, 'thisN': 115, 'thisTrialN': 115, 'thisRepN': 0}>
274.5204 	EXP 	LDT_fix_text: autoDraw = False
274.5204 	EXP 	LDT_stim_text: autoDraw = False
274.5204 	EXP 	LDT_break_text: autoDraw = False
274.5204 	EXP 	LDT_stim_text: height = np.float64(0.1)
274.5204 	EXP 	LDT_stim_text: height = np.float64(0.1)
274.5204 	EXP 	LDT_stim_text: height = np.float64(0.1)
274.5204 	EXP 	LDT_stim_text: text = 'saos'
274.5204 	EXP 	LDT_fix_text: autoDraw = True
274.5209 	DATA 	Keypress: a
274.5623 	EXP 	Device response: <KeyPress from None: t=274.5087688000058, value=a, duration=0.04870659997686744>
275.0042 	EXP 	LDT_stim_text: autoDraw = True
275.0125 	EXP 	LDT_fix_text: autoDraw = False
275.7469 	EXP 	Device response: <KeyPress from None: t=275.7409065999673, value=a, duration=None>
275.7472 	EXP 	New trial (rep=0, index=116): <Trial 116 (116 in rep 0) data={'Task': 'LDT', 'TrialType': 'Target', 'Stimuli': 'gali', 'StimulusType': 'nonword', 'CorrectResponse': 'a', 'Trialnumb': 113, 'thisN': 116, 'thisTrialN': 116, 'thisRepN': 0}>
275.7549 	EXP 	LDT_fix_text: autoDraw = False
275.7549 	EXP 	LDT_stim_text: autoDraw = False
275.7549 	EXP 	LDT_break_text: autoDraw = False
275.7549 	EXP 	LDT_stim_text: height = np.float64(0.1)
275.7549 	EXP 	LDT_stim_text: height = np.float64(0.1)
275.7549 	EXP 	LDT_stim_text: height = np.float64(0.1)
275.7549 	EXP 	LDT_stim_text: text = 'gali'
275.7549 	EXP 	LDT_fix_text: autoDraw = True
275.7555 	DATA 	Keypress: a
275.7970 	EXP 	Device response: <KeyPress from None: t=275.7409065999673, value=a, duration=0.047980000032112>
276.2389 	EXP 	LDT_stim_text: autoDraw = True
276.2471 	EXP 	LDT_fix_text: autoDraw = False
277.3821 	EXP 	Device response: <KeyPress from None: t=277.38180510001257, value=a, duration=None>
277.3905 	EXP 	New trial (rep=0, index=117): <Trial 117 (117 in rep 0) data={'Task': 'LDT', 'TrialType': 'Target', 'Stimuli': 'set', 'StimulusType': 'word', 'CorrectResponse': 'l', 'Trialnumb': 36, 'thisN': 117, 'thisTrialN': 117, 'thisRepN': 0}>
277.3919 	DATA 	Keypress: a
277.3983 	EXP 	LDT_fix_text: autoDraw = False
277.3983 	EXP 	LDT_stim_text: autoDraw = False
277.3983 	EXP 	LDT_break_text: autoDraw = False
277.3983 	EXP 	LDT_stim_text: height = np.float64(0.1)
277.3983 	EXP 	LDT_stim_text: height = np.float64(0.1)
277.3983 	EXP 	LDT_stim_text: height = np.float64(0.1)
277.3983 	EXP 	LDT_stim_text: text = 'set'
277.3983 	EXP 	LDT_fix_text: autoDraw = True
277.4320 	EXP 	Device response: <KeyPress from None: t=277.38180510001257, value=a, duration=0.04745599994203076>
277.8821 	EXP 	LDT_stim_text: autoDraw = True
277.8904 	EXP 	LDT_fix_text: autoDraw = False
278.8083 	EXP 	Device response: <KeyPress from None: t=278.8050160999992, value=l, duration=None>
278.8085 	EXP 	New trial (rep=0, index=118): <Trial 118 (118 in rep 0) data={'Task': 'LDT', 'TrialType': 'Target', 'Stimuli': 'tuke', 'StimulusType': 'nonword', 'CorrectResponse': 'a', 'Trialnumb': 208, 'thisN': 118, 'thisTrialN': 118, 'thisRepN': 0}>
278.8163 	EXP 	LDT_fix_text: autoDraw = False
278.8163 	EXP 	LDT_stim_text: autoDraw = False
278.8163 	EXP 	LDT_break_text: autoDraw = False
278.8163 	EXP 	LDT_stim_text: height = np.float64(0.1)
278.8163 	EXP 	LDT_stim_text: height = np.float64(0.1)
278.8163 	EXP 	LDT_stim_text: height = np.float64(0.1)
278.8163 	EXP 	LDT_stim_text: text = 'tuke'
278.8163 	EXP 	LDT_fix_text: autoDraw = True
278.8169 	DATA 	Keypress: l
278.8667 	EXP 	Device response: <KeyPress from None: t=278.8050160999992, value=l, duration=0.05668569996487349>
279.3001 	EXP 	LDT_stim_text: autoDraw = True
279.3085 	EXP 	LDT_fix_text: autoDraw = False
280.4684 	EXP 	Device response: <KeyPress from None: t=280.4614541999763, value=a, duration=None>
280.4686 	EXP 	New trial (rep=0, index=119): <Trial 119 (119 in rep 0) data={'Task': 'LDT', 'TrialType': 'Target', 'Stimuli': 'hork', 'StimulusType': 'nonword', 'CorrectResponse': 'a', 'Trialnumb': 156, 'thisN': 119, 'thisTrialN': 119, 'thisRepN': 0}>
280.4764 	EXP 	LDT_fix_text: autoDraw = False
280.4764 	EXP 	LDT_stim_text: autoDraw = False
280.4764 	EXP 	LDT_break_text: autoDraw = False
280.4764 	EXP 	LDT_stim_text: height = np.float64(0.1)
280.4764 	EXP 	LDT_stim_text: height = np.float64(0.1)
280.4764 	EXP 	LDT_stim_text: height = np.float64(0.1)
280.4764 	EXP 	LDT_stim_text: text = 'hork'
280.4764 	EXP 	LDT_fix_text: autoDraw = True
280.4769 	DATA 	Keypress: a
280.5433 	EXP 	Device response: <KeyPress from None: t=280.4614541999763, value=a, duration=0.0800355999963358>
280.9601 	EXP 	LDT_stim_text: autoDraw = True
280.9685 	EXP 	LDT_fix_text: autoDraw = False
281.9364 	EXP 	Device response: <KeyPress from None: t=281.93288209999446, value=a, duration=None>
281.9444 	EXP 	LDT_fix_text: autoDraw = False
281.9444 	EXP 	LDT_stim_text: autoDraw = False
281.9444 	EXP 	LDT_break_text: autoDraw = True
281.9451 	DATA 	Keypress: a
282.0115 	EXP 	Device response: <KeyPress from None: t=281.93288209999446, value=a, duration=0.07231109996791929>
287.9257 	EXP 	Device response: <KeyPress from None: t=287.92485069995746, value=space, duration=None>
287.9259 	EXP 	New trial (rep=0, index=120): <Trial 120 (120 in rep 0) data={'Task': 'LDT', 'TrialType': 'Target', 'Stimuli': 'veek', 'StimulusType': 'nonword', 'CorrectResponse': 'a', 'Trialnumb': 211, 'thisN': 120, 'thisTrialN': 120, 'thisRepN': 0}>
287.9338 	EXP 	LDT_break_text: autoDraw = False
287.9338 	EXP 	LDT_stim_text: height = np.float64(0.1)
287.9338 	EXP 	LDT_stim_text: height = np.float64(0.1)
287.9338 	EXP 	LDT_stim_text: height = np.float64(0.1)
287.9338 	EXP 	LDT_stim_text: text = 'veek'
287.9338 	EXP 	LDT_fix_text: autoDraw = True
287.9344 	DATA 	Keypress: space
287.9674 	EXP 	Device response: <KeyPress from None: t=287.92485069995746, value=space, duration=0.03995140001643449>
288.4176 	EXP 	LDT_stim_text: autoDraw = True
288.4259 	EXP 	LDT_fix_text: autoDraw = False
289.2020 	EXP 	Device response: <KeyPress from None: t=289.19719299999997, value=a, duration=None>
289.2022 	EXP 	New trial (rep=0, index=121): <Trial 121 (121 in rep 0) data={'Task': 'LDT', 'TrialType': 'Target', 'Stimuli': 'chase', 'StimulusType': 'word', 'CorrectResponse': 'l', 'Trialnumb': 86, 'thisN': 121, 'thisTrialN': 121, 'thisRepN': 0}>
289.2101 	EXP 	LDT_fix_text: autoDraw = False
289.2101 	EXP 	LDT_stim_text: autoDraw = False
289.2101 	EXP 	LDT_break_text: autoDraw = False
289.2101 	EXP 	LDT_stim_text: height = np.float64(0.1)
289.2101 	EXP 	LDT_stim_text: height = np.float64(0.1)
289.2101 	EXP 	LDT_stim_text: height = np.float64(0.1)
289.2101 	EXP 	LDT_stim_text: text = 'chase'
289.2101 	EXP 	LDT_fix_text: autoDraw = True
289.2107 	DATA 	Keypress: a
289.2937 	EXP 	Device response: <KeyPress from None: t=289.19719299999997, value=a, duration=0.08837449998827651>
289.6938 	EXP 	LDT_stim_text: autoDraw = True
289.7021 	EXP 	LDT_fix_text: autoDraw = False
290.4867 	EXP 	Device response: <KeyPress from None: t=290.48487649997696, value=l, duration=None>
290.4870 	EXP 	New trial (rep=0, index=122): <Trial 122 (122 in rep 0) data={'Task': 'LDT', 'TrialType': 'Target', 'Stimuli': 'nind', 'StimulusType': 'nonword', 'CorrectResponse': 'a', 'Trialnumb': 177, 'thisN': 122, 'thisTrialN': 122, 'thisRepN': 0}>
290.4946 	EXP 	LDT_fix_text: autoDraw = False
290.4946 	EXP 	LDT_stim_text: autoDraw = False
290.4946 	EXP 	LDT_break_text: autoDraw = False
290.4946 	EXP 	LDT_stim_text: height = np.float64(0.1)
290.4946 	EXP 	LDT_stim_text: height = np.float64(0.1)
290.4946 	EXP 	LDT_stim_text: height = np.float64(0.1)
290.4946 	EXP 	LDT_stim_text: text = 'nind'
290.4946 	EXP 	LDT_fix_text: autoDraw = True
290.4953 	DATA 	Keypress: l
290.5534 	EXP 	Device response: <KeyPress from None: t=290.48487649997696, value=l, duration=0.06544650002615526>
290.9784 	EXP 	LDT_stim_text: autoDraw = True
290.9867 	EXP 	LDT_fix_text: autoDraw = False
292.8222 	EXP 	Device response: <KeyPress from None: t=292.8218220999697, value=a, duration=None>
292.8225 	EXP 	New trial (rep=0, index=123): <Trial 123 (123 in rep 0) data={'Task': 'LDT', 'TrialType': 'Target', 'Stimuli': 'full', 'StimulusType': 'word', 'CorrectResponse': 'l', 'Trialnumb': 43, 'thisN': 123, 'thisTrialN': 123, 'thisRepN': 0}>
292.8303 	EXP 	LDT_fix_text: autoDraw = False
292.8303 	EXP 	LDT_stim_text: autoDraw = False
292.8303 	EXP 	LDT_break_text: autoDraw = False
292.8303 	EXP 	LDT_stim_text: height = np.float64(0.1)
292.8303 	EXP 	LDT_stim_text: height = np.float64(0.1)
292.8303 	EXP 	LDT_stim_text: height = np.float64(0.1)
292.8303 	EXP 	LDT_stim_text: text = 'full'
292.8303 	EXP 	LDT_fix_text: autoDraw = True
292.8308 	DATA 	Keypress: a
292.8891 	EXP 	Device response: <KeyPress from None: t=292.8218220999697, value=a, duration=0.06366059998981655>
293.3141 	EXP 	LDT_stim_text: autoDraw = True
293.3224 	EXP 	LDT_fix_text: autoDraw = False
293.8815 	EXP 	Device response: <KeyPress from None: t=293.87716309999814, value=l, duration=None>
293.8818 	EXP 	New trial (rep=0, index=124): <Trial 124 (124 in rep 0) data={'Task': 'LDT', 'TrialType': 'Target', 'Stimuli': 'here', 'StimulusType': 'word', 'CorrectResponse': 'l', 'Trialnumb': 4, 'thisN': 124, 'thisTrialN': 124, 'thisRepN': 0}>
293.8897 	EXP 	LDT_fix_text: autoDraw = False
293.8897 	EXP 	LDT_stim_text: autoDraw = False
293.8897 	EXP 	LDT_break_text: autoDraw = False
293.8897 	EXP 	LDT_stim_text: height = np.float64(0.1)
293.8897 	EXP 	LDT_stim_text: height = np.float64(0.1)
293.8897 	EXP 	LDT_stim_text: height = np.float64(0.1)
293.8897 	EXP 	LDT_stim_text: text = 'here'
293.8897 	EXP 	LDT_fix_text: autoDraw = True
293.8902 	DATA 	Keypress: l
293.9400 	EXP 	Device response: <KeyPress from None: t=293.87716309999814, value=l, duration=0.05595989996800199>
294.3734 	EXP 	LDT_stim_text: autoDraw = True
294.3818 	EXP 	LDT_fix_text: autoDraw = False
294.9910 	EXP 	Device response: <KeyPress from None: t=294.9901414999622, value=l, duration=None>
294.9913 	EXP 	New trial (rep=0, index=125): <Trial 125 (125 in rep 0) data={'Task': 'LDT', 'TrialType': 'Target', 'Stimuli': 'wass', 'StimulusType': 'nonword', 'CorrectResponse': 'a', 'Trialnumb': 215, 'thisN': 125, 'thisTrialN': 125, 'thisRepN': 0}>
294.9992 	EXP 	LDT_fix_text: autoDraw = False
294.9992 	EXP 	LDT_stim_text: autoDraw = False
294.9992 	EXP 	LDT_break_text: autoDraw = False
294.9992 	EXP 	LDT_stim_text: height = np.float64(0.1)
294.9992 	EXP 	LDT_stim_text: height = np.float64(0.1)
294.9992 	EXP 	LDT_stim_text: height = np.float64(0.1)
294.9992 	EXP 	LDT_stim_text: text = 'wass'
294.9992 	EXP 	LDT_fix_text: autoDraw = True
294.9997 	DATA 	Keypress: l
295.0327 	EXP 	Device response: <KeyPress from None: t=294.9901414999622, value=l, duration=0.03936779999639839>
295.4829 	EXP 	LDT_stim_text: autoDraw = True
295.4913 	EXP 	LDT_fix_text: autoDraw = False
296.9014 	EXP 	Device response: <KeyPress from None: t=296.8940615999745, value=a, duration=None>
296.9017 	EXP 	New trial (rep=0, index=126): <Trial 126 (126 in rep 0) data={'Task': 'LDT', 'TrialType': 'Target', 'Stimuli': 'kear', 'StimulusType': 'nonword', 'CorrectResponse': 'a', 'Trialnumb': 163, 'thisN': 126, 'thisTrialN': 126, 'thisRepN': 0}>
296.9093 	EXP 	LDT_fix_text: autoDraw = False
296.9093 	EXP 	LDT_stim_text: autoDraw = False
296.9093 	EXP 	LDT_break_text: autoDraw = False
296.9093 	EXP 	LDT_stim_text: height = np.float64(0.1)
296.9093 	EXP 	LDT_stim_text: height = np.float64(0.1)
296.9093 	EXP 	LDT_stim_text: height = np.float64(0.1)
296.9093 	EXP 	LDT_stim_text: text = 'kear'
296.9093 	EXP 	LDT_fix_text: autoDraw = True
296.9099 	DATA 	Keypress: a
296.9264 	EXP 	Device response: <KeyPress from None: t=296.8940615999745, value=a, duration=0.030674799985717982>
297.3931 	EXP 	LDT_stim_text: autoDraw = True
297.4015 	EXP 	LDT_fix_text: autoDraw = False
298.0692 	EXP 	Device response: <KeyPress from None: t=298.06117489997996, value=a, duration=None>
298.0695 	EXP 	New trial (rep=0, index=127): <Trial 127 (127 in rep 0) data={'Task': 'LDT', 'TrialType': 'Target', 'Stimuli': 'shoa', 'StimulusType': 'nonword', 'CorrectResponse': 'a', 'Trialnumb': 191, 'thisN': 127, 'thisTrialN': 127, 'thisRepN': 0}>
298.0772 	EXP 	LDT_fix_text: autoDraw = False
298.0772 	EXP 	LDT_stim_text: autoDraw = False
298.0772 	EXP 	LDT_break_text: autoDraw = False
298.0772 	EXP 	LDT_stim_text: height = np.float64(0.1)
298.0772 	EXP 	LDT_stim_text: height = np.float64(0.1)
298.0772 	EXP 	LDT_stim_text: height = np.float64(0.1)
298.0772 	EXP 	LDT_stim_text: text = 'shoa'
298.0772 	EXP 	LDT_fix_text: autoDraw = True
298.0776 	DATA 	Keypress: a
298.1276 	EXP 	Device response: <KeyPress from None: t=298.06117489997996, value=a, duration=0.06376960000488907>
298.5609 	EXP 	LDT_stim_text: autoDraw = True
298.5693 	EXP 	LDT_fix_text: autoDraw = False
299.1956 	EXP 	Device response: <KeyPress from None: t=299.18879659997765, value=a, duration=None>
299.1959 	EXP 	New trial (rep=0, index=128): <Trial 128 (128 in rep 0) data={'Task': 'LDT', 'TrialType': 'Target', 'Stimuli': 'pair', 'StimulusType': 'word', 'CorrectResponse': 'l', 'Trialnumb': 81, 'thisN': 128, 'thisTrialN': 128, 'thisRepN': 0}>
299.2033 	EXP 	LDT_fix_text: autoDraw = False
299.2033 	EXP 	LDT_stim_text: autoDraw = False
299.2033 	EXP 	LDT_break_text: autoDraw = False
299.2033 	EXP 	LDT_stim_text: height = np.float64(0.1)
299.2033 	EXP 	LDT_stim_text: height = np.float64(0.1)
299.2033 	EXP 	LDT_stim_text: height = np.float64(0.1)
299.2033 	EXP 	LDT_stim_text: text = 'pair'
299.2033 	EXP 	LDT_fix_text: autoDraw = True
299.2039 	DATA 	Keypress: a
299.2454 	EXP 	Device response: <KeyPress from None: t=299.18879659997765, value=a, duration=0.055945999978575855>
299.6871 	EXP 	LDT_stim_text: autoDraw = True
299.6954 	EXP 	LDT_fix_text: autoDraw = False
300.3797 	EXP 	Device response: <KeyPress from None: t=300.3735058999737, value=l, duration=None>
300.3800 	EXP 	New trial (rep=0, index=129): <Trial 129 (129 in rep 0) data={'Task': 'LDT', 'TrialType': 'Target', 'Stimuli': 'beah', 'StimulusType': 'nonword', 'CorrectResponse': 'a', 'Trialnumb': 119, 'thisN': 129, 'thisTrialN': 129, 'thisRepN': 0}>
300.3878 	EXP 	LDT_fix_text: autoDraw = False
300.3878 	EXP 	LDT_stim_text: autoDraw = False
300.3878 	EXP 	LDT_break_text: autoDraw = False
300.3878 	EXP 	LDT_stim_text: height = np.float64(0.1)
300.3878 	EXP 	LDT_stim_text: height = np.float64(0.1)
300.3878 	EXP 	LDT_stim_text: height = np.float64(0.1)
300.3878 	EXP 	LDT_stim_text: text = 'beah'
300.3878 	EXP 	LDT_fix_text: autoDraw = True
300.3883 	DATA 	Keypress: l
300.4382 	EXP 	Device response: <KeyPress from None: t=300.3735058999737, value=l, duration=0.06343949999427423>
300.8716 	EXP 	LDT_stim_text: autoDraw = True
300.8800 	EXP 	LDT_fix_text: autoDraw = False
301.7394 	EXP 	Device response: <KeyPress from None: t=301.73302529996727, value=a, duration=None>
301.7397 	EXP 	New trial (rep=0, index=130): <Trial 130 (130 in rep 0) data={'Task': 'LDT', 'TrialType': 'Target', 'Stimuli': 'left', 'StimulusType': 'word', 'CorrectResponse': 'l', 'Trialnumb': 27, 'thisN': 130, 'thisTrialN': 130, 'thisRepN': 0}>
301.7475 	EXP 	LDT_fix_text: autoDraw = False
301.7475 	EXP 	LDT_stim_text: autoDraw = False
301.7475 	EXP 	LDT_break_text: autoDraw = False
301.7475 	EXP 	LDT_stim_text: height = np.float64(0.1)
301.7475 	EXP 	LDT_stim_text: height = np.float64(0.1)
301.7475 	EXP 	LDT_stim_text: height = np.float64(0.1)
301.7475 	EXP 	LDT_stim_text: text = 'left'
301.7475 	EXP 	LDT_fix_text: autoDraw = True
301.7480 	DATA 	Keypress: a
301.7894 	EXP 	Device response: <KeyPress from None: t=301.73302529996727, value=a, duration=0.05587430001469329>
302.2313 	EXP 	LDT_stim_text: autoDraw = True
302.2396 	EXP 	LDT_fix_text: autoDraw = False
302.9073 	EXP 	Device response: <KeyPress from None: t=302.90221119998023, value=l, duration=None>
302.9075 	EXP 	New trial (rep=0, index=131): <Trial 131 (131 in rep 0) data={'Task': 'LDT', 'TrialType': 'Target', 'Stimuli': 'judge', 'StimulusType': 'word', 'CorrectResponse': 'l', 'Trialnumb': 67, 'thisN': 131, 'thisTrialN': 131, 'thisRepN': 0}>
302.9153 	EXP 	LDT_fix_text: autoDraw = False
302.9153 	EXP 	LDT_stim_text: autoDraw = False
302.9153 	EXP 	LDT_break_text: autoDraw = False
302.9153 	EXP 	LDT_stim_text: height = np.float64(0.1)
302.9153 	EXP 	LDT_stim_text: height = np.float64(0.1)
302.9153 	EXP 	LDT_stim_text: height = np.float64(0.1)
302.9153 	EXP 	LDT_stim_text: text = 'judge'
302.9153 	EXP 	LDT_fix_text: autoDraw = True
302.9159 	DATA 	Keypress: l
302.9574 	EXP 	Device response: <KeyPress from None: t=302.90221119998023, value=l, duration=0.05471729999408126>
303.3991 	EXP 	LDT_stim_text: autoDraw = True
303.4074 	EXP 	LDT_fix_text: autoDraw = False
304.2503 	EXP 	Device response: <KeyPress from None: t=304.24617070000386, value=l, duration=None>
304.2505 	EXP 	New trial (rep=0, index=132): <Trial 132 (132 in rep 0) data={'Task': 'LDT', 'TrialType': 'Target', 'Stimuli': 'art', 'StimulusType': 'word', 'CorrectResponse': 'l', 'Trialnumb': 15, 'thisN': 132, 'thisTrialN': 132, 'thisRepN': 0}>
304.2584 	EXP 	LDT_fix_text: autoDraw = False
304.2584 	EXP 	LDT_stim_text: autoDraw = False
304.2584 	EXP 	LDT_break_text: autoDraw = False
304.2584 	EXP 	LDT_stim_text: height = np.float64(0.1)
304.2584 	EXP 	LDT_stim_text: height = np.float64(0.1)
304.2584 	EXP 	LDT_stim_text: height = np.float64(0.1)
304.2584 	EXP 	LDT_stim_text: text = 'art'
304.2584 	EXP 	LDT_fix_text: autoDraw = True
304.2589 	DATA 	Keypress: l
304.2920 	EXP 	Device response: <KeyPress from None: t=304.24617070000386, value=l, duration=0.03943149995757267>
304.7421 	EXP 	LDT_stim_text: autoDraw = True
304.7504 	EXP 	LDT_fix_text: autoDraw = False
305.6601 	EXP 	Device response: <KeyPress from None: t=305.65274799999315, value=l, duration=None>
305.6603 	EXP 	New trial (rep=0, index=133): <Trial 133 (133 in rep 0) data={'Task': 'LDT', 'TrialType': 'Target', 'Stimuli': 'rear', 'StimulusType': 'word', 'CorrectResponse': 'l', 'Trialnumb': 110, 'thisN': 133, 'thisTrialN': 133, 'thisRepN': 0}>
305.6680 	EXP 	LDT_fix_text: autoDraw = False
305.6680 	EXP 	LDT_stim_text: autoDraw = False
305.6680 	EXP 	LDT_break_text: autoDraw = False
305.6680 	EXP 	LDT_stim_text: height = np.float64(0.1)
305.6680 	EXP 	LDT_stim_text: height = np.float64(0.1)
305.6680 	EXP 	LDT_stim_text: height = np.float64(0.1)
305.6680 	EXP 	LDT_stim_text: text = 'rear'
305.6680 	EXP 	LDT_fix_text: autoDraw = True
305.6686 	DATA 	Keypress: l
305.6933 	EXP 	Device response: <KeyPress from None: t=305.65274799999315, value=l, duration=0.03309470001840964>
306.1519 	EXP 	LDT_stim_text: autoDraw = True
306.1602 	EXP 	LDT_fix_text: autoDraw = False
306.8946 	EXP 	Device response: <KeyPress from None: t=306.8870408000075, value=l, duration=None>
306.8948 	EXP 	New trial (rep=0, index=134): <Trial 134 (134 in rep 0) data={'Task': 'LDT', 'TrialType': 'Target', 'Stimuli': 'dry', 'StimulusType': 'word', 'CorrectResponse': 'l', 'Trialnumb': 77, 'thisN': 134, 'thisTrialN': 134, 'thisRepN': 0}>
306.9026 	EXP 	LDT_fix_text: autoDraw = False
306.9026 	EXP 	LDT_stim_text: autoDraw = False
306.9026 	EXP 	LDT_break_text: autoDraw = False
306.9026 	EXP 	LDT_stim_text: height = np.float64(0.1)
306.9026 	EXP 	LDT_stim_text: height = np.float64(0.1)
306.9026 	EXP 	LDT_stim_text: height = np.float64(0.1)
306.9026 	EXP 	LDT_stim_text: text = 'dry'
306.9026 	EXP 	LDT_fix_text: autoDraw = True
306.9031 	DATA 	Keypress: l
306.9447 	EXP 	Device response: <KeyPress from None: t=306.8870408000075, value=l, duration=0.05398959998274222>
307.3864 	EXP 	LDT_stim_text: autoDraw = True
307.3947 	EXP 	LDT_fix_text: autoDraw = False
307.9706 	EXP 	Device response: <KeyPress from None: t=307.96485649998067, value=l, duration=None>
307.9709 	EXP 	New trial (rep=0, index=135): <Trial 135 (135 in rep 0) data={'Task': 'LDT', 'TrialType': 'Target', 'Stimuli': 'cast', 'StimulusType': 'word', 'CorrectResponse': 'l', 'Trialnumb': 95, 'thisN': 135, 'thisTrialN': 135, 'thisRepN': 0}>
307.9786 	EXP 	LDT_fix_text: autoDraw = False
307.9786 	EXP 	LDT_stim_text: autoDraw = False
307.9786 	EXP 	LDT_break_text: autoDraw = False
307.9786 	EXP 	LDT_stim_text: height = np.float64(0.1)
307.9786 	EXP 	LDT_stim_text: height = np.float64(0.1)
307.9786 	EXP 	LDT_stim_text: height = np.float64(0.1)
307.9786 	EXP 	LDT_stim_text: text = 'cast'
307.9786 	EXP 	LDT_fix_text: autoDraw = True
307.9791 	DATA 	Keypress: l
308.0207 	EXP 	Device response: <KeyPress from None: t=307.96485649998067, value=l, duration=0.047906799998600036>
308.4625 	EXP 	LDT_stim_text: autoDraw = True
308.4708 	EXP 	LDT_fix_text: autoDraw = False
309.1469 	EXP 	Device response: <KeyPress from None: t=309.1407790000085, value=l, duration=None>
309.1471 	EXP 	New trial (rep=0, index=136): <Trial 136 (136 in rep 0) data={'Task': 'LDT', 'TrialType': 'Target', 'Stimuli': 'class', 'StimulusType': 'word', 'CorrectResponse': 'l', 'Trialnumb': 19, 'thisN': 136, 'thisTrialN': 136, 'thisRepN': 0}>
309.1548 	EXP 	LDT_fix_text: autoDraw = False
309.1548 	EXP 	LDT_stim_text: autoDraw = False
309.1548 	EXP 	LDT_break_text: autoDraw = False
309.1548 	EXP 	LDT_stim_text: height = np.float64(0.1)
309.1548 	EXP 	LDT_stim_text: height = np.float64(0.1)
309.1548 	EXP 	LDT_stim_text: height = np.float64(0.1)
309.1548 	EXP 	LDT_stim_text: text = 'class'
309.1548 	EXP 	LDT_fix_text: autoDraw = True
309.1554 	DATA 	Keypress: l
309.2052 	EXP 	Device response: <KeyPress from None: t=309.1407790000085, value=l, duration=0.05675909999990836>
309.6386 	EXP 	LDT_stim_text: autoDraw = True
309.6471 	EXP 	LDT_fix_text: autoDraw = False
310.1895 	EXP 	Device response: <KeyPress from None: t=310.18906780000543, value=l, duration=None>
310.1897 	EXP 	New trial (rep=0, index=137): <Trial 137 (137 in rep 0) data={'Task': 'LDT', 'TrialType': 'Target', 'Stimuli': 'huge', 'StimulusType': 'word', 'CorrectResponse': 'l', 'Trialnumb': 56, 'thisN': 137, 'thisTrialN': 137, 'thisRepN': 0}>
310.1976 	EXP 	LDT_fix_text: autoDraw = False
310.1976 	EXP 	LDT_stim_text: autoDraw = False
310.1976 	EXP 	LDT_break_text: autoDraw = False
310.1976 	EXP 	LDT_stim_text: height = np.float64(0.1)
310.1976 	EXP 	LDT_stim_text: height = np.float64(0.1)
310.1976 	EXP 	LDT_stim_text: height = np.float64(0.1)
310.1976 	EXP 	LDT_stim_text: text = 'huge'
310.1976 	EXP 	LDT_fix_text: autoDraw = True
310.1982 	DATA 	Keypress: l
310.2396 	EXP 	Device response: <KeyPress from None: t=310.18906780000543, value=l, duration=0.047689199971500784>
310.6813 	EXP 	LDT_stim_text: autoDraw = True
310.6897 	EXP 	LDT_fix_text: autoDraw = False
312.0914 	EXP 	Device response: <KeyPress from None: t=312.08525299996836, value=l, duration=None>
312.0916 	EXP 	New trial (rep=0, index=138): <Trial 138 (138 in rep 0) data={'Task': 'LDT', 'TrialType': 'Target', 'Stimuli': 'gray', 'StimulusType': 'word', 'CorrectResponse': 'l', 'Trialnumb': 98, 'thisN': 138, 'thisTrialN': 138, 'thisRepN': 0}>
312.0994 	EXP 	LDT_fix_text: autoDraw = False
312.0994 	EXP 	LDT_stim_text: autoDraw = False
312.0994 	EXP 	LDT_break_text: autoDraw = False
312.0994 	EXP 	LDT_stim_text: height = np.float64(0.1)
312.0994 	EXP 	LDT_stim_text: height = np.float64(0.1)
312.0994 	EXP 	LDT_stim_text: height = np.float64(0.1)
312.0994 	EXP 	LDT_stim_text: text = 'gray'
312.0994 	EXP 	LDT_fix_text: autoDraw = True
312.1000 	DATA 	Keypress: l
312.1415 	EXP 	Device response: <KeyPress from None: t=312.08525299996836, value=l, duration=0.04809120000572875>
312.5832 	EXP 	LDT_stim_text: autoDraw = True
312.5916 	EXP 	LDT_fix_text: autoDraw = False
313.1094 	EXP 	Device response: <KeyPress from None: t=313.1091712999623, value=l, duration=None>
313.1177 	EXP 	New trial (rep=0, index=139): <Trial 139 (139 in rep 0) data={'Task': 'LDT', 'TrialType': 'Target', 'Stimuli': 'jight', 'StimulusType': 'nonword', 'CorrectResponse': 'a', 'Trialnumb': 159, 'thisN': 139, 'thisTrialN': 139, 'thisRepN': 0}>
313.1194 	DATA 	Keypress: l
313.1255 	EXP 	LDT_fix_text: autoDraw = False
313.1255 	EXP 	LDT_stim_text: autoDraw = False
313.1255 	EXP 	LDT_break_text: autoDraw = False
313.1255 	EXP 	LDT_stim_text: height = np.float64(0.1)
313.1255 	EXP 	LDT_stim_text: height = np.float64(0.1)
313.1255 	EXP 	LDT_stim_text: height = np.float64(0.1)
313.1255 	EXP 	LDT_stim_text: text = 'jight'
313.1255 	EXP 	LDT_fix_text: autoDraw = True
313.1592 	EXP 	Device response: <KeyPress from None: t=313.1091712999623, value=l, duration=0.04805840004701167>
313.6093 	EXP 	LDT_stim_text: autoDraw = True
313.6176 	EXP 	LDT_fix_text: autoDraw = False
314.3520 	EXP 	Device response: <KeyPress from None: t=314.34938859997783, value=a, duration=None>
314.3522 	EXP 	New trial (rep=0, index=140): <Trial 140 (140 in rep 0) data={'Task': 'LDT', 'TrialType': 'Target', 'Stimuli': 'party', 'StimulusType': 'word', 'CorrectResponse': 'l', 'Trialnumb': 59, 'thisN': 140, 'thisTrialN': 140, 'thisRepN': 0}>
314.3601 	EXP 	LDT_fix_text: autoDraw = False
314.3601 	EXP 	LDT_stim_text: autoDraw = False
314.3601 	EXP 	LDT_break_text: autoDraw = False
314.3601 	EXP 	LDT_stim_text: height = np.float64(0.1)
314.3601 	EXP 	LDT_stim_text: height = np.float64(0.1)
314.3601 	EXP 	LDT_stim_text: height = np.float64(0.1)
314.3601 	EXP 	LDT_stim_text: text = 'party'
314.3601 	EXP 	LDT_fix_text: autoDraw = True
314.3606 	DATA 	Keypress: a
314.4272 	EXP 	Device response: <KeyPress from None: t=314.34938859997783, value=a, duration=0.07161370001267642>
314.8438 	EXP 	LDT_stim_text: autoDraw = True
314.8521 	EXP 	LDT_fix_text: autoDraw = False
315.9119 	EXP 	Device response: <KeyPress from None: t=315.90900350001175, value=l, duration=None>
315.9122 	EXP 	New trial (rep=0, index=141): <Trial 141 (141 in rep 0) data={'Task': 'LDT', 'TrialType': 'Target', 'Stimuli': 'ill', 'StimulusType': 'word', 'CorrectResponse': 'l', 'Trialnumb': 97, 'thisN': 141, 'thisTrialN': 141, 'thisRepN': 0}>
315.9199 	EXP 	LDT_fix_text: autoDraw = False
315.9199 	EXP 	LDT_stim_text: autoDraw = False
315.9199 	EXP 	LDT_break_text: autoDraw = False
315.9199 	EXP 	LDT_stim_text: height = np.float64(0.1)
315.9199 	EXP 	LDT_stim_text: height = np.float64(0.1)
315.9199 	EXP 	LDT_stim_text: height = np.float64(0.1)
315.9199 	EXP 	LDT_stim_text: text = 'ill'
315.9199 	EXP 	LDT_fix_text: autoDraw = True
315.9204 	DATA 	Keypress: l
315.9536 	EXP 	Device response: <KeyPress from None: t=315.90900350001175, value=l, duration=0.040190699975937605>
316.4037 	EXP 	LDT_stim_text: autoDraw = True
316.4120 	EXP 	LDT_fix_text: autoDraw = False
317.0630 	EXP 	Device response: <KeyPress from None: t=317.06208379997406, value=l, duration=None>
317.0632 	EXP 	New trial (rep=0, index=142): <Trial 142 (142 in rep 0) data={'Task': 'LDT', 'TrialType': 'Target', 'Stimuli': 'news', 'StimulusType': 'word', 'CorrectResponse': 'l', 'Trialnumb': 45, 'thisN': 142, 'thisTrialN': 142, 'thisRepN': 0}>
317.0711 	EXP 	LDT_fix_text: autoDraw = False
317.0711 	EXP 	LDT_stim_text: autoDraw = False
317.0711 	EXP 	LDT_break_text: autoDraw = False
317.0711 	EXP 	LDT_stim_text: height = np.float64(0.1)
317.0711 	EXP 	LDT_stim_text: height = np.float64(0.1)
317.0711 	EXP 	LDT_stim_text: height = np.float64(0.1)
317.0711 	EXP 	LDT_stim_text: text = 'news'
317.0711 	EXP 	LDT_fix_text: autoDraw = True
317.0717 	DATA 	Keypress: l
317.1046 	EXP 	Device response: <KeyPress from None: t=317.06208379997406, value=l, duration=0.03930100001161918>
317.5549 	EXP 	LDT_stim_text: autoDraw = True
317.5633 	EXP 	LDT_fix_text: autoDraw = False
318.6396 	EXP 	Device response: <KeyPress from None: t=318.6369875000091, value=l, duration=None>
318.6399 	EXP 	New trial (rep=0, index=143): <Trial 143 (143 in rep 0) data={'Task': 'LDT', 'TrialType': 'Target', 'Stimuli': 'flow', 'StimulusType': 'word', 'CorrectResponse': 'l', 'Trialnumb': 108, 'thisN': 143, 'thisTrialN': 143, 'thisRepN': 0}>
318.6476 	EXP 	LDT_fix_text: autoDraw = False
318.6476 	EXP 	LDT_stim_text: autoDraw = False
318.6476 	EXP 	LDT_break_text: autoDraw = False
318.6476 	EXP 	LDT_stim_text: height = np.float64(0.1)
318.6476 	EXP 	LDT_stim_text: height = np.float64(0.1)
318.6476 	EXP 	LDT_stim_text: height = np.float64(0.1)
318.6476 	EXP 	LDT_stim_text: text = 'flow'
318.6476 	EXP 	LDT_fix_text: autoDraw = True
318.6482 	DATA 	Keypress: l
318.6896 	EXP 	Device response: <KeyPress from None: t=318.6369875000091, value=l, duration=0.048103999986778945>
319.1314 	EXP 	LDT_stim_text: autoDraw = True
319.1398 	EXP 	LDT_fix_text: autoDraw = False
319.6322 	EXP 	Device response: <KeyPress from None: t=319.62911749997875, value=l, duration=None>
319.6324 	EXP 	New trial (rep=0, index=144): <Trial 144 (144 in rep 0) data={'Task': 'LDT', 'TrialType': 'Target', 'Stimuli': 'half', 'StimulusType': 'word', 'CorrectResponse': 'l', 'Trialnumb': 51, 'thisN': 144, 'thisTrialN': 144, 'thisRepN': 0}>
319.6402 	EXP 	LDT_fix_text: autoDraw = False
319.6402 	EXP 	LDT_stim_text: autoDraw = False
319.6402 	EXP 	LDT_break_text: autoDraw = False
319.6402 	EXP 	LDT_stim_text: height = np.float64(0.1)
319.6402 	EXP 	LDT_stim_text: height = np.float64(0.1)
319.6402 	EXP 	LDT_stim_text: height = np.float64(0.1)
319.6402 	EXP 	LDT_stim_text: text = 'half'
319.6402 	EXP 	LDT_fix_text: autoDraw = True
319.6407 	DATA 	Keypress: l
319.6823 	EXP 	Device response: <KeyPress from None: t=319.62911749997875, value=l, duration=0.0480602000025101>
320.1241 	EXP 	LDT_stim_text: autoDraw = True
320.1325 	EXP 	LDT_fix_text: autoDraw = False
320.6249 	EXP 	Device response: <KeyPress from None: t=320.6216191999847, value=l, duration=None>
320.6251 	EXP 	New trial (rep=0, index=145): <Trial 145 (145 in rep 0) data={'Task': 'LDT', 'TrialType': 'Target', 'Stimuli': 'sloy', 'StimulusType': 'nonword', 'CorrectResponse': 'a', 'Trialnumb': 194, 'thisN': 145, 'thisTrialN': 145, 'thisRepN': 0}>
320.6329 	EXP 	LDT_fix_text: autoDraw = False
320.6329 	EXP 	LDT_stim_text: autoDraw = False
320.6329 	EXP 	LDT_break_text: autoDraw = False
320.6329 	EXP 	LDT_stim_text: height = np.float64(0.1)
320.6329 	EXP 	LDT_stim_text: height = np.float64(0.1)
320.6329 	EXP 	LDT_stim_text: height = np.float64(0.1)
320.6329 	EXP 	LDT_stim_text: text = 'sloy'
320.6329 	EXP 	LDT_fix_text: autoDraw = True
320.6334 	DATA 	Keypress: l
320.6833 	EXP 	Device response: <KeyPress from None: t=320.6216191999847, value=l, duration=0.05533629999263212>
321.1167 	EXP 	LDT_stim_text: autoDraw = True
321.1251 	EXP 	LDT_fix_text: autoDraw = False
322.0512 	EXP 	Device response: <KeyPress from None: t=322.0447619999759, value=a, duration=None>
322.0514 	EXP 	New trial (rep=0, index=146): <Trial 146 (146 in rep 0) data={'Task': 'LDT', 'TrialType': 'Target', 'Stimuli': 'read', 'StimulusType': 'word', 'CorrectResponse': 'l', 'Trialnumb': 31, 'thisN': 146, 'thisTrialN': 146, 'thisRepN': 0}>
322.0593 	EXP 	LDT_fix_text: autoDraw = False
322.0593 	EXP 	LDT_stim_text: autoDraw = False
322.0593 	EXP 	LDT_break_text: autoDraw = False
322.0593 	EXP 	LDT_stim_text: height = np.float64(0.1)
322.0593 	EXP 	LDT_stim_text: height = np.float64(0.1)
322.0593 	EXP 	LDT_stim_text: height = np.float64(0.1)
322.0593 	EXP 	LDT_stim_text: text = 'read'
322.0593 	EXP 	LDT_fix_text: autoDraw = True
322.0598 	DATA 	Keypress: a
322.1181 	EXP 	Device response: <KeyPress from None: t=322.0447619999759, value=a, duration=0.07240380003349856>
322.5431 	EXP 	LDT_stim_text: autoDraw = True
322.5515 	EXP 	LDT_fix_text: autoDraw = False
323.8198 	EXP 	Device response: <KeyPress from None: t=323.81314559996827, value=l, duration=None>
323.8201 	EXP 	New trial (rep=0, index=147): <Trial 147 (147 in rep 0) data={'Task': 'LDT', 'TrialType': 'Target', 'Stimuli': 'kire', 'StimulusType': 'nonword', 'CorrectResponse': 'a', 'Trialnumb': 166, 'thisN': 147, 'thisTrialN': 147, 'thisRepN': 0}>
323.8278 	EXP 	LDT_fix_text: autoDraw = False
323.8278 	EXP 	LDT_stim_text: autoDraw = False
323.8278 	EXP 	LDT_break_text: autoDraw = False
323.8278 	EXP 	LDT_stim_text: height = np.float64(0.1)
323.8278 	EXP 	LDT_stim_text: height = np.float64(0.1)
323.8278 	EXP 	LDT_stim_text: height = np.float64(0.1)
323.8278 	EXP 	LDT_stim_text: text = 'kire'
323.8278 	EXP 	LDT_fix_text: autoDraw = True
323.8284 	DATA 	Keypress: l
323.8614 	EXP 	Device response: <KeyPress from None: t=323.81314559996827, value=l, duration=0.04774360003648326>
324.3117 	EXP 	LDT_stim_text: autoDraw = True
324.3199 	EXP 	LDT_fix_text: autoDraw = False
325.7383 	EXP 	Device response: <KeyPress from None: t=325.73337019997416, value=a, duration=None>
325.7385 	EXP 	New trial (rep=0, index=148): <Trial 148 (148 in rep 0) data={'Task': 'LDT', 'TrialType': 'Target', 'Stimuli': 'pook', 'StimulusType': 'nonword', 'CorrectResponse': 'a', 'Trialnumb': 182, 'thisN': 148, 'thisTrialN': 148, 'thisRepN': 0}>
325.7464 	EXP 	LDT_fix_text: autoDraw = False
325.7464 	EXP 	LDT_stim_text: autoDraw = False
325.7464 	EXP 	LDT_break_text: autoDraw = False
325.7464 	EXP 	LDT_stim_text: height = np.float64(0.1)
325.7464 	EXP 	LDT_stim_text: height = np.float64(0.1)
325.7464 	EXP 	LDT_stim_text: height = np.float64(0.1)
325.7464 	EXP 	LDT_stim_text: text = 'pook'
325.7464 	EXP 	LDT_fix_text: autoDraw = True
325.7470 	DATA 	Keypress: a
325.7966 	EXP 	Device response: <KeyPress from None: t=325.73337019997416, value=a, duration=0.055877799983136356>
326.2301 	EXP 	LDT_stim_text: autoDraw = True
326.2386 	EXP 	LDT_fix_text: autoDraw = False
327.2731 	EXP 	Device response: <KeyPress from None: t=327.2700754000107, value=a, duration=None>
327.2734 	EXP 	New trial (rep=0, index=149): <Trial 149 (149 in rep 0) data={'Task': 'LDT', 'TrialType': 'Target', 'Stimuli': 'loil', 'StimulusType': 'nonword', 'CorrectResponse': 'a', 'Trialnumb': 170, 'thisN': 149, 'thisTrialN': 149, 'thisRepN': 0}>
327.2812 	EXP 	LDT_fix_text: autoDraw = False
327.2812 	EXP 	LDT_stim_text: autoDraw = False
327.2812 	EXP 	LDT_break_text: autoDraw = False
327.2812 	EXP 	LDT_stim_text: height = np.float64(0.1)
327.2812 	EXP 	LDT_stim_text: height = np.float64(0.1)
327.2812 	EXP 	LDT_stim_text: height = np.float64(0.1)
327.2812 	EXP 	LDT_stim_text: text = 'loil'
327.2812 	EXP 	LDT_fix_text: autoDraw = True
327.2818 	DATA 	Keypress: a
327.3401 	EXP 	Device response: <KeyPress from None: t=327.2700754000107, value=a, duration=0.0637400999548845>
327.7650 	EXP 	LDT_stim_text: autoDraw = True
327.7734 	EXP 	LDT_fix_text: autoDraw = False
328.3992 	EXP 	Device response: <KeyPress from None: t=328.39825289999135, value=a, duration=None>
328.3995 	EXP 	New trial (rep=0, index=150): <Trial 150 (150 in rep 0) data={'Task': 'LDT', 'TrialType': 'Target', 'Stimuli': 'work', 'StimulusType': 'word', 'CorrectResponse': 'l', 'Trialnumb': 1, 'thisN': 150, 'thisTrialN': 150, 'thisRepN': 0}>
328.4073 	EXP 	LDT_fix_text: autoDraw = False
328.4073 	EXP 	LDT_stim_text: autoDraw = False
328.4073 	EXP 	LDT_break_text: autoDraw = False
328.4073 	EXP 	LDT_stim_text: height = np.float64(0.1)
328.4073 	EXP 	LDT_stim_text: height = np.float64(0.1)
328.4073 	EXP 	LDT_stim_text: height = np.float64(0.1)
328.4073 	EXP 	LDT_stim_text: text = 'work'
328.4073 	EXP 	LDT_fix_text: autoDraw = True
328.4079 	DATA 	Keypress: a
328.4577 	EXP 	Device response: <KeyPress from None: t=328.39825289999135, value=a, duration=0.05506659997627139>
328.8911 	EXP 	LDT_stim_text: autoDraw = True
328.8995 	EXP 	LDT_fix_text: autoDraw = False
329.5755 	EXP 	Device response: <KeyPress from None: t=329.57311180001125, value=l, duration=None>
329.5758 	EXP 	New trial (rep=0, index=151): <Trial 151 (151 in rep 0) data={'Task': 'LDT', 'TrialType': 'Target', 'Stimuli': 'under', 'StimulusType': 'word', 'CorrectResponse': 'l', 'Trialnumb': 39, 'thisN': 151, 'thisTrialN': 151, 'thisRepN': 0}>
329.5835 	EXP 	LDT_fix_text: autoDraw = False
329.5835 	EXP 	LDT_stim_text: autoDraw = False
329.5835 	EXP 	LDT_break_text: autoDraw = False
329.5835 	EXP 	LDT_stim_text: height = np.float64(0.1)
329.5835 	EXP 	LDT_stim_text: height = np.float64(0.1)
329.5835 	EXP 	LDT_stim_text: height = np.float64(0.1)
329.5835 	EXP 	LDT_stim_text: text = 'under'
329.5835 	EXP 	LDT_fix_text: autoDraw = True
329.5841 	DATA 	Keypress: l
329.6340 	EXP 	Device response: <KeyPress from None: t=329.57311180001125, value=l, duration=0.05651979998219758>
330.0673 	EXP 	LDT_stim_text: autoDraw = True
330.0756 	EXP 	LDT_fix_text: autoDraw = False
330.6349 	EXP 	Device response: <KeyPress from None: t=330.6302872999804, value=l, duration=None>
330.6351 	EXP 	New trial (rep=0, index=152): <Trial 152 (152 in rep 0) data={'Task': 'LDT', 'TrialType': 'Target', 'Stimuli': 'vead', 'StimulusType': 'nonword', 'CorrectResponse': 'a', 'Trialnumb': 210, 'thisN': 152, 'thisTrialN': 152, 'thisRepN': 0}>
330.6429 	EXP 	LDT_fix_text: autoDraw = False
330.6429 	EXP 	LDT_stim_text: autoDraw = False
330.6429 	EXP 	LDT_break_text: autoDraw = False
330.6429 	EXP 	LDT_stim_text: height = np.float64(0.1)
330.6429 	EXP 	LDT_stim_text: height = np.float64(0.1)
330.6429 	EXP 	LDT_stim_text: height = np.float64(0.1)
330.6429 	EXP 	LDT_stim_text: text = 'vead'
330.6429 	EXP 	LDT_fix_text: autoDraw = True
330.6434 	DATA 	Keypress: l
330.6850 	EXP 	Device response: <KeyPress from None: t=330.6302872999804, value=l, duration=0.046869700017850846>
331.1267 	EXP 	LDT_stim_text: autoDraw = True
331.1350 	EXP 	LDT_fix_text: autoDraw = False
332.2281 	EXP 	Device response: <KeyPress from None: t=332.22087299998384, value=a, duration=None>
332.2284 	EXP 	New trial (rep=0, index=153): <Trial 153 (153 in rep 0) data={'Task': 'LDT', 'TrialType': 'Target', 'Stimuli': 'side', 'StimulusType': 'word', 'CorrectResponse': 'l', 'Trialnumb': 48, 'thisN': 153, 'thisTrialN': 153, 'thisRepN': 0}>
332.2362 	EXP 	LDT_fix_text: autoDraw = False
332.2362 	EXP 	LDT_stim_text: autoDraw = False
332.2362 	EXP 	LDT_break_text: autoDraw = False
332.2362 	EXP 	LDT_stim_text: height = np.float64(0.1)
332.2362 	EXP 	LDT_stim_text: height = np.float64(0.1)
332.2362 	EXP 	LDT_stim_text: height = np.float64(0.1)
332.2362 	EXP 	LDT_stim_text: text = 'side'
332.2362 	EXP 	LDT_fix_text: autoDraw = True
332.2368 	DATA 	Keypress: a
332.2698 	EXP 	Device response: <KeyPress from None: t=332.22087299998384, value=a, duration=0.048612100013997406>
332.7199 	EXP 	LDT_stim_text: autoDraw = True
332.7283 	EXP 	LDT_fix_text: autoDraw = False
333.2791 	EXP 	Device response: <KeyPress from None: t=333.27804070001, value=l, duration=None>
333.2793 	EXP 	New trial (rep=0, index=154): <Trial 154 (154 in rep 0) data={'Task': 'LDT', 'TrialType': 'Target', 'Stimuli': 'sale', 'StimulusType': 'word', 'CorrectResponse': 'l', 'Trialnumb': 93, 'thisN': 154, 'thisTrialN': 154, 'thisRepN': 0}>
333.2872 	EXP 	LDT_fix_text: autoDraw = False
333.2872 	EXP 	LDT_stim_text: autoDraw = False
333.2872 	EXP 	LDT_break_text: autoDraw = False
333.2872 	EXP 	LDT_stim_text: height = np.float64(0.1)
333.2872 	EXP 	LDT_stim_text: height = np.float64(0.1)
333.2872 	EXP 	LDT_stim_text: height = np.float64(0.1)
333.2872 	EXP 	LDT_stim_text: text = 'sale'
333.2872 	EXP 	LDT_fix_text: autoDraw = True
333.2878 	DATA 	Keypress: l
333.3380 	EXP 	Device response: <KeyPress from None: t=333.27804070001, value=l, duration=0.0552884999779053>
333.7710 	EXP 	LDT_stim_text: autoDraw = True
333.7793 	EXP 	LDT_fix_text: autoDraw = False
334.4303 	EXP 	Device response: <KeyPress from None: t=334.42916189995594, value=l, duration=None>
334.4305 	EXP 	New trial (rep=0, index=155): <Trial 155 (155 in rep 0) data={'Task': 'LDT', 'TrialType': 'Target', 'Stimuli': 'slim', 'StimulusType': 'word', 'CorrectResponse': 'l', 'Trialnumb': 111, 'thisN': 155, 'thisTrialN': 155, 'thisRepN': 0}>
334.4383 	EXP 	LDT_fix_text: autoDraw = False
334.4383 	EXP 	LDT_stim_text: autoDraw = False
334.4383 	EXP 	LDT_break_text: autoDraw = False
334.4383 	EXP 	LDT_stim_text: height = np.float64(0.1)
334.4383 	EXP 	LDT_stim_text: height = np.float64(0.1)
334.4383 	EXP 	LDT_stim_text: height = np.float64(0.1)
334.4383 	EXP 	LDT_stim_text: text = 'slim'
334.4383 	EXP 	LDT_fix_text: autoDraw = True
334.4388 	DATA 	Keypress: l
334.5053 	EXP 	Device response: <KeyPress from None: t=334.42916189995594, value=l, duration=0.0723373000510037>
334.9221 	EXP 	LDT_stim_text: autoDraw = True
334.9304 	EXP 	LDT_fix_text: autoDraw = False
335.4813 	EXP 	Device response: <KeyPress from None: t=335.4775037000072, value=l, duration=None>
335.4815 	EXP 	New trial (rep=0, index=156): <Trial 156 (156 in rep 0) data={'Task': 'LDT', 'TrialType': 'Target', 'Stimuli': 'plan', 'StimulusType': 'word', 'CorrectResponse': 'l', 'Trialnumb': 53, 'thisN': 156, 'thisTrialN': 156, 'thisRepN': 0}>
335.4893 	EXP 	LDT_fix_text: autoDraw = False
335.4893 	EXP 	LDT_stim_text: autoDraw = False
335.4893 	EXP 	LDT_break_text: autoDraw = False
335.4893 	EXP 	LDT_stim_text: height = np.float64(0.1)
335.4893 	EXP 	LDT_stim_text: height = np.float64(0.1)
335.4893 	EXP 	LDT_stim_text: height = np.float64(0.1)
335.4893 	EXP 	LDT_stim_text: text = 'plan'
335.4893 	EXP 	LDT_fix_text: autoDraw = True
335.4899 	DATA 	Keypress: l
335.5231 	EXP 	Device response: <KeyPress from None: t=335.4775037000072, value=l, duration=0.03918289998546243>
335.9732 	EXP 	LDT_stim_text: autoDraw = True
335.9815 	EXP 	LDT_fix_text: autoDraw = False
336.5073 	EXP 	Device response: <KeyPress from None: t=336.500976899988, value=l, duration=None>
336.5076 	EXP 	New trial (rep=0, index=157): <Trial 157 (157 in rep 0) data={'Task': 'LDT', 'TrialType': 'Target', 'Stimuli': 'vink', 'StimulusType': 'nonword', 'CorrectResponse': 'a', 'Trialnumb': 212, 'thisN': 157, 'thisTrialN': 157, 'thisRepN': 0}>
336.5154 	EXP 	LDT_fix_text: autoDraw = False
336.5154 	EXP 	LDT_stim_text: autoDraw = False
336.5154 	EXP 	LDT_break_text: autoDraw = False
336.5154 	EXP 	LDT_stim_text: height = np.float64(0.1)
336.5154 	EXP 	LDT_stim_text: height = np.float64(0.1)
336.5154 	EXP 	LDT_stim_text: height = np.float64(0.1)
336.5154 	EXP 	LDT_stim_text: text = 'vink'
336.5154 	EXP 	LDT_fix_text: autoDraw = True
336.5160 	DATA 	Keypress: l
336.5658 	EXP 	Device response: <KeyPress from None: t=336.500976899988, value=l, duration=0.057312400022055954>
336.9992 	EXP 	LDT_stim_text: autoDraw = True
337.0075 	EXP 	LDT_fix_text: autoDraw = False
337.6002 	EXP 	Device response: <KeyPress from None: t=337.5973245999776, value=a, duration=None>
337.6004 	EXP 	New trial (rep=0, index=158): <Trial 158 (158 in rep 0) data={'Task': 'LDT', 'TrialType': 'Target', 'Stimuli': 'hass', 'StimulusType': 'nonword', 'CorrectResponse': 'a', 'Trialnumb': 151, 'thisN': 158, 'thisTrialN': 158, 'thisRepN': 0}>
337.6082 	EXP 	LDT_fix_text: autoDraw = False
337.6082 	EXP 	LDT_stim_text: autoDraw = False
337.6082 	EXP 	LDT_break_text: autoDraw = False
337.6082 	EXP 	LDT_stim_text: height = np.float64(0.1)
337.6082 	EXP 	LDT_stim_text: height = np.float64(0.1)
337.6082 	EXP 	LDT_stim_text: height = np.float64(0.1)
337.6082 	EXP 	LDT_stim_text: text = 'hass'
337.6082 	EXP 	LDT_fix_text: autoDraw = True
337.6087 	DATA 	Keypress: a
337.6668 	EXP 	Device response: <KeyPress from None: t=337.5973245999776, value=a, duration=0.06427630002144724>
338.0919 	EXP 	LDT_stim_text: autoDraw = True
338.1004 	EXP 	LDT_fix_text: autoDraw = False
339.2517 	EXP 	Device response: <KeyPress from None: t=339.24547239998356, value=a, duration=None>
339.2520 	EXP 	New trial (rep=0, index=159): <Trial 159 (159 in rep 0) data={'Task': 'LDT', 'TrialType': 'Target', 'Stimuli': 'bust', 'StimulusType': 'word', 'CorrectResponse': 'l', 'Trialnumb': 91, 'thisN': 159, 'thisTrialN': 159, 'thisRepN': 0}>
339.2598 	EXP 	LDT_fix_text: autoDraw = False
339.2598 	EXP 	LDT_stim_text: autoDraw = False
339.2598 	EXP 	LDT_break_text: autoDraw = False
339.2598 	EXP 	LDT_stim_text: height = np.float64(0.1)
339.2598 	EXP 	LDT_stim_text: height = np.float64(0.1)
339.2598 	EXP 	LDT_stim_text: height = np.float64(0.1)
339.2598 	EXP 	LDT_stim_text: text = 'bust'
339.2598 	EXP 	LDT_fix_text: autoDraw = True
339.2603 	DATA 	Keypress: a
339.3268 	EXP 	Device response: <KeyPress from None: t=339.24547239998356, value=a, duration=0.08039479999570176>
339.7436 	EXP 	LDT_stim_text: autoDraw = True
339.7519 	EXP 	LDT_fix_text: autoDraw = False
340.5614 	EXP 	Device response: <KeyPress from None: t=340.5574928999995, value=l, duration=None>
340.5616 	EXP 	New trial (rep=0, index=160): <Trial 160 (160 in rep 0) data={'Task': 'LDT', 'TrialType': 'Target', 'Stimuli': 'eall', 'StimulusType': 'nonword', 'CorrectResponse': 'a', 'Trialnumb': 138, 'thisN': 160, 'thisTrialN': 160, 'thisRepN': 0}>
340.5694 	EXP 	LDT_fix_text: autoDraw = False
340.5694 	EXP 	LDT_stim_text: autoDraw = False
340.5694 	EXP 	LDT_break_text: autoDraw = False
340.5694 	EXP 	LDT_stim_text: height = np.float64(0.1)
340.5694 	EXP 	LDT_stim_text: height = np.float64(0.1)
340.5694 	EXP 	LDT_stim_text: height = np.float64(0.1)
340.5694 	EXP 	LDT_stim_text: text = 'eall'
340.5694 	EXP 	LDT_fix_text: autoDraw = True
340.5700 	DATA 	Keypress: l
340.6530 	EXP 	Device response: <KeyPress from None: t=340.5574928999995, value=l, duration=0.08819380000932142>
341.0532 	EXP 	LDT_stim_text: autoDraw = True
341.0616 	EXP 	LDT_fix_text: autoDraw = False
341.8960 	EXP 	Device response: <KeyPress from None: t=341.89353499998106, value=a, duration=None>
341.8963 	EXP 	New trial (rep=0, index=161): <Trial 161 (161 in rep 0) data={'Task': 'LDT', 'TrialType': 'Target', 'Stimuli': 'pahe', 'StimulusType': 'nonword', 'CorrectResponse': 'a', 'Trialnumb': 178, 'thisN': 161, 'thisTrialN': 161, 'thisRepN': 0}>
341.9040 	EXP 	LDT_fix_text: autoDraw = False
341.9040 	EXP 	LDT_stim_text: autoDraw = False
341.9040 	EXP 	LDT_break_text: autoDraw = False
341.9040 	EXP 	LDT_stim_text: height = np.float64(0.1)
341.9040 	EXP 	LDT_stim_text: height = np.float64(0.1)
341.9040 	EXP 	LDT_stim_text: height = np.float64(0.1)
341.9040 	EXP 	LDT_stim_text: text = 'pahe'
341.9040 	EXP 	LDT_fix_text: autoDraw = True
341.9047 	DATA 	Keypress: a
341.9461 	EXP 	Device response: <KeyPress from None: t=341.89353499998106, value=a, duration=0.04811199998948723>
342.3879 	EXP 	LDT_stim_text: autoDraw = True
342.3962 	EXP 	LDT_fix_text: autoDraw = False
343.1140 	EXP 	Device response: <KeyPress from None: t=343.10944579995703, value=a, duration=None>
343.1143 	EXP 	New trial (rep=0, index=162): <Trial 162 (162 in rep 0) data={'Task': 'LDT', 'TrialType': 'Target', 'Stimuli': 'cona', 'StimulusType': 'nonword', 'CorrectResponse': 'a', 'Trialnumb': 132, 'thisN': 162, 'thisTrialN': 162, 'thisRepN': 0}>
343.1219 	EXP 	LDT_fix_text: autoDraw = False
343.1219 	EXP 	LDT_stim_text: autoDraw = False
343.1219 	EXP 	LDT_break_text: autoDraw = False
343.1219 	EXP 	LDT_stim_text: height = np.float64(0.1)
343.1219 	EXP 	LDT_stim_text: height = np.float64(0.1)
343.1219 	EXP 	LDT_stim_text: height = np.float64(0.1)
343.1219 	EXP 	LDT_stim_text: text = 'cona'
343.1219 	EXP 	LDT_fix_text: autoDraw = True
343.1226 	DATA 	Keypress: a
343.1807 	EXP 	Device response: <KeyPress from None: t=343.10944579995703, value=a, duration=0.06329420005204156>
343.6057 	EXP 	LDT_stim_text: autoDraw = True
343.6141 	EXP 	LDT_fix_text: autoDraw = False
344.9491 	EXP 	Device response: <KeyPress from None: t=344.9418015999836, value=a, duration=None>
344.9493 	EXP 	New trial (rep=0, index=163): <Trial 163 (163 in rep 0) data={'Task': 'LDT', 'TrialType': 'Target', 'Stimuli': 'cire', 'StimulusType': 'nonword', 'CorrectResponse': 'a', 'Trialnumb': 129, 'thisN': 163, 'thisTrialN': 163, 'thisRepN': 0}>
344.9572 	EXP 	LDT_fix_text: autoDraw = False
344.9572 	EXP 	LDT_stim_text: autoDraw = False
344.9572 	EXP 	LDT_break_text: autoDraw = False
344.9572 	EXP 	LDT_stim_text: height = np.float64(0.1)
344.9572 	EXP 	LDT_stim_text: height = np.float64(0.1)
344.9572 	EXP 	LDT_stim_text: height = np.float64(0.1)
344.9572 	EXP 	LDT_stim_text: text = 'cire'
344.9572 	EXP 	LDT_fix_text: autoDraw = True
344.9577 	DATA 	Keypress: a
345.0074 	EXP 	Device response: <KeyPress from None: t=344.9418015999836, value=a, duration=0.06315669999457896>
345.4409 	EXP 	LDT_stim_text: autoDraw = True
345.4492 	EXP 	LDT_fix_text: autoDraw = False
346.2086 	EXP 	Device response: <KeyPress from None: t=346.20555139996577, value=a, duration=None>
346.2089 	EXP 	New trial (rep=0, index=164): <Trial 164 (164 in rep 0) data={'Task': 'LDT', 'TrialType': 'Target', 'Stimuli': 'ranny', 'StimulusType': 'nonword', 'CorrectResponse': 'a', 'Trialnumb': 114, 'thisN': 164, 'thisTrialN': 164, 'thisRepN': 0}>
346.2167 	EXP 	LDT_fix_text: autoDraw = False
346.2167 	EXP 	LDT_stim_text: autoDraw = False
346.2167 	EXP 	LDT_break_text: autoDraw = False
346.2167 	EXP 	LDT_stim_text: height = np.float64(0.1)
346.2167 	EXP 	LDT_stim_text: height = np.float64(0.1)
346.2167 	EXP 	LDT_stim_text: height = np.float64(0.1)
346.2167 	EXP 	LDT_stim_text: text = 'ranny'
346.2167 	EXP 	LDT_fix_text: autoDraw = True
346.2172 	DATA 	Keypress: a
346.3088 	EXP 	Device response: <KeyPress from None: t=346.20555139996577, value=a, duration=0.09606670000357553>
346.7005 	EXP 	LDT_stim_text: autoDraw = True
346.7088 	EXP 	LDT_fix_text: autoDraw = False
347.6434 	EXP 	Device response: <KeyPress from None: t=347.6370837999857, value=a, duration=None>
347.6437 	EXP 	New trial (rep=0, index=165): <Trial 165 (165 in rep 0) data={'Task': 'LDT', 'TrialType': 'Target', 'Stimuli': 'jeed', 'StimulusType': 'nonword', 'CorrectResponse': 'a', 'Trialnumb': 158, 'thisN': 165, 'thisTrialN': 165, 'thisRepN': 0}>
347.6515 	EXP 	LDT_fix_text: autoDraw = False
347.6515 	EXP 	LDT_stim_text: autoDraw = False
347.6515 	EXP 	LDT_break_text: autoDraw = False
347.6515 	EXP 	LDT_stim_text: height = np.float64(0.1)
347.6515 	EXP 	LDT_stim_text: height = np.float64(0.1)
347.6515 	EXP 	LDT_stim_text: height = np.float64(0.1)
347.6515 	EXP 	LDT_stim_text: text = 'jeed'
347.6515 	EXP 	LDT_fix_text: autoDraw = True
347.6521 	DATA 	Keypress: a
347.7518 	EXP 	Device response: <KeyPress from None: t=347.6370837999857, value=a, duration=0.11188360000960529>
348.1353 	EXP 	LDT_stim_text: autoDraw = True
348.1436 	EXP 	LDT_fix_text: autoDraw = False
348.8196 	EXP 	Device response: <KeyPress from None: t=348.8128762000124, value=a, duration=None>
348.8200 	EXP 	New trial (rep=0, index=166): <Trial 166 (166 in rep 0) data={'Task': 'LDT', 'TrialType': 'Target', 'Stimuli': 'gied', 'StimulusType': 'nonword', 'CorrectResponse': 'a', 'Trialnumb': 146, 'thisN': 166, 'thisTrialN': 166, 'thisRepN': 0}>
348.8276 	EXP 	LDT_fix_text: autoDraw = False
348.8276 	EXP 	LDT_stim_text: autoDraw = False
348.8276 	EXP 	LDT_break_text: autoDraw = False
348.8276 	EXP 	LDT_stim_text: height = np.float64(0.1)
348.8276 	EXP 	LDT_stim_text: height = np.float64(0.1)
348.8276 	EXP 	LDT_stim_text: height = np.float64(0.1)
348.8276 	EXP 	LDT_stim_text: text = 'gied'
348.8276 	EXP 	LDT_fix_text: autoDraw = True
348.8281 	DATA 	Keypress: a
348.9196 	EXP 	Device response: <KeyPress from None: t=348.8128762000124, value=a, duration=0.10381269996287301>
349.3115 	EXP 	LDT_stim_text: autoDraw = True
349.3198 	EXP 	LDT_fix_text: autoDraw = False
349.9040 	EXP 	Device response: <KeyPress from None: t=349.90151830000104, value=a, duration=None>
349.9042 	EXP 	New trial (rep=0, index=167): <Trial 167 (167 in rep 0) data={'Task': 'LDT', 'TrialType': 'Target', 'Stimuli': 'come', 'StimulusType': 'word', 'CorrectResponse': 'l', 'Trialnumb': 7, 'thisN': 167, 'thisTrialN': 167, 'thisRepN': 0}>
349.9120 	EXP 	LDT_fix_text: autoDraw = False
349.9120 	EXP 	LDT_stim_text: autoDraw = False
349.9120 	EXP 	LDT_break_text: autoDraw = False
349.9120 	EXP 	LDT_stim_text: height = np.float64(0.1)
349.9120 	EXP 	LDT_stim_text: height = np.float64(0.1)
349.9120 	EXP 	LDT_stim_text: height = np.float64(0.1)
349.9120 	EXP 	LDT_stim_text: text = 'come'
349.9120 	EXP 	LDT_fix_text: autoDraw = True
349.9126 	DATA 	Keypress: a
349.9957 	EXP 	Device response: <KeyPress from None: t=349.90151830000104, value=a, duration=0.08791389997350052>
350.3959 	EXP 	LDT_stim_text: autoDraw = True
350.4043 	EXP 	LDT_fix_text: autoDraw = False
350.9635 	EXP 	Device response: <KeyPress from None: t=350.95831769995857, value=l, duration=None>
350.9637 	EXP 	New trial (rep=0, index=168): <Trial 168 (168 in rep 0) data={'Task': 'LDT', 'TrialType': 'Target', 'Stimuli': 'colo', 'StimulusType': 'nonword', 'CorrectResponse': 'a', 'Trialnumb': 131, 'thisN': 168, 'thisTrialN': 168, 'thisRepN': 0}>
350.9715 	EXP 	LDT_fix_text: autoDraw = False
350.9715 	EXP 	LDT_stim_text: autoDraw = False
350.9715 	EXP 	LDT_break_text: autoDraw = False
350.9715 	EXP 	LDT_stim_text: height = np.float64(0.1)
350.9715 	EXP 	LDT_stim_text: height = np.float64(0.1)
350.9715 	EXP 	LDT_stim_text: height = np.float64(0.1)
350.9715 	EXP 	LDT_stim_text: text = 'colo'
350.9715 	EXP 	LDT_fix_text: autoDraw = True
350.9723 	DATA 	Keypress: l
351.0552 	EXP 	Device response: <KeyPress from None: t=350.95831769995857, value=l, duration=0.09527849999722093>
351.4552 	EXP 	LDT_stim_text: autoDraw = True
351.4636 	EXP 	LDT_fix_text: autoDraw = False
352.6902 	EXP 	Device response: <KeyPress from None: t=352.68489909998607, value=a, duration=None>
352.6904 	EXP 	New trial (rep=0, index=169): <Trial 169 (169 in rep 0) data={'Task': 'LDT', 'TrialType': 'Target', 'Stimuli': 'hold', 'StimulusType': 'word', 'CorrectResponse': 'l', 'Trialnumb': 54, 'thisN': 169, 'thisTrialN': 169, 'thisRepN': 0}>
352.6982 	EXP 	LDT_fix_text: autoDraw = False
352.6982 	EXP 	LDT_stim_text: autoDraw = False
352.6982 	EXP 	LDT_break_text: autoDraw = False
352.6982 	EXP 	LDT_stim_text: height = np.float64(0.1)
352.6982 	EXP 	LDT_stim_text: height = np.float64(0.1)
352.6982 	EXP 	LDT_stim_text: height = np.float64(0.1)
352.6982 	EXP 	LDT_stim_text: text = 'hold'
352.6982 	EXP 	LDT_fix_text: autoDraw = True
352.6987 	DATA 	Keypress: a
352.7652 	EXP 	Device response: <KeyPress from None: t=352.68489909998607, value=a, duration=0.07286499999463558>
353.1819 	EXP 	LDT_stim_text: autoDraw = True
353.1903 	EXP 	LDT_fix_text: autoDraw = False
353.7662 	EXP 	Device response: <KeyPress from None: t=353.7650942999753, value=l, duration=None>
353.7664 	EXP 	New trial (rep=0, index=170): <Trial 170 (170 in rep 0) data={'Task': 'LDT', 'TrialType': 'Target', 'Stimuli': 'few', 'StimulusType': 'word', 'CorrectResponse': 'l', 'Trialnumb': 18, 'thisN': 170, 'thisTrialN': 170, 'thisRepN': 0}>
353.7742 	EXP 	LDT_fix_text: autoDraw = False
353.7742 	EXP 	LDT_stim_text: autoDraw = False
353.7742 	EXP 	LDT_break_text: autoDraw = False
353.7742 	EXP 	LDT_stim_text: height = np.float64(0.1)
353.7742 	EXP 	LDT_stim_text: height = np.float64(0.1)
353.7742 	EXP 	LDT_stim_text: height = np.float64(0.1)
353.7742 	EXP 	LDT_stim_text: text = 'few'
353.7742 	EXP 	LDT_fix_text: autoDraw = True
353.7747 	DATA 	Keypress: l
353.8330 	EXP 	Device response: <KeyPress from None: t=353.7650942999753, value=l, duration=0.06358240003464743>
354.2580 	EXP 	LDT_stim_text: autoDraw = True
354.2663 	EXP 	LDT_fix_text: autoDraw = False
354.8840 	EXP 	Device response: <KeyPress from None: t=354.87851279997267, value=l, duration=None>
354.8842 	EXP 	New trial (rep=0, index=171): <Trial 171 (171 in rep 0) data={'Task': 'LDT', 'TrialType': 'Target', 'Stimuli': 'lill', 'StimulusType': 'nonword', 'CorrectResponse': 'a', 'Trialnumb': 168, 'thisN': 171, 'thisTrialN': 171, 'thisRepN': 0}>
354.8921 	EXP 	LDT_fix_text: autoDraw = False
354.8921 	EXP 	LDT_stim_text: autoDraw = False
354.8921 	EXP 	LDT_break_text: autoDraw = False
354.8921 	EXP 	LDT_stim_text: height = np.float64(0.1)
354.8921 	EXP 	LDT_stim_text: height = np.float64(0.1)
354.8921 	EXP 	LDT_stim_text: height = np.float64(0.1)
354.8921 	EXP 	LDT_stim_text: text = 'lill'
354.8921 	EXP 	LDT_fix_text: autoDraw = True
354.8926 	DATA 	Keypress: l
354.9426 	EXP 	Device response: <KeyPress from None: t=354.87851279997267, value=l, duration=0.06311610003467649>
355.3758 	EXP 	LDT_stim_text: autoDraw = True
355.3841 	EXP 	LDT_fix_text: autoDraw = False
356.3771 	EXP 	Device response: <KeyPress from None: t=356.3731780999806, value=a, duration=None>
356.3773 	EXP 	New trial (rep=0, index=172): <Trial 172 (172 in rep 0) data={'Task': 'LDT', 'TrialType': 'Target', 'Stimuli': 'end', 'StimulusType': 'word', 'CorrectResponse': 'l', 'Trialnumb': 33, 'thisN': 172, 'thisTrialN': 172, 'thisRepN': 0}>
356.3852 	EXP 	LDT_fix_text: autoDraw = False
356.3852 	EXP 	LDT_stim_text: autoDraw = False
356.3852 	EXP 	LDT_break_text: autoDraw = False
356.3852 	EXP 	LDT_stim_text: height = np.float64(0.1)
356.3852 	EXP 	LDT_stim_text: height = np.float64(0.1)
356.3852 	EXP 	LDT_stim_text: height = np.float64(0.1)
356.3852 	EXP 	LDT_stim_text: text = 'end'
356.3852 	EXP 	LDT_fix_text: autoDraw = True
356.3857 	DATA 	Keypress: a
356.4521 	EXP 	Device response: <KeyPress from None: t=356.3731780999806, value=a, duration=0.07146529998863116>
356.8690 	EXP 	LDT_stim_text: autoDraw = True
356.8773 	EXP 	LDT_fix_text: autoDraw = False
358.1621 	EXP 	Device response: <KeyPress from None: t=358.1568023999571, value=l, duration=None>
358.1624 	EXP 	New trial (rep=0, index=173): <Trial 173 (173 in rep 0) data={'Task': 'LDT', 'TrialType': 'Target', 'Stimuli': 'borm', 'StimulusType': 'nonword', 'CorrectResponse': 'a', 'Trialnumb': 124, 'thisN': 173, 'thisTrialN': 173, 'thisRepN': 0}>
358.1702 	EXP 	LDT_fix_text: autoDraw = False
358.1702 	EXP 	LDT_stim_text: autoDraw = False
358.1702 	EXP 	LDT_break_text: autoDraw = False
358.1702 	EXP 	LDT_stim_text: height = np.float64(0.1)
358.1702 	EXP 	LDT_stim_text: height = np.float64(0.1)
358.1702 	EXP 	LDT_stim_text: height = np.float64(0.1)
358.1702 	EXP 	LDT_stim_text: text = 'borm'
358.1702 	EXP 	LDT_fix_text: autoDraw = True
358.1708 	DATA 	Keypress: l
358.2123 	EXP 	Device response: <KeyPress from None: t=358.1568023999571, value=l, duration=0.04832990001887083>
358.6540 	EXP 	LDT_stim_text: autoDraw = True
358.6624 	EXP 	LDT_fix_text: autoDraw = False
360.5895 	EXP 	Device response: <KeyPress from None: t=360.5816718999995, value=a, duration=None>
360.5898 	EXP 	New trial (rep=0, index=174): <Trial 174 (174 in rep 0) data={'Task': 'LDT', 'TrialType': 'Target', 'Stimuli': 'trin', 'StimulusType': 'nonword', 'CorrectResponse': 'a', 'Trialnumb': 207, 'thisN': 174, 'thisTrialN': 174, 'thisRepN': 0}>
360.5976 	EXP 	LDT_fix_text: autoDraw = False
360.5976 	EXP 	LDT_stim_text: autoDraw = False
360.5976 	EXP 	LDT_break_text: autoDraw = False
360.5976 	EXP 	LDT_stim_text: height = np.float64(0.1)
360.5976 	EXP 	LDT_stim_text: height = np.float64(0.1)
360.5976 	EXP 	LDT_stim_text: height = np.float64(0.1)
360.5976 	EXP 	LDT_stim_text: text = 'trin'
360.5976 	EXP 	LDT_fix_text: autoDraw = True
360.5981 	DATA 	Keypress: a
360.6314 	EXP 	Device response: <KeyPress from None: t=360.5816718999995, value=a, duration=0.047878599958494306>
361.0815 	EXP 	LDT_stim_text: autoDraw = True
361.0898 	EXP 	LDT_fix_text: autoDraw = False
362.2913 	EXP 	Device response: <KeyPress from None: t=362.2855947999633, value=a, duration=None>
362.2916 	EXP 	New trial (rep=0, index=175): <Trial 175 (175 in rep 0) data={'Task': 'LDT', 'TrialType': 'Target', 'Stimuli': 'loak', 'StimulusType': 'nonword', 'CorrectResponse': 'a', 'Trialnumb': 169, 'thisN': 175, 'thisTrialN': 175, 'thisRepN': 0}>
362.2993 	EXP 	LDT_fix_text: autoDraw = False
362.2993 	EXP 	LDT_stim_text: autoDraw = False
362.2993 	EXP 	LDT_break_text: autoDraw = False
362.2993 	EXP 	LDT_stim_text: height = np.float64(0.1)
362.2993 	EXP 	LDT_stim_text: height = np.float64(0.1)
362.2993 	EXP 	LDT_stim_text: height = np.float64(0.1)
362.2993 	EXP 	LDT_stim_text: text = 'loak'
362.2993 	EXP 	LDT_fix_text: autoDraw = True
362.2999 	DATA 	Keypress: a
362.3747 	EXP 	Device response: <KeyPress from None: t=362.2855947999633, value=a, duration=0.08110400004079565>
362.7831 	EXP 	LDT_stim_text: autoDraw = True
362.7915 	EXP 	LDT_fix_text: autoDraw = False
365.3694 	EXP 	Device response: <KeyPress from None: t=365.3655401999713, value=a, duration=None>
365.3696 	EXP 	New trial (rep=0, index=176): <Trial 176 (176 in rep 0) data={'Task': 'LDT', 'TrialType': 'Target', 'Stimuli': 'grew', 'StimulusType': 'word', 'CorrectResponse': 'l', 'Trialnumb': 89, 'thisN': 176, 'thisTrialN': 176, 'thisRepN': 0}>
365.3774 	EXP 	LDT_fix_text: autoDraw = False
365.3774 	EXP 	LDT_stim_text: autoDraw = False
365.3774 	EXP 	LDT_break_text: autoDraw = False
365.3774 	EXP 	LDT_stim_text: height = np.float64(0.1)
365.3774 	EXP 	LDT_stim_text: height = np.float64(0.1)
365.3774 	EXP 	LDT_stim_text: height = np.float64(0.1)
365.3774 	EXP 	LDT_stim_text: text = 'grew'
365.3774 	EXP 	LDT_fix_text: autoDraw = True
365.3781 	DATA 	Keypress: a
365.4611 	EXP 	Device response: <KeyPress from None: t=365.3655401999713, value=a, duration=0.08780259999912232>
365.8612 	EXP 	LDT_stim_text: autoDraw = True
365.8696 	EXP 	LDT_fix_text: autoDraw = False
366.6374 	EXP 	Device response: <KeyPress from None: t=366.63682159996824, value=l, duration=None>
366.6376 	EXP 	New trial (rep=0, index=177): <Trial 177 (177 in rep 0) data={'Task': 'LDT', 'TrialType': 'Target', 'Stimuli': 'last', 'StimulusType': 'word', 'CorrectResponse': 'l', 'Trialnumb': 11, 'thisN': 177, 'thisTrialN': 177, 'thisRepN': 0}>
366.6453 	EXP 	LDT_fix_text: autoDraw = False
366.6453 	EXP 	LDT_stim_text: autoDraw = False
366.6453 	EXP 	LDT_break_text: autoDraw = False
366.6453 	EXP 	LDT_stim_text: height = np.float64(0.1)
366.6453 	EXP 	LDT_stim_text: height = np.float64(0.1)
366.6453 	EXP 	LDT_stim_text: height = np.float64(0.1)
366.6453 	EXP 	LDT_stim_text: text = 'last'
366.6453 	EXP 	LDT_fix_text: autoDraw = True
366.6459 	DATA 	Keypress: l
366.7041 	EXP 	Device response: <KeyPress from None: t=366.63682159996824, value=l, duration=0.06446319998940453>
367.1292 	EXP 	LDT_stim_text: autoDraw = True
367.1375 	EXP 	LDT_fix_text: autoDraw = False
368.1304 	EXP 	Device response: <KeyPress from None: t=368.1259187000105, value=l, duration=None>
368.1307 	EXP 	New trial (rep=0, index=178): <Trial 178 (178 in rep 0) data={'Task': 'LDT', 'TrialType': 'Target', 'Stimuli': 'high', 'StimulusType': 'word', 'CorrectResponse': 'l', 'Trialnumb': 16, 'thisN': 178, 'thisTrialN': 178, 'thisRepN': 0}>
368.1386 	EXP 	LDT_fix_text: autoDraw = False
368.1386 	EXP 	LDT_stim_text: autoDraw = False
368.1386 	EXP 	LDT_break_text: autoDraw = False
368.1386 	EXP 	LDT_stim_text: height = np.float64(0.1)
368.1386 	EXP 	LDT_stim_text: height = np.float64(0.1)
368.1386 	EXP 	LDT_stim_text: height = np.float64(0.1)
368.1386 	EXP 	LDT_stim_text: text = 'high'
368.1386 	EXP 	LDT_fix_text: autoDraw = True
368.1393 	DATA 	Keypress: l
368.1973 	EXP 	Device response: <KeyPress from None: t=368.1259187000105, value=l, duration=0.06290689995512366>
368.6224 	EXP 	LDT_stim_text: autoDraw = True
368.6307 	EXP 	LDT_fix_text: autoDraw = False
369.1231 	EXP 	Device response: <KeyPress from None: t=369.1181898000068, value=l, duration=None>
369.1233 	EXP 	New trial (rep=0, index=179): <Trial 179 (179 in rep 0) data={'Task': 'LDT', 'TrialType': 'Target', 'Stimuli': 'man', 'StimulusType': 'word', 'CorrectResponse': 'l', 'Trialnumb': 12, 'thisN': 179, 'thisTrialN': 179, 'thisRepN': 0}>
369.1311 	EXP 	LDT_fix_text: autoDraw = False
369.1311 	EXP 	LDT_stim_text: autoDraw = False
369.1311 	EXP 	LDT_break_text: autoDraw = False
369.1311 	EXP 	LDT_stim_text: height = np.float64(0.1)
369.1311 	EXP 	LDT_stim_text: height = np.float64(0.1)
369.1311 	EXP 	LDT_stim_text: height = np.float64(0.1)
369.1311 	EXP 	LDT_stim_text: text = 'man'
369.1311 	EXP 	LDT_fix_text: autoDraw = True
369.1317 	DATA 	Keypress: l
369.1816 	EXP 	Device response: <KeyPress from None: t=369.1181898000068, value=l, duration=0.0629518999485299>
369.6149 	EXP 	LDT_stim_text: autoDraw = True
369.6233 	EXP 	LDT_fix_text: autoDraw = False
370.2242 	EXP 	Device response: <KeyPress from None: t=370.2208873999771, value=l, duration=None>
370.2245 	EXP 	New trial (rep=0, index=180): <Trial 180 (180 in rep 0) data={'Task': 'LDT', 'TrialType': 'Target', 'Stimuli': 'fall', 'StimulusType': 'word', 'CorrectResponse': 'l', 'Trialnumb': 62, 'thisN': 180, 'thisTrialN': 180, 'thisRepN': 0}>
370.2323 	EXP 	LDT_fix_text: autoDraw = False
370.2323 	EXP 	LDT_stim_text: autoDraw = False
370.2323 	EXP 	LDT_break_text: autoDraw = False
370.2323 	EXP 	LDT_stim_text: height = np.float64(0.1)
370.2323 	EXP 	LDT_stim_text: height = np.float64(0.1)
370.2323 	EXP 	LDT_stim_text: height = np.float64(0.1)
370.2323 	EXP 	LDT_stim_text: text = 'fall'
370.2323 	EXP 	LDT_fix_text: autoDraw = True
370.2329 	DATA 	Keypress: l
370.2826 	EXP 	Device response: <KeyPress from None: t=370.2208873999771, value=l, duration=0.055860200023744255>
370.7161 	EXP 	LDT_stim_text: autoDraw = True
370.7244 	EXP 	LDT_fix_text: autoDraw = False
371.2753 	EXP 	Device response: <KeyPress from None: t=371.27039989997866, value=l, duration=None>
371.2756 	EXP 	New trial (rep=0, index=181): <Trial 181 (181 in rep 0) data={'Task': 'LDT', 'TrialType': 'Target', 'Stimuli': 'look', 'StimulusType': 'word', 'CorrectResponse': 'l', 'Trialnumb': 2, 'thisN': 181, 'thisTrialN': 181, 'thisRepN': 0}>
371.2835 	EXP 	LDT_fix_text: autoDraw = False
371.2835 	EXP 	LDT_stim_text: autoDraw = False
371.2835 	EXP 	LDT_break_text: autoDraw = False
371.2835 	EXP 	LDT_stim_text: height = np.float64(0.1)
371.2835 	EXP 	LDT_stim_text: height = np.float64(0.1)
371.2835 	EXP 	LDT_stim_text: height = np.float64(0.1)
371.2835 	EXP 	LDT_stim_text: text = 'look'
371.2835 	EXP 	LDT_fix_text: autoDraw = True
371.2842 	DATA 	Keypress: l
371.3253 	EXP 	Device response: <KeyPress from None: t=371.27039989997866, value=l, duration=0.046441900019999593>
371.7671 	EXP 	LDT_stim_text: autoDraw = True
371.7754 	EXP 	LDT_fix_text: autoDraw = False
372.3095 	EXP 	Device response: <KeyPress from None: t=372.30157619999954, value=l, duration=None>
372.3098 	EXP 	New trial (rep=0, index=182): <Trial 182 (182 in rep 0) data={'Task': 'LDT', 'TrialType': 'Target', 'Stimuli': 'stip', 'StimulusType': 'nonword', 'CorrectResponse': 'a', 'Trialnumb': 200, 'thisN': 182, 'thisTrialN': 182, 'thisRepN': 0}>
372.3178 	EXP 	LDT_fix_text: autoDraw = False
372.3178 	EXP 	LDT_stim_text: autoDraw = False
372.3178 	EXP 	LDT_break_text: autoDraw = False
372.3178 	EXP 	LDT_stim_text: height = np.float64(0.1)
372.3178 	EXP 	LDT_stim_text: height = np.float64(0.1)
372.3178 	EXP 	LDT_stim_text: height = np.float64(0.1)
372.3178 	EXP 	LDT_stim_text: text = 'stip'
372.3178 	EXP 	LDT_fix_text: autoDraw = True
372.3182 	DATA 	Keypress: l
372.3346 	EXP 	Device response: <KeyPress from None: t=372.30157619999954, value=l, duration=0.03155039995908737>
372.8015 	EXP 	LDT_stim_text: autoDraw = True
372.8098 	EXP 	LDT_fix_text: autoDraw = False
374.1948 	EXP 	Device response: <KeyPress from None: t=374.18898929998977, value=a, duration=None>
374.1950 	EXP 	New trial (rep=0, index=183): <Trial 183 (183 in rep 0) data={'Task': 'LDT', 'TrialType': 'Target', 'Stimuli': 'dass', 'StimulusType': 'nonword', 'CorrectResponse': 'a', 'Trialnumb': 135, 'thisN': 183, 'thisTrialN': 183, 'thisRepN': 0}>
374.2029 	EXP 	LDT_fix_text: autoDraw = False
374.2029 	EXP 	LDT_stim_text: autoDraw = False
374.2029 	EXP 	LDT_break_text: autoDraw = False
374.2029 	EXP 	LDT_stim_text: height = np.float64(0.1)
374.2029 	EXP 	LDT_stim_text: height = np.float64(0.1)
374.2029 	EXP 	LDT_stim_text: height = np.float64(0.1)
374.2029 	EXP 	LDT_stim_text: text = 'dass'
374.2029 	EXP 	LDT_fix_text: autoDraw = True
374.2035 	DATA 	Keypress: a
374.2615 	EXP 	Device response: <KeyPress from None: t=374.18898929998977, value=a, duration=0.06452139996690676>
374.6867 	EXP 	LDT_stim_text: autoDraw = True
374.6950 	EXP 	LDT_fix_text: autoDraw = False
375.5046 	EXP 	Device response: <KeyPress from None: t=375.5009300999809, value=a, duration=None>
375.5048 	EXP 	New trial (rep=0, index=184): <Trial 184 (184 in rep 0) data={'Task': 'LDT', 'TrialType': 'Target', 'Stimuli': 'green', 'StimulusType': 'word', 'CorrectResponse': 'l', 'Trialnumb': 38, 'thisN': 184, 'thisTrialN': 184, 'thisRepN': 0}>
375.5125 	EXP 	LDT_fix_text: autoDraw = False
375.5125 	EXP 	LDT_stim_text: autoDraw = False
375.5125 	EXP 	LDT_break_text: autoDraw = False
375.5125 	EXP 	LDT_stim_text: height = np.float64(0.1)
375.5125 	EXP 	LDT_stim_text: height = np.float64(0.1)
375.5125 	EXP 	LDT_stim_text: height = np.float64(0.1)
375.5125 	EXP 	LDT_stim_text: text = 'green'
375.5125 	EXP 	LDT_fix_text: autoDraw = True
375.5130 	DATA 	Keypress: a
375.5629 	EXP 	Device response: <KeyPress from None: t=375.5009300999809, value=a, duration=0.05626089998986572>
375.9964 	EXP 	LDT_stim_text: autoDraw = True
376.0046 	EXP 	LDT_fix_text: autoDraw = False
376.6390 	EXP 	Device response: <KeyPress from None: t=376.6375862999703, value=l, duration=None>
376.6392 	EXP 	New trial (rep=0, index=185): <Trial 185 (185 in rep 0) data={'Task': 'LDT', 'TrialType': 'Target', 'Stimuli': 'water', 'StimulusType': 'word', 'CorrectResponse': 'l', 'Trialnumb': 3, 'thisN': 185, 'thisTrialN': 185, 'thisRepN': 0}>
376.6469 	EXP 	LDT_fix_text: autoDraw = False
376.6469 	EXP 	LDT_stim_text: autoDraw = False
376.6469 	EXP 	LDT_break_text: autoDraw = False
376.6469 	EXP 	LDT_stim_text: height = np.float64(0.1)
376.6469 	EXP 	LDT_stim_text: height = np.float64(0.1)
376.6469 	EXP 	LDT_stim_text: height = np.float64(0.1)
376.6469 	EXP 	LDT_stim_text: text = 'water'
376.6469 	EXP 	LDT_fix_text: autoDraw = True
376.6475 	DATA 	Keypress: l
376.6889 	EXP 	Device response: <KeyPress from None: t=376.6375862999703, value=l, duration=0.04753620002884418>
377.1308 	EXP 	LDT_stim_text: autoDraw = True
377.1392 	EXP 	LDT_fix_text: autoDraw = False
377.5565 	EXP 	Device response: <KeyPress from None: t=377.5495043999981, value=l, duration=None>
377.5568 	EXP 	New trial (rep=0, index=186): <Trial 186 (186 in rep 0) data={'Task': 'LDT', 'TrialType': 'Target', 'Stimuli': 'hirs', 'StimulusType': 'nonword', 'CorrectResponse': 'a', 'Trialnumb': 153, 'thisN': 186, 'thisTrialN': 186, 'thisRepN': 0}>
377.5646 	EXP 	LDT_fix_text: autoDraw = False
377.5646 	EXP 	LDT_stim_text: autoDraw = False
377.5646 	EXP 	LDT_break_text: autoDraw = False
377.5646 	EXP 	LDT_stim_text: height = np.float64(0.1)
377.5646 	EXP 	LDT_stim_text: height = np.float64(0.1)
377.5646 	EXP 	LDT_stim_text: height = np.float64(0.1)
377.5646 	EXP 	LDT_stim_text: text = 'hirs'
377.5646 	EXP 	LDT_fix_text: autoDraw = True
377.5652 	DATA 	Keypress: l
377.5983 	EXP 	Device response: <KeyPress from None: t=377.5495043999981, value=l, duration=0.04130159999476746>
378.0483 	EXP 	LDT_stim_text: autoDraw = True
378.0567 	EXP 	LDT_fix_text: autoDraw = False
379.0246 	EXP 	Device response: <KeyPress from None: t=379.0206952999579, value=a, duration=None>
379.0249 	EXP 	New trial (rep=0, index=187): <Trial 187 (187 in rep 0) data={'Task': 'LDT', 'TrialType': 'Target', 'Stimuli': 'show', 'StimulusType': 'word', 'CorrectResponse': 'l', 'Trialnumb': 21, 'thisN': 187, 'thisTrialN': 187, 'thisRepN': 0}>
379.0326 	EXP 	LDT_fix_text: autoDraw = False
379.0326 	EXP 	LDT_stim_text: autoDraw = False
379.0326 	EXP 	LDT_break_text: autoDraw = False
379.0326 	EXP 	LDT_stim_text: height = np.float64(0.1)
379.0326 	EXP 	LDT_stim_text: height = np.float64(0.1)
379.0326 	EXP 	LDT_stim_text: height = np.float64(0.1)
379.0326 	EXP 	LDT_stim_text: text = 'show'
379.0326 	EXP 	LDT_fix_text: autoDraw = True
379.0331 	DATA 	Keypress: a
379.0913 	EXP 	Device response: <KeyPress from None: t=379.0206952999579, value=a, duration=0.06403120001778007>
379.5165 	EXP 	LDT_stim_text: autoDraw = True
379.5249 	EXP 	LDT_fix_text: autoDraw = False
380.4762 	EXP 	Device response: <KeyPress from None: t=380.46946240001125, value=l, duration=None>
380.4764 	EXP 	New trial (rep=0, index=188): <Trial 188 (188 in rep 0) data={'Task': 'LDT', 'TrialType': 'Target', 'Stimuli': 'plue', 'StimulusType': 'nonword', 'CorrectResponse': 'a', 'Trialnumb': 181, 'thisN': 188, 'thisTrialN': 188, 'thisRepN': 0}>
380.4841 	EXP 	LDT_fix_text: autoDraw = False
380.4841 	EXP 	LDT_stim_text: autoDraw = False
380.4841 	EXP 	LDT_break_text: autoDraw = False
380.4841 	EXP 	LDT_stim_text: height = np.float64(0.1)
380.4841 	EXP 	LDT_stim_text: height = np.float64(0.1)
380.4841 	EXP 	LDT_stim_text: height = np.float64(0.1)
380.4841 	EXP 	LDT_stim_text: text = 'plue'
380.4841 	EXP 	LDT_fix_text: autoDraw = True
380.4846 	DATA 	Keypress: l
380.5177 	EXP 	Device response: <KeyPress from None: t=380.46946240001125, value=l, duration=0.04768049996346235>
380.9679 	EXP 	LDT_stim_text: autoDraw = True
380.9763 	EXP 	LDT_fix_text: autoDraw = False
382.6618 	EXP 	Device response: <KeyPress from None: t=382.66145829996094, value=a, duration=None>
382.6700 	EXP 	New trial (rep=0, index=189): <Trial 189 (189 in rep 0) data={'Task': 'LDT', 'TrialType': 'Target', 'Stimuli': 'basp', 'StimulusType': 'nonword', 'CorrectResponse': 'a', 'Trialnumb': 118, 'thisN': 189, 'thisTrialN': 189, 'thisRepN': 0}>
382.6713 	DATA 	Keypress: a
382.6780 	EXP 	LDT_fix_text: autoDraw = False
382.6780 	EXP 	LDT_stim_text: autoDraw = False
382.6780 	EXP 	LDT_break_text: autoDraw = False
382.6780 	EXP 	LDT_stim_text: height = np.float64(0.1)
382.6780 	EXP 	LDT_stim_text: height = np.float64(0.1)
382.6780 	EXP 	LDT_stim_text: height = np.float64(0.1)
382.6780 	EXP 	LDT_stim_text: text = 'basp'
382.6780 	EXP 	LDT_fix_text: autoDraw = True
382.7537 	EXP 	Device response: <KeyPress from None: t=382.66145829996094, value=a, duration=0.08758950000628829>
383.1618 	EXP 	LDT_stim_text: autoDraw = True
383.1701 	EXP 	LDT_fix_text: autoDraw = False
383.8713 	EXP 	Device response: <KeyPress from None: t=383.868747600005, value=a, duration=None>
383.8716 	EXP 	New trial (rep=0, index=190): <Trial 190 (190 in rep 0) data={'Task': 'LDT', 'TrialType': 'Target', 'Stimuli': 'werd', 'StimulusType': 'nonword', 'CorrectResponse': 'a', 'Trialnumb': 216, 'thisN': 190, 'thisTrialN': 190, 'thisRepN': 0}>
383.8791 	EXP 	LDT_fix_text: autoDraw = False
383.8791 	EXP 	LDT_stim_text: autoDraw = False
383.8791 	EXP 	LDT_break_text: autoDraw = False
383.8791 	EXP 	LDT_stim_text: height = np.float64(0.1)
383.8791 	EXP 	LDT_stim_text: height = np.float64(0.1)
383.8791 	EXP 	LDT_stim_text: height = np.float64(0.1)
383.8791 	EXP 	LDT_stim_text: text = 'werd'
383.8791 	EXP 	LDT_fix_text: autoDraw = True
383.8798 	DATA 	Keypress: a
383.9628 	EXP 	Device response: <KeyPress from None: t=383.868747600005, value=a, duration=0.08854470000369474>
384.3629 	EXP 	LDT_stim_text: autoDraw = True
384.3713 	EXP 	LDT_fix_text: autoDraw = False
385.0055 	EXP 	Device response: <KeyPress from None: t=385.0049737999798, value=a, duration=None>
385.0057 	EXP 	New trial (rep=0, index=191): <Trial 191 (191 in rep 0) data={'Task': 'LDT', 'TrialType': 'Target', 'Stimuli': 'fere', 'StimulusType': 'nonword', 'CorrectResponse': 'a', 'Trialnumb': 140, 'thisN': 191, 'thisTrialN': 191, 'thisRepN': 0}>
385.0136 	EXP 	LDT_fix_text: autoDraw = False
385.0136 	EXP 	LDT_stim_text: autoDraw = False
385.0136 	EXP 	LDT_break_text: autoDraw = False
385.0136 	EXP 	LDT_stim_text: height = np.float64(0.1)
385.0136 	EXP 	LDT_stim_text: height = np.float64(0.1)
385.0136 	EXP 	LDT_stim_text: height = np.float64(0.1)
385.0136 	EXP 	LDT_stim_text: text = 'fere'
385.0136 	EXP 	LDT_fix_text: autoDraw = True
385.0142 	DATA 	Keypress: a
385.0639 	EXP 	Device response: <KeyPress from None: t=385.0049737999798, value=a, duration=0.05586399999447167>
385.4975 	EXP 	LDT_stim_text: autoDraw = True
385.5057 	EXP 	LDT_fix_text: autoDraw = False
386.1735 	EXP 	Device response: <KeyPress from None: t=386.1728371999925, value=a, duration=None>
386.1738 	EXP 	New trial (rep=0, index=192): <Trial 192 (192 in rep 0) data={'Task': 'LDT', 'TrialType': 'Target', 'Stimuli': 'host', 'StimulusType': 'word', 'CorrectResponse': 'l', 'Trialnumb': 106, 'thisN': 192, 'thisTrialN': 192, 'thisRepN': 0}>
386.1814 	EXP 	LDT_fix_text: autoDraw = False
386.1814 	EXP 	LDT_stim_text: autoDraw = False
386.1814 	EXP 	LDT_break_text: autoDraw = False
386.1814 	EXP 	LDT_stim_text: height = np.float64(0.1)
386.1814 	EXP 	LDT_stim_text: height = np.float64(0.1)
386.1814 	EXP 	LDT_stim_text: height = np.float64(0.1)
386.1814 	EXP 	LDT_stim_text: text = 'host'
386.1814 	EXP 	LDT_fix_text: autoDraw = True
386.1820 	DATA 	Keypress: a
386.2652 	EXP 	Device response: <KeyPress from None: t=386.1728371999925, value=a, duration=0.08816049998858944>
386.6653 	EXP 	LDT_stim_text: autoDraw = True
386.6736 	EXP 	LDT_fix_text: autoDraw = False
387.4913 	EXP 	Device response: <KeyPress from None: t=387.48536339995917, value=l, duration=None>
387.4916 	EXP 	New trial (rep=0, index=193): <Trial 193 (193 in rep 0) data={'Task': 'LDT', 'TrialType': 'Target', 'Stimuli': 'bint', 'StimulusType': 'nonword', 'CorrectResponse': 'a', 'Trialnumb': 122, 'thisN': 193, 'thisTrialN': 193, 'thisRepN': 0}>
387.4994 	EXP 	LDT_fix_text: autoDraw = False
387.4994 	EXP 	LDT_stim_text: autoDraw = False
387.4994 	EXP 	LDT_break_text: autoDraw = False
387.4994 	EXP 	LDT_stim_text: height = np.float64(0.1)
387.4994 	EXP 	LDT_stim_text: height = np.float64(0.1)
387.4994 	EXP 	LDT_stim_text: height = np.float64(0.1)
387.4994 	EXP 	LDT_stim_text: text = 'bint'
387.4994 	EXP 	LDT_fix_text: autoDraw = True
387.5000 	DATA 	Keypress: l
387.5498 	EXP 	Device response: <KeyPress from None: t=387.48536339995917, value=l, duration=0.06324420002056286>
387.9833 	EXP 	LDT_stim_text: autoDraw = True
387.9915 	EXP 	LDT_fix_text: autoDraw = False
390.0939 	EXP 	Device response: <KeyPress from None: t=390.093401799968, value=a, duration=None>
390.0942 	EXP 	New trial (rep=0, index=194): <Trial 194 (194 in rep 0) data={'Task': 'LDT', 'TrialType': 'Target', 'Stimuli': 'word', 'StimulusType': 'word', 'CorrectResponse': 'l', 'Trialnumb': 47, 'thisN': 194, 'thisTrialN': 194, 'thisRepN': 0}>
390.1020 	EXP 	LDT_fix_text: autoDraw = False
390.1020 	EXP 	LDT_stim_text: autoDraw = False
390.1020 	EXP 	LDT_break_text: autoDraw = False
390.1020 	EXP 	LDT_stim_text: height = np.float64(0.1)
390.1020 	EXP 	LDT_stim_text: height = np.float64(0.1)
390.1020 	EXP 	LDT_stim_text: height = np.float64(0.1)
390.1020 	EXP 	LDT_stim_text: text = 'word'
390.1020 	EXP 	LDT_fix_text: autoDraw = True
390.1025 	DATA 	Keypress: a
390.1606 	EXP 	Device response: <KeyPress from None: t=390.093401799968, value=a, duration=0.06321530003333464>
390.5858 	EXP 	LDT_stim_text: autoDraw = True
390.5943 	EXP 	LDT_fix_text: autoDraw = False
391.1033 	EXP 	Device response: <KeyPress from None: t=391.10071480000624, value=l, duration=None>
391.1035 	EXP 	New trial (rep=0, index=195): <Trial 195 (195 in rep 0) data={'Task': 'LDT', 'TrialType': 'Target', 'Stimuli': 'anto', 'StimulusType': 'nonword', 'CorrectResponse': 'a', 'Trialnumb': 117, 'thisN': 195, 'thisTrialN': 195, 'thisRepN': 0}>
391.1113 	EXP 	LDT_fix_text: autoDraw = False
391.1113 	EXP 	LDT_stim_text: autoDraw = False
391.1113 	EXP 	LDT_break_text: autoDraw = False
391.1113 	EXP 	LDT_stim_text: height = np.float64(0.1)
391.1113 	EXP 	LDT_stim_text: height = np.float64(0.1)
391.1113 	EXP 	LDT_stim_text: height = np.float64(0.1)
391.1113 	EXP 	LDT_stim_text: text = 'anto'
391.1113 	EXP 	LDT_fix_text: autoDraw = True
391.1118 	DATA 	Keypress: l
391.1366 	EXP 	Device response: <KeyPress from None: t=391.10071480000624, value=l, duration=0.03287419996922836>
391.5951 	EXP 	LDT_stim_text: autoDraw = True
391.6035 	EXP 	LDT_fix_text: autoDraw = False
392.7216 	EXP 	Device response: <KeyPress from None: t=392.7181389000034, value=a, duration=None>
392.7218 	EXP 	New trial (rep=0, index=196): <Trial 196 (196 in rep 0) data={'Task': 'LDT', 'TrialType': 'Target', 'Stimuli': 'part', 'StimulusType': 'word', 'CorrectResponse': 'l', 'Trialnumb': 17, 'thisN': 196, 'thisTrialN': 196, 'thisRepN': 0}>
392.7297 	EXP 	LDT_fix_text: autoDraw = False
392.7297 	EXP 	LDT_stim_text: autoDraw = False
392.7297 	EXP 	LDT_break_text: autoDraw = False
392.7297 	EXP 	LDT_stim_text: height = np.float64(0.1)
392.7297 	EXP 	LDT_stim_text: height = np.float64(0.1)
392.7297 	EXP 	LDT_stim_text: height = np.float64(0.1)
392.7297 	EXP 	LDT_stim_text: text = 'part'
392.7297 	EXP 	LDT_fix_text: autoDraw = True
392.7302 	DATA 	Keypress: a
392.8049 	EXP 	Device response: <KeyPress from None: t=392.7181389000034, value=a, duration=0.07903590000933036>
393.2135 	EXP 	LDT_stim_text: autoDraw = True
393.2218 	EXP 	LDT_fix_text: autoDraw = False
394.0062 	EXP 	Device response: <KeyPress from None: t=394.0047979999799, value=l, duration=None>
394.0065 	EXP 	New trial (rep=0, index=197): <Trial 197 (197 in rep 0) data={'Task': 'LDT', 'TrialType': 'Target', 'Stimuli': 'vome', 'StimulusType': 'nonword', 'CorrectResponse': 'a', 'Trialnumb': 213, 'thisN': 197, 'thisTrialN': 197, 'thisRepN': 0}>
394.0142 	EXP 	LDT_fix_text: autoDraw = False
394.0142 	EXP 	LDT_stim_text: autoDraw = False
394.0142 	EXP 	LDT_break_text: autoDraw = False
394.0142 	EXP 	LDT_stim_text: height = np.float64(0.1)
394.0142 	EXP 	LDT_stim_text: height = np.float64(0.1)
394.0142 	EXP 	LDT_stim_text: height = np.float64(0.1)
394.0142 	EXP 	LDT_stim_text: text = 'vome'
394.0142 	EXP 	LDT_fix_text: autoDraw = True
394.0148 	DATA 	Keypress: l
394.0562 	EXP 	Device response: <KeyPress from None: t=394.0047979999799, value=l, duration=0.04808290000073612>
394.4980 	EXP 	LDT_stim_text: autoDraw = True
394.5064 	EXP 	LDT_fix_text: autoDraw = False
395.1656 	EXP 	Device response: <KeyPress from None: t=395.1576897999621, value=a, duration=None>
395.1659 	EXP 	New trial (rep=0, index=198): <Trial 198 (198 in rep 0) data={'Task': 'LDT', 'TrialType': 'Target', 'Stimuli': 'toop', 'StimulusType': 'nonword', 'CorrectResponse': 'a', 'Trialnumb': 204, 'thisN': 198, 'thisTrialN': 198, 'thisRepN': 0}>
395.1738 	EXP 	LDT_fix_text: autoDraw = False
395.1738 	EXP 	LDT_stim_text: autoDraw = False
395.1738 	EXP 	LDT_break_text: autoDraw = False
395.1738 	EXP 	LDT_stim_text: height = np.float64(0.1)
395.1738 	EXP 	LDT_stim_text: height = np.float64(0.1)
395.1738 	EXP 	LDT_stim_text: height = np.float64(0.1)
395.1738 	EXP 	LDT_stim_text: text = 'toop'
395.1738 	EXP 	LDT_fix_text: autoDraw = True
395.1742 	DATA 	Keypress: a
395.2490 	EXP 	Device response: <KeyPress from None: t=395.1576897999621, value=a, duration=0.08827400003792718>
395.6575 	EXP 	LDT_stim_text: autoDraw = True
395.6659 	EXP 	LDT_fix_text: autoDraw = False
396.4336 	EXP 	Device response: <KeyPress from None: t=396.4291772999568, value=a, duration=None>
396.4339 	EXP 	New trial (rep=0, index=199): <Trial 199 (199 in rep 0) data={'Task': 'LDT', 'TrialType': 'Target', 'Stimuli': 'smat', 'StimulusType': 'nonword', 'CorrectResponse': 'a', 'Trialnumb': 195, 'thisN': 199, 'thisTrialN': 199, 'thisRepN': 0}>
396.4416 	EXP 	LDT_fix_text: autoDraw = False
396.4416 	EXP 	LDT_stim_text: autoDraw = False
396.4416 	EXP 	LDT_break_text: autoDraw = False
396.4416 	EXP 	LDT_stim_text: height = np.float64(0.1)
396.4416 	EXP 	LDT_stim_text: height = np.float64(0.1)
396.4416 	EXP 	LDT_stim_text: height = np.float64(0.1)
396.4416 	EXP 	LDT_stim_text: text = 'smat'
396.4416 	EXP 	LDT_fix_text: autoDraw = True
396.4421 	DATA 	Keypress: a
396.5086 	EXP 	Device response: <KeyPress from None: t=396.4291772999568, value=a, duration=0.07223900000099093>
396.9254 	EXP 	LDT_stim_text: autoDraw = True
396.9338 	EXP 	LDT_fix_text: autoDraw = False
397.9436 	EXP 	Device response: <KeyPress from None: t=397.94192039995687, value=a, duration=None>
397.9439 	EXP 	New trial (rep=0, index=200): <Trial 200 (200 in rep 0) data={'Task': 'LDT', 'TrialType': 'Target', 'Stimuli': 'year', 'StimulusType': 'word', 'CorrectResponse': 'l', 'Trialnumb': 10, 'thisN': 200, 'thisTrialN': 200, 'thisRepN': 0}>
397.9515 	EXP 	LDT_fix_text: autoDraw = False
397.9515 	EXP 	LDT_stim_text: autoDraw = False
397.9515 	EXP 	LDT_break_text: autoDraw = False
397.9515 	EXP 	LDT_stim_text: height = np.float64(0.1)
397.9515 	EXP 	LDT_stim_text: height = np.float64(0.1)
397.9515 	EXP 	LDT_stim_text: height = np.float64(0.1)
397.9515 	EXP 	LDT_stim_text: text = 'year'
397.9515 	EXP 	LDT_fix_text: autoDraw = True
397.9525 	DATA 	Keypress: a
398.0352 	EXP 	Device response: <KeyPress from None: t=397.94192039995687, value=a, duration=0.08686750003835186>
398.4353 	EXP 	LDT_stim_text: autoDraw = True
398.4436 	EXP 	LDT_fix_text: autoDraw = False
399.0531 	EXP 	Device response: <KeyPress from None: t=399.05277119996026, value=l, duration=None>
399.0534 	EXP 	New trial (rep=0, index=201): <Trial 201 (201 in rep 0) data={'Task': 'LDT', 'TrialType': 'Target', 'Stimuli': 'space', 'StimulusType': 'word', 'CorrectResponse': 'l', 'Trialnumb': 30, 'thisN': 201, 'thisTrialN': 201, 'thisRepN': 0}>
399.0609 	EXP 	LDT_fix_text: autoDraw = False
399.0609 	EXP 	LDT_stim_text: autoDraw = False
399.0609 	EXP 	LDT_break_text: autoDraw = False
399.0609 	EXP 	LDT_stim_text: height = np.float64(0.1)
399.0609 	EXP 	LDT_stim_text: height = np.float64(0.1)
399.0609 	EXP 	LDT_stim_text: height = np.float64(0.1)
399.0609 	EXP 	LDT_stim_text: text = 'space'
399.0609 	EXP 	LDT_fix_text: autoDraw = True
399.0617 	DATA 	Keypress: l
399.1113 	EXP 	Device response: <KeyPress from None: t=399.05277119996026, value=l, duration=0.05655430001206696>
399.5447 	EXP 	LDT_stim_text: autoDraw = True
399.5531 	EXP 	LDT_fix_text: autoDraw = False
400.1124 	EXP 	Device response: <KeyPress from None: t=400.1093464999576, value=l, duration=None>
400.1127 	EXP 	New trial (rep=0, index=202): <Trial 202 (202 in rep 0) data={'Task': 'LDT', 'TrialType': 'Target', 'Stimuli': 'yell', 'StimulusType': 'word', 'CorrectResponse': 'l', 'Trialnumb': 101, 'thisN': 202, 'thisTrialN': 202, 'thisRepN': 0}>
400.1204 	EXP 	LDT_fix_text: autoDraw = False
400.1204 	EXP 	LDT_stim_text: autoDraw = False
400.1204 	EXP 	LDT_break_text: autoDraw = False
400.1204 	EXP 	LDT_stim_text: height = np.float64(0.1)
400.1204 	EXP 	LDT_stim_text: height = np.float64(0.1)
400.1204 	EXP 	LDT_stim_text: height = np.float64(0.1)
400.1204 	EXP 	LDT_stim_text: text = 'yell'
400.1204 	EXP 	LDT_fix_text: autoDraw = True
400.1209 	DATA 	Keypress: l
400.1790 	EXP 	Device response: <KeyPress from None: t=400.1093464999576, value=l, duration=0.06509129999903962>
400.6041 	EXP 	LDT_stim_text: autoDraw = True
400.6126 	EXP 	LDT_fix_text: autoDraw = False
401.8056 	EXP 	Device response: <KeyPress from None: t=401.79774439998437, value=l, duration=None>
401.8058 	EXP 	New trial (rep=0, index=203): <Trial 203 (203 in rep 0) data={'Task': 'LDT', 'TrialType': 'Target', 'Stimuli': 'rent', 'StimulusType': 'word', 'CorrectResponse': 'l', 'Trialnumb': 84, 'thisN': 203, 'thisTrialN': 203, 'thisRepN': 0}>
401.8136 	EXP 	LDT_fix_text: autoDraw = False
401.8136 	EXP 	LDT_stim_text: autoDraw = False
401.8136 	EXP 	LDT_break_text: autoDraw = False
401.8136 	EXP 	LDT_stim_text: height = np.float64(0.1)
401.8136 	EXP 	LDT_stim_text: height = np.float64(0.1)
401.8136 	EXP 	LDT_stim_text: height = np.float64(0.1)
401.8136 	EXP 	LDT_stim_text: text = 'rent'
401.8136 	EXP 	LDT_fix_text: autoDraw = True
401.8142 	DATA 	Keypress: l
401.8890 	EXP 	Device response: <KeyPress from None: t=401.79774439998437, value=l, duration=0.08727640000870451>
402.2975 	EXP 	LDT_stim_text: autoDraw = True
402.3058 	EXP 	LDT_fix_text: autoDraw = False
403.1402 	EXP 	Device response: <KeyPress from None: t=403.13284340000246, value=l, duration=None>
403.1404 	EXP 	New trial (rep=0, index=204): <Trial 204 (204 in rep 0) data={'Task': 'LDT', 'TrialType': 'Target', 'Stimuli': 'blue', 'StimulusType': 'word', 'CorrectResponse': 'l', 'Trialnumb': 57, 'thisN': 204, 'thisTrialN': 204, 'thisRepN': 0}>
403.1483 	EXP 	LDT_fix_text: autoDraw = False
403.1483 	EXP 	LDT_stim_text: autoDraw = False
403.1483 	EXP 	LDT_break_text: autoDraw = False
403.1483 	EXP 	LDT_stim_text: height = np.float64(0.1)
403.1483 	EXP 	LDT_stim_text: height = np.float64(0.1)
403.1483 	EXP 	LDT_stim_text: height = np.float64(0.1)
403.1483 	EXP 	LDT_stim_text: text = 'blue'
403.1483 	EXP 	LDT_fix_text: autoDraw = True
403.1489 	DATA 	Keypress: l
403.2071 	EXP 	Device response: <KeyPress from None: t=403.13284340000246, value=l, duration=0.07238319999305531>
403.6321 	EXP 	LDT_stim_text: autoDraw = True
403.6404 	EXP 	LDT_fix_text: autoDraw = False
404.1747 	EXP 	Device response: <KeyPress from None: t=404.17354619997786, value=l, duration=None>
404.1750 	EXP 	New trial (rep=0, index=205): <Trial 205 (205 in rep 0) data={'Task': 'LDT', 'TrialType': 'Target', 'Stimuli': 'talm', 'StimulusType': 'nonword', 'CorrectResponse': 'a', 'Trialnumb': 202, 'thisN': 205, 'thisTrialN': 205, 'thisRepN': 0}>
404.1827 	EXP 	LDT_fix_text: autoDraw = False
404.1827 	EXP 	LDT_stim_text: autoDraw = False
404.1827 	EXP 	LDT_break_text: autoDraw = False
404.1827 	EXP 	LDT_stim_text: height = np.float64(0.1)
404.1827 	EXP 	LDT_stim_text: height = np.float64(0.1)
404.1827 	EXP 	LDT_stim_text: height = np.float64(0.1)
404.1827 	EXP 	LDT_stim_text: text = 'talm'
404.1827 	EXP 	LDT_fix_text: autoDraw = True
404.1832 	DATA 	Keypress: l
404.2330 	EXP 	Device response: <KeyPress from None: t=404.17354619997786, value=l, duration=0.0550904999836348>
404.6665 	EXP 	LDT_stim_text: autoDraw = True
404.6748 	EXP 	LDT_fix_text: autoDraw = False
405.3675 	EXP 	Device response: <KeyPress from None: t=405.3660474999924, value=a, duration=None>
405.3677 	EXP 	New trial (rep=0, index=206): <Trial 206 (206 in rep 0) data={'Task': 'LDT', 'TrialType': 'Target', 'Stimuli': 'unit', 'StimulusType': 'word', 'CorrectResponse': 'l', 'Trialnumb': 82, 'thisN': 206, 'thisTrialN': 206, 'thisRepN': 0}>
405.3756 	EXP 	LDT_fix_text: autoDraw = False
405.3756 	EXP 	LDT_stim_text: autoDraw = False
405.3756 	EXP 	LDT_break_text: autoDraw = False
405.3756 	EXP 	LDT_stim_text: height = np.float64(0.1)
405.3756 	EXP 	LDT_stim_text: height = np.float64(0.1)
405.3756 	EXP 	LDT_stim_text: height = np.float64(0.1)
405.3756 	EXP 	LDT_stim_text: text = 'unit'
405.3756 	EXP 	LDT_fix_text: autoDraw = True
405.3761 	DATA 	Keypress: a
405.4510 	EXP 	Device response: <KeyPress from None: t=405.3660474999924, value=a, duration=0.07938740000827238>
405.8593 	EXP 	LDT_stim_text: autoDraw = True
405.8677 	EXP 	LDT_fix_text: autoDraw = False
406.4436 	EXP 	Device response: <KeyPress from None: t=406.43736280000303, value=l, duration=None>
406.4438 	EXP 	New trial (rep=0, index=207): <Trial 207 (207 in rep 0) data={'Task': 'LDT', 'TrialType': 'Target', 'Stimuli': 'hoal', 'StimulusType': 'nonword', 'CorrectResponse': 'a', 'Trialnumb': 154, 'thisN': 207, 'thisTrialN': 207, 'thisRepN': 0}>
406.4517 	EXP 	LDT_fix_text: autoDraw = False
406.4517 	EXP 	LDT_stim_text: autoDraw = False
406.4517 	EXP 	LDT_break_text: autoDraw = False
406.4517 	EXP 	LDT_stim_text: height = np.float64(0.1)
406.4517 	EXP 	LDT_stim_text: height = np.float64(0.1)
406.4517 	EXP 	LDT_stim_text: height = np.float64(0.1)
406.4517 	EXP 	LDT_stim_text: text = 'hoal'
406.4517 	EXP 	LDT_fix_text: autoDraw = True
406.4522 	DATA 	Keypress: l
406.5104 	EXP 	Device response: <KeyPress from None: t=406.43736280000303, value=l, duration=0.07189829996787012>
406.9354 	EXP 	LDT_stim_text: autoDraw = True
406.9437 	EXP 	LDT_fix_text: autoDraw = False
407.7283 	EXP 	Device response: <KeyPress from None: t=407.724829499959, value=a, duration=None>
407.7286 	EXP 	New trial (rep=0, index=208): <Trial 208 (208 in rep 0) data={'Task': 'LDT', 'TrialType': 'Target', 'Stimuli': 'hoon', 'StimulusType': 'nonword', 'CorrectResponse': 'a', 'Trialnumb': 155, 'thisN': 208, 'thisTrialN': 208, 'thisRepN': 0}>
407.7362 	EXP 	LDT_fix_text: autoDraw = False
407.7362 	EXP 	LDT_stim_text: autoDraw = False
407.7362 	EXP 	LDT_break_text: autoDraw = False
407.7362 	EXP 	LDT_stim_text: height = np.float64(0.1)
407.7362 	EXP 	LDT_stim_text: height = np.float64(0.1)
407.7362 	EXP 	LDT_stim_text: height = np.float64(0.1)
407.7362 	EXP 	LDT_stim_text: text = 'hoon'
407.7362 	EXP 	LDT_fix_text: autoDraw = True
407.7367 	DATA 	Keypress: a
407.8199 	EXP 	Device response: <KeyPress from None: t=407.724829499959, value=a, duration=0.08799510000972077>
408.2200 	EXP 	LDT_stim_text: autoDraw = True
408.2283 	EXP 	LDT_fix_text: autoDraw = False
408.9127 	EXP 	Device response: <KeyPress from None: t=408.91003450000426, value=a, duration=None>
408.9129 	EXP 	New trial (rep=0, index=209): <Trial 209 (209 in rep 0) data={'Task': 'LDT', 'TrialType': 'Target', 'Stimuli': 'yine', 'StimulusType': 'nonword', 'CorrectResponse': 'a', 'Trialnumb': 220, 'thisN': 209, 'thisTrialN': 209, 'thisRepN': 0}>
408.9207 	EXP 	LDT_fix_text: autoDraw = False
408.9207 	EXP 	LDT_stim_text: autoDraw = False
408.9207 	EXP 	LDT_break_text: autoDraw = False
408.9207 	EXP 	LDT_stim_text: height = np.float64(0.1)
408.9207 	EXP 	LDT_stim_text: height = np.float64(0.1)
408.9207 	EXP 	LDT_stim_text: height = np.float64(0.1)
408.9207 	EXP 	LDT_stim_text: text = 'yine'
408.9207 	EXP 	LDT_fix_text: autoDraw = True
408.9212 	DATA 	Keypress: a
409.0211 	EXP 	Device response: <KeyPress from None: t=408.91003450000426, value=a, duration=0.10287840000819415>
409.4045 	EXP 	LDT_stim_text: autoDraw = True
409.4128 	EXP 	LDT_fix_text: autoDraw = False
410.0139 	EXP 	Device response: <KeyPress from None: t=410.0134635999566, value=a, duration=None>
410.0141 	EXP 	New trial (rep=0, index=210): <Trial 210 (210 in rep 0) data={'Task': 'LDT', 'TrialType': 'Target', 'Stimuli': 'cled', 'StimulusType': 'nonword', 'CorrectResponse': 'a', 'Trialnumb': 130, 'thisN': 210, 'thisTrialN': 210, 'thisRepN': 0}>
410.0218 	EXP 	LDT_fix_text: autoDraw = False
410.0218 	EXP 	LDT_stim_text: autoDraw = False
410.0218 	EXP 	LDT_break_text: autoDraw = False
410.0218 	EXP 	LDT_stim_text: height = np.float64(0.1)
410.0218 	EXP 	LDT_stim_text: height = np.float64(0.1)
410.0218 	EXP 	LDT_stim_text: height = np.float64(0.1)
410.0218 	EXP 	LDT_stim_text: text = 'cled'
410.0218 	EXP 	LDT_fix_text: autoDraw = True
410.0223 	DATA 	Keypress: a
410.0972 	EXP 	Device response: <KeyPress from None: t=410.0134635999566, value=a, duration=0.07952440000372007>
410.5056 	EXP 	LDT_stim_text: autoDraw = True
410.5139 	EXP 	LDT_fix_text: autoDraw = False
411.4568 	EXP 	Device response: <KeyPress from None: t=411.4533880999661, value=a, duration=None>
411.4571 	EXP 	New trial (rep=0, index=211): <Trial 211 (211 in rep 0) data={'Task': 'LDT', 'TrialType': 'Target', 'Stimuli': 'job', 'StimulusType': 'word', 'CorrectResponse': 'l', 'Trialnumb': 26, 'thisN': 211, 'thisTrialN': 211, 'thisRepN': 0}>
411.4650 	EXP 	LDT_fix_text: autoDraw = False
411.4650 	EXP 	LDT_stim_text: autoDraw = False
411.4650 	EXP 	LDT_break_text: autoDraw = False
411.4650 	EXP 	LDT_stim_text: height = np.float64(0.1)
411.4650 	EXP 	LDT_stim_text: height = np.float64(0.1)
411.4650 	EXP 	LDT_stim_text: height = np.float64(0.1)
411.4650 	EXP 	LDT_stim_text: text = 'job'
411.4650 	EXP 	LDT_fix_text: autoDraw = True
411.4656 	DATA 	Keypress: a
411.5236 	EXP 	Device response: <KeyPress from None: t=411.4533880999661, value=a, duration=0.06404680002015084>
411.9487 	EXP 	LDT_stim_text: autoDraw = True
411.9570 	EXP 	LDT_fix_text: autoDraw = False
412.5913 	EXP 	Device response: <KeyPress from None: t=412.58904240000993, value=l, duration=None>
412.5916 	EXP 	New trial (rep=0, index=212): <Trial 212 (212 in rep 0) data={'Task': 'LDT', 'TrialType': 'Target', 'Stimuli': 'hard', 'StimulusType': 'word', 'CorrectResponse': 'l', 'Trialnumb': 22, 'thisN': 212, 'thisTrialN': 212, 'thisRepN': 0}>
412.5995 	EXP 	LDT_fix_text: autoDraw = False
412.5995 	EXP 	LDT_stim_text: autoDraw = False
412.5995 	EXP 	LDT_break_text: autoDraw = False
412.5995 	EXP 	LDT_stim_text: height = np.float64(0.1)
412.5995 	EXP 	LDT_stim_text: height = np.float64(0.1)
412.5995 	EXP 	LDT_stim_text: height = np.float64(0.1)
412.5995 	EXP 	LDT_stim_text: text = 'hard'
412.5995 	EXP 	LDT_fix_text: autoDraw = True
412.6001 	DATA 	Keypress: l
412.6581 	EXP 	Device response: <KeyPress from None: t=412.58904240000993, value=l, duration=0.06369889999041334>
413.0833 	EXP 	LDT_stim_text: autoDraw = True
413.0915 	EXP 	LDT_fix_text: autoDraw = False
414.0011 	EXP 	Device response: <KeyPress from None: t=413.998010899988, value=l, duration=None>
414.0013 	EXP 	New trial (rep=0, index=213): <Trial 213 (213 in rep 0) data={'Task': 'LDT', 'TrialType': 'Target', 'Stimuli': 'feek', 'StimulusType': 'nonword', 'CorrectResponse': 'a', 'Trialnumb': 139, 'thisN': 213, 'thisTrialN': 213, 'thisRepN': 0}>
414.0091 	EXP 	LDT_fix_text: autoDraw = False
414.0091 	EXP 	LDT_stim_text: autoDraw = False
414.0091 	EXP 	LDT_break_text: autoDraw = False
414.0091 	EXP 	LDT_stim_text: height = np.float64(0.1)
414.0091 	EXP 	LDT_stim_text: height = np.float64(0.1)
414.0091 	EXP 	LDT_stim_text: height = np.float64(0.1)
414.0091 	EXP 	LDT_stim_text: text = 'feek'
414.0091 	EXP 	LDT_fix_text: autoDraw = True
414.0097 	DATA 	Keypress: l
414.0512 	EXP 	Device response: <KeyPress from None: t=413.998010899988, value=l, duration=0.046647700015455484>
414.4929 	EXP 	LDT_stim_text: autoDraw = True
414.5012 	EXP 	LDT_fix_text: autoDraw = False
415.4525 	EXP 	Device response: <KeyPress from None: t=415.4447760999901, value=a, duration=None>
415.4527 	EXP 	New trial (rep=0, index=214): <Trial 214 (214 in rep 0) data={'Task': 'LDT', 'TrialType': 'Target', 'Stimuli': 'warm', 'StimulusType': 'word', 'CorrectResponse': 'l', 'Trialnumb': 60, 'thisN': 214, 'thisTrialN': 214, 'thisRepN': 0}>
415.4605 	EXP 	LDT_fix_text: autoDraw = False
415.4605 	EXP 	LDT_stim_text: autoDraw = False
415.4605 	EXP 	LDT_break_text: autoDraw = False
415.4605 	EXP 	LDT_stim_text: height = np.float64(0.1)
415.4605 	EXP 	LDT_stim_text: height = np.float64(0.1)
415.4605 	EXP 	LDT_stim_text: height = np.float64(0.1)
415.4605 	EXP 	LDT_stim_text: text = 'warm'
415.4605 	EXP 	LDT_fix_text: autoDraw = True
415.4611 	DATA 	Keypress: a
415.5359 	EXP 	Device response: <KeyPress from None: t=415.4447760999901, value=a, duration=0.0893316000001505>
415.9443 	EXP 	LDT_stim_text: autoDraw = True
415.9527 	EXP 	LDT_fix_text: autoDraw = False
416.5118 	EXP 	Device response: <KeyPress from None: t=416.50941699999385, value=l, duration=None>
416.5121 	EXP 	New trial (rep=0, index=215): <Trial 215 (215 in rep 0) data={'Task': 'LDT', 'TrialType': 'Target', 'Stimuli': 'trag', 'StimulusType': 'nonword', 'CorrectResponse': 'a', 'Trialnumb': 205, 'thisN': 215, 'thisTrialN': 215, 'thisRepN': 0}>
416.5199 	EXP 	LDT_fix_text: autoDraw = False
416.5199 	EXP 	LDT_stim_text: autoDraw = False
416.5199 	EXP 	LDT_break_text: autoDraw = False
416.5199 	EXP 	LDT_stim_text: height = np.float64(0.1)
416.5199 	EXP 	LDT_stim_text: height = np.float64(0.1)
416.5199 	EXP 	LDT_stim_text: height = np.float64(0.1)
416.5199 	EXP 	LDT_stim_text: text = 'trag'
416.5199 	EXP 	LDT_fix_text: autoDraw = True
416.5205 	DATA 	Keypress: l
416.5619 	EXP 	Device response: <KeyPress from None: t=416.50941699999385, value=l, duration=0.047981099982280284>
417.0037 	EXP 	LDT_stim_text: autoDraw = True
417.0121 	EXP 	LDT_fix_text: autoDraw = False
418.6307 	EXP 	Device response: <KeyPress from None: t=418.6301669999957, value=a, duration=None>
418.6309 	EXP 	New trial (rep=0, index=216): <Trial 216 (216 in rep 0) data={'Task': 'LDT', 'TrialType': 'Target', 'Stimuli': 'rorn', 'StimulusType': 'nonword', 'CorrectResponse': 'a', 'Trialnumb': 185, 'thisN': 216, 'thisTrialN': 216, 'thisRepN': 0}>
418.6389 	EXP 	LDT_fix_text: autoDraw = False
418.6389 	EXP 	LDT_stim_text: autoDraw = False
418.6389 	EXP 	LDT_break_text: autoDraw = False
418.6389 	EXP 	LDT_stim_text: height = np.float64(0.1)
418.6389 	EXP 	LDT_stim_text: height = np.float64(0.1)
418.6389 	EXP 	LDT_stim_text: height = np.float64(0.1)
418.6389 	EXP 	LDT_stim_text: text = 'rorn'
418.6389 	EXP 	LDT_fix_text: autoDraw = True
418.6395 	DATA 	Keypress: a
418.6973 	EXP 	Device response: <KeyPress from None: t=418.6301669999957, value=a, duration=0.06437089998507872>
419.1225 	EXP 	LDT_stim_text: autoDraw = True
419.1308 	EXP 	LDT_fix_text: autoDraw = False
419.7569 	EXP 	Device response: <KeyPress from None: t=419.74953179998556, value=a, duration=None>
419.7571 	EXP 	New trial (rep=0, index=217): <Trial 217 (217 in rep 0) data={'Task': 'LDT', 'TrialType': 'Target', 'Stimuli': 'jite', 'StimulusType': 'nonword', 'CorrectResponse': 'a', 'Trialnumb': 160, 'thisN': 217, 'thisTrialN': 217, 'thisRepN': 0}>
419.7648 	EXP 	LDT_fix_text: autoDraw = False
419.7648 	EXP 	LDT_stim_text: autoDraw = False
419.7648 	EXP 	LDT_break_text: autoDraw = False
419.7648 	EXP 	LDT_stim_text: height = np.float64(0.1)
419.7648 	EXP 	LDT_stim_text: height = np.float64(0.1)
419.7648 	EXP 	LDT_stim_text: height = np.float64(0.1)
419.7648 	EXP 	LDT_stim_text: text = 'jite'
419.7648 	EXP 	LDT_fix_text: autoDraw = True
419.7654 	DATA 	Keypress: a
419.8403 	EXP 	Device response: <KeyPress from None: t=419.74953179998556, value=a, duration=0.08706210000673309>
420.2486 	EXP 	LDT_stim_text: autoDraw = True
420.2570 	EXP 	LDT_fix_text: autoDraw = False
420.7911 	EXP 	Device response: <KeyPress from None: t=420.78890009998577, value=a, duration=None>
420.7913 	EXP 	New trial (rep=0, index=218): <Trial 218 (218 in rep 0) data={'Task': 'LDT', 'TrialType': 'Target', 'Stimuli': 'snan', 'StimulusType': 'nonword', 'CorrectResponse': 'a', 'Trialnumb': 196, 'thisN': 218, 'thisTrialN': 218, 'thisRepN': 0}>
420.7992 	EXP 	LDT_fix_text: autoDraw = False
420.7992 	EXP 	LDT_stim_text: autoDraw = False
420.7992 	EXP 	LDT_break_text: autoDraw = False
420.7992 	EXP 	LDT_stim_text: height = np.float64(0.1)
420.7992 	EXP 	LDT_stim_text: height = np.float64(0.1)
420.7992 	EXP 	LDT_stim_text: height = np.float64(0.1)
420.7992 	EXP 	LDT_stim_text: text = 'snan'
420.7992 	EXP 	LDT_fix_text: autoDraw = True
420.7997 	DATA 	Keypress: a
420.8745 	EXP 	Device response: <KeyPress from None: t=420.78890009998577, value=a, duration=0.08029070001794025>
421.2830 	EXP 	LDT_stim_text: autoDraw = True
421.2914 	EXP 	LDT_fix_text: autoDraw = False
421.8089 	EXP 	Device response: <KeyPress from None: t=421.804697799962, value=a, duration=None>
421.8092 	EXP 	New trial (rep=0, index=219): <Trial 219 (219 in rep 0) data={'Task': 'LDT', 'TrialType': 'Target', 'Stimuli': 'war', 'StimulusType': 'word', 'CorrectResponse': 'l', 'Trialnumb': 55, 'thisN': 219, 'thisTrialN': 219, 'thisRepN': 0}>
421.8171 	EXP 	LDT_fix_text: autoDraw = False
421.8171 	EXP 	LDT_stim_text: autoDraw = False
421.8171 	EXP 	LDT_break_text: autoDraw = False
421.8171 	EXP 	LDT_stim_text: height = np.float64(0.1)
421.8171 	EXP 	LDT_stim_text: height = np.float64(0.1)
421.8171 	EXP 	LDT_stim_text: height = np.float64(0.1)
421.8171 	EXP 	LDT_stim_text: text = 'war'
421.8171 	EXP 	LDT_fix_text: autoDraw = True
421.8180 	DATA 	Keypress: a
421.8838 	EXP 	Device response: <KeyPress from None: t=421.804697799962, value=a, duration=0.07282729999860749>
422.3007 	EXP 	LDT_stim_text: autoDraw = True
422.3090 	EXP 	LDT_fix_text: autoDraw = False
423.0934 	EXP 	Device response: <KeyPress from None: t=423.0928539999877, value=l, duration=None>
423.0937 	EXP 	New trial (rep=0, index=220): <Trial 220 (220 in rep 0) data={'Task': 'LDT', 'TrialType': 'Target', 'Stimuli': 'spum', 'StimulusType': 'nonword', 'CorrectResponse': 'a', 'Trialnumb': 198, 'thisN': 220, 'thisTrialN': 220, 'thisRepN': 0}>
423.1015 	EXP 	LDT_fix_text: autoDraw = False
423.1015 	EXP 	LDT_stim_text: autoDraw = False
423.1015 	EXP 	LDT_break_text: autoDraw = False
423.1015 	EXP 	LDT_stim_text: height = np.float64(0.1)
423.1015 	EXP 	LDT_stim_text: height = np.float64(0.1)
423.1015 	EXP 	LDT_stim_text: height = np.float64(0.1)
423.1015 	EXP 	LDT_stim_text: text = 'spum'
423.1015 	EXP 	LDT_fix_text: autoDraw = True
423.1021 	DATA 	Keypress: l
423.1518 	EXP 	Device response: <KeyPress from None: t=423.0928539999877, value=l, duration=0.05607759999111295>
423.5853 	EXP 	LDT_stim_text: autoDraw = True
423.5936 	EXP 	LDT_fix_text: autoDraw = False
424.5950 	EXP 	Device response: <KeyPress from None: t=424.5890176999965, value=a, duration=None>
424.5953 	EXP 	New trial (rep=0, index=221): <Trial 221 (221 in rep 0) data={'Task': 'LDT', 'TrialType': 'Target', 'Stimuli': 'club', 'StimulusType': 'word', 'CorrectResponse': 'l', 'Trialnumb': 64, 'thisN': 221, 'thisTrialN': 221, 'thisRepN': 0}>
424.6029 	EXP 	LDT_fix_text: autoDraw = False
424.6029 	EXP 	LDT_stim_text: autoDraw = False
424.6029 	EXP 	LDT_break_text: autoDraw = False
424.6029 	EXP 	LDT_stim_text: height = np.float64(0.1)
424.6029 	EXP 	LDT_stim_text: height = np.float64(0.1)
424.6029 	EXP 	LDT_stim_text: height = np.float64(0.1)
424.6029 	EXP 	LDT_stim_text: text = 'club'
424.6029 	EXP 	LDT_fix_text: autoDraw = True
424.6035 	DATA 	Keypress: a
424.6950 	EXP 	Device response: <KeyPress from None: t=424.5890176999965, value=a, duration=0.10372640000423416>
425.0868 	EXP 	LDT_stim_text: autoDraw = True
425.0951 	EXP 	LDT_fix_text: autoDraw = False
425.5626 	EXP 	Device response: <KeyPress from None: t=425.5571399999899, value=l, duration=None>
425.5707 	EXP 	LDT_fix_text: autoDraw = False
425.5707 	EXP 	LDT_stim_text: autoDraw = False
425.5707 	EXP 	LDT_break_text: autoDraw = False
425.5707 	EXP 	end_text: autoDraw = True
425.5713 	DATA 	Keypress: l
425.6043 	EXP 	Device response: <KeyPress from None: t=425.5571399999899, value=l, duration=0.03961340000387281>
428.5652 	EXP 	end_text: autoDraw = False
428.5652 	EXP 	end_text: autoDraw = False
428.5654 	EXP 	online_LDT&KRT: status = STOPPED
