0.8306 	WARNING 	We strongly recommend you activate the PTB sound engine in PsychoPy prefs as the preferred audio engine. Its timing is vastly superior. Your prefs are currently set to use ['sounddevice', 'PTB', 'pyo', 'pygame'] (in that order).
1.8437 	WARNING 	Font Manager failed to load file C:\Users\user\AppData\Local\Microsoft\Windows\Fonts\a고딕14.ttf
1.8445 	WARNING 	Font Manager failed to load file C:\Users\user\AppData\Local\Microsoft\Windows\Fonts\a뉴굴림1.ttf
1.8469 	WARNING 	Font Manager failed to load file C:\Users\user\AppData\Local\Microsoft\Windows\Fonts\서울남산 장체EB.ttf
1.8476 	WARNING 	Font Manager failed to load file C:\Users\user\AppData\Local\Microsoft\Windows\Fonts\210 카툰스토리R.ttf
1.8502 	WARNING 	Font Manager failed to load file C:\Users\user\AppData\Local\Microsoft\Windows\Fonts\아리따-돋움(TTF)-Light.ttf
1.8503 	WARNING 	Font Manager failed to load file C:\Users\user\AppData\Local\Microsoft\Windows\Fonts\210 콤퓨타세탁B.ttf
1.8516 	WARNING 	Font Manager failed to load file C:\Users\user\AppData\Local\Microsoft\Windows\Fonts\서울남산 장체M.ttf
1.8599 	WARNING 	Font Manager failed to load file C:\Users\user\AppData\Local\Microsoft\Windows\Fonts\210 나무고딕EB.ttf
1.8623 	WARNING 	Font Manager failed to load file C:\Users\user\AppData\Local\Microsoft\Windows\Fonts\a뉴굴림2.ttf
1.8630 	WARNING 	Font Manager failed to load file C:\Users\user\AppData\Local\Microsoft\Windows\Fonts\210 맨발의청춘B.ttf
1.8662 	WARNING 	Font Manager failed to load file C:\Users\user\AppData\Local\Microsoft\Windows\Fonts\아리따-돋움(TTF)-Medium.ttf
1.8664 	WARNING 	Font Manager failed to load file C:\Users\user\AppData\Local\Microsoft\Windows\Fonts\210 맨발의청춘R.ttf
1.8722 	WARNING 	Font Manager failed to load file C:\Users\user\AppData\Local\Microsoft\Windows\Fonts\210 나무고딕R.ttf
1.8723 	WARNING 	Font Manager failed to load file C:\Users\user\AppData\Local\Microsoft\Windows\Fonts\a고딕15.ttf
1.8727 	WARNING 	Font Manager failed to load file C:\Users\user\AppData\Local\Microsoft\Windows\Fonts\210 상상공작소B.ttf
1.8735 	WARNING 	Font Manager failed to load file C:\Users\user\AppData\Local\Microsoft\Windows\Fonts\210 상상공작소L.ttf
1.8741 	WARNING 	Font Manager failed to load file C:\Users\user\AppData\Local\Microsoft\Windows\Fonts\210 동화책B.ttf
1.8758 	WARNING 	Font Manager failed to load file C:\Users\user\AppData\Local\Microsoft\Windows\Fonts\210 콤퓨타세탁R.ttf
1.8768 	WARNING 	Font Manager failed to load file C:\Users\user\AppData\Local\Microsoft\Windows\Fonts\210 카툰스토리B.ttf
1.8790 	WARNING 	Font Manager failed to load file C:\Users\user\AppData\Local\Microsoft\Windows\Fonts\210 콤퓨타세탁L.ttf
1.8822 	WARNING 	Font Manager failed to load file C:\Users\user\AppData\Local\Microsoft\Windows\Fonts\서울남산 장체L.ttf
1.8825 	WARNING 	Font Manager failed to load file C:\Users\user\AppData\Local\Microsoft\Windows\Fonts\210 하얀바람L.ttf
1.8831 	WARNING 	Font Manager failed to load file C:\Users\user\AppData\Local\Microsoft\Windows\Fonts\210 나무고딕B.ttf
1.8873 	WARNING 	Font Manager failed to load file C:\Users\user\AppData\Local\Microsoft\Windows\Fonts\서울남산 장체BL.ttf
1.8890 	WARNING 	Font Manager failed to load file C:\Users\user\AppData\Local\Microsoft\Windows\Fonts\210 카툰스토리L.ttf
1.8910 	WARNING 	Font Manager failed to load file C:\Users\user\AppData\Local\Microsoft\Windows\Fonts\a고딕13.ttf
1.8913 	WARNING 	Font Manager failed to load file C:\Users\user\AppData\Local\Microsoft\Windows\Fonts\210 동화책R.ttf
1.8934 	WARNING 	Font Manager failed to load file C:\Users\user\AppData\Local\Microsoft\Windows\Fonts\210 나무고딕L.ttf
1.8953 	WARNING 	Font Manager failed to load file C:\Users\user\AppData\Local\Microsoft\Windows\Fonts\a뉴굴림3.ttf
1.8964 	WARNING 	Font Manager failed to load file C:\Users\user\AppData\Local\Microsoft\Windows\Fonts\210 동화책L.ttf
1.9032 	WARNING 	Font Manager failed to load file C:\Users\user\AppData\Local\Microsoft\Windows\Fonts\210 하얀바람R.ttf
1.9041 	WARNING 	Font Manager failed to load file C:\Users\user\AppData\Local\Microsoft\Windows\Fonts\a뉴굴림4.ttf
1.9043 	WARNING 	Font Manager failed to load file C:\Users\user\AppData\Local\Microsoft\Windows\Fonts\210 상상공작소R.ttf
1.9053 	WARNING 	Font Manager failed to load file C:\Users\user\AppData\Local\Microsoft\Windows\Fonts\a시나리오.ttf
1.9094 	WARNING 	Font Manager failed to load file C:\Users\user\AppData\Local\Microsoft\Windows\Fonts\나눔고딕L.ttf
1.9098 	WARNING 	Font Manager failed to load file C:\Users\user\AppData\Local\Microsoft\Windows\Fonts\210 하얀바람B.ttf
1.9111 	WARNING 	Font Manager failed to load file C:\Users\user\AppData\Local\Microsoft\Windows\Fonts\a고딕11.ttf
1.9149 	WARNING 	Font Manager failed to load file C:\Users\user\AppData\Local\Microsoft\Windows\Fonts\아리따-돋움(TTF)-Bold.ttf
1.9217 	WARNING 	Font Manager failed to load file C:\Users\user\AppData\Local\Microsoft\Windows\Fonts\아리따-돋움(TTF)-Thin.ttf
1.9222 	WARNING 	Font Manager failed to load file C:\Users\user\AppData\Local\Microsoft\Windows\Fonts\210 씨앗R.ttf
1.9228 	WARNING 	Font Manager failed to load file C:\Users\user\AppData\Local\Microsoft\Windows\Fonts\아리따-돋움(TTF)-SemiBold.ttf
1.9237 	WARNING 	Font Manager failed to load file C:\Users\user\AppData\Local\Microsoft\Windows\Fonts\서울남산 장체B.ttf
1.9281 	WARNING 	Font Manager failed to load file C:\Users\user\AppData\Local\Microsoft\Windows\Fonts\a고딕12.ttf
1.9282 	WARNING 	Font Manager failed to load file C:\Users\user\AppData\Local\Microsoft\Windows\Fonts\a고딕10.ttf
1.9304 	WARNING 	Font Manager failed to load file C:\Users\user\AppData\Local\Microsoft\Windows\Fonts\210 씨앗B.ttf
1.9325 	WARNING 	Font Manager failed to load file C:\Users\user\AppData\Local\Microsoft\Windows\Fonts\210 씨앗L.ttf
1.9328 	WARNING 	Font Manager failed to load file C:\Users\user\AppData\Local\Microsoft\Windows\Fonts\210 맨발의청춘L.ttf
1.9360 	WARNING 	Font Manager failed to load file C:\Users\user\AppData\Local\Microsoft\Windows\Fonts\a고딕16.ttf
2.1299 	WARNING 	Font Manager failed to load file C:\Users\user\AppData\Local\Microsoft\Windows\Fonts\a고딕14.ttf
2.1308 	WARNING 	Font Manager failed to load file C:\Users\user\AppData\Local\Microsoft\Windows\Fonts\a뉴굴림1.ttf
2.1332 	WARNING 	Font Manager failed to load file C:\Users\user\AppData\Local\Microsoft\Windows\Fonts\서울남산 장체EB.ttf
2.1339 	WARNING 	Font Manager failed to load file C:\Users\user\AppData\Local\Microsoft\Windows\Fonts\210 카툰스토리R.ttf
2.1363 	WARNING 	Font Manager failed to load file C:\Users\user\AppData\Local\Microsoft\Windows\Fonts\아리따-돋움(TTF)-Light.ttf
2.1365 	WARNING 	Font Manager failed to load file C:\Users\user\AppData\Local\Microsoft\Windows\Fonts\210 콤퓨타세탁B.ttf
2.1377 	WARNING 	Font Manager failed to load file C:\Users\user\AppData\Local\Microsoft\Windows\Fonts\서울남산 장체M.ttf
2.1458 	WARNING 	Font Manager failed to load file C:\Users\user\AppData\Local\Microsoft\Windows\Fonts\210 나무고딕EB.ttf
2.1485 	WARNING 	Font Manager failed to load file C:\Users\user\AppData\Local\Microsoft\Windows\Fonts\a뉴굴림2.ttf
2.1492 	WARNING 	Font Manager failed to load file C:\Users\user\AppData\Local\Microsoft\Windows\Fonts\210 맨발의청춘B.ttf
2.1527 	WARNING 	Font Manager failed to load file C:\Users\user\AppData\Local\Microsoft\Windows\Fonts\아리따-돋움(TTF)-Medium.ttf
2.1528 	WARNING 	Font Manager failed to load file C:\Users\user\AppData\Local\Microsoft\Windows\Fonts\210 맨발의청춘R.ttf
2.1584 	WARNING 	Font Manager failed to load file C:\Users\user\AppData\Local\Microsoft\Windows\Fonts\210 나무고딕R.ttf
2.1585 	WARNING 	Font Manager failed to load file C:\Users\user\AppData\Local\Microsoft\Windows\Fonts\a고딕15.ttf
2.1588 	WARNING 	Font Manager failed to load file C:\Users\user\AppData\Local\Microsoft\Windows\Fonts\210 상상공작소B.ttf
2.1597 	WARNING 	Font Manager failed to load file C:\Users\user\AppData\Local\Microsoft\Windows\Fonts\210 상상공작소L.ttf
2.1603 	WARNING 	Font Manager failed to load file C:\Users\user\AppData\Local\Microsoft\Windows\Fonts\210 동화책B.ttf
2.1619 	WARNING 	Font Manager failed to load file C:\Users\user\AppData\Local\Microsoft\Windows\Fonts\210 콤퓨타세탁R.ttf
2.1629 	WARNING 	Font Manager failed to load file C:\Users\user\AppData\Local\Microsoft\Windows\Fonts\210 카툰스토리B.ttf
2.1652 	WARNING 	Font Manager failed to load file C:\Users\user\AppData\Local\Microsoft\Windows\Fonts\210 콤퓨타세탁L.ttf
2.1681 	WARNING 	Font Manager failed to load file C:\Users\user\AppData\Local\Microsoft\Windows\Fonts\서울남산 장체L.ttf
2.1684 	WARNING 	Font Manager failed to load file C:\Users\user\AppData\Local\Microsoft\Windows\Fonts\210 하얀바람L.ttf
2.1689 	WARNING 	Font Manager failed to load file C:\Users\user\AppData\Local\Microsoft\Windows\Fonts\210 나무고딕B.ttf
2.1713 	WARNING 	Font Manager failed to load file C:\Users\user\AppData\Local\Microsoft\Windows\Fonts\서울남산 장체BL.ttf
2.1729 	WARNING 	Font Manager failed to load file C:\Users\user\AppData\Local\Microsoft\Windows\Fonts\210 카툰스토리L.ttf
2.1747 	WARNING 	Font Manager failed to load file C:\Users\user\AppData\Local\Microsoft\Windows\Fonts\a고딕13.ttf
2.1750 	WARNING 	Font Manager failed to load file C:\Users\user\AppData\Local\Microsoft\Windows\Fonts\210 동화책R.ttf
2.1765 	WARNING 	Font Manager failed to load file C:\Users\user\AppData\Local\Microsoft\Windows\Fonts\210 나무고딕L.ttf
2.1781 	WARNING 	Font Manager failed to load file C:\Users\user\AppData\Local\Microsoft\Windows\Fonts\a뉴굴림3.ttf
2.1793 	WARNING 	Font Manager failed to load file C:\Users\user\AppData\Local\Microsoft\Windows\Fonts\210 동화책L.ttf
2.1855 	WARNING 	Font Manager failed to load file C:\Users\user\AppData\Local\Microsoft\Windows\Fonts\210 하얀바람R.ttf
2.1864 	WARNING 	Font Manager failed to load file C:\Users\user\AppData\Local\Microsoft\Windows\Fonts\a뉴굴림4.ttf
2.1865 	WARNING 	Font Manager failed to load file C:\Users\user\AppData\Local\Microsoft\Windows\Fonts\210 상상공작소R.ttf
2.1874 	WARNING 	Font Manager failed to load file C:\Users\user\AppData\Local\Microsoft\Windows\Fonts\a시나리오.ttf
2.1912 	WARNING 	Font Manager failed to load file C:\Users\user\AppData\Local\Microsoft\Windows\Fonts\나눔고딕L.ttf
2.1915 	WARNING 	Font Manager failed to load file C:\Users\user\AppData\Local\Microsoft\Windows\Fonts\210 하얀바람B.ttf
2.1927 	WARNING 	Font Manager failed to load file C:\Users\user\AppData\Local\Microsoft\Windows\Fonts\a고딕11.ttf
2.1966 	WARNING 	Font Manager failed to load file C:\Users\user\AppData\Local\Microsoft\Windows\Fonts\아리따-돋움(TTF)-Bold.ttf
2.2036 	WARNING 	Font Manager failed to load file C:\Users\user\AppData\Local\Microsoft\Windows\Fonts\아리따-돋움(TTF)-Thin.ttf
2.2041 	WARNING 	Font Manager failed to load file C:\Users\user\AppData\Local\Microsoft\Windows\Fonts\210 씨앗R.ttf
2.2046 	WARNING 	Font Manager failed to load file C:\Users\user\AppData\Local\Microsoft\Windows\Fonts\아리따-돋움(TTF)-SemiBold.ttf
2.2055 	WARNING 	Font Manager failed to load file C:\Users\user\AppData\Local\Microsoft\Windows\Fonts\서울남산 장체B.ttf
2.2101 	WARNING 	Font Manager failed to load file C:\Users\user\AppData\Local\Microsoft\Windows\Fonts\a고딕12.ttf
2.2103 	WARNING 	Font Manager failed to load file C:\Users\user\AppData\Local\Microsoft\Windows\Fonts\a고딕10.ttf
2.2124 	WARNING 	Font Manager failed to load file C:\Users\user\AppData\Local\Microsoft\Windows\Fonts\210 씨앗B.ttf
2.2144 	WARNING 	Font Manager failed to load file C:\Users\user\AppData\Local\Microsoft\Windows\Fonts\210 씨앗L.ttf
2.2147 	WARNING 	Font Manager failed to load file C:\Users\user\AppData\Local\Microsoft\Windows\Fonts\210 맨발의청춘L.ttf
2.2180 	WARNING 	Font Manager failed to load file C:\Users\user\AppData\Local\Microsoft\Windows\Fonts\a고딕16.ttf
29.8518 	EXP 	Created window1 = Window(allowGUI=False, allowStencil=False, autoLog=True, backendConf=UNKNOWN, backgroundFit=<method-wrapper '__getattribute__' of attributeSetter object at 0x0000020A5B4EB280>, backgroundImage=<method-wrapper '__getattribute__' of attributeSetter object at 0x0000020A5B4EB220>, bitsMode=UNKNOWN, blendMode='avg', bpc=(8, 8, 8), color=array([-1., -1., -1.]), colorSpace='rgb', depthBits=8, fullscr=True, gamma=None, gammaErrorPolicy='raise', infoMsg=UNKNOWN, lms=UNKNOWN, monitor=<psychopy.monitors.calibTools.Monitor object at 0x0000020A5B7B85E0>, multiSample=False, name='window1', numSamples=2, pos=[np.float64(0.0), np.float64(0.0)], screen=0, size=array([1920, 1080]), stencilBits=0, stereo=False, title='PsychoPy', units='height', useFBO=True, useRetina=False, viewOri=0.0, viewPos=None, viewScale=None, waitBlanking=True, winType='pyglet')
29.8519 	EXP 	window1: backgroundImage = ''
29.8519 	EXP 	window1: backgroundFit = 'none'
30.1204 	EXP 	window1: Attempting to measure frame rate of screen (0) ...
30.1204 	EXP 	window1: recordFrameIntervals = False
30.2522 	EXP 	window1: recordFrameIntervals = True
30.3442 	EXP 	Screen (0) actual frame rate measured at 119.69Hz
30.3442 	EXP 	window1: recordFrameIntervals = False
31.4749 	EXP 	online_LDT&KRT: status = STARTED
31.5786 	EXP 	Created intro_text = TextStim(__class__=<class 'psychopy.visual.text.TextStim'>, alignHoriz=method-wrapper(...), alignText='center', alignVert=method-wrapper(...), anchorHoriz='center', anchorVert='center', antialias=True, autoDraw=False, autoLog=True, bold=False, color=array([1., 1., 1.]), colorSpace='rgb', contrast=1.0, depth=0.0, draggable=False, flipHoriz=False, flipVert=False, font='NanumGothic', fontFiles=[], height=np.float64(0.03), italic=False, languageStyle='LTR', name='intro_text', opacity=1, ori=0.0, pos=array([0., 0.]), rgb=UNKNOWN, text=str(...), units='height', win=Window(...), wrapWidth=1)
31.6038 	EXP 	Created LDT_intro_instr = TextStim(__class__=<class 'psychopy.visual.text.TextStim'>, alignHoriz=method-wrapper(...), alignText='center', alignVert=method-wrapper(...), anchorHoriz='center', anchorVert='center', antialias=True, autoDraw=False, autoLog=True, bold=False, color=array([1., 1., 1.]), colorSpace='rgb', contrast=1.0, depth=0.0, draggable=False, flipHoriz=False, flipVert=False, font='NanumGothic', fontFiles=[], height=np.float64(0.03), italic=False, languageStyle='LTR', name='LDT_intro_instr', opacity=1, ori=0.0, pos=array([0. , 0.2]), rgb=UNKNOWN, text=str(...), units='height', win=Window(...), wrapWidth=1)
31.6164 	EXP 	Created keyboard_LDT = ImageStim(__class__=<class 'psychopy.visual.image.ImageStim'>, anchor=('center', 'center'), autoLog=True, color=array([1., 1., 1.]), colorSpace='rgb', contrast=1.0, depth=-2.0, draggable=False, flipHoriz=np.False_, flipVert=np.False_, image='keyboard_LDT_RR.png', interpolate=True, mask=None, maskParams=None, name='keyboard_LDT', opacity=1, ori=0.0, pos=array([ 0. , -0.2]), size=array([0.6 , 0.35]), texRes=128.0, units='height', win=Window(...))
31.6193 	EXP 	Created LDT_prac_fix_text = TextStim(__class__=<class 'psychopy.visual.text.TextStim'>, alignHoriz=method-wrapper(...), alignText='center', alignVert=method-wrapper(...), anchorHoriz='center', anchorVert='center', antialias=True, autoDraw=False, autoLog=True, bold=False, color=array([1., 1., 1.]), colorSpace='rgb', contrast=1.0, depth=0.0, draggable=False, flipHoriz=False, flipVert=False, font='NanumGothic', fontFiles=[], height=np.float64(0.1), italic=False, languageStyle='LTR', name='LDT_prac_fix_text', opacity=1, ori=0, pos=array([0., 0.]), rgb=UNKNOWN, text='+', units='height', win=Window(...), wrapWidth=1)
31.6197 	EXP 	Created LDT_prac_stim_text = TextStim(__class__=<class 'psychopy.visual.text.TextStim'>, alignHoriz=method-wrapper(...), alignText='center', alignVert=method-wrapper(...), anchorHoriz='center', anchorVert='center', antialias=True, autoDraw=False, autoLog=True, bold=False, color=array([1., 1., 1.]), colorSpace='rgb', contrast=1.0, depth=-1.0, draggable=False, flipHoriz=False, flipVert=False, font='NanumGothic', fontFiles=[], height=0.1, italic=False, languageStyle='LTR', name='LDT_prac_stim_text', opacity=1, ori=0, pos=array([0., 0.]), rgb=UNKNOWN, text='', units='height', win=Window(...), wrapWidth=1)
31.6203 	EXP 	Created LDT_feedback_text = TextStim(__class__=<class 'psychopy.visual.text.TextStim'>, alignHoriz=method-wrapper(...), alignText='center', alignVert=method-wrapper(...), anchorHoriz='center', anchorVert='center', antialias=True, autoDraw=False, autoLog=True, bold=False, color=array([1., 1., 1.]), colorSpace='rgb', contrast=1.0, depth=-1.0, draggable=False, flipHoriz=False, flipVert=False, font='NanumGothic', fontFiles=[], height=0.05, italic=False, languageStyle='LTR', name='LDT_feedback_text', opacity=1, ori=0, pos=array([0., 0.]), rgb=UNKNOWN, text='', units='height', win=Window(...), wrapWidth=1)
31.6345 	EXP 	Created LDT_instr_text = TextStim(__class__=<class 'psychopy.visual.text.TextStim'>, alignHoriz=method-wrapper(...), alignText='center', alignVert=method-wrapper(...), anchorHoriz='center', anchorVert='center', antialias=True, autoDraw=False, autoLog=True, bold=False, color=array([1., 1., 1.]), colorSpace='rgb', contrast=1.0, depth=0.0, draggable=False, flipHoriz=False, flipVert=False, font='NanumGothic', fontFiles=[], height=np.float64(0.03), italic=False, languageStyle='LTR', name='LDT_instr_text', opacity=1, ori=0, pos=array([0., 0.]), rgb=UNKNOWN, text=str(...), units='height', win=Window(...), wrapWidth=1)
31.6358 	EXP 	Created LDT_fix_text = TextStim(__class__=<class 'psychopy.visual.text.TextStim'>, alignHoriz=method-wrapper(...), alignText='center', alignVert=method-wrapper(...), anchorHoriz='center', anchorVert='center', antialias=True, autoDraw=False, autoLog=True, bold=False, color=array([1., 1., 1.]), colorSpace='rgb', contrast=1.0, depth=0.0, draggable=False, flipHoriz=False, flipVert=False, font='NanumGothic', fontFiles=[], height=np.float64(0.1), italic=False, languageStyle='LTR', name='LDT_fix_text', opacity=1, ori=0, pos=array([0., 0.]), rgb=UNKNOWN, text='+', units='height', win=Window(...), wrapWidth=1)
31.6362 	EXP 	Created LDT_stim_text = TextStim(__class__=<class 'psychopy.visual.text.TextStim'>, alignHoriz=method-wrapper(...), alignText='center', alignVert=method-wrapper(...), anchorHoriz='center', anchorVert='center', antialias=True, autoDraw=False, autoLog=True, bold=False, color=array([1., 1., 1.]), colorSpace='rgb', contrast=1.0, depth=-1.0, draggable=False, flipHoriz=False, flipVert=False, font='NanumGothic', fontFiles=[], height=0.1, italic=False, languageStyle='LTR', name='LDT_stim_text', opacity=1, ori=0, pos=array([0., 0.]), rgb=UNKNOWN, text='', units='height', win=Window(...), wrapWidth=1)
31.6422 	EXP 	Created LDT_break_text = TextStim(__class__=<class 'psychopy.visual.text.TextStim'>, alignHoriz=method-wrapper(...), alignText='center', alignVert=method-wrapper(...), anchorHoriz='center', anchorVert='center', antialias=True, autoDraw=False, autoLog=True, bold=False, color=array([1., 1., 1.]), colorSpace='rgb', contrast=1.0, depth=-1.0, draggable=False, flipHoriz=False, flipVert=False, font='NanumGothic', fontFiles=[], height=np.float64(0.03), italic=False, languageStyle='LTR', name='LDT_break_text', opacity=1, ori=0.0, pos=array([0., 0.]), rgb=UNKNOWN, text=str(...), units='height', win=Window(...), wrapWidth=1)
31.6481 	EXP 	Created end_text = TextStim(__class__=<class 'psychopy.visual.text.TextStim'>, alignHoriz=method-wrapper(...), alignText='center', alignVert=method-wrapper(...), anchorHoriz='center', anchorVert='center', antialias=True, autoDraw=False, autoLog=True, bold=False, color=array([1., 1., 1.]), colorSpace='rgb', contrast=1.0, depth=0.0, draggable=False, flipHoriz=False, flipVert=False, font='NanumGothic', fontFiles=[], height=np.float64(0.03), italic=False, languageStyle='LTR', name='end_text', opacity=1, ori=0, pos=array([0., 0.]), rgb=UNKNOWN, text='실험이 종료되었습니다. \n\n실험에 참여해 주셔서 감사합니다.\n\n', units='height', win=Window(...), wrapWidth=1)
0.0123 	EXP 	intro_text: autoDraw = True
1.2788 	EXP 	Device response: <KeyPress from None: t=1.211720999999983, value=space, duration=None>
1.2886 	EXP 	intro_text: autoDraw = False
1.2886 	EXP 	LDT_intro_instr: autoDraw = True
1.2886 	EXP 	keyboard_LDT: autoDraw = True
1.2889 	EXP 	Device response: <KeyPress from None: t=1.211720999999983, value=space, duration=0.071834100000018>
1.2894 	DATA 	Keypress: space
4.2840 	EXP 	Device response: <KeyPress from None: t=4.276632399999983, value=space, duration=None>
4.2884 	EXP 	Imported LDT_pracStim.xlsx as conditions, 10 conditions, 5 params
4.2886 	EXP 	New trial (rep=0, index=0): <Trial 0 (0 in rep 0) data={'Task': 'LDT', 'TrialType': 'Practice', 'Stimuli': 'huftuk', 'CorrectResponse': 'a', 'StimulusType': 'nonword', 'thisN': 0, 'thisTrialN': 0, 'thisRepN': 0}>
4.3006 	EXP 	LDT_intro_instr: autoDraw = False
4.3006 	EXP 	keyboard_LDT: autoDraw = False
4.3006 	EXP 	LDT_prac_stim_text: height = np.float64(0.1)
4.3006 	EXP 	LDT_prac_stim_text: height = np.float64(0.1)
4.3006 	EXP 	LDT_prac_stim_text: height = np.float64(0.1)
4.3006 	EXP 	LDT_prac_stim_text: text = 'huftuk'
4.3006 	EXP 	LDT_prac_fix_text: autoDraw = True
4.3011 	DATA 	Keypress: space
4.3508 	EXP 	Device response: <KeyPress from None: t=4.276632399999983, value=space, duration=0.07078599999999824>
4.7759 	EXP 	LDT_prac_stim_text: autoDraw = True
4.7926 	EXP 	LDT_prac_fix_text: autoDraw = False
6.3112 	EXP 	Device response: <KeyPress from None: t=6.307477299999988, value=a, duration=None>
6.3191 	EXP 	LDT_prac_fix_text: autoDraw = False
6.3191 	EXP 	LDT_prac_stim_text: autoDraw = False
6.3191 	EXP 	LDT_feedback_text: height = np.float64(0.05)
6.3191 	EXP 	LDT_feedback_text: height = np.float64(0.05)
6.3191 	EXP 	LDT_feedback_text: height = np.float64(0.05)
6.3191 	EXP 	LDT_feedback_text: text = '정답입니다!'
6.3191 	EXP 	LDT_feedback_text: autoDraw = True
6.3197 	DATA 	Keypress: a
6.3862 	EXP 	Device response: <KeyPress from None: t=6.307477299999988, value=a, duration=0.07253710000000524>
7.3038 	EXP 	New trial (rep=0, index=1): <Trial 1 (1 in rep 0) data={'Task': None, 'TrialType': None, 'Stimuli': None, 'CorrectResponse': None, 'StimulusType': None, 'thisN': 1, 'thisTrialN': 1, 'thisRepN': 0}>
7.3118 	EXP 	LDT_feedback_text: autoDraw = False
7.3118 	EXP 	LDT_feedback_text: autoDraw = False
7.3118 	EXP 	LDT_prac_stim_text: height = np.float64(0.1)
7.3118 	EXP 	LDT_prac_stim_text: height = np.float64(0.1)
7.3118 	EXP 	LDT_prac_stim_text: height = np.float64(0.1)
7.3118 	EXP 	LDT_prac_stim_text: text = 'huftuk'
7.3118 	EXP 	LDT_prac_fix_text: autoDraw = True
7.8040 	EXP 	LDT_prac_fix_text: autoDraw = False
7.8040 	EXP 	LDT_prac_stim_text: autoDraw = True
8.5466 	EXP 	Device response: <KeyPress from None: t=8.540279099999992, value=a, duration=None>
8.5547 	EXP 	LDT_prac_fix_text: autoDraw = False
8.5547 	EXP 	LDT_prac_stim_text: autoDraw = False
8.5547 	EXP 	LDT_feedback_text: height = np.float64(0.05)
8.5547 	EXP 	LDT_feedback_text: height = np.float64(0.05)
8.5547 	EXP 	LDT_feedback_text: height = np.float64(0.05)
8.5547 	EXP 	LDT_feedback_text: text = '오답입니다'
8.5547 	EXP 	LDT_feedback_text: autoDraw = True
8.5553 	DATA 	Keypress: a
8.5967 	EXP 	Device response: <KeyPress from None: t=8.540279099999992, value=a, duration=0.04808760000000234>
9.5393 	EXP 	New trial (rep=0, index=2): <Trial 2 (2 in rep 0) data={'Task': 'LDT', 'TrialType': 'Practice', 'Stimuli': 'format', 'CorrectResponse': 'l', 'StimulusType': 'word', 'thisN': 2, 'thisTrialN': 2, 'thisRepN': 0}>
9.5474 	EXP 	LDT_feedback_text: autoDraw = False
9.5474 	EXP 	LDT_feedback_text: autoDraw = False
9.5474 	EXP 	LDT_prac_stim_text: height = np.float64(0.1)
9.5474 	EXP 	LDT_prac_stim_text: height = np.float64(0.1)
9.5474 	EXP 	LDT_prac_stim_text: height = np.float64(0.1)
9.5474 	EXP 	LDT_prac_stim_text: text = 'format'
9.5474 	EXP 	LDT_prac_fix_text: autoDraw = True
10.0395 	EXP 	LDT_prac_fix_text: autoDraw = False
10.0395 	EXP 	LDT_prac_stim_text: autoDraw = True
11.2327 	EXP 	Device response: <KeyPress from None: t=11.228254499999991, value=l, duration=None>
11.2407 	EXP 	LDT_prac_fix_text: autoDraw = False
11.2407 	EXP 	LDT_prac_stim_text: autoDraw = False
11.2407 	EXP 	LDT_feedback_text: height = np.float64(0.05)
11.2407 	EXP 	LDT_feedback_text: height = np.float64(0.05)
11.2407 	EXP 	LDT_feedback_text: height = np.float64(0.05)
11.2407 	EXP 	LDT_feedback_text: text = '정답입니다!'
11.2407 	EXP 	LDT_feedback_text: autoDraw = True
11.2413 	DATA 	Keypress: l
11.3244 	EXP 	Device response: <KeyPress from None: t=11.228254499999991, value=l, duration=0.09550200000001041>
12.2255 	EXP 	New trial (rep=0, index=3): <Trial 3 (3 in rep 0) data={'Task': None, 'TrialType': None, 'Stimuli': None, 'CorrectResponse': None, 'StimulusType': None, 'thisN': 3, 'thisTrialN': 3, 'thisRepN': 0}>
12.2334 	EXP 	LDT_feedback_text: autoDraw = False
12.2334 	EXP 	LDT_feedback_text: autoDraw = False
12.2334 	EXP 	LDT_prac_stim_text: height = np.float64(0.1)
12.2334 	EXP 	LDT_prac_stim_text: height = np.float64(0.1)
12.2334 	EXP 	LDT_prac_stim_text: height = np.float64(0.1)
12.2334 	EXP 	LDT_prac_stim_text: text = 'format'
12.2334 	EXP 	LDT_prac_fix_text: autoDraw = True
12.7255 	EXP 	LDT_prac_fix_text: autoDraw = False
12.7255 	EXP 	LDT_prac_stim_text: autoDraw = True
13.4933 	EXP 	Device response: <KeyPress from None: t=13.49188509999999, value=l, duration=None>
13.5014 	EXP 	LDT_prac_fix_text: autoDraw = False
13.5014 	EXP 	LDT_prac_stim_text: autoDraw = False
13.5014 	EXP 	LDT_feedback_text: height = np.float64(0.05)
13.5014 	EXP 	LDT_feedback_text: height = np.float64(0.05)
13.5014 	EXP 	LDT_feedback_text: height = np.float64(0.05)
13.5014 	EXP 	LDT_feedback_text: text = '오답입니다'
13.5014 	EXP 	LDT_feedback_text: autoDraw = True
13.5019 	DATA 	Keypress: l
13.5934 	EXP 	Device response: <KeyPress from None: t=13.49188509999999, value=l, duration=0.09581040000000485>
14.4859 	EXP 	New trial (rep=0, index=4): <Trial 4 (4 in rep 0) data={'Task': 'LDT', 'TrialType': 'Practice', 'Stimuli': 'truck', 'CorrectResponse': 'l', 'StimulusType': 'word', 'thisN': 4, 'thisTrialN': 4, 'thisRepN': 0}>
14.4940 	EXP 	LDT_feedback_text: autoDraw = False
14.4940 	EXP 	LDT_feedback_text: autoDraw = False
14.4940 	EXP 	LDT_prac_stim_text: height = np.float64(0.1)
14.4940 	EXP 	LDT_prac_stim_text: height = np.float64(0.1)
14.4940 	EXP 	LDT_prac_stim_text: height = np.float64(0.1)
14.4940 	EXP 	LDT_prac_stim_text: text = 'truck'
14.4940 	EXP 	LDT_prac_fix_text: autoDraw = True
14.9861 	EXP 	LDT_prac_fix_text: autoDraw = False
14.9861 	EXP 	LDT_prac_stim_text: autoDraw = True
16.0376 	EXP 	Device response: <KeyPress from None: t=16.036226900000003, value=l, duration=None>
16.0455 	EXP 	LDT_prac_fix_text: autoDraw = False
16.0455 	EXP 	LDT_prac_stim_text: autoDraw = False
16.0455 	EXP 	LDT_feedback_text: height = np.float64(0.05)
16.0455 	EXP 	LDT_feedback_text: height = np.float64(0.05)
16.0455 	EXP 	LDT_feedback_text: height = np.float64(0.05)
16.0455 	EXP 	LDT_feedback_text: text = '정답입니다!'
16.0455 	EXP 	LDT_feedback_text: autoDraw = True
16.0461 	DATA 	Keypress: l
16.1209 	EXP 	Device response: <KeyPress from None: t=16.036226900000003, value=l, duration=0.07968689999998446>
17.0301 	EXP 	New trial (rep=0, index=5): <Trial 5 (5 in rep 0) data={'Task': 'LDT', 'TrialType': 'Practice', 'Stimuli': 'jujuk', 'CorrectResponse': 'a', 'StimulusType': 'nonword', 'thisN': 5, 'thisTrialN': 5, 'thisRepN': 0}>
17.0381 	EXP 	LDT_feedback_text: autoDraw = False
17.0381 	EXP 	LDT_feedback_text: autoDraw = False
17.0381 	EXP 	LDT_prac_stim_text: height = np.float64(0.1)
17.0381 	EXP 	LDT_prac_stim_text: height = np.float64(0.1)
17.0381 	EXP 	LDT_prac_stim_text: height = np.float64(0.1)
17.0381 	EXP 	LDT_prac_stim_text: text = 'jujuk'
17.0381 	EXP 	LDT_prac_fix_text: autoDraw = True
17.5303 	EXP 	LDT_prac_fix_text: autoDraw = False
17.5303 	EXP 	LDT_prac_stim_text: autoDraw = True
18.2981 	EXP 	Device response: <KeyPress from None: t=18.2917985, value=a, duration=None>
18.3061 	EXP 	LDT_prac_fix_text: autoDraw = False
18.3061 	EXP 	LDT_prac_stim_text: autoDraw = False
18.3061 	EXP 	LDT_feedback_text: text = '정답입니다!'
18.3061 	EXP 	LDT_feedback_text: autoDraw = True
18.3066 	DATA 	Keypress: a
18.3564 	EXP 	Device response: <KeyPress from None: t=18.2917985, value=a, duration=0.06392560000000458>
19.2907 	EXP 	New trial (rep=0, index=6): <Trial 6 (6 in rep 0) data={'Task': 'LDT', 'TrialType': 'Practice', 'Stimuli': 'cucumber', 'CorrectResponse': 'l', 'StimulusType': 'word', 'thisN': 6, 'thisTrialN': 6, 'thisRepN': 0}>
19.2988 	EXP 	LDT_feedback_text: autoDraw = False
19.2988 	EXP 	LDT_feedback_text: autoDraw = False
19.2988 	EXP 	LDT_prac_stim_text: height = np.float64(0.1)
19.2988 	EXP 	LDT_prac_stim_text: height = np.float64(0.1)
19.2988 	EXP 	LDT_prac_stim_text: height = np.float64(0.1)
19.2988 	EXP 	LDT_prac_stim_text: text = 'cucumber'
19.2988 	EXP 	LDT_prac_fix_text: autoDraw = True
19.7909 	EXP 	LDT_prac_fix_text: autoDraw = False
19.7909 	EXP 	LDT_prac_stim_text: autoDraw = True
20.8924 	EXP 	Device response: <KeyPress from None: t=20.891586099999984, value=l, duration=None>
20.9003 	EXP 	LDT_prac_fix_text: autoDraw = False
20.9003 	EXP 	LDT_prac_stim_text: autoDraw = False
20.9003 	EXP 	LDT_feedback_text: text = '정답입니다!'
20.9003 	EXP 	LDT_feedback_text: autoDraw = True
20.9008 	DATA 	Keypress: l
20.9592 	EXP 	Device response: <KeyPress from None: t=20.891586099999984, value=l, duration=0.06410110000001623>
21.8849 	EXP 	New trial (rep=0, index=7): <Trial 7 (7 in rep 0) data={'Task': 'LDT', 'TrialType': 'Practice', 'Stimuli': 'anyoung', 'CorrectResponse': 'a', 'StimulusType': 'nonword', 'thisN': 7, 'thisTrialN': 7, 'thisRepN': 0}>
21.8930 	EXP 	LDT_feedback_text: autoDraw = False
21.8930 	EXP 	LDT_feedback_text: autoDraw = False
21.8930 	EXP 	LDT_prac_stim_text: height = np.float64(0.1)
21.8930 	EXP 	LDT_prac_stim_text: height = np.float64(0.1)
21.8930 	EXP 	LDT_prac_stim_text: height = np.float64(0.1)
21.8930 	EXP 	LDT_prac_stim_text: text = 'anyoung'
21.8930 	EXP 	LDT_prac_fix_text: autoDraw = True
22.3852 	EXP 	LDT_prac_fix_text: autoDraw = False
22.3852 	EXP 	LDT_prac_stim_text: autoDraw = True
23.9954 	EXP 	Device response: <KeyPress from None: t=23.987726500000008, value=a, duration=None>
24.0034 	EXP 	LDT_prac_fix_text: autoDraw = False
24.0034 	EXP 	LDT_prac_stim_text: autoDraw = False
24.0034 	EXP 	LDT_feedback_text: text = '정답입니다!'
24.0034 	EXP 	LDT_feedback_text: autoDraw = True
24.0040 	DATA 	Keypress: a
24.0705 	EXP 	Device response: <KeyPress from None: t=23.987726500000008, value=a, duration=0.07985939999997527>
24.9881 	EXP 	New trial (rep=0, index=8): <Trial 8 (8 in rep 0) data={'Task': 'LDT', 'TrialType': 'Practice', 'Stimuli': 'baseball', 'CorrectResponse': 'l', 'StimulusType': 'word', 'thisN': 8, 'thisTrialN': 8, 'thisRepN': 0}>
24.9961 	EXP 	LDT_feedback_text: autoDraw = False
24.9961 	EXP 	LDT_feedback_text: autoDraw = False
24.9961 	EXP 	LDT_prac_stim_text: height = np.float64(0.1)
24.9961 	EXP 	LDT_prac_stim_text: height = np.float64(0.1)
24.9961 	EXP 	LDT_prac_stim_text: height = np.float64(0.1)
24.9961 	EXP 	LDT_prac_stim_text: text = 'baseball'
24.9961 	EXP 	LDT_prac_fix_text: autoDraw = True
25.4886 	EXP 	LDT_prac_fix_text: autoDraw = False
25.4886 	EXP 	LDT_prac_stim_text: autoDraw = True
27.2396 	EXP 	Device response: <KeyPress from None: t=27.236411599999997, value=l, duration=None>
27.2477 	EXP 	LDT_prac_fix_text: autoDraw = False
27.2477 	EXP 	LDT_prac_stim_text: autoDraw = False
27.2477 	EXP 	LDT_feedback_text: text = '정답입니다!'
27.2477 	EXP 	LDT_feedback_text: autoDraw = True
27.2482 	DATA 	Keypress: l
27.3064 	EXP 	Device response: <KeyPress from None: t=27.236411599999997, value=l, duration=0.06365700000000629>
28.2324 	EXP 	New trial (rep=0, index=9): <Trial 9 (9 in rep 0) data={'Task': 'LDT', 'TrialType': 'Practice', 'Stimuli': 'concept', 'CorrectResponse': 'l', 'StimulusType': 'word', 'thisN': 9, 'thisTrialN': 9, 'thisRepN': 0}>
28.2404 	EXP 	LDT_feedback_text: autoDraw = False
28.2404 	EXP 	LDT_feedback_text: autoDraw = False
28.2404 	EXP 	LDT_prac_stim_text: height = np.float64(0.1)
28.2404 	EXP 	LDT_prac_stim_text: height = np.float64(0.1)
28.2404 	EXP 	LDT_prac_stim_text: height = np.float64(0.1)
28.2404 	EXP 	LDT_prac_stim_text: text = 'concept'
28.2404 	EXP 	LDT_prac_fix_text: autoDraw = True
28.7326 	EXP 	LDT_prac_fix_text: autoDraw = False
28.7326 	EXP 	LDT_prac_stim_text: autoDraw = True
29.9430 	EXP 	Device response: <KeyPress from None: t=29.939907000000005, value=l, duration=None>
29.9511 	EXP 	LDT_prac_fix_text: autoDraw = False
29.9511 	EXP 	LDT_prac_stim_text: autoDraw = False
29.9511 	EXP 	LDT_feedback_text: text = '정답입니다!'
29.9511 	EXP 	LDT_feedback_text: autoDraw = True
29.9519 	DATA 	Keypress: l
29.9930 	EXP 	Device response: <KeyPress from None: t=29.939907000000005, value=l, duration=0.047788599999989856>
30.9431 	EXP 	LDT_feedback_text: autoDraw = False
30.9431 	EXP 	LDT_feedback_text: autoDraw = False
30.9431 	EXP 	LDT_instr_text: autoDraw = True
32.6284 	EXP 	Device response: <KeyPress from None: t=32.6280017, value=space, duration=None>
32.6476 	EXP 	Imported LDT_Stim.xlsx as conditions, 222 conditions, 6 params
32.6486 	EXP 	New trial (rep=0, index=0): <Trial 0 (0 in rep 0) data={'Task': 'LDT', 'TrialType': 'Target', 'Stimuli': 'dilt', 'StimulusType': 'nonword', 'CorrectResponse': 'a', 'Trialnumb': 137, 'thisN': 0, 'thisTrialN': 0, 'thisRepN': 0}>
32.6532 	EXP 	LDT_instr_text: autoDraw = False
32.6532 	EXP 	LDT_stim_text: height = np.float64(0.1)
32.6532 	EXP 	LDT_stim_text: height = np.float64(0.1)
32.6532 	EXP 	LDT_stim_text: height = np.float64(0.1)
32.6532 	EXP 	LDT_stim_text: text = 'dilt'
32.6532 	EXP 	LDT_fix_text: autoDraw = True
32.6537 	DATA 	Keypress: space
32.7202 	EXP 	Device response: <KeyPress from None: t=32.6280017, value=space, duration=0.08921549999999456>
33.1203 	EXP 	LDT_stim_text: autoDraw = True
33.1453 	EXP 	LDT_fix_text: autoDraw = False
34.1889 	EXP 	Device response: <KeyPress from None: t=34.18810500000001, value=a, duration=None>
34.1891 	EXP 	New trial (rep=0, index=1): <Trial 1 (1 in rep 0) data={'Task': 'LDT', 'TrialType': 'Target', 'Stimuli': 'wass', 'StimulusType': 'nonword', 'CorrectResponse': 'a', 'Trialnumb': 215, 'thisN': 1, 'thisTrialN': 1, 'thisRepN': 0}>
34.1969 	EXP 	LDT_fix_text: autoDraw = False
34.1969 	EXP 	LDT_stim_text: autoDraw = False
34.1969 	EXP 	LDT_break_text: autoDraw = False
34.1969 	EXP 	LDT_stim_text: height = np.float64(0.1)
34.1969 	EXP 	LDT_stim_text: height = np.float64(0.1)
34.1969 	EXP 	LDT_stim_text: height = np.float64(0.1)
34.1969 	EXP 	LDT_stim_text: text = 'wass'
34.1969 	EXP 	LDT_fix_text: autoDraw = True
34.1974 	DATA 	Keypress: a
34.2639 	EXP 	Device response: <KeyPress from None: t=34.18810500000001, value=a, duration=0.0725953999999831>
34.6807 	EXP 	LDT_stim_text: autoDraw = True
34.6891 	EXP 	LDT_fix_text: autoDraw = False
35.5151 	EXP 	Device response: <KeyPress from None: t=35.508303100000006, value=a, duration=None>
35.5153 	EXP 	New trial (rep=0, index=2): <Trial 2 (2 in rep 0) data={'Task': 'LDT', 'TrialType': 'Target', 'Stimuli': 'buy', 'StimulusType': 'word', 'CorrectResponse': 'l', 'Trialnumb': 25, 'thisN': 2, 'thisTrialN': 2, 'thisRepN': 0}>
35.5232 	EXP 	LDT_fix_text: autoDraw = False
35.5232 	EXP 	LDT_stim_text: autoDraw = False
35.5232 	EXP 	LDT_break_text: autoDraw = False
35.5232 	EXP 	LDT_stim_text: height = np.float64(0.1)
35.5232 	EXP 	LDT_stim_text: height = np.float64(0.1)
35.5232 	EXP 	LDT_stim_text: height = np.float64(0.1)
35.5232 	EXP 	LDT_stim_text: text = 'buy'
35.5232 	EXP 	LDT_fix_text: autoDraw = True
35.5237 	DATA 	Keypress: a
35.5738 	EXP 	Device response: <KeyPress from None: t=35.508303100000006, value=a, duration=0.06322829999999158>
36.0070 	EXP 	LDT_stim_text: autoDraw = True
36.0154 	EXP 	LDT_fix_text: autoDraw = False
36.6746 	EXP 	Device response: <KeyPress from None: t=36.6682538, value=l, duration=None>
36.6748 	EXP 	New trial (rep=0, index=3): <Trial 3 (3 in rep 0) data={'Task': 'LDT', 'TrialType': 'Target', 'Stimuli': 'short', 'StimulusType': 'word', 'CorrectResponse': 'l', 'Trialnumb': 50, 'thisN': 3, 'thisTrialN': 3, 'thisRepN': 0}>
36.6827 	EXP 	LDT_fix_text: autoDraw = False
36.6827 	EXP 	LDT_stim_text: autoDraw = False
36.6827 	EXP 	LDT_break_text: autoDraw = False
36.6827 	EXP 	LDT_stim_text: height = np.float64(0.1)
36.6827 	EXP 	LDT_stim_text: height = np.float64(0.1)
36.6827 	EXP 	LDT_stim_text: height = np.float64(0.1)
36.6827 	EXP 	LDT_stim_text: text = 'short'
36.6827 	EXP 	LDT_fix_text: autoDraw = True
36.6832 	DATA 	Keypress: l
36.7332 	EXP 	Device response: <KeyPress from None: t=36.6682538, value=l, duration=0.06370979999999804>
37.1665 	EXP 	LDT_stim_text: autoDraw = True
37.1749 	EXP 	LDT_fix_text: autoDraw = False
37.7174 	EXP 	Device response: <KeyPress from None: t=37.71602389999998, value=l, duration=None>
37.7177 	EXP 	New trial (rep=0, index=4): <Trial 4 (4 in rep 0) data={'Task': 'LDT', 'TrialType': 'Target', 'Stimuli': 'trag', 'StimulusType': 'nonword', 'CorrectResponse': 'a', 'Trialnumb': 205, 'thisN': 4, 'thisTrialN': 4, 'thisRepN': 0}>
37.7254 	EXP 	LDT_fix_text: autoDraw = False
37.7254 	EXP 	LDT_stim_text: autoDraw = False
37.7254 	EXP 	LDT_break_text: autoDraw = False
37.7254 	EXP 	LDT_stim_text: height = np.float64(0.1)
37.7254 	EXP 	LDT_stim_text: height = np.float64(0.1)
37.7254 	EXP 	LDT_stim_text: height = np.float64(0.1)
37.7254 	EXP 	LDT_stim_text: text = 'trag'
37.7254 	EXP 	LDT_fix_text: autoDraw = True
37.7259 	DATA 	Keypress: l
37.7840 	EXP 	Device response: <KeyPress from None: t=37.71602389999998, value=l, duration=0.06431510000001595>
38.2092 	EXP 	LDT_stim_text: autoDraw = True
38.2176 	EXP 	LDT_fix_text: autoDraw = False
39.1104 	EXP 	Device response: <KeyPress from None: t=39.10768919999998, value=a, duration=None>
39.1107 	EXP 	New trial (rep=0, index=5): <Trial 5 (5 in rep 0) data={'Task': 'LDT', 'TrialType': 'Target', 'Stimuli': 'yast', 'StimulusType': 'nonword', 'CorrectResponse': 'a', 'Trialnumb': 218, 'thisN': 5, 'thisTrialN': 5, 'thisRepN': 0}>
39.1185 	EXP 	LDT_fix_text: autoDraw = False
39.1185 	EXP 	LDT_stim_text: autoDraw = False
39.1185 	EXP 	LDT_break_text: autoDraw = False
39.1185 	EXP 	LDT_stim_text: height = np.float64(0.1)
39.1185 	EXP 	LDT_stim_text: height = np.float64(0.1)
39.1185 	EXP 	LDT_stim_text: height = np.float64(0.1)
39.1185 	EXP 	LDT_stim_text: text = 'yast'
39.1185 	EXP 	LDT_fix_text: autoDraw = True
39.1190 	DATA 	Keypress: a
39.1688 	EXP 	Device response: <KeyPress from None: t=39.10768919999998, value=a, duration=0.056233900000023596>
39.6023 	EXP 	LDT_stim_text: autoDraw = True
39.6106 	EXP 	LDT_fix_text: autoDraw = False
40.3200 	EXP 	Device response: <KeyPress from None: t=40.31673759999998, value=a, duration=None>
40.3203 	EXP 	New trial (rep=0, index=6): <Trial 6 (6 in rep 0) data={'Task': 'LDT', 'TrialType': 'Target', 'Stimuli': 'vour', 'StimulusType': 'nonword', 'CorrectResponse': 'a', 'Trialnumb': 214, 'thisN': 6, 'thisTrialN': 6, 'thisRepN': 0}>
40.3280 	EXP 	LDT_fix_text: autoDraw = False
40.3280 	EXP 	LDT_stim_text: autoDraw = False
40.3280 	EXP 	LDT_break_text: autoDraw = False
40.3280 	EXP 	LDT_stim_text: height = np.float64(0.1)
40.3280 	EXP 	LDT_stim_text: height = np.float64(0.1)
40.3280 	EXP 	LDT_stim_text: height = np.float64(0.1)
40.3280 	EXP 	LDT_stim_text: text = 'vour'
40.3280 	EXP 	LDT_fix_text: autoDraw = True
40.3286 	DATA 	Keypress: a
40.3783 	EXP 	Device response: <KeyPress from None: t=40.31673759999998, value=a, duration=0.05522430000002032>
40.8118 	EXP 	LDT_stim_text: autoDraw = True
40.8201 	EXP 	LDT_fix_text: autoDraw = False
41.3626 	EXP 	Device response: <KeyPress from None: t=41.3554723, value=a, duration=None>
41.3629 	EXP 	New trial (rep=0, index=7): <Trial 7 (7 in rep 0) data={'Task': 'LDT', 'TrialType': 'Target', 'Stimuli': 'loje', 'StimulusType': 'nonword', 'CorrectResponse': 'a', 'Trialnumb': 171, 'thisN': 7, 'thisTrialN': 7, 'thisRepN': 0}>
41.3707 	EXP 	LDT_fix_text: autoDraw = False
41.3707 	EXP 	LDT_stim_text: autoDraw = False
41.3707 	EXP 	LDT_break_text: autoDraw = False
41.3707 	EXP 	LDT_stim_text: height = np.float64(0.1)
41.3707 	EXP 	LDT_stim_text: height = np.float64(0.1)
41.3707 	EXP 	LDT_stim_text: height = np.float64(0.1)
41.3707 	EXP 	LDT_stim_text: text = 'loje'
41.3707 	EXP 	LDT_fix_text: autoDraw = True
41.3712 	DATA 	Keypress: a
41.4045 	EXP 	Device response: <KeyPress from None: t=41.3554723, value=a, duration=0.04873340000000326>
41.8545 	EXP 	LDT_stim_text: autoDraw = True
41.8629 	EXP 	LDT_fix_text: autoDraw = False
42.3889 	EXP 	Device response: <KeyPress from None: t=42.38836949999998, value=a, duration=None>
42.3892 	EXP 	New trial (rep=0, index=8): <Trial 8 (8 in rep 0) data={'Task': 'LDT', 'TrialType': 'Target', 'Stimuli': 'wake', 'StimulusType': 'word', 'CorrectResponse': 'l', 'Trialnumb': 63, 'thisN': 8, 'thisTrialN': 8, 'thisRepN': 0}>
42.3970 	EXP 	LDT_fix_text: autoDraw = False
42.3970 	EXP 	LDT_stim_text: autoDraw = False
42.3970 	EXP 	LDT_break_text: autoDraw = False
42.3970 	EXP 	LDT_stim_text: height = np.float64(0.1)
42.3970 	EXP 	LDT_stim_text: height = np.float64(0.1)
42.3970 	EXP 	LDT_stim_text: height = np.float64(0.1)
42.3970 	EXP 	LDT_stim_text: text = 'wake'
42.3970 	EXP 	LDT_fix_text: autoDraw = True
42.3974 	DATA 	Keypress: a
42.4475 	EXP 	Device response: <KeyPress from None: t=42.38836949999998, value=a, duration=0.055524200000007795>
42.8805 	EXP 	LDT_stim_text: autoDraw = True
42.8889 	EXP 	LDT_fix_text: autoDraw = False
43.5148 	EXP 	Device response: <KeyPress from None: t=43.50751650000001, value=l, duration=None>
43.5151 	EXP 	New trial (rep=0, index=9): <Trial 9 (9 in rep 0) data={'Task': 'LDT', 'TrialType': 'Target', 'Stimuli': 'boom', 'StimulusType': 'word', 'CorrectResponse': 'l', 'Trialnumb': 96, 'thisN': 9, 'thisTrialN': 9, 'thisRepN': 0}>
43.5229 	EXP 	LDT_fix_text: autoDraw = False
43.5229 	EXP 	LDT_stim_text: autoDraw = False
43.5229 	EXP 	LDT_break_text: autoDraw = False
43.5229 	EXP 	LDT_stim_text: height = np.float64(0.1)
43.5229 	EXP 	LDT_stim_text: height = np.float64(0.1)
43.5229 	EXP 	LDT_stim_text: height = np.float64(0.1)
43.5229 	EXP 	LDT_stim_text: text = 'boom'
43.5229 	EXP 	LDT_fix_text: autoDraw = True
43.5234 	DATA 	Keypress: l
43.5734 	EXP 	Device response: <KeyPress from None: t=43.50751650000001, value=l, duration=0.06493789999998967>
44.0067 	EXP 	LDT_stim_text: autoDraw = True
44.0150 	EXP 	LDT_fix_text: autoDraw = False
44.9247 	EXP 	Device response: <KeyPress from None: t=44.92436789999999, value=l, duration=None>
44.9249 	EXP 	New trial (rep=0, index=10): <Trial 10 (10 in rep 0) data={'Task': 'LDT', 'TrialType': 'Target', 'Stimuli': 'hage', 'StimulusType': 'nonword', 'CorrectResponse': 'a', 'Trialnumb': 149, 'thisN': 10, 'thisTrialN': 10, 'thisRepN': 0}>
44.9326 	EXP 	LDT_fix_text: autoDraw = False
44.9326 	EXP 	LDT_stim_text: autoDraw = False
44.9326 	EXP 	LDT_break_text: autoDraw = False
44.9326 	EXP 	LDT_stim_text: height = np.float64(0.1)
44.9326 	EXP 	LDT_stim_text: height = np.float64(0.1)
44.9326 	EXP 	LDT_stim_text: height = np.float64(0.1)
44.9326 	EXP 	LDT_stim_text: text = 'hage'
44.9326 	EXP 	LDT_fix_text: autoDraw = True
44.9331 	DATA 	Keypress: l
44.9914 	EXP 	Device response: <KeyPress from None: t=44.92436789999999, value=l, duration=0.06331950000000575>
45.4164 	EXP 	LDT_stim_text: autoDraw = True
45.4248 	EXP 	LDT_fix_text: autoDraw = False
46.5012 	EXP 	Device response: <KeyPress from None: t=46.5002025, value=a, duration=None>
46.5014 	EXP 	New trial (rep=0, index=11): <Trial 11 (11 in rep 0) data={'Task': 'LDT', 'TrialType': 'Target', 'Stimuli': 'fall', 'StimulusType': 'word', 'CorrectResponse': 'l', 'Trialnumb': 62, 'thisN': 11, 'thisTrialN': 11, 'thisRepN': 0}>
46.5092 	EXP 	LDT_fix_text: autoDraw = False
46.5092 	EXP 	LDT_stim_text: autoDraw = False
46.5092 	EXP 	LDT_break_text: autoDraw = False
46.5092 	EXP 	LDT_stim_text: height = np.float64(0.1)
46.5092 	EXP 	LDT_stim_text: height = np.float64(0.1)
46.5092 	EXP 	LDT_stim_text: height = np.float64(0.1)
46.5092 	EXP 	LDT_stim_text: text = 'fall'
46.5092 	EXP 	LDT_fix_text: autoDraw = True
46.5097 	DATA 	Keypress: a
46.5678 	EXP 	Device response: <KeyPress from None: t=46.5002025, value=a, duration=0.06407669999998689>
46.9930 	EXP 	LDT_stim_text: autoDraw = True
47.0013 	EXP 	LDT_fix_text: autoDraw = False
47.6105 	EXP 	Device response: <KeyPress from None: t=47.60371269999999, value=l, duration=None>
47.6107 	EXP 	New trial (rep=0, index=12): <Trial 12 (12 in rep 0) data={'Task': 'LDT', 'TrialType': 'Target', 'Stimuli': 'hass', 'StimulusType': 'nonword', 'CorrectResponse': 'a', 'Trialnumb': 151, 'thisN': 12, 'thisTrialN': 12, 'thisRepN': 0}>
47.6187 	EXP 	LDT_fix_text: autoDraw = False
47.6187 	EXP 	LDT_stim_text: autoDraw = False
47.6187 	EXP 	LDT_break_text: autoDraw = False
47.6187 	EXP 	LDT_stim_text: height = np.float64(0.1)
47.6187 	EXP 	LDT_stim_text: height = np.float64(0.1)
47.6187 	EXP 	LDT_stim_text: height = np.float64(0.1)
47.6187 	EXP 	LDT_stim_text: text = 'hass'
47.6187 	EXP 	LDT_fix_text: autoDraw = True
47.6192 	DATA 	Keypress: l
47.6524 	EXP 	Device response: <KeyPress from None: t=47.60371269999999, value=l, duration=0.0481395000000191>
48.1024 	EXP 	LDT_stim_text: autoDraw = True
48.1108 	EXP 	LDT_fix_text: autoDraw = False
48.8034 	EXP 	Device response: <KeyPress from None: t=48.79560190000001, value=a, duration=None>
48.8036 	EXP 	New trial (rep=0, index=13): <Trial 13 (13 in rep 0) data={'Task': 'LDT', 'TrialType': 'Target', 'Stimuli': 'full', 'StimulusType': 'word', 'CorrectResponse': 'l', 'Trialnumb': 43, 'thisN': 13, 'thisTrialN': 13, 'thisRepN': 0}>
48.8115 	EXP 	LDT_fix_text: autoDraw = False
48.8115 	EXP 	LDT_stim_text: autoDraw = False
48.8115 	EXP 	LDT_break_text: autoDraw = False
48.8115 	EXP 	LDT_stim_text: height = np.float64(0.1)
48.8115 	EXP 	LDT_stim_text: height = np.float64(0.1)
48.8115 	EXP 	LDT_stim_text: height = np.float64(0.1)
48.8115 	EXP 	LDT_stim_text: text = 'full'
48.8115 	EXP 	LDT_fix_text: autoDraw = True
48.8120 	DATA 	Keypress: a
48.8534 	EXP 	Device response: <KeyPress from None: t=48.79560190000001, value=a, duration=0.056327999999979284>
49.2953 	EXP 	LDT_stim_text: autoDraw = True
49.3036 	EXP 	LDT_fix_text: autoDraw = False
49.8212 	EXP 	Device response: <KeyPress from None: t=49.8195934, value=l, duration=None>
49.8215 	EXP 	New trial (rep=0, index=14): <Trial 14 (14 in rep 0) data={'Task': 'LDT', 'TrialType': 'Target', 'Stimuli': 'large', 'StimulusType': 'word', 'CorrectResponse': 'l', 'Trialnumb': 29, 'thisN': 14, 'thisTrialN': 14, 'thisRepN': 0}>
49.8291 	EXP 	LDT_fix_text: autoDraw = False
49.8291 	EXP 	LDT_stim_text: autoDraw = False
49.8291 	EXP 	LDT_break_text: autoDraw = False
49.8291 	EXP 	LDT_stim_text: height = np.float64(0.1)
49.8291 	EXP 	LDT_stim_text: height = np.float64(0.1)
49.8291 	EXP 	LDT_stim_text: height = np.float64(0.1)
49.8291 	EXP 	LDT_stim_text: text = 'large'
49.8291 	EXP 	LDT_fix_text: autoDraw = True
49.8297 	DATA 	Keypress: l
49.9295 	EXP 	Device response: <KeyPress from None: t=49.8195934, value=l, duration=0.10510789999997883>
50.3129 	EXP 	LDT_stim_text: autoDraw = True
50.3213 	EXP 	LDT_fix_text: autoDraw = False
50.9641 	EXP 	Device response: <KeyPress from None: t=50.963595, value=l, duration=None>
50.9643 	EXP 	New trial (rep=0, index=15): <Trial 15 (15 in rep 0) data={'Task': 'LDT', 'TrialType': 'Target', 'Stimuli': 'frow', 'StimulusType': 'nonword', 'CorrectResponse': 'a', 'Trialnumb': 142, 'thisN': 15, 'thisTrialN': 15, 'thisRepN': 0}>
50.9719 	EXP 	LDT_fix_text: autoDraw = False
50.9719 	EXP 	LDT_stim_text: autoDraw = False
50.9719 	EXP 	LDT_break_text: autoDraw = False
50.9719 	EXP 	LDT_stim_text: height = np.float64(0.1)
50.9719 	EXP 	LDT_stim_text: height = np.float64(0.1)
50.9719 	EXP 	LDT_stim_text: height = np.float64(0.1)
50.9719 	EXP 	LDT_stim_text: text = 'frow'
50.9719 	EXP 	LDT_fix_text: autoDraw = True
50.9726 	DATA 	Keypress: l
51.0556 	EXP 	Device response: <KeyPress from None: t=50.963595, value=l, duration=0.08836800000000267>
51.4557 	EXP 	LDT_stim_text: autoDraw = True
51.4641 	EXP 	LDT_fix_text: autoDraw = False
52.0734 	EXP 	Device response: <KeyPress from None: t=52.0682597, value=a, duration=None>
52.0736 	EXP 	New trial (rep=0, index=16): <Trial 16 (16 in rep 0) data={'Task': 'LDT', 'TrialType': 'Target', 'Stimuli': 'music', 'StimulusType': 'word', 'CorrectResponse': 'l', 'Trialnumb': 13, 'thisN': 16, 'thisTrialN': 16, 'thisRepN': 0}>
52.0814 	EXP 	LDT_fix_text: autoDraw = False
52.0814 	EXP 	LDT_stim_text: autoDraw = False
52.0814 	EXP 	LDT_break_text: autoDraw = False
52.0814 	EXP 	LDT_stim_text: height = np.float64(0.1)
52.0814 	EXP 	LDT_stim_text: height = np.float64(0.1)
52.0814 	EXP 	LDT_stim_text: height = np.float64(0.1)
52.0814 	EXP 	LDT_stim_text: text = 'music'
52.0814 	EXP 	LDT_fix_text: autoDraw = True
52.0819 	DATA 	Keypress: a
52.1484 	EXP 	Device response: <KeyPress from None: t=52.0682597, value=a, duration=0.07198769999999399>
52.5652 	EXP 	LDT_stim_text: autoDraw = True
52.5735 	EXP 	LDT_fix_text: autoDraw = False
53.1578 	EXP 	Device response: <KeyPress from None: t=53.156391299999996, value=l, duration=None>
53.1580 	EXP 	New trial (rep=0, index=17): <Trial 17 (17 in rep 0) data={'Task': 'LDT', 'TrialType': 'Target', 'Stimuli': 'cips', 'StimulusType': 'nonword', 'CorrectResponse': 'a', 'Trialnumb': 128, 'thisN': 17, 'thisTrialN': 17, 'thisRepN': 0}>
53.1659 	EXP 	LDT_fix_text: autoDraw = False
53.1659 	EXP 	LDT_stim_text: autoDraw = False
53.1659 	EXP 	LDT_break_text: autoDraw = False
53.1659 	EXP 	LDT_stim_text: height = np.float64(0.1)
53.1659 	EXP 	LDT_stim_text: height = np.float64(0.1)
53.1659 	EXP 	LDT_stim_text: height = np.float64(0.1)
53.1659 	EXP 	LDT_stim_text: text = 'cips'
53.1659 	EXP 	LDT_fix_text: autoDraw = True
53.1665 	DATA 	Keypress: l
53.2412 	EXP 	Device response: <KeyPress from None: t=53.156391299999996, value=l, duration=0.07991409999999632>
53.6496 	EXP 	LDT_stim_text: autoDraw = True
53.6580 	EXP 	LDT_fix_text: autoDraw = False
54.4506 	EXP 	Device response: <KeyPress from None: t=54.4442243, value=a, duration=None>
54.4509 	EXP 	New trial (rep=0, index=18): <Trial 18 (18 in rep 0) data={'Task': 'LDT', 'TrialType': 'Target', 'Stimuli': 'sound', 'StimulusType': 'word', 'CorrectResponse': 'l', 'Trialnumb': 40, 'thisN': 18, 'thisTrialN': 18, 'thisRepN': 0}>
54.4587 	EXP 	LDT_fix_text: autoDraw = False
54.4587 	EXP 	LDT_stim_text: autoDraw = False
54.4587 	EXP 	LDT_break_text: autoDraw = False
54.4587 	EXP 	LDT_stim_text: height = np.float64(0.1)
54.4587 	EXP 	LDT_stim_text: height = np.float64(0.1)
54.4587 	EXP 	LDT_stim_text: height = np.float64(0.1)
54.4587 	EXP 	LDT_stim_text: text = 'sound'
54.4587 	EXP 	LDT_fix_text: autoDraw = True
54.4592 	DATA 	Keypress: a
54.5174 	EXP 	Device response: <KeyPress from None: t=54.4442243, value=a, duration=0.07171800000000417>
54.9426 	EXP 	LDT_stim_text: autoDraw = True
54.9509 	EXP 	LDT_fix_text: autoDraw = False
55.4768 	EXP 	Device response: <KeyPress from None: t=55.47649659999999, value=l, duration=None>
55.4771 	EXP 	New trial (rep=0, index=19): <Trial 19 (19 in rep 0) data={'Task': 'LDT', 'TrialType': 'Target', 'Stimuli': 'herl', 'StimulusType': 'nonword', 'CorrectResponse': 'a', 'Trialnumb': 152, 'thisN': 19, 'thisTrialN': 19, 'thisRepN': 0}>
55.4848 	EXP 	LDT_fix_text: autoDraw = False
55.4848 	EXP 	LDT_stim_text: autoDraw = False
55.4848 	EXP 	LDT_break_text: autoDraw = False
55.4848 	EXP 	LDT_stim_text: height = np.float64(0.1)
55.4848 	EXP 	LDT_stim_text: height = np.float64(0.1)
55.4848 	EXP 	LDT_stim_text: height = np.float64(0.1)
55.4848 	EXP 	LDT_stim_text: text = 'herl'
55.4848 	EXP 	LDT_fix_text: autoDraw = True
55.4854 	DATA 	Keypress: l
55.5519 	EXP 	Device response: <KeyPress from None: t=55.47649659999999, value=l, duration=0.07115690000000541>
55.9686 	EXP 	LDT_stim_text: autoDraw = True
55.9769 	EXP 	LDT_fix_text: autoDraw = False
56.8281 	EXP 	Device response: <KeyPress from None: t=56.82055750000001, value=a, duration=None>
56.8284 	EXP 	New trial (rep=0, index=20): <Trial 20 (20 in rep 0) data={'Task': 'LDT', 'TrialType': 'Target', 'Stimuli': 'warm', 'StimulusType': 'word', 'CorrectResponse': 'l', 'Trialnumb': 60, 'thisN': 20, 'thisTrialN': 20, 'thisRepN': 0}>
56.8362 	EXP 	LDT_fix_text: autoDraw = False
56.8362 	EXP 	LDT_stim_text: autoDraw = False
56.8362 	EXP 	LDT_break_text: autoDraw = False
56.8362 	EXP 	LDT_stim_text: height = np.float64(0.1)
56.8362 	EXP 	LDT_stim_text: height = np.float64(0.1)
56.8362 	EXP 	LDT_stim_text: height = np.float64(0.1)
56.8362 	EXP 	LDT_stim_text: text = 'warm'
56.8362 	EXP 	LDT_fix_text: autoDraw = True
56.8367 	DATA 	Keypress: a
56.8948 	EXP 	Device response: <KeyPress from None: t=56.82055750000001, value=a, duration=0.07120809999997846>
57.3199 	EXP 	LDT_stim_text: autoDraw = True
57.3283 	EXP 	LDT_fix_text: autoDraw = False
58.0042 	EXP 	Device response: <KeyPress from None: t=58.003745899999984, value=l, duration=None>
58.0045 	EXP 	New trial (rep=0, index=21): <Trial 21 (21 in rep 0) data={'Task': 'LDT', 'TrialType': 'Target', 'Stimuli': 'seef', 'StimulusType': 'nonword', 'CorrectResponse': 'a', 'Trialnumb': 187, 'thisN': 21, 'thisTrialN': 21, 'thisRepN': 0}>
58.0123 	EXP 	LDT_fix_text: autoDraw = False
58.0123 	EXP 	LDT_stim_text: autoDraw = False
58.0123 	EXP 	LDT_break_text: autoDraw = False
58.0123 	EXP 	LDT_stim_text: height = np.float64(0.1)
58.0123 	EXP 	LDT_stim_text: height = np.float64(0.1)
58.0123 	EXP 	LDT_stim_text: height = np.float64(0.1)
58.0123 	EXP 	LDT_stim_text: text = 'seef'
58.0123 	EXP 	LDT_fix_text: autoDraw = True
58.0128 	DATA 	Keypress: l
58.0877 	EXP 	Device response: <KeyPress from None: t=58.003745899999984, value=l, duration=0.0803039000000183>
58.4961 	EXP 	LDT_stim_text: autoDraw = True
58.5044 	EXP 	LDT_fix_text: autoDraw = False
59.2054 	EXP 	Device response: <KeyPress from None: t=59.205027099999995, value=a, duration=None>
59.2056 	EXP 	New trial (rep=0, index=22): <Trial 22 (22 in rep 0) data={'Task': 'LDT', 'TrialType': 'Target', 'Stimuli': 'word', 'StimulusType': 'word', 'CorrectResponse': 'l', 'Trialnumb': 47, 'thisN': 22, 'thisTrialN': 22, 'thisRepN': 0}>
59.2136 	EXP 	LDT_fix_text: autoDraw = False
59.2136 	EXP 	LDT_stim_text: autoDraw = False
59.2136 	EXP 	LDT_break_text: autoDraw = False
59.2136 	EXP 	LDT_stim_text: height = np.float64(0.1)
59.2136 	EXP 	LDT_stim_text: height = np.float64(0.1)
59.2136 	EXP 	LDT_stim_text: height = np.float64(0.1)
59.2136 	EXP 	LDT_stim_text: text = 'word'
59.2136 	EXP 	LDT_fix_text: autoDraw = True
59.2141 	DATA 	Keypress: a
59.2721 	EXP 	Device response: <KeyPress from None: t=59.205027099999995, value=a, duration=0.06359309999999141>
59.6973 	EXP 	LDT_stim_text: autoDraw = True
59.7056 	EXP 	LDT_fix_text: autoDraw = False
60.8154 	EXP 	Device response: <KeyPress from None: t=60.8126527, value=l, duration=None>
60.8157 	EXP 	New trial (rep=0, index=23): <Trial 23 (23 in rep 0) data={'Task': 'LDT', 'TrialType': 'Target', 'Stimuli': 'here', 'StimulusType': 'word', 'CorrectResponse': 'l', 'Trialnumb': 4, 'thisN': 23, 'thisTrialN': 23, 'thisRepN': 0}>
60.8234 	EXP 	LDT_fix_text: autoDraw = False
60.8234 	EXP 	LDT_stim_text: autoDraw = False
60.8234 	EXP 	LDT_break_text: autoDraw = False
60.8234 	EXP 	LDT_stim_text: height = np.float64(0.1)
60.8234 	EXP 	LDT_stim_text: height = np.float64(0.1)
60.8234 	EXP 	LDT_stim_text: height = np.float64(0.1)
60.8234 	EXP 	LDT_stim_text: text = 'here'
60.8234 	EXP 	LDT_fix_text: autoDraw = True
60.8240 	DATA 	Keypress: l
60.8904 	EXP 	Device response: <KeyPress from None: t=60.8126527, value=l, duration=0.07143080000000168>
61.3072 	EXP 	LDT_stim_text: autoDraw = True
61.3156 	EXP 	LDT_fix_text: autoDraw = False
62.1000 	EXP 	Device response: <KeyPress from None: t=62.0921486, value=l, duration=None>
62.1002 	EXP 	New trial (rep=0, index=24): <Trial 24 (24 in rep 0) data={'Task': 'LDT', 'TrialType': 'Target', 'Stimuli': 'pook', 'StimulusType': 'nonword', 'CorrectResponse': 'a', 'Trialnumb': 182, 'thisN': 24, 'thisTrialN': 24, 'thisRepN': 0}>
62.1080 	EXP 	LDT_fix_text: autoDraw = False
62.1080 	EXP 	LDT_stim_text: autoDraw = False
62.1080 	EXP 	LDT_break_text: autoDraw = False
62.1080 	EXP 	LDT_stim_text: height = np.float64(0.1)
62.1080 	EXP 	LDT_stim_text: height = np.float64(0.1)
62.1080 	EXP 	LDT_stim_text: height = np.float64(0.1)
62.1080 	EXP 	LDT_stim_text: text = 'pook'
62.1080 	EXP 	LDT_fix_text: autoDraw = True
62.1085 	DATA 	Keypress: l
62.1500 	EXP 	Device response: <KeyPress from None: t=62.0921486, value=l, duration=0.05555119999999647>
62.5918 	EXP 	LDT_stim_text: autoDraw = True
62.6002 	EXP 	LDT_fix_text: autoDraw = False
63.2345 	EXP 	Device response: <KeyPress from None: t=63.22922080000001, value=a, duration=None>
63.2348 	EXP 	New trial (rep=0, index=25): <Trial 25 (25 in rep 0) data={'Task': 'LDT', 'TrialType': 'Target', 'Stimuli': 'eall', 'StimulusType': 'nonword', 'CorrectResponse': 'a', 'Trialnumb': 138, 'thisN': 25, 'thisTrialN': 25, 'thisRepN': 0}>
63.2426 	EXP 	LDT_fix_text: autoDraw = False
63.2426 	EXP 	LDT_stim_text: autoDraw = False
63.2426 	EXP 	LDT_break_text: autoDraw = False
63.2426 	EXP 	LDT_stim_text: height = np.float64(0.1)
63.2426 	EXP 	LDT_stim_text: height = np.float64(0.1)
63.2426 	EXP 	LDT_stim_text: height = np.float64(0.1)
63.2426 	EXP 	LDT_stim_text: text = 'eall'
63.2426 	EXP 	LDT_fix_text: autoDraw = True
63.2431 	DATA 	Keypress: a
63.2844 	EXP 	Device response: <KeyPress from None: t=63.22922080000001, value=a, duration=0.047089899999974705>
63.7263 	EXP 	LDT_stim_text: autoDraw = True
63.7346 	EXP 	LDT_fix_text: autoDraw = False
64.6442 	EXP 	Device response: <KeyPress from None: t=64.6365099, value=a, duration=None>
64.6444 	EXP 	New trial (rep=0, index=26): <Trial 26 (26 in rep 0) data={'Task': 'LDT', 'TrialType': 'Target', 'Stimuli': 'veek', 'StimulusType': 'nonword', 'CorrectResponse': 'a', 'Trialnumb': 211, 'thisN': 26, 'thisTrialN': 26, 'thisRepN': 0}>
64.6522 	EXP 	LDT_fix_text: autoDraw = False
64.6522 	EXP 	LDT_stim_text: autoDraw = False
64.6522 	EXP 	LDT_break_text: autoDraw = False
64.6522 	EXP 	LDT_stim_text: height = np.float64(0.1)
64.6522 	EXP 	LDT_stim_text: height = np.float64(0.1)
64.6522 	EXP 	LDT_stim_text: height = np.float64(0.1)
64.6522 	EXP 	LDT_stim_text: text = 'veek'
64.6522 	EXP 	LDT_fix_text: autoDraw = True
64.6527 	DATA 	Keypress: a
64.6859 	EXP 	Device response: <KeyPress from None: t=64.6365099, value=a, duration=0.048541800000009516>
65.1360 	EXP 	LDT_stim_text: autoDraw = True
65.1444 	EXP 	LDT_fix_text: autoDraw = False
65.7036 	EXP 	Device response: <KeyPress from None: t=65.6999906, value=a, duration=None>
65.7040 	EXP 	New trial (rep=0, index=27): <Trial 27 (27 in rep 0) data={'Task': 'LDT', 'TrialType': 'Target', 'Stimuli': 'hide', 'StimulusType': 'word', 'CorrectResponse': 'l', 'Trialnumb': 68, 'thisN': 27, 'thisTrialN': 27, 'thisRepN': 0}>
65.7116 	EXP 	LDT_fix_text: autoDraw = False
65.7116 	EXP 	LDT_stim_text: autoDraw = False
65.7116 	EXP 	LDT_break_text: autoDraw = False
65.7116 	EXP 	LDT_stim_text: height = np.float64(0.1)
65.7116 	EXP 	LDT_stim_text: height = np.float64(0.1)
65.7116 	EXP 	LDT_stim_text: height = np.float64(0.1)
65.7116 	EXP 	LDT_stim_text: text = 'hide'
65.7116 	EXP 	LDT_fix_text: autoDraw = True
65.7121 	DATA 	Keypress: a
65.8036 	EXP 	Device response: <KeyPress from None: t=65.6999906, value=a, duration=0.09637419999998542>
66.1954 	EXP 	LDT_stim_text: autoDraw = True
66.2038 	EXP 	LDT_fix_text: autoDraw = False
66.6879 	EXP 	Device response: <KeyPress from None: t=66.6835965, value=l, duration=None>
66.6881 	EXP 	New trial (rep=0, index=28): <Trial 28 (28 in rep 0) data={'Task': 'LDT', 'TrialType': 'Target', 'Stimuli': 'stop', 'StimulusType': 'word', 'CorrectResponse': 'l', 'Trialnumb': 44, 'thisN': 28, 'thisTrialN': 28, 'thisRepN': 0}>
66.6959 	EXP 	LDT_fix_text: autoDraw = False
66.6959 	EXP 	LDT_stim_text: autoDraw = False
66.6959 	EXP 	LDT_break_text: autoDraw = False
66.6959 	EXP 	LDT_stim_text: height = np.float64(0.1)
66.6959 	EXP 	LDT_stim_text: height = np.float64(0.1)
66.6959 	EXP 	LDT_stim_text: height = np.float64(0.1)
66.6959 	EXP 	LDT_stim_text: text = 'stop'
66.6959 	EXP 	LDT_fix_text: autoDraw = True
66.6965 	DATA 	Keypress: l
66.7880 	EXP 	Device response: <KeyPress from None: t=66.6835965, value=l, duration=0.09601390000000265>
67.1797 	EXP 	LDT_stim_text: autoDraw = True
67.1881 	EXP 	LDT_fix_text: autoDraw = False
67.6890 	EXP 	Device response: <KeyPress from None: t=67.68399919999999, value=a, duration=None>
67.6892 	EXP 	New trial (rep=0, index=29): <Trial 29 (29 in rep 0) data={'Task': 'LDT', 'TrialType': 'Target', 'Stimuli': 'lill', 'StimulusType': 'nonword', 'CorrectResponse': 'a', 'Trialnumb': 168, 'thisN': 29, 'thisTrialN': 29, 'thisRepN': 0}>
67.6969 	EXP 	LDT_fix_text: autoDraw = False
67.6969 	EXP 	LDT_stim_text: autoDraw = False
67.6969 	EXP 	LDT_break_text: autoDraw = False
67.6969 	EXP 	LDT_stim_text: height = np.float64(0.1)
67.6969 	EXP 	LDT_stim_text: height = np.float64(0.1)
67.6969 	EXP 	LDT_stim_text: height = np.float64(0.1)
67.6969 	EXP 	LDT_stim_text: text = 'lill'
67.6969 	EXP 	LDT_fix_text: autoDraw = True
67.6975 	DATA 	Keypress: a
67.7307 	EXP 	Device response: <KeyPress from None: t=67.68399919999999, value=a, duration=0.03968270000001439>
68.1807 	EXP 	LDT_stim_text: autoDraw = True
68.1891 	EXP 	LDT_fix_text: autoDraw = False
69.1488 	EXP 	Device response: <KeyPress from None: t=69.14832200000001, value=a, duration=None>
69.1490 	EXP 	New trial (rep=0, index=30): <Trial 30 (30 in rep 0) data={'Task': 'LDT', 'TrialType': 'Target', 'Stimuli': 'hold', 'StimulusType': 'word', 'CorrectResponse': 'l', 'Trialnumb': 54, 'thisN': 30, 'thisTrialN': 30, 'thisRepN': 0}>
69.1567 	EXP 	LDT_fix_text: autoDraw = False
69.1567 	EXP 	LDT_stim_text: autoDraw = False
69.1567 	EXP 	LDT_break_text: autoDraw = False
69.1567 	EXP 	LDT_stim_text: height = np.float64(0.1)
69.1567 	EXP 	LDT_stim_text: height = np.float64(0.1)
69.1567 	EXP 	LDT_stim_text: height = np.float64(0.1)
69.1567 	EXP 	LDT_stim_text: text = 'hold'
69.1567 	EXP 	LDT_fix_text: autoDraw = True
69.1573 	DATA 	Keypress: a
69.2325 	EXP 	Device response: <KeyPress from None: t=69.14832200000001, value=a, duration=0.08081899999999109>
69.6405 	EXP 	LDT_stim_text: autoDraw = True
69.6489 	EXP 	LDT_fix_text: autoDraw = False
70.2415 	EXP 	Device response: <KeyPress from None: t=70.23645399999998, value=l, duration=None>
70.2418 	EXP 	New trial (rep=0, index=31): <Trial 31 (31 in rep 0) data={'Task': 'LDT', 'TrialType': 'Target', 'Stimuli': 'suck', 'StimulusType': 'word', 'CorrectResponse': 'l', 'Trialnumb': 83, 'thisN': 31, 'thisTrialN': 31, 'thisRepN': 0}>
70.2496 	EXP 	LDT_fix_text: autoDraw = False
70.2496 	EXP 	LDT_stim_text: autoDraw = False
70.2496 	EXP 	LDT_break_text: autoDraw = False
70.2496 	EXP 	LDT_stim_text: height = np.float64(0.1)
70.2496 	EXP 	LDT_stim_text: height = np.float64(0.1)
70.2496 	EXP 	LDT_stim_text: height = np.float64(0.1)
70.2496 	EXP 	LDT_stim_text: text = 'suck'
70.2496 	EXP 	LDT_fix_text: autoDraw = True
70.2500 	DATA 	Keypress: l
70.3336 	EXP 	Device response: <KeyPress from None: t=70.23645399999998, value=l, duration=0.09655010000000175>
70.7333 	EXP 	LDT_stim_text: autoDraw = True
70.7416 	EXP 	LDT_fix_text: autoDraw = False
71.1841 	EXP 	Device response: <KeyPress from None: t=71.1794496, value=l, duration=None>
71.1843 	EXP 	New trial (rep=0, index=32): <Trial 32 (32 in rep 0) data={'Task': 'LDT', 'TrialType': 'Target', 'Stimuli': 'pulk', 'StimulusType': 'nonword', 'CorrectResponse': 'a', 'Trialnumb': 183, 'thisN': 32, 'thisTrialN': 32, 'thisRepN': 0}>
71.1921 	EXP 	LDT_fix_text: autoDraw = False
71.1921 	EXP 	LDT_stim_text: autoDraw = False
71.1921 	EXP 	LDT_break_text: autoDraw = False
71.1921 	EXP 	LDT_stim_text: height = np.float64(0.1)
71.1921 	EXP 	LDT_stim_text: height = np.float64(0.1)
71.1921 	EXP 	LDT_stim_text: height = np.float64(0.1)
71.1921 	EXP 	LDT_stim_text: text = 'pulk'
71.1921 	EXP 	LDT_fix_text: autoDraw = True
71.1926 	DATA 	Keypress: l
71.2759 	EXP 	Device response: <KeyPress from None: t=71.1794496, value=l, duration=0.08892459999998437>
71.6759 	EXP 	LDT_stim_text: autoDraw = True
71.6842 	EXP 	LDT_fix_text: autoDraw = False
72.3102 	EXP 	Device response: <KeyPress from None: t=72.308929, value=a, duration=None>
72.3104 	EXP 	New trial (rep=0, index=33): <Trial 33 (33 in rep 0) data={'Task': 'LDT', 'TrialType': 'Target', 'Stimuli': 'judge', 'StimulusType': 'word', 'CorrectResponse': 'l', 'Trialnumb': 67, 'thisN': 33, 'thisTrialN': 33, 'thisRepN': 0}>
72.3182 	EXP 	LDT_fix_text: autoDraw = False
72.3182 	EXP 	LDT_stim_text: autoDraw = False
72.3182 	EXP 	LDT_break_text: autoDraw = False
72.3182 	EXP 	LDT_stim_text: height = np.float64(0.1)
72.3182 	EXP 	LDT_stim_text: height = np.float64(0.1)
72.3182 	EXP 	LDT_stim_text: height = np.float64(0.1)
72.3182 	EXP 	LDT_stim_text: text = 'judge'
72.3182 	EXP 	LDT_fix_text: autoDraw = True
72.3187 	DATA 	Keypress: a
72.3769 	EXP 	Device response: <KeyPress from None: t=72.308929, value=a, duration=0.06281450000000177>
72.8020 	EXP 	LDT_stim_text: autoDraw = True
72.8103 	EXP 	LDT_fix_text: autoDraw = False
73.3696 	EXP 	Device response: <KeyPress from None: t=73.36511859999999, value=l, duration=None>
73.3699 	EXP 	New trial (rep=0, index=34): <Trial 34 (34 in rep 0) data={'Task': 'LDT', 'TrialType': 'Target', 'Stimuli': 'cire', 'StimulusType': 'nonword', 'CorrectResponse': 'a', 'Trialnumb': 129, 'thisN': 34, 'thisTrialN': 34, 'thisRepN': 0}>
73.3776 	EXP 	LDT_fix_text: autoDraw = False
73.3776 	EXP 	LDT_stim_text: autoDraw = False
73.3776 	EXP 	LDT_break_text: autoDraw = False
73.3776 	EXP 	LDT_stim_text: height = np.float64(0.1)
73.3776 	EXP 	LDT_stim_text: height = np.float64(0.1)
73.3776 	EXP 	LDT_stim_text: height = np.float64(0.1)
73.3776 	EXP 	LDT_stim_text: text = 'cire'
73.3776 	EXP 	LDT_fix_text: autoDraw = True
73.3781 	DATA 	Keypress: l
73.4448 	EXP 	Device response: <KeyPress from None: t=73.36511859999999, value=l, duration=0.07915970000001948>
73.8614 	EXP 	LDT_stim_text: autoDraw = True
73.8698 	EXP 	LDT_fix_text: autoDraw = False
74.4373 	EXP 	Device response: <KeyPress from None: t=74.43589019999999, value=a, duration=None>
74.4375 	EXP 	New trial (rep=0, index=35): <Trial 35 (35 in rep 0) data={'Task': 'LDT', 'TrialType': 'Target', 'Stimuli': 'hoon', 'StimulusType': 'nonword', 'CorrectResponse': 'a', 'Trialnumb': 155, 'thisN': 35, 'thisTrialN': 35, 'thisRepN': 0}>
74.4453 	EXP 	LDT_fix_text: autoDraw = False
74.4453 	EXP 	LDT_stim_text: autoDraw = False
74.4453 	EXP 	LDT_break_text: autoDraw = False
74.4453 	EXP 	LDT_stim_text: height = np.float64(0.1)
74.4453 	EXP 	LDT_stim_text: height = np.float64(0.1)
74.4453 	EXP 	LDT_stim_text: height = np.float64(0.1)
74.4453 	EXP 	LDT_stim_text: text = 'hoon'
74.4453 	EXP 	LDT_fix_text: autoDraw = True
74.4459 	DATA 	Keypress: a
74.5291 	EXP 	Device response: <KeyPress from None: t=74.43589019999999, value=a, duration=0.08764189999999417>
74.9291 	EXP 	LDT_stim_text: autoDraw = True
74.9375 	EXP 	LDT_fix_text: autoDraw = False
76.0806 	EXP 	Device response: <KeyPress from None: t=76.07607529999999, value=a, duration=None>
76.0809 	EXP 	New trial (rep=0, index=36): <Trial 36 (36 in rep 0) data={'Task': 'LDT', 'TrialType': 'Target', 'Stimuli': 'price', 'StimulusType': 'word', 'CorrectResponse': 'l', 'Trialnumb': 52, 'thisN': 36, 'thisTrialN': 36, 'thisRepN': 0}>
76.0886 	EXP 	LDT_fix_text: autoDraw = False
76.0886 	EXP 	LDT_stim_text: autoDraw = False
76.0886 	EXP 	LDT_break_text: autoDraw = False
76.0886 	EXP 	LDT_stim_text: height = np.float64(0.1)
76.0886 	EXP 	LDT_stim_text: height = np.float64(0.1)
76.0886 	EXP 	LDT_stim_text: height = np.float64(0.1)
76.0886 	EXP 	LDT_stim_text: text = 'price'
76.0886 	EXP 	LDT_fix_text: autoDraw = True
76.0891 	DATA 	Keypress: a
76.1640 	EXP 	Device response: <KeyPress from None: t=76.07607529999999, value=a, duration=0.08024090000000683>
76.5724 	EXP 	LDT_stim_text: autoDraw = True
76.5808 	EXP 	LDT_fix_text: autoDraw = False
77.1233 	EXP 	Device response: <KeyPress from None: t=77.1164125, value=l, duration=None>
77.1235 	EXP 	New trial (rep=0, index=37): <Trial 37 (37 in rep 0) data={'Task': 'LDT', 'TrialType': 'Target', 'Stimuli': 'jight', 'StimulusType': 'nonword', 'CorrectResponse': 'a', 'Trialnumb': 159, 'thisN': 37, 'thisTrialN': 37, 'thisRepN': 0}>
77.1313 	EXP 	LDT_fix_text: autoDraw = False
77.1313 	EXP 	LDT_stim_text: autoDraw = False
77.1313 	EXP 	LDT_break_text: autoDraw = False
77.1313 	EXP 	LDT_stim_text: height = np.float64(0.1)
77.1313 	EXP 	LDT_stim_text: height = np.float64(0.1)
77.1313 	EXP 	LDT_stim_text: height = np.float64(0.1)
77.1313 	EXP 	LDT_stim_text: text = 'jight'
77.1313 	EXP 	LDT_fix_text: autoDraw = True
77.1319 	DATA 	Keypress: l
77.1818 	EXP 	Device response: <KeyPress from None: t=77.1164125, value=l, duration=0.063978800000001>
77.6151 	EXP 	LDT_stim_text: autoDraw = True
77.6235 	EXP 	LDT_fix_text: autoDraw = False
78.1994 	EXP 	Device response: <KeyPress from None: t=78.1960125, value=a, duration=None>
78.1996 	EXP 	New trial (rep=0, index=38): <Trial 38 (38 in rep 0) data={'Task': 'LDT', 'TrialType': 'Target', 'Stimuli': 'bust', 'StimulusType': 'word', 'CorrectResponse': 'l', 'Trialnumb': 91, 'thisN': 38, 'thisTrialN': 38, 'thisRepN': 0}>
78.2074 	EXP 	LDT_fix_text: autoDraw = False
78.2074 	EXP 	LDT_stim_text: autoDraw = False
78.2074 	EXP 	LDT_break_text: autoDraw = False
78.2074 	EXP 	LDT_stim_text: height = np.float64(0.1)
78.2074 	EXP 	LDT_stim_text: height = np.float64(0.1)
78.2074 	EXP 	LDT_stim_text: height = np.float64(0.1)
78.2074 	EXP 	LDT_stim_text: text = 'bust'
78.2074 	EXP 	LDT_fix_text: autoDraw = True
78.2079 	DATA 	Keypress: a
78.2828 	EXP 	Device response: <KeyPress from None: t=78.1960125, value=a, duration=0.08039640000001214>
78.6912 	EXP 	LDT_stim_text: autoDraw = True
78.6996 	EXP 	LDT_fix_text: autoDraw = False
79.3755 	EXP 	Device response: <KeyPress from None: t=79.3715616, value=a, duration=None>
79.3758 	EXP 	New trial (rep=0, index=39): <Trial 39 (39 in rep 0) data={'Task': 'LDT', 'TrialType': 'Target', 'Stimuli': 'heat', 'StimulusType': 'word', 'CorrectResponse': 'l', 'Trialnumb': 79, 'thisN': 39, 'thisTrialN': 39, 'thisRepN': 0}>
79.3836 	EXP 	LDT_fix_text: autoDraw = False
79.3836 	EXP 	LDT_stim_text: autoDraw = False
79.3836 	EXP 	LDT_break_text: autoDraw = False
79.3836 	EXP 	LDT_stim_text: height = np.float64(0.1)
79.3836 	EXP 	LDT_stim_text: height = np.float64(0.1)
79.3836 	EXP 	LDT_stim_text: height = np.float64(0.1)
79.3836 	EXP 	LDT_stim_text: text = 'heat'
79.3836 	EXP 	LDT_fix_text: autoDraw = True
79.3840 	DATA 	Keypress: a
79.4507 	EXP 	Device response: <KeyPress from None: t=79.3715616, value=a, duration=0.07265509999999153>
79.8674 	EXP 	LDT_stim_text: autoDraw = True
79.8758 	EXP 	LDT_fix_text: autoDraw = False
80.3182 	EXP 	Device response: <KeyPress from None: t=80.316383, value=l, duration=None>
80.3184 	EXP 	New trial (rep=0, index=40): <Trial 40 (40 in rep 0) data={'Task': 'LDT', 'TrialType': 'Target', 'Stimuli': 'pair', 'StimulusType': 'word', 'CorrectResponse': 'l', 'Trialnumb': 81, 'thisN': 40, 'thisTrialN': 40, 'thisRepN': 0}>
80.3262 	EXP 	LDT_fix_text: autoDraw = False
80.3262 	EXP 	LDT_stim_text: autoDraw = False
80.3262 	EXP 	LDT_break_text: autoDraw = False
80.3262 	EXP 	LDT_stim_text: height = np.float64(0.1)
80.3262 	EXP 	LDT_stim_text: height = np.float64(0.1)
80.3262 	EXP 	LDT_stim_text: height = np.float64(0.1)
80.3262 	EXP 	LDT_stim_text: text = 'pair'
80.3262 	EXP 	LDT_fix_text: autoDraw = True
80.3267 	DATA 	Keypress: l
80.4266 	EXP 	Device response: <KeyPress from None: t=80.316383, value=l, duration=0.10323420000000283>
80.8100 	EXP 	LDT_stim_text: autoDraw = True
80.8183 	EXP 	LDT_fix_text: autoDraw = False
81.6194 	EXP 	Device response: <KeyPress from None: t=81.6118639, value=l, duration=None>
81.6196 	EXP 	New trial (rep=0, index=41): <Trial 41 (41 in rep 0) data={'Task': 'LDT', 'TrialType': 'Target', 'Stimuli': 'dry', 'StimulusType': 'word', 'CorrectResponse': 'l', 'Trialnumb': 77, 'thisN': 41, 'thisTrialN': 41, 'thisRepN': 0}>
81.6275 	EXP 	LDT_fix_text: autoDraw = False
81.6275 	EXP 	LDT_stim_text: autoDraw = False
81.6275 	EXP 	LDT_break_text: autoDraw = False
81.6275 	EXP 	LDT_stim_text: height = np.float64(0.1)
81.6275 	EXP 	LDT_stim_text: height = np.float64(0.1)
81.6275 	EXP 	LDT_stim_text: height = np.float64(0.1)
81.6275 	EXP 	LDT_stim_text: text = 'dry'
81.6275 	EXP 	LDT_fix_text: autoDraw = True
81.6279 	DATA 	Keypress: l
81.7028 	EXP 	Device response: <KeyPress from None: t=81.6118639, value=l, duration=0.08945579999999609>
82.1113 	EXP 	LDT_stim_text: autoDraw = True
82.1196 	EXP 	LDT_fix_text: autoDraw = False
83.0542 	EXP 	Device response: <KeyPress from None: t=83.0523758, value=l, duration=None>
83.0545 	EXP 	New trial (rep=0, index=42): <Trial 42 (42 in rep 0) data={'Task': 'LDT', 'TrialType': 'Target', 'Stimuli': 'food', 'StimulusType': 'word', 'CorrectResponse': 'l', 'Trialnumb': 5, 'thisN': 42, 'thisTrialN': 42, 'thisRepN': 0}>
83.0622 	EXP 	LDT_fix_text: autoDraw = False
83.0622 	EXP 	LDT_stim_text: autoDraw = False
83.0622 	EXP 	LDT_break_text: autoDraw = False
83.0622 	EXP 	LDT_stim_text: height = np.float64(0.1)
83.0622 	EXP 	LDT_stim_text: height = np.float64(0.1)
83.0622 	EXP 	LDT_stim_text: height = np.float64(0.1)
83.0622 	EXP 	LDT_stim_text: text = 'food'
83.0622 	EXP 	LDT_fix_text: autoDraw = True
83.0628 	DATA 	Keypress: l
83.1460 	EXP 	Device response: <KeyPress from None: t=83.0523758, value=l, duration=0.08708849999999302>
83.5460 	EXP 	LDT_stim_text: autoDraw = True
83.5544 	EXP 	LDT_fix_text: autoDraw = False
84.1053 	EXP 	Device response: <KeyPress from None: t=84.09988669999998, value=l, duration=None>
84.1056 	EXP 	New trial (rep=0, index=43): <Trial 43 (43 in rep 0) data={'Task': 'LDT', 'TrialType': 'Target', 'Stimuli': 'yell', 'StimulusType': 'word', 'CorrectResponse': 'l', 'Trialnumb': 101, 'thisN': 43, 'thisTrialN': 43, 'thisRepN': 0}>
84.1134 	EXP 	LDT_fix_text: autoDraw = False
84.1134 	EXP 	LDT_stim_text: autoDraw = False
84.1134 	EXP 	LDT_break_text: autoDraw = False
84.1134 	EXP 	LDT_stim_text: height = np.float64(0.1)
84.1134 	EXP 	LDT_stim_text: height = np.float64(0.1)
84.1134 	EXP 	LDT_stim_text: height = np.float64(0.1)
84.1134 	EXP 	LDT_stim_text: text = 'yell'
84.1134 	EXP 	LDT_fix_text: autoDraw = True
84.1139 	DATA 	Keypress: l
84.1971 	EXP 	Device response: <KeyPress from None: t=84.09988669999998, value=l, duration=0.0961326999999983>
84.5971 	EXP 	LDT_stim_text: autoDraw = True
84.6054 	EXP 	LDT_fix_text: autoDraw = False
85.3648 	EXP 	Device response: <KeyPress from None: t=85.3568219, value=l, duration=None>
85.3650 	EXP 	New trial (rep=0, index=44): <Trial 44 (44 in rep 0) data={'Task': 'LDT', 'TrialType': 'Target', 'Stimuli': 'feek', 'StimulusType': 'nonword', 'CorrectResponse': 'a', 'Trialnumb': 139, 'thisN': 44, 'thisTrialN': 44, 'thisRepN': 0}>
85.3729 	EXP 	LDT_fix_text: autoDraw = False
85.3729 	EXP 	LDT_stim_text: autoDraw = False
85.3729 	EXP 	LDT_break_text: autoDraw = False
85.3729 	EXP 	LDT_stim_text: height = np.float64(0.1)
85.3729 	EXP 	LDT_stim_text: height = np.float64(0.1)
85.3729 	EXP 	LDT_stim_text: height = np.float64(0.1)
85.3729 	EXP 	LDT_stim_text: text = 'feek'
85.3729 	EXP 	LDT_fix_text: autoDraw = True
85.3733 	DATA 	Keypress: l
85.4399 	EXP 	Device response: <KeyPress from None: t=85.3568219, value=l, duration=0.0805342999999823>
85.8567 	EXP 	LDT_stim_text: autoDraw = True
85.8650 	EXP 	LDT_fix_text: autoDraw = False
86.8663 	EXP 	Device response: <KeyPress from None: t=86.85981189999998, value=l, duration=None>
86.8666 	EXP 	New trial (rep=0, index=45): <Trial 45 (45 in rep 0) data={'Task': 'LDT', 'TrialType': 'Target', 'Stimuli': 'boss', 'StimulusType': 'word', 'CorrectResponse': 'l', 'Trialnumb': 61, 'thisN': 45, 'thisTrialN': 45, 'thisRepN': 0}>
86.8745 	EXP 	LDT_fix_text: autoDraw = False
86.8745 	EXP 	LDT_stim_text: autoDraw = False
86.8745 	EXP 	LDT_break_text: autoDraw = False
86.8745 	EXP 	LDT_stim_text: height = np.float64(0.1)
86.8745 	EXP 	LDT_stim_text: height = np.float64(0.1)
86.8745 	EXP 	LDT_stim_text: height = np.float64(0.1)
86.8745 	EXP 	LDT_stim_text: text = 'boss'
86.8745 	EXP 	LDT_fix_text: autoDraw = True
86.8750 	DATA 	Keypress: l
86.9330 	EXP 	Device response: <KeyPress from None: t=86.85981189999998, value=l, duration=0.07174080000001481>
87.3583 	EXP 	LDT_stim_text: autoDraw = True
87.3665 	EXP 	LDT_fix_text: autoDraw = False
87.9507 	EXP 	Device response: <KeyPress from None: t=87.9474851, value=l, duration=None>
87.9510 	EXP 	New trial (rep=0, index=46): <Trial 46 (46 in rep 0) data={'Task': 'LDT', 'TrialType': 'Target', 'Stimuli': 'strip', 'StimulusType': 'word', 'CorrectResponse': 'l', 'Trialnumb': 104, 'thisN': 46, 'thisTrialN': 46, 'thisRepN': 0}>
87.9588 	EXP 	LDT_fix_text: autoDraw = False
87.9588 	EXP 	LDT_stim_text: autoDraw = False
87.9588 	EXP 	LDT_break_text: autoDraw = False
87.9588 	EXP 	LDT_stim_text: height = np.float64(0.1)
87.9588 	EXP 	LDT_stim_text: height = np.float64(0.1)
87.9588 	EXP 	LDT_stim_text: height = np.float64(0.1)
87.9588 	EXP 	LDT_stim_text: text = 'strip'
87.9588 	EXP 	LDT_fix_text: autoDraw = True
87.9593 	DATA 	Keypress: l
88.0343 	EXP 	Device response: <KeyPress from None: t=87.9474851, value=l, duration=0.08034090000001015>
88.4426 	EXP 	LDT_stim_text: autoDraw = True
88.4509 	EXP 	LDT_fix_text: autoDraw = False
88.9772 	EXP 	Device response: <KeyPress from None: t=88.97232729999999, value=l, duration=None>
88.9775 	EXP 	New trial (rep=0, index=47): <Trial 47 (47 in rep 0) data={'Task': 'LDT', 'TrialType': 'Target', 'Stimuli': 'media', 'StimulusType': 'word', 'CorrectResponse': 'l', 'Trialnumb': 46, 'thisN': 47, 'thisTrialN': 47, 'thisRepN': 0}>
88.9848 	EXP 	LDT_fix_text: autoDraw = False
88.9848 	EXP 	LDT_stim_text: autoDraw = False
88.9848 	EXP 	LDT_break_text: autoDraw = False
88.9848 	EXP 	LDT_stim_text: height = np.float64(0.1)
88.9848 	EXP 	LDT_stim_text: height = np.float64(0.1)
88.9848 	EXP 	LDT_stim_text: height = np.float64(0.1)
88.9848 	EXP 	LDT_stim_text: text = 'media'
88.9848 	EXP 	LDT_fix_text: autoDraw = True
88.9857 	DATA 	Keypress: l
89.0437 	EXP 	Device response: <KeyPress from None: t=88.97232729999999, value=l, duration=0.06340810000000374>
89.4690 	EXP 	LDT_stim_text: autoDraw = True
89.4770 	EXP 	LDT_fix_text: autoDraw = False
90.0122 	EXP 	Device response: <KeyPress from None: t=90.0049103, value=l, duration=None>
90.0125 	EXP 	New trial (rep=0, index=48): <Trial 48 (48 in rep 0) data={'Task': 'LDT', 'TrialType': 'Target', 'Stimuli': 'sharp', 'StimulusType': 'word', 'CorrectResponse': 'l', 'Trialnumb': 94, 'thisN': 48, 'thisTrialN': 48, 'thisRepN': 0}>
90.0192 	EXP 	LDT_fix_text: autoDraw = False
90.0192 	EXP 	LDT_stim_text: autoDraw = False
90.0192 	EXP 	LDT_break_text: autoDraw = False
90.0192 	EXP 	LDT_stim_text: height = np.float64(0.1)
90.0192 	EXP 	LDT_stim_text: height = np.float64(0.1)
90.0192 	EXP 	LDT_stim_text: height = np.float64(0.1)
90.0192 	EXP 	LDT_stim_text: text = 'sharp'
90.0192 	EXP 	LDT_fix_text: autoDraw = True
90.0199 	DATA 	Keypress: l
90.0862 	EXP 	Device response: <KeyPress from None: t=90.0049103, value=l, duration=0.07854069999999069>
90.5113 	EXP 	LDT_fix_text: autoDraw = False
90.5113 	EXP 	LDT_stim_text: autoDraw = True
91.0205 	EXP 	Device response: <KeyPress from None: t=91.02012579999999, value=l, duration=None>
91.0208 	EXP 	New trial (rep=0, index=49): <Trial 49 (49 in rep 0) data={'Task': 'LDT', 'TrialType': 'Target', 'Stimuli': 'lals', 'StimulusType': 'nonword', 'CorrectResponse': 'a', 'Trialnumb': 167, 'thisN': 49, 'thisTrialN': 49, 'thisRepN': 0}>
91.0286 	EXP 	LDT_fix_text: autoDraw = False
91.0286 	EXP 	LDT_stim_text: autoDraw = False
91.0286 	EXP 	LDT_break_text: autoDraw = False
91.0286 	EXP 	LDT_stim_text: height = np.float64(0.1)
91.0286 	EXP 	LDT_stim_text: height = np.float64(0.1)
91.0286 	EXP 	LDT_stim_text: height = np.float64(0.1)
91.0286 	EXP 	LDT_stim_text: text = 'lals'
91.0286 	EXP 	LDT_fix_text: autoDraw = True
91.0292 	DATA 	Keypress: l
91.0872 	EXP 	Device response: <KeyPress from None: t=91.02012579999999, value=l, duration=0.06425609999999438>
91.5123 	EXP 	LDT_stim_text: autoDraw = True
91.5206 	EXP 	LDT_fix_text: autoDraw = False
92.1799 	EXP 	Device response: <KeyPress from None: t=92.1723905, value=a, duration=None>
92.1801 	EXP 	New trial (rep=0, index=50): <Trial 50 (50 in rep 0) data={'Task': 'LDT', 'TrialType': 'Target', 'Stimuli': 'hear', 'StimulusType': 'word', 'CorrectResponse': 'l', 'Trialnumb': 37, 'thisN': 50, 'thisTrialN': 50, 'thisRepN': 0}>
92.1880 	EXP 	LDT_fix_text: autoDraw = False
92.1880 	EXP 	LDT_stim_text: autoDraw = False
92.1880 	EXP 	LDT_break_text: autoDraw = False
92.1880 	EXP 	LDT_stim_text: height = np.float64(0.1)
92.1880 	EXP 	LDT_stim_text: height = np.float64(0.1)
92.1880 	EXP 	LDT_stim_text: height = np.float64(0.1)
92.1880 	EXP 	LDT_stim_text: text = 'hear'
92.1880 	EXP 	LDT_fix_text: autoDraw = True
92.1886 	DATA 	Keypress: a
92.2717 	EXP 	Device response: <KeyPress from None: t=92.1723905, value=a, duration=0.09601669999997853>
92.6718 	EXP 	LDT_stim_text: autoDraw = True
92.6801 	EXP 	LDT_fix_text: autoDraw = False
93.1976 	EXP 	Device response: <KeyPress from None: t=93.19605909999999, value=l, duration=None>
93.1979 	EXP 	New trial (rep=0, index=51): <Trial 51 (51 in rep 0) data={'Task': 'LDT', 'TrialType': 'Target', 'Stimuli': 'grew', 'StimulusType': 'word', 'CorrectResponse': 'l', 'Trialnumb': 89, 'thisN': 51, 'thisTrialN': 51, 'thisRepN': 0}>
93.2057 	EXP 	LDT_fix_text: autoDraw = False
93.2057 	EXP 	LDT_stim_text: autoDraw = False
93.2057 	EXP 	LDT_break_text: autoDraw = False
93.2057 	EXP 	LDT_stim_text: height = np.float64(0.1)
93.2057 	EXP 	LDT_stim_text: height = np.float64(0.1)
93.2057 	EXP 	LDT_stim_text: height = np.float64(0.1)
93.2057 	EXP 	LDT_stim_text: text = 'grew'
93.2057 	EXP 	LDT_fix_text: autoDraw = True
93.2062 	DATA 	Keypress: l
93.3060 	EXP 	Device response: <KeyPress from None: t=93.19605909999999, value=l, duration=0.10386090000000081>
93.6895 	EXP 	LDT_stim_text: autoDraw = True
93.6979 	EXP 	LDT_fix_text: autoDraw = False
94.2572 	EXP 	Device response: <KeyPress from None: t=94.25250889999998, value=a, duration=None>
94.2575 	EXP 	New trial (rep=0, index=52): <Trial 52 (52 in rep 0) data={'Task': 'LDT', 'TrialType': 'Target', 'Stimuli': 'ill', 'StimulusType': 'word', 'CorrectResponse': 'l', 'Trialnumb': 97, 'thisN': 52, 'thisTrialN': 52, 'thisRepN': 0}>
94.2652 	EXP 	LDT_fix_text: autoDraw = False
94.2652 	EXP 	LDT_stim_text: autoDraw = False
94.2652 	EXP 	LDT_break_text: autoDraw = False
94.2652 	EXP 	LDT_stim_text: height = np.float64(0.1)
94.2652 	EXP 	LDT_stim_text: height = np.float64(0.1)
94.2652 	EXP 	LDT_stim_text: height = np.float64(0.1)
94.2652 	EXP 	LDT_stim_text: text = 'ill'
94.2652 	EXP 	LDT_fix_text: autoDraw = True
94.2658 	DATA 	Keypress: a
94.3488 	EXP 	Device response: <KeyPress from None: t=94.25250889999998, value=a, duration=0.09549850000001925>
94.7489 	EXP 	LDT_stim_text: autoDraw = True
94.7572 	EXP 	LDT_fix_text: autoDraw = False
95.6001 	EXP 	Device response: <KeyPress from None: t=95.59580460000001, value=l, duration=None>
95.6004 	EXP 	New trial (rep=0, index=53): <Trial 53 (53 in rep 0) data={'Task': 'LDT', 'TrialType': 'Target', 'Stimuli': 'flen', 'StimulusType': 'nonword', 'CorrectResponse': 'a', 'Trialnumb': 141, 'thisN': 53, 'thisTrialN': 53, 'thisRepN': 0}>
95.6081 	EXP 	LDT_fix_text: autoDraw = False
95.6081 	EXP 	LDT_stim_text: autoDraw = False
95.6081 	EXP 	LDT_break_text: autoDraw = False
95.6081 	EXP 	LDT_stim_text: height = np.float64(0.1)
95.6081 	EXP 	LDT_stim_text: height = np.float64(0.1)
95.6081 	EXP 	LDT_stim_text: height = np.float64(0.1)
95.6081 	EXP 	LDT_stim_text: text = 'flen'
95.6081 	EXP 	LDT_fix_text: autoDraw = True
95.6086 	DATA 	Keypress: l
95.7001 	EXP 	Device response: <KeyPress from None: t=95.59580460000001, value=l, duration=0.09595519999999169>
96.0919 	EXP 	LDT_stim_text: autoDraw = True
96.1002 	EXP 	LDT_fix_text: autoDraw = False
96.7762 	EXP 	Device response: <KeyPress from None: t=96.77181569999999, value=a, duration=None>
96.7764 	EXP 	New trial (rep=0, index=54): <Trial 54 (54 in rep 0) data={'Task': 'LDT', 'TrialType': 'Target', 'Stimuli': 'chase', 'StimulusType': 'word', 'CorrectResponse': 'l', 'Trialnumb': 86, 'thisN': 54, 'thisTrialN': 54, 'thisRepN': 0}>
96.7842 	EXP 	LDT_fix_text: autoDraw = False
96.7842 	EXP 	LDT_stim_text: autoDraw = False
96.7842 	EXP 	LDT_break_text: autoDraw = False
96.7842 	EXP 	LDT_stim_text: height = np.float64(0.1)
96.7842 	EXP 	LDT_stim_text: height = np.float64(0.1)
96.7842 	EXP 	LDT_stim_text: height = np.float64(0.1)
96.7842 	EXP 	LDT_stim_text: text = 'chase'
96.7842 	EXP 	LDT_fix_text: autoDraw = True
96.7848 	DATA 	Keypress: a
96.8763 	EXP 	Device response: <KeyPress from None: t=96.77181569999999, value=a, duration=0.09691870000000335>
97.2680 	EXP 	LDT_stim_text: autoDraw = True
97.2765 	EXP 	LDT_fix_text: autoDraw = False
97.8690 	EXP 	Device response: <KeyPress from None: t=97.8675068, value=l, duration=None>
97.8692 	EXP 	New trial (rep=0, index=55): <Trial 55 (55 in rep 0) data={'Task': 'LDT', 'TrialType': 'Target', 'Stimuli': 'burz', 'StimulusType': 'nonword', 'CorrectResponse': 'a', 'Trialnumb': 112, 'thisN': 55, 'thisTrialN': 55, 'thisRepN': 0}>
97.8771 	EXP 	LDT_fix_text: autoDraw = False
97.8771 	EXP 	LDT_stim_text: autoDraw = False
97.8771 	EXP 	LDT_break_text: autoDraw = False
97.8771 	EXP 	LDT_stim_text: height = np.float64(0.1)
97.8771 	EXP 	LDT_stim_text: height = np.float64(0.1)
97.8771 	EXP 	LDT_stim_text: height = np.float64(0.1)
97.8771 	EXP 	LDT_stim_text: text = 'burz'
97.8771 	EXP 	LDT_fix_text: autoDraw = True
97.8776 	DATA 	Keypress: l
97.9524 	EXP 	Device response: <KeyPress from None: t=97.8675068, value=l, duration=0.0812900999999897>
98.3608 	EXP 	LDT_stim_text: autoDraw = True
98.3691 	EXP 	LDT_fix_text: autoDraw = False
99.2453 	EXP 	Device response: <KeyPress from None: t=99.2437462, value=a, duration=None>
99.2455 	EXP 	New trial (rep=0, index=56): <Trial 56 (56 in rep 0) data={'Task': 'LDT', 'TrialType': 'Target', 'Stimuli': 'unit', 'StimulusType': 'word', 'CorrectResponse': 'l', 'Trialnumb': 82, 'thisN': 56, 'thisTrialN': 56, 'thisRepN': 0}>
99.2534 	EXP 	LDT_fix_text: autoDraw = False
99.2534 	EXP 	LDT_stim_text: autoDraw = False
99.2534 	EXP 	LDT_break_text: autoDraw = False
99.2534 	EXP 	LDT_stim_text: height = np.float64(0.1)
99.2534 	EXP 	LDT_stim_text: height = np.float64(0.1)
99.2534 	EXP 	LDT_stim_text: height = np.float64(0.1)
99.2534 	EXP 	LDT_stim_text: text = 'unit'
99.2534 	EXP 	LDT_fix_text: autoDraw = True
99.2539 	DATA 	Keypress: a
99.3371 	EXP 	Device response: <KeyPress from None: t=99.2437462, value=a, duration=0.08775689999998804>
99.7372 	EXP 	LDT_stim_text: autoDraw = True
99.7455 	EXP 	LDT_fix_text: autoDraw = False
100.2713 	EXP 	Device response: <KeyPress from None: t=100.2677276, value=l, duration=None>
100.2715 	EXP 	New trial (rep=0, index=57): <Trial 57 (57 in rep 0) data={'Task': 'LDT', 'TrialType': 'Target', 'Stimuli': 'ient', 'StimulusType': 'nonword', 'CorrectResponse': 'a', 'Trialnumb': 157, 'thisN': 57, 'thisTrialN': 57, 'thisRepN': 0}>
100.2794 	EXP 	LDT_fix_text: autoDraw = False
100.2794 	EXP 	LDT_stim_text: autoDraw = False
100.2794 	EXP 	LDT_break_text: autoDraw = False
100.2794 	EXP 	LDT_stim_text: height = np.float64(0.1)
100.2794 	EXP 	LDT_stim_text: height = np.float64(0.1)
100.2794 	EXP 	LDT_stim_text: height = np.float64(0.1)
100.2794 	EXP 	LDT_stim_text: text = 'ient'
100.2794 	EXP 	LDT_fix_text: autoDraw = True
100.2799 	DATA 	Keypress: l
100.3797 	EXP 	Device response: <KeyPress from None: t=100.2677276, value=l, duration=0.10448099999999272>
100.7632 	EXP 	LDT_stim_text: autoDraw = True
100.7716 	EXP 	LDT_fix_text: autoDraw = False
101.3976 	EXP 	Device response: <KeyPress from None: t=101.3969452, value=a, duration=None>
101.3978 	EXP 	New trial (rep=0, index=58): <Trial 58 (58 in rep 0) data={'Task': 'LDT', 'TrialType': 'Target', 'Stimuli': 'smat', 'StimulusType': 'nonword', 'CorrectResponse': 'a', 'Trialnumb': 195, 'thisN': 58, 'thisTrialN': 58, 'thisRepN': 0}>
101.4055 	EXP 	LDT_fix_text: autoDraw = False
101.4055 	EXP 	LDT_stim_text: autoDraw = False
101.4055 	EXP 	LDT_break_text: autoDraw = False
101.4055 	EXP 	LDT_stim_text: height = np.float64(0.1)
101.4055 	EXP 	LDT_stim_text: height = np.float64(0.1)
101.4055 	EXP 	LDT_stim_text: height = np.float64(0.1)
101.4055 	EXP 	LDT_stim_text: text = 'smat'
101.4055 	EXP 	LDT_fix_text: autoDraw = True
101.4061 	DATA 	Keypress: a
101.4896 	EXP 	Device response: <KeyPress from None: t=101.3969452, value=a, duration=0.08673269999999889>
101.8893 	EXP 	LDT_stim_text: autoDraw = True
101.8977 	EXP 	LDT_fix_text: autoDraw = False
102.7823 	EXP 	Device response: <KeyPress from None: t=102.7804955, value=a, duration=None>
102.7825 	EXP 	New trial (rep=0, index=59): <Trial 59 (59 in rep 0) data={'Task': 'LDT', 'TrialType': 'Target', 'Stimuli': 'trip', 'StimulusType': 'word', 'CorrectResponse': 'l', 'Trialnumb': 35, 'thisN': 59, 'thisTrialN': 59, 'thisRepN': 0}>
102.7902 	EXP 	LDT_fix_text: autoDraw = False
102.7902 	EXP 	LDT_stim_text: autoDraw = False
102.7902 	EXP 	LDT_break_text: autoDraw = False
102.7902 	EXP 	LDT_stim_text: height = np.float64(0.1)
102.7902 	EXP 	LDT_stim_text: height = np.float64(0.1)
102.7902 	EXP 	LDT_stim_text: height = np.float64(0.1)
102.7902 	EXP 	LDT_stim_text: text = 'trip'
102.7902 	EXP 	LDT_fix_text: autoDraw = True
102.7908 	DATA 	Keypress: a
102.8655 	EXP 	Device response: <KeyPress from None: t=102.7804955, value=a, duration=0.07949639999998226>
103.2740 	EXP 	LDT_stim_text: autoDraw = True
103.2824 	EXP 	LDT_fix_text: autoDraw = False
103.8166 	EXP 	Device response: <KeyPress from None: t=103.81186789999998, value=l, duration=None>
103.8168 	EXP 	New trial (rep=0, index=60): <Trial 60 (60 in rep 0) data={'Task': 'LDT', 'TrialType': 'Target', 'Stimuli': 'cing', 'StimulusType': 'nonword', 'CorrectResponse': 'a', 'Trialnumb': 127, 'thisN': 60, 'thisTrialN': 60, 'thisRepN': 0}>
103.8246 	EXP 	LDT_fix_text: autoDraw = False
103.8246 	EXP 	LDT_stim_text: autoDraw = False
103.8246 	EXP 	LDT_break_text: autoDraw = False
103.8246 	EXP 	LDT_stim_text: height = np.float64(0.1)
103.8246 	EXP 	LDT_stim_text: height = np.float64(0.1)
103.8246 	EXP 	LDT_stim_text: height = np.float64(0.1)
103.8246 	EXP 	LDT_stim_text: text = 'cing'
103.8246 	EXP 	LDT_fix_text: autoDraw = True
103.8250 	DATA 	Keypress: l
103.9333 	EXP 	Device response: <KeyPress from None: t=103.81186789999998, value=l, duration=0.12025730000002>
104.3085 	EXP 	LDT_stim_text: autoDraw = True
104.3167 	EXP 	LDT_fix_text: autoDraw = False
104.8842 	EXP 	Device response: <KeyPress from None: t=104.8763485, value=a, duration=None>
104.8845 	EXP 	New trial (rep=0, index=61): <Trial 61 (61 in rep 0) data={'Task': 'LDT', 'TrialType': 'Target', 'Stimuli': 'basp', 'StimulusType': 'nonword', 'CorrectResponse': 'a', 'Trialnumb': 118, 'thisN': 61, 'thisTrialN': 61, 'thisRepN': 0}>
104.8923 	EXP 	LDT_fix_text: autoDraw = False
104.8923 	EXP 	LDT_stim_text: autoDraw = False
104.8923 	EXP 	LDT_break_text: autoDraw = False
104.8923 	EXP 	LDT_stim_text: height = np.float64(0.1)
104.8923 	EXP 	LDT_stim_text: height = np.float64(0.1)
104.8923 	EXP 	LDT_stim_text: height = np.float64(0.1)
104.8923 	EXP 	LDT_stim_text: text = 'basp'
104.8923 	EXP 	LDT_fix_text: autoDraw = True
104.8928 	DATA 	Keypress: a
104.9845 	EXP 	Device response: <KeyPress from None: t=104.8763485, value=a, duration=0.10319789999999784>
105.3762 	EXP 	LDT_stim_text: autoDraw = True
105.3845 	EXP 	LDT_fix_text: autoDraw = False
106.0354 	EXP 	Device response: <KeyPress from None: t=106.02776259999999, value=a, duration=None>
106.0356 	EXP 	New trial (rep=0, index=62): <Trial 62 (62 in rep 0) data={'Task': 'LDT', 'TrialType': 'Target', 'Stimuli': 'job', 'StimulusType': 'word', 'CorrectResponse': 'l', 'Trialnumb': 26, 'thisN': 62, 'thisTrialN': 62, 'thisRepN': 0}>
106.0435 	EXP 	LDT_fix_text: autoDraw = False
106.0435 	EXP 	LDT_stim_text: autoDraw = False
106.0435 	EXP 	LDT_break_text: autoDraw = False
106.0435 	EXP 	LDT_stim_text: height = np.float64(0.1)
106.0435 	EXP 	LDT_stim_text: height = np.float64(0.1)
106.0435 	EXP 	LDT_stim_text: height = np.float64(0.1)
106.0435 	EXP 	LDT_stim_text: text = 'job'
106.0435 	EXP 	LDT_fix_text: autoDraw = True
106.0440 	DATA 	Keypress: a
106.1105 	EXP 	Device response: <KeyPress from None: t=106.02776259999999, value=a, duration=0.08060969999999656>
106.5273 	EXP 	LDT_stim_text: autoDraw = True
106.5356 	EXP 	LDT_fix_text: autoDraw = False
107.0865 	EXP 	Device response: <KeyPress from None: t=107.0851558, value=l, duration=None>
107.0867 	EXP 	New trial (rep=0, index=63): <Trial 63 (63 in rep 0) data={'Task': 'LDT', 'TrialType': 'Target', 'Stimuli': 'snan', 'StimulusType': 'nonword', 'CorrectResponse': 'a', 'Trialnumb': 196, 'thisN': 63, 'thisTrialN': 63, 'thisRepN': 0}>
107.0945 	EXP 	LDT_fix_text: autoDraw = False
107.0945 	EXP 	LDT_stim_text: autoDraw = False
107.0945 	EXP 	LDT_break_text: autoDraw = False
107.0945 	EXP 	LDT_stim_text: height = np.float64(0.1)
107.0945 	EXP 	LDT_stim_text: height = np.float64(0.1)
107.0945 	EXP 	LDT_stim_text: height = np.float64(0.1)
107.0945 	EXP 	LDT_stim_text: text = 'snan'
107.0945 	EXP 	LDT_fix_text: autoDraw = True
107.0950 	DATA 	Keypress: l
107.1532 	EXP 	Device response: <KeyPress from None: t=107.0851558, value=l, duration=0.06257610000000113>
107.5783 	EXP 	LDT_stim_text: autoDraw = True
107.5867 	EXP 	LDT_fix_text: autoDraw = False
108.1375 	EXP 	Device response: <KeyPress from None: t=108.1332021, value=a, duration=None>
108.1378 	EXP 	New trial (rep=0, index=64): <Trial 64 (64 in rep 0) data={'Task': 'LDT', 'TrialType': 'Target', 'Stimuli': 'week', 'StimulusType': 'word', 'CorrectResponse': 'l', 'Trialnumb': 28, 'thisN': 64, 'thisTrialN': 64, 'thisRepN': 0}>
108.1456 	EXP 	LDT_fix_text: autoDraw = False
108.1456 	EXP 	LDT_stim_text: autoDraw = False
108.1456 	EXP 	LDT_break_text: autoDraw = False
108.1456 	EXP 	LDT_stim_text: height = np.float64(0.1)
108.1456 	EXP 	LDT_stim_text: height = np.float64(0.1)
108.1456 	EXP 	LDT_stim_text: height = np.float64(0.1)
108.1456 	EXP 	LDT_stim_text: text = 'week'
108.1456 	EXP 	LDT_fix_text: autoDraw = True
108.1460 	DATA 	Keypress: a
108.2125 	EXP 	Device response: <KeyPress from None: t=108.1332021, value=a, duration=0.07106220000000008>
108.6294 	EXP 	LDT_stim_text: autoDraw = True
108.6377 	EXP 	LDT_fix_text: autoDraw = False
109.0801 	EXP 	Device response: <KeyPress from None: t=109.0769153, value=l, duration=None>
109.0803 	EXP 	New trial (rep=0, index=65): <Trial 65 (65 in rep 0) data={'Task': 'LDT', 'TrialType': 'Target', 'Stimuli': 'yine', 'StimulusType': 'nonword', 'CorrectResponse': 'a', 'Trialnumb': 220, 'thisN': 65, 'thisTrialN': 65, 'thisRepN': 0}>
109.0882 	EXP 	LDT_fix_text: autoDraw = False
109.0882 	EXP 	LDT_stim_text: autoDraw = False
109.0882 	EXP 	LDT_break_text: autoDraw = False
109.0882 	EXP 	LDT_stim_text: height = np.float64(0.1)
109.0882 	EXP 	LDT_stim_text: height = np.float64(0.1)
109.0882 	EXP 	LDT_stim_text: height = np.float64(0.1)
109.0882 	EXP 	LDT_stim_text: text = 'yine'
109.0882 	EXP 	LDT_fix_text: autoDraw = True
109.0886 	DATA 	Keypress: l
109.1801 	EXP 	Device response: <KeyPress from None: t=109.0769153, value=l, duration=0.09491059999999152>
109.5720 	EXP 	LDT_stim_text: autoDraw = True
109.5803 	EXP 	LDT_fix_text: autoDraw = False
110.2146 	EXP 	Device response: <KeyPress from None: t=110.21206910000001, value=a, duration=None>
110.2149 	EXP 	New trial (rep=0, index=66): <Trial 66 (66 in rep 0) data={'Task': 'LDT', 'TrialType': 'Target', 'Stimuli': 'read', 'StimulusType': 'word', 'CorrectResponse': 'l', 'Trialnumb': 31, 'thisN': 66, 'thisTrialN': 66, 'thisRepN': 0}>
110.2226 	EXP 	LDT_fix_text: autoDraw = False
110.2226 	EXP 	LDT_stim_text: autoDraw = False
110.2226 	EXP 	LDT_break_text: autoDraw = False
110.2226 	EXP 	LDT_stim_text: height = np.float64(0.1)
110.2226 	EXP 	LDT_stim_text: height = np.float64(0.1)
110.2226 	EXP 	LDT_stim_text: height = np.float64(0.1)
110.2226 	EXP 	LDT_stim_text: text = 'read'
110.2226 	EXP 	LDT_fix_text: autoDraw = True
110.2232 	DATA 	Keypress: a
110.2896 	EXP 	Device response: <KeyPress from None: t=110.21206910000001, value=a, duration=0.07169499999997697>
110.7065 	EXP 	LDT_stim_text: autoDraw = True
110.7148 	EXP 	LDT_fix_text: autoDraw = False
111.1655 	EXP 	Device response: <KeyPress from None: t=111.1643464, value=l, duration=None>
111.1658 	EXP 	New trial (rep=0, index=67): <Trial 67 (67 in rep 0) data={'Task': 'LDT', 'TrialType': 'Target', 'Stimuli': 'pick', 'StimulusType': 'word', 'CorrectResponse': 'l', 'Trialnumb': 58, 'thisN': 67, 'thisTrialN': 67, 'thisRepN': 0}>
111.1736 	EXP 	LDT_fix_text: autoDraw = False
111.1736 	EXP 	LDT_stim_text: autoDraw = False
111.1736 	EXP 	LDT_break_text: autoDraw = False
111.1736 	EXP 	LDT_stim_text: height = np.float64(0.1)
111.1736 	EXP 	LDT_stim_text: height = np.float64(0.1)
111.1736 	EXP 	LDT_stim_text: height = np.float64(0.1)
111.1736 	EXP 	LDT_stim_text: text = 'pick'
111.1736 	EXP 	LDT_fix_text: autoDraw = True
111.1741 	DATA 	Keypress: l
111.2573 	EXP 	Device response: <KeyPress from None: t=111.1643464, value=l, duration=0.08786440000000084>
111.6574 	EXP 	LDT_stim_text: autoDraw = True
111.6657 	EXP 	LDT_fix_text: autoDraw = False
112.3168 	EXP 	Device response: <KeyPress from None: t=112.3163266, value=l, duration=None>
112.3170 	EXP 	New trial (rep=0, index=68): <Trial 68 (68 in rep 0) data={'Task': 'LDT', 'TrialType': 'Target', 'Stimuli': 'mutch', 'StimulusType': 'nonword', 'CorrectResponse': 'a', 'Trialnumb': 175, 'thisN': 68, 'thisTrialN': 68, 'thisRepN': 0}>
112.3247 	EXP 	LDT_fix_text: autoDraw = False
112.3247 	EXP 	LDT_stim_text: autoDraw = False
112.3247 	EXP 	LDT_break_text: autoDraw = False
112.3247 	EXP 	LDT_stim_text: height = np.float64(0.1)
112.3247 	EXP 	LDT_stim_text: height = np.float64(0.1)
112.3247 	EXP 	LDT_stim_text: height = np.float64(0.1)
112.3247 	EXP 	LDT_stim_text: text = 'mutch'
112.3247 	EXP 	LDT_fix_text: autoDraw = True
112.3252 	DATA 	Keypress: l
112.3751 	EXP 	Device response: <KeyPress from None: t=112.3163266, value=l, duration=0.05563539999999989>
112.8086 	EXP 	LDT_stim_text: autoDraw = True
112.8169 	EXP 	LDT_fix_text: autoDraw = False
113.3678 	EXP 	Device response: <KeyPress from None: t=113.36350999999999, value=a, duration=None>
113.3681 	EXP 	New trial (rep=0, index=69): <Trial 69 (69 in rep 0) data={'Task': 'LDT', 'TrialType': 'Target', 'Stimuli': 'junk', 'StimulusType': 'word', 'CorrectResponse': 'l', 'Trialnumb': 105, 'thisN': 69, 'thisTrialN': 69, 'thisRepN': 0}>
113.3758 	EXP 	LDT_fix_text: autoDraw = False
113.3758 	EXP 	LDT_stim_text: autoDraw = False
113.3758 	EXP 	LDT_break_text: autoDraw = False
113.3758 	EXP 	LDT_stim_text: height = np.float64(0.1)
113.3758 	EXP 	LDT_stim_text: height = np.float64(0.1)
113.3758 	EXP 	LDT_stim_text: height = np.float64(0.1)
113.3758 	EXP 	LDT_stim_text: text = 'junk'
113.3758 	EXP 	LDT_fix_text: autoDraw = True
113.3765 	DATA 	Keypress: a
113.4680 	EXP 	Device response: <KeyPress from None: t=113.36350999999999, value=a, duration=0.10421270000000504>
113.8596 	EXP 	LDT_stim_text: autoDraw = True
113.8679 	EXP 	LDT_fix_text: autoDraw = False
114.8107 	EXP 	Device response: <KeyPress from None: t=114.80348999999998, value=l, duration=None>
114.8110 	EXP 	New trial (rep=0, index=70): <Trial 70 (70 in rep 0) data={'Task': 'LDT', 'TrialType': 'Target', 'Stimuli': 'host', 'StimulusType': 'word', 'CorrectResponse': 'l', 'Trialnumb': 106, 'thisN': 70, 'thisTrialN': 70, 'thisRepN': 0}>
114.8189 	EXP 	LDT_fix_text: autoDraw = False
114.8189 	EXP 	LDT_stim_text: autoDraw = False
114.8189 	EXP 	LDT_break_text: autoDraw = False
114.8189 	EXP 	LDT_stim_text: height = np.float64(0.1)
114.8189 	EXP 	LDT_stim_text: height = np.float64(0.1)
114.8189 	EXP 	LDT_stim_text: height = np.float64(0.1)
114.8189 	EXP 	LDT_stim_text: text = 'host'
114.8189 	EXP 	LDT_fix_text: autoDraw = True
114.8194 	DATA 	Keypress: l
114.8860 	EXP 	Device response: <KeyPress from None: t=114.80348999999998, value=l, duration=0.08014320000000907>
115.3028 	EXP 	LDT_stim_text: autoDraw = True
115.3110 	EXP 	LDT_fix_text: autoDraw = False
116.0205 	EXP 	Device response: <KeyPress from None: t=116.02003879999998, value=l, duration=None>
116.0207 	EXP 	New trial (rep=0, index=71): <Trial 71 (71 in rep 0) data={'Task': 'LDT', 'TrialType': 'Target', 'Stimuli': 'tuse', 'StimulusType': 'nonword', 'CorrectResponse': 'a', 'Trialnumb': 209, 'thisN': 71, 'thisTrialN': 71, 'thisRepN': 0}>
116.0284 	EXP 	LDT_fix_text: autoDraw = False
116.0284 	EXP 	LDT_stim_text: autoDraw = False
116.0284 	EXP 	LDT_break_text: autoDraw = False
116.0284 	EXP 	LDT_stim_text: height = np.float64(0.1)
116.0284 	EXP 	LDT_stim_text: height = np.float64(0.1)
116.0284 	EXP 	LDT_stim_text: height = np.float64(0.1)
116.0284 	EXP 	LDT_stim_text: text = 'tuse'
116.0284 	EXP 	LDT_fix_text: autoDraw = True
116.0289 	DATA 	Keypress: l
116.0872 	EXP 	Device response: <KeyPress from None: t=116.02003879999998, value=l, duration=0.06395960000003242>
116.5122 	EXP 	LDT_stim_text: autoDraw = True
116.5206 	EXP 	LDT_fix_text: autoDraw = False
117.1214 	EXP 	Device response: <KeyPress from None: t=117.11699050000001, value=a, duration=None>
117.1217 	EXP 	New trial (rep=0, index=72): <Trial 72 (72 in rep 0) data={'Task': 'LDT', 'TrialType': 'Target', 'Stimuli': 'come', 'StimulusType': 'word', 'CorrectResponse': 'l', 'Trialnumb': 7, 'thisN': 72, 'thisTrialN': 72, 'thisRepN': 0}>
117.1295 	EXP 	LDT_fix_text: autoDraw = False
117.1295 	EXP 	LDT_stim_text: autoDraw = False
117.1295 	EXP 	LDT_break_text: autoDraw = False
117.1295 	EXP 	LDT_stim_text: height = np.float64(0.1)
117.1295 	EXP 	LDT_stim_text: height = np.float64(0.1)
117.1295 	EXP 	LDT_stim_text: height = np.float64(0.1)
117.1295 	EXP 	LDT_stim_text: text = 'come'
117.1295 	EXP 	LDT_fix_text: autoDraw = True
117.1301 	DATA 	Keypress: a
117.1965 	EXP 	Device response: <KeyPress from None: t=117.11699050000001, value=a, duration=0.07875759999996035>
117.6133 	EXP 	LDT_stim_text: autoDraw = True
117.6217 	EXP 	LDT_fix_text: autoDraw = False
118.5481 	EXP 	Device response: <KeyPress from None: t=118.53985500000002, value=l, duration=None>
118.5484 	EXP 	New trial (rep=0, index=73): <Trial 73 (73 in rep 0) data={'Task': 'LDT', 'TrialType': 'Target', 'Stimuli': 'pay', 'StimulusType': 'word', 'CorrectResponse': 'l', 'Trialnumb': 42, 'thisN': 73, 'thisTrialN': 73, 'thisRepN': 0}>
118.5497 	DATA 	Keypress: l
118.5559 	EXP 	LDT_fix_text: autoDraw = False
118.5559 	EXP 	LDT_stim_text: autoDraw = False
118.5559 	EXP 	LDT_break_text: autoDraw = False
118.5559 	EXP 	LDT_stim_text: height = np.float64(0.1)
118.5559 	EXP 	LDT_stim_text: height = np.float64(0.1)
118.5559 	EXP 	LDT_stim_text: height = np.float64(0.1)
118.5559 	EXP 	LDT_stim_text: text = 'pay'
118.5559 	EXP 	LDT_fix_text: autoDraw = True
118.6146 	EXP 	Device response: <KeyPress from None: t=118.53985500000002, value=l, duration=0.07225230000000238>
119.0397 	EXP 	LDT_stim_text: autoDraw = True
119.0481 	EXP 	LDT_fix_text: autoDraw = False
119.5239 	EXP 	Device response: <KeyPress from None: t=119.52350219999997, value=l, duration=None>
119.5241 	EXP 	New trial (rep=0, index=74): <Trial 74 (74 in rep 0) data={'Task': 'LDT', 'TrialType': 'Target', 'Stimuli': 'few', 'StimulusType': 'word', 'CorrectResponse': 'l', 'Trialnumb': 18, 'thisN': 74, 'thisTrialN': 74, 'thisRepN': 0}>
119.5319 	EXP 	LDT_fix_text: autoDraw = False
119.5319 	EXP 	LDT_stim_text: autoDraw = False
119.5319 	EXP 	LDT_break_text: autoDraw = False
119.5319 	EXP 	LDT_stim_text: height = np.float64(0.1)
119.5319 	EXP 	LDT_stim_text: height = np.float64(0.1)
119.5319 	EXP 	LDT_stim_text: height = np.float64(0.1)
119.5319 	EXP 	LDT_stim_text: text = 'few'
119.5319 	EXP 	LDT_fix_text: autoDraw = True
119.5324 	DATA 	Keypress: l
119.6155 	EXP 	Device response: <KeyPress from None: t=119.52350219999997, value=l, duration=0.0887056000000257>
120.0157 	EXP 	LDT_stim_text: autoDraw = True
120.0241 	EXP 	LDT_fix_text: autoDraw = False
120.5833 	EXP 	Device response: <KeyPress from None: t=120.57994240000002, value=l, duration=None>
120.5836 	EXP 	New trial (rep=0, index=75): <Trial 75 (75 in rep 0) data={'Task': 'LDT', 'TrialType': 'Target', 'Stimuli': 'sale', 'StimulusType': 'word', 'CorrectResponse': 'l', 'Trialnumb': 93, 'thisN': 75, 'thisTrialN': 75, 'thisRepN': 0}>
120.5913 	EXP 	LDT_fix_text: autoDraw = False
120.5913 	EXP 	LDT_stim_text: autoDraw = False
120.5913 	EXP 	LDT_break_text: autoDraw = False
120.5913 	EXP 	LDT_stim_text: height = np.float64(0.1)
120.5913 	EXP 	LDT_stim_text: height = np.float64(0.1)
120.5913 	EXP 	LDT_stim_text: height = np.float64(0.1)
120.5913 	EXP 	LDT_stim_text: text = 'sale'
120.5913 	EXP 	LDT_fix_text: autoDraw = True
120.5919 	DATA 	Keypress: l
120.6750 	EXP 	Device response: <KeyPress from None: t=120.57994240000002, value=l, duration=0.08943789999995033>
121.0751 	EXP 	LDT_stim_text: autoDraw = True
121.0835 	EXP 	LDT_fix_text: autoDraw = False
121.6093 	EXP 	Device response: <KeyPress from None: t=121.6046082, value=l, duration=None>
121.6095 	EXP 	New trial (rep=0, index=76): <Trial 76 (76 in rep 0) data={'Task': 'LDT', 'TrialType': 'Target', 'Stimuli': 'gips', 'StimulusType': 'nonword', 'CorrectResponse': 'a', 'Trialnumb': 147, 'thisN': 76, 'thisTrialN': 76, 'thisRepN': 0}>
121.6173 	EXP 	LDT_fix_text: autoDraw = False
121.6173 	EXP 	LDT_stim_text: autoDraw = False
121.6173 	EXP 	LDT_break_text: autoDraw = False
121.6173 	EXP 	LDT_stim_text: height = np.float64(0.1)
121.6173 	EXP 	LDT_stim_text: height = np.float64(0.1)
121.6173 	EXP 	LDT_stim_text: height = np.float64(0.1)
121.6173 	EXP 	LDT_stim_text: text = 'gips'
121.6173 	EXP 	LDT_fix_text: autoDraw = True
121.6178 	DATA 	Keypress: l
121.6843 	EXP 	Device response: <KeyPress from None: t=121.6046082, value=l, duration=0.07154199999996536>
122.1011 	EXP 	LDT_stim_text: autoDraw = True
122.1095 	EXP 	LDT_fix_text: autoDraw = False
122.7103 	EXP 	Device response: <KeyPress from None: t=122.70847389999997, value=a, duration=None>
122.7106 	EXP 	New trial (rep=0, index=77): <Trial 77 (77 in rep 0) data={'Task': 'LDT', 'TrialType': 'Target', 'Stimuli': 'rent', 'StimulusType': 'word', 'CorrectResponse': 'l', 'Trialnumb': 84, 'thisN': 77, 'thisTrialN': 77, 'thisRepN': 0}>
122.7184 	EXP 	LDT_fix_text: autoDraw = False
122.7184 	EXP 	LDT_stim_text: autoDraw = False
122.7184 	EXP 	LDT_break_text: autoDraw = False
122.7184 	EXP 	LDT_stim_text: height = np.float64(0.1)
122.7184 	EXP 	LDT_stim_text: height = np.float64(0.1)
122.7184 	EXP 	LDT_stim_text: height = np.float64(0.1)
122.7184 	EXP 	LDT_stim_text: text = 'rent'
122.7184 	EXP 	LDT_fix_text: autoDraw = True
122.7189 	DATA 	Keypress: a
122.8025 	EXP 	Device response: <KeyPress from None: t=122.70847389999997, value=a, duration=0.08777900000001182>
123.2022 	EXP 	LDT_stim_text: autoDraw = True
123.2106 	EXP 	LDT_fix_text: autoDraw = False
123.7030 	EXP 	Device response: <KeyPress from None: t=123.70014119999999, value=l, duration=None>
123.7032 	EXP 	New trial (rep=0, index=78): <Trial 78 (78 in rep 0) data={'Task': 'LDT', 'TrialType': 'Target', 'Stimuli': 'spy', 'StimulusType': 'word', 'CorrectResponse': 'l', 'Trialnumb': 99, 'thisN': 78, 'thisTrialN': 78, 'thisRepN': 0}>
123.7111 	EXP 	LDT_fix_text: autoDraw = False
123.7111 	EXP 	LDT_stim_text: autoDraw = False
123.7111 	EXP 	LDT_break_text: autoDraw = False
123.7111 	EXP 	LDT_stim_text: height = np.float64(0.1)
123.7111 	EXP 	LDT_stim_text: height = np.float64(0.1)
123.7111 	EXP 	LDT_stim_text: height = np.float64(0.1)
123.7111 	EXP 	LDT_stim_text: text = 'spy'
123.7111 	EXP 	LDT_fix_text: autoDraw = True
123.7116 	DATA 	Keypress: l
123.8115 	EXP 	Device response: <KeyPress from None: t=123.70014119999999, value=l, duration=0.10414020000001756>
124.1949 	EXP 	LDT_stim_text: autoDraw = True
124.2032 	EXP 	LDT_fix_text: autoDraw = False
124.7709 	EXP 	Device response: <KeyPress from None: t=124.76415119999999, value=l, duration=None>
124.7711 	EXP 	New trial (rep=0, index=79): <Trial 79 (79 in rep 0) data={'Task': 'LDT', 'TrialType': 'Target', 'Stimuli': 'seft', 'StimulusType': 'nonword', 'CorrectResponse': 'a', 'Trialnumb': 188, 'thisN': 79, 'thisTrialN': 79, 'thisRepN': 0}>
124.7788 	EXP 	LDT_fix_text: autoDraw = False
124.7788 	EXP 	LDT_stim_text: autoDraw = False
124.7788 	EXP 	LDT_break_text: autoDraw = False
124.7788 	EXP 	LDT_stim_text: height = np.float64(0.1)
124.7788 	EXP 	LDT_stim_text: height = np.float64(0.1)
124.7788 	EXP 	LDT_stim_text: height = np.float64(0.1)
124.7788 	EXP 	LDT_stim_text: text = 'seft'
124.7788 	EXP 	LDT_fix_text: autoDraw = True
124.7793 	DATA 	Keypress: l
124.8375 	EXP 	Device response: <KeyPress from None: t=124.76415119999999, value=l, duration=0.07168990000002395>
125.2626 	EXP 	LDT_stim_text: autoDraw = True
125.2710 	EXP 	LDT_fix_text: autoDraw = False
125.7633 	EXP 	Device response: <KeyPress from None: t=125.75597480000002, value=l, duration=None>
125.7636 	EXP 	New trial (rep=0, index=80): <Trial 80 (80 in rep 0) data={'Task': 'LDT', 'TrialType': 'Target', 'Stimuli': 'spin', 'StimulusType': 'word', 'CorrectResponse': 'l', 'Trialnumb': 107, 'thisN': 80, 'thisTrialN': 80, 'thisRepN': 0}>
125.7715 	EXP 	LDT_fix_text: autoDraw = False
125.7715 	EXP 	LDT_stim_text: autoDraw = False
125.7715 	EXP 	LDT_break_text: autoDraw = False
125.7715 	EXP 	LDT_stim_text: height = np.float64(0.1)
125.7715 	EXP 	LDT_stim_text: height = np.float64(0.1)
125.7715 	EXP 	LDT_stim_text: height = np.float64(0.1)
125.7715 	EXP 	LDT_stim_text: text = 'spin'
125.7715 	EXP 	LDT_fix_text: autoDraw = True
125.7719 	DATA 	Keypress: l
125.8804 	EXP 	Device response: <KeyPress from None: t=125.75597480000002, value=l, duration=0.1206273999999894>
126.2553 	EXP 	LDT_stim_text: autoDraw = True
126.2636 	EXP 	LDT_fix_text: autoDraw = False
126.8813 	EXP 	Device response: <KeyPress from None: t=126.87570739999998, value=l, duration=None>
126.8815 	EXP 	New trial (rep=0, index=81): <Trial 81 (81 in rep 0) data={'Task': 'LDT', 'TrialType': 'Target', 'Stimuli': 'borm', 'StimulusType': 'nonword', 'CorrectResponse': 'a', 'Trialnumb': 124, 'thisN': 81, 'thisTrialN': 81, 'thisRepN': 0}>
126.8893 	EXP 	LDT_fix_text: autoDraw = False
126.8893 	EXP 	LDT_stim_text: autoDraw = False
126.8893 	EXP 	LDT_break_text: autoDraw = False
126.8893 	EXP 	LDT_stim_text: height = np.float64(0.1)
126.8893 	EXP 	LDT_stim_text: height = np.float64(0.1)
126.8893 	EXP 	LDT_stim_text: height = np.float64(0.1)
126.8893 	EXP 	LDT_stim_text: text = 'borm'
126.8893 	EXP 	LDT_fix_text: autoDraw = True
126.8899 	DATA 	Keypress: l
126.9646 	EXP 	Device response: <KeyPress from None: t=126.87570739999998, value=l, duration=0.08084250000001703>
127.3730 	EXP 	LDT_stim_text: autoDraw = True
127.3815 	EXP 	LDT_fix_text: autoDraw = False
128.2075 	EXP 	Device response: <KeyPress from None: t=128.20359720000002, value=a, duration=None>
128.2078 	EXP 	New trial (rep=0, index=82): <Trial 82 (82 in rep 0) data={'Task': 'LDT', 'TrialType': 'Target', 'Stimuli': 'data', 'StimulusType': 'word', 'CorrectResponse': 'l', 'Trialnumb': 41, 'thisN': 82, 'thisTrialN': 82, 'thisRepN': 0}>
128.2155 	EXP 	LDT_fix_text: autoDraw = False
128.2155 	EXP 	LDT_stim_text: autoDraw = False
128.2155 	EXP 	LDT_break_text: autoDraw = False
128.2155 	EXP 	LDT_stim_text: height = np.float64(0.1)
128.2155 	EXP 	LDT_stim_text: height = np.float64(0.1)
128.2155 	EXP 	LDT_stim_text: height = np.float64(0.1)
128.2155 	EXP 	LDT_stim_text: text = 'data'
128.2155 	EXP 	LDT_fix_text: autoDraw = True
128.2161 	DATA 	Keypress: a
128.2910 	EXP 	Device response: <KeyPress from None: t=128.20359720000002, value=a, duration=0.08166029999995317>
128.6994 	EXP 	LDT_stim_text: autoDraw = True
128.7077 	EXP 	LDT_fix_text: autoDraw = False
129.1918 	EXP 	Device response: <KeyPress from None: t=129.1878606, value=l, duration=None>
129.1921 	EXP 	New trial (rep=0, index=83): <Trial 83 (83 in rep 0) data={'Task': 'LDT', 'TrialType': 'Target', 'Stimuli': 'haro', 'StimulusType': 'nonword', 'CorrectResponse': 'a', 'Trialnumb': 150, 'thisN': 83, 'thisTrialN': 83, 'thisRepN': 0}>
129.2000 	EXP 	LDT_fix_text: autoDraw = False
129.2000 	EXP 	LDT_stim_text: autoDraw = False
129.2000 	EXP 	LDT_break_text: autoDraw = False
129.2000 	EXP 	LDT_stim_text: height = np.float64(0.1)
129.2000 	EXP 	LDT_stim_text: height = np.float64(0.1)
129.2000 	EXP 	LDT_stim_text: height = np.float64(0.1)
129.2000 	EXP 	LDT_stim_text: text = 'haro'
129.2000 	EXP 	LDT_fix_text: autoDraw = True
129.2006 	DATA 	Keypress: l
129.2919 	EXP 	Device response: <KeyPress from None: t=129.1878606, value=l, duration=0.09587069999997766>
129.6837 	EXP 	LDT_stim_text: autoDraw = True
129.6922 	EXP 	LDT_fix_text: autoDraw = False
130.3013 	EXP 	Device response: <KeyPress from None: t=130.30006339999997, value=a, duration=None>
130.3015 	EXP 	New trial (rep=0, index=84): <Trial 84 (84 in rep 0) data={'Task': 'LDT', 'TrialType': 'Target', 'Stimuli': 'brone', 'StimulusType': 'nonword', 'CorrectResponse': 'a', 'Trialnumb': 125, 'thisN': 84, 'thisTrialN': 84, 'thisRepN': 0}>
130.3093 	EXP 	LDT_fix_text: autoDraw = False
130.3093 	EXP 	LDT_stim_text: autoDraw = False
130.3093 	EXP 	LDT_break_text: autoDraw = False
130.3093 	EXP 	LDT_stim_text: height = np.float64(0.1)
130.3093 	EXP 	LDT_stim_text: height = np.float64(0.1)
130.3093 	EXP 	LDT_stim_text: height = np.float64(0.1)
130.3093 	EXP 	LDT_stim_text: text = 'brone'
130.3093 	EXP 	LDT_fix_text: autoDraw = True
130.3098 	DATA 	Keypress: a
130.3847 	EXP 	Device response: <KeyPress from None: t=130.30006339999997, value=a, duration=0.07939240000001746>
130.7931 	EXP 	LDT_stim_text: autoDraw = True
130.8014 	EXP 	LDT_fix_text: autoDraw = False
131.2773 	EXP 	Device response: <KeyPress from None: t=131.27670650000002, value=l, duration=None>
131.2775 	EXP 	New trial (rep=0, index=85): <Trial 85 (85 in rep 0) data={'Task': 'LDT', 'TrialType': 'Target', 'Stimuli': 'kell', 'StimulusType': 'nonword', 'CorrectResponse': 'a', 'Trialnumb': 164, 'thisN': 85, 'thisTrialN': 85, 'thisRepN': 0}>
131.2853 	EXP 	LDT_fix_text: autoDraw = False
131.2853 	EXP 	LDT_stim_text: autoDraw = False
131.2853 	EXP 	LDT_break_text: autoDraw = False
131.2853 	EXP 	LDT_stim_text: height = np.float64(0.1)
131.2853 	EXP 	LDT_stim_text: height = np.float64(0.1)
131.2853 	EXP 	LDT_stim_text: height = np.float64(0.1)
131.2853 	EXP 	LDT_stim_text: text = 'kell'
131.2853 	EXP 	LDT_fix_text: autoDraw = True
131.2858 	DATA 	Keypress: l
131.3607 	EXP 	Device response: <KeyPress from None: t=131.27670650000002, value=l, duration=0.079473299999961>
131.7691 	EXP 	LDT_stim_text: autoDraw = True
131.7774 	EXP 	LDT_fix_text: autoDraw = False
133.3627 	EXP 	Device response: <KeyPress from None: t=133.35608319999997, value=a, duration=None>
133.3629 	EXP 	New trial (rep=0, index=86): <Trial 86 (86 in rep 0) data={'Task': 'LDT', 'TrialType': 'Target', 'Stimuli': 'loil', 'StimulusType': 'nonword', 'CorrectResponse': 'a', 'Trialnumb': 170, 'thisN': 86, 'thisTrialN': 86, 'thisRepN': 0}>
133.3709 	EXP 	LDT_fix_text: autoDraw = False
133.3709 	EXP 	LDT_stim_text: autoDraw = False
133.3709 	EXP 	LDT_break_text: autoDraw = False
133.3709 	EXP 	LDT_stim_text: height = np.float64(0.1)
133.3709 	EXP 	LDT_stim_text: height = np.float64(0.1)
133.3709 	EXP 	LDT_stim_text: height = np.float64(0.1)
133.3709 	EXP 	LDT_stim_text: text = 'loil'
133.3709 	EXP 	LDT_fix_text: autoDraw = True
133.3714 	DATA 	Keypress: a
133.4128 	EXP 	Device response: <KeyPress from None: t=133.35608319999997, value=a, duration=0.056262400000036905>
133.8545 	EXP 	LDT_stim_text: autoDraw = True
133.8628 	EXP 	LDT_fix_text: autoDraw = False
134.5305 	EXP 	Device response: <KeyPress from None: t=134.5250589, value=a, duration=None>
134.5307 	EXP 	New trial (rep=0, index=87): <Trial 87 (87 in rep 0) data={'Task': 'LDT', 'TrialType': 'Target', 'Stimuli': 'mass', 'StimulusType': 'word', 'CorrectResponse': 'l', 'Trialnumb': 102, 'thisN': 87, 'thisTrialN': 87, 'thisRepN': 0}>
134.5385 	EXP 	LDT_fix_text: autoDraw = False
134.5385 	EXP 	LDT_stim_text: autoDraw = False
134.5385 	EXP 	LDT_break_text: autoDraw = False
134.5385 	EXP 	LDT_stim_text: height = np.float64(0.1)
134.5385 	EXP 	LDT_stim_text: height = np.float64(0.1)
134.5385 	EXP 	LDT_stim_text: height = np.float64(0.1)
134.5385 	EXP 	LDT_stim_text: text = 'mass'
134.5385 	EXP 	LDT_fix_text: autoDraw = True
134.5390 	DATA 	Keypress: a
134.5889 	EXP 	Device response: <KeyPress from None: t=134.5250589, value=a, duration=0.06245169999999689>
135.0223 	EXP 	LDT_stim_text: autoDraw = True
135.0307 	EXP 	LDT_fix_text: autoDraw = False
135.5648 	EXP 	Device response: <KeyPress from None: t=135.56445879999998, value=l, duration=None>
135.5651 	EXP 	New trial (rep=0, index=88): <Trial 88 (88 in rep 0) data={'Task': 'LDT', 'TrialType': 'Target', 'Stimuli': 'beon', 'StimulusType': 'nonword', 'CorrectResponse': 'a', 'Trialnumb': 120, 'thisN': 88, 'thisTrialN': 88, 'thisRepN': 0}>
135.5729 	EXP 	LDT_fix_text: autoDraw = False
135.5729 	EXP 	LDT_stim_text: autoDraw = False
135.5729 	EXP 	LDT_break_text: autoDraw = False
135.5729 	EXP 	LDT_stim_text: height = np.float64(0.1)
135.5729 	EXP 	LDT_stim_text: height = np.float64(0.1)
135.5729 	EXP 	LDT_stim_text: height = np.float64(0.1)
135.5729 	EXP 	LDT_stim_text: text = 'beon'
135.5729 	EXP 	LDT_fix_text: autoDraw = True
135.5735 	DATA 	Keypress: l
135.6484 	EXP 	Device response: <KeyPress from None: t=135.56445879999998, value=l, duration=0.08058290000002444>
136.0567 	EXP 	LDT_stim_text: autoDraw = True
136.0651 	EXP 	LDT_fix_text: autoDraw = False
136.6410 	EXP 	Device response: <KeyPress from None: t=136.63592859999997, value=a, duration=None>
136.6412 	EXP 	New trial (rep=0, index=89): <Trial 89 (89 in rep 0) data={'Task': 'LDT', 'TrialType': 'Target', 'Stimuli': 'hard', 'StimulusType': 'word', 'CorrectResponse': 'l', 'Trialnumb': 22, 'thisN': 89, 'thisTrialN': 89, 'thisRepN': 0}>
136.6490 	EXP 	LDT_fix_text: autoDraw = False
136.6490 	EXP 	LDT_stim_text: autoDraw = False
136.6490 	EXP 	LDT_break_text: autoDraw = False
136.6490 	EXP 	LDT_stim_text: height = np.float64(0.1)
136.6490 	EXP 	LDT_stim_text: height = np.float64(0.1)
136.6490 	EXP 	LDT_stim_text: height = np.float64(0.1)
136.6490 	EXP 	LDT_stim_text: text = 'hard'
136.6490 	EXP 	LDT_fix_text: autoDraw = True
136.6495 	DATA 	Keypress: a
136.7159 	EXP 	Device response: <KeyPress from None: t=136.63592859999997, value=a, duration=0.07174760000003744>
137.1328 	EXP 	LDT_stim_text: autoDraw = True
137.1411 	EXP 	LDT_fix_text: autoDraw = False
137.6919 	EXP 	Device response: <KeyPress from None: t=137.6843132, value=l, duration=None>
137.6922 	EXP 	New trial (rep=0, index=90): <Trial 90 (90 in rep 0) data={'Task': 'LDT', 'TrialType': 'Target', 'Stimuli': 'class', 'StimulusType': 'word', 'CorrectResponse': 'l', 'Trialnumb': 19, 'thisN': 90, 'thisTrialN': 90, 'thisRepN': 0}>
137.7000 	EXP 	LDT_fix_text: autoDraw = False
137.7000 	EXP 	LDT_stim_text: autoDraw = False
137.7000 	EXP 	LDT_break_text: autoDraw = False
137.7000 	EXP 	LDT_stim_text: height = np.float64(0.1)
137.7000 	EXP 	LDT_stim_text: height = np.float64(0.1)
137.7000 	EXP 	LDT_stim_text: height = np.float64(0.1)
137.7000 	EXP 	LDT_stim_text: text = 'class'
137.7000 	EXP 	LDT_fix_text: autoDraw = True
137.7005 	DATA 	Keypress: l
137.7421 	EXP 	Device response: <KeyPress from None: t=137.6843132, value=l, duration=0.0556887000000188>
138.1838 	EXP 	LDT_stim_text: autoDraw = True
138.1922 	EXP 	LDT_fix_text: autoDraw = False
138.7514 	EXP 	Device response: <KeyPress from None: t=138.7477534, value=a, duration=None>
138.7517 	EXP 	New trial (rep=0, index=91): <Trial 91 (91 in rep 0) data={'Task': 'LDT', 'TrialType': 'Target', 'Stimuli': 'shoa', 'StimulusType': 'nonword', 'CorrectResponse': 'a', 'Trialnumb': 191, 'thisN': 91, 'thisTrialN': 91, 'thisRepN': 0}>
138.7594 	EXP 	LDT_fix_text: autoDraw = False
138.7594 	EXP 	LDT_stim_text: autoDraw = False
138.7594 	EXP 	LDT_break_text: autoDraw = False
138.7594 	EXP 	LDT_stim_text: height = np.float64(0.1)
138.7594 	EXP 	LDT_stim_text: height = np.float64(0.1)
138.7594 	EXP 	LDT_stim_text: height = np.float64(0.1)
138.7594 	EXP 	LDT_stim_text: text = 'shoa'
138.7594 	EXP 	LDT_fix_text: autoDraw = True
138.7599 	DATA 	Keypress: a
138.8514 	EXP 	Device response: <KeyPress from None: t=138.7477534, value=a, duration=0.09580599999998185>
139.2432 	EXP 	LDT_stim_text: autoDraw = True
139.2516 	EXP 	LDT_fix_text: autoDraw = False
139.8441 	EXP 	Device response: <KeyPress from None: t=139.84376310000002, value=a, duration=None>
139.8443 	EXP 	New trial (rep=0, index=92): <Trial 92 (92 in rep 0) data={'Task': 'LDT', 'TrialType': 'Target', 'Stimuli': 'tour', 'StimulusType': 'word', 'CorrectResponse': 'l', 'Trialnumb': 88, 'thisN': 92, 'thisTrialN': 92, 'thisRepN': 0}>
139.8522 	EXP 	LDT_fix_text: autoDraw = False
139.8522 	EXP 	LDT_stim_text: autoDraw = False
139.8522 	EXP 	LDT_break_text: autoDraw = False
139.8522 	EXP 	LDT_stim_text: height = np.float64(0.1)
139.8522 	EXP 	LDT_stim_text: height = np.float64(0.1)
139.8522 	EXP 	LDT_stim_text: height = np.float64(0.1)
139.8522 	EXP 	LDT_stim_text: text = 'tour'
139.8522 	EXP 	LDT_fix_text: autoDraw = True
139.8527 	DATA 	Keypress: a
139.9275 	EXP 	Device response: <KeyPress from None: t=139.84376310000002, value=a, duration=0.07997289999997292>
140.3360 	EXP 	LDT_stim_text: autoDraw = True
140.3445 	EXP 	LDT_fix_text: autoDraw = False
141.2205 	EXP 	Device response: <KeyPress from None: t=141.2197606, value=l, duration=None>
141.2207 	EXP 	New trial (rep=0, index=93): <Trial 93 (93 in rep 0) data={'Task': 'LDT', 'TrialType': 'Target', 'Stimuli': 'man', 'StimulusType': 'word', 'CorrectResponse': 'l', 'Trialnumb': 12, 'thisN': 93, 'thisTrialN': 93, 'thisRepN': 0}>
141.2285 	EXP 	LDT_fix_text: autoDraw = False
141.2285 	EXP 	LDT_stim_text: autoDraw = False
141.2285 	EXP 	LDT_break_text: autoDraw = False
141.2285 	EXP 	LDT_stim_text: height = np.float64(0.1)
141.2285 	EXP 	LDT_stim_text: height = np.float64(0.1)
141.2285 	EXP 	LDT_stim_text: height = np.float64(0.1)
141.2285 	EXP 	LDT_stim_text: text = 'man'
141.2285 	EXP 	LDT_fix_text: autoDraw = True
141.2290 	DATA 	Keypress: l
141.3122 	EXP 	Device response: <KeyPress from None: t=141.2197606, value=l, duration=0.0882565999999656>
141.7123 	EXP 	LDT_stim_text: autoDraw = True
141.7207 	EXP 	LDT_fix_text: autoDraw = False
142.2215 	EXP 	Device response: <KeyPress from None: t=142.22114279999997, value=l, duration=None>
142.2217 	EXP 	New trial (rep=0, index=94): <Trial 94 (94 in rep 0) data={'Task': 'LDT', 'TrialType': 'Target', 'Stimuli': 'rap', 'StimulusType': 'word', 'CorrectResponse': 'l', 'Trialnumb': 109, 'thisN': 94, 'thisTrialN': 94, 'thisRepN': 0}>
142.2296 	EXP 	LDT_fix_text: autoDraw = False
142.2296 	EXP 	LDT_stim_text: autoDraw = False
142.2296 	EXP 	LDT_break_text: autoDraw = False
142.2296 	EXP 	LDT_stim_text: height = np.float64(0.1)
142.2296 	EXP 	LDT_stim_text: height = np.float64(0.1)
142.2296 	EXP 	LDT_stim_text: height = np.float64(0.1)
142.2296 	EXP 	LDT_stim_text: text = 'rap'
142.2296 	EXP 	LDT_fix_text: autoDraw = True
142.2301 	DATA 	Keypress: l
142.3716 	EXP 	Device response: <KeyPress from None: t=142.22114279999997, value=l, duration=0.14307970000004389>
142.7134 	EXP 	LDT_stim_text: autoDraw = True
142.7217 	EXP 	LDT_fix_text: autoDraw = False
143.2059 	EXP 	Device response: <KeyPress from None: t=143.2036762, value=l, duration=None>
143.2061 	EXP 	New trial (rep=0, index=95): <Trial 95 (95 in rep 0) data={'Task': 'LDT', 'TrialType': 'Target', 'Stimuli': 'fere', 'StimulusType': 'nonword', 'CorrectResponse': 'a', 'Trialnumb': 140, 'thisN': 95, 'thisTrialN': 95, 'thisRepN': 0}>
143.2138 	EXP 	LDT_fix_text: autoDraw = False
143.2138 	EXP 	LDT_stim_text: autoDraw = False
143.2138 	EXP 	LDT_break_text: autoDraw = False
143.2138 	EXP 	LDT_stim_text: height = np.float64(0.1)
143.2138 	EXP 	LDT_stim_text: height = np.float64(0.1)
143.2138 	EXP 	LDT_stim_text: height = np.float64(0.1)
143.2138 	EXP 	LDT_stim_text: text = 'fere'
143.2138 	EXP 	LDT_fix_text: autoDraw = True
143.2143 	DATA 	Keypress: l
143.2809 	EXP 	Device response: <KeyPress from None: t=143.2036762, value=l, duration=0.07190430000002834>
143.6976 	EXP 	LDT_stim_text: autoDraw = True
143.7060 	EXP 	LDT_fix_text: autoDraw = False
144.2902 	EXP 	Device response: <KeyPress from None: t=144.2838197, value=a, duration=None>
144.2904 	EXP 	New trial (rep=0, index=96): <Trial 96 (96 in rep 0) data={'Task': 'LDT', 'TrialType': 'Target', 'Stimuli': 'kear', 'StimulusType': 'nonword', 'CorrectResponse': 'a', 'Trialnumb': 163, 'thisN': 96, 'thisTrialN': 96, 'thisRepN': 0}>
144.2983 	EXP 	LDT_fix_text: autoDraw = False
144.2983 	EXP 	LDT_stim_text: autoDraw = False
144.2983 	EXP 	LDT_break_text: autoDraw = False
144.2983 	EXP 	LDT_stim_text: height = np.float64(0.1)
144.2983 	EXP 	LDT_stim_text: height = np.float64(0.1)
144.2983 	EXP 	LDT_stim_text: height = np.float64(0.1)
144.2983 	EXP 	LDT_stim_text: text = 'kear'
144.2983 	EXP 	LDT_fix_text: autoDraw = True
144.2989 	DATA 	Keypress: a
144.3570 	EXP 	Device response: <KeyPress from None: t=144.2838197, value=a, duration=0.0719042999999715>
144.7821 	EXP 	LDT_stim_text: autoDraw = True
144.7904 	EXP 	LDT_fix_text: autoDraw = False
145.3663 	EXP 	Device response: <KeyPress from None: t=145.3640586, value=a, duration=None>
145.3666 	EXP 	New trial (rep=0, index=97): <Trial 97 (97 in rep 0) data={'Task': 'LDT', 'TrialType': 'Target', 'Stimuli': 'green', 'StimulusType': 'word', 'CorrectResponse': 'l', 'Trialnumb': 38, 'thisN': 97, 'thisTrialN': 97, 'thisRepN': 0}>
145.3743 	EXP 	LDT_fix_text: autoDraw = False
145.3743 	EXP 	LDT_stim_text: autoDraw = False
145.3743 	EXP 	LDT_break_text: autoDraw = False
145.3743 	EXP 	LDT_stim_text: height = np.float64(0.1)
145.3743 	EXP 	LDT_stim_text: height = np.float64(0.1)
145.3743 	EXP 	LDT_stim_text: height = np.float64(0.1)
145.3743 	EXP 	LDT_stim_text: text = 'green'
145.3743 	EXP 	LDT_fix_text: autoDraw = True
145.3749 	DATA 	Keypress: a
145.4747 	EXP 	Device response: <KeyPress from None: t=145.3640586, value=a, duration=0.10414800000000923>
145.8581 	EXP 	LDT_stim_text: autoDraw = True
145.8665 	EXP 	LDT_fix_text: autoDraw = False
146.4334 	EXP 	Device response: <KeyPress from None: t=146.428165, value=l, duration=None>
146.4336 	EXP 	New trial (rep=0, index=98): <Trial 98 (98 in rep 0) data={'Task': 'LDT', 'TrialType': 'Target', 'Stimuli': 'stip', 'StimulusType': 'nonword', 'CorrectResponse': 'a', 'Trialnumb': 200, 'thisN': 98, 'thisTrialN': 98, 'thisRepN': 0}>
146.4415 	EXP 	LDT_fix_text: autoDraw = False
146.4415 	EXP 	LDT_stim_text: autoDraw = False
146.4415 	EXP 	LDT_break_text: autoDraw = False
146.4415 	EXP 	LDT_stim_text: height = np.float64(0.1)
146.4415 	EXP 	LDT_stim_text: height = np.float64(0.1)
146.4415 	EXP 	LDT_stim_text: height = np.float64(0.1)
146.4415 	EXP 	LDT_stim_text: text = 'stip'
146.4415 	EXP 	LDT_fix_text: autoDraw = True
146.4420 	DATA 	Keypress: l
146.5084 	EXP 	Device response: <KeyPress from None: t=146.428165, value=l, duration=0.07222000000001572>
146.9253 	EXP 	LDT_stim_text: autoDraw = True
146.9336 	EXP 	LDT_fix_text: autoDraw = False
147.9015 	EXP 	Device response: <KeyPress from None: t=147.9009826, value=a, duration=None>
147.9017 	EXP 	New trial (rep=0, index=99): <Trial 99 (99 in rep 0) data={'Task': 'LDT', 'TrialType': 'Target', 'Stimuli': 'zall', 'StimulusType': 'nonword', 'CorrectResponse': 'a', 'Trialnumb': 221, 'thisN': 99, 'thisTrialN': 99, 'thisRepN': 0}>
147.9096 	EXP 	LDT_fix_text: autoDraw = False
147.9096 	EXP 	LDT_stim_text: autoDraw = False
147.9096 	EXP 	LDT_break_text: autoDraw = False
147.9096 	EXP 	LDT_stim_text: height = np.float64(0.1)
147.9096 	EXP 	LDT_stim_text: height = np.float64(0.1)
147.9096 	EXP 	LDT_stim_text: height = np.float64(0.1)
147.9096 	EXP 	LDT_stim_text: text = 'zall'
147.9096 	EXP 	LDT_fix_text: autoDraw = True
147.9100 	DATA 	Keypress: a
147.9849 	EXP 	Device response: <KeyPress from None: t=147.9009826, value=a, duration=0.07904369999999972>
148.3934 	EXP 	LDT_stim_text: autoDraw = True
148.4018 	EXP 	LDT_fix_text: autoDraw = False
149.0193 	EXP 	Device response: <KeyPress from None: t=149.0119887, value=a, duration=None>
149.0195 	EXP 	New trial (rep=0, index=100): <Trial 100 (100 in rep 0) data={'Task': 'LDT', 'TrialType': 'Target', 'Stimuli': 'chat', 'StimulusType': 'word', 'CorrectResponse': 'l', 'Trialnumb': 103, 'thisN': 100, 'thisTrialN': 100, 'thisRepN': 0}>
149.0289 	EXP 	LDT_fix_text: autoDraw = False
149.0289 	EXP 	LDT_stim_text: autoDraw = False
149.0289 	EXP 	LDT_break_text: autoDraw = False
149.0289 	EXP 	LDT_stim_text: height = np.float64(0.1)
149.0289 	EXP 	LDT_stim_text: height = np.float64(0.1)
149.0289 	EXP 	LDT_stim_text: height = np.float64(0.1)
149.0289 	EXP 	LDT_stim_text: text = 'chat'
149.0289 	EXP 	LDT_fix_text: autoDraw = True
149.0294 	DATA 	Keypress: a
149.0945 	EXP 	Device response: <KeyPress from None: t=149.0119887, value=a, duration=0.07953390000000127>
149.5118 	EXP 	LDT_stim_text: autoDraw = True
149.5201 	EXP 	LDT_fix_text: autoDraw = False
150.1043 	EXP 	Device response: <KeyPress from None: t=150.10091500000001, value=l, duration=None>
150.1045 	EXP 	New trial (rep=0, index=101): <Trial 101 (101 in rep 0) data={'Task': 'LDT', 'TrialType': 'Target', 'Stimuli': 'stad', 'StimulusType': 'nonword', 'CorrectResponse': 'a', 'Trialnumb': 116, 'thisN': 101, 'thisTrialN': 101, 'thisRepN': 0}>
150.1125 	EXP 	LDT_fix_text: autoDraw = False
150.1125 	EXP 	LDT_stim_text: autoDraw = False
150.1125 	EXP 	LDT_break_text: autoDraw = False
150.1125 	EXP 	LDT_stim_text: height = np.float64(0.1)
150.1125 	EXP 	LDT_stim_text: height = np.float64(0.1)
150.1125 	EXP 	LDT_stim_text: height = np.float64(0.1)
150.1125 	EXP 	LDT_stim_text: text = 'stad'
150.1125 	EXP 	LDT_fix_text: autoDraw = True
150.1130 	DATA 	Keypress: l
150.1878 	EXP 	Device response: <KeyPress from None: t=150.10091500000001, value=l, duration=0.07923239999996667>
150.5962 	EXP 	LDT_stim_text: autoDraw = True
150.6045 	EXP 	LDT_fix_text: autoDraw = False
151.6559 	EXP 	Device response: <KeyPress from None: t=151.6527991, value=a, duration=None>
151.6562 	EXP 	New trial (rep=0, index=102): <Trial 102 (102 in rep 0) data={'Task': 'LDT', 'TrialType': 'Target', 'Stimuli': 'darb', 'StimulusType': 'nonword', 'CorrectResponse': 'a', 'Trialnumb': 134, 'thisN': 102, 'thisTrialN': 102, 'thisRepN': 0}>
151.6639 	EXP 	LDT_fix_text: autoDraw = False
151.6639 	EXP 	LDT_stim_text: autoDraw = False
151.6639 	EXP 	LDT_break_text: autoDraw = False
151.6639 	EXP 	LDT_stim_text: height = np.float64(0.1)
151.6639 	EXP 	LDT_stim_text: height = np.float64(0.1)
151.6639 	EXP 	LDT_stim_text: height = np.float64(0.1)
151.6639 	EXP 	LDT_stim_text: text = 'darb'
151.6639 	EXP 	LDT_fix_text: autoDraw = True
151.6645 	DATA 	Keypress: a
151.7476 	EXP 	Device response: <KeyPress from None: t=151.6527991, value=a, duration=0.08731729999999516>
152.1477 	EXP 	LDT_stim_text: autoDraw = True
152.1561 	EXP 	LDT_fix_text: autoDraw = False
153.4411 	EXP 	Device response: <KeyPress from None: t=153.4356058, value=a, duration=None>
153.4413 	EXP 	New trial (rep=0, index=103): <Trial 103 (103 in rep 0) data={'Task': 'LDT', 'TrialType': 'Target', 'Stimuli': 'last', 'StimulusType': 'word', 'CorrectResponse': 'l', 'Trialnumb': 11, 'thisN': 103, 'thisTrialN': 103, 'thisRepN': 0}>
153.4491 	EXP 	LDT_fix_text: autoDraw = False
153.4491 	EXP 	LDT_stim_text: autoDraw = False
153.4491 	EXP 	LDT_break_text: autoDraw = False
153.4491 	EXP 	LDT_stim_text: height = np.float64(0.1)
153.4491 	EXP 	LDT_stim_text: height = np.float64(0.1)
153.4491 	EXP 	LDT_stim_text: height = np.float64(0.1)
153.4491 	EXP 	LDT_stim_text: text = 'last'
153.4491 	EXP 	LDT_fix_text: autoDraw = True
153.4497 	DATA 	Keypress: a
153.5077 	EXP 	Device response: <KeyPress from None: t=153.4356058, value=a, duration=0.06432139999998299>
153.9329 	EXP 	LDT_stim_text: autoDraw = True
153.9412 	EXP 	LDT_fix_text: autoDraw = False
154.4836 	EXP 	Device response: <KeyPress from None: t=154.47618529999997, value=l, duration=None>
154.4838 	EXP 	New trial (rep=0, index=104): <Trial 104 (104 in rep 0) data={'Task': 'LDT', 'TrialType': 'Target', 'Stimuli': 'pack', 'StimulusType': 'word', 'CorrectResponse': 'l', 'Trialnumb': 76, 'thisN': 104, 'thisTrialN': 104, 'thisRepN': 0}>
154.4919 	EXP 	LDT_fix_text: autoDraw = False
154.4919 	EXP 	LDT_stim_text: autoDraw = False
154.4919 	EXP 	LDT_break_text: autoDraw = False
154.4919 	EXP 	LDT_stim_text: height = np.float64(0.1)
154.4919 	EXP 	LDT_stim_text: height = np.float64(0.1)
154.4919 	EXP 	LDT_stim_text: height = np.float64(0.1)
154.4919 	EXP 	LDT_stim_text: text = 'pack'
154.4919 	EXP 	LDT_fix_text: autoDraw = True
154.4924 	DATA 	Keypress: l
154.5838 	EXP 	Device response: <KeyPress from None: t=154.47618529999997, value=l, duration=0.10347080000002506>
154.9756 	EXP 	LDT_stim_text: autoDraw = True
154.9839 	EXP 	LDT_fix_text: autoDraw = False
155.5516 	EXP 	Device response: <KeyPress from None: t=155.5492776, value=l, duration=None>
155.5519 	EXP 	New trial (rep=0, index=105): <Trial 105 (105 in rep 0) data={'Task': 'LDT', 'TrialType': 'Target', 'Stimuli': 'kang', 'StimulusType': 'nonword', 'CorrectResponse': 'a', 'Trialnumb': 162, 'thisN': 105, 'thisTrialN': 105, 'thisRepN': 0}>
155.5595 	EXP 	LDT_fix_text: autoDraw = False
155.5595 	EXP 	LDT_stim_text: autoDraw = False
155.5595 	EXP 	LDT_break_text: autoDraw = False
155.5595 	EXP 	LDT_stim_text: height = np.float64(0.1)
155.5595 	EXP 	LDT_stim_text: height = np.float64(0.1)
155.5595 	EXP 	LDT_stim_text: height = np.float64(0.1)
155.5595 	EXP 	LDT_stim_text: text = 'kang'
155.5595 	EXP 	LDT_fix_text: autoDraw = True
155.5599 	DATA 	Keypress: l
155.6265 	EXP 	Device response: <KeyPress from None: t=155.5492776, value=l, duration=0.07177179999996497>
156.0433 	EXP 	LDT_stim_text: autoDraw = True
156.0516 	EXP 	LDT_fix_text: autoDraw = False
156.5942 	EXP 	Device response: <KeyPress from None: t=156.58760329999998, value=a, duration=None>
156.5944 	EXP 	New trial (rep=0, index=106): <Trial 106 (106 in rep 0) data={'Task': 'LDT', 'TrialType': 'Target', 'Stimuli': 'air', 'StimulusType': 'word', 'CorrectResponse': 'l', 'Trialnumb': 34, 'thisN': 106, 'thisTrialN': 106, 'thisRepN': 0}>
156.6022 	EXP 	LDT_fix_text: autoDraw = False
156.6022 	EXP 	LDT_stim_text: autoDraw = False
156.6022 	EXP 	LDT_break_text: autoDraw = False
156.6022 	EXP 	LDT_stim_text: height = np.float64(0.1)
156.6022 	EXP 	LDT_stim_text: height = np.float64(0.1)
156.6022 	EXP 	LDT_stim_text: height = np.float64(0.1)
156.6022 	EXP 	LDT_stim_text: text = 'air'
156.6022 	EXP 	LDT_fix_text: autoDraw = True
156.6027 	DATA 	Keypress: a
156.6609 	EXP 	Device response: <KeyPress from None: t=156.58760329999998, value=a, duration=0.0648830000000089>
157.0860 	EXP 	LDT_stim_text: autoDraw = True
157.0943 	EXP 	LDT_fix_text: autoDraw = False
157.6035 	EXP 	Device response: <KeyPress from None: t=157.595582, value=l, duration=None>
157.6037 	EXP 	New trial (rep=0, index=107): <Trial 107 (107 in rep 0) data={'Task': 'LDT', 'TrialType': 'Target', 'Stimuli': 'juck', 'StimulusType': 'nonword', 'CorrectResponse': 'a', 'Trialnumb': 161, 'thisN': 107, 'thisTrialN': 107, 'thisRepN': 0}>
157.6116 	EXP 	LDT_fix_text: autoDraw = False
157.6116 	EXP 	LDT_stim_text: autoDraw = False
157.6116 	EXP 	LDT_break_text: autoDraw = False
157.6116 	EXP 	LDT_stim_text: height = np.float64(0.1)
157.6116 	EXP 	LDT_stim_text: height = np.float64(0.1)
157.6116 	EXP 	LDT_stim_text: height = np.float64(0.1)
157.6116 	EXP 	LDT_stim_text: text = 'juck'
157.6116 	EXP 	LDT_fix_text: autoDraw = True
157.6121 	DATA 	Keypress: l
157.7202 	EXP 	Device response: <KeyPress from None: t=157.595582, value=l, duration=0.12064520000001266>
158.0953 	EXP 	LDT_stim_text: autoDraw = True
158.1037 	EXP 	LDT_fix_text: autoDraw = False
159.1888 	EXP 	Device response: <KeyPress from None: t=159.18859089999998, value=a, duration=None>
159.1969 	EXP 	New trial (rep=0, index=108): <Trial 108 (108 in rep 0) data={'Task': 'LDT', 'TrialType': 'Target', 'Stimuli': 'dass', 'StimulusType': 'nonword', 'CorrectResponse': 'a', 'Trialnumb': 135, 'thisN': 108, 'thisTrialN': 108, 'thisRepN': 0}>
159.1982 	DATA 	Keypress: a
159.2048 	EXP 	LDT_fix_text: autoDraw = False
159.2048 	EXP 	LDT_stim_text: autoDraw = False
159.2048 	EXP 	LDT_break_text: autoDraw = False
159.2048 	EXP 	LDT_stim_text: height = np.float64(0.1)
159.2048 	EXP 	LDT_stim_text: height = np.float64(0.1)
159.2048 	EXP 	LDT_stim_text: height = np.float64(0.1)
159.2048 	EXP 	LDT_stim_text: text = 'dass'
159.2048 	EXP 	LDT_fix_text: autoDraw = True
159.3385 	EXP 	Device response: <KeyPress from None: t=159.18859089999998, value=a, duration=0.14295789999999897>
159.6886 	EXP 	LDT_stim_text: autoDraw = True
159.6969 	EXP 	LDT_fix_text: autoDraw = False
160.3061 	EXP 	Device response: <KeyPress from None: t=160.30079909999998, value=a, duration=None>
160.3064 	EXP 	New trial (rep=0, index=109): <Trial 109 (109 in rep 0) data={'Task': 'LDT', 'TrialType': 'Target', 'Stimuli': 'toas', 'StimulusType': 'nonword', 'CorrectResponse': 'a', 'Trialnumb': 203, 'thisN': 109, 'thisTrialN': 109, 'thisRepN': 0}>
160.3142 	EXP 	LDT_fix_text: autoDraw = False
160.3142 	EXP 	LDT_stim_text: autoDraw = False
160.3142 	EXP 	LDT_break_text: autoDraw = False
160.3142 	EXP 	LDT_stim_text: height = np.float64(0.1)
160.3142 	EXP 	LDT_stim_text: height = np.float64(0.1)
160.3142 	EXP 	LDT_stim_text: height = np.float64(0.1)
160.3142 	EXP 	LDT_stim_text: text = 'toas'
160.3142 	EXP 	LDT_fix_text: autoDraw = True
160.3148 	DATA 	Keypress: a
160.3898 	EXP 	Device response: <KeyPress from None: t=160.30079909999998, value=a, duration=0.08669660000003887>
160.7980 	EXP 	LDT_stim_text: autoDraw = True
160.8064 	EXP 	LDT_fix_text: autoDraw = False
161.4906 	EXP 	Device response: <KeyPress from None: t=161.4840402, value=a, duration=None>
161.4909 	EXP 	New trial (rep=0, index=110): <Trial 110 (110 in rep 0) data={'Task': 'LDT', 'TrialType': 'Target', 'Stimuli': 'tight', 'StimulusType': 'word', 'CorrectResponse': 'l', 'Trialnumb': 74, 'thisN': 110, 'thisTrialN': 110, 'thisRepN': 0}>
161.4987 	EXP 	LDT_fix_text: autoDraw = False
161.4987 	EXP 	LDT_stim_text: autoDraw = False
161.4987 	EXP 	LDT_break_text: autoDraw = False
161.4987 	EXP 	LDT_stim_text: height = np.float64(0.1)
161.4987 	EXP 	LDT_stim_text: height = np.float64(0.1)
161.4987 	EXP 	LDT_stim_text: height = np.float64(0.1)
161.4987 	EXP 	LDT_stim_text: text = 'tight'
161.4987 	EXP 	LDT_fix_text: autoDraw = True
161.4992 	DATA 	Keypress: a
161.5575 	EXP 	Device response: <KeyPress from None: t=161.4840402, value=a, duration=0.07181879999995999>
161.9825 	EXP 	LDT_stim_text: autoDraw = True
161.9909 	EXP 	LDT_fix_text: autoDraw = False
162.5250 	EXP 	Device response: <KeyPress from None: t=162.5168566, value=l, duration=None>
162.5253 	EXP 	New trial (rep=0, index=111): <Trial 111 (111 in rep 0) data={'Task': 'LDT', 'TrialType': 'Target', 'Stimuli': 'vead', 'StimulusType': 'nonword', 'CorrectResponse': 'a', 'Trialnumb': 210, 'thisN': 111, 'thisTrialN': 111, 'thisRepN': 0}>
162.5266 	DATA 	Keypress: l
162.5331 	EXP 	LDT_fix_text: autoDraw = False
162.5331 	EXP 	LDT_stim_text: autoDraw = False
162.5331 	EXP 	LDT_break_text: autoDraw = False
162.5331 	EXP 	LDT_stim_text: height = np.float64(0.1)
162.5331 	EXP 	LDT_stim_text: height = np.float64(0.1)
162.5331 	EXP 	LDT_stim_text: height = np.float64(0.1)
162.5331 	EXP 	LDT_stim_text: text = 'vead'
162.5331 	EXP 	LDT_fix_text: autoDraw = True
162.6169 	EXP 	Device response: <KeyPress from None: t=162.5168566, value=l, duration=0.0950563000000102>
163.0169 	EXP 	LDT_stim_text: autoDraw = True
163.0252 	EXP 	LDT_fix_text: autoDraw = False
163.6178 	EXP 	Device response: <KeyPress from None: t=163.6120587, value=a, duration=None>
163.6180 	EXP 	New trial (rep=0, index=112): <Trial 112 (112 in rep 0) data={'Task': 'LDT', 'TrialType': 'Target', 'Stimuli': 'anto', 'StimulusType': 'nonword', 'CorrectResponse': 'a', 'Trialnumb': 117, 'thisN': 112, 'thisTrialN': 112, 'thisRepN': 0}>
163.6258 	EXP 	LDT_fix_text: autoDraw = False
163.6258 	EXP 	LDT_stim_text: autoDraw = False
163.6258 	EXP 	LDT_break_text: autoDraw = False
163.6258 	EXP 	LDT_stim_text: height = np.float64(0.1)
163.6258 	EXP 	LDT_stim_text: height = np.float64(0.1)
163.6258 	EXP 	LDT_stim_text: height = np.float64(0.1)
163.6258 	EXP 	LDT_stim_text: text = 'anto'
163.6258 	EXP 	LDT_fix_text: autoDraw = True
163.6264 	DATA 	Keypress: a
163.7012 	EXP 	Device response: <KeyPress from None: t=163.6120587, value=a, duration=0.08757109999999102>
164.1097 	EXP 	LDT_stim_text: autoDraw = True
164.1180 	EXP 	LDT_fix_text: autoDraw = False
164.7189 	EXP 	Device response: <KeyPress from None: t=164.71642949999998, value=a, duration=None>
164.7192 	EXP 	New trial (rep=0, index=113): <Trial 113 (113 in rep 0) data={'Task': 'LDT', 'TrialType': 'Target', 'Stimuli': 'under', 'StimulusType': 'word', 'CorrectResponse': 'l', 'Trialnumb': 39, 'thisN': 113, 'thisTrialN': 113, 'thisRepN': 0}>
164.7269 	EXP 	LDT_fix_text: autoDraw = False
164.7269 	EXP 	LDT_stim_text: autoDraw = False
164.7269 	EXP 	LDT_break_text: autoDraw = False
164.7269 	EXP 	LDT_stim_text: height = np.float64(0.1)
164.7269 	EXP 	LDT_stim_text: height = np.float64(0.1)
164.7269 	EXP 	LDT_stim_text: height = np.float64(0.1)
164.7269 	EXP 	LDT_stim_text: text = 'under'
164.7269 	EXP 	LDT_fix_text: autoDraw = True
164.7274 	DATA 	Keypress: a
164.8107 	EXP 	Device response: <KeyPress from None: t=164.71642949999998, value=a, duration=0.08896640000000389>
165.2107 	EXP 	LDT_stim_text: autoDraw = True
165.2191 	EXP 	LDT_fix_text: autoDraw = False
165.7199 	EXP 	Device response: <KeyPress from None: t=165.716302, value=l, duration=None>
165.7202 	EXP 	New trial (rep=0, index=114): <Trial 114 (114 in rep 0) data={'Task': 'LDT', 'TrialType': 'Target', 'Stimuli': 'news', 'StimulusType': 'word', 'CorrectResponse': 'l', 'Trialnumb': 45, 'thisN': 114, 'thisTrialN': 114, 'thisRepN': 0}>
165.7279 	EXP 	LDT_fix_text: autoDraw = False
165.7279 	EXP 	LDT_stim_text: autoDraw = False
165.7279 	EXP 	LDT_break_text: autoDraw = False
165.7279 	EXP 	LDT_stim_text: height = np.float64(0.1)
165.7279 	EXP 	LDT_stim_text: height = np.float64(0.1)
165.7279 	EXP 	LDT_stim_text: height = np.float64(0.1)
165.7279 	EXP 	LDT_stim_text: text = 'news'
165.7279 	EXP 	LDT_fix_text: autoDraw = True
165.7285 	DATA 	Keypress: l
165.8033 	EXP 	Device response: <KeyPress from None: t=165.716302, value=l, duration=0.07962899999995443>
166.2117 	EXP 	LDT_stim_text: autoDraw = True
166.2201 	EXP 	LDT_fix_text: autoDraw = False
166.7876 	EXP 	Device response: <KeyPress from None: t=166.78008809999997, value=a, duration=None>
166.7878 	EXP 	New trial (rep=0, index=115): <Trial 115 (115 in rep 0) data={'Task': 'LDT', 'TrialType': 'Target', 'Stimuli': 'coss', 'StimulusType': 'nonword', 'CorrectResponse': 'a', 'Trialnumb': 133, 'thisN': 115, 'thisTrialN': 115, 'thisRepN': 0}>
166.7957 	EXP 	LDT_fix_text: autoDraw = False
166.7957 	EXP 	LDT_stim_text: autoDraw = False
166.7957 	EXP 	LDT_break_text: autoDraw = False
166.7957 	EXP 	LDT_stim_text: height = np.float64(0.1)
166.7957 	EXP 	LDT_stim_text: height = np.float64(0.1)
166.7957 	EXP 	LDT_stim_text: height = np.float64(0.1)
166.7957 	EXP 	LDT_stim_text: text = 'coss'
166.7957 	EXP 	LDT_fix_text: autoDraw = True
166.7962 	DATA 	Keypress: a
166.8627 	EXP 	Device response: <KeyPress from None: t=166.78008809999997, value=a, duration=0.08001100000001315>
167.2795 	EXP 	LDT_stim_text: autoDraw = True
167.2878 	EXP 	LDT_fix_text: autoDraw = False
168.2057 	EXP 	Device response: <KeyPress from None: t=168.20367660000002, value=a, duration=None>
168.2060 	EXP 	New trial (rep=0, index=116): <Trial 116 (116 in rep 0) data={'Task': 'LDT', 'TrialType': 'Target', 'Stimuli': 'raise', 'StimulusType': 'word', 'CorrectResponse': 'l', 'Trialnumb': 73, 'thisN': 116, 'thisTrialN': 116, 'thisRepN': 0}>
168.2137 	EXP 	LDT_fix_text: autoDraw = False
168.2137 	EXP 	LDT_stim_text: autoDraw = False
168.2137 	EXP 	LDT_break_text: autoDraw = False
168.2137 	EXP 	LDT_stim_text: height = np.float64(0.1)
168.2137 	EXP 	LDT_stim_text: height = np.float64(0.1)
168.2137 	EXP 	LDT_stim_text: height = np.float64(0.1)
168.2137 	EXP 	LDT_stim_text: text = 'raise'
168.2137 	EXP 	LDT_fix_text: autoDraw = True
168.2142 	DATA 	Keypress: a
168.2892 	EXP 	Device response: <KeyPress from None: t=168.20367660000002, value=a, duration=0.07980829999996786>
168.6976 	EXP 	LDT_stim_text: autoDraw = True
168.7063 	EXP 	LDT_fix_text: autoDraw = False
169.1901 	EXP 	Device response: <KeyPress from None: t=169.1880032, value=l, duration=None>
169.1903 	EXP 	New trial (rep=0, index=117): <Trial 117 (117 in rep 0) data={'Task': 'LDT', 'TrialType': 'Target', 'Stimuli': 'plan', 'StimulusType': 'word', 'CorrectResponse': 'l', 'Trialnumb': 53, 'thisN': 117, 'thisTrialN': 117, 'thisRepN': 0}>
169.1981 	EXP 	LDT_fix_text: autoDraw = False
169.1981 	EXP 	LDT_stim_text: autoDraw = False
169.1981 	EXP 	LDT_break_text: autoDraw = False
169.1981 	EXP 	LDT_stim_text: height = np.float64(0.1)
169.1981 	EXP 	LDT_stim_text: height = np.float64(0.1)
169.1981 	EXP 	LDT_stim_text: height = np.float64(0.1)
169.1981 	EXP 	LDT_stim_text: text = 'plan'
169.1981 	EXP 	LDT_fix_text: autoDraw = True
169.1986 	DATA 	Keypress: l
169.2984 	EXP 	Device response: <KeyPress from None: t=169.1880032, value=l, duration=0.10430250000001706>
169.6819 	EXP 	LDT_stim_text: autoDraw = True
169.6902 	EXP 	LDT_fix_text: autoDraw = False
170.1660 	EXP 	Device response: <KeyPress from None: t=170.16523329999998, value=l, duration=None>
170.1662 	EXP 	New trial (rep=0, index=118): <Trial 118 (118 in rep 0) data={'Task': 'LDT', 'TrialType': 'Target', 'Stimuli': 'cona', 'StimulusType': 'nonword', 'CorrectResponse': 'a', 'Trialnumb': 132, 'thisN': 118, 'thisTrialN': 118, 'thisRepN': 0}>
170.1742 	EXP 	LDT_fix_text: autoDraw = False
170.1742 	EXP 	LDT_stim_text: autoDraw = False
170.1742 	EXP 	LDT_break_text: autoDraw = False
170.1742 	EXP 	LDT_stim_text: height = np.float64(0.1)
170.1742 	EXP 	LDT_stim_text: height = np.float64(0.1)
170.1742 	EXP 	LDT_stim_text: height = np.float64(0.1)
170.1742 	EXP 	LDT_stim_text: text = 'cona'
170.1742 	EXP 	LDT_fix_text: autoDraw = True
170.1748 	DATA 	Keypress: l
170.2413 	EXP 	Device response: <KeyPress from None: t=170.16523329999998, value=l, duration=0.07113720000000967>
170.6578 	EXP 	LDT_stim_text: autoDraw = True
170.6662 	EXP 	LDT_fix_text: autoDraw = False
171.5842 	EXP 	Device response: <KeyPress from None: t=171.57996119999999, value=a, duration=None>
171.5844 	EXP 	New trial (rep=0, index=119): <Trial 119 (119 in rep 0) data={'Task': 'LDT', 'TrialType': 'Target', 'Stimuli': 'side', 'StimulusType': 'word', 'CorrectResponse': 'l', 'Trialnumb': 48, 'thisN': 119, 'thisTrialN': 119, 'thisRepN': 0}>
171.5922 	EXP 	LDT_fix_text: autoDraw = False
171.5922 	EXP 	LDT_stim_text: autoDraw = False
171.5922 	EXP 	LDT_break_text: autoDraw = False
171.5922 	EXP 	LDT_stim_text: height = np.float64(0.1)
171.5922 	EXP 	LDT_stim_text: height = np.float64(0.1)
171.5922 	EXP 	LDT_stim_text: height = np.float64(0.1)
171.5922 	EXP 	LDT_stim_text: text = 'side'
171.5922 	EXP 	LDT_fix_text: autoDraw = True
171.5928 	DATA 	Keypress: a
171.6758 	EXP 	Device response: <KeyPress from None: t=171.57996119999999, value=a, duration=0.08825310000003128>
172.0759 	EXP 	LDT_stim_text: autoDraw = True
172.0842 	EXP 	LDT_fix_text: autoDraw = False
172.5433 	EXP 	Device response: <KeyPress from None: t=172.53987199999997, value=l, duration=None>
172.5514 	EXP 	LDT_fix_text: autoDraw = False
172.5514 	EXP 	LDT_stim_text: autoDraw = False
172.5514 	EXP 	LDT_break_text: autoDraw = True
172.5520 	DATA 	Keypress: l
172.6435 	EXP 	Device response: <KeyPress from None: t=172.53987199999997, value=l, duration=0.09635530000002746>
173.7946 	EXP 	Device response: <KeyPress from None: t=173.788349, value=space, duration=None>
173.7948 	EXP 	New trial (rep=0, index=120): <Trial 120 (120 in rep 0) data={'Task': 'LDT', 'TrialType': 'Target', 'Stimuli': 'gord', 'StimulusType': 'nonword', 'CorrectResponse': 'a', 'Trialnumb': 148, 'thisN': 120, 'thisTrialN': 120, 'thisRepN': 0}>
173.8026 	EXP 	LDT_break_text: autoDraw = False
173.8026 	EXP 	LDT_stim_text: height = np.float64(0.1)
173.8026 	EXP 	LDT_stim_text: height = np.float64(0.1)
173.8026 	EXP 	LDT_stim_text: height = np.float64(0.1)
173.8026 	EXP 	LDT_stim_text: text = 'gord'
173.8026 	EXP 	LDT_fix_text: autoDraw = True
173.8032 	DATA 	Keypress: space
173.8781 	EXP 	Device response: <KeyPress from None: t=173.788349, value=space, duration=0.08770549999997002>
174.2865 	EXP 	LDT_stim_text: autoDraw = True
174.2948 	EXP 	LDT_fix_text: autoDraw = False
175.7549 	EXP 	Device response: <KeyPress from None: t=175.7483506, value=l, duration=None>
175.7552 	EXP 	New trial (rep=0, index=121): <Trial 121 (121 in rep 0) data={'Task': 'LDT', 'TrialType': 'Target', 'Stimuli': 'down', 'StimulusType': 'word', 'CorrectResponse': 'l', 'Trialnumb': 9, 'thisN': 121, 'thisTrialN': 121, 'thisRepN': 0}>
175.7630 	EXP 	LDT_fix_text: autoDraw = False
175.7630 	EXP 	LDT_stim_text: autoDraw = False
175.7630 	EXP 	LDT_break_text: autoDraw = False
175.7630 	EXP 	LDT_stim_text: height = np.float64(0.1)
175.7630 	EXP 	LDT_stim_text: height = np.float64(0.1)
175.7630 	EXP 	LDT_stim_text: height = np.float64(0.1)
175.7630 	EXP 	LDT_stim_text: text = 'down'
175.7630 	EXP 	LDT_fix_text: autoDraw = True
175.7636 	DATA 	Keypress: l
175.8300 	EXP 	Device response: <KeyPress from None: t=175.7483506, value=l, duration=0.08047399999998106>
176.2468 	EXP 	LDT_stim_text: autoDraw = True
176.2551 	EXP 	LDT_fix_text: autoDraw = False
177.2898 	EXP 	Device response: <KeyPress from None: t=177.28420859999997, value=l, duration=None>
177.2900 	EXP 	New trial (rep=0, index=122): <Trial 122 (122 in rep 0) data={'Task': 'LDT', 'TrialType': 'Target', 'Stimuli': 'art', 'StimulusType': 'word', 'CorrectResponse': 'l', 'Trialnumb': 15, 'thisN': 122, 'thisTrialN': 122, 'thisRepN': 0}>
177.2978 	EXP 	LDT_fix_text: autoDraw = False
177.2978 	EXP 	LDT_stim_text: autoDraw = False
177.2978 	EXP 	LDT_break_text: autoDraw = False
177.2978 	EXP 	LDT_stim_text: height = np.float64(0.1)
177.2978 	EXP 	LDT_stim_text: height = np.float64(0.1)
177.2978 	EXP 	LDT_stim_text: height = np.float64(0.1)
177.2978 	EXP 	LDT_stim_text: text = 'art'
177.2978 	EXP 	LDT_fix_text: autoDraw = True
177.2985 	DATA 	Keypress: l
177.3482 	EXP 	Device response: <KeyPress from None: t=177.28420859999997, value=l, duration=0.06327800000002526>
177.7816 	EXP 	LDT_stim_text: autoDraw = True
177.7899 	EXP 	LDT_fix_text: autoDraw = False
178.8246 	EXP 	Device response: <KeyPress from None: t=178.81949269999998, value=l, duration=None>
178.8248 	EXP 	New trial (rep=0, index=123): <Trial 123 (123 in rep 0) data={'Task': 'LDT', 'TrialType': 'Target', 'Stimuli': 'trin', 'StimulusType': 'nonword', 'CorrectResponse': 'a', 'Trialnumb': 207, 'thisN': 123, 'thisTrialN': 123, 'thisRepN': 0}>
178.8326 	EXP 	LDT_fix_text: autoDraw = False
178.8326 	EXP 	LDT_stim_text: autoDraw = False
178.8326 	EXP 	LDT_break_text: autoDraw = False
178.8326 	EXP 	LDT_stim_text: height = np.float64(0.1)
178.8326 	EXP 	LDT_stim_text: height = np.float64(0.1)
178.8326 	EXP 	LDT_stim_text: height = np.float64(0.1)
178.8326 	EXP 	LDT_stim_text: text = 'trin'
178.8326 	EXP 	LDT_fix_text: autoDraw = True
178.8332 	DATA 	Keypress: l
178.8496 	EXP 	Device response: <KeyPress from None: t=178.8443187, value=semicolon, duration=None>
178.8582 	DATA 	Keypress: semicolon
178.8830 	EXP 	Device response: <KeyPress from None: t=178.8443187, value=semicolon, duration=0.03129089999998769>
178.9247 	EXP 	Device response: <KeyPress from None: t=178.81949269999998, value=l, duration=0.09692940000002181>
179.3165 	EXP 	LDT_stim_text: autoDraw = True
179.3248 	EXP 	LDT_fix_text: autoDraw = False
180.0592 	EXP 	Device response: <KeyPress from None: t=180.0521767, value=a, duration=None>
180.0595 	EXP 	New trial (rep=0, index=124): <Trial 124 (124 in rep 0) data={'Task': 'LDT', 'TrialType': 'Target', 'Stimuli': 'sad', 'StimulusType': 'word', 'CorrectResponse': 'l', 'Trialnumb': 69, 'thisN': 124, 'thisTrialN': 124, 'thisRepN': 0}>
180.0672 	EXP 	LDT_fix_text: autoDraw = False
180.0672 	EXP 	LDT_stim_text: autoDraw = False
180.0672 	EXP 	LDT_break_text: autoDraw = False
180.0672 	EXP 	LDT_stim_text: height = np.float64(0.1)
180.0672 	EXP 	LDT_stim_text: height = np.float64(0.1)
180.0672 	EXP 	LDT_stim_text: height = np.float64(0.1)
180.0672 	EXP 	LDT_stim_text: text = 'sad'
180.0672 	EXP 	LDT_fix_text: autoDraw = True
180.0678 	DATA 	Keypress: a
180.1259 	EXP 	Device response: <KeyPress from None: t=180.0521767, value=a, duration=0.0721465999999964>
180.5510 	EXP 	LDT_stim_text: autoDraw = True
180.5594 	EXP 	LDT_fix_text: autoDraw = False
181.3521 	EXP 	Device response: <KeyPress from None: t=181.3479338, value=l, duration=None>
181.3524 	EXP 	New trial (rep=0, index=125): <Trial 125 (125 in rep 0) data={'Task': 'LDT', 'TrialType': 'Target', 'Stimuli': 'blue', 'StimulusType': 'word', 'CorrectResponse': 'l', 'Trialnumb': 57, 'thisN': 125, 'thisTrialN': 125, 'thisRepN': 0}>
181.3603 	EXP 	LDT_fix_text: autoDraw = False
181.3603 	EXP 	LDT_stim_text: autoDraw = False
181.3603 	EXP 	LDT_break_text: autoDraw = False
181.3603 	EXP 	LDT_stim_text: height = np.float64(0.1)
181.3603 	EXP 	LDT_stim_text: height = np.float64(0.1)
181.3603 	EXP 	LDT_stim_text: height = np.float64(0.1)
181.3603 	EXP 	LDT_stim_text: text = 'blue'
181.3603 	EXP 	LDT_fix_text: autoDraw = True
181.3608 	DATA 	Keypress: l
181.4189 	EXP 	Device response: <KeyPress from None: t=181.3479338, value=l, duration=0.06439280000000736>
181.8440 	EXP 	LDT_stim_text: autoDraw = True
181.8523 	EXP 	LDT_fix_text: autoDraw = False
182.3032 	EXP 	Device response: <KeyPress from None: t=182.3000496, value=l, duration=None>
182.3035 	EXP 	New trial (rep=0, index=126): <Trial 126 (126 in rep 0) data={'Task': 'LDT', 'TrialType': 'Target', 'Stimuli': 'plue', 'StimulusType': 'nonword', 'CorrectResponse': 'a', 'Trialnumb': 181, 'thisN': 126, 'thisTrialN': 126, 'thisRepN': 0}>
182.3111 	EXP 	LDT_fix_text: autoDraw = False
182.3111 	EXP 	LDT_stim_text: autoDraw = False
182.3111 	EXP 	LDT_break_text: autoDraw = False
182.3111 	EXP 	LDT_stim_text: height = np.float64(0.1)
182.3111 	EXP 	LDT_stim_text: height = np.float64(0.1)
182.3111 	EXP 	LDT_stim_text: height = np.float64(0.1)
182.3111 	EXP 	LDT_stim_text: text = 'plue'
182.3111 	EXP 	LDT_fix_text: autoDraw = True
182.3116 	DATA 	Keypress: l
182.3618 	EXP 	Device response: <KeyPress from None: t=182.3000496, value=l, duration=0.055951699999980065>
182.7949 	EXP 	LDT_stim_text: autoDraw = True
182.8033 	EXP 	LDT_fix_text: autoDraw = False
183.4126 	EXP 	Device response: <KeyPress from None: t=183.404276, value=a, duration=None>
183.4128 	EXP 	New trial (rep=0, index=127): <Trial 127 (127 in rep 0) data={'Task': 'LDT', 'TrialType': 'Target', 'Stimuli': 'water', 'StimulusType': 'word', 'CorrectResponse': 'l', 'Trialnumb': 3, 'thisN': 127, 'thisTrialN': 127, 'thisRepN': 0}>
183.4142 	DATA 	Keypress: a
183.4207 	EXP 	LDT_fix_text: autoDraw = False
183.4207 	EXP 	LDT_stim_text: autoDraw = False
183.4207 	EXP 	LDT_break_text: autoDraw = False
183.4207 	EXP 	LDT_stim_text: height = np.float64(0.1)
183.4207 	EXP 	LDT_stim_text: height = np.float64(0.1)
183.4207 	EXP 	LDT_stim_text: height = np.float64(0.1)
183.4207 	EXP 	LDT_stim_text: text = 'water'
183.4207 	EXP 	LDT_fix_text: autoDraw = True
183.4877 	EXP 	Device response: <KeyPress from None: t=183.404276, value=a, duration=0.08019639999997707>
183.9044 	EXP 	LDT_stim_text: autoDraw = True
183.9127 	EXP 	LDT_fix_text: autoDraw = False
184.4219 	EXP 	Device response: <KeyPress from None: t=184.420762, value=l, duration=None>
184.4221 	EXP 	New trial (rep=0, index=128): <Trial 128 (128 in rep 0) data={'Task': 'LDT', 'TrialType': 'Target', 'Stimuli': 'trick', 'StimulusType': 'word', 'CorrectResponse': 'l', 'Trialnumb': 75, 'thisN': 128, 'thisTrialN': 128, 'thisRepN': 0}>
184.4299 	EXP 	LDT_fix_text: autoDraw = False
184.4299 	EXP 	LDT_stim_text: autoDraw = False
184.4299 	EXP 	LDT_break_text: autoDraw = False
184.4299 	EXP 	LDT_stim_text: height = np.float64(0.1)
184.4299 	EXP 	LDT_stim_text: height = np.float64(0.1)
184.4299 	EXP 	LDT_stim_text: height = np.float64(0.1)
184.4299 	EXP 	LDT_stim_text: text = 'trick'
184.4299 	EXP 	LDT_fix_text: autoDraw = True
184.4305 	DATA 	Keypress: l
184.5052 	EXP 	Device response: <KeyPress from None: t=184.420762, value=l, duration=0.07883010000000468>
184.9137 	EXP 	LDT_stim_text: autoDraw = True
184.9220 	EXP 	LDT_fix_text: autoDraw = False
185.7898 	EXP 	Device response: <KeyPress from None: t=185.7876725, value=l, duration=None>
185.7901 	EXP 	New trial (rep=0, index=129): <Trial 129 (129 in rep 0) data={'Task': 'LDT', 'TrialType': 'Target', 'Stimuli': 'name', 'StimulusType': 'word', 'CorrectResponse': 'l', 'Trialnumb': 32, 'thisN': 129, 'thisTrialN': 129, 'thisRepN': 0}>
185.7981 	EXP 	LDT_fix_text: autoDraw = False
185.7981 	EXP 	LDT_stim_text: autoDraw = False
185.7981 	EXP 	LDT_break_text: autoDraw = False
185.7981 	EXP 	LDT_stim_text: height = np.float64(0.1)
185.7981 	EXP 	LDT_stim_text: height = np.float64(0.1)
185.7981 	EXP 	LDT_stim_text: height = np.float64(0.1)
185.7981 	EXP 	LDT_stim_text: text = 'name'
185.7981 	EXP 	LDT_fix_text: autoDraw = True
185.7985 	DATA 	Keypress: l
185.8567 	EXP 	Device response: <KeyPress from None: t=185.7876725, value=l, duration=0.06391320000000178>
186.2817 	EXP 	LDT_stim_text: autoDraw = True
186.2901 	EXP 	LDT_fix_text: autoDraw = False
186.7160 	EXP 	Device response: <KeyPress from None: t=186.71560300000002, value=l, duration=None>
186.7162 	EXP 	New trial (rep=0, index=130): <Trial 130 (130 in rep 0) data={'Task': 'LDT', 'TrialType': 'Target', 'Stimuli': 'year', 'StimulusType': 'word', 'CorrectResponse': 'l', 'Trialnumb': 10, 'thisN': 130, 'thisTrialN': 130, 'thisRepN': 0}>
186.7240 	EXP 	LDT_fix_text: autoDraw = False
186.7240 	EXP 	LDT_stim_text: autoDraw = False
186.7240 	EXP 	LDT_break_text: autoDraw = False
186.7240 	EXP 	LDT_stim_text: height = np.float64(0.1)
186.7240 	EXP 	LDT_stim_text: height = np.float64(0.1)
186.7240 	EXP 	LDT_stim_text: height = np.float64(0.1)
186.7240 	EXP 	LDT_stim_text: text = 'year'
186.7240 	EXP 	LDT_fix_text: autoDraw = True
186.7245 	DATA 	Keypress: l
186.7909 	EXP 	Device response: <KeyPress from None: t=186.71560300000002, value=l, duration=0.07273659999998472>
187.2077 	EXP 	LDT_stim_text: autoDraw = True
187.2160 	EXP 	LDT_fix_text: autoDraw = False
187.6584 	EXP 	Device response: <KeyPress from None: t=187.65184150000002, value=l, duration=None>
187.6586 	EXP 	New trial (rep=0, index=131): <Trial 131 (131 in rep 0) data={'Task': 'LDT', 'TrialType': 'Target', 'Stimuli': 'gaft', 'StimulusType': 'nonword', 'CorrectResponse': 'a', 'Trialnumb': 144, 'thisN': 131, 'thisTrialN': 131, 'thisRepN': 0}>
187.6665 	EXP 	LDT_fix_text: autoDraw = False
187.6665 	EXP 	LDT_stim_text: autoDraw = False
187.6665 	EXP 	LDT_break_text: autoDraw = False
187.6665 	EXP 	LDT_stim_text: height = np.float64(0.1)
187.6665 	EXP 	LDT_stim_text: height = np.float64(0.1)
187.6665 	EXP 	LDT_stim_text: height = np.float64(0.1)
187.6665 	EXP 	LDT_stim_text: text = 'gaft'
187.6665 	EXP 	LDT_fix_text: autoDraw = True
187.6670 	DATA 	Keypress: l
187.7335 	EXP 	Device response: <KeyPress from None: t=187.65184150000002, value=l, duration=0.08044250000000375>
188.1503 	EXP 	LDT_stim_text: autoDraw = True
188.1586 	EXP 	LDT_fix_text: autoDraw = False
188.7178 	EXP 	Device response: <KeyPress from None: t=188.7164933, value=a, duration=None>
188.7180 	EXP 	New trial (rep=0, index=132): <Trial 132 (132 in rep 0) data={'Task': 'LDT', 'TrialType': 'Target', 'Stimuli': 'live', 'StimulusType': 'word', 'CorrectResponse': 'l', 'Trialnumb': 24, 'thisN': 132, 'thisTrialN': 132, 'thisRepN': 0}>
188.7258 	EXP 	LDT_fix_text: autoDraw = False
188.7258 	EXP 	LDT_stim_text: autoDraw = False
188.7258 	EXP 	LDT_break_text: autoDraw = False
188.7258 	EXP 	LDT_stim_text: height = np.float64(0.1)
188.7258 	EXP 	LDT_stim_text: height = np.float64(0.1)
188.7258 	EXP 	LDT_stim_text: height = np.float64(0.1)
188.7258 	EXP 	LDT_stim_text: text = 'live'
188.7258 	EXP 	LDT_fix_text: autoDraw = True
188.7263 	DATA 	Keypress: a
188.7845 	EXP 	Device response: <KeyPress from None: t=188.7164933, value=a, duration=0.0634307999999919>
189.2097 	EXP 	LDT_stim_text: autoDraw = True
189.2180 	EXP 	LDT_fix_text: autoDraw = False
189.6938 	EXP 	Device response: <KeyPress from None: t=189.6915086, value=l, duration=None>
189.6940 	EXP 	New trial (rep=0, index=133): <Trial 133 (133 in rep 0) data={'Task': 'LDT', 'TrialType': 'Target', 'Stimuli': 'crap', 'StimulusType': 'word', 'CorrectResponse': 'l', 'Trialnumb': 70, 'thisN': 133, 'thisTrialN': 133, 'thisRepN': 0}>
189.7019 	EXP 	LDT_fix_text: autoDraw = False
189.7019 	EXP 	LDT_stim_text: autoDraw = False
189.7019 	EXP 	LDT_break_text: autoDraw = False
189.7019 	EXP 	LDT_stim_text: height = np.float64(0.1)
189.7019 	EXP 	LDT_stim_text: height = np.float64(0.1)
189.7019 	EXP 	LDT_stim_text: height = np.float64(0.1)
189.7019 	EXP 	LDT_stim_text: text = 'crap'
189.7019 	EXP 	LDT_fix_text: autoDraw = True
189.7024 	DATA 	Keypress: l
189.7855 	EXP 	Device response: <KeyPress from None: t=189.6915086, value=l, duration=0.08861910000001672>
190.1856 	EXP 	LDT_stim_text: autoDraw = True
190.1940 	EXP 	LDT_fix_text: autoDraw = False
191.4121 	EXP 	Device response: <KeyPress from None: t=191.4038894, value=a, duration=None>
191.4124 	EXP 	New trial (rep=0, index=134): <Trial 134 (134 in rep 0) data={'Task': 'LDT', 'TrialType': 'Target', 'Stimuli': 'rear', 'StimulusType': 'word', 'CorrectResponse': 'l', 'Trialnumb': 110, 'thisN': 134, 'thisTrialN': 134, 'thisRepN': 0}>
191.4202 	EXP 	LDT_fix_text: autoDraw = False
191.4202 	EXP 	LDT_stim_text: autoDraw = False
191.4202 	EXP 	LDT_break_text: autoDraw = False
191.4202 	EXP 	LDT_stim_text: height = np.float64(0.1)
191.4202 	EXP 	LDT_stim_text: height = np.float64(0.1)
191.4202 	EXP 	LDT_stim_text: height = np.float64(0.1)
191.4202 	EXP 	LDT_stim_text: text = 'rear'
191.4202 	EXP 	LDT_fix_text: autoDraw = True
191.4208 	DATA 	Keypress: a
191.4789 	EXP 	Device response: <KeyPress from None: t=191.4038894, value=a, duration=0.07167909999998301>
191.9040 	EXP 	LDT_stim_text: autoDraw = True
191.9125 	EXP 	LDT_fix_text: autoDraw = False
192.7718 	EXP 	Device response: <KeyPress from None: t=192.76443149999997, value=l, duration=None>
192.7721 	EXP 	New trial (rep=0, index=135): <Trial 135 (135 in rep 0) data={'Task': 'LDT', 'TrialType': 'Target', 'Stimuli': 'saos', 'StimulusType': 'nonword', 'CorrectResponse': 'a', 'Trialnumb': 115, 'thisN': 135, 'thisTrialN': 135, 'thisRepN': 0}>
192.7799 	EXP 	LDT_fix_text: autoDraw = False
192.7799 	EXP 	LDT_stim_text: autoDraw = False
192.7799 	EXP 	LDT_break_text: autoDraw = False
192.7799 	EXP 	LDT_stim_text: height = np.float64(0.1)
192.7799 	EXP 	LDT_stim_text: height = np.float64(0.1)
192.7799 	EXP 	LDT_stim_text: height = np.float64(0.1)
192.7799 	EXP 	LDT_stim_text: text = 'saos'
192.7799 	EXP 	LDT_fix_text: autoDraw = True
192.7805 	DATA 	Keypress: l
192.8470 	EXP 	Device response: <KeyPress from None: t=192.76443149999997, value=l, duration=0.07980220000001736>
193.2637 	EXP 	LDT_stim_text: autoDraw = True
193.2720 	EXP 	LDT_fix_text: autoDraw = False
194.0731 	EXP 	Device response: <KeyPress from None: t=194.06791009999998, value=a, duration=None>
194.0734 	EXP 	New trial (rep=0, index=136): <Trial 136 (136 in rep 0) data={'Task': 'LDT', 'TrialType': 'Target', 'Stimuli': 'talm', 'StimulusType': 'nonword', 'CorrectResponse': 'a', 'Trialnumb': 202, 'thisN': 136, 'thisTrialN': 136, 'thisRepN': 0}>
194.0813 	EXP 	LDT_fix_text: autoDraw = False
194.0813 	EXP 	LDT_stim_text: autoDraw = False
194.0813 	EXP 	LDT_break_text: autoDraw = False
194.0813 	EXP 	LDT_stim_text: height = np.float64(0.1)
194.0813 	EXP 	LDT_stim_text: height = np.float64(0.1)
194.0813 	EXP 	LDT_stim_text: height = np.float64(0.1)
194.0813 	EXP 	LDT_stim_text: text = 'talm'
194.0813 	EXP 	LDT_fix_text: autoDraw = True
194.0819 	DATA 	Keypress: a
194.1649 	EXP 	Device response: <KeyPress from None: t=194.06791009999998, value=a, duration=0.09601710000004005>
194.5650 	EXP 	LDT_stim_text: autoDraw = True
194.5734 	EXP 	LDT_fix_text: autoDraw = False
195.5329 	EXP 	Device response: <KeyPress from None: t=195.53171, value=a, duration=None>
195.5332 	EXP 	New trial (rep=0, index=137): <Trial 137 (137 in rep 0) data={'Task': 'LDT', 'TrialType': 'Target', 'Stimuli': 'rorn', 'StimulusType': 'nonword', 'CorrectResponse': 'a', 'Trialnumb': 185, 'thisN': 137, 'thisTrialN': 137, 'thisRepN': 0}>
195.5410 	EXP 	LDT_fix_text: autoDraw = False
195.5410 	EXP 	LDT_stim_text: autoDraw = False
195.5410 	EXP 	LDT_break_text: autoDraw = False
195.5410 	EXP 	LDT_stim_text: height = np.float64(0.1)
195.5410 	EXP 	LDT_stim_text: height = np.float64(0.1)
195.5410 	EXP 	LDT_stim_text: height = np.float64(0.1)
195.5410 	EXP 	LDT_stim_text: text = 'rorn'
195.5410 	EXP 	LDT_fix_text: autoDraw = True
195.5416 	DATA 	Keypress: a
195.6247 	EXP 	Device response: <KeyPress from None: t=195.53171, value=a, duration=0.08838170000001355>
196.0253 	EXP 	LDT_stim_text: autoDraw = True
196.0331 	EXP 	LDT_fix_text: autoDraw = False
196.6173 	EXP 	Device response: <KeyPress from None: t=196.6121591, value=a, duration=None>
196.6176 	EXP 	New trial (rep=0, index=138): <Trial 138 (138 in rep 0) data={'Task': 'LDT', 'TrialType': 'Target', 'Stimuli': 'high', 'StimulusType': 'word', 'CorrectResponse': 'l', 'Trialnumb': 16, 'thisN': 138, 'thisTrialN': 138, 'thisRepN': 0}>
196.6254 	EXP 	LDT_fix_text: autoDraw = False
196.6254 	EXP 	LDT_stim_text: autoDraw = False
196.6254 	EXP 	LDT_break_text: autoDraw = False
196.6254 	EXP 	LDT_stim_text: height = np.float64(0.1)
196.6254 	EXP 	LDT_stim_text: height = np.float64(0.1)
196.6254 	EXP 	LDT_stim_text: height = np.float64(0.1)
196.6254 	EXP 	LDT_stim_text: text = 'high'
196.6254 	EXP 	LDT_fix_text: autoDraw = True
196.6259 	DATA 	Keypress: a
196.7091 	EXP 	Device response: <KeyPress from None: t=196.6121591, value=a, duration=0.09575009999997519>
197.1092 	EXP 	LDT_stim_text: autoDraw = True
197.1179 	EXP 	LDT_fix_text: autoDraw = False
197.5266 	EXP 	Device response: <KeyPress from None: t=197.5244268, value=l, duration=None>
197.5269 	EXP 	New trial (rep=0, index=139): <Trial 139 (139 in rep 0) data={'Task': 'LDT', 'TrialType': 'Target', 'Stimuli': 'space', 'StimulusType': 'word', 'CorrectResponse': 'l', 'Trialnumb': 30, 'thisN': 139, 'thisTrialN': 139, 'thisRepN': 0}>
197.5346 	EXP 	LDT_fix_text: autoDraw = False
197.5346 	EXP 	LDT_stim_text: autoDraw = False
197.5346 	EXP 	LDT_break_text: autoDraw = False
197.5346 	EXP 	LDT_stim_text: height = np.float64(0.1)
197.5346 	EXP 	LDT_stim_text: height = np.float64(0.1)
197.5346 	EXP 	LDT_stim_text: height = np.float64(0.1)
197.5346 	EXP 	LDT_stim_text: text = 'space'
197.5346 	EXP 	LDT_fix_text: autoDraw = True
197.5352 	DATA 	Keypress: l
197.6267 	EXP 	Device response: <KeyPress from None: t=197.5244268, value=l, duration=0.09607690000001412>
198.0185 	EXP 	LDT_stim_text: autoDraw = True
198.0268 	EXP 	LDT_fix_text: autoDraw = False
198.5025 	EXP 	Device response: <KeyPress from None: t=198.50045300000002, value=l, duration=None>
198.5028 	EXP 	New trial (rep=0, index=140): <Trial 140 (140 in rep 0) data={'Task': 'LDT', 'TrialType': 'Target', 'Stimuli': 'work', 'StimulusType': 'word', 'CorrectResponse': 'l', 'Trialnumb': 1, 'thisN': 140, 'thisTrialN': 140, 'thisRepN': 0}>
198.5106 	EXP 	LDT_fix_text: autoDraw = False
198.5106 	EXP 	LDT_stim_text: autoDraw = False
198.5106 	EXP 	LDT_break_text: autoDraw = False
198.5106 	EXP 	LDT_stim_text: height = np.float64(0.1)
198.5106 	EXP 	LDT_stim_text: height = np.float64(0.1)
198.5106 	EXP 	LDT_stim_text: height = np.float64(0.1)
198.5106 	EXP 	LDT_stim_text: text = 'work'
198.5106 	EXP 	LDT_fix_text: autoDraw = True
198.5111 	DATA 	Keypress: l
198.5692 	EXP 	Device response: <KeyPress from None: t=198.50045300000002, value=l, duration=0.06325869999994893>
198.9944 	EXP 	LDT_stim_text: autoDraw = True
199.0028 	EXP 	LDT_fix_text: autoDraw = False
199.3701 	EXP 	Device response: <KeyPress from None: t=199.3644052, value=l, duration=None>
199.3703 	EXP 	New trial (rep=0, index=141): <Trial 141 (141 in rep 0) data={'Task': 'LDT', 'TrialType': 'Target', 'Stimuli': 'team', 'StimulusType': 'word', 'CorrectResponse': 'l', 'Trialnumb': 23, 'thisN': 141, 'thisTrialN': 141, 'thisRepN': 0}>
199.3781 	EXP 	LDT_fix_text: autoDraw = False
199.3781 	EXP 	LDT_stim_text: autoDraw = False
199.3781 	EXP 	LDT_break_text: autoDraw = False
199.3781 	EXP 	LDT_stim_text: height = np.float64(0.1)
199.3781 	EXP 	LDT_stim_text: height = np.float64(0.1)
199.3781 	EXP 	LDT_stim_text: height = np.float64(0.1)
199.3781 	EXP 	LDT_stim_text: text = 'team'
199.3781 	EXP 	LDT_fix_text: autoDraw = True
199.3786 	DATA 	Keypress: l
199.4535 	EXP 	Device response: <KeyPress from None: t=199.3644052, value=l, duration=0.08801319999997759>
199.8619 	EXP 	LDT_stim_text: autoDraw = True
199.8703 	EXP 	LDT_fix_text: autoDraw = False
200.4045 	EXP 	Device response: <KeyPress from None: t=200.40393079999998, value=l, duration=None>
200.4047 	EXP 	New trial (rep=0, index=142): <Trial 142 (142 in rep 0) data={'Task': 'LDT', 'TrialType': 'Target', 'Stimuli': 'sere', 'StimulusType': 'nonword', 'CorrectResponse': 'a', 'Trialnumb': 190, 'thisN': 142, 'thisTrialN': 142, 'thisRepN': 0}>
200.4125 	EXP 	LDT_fix_text: autoDraw = False
200.4125 	EXP 	LDT_stim_text: autoDraw = False
200.4125 	EXP 	LDT_break_text: autoDraw = False
200.4125 	EXP 	LDT_stim_text: height = np.float64(0.1)
200.4125 	EXP 	LDT_stim_text: height = np.float64(0.1)
200.4125 	EXP 	LDT_stim_text: height = np.float64(0.1)
200.4125 	EXP 	LDT_stim_text: text = 'sere'
200.4125 	EXP 	LDT_fix_text: autoDraw = True
200.4130 	DATA 	Keypress: l
200.4795 	EXP 	Device response: <KeyPress from None: t=200.40393079999998, value=l, duration=0.0718335000000252>
200.8963 	EXP 	LDT_stim_text: autoDraw = True
200.9047 	EXP 	LDT_fix_text: autoDraw = False
201.4305 	EXP 	Device response: <KeyPress from None: t=201.4283341, value=a, duration=None>
201.4307 	EXP 	New trial (rep=0, index=143): <Trial 143 (143 in rep 0) data={'Task': 'LDT', 'TrialType': 'Target', 'Stimuli': 'left', 'StimulusType': 'word', 'CorrectResponse': 'l', 'Trialnumb': 27, 'thisN': 143, 'thisTrialN': 143, 'thisRepN': 0}>
201.4386 	EXP 	LDT_fix_text: autoDraw = False
201.4386 	EXP 	LDT_stim_text: autoDraw = False
201.4386 	EXP 	LDT_break_text: autoDraw = False
201.4386 	EXP 	LDT_stim_text: height = np.float64(0.1)
201.4386 	EXP 	LDT_stim_text: height = np.float64(0.1)
201.4386 	EXP 	LDT_stim_text: height = np.float64(0.1)
201.4386 	EXP 	LDT_stim_text: text = 'left'
201.4386 	EXP 	LDT_fix_text: autoDraw = True
201.4391 	DATA 	Keypress: a
201.4892 	EXP 	Device response: <KeyPress from None: t=201.4283341, value=a, duration=0.056787900000017544>
201.9224 	EXP 	LDT_stim_text: autoDraw = True
201.9307 	EXP 	LDT_fix_text: autoDraw = False
202.2980 	EXP 	Device response: <KeyPress from None: t=202.29319689999997, value=l, duration=None>
202.2982 	EXP 	New trial (rep=0, index=144): <Trial 144 (144 in rep 0) data={'Task': 'LDT', 'TrialType': 'Target', 'Stimuli': 'pahe', 'StimulusType': 'nonword', 'CorrectResponse': 'a', 'Trialnumb': 178, 'thisN': 144, 'thisTrialN': 144, 'thisRepN': 0}>
202.3060 	EXP 	LDT_fix_text: autoDraw = False
202.3060 	EXP 	LDT_stim_text: autoDraw = False
202.3060 	EXP 	LDT_break_text: autoDraw = False
202.3060 	EXP 	LDT_stim_text: height = np.float64(0.1)
202.3060 	EXP 	LDT_stim_text: height = np.float64(0.1)
202.3060 	EXP 	LDT_stim_text: height = np.float64(0.1)
202.3060 	EXP 	LDT_stim_text: text = 'pahe'
202.3060 	EXP 	LDT_fix_text: autoDraw = True
202.3066 	DATA 	Keypress: l
202.3648 	EXP 	Device response: <KeyPress from None: t=202.29319689999997, value=l, duration=0.07119950000003428>
202.7899 	EXP 	LDT_stim_text: autoDraw = True
202.7982 	EXP 	LDT_fix_text: autoDraw = False
203.2906 	EXP 	Device response: <KeyPress from None: t=203.28411450000002, value=a, duration=None>
203.2909 	EXP 	New trial (rep=0, index=145): <Trial 145 (145 in rep 0) data={'Task': 'LDT', 'TrialType': 'Target', 'Stimuli': 'toop', 'StimulusType': 'nonword', 'CorrectResponse': 'a', 'Trialnumb': 204, 'thisN': 145, 'thisTrialN': 145, 'thisRepN': 0}>
203.2987 	EXP 	LDT_fix_text: autoDraw = False
203.2987 	EXP 	LDT_stim_text: autoDraw = False
203.2987 	EXP 	LDT_break_text: autoDraw = False
203.2987 	EXP 	LDT_stim_text: height = np.float64(0.1)
203.2987 	EXP 	LDT_stim_text: height = np.float64(0.1)
203.2987 	EXP 	LDT_stim_text: height = np.float64(0.1)
203.2987 	EXP 	LDT_stim_text: text = 'toop'
203.2987 	EXP 	LDT_fix_text: autoDraw = True
203.2991 	DATA 	Keypress: a
203.3574 	EXP 	Device response: <KeyPress from None: t=203.28411450000002, value=a, duration=0.0718358999999964>
203.7825 	EXP 	LDT_stim_text: autoDraw = True
203.7911 	EXP 	LDT_fix_text: autoDraw = False
204.4084 	EXP 	Device response: <KeyPress from None: t=204.40404600000002, value=a, duration=None>
204.4087 	EXP 	New trial (rep=0, index=146): <Trial 146 (146 in rep 0) data={'Task': 'LDT', 'TrialType': 'Target', 'Stimuli': 'nind', 'StimulusType': 'nonword', 'CorrectResponse': 'a', 'Trialnumb': 177, 'thisN': 146, 'thisTrialN': 146, 'thisRepN': 0}>
204.4166 	EXP 	LDT_fix_text: autoDraw = False
204.4166 	EXP 	LDT_stim_text: autoDraw = False
204.4166 	EXP 	LDT_break_text: autoDraw = False
204.4166 	EXP 	LDT_stim_text: height = np.float64(0.1)
204.4166 	EXP 	LDT_stim_text: height = np.float64(0.1)
204.4166 	EXP 	LDT_stim_text: height = np.float64(0.1)
204.4166 	EXP 	LDT_stim_text: text = 'nind'
204.4166 	EXP 	LDT_fix_text: autoDraw = True
204.4172 	DATA 	Keypress: a
204.4835 	EXP 	Device response: <KeyPress from None: t=204.40404600000002, value=a, duration=0.07190839999998389>
204.9003 	EXP 	LDT_stim_text: autoDraw = True
204.9086 	EXP 	LDT_fix_text: autoDraw = False
205.6931 	EXP 	Device response: <KeyPress from None: t=205.69152549999998, value=a, duration=None>
205.6933 	EXP 	New trial (rep=0, index=147): <Trial 147 (147 in rep 0) data={'Task': 'LDT', 'TrialType': 'Target', 'Stimuli': 'mears', 'StimulusType': 'nonword', 'CorrectResponse': 'a', 'Trialnumb': 172, 'thisN': 147, 'thisTrialN': 147, 'thisRepN': 0}>
205.7011 	EXP 	LDT_fix_text: autoDraw = False
205.7011 	EXP 	LDT_stim_text: autoDraw = False
205.7011 	EXP 	LDT_break_text: autoDraw = False
205.7011 	EXP 	LDT_stim_text: height = np.float64(0.1)
205.7011 	EXP 	LDT_stim_text: height = np.float64(0.1)
205.7011 	EXP 	LDT_stim_text: height = np.float64(0.1)
205.7011 	EXP 	LDT_stim_text: text = 'mears'
205.7011 	EXP 	LDT_fix_text: autoDraw = True
205.7016 	DATA 	Keypress: a
205.7514 	EXP 	Device response: <KeyPress from None: t=205.69152549999998, value=a, duration=0.056917699999985416>
206.1849 	EXP 	LDT_stim_text: autoDraw = True
206.1933 	EXP 	LDT_fix_text: autoDraw = False
206.7101 	EXP 	Device response: <KeyPress from None: t=206.70759359999997, value=a, duration=None>
206.7104 	EXP 	New trial (rep=0, index=148): <Trial 148 (148 in rep 0) data={'Task': 'LDT', 'TrialType': 'Target', 'Stimuli': 'kire', 'StimulusType': 'nonword', 'CorrectResponse': 'a', 'Trialnumb': 166, 'thisN': 148, 'thisTrialN': 148, 'thisRepN': 0}>
206.7182 	EXP 	LDT_fix_text: autoDraw = False
206.7182 	EXP 	LDT_stim_text: autoDraw = False
206.7182 	EXP 	LDT_break_text: autoDraw = False
206.7182 	EXP 	LDT_stim_text: height = np.float64(0.1)
206.7182 	EXP 	LDT_stim_text: height = np.float64(0.1)
206.7182 	EXP 	LDT_stim_text: height = np.float64(0.1)
206.7182 	EXP 	LDT_stim_text: text = 'kire'
206.7182 	EXP 	LDT_fix_text: autoDraw = True
206.7188 	DATA 	Keypress: a
206.7943 	EXP 	Device response: <KeyPress from None: t=206.70759359999997, value=a, duration=0.08015870000002678>
207.2020 	EXP 	LDT_stim_text: autoDraw = True
207.2103 	EXP 	LDT_fix_text: autoDraw = False
207.6777 	EXP 	Device response: <KeyPress from None: t=207.67625769999998, value=a, duration=None>
207.6779 	EXP 	New trial (rep=0, index=149): <Trial 149 (149 in rep 0) data={'Task': 'LDT', 'TrialType': 'Target', 'Stimuli': 'seon', 'StimulusType': 'nonword', 'CorrectResponse': 'a', 'Trialnumb': 189, 'thisN': 149, 'thisTrialN': 149, 'thisRepN': 0}>
207.6858 	EXP 	LDT_fix_text: autoDraw = False
207.6858 	EXP 	LDT_stim_text: autoDraw = False
207.6858 	EXP 	LDT_break_text: autoDraw = False
207.6858 	EXP 	LDT_stim_text: height = np.float64(0.1)
207.6858 	EXP 	LDT_stim_text: height = np.float64(0.1)
207.6858 	EXP 	LDT_stim_text: height = np.float64(0.1)
207.6858 	EXP 	LDT_stim_text: text = 'seon'
207.6858 	EXP 	LDT_fix_text: autoDraw = True
207.6863 	DATA 	Keypress: a
207.7695 	EXP 	Device response: <KeyPress from None: t=207.67625769999998, value=a, duration=0.08797020000002931>
208.1696 	EXP 	LDT_stim_text: autoDraw = True
208.1780 	EXP 	LDT_fix_text: autoDraw = False
208.6621 	EXP 	Device response: <KeyPress from None: t=208.66006989999997, value=a, duration=None>
208.6623 	EXP 	New trial (rep=0, index=150): <Trial 150 (150 in rep 0) data={'Task': 'LDT', 'TrialType': 'Target', 'Stimuli': 'berm', 'StimulusType': 'nonword', 'CorrectResponse': 'a', 'Trialnumb': 121, 'thisN': 150, 'thisTrialN': 150, 'thisRepN': 0}>
208.6702 	EXP 	LDT_fix_text: autoDraw = False
208.6702 	EXP 	LDT_stim_text: autoDraw = False
208.6702 	EXP 	LDT_break_text: autoDraw = False
208.6702 	EXP 	LDT_stim_text: height = np.float64(0.1)
208.6702 	EXP 	LDT_stim_text: height = np.float64(0.1)
208.6702 	EXP 	LDT_stim_text: height = np.float64(0.1)
208.6702 	EXP 	LDT_stim_text: text = 'berm'
208.6702 	EXP 	LDT_fix_text: autoDraw = True
208.6707 	DATA 	Keypress: a
208.7371 	EXP 	Device response: <KeyPress from None: t=208.66006989999997, value=a, duration=0.07156510000004346>
209.1540 	EXP 	LDT_stim_text: autoDraw = True
209.1623 	EXP 	LDT_fix_text: autoDraw = False
209.5970 	EXP 	Device response: <KeyPress from None: t=209.5964858, value=a, duration=None>
209.5972 	EXP 	New trial (rep=0, index=151): <Trial 151 (151 in rep 0) data={'Task': 'LDT', 'TrialType': 'Target', 'Stimuli': 'yeep', 'StimulusType': 'nonword', 'CorrectResponse': 'a', 'Trialnumb': 219, 'thisN': 151, 'thisTrialN': 151, 'thisRepN': 0}>
209.6050 	EXP 	LDT_fix_text: autoDraw = False
209.6050 	EXP 	LDT_stim_text: autoDraw = False
209.6050 	EXP 	LDT_break_text: autoDraw = False
209.6050 	EXP 	LDT_stim_text: height = np.float64(0.1)
209.6050 	EXP 	LDT_stim_text: height = np.float64(0.1)
209.6050 	EXP 	LDT_stim_text: height = np.float64(0.1)
209.6050 	EXP 	LDT_stim_text: text = 'yeep'
209.6050 	EXP 	LDT_fix_text: autoDraw = True
209.6056 	DATA 	Keypress: a
209.6720 	EXP 	Device response: <KeyPress from None: t=209.5964858, value=a, duration=0.07180790000001025>
210.0888 	EXP 	LDT_stim_text: autoDraw = True
210.0971 	EXP 	LDT_fix_text: autoDraw = False
210.4978 	EXP 	Device response: <KeyPress from None: t=210.49185129999998, value=a, duration=None>
210.4981 	EXP 	New trial (rep=0, index=152): <Trial 152 (152 in rep 0) data={'Task': 'LDT', 'TrialType': 'Target', 'Stimuli': 'long', 'StimulusType': 'word', 'CorrectResponse': 'l', 'Trialnumb': 6, 'thisN': 152, 'thisTrialN': 152, 'thisRepN': 0}>
210.5059 	EXP 	LDT_fix_text: autoDraw = False
210.5059 	EXP 	LDT_stim_text: autoDraw = False
210.5059 	EXP 	LDT_break_text: autoDraw = False
210.5059 	EXP 	LDT_stim_text: height = np.float64(0.1)
210.5059 	EXP 	LDT_stim_text: height = np.float64(0.1)
210.5059 	EXP 	LDT_stim_text: height = np.float64(0.1)
210.5059 	EXP 	LDT_stim_text: text = 'long'
210.5059 	EXP 	LDT_fix_text: autoDraw = True
210.5064 	DATA 	Keypress: a
210.5896 	EXP 	Device response: <KeyPress from None: t=210.49185129999998, value=a, duration=0.09670099999999593>
210.9897 	EXP 	LDT_stim_text: autoDraw = True
210.9980 	EXP 	LDT_fix_text: autoDraw = False
211.5490 	EXP 	Device response: <KeyPress from None: t=211.54853669999997, value=l, duration=None>
211.5493 	EXP 	New trial (rep=0, index=153): <Trial 153 (153 in rep 0) data={'Task': 'LDT', 'TrialType': 'Target', 'Stimuli': 'stort', 'StimulusType': 'nonword', 'CorrectResponse': 'a', 'Trialnumb': 201, 'thisN': 153, 'thisTrialN': 153, 'thisRepN': 0}>
211.5569 	EXP 	LDT_fix_text: autoDraw = False
211.5569 	EXP 	LDT_stim_text: autoDraw = False
211.5569 	EXP 	LDT_break_text: autoDraw = False
211.5569 	EXP 	LDT_stim_text: height = np.float64(0.1)
211.5569 	EXP 	LDT_stim_text: height = np.float64(0.1)
211.5569 	EXP 	LDT_stim_text: height = np.float64(0.1)
211.5569 	EXP 	LDT_stim_text: text = 'stort'
211.5569 	EXP 	LDT_fix_text: autoDraw = True
211.5575 	DATA 	Keypress: l
211.6406 	EXP 	Device response: <KeyPress from None: t=211.54853669999997, value=l, duration=0.08859010000003309>
212.0408 	EXP 	LDT_stim_text: autoDraw = True
212.0491 	EXP 	LDT_fix_text: autoDraw = False
213.3507 	EXP 	Device response: <KeyPress from None: t=213.3476401, value=a, duration=None>
213.3509 	EXP 	New trial (rep=0, index=154): <Trial 154 (154 in rep 0) data={'Task': 'LDT', 'TrialType': 'Target', 'Stimuli': 'sish', 'StimulusType': 'nonword', 'CorrectResponse': 'a', 'Trialnumb': 193, 'thisN': 154, 'thisTrialN': 154, 'thisRepN': 0}>
213.3587 	EXP 	LDT_fix_text: autoDraw = False
213.3587 	EXP 	LDT_stim_text: autoDraw = False
213.3587 	EXP 	LDT_break_text: autoDraw = False
213.3587 	EXP 	LDT_stim_text: height = np.float64(0.1)
213.3587 	EXP 	LDT_stim_text: height = np.float64(0.1)
213.3587 	EXP 	LDT_stim_text: height = np.float64(0.1)
213.3587 	EXP 	LDT_stim_text: text = 'sish'
213.3587 	EXP 	LDT_fix_text: autoDraw = True
213.3592 	DATA 	Keypress: a
213.4257 	EXP 	Device response: <KeyPress from None: t=213.3476401, value=a, duration=0.07201529999997547>
213.8425 	EXP 	LDT_stim_text: autoDraw = True
213.8509 	EXP 	LDT_fix_text: autoDraw = False
214.3683 	EXP 	Device response: <KeyPress from None: t=214.36381679999997, value=a, duration=None>
214.3686 	EXP 	New trial (rep=0, index=155): <Trial 155 (155 in rep 0) data={'Task': 'LDT', 'TrialType': 'Target', 'Stimuli': 'club', 'StimulusType': 'word', 'CorrectResponse': 'l', 'Trialnumb': 64, 'thisN': 155, 'thisTrialN': 155, 'thisRepN': 0}>
214.3764 	EXP 	LDT_fix_text: autoDraw = False
214.3764 	EXP 	LDT_stim_text: autoDraw = False
214.3764 	EXP 	LDT_break_text: autoDraw = False
214.3764 	EXP 	LDT_stim_text: height = np.float64(0.1)
214.3764 	EXP 	LDT_stim_text: height = np.float64(0.1)
214.3764 	EXP 	LDT_stim_text: height = np.float64(0.1)
214.3764 	EXP 	LDT_stim_text: text = 'club'
214.3764 	EXP 	LDT_fix_text: autoDraw = True
214.3769 	DATA 	Keypress: a
214.4435 	EXP 	Device response: <KeyPress from None: t=214.36381679999997, value=a, duration=0.07230060000000549>
214.8603 	EXP 	LDT_stim_text: autoDraw = True
214.8686 	EXP 	LDT_fix_text: autoDraw = False
215.5863 	EXP 	Device response: <KeyPress from None: t=215.5797861, value=l, duration=None>
215.5865 	EXP 	New trial (rep=0, index=156): <Trial 156 (156 in rep 0) data={'Task': 'LDT', 'TrialType': 'Target', 'Stimuli': 'wost', 'StimulusType': 'nonword', 'CorrectResponse': 'a', 'Trialnumb': 217, 'thisN': 156, 'thisTrialN': 156, 'thisRepN': 0}>
215.5943 	EXP 	LDT_fix_text: autoDraw = False
215.5943 	EXP 	LDT_stim_text: autoDraw = False
215.5943 	EXP 	LDT_break_text: autoDraw = False
215.5943 	EXP 	LDT_stim_text: height = np.float64(0.1)
215.5943 	EXP 	LDT_stim_text: height = np.float64(0.1)
215.5943 	EXP 	LDT_stim_text: height = np.float64(0.1)
215.5943 	EXP 	LDT_stim_text: text = 'wost'
215.5943 	EXP 	LDT_fix_text: autoDraw = True
215.5948 	DATA 	Keypress: l
215.6696 	EXP 	Device response: <KeyPress from None: t=215.5797861, value=l, duration=0.08865589999999202>
216.0781 	EXP 	LDT_stim_text: autoDraw = True
216.0864 	EXP 	LDT_fix_text: autoDraw = False
216.7207 	EXP 	Device response: <KeyPress from None: t=216.71691029999997, value=a, duration=None>
216.7209 	EXP 	New trial (rep=0, index=157): <Trial 157 (157 in rep 0) data={'Task': 'LDT', 'TrialType': 'Target', 'Stimuli': 'reach', 'StimulusType': 'word', 'CorrectResponse': 'l', 'Trialnumb': 72, 'thisN': 157, 'thisTrialN': 157, 'thisRepN': 0}>
216.7288 	EXP 	LDT_fix_text: autoDraw = False
216.7288 	EXP 	LDT_stim_text: autoDraw = False
216.7288 	EXP 	LDT_break_text: autoDraw = False
216.7288 	EXP 	LDT_stim_text: height = np.float64(0.1)
216.7288 	EXP 	LDT_stim_text: height = np.float64(0.1)
216.7288 	EXP 	LDT_stim_text: height = np.float64(0.1)
216.7288 	EXP 	LDT_stim_text: text = 'reach'
216.7288 	EXP 	LDT_fix_text: autoDraw = True
216.7293 	DATA 	Keypress: a
216.7874 	EXP 	Device response: <KeyPress from None: t=216.71691029999997, value=a, duration=0.06333750000004557>
217.2126 	EXP 	LDT_stim_text: autoDraw = True
217.2209 	EXP 	LDT_fix_text: autoDraw = False
217.6968 	EXP 	Device response: <KeyPress from None: t=217.6932806, value=l, duration=None>
217.6970 	EXP 	New trial (rep=0, index=158): <Trial 158 (158 in rep 0) data={'Task': 'LDT', 'TrialType': 'Target', 'Stimuli': 'jeed', 'StimulusType': 'nonword', 'CorrectResponse': 'a', 'Trialnumb': 158, 'thisN': 158, 'thisTrialN': 158, 'thisRepN': 0}>
217.7049 	EXP 	LDT_fix_text: autoDraw = False
217.7049 	EXP 	LDT_stim_text: autoDraw = False
217.7049 	EXP 	LDT_break_text: autoDraw = False
217.7049 	EXP 	LDT_stim_text: height = np.float64(0.1)
217.7049 	EXP 	LDT_stim_text: height = np.float64(0.1)
217.7049 	EXP 	LDT_stim_text: height = np.float64(0.1)
217.7049 	EXP 	LDT_stim_text: text = 'jeed'
217.7049 	EXP 	LDT_fix_text: autoDraw = True
217.7054 	DATA 	Keypress: l
217.7717 	EXP 	Device response: <KeyPress from None: t=217.6932806, value=l, duration=0.0709406999999942>
218.1885 	EXP 	LDT_stim_text: autoDraw = True
218.1969 	EXP 	LDT_fix_text: autoDraw = False
218.9479 	EXP 	Device response: <KeyPress from None: t=218.9398565, value=a, duration=None>
218.9482 	EXP 	New trial (rep=0, index=159): <Trial 159 (159 in rep 0) data={'Task': 'LDT', 'TrialType': 'Target', 'Stimuli': 'lay', 'StimulusType': 'word', 'CorrectResponse': 'l', 'Trialnumb': 71, 'thisN': 159, 'thisTrialN': 159, 'thisRepN': 0}>
218.9560 	EXP 	LDT_fix_text: autoDraw = False
218.9560 	EXP 	LDT_stim_text: autoDraw = False
218.9560 	EXP 	LDT_break_text: autoDraw = False
218.9560 	EXP 	LDT_stim_text: height = np.float64(0.1)
218.9560 	EXP 	LDT_stim_text: height = np.float64(0.1)
218.9560 	EXP 	LDT_stim_text: height = np.float64(0.1)
218.9560 	EXP 	LDT_stim_text: text = 'lay'
218.9560 	EXP 	LDT_fix_text: autoDraw = True
218.9565 	DATA 	Keypress: a
219.0397 	EXP 	Device response: <KeyPress from None: t=218.9398565, value=a, duration=0.0964448999999945>
219.4398 	EXP 	LDT_stim_text: autoDraw = True
219.4481 	EXP 	LDT_fix_text: autoDraw = False
219.8989 	EXP 	Device response: <KeyPress from None: t=219.89211980000002, value=l, duration=None>
219.8991 	EXP 	New trial (rep=0, index=160): <Trial 160 (160 in rep 0) data={'Task': 'LDT', 'TrialType': 'Target', 'Stimuli': 'sloy', 'StimulusType': 'nonword', 'CorrectResponse': 'a', 'Trialnumb': 194, 'thisN': 160, 'thisTrialN': 160, 'thisRepN': 0}>
219.9069 	EXP 	LDT_fix_text: autoDraw = False
219.9069 	EXP 	LDT_stim_text: autoDraw = False
219.9069 	EXP 	LDT_break_text: autoDraw = False
219.9069 	EXP 	LDT_stim_text: height = np.float64(0.1)
219.9069 	EXP 	LDT_stim_text: height = np.float64(0.1)
219.9069 	EXP 	LDT_stim_text: height = np.float64(0.1)
219.9069 	EXP 	LDT_stim_text: text = 'sloy'
219.9069 	EXP 	LDT_fix_text: autoDraw = True
219.9074 	DATA 	Keypress: l
219.9656 	EXP 	Device response: <KeyPress from None: t=219.89211980000002, value=l, duration=0.07217979999995805>
220.3907 	EXP 	LDT_stim_text: autoDraw = True
220.3991 	EXP 	LDT_fix_text: autoDraw = False
221.0083 	EXP 	Device response: <KeyPress from None: t=221.0035814, value=a, duration=None>
221.0085 	EXP 	New trial (rep=0, index=161): <Trial 161 (161 in rep 0) data={'Task': 'LDT', 'TrialType': 'Target', 'Stimuli': 'serve', 'StimulusType': 'word', 'CorrectResponse': 'l', 'Trialnumb': 80, 'thisN': 161, 'thisTrialN': 161, 'thisRepN': 0}>
221.0164 	EXP 	LDT_fix_text: autoDraw = False
221.0164 	EXP 	LDT_stim_text: autoDraw = False
221.0164 	EXP 	LDT_break_text: autoDraw = False
221.0164 	EXP 	LDT_stim_text: height = np.float64(0.1)
221.0164 	EXP 	LDT_stim_text: height = np.float64(0.1)
221.0164 	EXP 	LDT_stim_text: height = np.float64(0.1)
221.0164 	EXP 	LDT_stim_text: text = 'serve'
221.0164 	EXP 	LDT_fix_text: autoDraw = True
221.0170 	DATA 	Keypress: a
221.1084 	EXP 	Device response: <KeyPress from None: t=221.0035814, value=a, duration=0.10432709999997769>
221.5002 	EXP 	LDT_stim_text: autoDraw = True
221.5085 	EXP 	LDT_fix_text: autoDraw = False
222.2178 	EXP 	Device response: <KeyPress from None: t=222.21265049999997, value=l, duration=None>
222.2181 	EXP 	New trial (rep=0, index=162): <Trial 162 (162 in rep 0) data={'Task': 'LDT', 'TrialType': 'Target', 'Stimuli': 'neep', 'StimulusType': 'nonword', 'CorrectResponse': 'a', 'Trialnumb': 176, 'thisN': 162, 'thisTrialN': 162, 'thisRepN': 0}>
222.2260 	EXP 	LDT_fix_text: autoDraw = False
222.2260 	EXP 	LDT_stim_text: autoDraw = False
222.2260 	EXP 	LDT_break_text: autoDraw = False
222.2260 	EXP 	LDT_stim_text: height = np.float64(0.1)
222.2260 	EXP 	LDT_stim_text: height = np.float64(0.1)
222.2260 	EXP 	LDT_stim_text: height = np.float64(0.1)
222.2260 	EXP 	LDT_stim_text: text = 'neep'
222.2260 	EXP 	LDT_fix_text: autoDraw = True
222.2266 	DATA 	Keypress: l
222.2764 	EXP 	Device response: <KeyPress from None: t=222.21265049999997, value=l, duration=0.06343850000001794>
222.7097 	EXP 	LDT_stim_text: autoDraw = True
222.7180 	EXP 	LDT_fix_text: autoDraw = False
223.3274 	EXP 	Device response: <KeyPress from None: t=223.32404549999998, value=a, duration=None>
223.3277 	EXP 	New trial (rep=0, index=163): <Trial 163 (163 in rep 0) data={'Task': 'LDT', 'TrialType': 'Target', 'Stimuli': 'biss', 'StimulusType': 'nonword', 'CorrectResponse': 'a', 'Trialnumb': 123, 'thisN': 163, 'thisTrialN': 163, 'thisRepN': 0}>
223.3353 	EXP 	LDT_fix_text: autoDraw = False
223.3353 	EXP 	LDT_stim_text: autoDraw = False
223.3353 	EXP 	LDT_break_text: autoDraw = False
223.3353 	EXP 	LDT_stim_text: height = np.float64(0.1)
223.3353 	EXP 	LDT_stim_text: height = np.float64(0.1)
223.3353 	EXP 	LDT_stim_text: height = np.float64(0.1)
223.3353 	EXP 	LDT_stim_text: text = 'biss'
223.3353 	EXP 	LDT_fix_text: autoDraw = True
223.3358 	DATA 	Keypress: a
223.4191 	EXP 	Device response: <KeyPress from None: t=223.32404549999998, value=a, duration=0.08788370000002033>
223.8191 	EXP 	LDT_stim_text: autoDraw = True
223.8275 	EXP 	LDT_fix_text: autoDraw = False
224.4534 	EXP 	Device response: <KeyPress from None: t=224.451804, value=a, duration=None>
224.4536 	EXP 	New trial (rep=0, index=164): <Trial 164 (164 in rep 0) data={'Task': 'LDT', 'TrialType': 'Target', 'Stimuli': 'kild', 'StimulusType': 'nonword', 'CorrectResponse': 'a', 'Trialnumb': 165, 'thisN': 164, 'thisTrialN': 164, 'thisRepN': 0}>
224.4616 	EXP 	LDT_fix_text: autoDraw = False
224.4616 	EXP 	LDT_stim_text: autoDraw = False
224.4616 	EXP 	LDT_break_text: autoDraw = False
224.4616 	EXP 	LDT_stim_text: height = np.float64(0.1)
224.4616 	EXP 	LDT_stim_text: height = np.float64(0.1)
224.4616 	EXP 	LDT_stim_text: height = np.float64(0.1)
224.4616 	EXP 	LDT_stim_text: text = 'kild'
224.4616 	EXP 	LDT_fix_text: autoDraw = True
224.4621 	DATA 	Keypress: a
224.5618 	EXP 	Device response: <KeyPress from None: t=224.451804, value=a, duration=0.10521299999999201>
224.9453 	EXP 	LDT_stim_text: autoDraw = True
224.9536 	EXP 	LDT_fix_text: autoDraw = False
225.5545 	EXP 	Device response: <KeyPress from None: t=225.54750090000002, value=a, duration=None>
225.5547 	EXP 	New trial (rep=0, index=165): <Trial 165 (165 in rep 0) data={'Task': 'LDT', 'TrialType': 'Target', 'Stimuli': 'party', 'StimulusType': 'word', 'CorrectResponse': 'l', 'Trialnumb': 59, 'thisN': 165, 'thisTrialN': 165, 'thisRepN': 0}>
225.5625 	EXP 	LDT_fix_text: autoDraw = False
225.5625 	EXP 	LDT_stim_text: autoDraw = False
225.5625 	EXP 	LDT_break_text: autoDraw = False
225.5625 	EXP 	LDT_stim_text: height = np.float64(0.1)
225.5625 	EXP 	LDT_stim_text: height = np.float64(0.1)
225.5625 	EXP 	LDT_stim_text: height = np.float64(0.1)
225.5625 	EXP 	LDT_stim_text: text = 'party'
225.5625 	EXP 	LDT_fix_text: autoDraw = True
225.5630 	DATA 	Keypress: a
225.6630 	EXP 	Device response: <KeyPress from None: t=225.54750090000002, value=a, duration=0.11219810000000052>
226.0464 	EXP 	LDT_stim_text: autoDraw = True
226.0547 	EXP 	LDT_fix_text: autoDraw = False
226.5806 	EXP 	Device response: <KeyPress from None: t=226.57990859999998, value=l, duration=None>
226.5808 	EXP 	New trial (rep=0, index=166): <Trial 166 (166 in rep 0) data={'Task': 'LDT', 'TrialType': 'Target', 'Stimuli': 'flat', 'StimulusType': 'word', 'CorrectResponse': 'l', 'Trialnumb': 92, 'thisN': 166, 'thisTrialN': 166, 'thisRepN': 0}>
226.5886 	EXP 	LDT_fix_text: autoDraw = False
226.5886 	EXP 	LDT_stim_text: autoDraw = False
226.5886 	EXP 	LDT_break_text: autoDraw = False
226.5886 	EXP 	LDT_stim_text: height = np.float64(0.1)
226.5886 	EXP 	LDT_stim_text: height = np.float64(0.1)
226.5886 	EXP 	LDT_stim_text: height = np.float64(0.1)
226.5886 	EXP 	LDT_stim_text: text = 'flat'
226.5886 	EXP 	LDT_fix_text: autoDraw = True
226.5891 	DATA 	Keypress: l
226.6556 	EXP 	Device response: <KeyPress from None: t=226.57990859999998, value=l, duration=0.07252420000003212>
227.0724 	EXP 	LDT_stim_text: autoDraw = True
227.0807 	EXP 	LDT_fix_text: autoDraw = False
227.4898 	EXP 	Device response: <KeyPress from None: t=227.4843905, value=a, duration=None>
227.4900 	EXP 	New trial (rep=0, index=167): <Trial 167 (167 in rep 0) data={'Task': 'LDT', 'TrialType': 'Target', 'Stimuli': 'ran', 'StimulusType': 'word', 'CorrectResponse': 'l', 'Trialnumb': 66, 'thisN': 167, 'thisTrialN': 167, 'thisRepN': 0}>
227.4978 	EXP 	LDT_fix_text: autoDraw = False
227.4978 	EXP 	LDT_stim_text: autoDraw = False
227.4978 	EXP 	LDT_break_text: autoDraw = False
227.4978 	EXP 	LDT_stim_text: height = np.float64(0.1)
227.4978 	EXP 	LDT_stim_text: height = np.float64(0.1)
227.4978 	EXP 	LDT_stim_text: height = np.float64(0.1)
227.4978 	EXP 	LDT_stim_text: text = 'ran'
227.4978 	EXP 	LDT_fix_text: autoDraw = True
227.4984 	DATA 	Keypress: a
227.5649 	EXP 	Device response: <KeyPress from None: t=227.4843905, value=a, duration=0.07988119999998844>
227.9816 	EXP 	LDT_stim_text: autoDraw = True
227.9900 	EXP 	LDT_fix_text: autoDraw = False
228.6410 	EXP 	Device response: <KeyPress from None: t=228.6359088, value=l, duration=None>
228.6412 	EXP 	New trial (rep=0, index=168): <Trial 168 (168 in rep 0) data={'Task': 'LDT', 'TrialType': 'Target', 'Stimuli': 'spum', 'StimulusType': 'nonword', 'CorrectResponse': 'a', 'Trialnumb': 198, 'thisN': 168, 'thisTrialN': 168, 'thisRepN': 0}>
228.6490 	EXP 	LDT_fix_text: autoDraw = False
228.6490 	EXP 	LDT_stim_text: autoDraw = False
228.6490 	EXP 	LDT_break_text: autoDraw = False
228.6490 	EXP 	LDT_stim_text: height = np.float64(0.1)
228.6490 	EXP 	LDT_stim_text: height = np.float64(0.1)
228.6490 	EXP 	LDT_stim_text: height = np.float64(0.1)
228.6490 	EXP 	LDT_stim_text: text = 'spum'
228.6490 	EXP 	LDT_fix_text: autoDraw = True
228.6495 	DATA 	Keypress: l
228.7160 	EXP 	Device response: <KeyPress from None: t=228.6359088, value=l, duration=0.07221449999997276>
229.1328 	EXP 	LDT_stim_text: autoDraw = True
229.1411 	EXP 	LDT_fix_text: autoDraw = False
230.0173 	EXP 	Device response: <KeyPress from None: t=230.01290279999998, value=a, duration=None>
230.0176 	EXP 	New trial (rep=0, index=169): <Trial 169 (169 in rep 0) data={'Task': 'LDT', 'TrialType': 'Target', 'Stimuli': 'stap', 'StimulusType': 'nonword', 'CorrectResponse': 'a', 'Trialnumb': 199, 'thisN': 169, 'thisTrialN': 169, 'thisRepN': 0}>
230.0254 	EXP 	LDT_fix_text: autoDraw = False
230.0254 	EXP 	LDT_stim_text: autoDraw = False
230.0254 	EXP 	LDT_break_text: autoDraw = False
230.0254 	EXP 	LDT_stim_text: height = np.float64(0.1)
230.0254 	EXP 	LDT_stim_text: height = np.float64(0.1)
230.0254 	EXP 	LDT_stim_text: height = np.float64(0.1)
230.0254 	EXP 	LDT_stim_text: text = 'stap'
230.0254 	EXP 	LDT_fix_text: autoDraw = True
230.0259 	DATA 	Keypress: a
230.0840 	EXP 	Device response: <KeyPress from None: t=230.01290279999998, value=a, duration=0.06301150000001599>
230.5092 	EXP 	LDT_stim_text: autoDraw = True
230.5175 	EXP 	LDT_fix_text: autoDraw = False
231.3854 	EXP 	Device response: <KeyPress from None: t=231.3798047, value=a, duration=None>
231.3856 	EXP 	New trial (rep=0, index=170): <Trial 170 (170 in rep 0) data={'Task': 'LDT', 'TrialType': 'Target', 'Stimuli': 'gead', 'StimulusType': 'nonword', 'CorrectResponse': 'a', 'Trialnumb': 145, 'thisN': 170, 'thisTrialN': 170, 'thisRepN': 0}>
231.3934 	EXP 	LDT_fix_text: autoDraw = False
231.3934 	EXP 	LDT_stim_text: autoDraw = False
231.3934 	EXP 	LDT_break_text: autoDraw = False
231.3934 	EXP 	LDT_stim_text: height = np.float64(0.1)
231.3934 	EXP 	LDT_stim_text: height = np.float64(0.1)
231.3934 	EXP 	LDT_stim_text: height = np.float64(0.1)
231.3934 	EXP 	LDT_stim_text: text = 'gead'
231.3934 	EXP 	LDT_fix_text: autoDraw = True
231.3940 	DATA 	Keypress: a
231.4938 	EXP 	Device response: <KeyPress from None: t=231.3798047, value=a, duration=0.11362000000002581>
231.8772 	EXP 	LDT_stim_text: autoDraw = True
231.8855 	EXP 	LDT_fix_text: autoDraw = False
232.6450 	EXP 	Device response: <KeyPress from None: t=232.6445485, value=a, duration=None>
232.6452 	EXP 	New trial (rep=0, index=171): <Trial 171 (171 in rep 0) data={'Task': 'LDT', 'TrialType': 'Target', 'Stimuli': 'hirs', 'StimulusType': 'nonword', 'CorrectResponse': 'a', 'Trialnumb': 153, 'thisN': 171, 'thisTrialN': 171, 'thisRepN': 0}>
232.6530 	EXP 	LDT_fix_text: autoDraw = False
232.6530 	EXP 	LDT_stim_text: autoDraw = False
232.6530 	EXP 	LDT_break_text: autoDraw = False
232.6530 	EXP 	LDT_stim_text: height = np.float64(0.1)
232.6530 	EXP 	LDT_stim_text: height = np.float64(0.1)
232.6530 	EXP 	LDT_stim_text: height = np.float64(0.1)
232.6530 	EXP 	LDT_stim_text: text = 'hirs'
232.6530 	EXP 	LDT_fix_text: autoDraw = True
232.6535 	DATA 	Keypress: a
232.7449 	EXP 	Device response: <KeyPress from None: t=232.6445485, value=a, duration=0.09547049999997625>
233.1368 	EXP 	LDT_stim_text: autoDraw = True
233.1451 	EXP 	LDT_fix_text: autoDraw = False
233.7877 	EXP 	Device response: <KeyPress from None: t=233.78018899999998, value=a, duration=None>
233.7879 	EXP 	New trial (rep=0, index=172): <Trial 172 (172 in rep 0) data={'Task': 'LDT', 'TrialType': 'Target', 'Stimuli': 'sife', 'StimulusType': 'nonword', 'CorrectResponse': 'a', 'Trialnumb': 192, 'thisN': 172, 'thisTrialN': 172, 'thisRepN': 0}>
233.7959 	EXP 	LDT_fix_text: autoDraw = False
233.7959 	EXP 	LDT_stim_text: autoDraw = False
233.7959 	EXP 	LDT_break_text: autoDraw = False
233.7959 	EXP 	LDT_stim_text: height = np.float64(0.1)
233.7959 	EXP 	LDT_stim_text: height = np.float64(0.1)
233.7959 	EXP 	LDT_stim_text: height = np.float64(0.1)
233.7959 	EXP 	LDT_stim_text: text = 'sife'
233.7959 	EXP 	LDT_fix_text: autoDraw = True
233.7964 	DATA 	Keypress: a
233.9045 	EXP 	Device response: <KeyPress from None: t=233.78018899999998, value=a, duration=0.12005730000004178>
234.2800 	EXP 	LDT_stim_text: autoDraw = True
234.2880 	EXP 	LDT_fix_text: autoDraw = False
234.9138 	EXP 	Device response: <KeyPress from None: t=234.90830680000002, value=a, duration=None>
234.9141 	EXP 	New trial (rep=0, index=173): <Trial 173 (173 in rep 0) data={'Task': 'LDT', 'TrialType': 'Target', 'Stimuli': 'werd', 'StimulusType': 'nonword', 'CorrectResponse': 'a', 'Trialnumb': 216, 'thisN': 173, 'thisTrialN': 173, 'thisRepN': 0}>
234.9219 	EXP 	LDT_fix_text: autoDraw = False
234.9219 	EXP 	LDT_stim_text: autoDraw = False
234.9219 	EXP 	LDT_break_text: autoDraw = False
234.9219 	EXP 	LDT_stim_text: height = np.float64(0.1)
234.9219 	EXP 	LDT_stim_text: height = np.float64(0.1)
234.9219 	EXP 	LDT_stim_text: height = np.float64(0.1)
234.9219 	EXP 	LDT_stim_text: text = 'werd'
234.9219 	EXP 	LDT_fix_text: autoDraw = True
234.9225 	DATA 	Keypress: a
235.0140 	EXP 	Device response: <KeyPress from None: t=234.90830680000002, value=a, duration=0.10407449999996743>
235.4057 	EXP 	LDT_stim_text: autoDraw = True
235.4141 	EXP 	LDT_fix_text: autoDraw = False
236.0983 	EXP 	Device response: <KeyPress from None: t=236.09261460000002, value=a, duration=None>
236.0986 	EXP 	New trial (rep=0, index=174): <Trial 174 (174 in rep 0) data={'Task': 'LDT', 'TrialType': 'Target', 'Stimuli': 'vink', 'StimulusType': 'nonword', 'CorrectResponse': 'a', 'Trialnumb': 212, 'thisN': 174, 'thisTrialN': 174, 'thisRepN': 0}>
236.1065 	EXP 	LDT_fix_text: autoDraw = False
236.1065 	EXP 	LDT_stim_text: autoDraw = False
236.1065 	EXP 	LDT_break_text: autoDraw = False
236.1065 	EXP 	LDT_stim_text: height = np.float64(0.1)
236.1065 	EXP 	LDT_stim_text: height = np.float64(0.1)
236.1065 	EXP 	LDT_stim_text: height = np.float64(0.1)
236.1065 	EXP 	LDT_stim_text: text = 'vink'
236.1065 	EXP 	LDT_fix_text: autoDraw = True
236.1070 	DATA 	Keypress: a
236.1651 	EXP 	Device response: <KeyPress from None: t=236.09261460000002, value=a, duration=0.0712020999999936>
236.5902 	EXP 	LDT_stim_text: autoDraw = True
236.5986 	EXP 	LDT_fix_text: autoDraw = False
237.0577 	EXP 	Device response: <KeyPress from None: t=237.0525491, value=a, duration=None>
237.0579 	EXP 	New trial (rep=0, index=175): <Trial 175 (175 in rep 0) data={'Task': 'LDT', 'TrialType': 'Target', 'Stimuli': 'beah', 'StimulusType': 'nonword', 'CorrectResponse': 'a', 'Trialnumb': 119, 'thisN': 175, 'thisTrialN': 175, 'thisRepN': 0}>
237.0657 	EXP 	LDT_fix_text: autoDraw = False
237.0657 	EXP 	LDT_stim_text: autoDraw = False
237.0657 	EXP 	LDT_break_text: autoDraw = False
237.0657 	EXP 	LDT_stim_text: height = np.float64(0.1)
237.0657 	EXP 	LDT_stim_text: height = np.float64(0.1)
237.0657 	EXP 	LDT_stim_text: height = np.float64(0.1)
237.0657 	EXP 	LDT_stim_text: text = 'beah'
237.0657 	EXP 	LDT_fix_text: autoDraw = True
237.0662 	DATA 	Keypress: a
237.1828 	EXP 	Device response: <KeyPress from None: t=237.0525491, value=a, duration=0.12701829999997472>
237.5495 	EXP 	LDT_stim_text: autoDraw = True
237.5582 	EXP 	LDT_fix_text: autoDraw = False
238.0336 	EXP 	Device response: <KeyPress from None: t=238.02788589999997, value=a, duration=None>
238.0339 	EXP 	New trial (rep=0, index=176): <Trial 176 (176 in rep 0) data={'Task': 'LDT', 'TrialType': 'Target', 'Stimuli': 'still', 'StimulusType': 'word', 'CorrectResponse': 'l', 'Trialnumb': 14, 'thisN': 176, 'thisTrialN': 176, 'thisRepN': 0}>
238.0416 	EXP 	LDT_fix_text: autoDraw = False
238.0416 	EXP 	LDT_stim_text: autoDraw = False
238.0416 	EXP 	LDT_break_text: autoDraw = False
238.0416 	EXP 	LDT_stim_text: height = np.float64(0.1)
238.0416 	EXP 	LDT_stim_text: height = np.float64(0.1)
238.0416 	EXP 	LDT_stim_text: height = np.float64(0.1)
238.0416 	EXP 	LDT_stim_text: text = 'still'
238.0416 	EXP 	LDT_fix_text: autoDraw = True
238.0421 	DATA 	Keypress: a
238.1171 	EXP 	Device response: <KeyPress from None: t=238.02788589999997, value=a, duration=0.08853430000004892>
238.5255 	EXP 	LDT_stim_text: autoDraw = True
238.5338 	EXP 	LDT_fix_text: autoDraw = False
239.1680 	EXP 	Device response: <KeyPress from None: t=239.16397980000002, value=l, duration=None>
239.1683 	EXP 	New trial (rep=0, index=177): <Trial 177 (177 in rep 0) data={'Task': 'LDT', 'TrialType': 'Target', 'Stimuli': 'huge', 'StimulusType': 'word', 'CorrectResponse': 'l', 'Trialnumb': 56, 'thisN': 177, 'thisTrialN': 177, 'thisRepN': 0}>
239.1761 	EXP 	LDT_fix_text: autoDraw = False
239.1761 	EXP 	LDT_stim_text: autoDraw = False
239.1761 	EXP 	LDT_break_text: autoDraw = False
239.1761 	EXP 	LDT_stim_text: height = np.float64(0.1)
239.1761 	EXP 	LDT_stim_text: height = np.float64(0.1)
239.1761 	EXP 	LDT_stim_text: height = np.float64(0.1)
239.1761 	EXP 	LDT_stim_text: text = 'huge'
239.1761 	EXP 	LDT_fix_text: autoDraw = True
239.1767 	DATA 	Keypress: l
239.2682 	EXP 	Device response: <KeyPress from None: t=239.16397980000002, value=l, duration=0.09601449999996703>
239.6599 	EXP 	LDT_stim_text: autoDraw = True
239.6683 	EXP 	LDT_fix_text: autoDraw = False
240.5361 	EXP 	Device response: <KeyPress from None: t=240.5323296, value=l, duration=None>
240.5363 	EXP 	New trial (rep=0, index=178): <Trial 178 (178 in rep 0) data={'Task': 'LDT', 'TrialType': 'Target', 'Stimuli': 'look', 'StimulusType': 'word', 'CorrectResponse': 'l', 'Trialnumb': 2, 'thisN': 178, 'thisTrialN': 178, 'thisRepN': 0}>
240.5442 	EXP 	LDT_fix_text: autoDraw = False
240.5442 	EXP 	LDT_stim_text: autoDraw = False
240.5442 	EXP 	LDT_break_text: autoDraw = False
240.5442 	EXP 	LDT_stim_text: height = np.float64(0.1)
240.5442 	EXP 	LDT_stim_text: height = np.float64(0.1)
240.5442 	EXP 	LDT_stim_text: height = np.float64(0.1)
240.5442 	EXP 	LDT_stim_text: text = 'look'
240.5442 	EXP 	LDT_fix_text: autoDraw = True
240.5446 	DATA 	Keypress: l
240.6530 	EXP 	Device response: <KeyPress from None: t=240.5323296, value=l, duration=0.12010770000000548>
241.0280 	EXP 	LDT_stim_text: autoDraw = True
241.0363 	EXP 	LDT_fix_text: autoDraw = False
241.4788 	EXP 	Device response: <KeyPress from None: t=241.4758027, value=l, duration=None>
241.4790 	EXP 	New trial (rep=0, index=179): <Trial 179 (179 in rep 0) data={'Task': 'LDT', 'TrialType': 'Target', 'Stimuli': 'virus', 'StimulusType': 'word', 'CorrectResponse': 'l', 'Trialnumb': 100, 'thisN': 179, 'thisTrialN': 179, 'thisRepN': 0}>
241.4867 	EXP 	LDT_fix_text: autoDraw = False
241.4867 	EXP 	LDT_stim_text: autoDraw = False
241.4867 	EXP 	LDT_break_text: autoDraw = False
241.4867 	EXP 	LDT_stim_text: height = np.float64(0.1)
241.4867 	EXP 	LDT_stim_text: height = np.float64(0.1)
241.4867 	EXP 	LDT_stim_text: height = np.float64(0.1)
241.4867 	EXP 	LDT_stim_text: text = 'virus'
241.4867 	EXP 	LDT_fix_text: autoDraw = True
241.4872 	DATA 	Keypress: l
241.5788 	EXP 	Device response: <KeyPress from None: t=241.4758027, value=l, duration=0.09619939999998905>
241.9706 	EXP 	LDT_stim_text: autoDraw = True
241.9789 	EXP 	LDT_fix_text: autoDraw = False
242.5381 	EXP 	Device response: <KeyPress from None: t=242.53222480000002, value=l, duration=None>
242.5383 	EXP 	New trial (rep=0, index=180): <Trial 180 (180 in rep 0) data={'Task': 'LDT', 'TrialType': 'Target', 'Stimuli': 'sell', 'StimulusType': 'word', 'CorrectResponse': 'l', 'Trialnumb': 65, 'thisN': 180, 'thisTrialN': 180, 'thisRepN': 0}>
242.5461 	EXP 	LDT_fix_text: autoDraw = False
242.5461 	EXP 	LDT_stim_text: autoDraw = False
242.5461 	EXP 	LDT_break_text: autoDraw = False
242.5461 	EXP 	LDT_stim_text: height = np.float64(0.1)
242.5461 	EXP 	LDT_stim_text: height = np.float64(0.1)
242.5461 	EXP 	LDT_stim_text: height = np.float64(0.1)
242.5461 	EXP 	LDT_stim_text: text = 'sell'
242.5461 	EXP 	LDT_fix_text: autoDraw = True
242.5467 	DATA 	Keypress: l
242.6466 	EXP 	Device response: <KeyPress from None: t=242.53222480000002, value=l, duration=0.11310759999997799>
243.0304 	EXP 	LDT_stim_text: autoDraw = True
243.0383 	EXP 	LDT_fix_text: autoDraw = False
243.4807 	EXP 	Device response: <KeyPress from None: t=243.47558209999997, value=l, duration=None>
243.4809 	EXP 	New trial (rep=0, index=181): <Trial 181 (181 in rep 0) data={'Task': 'LDT', 'TrialType': 'Target', 'Stimuli': 'pess', 'StimulusType': 'nonword', 'CorrectResponse': 'a', 'Trialnumb': 180, 'thisN': 181, 'thisTrialN': 181, 'thisRepN': 0}>
243.4888 	EXP 	LDT_fix_text: autoDraw = False
243.4888 	EXP 	LDT_stim_text: autoDraw = False
243.4888 	EXP 	LDT_break_text: autoDraw = False
243.4888 	EXP 	LDT_stim_text: height = np.float64(0.1)
243.4888 	EXP 	LDT_stim_text: height = np.float64(0.1)
243.4888 	EXP 	LDT_stim_text: height = np.float64(0.1)
243.4888 	EXP 	LDT_stim_text: text = 'pess'
243.4888 	EXP 	LDT_fix_text: autoDraw = True
243.4893 	DATA 	Keypress: l
243.5729 	EXP 	Device response: <KeyPress from None: t=243.47558209999997, value=l, duration=0.08868690000002744>
243.9726 	EXP 	LDT_stim_text: autoDraw = True
243.9809 	EXP 	LDT_fix_text: autoDraw = False
244.5985 	EXP 	Device response: <KeyPress from None: t=244.5961442, value=a, duration=None>
244.5987 	EXP 	New trial (rep=0, index=182): <Trial 182 (182 in rep 0) data={'Task': 'LDT', 'TrialType': 'Target', 'Stimuli': 'half', 'StimulusType': 'word', 'CorrectResponse': 'l', 'Trialnumb': 51, 'thisN': 182, 'thisTrialN': 182, 'thisRepN': 0}>
244.6067 	EXP 	LDT_fix_text: autoDraw = False
244.6067 	EXP 	LDT_stim_text: autoDraw = False
244.6067 	EXP 	LDT_break_text: autoDraw = False
244.6067 	EXP 	LDT_stim_text: height = np.float64(0.1)
244.6067 	EXP 	LDT_stim_text: height = np.float64(0.1)
244.6067 	EXP 	LDT_stim_text: height = np.float64(0.1)
244.6067 	EXP 	LDT_stim_text: text = 'half'
244.6067 	EXP 	LDT_fix_text: autoDraw = True
244.6072 	DATA 	Keypress: a
244.6902 	EXP 	Device response: <KeyPress from None: t=244.5961442, value=a, duration=0.08774779999998827>
245.0904 	EXP 	LDT_stim_text: autoDraw = True
245.0987 	EXP 	LDT_fix_text: autoDraw = False
245.7497 	EXP 	Device response: <KeyPress from None: t=245.74819619999997, value=l, duration=None>
245.7499 	EXP 	New trial (rep=0, index=183): <Trial 183 (183 in rep 0) data={'Task': 'LDT', 'TrialType': 'Target', 'Stimuli': 'area', 'StimulusType': 'word', 'CorrectResponse': 'l', 'Trialnumb': 49, 'thisN': 183, 'thisTrialN': 183, 'thisRepN': 0}>
245.7582 	EXP 	LDT_fix_text: autoDraw = False
245.7582 	EXP 	LDT_stim_text: autoDraw = False
245.7582 	EXP 	LDT_break_text: autoDraw = False
245.7582 	EXP 	LDT_stim_text: height = np.float64(0.1)
245.7582 	EXP 	LDT_stim_text: height = np.float64(0.1)
245.7582 	EXP 	LDT_stim_text: height = np.float64(0.1)
245.7582 	EXP 	LDT_stim_text: text = 'area'
245.7582 	EXP 	LDT_fix_text: autoDraw = True
245.7587 	DATA 	Keypress: l
245.8330 	EXP 	Device response: <KeyPress from None: t=245.74819619999997, value=l, duration=0.07931500000000824>
246.2415 	EXP 	LDT_stim_text: autoDraw = True
246.2498 	EXP 	LDT_fix_text: autoDraw = False
246.7923 	EXP 	Device response: <KeyPress from None: t=246.78853639999997, value=l, duration=None>
246.7926 	EXP 	New trial (rep=0, index=184): <Trial 184 (184 in rep 0) data={'Task': 'LDT', 'TrialType': 'Target', 'Stimuli': 'bond', 'StimulusType': 'word', 'CorrectResponse': 'l', 'Trialnumb': 87, 'thisN': 184, 'thisTrialN': 184, 'thisRepN': 0}>
246.8004 	EXP 	LDT_fix_text: autoDraw = False
246.8004 	EXP 	LDT_stim_text: autoDraw = False
246.8004 	EXP 	LDT_break_text: autoDraw = False
246.8004 	EXP 	LDT_stim_text: height = np.float64(0.1)
246.8004 	EXP 	LDT_stim_text: height = np.float64(0.1)
246.8004 	EXP 	LDT_stim_text: height = np.float64(0.1)
246.8004 	EXP 	LDT_stim_text: text = 'bond'
246.8004 	EXP 	LDT_fix_text: autoDraw = True
246.8010 	DATA 	Keypress: l
246.8757 	EXP 	Device response: <KeyPress from None: t=246.78853639999997, value=l, duration=0.07962510000004386>
247.2842 	EXP 	LDT_stim_text: autoDraw = True
247.2925 	EXP 	LDT_fix_text: autoDraw = False
248.0437 	EXP 	Device response: <KeyPress from None: t=248.03621619999998, value=a, duration=None>
248.0440 	EXP 	New trial (rep=0, index=185): <Trial 185 (185 in rep 0) data={'Task': 'LDT', 'TrialType': 'Target', 'Stimuli': 'ranny', 'StimulusType': 'nonword', 'CorrectResponse': 'a', 'Trialnumb': 114, 'thisN': 185, 'thisTrialN': 185, 'thisRepN': 0}>
248.0517 	EXP 	LDT_fix_text: autoDraw = False
248.0517 	EXP 	LDT_stim_text: autoDraw = False
248.0517 	EXP 	LDT_break_text: autoDraw = False
248.0517 	EXP 	LDT_stim_text: height = np.float64(0.1)
248.0517 	EXP 	LDT_stim_text: height = np.float64(0.1)
248.0517 	EXP 	LDT_stim_text: height = np.float64(0.1)
248.0517 	EXP 	LDT_stim_text: text = 'ranny'
248.0517 	EXP 	LDT_fix_text: autoDraw = True
248.0523 	DATA 	Keypress: a
248.1520 	EXP 	Device response: <KeyPress from None: t=248.03621619999998, value=a, duration=0.11130940000003875>
248.5355 	EXP 	LDT_stim_text: autoDraw = True
248.5438 	EXP 	LDT_fix_text: autoDraw = False
249.7705 	EXP 	Device response: <KeyPress from None: t=249.7652545, value=a, duration=None>
249.7708 	EXP 	New trial (rep=0, index=186): <Trial 186 (186 in rep 0) data={'Task': 'LDT', 'TrialType': 'Target', 'Stimuli': 'show', 'StimulusType': 'word', 'CorrectResponse': 'l', 'Trialnumb': 21, 'thisN': 186, 'thisTrialN': 186, 'thisRepN': 0}>
249.7784 	EXP 	LDT_fix_text: autoDraw = False
249.7784 	EXP 	LDT_stim_text: autoDraw = False
249.7784 	EXP 	LDT_break_text: autoDraw = False
249.7784 	EXP 	LDT_stim_text: height = np.float64(0.1)
249.7784 	EXP 	LDT_stim_text: height = np.float64(0.1)
249.7784 	EXP 	LDT_stim_text: height = np.float64(0.1)
249.7784 	EXP 	LDT_stim_text: text = 'show'
249.7784 	EXP 	LDT_fix_text: autoDraw = True
249.7789 	DATA 	Keypress: a
249.8454 	EXP 	Device response: <KeyPress from None: t=249.7652545, value=a, duration=0.0787755000000061>
250.2622 	EXP 	LDT_stim_text: autoDraw = True
250.2705 	EXP 	LDT_fix_text: autoDraw = False
250.7296 	EXP 	Device response: <KeyPress from None: t=250.72428369999997, value=l, duration=None>
250.7298 	EXP 	New trial (rep=0, index=187): <Trial 187 (187 in rep 0) data={'Task': 'LDT', 'TrialType': 'Target', 'Stimuli': 'flow', 'StimulusType': 'word', 'CorrectResponse': 'l', 'Trialnumb': 108, 'thisN': 187, 'thisTrialN': 187, 'thisRepN': 0}>
250.7377 	EXP 	LDT_fix_text: autoDraw = False
250.7377 	EXP 	LDT_stim_text: autoDraw = False
250.7377 	EXP 	LDT_break_text: autoDraw = False
250.7377 	EXP 	LDT_stim_text: height = np.float64(0.1)
250.7377 	EXP 	LDT_stim_text: height = np.float64(0.1)
250.7377 	EXP 	LDT_stim_text: height = np.float64(0.1)
250.7377 	EXP 	LDT_stim_text: text = 'flow'
250.7377 	EXP 	LDT_fix_text: autoDraw = True
250.7382 	DATA 	Keypress: l
250.7881 	EXP 	Device response: <KeyPress from None: t=250.72428369999997, value=l, duration=0.06339640000004465>
251.2215 	EXP 	LDT_stim_text: autoDraw = True
251.2298 	EXP 	LDT_fix_text: autoDraw = False
251.8641 	EXP 	Device response: <KeyPress from None: t=251.8599255, value=l, duration=None>
251.8643 	EXP 	New trial (rep=0, index=188): <Trial 188 (188 in rep 0) data={'Task': 'LDT', 'TrialType': 'Target', 'Stimuli': 'daste', 'StimulusType': 'nonword', 'CorrectResponse': 'a', 'Trialnumb': 136, 'thisN': 188, 'thisTrialN': 188, 'thisRepN': 0}>
251.8721 	EXP 	LDT_fix_text: autoDraw = False
251.8721 	EXP 	LDT_stim_text: autoDraw = False
251.8721 	EXP 	LDT_break_text: autoDraw = False
251.8721 	EXP 	LDT_stim_text: height = np.float64(0.1)
251.8721 	EXP 	LDT_stim_text: height = np.float64(0.1)
251.8721 	EXP 	LDT_stim_text: height = np.float64(0.1)
251.8721 	EXP 	LDT_stim_text: text = 'daste'
251.8721 	EXP 	LDT_fix_text: autoDraw = True
251.8727 	DATA 	Keypress: l
251.9392 	EXP 	Device response: <KeyPress from None: t=251.8599255, value=l, duration=0.071583999999973>
252.3559 	EXP 	LDT_stim_text: autoDraw = True
252.3643 	EXP 	LDT_fix_text: autoDraw = False
253.1406 	EXP 	Device response: <KeyPress from None: t=253.14025869999998, value=a, duration=None>
253.1488 	EXP 	New trial (rep=0, index=189): <Trial 189 (189 in rep 0) data={'Task': 'LDT', 'TrialType': 'Target', 'Stimuli': 'peaf', 'StimulusType': 'nonword', 'CorrectResponse': 'a', 'Trialnumb': 179, 'thisN': 189, 'thisTrialN': 189, 'thisRepN': 0}>
253.1503 	DATA 	Keypress: a
253.1568 	EXP 	LDT_fix_text: autoDraw = False
253.1568 	EXP 	LDT_stim_text: autoDraw = False
253.1568 	EXP 	LDT_break_text: autoDraw = False
253.1568 	EXP 	LDT_stim_text: height = np.float64(0.1)
253.1568 	EXP 	LDT_stim_text: height = np.float64(0.1)
253.1568 	EXP 	LDT_stim_text: height = np.float64(0.1)
253.1568 	EXP 	LDT_stim_text: text = 'peaf'
253.1568 	EXP 	LDT_fix_text: autoDraw = True
253.2321 	EXP 	Device response: <KeyPress from None: t=253.14025869999998, value=a, duration=0.08735880000000407>
253.6405 	EXP 	LDT_stim_text: autoDraw = True
253.6489 	EXP 	LDT_fix_text: autoDraw = False
254.3917 	EXP 	Device response: <KeyPress from None: t=254.3882164, value=a, duration=None>
254.3919 	EXP 	New trial (rep=0, index=190): <Trial 190 (190 in rep 0) data={'Task': 'LDT', 'TrialType': 'Target', 'Stimuli': 'fump', 'StimulusType': 'nonword', 'CorrectResponse': 'a', 'Trialnumb': 143, 'thisN': 190, 'thisTrialN': 190, 'thisRepN': 0}>
254.3996 	EXP 	LDT_fix_text: autoDraw = False
254.3996 	EXP 	LDT_stim_text: autoDraw = False
254.3996 	EXP 	LDT_break_text: autoDraw = False
254.3996 	EXP 	LDT_stim_text: height = np.float64(0.1)
254.3996 	EXP 	LDT_stim_text: height = np.float64(0.1)
254.3996 	EXP 	LDT_stim_text: height = np.float64(0.1)
254.3996 	EXP 	LDT_stim_text: text = 'fump'
254.3996 	EXP 	LDT_fix_text: autoDraw = True
254.4001 	DATA 	Keypress: a
254.4667 	EXP 	Device response: <KeyPress from None: t=254.3882164, value=a, duration=0.07211350000000039>
254.8834 	EXP 	LDT_stim_text: autoDraw = True
254.8918 	EXP 	LDT_fix_text: autoDraw = False
255.4260 	EXP 	Device response: <KeyPress from None: t=255.42001009999998, value=a, duration=None>
255.4263 	EXP 	New trial (rep=0, index=191): <Trial 191 (191 in rep 0) data={'Task': 'LDT', 'TrialType': 'Target', 'Stimuli': 'hoal', 'StimulusType': 'nonword', 'CorrectResponse': 'a', 'Trialnumb': 154, 'thisN': 191, 'thisTrialN': 191, 'thisRepN': 0}>
255.4340 	EXP 	LDT_fix_text: autoDraw = False
255.4340 	EXP 	LDT_stim_text: autoDraw = False
255.4340 	EXP 	LDT_break_text: autoDraw = False
255.4340 	EXP 	LDT_stim_text: height = np.float64(0.1)
255.4340 	EXP 	LDT_stim_text: height = np.float64(0.1)
255.4340 	EXP 	LDT_stim_text: height = np.float64(0.1)
255.4340 	EXP 	LDT_stim_text: text = 'hoal'
255.4340 	EXP 	LDT_fix_text: autoDraw = True
255.4345 	DATA 	Keypress: a
255.5344 	EXP 	Device response: <KeyPress from None: t=255.42001009999998, value=a, duration=0.11204900000001317>
255.9178 	EXP 	LDT_stim_text: autoDraw = True
255.9262 	EXP 	LDT_fix_text: autoDraw = False
256.9025 	EXP 	Device response: <KeyPress from None: t=256.9001041, value=a, duration=None>
256.9027 	EXP 	New trial (rep=0, index=192): <Trial 192 (192 in rep 0) data={'Task': 'LDT', 'TrialType': 'Target', 'Stimuli': 'colo', 'StimulusType': 'nonword', 'CorrectResponse': 'a', 'Trialnumb': 131, 'thisN': 192, 'thisTrialN': 192, 'thisRepN': 0}>
256.9105 	EXP 	LDT_fix_text: autoDraw = False
256.9105 	EXP 	LDT_stim_text: autoDraw = False
256.9105 	EXP 	LDT_break_text: autoDraw = False
256.9105 	EXP 	LDT_stim_text: height = np.float64(0.1)
256.9105 	EXP 	LDT_stim_text: height = np.float64(0.1)
256.9105 	EXP 	LDT_stim_text: height = np.float64(0.1)
256.9105 	EXP 	LDT_stim_text: text = 'colo'
256.9105 	EXP 	LDT_fix_text: autoDraw = True
256.9109 	DATA 	Keypress: a
257.0025 	EXP 	Device response: <KeyPress from None: t=256.9001041, value=a, duration=0.09551099999998769>
257.3943 	EXP 	LDT_stim_text: autoDraw = True
257.4026 	EXP 	LDT_fix_text: autoDraw = False
258.0370 	EXP 	Device response: <KeyPress from None: t=258.0365511, value=a, duration=None>
258.0372 	EXP 	New trial (rep=0, index=193): <Trial 193 (193 in rep 0) data={'Task': 'LDT', 'TrialType': 'Target', 'Stimuli': 'gied', 'StimulusType': 'nonword', 'CorrectResponse': 'a', 'Trialnumb': 146, 'thisN': 193, 'thisTrialN': 193, 'thisRepN': 0}>
258.0450 	EXP 	LDT_fix_text: autoDraw = False
258.0450 	EXP 	LDT_stim_text: autoDraw = False
258.0450 	EXP 	LDT_break_text: autoDraw = False
258.0450 	EXP 	LDT_stim_text: height = np.float64(0.1)
258.0450 	EXP 	LDT_stim_text: height = np.float64(0.1)
258.0450 	EXP 	LDT_stim_text: height = np.float64(0.1)
258.0450 	EXP 	LDT_stim_text: text = 'gied'
258.0450 	EXP 	LDT_fix_text: autoDraw = True
258.0455 	DATA 	Keypress: a
258.1370 	EXP 	Device response: <KeyPress from None: t=258.0365511, value=a, duration=0.09522760000004382>
258.5287 	EXP 	LDT_stim_text: autoDraw = True
258.5371 	EXP 	LDT_fix_text: autoDraw = False
259.0212 	EXP 	Device response: <KeyPress from None: t=259.01952370000004, value=a, duration=None>
259.0214 	EXP 	New trial (rep=0, index=194): <Trial 194 (194 in rep 0) data={'Task': 'LDT', 'TrialType': 'Target', 'Stimuli': 'ate', 'StimulusType': 'word', 'CorrectResponse': 'l', 'Trialnumb': 85, 'thisN': 194, 'thisTrialN': 194, 'thisRepN': 0}>
259.0294 	EXP 	LDT_fix_text: autoDraw = False
259.0294 	EXP 	LDT_stim_text: autoDraw = False
259.0294 	EXP 	LDT_break_text: autoDraw = False
259.0294 	EXP 	LDT_stim_text: height = np.float64(0.1)
259.0294 	EXP 	LDT_stim_text: height = np.float64(0.1)
259.0294 	EXP 	LDT_stim_text: height = np.float64(0.1)
259.0294 	EXP 	LDT_stim_text: text = 'ate'
259.0294 	EXP 	LDT_fix_text: autoDraw = True
259.0300 	DATA 	Keypress: a
259.1380 	EXP 	Device response: <KeyPress from None: t=259.01952370000004, value=a, duration=0.1128284999999778>
259.5131 	EXP 	LDT_stim_text: autoDraw = True
259.5214 	EXP 	LDT_fix_text: autoDraw = False
261.1900 	EXP 	Device response: <KeyPress from None: t=261.1875282, value=l, duration=None>
261.1902 	EXP 	New trial (rep=0, index=195): <Trial 195 (195 in rep 0) data={'Task': 'LDT', 'TrialType': 'Target', 'Stimuli': 'mize', 'StimulusType': 'nonword', 'CorrectResponse': 'a', 'Trialnumb': 174, 'thisN': 195, 'thisTrialN': 195, 'thisRepN': 0}>
261.1981 	EXP 	LDT_fix_text: autoDraw = False
261.1981 	EXP 	LDT_stim_text: autoDraw = False
261.1981 	EXP 	LDT_break_text: autoDraw = False
261.1981 	EXP 	LDT_stim_text: height = np.float64(0.1)
261.1981 	EXP 	LDT_stim_text: height = np.float64(0.1)
261.1981 	EXP 	LDT_stim_text: height = np.float64(0.1)
261.1981 	EXP 	LDT_stim_text: text = 'mize'
261.1981 	EXP 	LDT_fix_text: autoDraw = True
261.1985 	DATA 	Keypress: l
261.2818 	EXP 	Device response: <KeyPress from None: t=261.1875282, value=l, duration=0.08890250000001743>
261.6819 	EXP 	LDT_stim_text: autoDraw = True
261.6902 	EXP 	LDT_fix_text: autoDraw = False
262.3329 	EXP 	Device response: <KeyPress from None: t=262.33161299999995, value=a, duration=None>
262.3331 	EXP 	New trial (rep=0, index=196): <Trial 196 (196 in rep 0) data={'Task': 'LDT', 'TrialType': 'Target', 'Stimuli': 'war', 'StimulusType': 'word', 'CorrectResponse': 'l', 'Trialnumb': 55, 'thisN': 196, 'thisTrialN': 196, 'thisRepN': 0}>
262.3409 	EXP 	LDT_fix_text: autoDraw = False
262.3409 	EXP 	LDT_stim_text: autoDraw = False
262.3409 	EXP 	LDT_break_text: autoDraw = False
262.3409 	EXP 	LDT_stim_text: height = np.float64(0.1)
262.3409 	EXP 	LDT_stim_text: height = np.float64(0.1)
262.3409 	EXP 	LDT_stim_text: height = np.float64(0.1)
262.3409 	EXP 	LDT_stim_text: text = 'war'
262.3409 	EXP 	LDT_fix_text: autoDraw = True
262.3414 	DATA 	Keypress: a
262.4413 	EXP 	Device response: <KeyPress from None: t=262.33161299999995, value=a, duration=0.10481230000004871>
262.8247 	EXP 	LDT_stim_text: autoDraw = True
262.8330 	EXP 	LDT_fix_text: autoDraw = False
263.5174 	EXP 	Device response: <KeyPress from None: t=263.5098782, value=l, duration=None>
263.5176 	EXP 	New trial (rep=0, index=197): <Trial 197 (197 in rep 0) data={'Task': 'LDT', 'TrialType': 'Target', 'Stimuli': 'end', 'StimulusType': 'word', 'CorrectResponse': 'l', 'Trialnumb': 33, 'thisN': 197, 'thisTrialN': 197, 'thisRepN': 0}>
263.5255 	EXP 	LDT_fix_text: autoDraw = False
263.5255 	EXP 	LDT_stim_text: autoDraw = False
263.5255 	EXP 	LDT_break_text: autoDraw = False
263.5255 	EXP 	LDT_stim_text: height = np.float64(0.1)
263.5255 	EXP 	LDT_stim_text: height = np.float64(0.1)
263.5255 	EXP 	LDT_stim_text: height = np.float64(0.1)
263.5255 	EXP 	LDT_stim_text: text = 'end'
263.5255 	EXP 	LDT_fix_text: autoDraw = True
263.5261 	DATA 	Keypress: l
263.6092 	EXP 	Device response: <KeyPress from None: t=263.5098782, value=l, duration=0.09406490000003487>
264.0092 	EXP 	LDT_stim_text: autoDraw = True
264.0176 	EXP 	LDT_fix_text: autoDraw = False
264.7937 	EXP 	Device response: <KeyPress from None: t=264.78909939999994, value=l, duration=None>
264.7939 	EXP 	New trial (rep=0, index=198): <Trial 198 (198 in rep 0) data={'Task': 'LDT', 'TrialType': 'Target', 'Stimuli': 'mina', 'StimulusType': 'nonword', 'CorrectResponse': 'a', 'Trialnumb': 173, 'thisN': 198, 'thisTrialN': 198, 'thisRepN': 0}>
264.8019 	EXP 	LDT_fix_text: autoDraw = False
264.8019 	EXP 	LDT_stim_text: autoDraw = False
264.8019 	EXP 	LDT_break_text: autoDraw = False
264.8019 	EXP 	LDT_stim_text: height = np.float64(0.1)
264.8019 	EXP 	LDT_stim_text: height = np.float64(0.1)
264.8019 	EXP 	LDT_stim_text: height = np.float64(0.1)
264.8019 	EXP 	LDT_stim_text: text = 'mina'
264.8019 	EXP 	LDT_fix_text: autoDraw = True
264.8025 	DATA 	Keypress: l
264.8942 	EXP 	Device response: <KeyPress from None: t=264.78909939999994, value=l, duration=0.10333550000007108>
265.2855 	EXP 	LDT_stim_text: autoDraw = True
265.2938 	EXP 	LDT_fix_text: autoDraw = False
266.0282 	EXP 	Device response: <KeyPress from None: t=266.02775180000003, value=a, duration=None>
266.0285 	EXP 	New trial (rep=0, index=199): <Trial 199 (199 in rep 0) data={'Task': 'LDT', 'TrialType': 'Target', 'Stimuli': 'back', 'StimulusType': 'word', 'CorrectResponse': 'l', 'Trialnumb': 8, 'thisN': 199, 'thisTrialN': 199, 'thisRepN': 0}>
266.0362 	EXP 	LDT_fix_text: autoDraw = False
266.0362 	EXP 	LDT_stim_text: autoDraw = False
266.0362 	EXP 	LDT_break_text: autoDraw = False
266.0362 	EXP 	LDT_stim_text: height = np.float64(0.1)
266.0362 	EXP 	LDT_stim_text: height = np.float64(0.1)
266.0362 	EXP 	LDT_stim_text: height = np.float64(0.1)
266.0362 	EXP 	LDT_stim_text: text = 'back'
266.0362 	EXP 	LDT_fix_text: autoDraw = True
266.0367 	DATA 	Keypress: a
266.1033 	EXP 	Device response: <KeyPress from None: t=266.02775180000003, value=a, duration=0.07219259999999394>
266.5202 	EXP 	LDT_stim_text: autoDraw = True
266.5284 	EXP 	LDT_fix_text: autoDraw = False
267.0960 	EXP 	Device response: <KeyPress from None: t=267.0925644, value=l, duration=None>
267.0962 	EXP 	New trial (rep=0, index=200): <Trial 200 (200 in rep 0) data={'Task': 'LDT', 'TrialType': 'Target', 'Stimuli': 'spag', 'StimulusType': 'nonword', 'CorrectResponse': 'a', 'Trialnumb': 197, 'thisN': 200, 'thisTrialN': 200, 'thisRepN': 0}>
267.1040 	EXP 	LDT_fix_text: autoDraw = False
267.1040 	EXP 	LDT_stim_text: autoDraw = False
267.1040 	EXP 	LDT_break_text: autoDraw = False
267.1040 	EXP 	LDT_stim_text: height = np.float64(0.1)
267.1040 	EXP 	LDT_stim_text: height = np.float64(0.1)
267.1040 	EXP 	LDT_stim_text: height = np.float64(0.1)
267.1040 	EXP 	LDT_stim_text: text = 'spag'
267.1040 	EXP 	LDT_fix_text: autoDraw = True
267.1045 	DATA 	Keypress: l
267.1877 	EXP 	Device response: <KeyPress from None: t=267.0925644, value=l, duration=0.0869506999999885>
267.5878 	EXP 	LDT_stim_text: autoDraw = True
267.5961 	EXP 	LDT_fix_text: autoDraw = False
268.1137 	EXP 	Device response: <KeyPress from None: t=268.10905820000005, value=a, duration=None>
268.1139 	EXP 	New trial (rep=0, index=201): <Trial 201 (201 in rep 0) data={'Task': 'LDT', 'TrialType': 'Target', 'Stimuli': 'group', 'StimulusType': 'word', 'CorrectResponse': 'l', 'Trialnumb': 20, 'thisN': 201, 'thisTrialN': 201, 'thisRepN': 0}>
268.1216 	EXP 	LDT_fix_text: autoDraw = False
268.1216 	EXP 	LDT_stim_text: autoDraw = False
268.1216 	EXP 	LDT_break_text: autoDraw = False
268.1216 	EXP 	LDT_stim_text: height = np.float64(0.1)
268.1216 	EXP 	LDT_stim_text: height = np.float64(0.1)
268.1216 	EXP 	LDT_stim_text: height = np.float64(0.1)
268.1216 	EXP 	LDT_stim_text: text = 'group'
268.1216 	EXP 	LDT_fix_text: autoDraw = True
268.1222 	DATA 	Keypress: a
268.2054 	EXP 	Device response: <KeyPress from None: t=268.10905820000005, value=a, duration=0.09530529999994997>
268.6054 	EXP 	LDT_stim_text: autoDraw = True
268.6138 	EXP 	LDT_fix_text: autoDraw = False
269.0562 	EXP 	Device response: <KeyPress from None: t=269.052043, value=l, duration=None>
269.0564 	EXP 	New trial (rep=0, index=202): <Trial 202 (202 in rep 0) data={'Task': 'LDT', 'TrialType': 'Target', 'Stimuli': 'loak', 'StimulusType': 'nonword', 'CorrectResponse': 'a', 'Trialnumb': 169, 'thisN': 202, 'thisTrialN': 202, 'thisRepN': 0}>
269.0643 	EXP 	LDT_fix_text: autoDraw = False
269.0643 	EXP 	LDT_stim_text: autoDraw = False
269.0643 	EXP 	LDT_break_text: autoDraw = False
269.0643 	EXP 	LDT_stim_text: height = np.float64(0.1)
269.0643 	EXP 	LDT_stim_text: height = np.float64(0.1)
269.0643 	EXP 	LDT_stim_text: height = np.float64(0.1)
269.0643 	EXP 	LDT_stim_text: text = 'loak'
269.0643 	EXP 	LDT_fix_text: autoDraw = True
269.0649 	DATA 	Keypress: l
269.1480 	EXP 	Device response: <KeyPress from None: t=269.052043, value=l, duration=0.08855359999995471>
269.5481 	EXP 	LDT_stim_text: autoDraw = True
269.5564 	EXP 	LDT_fix_text: autoDraw = False
270.1156 	EXP 	Device response: <KeyPress from None: t=270.10818900000004, value=a, duration=None>
270.1158 	EXP 	New trial (rep=0, index=203): <Trial 203 (203 in rep 0) data={'Task': 'LDT', 'TrialType': 'Target', 'Stimuli': 'tran', 'StimulusType': 'nonword', 'CorrectResponse': 'a', 'Trialnumb': 206, 'thisN': 203, 'thisTrialN': 203, 'thisRepN': 0}>
270.1236 	EXP 	LDT_fix_text: autoDraw = False
270.1236 	EXP 	LDT_stim_text: autoDraw = False
270.1236 	EXP 	LDT_break_text: autoDraw = False
270.1236 	EXP 	LDT_stim_text: height = np.float64(0.1)
270.1236 	EXP 	LDT_stim_text: height = np.float64(0.1)
270.1236 	EXP 	LDT_stim_text: height = np.float64(0.1)
270.1236 	EXP 	LDT_stim_text: text = 'tran'
270.1236 	EXP 	LDT_fix_text: autoDraw = True
270.1242 	DATA 	Keypress: a
270.1906 	EXP 	Device response: <KeyPress from None: t=270.10818900000004, value=a, duration=0.07957229999999527>
270.6074 	EXP 	LDT_stim_text: autoDraw = True
270.6158 	EXP 	LDT_fix_text: autoDraw = False
271.1583 	EXP 	Device response: <KeyPress from None: t=271.15608910000003, value=a, duration=None>
271.1586 	EXP 	New trial (rep=0, index=204): <Trial 204 (204 in rep 0) data={'Task': 'LDT', 'TrialType': 'Target', 'Stimuli': 'ugly', 'StimulusType': 'word', 'CorrectResponse': 'l', 'Trialnumb': 78, 'thisN': 204, 'thisTrialN': 204, 'thisRepN': 0}>
271.1664 	EXP 	LDT_fix_text: autoDraw = False
271.1664 	EXP 	LDT_stim_text: autoDraw = False
271.1664 	EXP 	LDT_break_text: autoDraw = False
271.1664 	EXP 	LDT_stim_text: height = np.float64(0.1)
271.1664 	EXP 	LDT_stim_text: height = np.float64(0.1)
271.1664 	EXP 	LDT_stim_text: height = np.float64(0.1)
271.1664 	EXP 	LDT_stim_text: text = 'ugly'
271.1664 	EXP 	LDT_fix_text: autoDraw = True
271.1670 	DATA 	Keypress: a
271.2584 	EXP 	Device response: <KeyPress from None: t=271.15608910000003, value=a, duration=0.09610399999996844>
271.6502 	EXP 	LDT_stim_text: autoDraw = True
271.6585 	EXP 	LDT_fix_text: autoDraw = False
272.2428 	EXP 	Device response: <KeyPress from None: t=272.2360817, value=l, duration=None>
272.2430 	EXP 	New trial (rep=0, index=205): <Trial 205 (205 in rep 0) data={'Task': 'LDT', 'TrialType': 'Target', 'Stimuli': 'sarry', 'StimulusType': 'nonword', 'CorrectResponse': 'a', 'Trialnumb': 186, 'thisN': 205, 'thisTrialN': 205, 'thisRepN': 0}>
272.2507 	EXP 	LDT_fix_text: autoDraw = False
272.2507 	EXP 	LDT_stim_text: autoDraw = False
272.2507 	EXP 	LDT_break_text: autoDraw = False
272.2507 	EXP 	LDT_stim_text: height = np.float64(0.1)
272.2507 	EXP 	LDT_stim_text: height = np.float64(0.1)
272.2507 	EXP 	LDT_stim_text: height = np.float64(0.1)
272.2507 	EXP 	LDT_stim_text: text = 'sarry'
272.2507 	EXP 	LDT_fix_text: autoDraw = True
272.2513 	DATA 	Keypress: l
272.3178 	EXP 	Device response: <KeyPress from None: t=272.2360817, value=l, duration=0.07987070000001495>
272.7346 	EXP 	LDT_stim_text: autoDraw = True
272.7429 	EXP 	LDT_fix_text: autoDraw = False
273.3689 	EXP 	Device response: <KeyPress from None: t=273.3634926, value=a, duration=None>
273.3691 	EXP 	New trial (rep=0, index=206): <Trial 206 (206 in rep 0) data={'Task': 'LDT', 'TrialType': 'Target', 'Stimuli': 'drove', 'StimulusType': 'word', 'CorrectResponse': 'l', 'Trialnumb': 90, 'thisN': 206, 'thisTrialN': 206, 'thisRepN': 0}>
273.3770 	EXP 	LDT_fix_text: autoDraw = False
273.3770 	EXP 	LDT_stim_text: autoDraw = False
273.3770 	EXP 	LDT_break_text: autoDraw = False
273.3770 	EXP 	LDT_stim_text: height = np.float64(0.1)
273.3770 	EXP 	LDT_stim_text: height = np.float64(0.1)
273.3770 	EXP 	LDT_stim_text: height = np.float64(0.1)
273.3770 	EXP 	LDT_stim_text: text = 'drove'
273.3770 	EXP 	LDT_fix_text: autoDraw = True
273.3776 	DATA 	Keypress: a
273.4440 	EXP 	Device response: <KeyPress from None: t=273.3634926, value=a, duration=0.08012150000001839>
273.8608 	EXP 	LDT_stim_text: autoDraw = True
273.8690 	EXP 	LDT_fix_text: autoDraw = False
274.5116 	EXP 	Device response: <KeyPress from None: t=274.50812859999996, value=l, duration=None>
274.5119 	EXP 	New trial (rep=0, index=207): <Trial 207 (207 in rep 0) data={'Task': 'LDT', 'TrialType': 'Target', 'Stimuli': 'set', 'StimulusType': 'word', 'CorrectResponse': 'l', 'Trialnumb': 36, 'thisN': 207, 'thisTrialN': 207, 'thisRepN': 0}>
274.5197 	EXP 	LDT_fix_text: autoDraw = False
274.5197 	EXP 	LDT_stim_text: autoDraw = False
274.5197 	EXP 	LDT_break_text: autoDraw = False
274.5197 	EXP 	LDT_stim_text: height = np.float64(0.1)
274.5197 	EXP 	LDT_stim_text: height = np.float64(0.1)
274.5197 	EXP 	LDT_stim_text: height = np.float64(0.1)
274.5197 	EXP 	LDT_stim_text: text = 'set'
274.5197 	EXP 	LDT_fix_text: autoDraw = True
274.5203 	DATA 	Keypress: l
274.6118 	EXP 	Device response: <KeyPress from None: t=274.50812859999996, value=l, duration=0.09622569999999087>
275.0035 	EXP 	LDT_stim_text: autoDraw = True
275.0118 	EXP 	LDT_fix_text: autoDraw = False
275.4376 	EXP 	Device response: <KeyPress from None: t=275.4360587, value=a, duration=None>
275.4379 	EXP 	New trial (rep=0, index=208): <Trial 208 (208 in rep 0) data={'Task': 'LDT', 'TrialType': 'Target', 'Stimuli': 'cast', 'StimulusType': 'word', 'CorrectResponse': 'l', 'Trialnumb': 95, 'thisN': 208, 'thisTrialN': 208, 'thisRepN': 0}>
275.4456 	EXP 	LDT_fix_text: autoDraw = False
275.4456 	EXP 	LDT_stim_text: autoDraw = False
275.4456 	EXP 	LDT_break_text: autoDraw = False
275.4456 	EXP 	LDT_stim_text: height = np.float64(0.1)
275.4456 	EXP 	LDT_stim_text: height = np.float64(0.1)
275.4456 	EXP 	LDT_stim_text: height = np.float64(0.1)
275.4456 	EXP 	LDT_stim_text: text = 'cast'
275.4456 	EXP 	LDT_fix_text: autoDraw = True
275.4462 	DATA 	Keypress: a
275.5294 	EXP 	Device response: <KeyPress from None: t=275.4360587, value=a, duration=0.087729999999965>
275.7962 	EXP 	Device response: <KeyPress from None: t=275.78805909999994, value=l, duration=None>
275.8048 	DATA 	Keypress: l
275.8547 	EXP 	Device response: <KeyPress from None: t=275.78805909999994, value=l, duration=0.06430270000009841>
275.9294 	EXP 	LDT_stim_text: autoDraw = True
275.9378 	EXP 	LDT_fix_text: autoDraw = False
276.4637 	EXP 	Device response: <KeyPress from None: t=276.4600895, value=l, duration=None>
276.4639 	EXP 	New trial (rep=0, index=209): <Trial 209 (209 in rep 0) data={'Task': 'LDT', 'TrialType': 'Target', 'Stimuli': 'jite', 'StimulusType': 'nonword', 'CorrectResponse': 'a', 'Trialnumb': 160, 'thisN': 209, 'thisTrialN': 209, 'thisRepN': 0}>
276.4716 	EXP 	LDT_fix_text: autoDraw = False
276.4716 	EXP 	LDT_stim_text: autoDraw = False
276.4716 	EXP 	LDT_break_text: autoDraw = False
276.4716 	EXP 	LDT_stim_text: height = np.float64(0.1)
276.4716 	EXP 	LDT_stim_text: height = np.float64(0.1)
276.4716 	EXP 	LDT_stim_text: height = np.float64(0.1)
276.4716 	EXP 	LDT_stim_text: text = 'jite'
276.4716 	EXP 	LDT_fix_text: autoDraw = True
276.4722 	DATA 	Keypress: l
276.5304 	EXP 	Device response: <KeyPress from None: t=276.4600895, value=l, duration=0.06515120000005936>
276.9555 	EXP 	LDT_stim_text: autoDraw = True
276.9638 	EXP 	LDT_fix_text: autoDraw = False
277.5229 	EXP 	Device response: <KeyPress from None: t=277.5157219, value=a, duration=None>
277.5233 	EXP 	New trial (rep=0, index=210): <Trial 210 (210 in rep 0) data={'Task': 'LDT', 'TrialType': 'Target', 'Stimuli': 'hork', 'StimulusType': 'nonword', 'CorrectResponse': 'a', 'Trialnumb': 156, 'thisN': 210, 'thisTrialN': 210, 'thisRepN': 0}>
277.5311 	EXP 	LDT_fix_text: autoDraw = False
277.5311 	EXP 	LDT_stim_text: autoDraw = False
277.5311 	EXP 	LDT_break_text: autoDraw = False
277.5311 	EXP 	LDT_stim_text: height = np.float64(0.1)
277.5311 	EXP 	LDT_stim_text: height = np.float64(0.1)
277.5311 	EXP 	LDT_stim_text: height = np.float64(0.1)
277.5311 	EXP 	LDT_stim_text: text = 'hork'
277.5311 	EXP 	LDT_fix_text: autoDraw = True
277.5317 	DATA 	Keypress: a
277.5980 	EXP 	Device response: <KeyPress from None: t=277.5157219, value=a, duration=0.08054670000001352>
278.0148 	EXP 	LDT_stim_text: autoDraw = True
278.0232 	EXP 	LDT_fix_text: autoDraw = False
278.4406 	EXP 	Device response: <KeyPress from None: t=278.43634499999996, value=l, duration=None>
278.4409 	EXP 	New trial (rep=0, index=211): <Trial 211 (211 in rep 0) data={'Task': 'LDT', 'TrialType': 'Target', 'Stimuli': 'tuke', 'StimulusType': 'nonword', 'CorrectResponse': 'a', 'Trialnumb': 208, 'thisN': 211, 'thisTrialN': 211, 'thisRepN': 0}>
278.4486 	EXP 	LDT_fix_text: autoDraw = False
278.4486 	EXP 	LDT_stim_text: autoDraw = False
278.4486 	EXP 	LDT_break_text: autoDraw = False
278.4486 	EXP 	LDT_stim_text: height = np.float64(0.1)
278.4486 	EXP 	LDT_stim_text: height = np.float64(0.1)
278.4486 	EXP 	LDT_stim_text: height = np.float64(0.1)
278.4486 	EXP 	LDT_stim_text: text = 'tuke'
278.4486 	EXP 	LDT_fix_text: autoDraw = True
278.4491 	DATA 	Keypress: l
278.5406 	EXP 	Device response: <KeyPress from None: t=278.43634499999996, value=l, duration=0.0962629000000561>
278.9324 	EXP 	LDT_stim_text: autoDraw = True
278.9408 	EXP 	LDT_fix_text: autoDraw = False
279.8002 	EXP 	Device response: <KeyPress from None: t=279.7957781, value=a, duration=None>
279.8005 	EXP 	New trial (rep=0, index=212): <Trial 212 (212 in rep 0) data={'Task': 'LDT', 'TrialType': 'Target', 'Stimuli': 'cled', 'StimulusType': 'nonword', 'CorrectResponse': 'a', 'Trialnumb': 130, 'thisN': 212, 'thisTrialN': 212, 'thisRepN': 0}>
279.8083 	EXP 	LDT_fix_text: autoDraw = False
279.8083 	EXP 	LDT_stim_text: autoDraw = False
279.8083 	EXP 	LDT_break_text: autoDraw = False
279.8083 	EXP 	LDT_stim_text: height = np.float64(0.1)
279.8083 	EXP 	LDT_stim_text: height = np.float64(0.1)
279.8083 	EXP 	LDT_stim_text: height = np.float64(0.1)
279.8083 	EXP 	LDT_stim_text: text = 'cled'
279.8083 	EXP 	LDT_fix_text: autoDraw = True
279.8088 	DATA 	Keypress: a
279.8753 	EXP 	Device response: <KeyPress from None: t=279.7957781, value=a, duration=0.0724036999999953>
280.2921 	EXP 	LDT_stim_text: autoDraw = True
280.3004 	EXP 	LDT_fix_text: autoDraw = False
281.0014 	EXP 	Device response: <KeyPress from None: t=280.9966726, value=a, duration=None>
281.0017 	EXP 	New trial (rep=0, index=213): <Trial 213 (213 in rep 0) data={'Task': 'LDT', 'TrialType': 'Target', 'Stimuli': 'zeer', 'StimulusType': 'nonword', 'CorrectResponse': 'a', 'Trialnumb': 222, 'thisN': 213, 'thisTrialN': 213, 'thisRepN': 0}>
281.0095 	EXP 	LDT_fix_text: autoDraw = False
281.0095 	EXP 	LDT_stim_text: autoDraw = False
281.0095 	EXP 	LDT_break_text: autoDraw = False
281.0095 	EXP 	LDT_stim_text: height = np.float64(0.1)
281.0095 	EXP 	LDT_stim_text: height = np.float64(0.1)
281.0095 	EXP 	LDT_stim_text: height = np.float64(0.1)
281.0095 	EXP 	LDT_stim_text: text = 'zeer'
281.0095 	EXP 	LDT_fix_text: autoDraw = True
281.0100 	DATA 	Keypress: a
281.0931 	EXP 	Device response: <KeyPress from None: t=280.9966726, value=a, duration=0.09484599999996135>
281.4933 	EXP 	LDT_stim_text: autoDraw = True
281.5017 	EXP 	LDT_fix_text: autoDraw = False
282.0358 	EXP 	Device response: <KeyPress from None: t=282.02793699999995, value=a, duration=None>
282.0360 	EXP 	New trial (rep=0, index=214): <Trial 214 (214 in rep 0) data={'Task': 'LDT', 'TrialType': 'Target', 'Stimuli': 'gali', 'StimulusType': 'nonword', 'CorrectResponse': 'a', 'Trialnumb': 113, 'thisN': 214, 'thisTrialN': 214, 'thisRepN': 0}>
282.0438 	EXP 	LDT_fix_text: autoDraw = False
282.0438 	EXP 	LDT_stim_text: autoDraw = False
282.0438 	EXP 	LDT_break_text: autoDraw = False
282.0438 	EXP 	LDT_stim_text: height = np.float64(0.1)
282.0438 	EXP 	LDT_stim_text: height = np.float64(0.1)
282.0438 	EXP 	LDT_stim_text: height = np.float64(0.1)
282.0438 	EXP 	LDT_stim_text: text = 'gali'
282.0438 	EXP 	LDT_fix_text: autoDraw = True
282.0444 	DATA 	Keypress: a
282.0942 	EXP 	Device response: <KeyPress from None: t=282.02793699999995, value=a, duration=0.06455410000000938>
282.5277 	EXP 	LDT_stim_text: autoDraw = True
282.5360 	EXP 	LDT_fix_text: autoDraw = False
283.0452 	EXP 	Device response: <KeyPress from None: t=283.0447703, value=a, duration=None>
283.0455 	EXP 	New trial (rep=0, index=215): <Trial 215 (215 in rep 0) data={'Task': 'LDT', 'TrialType': 'Target', 'Stimuli': 'cean', 'StimulusType': 'nonword', 'CorrectResponse': 'a', 'Trialnumb': 126, 'thisN': 215, 'thisTrialN': 215, 'thisRepN': 0}>
283.0532 	EXP 	LDT_fix_text: autoDraw = False
283.0532 	EXP 	LDT_stim_text: autoDraw = False
283.0532 	EXP 	LDT_break_text: autoDraw = False
283.0532 	EXP 	LDT_stim_text: height = np.float64(0.1)
283.0532 	EXP 	LDT_stim_text: height = np.float64(0.1)
283.0532 	EXP 	LDT_stim_text: height = np.float64(0.1)
283.0532 	EXP 	LDT_stim_text: text = 'cean'
283.0532 	EXP 	LDT_fix_text: autoDraw = True
283.0537 	DATA 	Keypress: a
283.1453 	EXP 	Device response: <KeyPress from None: t=283.0447703, value=a, duration=0.09513790000005429>
283.5370 	EXP 	LDT_stim_text: autoDraw = True
283.5453 	EXP 	LDT_fix_text: autoDraw = False
283.9377 	EXP 	Device response: <KeyPress from None: t=283.93153859999995, value=a, duration=None>
283.9380 	EXP 	New trial (rep=0, index=216): <Trial 216 (216 in rep 0) data={'Task': 'LDT', 'TrialType': 'Target', 'Stimuli': 'part', 'StimulusType': 'word', 'CorrectResponse': 'l', 'Trialnumb': 17, 'thisN': 216, 'thisTrialN': 216, 'thisRepN': 0}>
283.9457 	EXP 	LDT_fix_text: autoDraw = False
283.9457 	EXP 	LDT_stim_text: autoDraw = False
283.9457 	EXP 	LDT_break_text: autoDraw = False
283.9457 	EXP 	LDT_stim_text: height = np.float64(0.1)
283.9457 	EXP 	LDT_stim_text: height = np.float64(0.1)
283.9457 	EXP 	LDT_stim_text: height = np.float64(0.1)
283.9457 	EXP 	LDT_stim_text: text = 'part'
283.9457 	EXP 	LDT_fix_text: autoDraw = True
283.9464 	DATA 	Keypress: a
284.0463 	EXP 	Device response: <KeyPress from None: t=283.93153859999995, value=a, duration=0.1133342000000539>
284.4295 	EXP 	LDT_stim_text: autoDraw = True
284.4379 	EXP 	LDT_fix_text: autoDraw = False
285.0221 	EXP 	Device response: <KeyPress from None: t=285.0212534, value=l, duration=None>
285.0224 	EXP 	New trial (rep=0, index=217): <Trial 217 (217 in rep 0) data={'Task': 'LDT', 'TrialType': 'Target', 'Stimuli': 'slim', 'StimulusType': 'word', 'CorrectResponse': 'l', 'Trialnumb': 111, 'thisN': 217, 'thisTrialN': 217, 'thisRepN': 0}>
285.0302 	EXP 	LDT_fix_text: autoDraw = False
285.0302 	EXP 	LDT_stim_text: autoDraw = False
285.0302 	EXP 	LDT_break_text: autoDraw = False
285.0302 	EXP 	LDT_stim_text: height = np.float64(0.1)
285.0302 	EXP 	LDT_stim_text: height = np.float64(0.1)
285.0302 	EXP 	LDT_stim_text: height = np.float64(0.1)
285.0302 	EXP 	LDT_stim_text: text = 'slim'
285.0302 	EXP 	LDT_fix_text: autoDraw = True
285.0306 	DATA 	Keypress: l
285.1389 	EXP 	Device response: <KeyPress from None: t=285.0212534, value=l, duration=0.11107590000005985>
285.5140 	EXP 	LDT_stim_text: autoDraw = True
285.5223 	EXP 	LDT_fix_text: autoDraw = False
286.1399 	EXP 	Device response: <KeyPress from None: t=286.1316676, value=l, duration=None>
286.1401 	EXP 	New trial (rep=0, index=218): <Trial 218 (218 in rep 0) data={'Task': 'LDT', 'TrialType': 'Target', 'Stimuli': 'bint', 'StimulusType': 'nonword', 'CorrectResponse': 'a', 'Trialnumb': 122, 'thisN': 218, 'thisTrialN': 218, 'thisRepN': 0}>
286.1415 	DATA 	Keypress: l
286.1479 	EXP 	LDT_fix_text: autoDraw = False
286.1479 	EXP 	LDT_stim_text: autoDraw = False
286.1479 	EXP 	LDT_break_text: autoDraw = False
286.1479 	EXP 	LDT_stim_text: height = np.float64(0.1)
286.1479 	EXP 	LDT_stim_text: height = np.float64(0.1)
286.1479 	EXP 	LDT_stim_text: height = np.float64(0.1)
286.1479 	EXP 	LDT_stim_text: text = 'bint'
286.1479 	EXP 	LDT_fix_text: autoDraw = True
286.2234 	EXP 	Device response: <KeyPress from None: t=286.1316676, value=l, duration=0.0878659999999627>
286.6318 	EXP 	LDT_stim_text: autoDraw = True
286.6401 	EXP 	LDT_fix_text: autoDraw = False
287.2994 	EXP 	Device response: <KeyPress from None: t=287.29177719999996, value=a, duration=None>
287.2996 	EXP 	New trial (rep=0, index=219): <Trial 219 (219 in rep 0) data={'Task': 'LDT', 'TrialType': 'Target', 'Stimuli': 'vome', 'StimulusType': 'nonword', 'CorrectResponse': 'a', 'Trialnumb': 213, 'thisN': 219, 'thisTrialN': 219, 'thisRepN': 0}>
287.3074 	EXP 	LDT_fix_text: autoDraw = False
287.3074 	EXP 	LDT_stim_text: autoDraw = False
287.3074 	EXP 	LDT_break_text: autoDraw = False
287.3074 	EXP 	LDT_stim_text: height = np.float64(0.1)
287.3074 	EXP 	LDT_stim_text: height = np.float64(0.1)
287.3074 	EXP 	LDT_stim_text: height = np.float64(0.1)
287.3074 	EXP 	LDT_stim_text: text = 'vome'
287.3074 	EXP 	LDT_fix_text: autoDraw = True
287.3080 	DATA 	Keypress: a
287.3663 	EXP 	Device response: <KeyPress from None: t=287.29177719999996, value=a, duration=0.07200280000006387>
287.7913 	EXP 	LDT_stim_text: autoDraw = True
287.7996 	EXP 	LDT_fix_text: autoDraw = False
288.5089 	EXP 	Device response: <KeyPress from None: t=288.50806839999996, value=a, duration=None>
288.5092 	EXP 	New trial (rep=0, index=220): <Trial 220 (220 in rep 0) data={'Task': 'LDT', 'TrialType': 'Target', 'Stimuli': 'rees', 'StimulusType': 'nonword', 'CorrectResponse': 'a', 'Trialnumb': 184, 'thisN': 220, 'thisTrialN': 220, 'thisRepN': 0}>
288.5171 	EXP 	LDT_fix_text: autoDraw = False
288.5171 	EXP 	LDT_stim_text: autoDraw = False
288.5171 	EXP 	LDT_break_text: autoDraw = False
288.5171 	EXP 	LDT_stim_text: height = np.float64(0.1)
288.5171 	EXP 	LDT_stim_text: height = np.float64(0.1)
288.5171 	EXP 	LDT_stim_text: height = np.float64(0.1)
288.5171 	EXP 	LDT_stim_text: text = 'rees'
288.5171 	EXP 	LDT_fix_text: autoDraw = True
288.5177 	DATA 	Keypress: a
288.6091 	EXP 	Device response: <KeyPress from None: t=288.50806839999996, value=a, duration=0.09600360000001729>
289.0008 	EXP 	LDT_stim_text: autoDraw = True
289.0091 	EXP 	LDT_fix_text: autoDraw = False
289.6434 	EXP 	Device response: <KeyPress from None: t=289.6359923, value=a, duration=None>
289.6436 	EXP 	New trial (rep=0, index=221): <Trial 221 (221 in rep 0) data={'Task': 'LDT', 'TrialType': 'Target', 'Stimuli': 'gray', 'StimulusType': 'word', 'CorrectResponse': 'l', 'Trialnumb': 98, 'thisN': 221, 'thisTrialN': 221, 'thisRepN': 0}>
289.6514 	EXP 	LDT_fix_text: autoDraw = False
289.6514 	EXP 	LDT_stim_text: autoDraw = False
289.6514 	EXP 	LDT_break_text: autoDraw = False
289.6514 	EXP 	LDT_stim_text: height = np.float64(0.1)
289.6514 	EXP 	LDT_stim_text: height = np.float64(0.1)
289.6514 	EXP 	LDT_stim_text: height = np.float64(0.1)
289.6514 	EXP 	LDT_stim_text: text = 'gray'
289.6514 	EXP 	LDT_fix_text: autoDraw = True
289.6520 	DATA 	Keypress: a
289.7268 	EXP 	Device response: <KeyPress from None: t=289.6359923, value=a, duration=0.08752619999995659>
290.1353 	EXP 	LDT_stim_text: autoDraw = True
290.1436 	EXP 	LDT_fix_text: autoDraw = False
290.6527 	EXP 	Device response: <KeyPress from None: t=290.65157999999997, value=l, duration=None>
290.6608 	EXP 	LDT_fix_text: autoDraw = False
290.6608 	EXP 	LDT_stim_text: autoDraw = False
290.6608 	EXP 	LDT_break_text: autoDraw = False
290.6608 	EXP 	end_text: autoDraw = True
290.6614 	DATA 	Keypress: l
290.7528 	EXP 	Device response: <KeyPress from None: t=290.65157999999997, value=l, duration=0.09630960000004052>
293.6555 	EXP 	end_text: autoDraw = False
293.6555 	EXP 	end_text: autoDraw = False
293.6556 	EXP 	online_LDT&KRT: status = STOPPED
