0.8564 	WARNING 	We strongly recommend you activate the PTB sound engine in PsychoPy prefs as the preferred audio engine. Its timing is vastly superior. Your prefs are currently set to use ['sounddevice', 'PTB', 'pyo', 'pygame'] (in that order).
1.6729 	WARNING 	Font Manager failed to load file C:\Users\user\AppData\Local\Microsoft\Windows\Fonts\210 카툰스토리B.ttf
1.6740 	WARNING 	Font Manager failed to load file C:\Users\user\AppData\Local\Microsoft\Windows\Fonts\아리따-돋움(TTF)-Thin.ttf
1.6755 	WARNING 	Font Manager failed to load file C:\Users\user\AppData\Local\Microsoft\Windows\Fonts\a고딕11.ttf
1.6758 	WARNING 	Font Manager failed to load file C:\Users\user\AppData\Local\Microsoft\Windows\Fonts\아리따-돋움(TTF)-SemiBold.ttf
1.6762 	WARNING 	Font Manager failed to load file C:\Users\user\AppData\Local\Microsoft\Windows\Fonts\210 동화책L.ttf
1.6765 	WARNING 	Font Manager failed to load file C:\Users\user\AppData\Local\Microsoft\Windows\Fonts\210 카툰스토리L.ttf
1.6780 	WARNING 	Font Manager failed to load file C:\Users\user\AppData\Local\Microsoft\Windows\Fonts\210 하얀바람B.ttf
1.6791 	WARNING 	Font Manager failed to load file C:\Users\user\AppData\Local\Microsoft\Windows\Fonts\210 씨앗L.ttf
1.6823 	WARNING 	Font Manager failed to load file C:\Users\user\AppData\Local\Microsoft\Windows\Fonts\210 상상공작소B.ttf
1.6831 	WARNING 	Font Manager failed to load file C:\Users\user\AppData\Local\Microsoft\Windows\Fonts\a고딕16.ttf
1.6837 	WARNING 	Font Manager failed to load file C:\Users\user\AppData\Local\Microsoft\Windows\Fonts\210 맨발의청춘R.ttf
1.6855 	WARNING 	Font Manager failed to load file C:\Users\user\AppData\Local\Microsoft\Windows\Fonts\210 콤퓨타세탁B.ttf
1.6861 	WARNING 	Font Manager failed to load file C:\Users\user\AppData\Local\Microsoft\Windows\Fonts\210 하얀바람L.ttf
1.6889 	WARNING 	Font Manager failed to load file C:\Users\user\AppData\Local\Microsoft\Windows\Fonts\210 나무고딕B.ttf
1.6905 	WARNING 	Font Manager failed to load file C:\Users\user\AppData\Local\Microsoft\Windows\Fonts\210 콤퓨타세탁R.ttf
1.6924 	WARNING 	Font Manager failed to load file C:\Users\user\AppData\Local\Microsoft\Windows\Fonts\210 하얀바람R.ttf
1.6977 	WARNING 	Font Manager failed to load file C:\Users\user\AppData\Local\Microsoft\Windows\Fonts\210 씨앗B.ttf
1.6997 	WARNING 	Font Manager failed to load file C:\Users\user\AppData\Local\Microsoft\Windows\Fonts\210 상상공작소L.ttf
1.7047 	WARNING 	Font Manager failed to load file C:\Users\user\AppData\Local\Microsoft\Windows\Fonts\a뉴굴림3.ttf
1.7055 	WARNING 	Font Manager failed to load file C:\Users\user\AppData\Local\Microsoft\Windows\Fonts\아리따-돋움(TTF)-Light.ttf
1.7059 	WARNING 	Font Manager failed to load file C:\Users\user\AppData\Local\Microsoft\Windows\Fonts\210 나무고딕R.ttf
1.7089 	WARNING 	Font Manager failed to load file C:\Users\user\AppData\Local\Microsoft\Windows\Fonts\210 맨발의청춘L.ttf
1.7214 	WARNING 	Font Manager failed to load file C:\Users\user\AppData\Local\Microsoft\Windows\Fonts\아리따-돋움(TTF)-Medium.ttf
1.7238 	WARNING 	Font Manager failed to load file C:\Users\user\AppData\Local\Microsoft\Windows\Fonts\서울남산 장체M.ttf
1.7258 	WARNING 	Font Manager failed to load file C:\Users\user\AppData\Local\Microsoft\Windows\Fonts\서울남산 장체B.ttf
1.7283 	WARNING 	Font Manager failed to load file C:\Users\user\AppData\Local\Microsoft\Windows\Fonts\a시나리오.ttf
1.7366 	WARNING 	Font Manager failed to load file C:\Users\user\AppData\Local\Microsoft\Windows\Fonts\210 카툰스토리R.ttf
1.7369 	WARNING 	Font Manager failed to load file C:\Users\user\AppData\Local\Microsoft\Windows\Fonts\210 맨발의청춘B.ttf
1.7371 	WARNING 	Font Manager failed to load file C:\Users\user\AppData\Local\Microsoft\Windows\Fonts\a고딕15.ttf
1.7385 	WARNING 	Font Manager failed to load file C:\Users\user\AppData\Local\Microsoft\Windows\Fonts\210 동화책R.ttf
1.7422 	WARNING 	Font Manager failed to load file C:\Users\user\AppData\Local\Microsoft\Windows\Fonts\a고딕10.ttf
1.7423 	WARNING 	Font Manager failed to load file C:\Users\user\AppData\Local\Microsoft\Windows\Fonts\210 나무고딕L.ttf
1.7432 	WARNING 	Font Manager failed to load file C:\Users\user\AppData\Local\Microsoft\Windows\Fonts\아리따-돋움(TTF)-Bold.ttf
1.7440 	WARNING 	Font Manager failed to load file C:\Users\user\AppData\Local\Microsoft\Windows\Fonts\a고딕13.ttf
1.7467 	WARNING 	Font Manager failed to load file C:\Users\user\AppData\Local\Microsoft\Windows\Fonts\a뉴굴림1.ttf
1.7476 	WARNING 	Font Manager failed to load file C:\Users\user\AppData\Local\Microsoft\Windows\Fonts\서울남산 장체EB.ttf
1.7495 	WARNING 	Font Manager failed to load file C:\Users\user\AppData\Local\Microsoft\Windows\Fonts\a고딕12.ttf
1.7520 	WARNING 	Font Manager failed to load file C:\Users\user\AppData\Local\Microsoft\Windows\Fonts\a뉴굴림4.ttf
1.7580 	WARNING 	Font Manager failed to load file C:\Users\user\AppData\Local\Microsoft\Windows\Fonts\서울남산 장체L.ttf
1.7586 	WARNING 	Font Manager failed to load file C:\Users\user\AppData\Local\Microsoft\Windows\Fonts\210 콤퓨타세탁L.ttf
1.7607 	WARNING 	Font Manager failed to load file C:\Users\user\AppData\Local\Microsoft\Windows\Fonts\a뉴굴림2.ttf
1.7608 	WARNING 	Font Manager failed to load file C:\Users\user\AppData\Local\Microsoft\Windows\Fonts\210 씨앗R.ttf
1.7614 	WARNING 	Font Manager failed to load file C:\Users\user\AppData\Local\Microsoft\Windows\Fonts\210 상상공작소R.ttf
1.7653 	WARNING 	Font Manager failed to load file C:\Users\user\AppData\Local\Microsoft\Windows\Fonts\210 동화책B.ttf
1.7667 	WARNING 	Font Manager failed to load file C:\Users\user\AppData\Local\Microsoft\Windows\Fonts\서울남산 장체BL.ttf
1.7670 	WARNING 	Font Manager failed to load file C:\Users\user\AppData\Local\Microsoft\Windows\Fonts\a고딕14.ttf
1.7706 	WARNING 	Font Manager failed to load file C:\Users\user\AppData\Local\Microsoft\Windows\Fonts\210 나무고딕EB.ttf
1.7727 	WARNING 	Font Manager failed to load file C:\Users\user\AppData\Local\Microsoft\Windows\Fonts\나눔고딕L.ttf
1.9747 	WARNING 	Font Manager failed to load file C:\Users\user\AppData\Local\Microsoft\Windows\Fonts\210 카툰스토리B.ttf
1.9757 	WARNING 	Font Manager failed to load file C:\Users\user\AppData\Local\Microsoft\Windows\Fonts\아리따-돋움(TTF)-Thin.ttf
1.9772 	WARNING 	Font Manager failed to load file C:\Users\user\AppData\Local\Microsoft\Windows\Fonts\a고딕11.ttf
1.9775 	WARNING 	Font Manager failed to load file C:\Users\user\AppData\Local\Microsoft\Windows\Fonts\아리따-돋움(TTF)-SemiBold.ttf
1.9779 	WARNING 	Font Manager failed to load file C:\Users\user\AppData\Local\Microsoft\Windows\Fonts\210 동화책L.ttf
1.9782 	WARNING 	Font Manager failed to load file C:\Users\user\AppData\Local\Microsoft\Windows\Fonts\210 카툰스토리L.ttf
1.9796 	WARNING 	Font Manager failed to load file C:\Users\user\AppData\Local\Microsoft\Windows\Fonts\210 하얀바람B.ttf
1.9807 	WARNING 	Font Manager failed to load file C:\Users\user\AppData\Local\Microsoft\Windows\Fonts\210 씨앗L.ttf
1.9839 	WARNING 	Font Manager failed to load file C:\Users\user\AppData\Local\Microsoft\Windows\Fonts\210 상상공작소B.ttf
1.9847 	WARNING 	Font Manager failed to load file C:\Users\user\AppData\Local\Microsoft\Windows\Fonts\a고딕16.ttf
1.9853 	WARNING 	Font Manager failed to load file C:\Users\user\AppData\Local\Microsoft\Windows\Fonts\210 맨발의청춘R.ttf
1.9872 	WARNING 	Font Manager failed to load file C:\Users\user\AppData\Local\Microsoft\Windows\Fonts\210 콤퓨타세탁B.ttf
1.9877 	WARNING 	Font Manager failed to load file C:\Users\user\AppData\Local\Microsoft\Windows\Fonts\210 하얀바람L.ttf
1.9904 	WARNING 	Font Manager failed to load file C:\Users\user\AppData\Local\Microsoft\Windows\Fonts\210 나무고딕B.ttf
1.9920 	WARNING 	Font Manager failed to load file C:\Users\user\AppData\Local\Microsoft\Windows\Fonts\210 콤퓨타세탁R.ttf
1.9938 	WARNING 	Font Manager failed to load file C:\Users\user\AppData\Local\Microsoft\Windows\Fonts\210 하얀바람R.ttf
1.9985 	WARNING 	Font Manager failed to load file C:\Users\user\AppData\Local\Microsoft\Windows\Fonts\210 씨앗B.ttf
2.0004 	WARNING 	Font Manager failed to load file C:\Users\user\AppData\Local\Microsoft\Windows\Fonts\210 상상공작소L.ttf
2.0048 	WARNING 	Font Manager failed to load file C:\Users\user\AppData\Local\Microsoft\Windows\Fonts\a뉴굴림3.ttf
2.0055 	WARNING 	Font Manager failed to load file C:\Users\user\AppData\Local\Microsoft\Windows\Fonts\아리따-돋움(TTF)-Light.ttf
2.0059 	WARNING 	Font Manager failed to load file C:\Users\user\AppData\Local\Microsoft\Windows\Fonts\210 나무고딕R.ttf
2.0089 	WARNING 	Font Manager failed to load file C:\Users\user\AppData\Local\Microsoft\Windows\Fonts\210 맨발의청춘L.ttf
2.0212 	WARNING 	Font Manager failed to load file C:\Users\user\AppData\Local\Microsoft\Windows\Fonts\아리따-돋움(TTF)-Medium.ttf
2.0237 	WARNING 	Font Manager failed to load file C:\Users\user\AppData\Local\Microsoft\Windows\Fonts\서울남산 장체M.ttf
2.0258 	WARNING 	Font Manager failed to load file C:\Users\user\AppData\Local\Microsoft\Windows\Fonts\서울남산 장체B.ttf
2.0278 	WARNING 	Font Manager failed to load file C:\Users\user\AppData\Local\Microsoft\Windows\Fonts\a시나리오.ttf
2.0362 	WARNING 	Font Manager failed to load file C:\Users\user\AppData\Local\Microsoft\Windows\Fonts\210 카툰스토리R.ttf
2.0365 	WARNING 	Font Manager failed to load file C:\Users\user\AppData\Local\Microsoft\Windows\Fonts\210 맨발의청춘B.ttf
2.0366 	WARNING 	Font Manager failed to load file C:\Users\user\AppData\Local\Microsoft\Windows\Fonts\a고딕15.ttf
2.0381 	WARNING 	Font Manager failed to load file C:\Users\user\AppData\Local\Microsoft\Windows\Fonts\210 동화책R.ttf
2.0419 	WARNING 	Font Manager failed to load file C:\Users\user\AppData\Local\Microsoft\Windows\Fonts\a고딕10.ttf
2.0420 	WARNING 	Font Manager failed to load file C:\Users\user\AppData\Local\Microsoft\Windows\Fonts\210 나무고딕L.ttf
2.0429 	WARNING 	Font Manager failed to load file C:\Users\user\AppData\Local\Microsoft\Windows\Fonts\아리따-돋움(TTF)-Bold.ttf
2.0437 	WARNING 	Font Manager failed to load file C:\Users\user\AppData\Local\Microsoft\Windows\Fonts\a고딕13.ttf
2.0463 	WARNING 	Font Manager failed to load file C:\Users\user\AppData\Local\Microsoft\Windows\Fonts\a뉴굴림1.ttf
2.0473 	WARNING 	Font Manager failed to load file C:\Users\user\AppData\Local\Microsoft\Windows\Fonts\서울남산 장체EB.ttf
2.0492 	WARNING 	Font Manager failed to load file C:\Users\user\AppData\Local\Microsoft\Windows\Fonts\a고딕12.ttf
2.0516 	WARNING 	Font Manager failed to load file C:\Users\user\AppData\Local\Microsoft\Windows\Fonts\a뉴굴림4.ttf
2.0576 	WARNING 	Font Manager failed to load file C:\Users\user\AppData\Local\Microsoft\Windows\Fonts\서울남산 장체L.ttf
2.0581 	WARNING 	Font Manager failed to load file C:\Users\user\AppData\Local\Microsoft\Windows\Fonts\210 콤퓨타세탁L.ttf
2.0602 	WARNING 	Font Manager failed to load file C:\Users\user\AppData\Local\Microsoft\Windows\Fonts\a뉴굴림2.ttf
2.0603 	WARNING 	Font Manager failed to load file C:\Users\user\AppData\Local\Microsoft\Windows\Fonts\210 씨앗R.ttf
2.0609 	WARNING 	Font Manager failed to load file C:\Users\user\AppData\Local\Microsoft\Windows\Fonts\210 상상공작소R.ttf
2.0649 	WARNING 	Font Manager failed to load file C:\Users\user\AppData\Local\Microsoft\Windows\Fonts\210 동화책B.ttf
2.0664 	WARNING 	Font Manager failed to load file C:\Users\user\AppData\Local\Microsoft\Windows\Fonts\서울남산 장체BL.ttf
2.0667 	WARNING 	Font Manager failed to load file C:\Users\user\AppData\Local\Microsoft\Windows\Fonts\a고딕14.ttf
2.0703 	WARNING 	Font Manager failed to load file C:\Users\user\AppData\Local\Microsoft\Windows\Fonts\210 나무고딕EB.ttf
2.0723 	WARNING 	Font Manager failed to load file C:\Users\user\AppData\Local\Microsoft\Windows\Fonts\나눔고딕L.ttf
12.8701 	EXP 	Created window1 = Window(allowGUI=False, allowStencil=False, autoLog=True, backendConf=UNKNOWN, backgroundFit=<method-wrapper '__getattribute__' of attributeSetter object at 0x000001BBDE9FB280>, backgroundImage=<method-wrapper '__getattribute__' of attributeSetter object at 0x000001BBDE9FB220>, bitsMode=UNKNOWN, blendMode='avg', bpc=(8, 8, 8), color=array([-1., -1., -1.]), colorSpace='rgb', depthBits=8, fullscr=True, gamma=None, gammaErrorPolicy='raise', infoMsg=UNKNOWN, lms=UNKNOWN, monitor=<psychopy.monitors.calibTools.Monitor object at 0x000001BBDECCC5E0>, multiSample=False, name='window1', numSamples=2, pos=[np.float64(0.0), np.float64(0.0)], screen=0, size=array([1920, 1080]), stencilBits=0, stereo=False, title='PsychoPy', units='height', useFBO=True, useRetina=False, viewOri=0.0, viewPos=None, viewScale=None, waitBlanking=True, winType='pyglet')
12.8702 	EXP 	window1: backgroundImage = ''
12.8702 	EXP 	window1: backgroundFit = 'none'
13.1247 	EXP 	window1: Attempting to measure frame rate of screen (0) ...
13.1247 	EXP 	window1: recordFrameIntervals = False
13.2435 	EXP 	window1: recordFrameIntervals = True
13.3345 	EXP 	Screen (0) actual frame rate measured at 121.18Hz
13.3346 	EXP 	window1: recordFrameIntervals = False
14.5330 	EXP 	online_LDT&KRT: status = STARTED
14.6292 	EXP 	Created intro_text = TextStim(__class__=<class 'psychopy.visual.text.TextStim'>, alignHoriz=method-wrapper(...), alignText='center', alignVert=method-wrapper(...), anchorHoriz='center', anchorVert='center', antialias=True, autoDraw=False, autoLog=True, bold=False, color=array([1., 1., 1.]), colorSpace='rgb', contrast=1.0, depth=0.0, draggable=False, flipHoriz=False, flipVert=False, font='NanumGothic', fontFiles=[], height=np.float64(0.03), italic=False, languageStyle='LTR', name='intro_text', opacity=1, ori=0.0, pos=array([0., 0.]), rgb=UNKNOWN, text=str(...), units='height', win=Window(...), wrapWidth=1)
14.6506 	EXP 	Created LDT_intro_instr = TextStim(__class__=<class 'psychopy.visual.text.TextStim'>, alignHoriz=method-wrapper(...), alignText='center', alignVert=method-wrapper(...), anchorHoriz='center', anchorVert='center', antialias=True, autoDraw=False, autoLog=True, bold=False, color=array([1., 1., 1.]), colorSpace='rgb', contrast=1.0, depth=0.0, draggable=False, flipHoriz=False, flipVert=False, font='NanumGothic', fontFiles=[], height=np.float64(0.03), italic=False, languageStyle='LTR', name='LDT_intro_instr', opacity=1, ori=0.0, pos=array([0. , 0.2]), rgb=UNKNOWN, text=str(...), units='height', win=Window(...), wrapWidth=1)
14.6621 	EXP 	Created keyboard_LDT = ImageStim(__class__=<class 'psychopy.visual.image.ImageStim'>, anchor=('center', 'center'), autoLog=True, color=array([1., 1., 1.]), colorSpace='rgb', contrast=1.0, depth=-2.0, draggable=False, flipHoriz=np.False_, flipVert=np.False_, image='keyboard_LDT_RR.png', interpolate=True, mask=None, maskParams=None, name='keyboard_LDT', opacity=1, ori=0.0, pos=array([ 0. , -0.2]), size=array([0.6 , 0.35]), texRes=128.0, units='height', win=Window(...))
14.6650 	EXP 	Created LDT_prac_fix_text = TextStim(__class__=<class 'psychopy.visual.text.TextStim'>, alignHoriz=method-wrapper(...), alignText='center', alignVert=method-wrapper(...), anchorHoriz='center', anchorVert='center', antialias=True, autoDraw=False, autoLog=True, bold=False, color=array([1., 1., 1.]), colorSpace='rgb', contrast=1.0, depth=0.0, draggable=False, flipHoriz=False, flipVert=False, font='NanumGothic', fontFiles=[], height=np.float64(0.1), italic=False, languageStyle='LTR', name='LDT_prac_fix_text', opacity=1, ori=0, pos=array([0., 0.]), rgb=UNKNOWN, text='+', units='height', win=Window(...), wrapWidth=1)
14.6654 	EXP 	Created LDT_prac_stim_text = TextStim(__class__=<class 'psychopy.visual.text.TextStim'>, alignHoriz=method-wrapper(...), alignText='center', alignVert=method-wrapper(...), anchorHoriz='center', anchorVert='center', antialias=True, autoDraw=False, autoLog=True, bold=False, color=array([1., 1., 1.]), colorSpace='rgb', contrast=1.0, depth=-1.0, draggable=False, flipHoriz=False, flipVert=False, font='NanumGothic', fontFiles=[], height=0.1, italic=False, languageStyle='LTR', name='LDT_prac_stim_text', opacity=1, ori=0, pos=array([0., 0.]), rgb=UNKNOWN, text='', units='height', win=Window(...), wrapWidth=1)
14.6661 	EXP 	Created LDT_feedback_text = TextStim(__class__=<class 'psychopy.visual.text.TextStim'>, alignHoriz=method-wrapper(...), alignText='center', alignVert=method-wrapper(...), anchorHoriz='center', anchorVert='center', antialias=True, autoDraw=False, autoLog=True, bold=False, color=array([1., 1., 1.]), colorSpace='rgb', contrast=1.0, depth=-1.0, draggable=False, flipHoriz=False, flipVert=False, font='NanumGothic', fontFiles=[], height=0.05, italic=False, languageStyle='LTR', name='LDT_feedback_text', opacity=1, ori=0, pos=array([0., 0.]), rgb=UNKNOWN, text='', units='height', win=Window(...), wrapWidth=1)
14.6802 	EXP 	Created LDT_instr_text = TextStim(__class__=<class 'psychopy.visual.text.TextStim'>, alignHoriz=method-wrapper(...), alignText='center', alignVert=method-wrapper(...), anchorHoriz='center', anchorVert='center', antialias=True, autoDraw=False, autoLog=True, bold=False, color=array([1., 1., 1.]), colorSpace='rgb', contrast=1.0, depth=0.0, draggable=False, flipHoriz=False, flipVert=False, font='NanumGothic', fontFiles=[], height=np.float64(0.03), italic=False, languageStyle='LTR', name='LDT_instr_text', opacity=1, ori=0, pos=array([0., 0.]), rgb=UNKNOWN, text=str(...), units='height', win=Window(...), wrapWidth=1)
14.6816 	EXP 	Created LDT_fix_text = TextStim(__class__=<class 'psychopy.visual.text.TextStim'>, alignHoriz=method-wrapper(...), alignText='center', alignVert=method-wrapper(...), anchorHoriz='center', anchorVert='center', antialias=True, autoDraw=False, autoLog=True, bold=False, color=array([1., 1., 1.]), colorSpace='rgb', contrast=1.0, depth=0.0, draggable=False, flipHoriz=False, flipVert=False, font='NanumGothic', fontFiles=[], height=np.float64(0.1), italic=False, languageStyle='LTR', name='LDT_fix_text', opacity=1, ori=0, pos=array([0., 0.]), rgb=UNKNOWN, text='+', units='height', win=Window(...), wrapWidth=1)
14.6820 	EXP 	Created LDT_stim_text = TextStim(__class__=<class 'psychopy.visual.text.TextStim'>, alignHoriz=method-wrapper(...), alignText='center', alignVert=method-wrapper(...), anchorHoriz='center', anchorVert='center', antialias=True, autoDraw=False, autoLog=True, bold=False, color=array([1., 1., 1.]), colorSpace='rgb', contrast=1.0, depth=-1.0, draggable=False, flipHoriz=False, flipVert=False, font='NanumGothic', fontFiles=[], height=0.1, italic=False, languageStyle='LTR', name='LDT_stim_text', opacity=1, ori=0, pos=array([0., 0.]), rgb=UNKNOWN, text='', units='height', win=Window(...), wrapWidth=1)
14.6877 	EXP 	Created LDT_break_text = TextStim(__class__=<class 'psychopy.visual.text.TextStim'>, alignHoriz=method-wrapper(...), alignText='center', alignVert=method-wrapper(...), anchorHoriz='center', anchorVert='center', antialias=True, autoDraw=False, autoLog=True, bold=False, color=array([1., 1., 1.]), colorSpace='rgb', contrast=1.0, depth=-1.0, draggable=False, flipHoriz=False, flipVert=False, font='NanumGothic', fontFiles=[], height=np.float64(0.03), italic=False, languageStyle='LTR', name='LDT_break_text', opacity=1, ori=0.0, pos=array([0., 0.]), rgb=UNKNOWN, text=str(...), units='height', win=Window(...), wrapWidth=1)
14.6930 	EXP 	Created end_text = TextStim(__class__=<class 'psychopy.visual.text.TextStim'>, alignHoriz=method-wrapper(...), alignText='center', alignVert=method-wrapper(...), anchorHoriz='center', anchorVert='center', antialias=True, autoDraw=False, autoLog=True, bold=False, color=array([1., 1., 1.]), colorSpace='rgb', contrast=1.0, depth=0.0, draggable=False, flipHoriz=False, flipVert=False, font='NanumGothic', fontFiles=[], height=np.float64(0.03), italic=False, languageStyle='LTR', name='end_text', opacity=1, ori=0, pos=array([0., 0.]), rgb=UNKNOWN, text='실험이 종료되었습니다. \n\n실험에 참여해 주셔서 감사합니다.\n\n', units='height', win=Window(...), wrapWidth=1)
0.0175 	EXP 	intro_text: autoDraw = True
1.9095 	EXP 	Device response: <KeyPress from None: t=1.8559844000010344, value=space, duration=None>
1.9196 	EXP 	intro_text: autoDraw = False
1.9196 	EXP 	LDT_intro_instr: autoDraw = True
1.9196 	EXP 	keyboard_LDT: autoDraw = True
1.9203 	DATA 	Keypress: space
1.9698 	EXP 	Device response: <KeyPress from None: t=1.8559844000010344, value=space, duration=0.11198049999984505>
19.5956 	EXP 	Device response: <KeyPress from None: t=19.59200580000106, value=space, duration=None>
19.6001 	EXP 	Imported LDT_pracStim.xlsx as conditions, 10 conditions, 5 params
19.6003 	EXP 	New trial (rep=0, index=0): <Trial 0 (0 in rep 0) data={'Task': 'LDT', 'TrialType': 'Practice', 'Stimuli': 'truck', 'CorrectResponse': 'l', 'StimulusType': 'word', 'thisN': 0, 'thisTrialN': 0, 'thisRepN': 0}>
19.6120 	EXP 	LDT_intro_instr: autoDraw = False
19.6120 	EXP 	keyboard_LDT: autoDraw = False
19.6120 	EXP 	LDT_prac_stim_text: height = np.float64(0.1)
19.6120 	EXP 	LDT_prac_stim_text: height = np.float64(0.1)
19.6120 	EXP 	LDT_prac_stim_text: height = np.float64(0.1)
19.6120 	EXP 	LDT_prac_stim_text: text = 'truck'
19.6120 	EXP 	LDT_prac_fix_text: autoDraw = True
19.6126 	DATA 	Keypress: space
19.6874 	EXP 	Device response: <KeyPress from None: t=19.59200580000106, value=space, duration=0.08777079999890702>
20.0875 	EXP 	LDT_prac_stim_text: autoDraw = True
20.1042 	EXP 	LDT_prac_fix_text: autoDraw = False
20.8136 	EXP 	Device response: <KeyPress from None: t=20.808459600000788, value=l, duration=None>
20.8218 	EXP 	LDT_prac_fix_text: autoDraw = False
20.8218 	EXP 	LDT_prac_stim_text: autoDraw = False
20.8218 	EXP 	LDT_feedback_text: height = np.float64(0.05)
20.8218 	EXP 	LDT_feedback_text: height = np.float64(0.05)
20.8218 	EXP 	LDT_feedback_text: height = np.float64(0.05)
20.8218 	EXP 	LDT_feedback_text: text = '정답입니다!'
20.8218 	EXP 	LDT_feedback_text: autoDraw = True
20.8223 	DATA 	Keypress: l
20.9471 	EXP 	Device response: <KeyPress from None: t=20.808459600000788, value=l, duration=0.1360638000005565>
21.8061 	EXP 	New trial (rep=0, index=1): <Trial 1 (1 in rep 0) data={'Task': 'LDT', 'TrialType': 'Practice', 'Stimuli': 'lankua', 'CorrectResponse': 'a', 'StimulusType': 'nonword', 'thisN': 1, 'thisTrialN': 1, 'thisRepN': 0}>
21.8142 	EXP 	LDT_feedback_text: autoDraw = False
21.8142 	EXP 	LDT_feedback_text: autoDraw = False
21.8142 	EXP 	LDT_prac_stim_text: height = np.float64(0.1)
21.8142 	EXP 	LDT_prac_stim_text: height = np.float64(0.1)
21.8142 	EXP 	LDT_prac_stim_text: height = np.float64(0.1)
21.8142 	EXP 	LDT_prac_stim_text: text = 'lankua'
21.8142 	EXP 	LDT_prac_fix_text: autoDraw = True
22.3064 	EXP 	LDT_prac_fix_text: autoDraw = False
22.3064 	EXP 	LDT_prac_stim_text: autoDraw = True
23.0157 	EXP 	Device response: <KeyPress from None: t=23.00817150000148, value=a, duration=None>
23.0238 	EXP 	LDT_prac_fix_text: autoDraw = False
23.0238 	EXP 	LDT_prac_stim_text: autoDraw = False
23.0238 	EXP 	LDT_feedback_text: text = '정답입니다!'
23.0238 	EXP 	LDT_feedback_text: autoDraw = True
23.0243 	DATA 	Keypress: a
23.1493 	EXP 	Device response: <KeyPress from None: t=23.00817150000148, value=a, duration=0.13534309999886318>
24.0083 	EXP 	New trial (rep=0, index=2): <Trial 2 (2 in rep 0) data={'Task': 'LDT', 'TrialType': 'Practice', 'Stimuli': 'yami', 'CorrectResponse': 'a', 'StimulusType': 'nonword', 'thisN': 2, 'thisTrialN': 2, 'thisRepN': 0}>
24.0165 	EXP 	LDT_feedback_text: autoDraw = False
24.0165 	EXP 	LDT_feedback_text: autoDraw = False
24.0165 	EXP 	LDT_prac_stim_text: height = np.float64(0.1)
24.0165 	EXP 	LDT_prac_stim_text: height = np.float64(0.1)
24.0165 	EXP 	LDT_prac_stim_text: height = np.float64(0.1)
24.0165 	EXP 	LDT_prac_stim_text: text = 'yami'
24.0165 	EXP 	LDT_prac_fix_text: autoDraw = True
24.5085 	EXP 	LDT_prac_fix_text: autoDraw = False
24.5085 	EXP 	LDT_prac_stim_text: autoDraw = True
24.9928 	EXP 	Device response: <KeyPress from None: t=24.992507200000546, value=a, duration=None>
25.0007 	EXP 	LDT_prac_fix_text: autoDraw = False
25.0007 	EXP 	LDT_prac_stim_text: autoDraw = False
25.0007 	EXP 	LDT_feedback_text: text = '정답입니다!'
25.0007 	EXP 	LDT_feedback_text: autoDraw = True
25.0012 	DATA 	Keypress: a
25.1262 	EXP 	Device response: <KeyPress from None: t=24.992507200000546, value=a, duration=0.127774300000965>
25.9853 	EXP 	New trial (rep=0, index=3): <Trial 3 (3 in rep 0) data={'Task': 'LDT', 'TrialType': 'Practice', 'Stimuli': 'jeong', 'CorrectResponse': 'a', 'StimulusType': 'nonword', 'thisN': 3, 'thisTrialN': 3, 'thisRepN': 0}>
25.9934 	EXP 	LDT_feedback_text: autoDraw = False
25.9934 	EXP 	LDT_feedback_text: autoDraw = False
25.9934 	EXP 	LDT_prac_stim_text: height = np.float64(0.1)
25.9934 	EXP 	LDT_prac_stim_text: height = np.float64(0.1)
25.9934 	EXP 	LDT_prac_stim_text: height = np.float64(0.1)
25.9934 	EXP 	LDT_prac_stim_text: text = 'jeong'
25.9934 	EXP 	LDT_prac_fix_text: autoDraw = True
26.4855 	EXP 	LDT_prac_fix_text: autoDraw = False
26.4855 	EXP 	LDT_prac_stim_text: autoDraw = True
26.9447 	EXP 	Device response: <KeyPress from None: t=26.944414500001585, value=a, duration=None>
26.9527 	EXP 	LDT_prac_fix_text: autoDraw = False
26.9527 	EXP 	LDT_prac_stim_text: autoDraw = False
26.9527 	EXP 	LDT_feedback_text: text = '정답입니다!'
26.9527 	EXP 	LDT_feedback_text: autoDraw = True
26.9533 	DATA 	Keypress: a
27.0781 	EXP 	Device response: <KeyPress from None: t=26.944414500001585, value=a, duration=0.12739089999922726>
27.9373 	EXP 	New trial (rep=0, index=4): <Trial 4 (4 in rep 0) data={'Task': 'LDT', 'TrialType': 'Practice', 'Stimuli': 'cluerk', 'CorrectResponse': 'a', 'StimulusType': 'nonword', 'thisN': 4, 'thisTrialN': 4, 'thisRepN': 0}>
27.9456 	EXP 	LDT_feedback_text: autoDraw = False
27.9456 	EXP 	LDT_feedback_text: autoDraw = False
27.9456 	EXP 	LDT_prac_stim_text: height = np.float64(0.1)
27.9456 	EXP 	LDT_prac_stim_text: height = np.float64(0.1)
27.9456 	EXP 	LDT_prac_stim_text: height = np.float64(0.1)
27.9456 	EXP 	LDT_prac_stim_text: text = 'cluerk'
27.9456 	EXP 	LDT_prac_fix_text: autoDraw = True
28.4375 	EXP 	LDT_prac_fix_text: autoDraw = False
28.4375 	EXP 	LDT_prac_stim_text: autoDraw = True
28.9717 	EXP 	Device response: <KeyPress from None: t=28.968106600001192, value=a, duration=None>
28.9797 	EXP 	LDT_prac_fix_text: autoDraw = False
28.9797 	EXP 	LDT_prac_stim_text: autoDraw = False
28.9797 	EXP 	LDT_feedback_text: text = '정답입니다!'
28.9797 	EXP 	LDT_feedback_text: autoDraw = True
28.9802 	DATA 	Keypress: a
29.1052 	EXP 	Device response: <KeyPress from None: t=28.968106600001192, value=a, duration=0.1355705999994825>
29.9643 	EXP 	New trial (rep=0, index=5): <Trial 5 (5 in rep 0) data={'Task': 'LDT', 'TrialType': 'Practice', 'Stimuli': 'format', 'CorrectResponse': 'l', 'StimulusType': 'word', 'thisN': 5, 'thisTrialN': 5, 'thisRepN': 0}>
29.9724 	EXP 	LDT_feedback_text: autoDraw = False
29.9724 	EXP 	LDT_feedback_text: autoDraw = False
29.9724 	EXP 	LDT_prac_stim_text: height = np.float64(0.1)
29.9724 	EXP 	LDT_prac_stim_text: height = np.float64(0.1)
29.9724 	EXP 	LDT_prac_stim_text: height = np.float64(0.1)
29.9724 	EXP 	LDT_prac_stim_text: text = 'format'
29.9724 	EXP 	LDT_prac_fix_text: autoDraw = True
30.4645 	EXP 	LDT_prac_fix_text: autoDraw = False
30.4645 	EXP 	LDT_prac_stim_text: autoDraw = True
30.9653 	EXP 	Device response: <KeyPress from None: t=30.959660300000905, value=l, duration=None>
30.9733 	EXP 	LDT_prac_fix_text: autoDraw = False
30.9733 	EXP 	LDT_prac_stim_text: autoDraw = False
30.9733 	EXP 	LDT_feedback_text: text = '정답입니다!'
30.9733 	EXP 	LDT_feedback_text: autoDraw = True
30.9739 	DATA 	Keypress: l
31.0488 	EXP 	Device response: <KeyPress from None: t=30.959660300000905, value=l, duration=0.08841639999991457>
31.9581 	EXP 	New trial (rep=0, index=6): <Trial 6 (6 in rep 0) data={'Task': 'LDT', 'TrialType': 'Practice', 'Stimuli': 'cucumber', 'CorrectResponse': 'l', 'StimulusType': 'word', 'thisN': 6, 'thisTrialN': 6, 'thisRepN': 0}>
31.9660 	EXP 	LDT_feedback_text: autoDraw = False
31.9660 	EXP 	LDT_feedback_text: autoDraw = False
31.9660 	EXP 	LDT_prac_stim_text: height = np.float64(0.1)
31.9660 	EXP 	LDT_prac_stim_text: height = np.float64(0.1)
31.9660 	EXP 	LDT_prac_stim_text: height = np.float64(0.1)
31.9660 	EXP 	LDT_prac_stim_text: text = 'cucumber'
31.9660 	EXP 	LDT_prac_fix_text: autoDraw = True
32.4582 	EXP 	LDT_prac_fix_text: autoDraw = False
32.4582 	EXP 	LDT_prac_stim_text: autoDraw = True
33.1591 	EXP 	Device response: <KeyPress from None: t=33.15235170000051, value=l, duration=None>
33.1672 	EXP 	LDT_prac_fix_text: autoDraw = False
33.1672 	EXP 	LDT_prac_stim_text: autoDraw = False
33.1672 	EXP 	LDT_feedback_text: text = '정답입니다!'
33.1672 	EXP 	LDT_feedback_text: autoDraw = True
33.1677 	DATA 	Keypress: l
33.2342 	EXP 	Device response: <KeyPress from None: t=33.15235170000051, value=l, duration=0.08063770000080694>
34.1518 	EXP 	New trial (rep=0, index=7): <Trial 7 (7 in rep 0) data={'Task': 'LDT', 'TrialType': 'Practice', 'Stimuli': 'huftuk', 'CorrectResponse': 'a', 'StimulusType': 'nonword', 'thisN': 7, 'thisTrialN': 7, 'thisRepN': 0}>
34.1598 	EXP 	LDT_feedback_text: autoDraw = False
34.1598 	EXP 	LDT_feedback_text: autoDraw = False
34.1598 	EXP 	LDT_prac_stim_text: height = np.float64(0.1)
34.1598 	EXP 	LDT_prac_stim_text: height = np.float64(0.1)
34.1598 	EXP 	LDT_prac_stim_text: height = np.float64(0.1)
34.1598 	EXP 	LDT_prac_stim_text: text = 'huftuk'
34.1598 	EXP 	LDT_prac_fix_text: autoDraw = True
34.6520 	EXP 	LDT_prac_fix_text: autoDraw = False
34.6520 	EXP 	LDT_prac_stim_text: autoDraw = True
35.1111 	EXP 	Device response: <KeyPress from None: t=35.10410200000115, value=a, duration=None>
35.1191 	EXP 	LDT_prac_fix_text: autoDraw = False
35.1191 	EXP 	LDT_prac_stim_text: autoDraw = False
35.1191 	EXP 	LDT_feedback_text: text = '정답입니다!'
35.1191 	EXP 	LDT_feedback_text: autoDraw = True
35.1197 	DATA 	Keypress: a
35.2528 	EXP 	Device response: <KeyPress from None: t=35.10410200000115, value=a, duration=0.14528769999924407>
36.1037 	EXP 	New trial (rep=0, index=8): <Trial 8 (8 in rep 0) data={'Task': 'LDT', 'TrialType': 'Practice', 'Stimuli': 'concept', 'CorrectResponse': 'l', 'StimulusType': 'word', 'thisN': 8, 'thisTrialN': 8, 'thisRepN': 0}>
36.1118 	EXP 	LDT_feedback_text: autoDraw = False
36.1118 	EXP 	LDT_feedback_text: autoDraw = False
36.1118 	EXP 	LDT_prac_stim_text: height = np.float64(0.1)
36.1118 	EXP 	LDT_prac_stim_text: height = np.float64(0.1)
36.1118 	EXP 	LDT_prac_stim_text: height = np.float64(0.1)
36.1118 	EXP 	LDT_prac_stim_text: text = 'concept'
36.1118 	EXP 	LDT_prac_fix_text: autoDraw = True
36.6040 	EXP 	LDT_prac_fix_text: autoDraw = False
36.6040 	EXP 	LDT_prac_stim_text: autoDraw = True
37.0798 	EXP 	Device response: <KeyPress from None: t=37.07212880000043, value=l, duration=None>
37.0878 	EXP 	LDT_prac_fix_text: autoDraw = False
37.0878 	EXP 	LDT_prac_stim_text: autoDraw = False
37.0878 	EXP 	LDT_feedback_text: text = '정답입니다!'
37.0878 	EXP 	LDT_feedback_text: autoDraw = True
37.0883 	DATA 	Keypress: l
37.1548 	EXP 	Device response: <KeyPress from None: t=37.07212880000043, value=l, duration=0.08033509999950184>
38.0724 	EXP 	New trial (rep=0, index=9): <Trial 9 (9 in rep 0) data={'Task': 'LDT', 'TrialType': 'Practice', 'Stimuli': 'baseball', 'CorrectResponse': 'l', 'StimulusType': 'word', 'thisN': 9, 'thisTrialN': 9, 'thisRepN': 0}>
38.0804 	EXP 	LDT_feedback_text: autoDraw = False
38.0804 	EXP 	LDT_feedback_text: autoDraw = False
38.0804 	EXP 	LDT_prac_stim_text: height = np.float64(0.1)
38.0804 	EXP 	LDT_prac_stim_text: height = np.float64(0.1)
38.0804 	EXP 	LDT_prac_stim_text: height = np.float64(0.1)
38.0804 	EXP 	LDT_prac_stim_text: text = 'baseball'
38.0804 	EXP 	LDT_prac_fix_text: autoDraw = True
38.5725 	EXP 	LDT_prac_fix_text: autoDraw = False
38.5725 	EXP 	LDT_prac_stim_text: autoDraw = True
39.0232 	EXP 	Device response: <KeyPress from None: t=39.01576220000061, value=l, duration=None>
39.0314 	EXP 	LDT_prac_fix_text: autoDraw = False
39.0314 	EXP 	LDT_prac_stim_text: autoDraw = False
39.0314 	EXP 	LDT_feedback_text: text = '정답입니다!'
39.0314 	EXP 	LDT_feedback_text: autoDraw = True
39.0320 	DATA 	Keypress: l
39.1233 	EXP 	Device response: <KeyPress from None: t=39.01576220000061, value=l, duration=0.10497919999943406>
40.0240 	EXP 	LDT_feedback_text: autoDraw = False
40.0240 	EXP 	LDT_feedback_text: autoDraw = False
40.0240 	EXP 	LDT_instr_text: autoDraw = True
52.3866 	EXP 	Device response: <KeyPress from None: t=52.38440340000125, value=space, duration=None>
52.4056 	EXP 	Imported LDT_Stim.xlsx as conditions, 222 conditions, 6 params
52.4066 	EXP 	New trial (rep=0, index=0): <Trial 0 (0 in rep 0) data={'Task': 'LDT', 'TrialType': 'Target', 'Stimuli': 'lals', 'StimulusType': 'nonword', 'CorrectResponse': 'a', 'Trialnumb': 167, 'thisN': 0, 'thisTrialN': 0, 'thisRepN': 0}>
52.4110 	EXP 	LDT_instr_text: autoDraw = False
52.4110 	EXP 	LDT_stim_text: height = np.float64(0.1)
52.4110 	EXP 	LDT_stim_text: height = np.float64(0.1)
52.4110 	EXP 	LDT_stim_text: height = np.float64(0.1)
52.4110 	EXP 	LDT_stim_text: text = 'lals'
52.4110 	EXP 	LDT_fix_text: autoDraw = True
52.4115 	DATA 	Keypress: space
52.4866 	EXP 	Device response: <KeyPress from None: t=52.38440340000125, value=space, duration=0.09528019999925164>
52.8785 	EXP 	LDT_stim_text: autoDraw = True
52.9035 	EXP 	LDT_fix_text: autoDraw = False
53.3876 	EXP 	Device response: <KeyPress from None: t=53.38494100000025, value=a, duration=None>
53.3878 	EXP 	New trial (rep=0, index=1): <Trial 1 (1 in rep 0) data={'Task': 'LDT', 'TrialType': 'Target', 'Stimuli': 'wass', 'StimulusType': 'nonword', 'CorrectResponse': 'a', 'Trialnumb': 215, 'thisN': 1, 'thisTrialN': 1, 'thisRepN': 0}>
53.3957 	EXP 	LDT_fix_text: autoDraw = False
53.3957 	EXP 	LDT_stim_text: autoDraw = False
53.3957 	EXP 	LDT_break_text: autoDraw = False
53.3957 	EXP 	LDT_stim_text: height = np.float64(0.1)
53.3957 	EXP 	LDT_stim_text: height = np.float64(0.1)
53.3957 	EXP 	LDT_stim_text: height = np.float64(0.1)
53.3957 	EXP 	LDT_stim_text: text = 'wass'
53.3957 	EXP 	LDT_fix_text: autoDraw = True
53.3963 	DATA 	Keypress: a
53.5045 	EXP 	Device response: <KeyPress from None: t=53.38494100000025, value=a, duration=0.11878270000124758>
53.8795 	EXP 	LDT_stim_text: autoDraw = True
53.8879 	EXP 	LDT_fix_text: autoDraw = False
54.4053 	EXP 	Device response: <KeyPress from None: t=54.399945500001195, value=l, duration=None>
54.4056 	EXP 	New trial (rep=0, index=2): <Trial 2 (2 in rep 0) data={'Task': 'LDT', 'TrialType': 'Target', 'Stimuli': 'lill', 'StimulusType': 'nonword', 'CorrectResponse': 'a', 'Trialnumb': 168, 'thisN': 2, 'thisTrialN': 2, 'thisRepN': 0}>
54.4133 	EXP 	LDT_fix_text: autoDraw = False
54.4133 	EXP 	LDT_stim_text: autoDraw = False
54.4133 	EXP 	LDT_break_text: autoDraw = False
54.4133 	EXP 	LDT_stim_text: height = np.float64(0.1)
54.4133 	EXP 	LDT_stim_text: height = np.float64(0.1)
54.4133 	EXP 	LDT_stim_text: height = np.float64(0.1)
54.4133 	EXP 	LDT_stim_text: text = 'lill'
54.4133 	EXP 	LDT_fix_text: autoDraw = True
54.4139 	DATA 	Keypress: l
54.5137 	EXP 	Device response: <KeyPress from None: t=54.399945500001195, value=l, duration=0.11170940000010887>
54.8972 	EXP 	LDT_stim_text: autoDraw = True
54.9055 	EXP 	LDT_fix_text: autoDraw = False
55.3729 	EXP 	Device response: <KeyPress from None: t=55.36827120000089, value=l, duration=None>
55.3731 	EXP 	New trial (rep=0, index=3): <Trial 3 (3 in rep 0) data={'Task': 'LDT', 'TrialType': 'Target', 'Stimuli': 'yine', 'StimulusType': 'nonword', 'CorrectResponse': 'a', 'Trialnumb': 220, 'thisN': 3, 'thisTrialN': 3, 'thisRepN': 0}>
55.3810 	EXP 	LDT_fix_text: autoDraw = False
55.3810 	EXP 	LDT_stim_text: autoDraw = False
55.3810 	EXP 	LDT_break_text: autoDraw = False
55.3810 	EXP 	LDT_stim_text: height = np.float64(0.1)
55.3810 	EXP 	LDT_stim_text: height = np.float64(0.1)
55.3810 	EXP 	LDT_stim_text: height = np.float64(0.1)
55.3810 	EXP 	LDT_stim_text: text = 'yine'
55.3810 	EXP 	LDT_fix_text: autoDraw = True
55.3816 	DATA 	Keypress: l
55.4814 	EXP 	Device response: <KeyPress from None: t=55.36827120000089, value=l, duration=0.11209520000011253>
55.8648 	EXP 	LDT_stim_text: autoDraw = True
55.8731 	EXP 	LDT_fix_text: autoDraw = False
56.5658 	EXP 	Device response: <KeyPress from None: t=56.55983970000125, value=l, duration=None>
56.5660 	EXP 	New trial (rep=0, index=4): <Trial 4 (4 in rep 0) data={'Task': 'LDT', 'TrialType': 'Target', 'Stimuli': 'loak', 'StimulusType': 'nonword', 'CorrectResponse': 'a', 'Trialnumb': 169, 'thisN': 4, 'thisTrialN': 4, 'thisRepN': 0}>
56.5738 	EXP 	LDT_fix_text: autoDraw = False
56.5738 	EXP 	LDT_stim_text: autoDraw = False
56.5738 	EXP 	LDT_break_text: autoDraw = False
56.5738 	EXP 	LDT_stim_text: height = np.float64(0.1)
56.5738 	EXP 	LDT_stim_text: height = np.float64(0.1)
56.5738 	EXP 	LDT_stim_text: height = np.float64(0.1)
56.5738 	EXP 	LDT_stim_text: text = 'loak'
56.5738 	EXP 	LDT_fix_text: autoDraw = True
56.5744 	DATA 	Keypress: l
56.5909 	EXP 	Device response: <KeyPress from None: t=56.58359610000116, value=a, duration=None>
56.5995 	DATA 	Keypress: a
56.6243 	EXP 	Device response: <KeyPress from None: t=56.55983970000125, value=l, duration=0.05647820000012871>
56.6825 	EXP 	Device response: <KeyPress from None: t=56.58359610000116, value=a, duration=0.09635739999976067>
57.0578 	EXP 	LDT_stim_text: autoDraw = True
57.0660 	EXP 	LDT_fix_text: autoDraw = False
57.6502 	EXP 	Device response: <KeyPress from None: t=57.6475145000004, value=l, duration=None>
57.6504 	EXP 	New trial (rep=0, index=5): <Trial 5 (5 in rep 0) data={'Task': 'LDT', 'TrialType': 'Target', 'Stimuli': 'virus', 'StimulusType': 'word', 'CorrectResponse': 'l', 'Trialnumb': 100, 'thisN': 5, 'thisTrialN': 5, 'thisRepN': 0}>
57.6583 	EXP 	LDT_fix_text: autoDraw = False
57.6583 	EXP 	LDT_stim_text: autoDraw = False
57.6583 	EXP 	LDT_break_text: autoDraw = False
57.6583 	EXP 	LDT_stim_text: height = np.float64(0.1)
57.6583 	EXP 	LDT_stim_text: height = np.float64(0.1)
57.6583 	EXP 	LDT_stim_text: height = np.float64(0.1)
57.6583 	EXP 	LDT_stim_text: text = 'virus'
57.6583 	EXP 	LDT_fix_text: autoDraw = True
57.6589 	DATA 	Keypress: l
57.7419 	EXP 	Device response: <KeyPress from None: t=57.6475145000004, value=l, duration=0.08867850000024191>
58.1421 	EXP 	LDT_stim_text: autoDraw = True
58.1504 	EXP 	LDT_fix_text: autoDraw = False
58.6595 	EXP 	Device response: <KeyPress from None: t=58.65610840000045, value=l, duration=None>
58.6598 	EXP 	New trial (rep=0, index=6): <Trial 6 (6 in rep 0) data={'Task': 'LDT', 'TrialType': 'Target', 'Stimuli': 'kear', 'StimulusType': 'nonword', 'CorrectResponse': 'a', 'Trialnumb': 163, 'thisN': 6, 'thisTrialN': 6, 'thisRepN': 0}>
58.6676 	EXP 	LDT_fix_text: autoDraw = False
58.6676 	EXP 	LDT_stim_text: autoDraw = False
58.6676 	EXP 	LDT_break_text: autoDraw = False
58.6676 	EXP 	LDT_stim_text: height = np.float64(0.1)
58.6676 	EXP 	LDT_stim_text: height = np.float64(0.1)
58.6676 	EXP 	LDT_stim_text: height = np.float64(0.1)
58.6676 	EXP 	LDT_stim_text: text = 'kear'
58.6676 	EXP 	LDT_fix_text: autoDraw = True
58.6682 	DATA 	Keypress: l
58.7263 	EXP 	Device response: <KeyPress from None: t=58.65610840000045, value=l, duration=0.06408770000052755>
59.1514 	EXP 	LDT_stim_text: autoDraw = True
59.1597 	EXP 	LDT_fix_text: autoDraw = False
59.7690 	EXP 	Device response: <KeyPress from None: t=59.761493700001665, value=a, duration=None>
59.7692 	EXP 	New trial (rep=0, index=7): <Trial 7 (7 in rep 0) data={'Task': 'LDT', 'TrialType': 'Target', 'Stimuli': 'year', 'StimulusType': 'word', 'CorrectResponse': 'l', 'Trialnumb': 10, 'thisN': 7, 'thisTrialN': 7, 'thisRepN': 0}>
59.7770 	EXP 	LDT_fix_text: autoDraw = False
59.7770 	EXP 	LDT_stim_text: autoDraw = False
59.7770 	EXP 	LDT_break_text: autoDraw = False
59.7770 	EXP 	LDT_stim_text: height = np.float64(0.1)
59.7770 	EXP 	LDT_stim_text: height = np.float64(0.1)
59.7770 	EXP 	LDT_stim_text: height = np.float64(0.1)
59.7770 	EXP 	LDT_stim_text: text = 'year'
59.7770 	EXP 	LDT_fix_text: autoDraw = True
59.7775 	DATA 	Keypress: a
59.9024 	EXP 	Device response: <KeyPress from None: t=59.761493700001665, value=a, duration=0.13441949999833014>
60.2608 	EXP 	LDT_stim_text: autoDraw = True
60.2692 	EXP 	LDT_fix_text: autoDraw = False
60.7617 	EXP 	Device response: <KeyPress from None: t=60.75959800000055, value=l, duration=None>
60.7620 	EXP 	New trial (rep=0, index=8): <Trial 8 (8 in rep 0) data={'Task': 'LDT', 'TrialType': 'Target', 'Stimuli': 'beon', 'StimulusType': 'nonword', 'CorrectResponse': 'a', 'Trialnumb': 120, 'thisN': 8, 'thisTrialN': 8, 'thisRepN': 0}>
60.7697 	EXP 	LDT_fix_text: autoDraw = False
60.7697 	EXP 	LDT_stim_text: autoDraw = False
60.7697 	EXP 	LDT_break_text: autoDraw = False
60.7697 	EXP 	LDT_stim_text: height = np.float64(0.1)
60.7697 	EXP 	LDT_stim_text: height = np.float64(0.1)
60.7697 	EXP 	LDT_stim_text: height = np.float64(0.1)
60.7697 	EXP 	LDT_stim_text: text = 'beon'
60.7697 	EXP 	LDT_fix_text: autoDraw = True
60.7702 	DATA 	Keypress: l
60.8450 	EXP 	Device response: <KeyPress from None: t=60.75959800000055, value=l, duration=0.07989730000008421>
61.2536 	EXP 	LDT_stim_text: autoDraw = True
61.2618 	EXP 	LDT_fix_text: autoDraw = False
61.8210 	EXP 	Device response: <KeyPress from None: t=61.815706800000044, value=a, duration=None>
61.8213 	EXP 	New trial (rep=0, index=9): <Trial 9 (9 in rep 0) data={'Task': 'LDT', 'TrialType': 'Target', 'Stimuli': 'serve', 'StimulusType': 'word', 'CorrectResponse': 'l', 'Trialnumb': 80, 'thisN': 9, 'thisTrialN': 9, 'thisRepN': 0}>
61.8291 	EXP 	LDT_fix_text: autoDraw = False
61.8291 	EXP 	LDT_stim_text: autoDraw = False
61.8291 	EXP 	LDT_break_text: autoDraw = False
61.8291 	EXP 	LDT_stim_text: height = np.float64(0.1)
61.8291 	EXP 	LDT_stim_text: height = np.float64(0.1)
61.8291 	EXP 	LDT_stim_text: height = np.float64(0.1)
61.8291 	EXP 	LDT_stim_text: text = 'serve'
61.8291 	EXP 	LDT_fix_text: autoDraw = True
61.8297 	DATA 	Keypress: a
61.9128 	EXP 	Device response: <KeyPress from None: t=61.815706800000044, value=a, duration=0.08903970000028494>
62.3129 	EXP 	LDT_stim_text: autoDraw = True
62.3212 	EXP 	LDT_fix_text: autoDraw = False
62.7803 	EXP 	Device response: <KeyPress from None: t=62.77596860000085, value=l, duration=None>
62.7806 	EXP 	New trial (rep=0, index=10): <Trial 10 (10 in rep 0) data={'Task': 'LDT', 'TrialType': 'Target', 'Stimuli': 'ugly', 'StimulusType': 'word', 'CorrectResponse': 'l', 'Trialnumb': 78, 'thisN': 10, 'thisTrialN': 10, 'thisRepN': 0}>
62.7883 	EXP 	LDT_fix_text: autoDraw = False
62.7883 	EXP 	LDT_stim_text: autoDraw = False
62.7883 	EXP 	LDT_break_text: autoDraw = False
62.7883 	EXP 	LDT_stim_text: height = np.float64(0.1)
62.7883 	EXP 	LDT_stim_text: height = np.float64(0.1)
62.7883 	EXP 	LDT_stim_text: height = np.float64(0.1)
62.7883 	EXP 	LDT_stim_text: text = 'ugly'
62.7883 	EXP 	LDT_fix_text: autoDraw = True
62.7889 	DATA 	Keypress: l
62.8721 	EXP 	Device response: <KeyPress from None: t=62.77596860000085, value=l, duration=0.0885524000004807>
63.2722 	EXP 	LDT_stim_text: autoDraw = True
63.2805 	EXP 	LDT_fix_text: autoDraw = False
63.9982 	EXP 	Device response: <KeyPress from None: t=63.99179340000046, value=l, duration=None>
63.9984 	EXP 	New trial (rep=0, index=11): <Trial 11 (11 in rep 0) data={'Task': 'LDT', 'TrialType': 'Target', 'Stimuli': 'werd', 'StimulusType': 'nonword', 'CorrectResponse': 'a', 'Trialnumb': 216, 'thisN': 11, 'thisTrialN': 11, 'thisRepN': 0}>
64.0062 	EXP 	LDT_fix_text: autoDraw = False
64.0062 	EXP 	LDT_stim_text: autoDraw = False
64.0062 	EXP 	LDT_break_text: autoDraw = False
64.0062 	EXP 	LDT_stim_text: height = np.float64(0.1)
64.0062 	EXP 	LDT_stim_text: height = np.float64(0.1)
64.0062 	EXP 	LDT_stim_text: height = np.float64(0.1)
64.0062 	EXP 	LDT_stim_text: text = 'werd'
64.0062 	EXP 	LDT_fix_text: autoDraw = True
64.0068 	DATA 	Keypress: l
64.0816 	EXP 	Device response: <KeyPress from None: t=63.99179340000046, value=l, duration=0.08843340000021271>
64.4900 	EXP 	LDT_stim_text: autoDraw = True
64.4984 	EXP 	LDT_fix_text: autoDraw = False
65.0578 	EXP 	Device response: <KeyPress from None: t=65.05732910000006, value=l, duration=None>
65.0580 	EXP 	New trial (rep=0, index=12): <Trial 12 (12 in rep 0) data={'Task': 'LDT', 'TrialType': 'Target', 'Stimuli': 'tran', 'StimulusType': 'nonword', 'CorrectResponse': 'a', 'Trialnumb': 206, 'thisN': 12, 'thisTrialN': 12, 'thisRepN': 0}>
65.0656 	EXP 	LDT_fix_text: autoDraw = False
65.0656 	EXP 	LDT_stim_text: autoDraw = False
65.0656 	EXP 	LDT_break_text: autoDraw = False
65.0656 	EXP 	LDT_stim_text: height = np.float64(0.1)
65.0656 	EXP 	LDT_stim_text: height = np.float64(0.1)
65.0656 	EXP 	LDT_stim_text: height = np.float64(0.1)
65.0656 	EXP 	LDT_stim_text: text = 'tran'
65.0656 	EXP 	LDT_fix_text: autoDraw = True
65.0662 	DATA 	Keypress: l
65.1577 	EXP 	Device response: <KeyPress from None: t=65.05732910000006, value=l, duration=0.09494460000132676>
65.5494 	EXP 	LDT_stim_text: autoDraw = True
65.5578 	EXP 	LDT_fix_text: autoDraw = False
66.5174 	EXP 	Device response: <KeyPress from None: t=66.51184040000044, value=l, duration=None>
66.5176 	EXP 	New trial (rep=0, index=13): <Trial 13 (13 in rep 0) data={'Task': 'LDT', 'TrialType': 'Target', 'Stimuli': 'sife', 'StimulusType': 'nonword', 'CorrectResponse': 'a', 'Trialnumb': 192, 'thisN': 13, 'thisTrialN': 13, 'thisRepN': 0}>
66.5254 	EXP 	LDT_fix_text: autoDraw = False
66.5254 	EXP 	LDT_stim_text: autoDraw = False
66.5254 	EXP 	LDT_break_text: autoDraw = False
66.5254 	EXP 	LDT_stim_text: height = np.float64(0.1)
66.5254 	EXP 	LDT_stim_text: height = np.float64(0.1)
66.5254 	EXP 	LDT_stim_text: height = np.float64(0.1)
66.5254 	EXP 	LDT_stim_text: text = 'sife'
66.5254 	EXP 	LDT_fix_text: autoDraw = True
66.5259 	DATA 	Keypress: l
66.5926 	EXP 	Device response: <KeyPress from None: t=66.51184040000044, value=l, duration=0.08033400000022084>
67.0092 	EXP 	LDT_stim_text: autoDraw = True
67.0176 	EXP 	LDT_fix_text: autoDraw = False
67.6770 	EXP 	Device response: <KeyPress from None: t=67.67163980000078, value=a, duration=None>
67.6773 	EXP 	New trial (rep=0, index=14): <Trial 14 (14 in rep 0) data={'Task': 'LDT', 'TrialType': 'Target', 'Stimuli': 'huge', 'StimulusType': 'word', 'CorrectResponse': 'l', 'Trialnumb': 56, 'thisN': 14, 'thisTrialN': 14, 'thisRepN': 0}>
67.6849 	EXP 	LDT_fix_text: autoDraw = False
67.6849 	EXP 	LDT_stim_text: autoDraw = False
67.6849 	EXP 	LDT_break_text: autoDraw = False
67.6849 	EXP 	LDT_stim_text: height = np.float64(0.1)
67.6849 	EXP 	LDT_stim_text: height = np.float64(0.1)
67.6849 	EXP 	LDT_stim_text: height = np.float64(0.1)
67.6849 	EXP 	LDT_stim_text: text = 'huge'
67.6849 	EXP 	LDT_fix_text: autoDraw = True
67.6855 	DATA 	Keypress: a
67.7936 	EXP 	Device response: <KeyPress from None: t=67.67163980000078, value=a, duration=0.12005429999953776>
68.1687 	EXP 	LDT_stim_text: autoDraw = True
68.1771 	EXP 	LDT_fix_text: autoDraw = False
68.7113 	EXP 	Device response: <KeyPress from None: t=68.7041132000013, value=l, duration=None>
68.7115 	EXP 	New trial (rep=0, index=15): <Trial 15 (15 in rep 0) data={'Task': 'LDT', 'TrialType': 'Target', 'Stimuli': 'large', 'StimulusType': 'word', 'CorrectResponse': 'l', 'Trialnumb': 29, 'thisN': 15, 'thisTrialN': 15, 'thisRepN': 0}>
68.7193 	EXP 	LDT_fix_text: autoDraw = False
68.7193 	EXP 	LDT_stim_text: autoDraw = False
68.7193 	EXP 	LDT_break_text: autoDraw = False
68.7193 	EXP 	LDT_stim_text: height = np.float64(0.1)
68.7193 	EXP 	LDT_stim_text: height = np.float64(0.1)
68.7193 	EXP 	LDT_stim_text: height = np.float64(0.1)
68.7193 	EXP 	LDT_stim_text: text = 'large'
68.7193 	EXP 	LDT_fix_text: autoDraw = True
68.7198 	DATA 	Keypress: l
68.8197 	EXP 	Device response: <KeyPress from None: t=68.7041132000013, value=l, duration=0.11145779999969818>
69.2031 	EXP 	LDT_stim_text: autoDraw = True
69.2114 	EXP 	LDT_fix_text: autoDraw = False
69.7039 	EXP 	Device response: <KeyPress from None: t=69.69645100000162, value=l, duration=None>
69.7041 	EXP 	New trial (rep=0, index=16): <Trial 16 (16 in rep 0) data={'Task': 'LDT', 'TrialType': 'Target', 'Stimuli': 'down', 'StimulusType': 'word', 'CorrectResponse': 'l', 'Trialnumb': 9, 'thisN': 16, 'thisTrialN': 16, 'thisRepN': 0}>
69.7120 	EXP 	LDT_fix_text: autoDraw = False
69.7120 	EXP 	LDT_stim_text: autoDraw = False
69.7120 	EXP 	LDT_break_text: autoDraw = False
69.7120 	EXP 	LDT_stim_text: height = np.float64(0.1)
69.7120 	EXP 	LDT_stim_text: height = np.float64(0.1)
69.7120 	EXP 	LDT_stim_text: height = np.float64(0.1)
69.7120 	EXP 	LDT_stim_text: text = 'down'
69.7120 	EXP 	LDT_fix_text: autoDraw = True
69.7125 	DATA 	Keypress: l
69.7957 	EXP 	Device response: <KeyPress from None: t=69.69645100000162, value=l, duration=0.09595789999912085>
70.1958 	EXP 	LDT_stim_text: autoDraw = True
70.2041 	EXP 	LDT_fix_text: autoDraw = False
70.6798 	EXP 	Device response: <KeyPress from None: t=70.67237710000154, value=l, duration=None>
70.6801 	EXP 	New trial (rep=0, index=17): <Trial 17 (17 in rep 0) data={'Task': 'LDT', 'TrialType': 'Target', 'Stimuli': 'work', 'StimulusType': 'word', 'CorrectResponse': 'l', 'Trialnumb': 1, 'thisN': 17, 'thisTrialN': 17, 'thisRepN': 0}>
70.6879 	EXP 	LDT_fix_text: autoDraw = False
70.6879 	EXP 	LDT_stim_text: autoDraw = False
70.6879 	EXP 	LDT_break_text: autoDraw = False
70.6879 	EXP 	LDT_stim_text: height = np.float64(0.1)
70.6879 	EXP 	LDT_stim_text: height = np.float64(0.1)
70.6879 	EXP 	LDT_stim_text: height = np.float64(0.1)
70.6879 	EXP 	LDT_stim_text: text = 'work'
70.6879 	EXP 	LDT_fix_text: autoDraw = True
70.6885 	DATA 	Keypress: l
70.7716 	EXP 	Device response: <KeyPress from None: t=70.67237710000154, value=l, duration=0.0952620999996725>
71.1718 	EXP 	LDT_stim_text: autoDraw = True
71.1800 	EXP 	LDT_fix_text: autoDraw = False
71.6057 	EXP 	Device response: <KeyPress from None: t=71.59995900000104, value=l, duration=None>
71.6060 	EXP 	New trial (rep=0, index=18): <Trial 18 (18 in rep 0) data={'Task': 'LDT', 'TrialType': 'Target', 'Stimuli': 'seft', 'StimulusType': 'nonword', 'CorrectResponse': 'a', 'Trialnumb': 188, 'thisN': 18, 'thisTrialN': 18, 'thisRepN': 0}>
71.6139 	EXP 	LDT_fix_text: autoDraw = False
71.6139 	EXP 	LDT_stim_text: autoDraw = False
71.6139 	EXP 	LDT_break_text: autoDraw = False
71.6139 	EXP 	LDT_stim_text: height = np.float64(0.1)
71.6139 	EXP 	LDT_stim_text: height = np.float64(0.1)
71.6139 	EXP 	LDT_stim_text: height = np.float64(0.1)
71.6139 	EXP 	LDT_stim_text: text = 'seft'
71.6139 	EXP 	LDT_fix_text: autoDraw = True
71.6144 	DATA 	Keypress: l
71.7059 	EXP 	Device response: <KeyPress from None: t=71.59995900000104, value=l, duration=0.10417319999942265>
72.0976 	EXP 	LDT_stim_text: autoDraw = True
72.1060 	EXP 	LDT_fix_text: autoDraw = False
72.5650 	EXP 	Device response: <KeyPress from None: t=72.55997170000046, value=l, duration=None>
72.5652 	EXP 	New trial (rep=0, index=19): <Trial 19 (19 in rep 0) data={'Task': 'LDT', 'TrialType': 'Target', 'Stimuli': 'bond', 'StimulusType': 'word', 'CorrectResponse': 'l', 'Trialnumb': 87, 'thisN': 19, 'thisTrialN': 19, 'thisRepN': 0}>
72.5731 	EXP 	LDT_fix_text: autoDraw = False
72.5731 	EXP 	LDT_stim_text: autoDraw = False
72.5731 	EXP 	LDT_break_text: autoDraw = False
72.5731 	EXP 	LDT_stim_text: height = np.float64(0.1)
72.5731 	EXP 	LDT_stim_text: height = np.float64(0.1)
72.5731 	EXP 	LDT_stim_text: height = np.float64(0.1)
72.5731 	EXP 	LDT_stim_text: text = 'bond'
72.5731 	EXP 	LDT_fix_text: autoDraw = True
72.5736 	DATA 	Keypress: l
72.6401 	EXP 	Device response: <KeyPress from None: t=72.55997170000046, value=l, duration=0.07204980000096839>
73.0569 	EXP 	LDT_stim_text: autoDraw = True
73.0652 	EXP 	LDT_fix_text: autoDraw = False
73.5160 	EXP 	Device response: <KeyPress from None: t=73.51151720000053, value=l, duration=None>
73.5162 	EXP 	New trial (rep=0, index=20): <Trial 20 (20 in rep 0) data={'Task': 'LDT', 'TrialType': 'Target', 'Stimuli': 'team', 'StimulusType': 'word', 'CorrectResponse': 'l', 'Trialnumb': 23, 'thisN': 20, 'thisTrialN': 20, 'thisRepN': 0}>
73.5241 	EXP 	LDT_fix_text: autoDraw = False
73.5241 	EXP 	LDT_stim_text: autoDraw = False
73.5241 	EXP 	LDT_break_text: autoDraw = False
73.5241 	EXP 	LDT_stim_text: height = np.float64(0.1)
73.5241 	EXP 	LDT_stim_text: height = np.float64(0.1)
73.5241 	EXP 	LDT_stim_text: height = np.float64(0.1)
73.5241 	EXP 	LDT_stim_text: text = 'team'
73.5241 	EXP 	LDT_fix_text: autoDraw = True
73.5246 	DATA 	Keypress: l
73.5910 	EXP 	Device response: <KeyPress from None: t=73.51151720000053, value=l, duration=0.07272689999990689>
74.0079 	EXP 	LDT_stim_text: autoDraw = True
74.0162 	EXP 	LDT_fix_text: autoDraw = False
74.4753 	EXP 	Device response: <KeyPress from None: t=74.47185910000007, value=l, duration=None>
74.4756 	EXP 	New trial (rep=0, index=21): <Trial 21 (21 in rep 0) data={'Task': 'LDT', 'TrialType': 'Target', 'Stimuli': 'air', 'StimulusType': 'word', 'CorrectResponse': 'l', 'Trialnumb': 34, 'thisN': 21, 'thisTrialN': 21, 'thisRepN': 0}>
74.4833 	EXP 	LDT_fix_text: autoDraw = False
74.4833 	EXP 	LDT_stim_text: autoDraw = False
74.4833 	EXP 	LDT_break_text: autoDraw = False
74.4833 	EXP 	LDT_stim_text: height = np.float64(0.1)
74.4833 	EXP 	LDT_stim_text: height = np.float64(0.1)
74.4833 	EXP 	LDT_stim_text: height = np.float64(0.1)
74.4833 	EXP 	LDT_stim_text: text = 'air'
74.4833 	EXP 	LDT_fix_text: autoDraw = True
74.4839 	DATA 	Keypress: l
74.5837 	EXP 	Device response: <KeyPress from None: t=74.47185910000007, value=l, duration=0.10368350000135251>
74.9672 	EXP 	LDT_stim_text: autoDraw = True
74.9755 	EXP 	LDT_fix_text: autoDraw = False
75.4681 	EXP 	Device response: <KeyPress from None: t=75.46432800000002, value=l, duration=None>
75.4684 	EXP 	New trial (rep=0, index=22): <Trial 22 (22 in rep 0) data={'Task': 'LDT', 'TrialType': 'Target', 'Stimuli': 'gied', 'StimulusType': 'nonword', 'CorrectResponse': 'a', 'Trialnumb': 146, 'thisN': 22, 'thisTrialN': 22, 'thisRepN': 0}>
75.4760 	EXP 	LDT_fix_text: autoDraw = False
75.4760 	EXP 	LDT_stim_text: autoDraw = False
75.4760 	EXP 	LDT_break_text: autoDraw = False
75.4760 	EXP 	LDT_stim_text: height = np.float64(0.1)
75.4760 	EXP 	LDT_stim_text: height = np.float64(0.1)
75.4760 	EXP 	LDT_stim_text: height = np.float64(0.1)
75.4760 	EXP 	LDT_stim_text: text = 'gied'
75.4760 	EXP 	LDT_fix_text: autoDraw = True
75.4765 	DATA 	Keypress: l
75.5764 	EXP 	Device response: <KeyPress from None: t=75.46432800000002, value=l, duration=0.10391390000040701>
75.9598 	EXP 	LDT_stim_text: autoDraw = True
75.9681 	EXP 	LDT_fix_text: autoDraw = False
76.4606 	EXP 	Device response: <KeyPress from None: t=76.45624930000122, value=a, duration=None>
76.4608 	EXP 	New trial (rep=0, index=23): <Trial 23 (23 in rep 0) data={'Task': 'LDT', 'TrialType': 'Target', 'Stimuli': 'pahe', 'StimulusType': 'nonword', 'CorrectResponse': 'a', 'Trialnumb': 178, 'thisN': 23, 'thisTrialN': 23, 'thisRepN': 0}>
76.4687 	EXP 	LDT_fix_text: autoDraw = False
76.4687 	EXP 	LDT_stim_text: autoDraw = False
76.4687 	EXP 	LDT_break_text: autoDraw = False
76.4687 	EXP 	LDT_stim_text: height = np.float64(0.1)
76.4687 	EXP 	LDT_stim_text: height = np.float64(0.1)
76.4687 	EXP 	LDT_stim_text: height = np.float64(0.1)
76.4687 	EXP 	LDT_stim_text: text = 'pahe'
76.4687 	EXP 	LDT_fix_text: autoDraw = True
76.4692 	DATA 	Keypress: a
76.5690 	EXP 	Device response: <KeyPress from None: t=76.45624930000122, value=a, duration=0.10459950000040408>
76.9525 	EXP 	LDT_stim_text: autoDraw = True
76.9608 	EXP 	LDT_fix_text: autoDraw = False
77.4699 	EXP 	Device response: <KeyPress from None: t=77.46357410000019, value=a, duration=None>
77.4701 	EXP 	New trial (rep=0, index=24): <Trial 24 (24 in rep 0) data={'Task': 'LDT', 'TrialType': 'Target', 'Stimuli': 'cast', 'StimulusType': 'word', 'CorrectResponse': 'l', 'Trialnumb': 95, 'thisN': 24, 'thisTrialN': 24, 'thisRepN': 0}>
77.4781 	EXP 	LDT_fix_text: autoDraw = False
77.4781 	EXP 	LDT_stim_text: autoDraw = False
77.4781 	EXP 	LDT_break_text: autoDraw = False
77.4781 	EXP 	LDT_stim_text: height = np.float64(0.1)
77.4781 	EXP 	LDT_stim_text: height = np.float64(0.1)
77.4781 	EXP 	LDT_stim_text: height = np.float64(0.1)
77.4781 	EXP 	LDT_stim_text: text = 'cast'
77.4781 	EXP 	LDT_fix_text: autoDraw = True
77.4786 	DATA 	Keypress: a
77.5784 	EXP 	Device response: <KeyPress from None: t=77.46357410000019, value=a, duration=0.11346610000146029>
77.9618 	EXP 	LDT_stim_text: autoDraw = True
77.9701 	EXP 	LDT_fix_text: autoDraw = False
78.4543 	EXP 	Device response: <KeyPress from None: t=78.44804650000151, value=l, duration=None>
78.4546 	EXP 	New trial (rep=0, index=25): <Trial 25 (25 in rep 0) data={'Task': 'LDT', 'TrialType': 'Target', 'Stimuli': 'news', 'StimulusType': 'word', 'CorrectResponse': 'l', 'Trialnumb': 45, 'thisN': 25, 'thisTrialN': 25, 'thisRepN': 0}>
78.4623 	EXP 	LDT_fix_text: autoDraw = False
78.4623 	EXP 	LDT_stim_text: autoDraw = False
78.4623 	EXP 	LDT_break_text: autoDraw = False
78.4623 	EXP 	LDT_stim_text: height = np.float64(0.1)
78.4623 	EXP 	LDT_stim_text: height = np.float64(0.1)
78.4623 	EXP 	LDT_stim_text: height = np.float64(0.1)
78.4623 	EXP 	LDT_stim_text: text = 'news'
78.4623 	EXP 	LDT_fix_text: autoDraw = True
78.4629 	DATA 	Keypress: l
78.5544 	EXP 	Device response: <KeyPress from None: t=78.44804650000151, value=l, duration=0.10419529999853694>
78.9461 	EXP 	LDT_stim_text: autoDraw = True
78.9544 	EXP 	LDT_fix_text: autoDraw = False
79.4219 	EXP 	Device response: <KeyPress from None: t=79.41553870000098, value=l, duration=None>
79.4221 	EXP 	New trial (rep=0, index=26): <Trial 26 (26 in rep 0) data={'Task': 'LDT', 'TrialType': 'Target', 'Stimuli': 'chat', 'StimulusType': 'word', 'CorrectResponse': 'l', 'Trialnumb': 103, 'thisN': 26, 'thisTrialN': 26, 'thisRepN': 0}>
79.4299 	EXP 	LDT_fix_text: autoDraw = False
79.4299 	EXP 	LDT_stim_text: autoDraw = False
79.4299 	EXP 	LDT_break_text: autoDraw = False
79.4299 	EXP 	LDT_stim_text: height = np.float64(0.1)
79.4299 	EXP 	LDT_stim_text: height = np.float64(0.1)
79.4299 	EXP 	LDT_stim_text: height = np.float64(0.1)
79.4299 	EXP 	LDT_stim_text: text = 'chat'
79.4299 	EXP 	LDT_fix_text: autoDraw = True
79.4305 	DATA 	Keypress: l
79.4886 	EXP 	Device response: <KeyPress from None: t=79.41553870000098, value=l, duration=0.07272410000041418>
79.9137 	EXP 	LDT_stim_text: autoDraw = True
79.9221 	EXP 	LDT_fix_text: autoDraw = False
80.3394 	EXP 	Device response: <KeyPress from None: t=80.33587390000139, value=l, duration=None>
80.3396 	EXP 	New trial (rep=0, index=27): <Trial 27 (27 in rep 0) data={'Task': 'LDT', 'TrialType': 'Target', 'Stimuli': 'nind', 'StimulusType': 'nonword', 'CorrectResponse': 'a', 'Trialnumb': 177, 'thisN': 27, 'thisTrialN': 27, 'thisRepN': 0}>
80.3477 	EXP 	LDT_fix_text: autoDraw = False
80.3477 	EXP 	LDT_stim_text: autoDraw = False
80.3477 	EXP 	LDT_break_text: autoDraw = False
80.3477 	EXP 	LDT_stim_text: height = np.float64(0.1)
80.3477 	EXP 	LDT_stim_text: height = np.float64(0.1)
80.3477 	EXP 	LDT_stim_text: height = np.float64(0.1)
80.3477 	EXP 	LDT_stim_text: text = 'nind'
80.3477 	EXP 	LDT_fix_text: autoDraw = True
80.3481 	DATA 	Keypress: l
80.4479 	EXP 	Device response: <KeyPress from None: t=80.33587390000139, value=l, duration=0.10436169999957201>
80.8313 	EXP 	LDT_stim_text: autoDraw = True
80.8397 	EXP 	LDT_fix_text: autoDraw = False
81.5490 	EXP 	Device response: <KeyPress from None: t=81.54404950000026, value=a, duration=None>
81.5493 	EXP 	New trial (rep=0, index=28): <Trial 28 (28 in rep 0) data={'Task': 'LDT', 'TrialType': 'Target', 'Stimuli': 'host', 'StimulusType': 'word', 'CorrectResponse': 'l', 'Trialnumb': 106, 'thisN': 28, 'thisTrialN': 28, 'thisRepN': 0}>
81.5571 	EXP 	LDT_fix_text: autoDraw = False
81.5571 	EXP 	LDT_stim_text: autoDraw = False
81.5571 	EXP 	LDT_break_text: autoDraw = False
81.5571 	EXP 	LDT_stim_text: height = np.float64(0.1)
81.5571 	EXP 	LDT_stim_text: height = np.float64(0.1)
81.5571 	EXP 	LDT_stim_text: height = np.float64(0.1)
81.5571 	EXP 	LDT_stim_text: text = 'host'
81.5571 	EXP 	LDT_fix_text: autoDraw = True
81.5577 	DATA 	Keypress: a
81.6575 	EXP 	Device response: <KeyPress from None: t=81.54404950000026, value=a, duration=0.11170409999976982>
82.0408 	EXP 	LDT_stim_text: autoDraw = True
82.0492 	EXP 	LDT_fix_text: autoDraw = False
82.4666 	EXP 	Device response: <KeyPress from None: t=82.46522160000131, value=l, duration=None>
82.4668 	EXP 	New trial (rep=0, index=29): <Trial 29 (29 in rep 0) data={'Task': 'LDT', 'TrialType': 'Target', 'Stimuli': 'yeep', 'StimulusType': 'nonword', 'CorrectResponse': 'a', 'Trialnumb': 219, 'thisN': 29, 'thisTrialN': 29, 'thisRepN': 0}>
82.4747 	EXP 	LDT_fix_text: autoDraw = False
82.4747 	EXP 	LDT_stim_text: autoDraw = False
82.4747 	EXP 	LDT_break_text: autoDraw = False
82.4747 	EXP 	LDT_stim_text: height = np.float64(0.1)
82.4747 	EXP 	LDT_stim_text: height = np.float64(0.1)
82.4747 	EXP 	LDT_stim_text: height = np.float64(0.1)
82.4747 	EXP 	LDT_stim_text: text = 'yeep'
82.4747 	EXP 	LDT_fix_text: autoDraw = True
82.4752 	DATA 	Keypress: l
82.5668 	EXP 	Device response: <KeyPress from None: t=82.46522160000131, value=l, duration=0.09566959999938263>
82.9585 	EXP 	LDT_stim_text: autoDraw = True
82.9668 	EXP 	LDT_fix_text: autoDraw = False
83.6261 	EXP 	Device response: <KeyPress from None: t=83.62456080000084, value=a, duration=None>
83.6263 	EXP 	New trial (rep=0, index=30): <Trial 30 (30 in rep 0) data={'Task': 'LDT', 'TrialType': 'Target', 'Stimuli': 'hage', 'StimulusType': 'nonword', 'CorrectResponse': 'a', 'Trialnumb': 149, 'thisN': 30, 'thisTrialN': 30, 'thisRepN': 0}>
83.6341 	EXP 	LDT_fix_text: autoDraw = False
83.6341 	EXP 	LDT_stim_text: autoDraw = False
83.6341 	EXP 	LDT_break_text: autoDraw = False
83.6341 	EXP 	LDT_stim_text: height = np.float64(0.1)
83.6341 	EXP 	LDT_stim_text: height = np.float64(0.1)
83.6341 	EXP 	LDT_stim_text: height = np.float64(0.1)
83.6341 	EXP 	LDT_stim_text: text = 'hage'
83.6341 	EXP 	LDT_fix_text: autoDraw = True
83.6346 	DATA 	Keypress: a
83.7262 	EXP 	Device response: <KeyPress from None: t=83.62456080000084, value=a, duration=0.0953365000004851>
84.1179 	EXP 	LDT_stim_text: autoDraw = True
84.1263 	EXP 	LDT_fix_text: autoDraw = False
84.5936 	EXP 	Device response: <KeyPress from None: t=84.59268820000034, value=l, duration=None>
84.5939 	EXP 	New trial (rep=0, index=31): <Trial 31 (31 in rep 0) data={'Task': 'LDT', 'TrialType': 'Target', 'Stimuli': 'cing', 'StimulusType': 'nonword', 'CorrectResponse': 'a', 'Trialnumb': 127, 'thisN': 31, 'thisTrialN': 31, 'thisRepN': 0}>
84.6019 	EXP 	LDT_fix_text: autoDraw = False
84.6019 	EXP 	LDT_stim_text: autoDraw = False
84.6019 	EXP 	LDT_break_text: autoDraw = False
84.6019 	EXP 	LDT_stim_text: height = np.float64(0.1)
84.6019 	EXP 	LDT_stim_text: height = np.float64(0.1)
84.6019 	EXP 	LDT_stim_text: height = np.float64(0.1)
84.6019 	EXP 	LDT_stim_text: text = 'cing'
84.6019 	EXP 	LDT_fix_text: autoDraw = True
84.6025 	DATA 	Keypress: l
84.6855 	EXP 	Device response: <KeyPress from None: t=84.59268820000034, value=l, duration=0.08754179999959888>
85.0856 	EXP 	LDT_stim_text: autoDraw = True
85.0939 	EXP 	LDT_fix_text: autoDraw = False
85.6865 	EXP 	Device response: <KeyPress from None: t=85.67992610000147, value=a, duration=None>
85.6867 	EXP 	New trial (rep=0, index=32): <Trial 32 (32 in rep 0) data={'Task': 'LDT', 'TrialType': 'Target', 'Stimuli': 'gord', 'StimulusType': 'nonword', 'CorrectResponse': 'a', 'Trialnumb': 148, 'thisN': 32, 'thisTrialN': 32, 'thisRepN': 0}>
85.6946 	EXP 	LDT_fix_text: autoDraw = False
85.6946 	EXP 	LDT_stim_text: autoDraw = False
85.6946 	EXP 	LDT_break_text: autoDraw = False
85.6946 	EXP 	LDT_stim_text: height = np.float64(0.1)
85.6946 	EXP 	LDT_stim_text: height = np.float64(0.1)
85.6946 	EXP 	LDT_stim_text: height = np.float64(0.1)
85.6946 	EXP 	LDT_stim_text: text = 'gord'
85.6946 	EXP 	LDT_fix_text: autoDraw = True
85.6951 	DATA 	Keypress: a
85.8033 	EXP 	Device response: <KeyPress from None: t=85.67992610000147, value=a, duration=0.12049779999870225>
86.1783 	EXP 	LDT_stim_text: autoDraw = True
86.1867 	EXP 	LDT_fix_text: autoDraw = False
86.8710 	EXP 	Device response: <KeyPress from None: t=86.86360160000004, value=a, duration=None>
86.8712 	EXP 	New trial (rep=0, index=33): <Trial 33 (33 in rep 0) data={'Task': 'LDT', 'TrialType': 'Target', 'Stimuli': 'come', 'StimulusType': 'word', 'CorrectResponse': 'l', 'Trialnumb': 7, 'thisN': 33, 'thisTrialN': 33, 'thisRepN': 0}>
86.8790 	EXP 	LDT_fix_text: autoDraw = False
86.8790 	EXP 	LDT_stim_text: autoDraw = False
86.8790 	EXP 	LDT_break_text: autoDraw = False
86.8790 	EXP 	LDT_stim_text: height = np.float64(0.1)
86.8790 	EXP 	LDT_stim_text: height = np.float64(0.1)
86.8790 	EXP 	LDT_stim_text: height = np.float64(0.1)
86.8790 	EXP 	LDT_stim_text: text = 'come'
86.8790 	EXP 	LDT_fix_text: autoDraw = True
86.8795 	DATA 	Keypress: a
86.9795 	EXP 	Device response: <KeyPress from None: t=86.86360160000004, value=a, duration=0.11188880000008794>
87.3628 	EXP 	LDT_stim_text: autoDraw = True
87.3712 	EXP 	LDT_fix_text: autoDraw = False
88.0138 	EXP 	Device response: <KeyPress from None: t=88.00900720000027, value=l, duration=None>
88.0140 	EXP 	New trial (rep=0, index=34): <Trial 34 (34 in rep 0) data={'Task': 'LDT', 'TrialType': 'Target', 'Stimuli': 'loje', 'StimulusType': 'nonword', 'CorrectResponse': 'a', 'Trialnumb': 171, 'thisN': 34, 'thisTrialN': 34, 'thisRepN': 0}>
88.0218 	EXP 	LDT_fix_text: autoDraw = False
88.0218 	EXP 	LDT_stim_text: autoDraw = False
88.0218 	EXP 	LDT_break_text: autoDraw = False
88.0218 	EXP 	LDT_stim_text: height = np.float64(0.1)
88.0218 	EXP 	LDT_stim_text: height = np.float64(0.1)
88.0218 	EXP 	LDT_stim_text: height = np.float64(0.1)
88.0218 	EXP 	LDT_stim_text: text = 'loje'
88.0218 	EXP 	LDT_fix_text: autoDraw = True
88.0223 	DATA 	Keypress: l
88.0972 	EXP 	Device response: <KeyPress from None: t=88.00900720000027, value=l, duration=0.0806427999996231>
88.5057 	EXP 	LDT_stim_text: autoDraw = True
88.5140 	EXP 	LDT_fix_text: autoDraw = False
88.9814 	EXP 	Device response: <KeyPress from None: t=88.97567590000108, value=a, duration=None>
88.9816 	EXP 	New trial (rep=0, index=35): <Trial 35 (35 in rep 0) data={'Task': 'LDT', 'TrialType': 'Target', 'Stimuli': 'read', 'StimulusType': 'word', 'CorrectResponse': 'l', 'Trialnumb': 31, 'thisN': 35, 'thisTrialN': 35, 'thisRepN': 0}>
88.9895 	EXP 	LDT_fix_text: autoDraw = False
88.9895 	EXP 	LDT_stim_text: autoDraw = False
88.9895 	EXP 	LDT_break_text: autoDraw = False
88.9895 	EXP 	LDT_stim_text: height = np.float64(0.1)
88.9895 	EXP 	LDT_stim_text: height = np.float64(0.1)
88.9895 	EXP 	LDT_stim_text: height = np.float64(0.1)
88.9895 	EXP 	LDT_stim_text: text = 'read'
88.9895 	EXP 	LDT_fix_text: autoDraw = True
88.9899 	DATA 	Keypress: a
89.0649 	EXP 	Device response: <KeyPress from None: t=88.97567590000108, value=a, duration=0.08875819999957457>
89.4733 	EXP 	LDT_stim_text: autoDraw = True
89.4816 	EXP 	LDT_fix_text: autoDraw = False
89.9575 	EXP 	Device response: <KeyPress from None: t=89.95177590000094, value=l, duration=None>
89.9577 	EXP 	New trial (rep=0, index=36): <Trial 36 (36 in rep 0) data={'Task': 'LDT', 'TrialType': 'Target', 'Stimuli': 'group', 'StimulusType': 'word', 'CorrectResponse': 'l', 'Trialnumb': 20, 'thisN': 36, 'thisTrialN': 36, 'thisRepN': 0}>
89.9654 	EXP 	LDT_fix_text: autoDraw = False
89.9654 	EXP 	LDT_stim_text: autoDraw = False
89.9654 	EXP 	LDT_break_text: autoDraw = False
89.9654 	EXP 	LDT_stim_text: height = np.float64(0.1)
89.9654 	EXP 	LDT_stim_text: height = np.float64(0.1)
89.9654 	EXP 	LDT_stim_text: height = np.float64(0.1)
89.9654 	EXP 	LDT_stim_text: text = 'group'
89.9654 	EXP 	LDT_fix_text: autoDraw = True
89.9660 	DATA 	Keypress: l
90.0243 	EXP 	Device response: <KeyPress from None: t=89.95177590000094, value=l, duration=0.07216709999920567>
90.4492 	EXP 	LDT_stim_text: autoDraw = True
90.4576 	EXP 	LDT_fix_text: autoDraw = False
90.9584 	EXP 	Device response: <KeyPress from None: t=90.95192210000096, value=l, duration=None>
90.9588 	EXP 	New trial (rep=0, index=37): <Trial 37 (37 in rep 0) data={'Task': 'LDT', 'TrialType': 'Target', 'Stimuli': 'lay', 'StimulusType': 'word', 'CorrectResponse': 'l', 'Trialnumb': 71, 'thisN': 37, 'thisTrialN': 37, 'thisRepN': 0}>
90.9664 	EXP 	LDT_fix_text: autoDraw = False
90.9664 	EXP 	LDT_stim_text: autoDraw = False
90.9664 	EXP 	LDT_break_text: autoDraw = False
90.9664 	EXP 	LDT_stim_text: height = np.float64(0.1)
90.9664 	EXP 	LDT_stim_text: height = np.float64(0.1)
90.9664 	EXP 	LDT_stim_text: height = np.float64(0.1)
90.9664 	EXP 	LDT_stim_text: text = 'lay'
90.9664 	EXP 	LDT_fix_text: autoDraw = True
90.9669 	DATA 	Keypress: l
91.0086 	EXP 	Device response: <KeyPress from None: t=90.95192210000096, value=l, duration=0.05631139999968582>
91.4502 	EXP 	LDT_stim_text: autoDraw = True
91.4586 	EXP 	LDT_fix_text: autoDraw = False
92.0094 	EXP 	Device response: <KeyPress from None: t=92.00766310000108, value=l, duration=None>
92.0096 	EXP 	New trial (rep=0, index=38): <Trial 38 (38 in rep 0) data={'Task': 'LDT', 'TrialType': 'Target', 'Stimuli': 'sound', 'StimulusType': 'word', 'CorrectResponse': 'l', 'Trialnumb': 40, 'thisN': 38, 'thisTrialN': 38, 'thisRepN': 0}>
92.0175 	EXP 	LDT_fix_text: autoDraw = False
92.0175 	EXP 	LDT_stim_text: autoDraw = False
92.0175 	EXP 	LDT_break_text: autoDraw = False
92.0175 	EXP 	LDT_stim_text: height = np.float64(0.1)
92.0175 	EXP 	LDT_stim_text: height = np.float64(0.1)
92.0175 	EXP 	LDT_stim_text: height = np.float64(0.1)
92.0175 	EXP 	LDT_stim_text: text = 'sound'
92.0175 	EXP 	LDT_fix_text: autoDraw = True
92.0181 	DATA 	Keypress: l
92.0928 	EXP 	Device response: <KeyPress from None: t=92.00766310000108, value=l, duration=0.08078709999972489>
92.5013 	EXP 	LDT_stim_text: autoDraw = True
92.5096 	EXP 	LDT_fix_text: autoDraw = False
92.9687 	EXP 	Device response: <KeyPress from None: t=92.96788470000138, value=l, duration=None>
92.9689 	EXP 	New trial (rep=0, index=39): <Trial 39 (39 in rep 0) data={'Task': 'LDT', 'TrialType': 'Target', 'Stimuli': 'darb', 'StimulusType': 'nonword', 'CorrectResponse': 'a', 'Trialnumb': 134, 'thisN': 39, 'thisTrialN': 39, 'thisRepN': 0}>
92.9768 	EXP 	LDT_fix_text: autoDraw = False
92.9768 	EXP 	LDT_stim_text: autoDraw = False
92.9768 	EXP 	LDT_break_text: autoDraw = False
92.9768 	EXP 	LDT_stim_text: height = np.float64(0.1)
92.9768 	EXP 	LDT_stim_text: height = np.float64(0.1)
92.9768 	EXP 	LDT_stim_text: height = np.float64(0.1)
92.9768 	EXP 	LDT_stim_text: text = 'darb'
92.9768 	EXP 	LDT_fix_text: autoDraw = True
92.9772 	DATA 	Keypress: l
93.0772 	EXP 	Device response: <KeyPress from None: t=92.96788470000138, value=l, duration=0.10405019999961951>
93.4606 	EXP 	LDT_stim_text: autoDraw = True
93.4689 	EXP 	LDT_fix_text: autoDraw = False
94.0698 	EXP 	Device response: <KeyPress from None: t=94.06410910000159, value=a, duration=None>
94.0701 	EXP 	New trial (rep=0, index=40): <Trial 40 (40 in rep 0) data={'Task': 'LDT', 'TrialType': 'Target', 'Stimuli': 'warm', 'StimulusType': 'word', 'CorrectResponse': 'l', 'Trialnumb': 60, 'thisN': 40, 'thisTrialN': 40, 'thisRepN': 0}>
94.0779 	EXP 	LDT_fix_text: autoDraw = False
94.0779 	EXP 	LDT_stim_text: autoDraw = False
94.0779 	EXP 	LDT_break_text: autoDraw = False
94.0779 	EXP 	LDT_stim_text: height = np.float64(0.1)
94.0779 	EXP 	LDT_stim_text: height = np.float64(0.1)
94.0779 	EXP 	LDT_stim_text: height = np.float64(0.1)
94.0779 	EXP 	LDT_stim_text: text = 'warm'
94.0779 	EXP 	LDT_fix_text: autoDraw = True
94.0784 	DATA 	Keypress: a
94.1616 	EXP 	Device response: <KeyPress from None: t=94.06410910000159, value=a, duration=0.09626409999873431>
94.5617 	EXP 	LDT_stim_text: autoDraw = True
94.5700 	EXP 	LDT_fix_text: autoDraw = False
95.0207 	EXP 	Device response: <KeyPress from None: t=95.01554720000058, value=l, duration=None>
95.0210 	EXP 	New trial (rep=0, index=41): <Trial 41 (41 in rep 0) data={'Task': 'LDT', 'TrialType': 'Target', 'Stimuli': 'gray', 'StimulusType': 'word', 'CorrectResponse': 'l', 'Trialnumb': 98, 'thisN': 41, 'thisTrialN': 41, 'thisRepN': 0}>
95.0288 	EXP 	LDT_fix_text: autoDraw = False
95.0288 	EXP 	LDT_stim_text: autoDraw = False
95.0288 	EXP 	LDT_break_text: autoDraw = False
95.0288 	EXP 	LDT_stim_text: height = np.float64(0.1)
95.0288 	EXP 	LDT_stim_text: height = np.float64(0.1)
95.0288 	EXP 	LDT_stim_text: height = np.float64(0.1)
95.0288 	EXP 	LDT_stim_text: text = 'gray'
95.0288 	EXP 	LDT_fix_text: autoDraw = True
95.0293 	DATA 	Keypress: l
95.0961 	EXP 	Device response: <KeyPress from None: t=95.01554720000058, value=l, duration=0.08018640000045707>
95.5126 	EXP 	LDT_stim_text: autoDraw = True
95.5211 	EXP 	LDT_fix_text: autoDraw = False
95.9300 	EXP 	Device response: <KeyPress from None: t=95.92829300000085, value=l, duration=None>
95.9302 	EXP 	New trial (rep=0, index=42): <Trial 42 (42 in rep 0) data={'Task': 'LDT', 'TrialType': 'Target', 'Stimuli': 'kild', 'StimulusType': 'nonword', 'CorrectResponse': 'a', 'Trialnumb': 165, 'thisN': 42, 'thisTrialN': 42, 'thisRepN': 0}>
95.9380 	EXP 	LDT_fix_text: autoDraw = False
95.9380 	EXP 	LDT_stim_text: autoDraw = False
95.9380 	EXP 	LDT_break_text: autoDraw = False
95.9380 	EXP 	LDT_stim_text: height = np.float64(0.1)
95.9380 	EXP 	LDT_stim_text: height = np.float64(0.1)
95.9380 	EXP 	LDT_stim_text: height = np.float64(0.1)
95.9380 	EXP 	LDT_stim_text: text = 'kild'
95.9380 	EXP 	LDT_fix_text: autoDraw = True
95.9386 	DATA 	Keypress: l
96.0384 	EXP 	Device response: <KeyPress from None: t=95.92829300000085, value=l, duration=0.10390860000006796>
96.4218 	EXP 	LDT_stim_text: autoDraw = True
96.4302 	EXP 	LDT_fix_text: autoDraw = False
96.9477 	EXP 	Device response: <KeyPress from None: t=96.94444580000163, value=a, duration=None>
96.9479 	EXP 	New trial (rep=0, index=43): <Trial 43 (43 in rep 0) data={'Task': 'LDT', 'TrialType': 'Target', 'Stimuli': 'hass', 'StimulusType': 'nonword', 'CorrectResponse': 'a', 'Trialnumb': 151, 'thisN': 43, 'thisTrialN': 43, 'thisRepN': 0}>
96.9557 	EXP 	LDT_fix_text: autoDraw = False
96.9557 	EXP 	LDT_stim_text: autoDraw = False
96.9557 	EXP 	LDT_break_text: autoDraw = False
96.9557 	EXP 	LDT_stim_text: height = np.float64(0.1)
96.9557 	EXP 	LDT_stim_text: height = np.float64(0.1)
96.9557 	EXP 	LDT_stim_text: height = np.float64(0.1)
96.9557 	EXP 	LDT_stim_text: text = 'hass'
96.9557 	EXP 	LDT_fix_text: autoDraw = True
96.9563 	DATA 	Keypress: a
97.0477 	EXP 	Device response: <KeyPress from None: t=96.94444580000163, value=a, duration=0.09512679999897955>
97.4395 	EXP 	LDT_stim_text: autoDraw = True
97.4479 	EXP 	LDT_fix_text: autoDraw = False
97.9321 	EXP 	Device response: <KeyPress from None: t=97.92820250000113, value=l, duration=None>
97.9323 	EXP 	New trial (rep=0, index=44): <Trial 44 (44 in rep 0) data={'Task': 'LDT', 'TrialType': 'Target', 'Stimuli': 'class', 'StimulusType': 'word', 'CorrectResponse': 'l', 'Trialnumb': 19, 'thisN': 44, 'thisTrialN': 44, 'thisRepN': 0}>
97.9400 	EXP 	LDT_fix_text: autoDraw = False
97.9400 	EXP 	LDT_stim_text: autoDraw = False
97.9400 	EXP 	LDT_break_text: autoDraw = False
97.9400 	EXP 	LDT_stim_text: height = np.float64(0.1)
97.9400 	EXP 	LDT_stim_text: height = np.float64(0.1)
97.9400 	EXP 	LDT_stim_text: height = np.float64(0.1)
97.9400 	EXP 	LDT_stim_text: text = 'class'
97.9400 	EXP 	LDT_fix_text: autoDraw = True
97.9405 	DATA 	Keypress: l
98.0237 	EXP 	Device response: <KeyPress from None: t=97.92820250000113, value=l, duration=0.08754829999998037>
98.4238 	EXP 	LDT_stim_text: autoDraw = True
98.4322 	EXP 	LDT_fix_text: autoDraw = False
98.9913 	EXP 	Device response: <KeyPress from None: t=98.98359090000122, value=l, duration=None>
98.9916 	EXP 	New trial (rep=0, index=45): <Trial 45 (45 in rep 0) data={'Task': 'LDT', 'TrialType': 'Target', 'Stimuli': 'mass', 'StimulusType': 'word', 'CorrectResponse': 'l', 'Trialnumb': 102, 'thisN': 45, 'thisTrialN': 45, 'thisRepN': 0}>
98.9994 	EXP 	LDT_fix_text: autoDraw = False
98.9994 	EXP 	LDT_stim_text: autoDraw = False
98.9994 	EXP 	LDT_break_text: autoDraw = False
98.9994 	EXP 	LDT_stim_text: height = np.float64(0.1)
98.9994 	EXP 	LDT_stim_text: height = np.float64(0.1)
98.9994 	EXP 	LDT_stim_text: height = np.float64(0.1)
98.9994 	EXP 	LDT_stim_text: text = 'mass'
98.9994 	EXP 	LDT_fix_text: autoDraw = True
99.0000 	DATA 	Keypress: l
99.1083 	EXP 	Device response: <KeyPress from None: t=98.98359090000122, value=l, duration=0.12015179999980319>
99.4832 	EXP 	LDT_stim_text: autoDraw = True
99.4919 	EXP 	LDT_fix_text: autoDraw = False
99.9173 	EXP 	Device response: <KeyPress from None: t=99.91250130000117, value=l, duration=None>
99.9175 	EXP 	New trial (rep=0, index=46): <Trial 46 (46 in rep 0) data={'Task': 'LDT', 'TrialType': 'Target', 'Stimuli': 'cona', 'StimulusType': 'nonword', 'CorrectResponse': 'a', 'Trialnumb': 132, 'thisN': 46, 'thisTrialN': 46, 'thisRepN': 0}>
99.9253 	EXP 	LDT_fix_text: autoDraw = False
99.9253 	EXP 	LDT_stim_text: autoDraw = False
99.9253 	EXP 	LDT_break_text: autoDraw = False
99.9253 	EXP 	LDT_stim_text: height = np.float64(0.1)
99.9253 	EXP 	LDT_stim_text: height = np.float64(0.1)
99.9253 	EXP 	LDT_stim_text: height = np.float64(0.1)
99.9253 	EXP 	LDT_stim_text: text = 'cona'
99.9253 	EXP 	LDT_fix_text: autoDraw = True
99.9259 	DATA 	Keypress: l
100.0258 	EXP 	Device response: <KeyPress from None: t=99.91250130000117, value=l, duration=0.11162320000039472>
100.4091 	EXP 	LDT_stim_text: autoDraw = True
100.4175 	EXP 	LDT_fix_text: autoDraw = False
100.9516 	EXP 	Device response: <KeyPress from None: t=100.94374270000117, value=a, duration=None>
100.9519 	EXP 	New trial (rep=0, index=47): <Trial 47 (47 in rep 0) data={'Task': 'LDT', 'TrialType': 'Target', 'Stimuli': 'bust', 'StimulusType': 'word', 'CorrectResponse': 'l', 'Trialnumb': 91, 'thisN': 47, 'thisTrialN': 47, 'thisRepN': 0}>
100.9597 	EXP 	LDT_fix_text: autoDraw = False
100.9597 	EXP 	LDT_stim_text: autoDraw = False
100.9597 	EXP 	LDT_break_text: autoDraw = False
100.9597 	EXP 	LDT_stim_text: height = np.float64(0.1)
100.9597 	EXP 	LDT_stim_text: height = np.float64(0.1)
100.9597 	EXP 	LDT_stim_text: height = np.float64(0.1)
100.9597 	EXP 	LDT_stim_text: text = 'bust'
100.9597 	EXP 	LDT_fix_text: autoDraw = True
100.9602 	DATA 	Keypress: a
101.0601 	EXP 	Device response: <KeyPress from None: t=100.94374270000117, value=a, duration=0.11220669999966049>
101.4435 	EXP 	LDT_stim_text: autoDraw = True
101.4519 	EXP 	LDT_fix_text: autoDraw = False
102.2445 	EXP 	Device response: <KeyPress from None: t=102.24121259999993, value=l, duration=None>
102.2448 	EXP 	New trial (rep=0, index=48): <Trial 48 (48 in rep 0) data={'Task': 'LDT', 'TrialType': 'Target', 'Stimuli': 'spin', 'StimulusType': 'word', 'CorrectResponse': 'l', 'Trialnumb': 107, 'thisN': 48, 'thisTrialN': 48, 'thisRepN': 0}>
102.2527 	EXP 	LDT_fix_text: autoDraw = False
102.2527 	EXP 	LDT_stim_text: autoDraw = False
102.2527 	EXP 	LDT_break_text: autoDraw = False
102.2527 	EXP 	LDT_stim_text: height = np.float64(0.1)
102.2527 	EXP 	LDT_stim_text: height = np.float64(0.1)
102.2527 	EXP 	LDT_stim_text: height = np.float64(0.1)
102.2527 	EXP 	LDT_stim_text: text = 'spin'
102.2527 	EXP 	LDT_fix_text: autoDraw = True
102.2532 	DATA 	Keypress: l
102.3531 	EXP 	Device response: <KeyPress from None: t=102.24121259999993, value=l, duration=0.11059620000014547>
102.7365 	EXP 	LDT_stim_text: autoDraw = True
102.7448 	EXP 	LDT_fix_text: autoDraw = False
103.3457 	EXP 	Device response: <KeyPress from None: t=103.34448210000119, value=l, duration=None>
103.3460 	EXP 	New trial (rep=0, index=49): <Trial 49 (49 in rep 0) data={'Task': 'LDT', 'TrialType': 'Target', 'Stimuli': 'short', 'StimulusType': 'word', 'CorrectResponse': 'l', 'Trialnumb': 50, 'thisN': 49, 'thisTrialN': 49, 'thisRepN': 0}>
103.3538 	EXP 	LDT_fix_text: autoDraw = False
103.3538 	EXP 	LDT_stim_text: autoDraw = False
103.3538 	EXP 	LDT_break_text: autoDraw = False
103.3538 	EXP 	LDT_stim_text: height = np.float64(0.1)
103.3538 	EXP 	LDT_stim_text: height = np.float64(0.1)
103.3538 	EXP 	LDT_stim_text: height = np.float64(0.1)
103.3538 	EXP 	LDT_stim_text: text = 'short'
103.3538 	EXP 	LDT_fix_text: autoDraw = True
103.3543 	DATA 	Keypress: l
103.4208 	EXP 	Device response: <KeyPress from None: t=103.34448210000119, value=l, duration=0.07142889999886393>
103.8376 	EXP 	LDT_stim_text: autoDraw = True
103.8459 	EXP 	LDT_fix_text: autoDraw = False
104.3300 	EXP 	Device response: <KeyPress from None: t=104.32815230000051, value=l, duration=None>
104.3302 	EXP 	New trial (rep=0, index=50): <Trial 50 (50 in rep 0) data={'Task': 'LDT', 'TrialType': 'Target', 'Stimuli': 'loil', 'StimulusType': 'nonword', 'CorrectResponse': 'a', 'Trialnumb': 170, 'thisN': 50, 'thisTrialN': 50, 'thisRepN': 0}>
104.3381 	EXP 	LDT_fix_text: autoDraw = False
104.3381 	EXP 	LDT_stim_text: autoDraw = False
104.3381 	EXP 	LDT_break_text: autoDraw = False
104.3381 	EXP 	LDT_stim_text: height = np.float64(0.1)
104.3381 	EXP 	LDT_stim_text: height = np.float64(0.1)
104.3381 	EXP 	LDT_stim_text: height = np.float64(0.1)
104.3381 	EXP 	LDT_stim_text: text = 'loil'
104.3381 	EXP 	LDT_fix_text: autoDraw = True
104.3386 	DATA 	Keypress: l
104.4384 	EXP 	Device response: <KeyPress from None: t=104.32815230000051, value=l, duration=0.10462860000006913>
104.8219 	EXP 	LDT_stim_text: autoDraw = True
104.8302 	EXP 	LDT_fix_text: autoDraw = False
105.5397 	EXP 	Device response: <KeyPress from None: t=105.53628480000043, value=a, duration=None>
105.5399 	EXP 	New trial (rep=0, index=51): <Trial 51 (51 in rep 0) data={'Task': 'LDT', 'TrialType': 'Target', 'Stimuli': 'plue', 'StimulusType': 'nonword', 'CorrectResponse': 'a', 'Trialnumb': 181, 'thisN': 51, 'thisTrialN': 51, 'thisRepN': 0}>
105.5477 	EXP 	LDT_fix_text: autoDraw = False
105.5477 	EXP 	LDT_stim_text: autoDraw = False
105.5477 	EXP 	LDT_break_text: autoDraw = False
105.5477 	EXP 	LDT_stim_text: height = np.float64(0.1)
105.5477 	EXP 	LDT_stim_text: height = np.float64(0.1)
105.5477 	EXP 	LDT_stim_text: height = np.float64(0.1)
105.5477 	EXP 	LDT_stim_text: text = 'plue'
105.5477 	EXP 	LDT_fix_text: autoDraw = True
105.5482 	DATA 	Keypress: a
105.6480 	EXP 	Device response: <KeyPress from None: t=105.53628480000043, value=a, duration=0.11126850000073318>
106.0314 	EXP 	LDT_stim_text: autoDraw = True
106.0398 	EXP 	LDT_fix_text: autoDraw = False
106.6574 	EXP 	Device response: <KeyPress from None: t=106.65567870000086, value=a, duration=None>
106.6576 	EXP 	New trial (rep=0, index=52): <Trial 52 (52 in rep 0) data={'Task': 'LDT', 'TrialType': 'Target', 'Stimuli': 'crap', 'StimulusType': 'word', 'CorrectResponse': 'l', 'Trialnumb': 70, 'thisN': 52, 'thisTrialN': 52, 'thisRepN': 0}>
106.6654 	EXP 	LDT_fix_text: autoDraw = False
106.6654 	EXP 	LDT_stim_text: autoDraw = False
106.6654 	EXP 	LDT_break_text: autoDraw = False
106.6654 	EXP 	LDT_stim_text: height = np.float64(0.1)
106.6654 	EXP 	LDT_stim_text: height = np.float64(0.1)
106.6654 	EXP 	LDT_stim_text: height = np.float64(0.1)
106.6654 	EXP 	LDT_stim_text: text = 'crap'
106.6654 	EXP 	LDT_fix_text: autoDraw = True
106.6659 	DATA 	Keypress: a
106.7741 	EXP 	Device response: <KeyPress from None: t=106.65567870000086, value=a, duration=0.11192320000009204>
107.1492 	EXP 	LDT_stim_text: autoDraw = True
107.1576 	EXP 	LDT_fix_text: autoDraw = False
107.6833 	EXP 	Device response: <KeyPress from None: t=107.68096160000096, value=l, duration=None>
107.6836 	EXP 	New trial (rep=0, index=53): <Trial 53 (53 in rep 0) data={'Task': 'LDT', 'TrialType': 'Target', 'Stimuli': 'gali', 'StimulusType': 'nonword', 'CorrectResponse': 'a', 'Trialnumb': 113, 'thisN': 53, 'thisTrialN': 53, 'thisRepN': 0}>
107.6914 	EXP 	LDT_fix_text: autoDraw = False
107.6914 	EXP 	LDT_stim_text: autoDraw = False
107.6914 	EXP 	LDT_break_text: autoDraw = False
107.6914 	EXP 	LDT_stim_text: height = np.float64(0.1)
107.6914 	EXP 	LDT_stim_text: height = np.float64(0.1)
107.6914 	EXP 	LDT_stim_text: height = np.float64(0.1)
107.6914 	EXP 	LDT_stim_text: text = 'gali'
107.6914 	EXP 	LDT_fix_text: autoDraw = True
107.6919 	DATA 	Keypress: l
107.8001 	EXP 	Device response: <KeyPress from None: t=107.68096160000096, value=l, duration=0.11151199999949313>
108.1752 	EXP 	LDT_stim_text: autoDraw = True
108.1836 	EXP 	LDT_fix_text: autoDraw = False
108.7261 	EXP 	Device response: <KeyPress from None: t=108.72124190000068, value=a, duration=None>
108.7263 	EXP 	New trial (rep=0, index=54): <Trial 54 (54 in rep 0) data={'Task': 'LDT', 'TrialType': 'Target', 'Stimuli': 'snan', 'StimulusType': 'nonword', 'CorrectResponse': 'a', 'Trialnumb': 196, 'thisN': 54, 'thisTrialN': 54, 'thisRepN': 0}>
108.7342 	EXP 	LDT_fix_text: autoDraw = False
108.7342 	EXP 	LDT_stim_text: autoDraw = False
108.7342 	EXP 	LDT_break_text: autoDraw = False
108.7342 	EXP 	LDT_stim_text: height = np.float64(0.1)
108.7342 	EXP 	LDT_stim_text: height = np.float64(0.1)
108.7342 	EXP 	LDT_stim_text: height = np.float64(0.1)
108.7342 	EXP 	LDT_stim_text: text = 'snan'
108.7342 	EXP 	LDT_fix_text: autoDraw = True
108.7348 	DATA 	Keypress: a
108.8262 	EXP 	Device response: <KeyPress from None: t=108.72124190000068, value=a, duration=0.10273070000039297>
109.2179 	EXP 	LDT_stim_text: autoDraw = True
109.2263 	EXP 	LDT_fix_text: autoDraw = False
109.7606 	EXP 	Device response: <KeyPress from None: t=109.7600953000001, value=a, duration=None>
109.7608 	EXP 	New trial (rep=0, index=55): <Trial 55 (55 in rep 0) data={'Task': 'LDT', 'TrialType': 'Target', 'Stimuli': 'sell', 'StimulusType': 'word', 'CorrectResponse': 'l', 'Trialnumb': 65, 'thisN': 55, 'thisTrialN': 55, 'thisRepN': 0}>
109.7685 	EXP 	LDT_fix_text: autoDraw = False
109.7685 	EXP 	LDT_stim_text: autoDraw = False
109.7685 	EXP 	LDT_break_text: autoDraw = False
109.7685 	EXP 	LDT_stim_text: height = np.float64(0.1)
109.7685 	EXP 	LDT_stim_text: height = np.float64(0.1)
109.7685 	EXP 	LDT_stim_text: height = np.float64(0.1)
109.7685 	EXP 	LDT_stim_text: text = 'sell'
109.7685 	EXP 	LDT_fix_text: autoDraw = True
109.7690 	DATA 	Keypress: a
109.8605 	EXP 	Device response: <KeyPress from None: t=109.7600953000001, value=a, duration=0.09587270000156423>
110.2523 	EXP 	LDT_stim_text: autoDraw = True
110.2606 	EXP 	LDT_fix_text: autoDraw = False
111.0117 	EXP 	Device response: <KeyPress from None: t=111.00813310000012, value=l, duration=None>
111.0119 	EXP 	New trial (rep=0, index=56): <Trial 56 (56 in rep 0) data={'Task': 'LDT', 'TrialType': 'Target', 'Stimuli': 'peaf', 'StimulusType': 'nonword', 'CorrectResponse': 'a', 'Trialnumb': 179, 'thisN': 56, 'thisTrialN': 56, 'thisRepN': 0}>
111.0197 	EXP 	LDT_fix_text: autoDraw = False
111.0197 	EXP 	LDT_stim_text: autoDraw = False
111.0197 	EXP 	LDT_break_text: autoDraw = False
111.0197 	EXP 	LDT_stim_text: height = np.float64(0.1)
111.0197 	EXP 	LDT_stim_text: height = np.float64(0.1)
111.0197 	EXP 	LDT_stim_text: height = np.float64(0.1)
111.0197 	EXP 	LDT_stim_text: text = 'peaf'
111.0197 	EXP 	LDT_fix_text: autoDraw = True
111.0202 	DATA 	Keypress: l
111.1117 	EXP 	Device response: <KeyPress from None: t=111.00813310000012, value=l, duration=0.09627870000076655>
111.5035 	EXP 	LDT_stim_text: autoDraw = True
111.5119 	EXP 	LDT_fix_text: autoDraw = False
112.0544 	EXP 	Device response: <KeyPress from None: t=112.04786899999999, value=a, duration=None>
112.0547 	EXP 	New trial (rep=0, index=57): <Trial 57 (57 in rep 0) data={'Task': 'LDT', 'TrialType': 'Target', 'Stimuli': 'job', 'StimulusType': 'word', 'CorrectResponse': 'l', 'Trialnumb': 26, 'thisN': 57, 'thisTrialN': 57, 'thisRepN': 0}>
112.0624 	EXP 	LDT_fix_text: autoDraw = False
112.0624 	EXP 	LDT_stim_text: autoDraw = False
112.0624 	EXP 	LDT_break_text: autoDraw = False
112.0624 	EXP 	LDT_stim_text: height = np.float64(0.1)
112.0624 	EXP 	LDT_stim_text: height = np.float64(0.1)
112.0624 	EXP 	LDT_stim_text: height = np.float64(0.1)
112.0624 	EXP 	LDT_stim_text: text = 'job'
112.0624 	EXP 	LDT_fix_text: autoDraw = True
112.0630 	DATA 	Keypress: a
112.1461 	EXP 	Device response: <KeyPress from None: t=112.04786899999999, value=a, duration=0.09569280000141589>
112.5463 	EXP 	LDT_stim_text: autoDraw = True
112.5546 	EXP 	LDT_fix_text: autoDraw = False
113.0220 	EXP 	Device response: <KeyPress from None: t=113.01549320000049, value=l, duration=None>
113.0223 	EXP 	New trial (rep=0, index=58): <Trial 58 (58 in rep 0) data={'Task': 'LDT', 'TrialType': 'Target', 'Stimuli': 'ate', 'StimulusType': 'word', 'CorrectResponse': 'l', 'Trialnumb': 85, 'thisN': 58, 'thisTrialN': 58, 'thisRepN': 0}>
113.0301 	EXP 	LDT_fix_text: autoDraw = False
113.0301 	EXP 	LDT_stim_text: autoDraw = False
113.0301 	EXP 	LDT_break_text: autoDraw = False
113.0301 	EXP 	LDT_stim_text: height = np.float64(0.1)
113.0301 	EXP 	LDT_stim_text: height = np.float64(0.1)
113.0301 	EXP 	LDT_stim_text: height = np.float64(0.1)
113.0301 	EXP 	LDT_stim_text: text = 'ate'
113.0301 	EXP 	LDT_fix_text: autoDraw = True
113.0306 	DATA 	Keypress: l
113.0971 	EXP 	Device response: <KeyPress from None: t=113.01549320000049, value=l, duration=0.08036270000047807>
113.5139 	EXP 	LDT_stim_text: autoDraw = True
113.5222 	EXP 	LDT_fix_text: autoDraw = False
114.0229 	EXP 	Device response: <KeyPress from None: t=114.01636810000127, value=a, duration=None>
114.0232 	EXP 	New trial (rep=0, index=59): <Trial 59 (59 in rep 0) data={'Task': 'LDT', 'TrialType': 'Target', 'Stimuli': 'flen', 'StimulusType': 'nonword', 'CorrectResponse': 'a', 'Trialnumb': 141, 'thisN': 59, 'thisTrialN': 59, 'thisRepN': 0}>
114.0311 	EXP 	LDT_fix_text: autoDraw = False
114.0311 	EXP 	LDT_stim_text: autoDraw = False
114.0311 	EXP 	LDT_break_text: autoDraw = False
114.0311 	EXP 	LDT_stim_text: height = np.float64(0.1)
114.0311 	EXP 	LDT_stim_text: height = np.float64(0.1)
114.0311 	EXP 	LDT_stim_text: height = np.float64(0.1)
114.0311 	EXP 	LDT_stim_text: text = 'flen'
114.0311 	EXP 	LDT_fix_text: autoDraw = True
114.0317 	DATA 	Keypress: a
114.1231 	EXP 	Device response: <KeyPress from None: t=114.01636810000127, value=a, duration=0.10344850000001315>
114.5149 	EXP 	LDT_stim_text: autoDraw = True
114.5232 	EXP 	LDT_fix_text: autoDraw = False
115.2576 	EXP 	Device response: <KeyPress from None: t=115.25566350000008, value=a, duration=None>
115.2578 	EXP 	New trial (rep=0, index=60): <Trial 60 (60 in rep 0) data={'Task': 'LDT', 'TrialType': 'Target', 'Stimuli': 'neep', 'StimulusType': 'nonword', 'CorrectResponse': 'a', 'Trialnumb': 176, 'thisN': 60, 'thisTrialN': 60, 'thisRepN': 0}>
115.2656 	EXP 	LDT_fix_text: autoDraw = False
115.2656 	EXP 	LDT_stim_text: autoDraw = False
115.2656 	EXP 	LDT_break_text: autoDraw = False
115.2656 	EXP 	LDT_stim_text: height = np.float64(0.1)
115.2656 	EXP 	LDT_stim_text: height = np.float64(0.1)
115.2656 	EXP 	LDT_stim_text: height = np.float64(0.1)
115.2656 	EXP 	LDT_stim_text: text = 'neep'
115.2656 	EXP 	LDT_fix_text: autoDraw = True
115.2661 	DATA 	Keypress: a
115.3577 	EXP 	Device response: <KeyPress from None: t=115.25566350000008, value=a, duration=0.09608490000027814>
115.7494 	EXP 	LDT_stim_text: autoDraw = True
115.7578 	EXP 	LDT_fix_text: autoDraw = False
116.5088 	EXP 	Device response: <KeyPress from None: t=116.50516090000019, value=a, duration=None>
116.5090 	EXP 	New trial (rep=0, index=61): <Trial 61 (61 in rep 0) data={'Task': 'LDT', 'TrialType': 'Target', 'Stimuli': 'judge', 'StimulusType': 'word', 'CorrectResponse': 'l', 'Trialnumb': 67, 'thisN': 61, 'thisTrialN': 61, 'thisRepN': 0}>
116.5169 	EXP 	LDT_fix_text: autoDraw = False
116.5169 	EXP 	LDT_stim_text: autoDraw = False
116.5169 	EXP 	LDT_break_text: autoDraw = False
116.5169 	EXP 	LDT_stim_text: height = np.float64(0.1)
116.5169 	EXP 	LDT_stim_text: height = np.float64(0.1)
116.5169 	EXP 	LDT_stim_text: height = np.float64(0.1)
116.5169 	EXP 	LDT_stim_text: text = 'judge'
116.5169 	EXP 	LDT_fix_text: autoDraw = True
116.5174 	DATA 	Keypress: a
116.6256 	EXP 	Device response: <KeyPress from None: t=116.50516090000019, value=a, duration=0.11864710000008927>
117.0007 	EXP 	LDT_stim_text: autoDraw = True
117.0091 	EXP 	LDT_fix_text: autoDraw = False
117.6183 	EXP 	Device response: <KeyPress from None: t=117.61548330000005, value=a, duration=None>
117.6185 	EXP 	New trial (rep=0, index=62): <Trial 62 (62 in rep 0) data={'Task': 'LDT', 'TrialType': 'Target', 'Stimuli': 'vead', 'StimulusType': 'nonword', 'CorrectResponse': 'a', 'Trialnumb': 210, 'thisN': 62, 'thisTrialN': 62, 'thisRepN': 0}>
117.6263 	EXP 	LDT_fix_text: autoDraw = False
117.6263 	EXP 	LDT_stim_text: autoDraw = False
117.6263 	EXP 	LDT_break_text: autoDraw = False
117.6263 	EXP 	LDT_stim_text: height = np.float64(0.1)
117.6263 	EXP 	LDT_stim_text: height = np.float64(0.1)
117.6263 	EXP 	LDT_stim_text: height = np.float64(0.1)
117.6263 	EXP 	LDT_stim_text: text = 'vead'
117.6263 	EXP 	LDT_fix_text: autoDraw = True
117.6268 	DATA 	Keypress: a
117.7100 	EXP 	Device response: <KeyPress from None: t=117.61548330000005, value=a, duration=0.08820340000056603>
118.1101 	EXP 	LDT_stim_text: autoDraw = True
118.1185 	EXP 	LDT_fix_text: autoDraw = False
118.7446 	EXP 	Device response: <KeyPress from None: t=118.74409809999997, value=a, duration=None>
118.7448 	EXP 	New trial (rep=0, index=63): <Trial 63 (63 in rep 0) data={'Task': 'LDT', 'TrialType': 'Target', 'Stimuli': 'side', 'StimulusType': 'word', 'CorrectResponse': 'l', 'Trialnumb': 48, 'thisN': 63, 'thisTrialN': 63, 'thisRepN': 0}>
118.7524 	EXP 	LDT_fix_text: autoDraw = False
118.7524 	EXP 	LDT_stim_text: autoDraw = False
118.7524 	EXP 	LDT_break_text: autoDraw = False
118.7524 	EXP 	LDT_stim_text: height = np.float64(0.1)
118.7524 	EXP 	LDT_stim_text: height = np.float64(0.1)
118.7524 	EXP 	LDT_stim_text: height = np.float64(0.1)
118.7524 	EXP 	LDT_stim_text: text = 'side'
118.7524 	EXP 	LDT_fix_text: autoDraw = True
118.7529 	DATA 	Keypress: a
118.8528 	EXP 	Device response: <KeyPress from None: t=118.74409809999997, value=a, duration=0.10465870000007271>
119.2362 	EXP 	LDT_stim_text: autoDraw = True
119.2446 	EXP 	LDT_fix_text: autoDraw = False
119.8205 	EXP 	Device response: <KeyPress from None: t=119.81699470000058, value=l, duration=None>
119.8207 	EXP 	New trial (rep=0, index=64): <Trial 64 (64 in rep 0) data={'Task': 'LDT', 'TrialType': 'Target', 'Stimuli': 'veek', 'StimulusType': 'nonword', 'CorrectResponse': 'a', 'Trialnumb': 211, 'thisN': 64, 'thisTrialN': 64, 'thisRepN': 0}>
119.8285 	EXP 	LDT_fix_text: autoDraw = False
119.8285 	EXP 	LDT_stim_text: autoDraw = False
119.8285 	EXP 	LDT_break_text: autoDraw = False
119.8285 	EXP 	LDT_stim_text: height = np.float64(0.1)
119.8285 	EXP 	LDT_stim_text: height = np.float64(0.1)
119.8285 	EXP 	LDT_stim_text: height = np.float64(0.1)
119.8285 	EXP 	LDT_stim_text: text = 'veek'
119.8285 	EXP 	LDT_fix_text: autoDraw = True
119.8289 	DATA 	Keypress: l
119.9122 	EXP 	Device response: <KeyPress from None: t=119.81699470000058, value=l, duration=0.0870613000006415>
120.3123 	EXP 	LDT_stim_text: autoDraw = True
120.3207 	EXP 	LDT_fix_text: autoDraw = False
121.0216 	EXP 	Device response: <KeyPress from None: t=121.01625160000003, value=a, duration=None>
121.0219 	EXP 	New trial (rep=0, index=65): <Trial 65 (65 in rep 0) data={'Task': 'LDT', 'TrialType': 'Target', 'Stimuli': 'dry', 'StimulusType': 'word', 'CorrectResponse': 'l', 'Trialnumb': 77, 'thisN': 65, 'thisTrialN': 65, 'thisRepN': 0}>
121.0297 	EXP 	LDT_fix_text: autoDraw = False
121.0297 	EXP 	LDT_stim_text: autoDraw = False
121.0297 	EXP 	LDT_break_text: autoDraw = False
121.0297 	EXP 	LDT_stim_text: height = np.float64(0.1)
121.0297 	EXP 	LDT_stim_text: height = np.float64(0.1)
121.0297 	EXP 	LDT_stim_text: height = np.float64(0.1)
121.0297 	EXP 	LDT_stim_text: text = 'dry'
121.0297 	EXP 	LDT_fix_text: autoDraw = True
121.0303 	DATA 	Keypress: a
121.1051 	EXP 	Device response: <KeyPress from None: t=121.01625160000003, value=a, duration=0.08773030000156723>
121.5135 	EXP 	LDT_stim_text: autoDraw = True
121.5219 	EXP 	LDT_fix_text: autoDraw = False
122.0226 	EXP 	Device response: <KeyPress from None: t=122.01555820000067, value=l, duration=None>
122.0230 	EXP 	New trial (rep=0, index=66): <Trial 66 (66 in rep 0) data={'Task': 'LDT', 'TrialType': 'Target', 'Stimuli': 'trip', 'StimulusType': 'word', 'CorrectResponse': 'l', 'Trialnumb': 35, 'thisN': 66, 'thisTrialN': 66, 'thisRepN': 0}>
122.0307 	EXP 	LDT_fix_text: autoDraw = False
122.0307 	EXP 	LDT_stim_text: autoDraw = False
122.0307 	EXP 	LDT_break_text: autoDraw = False
122.0307 	EXP 	LDT_stim_text: height = np.float64(0.1)
122.0307 	EXP 	LDT_stim_text: height = np.float64(0.1)
122.0307 	EXP 	LDT_stim_text: height = np.float64(0.1)
122.0307 	EXP 	LDT_stim_text: text = 'trip'
122.0307 	EXP 	LDT_fix_text: autoDraw = True
122.0311 	DATA 	Keypress: l
122.1227 	EXP 	Device response: <KeyPress from None: t=122.01555820000067, value=l, duration=0.10535630000049423>
122.5145 	EXP 	LDT_stim_text: autoDraw = True
122.5229 	EXP 	LDT_fix_text: autoDraw = False
123.1738 	EXP 	Device response: <KeyPress from None: t=123.1674937000007, value=l, duration=None>
123.1740 	EXP 	New trial (rep=0, index=67): <Trial 67 (67 in rep 0) data={'Task': 'LDT', 'TrialType': 'Target', 'Stimuli': 'eall', 'StimulusType': 'nonword', 'CorrectResponse': 'a', 'Trialnumb': 138, 'thisN': 67, 'thisTrialN': 67, 'thisRepN': 0}>
123.1819 	EXP 	LDT_fix_text: autoDraw = False
123.1819 	EXP 	LDT_stim_text: autoDraw = False
123.1819 	EXP 	LDT_break_text: autoDraw = False
123.1819 	EXP 	LDT_stim_text: height = np.float64(0.1)
123.1819 	EXP 	LDT_stim_text: height = np.float64(0.1)
123.1819 	EXP 	LDT_stim_text: height = np.float64(0.1)
123.1819 	EXP 	LDT_stim_text: text = 'eall'
123.1819 	EXP 	LDT_fix_text: autoDraw = True
123.1823 	DATA 	Keypress: l
123.2573 	EXP 	Device response: <KeyPress from None: t=123.1674937000007, value=l, duration=0.08937510000032489>
123.6656 	EXP 	LDT_stim_text: autoDraw = True
123.6740 	EXP 	LDT_fix_text: autoDraw = False
124.2165 	EXP 	Device response: <KeyPress from None: t=124.21545540000079, value=a, duration=None>
124.2167 	EXP 	New trial (rep=0, index=68): <Trial 68 (68 in rep 0) data={'Task': 'LDT', 'TrialType': 'Target', 'Stimuli': 'shoa', 'StimulusType': 'nonword', 'CorrectResponse': 'a', 'Trialnumb': 191, 'thisN': 68, 'thisTrialN': 68, 'thisRepN': 0}>
124.2246 	EXP 	LDT_fix_text: autoDraw = False
124.2246 	EXP 	LDT_stim_text: autoDraw = False
124.2246 	EXP 	LDT_break_text: autoDraw = False
124.2246 	EXP 	LDT_stim_text: height = np.float64(0.1)
124.2246 	EXP 	LDT_stim_text: height = np.float64(0.1)
124.2246 	EXP 	LDT_stim_text: height = np.float64(0.1)
124.2246 	EXP 	LDT_stim_text: text = 'shoa'
124.2246 	EXP 	LDT_fix_text: autoDraw = True
124.2251 	DATA 	Keypress: a
124.3166 	EXP 	Device response: <KeyPress from None: t=124.21545540000079, value=a, duration=0.09784089999993739>
124.7084 	EXP 	LDT_stim_text: autoDraw = True
124.7167 	EXP 	LDT_fix_text: autoDraw = False
125.2592 	EXP 	Device response: <KeyPress from None: t=125.2557710000001, value=a, duration=None>
125.2595 	EXP 	New trial (rep=0, index=69): <Trial 69 (69 in rep 0) data={'Task': 'LDT', 'TrialType': 'Target', 'Stimuli': 'war', 'StimulusType': 'word', 'CorrectResponse': 'l', 'Trialnumb': 55, 'thisN': 69, 'thisTrialN': 69, 'thisRepN': 0}>
125.2672 	EXP 	LDT_fix_text: autoDraw = False
125.2672 	EXP 	LDT_stim_text: autoDraw = False
125.2672 	EXP 	LDT_break_text: autoDraw = False
125.2672 	EXP 	LDT_stim_text: height = np.float64(0.1)
125.2672 	EXP 	LDT_stim_text: height = np.float64(0.1)
125.2672 	EXP 	LDT_stim_text: height = np.float64(0.1)
125.2672 	EXP 	LDT_stim_text: text = 'war'
125.2672 	EXP 	LDT_fix_text: autoDraw = True
125.2678 	DATA 	Keypress: a
125.3843 	EXP 	Device response: <KeyPress from None: t=125.2557710000001, value=a, duration=0.12064280000049621>
125.7511 	EXP 	LDT_stim_text: autoDraw = True
125.7594 	EXP 	LDT_fix_text: autoDraw = False
126.2602 	EXP 	Device response: <KeyPress from None: t=126.25568940000085, value=l, duration=None>
126.2604 	EXP 	New trial (rep=0, index=70): <Trial 70 (70 in rep 0) data={'Task': 'LDT', 'TrialType': 'Target', 'Stimuli': 'mina', 'StimulusType': 'nonword', 'CorrectResponse': 'a', 'Trialnumb': 173, 'thisN': 70, 'thisTrialN': 70, 'thisRepN': 0}>
126.2682 	EXP 	LDT_fix_text: autoDraw = False
126.2682 	EXP 	LDT_stim_text: autoDraw = False
126.2682 	EXP 	LDT_break_text: autoDraw = False
126.2682 	EXP 	LDT_stim_text: height = np.float64(0.1)
126.2682 	EXP 	LDT_stim_text: height = np.float64(0.1)
126.2682 	EXP 	LDT_stim_text: height = np.float64(0.1)
126.2682 	EXP 	LDT_stim_text: text = 'mina'
126.2682 	EXP 	LDT_fix_text: autoDraw = True
126.2688 	DATA 	Keypress: l
126.3604 	EXP 	Device response: <KeyPress from None: t=126.25568940000085, value=l, duration=0.1039825000007113>
126.7520 	EXP 	LDT_stim_text: autoDraw = True
126.7604 	EXP 	LDT_fix_text: autoDraw = False
127.3112 	EXP 	Device response: <KeyPress from None: t=127.3039288, value=a, duration=None>
127.3115 	EXP 	New trial (rep=0, index=71): <Trial 71 (71 in rep 0) data={'Task': 'LDT', 'TrialType': 'Target', 'Stimuli': 'word', 'StimulusType': 'word', 'CorrectResponse': 'l', 'Trialnumb': 47, 'thisN': 71, 'thisTrialN': 71, 'thisRepN': 0}>
127.3193 	EXP 	LDT_fix_text: autoDraw = False
127.3193 	EXP 	LDT_stim_text: autoDraw = False
127.3193 	EXP 	LDT_break_text: autoDraw = False
127.3193 	EXP 	LDT_stim_text: height = np.float64(0.1)
127.3193 	EXP 	LDT_stim_text: height = np.float64(0.1)
127.3193 	EXP 	LDT_stim_text: height = np.float64(0.1)
127.3193 	EXP 	LDT_stim_text: text = 'word'
127.3193 	EXP 	LDT_fix_text: autoDraw = True
127.3198 	DATA 	Keypress: a
127.4282 	EXP 	Device response: <KeyPress from None: t=127.3039288, value=a, duration=0.12115390000144544>
127.8031 	EXP 	LDT_stim_text: autoDraw = True
127.8115 	EXP 	LDT_fix_text: autoDraw = False
128.2538 	EXP 	Device response: <KeyPress from None: t=128.24907190000158, value=l, duration=None>
128.2541 	EXP 	New trial (rep=0, index=72): <Trial 72 (72 in rep 0) data={'Task': 'LDT', 'TrialType': 'Target', 'Stimuli': 'vink', 'StimulusType': 'nonword', 'CorrectResponse': 'a', 'Trialnumb': 212, 'thisN': 72, 'thisTrialN': 72, 'thisRepN': 0}>
128.2619 	EXP 	LDT_fix_text: autoDraw = False
128.2619 	EXP 	LDT_stim_text: autoDraw = False
128.2619 	EXP 	LDT_break_text: autoDraw = False
128.2619 	EXP 	LDT_stim_text: height = np.float64(0.1)
128.2619 	EXP 	LDT_stim_text: height = np.float64(0.1)
128.2619 	EXP 	LDT_stim_text: height = np.float64(0.1)
128.2619 	EXP 	LDT_stim_text: text = 'vink'
128.2619 	EXP 	LDT_fix_text: autoDraw = True
128.2624 	DATA 	Keypress: l
128.3540 	EXP 	Device response: <KeyPress from None: t=128.24907190000158, value=l, duration=0.10266739999860874>
128.7457 	EXP 	LDT_stim_text: autoDraw = True
128.7540 	EXP 	LDT_fix_text: autoDraw = False
129.3050 	EXP 	Device response: <KeyPress from None: t=129.30403990000013, value=a, duration=None>
129.3052 	EXP 	New trial (rep=0, index=73): <Trial 73 (73 in rep 0) data={'Task': 'LDT', 'TrialType': 'Target', 'Stimuli': 'heat', 'StimulusType': 'word', 'CorrectResponse': 'l', 'Trialnumb': 79, 'thisN': 73, 'thisTrialN': 73, 'thisRepN': 0}>
129.3130 	EXP 	LDT_fix_text: autoDraw = False
129.3130 	EXP 	LDT_stim_text: autoDraw = False
129.3130 	EXP 	LDT_break_text: autoDraw = False
129.3130 	EXP 	LDT_stim_text: height = np.float64(0.1)
129.3130 	EXP 	LDT_stim_text: height = np.float64(0.1)
129.3130 	EXP 	LDT_stim_text: height = np.float64(0.1)
129.3130 	EXP 	LDT_stim_text: text = 'heat'
129.3130 	EXP 	LDT_fix_text: autoDraw = True
129.3135 	DATA 	Keypress: a
129.3967 	EXP 	Device response: <KeyPress from None: t=129.30403990000013, value=a, duration=0.08760020000045188>
129.7968 	EXP 	LDT_stim_text: autoDraw = True
129.8051 	EXP 	LDT_fix_text: autoDraw = False
130.3143 	EXP 	Device response: <KeyPress from None: t=130.31247729999995, value=l, duration=None>
130.3145 	EXP 	New trial (rep=0, index=74): <Trial 74 (74 in rep 0) data={'Task': 'LDT', 'TrialType': 'Target', 'Stimuli': 'berm', 'StimulusType': 'nonword', 'CorrectResponse': 'a', 'Trialnumb': 121, 'thisN': 74, 'thisTrialN': 74, 'thisRepN': 0}>
130.3223 	EXP 	LDT_fix_text: autoDraw = False
130.3223 	EXP 	LDT_stim_text: autoDraw = False
130.3223 	EXP 	LDT_break_text: autoDraw = False
130.3223 	EXP 	LDT_stim_text: height = np.float64(0.1)
130.3223 	EXP 	LDT_stim_text: height = np.float64(0.1)
130.3223 	EXP 	LDT_stim_text: height = np.float64(0.1)
130.3223 	EXP 	LDT_stim_text: text = 'berm'
130.3223 	EXP 	LDT_fix_text: autoDraw = True
130.3229 	DATA 	Keypress: l
130.4227 	EXP 	Device response: <KeyPress from None: t=130.31247729999995, value=l, duration=0.10304610000093817>
130.8061 	EXP 	LDT_stim_text: autoDraw = True
130.8145 	EXP 	LDT_fix_text: autoDraw = False
131.4155 	EXP 	Device response: <KeyPress from None: t=131.40812499999993, value=a, duration=None>
131.4158 	EXP 	New trial (rep=0, index=75): <Trial 75 (75 in rep 0) data={'Task': 'LDT', 'TrialType': 'Target', 'Stimuli': 'hold', 'StimulusType': 'word', 'CorrectResponse': 'l', 'Trialnumb': 54, 'thisN': 75, 'thisTrialN': 75, 'thisRepN': 0}>
131.4234 	EXP 	LDT_fix_text: autoDraw = False
131.4234 	EXP 	LDT_stim_text: autoDraw = False
131.4234 	EXP 	LDT_break_text: autoDraw = False
131.4234 	EXP 	LDT_stim_text: height = np.float64(0.1)
131.4234 	EXP 	LDT_stim_text: height = np.float64(0.1)
131.4234 	EXP 	LDT_stim_text: height = np.float64(0.1)
131.4234 	EXP 	LDT_stim_text: text = 'hold'
131.4234 	EXP 	LDT_fix_text: autoDraw = True
131.4239 	DATA 	Keypress: a
131.5405 	EXP 	Device response: <KeyPress from None: t=131.40812499999993, value=a, duration=0.1285615000015241>
131.9072 	EXP 	LDT_stim_text: autoDraw = True
131.9156 	EXP 	LDT_fix_text: autoDraw = False
132.4747 	EXP 	Device response: <KeyPress from None: t=132.47144690000096, value=l, duration=None>
132.4750 	EXP 	New trial (rep=0, index=76): <Trial 76 (76 in rep 0) data={'Task': 'LDT', 'TrialType': 'Target', 'Stimuli': 'strip', 'StimulusType': 'word', 'CorrectResponse': 'l', 'Trialnumb': 104, 'thisN': 76, 'thisTrialN': 76, 'thisRepN': 0}>
132.4828 	EXP 	LDT_fix_text: autoDraw = False
132.4828 	EXP 	LDT_stim_text: autoDraw = False
132.4828 	EXP 	LDT_break_text: autoDraw = False
132.4828 	EXP 	LDT_stim_text: height = np.float64(0.1)
132.4828 	EXP 	LDT_stim_text: height = np.float64(0.1)
132.4828 	EXP 	LDT_stim_text: height = np.float64(0.1)
132.4828 	EXP 	LDT_stim_text: text = 'strip'
132.4828 	EXP 	LDT_fix_text: autoDraw = True
132.4834 	DATA 	Keypress: l
132.5831 	EXP 	Device response: <KeyPress from None: t=132.47144690000096, value=l, duration=0.10435929999948712>
132.9666 	EXP 	LDT_stim_text: autoDraw = True
132.9749 	EXP 	LDT_fix_text: autoDraw = False
133.5426 	EXP 	Device response: <KeyPress from None: t=133.5357539000015, value=l, duration=None>
133.5428 	EXP 	New trial (rep=0, index=77): <Trial 77 (77 in rep 0) data={'Task': 'LDT', 'TrialType': 'Target', 'Stimuli': 'left', 'StimulusType': 'word', 'CorrectResponse': 'l', 'Trialnumb': 27, 'thisN': 77, 'thisTrialN': 77, 'thisRepN': 0}>
133.5506 	EXP 	LDT_fix_text: autoDraw = False
133.5506 	EXP 	LDT_stim_text: autoDraw = False
133.5506 	EXP 	LDT_break_text: autoDraw = False
133.5506 	EXP 	LDT_stim_text: height = np.float64(0.1)
133.5506 	EXP 	LDT_stim_text: height = np.float64(0.1)
133.5506 	EXP 	LDT_stim_text: height = np.float64(0.1)
133.5506 	EXP 	LDT_stim_text: text = 'left'
133.5506 	EXP 	LDT_fix_text: autoDraw = True
133.5511 	DATA 	Keypress: l
133.6426 	EXP 	Device response: <KeyPress from None: t=133.5357539000015, value=l, duration=0.10461509999913687>
134.0343 	EXP 	LDT_stim_text: autoDraw = True
134.0426 	EXP 	LDT_fix_text: autoDraw = False
134.7437 	EXP 	Device response: <KeyPress from None: t=134.7358830000012, value=l, duration=None>
134.7440 	EXP 	New trial (rep=0, index=78): <Trial 78 (78 in rep 0) data={'Task': 'LDT', 'TrialType': 'Target', 'Stimuli': 'suck', 'StimulusType': 'word', 'CorrectResponse': 'l', 'Trialnumb': 83, 'thisN': 78, 'thisTrialN': 78, 'thisRepN': 0}>
134.7517 	EXP 	LDT_fix_text: autoDraw = False
134.7517 	EXP 	LDT_stim_text: autoDraw = False
134.7517 	EXP 	LDT_break_text: autoDraw = False
134.7517 	EXP 	LDT_stim_text: height = np.float64(0.1)
134.7517 	EXP 	LDT_stim_text: height = np.float64(0.1)
134.7517 	EXP 	LDT_stim_text: height = np.float64(0.1)
134.7517 	EXP 	LDT_stim_text: text = 'suck'
134.7517 	EXP 	LDT_fix_text: autoDraw = True
134.7523 	DATA 	Keypress: l
134.8271 	EXP 	Device response: <KeyPress from None: t=134.7358830000012, value=l, duration=0.08765459999995073>
135.2355 	EXP 	LDT_stim_text: autoDraw = True
135.2438 	EXP 	LDT_fix_text: autoDraw = False
136.0532 	EXP 	Device response: <KeyPress from None: t=136.0478920000005, value=l, duration=None>
136.0534 	EXP 	New trial (rep=0, index=79): <Trial 79 (79 in rep 0) data={'Task': 'LDT', 'TrialType': 'Target', 'Stimuli': 'slim', 'StimulusType': 'word', 'CorrectResponse': 'l', 'Trialnumb': 111, 'thisN': 79, 'thisTrialN': 79, 'thisRepN': 0}>
136.0613 	EXP 	LDT_fix_text: autoDraw = False
136.0613 	EXP 	LDT_stim_text: autoDraw = False
136.0613 	EXP 	LDT_break_text: autoDraw = False
136.0613 	EXP 	LDT_stim_text: height = np.float64(0.1)
136.0613 	EXP 	LDT_stim_text: height = np.float64(0.1)
136.0613 	EXP 	LDT_stim_text: height = np.float64(0.1)
136.0613 	EXP 	LDT_stim_text: text = 'slim'
136.0613 	EXP 	LDT_fix_text: autoDraw = True
136.0618 	DATA 	Keypress: l
136.1367 	EXP 	Device response: <KeyPress from None: t=136.0478920000005, value=l, duration=0.08774989999983518>
136.5451 	EXP 	LDT_stim_text: autoDraw = True
136.5535 	EXP 	LDT_fix_text: autoDraw = False
137.1961 	EXP 	Device response: <KeyPress from None: t=137.19175070000165, value=l, duration=None>
137.1963 	EXP 	New trial (rep=0, index=80): <Trial 80 (80 in rep 0) data={'Task': 'LDT', 'TrialType': 'Target', 'Stimuli': 'smat', 'StimulusType': 'nonword', 'CorrectResponse': 'a', 'Trialnumb': 195, 'thisN': 80, 'thisTrialN': 80, 'thisRepN': 0}>
137.2042 	EXP 	LDT_fix_text: autoDraw = False
137.2042 	EXP 	LDT_stim_text: autoDraw = False
137.2042 	EXP 	LDT_break_text: autoDraw = False
137.2042 	EXP 	LDT_stim_text: height = np.float64(0.1)
137.2042 	EXP 	LDT_stim_text: height = np.float64(0.1)
137.2042 	EXP 	LDT_stim_text: height = np.float64(0.1)
137.2042 	EXP 	LDT_stim_text: text = 'smat'
137.2042 	EXP 	LDT_fix_text: autoDraw = True
137.2047 	DATA 	Keypress: l
137.2879 	EXP 	Device response: <KeyPress from None: t=137.19175070000165, value=l, duration=0.08849409999857016>
137.6880 	EXP 	LDT_stim_text: autoDraw = True
137.6963 	EXP 	LDT_fix_text: autoDraw = False
138.3890 	EXP 	Device response: <KeyPress from None: t=138.3838968, value=a, duration=None>
138.3892 	EXP 	New trial (rep=0, index=81): <Trial 81 (81 in rep 0) data={'Task': 'LDT', 'TrialType': 'Target', 'Stimuli': 'buy', 'StimulusType': 'word', 'CorrectResponse': 'l', 'Trialnumb': 25, 'thisN': 81, 'thisTrialN': 81, 'thisRepN': 0}>
138.3971 	EXP 	LDT_fix_text: autoDraw = False
138.3971 	EXP 	LDT_stim_text: autoDraw = False
138.3971 	EXP 	LDT_break_text: autoDraw = False
138.3971 	EXP 	LDT_stim_text: height = np.float64(0.1)
138.3971 	EXP 	LDT_stim_text: height = np.float64(0.1)
138.3971 	EXP 	LDT_stim_text: height = np.float64(0.1)
138.3971 	EXP 	LDT_stim_text: text = 'buy'
138.3971 	EXP 	LDT_fix_text: autoDraw = True
138.3977 	DATA 	Keypress: a
138.4807 	EXP 	Device response: <KeyPress from None: t=138.3838968, value=a, duration=0.09619150000071386>
138.8808 	EXP 	LDT_stim_text: autoDraw = True
138.8892 	EXP 	LDT_fix_text: autoDraw = False
139.4067 	EXP 	Device response: <KeyPress from None: t=139.40038520000053, value=l, duration=None>
139.4069 	EXP 	New trial (rep=0, index=82): <Trial 82 (82 in rep 0) data={'Task': 'LDT', 'TrialType': 'Target', 'Stimuli': 'trick', 'StimulusType': 'word', 'CorrectResponse': 'l', 'Trialnumb': 75, 'thisN': 82, 'thisTrialN': 82, 'thisRepN': 0}>
139.4147 	EXP 	LDT_fix_text: autoDraw = False
139.4147 	EXP 	LDT_stim_text: autoDraw = False
139.4147 	EXP 	LDT_break_text: autoDraw = False
139.4147 	EXP 	LDT_stim_text: height = np.float64(0.1)
139.4147 	EXP 	LDT_stim_text: height = np.float64(0.1)
139.4147 	EXP 	LDT_stim_text: height = np.float64(0.1)
139.4147 	EXP 	LDT_stim_text: text = 'trick'
139.4147 	EXP 	LDT_fix_text: autoDraw = True
139.4151 	DATA 	Keypress: l
139.4984 	EXP 	Device response: <KeyPress from None: t=139.40038520000053, value=l, duration=0.09551959999953397>
139.8985 	EXP 	LDT_stim_text: autoDraw = True
139.9068 	EXP 	LDT_fix_text: autoDraw = False
140.4994 	EXP 	Device response: <KeyPress from None: t=140.49616969999988, value=l, duration=None>
140.4996 	EXP 	New trial (rep=0, index=83): <Trial 83 (83 in rep 0) data={'Task': 'LDT', 'TrialType': 'Target', 'Stimuli': 'dass', 'StimulusType': 'nonword', 'CorrectResponse': 'a', 'Trialnumb': 135, 'thisN': 83, 'thisTrialN': 83, 'thisRepN': 0}>
140.5074 	EXP 	LDT_fix_text: autoDraw = False
140.5074 	EXP 	LDT_stim_text: autoDraw = False
140.5074 	EXP 	LDT_break_text: autoDraw = False
140.5074 	EXP 	LDT_stim_text: height = np.float64(0.1)
140.5074 	EXP 	LDT_stim_text: height = np.float64(0.1)
140.5074 	EXP 	LDT_stim_text: height = np.float64(0.1)
140.5074 	EXP 	LDT_stim_text: text = 'dass'
140.5074 	EXP 	LDT_fix_text: autoDraw = True
140.5080 	DATA 	Keypress: l
140.6078 	EXP 	Device response: <KeyPress from None: t=140.49616969999988, value=l, duration=0.10408650000135822>
140.9912 	EXP 	LDT_stim_text: autoDraw = True
140.9995 	EXP 	LDT_fix_text: autoDraw = False
141.6506 	EXP 	Device response: <KeyPress from None: t=141.6481186000001, value=a, duration=None>
141.6508 	EXP 	New trial (rep=0, index=84): <Trial 84 (84 in rep 0) data={'Task': 'LDT', 'TrialType': 'Target', 'Stimuli': 'tour', 'StimulusType': 'word', 'CorrectResponse': 'l', 'Trialnumb': 88, 'thisN': 84, 'thisTrialN': 84, 'thisRepN': 0}>
141.6586 	EXP 	LDT_fix_text: autoDraw = False
141.6586 	EXP 	LDT_stim_text: autoDraw = False
141.6586 	EXP 	LDT_break_text: autoDraw = False
141.6586 	EXP 	LDT_stim_text: height = np.float64(0.1)
141.6586 	EXP 	LDT_stim_text: height = np.float64(0.1)
141.6586 	EXP 	LDT_stim_text: height = np.float64(0.1)
141.6586 	EXP 	LDT_stim_text: text = 'tour'
141.6586 	EXP 	LDT_fix_text: autoDraw = True
141.6592 	DATA 	Keypress: a
141.8008 	EXP 	Device response: <KeyPress from None: t=141.6481186000001, value=a, duration=0.1522694000013871>
142.1424 	EXP 	LDT_stim_text: autoDraw = True
142.1507 	EXP 	LDT_fix_text: autoDraw = False
142.6433 	EXP 	Device response: <KeyPress from None: t=142.63982280000164, value=l, duration=None>
142.6435 	EXP 	New trial (rep=0, index=85): <Trial 85 (85 in rep 0) data={'Task': 'LDT', 'TrialType': 'Target', 'Stimuli': 'sish', 'StimulusType': 'nonword', 'CorrectResponse': 'a', 'Trialnumb': 193, 'thisN': 85, 'thisTrialN': 85, 'thisRepN': 0}>
142.6513 	EXP 	LDT_fix_text: autoDraw = False
142.6513 	EXP 	LDT_stim_text: autoDraw = False
142.6513 	EXP 	LDT_break_text: autoDraw = False
142.6513 	EXP 	LDT_stim_text: height = np.float64(0.1)
142.6513 	EXP 	LDT_stim_text: height = np.float64(0.1)
142.6513 	EXP 	LDT_stim_text: height = np.float64(0.1)
142.6513 	EXP 	LDT_stim_text: text = 'sish'
142.6513 	EXP 	LDT_fix_text: autoDraw = True
142.6518 	DATA 	Keypress: l
142.7267 	EXP 	Device response: <KeyPress from None: t=142.63982280000164, value=l, duration=0.0803950999998051>
143.1351 	EXP 	LDT_stim_text: autoDraw = True
143.1434 	EXP 	LDT_fix_text: autoDraw = False
143.7110 	EXP 	Device response: <KeyPress from None: t=143.70378070000152, value=a, duration=None>
143.7112 	EXP 	New trial (rep=0, index=86): <Trial 86 (86 in rep 0) data={'Task': 'LDT', 'TrialType': 'Target', 'Stimuli': 'wake', 'StimulusType': 'word', 'CorrectResponse': 'l', 'Trialnumb': 63, 'thisN': 86, 'thisTrialN': 86, 'thisRepN': 0}>
143.7189 	EXP 	LDT_fix_text: autoDraw = False
143.7189 	EXP 	LDT_stim_text: autoDraw = False
143.7189 	EXP 	LDT_break_text: autoDraw = False
143.7189 	EXP 	LDT_stim_text: height = np.float64(0.1)
143.7189 	EXP 	LDT_stim_text: height = np.float64(0.1)
143.7189 	EXP 	LDT_stim_text: height = np.float64(0.1)
143.7189 	EXP 	LDT_stim_text: text = 'wake'
143.7189 	EXP 	LDT_fix_text: autoDraw = True
143.7195 	DATA 	Keypress: a
143.8111 	EXP 	Device response: <KeyPress from None: t=143.70378070000152, value=a, duration=0.10421169999972335>
144.2028 	EXP 	LDT_stim_text: autoDraw = True
144.2111 	EXP 	LDT_fix_text: autoDraw = False
144.7036 	EXP 	Device response: <KeyPress from None: t=144.69637500000135, value=l, duration=None>
144.7039 	EXP 	New trial (rep=0, index=87): <Trial 87 (87 in rep 0) data={'Task': 'LDT', 'TrialType': 'Target', 'Stimuli': 'anto', 'StimulusType': 'nonword', 'CorrectResponse': 'a', 'Trialnumb': 117, 'thisN': 87, 'thisTrialN': 87, 'thisRepN': 0}>
144.7116 	EXP 	LDT_fix_text: autoDraw = False
144.7116 	EXP 	LDT_stim_text: autoDraw = False
144.7116 	EXP 	LDT_break_text: autoDraw = False
144.7116 	EXP 	LDT_stim_text: height = np.float64(0.1)
144.7116 	EXP 	LDT_stim_text: height = np.float64(0.1)
144.7116 	EXP 	LDT_stim_text: height = np.float64(0.1)
144.7116 	EXP 	LDT_stim_text: text = 'anto'
144.7116 	EXP 	LDT_fix_text: autoDraw = True
144.7122 	DATA 	Keypress: l
144.7870 	EXP 	Device response: <KeyPress from None: t=144.69637500000135, value=l, duration=0.08778699999857054>
145.1954 	EXP 	LDT_stim_text: autoDraw = True
145.2038 	EXP 	LDT_fix_text: autoDraw = False
145.6962 	EXP 	Device response: <KeyPress from None: t=145.68822010000076, value=a, duration=None>
145.6965 	EXP 	New trial (rep=0, index=88): <Trial 88 (88 in rep 0) data={'Task': 'LDT', 'TrialType': 'Target', 'Stimuli': 'stort', 'StimulusType': 'nonword', 'CorrectResponse': 'a', 'Trialnumb': 201, 'thisN': 88, 'thisTrialN': 88, 'thisRepN': 0}>
145.7043 	EXP 	LDT_fix_text: autoDraw = False
145.7043 	EXP 	LDT_stim_text: autoDraw = False
145.7043 	EXP 	LDT_break_text: autoDraw = False
145.7043 	EXP 	LDT_stim_text: height = np.float64(0.1)
145.7043 	EXP 	LDT_stim_text: height = np.float64(0.1)
145.7043 	EXP 	LDT_stim_text: height = np.float64(0.1)
145.7043 	EXP 	LDT_stim_text: text = 'stort'
145.7043 	EXP 	LDT_fix_text: autoDraw = True
145.7048 	DATA 	Keypress: a
145.8130 	EXP 	Device response: <KeyPress from None: t=145.68822010000076, value=a, duration=0.11953890000040701>
146.1881 	EXP 	LDT_stim_text: autoDraw = True
146.1964 	EXP 	LDT_fix_text: autoDraw = False
146.6638 	EXP 	Device response: <KeyPress from None: t=146.65620910000143, value=l, duration=None>
146.6641 	EXP 	New trial (rep=0, index=89): <Trial 89 (89 in rep 0) data={'Task': 'LDT', 'TrialType': 'Target', 'Stimuli': 'stad', 'StimulusType': 'nonword', 'CorrectResponse': 'a', 'Trialnumb': 116, 'thisN': 89, 'thisTrialN': 89, 'thisRepN': 0}>
146.6719 	EXP 	LDT_fix_text: autoDraw = False
146.6719 	EXP 	LDT_stim_text: autoDraw = False
146.6719 	EXP 	LDT_break_text: autoDraw = False
146.6719 	EXP 	LDT_stim_text: height = np.float64(0.1)
146.6719 	EXP 	LDT_stim_text: height = np.float64(0.1)
146.6719 	EXP 	LDT_stim_text: height = np.float64(0.1)
146.6719 	EXP 	LDT_stim_text: text = 'stad'
146.6719 	EXP 	LDT_fix_text: autoDraw = True
146.6724 	DATA 	Keypress: l
146.7724 	EXP 	Device response: <KeyPress from None: t=146.65620910000143, value=l, duration=0.11184619999949064>
147.1557 	EXP 	LDT_stim_text: autoDraw = True
147.1641 	EXP 	LDT_fix_text: autoDraw = False
147.8735 	EXP 	Device response: <KeyPress from None: t=147.86520960000053, value=a, duration=None>
147.8738 	EXP 	New trial (rep=0, index=90): <Trial 90 (90 in rep 0) data={'Task': 'LDT', 'TrialType': 'Target', 'Stimuli': 'long', 'StimulusType': 'word', 'CorrectResponse': 'l', 'Trialnumb': 6, 'thisN': 90, 'thisTrialN': 90, 'thisRepN': 0}>
147.8750 	DATA 	Keypress: a
147.8815 	EXP 	LDT_fix_text: autoDraw = False
147.8815 	EXP 	LDT_stim_text: autoDraw = False
147.8815 	EXP 	LDT_break_text: autoDraw = False
147.8815 	EXP 	LDT_stim_text: height = np.float64(0.1)
147.8815 	EXP 	LDT_stim_text: height = np.float64(0.1)
147.8815 	EXP 	LDT_stim_text: height = np.float64(0.1)
147.8815 	EXP 	LDT_stim_text: text = 'long'
147.8815 	EXP 	LDT_fix_text: autoDraw = True
147.9902 	EXP 	Device response: <KeyPress from None: t=147.86520960000053, value=a, duration=0.11855520000062825>
148.3652 	EXP 	LDT_stim_text: autoDraw = True
148.3736 	EXP 	LDT_fix_text: autoDraw = False
148.8244 	EXP 	Device response: <KeyPress from None: t=148.82359280000128, value=l, duration=None>
148.8246 	EXP 	New trial (rep=0, index=91): <Trial 91 (91 in rep 0) data={'Task': 'LDT', 'TrialType': 'Target', 'Stimuli': 'tuke', 'StimulusType': 'nonword', 'CorrectResponse': 'a', 'Trialnumb': 208, 'thisN': 91, 'thisTrialN': 91, 'thisRepN': 0}>
148.8325 	EXP 	LDT_fix_text: autoDraw = False
148.8325 	EXP 	LDT_stim_text: autoDraw = False
148.8325 	EXP 	LDT_break_text: autoDraw = False
148.8325 	EXP 	LDT_stim_text: height = np.float64(0.1)
148.8325 	EXP 	LDT_stim_text: height = np.float64(0.1)
148.8325 	EXP 	LDT_stim_text: height = np.float64(0.1)
148.8325 	EXP 	LDT_stim_text: text = 'tuke'
148.8325 	EXP 	LDT_fix_text: autoDraw = True
148.8330 	DATA 	Keypress: l
148.9163 	EXP 	Device response: <KeyPress from None: t=148.82359280000128, value=l, duration=0.08897719999913534>
149.3162 	EXP 	LDT_stim_text: autoDraw = True
149.3245 	EXP 	LDT_fix_text: autoDraw = False
149.8504 	EXP 	Device response: <KeyPress from None: t=149.84926630000155, value=a, duration=None>
149.8506 	EXP 	New trial (rep=0, index=92): <Trial 92 (92 in rep 0) data={'Task': 'LDT', 'TrialType': 'Target', 'Stimuli': 'sale', 'StimulusType': 'word', 'CorrectResponse': 'l', 'Trialnumb': 93, 'thisN': 92, 'thisTrialN': 92, 'thisRepN': 0}>
149.8584 	EXP 	LDT_fix_text: autoDraw = False
149.8584 	EXP 	LDT_stim_text: autoDraw = False
149.8584 	EXP 	LDT_break_text: autoDraw = False
149.8584 	EXP 	LDT_stim_text: height = np.float64(0.1)
149.8584 	EXP 	LDT_stim_text: height = np.float64(0.1)
149.8584 	EXP 	LDT_stim_text: height = np.float64(0.1)
149.8584 	EXP 	LDT_stim_text: text = 'sale'
149.8584 	EXP 	LDT_fix_text: autoDraw = True
149.8589 	DATA 	Keypress: a
149.9588 	EXP 	Device response: <KeyPress from None: t=149.84926630000155, value=a, duration=0.10264709999864863>
150.3422 	EXP 	LDT_stim_text: autoDraw = True
150.3506 	EXP 	LDT_fix_text: autoDraw = False
150.8264 	EXP 	Device response: <KeyPress from None: t=150.82357110000157, value=l, duration=None>
150.8266 	EXP 	New trial (rep=0, index=93): <Trial 93 (93 in rep 0) data={'Task': 'LDT', 'TrialType': 'Target', 'Stimuli': 'end', 'StimulusType': 'word', 'CorrectResponse': 'l', 'Trialnumb': 33, 'thisN': 93, 'thisTrialN': 93, 'thisRepN': 0}>
150.8344 	EXP 	LDT_fix_text: autoDraw = False
150.8344 	EXP 	LDT_stim_text: autoDraw = False
150.8344 	EXP 	LDT_break_text: autoDraw = False
150.8344 	EXP 	LDT_stim_text: height = np.float64(0.1)
150.8344 	EXP 	LDT_stim_text: height = np.float64(0.1)
150.8344 	EXP 	LDT_stim_text: height = np.float64(0.1)
150.8344 	EXP 	LDT_stim_text: text = 'end'
150.8344 	EXP 	LDT_fix_text: autoDraw = True
150.8348 	DATA 	Keypress: l
150.9265 	EXP 	Device response: <KeyPress from None: t=150.82357110000157, value=l, duration=0.09723969999868132>
151.3182 	EXP 	LDT_stim_text: autoDraw = True
151.3265 	EXP 	LDT_fix_text: autoDraw = False
151.7940 	EXP 	Device response: <KeyPress from None: t=151.79274960000112, value=l, duration=None>
151.7942 	EXP 	New trial (rep=0, index=94): <Trial 94 (94 in rep 0) data={'Task': 'LDT', 'TrialType': 'Target', 'Stimuli': 'unit', 'StimulusType': 'word', 'CorrectResponse': 'l', 'Trialnumb': 82, 'thisN': 94, 'thisTrialN': 94, 'thisRepN': 0}>
151.8020 	EXP 	LDT_fix_text: autoDraw = False
151.8020 	EXP 	LDT_stim_text: autoDraw = False
151.8020 	EXP 	LDT_break_text: autoDraw = False
151.8020 	EXP 	LDT_stim_text: height = np.float64(0.1)
151.8020 	EXP 	LDT_stim_text: height = np.float64(0.1)
151.8020 	EXP 	LDT_stim_text: height = np.float64(0.1)
151.8020 	EXP 	LDT_stim_text: text = 'unit'
151.8020 	EXP 	LDT_fix_text: autoDraw = True
151.8026 	DATA 	Keypress: l
151.8774 	EXP 	Device response: <KeyPress from None: t=151.79274960000112, value=l, duration=0.07901959999981045>
152.2858 	EXP 	LDT_stim_text: autoDraw = True
152.2942 	EXP 	LDT_fix_text: autoDraw = False
152.8451 	EXP 	Device response: <KeyPress from None: t=152.83987880000132, value=l, duration=None>
152.8453 	EXP 	New trial (rep=0, index=95): <Trial 95 (95 in rep 0) data={'Task': 'LDT', 'TrialType': 'Target', 'Stimuli': 'dilt', 'StimulusType': 'nonword', 'CorrectResponse': 'a', 'Trialnumb': 137, 'thisN': 95, 'thisTrialN': 95, 'thisRepN': 0}>
152.8530 	EXP 	LDT_fix_text: autoDraw = False
152.8530 	EXP 	LDT_stim_text: autoDraw = False
152.8530 	EXP 	LDT_break_text: autoDraw = False
152.8530 	EXP 	LDT_stim_text: height = np.float64(0.1)
152.8530 	EXP 	LDT_stim_text: height = np.float64(0.1)
152.8530 	EXP 	LDT_stim_text: height = np.float64(0.1)
152.8530 	EXP 	LDT_stim_text: text = 'dilt'
152.8530 	EXP 	LDT_fix_text: autoDraw = True
152.8535 	DATA 	Keypress: l
152.9117 	EXP 	Device response: <KeyPress from None: t=152.83987880000132, value=l, duration=0.06432599999970989>
153.3369 	EXP 	LDT_stim_text: autoDraw = True
153.3452 	EXP 	LDT_fix_text: autoDraw = False
153.8712 	EXP 	Device response: <KeyPress from None: t=153.86349040000096, value=a, duration=None>
153.8714 	EXP 	New trial (rep=0, index=96): <Trial 96 (96 in rep 0) data={'Task': 'LDT', 'TrialType': 'Target', 'Stimuli': 'hirs', 'StimulusType': 'nonword', 'CorrectResponse': 'a', 'Trialnumb': 153, 'thisN': 96, 'thisTrialN': 96, 'thisRepN': 0}>
153.8791 	EXP 	LDT_fix_text: autoDraw = False
153.8791 	EXP 	LDT_stim_text: autoDraw = False
153.8791 	EXP 	LDT_break_text: autoDraw = False
153.8791 	EXP 	LDT_stim_text: height = np.float64(0.1)
153.8791 	EXP 	LDT_stim_text: height = np.float64(0.1)
153.8791 	EXP 	LDT_stim_text: height = np.float64(0.1)
153.8791 	EXP 	LDT_stim_text: text = 'hirs'
153.8791 	EXP 	LDT_fix_text: autoDraw = True
153.8796 	DATA 	Keypress: a
153.9545 	EXP 	Device response: <KeyPress from None: t=153.86349040000096, value=a, duration=0.08969539999998233>
154.3629 	EXP 	LDT_stim_text: autoDraw = True
154.3713 	EXP 	LDT_fix_text: autoDraw = False
154.9972 	EXP 	Device response: <KeyPress from None: t=154.99165640000138, value=a, duration=None>
154.9974 	EXP 	New trial (rep=0, index=97): <Trial 97 (97 in rep 0) data={'Task': 'LDT', 'TrialType': 'Target', 'Stimuli': 'junk', 'StimulusType': 'word', 'CorrectResponse': 'l', 'Trialnumb': 105, 'thisN': 97, 'thisTrialN': 97, 'thisRepN': 0}>
155.0052 	EXP 	LDT_fix_text: autoDraw = False
155.0052 	EXP 	LDT_stim_text: autoDraw = False
155.0052 	EXP 	LDT_break_text: autoDraw = False
155.0052 	EXP 	LDT_stim_text: height = np.float64(0.1)
155.0052 	EXP 	LDT_stim_text: height = np.float64(0.1)
155.0052 	EXP 	LDT_stim_text: height = np.float64(0.1)
155.0052 	EXP 	LDT_stim_text: text = 'junk'
155.0052 	EXP 	LDT_fix_text: autoDraw = True
155.0057 	DATA 	Keypress: a
155.1057 	EXP 	Device response: <KeyPress from None: t=154.99165640000138, value=a, duration=0.11266209999848797>
155.4890 	EXP 	LDT_stim_text: autoDraw = True
155.4973 	EXP 	LDT_fix_text: autoDraw = False
156.0482 	EXP 	Device response: <KeyPress from None: t=156.0477348000004, value=l, duration=None>
156.0484 	EXP 	New trial (rep=0, index=98): <Trial 98 (98 in rep 0) data={'Task': 'LDT', 'TrialType': 'Target', 'Stimuli': 'toas', 'StimulusType': 'nonword', 'CorrectResponse': 'a', 'Trialnumb': 203, 'thisN': 98, 'thisTrialN': 98, 'thisRepN': 0}>
156.0562 	EXP 	LDT_fix_text: autoDraw = False
156.0562 	EXP 	LDT_stim_text: autoDraw = False
156.0562 	EXP 	LDT_break_text: autoDraw = False
156.0562 	EXP 	LDT_stim_text: height = np.float64(0.1)
156.0562 	EXP 	LDT_stim_text: height = np.float64(0.1)
156.0562 	EXP 	LDT_stim_text: height = np.float64(0.1)
156.0562 	EXP 	LDT_stim_text: text = 'toas'
156.0562 	EXP 	LDT_fix_text: autoDraw = True
156.0567 	DATA 	Keypress: l
156.1149 	EXP 	Device response: <KeyPress from None: t=156.0477348000004, value=l, duration=0.06458100000054401>
156.5401 	EXP 	LDT_stim_text: autoDraw = True
156.5484 	EXP 	LDT_fix_text: autoDraw = False
157.1744 	EXP 	Device response: <KeyPress from None: t=157.16793380000126, value=a, duration=None>
157.1746 	EXP 	New trial (rep=0, index=99): <Trial 99 (99 in rep 0) data={'Task': 'LDT', 'TrialType': 'Target', 'Stimuli': 'basp', 'StimulusType': 'nonword', 'CorrectResponse': 'a', 'Trialnumb': 118, 'thisN': 99, 'thisTrialN': 99, 'thisRepN': 0}>
157.1825 	EXP 	LDT_fix_text: autoDraw = False
157.1825 	EXP 	LDT_stim_text: autoDraw = False
157.1825 	EXP 	LDT_break_text: autoDraw = False
157.1825 	EXP 	LDT_stim_text: height = np.float64(0.1)
157.1825 	EXP 	LDT_stim_text: height = np.float64(0.1)
157.1825 	EXP 	LDT_stim_text: height = np.float64(0.1)
157.1825 	EXP 	LDT_stim_text: text = 'basp'
157.1825 	EXP 	LDT_fix_text: autoDraw = True
157.1830 	DATA 	Keypress: a
157.2494 	EXP 	Device response: <KeyPress from None: t=157.16793380000126, value=a, duration=0.08099049999873387>
157.6662 	EXP 	LDT_stim_text: autoDraw = True
157.6745 	EXP 	LDT_fix_text: autoDraw = False
158.2922 	EXP 	Device response: <KeyPress from None: t=158.28770590000022, value=a, duration=None>
158.2925 	EXP 	New trial (rep=0, index=100): <Trial 100 (100 in rep 0) data={'Task': 'LDT', 'TrialType': 'Target', 'Stimuli': 'live', 'StimulusType': 'word', 'CorrectResponse': 'l', 'Trialnumb': 24, 'thisN': 100, 'thisTrialN': 100, 'thisRepN': 0}>
158.3001 	EXP 	LDT_fix_text: autoDraw = False
158.3001 	EXP 	LDT_stim_text: autoDraw = False
158.3001 	EXP 	LDT_break_text: autoDraw = False
158.3001 	EXP 	LDT_stim_text: height = np.float64(0.1)
158.3001 	EXP 	LDT_stim_text: height = np.float64(0.1)
158.3001 	EXP 	LDT_stim_text: height = np.float64(0.1)
158.3001 	EXP 	LDT_stim_text: text = 'live'
158.3001 	EXP 	LDT_fix_text: autoDraw = True
158.3007 	DATA 	Keypress: a
158.4089 	EXP 	Device response: <KeyPress from None: t=158.28770590000022, value=a, duration=0.12037940000118397>
158.7840 	EXP 	LDT_stim_text: autoDraw = True
158.7923 	EXP 	LDT_fix_text: autoDraw = False
159.3182 	EXP 	Device response: <KeyPress from None: t=159.3119357000014, value=l, duration=None>
159.3184 	EXP 	New trial (rep=0, index=101): <Trial 101 (101 in rep 0) data={'Task': 'LDT', 'TrialType': 'Target', 'Stimuli': 'stap', 'StimulusType': 'nonword', 'CorrectResponse': 'a', 'Trialnumb': 199, 'thisN': 101, 'thisTrialN': 101, 'thisRepN': 0}>
159.3262 	EXP 	LDT_fix_text: autoDraw = False
159.3262 	EXP 	LDT_stim_text: autoDraw = False
159.3262 	EXP 	LDT_break_text: autoDraw = False
159.3262 	EXP 	LDT_stim_text: height = np.float64(0.1)
159.3262 	EXP 	LDT_stim_text: height = np.float64(0.1)
159.3262 	EXP 	LDT_stim_text: height = np.float64(0.1)
159.3262 	EXP 	LDT_stim_text: text = 'stap'
159.3262 	EXP 	LDT_fix_text: autoDraw = True
159.3268 	DATA 	Keypress: l
159.3933 	EXP 	Device response: <KeyPress from None: t=159.3119357000014, value=l, duration=0.08062719999907131>
159.8101 	EXP 	LDT_stim_text: autoDraw = True
159.8183 	EXP 	LDT_fix_text: autoDraw = False
160.2941 	EXP 	Device response: <KeyPress from None: t=160.28744460000053, value=l, duration=None>
160.2943 	EXP 	New trial (rep=0, index=102): <Trial 102 (102 in rep 0) data={'Task': 'LDT', 'TrialType': 'Target', 'Stimuli': 'tight', 'StimulusType': 'word', 'CorrectResponse': 'l', 'Trialnumb': 74, 'thisN': 102, 'thisTrialN': 102, 'thisRepN': 0}>
160.3021 	EXP 	LDT_fix_text: autoDraw = False
160.3021 	EXP 	LDT_stim_text: autoDraw = False
160.3021 	EXP 	LDT_break_text: autoDraw = False
160.3021 	EXP 	LDT_stim_text: height = np.float64(0.1)
160.3021 	EXP 	LDT_stim_text: height = np.float64(0.1)
160.3021 	EXP 	LDT_stim_text: height = np.float64(0.1)
160.3021 	EXP 	LDT_stim_text: text = 'tight'
160.3021 	EXP 	LDT_fix_text: autoDraw = True
160.3026 	DATA 	Keypress: l
160.3861 	EXP 	Device response: <KeyPress from None: t=160.28744460000053, value=l, duration=0.0960997000001953>
160.7859 	EXP 	LDT_stim_text: autoDraw = True
160.7943 	EXP 	LDT_fix_text: autoDraw = False
161.3619 	EXP 	Device response: <KeyPress from None: t=161.36060830000133, value=l, duration=None>
161.3621 	EXP 	New trial (rep=0, index=103): <Trial 103 (103 in rep 0) data={'Task': 'LDT', 'TrialType': 'Target', 'Stimuli': 'pick', 'StimulusType': 'word', 'CorrectResponse': 'l', 'Trialnumb': 58, 'thisN': 103, 'thisTrialN': 103, 'thisRepN': 0}>
161.3699 	EXP 	LDT_fix_text: autoDraw = False
161.3699 	EXP 	LDT_stim_text: autoDraw = False
161.3699 	EXP 	LDT_break_text: autoDraw = False
161.3699 	EXP 	LDT_stim_text: height = np.float64(0.1)
161.3699 	EXP 	LDT_stim_text: height = np.float64(0.1)
161.3699 	EXP 	LDT_stim_text: height = np.float64(0.1)
161.3699 	EXP 	LDT_stim_text: text = 'pick'
161.3699 	EXP 	LDT_fix_text: autoDraw = True
161.3705 	DATA 	Keypress: l
161.4703 	EXP 	Device response: <KeyPress from None: t=161.36060830000133, value=l, duration=0.10303729999941424>
161.8537 	EXP 	LDT_stim_text: autoDraw = True
161.8620 	EXP 	LDT_fix_text: autoDraw = False
162.5964 	EXP 	Device response: <KeyPress from None: t=162.5918064000016, value=l, duration=None>
162.5966 	EXP 	New trial (rep=0, index=104): <Trial 104 (104 in rep 0) data={'Task': 'LDT', 'TrialType': 'Target', 'Stimuli': 'plan', 'StimulusType': 'word', 'CorrectResponse': 'l', 'Trialnumb': 53, 'thisN': 104, 'thisTrialN': 104, 'thisRepN': 0}>
162.6044 	EXP 	LDT_fix_text: autoDraw = False
162.6044 	EXP 	LDT_stim_text: autoDraw = False
162.6044 	EXP 	LDT_break_text: autoDraw = False
162.6044 	EXP 	LDT_stim_text: height = np.float64(0.1)
162.6044 	EXP 	LDT_stim_text: height = np.float64(0.1)
162.6044 	EXP 	LDT_stim_text: height = np.float64(0.1)
162.6044 	EXP 	LDT_stim_text: text = 'plan'
162.6044 	EXP 	LDT_fix_text: autoDraw = True
162.6050 	DATA 	Keypress: l
162.6966 	EXP 	Device response: <KeyPress from None: t=162.5918064000016, value=l, duration=0.09636479999971925>
163.0883 	EXP 	LDT_stim_text: autoDraw = True
163.0966 	EXP 	LDT_fix_text: autoDraw = False
164.0482 	EXP 	Device response: <KeyPress from None: t=164.04779210000015, value=l, duration=None>
164.0564 	EXP 	New trial (rep=0, index=105): <Trial 105 (105 in rep 0) data={'Task': 'LDT', 'TrialType': 'Target', 'Stimuli': 'name', 'StimulusType': 'word', 'CorrectResponse': 'l', 'Trialnumb': 32, 'thisN': 105, 'thisTrialN': 105, 'thisRepN': 0}>
164.0577 	DATA 	Keypress: l
164.0644 	EXP 	LDT_fix_text: autoDraw = False
164.0644 	EXP 	LDT_stim_text: autoDraw = False
164.0644 	EXP 	LDT_break_text: autoDraw = False
164.0644 	EXP 	LDT_stim_text: height = np.float64(0.1)
164.0644 	EXP 	LDT_stim_text: height = np.float64(0.1)
164.0644 	EXP 	LDT_stim_text: height = np.float64(0.1)
164.0644 	EXP 	LDT_stim_text: text = 'name'
164.0644 	EXP 	LDT_fix_text: autoDraw = True
164.1480 	EXP 	Device response: <KeyPress from None: t=164.04779210000015, value=l, duration=0.0961051000012958>
164.5480 	EXP 	LDT_stim_text: autoDraw = True
164.5564 	EXP 	LDT_fix_text: autoDraw = False
165.0071 	EXP 	Device response: <KeyPress from None: t=165.00011050000103, value=l, duration=None>
165.0073 	EXP 	New trial (rep=0, index=106): <Trial 106 (106 in rep 0) data={'Task': 'LDT', 'TrialType': 'Target', 'Stimuli': 'bint', 'StimulusType': 'nonword', 'CorrectResponse': 'a', 'Trialnumb': 122, 'thisN': 106, 'thisTrialN': 106, 'thisRepN': 0}>
165.0153 	EXP 	LDT_fix_text: autoDraw = False
165.0153 	EXP 	LDT_stim_text: autoDraw = False
165.0153 	EXP 	LDT_break_text: autoDraw = False
165.0153 	EXP 	LDT_stim_text: height = np.float64(0.1)
165.0153 	EXP 	LDT_stim_text: height = np.float64(0.1)
165.0153 	EXP 	LDT_stim_text: height = np.float64(0.1)
165.0153 	EXP 	LDT_stim_text: text = 'bint'
165.0153 	EXP 	LDT_fix_text: autoDraw = True
165.0159 	DATA 	Keypress: l
165.1073 	EXP 	Device response: <KeyPress from None: t=165.00011050000103, value=l, duration=0.10361829999965266>
165.4990 	EXP 	LDT_stim_text: autoDraw = True
165.5073 	EXP 	LDT_fix_text: autoDraw = False
166.1583 	EXP 	Device response: <KeyPress from None: t=166.15194090000114, value=a, duration=None>
166.1586 	EXP 	New trial (rep=0, index=107): <Trial 107 (107 in rep 0) data={'Task': 'LDT', 'TrialType': 'Target', 'Stimuli': 'cire', 'StimulusType': 'nonword', 'CorrectResponse': 'a', 'Trialnumb': 129, 'thisN': 107, 'thisTrialN': 107, 'thisRepN': 0}>
166.1663 	EXP 	LDT_fix_text: autoDraw = False
166.1663 	EXP 	LDT_stim_text: autoDraw = False
166.1663 	EXP 	LDT_break_text: autoDraw = False
166.1663 	EXP 	LDT_stim_text: height = np.float64(0.1)
166.1663 	EXP 	LDT_stim_text: height = np.float64(0.1)
166.1663 	EXP 	LDT_stim_text: height = np.float64(0.1)
166.1663 	EXP 	LDT_stim_text: text = 'cire'
166.1663 	EXP 	LDT_fix_text: autoDraw = True
166.1668 	DATA 	Keypress: a
166.2334 	EXP 	Device response: <KeyPress from None: t=166.15194090000114, value=a, duration=0.08021389999885287>
166.6501 	EXP 	LDT_stim_text: autoDraw = True
166.6585 	EXP 	LDT_fix_text: autoDraw = False
167.1679 	EXP 	Device response: <KeyPress from None: t=167.16757940000025, value=a, duration=None>
167.1762 	EXP 	New trial (rep=0, index=108): <Trial 108 (108 in rep 0) data={'Task': 'LDT', 'TrialType': 'Target', 'Stimuli': 'sarry', 'StimulusType': 'nonword', 'CorrectResponse': 'a', 'Trialnumb': 186, 'thisN': 108, 'thisTrialN': 108, 'thisRepN': 0}>
167.1777 	DATA 	Keypress: a
167.1841 	EXP 	LDT_fix_text: autoDraw = False
167.1841 	EXP 	LDT_stim_text: autoDraw = False
167.1841 	EXP 	LDT_break_text: autoDraw = False
167.1841 	EXP 	LDT_stim_text: height = np.float64(0.1)
167.1841 	EXP 	LDT_stim_text: height = np.float64(0.1)
167.1841 	EXP 	LDT_stim_text: height = np.float64(0.1)
167.1841 	EXP 	LDT_stim_text: text = 'sarry'
167.1841 	EXP 	LDT_fix_text: autoDraw = True
167.3011 	EXP 	Device response: <KeyPress from None: t=167.16757940000025, value=a, duration=0.12928610000017215>
167.6678 	EXP 	LDT_stim_text: autoDraw = True
167.6762 	EXP 	LDT_fix_text: autoDraw = False
168.3438 	EXP 	Device response: <KeyPress from None: t=168.33612900000116, value=a, duration=None>
168.3441 	EXP 	New trial (rep=0, index=109): <Trial 109 (109 in rep 0) data={'Task': 'LDT', 'TrialType': 'Target', 'Stimuli': 'zall', 'StimulusType': 'nonword', 'CorrectResponse': 'a', 'Trialnumb': 221, 'thisN': 109, 'thisTrialN': 109, 'thisRepN': 0}>
168.3518 	EXP 	LDT_fix_text: autoDraw = False
168.3518 	EXP 	LDT_stim_text: autoDraw = False
168.3518 	EXP 	LDT_break_text: autoDraw = False
168.3518 	EXP 	LDT_stim_text: height = np.float64(0.1)
168.3518 	EXP 	LDT_stim_text: height = np.float64(0.1)
168.3518 	EXP 	LDT_stim_text: height = np.float64(0.1)
168.3518 	EXP 	LDT_stim_text: text = 'zall'
168.3518 	EXP 	LDT_fix_text: autoDraw = True
168.3524 	DATA 	Keypress: a
168.4523 	EXP 	Device response: <KeyPress from None: t=168.33612900000116, value=a, duration=0.11275260000002163>
168.8357 	EXP 	LDT_stim_text: autoDraw = True
168.8440 	EXP 	LDT_fix_text: autoDraw = False
169.3532 	EXP 	Device response: <KeyPress from None: t=169.35165100000086, value=a, duration=None>
169.3534 	EXP 	New trial (rep=0, index=110): <Trial 110 (110 in rep 0) data={'Task': 'LDT', 'TrialType': 'Target', 'Stimuli': 'jight', 'StimulusType': 'nonword', 'CorrectResponse': 'a', 'Trialnumb': 159, 'thisN': 110, 'thisTrialN': 110, 'thisRepN': 0}>
169.3612 	EXP 	LDT_fix_text: autoDraw = False
169.3612 	EXP 	LDT_stim_text: autoDraw = False
169.3612 	EXP 	LDT_break_text: autoDraw = False
169.3612 	EXP 	LDT_stim_text: height = np.float64(0.1)
169.3612 	EXP 	LDT_stim_text: height = np.float64(0.1)
169.3612 	EXP 	LDT_stim_text: height = np.float64(0.1)
169.3612 	EXP 	LDT_stim_text: text = 'jight'
169.3612 	EXP 	LDT_fix_text: autoDraw = True
169.3618 	DATA 	Keypress: a
169.4699 	EXP 	Device response: <KeyPress from None: t=169.35165100000086, value=a, duration=0.11258490000000165>
169.8450 	EXP 	LDT_stim_text: autoDraw = True
169.8533 	EXP 	LDT_fix_text: autoDraw = False
170.5045 	EXP 	Device response: <KeyPress from None: t=170.50416270000096, value=a, duration=None>
170.5048 	EXP 	New trial (rep=0, index=111): <Trial 111 (111 in rep 0) data={'Task': 'LDT', 'TrialType': 'Target', 'Stimuli': 'toop', 'StimulusType': 'nonword', 'CorrectResponse': 'a', 'Trialnumb': 204, 'thisN': 111, 'thisTrialN': 111, 'thisRepN': 0}>
170.5123 	EXP 	LDT_fix_text: autoDraw = False
170.5123 	EXP 	LDT_stim_text: autoDraw = False
170.5123 	EXP 	LDT_break_text: autoDraw = False
170.5123 	EXP 	LDT_stim_text: height = np.float64(0.1)
170.5123 	EXP 	LDT_stim_text: height = np.float64(0.1)
170.5123 	EXP 	LDT_stim_text: height = np.float64(0.1)
170.5123 	EXP 	LDT_stim_text: text = 'toop'
170.5123 	EXP 	LDT_fix_text: autoDraw = True
170.5129 	DATA 	Keypress: a
170.6293 	EXP 	Device response: <KeyPress from None: t=170.50416270000096, value=a, duration=0.12006990000008955>
170.9961 	EXP 	LDT_stim_text: autoDraw = True
171.0045 	EXP 	LDT_fix_text: autoDraw = False
171.7805 	EXP 	Device response: <KeyPress from None: t=171.77554190000046, value=l, duration=None>
171.7807 	EXP 	New trial (rep=0, index=112): <Trial 112 (112 in rep 0) data={'Task': 'LDT', 'TrialType': 'Target', 'Stimuli': 'hear', 'StimulusType': 'word', 'CorrectResponse': 'l', 'Trialnumb': 37, 'thisN': 112, 'thisTrialN': 112, 'thisRepN': 0}>
171.7886 	EXP 	LDT_fix_text: autoDraw = False
171.7886 	EXP 	LDT_stim_text: autoDraw = False
171.7886 	EXP 	LDT_break_text: autoDraw = False
171.7886 	EXP 	LDT_stim_text: height = np.float64(0.1)
171.7886 	EXP 	LDT_stim_text: height = np.float64(0.1)
171.7886 	EXP 	LDT_stim_text: height = np.float64(0.1)
171.7886 	EXP 	LDT_stim_text: text = 'hear'
171.7886 	EXP 	LDT_fix_text: autoDraw = True
171.7891 	DATA 	Keypress: l
171.8723 	EXP 	Device response: <KeyPress from None: t=171.77554190000046, value=l, duration=0.09591200000068056>
172.2724 	EXP 	LDT_stim_text: autoDraw = True
172.2807 	EXP 	LDT_fix_text: autoDraw = False
172.7482 	EXP 	Device response: <KeyPress from None: t=172.7439540000014, value=l, duration=None>
172.7485 	EXP 	New trial (rep=0, index=113): <Trial 113 (113 in rep 0) data={'Task': 'LDT', 'TrialType': 'Target', 'Stimuli': 'sharp', 'StimulusType': 'word', 'CorrectResponse': 'l', 'Trialnumb': 94, 'thisN': 113, 'thisTrialN': 113, 'thisRepN': 0}>
172.7562 	EXP 	LDT_fix_text: autoDraw = False
172.7562 	EXP 	LDT_stim_text: autoDraw = False
172.7562 	EXP 	LDT_break_text: autoDraw = False
172.7562 	EXP 	LDT_stim_text: height = np.float64(0.1)
172.7562 	EXP 	LDT_stim_text: height = np.float64(0.1)
172.7562 	EXP 	LDT_stim_text: height = np.float64(0.1)
172.7562 	EXP 	LDT_stim_text: text = 'sharp'
172.7562 	EXP 	LDT_fix_text: autoDraw = True
172.7568 	DATA 	Keypress: l
172.8483 	EXP 	Device response: <KeyPress from None: t=172.7439540000014, value=l, duration=0.10363159999906202>
173.2400 	EXP 	LDT_stim_text: autoDraw = True
173.2484 	EXP 	LDT_fix_text: autoDraw = False
173.8243 	EXP 	Device response: <KeyPress from None: t=173.82360900000094, value=l, duration=None>
173.8245 	EXP 	New trial (rep=0, index=114): <Trial 114 (114 in rep 0) data={'Task': 'LDT', 'TrialType': 'Target', 'Stimuli': 'rap', 'StimulusType': 'word', 'CorrectResponse': 'l', 'Trialnumb': 109, 'thisN': 114, 'thisTrialN': 114, 'thisRepN': 0}>
173.8323 	EXP 	LDT_fix_text: autoDraw = False
173.8323 	EXP 	LDT_stim_text: autoDraw = False
173.8323 	EXP 	LDT_break_text: autoDraw = False
173.8323 	EXP 	LDT_stim_text: height = np.float64(0.1)
173.8323 	EXP 	LDT_stim_text: height = np.float64(0.1)
173.8323 	EXP 	LDT_stim_text: height = np.float64(0.1)
173.8323 	EXP 	LDT_stim_text: text = 'rap'
173.8323 	EXP 	LDT_fix_text: autoDraw = True
173.8329 	DATA 	Keypress: l
173.9327 	EXP 	Device response: <KeyPress from None: t=173.82360900000094, value=l, duration=0.1045763000001898>
174.3161 	EXP 	LDT_stim_text: autoDraw = True
174.3245 	EXP 	LDT_fix_text: autoDraw = False
174.7668 	EXP 	Device response: <KeyPress from None: t=174.75963270000102, value=l, duration=None>
174.7671 	EXP 	New trial (rep=0, index=115): <Trial 115 (115 in rep 0) data={'Task': 'LDT', 'TrialType': 'Target', 'Stimuli': 'sad', 'StimulusType': 'word', 'CorrectResponse': 'l', 'Trialnumb': 69, 'thisN': 115, 'thisTrialN': 115, 'thisRepN': 0}>
174.7749 	EXP 	LDT_fix_text: autoDraw = False
174.7749 	EXP 	LDT_stim_text: autoDraw = False
174.7749 	EXP 	LDT_break_text: autoDraw = False
174.7749 	EXP 	LDT_stim_text: height = np.float64(0.1)
174.7749 	EXP 	LDT_stim_text: height = np.float64(0.1)
174.7749 	EXP 	LDT_stim_text: height = np.float64(0.1)
174.7749 	EXP 	LDT_stim_text: text = 'sad'
174.7749 	EXP 	LDT_fix_text: autoDraw = True
174.7755 	DATA 	Keypress: l
174.8588 	EXP 	Device response: <KeyPress from None: t=174.75963270000102, value=l, duration=0.0958731999999145>
175.2587 	EXP 	LDT_stim_text: autoDraw = True
175.2670 	EXP 	LDT_fix_text: autoDraw = False
175.7678 	EXP 	Device response: <KeyPress from None: t=175.7603366000003, value=l, duration=None>
175.7680 	EXP 	New trial (rep=0, index=116): <Trial 116 (116 in rep 0) data={'Task': 'LDT', 'TrialType': 'Target', 'Stimuli': 'pulk', 'StimulusType': 'nonword', 'CorrectResponse': 'a', 'Trialnumb': 183, 'thisN': 116, 'thisTrialN': 116, 'thisRepN': 0}>
175.7759 	EXP 	LDT_fix_text: autoDraw = False
175.7759 	EXP 	LDT_stim_text: autoDraw = False
175.7759 	EXP 	LDT_break_text: autoDraw = False
175.7759 	EXP 	LDT_stim_text: height = np.float64(0.1)
175.7759 	EXP 	LDT_stim_text: height = np.float64(0.1)
175.7759 	EXP 	LDT_stim_text: height = np.float64(0.1)
175.7759 	EXP 	LDT_stim_text: text = 'pulk'
175.7759 	EXP 	LDT_fix_text: autoDraw = True
175.7764 	DATA 	Keypress: l
175.8847 	EXP 	Device response: <KeyPress from None: t=175.7603366000003, value=l, duration=0.11975770000026387>
176.2597 	EXP 	LDT_stim_text: autoDraw = True
176.2681 	EXP 	LDT_fix_text: autoDraw = False
176.8106 	EXP 	Device response: <KeyPress from None: t=176.80746250000084, value=a, duration=None>
176.8108 	EXP 	New trial (rep=0, index=117): <Trial 117 (117 in rep 0) data={'Task': 'LDT', 'TrialType': 'Target', 'Stimuli': 'man', 'StimulusType': 'word', 'CorrectResponse': 'l', 'Trialnumb': 12, 'thisN': 117, 'thisTrialN': 117, 'thisRepN': 0}>
176.8186 	EXP 	LDT_fix_text: autoDraw = False
176.8186 	EXP 	LDT_stim_text: autoDraw = False
176.8186 	EXP 	LDT_break_text: autoDraw = False
176.8186 	EXP 	LDT_stim_text: height = np.float64(0.1)
176.8186 	EXP 	LDT_stim_text: height = np.float64(0.1)
176.8186 	EXP 	LDT_stim_text: height = np.float64(0.1)
176.8186 	EXP 	LDT_stim_text: text = 'man'
176.8186 	EXP 	LDT_fix_text: autoDraw = True
176.8191 	DATA 	Keypress: a
176.9440 	EXP 	Device response: <KeyPress from None: t=176.80746250000084, value=a, duration=0.12846990000070946>
177.3024 	EXP 	LDT_stim_text: autoDraw = True
177.3107 	EXP 	LDT_fix_text: autoDraw = False
177.7949 	EXP 	Device response: <KeyPress from None: t=177.7918692000003, value=l, duration=None>
177.7951 	EXP 	New trial (rep=0, index=118): <Trial 118 (118 in rep 0) data={'Task': 'LDT', 'TrialType': 'Target', 'Stimuli': 'back', 'StimulusType': 'word', 'CorrectResponse': 'l', 'Trialnumb': 8, 'thisN': 118, 'thisTrialN': 118, 'thisRepN': 0}>
177.8029 	EXP 	LDT_fix_text: autoDraw = False
177.8029 	EXP 	LDT_stim_text: autoDraw = False
177.8029 	EXP 	LDT_break_text: autoDraw = False
177.8029 	EXP 	LDT_stim_text: height = np.float64(0.1)
177.8029 	EXP 	LDT_stim_text: height = np.float64(0.1)
177.8029 	EXP 	LDT_stim_text: height = np.float64(0.1)
177.8029 	EXP 	LDT_stim_text: text = 'back'
177.8029 	EXP 	LDT_fix_text: autoDraw = True
177.8034 	DATA 	Keypress: l
177.9033 	EXP 	Device response: <KeyPress from None: t=177.7918692000003, value=l, duration=0.10376590000123542>
178.2867 	EXP 	LDT_stim_text: autoDraw = True
178.2951 	EXP 	LDT_fix_text: autoDraw = False
178.8042 	EXP 	Device response: <KeyPress from None: t=178.80025530000057, value=l, duration=None>
178.8045 	EXP 	New trial (rep=0, index=119): <Trial 119 (119 in rep 0) data={'Task': 'LDT', 'TrialType': 'Target', 'Stimuli': 'spag', 'StimulusType': 'nonword', 'CorrectResponse': 'a', 'Trialnumb': 197, 'thisN': 119, 'thisTrialN': 119, 'thisRepN': 0}>
178.8124 	EXP 	LDT_fix_text: autoDraw = False
178.8124 	EXP 	LDT_stim_text: autoDraw = False
178.8124 	EXP 	LDT_break_text: autoDraw = False
178.8124 	EXP 	LDT_stim_text: height = np.float64(0.1)
178.8124 	EXP 	LDT_stim_text: height = np.float64(0.1)
178.8124 	EXP 	LDT_stim_text: height = np.float64(0.1)
178.8124 	EXP 	LDT_stim_text: text = 'spag'
178.8124 	EXP 	LDT_fix_text: autoDraw = True
178.8130 	DATA 	Keypress: l
178.9043 	EXP 	Device response: <KeyPress from None: t=178.80025530000057, value=l, duration=0.10355909999998403>
179.2961 	EXP 	LDT_stim_text: autoDraw = True
179.3044 	EXP 	LDT_fix_text: autoDraw = False
179.9054 	EXP 	Device response: <KeyPress from None: t=179.9039700000012, value=a, duration=None>
179.9134 	EXP 	LDT_fix_text: autoDraw = False
179.9134 	EXP 	LDT_stim_text: autoDraw = False
179.9134 	EXP 	LDT_break_text: autoDraw = True
179.9140 	DATA 	Keypress: a
180.0138 	EXP 	Device response: <KeyPress from None: t=179.9039700000012, value=a, duration=0.10427019999951881>
181.0232 	EXP 	Device response: <KeyPress from None: t=181.01557670000147, value=space, duration=None>
181.0234 	EXP 	New trial (rep=0, index=120): <Trial 120 (120 in rep 0) data={'Task': 'LDT', 'TrialType': 'Target', 'Stimuli': 'drove', 'StimulusType': 'word', 'CorrectResponse': 'l', 'Trialnumb': 90, 'thisN': 120, 'thisTrialN': 120, 'thisRepN': 0}>
181.0311 	EXP 	LDT_break_text: autoDraw = False
181.0311 	EXP 	LDT_stim_text: height = np.float64(0.1)
181.0311 	EXP 	LDT_stim_text: height = np.float64(0.1)
181.0311 	EXP 	LDT_stim_text: height = np.float64(0.1)
181.0311 	EXP 	LDT_stim_text: text = 'drove'
181.0311 	EXP 	LDT_fix_text: autoDraw = True
181.0317 	DATA 	Keypress: space
181.1234 	EXP 	Device response: <KeyPress from None: t=181.01557670000147, value=space, duration=0.10430739999901562>
181.5151 	EXP 	LDT_stim_text: autoDraw = True
181.5233 	EXP 	LDT_fix_text: autoDraw = False
182.1408 	EXP 	Device response: <KeyPress from None: t=182.1355848000003, value=a, duration=None>
182.1411 	EXP 	New trial (rep=0, index=121): <Trial 121 (121 in rep 0) data={'Task': 'LDT', 'TrialType': 'Target', 'Stimuli': 'feek', 'StimulusType': 'nonword', 'CorrectResponse': 'a', 'Trialnumb': 139, 'thisN': 121, 'thisTrialN': 121, 'thisRepN': 0}>
182.1489 	EXP 	LDT_fix_text: autoDraw = False
182.1489 	EXP 	LDT_stim_text: autoDraw = False
182.1489 	EXP 	LDT_break_text: autoDraw = False
182.1489 	EXP 	LDT_stim_text: height = np.float64(0.1)
182.1489 	EXP 	LDT_stim_text: height = np.float64(0.1)
182.1489 	EXP 	LDT_stim_text: height = np.float64(0.1)
182.1489 	EXP 	LDT_stim_text: text = 'feek'
182.1489 	EXP 	LDT_fix_text: autoDraw = True
182.1494 	DATA 	Keypress: a
182.2326 	EXP 	Device response: <KeyPress from None: t=182.1355848000003, value=a, duration=0.09654750000117929>
182.6327 	EXP 	LDT_stim_text: autoDraw = True
182.6411 	EXP 	LDT_fix_text: autoDraw = False
183.3087 	EXP 	Device response: <KeyPress from None: t=183.30431070000122, value=a, duration=None>
183.3090 	EXP 	New trial (rep=0, index=122): <Trial 122 (122 in rep 0) data={'Task': 'LDT', 'TrialType': 'Target', 'Stimuli': 'pack', 'StimulusType': 'word', 'CorrectResponse': 'l', 'Trialnumb': 76, 'thisN': 122, 'thisTrialN': 122, 'thisRepN': 0}>
183.3167 	EXP 	LDT_fix_text: autoDraw = False
183.3167 	EXP 	LDT_stim_text: autoDraw = False
183.3167 	EXP 	LDT_break_text: autoDraw = False
183.3167 	EXP 	LDT_stim_text: height = np.float64(0.1)
183.3167 	EXP 	LDT_stim_text: height = np.float64(0.1)
183.3167 	EXP 	LDT_stim_text: height = np.float64(0.1)
183.3167 	EXP 	LDT_stim_text: text = 'pack'
183.3167 	EXP 	LDT_fix_text: autoDraw = True
183.3173 	DATA 	Keypress: a
183.4171 	EXP 	Device response: <KeyPress from None: t=183.30431070000122, value=a, duration=0.11199479999959294>
183.8006 	EXP 	LDT_stim_text: autoDraw = True
183.8089 	EXP 	LDT_fix_text: autoDraw = False
184.2346 	EXP 	Device response: <KeyPress from None: t=184.23148200000105, value=l, duration=None>
184.2348 	EXP 	New trial (rep=0, index=123): <Trial 123 (123 in rep 0) data={'Task': 'LDT', 'TrialType': 'Target', 'Stimuli': 'pook', 'StimulusType': 'nonword', 'CorrectResponse': 'a', 'Trialnumb': 182, 'thisN': 123, 'thisTrialN': 123, 'thisRepN': 0}>
184.2426 	EXP 	LDT_fix_text: autoDraw = False
184.2426 	EXP 	LDT_stim_text: autoDraw = False
184.2426 	EXP 	LDT_break_text: autoDraw = False
184.2426 	EXP 	LDT_stim_text: height = np.float64(0.1)
184.2426 	EXP 	LDT_stim_text: height = np.float64(0.1)
184.2426 	EXP 	LDT_stim_text: height = np.float64(0.1)
184.2426 	EXP 	LDT_stim_text: text = 'pook'
184.2426 	EXP 	LDT_fix_text: autoDraw = True
184.2431 	DATA 	Keypress: l
184.3430 	EXP 	Device response: <KeyPress from None: t=184.23148200000105, value=l, duration=0.10429809999914141>
184.7265 	EXP 	LDT_stim_text: autoDraw = True
184.7348 	EXP 	LDT_fix_text: autoDraw = False
185.1606 	EXP 	Device response: <KeyPress from None: t=185.16006610000113, value=l, duration=None>
185.1609 	EXP 	New trial (rep=0, index=124): <Trial 124 (124 in rep 0) data={'Task': 'LDT', 'TrialType': 'Target', 'Stimuli': 'boss', 'StimulusType': 'word', 'CorrectResponse': 'l', 'Trialnumb': 61, 'thisN': 124, 'thisTrialN': 124, 'thisRepN': 0}>
185.1686 	EXP 	LDT_fix_text: autoDraw = False
185.1686 	EXP 	LDT_stim_text: autoDraw = False
185.1686 	EXP 	LDT_break_text: autoDraw = False
185.1686 	EXP 	LDT_stim_text: height = np.float64(0.1)
185.1686 	EXP 	LDT_stim_text: height = np.float64(0.1)
185.1686 	EXP 	LDT_stim_text: height = np.float64(0.1)
185.1686 	EXP 	LDT_stim_text: text = 'boss'
185.1686 	EXP 	LDT_fix_text: autoDraw = True
185.1691 	DATA 	Keypress: l
185.2439 	EXP 	Device response: <KeyPress from None: t=185.16006610000113, value=l, duration=0.07937329999913345>
185.6524 	EXP 	LDT_stim_text: autoDraw = True
185.6607 	EXP 	LDT_fix_text: autoDraw = False
186.2199 	EXP 	Device response: <KeyPress from None: t=186.2159386000003, value=l, duration=None>
186.2201 	EXP 	New trial (rep=0, index=125): <Trial 125 (125 in rep 0) data={'Task': 'LDT', 'TrialType': 'Target', 'Stimuli': 'kell', 'StimulusType': 'nonword', 'CorrectResponse': 'a', 'Trialnumb': 164, 'thisN': 125, 'thisTrialN': 125, 'thisRepN': 0}>
186.2279 	EXP 	LDT_fix_text: autoDraw = False
186.2279 	EXP 	LDT_stim_text: autoDraw = False
186.2279 	EXP 	LDT_break_text: autoDraw = False
186.2279 	EXP 	LDT_stim_text: height = np.float64(0.1)
186.2279 	EXP 	LDT_stim_text: height = np.float64(0.1)
186.2279 	EXP 	LDT_stim_text: height = np.float64(0.1)
186.2279 	EXP 	LDT_stim_text: text = 'kell'
186.2279 	EXP 	LDT_fix_text: autoDraw = True
186.2285 	DATA 	Keypress: l
186.2867 	EXP 	Device response: <KeyPress from None: t=186.2159386000003, value=l, duration=0.064135399999941>
186.7118 	EXP 	LDT_stim_text: autoDraw = True
186.7201 	EXP 	LDT_fix_text: autoDraw = False
187.3294 	EXP 	Device response: <KeyPress from None: t=187.32817270000123, value=a, duration=None>
187.3297 	EXP 	New trial (rep=0, index=126): <Trial 126 (126 in rep 0) data={'Task': 'LDT', 'TrialType': 'Target', 'Stimuli': 'under', 'StimulusType': 'word', 'CorrectResponse': 'l', 'Trialnumb': 39, 'thisN': 126, 'thisTrialN': 126, 'thisRepN': 0}>
187.3374 	EXP 	LDT_fix_text: autoDraw = False
187.3374 	EXP 	LDT_stim_text: autoDraw = False
187.3374 	EXP 	LDT_break_text: autoDraw = False
187.3374 	EXP 	LDT_stim_text: height = np.float64(0.1)
187.3374 	EXP 	LDT_stim_text: height = np.float64(0.1)
187.3374 	EXP 	LDT_stim_text: height = np.float64(0.1)
187.3374 	EXP 	LDT_stim_text: text = 'under'
187.3374 	EXP 	LDT_fix_text: autoDraw = True
187.3380 	DATA 	Keypress: a
187.4544 	EXP 	Device response: <KeyPress from None: t=187.32817270000123, value=a, duration=0.12088500000027125>
187.8212 	EXP 	LDT_stim_text: autoDraw = True
187.8296 	EXP 	LDT_fix_text: autoDraw = False
188.2971 	EXP 	Device response: <KeyPress from None: t=188.29627710000022, value=l, duration=None>
188.2973 	EXP 	New trial (rep=0, index=127): <Trial 127 (127 in rep 0) data={'Task': 'LDT', 'TrialType': 'Target', 'Stimuli': 'saos', 'StimulusType': 'nonword', 'CorrectResponse': 'a', 'Trialnumb': 115, 'thisN': 127, 'thisTrialN': 127, 'thisRepN': 0}>
188.3050 	EXP 	LDT_fix_text: autoDraw = False
188.3050 	EXP 	LDT_stim_text: autoDraw = False
188.3050 	EXP 	LDT_break_text: autoDraw = False
188.3050 	EXP 	LDT_stim_text: height = np.float64(0.1)
188.3050 	EXP 	LDT_stim_text: height = np.float64(0.1)
188.3050 	EXP 	LDT_stim_text: height = np.float64(0.1)
188.3050 	EXP 	LDT_stim_text: text = 'saos'
188.3050 	EXP 	LDT_fix_text: autoDraw = True
188.3055 	DATA 	Keypress: l
188.4055 	EXP 	Device response: <KeyPress from None: t=188.29627710000022, value=l, duration=0.10362630000054196>
188.7889 	EXP 	LDT_stim_text: autoDraw = True
188.7972 	EXP 	LDT_fix_text: autoDraw = False
189.3647 	EXP 	Device response: <KeyPress from None: t=189.35947040000065, value=a, duration=None>
189.3650 	EXP 	New trial (rep=0, index=128): <Trial 128 (128 in rep 0) data={'Task': 'LDT', 'TrialType': 'Target', 'Stimuli': 'here', 'StimulusType': 'word', 'CorrectResponse': 'l', 'Trialnumb': 4, 'thisN': 128, 'thisTrialN': 128, 'thisRepN': 0}>
189.3729 	EXP 	LDT_fix_text: autoDraw = False
189.3729 	EXP 	LDT_stim_text: autoDraw = False
189.3729 	EXP 	LDT_break_text: autoDraw = False
189.3729 	EXP 	LDT_stim_text: height = np.float64(0.1)
189.3729 	EXP 	LDT_stim_text: height = np.float64(0.1)
189.3729 	EXP 	LDT_stim_text: height = np.float64(0.1)
189.3729 	EXP 	LDT_stim_text: text = 'here'
189.3729 	EXP 	LDT_fix_text: autoDraw = True
189.3735 	DATA 	Keypress: a
189.4732 	EXP 	Device response: <KeyPress from None: t=189.35947040000065, value=a, duration=0.11288810000041849>
189.8566 	EXP 	LDT_stim_text: autoDraw = True
189.8649 	EXP 	LDT_fix_text: autoDraw = False
190.3573 	EXP 	Device response: <KeyPress from None: t=190.3518511000002, value=l, duration=None>
190.3576 	EXP 	New trial (rep=0, index=129): <Trial 129 (129 in rep 0) data={'Task': 'LDT', 'TrialType': 'Target', 'Stimuli': 'sere', 'StimulusType': 'nonword', 'CorrectResponse': 'a', 'Trialnumb': 190, 'thisN': 129, 'thisTrialN': 129, 'thisRepN': 0}>
190.3655 	EXP 	LDT_fix_text: autoDraw = False
190.3655 	EXP 	LDT_stim_text: autoDraw = False
190.3655 	EXP 	LDT_break_text: autoDraw = False
190.3655 	EXP 	LDT_stim_text: height = np.float64(0.1)
190.3655 	EXP 	LDT_stim_text: height = np.float64(0.1)
190.3655 	EXP 	LDT_stim_text: height = np.float64(0.1)
190.3655 	EXP 	LDT_stim_text: text = 'sere'
190.3655 	EXP 	LDT_fix_text: autoDraw = True
190.3661 	DATA 	Keypress: l
190.4825 	EXP 	Device response: <KeyPress from None: t=190.3518511000002, value=l, duration=0.12934130000030564>
190.8492 	EXP 	LDT_stim_text: autoDraw = True
190.8576 	EXP 	LDT_fix_text: autoDraw = False
191.6837 	EXP 	Device response: <KeyPress from None: t=191.67948380000053, value=a, duration=None>
191.6840 	EXP 	New trial (rep=0, index=130): <Trial 130 (130 in rep 0) data={'Task': 'LDT', 'TrialType': 'Target', 'Stimuli': 'party', 'StimulusType': 'word', 'CorrectResponse': 'l', 'Trialnumb': 59, 'thisN': 130, 'thisTrialN': 130, 'thisRepN': 0}>
191.6917 	EXP 	LDT_fix_text: autoDraw = False
191.6917 	EXP 	LDT_stim_text: autoDraw = False
191.6917 	EXP 	LDT_break_text: autoDraw = False
191.6917 	EXP 	LDT_stim_text: height = np.float64(0.1)
191.6917 	EXP 	LDT_stim_text: height = np.float64(0.1)
191.6917 	EXP 	LDT_stim_text: height = np.float64(0.1)
191.6917 	EXP 	LDT_stim_text: text = 'party'
191.6917 	EXP 	LDT_fix_text: autoDraw = True
191.6923 	DATA 	Keypress: a
191.8006 	EXP 	Device response: <KeyPress from None: t=191.67948380000053, value=a, duration=0.12026520000108576>
192.1756 	EXP 	LDT_stim_text: autoDraw = True
192.1839 	EXP 	LDT_fix_text: autoDraw = False
192.6764 	EXP 	Device response: <KeyPress from None: t=192.67181640000126, value=l, duration=None>
192.6767 	EXP 	New trial (rep=0, index=131): <Trial 131 (131 in rep 0) data={'Task': 'LDT', 'TrialType': 'Target', 'Stimuli': 'jeed', 'StimulusType': 'nonword', 'CorrectResponse': 'a', 'Trialnumb': 158, 'thisN': 131, 'thisTrialN': 131, 'thisRepN': 0}>
192.6844 	EXP 	LDT_fix_text: autoDraw = False
192.6844 	EXP 	LDT_stim_text: autoDraw = False
192.6844 	EXP 	LDT_break_text: autoDraw = False
192.6844 	EXP 	LDT_stim_text: height = np.float64(0.1)
192.6844 	EXP 	LDT_stim_text: height = np.float64(0.1)
192.6844 	EXP 	LDT_stim_text: height = np.float64(0.1)
192.6844 	EXP 	LDT_stim_text: text = 'jeed'
192.6844 	EXP 	LDT_fix_text: autoDraw = True
192.6849 	DATA 	Keypress: l
192.7848 	EXP 	Device response: <KeyPress from None: t=192.67181640000126, value=l, duration=0.11243599999943399>
193.1682 	EXP 	LDT_stim_text: autoDraw = True
193.1766 	EXP 	LDT_fix_text: autoDraw = False
193.6524 	EXP 	Device response: <KeyPress from None: t=193.6478887000012, value=a, duration=None>
193.6527 	EXP 	New trial (rep=0, index=132): <Trial 132 (132 in rep 0) data={'Task': 'LDT', 'TrialType': 'Target', 'Stimuli': 'hoon', 'StimulusType': 'nonword', 'CorrectResponse': 'a', 'Trialnumb': 155, 'thisN': 132, 'thisTrialN': 132, 'thisRepN': 0}>
193.6604 	EXP 	LDT_fix_text: autoDraw = False
193.6604 	EXP 	LDT_stim_text: autoDraw = False
193.6604 	EXP 	LDT_break_text: autoDraw = False
193.6604 	EXP 	LDT_stim_text: height = np.float64(0.1)
193.6604 	EXP 	LDT_stim_text: height = np.float64(0.1)
193.6604 	EXP 	LDT_stim_text: height = np.float64(0.1)
193.6604 	EXP 	LDT_stim_text: text = 'hoon'
193.6604 	EXP 	LDT_fix_text: autoDraw = True
193.6610 	DATA 	Keypress: a
193.7609 	EXP 	Device response: <KeyPress from None: t=193.6478887000012, value=a, duration=0.11201830000027257>
194.1442 	EXP 	LDT_stim_text: autoDraw = True
194.1525 	EXP 	LDT_fix_text: autoDraw = False
194.7200 	EXP 	Device response: <KeyPress from None: t=194.71216900000036, value=a, duration=None>
194.7203 	EXP 	New trial (rep=0, index=133): <Trial 133 (133 in rep 0) data={'Task': 'LDT', 'TrialType': 'Target', 'Stimuli': 'rear', 'StimulusType': 'word', 'CorrectResponse': 'l', 'Trialnumb': 110, 'thisN': 133, 'thisTrialN': 133, 'thisRepN': 0}>
194.7281 	EXP 	LDT_fix_text: autoDraw = False
194.7281 	EXP 	LDT_stim_text: autoDraw = False
194.7281 	EXP 	LDT_break_text: autoDraw = False
194.7281 	EXP 	LDT_stim_text: height = np.float64(0.1)
194.7281 	EXP 	LDT_stim_text: height = np.float64(0.1)
194.7281 	EXP 	LDT_stim_text: height = np.float64(0.1)
194.7281 	EXP 	LDT_stim_text: text = 'rear'
194.7281 	EXP 	LDT_fix_text: autoDraw = True
194.7286 	DATA 	Keypress: a
194.8451 	EXP 	Device response: <KeyPress from None: t=194.71216900000036, value=a, duration=0.12886210000033316>
195.2119 	EXP 	LDT_stim_text: autoDraw = True
195.2202 	EXP 	LDT_fix_text: autoDraw = False
195.7462 	EXP 	Device response: <KeyPress from None: t=195.7437187000014, value=a, duration=None>
195.7464 	EXP 	New trial (rep=0, index=134): <Trial 134 (134 in rep 0) data={'Task': 'LDT', 'TrialType': 'Target', 'Stimuli': 'yast', 'StimulusType': 'nonword', 'CorrectResponse': 'a', 'Trialnumb': 218, 'thisN': 134, 'thisTrialN': 134, 'thisRepN': 0}>
195.7543 	EXP 	LDT_fix_text: autoDraw = False
195.7543 	EXP 	LDT_stim_text: autoDraw = False
195.7543 	EXP 	LDT_break_text: autoDraw = False
195.7543 	EXP 	LDT_stim_text: height = np.float64(0.1)
195.7543 	EXP 	LDT_stim_text: height = np.float64(0.1)
195.7543 	EXP 	LDT_stim_text: height = np.float64(0.1)
195.7543 	EXP 	LDT_stim_text: text = 'yast'
195.7543 	EXP 	LDT_fix_text: autoDraw = True
195.7548 	DATA 	Keypress: a
195.9130 	EXP 	Device response: <KeyPress from None: t=195.7437187000014, value=a, duration=0.16885919999913312>
196.2379 	EXP 	LDT_stim_text: autoDraw = True
196.2463 	EXP 	LDT_fix_text: autoDraw = False
196.8472 	EXP 	Device response: <KeyPress from None: t=196.83960600000137, value=a, duration=None>
196.8474 	EXP 	New trial (rep=0, index=135): <Trial 135 (135 in rep 0) data={'Task': 'LDT', 'TrialType': 'Target', 'Stimuli': 'ran', 'StimulusType': 'word', 'CorrectResponse': 'l', 'Trialnumb': 66, 'thisN': 135, 'thisTrialN': 135, 'thisRepN': 0}>
196.8554 	EXP 	LDT_fix_text: autoDraw = False
196.8554 	EXP 	LDT_stim_text: autoDraw = False
196.8554 	EXP 	LDT_break_text: autoDraw = False
196.8554 	EXP 	LDT_stim_text: height = np.float64(0.1)
196.8554 	EXP 	LDT_stim_text: height = np.float64(0.1)
196.8554 	EXP 	LDT_stim_text: height = np.float64(0.1)
196.8554 	EXP 	LDT_stim_text: text = 'ran'
196.8554 	EXP 	LDT_fix_text: autoDraw = True
196.8559 	DATA 	Keypress: a
196.9973 	EXP 	Device response: <KeyPress from None: t=196.83960600000137, value=a, duration=0.1528096000001824>
197.3390 	EXP 	LDT_stim_text: autoDraw = True
197.3474 	EXP 	LDT_fix_text: autoDraw = False
198.0568 	EXP 	Device response: <KeyPress from None: t=198.04849660000036, value=l, duration=None>
198.0571 	EXP 	New trial (rep=0, index=136): <Trial 136 (136 in rep 0) data={'Task': 'LDT', 'TrialType': 'Target', 'Stimuli': 'high', 'StimulusType': 'word', 'CorrectResponse': 'l', 'Trialnumb': 16, 'thisN': 136, 'thisTrialN': 136, 'thisRepN': 0}>
198.0649 	EXP 	LDT_fix_text: autoDraw = False
198.0649 	EXP 	LDT_stim_text: autoDraw = False
198.0649 	EXP 	LDT_break_text: autoDraw = False
198.0649 	EXP 	LDT_stim_text: height = np.float64(0.1)
198.0649 	EXP 	LDT_stim_text: height = np.float64(0.1)
198.0649 	EXP 	LDT_stim_text: height = np.float64(0.1)
198.0649 	EXP 	LDT_stim_text: text = 'high'
198.0649 	EXP 	LDT_fix_text: autoDraw = True
198.0654 	DATA 	Keypress: l
198.1402 	EXP 	Device response: <KeyPress from None: t=198.04849660000036, value=l, duration=0.08720420000099693>
198.5486 	EXP 	LDT_stim_text: autoDraw = True
198.5569 	EXP 	LDT_fix_text: autoDraw = False
199.0328 	EXP 	Device response: <KeyPress from None: t=199.03220750000037, value=l, duration=None>
199.0330 	EXP 	New trial (rep=0, index=137): <Trial 137 (137 in rep 0) data={'Task': 'LDT', 'TrialType': 'Target', 'Stimuli': 'flat', 'StimulusType': 'word', 'CorrectResponse': 'l', 'Trialnumb': 92, 'thisN': 137, 'thisTrialN': 137, 'thisRepN': 0}>
199.0408 	EXP 	LDT_fix_text: autoDraw = False
199.0408 	EXP 	LDT_stim_text: autoDraw = False
199.0408 	EXP 	LDT_break_text: autoDraw = False
199.0408 	EXP 	LDT_stim_text: height = np.float64(0.1)
199.0408 	EXP 	LDT_stim_text: height = np.float64(0.1)
199.0408 	EXP 	LDT_stim_text: height = np.float64(0.1)
199.0408 	EXP 	LDT_stim_text: text = 'flat'
199.0408 	EXP 	LDT_fix_text: autoDraw = True
199.0414 	DATA 	Keypress: l
199.1495 	EXP 	Device response: <KeyPress from None: t=199.03220750000037, value=l, duration=0.11218010000084178>
199.5245 	EXP 	LDT_stim_text: autoDraw = True
199.5329 	EXP 	LDT_fix_text: autoDraw = False
200.0587 	EXP 	Device response: <KeyPress from None: t=200.05600080000113, value=l, duration=None>
200.0589 	EXP 	New trial (rep=0, index=138): <Trial 138 (138 in rep 0) data={'Task': 'LDT', 'TrialType': 'Target', 'Stimuli': 'trin', 'StimulusType': 'nonword', 'CorrectResponse': 'a', 'Trialnumb': 207, 'thisN': 138, 'thisTrialN': 138, 'thisRepN': 0}>
200.0668 	EXP 	LDT_fix_text: autoDraw = False
200.0668 	EXP 	LDT_stim_text: autoDraw = False
200.0668 	EXP 	LDT_break_text: autoDraw = False
200.0668 	EXP 	LDT_stim_text: height = np.float64(0.1)
200.0668 	EXP 	LDT_stim_text: height = np.float64(0.1)
200.0668 	EXP 	LDT_stim_text: height = np.float64(0.1)
200.0668 	EXP 	LDT_stim_text: text = 'trin'
200.0668 	EXP 	LDT_fix_text: autoDraw = True
200.0673 	DATA 	Keypress: l
200.1672 	EXP 	Device response: <KeyPress from None: t=200.05600080000113, value=l, duration=0.10410159999992175>
200.5506 	EXP 	LDT_stim_text: autoDraw = True
200.5591 	EXP 	LDT_fix_text: autoDraw = False
201.5353 	EXP 	Device response: <KeyPress from None: t=201.52761270000155, value=l, duration=None>
201.5356 	EXP 	New trial (rep=0, index=139): <Trial 139 (139 in rep 0) data={'Task': 'LDT', 'TrialType': 'Target', 'Stimuli': 'blue', 'StimulusType': 'word', 'CorrectResponse': 'l', 'Trialnumb': 57, 'thisN': 139, 'thisTrialN': 139, 'thisRepN': 0}>
201.5432 	EXP 	LDT_fix_text: autoDraw = False
201.5432 	EXP 	LDT_stim_text: autoDraw = False
201.5432 	EXP 	LDT_break_text: autoDraw = False
201.5432 	EXP 	LDT_stim_text: height = np.float64(0.1)
201.5432 	EXP 	LDT_stim_text: height = np.float64(0.1)
201.5432 	EXP 	LDT_stim_text: height = np.float64(0.1)
201.5432 	EXP 	LDT_stim_text: text = 'blue'
201.5432 	EXP 	LDT_fix_text: autoDraw = True
201.5438 	DATA 	Keypress: l
201.6187 	EXP 	Device response: <KeyPress from None: t=201.52761270000155, value=l, duration=0.08779509999840229>
202.0271 	EXP 	LDT_stim_text: autoDraw = True
202.0354 	EXP 	LDT_fix_text: autoDraw = False
202.4861 	EXP 	Device response: <KeyPress from None: t=202.47956110000086, value=l, duration=None>
202.4864 	EXP 	New trial (rep=0, index=140): <Trial 140 (140 in rep 0) data={'Task': 'LDT', 'TrialType': 'Target', 'Stimuli': 'week', 'StimulusType': 'word', 'CorrectResponse': 'l', 'Trialnumb': 28, 'thisN': 140, 'thisTrialN': 140, 'thisRepN': 0}>
202.4942 	EXP 	LDT_fix_text: autoDraw = False
202.4942 	EXP 	LDT_stim_text: autoDraw = False
202.4942 	EXP 	LDT_break_text: autoDraw = False
202.4942 	EXP 	LDT_stim_text: height = np.float64(0.1)
202.4942 	EXP 	LDT_stim_text: height = np.float64(0.1)
202.4942 	EXP 	LDT_stim_text: height = np.float64(0.1)
202.4942 	EXP 	LDT_stim_text: text = 'week'
202.4942 	EXP 	LDT_fix_text: autoDraw = True
202.4946 	DATA 	Keypress: l
202.5862 	EXP 	Device response: <KeyPress from None: t=202.47956110000086, value=l, duration=0.10431179999977758>
202.9780 	EXP 	LDT_stim_text: autoDraw = True
202.9863 	EXP 	LDT_fix_text: autoDraw = False
203.5205 	EXP 	Device response: <KeyPress from None: t=203.5196758000002, value=l, duration=None>
203.5207 	EXP 	New trial (rep=0, index=141): <Trial 141 (141 in rep 0) data={'Task': 'LDT', 'TrialType': 'Target', 'Stimuli': 'daste', 'StimulusType': 'nonword', 'CorrectResponse': 'a', 'Trialnumb': 136, 'thisN': 141, 'thisTrialN': 141, 'thisRepN': 0}>
203.5285 	EXP 	LDT_fix_text: autoDraw = False
203.5285 	EXP 	LDT_stim_text: autoDraw = False
203.5285 	EXP 	LDT_break_text: autoDraw = False
203.5285 	EXP 	LDT_stim_text: height = np.float64(0.1)
203.5285 	EXP 	LDT_stim_text: height = np.float64(0.1)
203.5285 	EXP 	LDT_stim_text: height = np.float64(0.1)
203.5285 	EXP 	LDT_stim_text: text = 'daste'
203.5285 	EXP 	LDT_fix_text: autoDraw = True
203.5291 	DATA 	Keypress: l
203.6041 	EXP 	Device response: <KeyPress from None: t=203.5196758000002, value=l, duration=0.08066070000131731>
204.0123 	EXP 	LDT_stim_text: autoDraw = True
204.0207 	EXP 	LDT_fix_text: autoDraw = False
204.6802 	EXP 	Device response: <KeyPress from None: t=204.6796815000016, value=a, duration=None>
204.6805 	EXP 	New trial (rep=0, index=142): <Trial 142 (142 in rep 0) data={'Task': 'LDT', 'TrialType': 'Target', 'Stimuli': 'kire', 'StimulusType': 'nonword', 'CorrectResponse': 'a', 'Trialnumb': 166, 'thisN': 142, 'thisTrialN': 142, 'thisRepN': 0}>
204.6880 	EXP 	LDT_fix_text: autoDraw = False
204.6880 	EXP 	LDT_stim_text: autoDraw = False
204.6880 	EXP 	LDT_break_text: autoDraw = False
204.6880 	EXP 	LDT_stim_text: height = np.float64(0.1)
204.6880 	EXP 	LDT_stim_text: height = np.float64(0.1)
204.6880 	EXP 	LDT_stim_text: height = np.float64(0.1)
204.6880 	EXP 	LDT_stim_text: text = 'kire'
204.6880 	EXP 	LDT_fix_text: autoDraw = True
204.6886 	DATA 	Keypress: a
204.8051 	EXP 	Device response: <KeyPress from None: t=204.6796815000016, value=a, duration=0.12038659999961965>
205.1718 	EXP 	LDT_stim_text: autoDraw = True
205.1802 	EXP 	LDT_fix_text: autoDraw = False
205.6977 	EXP 	Device response: <KeyPress from None: t=205.6958942000001, value=a, duration=None>
205.6979 	EXP 	New trial (rep=0, index=143): <Trial 143 (143 in rep 0) data={'Task': 'LDT', 'TrialType': 'Target', 'Stimuli': 'grew', 'StimulusType': 'word', 'CorrectResponse': 'l', 'Trialnumb': 89, 'thisN': 143, 'thisTrialN': 143, 'thisRepN': 0}>
205.7059 	EXP 	LDT_fix_text: autoDraw = False
205.7059 	EXP 	LDT_stim_text: autoDraw = False
205.7059 	EXP 	LDT_break_text: autoDraw = False
205.7059 	EXP 	LDT_stim_text: height = np.float64(0.1)
205.7059 	EXP 	LDT_stim_text: height = np.float64(0.1)
205.7059 	EXP 	LDT_stim_text: height = np.float64(0.1)
205.7059 	EXP 	LDT_stim_text: text = 'grew'
205.7059 	EXP 	LDT_fix_text: autoDraw = True
205.7063 	DATA 	Keypress: a
205.8311 	EXP 	Device response: <KeyPress from None: t=205.6958942000001, value=a, duration=0.12790310000127647>
206.1895 	EXP 	LDT_stim_text: autoDraw = True
206.1978 	EXP 	LDT_fix_text: autoDraw = False
206.6320 	EXP 	Device response: <KeyPress from None: t=206.62426740000046, value=a, duration=None>
206.6322 	EXP 	New trial (rep=0, index=144): <Trial 144 (144 in rep 0) data={'Task': 'LDT', 'TrialType': 'Target', 'Stimuli': 'hoal', 'StimulusType': 'nonword', 'CorrectResponse': 'a', 'Trialnumb': 154, 'thisN': 144, 'thisTrialN': 144, 'thisRepN': 0}>
206.6400 	EXP 	LDT_fix_text: autoDraw = False
206.6400 	EXP 	LDT_stim_text: autoDraw = False
206.6400 	EXP 	LDT_break_text: autoDraw = False
206.6400 	EXP 	LDT_stim_text: height = np.float64(0.1)
206.6400 	EXP 	LDT_stim_text: height = np.float64(0.1)
206.6400 	EXP 	LDT_stim_text: height = np.float64(0.1)
206.6400 	EXP 	LDT_stim_text: text = 'hoal'
206.6400 	EXP 	LDT_fix_text: autoDraw = True
206.6406 	DATA 	Keypress: a
206.7404 	EXP 	Device response: <KeyPress from None: t=206.62426740000046, value=a, duration=0.11214330000075279>
207.1238 	EXP 	LDT_stim_text: autoDraw = True
207.1321 	EXP 	LDT_fix_text: autoDraw = False
207.8081 	EXP 	Device response: <KeyPress from None: t=207.79990370000087, value=a, duration=None>
207.8083 	EXP 	New trial (rep=0, index=145): <Trial 145 (145 in rep 0) data={'Task': 'LDT', 'TrialType': 'Target', 'Stimuli': 'cips', 'StimulusType': 'nonword', 'CorrectResponse': 'a', 'Trialnumb': 128, 'thisN': 145, 'thisTrialN': 145, 'thisRepN': 0}>
207.8162 	EXP 	LDT_fix_text: autoDraw = False
207.8162 	EXP 	LDT_stim_text: autoDraw = False
207.8162 	EXP 	LDT_break_text: autoDraw = False
207.8162 	EXP 	LDT_stim_text: height = np.float64(0.1)
207.8162 	EXP 	LDT_stim_text: height = np.float64(0.1)
207.8162 	EXP 	LDT_stim_text: height = np.float64(0.1)
207.8162 	EXP 	LDT_stim_text: text = 'cips'
207.8162 	EXP 	LDT_fix_text: autoDraw = True
207.8166 	DATA 	Keypress: a
207.9582 	EXP 	Device response: <KeyPress from None: t=207.79990370000087, value=a, duration=0.15196319999995467>
208.2999 	EXP 	LDT_stim_text: autoDraw = True
208.3083 	EXP 	LDT_fix_text: autoDraw = False
208.8258 	EXP 	Device response: <KeyPress from None: t=208.82373170000028, value=a, duration=None>
208.8260 	EXP 	New trial (rep=0, index=146): <Trial 146 (146 in rep 0) data={'Task': 'LDT', 'TrialType': 'Target', 'Stimuli': 'spum', 'StimulusType': 'nonword', 'CorrectResponse': 'a', 'Trialnumb': 198, 'thisN': 146, 'thisTrialN': 146, 'thisRepN': 0}>
208.8338 	EXP 	LDT_fix_text: autoDraw = False
208.8338 	EXP 	LDT_stim_text: autoDraw = False
208.8338 	EXP 	LDT_break_text: autoDraw = False
208.8338 	EXP 	LDT_stim_text: height = np.float64(0.1)
208.8338 	EXP 	LDT_stim_text: height = np.float64(0.1)
208.8338 	EXP 	LDT_stim_text: height = np.float64(0.1)
208.8338 	EXP 	LDT_stim_text: text = 'spum'
208.8338 	EXP 	LDT_fix_text: autoDraw = True
208.8344 	DATA 	Keypress: a
208.9677 	EXP 	Device response: <KeyPress from None: t=208.82373170000028, value=a, duration=0.13598989999991318>
209.3176 	EXP 	LDT_stim_text: autoDraw = True
209.3260 	EXP 	LDT_fix_text: autoDraw = False
210.1187 	EXP 	Device response: <KeyPress from None: t=210.11207120000108, value=a, duration=None>
210.1189 	EXP 	New trial (rep=0, index=147): <Trial 147 (147 in rep 0) data={'Task': 'LDT', 'TrialType': 'Target', 'Stimuli': 'pess', 'StimulusType': 'nonword', 'CorrectResponse': 'a', 'Trialnumb': 180, 'thisN': 147, 'thisTrialN': 147, 'thisRepN': 0}>
210.1269 	EXP 	LDT_fix_text: autoDraw = False
210.1269 	EXP 	LDT_stim_text: autoDraw = False
210.1269 	EXP 	LDT_break_text: autoDraw = False
210.1269 	EXP 	LDT_stim_text: height = np.float64(0.1)
210.1269 	EXP 	LDT_stim_text: height = np.float64(0.1)
210.1269 	EXP 	LDT_stim_text: height = np.float64(0.1)
210.1269 	EXP 	LDT_stim_text: text = 'pess'
210.1269 	EXP 	LDT_fix_text: autoDraw = True
210.1275 	DATA 	Keypress: a
210.2356 	EXP 	Device response: <KeyPress from None: t=210.11207120000108, value=a, duration=0.11977519999891229>
210.6106 	EXP 	LDT_stim_text: autoDraw = True
210.6189 	EXP 	LDT_fix_text: autoDraw = False
211.3950 	EXP 	Device response: <KeyPress from None: t=211.39212810000026, value=a, duration=None>
211.3952 	EXP 	New trial (rep=0, index=148): <Trial 148 (148 in rep 0) data={'Task': 'LDT', 'TrialType': 'Target', 'Stimuli': 'look', 'StimulusType': 'word', 'CorrectResponse': 'l', 'Trialnumb': 2, 'thisN': 148, 'thisTrialN': 148, 'thisRepN': 0}>
211.4030 	EXP 	LDT_fix_text: autoDraw = False
211.4030 	EXP 	LDT_stim_text: autoDraw = False
211.4030 	EXP 	LDT_break_text: autoDraw = False
211.4030 	EXP 	LDT_stim_text: height = np.float64(0.1)
211.4030 	EXP 	LDT_stim_text: height = np.float64(0.1)
211.4030 	EXP 	LDT_stim_text: height = np.float64(0.1)
211.4030 	EXP 	LDT_stim_text: text = 'look'
211.4030 	EXP 	LDT_fix_text: autoDraw = True
211.4036 	DATA 	Keypress: a
211.5202 	EXP 	Device response: <KeyPress from None: t=211.39212810000026, value=a, duration=0.1278005000003759>
211.8869 	EXP 	LDT_stim_text: autoDraw = True
211.8952 	EXP 	LDT_fix_text: autoDraw = False
212.5628 	EXP 	Device response: <KeyPress from None: t=212.56061370000134, value=l, duration=None>
212.5631 	EXP 	New trial (rep=0, index=149): <Trial 149 (149 in rep 0) data={'Task': 'LDT', 'TrialType': 'Target', 'Stimuli': 'tuse', 'StimulusType': 'nonword', 'CorrectResponse': 'a', 'Trialnumb': 209, 'thisN': 149, 'thisTrialN': 149, 'thisRepN': 0}>
212.5709 	EXP 	LDT_fix_text: autoDraw = False
212.5709 	EXP 	LDT_stim_text: autoDraw = False
212.5709 	EXP 	LDT_break_text: autoDraw = False
212.5709 	EXP 	LDT_stim_text: height = np.float64(0.1)
212.5709 	EXP 	LDT_stim_text: height = np.float64(0.1)
212.5709 	EXP 	LDT_stim_text: height = np.float64(0.1)
212.5709 	EXP 	LDT_stim_text: text = 'tuse'
212.5709 	EXP 	LDT_fix_text: autoDraw = True
212.5714 	DATA 	Keypress: l
212.6796 	EXP 	Device response: <KeyPress from None: t=212.56061370000134, value=l, duration=0.11082969999915804>
213.0547 	EXP 	LDT_stim_text: autoDraw = True
213.0630 	EXP 	LDT_fix_text: autoDraw = False
213.6640 	EXP 	Device response: <KeyPress from None: t=213.6567339000012, value=a, duration=None>
213.6644 	EXP 	New trial (rep=0, index=150): <Trial 150 (150 in rep 0) data={'Task': 'LDT', 'TrialType': 'Target', 'Stimuli': 'biss', 'StimulusType': 'nonword', 'CorrectResponse': 'a', 'Trialnumb': 123, 'thisN': 150, 'thisTrialN': 150, 'thisRepN': 0}>
213.6721 	EXP 	LDT_fix_text: autoDraw = False
213.6721 	EXP 	LDT_stim_text: autoDraw = False
213.6721 	EXP 	LDT_break_text: autoDraw = False
213.6721 	EXP 	LDT_stim_text: height = np.float64(0.1)
213.6721 	EXP 	LDT_stim_text: height = np.float64(0.1)
213.6721 	EXP 	LDT_stim_text: height = np.float64(0.1)
213.6721 	EXP 	LDT_stim_text: text = 'biss'
213.6721 	EXP 	LDT_fix_text: autoDraw = True
213.6726 	DATA 	Keypress: a
213.7557 	EXP 	Device response: <KeyPress from None: t=213.6567339000012, value=a, duration=0.09546039999986533>
214.1558 	EXP 	LDT_stim_text: autoDraw = True
214.1641 	EXP 	LDT_fix_text: autoDraw = False
214.6650 	EXP 	Device response: <KeyPress from None: t=214.6643178000013, value=a, duration=None>
214.6653 	EXP 	New trial (rep=0, index=151): <Trial 151 (151 in rep 0) data={'Task': 'LDT', 'TrialType': 'Target', 'Stimuli': 'seef', 'StimulusType': 'nonword', 'CorrectResponse': 'a', 'Trialnumb': 187, 'thisN': 151, 'thisTrialN': 151, 'thisRepN': 0}>
214.6730 	EXP 	LDT_fix_text: autoDraw = False
214.6730 	EXP 	LDT_stim_text: autoDraw = False
214.6730 	EXP 	LDT_break_text: autoDraw = False
214.6730 	EXP 	LDT_stim_text: height = np.float64(0.1)
214.6730 	EXP 	LDT_stim_text: height = np.float64(0.1)
214.6730 	EXP 	LDT_stim_text: height = np.float64(0.1)
214.6730 	EXP 	LDT_stim_text: text = 'seef'
214.6730 	EXP 	LDT_fix_text: autoDraw = True
214.6736 	DATA 	Keypress: a
214.7734 	EXP 	Device response: <KeyPress from None: t=214.6643178000013, value=a, duration=0.1035541999990528>
215.1568 	EXP 	LDT_stim_text: autoDraw = True
215.1652 	EXP 	LDT_fix_text: autoDraw = False
215.8911 	EXP 	Device response: <KeyPress from None: t=215.8879648000002, value=a, duration=None>
215.8914 	EXP 	New trial (rep=0, index=152): <Trial 152 (152 in rep 0) data={'Task': 'LDT', 'TrialType': 'Target', 'Stimuli': 'frow', 'StimulusType': 'nonword', 'CorrectResponse': 'a', 'Trialnumb': 142, 'thisN': 152, 'thisTrialN': 152, 'thisRepN': 0}>
215.8992 	EXP 	LDT_fix_text: autoDraw = False
215.8992 	EXP 	LDT_stim_text: autoDraw = False
215.8992 	EXP 	LDT_break_text: autoDraw = False
215.8992 	EXP 	LDT_stim_text: height = np.float64(0.1)
215.8992 	EXP 	LDT_stim_text: height = np.float64(0.1)
215.8992 	EXP 	LDT_stim_text: height = np.float64(0.1)
215.8992 	EXP 	LDT_stim_text: text = 'frow'
215.8992 	EXP 	LDT_fix_text: autoDraw = True
215.8997 	DATA 	Keypress: a
216.0079 	EXP 	Device response: <KeyPress from None: t=215.8879648000002, value=a, duration=0.11240320000069914>
216.3830 	EXP 	LDT_stim_text: autoDraw = True
216.3914 	EXP 	LDT_fix_text: autoDraw = False
216.9338 	EXP 	Device response: <KeyPress from None: t=216.92895020000105, value=a, duration=None>
216.9341 	EXP 	New trial (rep=0, index=153): <Trial 153 (153 in rep 0) data={'Task': 'LDT', 'TrialType': 'Target', 'Stimuli': 'still', 'StimulusType': 'word', 'CorrectResponse': 'l', 'Trialnumb': 14, 'thisN': 153, 'thisTrialN': 153, 'thisRepN': 0}>
216.9419 	EXP 	LDT_fix_text: autoDraw = False
216.9419 	EXP 	LDT_stim_text: autoDraw = False
216.9419 	EXP 	LDT_break_text: autoDraw = False
216.9419 	EXP 	LDT_stim_text: height = np.float64(0.1)
216.9419 	EXP 	LDT_stim_text: height = np.float64(0.1)
216.9419 	EXP 	LDT_stim_text: height = np.float64(0.1)
216.9419 	EXP 	LDT_stim_text: text = 'still'
216.9419 	EXP 	LDT_fix_text: autoDraw = True
216.9424 	DATA 	Keypress: a
217.0589 	EXP 	Device response: <KeyPress from None: t=216.92895020000105, value=a, duration=0.12702299999909883>
217.4257 	EXP 	LDT_stim_text: autoDraw = True
217.4341 	EXP 	LDT_fix_text: autoDraw = False
217.9933 	EXP 	Device response: <KeyPress from None: t=217.99219560000165, value=l, duration=None>
217.9935 	EXP 	New trial (rep=0, index=154): <Trial 154 (154 in rep 0) data={'Task': 'LDT', 'TrialType': 'Target', 'Stimuli': 'talm', 'StimulusType': 'nonword', 'CorrectResponse': 'a', 'Trialnumb': 202, 'thisN': 154, 'thisTrialN': 154, 'thisRepN': 0}>
218.0013 	EXP 	LDT_fix_text: autoDraw = False
218.0013 	EXP 	LDT_stim_text: autoDraw = False
218.0013 	EXP 	LDT_break_text: autoDraw = False
218.0013 	EXP 	LDT_stim_text: height = np.float64(0.1)
218.0013 	EXP 	LDT_stim_text: height = np.float64(0.1)
218.0013 	EXP 	LDT_stim_text: height = np.float64(0.1)
218.0013 	EXP 	LDT_stim_text: text = 'talm'
218.0013 	EXP 	LDT_fix_text: autoDraw = True
218.0018 	DATA 	Keypress: l
218.1266 	EXP 	Device response: <KeyPress from None: t=217.99219560000165, value=l, duration=0.12784839999949327>
218.4851 	EXP 	LDT_stim_text: autoDraw = True
218.4935 	EXP 	LDT_fix_text: autoDraw = False
219.1944 	EXP 	Device response: <KeyPress from None: t=219.19258310000077, value=a, duration=None>
219.1947 	EXP 	New trial (rep=0, index=155): <Trial 155 (155 in rep 0) data={'Task': 'LDT', 'TrialType': 'Target', 'Stimuli': 'cled', 'StimulusType': 'nonword', 'CorrectResponse': 'a', 'Trialnumb': 130, 'thisN': 155, 'thisTrialN': 155, 'thisRepN': 0}>
219.2025 	EXP 	LDT_fix_text: autoDraw = False
219.2025 	EXP 	LDT_stim_text: autoDraw = False
219.2025 	EXP 	LDT_break_text: autoDraw = False
219.2025 	EXP 	LDT_stim_text: height = np.float64(0.1)
219.2025 	EXP 	LDT_stim_text: height = np.float64(0.1)
219.2025 	EXP 	LDT_stim_text: height = np.float64(0.1)
219.2025 	EXP 	LDT_stim_text: text = 'cled'
219.2025 	EXP 	LDT_fix_text: autoDraw = True
219.2031 	DATA 	Keypress: a
219.3195 	EXP 	Device response: <KeyPress from None: t=219.19258310000077, value=a, duration=0.11935070000072301>
219.6863 	EXP 	LDT_stim_text: autoDraw = True
219.6946 	EXP 	LDT_fix_text: autoDraw = False
220.2204 	EXP 	Device response: <KeyPress from None: t=220.21596610000051, value=a, duration=None>
220.2207 	EXP 	New trial (rep=0, index=156): <Trial 156 (156 in rep 0) data={'Task': 'LDT', 'TrialType': 'Target', 'Stimuli': 'herl', 'StimulusType': 'nonword', 'CorrectResponse': 'a', 'Trialnumb': 152, 'thisN': 156, 'thisTrialN': 156, 'thisRepN': 0}>
220.2285 	EXP 	LDT_fix_text: autoDraw = False
220.2285 	EXP 	LDT_stim_text: autoDraw = False
220.2285 	EXP 	LDT_break_text: autoDraw = False
220.2285 	EXP 	LDT_stim_text: height = np.float64(0.1)
220.2285 	EXP 	LDT_stim_text: height = np.float64(0.1)
220.2285 	EXP 	LDT_stim_text: height = np.float64(0.1)
220.2285 	EXP 	LDT_stim_text: text = 'herl'
220.2285 	EXP 	LDT_fix_text: autoDraw = True
220.2290 	DATA 	Keypress: a
220.3205 	EXP 	Device response: <KeyPress from None: t=220.21596610000051, value=a, duration=0.1037185999994108>
220.7123 	EXP 	LDT_stim_text: autoDraw = True
220.7207 	EXP 	LDT_fix_text: autoDraw = False
221.2465 	EXP 	Device response: <KeyPress from None: t=221.24106820000088, value=a, duration=None>
221.2467 	EXP 	New trial (rep=0, index=157): <Trial 157 (157 in rep 0) data={'Task': 'LDT', 'TrialType': 'Target', 'Stimuli': 'colo', 'StimulusType': 'nonword', 'CorrectResponse': 'a', 'Trialnumb': 131, 'thisN': 157, 'thisTrialN': 157, 'thisRepN': 0}>
221.2545 	EXP 	LDT_fix_text: autoDraw = False
221.2545 	EXP 	LDT_stim_text: autoDraw = False
221.2545 	EXP 	LDT_break_text: autoDraw = False
221.2545 	EXP 	LDT_stim_text: height = np.float64(0.1)
221.2545 	EXP 	LDT_stim_text: height = np.float64(0.1)
221.2545 	EXP 	LDT_stim_text: height = np.float64(0.1)
221.2545 	EXP 	LDT_stim_text: text = 'colo'
221.2545 	EXP 	LDT_fix_text: autoDraw = True
221.2550 	DATA 	Keypress: a
221.4050 	EXP 	Device response: <KeyPress from None: t=221.24106820000088, value=a, duration=0.1583307999990211>
221.7384 	EXP 	LDT_stim_text: autoDraw = True
221.7467 	EXP 	LDT_fix_text: autoDraw = False
222.3059 	EXP 	Device response: <KeyPress from None: t=222.30428660000143, value=a, duration=None>
222.3061 	EXP 	New trial (rep=0, index=158): <Trial 158 (158 in rep 0) data={'Task': 'LDT', 'TrialType': 'Target', 'Stimuli': 'full', 'StimulusType': 'word', 'CorrectResponse': 'l', 'Trialnumb': 43, 'thisN': 158, 'thisTrialN': 158, 'thisRepN': 0}>
222.3139 	EXP 	LDT_fix_text: autoDraw = False
222.3139 	EXP 	LDT_stim_text: autoDraw = False
222.3139 	EXP 	LDT_break_text: autoDraw = False
222.3139 	EXP 	LDT_stim_text: height = np.float64(0.1)
222.3139 	EXP 	LDT_stim_text: height = np.float64(0.1)
222.3139 	EXP 	LDT_stim_text: height = np.float64(0.1)
222.3139 	EXP 	LDT_stim_text: text = 'full'
222.3139 	EXP 	LDT_fix_text: autoDraw = True
222.3144 	DATA 	Keypress: a
222.4476 	EXP 	Device response: <KeyPress from None: t=222.30428660000143, value=a, duration=0.13651709999976447>
222.7977 	EXP 	LDT_stim_text: autoDraw = True
222.8061 	EXP 	LDT_fix_text: autoDraw = False
223.3318 	EXP 	Device response: <KeyPress from None: t=223.3280459000016, value=l, duration=None>
223.3321 	EXP 	New trial (rep=0, index=159): <Trial 159 (159 in rep 0) data={'Task': 'LDT', 'TrialType': 'Target', 'Stimuli': 'water', 'StimulusType': 'word', 'CorrectResponse': 'l', 'Trialnumb': 3, 'thisN': 159, 'thisTrialN': 159, 'thisRepN': 0}>
223.3399 	EXP 	LDT_fix_text: autoDraw = False
223.3399 	EXP 	LDT_stim_text: autoDraw = False
223.3399 	EXP 	LDT_break_text: autoDraw = False
223.3399 	EXP 	LDT_stim_text: height = np.float64(0.1)
223.3399 	EXP 	LDT_stim_text: height = np.float64(0.1)
223.3399 	EXP 	LDT_stim_text: height = np.float64(0.1)
223.3399 	EXP 	LDT_stim_text: text = 'water'
223.3399 	EXP 	LDT_fix_text: autoDraw = True
223.3405 	DATA 	Keypress: l
223.3903 	EXP 	Device response: <KeyPress from None: t=223.3280459000016, value=l, duration=0.05543349999970815>
223.8238 	EXP 	LDT_stim_text: autoDraw = True
223.8321 	EXP 	LDT_fix_text: autoDraw = False
224.2828 	EXP 	Device response: <KeyPress from None: t=224.27966790000028, value=l, duration=None>
224.2831 	EXP 	New trial (rep=0, index=160): <Trial 160 (160 in rep 0) data={'Task': 'LDT', 'TrialType': 'Target', 'Stimuli': 'hide', 'StimulusType': 'word', 'CorrectResponse': 'l', 'Trialnumb': 68, 'thisN': 160, 'thisTrialN': 160, 'thisRepN': 0}>
224.2909 	EXP 	LDT_fix_text: autoDraw = False
224.2909 	EXP 	LDT_stim_text: autoDraw = False
224.2909 	EXP 	LDT_break_text: autoDraw = False
224.2909 	EXP 	LDT_stim_text: height = np.float64(0.1)
224.2909 	EXP 	LDT_stim_text: height = np.float64(0.1)
224.2909 	EXP 	LDT_stim_text: height = np.float64(0.1)
224.2909 	EXP 	LDT_stim_text: text = 'hide'
224.2909 	EXP 	LDT_fix_text: autoDraw = True
224.2914 	DATA 	Keypress: l
224.3996 	EXP 	Device response: <KeyPress from None: t=224.27966790000028, value=l, duration=0.11237450000044191>
224.7747 	EXP 	LDT_stim_text: autoDraw = True
224.7830 	EXP 	LDT_fix_text: autoDraw = False
225.2505 	EXP 	Device response: <KeyPress from None: t=225.24747920000118, value=l, duration=None>
225.2507 	EXP 	New trial (rep=0, index=161): <Trial 161 (161 in rep 0) data={'Task': 'LDT', 'TrialType': 'Target', 'Stimuli': 'area', 'StimulusType': 'word', 'CorrectResponse': 'l', 'Trialnumb': 49, 'thisN': 161, 'thisTrialN': 161, 'thisRepN': 0}>
225.2586 	EXP 	LDT_fix_text: autoDraw = False
225.2586 	EXP 	LDT_stim_text: autoDraw = False
225.2586 	EXP 	LDT_break_text: autoDraw = False
225.2586 	EXP 	LDT_stim_text: height = np.float64(0.1)
225.2586 	EXP 	LDT_stim_text: height = np.float64(0.1)
225.2586 	EXP 	LDT_stim_text: height = np.float64(0.1)
225.2586 	EXP 	LDT_stim_text: text = 'area'
225.2586 	EXP 	LDT_fix_text: autoDraw = True
225.2592 	DATA 	Keypress: l
225.3840 	EXP 	Device response: <KeyPress from None: t=225.24747920000118, value=l, duration=0.12933410000005097>
225.7423 	EXP 	LDT_stim_text: autoDraw = True
225.7507 	EXP 	LDT_fix_text: autoDraw = False
226.2432 	EXP 	Device response: <KeyPress from None: t=226.2397856000007, value=l, duration=None>
226.2434 	EXP 	New trial (rep=0, index=162): <Trial 162 (162 in rep 0) data={'Task': 'LDT', 'TrialType': 'Target', 'Stimuli': 'hard', 'StimulusType': 'word', 'CorrectResponse': 'l', 'Trialnumb': 22, 'thisN': 162, 'thisTrialN': 162, 'thisRepN': 0}>
226.2513 	EXP 	LDT_fix_text: autoDraw = False
226.2513 	EXP 	LDT_stim_text: autoDraw = False
226.2513 	EXP 	LDT_break_text: autoDraw = False
226.2513 	EXP 	LDT_stim_text: height = np.float64(0.1)
226.2513 	EXP 	LDT_stim_text: height = np.float64(0.1)
226.2513 	EXP 	LDT_stim_text: height = np.float64(0.1)
226.2513 	EXP 	LDT_stim_text: text = 'hard'
226.2513 	EXP 	LDT_fix_text: autoDraw = True
226.2518 	DATA 	Keypress: l
226.3682 	EXP 	Device response: <KeyPress from None: t=226.2397856000007, value=l, duration=0.1279859000005672>
226.7350 	EXP 	LDT_stim_text: autoDraw = True
226.7433 	EXP 	LDT_fix_text: autoDraw = False
227.8865 	EXP 	Device response: <KeyPress from None: t=227.88034049999987, value=a, duration=None>
227.8868 	EXP 	New trial (rep=0, index=163): <Trial 163 (163 in rep 0) data={'Task': 'LDT', 'TrialType': 'Target', 'Stimuli': 'vome', 'StimulusType': 'nonword', 'CorrectResponse': 'a', 'Trialnumb': 213, 'thisN': 163, 'thisTrialN': 163, 'thisRepN': 0}>
227.8945 	EXP 	LDT_fix_text: autoDraw = False
227.8945 	EXP 	LDT_stim_text: autoDraw = False
227.8945 	EXP 	LDT_break_text: autoDraw = False
227.8945 	EXP 	LDT_stim_text: height = np.float64(0.1)
227.8945 	EXP 	LDT_stim_text: height = np.float64(0.1)
227.8945 	EXP 	LDT_stim_text: height = np.float64(0.1)
227.8945 	EXP 	LDT_stim_text: text = 'vome'
227.8945 	EXP 	LDT_fix_text: autoDraw = True
227.8952 	DATA 	Keypress: a
227.9783 	EXP 	Device response: <KeyPress from None: t=227.88034049999987, value=a, duration=0.09511620000012044>
228.3784 	EXP 	LDT_stim_text: autoDraw = True
228.3866 	EXP 	LDT_fix_text: autoDraw = False
229.1627 	EXP 	Device response: <KeyPress from None: t=229.1594911000011, value=a, duration=None>
229.1629 	EXP 	New trial (rep=0, index=164): <Trial 164 (164 in rep 0) data={'Task': 'LDT', 'TrialType': 'Target', 'Stimuli': 'mears', 'StimulusType': 'nonword', 'CorrectResponse': 'a', 'Trialnumb': 172, 'thisN': 164, 'thisTrialN': 164, 'thisRepN': 0}>
229.1708 	EXP 	LDT_fix_text: autoDraw = False
229.1708 	EXP 	LDT_stim_text: autoDraw = False
229.1708 	EXP 	LDT_break_text: autoDraw = False
229.1708 	EXP 	LDT_stim_text: height = np.float64(0.1)
229.1708 	EXP 	LDT_stim_text: height = np.float64(0.1)
229.1708 	EXP 	LDT_stim_text: height = np.float64(0.1)
229.1708 	EXP 	LDT_stim_text: text = 'mears'
229.1708 	EXP 	LDT_fix_text: autoDraw = True
229.1714 	DATA 	Keypress: a
229.2962 	EXP 	Device response: <KeyPress from None: t=229.1594911000011, value=a, duration=0.13634429999910935>
229.6546 	EXP 	LDT_stim_text: autoDraw = True
229.6629 	EXP 	LDT_fix_text: autoDraw = False
230.5975 	EXP 	Device response: <KeyPress from None: t=230.5919001000002, value=a, duration=None>
230.5977 	EXP 	New trial (rep=0, index=165): <Trial 165 (165 in rep 0) data={'Task': 'LDT', 'TrialType': 'Target', 'Stimuli': 'brone', 'StimulusType': 'nonword', 'CorrectResponse': 'a', 'Trialnumb': 125, 'thisN': 165, 'thisTrialN': 165, 'thisRepN': 0}>
230.6055 	EXP 	LDT_fix_text: autoDraw = False
230.6055 	EXP 	LDT_stim_text: autoDraw = False
230.6055 	EXP 	LDT_break_text: autoDraw = False
230.6055 	EXP 	LDT_stim_text: height = np.float64(0.1)
230.6055 	EXP 	LDT_stim_text: height = np.float64(0.1)
230.6055 	EXP 	LDT_stim_text: height = np.float64(0.1)
230.6055 	EXP 	LDT_stim_text: text = 'brone'
230.6055 	EXP 	LDT_fix_text: autoDraw = True
230.6060 	DATA 	Keypress: a
230.7144 	EXP 	Device response: <KeyPress from None: t=230.5919001000002, value=a, duration=0.12024160000146367>
231.0893 	EXP 	LDT_stim_text: autoDraw = True
231.0977 	EXP 	LDT_fix_text: autoDraw = False
231.9071 	EXP 	Device response: <KeyPress from None: t=231.90417330000128, value=a, duration=None>
231.9074 	EXP 	New trial (rep=0, index=166): <Trial 166 (166 in rep 0) data={'Task': 'LDT', 'TrialType': 'Target', 'Stimuli': 'juck', 'StimulusType': 'nonword', 'CorrectResponse': 'a', 'Trialnumb': 161, 'thisN': 166, 'thisTrialN': 166, 'thisRepN': 0}>
231.9152 	EXP 	LDT_fix_text: autoDraw = False
231.9152 	EXP 	LDT_stim_text: autoDraw = False
231.9152 	EXP 	LDT_break_text: autoDraw = False
231.9152 	EXP 	LDT_stim_text: height = np.float64(0.1)
231.9152 	EXP 	LDT_stim_text: height = np.float64(0.1)
231.9152 	EXP 	LDT_stim_text: height = np.float64(0.1)
231.9152 	EXP 	LDT_stim_text: text = 'juck'
231.9152 	EXP 	LDT_fix_text: autoDraw = True
231.9157 	DATA 	Keypress: a
232.0239 	EXP 	Device response: <KeyPress from None: t=231.90417330000128, value=a, duration=0.11153589999958058>
232.3990 	EXP 	LDT_stim_text: autoDraw = True
232.4073 	EXP 	LDT_fix_text: autoDraw = False
232.8830 	EXP 	Device response: <KeyPress from None: t=232.87971450000077, value=l, duration=None>
232.8832 	EXP 	New trial (rep=0, index=167): <Trial 167 (167 in rep 0) data={'Task': 'LDT', 'TrialType': 'Target', 'Stimuli': 'stop', 'StimulusType': 'word', 'CorrectResponse': 'l', 'Trialnumb': 44, 'thisN': 167, 'thisTrialN': 167, 'thisRepN': 0}>
232.8911 	EXP 	LDT_fix_text: autoDraw = False
232.8911 	EXP 	LDT_stim_text: autoDraw = False
232.8911 	EXP 	LDT_break_text: autoDraw = False
232.8911 	EXP 	LDT_stim_text: height = np.float64(0.1)
232.8911 	EXP 	LDT_stim_text: height = np.float64(0.1)
232.8911 	EXP 	LDT_stim_text: height = np.float64(0.1)
232.8911 	EXP 	LDT_stim_text: text = 'stop'
232.8911 	EXP 	LDT_fix_text: autoDraw = True
232.8917 	DATA 	Keypress: l
232.9998 	EXP 	Device response: <KeyPress from None: t=232.87971450000077, value=l, duration=0.11176359999990382>
233.3749 	EXP 	LDT_stim_text: autoDraw = True
233.3833 	EXP 	LDT_fix_text: autoDraw = False
233.8507 	EXP 	Device response: <KeyPress from None: t=233.8476150000006, value=l, duration=None>
233.8509 	EXP 	New trial (rep=0, index=168): <Trial 168 (168 in rep 0) data={'Task': 'LDT', 'TrialType': 'Target', 'Stimuli': 'cean', 'StimulusType': 'nonword', 'CorrectResponse': 'a', 'Trialnumb': 126, 'thisN': 168, 'thisTrialN': 168, 'thisRepN': 0}>
233.8587 	EXP 	LDT_fix_text: autoDraw = False
233.8587 	EXP 	LDT_stim_text: autoDraw = False
233.8587 	EXP 	LDT_break_text: autoDraw = False
233.8587 	EXP 	LDT_stim_text: height = np.float64(0.1)
233.8587 	EXP 	LDT_stim_text: height = np.float64(0.1)
233.8587 	EXP 	LDT_stim_text: height = np.float64(0.1)
233.8587 	EXP 	LDT_stim_text: text = 'cean'
233.8587 	EXP 	LDT_fix_text: autoDraw = True
233.8593 	DATA 	Keypress: l
233.9675 	EXP 	Device response: <KeyPress from None: t=233.8476150000006, value=l, duration=0.1121975999994902>
234.3425 	EXP 	LDT_stim_text: autoDraw = True
234.3509 	EXP 	LDT_fix_text: autoDraw = False
234.9768 	EXP 	Device response: <KeyPress from None: t=234.9755954000011, value=a, duration=None>
234.9771 	EXP 	New trial (rep=0, index=169): <Trial 169 (169 in rep 0) data={'Task': 'LDT', 'TrialType': 'Target', 'Stimuli': 'space', 'StimulusType': 'word', 'CorrectResponse': 'l', 'Trialnumb': 30, 'thisN': 169, 'thisTrialN': 169, 'thisRepN': 0}>
234.9850 	EXP 	LDT_fix_text: autoDraw = False
234.9850 	EXP 	LDT_stim_text: autoDraw = False
234.9850 	EXP 	LDT_break_text: autoDraw = False
234.9850 	EXP 	LDT_stim_text: height = np.float64(0.1)
234.9850 	EXP 	LDT_stim_text: height = np.float64(0.1)
234.9850 	EXP 	LDT_stim_text: height = np.float64(0.1)
234.9850 	EXP 	LDT_stim_text: text = 'space'
234.9850 	EXP 	LDT_fix_text: autoDraw = True
234.9855 	DATA 	Keypress: a
235.1187 	EXP 	Device response: <KeyPress from None: t=234.9755954000011, value=a, duration=0.13641099999949802>
235.4687 	EXP 	LDT_stim_text: autoDraw = True
235.4770 	EXP 	LDT_fix_text: autoDraw = False
236.0196 	EXP 	Device response: <KeyPress from None: t=236.01693590000104, value=l, duration=None>
236.0198 	EXP 	New trial (rep=0, index=170): <Trial 170 (170 in rep 0) data={'Task': 'LDT', 'TrialType': 'Target', 'Stimuli': 'mutch', 'StimulusType': 'nonword', 'CorrectResponse': 'a', 'Trialnumb': 175, 'thisN': 170, 'thisTrialN': 170, 'thisRepN': 0}>
236.0276 	EXP 	LDT_fix_text: autoDraw = False
236.0276 	EXP 	LDT_stim_text: autoDraw = False
236.0276 	EXP 	LDT_break_text: autoDraw = False
236.0276 	EXP 	LDT_stim_text: height = np.float64(0.1)
236.0276 	EXP 	LDT_stim_text: height = np.float64(0.1)
236.0276 	EXP 	LDT_stim_text: height = np.float64(0.1)
236.0276 	EXP 	LDT_stim_text: text = 'mutch'
236.0276 	EXP 	LDT_fix_text: autoDraw = True
236.0281 	DATA 	Keypress: l
236.1282 	EXP 	Device response: <KeyPress from None: t=236.01693590000104, value=l, duration=0.11069909999969241>
236.5114 	EXP 	LDT_stim_text: autoDraw = True
236.5197 	EXP 	LDT_fix_text: autoDraw = False
237.1957 	EXP 	Device response: <KeyPress from None: t=237.1920252, value=a, duration=None>
237.1959 	EXP 	New trial (rep=0, index=171): <Trial 171 (171 in rep 0) data={'Task': 'LDT', 'TrialType': 'Target', 'Stimuli': 'hork', 'StimulusType': 'nonword', 'CorrectResponse': 'a', 'Trialnumb': 156, 'thisN': 171, 'thisTrialN': 171, 'thisRepN': 0}>
237.2037 	EXP 	LDT_fix_text: autoDraw = False
237.2037 	EXP 	LDT_stim_text: autoDraw = False
237.2037 	EXP 	LDT_break_text: autoDraw = False
237.2037 	EXP 	LDT_stim_text: height = np.float64(0.1)
237.2037 	EXP 	LDT_stim_text: height = np.float64(0.1)
237.2037 	EXP 	LDT_stim_text: height = np.float64(0.1)
237.2037 	EXP 	LDT_stim_text: text = 'hork'
237.2037 	EXP 	LDT_fix_text: autoDraw = True
237.2043 	DATA 	Keypress: a
237.3292 	EXP 	Device response: <KeyPress from None: t=237.1920252, value=a, duration=0.1354886000008264>
237.6876 	EXP 	LDT_stim_text: autoDraw = True
237.6960 	EXP 	LDT_fix_text: autoDraw = False
238.2384 	EXP 	Device response: <KeyPress from None: t=238.23196820000157, value=l, duration=None>
238.2387 	EXP 	New trial (rep=0, index=172): <Trial 172 (172 in rep 0) data={'Task': 'LDT', 'TrialType': 'Target', 'Stimuli': 'gips', 'StimulusType': 'nonword', 'CorrectResponse': 'a', 'Trialnumb': 147, 'thisN': 172, 'thisTrialN': 172, 'thisRepN': 0}>
238.2465 	EXP 	LDT_fix_text: autoDraw = False
238.2465 	EXP 	LDT_stim_text: autoDraw = False
238.2465 	EXP 	LDT_break_text: autoDraw = False
238.2465 	EXP 	LDT_stim_text: height = np.float64(0.1)
238.2465 	EXP 	LDT_stim_text: height = np.float64(0.1)
238.2465 	EXP 	LDT_stim_text: height = np.float64(0.1)
238.2465 	EXP 	LDT_stim_text: text = 'gips'
238.2465 	EXP 	LDT_fix_text: autoDraw = True
238.2471 	DATA 	Keypress: l
238.3469 	EXP 	Device response: <KeyPress from None: t=238.23196820000157, value=l, duration=0.1118876000000455>
238.7302 	EXP 	LDT_stim_text: autoDraw = True
238.7386 	EXP 	LDT_fix_text: autoDraw = False
239.2561 	EXP 	Device response: <KeyPress from None: t=239.2555697000007, value=a, duration=None>
239.2564 	EXP 	New trial (rep=0, index=173): <Trial 173 (173 in rep 0) data={'Task': 'LDT', 'TrialType': 'Target', 'Stimuli': 'ient', 'StimulusType': 'nonword', 'CorrectResponse': 'a', 'Trialnumb': 157, 'thisN': 173, 'thisTrialN': 173, 'thisRepN': 0}>
239.2641 	EXP 	LDT_fix_text: autoDraw = False
239.2641 	EXP 	LDT_stim_text: autoDraw = False
239.2641 	EXP 	LDT_break_text: autoDraw = False
239.2641 	EXP 	LDT_stim_text: height = np.float64(0.1)
239.2641 	EXP 	LDT_stim_text: height = np.float64(0.1)
239.2641 	EXP 	LDT_stim_text: height = np.float64(0.1)
239.2641 	EXP 	LDT_stim_text: text = 'ient'
239.2641 	EXP 	LDT_fix_text: autoDraw = True
239.2647 	DATA 	Keypress: a
239.3646 	EXP 	Device response: <KeyPress from None: t=239.2555697000007, value=a, duration=0.10411919999933161>
239.7479 	EXP 	LDT_stim_text: autoDraw = True
239.7563 	EXP 	LDT_fix_text: autoDraw = False
240.2321 	EXP 	Device response: <KeyPress from None: t=240.22426270000142, value=a, duration=None>
240.2323 	EXP 	New trial (rep=0, index=174): <Trial 174 (174 in rep 0) data={'Task': 'LDT', 'TrialType': 'Target', 'Stimuli': 'trag', 'StimulusType': 'nonword', 'CorrectResponse': 'a', 'Trialnumb': 205, 'thisN': 174, 'thisTrialN': 174, 'thisRepN': 0}>
240.2401 	EXP 	LDT_fix_text: autoDraw = False
240.2401 	EXP 	LDT_stim_text: autoDraw = False
240.2401 	EXP 	LDT_break_text: autoDraw = False
240.2401 	EXP 	LDT_stim_text: height = np.float64(0.1)
240.2401 	EXP 	LDT_stim_text: height = np.float64(0.1)
240.2401 	EXP 	LDT_stim_text: height = np.float64(0.1)
240.2401 	EXP 	LDT_stim_text: text = 'trag'
240.2401 	EXP 	LDT_fix_text: autoDraw = True
240.2407 	DATA 	Keypress: a
240.3155 	EXP 	Device response: <KeyPress from None: t=240.22426270000142, value=a, duration=0.08714179999878979>
240.7239 	EXP 	LDT_stim_text: autoDraw = True
240.7322 	EXP 	LDT_fix_text: autoDraw = False
241.3917 	EXP 	Device response: <KeyPress from None: t=241.3835532000012, value=a, duration=None>
241.3919 	EXP 	New trial (rep=0, index=175): <Trial 175 (175 in rep 0) data={'Task': 'LDT', 'TrialType': 'Target', 'Stimuli': 'data', 'StimulusType': 'word', 'CorrectResponse': 'l', 'Trialnumb': 41, 'thisN': 175, 'thisTrialN': 175, 'thisRepN': 0}>
241.3996 	EXP 	LDT_fix_text: autoDraw = False
241.3996 	EXP 	LDT_stim_text: autoDraw = False
241.3996 	EXP 	LDT_break_text: autoDraw = False
241.3996 	EXP 	LDT_stim_text: height = np.float64(0.1)
241.3996 	EXP 	LDT_stim_text: height = np.float64(0.1)
241.3996 	EXP 	LDT_stim_text: height = np.float64(0.1)
241.3996 	EXP 	LDT_stim_text: text = 'data'
241.3996 	EXP 	LDT_fix_text: autoDraw = True
241.4001 	DATA 	Keypress: a
241.5667 	EXP 	Device response: <KeyPress from None: t=241.3835532000012, value=a, duration=0.1768155999998271>
241.8834 	EXP 	LDT_stim_text: autoDraw = True
241.8917 	EXP 	LDT_fix_text: autoDraw = False
242.3843 	EXP 	Device response: <KeyPress from None: t=242.37601840000025, value=l, duration=None>
242.3846 	EXP 	New trial (rep=0, index=176): <Trial 176 (176 in rep 0) data={'Task': 'LDT', 'TrialType': 'Target', 'Stimuli': 'rees', 'StimulusType': 'nonword', 'CorrectResponse': 'a', 'Trialnumb': 184, 'thisN': 176, 'thisTrialN': 176, 'thisRepN': 0}>
242.3922 	EXP 	LDT_fix_text: autoDraw = False
242.3922 	EXP 	LDT_stim_text: autoDraw = False
242.3922 	EXP 	LDT_break_text: autoDraw = False
242.3922 	EXP 	LDT_stim_text: height = np.float64(0.1)
242.3922 	EXP 	LDT_stim_text: height = np.float64(0.1)
242.3922 	EXP 	LDT_stim_text: height = np.float64(0.1)
242.3922 	EXP 	LDT_stim_text: text = 'rees'
242.3922 	EXP 	LDT_fix_text: autoDraw = True
242.3929 	DATA 	Keypress: l
242.4843 	EXP 	Device response: <KeyPress from None: t=242.37601840000025, value=l, duration=0.10460620000048948>
242.8761 	EXP 	LDT_stim_text: autoDraw = True
242.8844 	EXP 	LDT_fix_text: autoDraw = False
243.4353 	EXP 	Device response: <KeyPress from None: t=243.43201039999985, value=a, duration=None>
243.4355 	EXP 	New trial (rep=0, index=177): <Trial 177 (177 in rep 0) data={'Task': 'LDT', 'TrialType': 'Target', 'Stimuli': 'haro', 'StimulusType': 'nonword', 'CorrectResponse': 'a', 'Trialnumb': 150, 'thisN': 177, 'thisTrialN': 177, 'thisRepN': 0}>
243.4433 	EXP 	LDT_fix_text: autoDraw = False
243.4433 	EXP 	LDT_stim_text: autoDraw = False
243.4433 	EXP 	LDT_break_text: autoDraw = False
243.4433 	EXP 	LDT_stim_text: height = np.float64(0.1)
243.4433 	EXP 	LDT_stim_text: height = np.float64(0.1)
243.4433 	EXP 	LDT_stim_text: height = np.float64(0.1)
243.4433 	EXP 	LDT_stim_text: text = 'haro'
243.4433 	EXP 	LDT_fix_text: autoDraw = True
243.4438 	DATA 	Keypress: a
243.5438 	EXP 	Device response: <KeyPress from None: t=243.43201039999985, value=a, duration=0.10351970000010624>
243.9271 	EXP 	LDT_stim_text: autoDraw = True
243.9354 	EXP 	LDT_fix_text: autoDraw = False
244.4530 	EXP 	Device response: <KeyPress from None: t=244.4477865000008, value=a, duration=None>
244.4533 	EXP 	New trial (rep=0, index=178): <Trial 178 (178 in rep 0) data={'Task': 'LDT', 'TrialType': 'Target', 'Stimuli': 'price', 'StimulusType': 'word', 'CorrectResponse': 'l', 'Trialnumb': 52, 'thisN': 178, 'thisTrialN': 178, 'thisRepN': 0}>
244.4610 	EXP 	LDT_fix_text: autoDraw = False
244.4610 	EXP 	LDT_stim_text: autoDraw = False
244.4610 	EXP 	LDT_break_text: autoDraw = False
244.4610 	EXP 	LDT_stim_text: height = np.float64(0.1)
244.4610 	EXP 	LDT_stim_text: height = np.float64(0.1)
244.4610 	EXP 	LDT_stim_text: height = np.float64(0.1)
244.4610 	EXP 	LDT_stim_text: text = 'price'
244.4610 	EXP 	LDT_fix_text: autoDraw = True
244.4615 	DATA 	Keypress: a
244.5531 	EXP 	Device response: <KeyPress from None: t=244.4477865000008, value=a, duration=0.10408230000030017>
244.9448 	EXP 	LDT_stim_text: autoDraw = True
244.9531 	EXP 	LDT_fix_text: autoDraw = False
245.5207 	EXP 	Device response: <KeyPress from None: t=245.52023760000156, value=l, duration=None>
245.5209 	EXP 	New trial (rep=0, index=179): <Trial 179 (179 in rep 0) data={'Task': 'LDT', 'TrialType': 'Target', 'Stimuli': 'pair', 'StimulusType': 'word', 'CorrectResponse': 'l', 'Trialnumb': 81, 'thisN': 179, 'thisTrialN': 179, 'thisRepN': 0}>
245.5287 	EXP 	LDT_fix_text: autoDraw = False
245.5287 	EXP 	LDT_stim_text: autoDraw = False
245.5287 	EXP 	LDT_break_text: autoDraw = False
245.5287 	EXP 	LDT_stim_text: height = np.float64(0.1)
245.5287 	EXP 	LDT_stim_text: height = np.float64(0.1)
245.5287 	EXP 	LDT_stim_text: height = np.float64(0.1)
245.5287 	EXP 	LDT_stim_text: text = 'pair'
245.5287 	EXP 	LDT_fix_text: autoDraw = True
245.5292 	DATA 	Keypress: l
245.6209 	EXP 	Device response: <KeyPress from None: t=245.52023760000156, value=l, duration=0.09554019999995944>
246.0125 	EXP 	LDT_stim_text: autoDraw = True
246.0208 	EXP 	LDT_fix_text: autoDraw = False
246.5384 	EXP 	Device response: <KeyPress from None: t=246.53607770000053, value=l, duration=None>
246.5386 	EXP 	New trial (rep=0, index=180): <Trial 180 (180 in rep 0) data={'Task': 'LDT', 'TrialType': 'Target', 'Stimuli': 'few', 'StimulusType': 'word', 'CorrectResponse': 'l', 'Trialnumb': 18, 'thisN': 180, 'thisTrialN': 180, 'thisRepN': 0}>
246.5464 	EXP 	LDT_fix_text: autoDraw = False
246.5464 	EXP 	LDT_stim_text: autoDraw = False
246.5464 	EXP 	LDT_break_text: autoDraw = False
246.5464 	EXP 	LDT_stim_text: height = np.float64(0.1)
246.5464 	EXP 	LDT_stim_text: height = np.float64(0.1)
246.5464 	EXP 	LDT_stim_text: height = np.float64(0.1)
246.5464 	EXP 	LDT_stim_text: text = 'few'
246.5464 	EXP 	LDT_fix_text: autoDraw = True
246.5469 	DATA 	Keypress: l
246.6300 	EXP 	Device response: <KeyPress from None: t=246.53607770000053, value=l, duration=0.0880364999993617>
247.0302 	EXP 	LDT_stim_text: autoDraw = True
247.0385 	EXP 	LDT_fix_text: autoDraw = False
247.5727 	EXP 	Device response: <KeyPress from None: t=247.5680957000004, value=l, duration=None>
247.5729 	EXP 	New trial (rep=0, index=181): <Trial 181 (181 in rep 0) data={'Task': 'LDT', 'TrialType': 'Target', 'Stimuli': 'sloy', 'StimulusType': 'nonword', 'CorrectResponse': 'a', 'Trialnumb': 194, 'thisN': 181, 'thisTrialN': 181, 'thisRepN': 0}>
247.5807 	EXP 	LDT_fix_text: autoDraw = False
247.5807 	EXP 	LDT_stim_text: autoDraw = False
247.5807 	EXP 	LDT_break_text: autoDraw = False
247.5807 	EXP 	LDT_stim_text: height = np.float64(0.1)
247.5807 	EXP 	LDT_stim_text: height = np.float64(0.1)
247.5807 	EXP 	LDT_stim_text: height = np.float64(0.1)
247.5807 	EXP 	LDT_stim_text: text = 'sloy'
247.5807 	EXP 	LDT_fix_text: autoDraw = True
247.5812 	DATA 	Keypress: l
247.6477 	EXP 	Device response: <KeyPress from None: t=247.5680957000004, value=l, duration=0.07161149999956251>
248.0646 	EXP 	LDT_stim_text: autoDraw = True
248.0729 	EXP 	LDT_fix_text: autoDraw = False
248.6655 	EXP 	Device response: <KeyPress from None: t=248.66470420000041, value=a, duration=None>
248.6657 	EXP 	New trial (rep=0, index=182): <Trial 182 (182 in rep 0) data={'Task': 'LDT', 'TrialType': 'Target', 'Stimuli': 'fump', 'StimulusType': 'nonword', 'CorrectResponse': 'a', 'Trialnumb': 143, 'thisN': 182, 'thisTrialN': 182, 'thisRepN': 0}>
248.6735 	EXP 	LDT_fix_text: autoDraw = False
248.6735 	EXP 	LDT_stim_text: autoDraw = False
248.6735 	EXP 	LDT_break_text: autoDraw = False
248.6735 	EXP 	LDT_stim_text: height = np.float64(0.1)
248.6735 	EXP 	LDT_stim_text: height = np.float64(0.1)
248.6735 	EXP 	LDT_stim_text: height = np.float64(0.1)
248.6735 	EXP 	LDT_stim_text: text = 'fump'
248.6735 	EXP 	LDT_fix_text: autoDraw = True
248.6741 	DATA 	Keypress: a
248.7406 	EXP 	Device response: <KeyPress from None: t=248.66470420000041, value=a, duration=0.07101809999949182>
249.1574 	EXP 	LDT_stim_text: autoDraw = True
249.1657 	EXP 	LDT_fix_text: autoDraw = False
249.6999 	EXP 	Device response: <KeyPress from None: t=249.6960127000002, value=a, duration=None>
249.7001 	EXP 	New trial (rep=0, index=183): <Trial 183 (183 in rep 0) data={'Task': 'LDT', 'TrialType': 'Target', 'Stimuli': 'beah', 'StimulusType': 'nonword', 'CorrectResponse': 'a', 'Trialnumb': 119, 'thisN': 183, 'thisTrialN': 183, 'thisRepN': 0}>
249.7079 	EXP 	LDT_fix_text: autoDraw = False
249.7079 	EXP 	LDT_stim_text: autoDraw = False
249.7079 	EXP 	LDT_break_text: autoDraw = False
249.7079 	EXP 	LDT_stim_text: height = np.float64(0.1)
249.7079 	EXP 	LDT_stim_text: height = np.float64(0.1)
249.7079 	EXP 	LDT_stim_text: height = np.float64(0.1)
249.7079 	EXP 	LDT_stim_text: text = 'beah'
249.7079 	EXP 	LDT_fix_text: autoDraw = True
249.7084 	DATA 	Keypress: a
249.7999 	EXP 	Device response: <KeyPress from None: t=249.6960127000002, value=a, duration=0.09597480000047653>
250.1917 	EXP 	LDT_stim_text: autoDraw = True
250.2000 	EXP 	LDT_fix_text: autoDraw = False
250.8176 	EXP 	Device response: <KeyPress from None: t=250.81629180000164, value=a, duration=None>
250.8179 	EXP 	New trial (rep=0, index=184): <Trial 184 (184 in rep 0) data={'Task': 'LDT', 'TrialType': 'Target', 'Stimuli': 'boom', 'StimulusType': 'word', 'CorrectResponse': 'l', 'Trialnumb': 96, 'thisN': 184, 'thisTrialN': 184, 'thisRepN': 0}>
250.8256 	EXP 	LDT_fix_text: autoDraw = False
250.8256 	EXP 	LDT_stim_text: autoDraw = False
250.8256 	EXP 	LDT_break_text: autoDraw = False
250.8256 	EXP 	LDT_stim_text: height = np.float64(0.1)
250.8256 	EXP 	LDT_stim_text: height = np.float64(0.1)
250.8256 	EXP 	LDT_stim_text: height = np.float64(0.1)
250.8256 	EXP 	LDT_stim_text: text = 'boom'
250.8256 	EXP 	LDT_fix_text: autoDraw = True
250.8262 	DATA 	Keypress: a
250.9344 	EXP 	Device response: <KeyPress from None: t=250.81629180000164, value=a, duration=0.11120039999877918>
251.3094 	EXP 	LDT_stim_text: autoDraw = True
251.3178 	EXP 	LDT_fix_text: autoDraw = False
251.8353 	EXP 	Device response: <KeyPress from None: t=251.83228899999995, value=l, duration=None>
251.8355 	EXP 	New trial (rep=0, index=185): <Trial 185 (185 in rep 0) data={'Task': 'LDT', 'TrialType': 'Target', 'Stimuli': 'stip', 'StimulusType': 'nonword', 'CorrectResponse': 'a', 'Trialnumb': 200, 'thisN': 185, 'thisTrialN': 185, 'thisRepN': 0}>
251.8434 	EXP 	LDT_fix_text: autoDraw = False
251.8434 	EXP 	LDT_stim_text: autoDraw = False
251.8434 	EXP 	LDT_break_text: autoDraw = False
251.8434 	EXP 	LDT_stim_text: height = np.float64(0.1)
251.8434 	EXP 	LDT_stim_text: height = np.float64(0.1)
251.8434 	EXP 	LDT_stim_text: height = np.float64(0.1)
251.8434 	EXP 	LDT_stim_text: text = 'stip'
251.8434 	EXP 	LDT_fix_text: autoDraw = True
251.8439 	DATA 	Keypress: l
251.9437 	EXP 	Device response: <KeyPress from None: t=251.83228899999995, value=l, duration=0.10379610000018147>
252.3271 	EXP 	LDT_stim_text: autoDraw = True
252.3355 	EXP 	LDT_fix_text: autoDraw = False
252.9114 	EXP 	Device response: <KeyPress from None: t=252.90417980000166, value=l, duration=None>
252.9116 	EXP 	New trial (rep=0, index=186): <Trial 186 (186 in rep 0) data={'Task': 'LDT', 'TrialType': 'Target', 'Stimuli': 'kang', 'StimulusType': 'nonword', 'CorrectResponse': 'a', 'Trialnumb': 162, 'thisN': 186, 'thisTrialN': 186, 'thisRepN': 0}>
252.9194 	EXP 	LDT_fix_text: autoDraw = False
252.9194 	EXP 	LDT_stim_text: autoDraw = False
252.9194 	EXP 	LDT_break_text: autoDraw = False
252.9194 	EXP 	LDT_stim_text: height = np.float64(0.1)
252.9194 	EXP 	LDT_stim_text: height = np.float64(0.1)
252.9194 	EXP 	LDT_stim_text: height = np.float64(0.1)
252.9194 	EXP 	LDT_stim_text: text = 'kang'
252.9194 	EXP 	LDT_fix_text: autoDraw = True
252.9199 	DATA 	Keypress: l
253.0281 	EXP 	Device response: <KeyPress from None: t=252.90417980000166, value=l, duration=0.11944639999819628>
253.4032 	EXP 	LDT_stim_text: autoDraw = True
253.4116 	EXP 	LDT_fix_text: autoDraw = False
253.8873 	EXP 	Device response: <KeyPress from None: t=253.87941110000065, value=a, duration=None>
253.8876 	EXP 	New trial (rep=0, index=187): <Trial 187 (187 in rep 0) data={'Task': 'LDT', 'TrialType': 'Target', 'Stimuli': 'borm', 'StimulusType': 'nonword', 'CorrectResponse': 'a', 'Trialnumb': 124, 'thisN': 187, 'thisTrialN': 187, 'thisRepN': 0}>
253.8954 	EXP 	LDT_fix_text: autoDraw = False
253.8954 	EXP 	LDT_stim_text: autoDraw = False
253.8954 	EXP 	LDT_break_text: autoDraw = False
253.8954 	EXP 	LDT_stim_text: height = np.float64(0.1)
253.8954 	EXP 	LDT_stim_text: height = np.float64(0.1)
253.8954 	EXP 	LDT_stim_text: height = np.float64(0.1)
253.8954 	EXP 	LDT_stim_text: text = 'borm'
253.8954 	EXP 	LDT_fix_text: autoDraw = True
253.8958 	DATA 	Keypress: a
254.0042 	EXP 	Device response: <KeyPress from None: t=253.87941110000065, value=a, duration=0.12003759999970498>
254.3792 	EXP 	LDT_stim_text: autoDraw = True
254.3875 	EXP 	LDT_fix_text: autoDraw = False
254.9384 	EXP 	Device response: <KeyPress from None: t=254.93586900000082, value=a, duration=None>
254.9386 	EXP 	New trial (rep=0, index=188): <Trial 188 (188 in rep 0) data={'Task': 'LDT', 'TrialType': 'Target', 'Stimuli': 'chase', 'StimulusType': 'word', 'CorrectResponse': 'l', 'Trialnumb': 86, 'thisN': 188, 'thisTrialN': 188, 'thisRepN': 0}>
254.9464 	EXP 	LDT_fix_text: autoDraw = False
254.9464 	EXP 	LDT_stim_text: autoDraw = False
254.9464 	EXP 	LDT_break_text: autoDraw = False
254.9464 	EXP 	LDT_stim_text: height = np.float64(0.1)
254.9464 	EXP 	LDT_stim_text: height = np.float64(0.1)
254.9464 	EXP 	LDT_stim_text: height = np.float64(0.1)
254.9464 	EXP 	LDT_stim_text: text = 'chase'
254.9464 	EXP 	LDT_fix_text: autoDraw = True
254.9469 	DATA 	Keypress: a
255.0218 	EXP 	Device response: <KeyPress from None: t=254.93586900000082, value=a, duration=0.08013150000078895>
255.4303 	EXP 	LDT_stim_text: autoDraw = True
255.4386 	EXP 	LDT_fix_text: autoDraw = False
255.9812 	EXP 	Device response: <KeyPress from None: t=255.97591580000153, value=l, duration=None>
255.9815 	EXP 	New trial (rep=0, index=189): <Trial 189 (189 in rep 0) data={'Task': 'LDT', 'TrialType': 'Target', 'Stimuli': 'vour', 'StimulusType': 'nonword', 'CorrectResponse': 'a', 'Trialnumb': 214, 'thisN': 189, 'thisTrialN': 189, 'thisRepN': 0}>
255.9891 	EXP 	LDT_fix_text: autoDraw = False
255.9891 	EXP 	LDT_stim_text: autoDraw = False
255.9891 	EXP 	LDT_break_text: autoDraw = False
255.9891 	EXP 	LDT_stim_text: height = np.float64(0.1)
255.9891 	EXP 	LDT_stim_text: height = np.float64(0.1)
255.9891 	EXP 	LDT_stim_text: height = np.float64(0.1)
255.9891 	EXP 	LDT_stim_text: text = 'vour'
255.9891 	EXP 	LDT_fix_text: autoDraw = True
255.9897 	DATA 	Keypress: l
256.0895 	EXP 	Device response: <KeyPress from None: t=255.97591580000153, value=l, duration=0.11213799999859475>
256.4729 	EXP 	LDT_stim_text: autoDraw = True
256.4813 	EXP 	LDT_fix_text: autoDraw = False
257.0738 	EXP 	Device response: <KeyPress from None: t=257.07158810000146, value=a, duration=None>
257.0741 	EXP 	New trial (rep=0, index=190): <Trial 190 (190 in rep 0) data={'Task': 'LDT', 'TrialType': 'Target', 'Stimuli': 'yell', 'StimulusType': 'word', 'CorrectResponse': 'l', 'Trialnumb': 101, 'thisN': 190, 'thisTrialN': 190, 'thisRepN': 0}>
257.0819 	EXP 	LDT_fix_text: autoDraw = False
257.0819 	EXP 	LDT_stim_text: autoDraw = False
257.0819 	EXP 	LDT_break_text: autoDraw = False
257.0819 	EXP 	LDT_stim_text: height = np.float64(0.1)
257.0819 	EXP 	LDT_stim_text: height = np.float64(0.1)
257.0819 	EXP 	LDT_stim_text: height = np.float64(0.1)
257.0819 	EXP 	LDT_stim_text: text = 'yell'
257.0819 	EXP 	LDT_fix_text: autoDraw = True
257.0824 	DATA 	Keypress: a
257.1657 	EXP 	Device response: <KeyPress from None: t=257.07158810000146, value=a, duration=0.08793580000019574>
257.5657 	EXP 	LDT_stim_text: autoDraw = True
257.5740 	EXP 	LDT_fix_text: autoDraw = False
258.0999 	EXP 	Device response: <KeyPress from None: t=258.0971625000002, value=l, duration=None>
258.1001 	EXP 	New trial (rep=0, index=191): <Trial 191 (191 in rep 0) data={'Task': 'LDT', 'TrialType': 'Target', 'Stimuli': 'music', 'StimulusType': 'word', 'CorrectResponse': 'l', 'Trialnumb': 13, 'thisN': 191, 'thisTrialN': 191, 'thisRepN': 0}>
258.1079 	EXP 	LDT_fix_text: autoDraw = False
258.1079 	EXP 	LDT_stim_text: autoDraw = False
258.1079 	EXP 	LDT_break_text: autoDraw = False
258.1079 	EXP 	LDT_stim_text: height = np.float64(0.1)
258.1079 	EXP 	LDT_stim_text: height = np.float64(0.1)
258.1079 	EXP 	LDT_stim_text: height = np.float64(0.1)
258.1079 	EXP 	LDT_stim_text: text = 'music'
258.1079 	EXP 	LDT_fix_text: autoDraw = True
258.1084 	DATA 	Keypress: l
258.2166 	EXP 	Device response: <KeyPress from None: t=258.0971625000002, value=l, duration=0.11842559999968216>
258.5917 	EXP 	LDT_stim_text: autoDraw = True
258.6000 	EXP 	LDT_fix_text: autoDraw = False
259.0592 	EXP 	Device response: <KeyPress from None: t=259.0555978000011, value=l, duration=None>
259.0594 	EXP 	New trial (rep=0, index=192): <Trial 192 (192 in rep 0) data={'Task': 'LDT', 'TrialType': 'Target', 'Stimuli': 'seon', 'StimulusType': 'nonword', 'CorrectResponse': 'a', 'Trialnumb': 189, 'thisN': 192, 'thisTrialN': 192, 'thisRepN': 0}>
259.0673 	EXP 	LDT_fix_text: autoDraw = False
259.0673 	EXP 	LDT_stim_text: autoDraw = False
259.0673 	EXP 	LDT_break_text: autoDraw = False
259.0673 	EXP 	LDT_stim_text: height = np.float64(0.1)
259.0673 	EXP 	LDT_stim_text: height = np.float64(0.1)
259.0673 	EXP 	LDT_stim_text: height = np.float64(0.1)
259.0673 	EXP 	LDT_stim_text: text = 'seon'
259.0673 	EXP 	LDT_fix_text: autoDraw = True
259.0680 	DATA 	Keypress: l
259.1508 	EXP 	Device response: <KeyPress from None: t=259.0555978000011, value=l, duration=0.08788780000031693>
259.5510 	EXP 	LDT_stim_text: autoDraw = True
259.5593 	EXP 	LDT_fix_text: autoDraw = False
260.1520 	EXP 	Device response: <KeyPress from None: t=260.15155610000147, value=a, duration=None>
260.1522 	EXP 	New trial (rep=0, index=193): <Trial 193 (193 in rep 0) data={'Task': 'LDT', 'TrialType': 'Target', 'Stimuli': 'set', 'StimulusType': 'word', 'CorrectResponse': 'l', 'Trialnumb': 36, 'thisN': 193, 'thisTrialN': 193, 'thisRepN': 0}>
260.1599 	EXP 	LDT_fix_text: autoDraw = False
260.1599 	EXP 	LDT_stim_text: autoDraw = False
260.1599 	EXP 	LDT_break_text: autoDraw = False
260.1599 	EXP 	LDT_stim_text: height = np.float64(0.1)
260.1599 	EXP 	LDT_stim_text: height = np.float64(0.1)
260.1599 	EXP 	LDT_stim_text: height = np.float64(0.1)
260.1599 	EXP 	LDT_stim_text: text = 'set'
260.1599 	EXP 	LDT_fix_text: autoDraw = True
260.1605 	DATA 	Keypress: a
260.2270 	EXP 	Device response: <KeyPress from None: t=260.15155610000147, value=a, duration=0.07264179999947373>
260.6438 	EXP 	LDT_stim_text: autoDraw = True
260.6521 	EXP 	LDT_fix_text: autoDraw = False
261.1113 	EXP 	Device response: <KeyPress from None: t=261.1040456999999, value=l, duration=None>
261.1116 	EXP 	New trial (rep=0, index=194): <Trial 194 (194 in rep 0) data={'Task': 'LDT', 'TrialType': 'Target', 'Stimuli': 'rent', 'StimulusType': 'word', 'CorrectResponse': 'l', 'Trialnumb': 84, 'thisN': 194, 'thisTrialN': 194, 'thisRepN': 0}>
261.1192 	EXP 	LDT_fix_text: autoDraw = False
261.1192 	EXP 	LDT_stim_text: autoDraw = False
261.1192 	EXP 	LDT_break_text: autoDraw = False
261.1192 	EXP 	LDT_stim_text: height = np.float64(0.1)
261.1192 	EXP 	LDT_stim_text: height = np.float64(0.1)
261.1192 	EXP 	LDT_stim_text: height = np.float64(0.1)
261.1192 	EXP 	LDT_stim_text: text = 'rent'
261.1192 	EXP 	LDT_fix_text: autoDraw = True
261.1198 	DATA 	Keypress: l
261.2114 	EXP 	Device response: <KeyPress from None: t=261.1040456999999, value=l, duration=0.10404310000012629>
261.6030 	EXP 	LDT_stim_text: autoDraw = True
261.6114 	EXP 	LDT_fix_text: autoDraw = False
262.1623 	EXP 	Device response: <KeyPress from None: t=262.16028690000167, value=l, duration=None>
262.1625 	EXP 	New trial (rep=0, index=195): <Trial 195 (195 in rep 0) data={'Task': 'LDT', 'TrialType': 'Target', 'Stimuli': 'flow', 'StimulusType': 'word', 'CorrectResponse': 'l', 'Trialnumb': 108, 'thisN': 195, 'thisTrialN': 195, 'thisRepN': 0}>
262.1703 	EXP 	LDT_fix_text: autoDraw = False
262.1703 	EXP 	LDT_stim_text: autoDraw = False
262.1703 	EXP 	LDT_break_text: autoDraw = False
262.1703 	EXP 	LDT_stim_text: height = np.float64(0.1)
262.1703 	EXP 	LDT_stim_text: height = np.float64(0.1)
262.1703 	EXP 	LDT_stim_text: height = np.float64(0.1)
262.1703 	EXP 	LDT_stim_text: text = 'flow'
262.1703 	EXP 	LDT_fix_text: autoDraw = True
262.1708 	DATA 	Keypress: l
262.2457 	EXP 	Device response: <KeyPress from None: t=262.16028690000167, value=l, duration=0.08091719999902125>
262.6541 	EXP 	LDT_stim_text: autoDraw = True
262.6624 	EXP 	LDT_fix_text: autoDraw = False
263.1217 	EXP 	Device response: <KeyPress from None: t=263.1194516000014, value=l, duration=None>
263.1220 	EXP 	New trial (rep=0, index=196): <Trial 196 (196 in rep 0) data={'Task': 'LDT', 'TrialType': 'Target', 'Stimuli': 'fere', 'StimulusType': 'nonword', 'CorrectResponse': 'a', 'Trialnumb': 140, 'thisN': 196, 'thisTrialN': 196, 'thisRepN': 0}>
263.1296 	EXP 	LDT_fix_text: autoDraw = False
263.1296 	EXP 	LDT_stim_text: autoDraw = False
263.1296 	EXP 	LDT_break_text: autoDraw = False
263.1296 	EXP 	LDT_stim_text: height = np.float64(0.1)
263.1296 	EXP 	LDT_stim_text: height = np.float64(0.1)
263.1296 	EXP 	LDT_stim_text: height = np.float64(0.1)
263.1296 	EXP 	LDT_stim_text: text = 'fere'
263.1296 	EXP 	LDT_fix_text: autoDraw = True
263.1302 	DATA 	Keypress: l
263.2383 	EXP 	Device response: <KeyPress from None: t=263.1194516000014, value=l, duration=0.11363799999890034>
263.6135 	EXP 	LDT_stim_text: autoDraw = True
263.6217 	EXP 	LDT_fix_text: autoDraw = False
264.1559 	EXP 	Device response: <KeyPress from None: t=264.1526780000004, value=a, duration=None>
264.1562 	EXP 	New trial (rep=0, index=197): <Trial 197 (197 in rep 0) data={'Task': 'LDT', 'TrialType': 'Target', 'Stimuli': 'ill', 'StimulusType': 'word', 'CorrectResponse': 'l', 'Trialnumb': 97, 'thisN': 197, 'thisTrialN': 197, 'thisRepN': 0}>
264.1640 	EXP 	LDT_fix_text: autoDraw = False
264.1640 	EXP 	LDT_stim_text: autoDraw = False
264.1640 	EXP 	LDT_break_text: autoDraw = False
264.1640 	EXP 	LDT_stim_text: height = np.float64(0.1)
264.1640 	EXP 	LDT_stim_text: height = np.float64(0.1)
264.1640 	EXP 	LDT_stim_text: height = np.float64(0.1)
264.1640 	EXP 	LDT_stim_text: text = 'ill'
264.1640 	EXP 	LDT_fix_text: autoDraw = True
264.1646 	DATA 	Keypress: a
264.2643 	EXP 	Device response: <KeyPress from None: t=264.1526780000004, value=a, duration=0.10345400000005611>
264.6477 	EXP 	LDT_stim_text: autoDraw = True
264.6561 	EXP 	LDT_fix_text: autoDraw = False
265.2821 	EXP 	Device response: <KeyPress from None: t=265.27979030000097, value=l, duration=None>
265.2823 	EXP 	New trial (rep=0, index=198): <Trial 198 (198 in rep 0) data={'Task': 'LDT', 'TrialType': 'Target', 'Stimuli': 'fall', 'StimulusType': 'word', 'CorrectResponse': 'l', 'Trialnumb': 62, 'thisN': 198, 'thisTrialN': 198, 'thisRepN': 0}>
265.2900 	EXP 	LDT_fix_text: autoDraw = False
265.2900 	EXP 	LDT_stim_text: autoDraw = False
265.2900 	EXP 	LDT_break_text: autoDraw = False
265.2900 	EXP 	LDT_stim_text: height = np.float64(0.1)
265.2900 	EXP 	LDT_stim_text: height = np.float64(0.1)
265.2900 	EXP 	LDT_stim_text: height = np.float64(0.1)
265.2900 	EXP 	LDT_stim_text: text = 'fall'
265.2900 	EXP 	LDT_fix_text: autoDraw = True
265.2906 	DATA 	Keypress: l
265.3737 	EXP 	Device response: <KeyPress from None: t=265.27979030000097, value=l, duration=0.08817889999954787>
265.7739 	EXP 	LDT_stim_text: autoDraw = True
265.7822 	EXP 	LDT_fix_text: autoDraw = False
266.2496 	EXP 	Device response: <KeyPress from None: t=266.2487834000003, value=a, duration=None>
266.2499 	EXP 	New trial (rep=0, index=199): <Trial 199 (199 in rep 0) data={'Task': 'LDT', 'TrialType': 'Target', 'Stimuli': 'green', 'StimulusType': 'word', 'CorrectResponse': 'l', 'Trialnumb': 38, 'thisN': 199, 'thisTrialN': 199, 'thisRepN': 0}>
266.2577 	EXP 	LDT_fix_text: autoDraw = False
266.2577 	EXP 	LDT_stim_text: autoDraw = False
266.2577 	EXP 	LDT_break_text: autoDraw = False
266.2577 	EXP 	LDT_stim_text: height = np.float64(0.1)
266.2577 	EXP 	LDT_stim_text: height = np.float64(0.1)
266.2577 	EXP 	LDT_stim_text: height = np.float64(0.1)
266.2577 	EXP 	LDT_stim_text: text = 'green'
266.2577 	EXP 	LDT_fix_text: autoDraw = True
266.2582 	DATA 	Keypress: a
266.3581 	EXP 	Device response: <KeyPress from None: t=266.2487834000003, value=a, duration=0.10262429999966116>
266.7415 	EXP 	LDT_stim_text: autoDraw = True
266.7498 	EXP 	LDT_fix_text: autoDraw = False
267.3257 	EXP 	Device response: <KeyPress from None: t=267.32079990000057, value=l, duration=None>
267.3260 	EXP 	New trial (rep=0, index=200): <Trial 200 (200 in rep 0) data={'Task': 'LDT', 'TrialType': 'Target', 'Stimuli': 'raise', 'StimulusType': 'word', 'CorrectResponse': 'l', 'Trialnumb': 73, 'thisN': 200, 'thisTrialN': 200, 'thisRepN': 0}>
267.3338 	EXP 	LDT_fix_text: autoDraw = False
267.3338 	EXP 	LDT_stim_text: autoDraw = False
267.3338 	EXP 	LDT_break_text: autoDraw = False
267.3338 	EXP 	LDT_stim_text: height = np.float64(0.1)
267.3338 	EXP 	LDT_stim_text: height = np.float64(0.1)
267.3338 	EXP 	LDT_stim_text: height = np.float64(0.1)
267.3338 	EXP 	LDT_stim_text: text = 'raise'
267.3338 	EXP 	LDT_fix_text: autoDraw = True
267.3343 	DATA 	Keypress: l
267.4259 	EXP 	Device response: <KeyPress from None: t=267.32079990000057, value=l, duration=0.10378409999975702>
267.8176 	EXP 	LDT_stim_text: autoDraw = True
267.8260 	EXP 	LDT_fix_text: autoDraw = False
268.3601 	EXP 	Device response: <KeyPress from None: t=268.35949410000103, value=l, duration=None>
268.3604 	EXP 	New trial (rep=0, index=201): <Trial 201 (201 in rep 0) data={'Task': 'LDT', 'TrialType': 'Target', 'Stimuli': 'show', 'StimulusType': 'word', 'CorrectResponse': 'l', 'Trialnumb': 21, 'thisN': 201, 'thisTrialN': 201, 'thisRepN': 0}>
268.3682 	EXP 	LDT_fix_text: autoDraw = False
268.3682 	EXP 	LDT_stim_text: autoDraw = False
268.3682 	EXP 	LDT_break_text: autoDraw = False
268.3682 	EXP 	LDT_stim_text: height = np.float64(0.1)
268.3682 	EXP 	LDT_stim_text: height = np.float64(0.1)
268.3682 	EXP 	LDT_stim_text: height = np.float64(0.1)
268.3682 	EXP 	LDT_stim_text: text = 'show'
268.3682 	EXP 	LDT_fix_text: autoDraw = True
268.3687 	DATA 	Keypress: l
268.4769 	EXP 	Device response: <KeyPress from None: t=268.35949410000103, value=l, duration=0.11268439999912516>
268.8519 	EXP 	LDT_stim_text: autoDraw = True
268.8603 	EXP 	LDT_fix_text: autoDraw = False
269.2693 	EXP 	Device response: <KeyPress from None: t=269.26393030000145, value=l, duration=None>
269.2696 	EXP 	New trial (rep=0, index=202): <Trial 202 (202 in rep 0) data={'Task': 'LDT', 'TrialType': 'Target', 'Stimuli': 'part', 'StimulusType': 'word', 'CorrectResponse': 'l', 'Trialnumb': 17, 'thisN': 202, 'thisTrialN': 202, 'thisRepN': 0}>
269.2775 	EXP 	LDT_fix_text: autoDraw = False
269.2775 	EXP 	LDT_stim_text: autoDraw = False
269.2775 	EXP 	LDT_break_text: autoDraw = False
269.2775 	EXP 	LDT_stim_text: height = np.float64(0.1)
269.2775 	EXP 	LDT_stim_text: height = np.float64(0.1)
269.2775 	EXP 	LDT_stim_text: height = np.float64(0.1)
269.2775 	EXP 	LDT_stim_text: text = 'part'
269.2775 	EXP 	LDT_fix_text: autoDraw = True
269.2781 	DATA 	Keypress: l
269.3695 	EXP 	Device response: <KeyPress from None: t=269.26393030000145, value=l, duration=0.10394439999981842>
269.7612 	EXP 	LDT_stim_text: autoDraw = True
269.7695 	EXP 	LDT_fix_text: autoDraw = False
270.2370 	EXP 	Device response: <KeyPress from None: t=270.2324499000006, value=l, duration=None>
270.2372 	EXP 	New trial (rep=0, index=203): <Trial 203 (203 in rep 0) data={'Task': 'LDT', 'TrialType': 'Target', 'Stimuli': 'club', 'StimulusType': 'word', 'CorrectResponse': 'l', 'Trialnumb': 64, 'thisN': 203, 'thisTrialN': 203, 'thisRepN': 0}>
270.2451 	EXP 	LDT_fix_text: autoDraw = False
270.2451 	EXP 	LDT_stim_text: autoDraw = False
270.2451 	EXP 	LDT_break_text: autoDraw = False
270.2451 	EXP 	LDT_stim_text: height = np.float64(0.1)
270.2451 	EXP 	LDT_stim_text: height = np.float64(0.1)
270.2451 	EXP 	LDT_stim_text: height = np.float64(0.1)
270.2451 	EXP 	LDT_stim_text: text = 'club'
270.2451 	EXP 	LDT_fix_text: autoDraw = True
270.2456 	DATA 	Keypress: l
270.3288 	EXP 	Device response: <KeyPress from None: t=270.2324499000006, value=l, duration=0.095079300001089>
270.7288 	EXP 	LDT_stim_text: autoDraw = True
270.7371 	EXP 	LDT_fix_text: autoDraw = False
271.1963 	EXP 	Device response: <KeyPress from None: t=271.19301200000154, value=l, duration=None>
271.1966 	EXP 	New trial (rep=0, index=204): <Trial 204 (204 in rep 0) data={'Task': 'LDT', 'TrialType': 'Target', 'Stimuli': 'burz', 'StimulusType': 'nonword', 'CorrectResponse': 'a', 'Trialnumb': 112, 'thisN': 204, 'thisTrialN': 204, 'thisRepN': 0}>
271.2044 	EXP 	LDT_fix_text: autoDraw = False
271.2044 	EXP 	LDT_stim_text: autoDraw = False
271.2044 	EXP 	LDT_break_text: autoDraw = False
271.2044 	EXP 	LDT_stim_text: height = np.float64(0.1)
271.2044 	EXP 	LDT_stim_text: height = np.float64(0.1)
271.2044 	EXP 	LDT_stim_text: height = np.float64(0.1)
271.2044 	EXP 	LDT_stim_text: text = 'burz'
271.2044 	EXP 	LDT_fix_text: autoDraw = True
271.2050 	DATA 	Keypress: l
271.3131 	EXP 	Device response: <KeyPress from None: t=271.19301200000154, value=l, duration=0.1189818999991985>
271.6881 	EXP 	LDT_stim_text: autoDraw = True
271.6964 	EXP 	LDT_fix_text: autoDraw = False
272.2055 	EXP 	Device response: <KeyPress from None: t=272.2000177000009, value=a, duration=None>
272.2058 	EXP 	New trial (rep=0, index=205): <Trial 205 (205 in rep 0) data={'Task': 'LDT', 'TrialType': 'Target', 'Stimuli': 'jite', 'StimulusType': 'nonword', 'CorrectResponse': 'a', 'Trialnumb': 160, 'thisN': 205, 'thisTrialN': 205, 'thisRepN': 0}>
272.2138 	EXP 	LDT_fix_text: autoDraw = False
272.2138 	EXP 	LDT_stim_text: autoDraw = False
272.2138 	EXP 	LDT_break_text: autoDraw = False
272.2138 	EXP 	LDT_stim_text: height = np.float64(0.1)
272.2138 	EXP 	LDT_stim_text: height = np.float64(0.1)
272.2138 	EXP 	LDT_stim_text: height = np.float64(0.1)
272.2138 	EXP 	LDT_stim_text: text = 'jite'
272.2138 	EXP 	LDT_fix_text: autoDraw = True
272.2143 	DATA 	Keypress: a
272.3140 	EXP 	Device response: <KeyPress from None: t=272.2000177000009, value=a, duration=0.11170309999943129>
272.6974 	EXP 	LDT_stim_text: autoDraw = True
272.7058 	EXP 	LDT_fix_text: autoDraw = False
273.1816 	EXP 	Device response: <KeyPress from None: t=273.17687660000047, value=a, duration=None>
273.1818 	EXP 	New trial (rep=0, index=206): <Trial 206 (206 in rep 0) data={'Task': 'LDT', 'TrialType': 'Target', 'Stimuli': 'food', 'StimulusType': 'word', 'CorrectResponse': 'l', 'Trialnumb': 5, 'thisN': 206, 'thisTrialN': 206, 'thisRepN': 0}>
273.1896 	EXP 	LDT_fix_text: autoDraw = False
273.1896 	EXP 	LDT_stim_text: autoDraw = False
273.1896 	EXP 	LDT_break_text: autoDraw = False
273.1896 	EXP 	LDT_stim_text: height = np.float64(0.1)
273.1896 	EXP 	LDT_stim_text: height = np.float64(0.1)
273.1896 	EXP 	LDT_stim_text: height = np.float64(0.1)
273.1896 	EXP 	LDT_stim_text: text = 'food'
273.1896 	EXP 	LDT_fix_text: autoDraw = True
273.1901 	DATA 	Keypress: a
273.2734 	EXP 	Device response: <KeyPress from None: t=273.17687660000047, value=a, duration=0.09486959999958344>
273.6734 	EXP 	LDT_stim_text: autoDraw = True
273.6817 	EXP 	LDT_fix_text: autoDraw = False
274.1826 	EXP 	Device response: <KeyPress from None: t=274.17589000000044, value=l, duration=None>
274.1828 	EXP 	New trial (rep=0, index=207): <Trial 207 (207 in rep 0) data={'Task': 'LDT', 'TrialType': 'Target', 'Stimuli': 'art', 'StimulusType': 'word', 'CorrectResponse': 'l', 'Trialnumb': 15, 'thisN': 207, 'thisTrialN': 207, 'thisRepN': 0}>
274.1906 	EXP 	LDT_fix_text: autoDraw = False
274.1906 	EXP 	LDT_stim_text: autoDraw = False
274.1906 	EXP 	LDT_break_text: autoDraw = False
274.1906 	EXP 	LDT_stim_text: height = np.float64(0.1)
274.1906 	EXP 	LDT_stim_text: height = np.float64(0.1)
274.1906 	EXP 	LDT_stim_text: height = np.float64(0.1)
274.1906 	EXP 	LDT_stim_text: text = 'art'
274.1906 	EXP 	LDT_fix_text: autoDraw = True
274.1911 	DATA 	Keypress: l
274.2826 	EXP 	Device response: <KeyPress from None: t=274.17589000000044, value=l, duration=0.10351059999993595>
274.6744 	EXP 	LDT_stim_text: autoDraw = True
274.6828 	EXP 	LDT_fix_text: autoDraw = False
275.1919 	EXP 	Device response: <KeyPress from None: t=275.184412300001, value=l, duration=None>
275.1921 	EXP 	New trial (rep=0, index=208): <Trial 208 (208 in rep 0) data={'Task': 'LDT', 'TrialType': 'Target', 'Stimuli': 'wost', 'StimulusType': 'nonword', 'CorrectResponse': 'a', 'Trialnumb': 217, 'thisN': 208, 'thisTrialN': 208, 'thisRepN': 0}>
275.1999 	EXP 	LDT_fix_text: autoDraw = False
275.1999 	EXP 	LDT_stim_text: autoDraw = False
275.1999 	EXP 	LDT_break_text: autoDraw = False
275.1999 	EXP 	LDT_stim_text: height = np.float64(0.1)
275.1999 	EXP 	LDT_stim_text: height = np.float64(0.1)
275.1999 	EXP 	LDT_stim_text: height = np.float64(0.1)
275.1999 	EXP 	LDT_stim_text: text = 'wost'
275.1999 	EXP 	LDT_fix_text: autoDraw = True
275.2003 	DATA 	Keypress: l
275.2753 	EXP 	Device response: <KeyPress from None: t=275.184412300001, value=l, duration=0.08772560000033991>
275.6837 	EXP 	LDT_stim_text: autoDraw = True
275.6921 	EXP 	LDT_fix_text: autoDraw = False
276.2847 	EXP 	Device response: <KeyPress from None: t=276.2802027000016, value=l, duration=None>
276.2850 	EXP 	New trial (rep=0, index=209): <Trial 209 (209 in rep 0) data={'Task': 'LDT', 'TrialType': 'Target', 'Stimuli': 'coss', 'StimulusType': 'nonword', 'CorrectResponse': 'a', 'Trialnumb': 133, 'thisN': 209, 'thisTrialN': 209, 'thisRepN': 0}>
276.2927 	EXP 	LDT_fix_text: autoDraw = False
276.2927 	EXP 	LDT_stim_text: autoDraw = False
276.2927 	EXP 	LDT_break_text: autoDraw = False
276.2927 	EXP 	LDT_stim_text: height = np.float64(0.1)
276.2927 	EXP 	LDT_stim_text: height = np.float64(0.1)
276.2927 	EXP 	LDT_stim_text: height = np.float64(0.1)
276.2927 	EXP 	LDT_stim_text: text = 'coss'
276.2927 	EXP 	LDT_fix_text: autoDraw = True
276.2932 	DATA 	Keypress: l
276.3848 	EXP 	Device response: <KeyPress from None: t=276.2802027000016, value=l, duration=0.10387789999913366>
276.7765 	EXP 	LDT_stim_text: autoDraw = True
276.7848 	EXP 	LDT_fix_text: autoDraw = False
277.4025 	EXP 	Device response: <KeyPress from None: t=277.39988210000047, value=a, duration=None>
277.4027 	EXP 	New trial (rep=0, index=210): <Trial 210 (210 in rep 0) data={'Task': 'LDT', 'TrialType': 'Target', 'Stimuli': 'last', 'StimulusType': 'word', 'CorrectResponse': 'l', 'Trialnumb': 11, 'thisN': 210, 'thisTrialN': 210, 'thisRepN': 0}>
277.4105 	EXP 	LDT_fix_text: autoDraw = False
277.4105 	EXP 	LDT_stim_text: autoDraw = False
277.4105 	EXP 	LDT_break_text: autoDraw = False
277.4105 	EXP 	LDT_stim_text: height = np.float64(0.1)
277.4105 	EXP 	LDT_stim_text: height = np.float64(0.1)
277.4105 	EXP 	LDT_stim_text: height = np.float64(0.1)
277.4105 	EXP 	LDT_stim_text: text = 'last'
277.4105 	EXP 	LDT_fix_text: autoDraw = True
277.4110 	DATA 	Keypress: a
277.5109 	EXP 	Device response: <KeyPress from None: t=277.39988210000047, value=a, duration=0.10441300000093179>
277.8943 	EXP 	LDT_stim_text: autoDraw = True
277.9026 	EXP 	LDT_fix_text: autoDraw = False
278.3116 	EXP 	Device response: <KeyPress from None: t=278.3040778000013, value=l, duration=None>
278.3119 	EXP 	New trial (rep=0, index=211): <Trial 211 (211 in rep 0) data={'Task': 'LDT', 'TrialType': 'Target', 'Stimuli': 'gead', 'StimulusType': 'nonword', 'CorrectResponse': 'a', 'Trialnumb': 145, 'thisN': 211, 'thisTrialN': 211, 'thisRepN': 0}>
278.3197 	EXP 	LDT_fix_text: autoDraw = False
278.3197 	EXP 	LDT_stim_text: autoDraw = False
278.3197 	EXP 	LDT_break_text: autoDraw = False
278.3197 	EXP 	LDT_stim_text: height = np.float64(0.1)
278.3197 	EXP 	LDT_stim_text: height = np.float64(0.1)
278.3197 	EXP 	LDT_stim_text: height = np.float64(0.1)
278.3197 	EXP 	LDT_stim_text: text = 'gead'
278.3197 	EXP 	LDT_fix_text: autoDraw = True
278.3202 	DATA 	Keypress: l
278.4035 	EXP 	Device response: <KeyPress from None: t=278.3040778000013, value=l, duration=0.095820200000162>
278.8035 	EXP 	LDT_stim_text: autoDraw = True
278.8119 	EXP 	LDT_fix_text: autoDraw = False
279.3794 	EXP 	Device response: <KeyPress from None: t=279.3758418000016, value=a, duration=None>
279.3797 	EXP 	New trial (rep=0, index=212): <Trial 212 (212 in rep 0) data={'Task': 'LDT', 'TrialType': 'Target', 'Stimuli': 'media', 'StimulusType': 'word', 'CorrectResponse': 'l', 'Trialnumb': 46, 'thisN': 212, 'thisTrialN': 212, 'thisRepN': 0}>
279.3874 	EXP 	LDT_fix_text: autoDraw = False
279.3874 	EXP 	LDT_stim_text: autoDraw = False
279.3874 	EXP 	LDT_break_text: autoDraw = False
279.3874 	EXP 	LDT_stim_text: height = np.float64(0.1)
279.3874 	EXP 	LDT_stim_text: height = np.float64(0.1)
279.3874 	EXP 	LDT_stim_text: height = np.float64(0.1)
279.3874 	EXP 	LDT_stim_text: text = 'media'
279.3874 	EXP 	LDT_fix_text: autoDraw = True
279.3880 	DATA 	Keypress: a
279.4878 	EXP 	Device response: <KeyPress from None: t=279.3758418000016, value=a, duration=0.10437689999889699>
279.8712 	EXP 	LDT_stim_text: autoDraw = True
279.8796 	EXP 	LDT_fix_text: autoDraw = False
280.3804 	EXP 	Device response: <KeyPress from None: t=280.37557600000036, value=a, duration=None>
280.3806 	EXP 	New trial (rep=0, index=213): <Trial 213 (213 in rep 0) data={'Task': 'LDT', 'TrialType': 'Target', 'Stimuli': 'mize', 'StimulusType': 'nonword', 'CorrectResponse': 'a', 'Trialnumb': 174, 'thisN': 213, 'thisTrialN': 213, 'thisRepN': 0}>
280.3884 	EXP 	LDT_fix_text: autoDraw = False
280.3884 	EXP 	LDT_stim_text: autoDraw = False
280.3884 	EXP 	LDT_break_text: autoDraw = False
280.3884 	EXP 	LDT_stim_text: height = np.float64(0.1)
280.3884 	EXP 	LDT_stim_text: height = np.float64(0.1)
280.3884 	EXP 	LDT_stim_text: height = np.float64(0.1)
280.3884 	EXP 	LDT_stim_text: text = 'mize'
280.3884 	EXP 	LDT_fix_text: autoDraw = True
280.3889 	DATA 	Keypress: a
280.4555 	EXP 	Device response: <KeyPress from None: t=280.37557600000036, value=a, duration=0.07241150000118068>
280.8722 	EXP 	LDT_stim_text: autoDraw = True
280.8806 	EXP 	LDT_fix_text: autoDraw = False
281.4982 	EXP 	Device response: <KeyPress from None: t=281.49588940000103, value=a, duration=None>
281.4985 	EXP 	New trial (rep=0, index=214): <Trial 214 (214 in rep 0) data={'Task': 'LDT', 'TrialType': 'Target', 'Stimuli': 'spy', 'StimulusType': 'word', 'CorrectResponse': 'l', 'Trialnumb': 99, 'thisN': 214, 'thisTrialN': 214, 'thisRepN': 0}>
281.5062 	EXP 	LDT_fix_text: autoDraw = False
281.5062 	EXP 	LDT_stim_text: autoDraw = False
281.5062 	EXP 	LDT_break_text: autoDraw = False
281.5062 	EXP 	LDT_stim_text: height = np.float64(0.1)
281.5062 	EXP 	LDT_stim_text: height = np.float64(0.1)
281.5062 	EXP 	LDT_stim_text: height = np.float64(0.1)
281.5062 	EXP 	LDT_stim_text: text = 'spy'
281.5062 	EXP 	LDT_fix_text: autoDraw = True
281.5068 	DATA 	Keypress: a
281.5899 	EXP 	Device response: <KeyPress from None: t=281.49588940000103, value=a, duration=0.08815379999941797>
281.9900 	EXP 	LDT_stim_text: autoDraw = True
281.9984 	EXP 	LDT_fix_text: autoDraw = False
282.6411 	EXP 	Device response: <KeyPress from None: t=282.6393807000004, value=l, duration=None>
282.6413 	EXP 	New trial (rep=0, index=215): <Trial 215 (215 in rep 0) data={'Task': 'LDT', 'TrialType': 'Target', 'Stimuli': 'half', 'StimulusType': 'word', 'CorrectResponse': 'l', 'Trialnumb': 51, 'thisN': 215, 'thisTrialN': 215, 'thisRepN': 0}>
282.6490 	EXP 	LDT_fix_text: autoDraw = False
282.6490 	EXP 	LDT_stim_text: autoDraw = False
282.6490 	EXP 	LDT_break_text: autoDraw = False
282.6490 	EXP 	LDT_stim_text: height = np.float64(0.1)
282.6490 	EXP 	LDT_stim_text: height = np.float64(0.1)
282.6490 	EXP 	LDT_stim_text: height = np.float64(0.1)
282.6490 	EXP 	LDT_stim_text: text = 'half'
282.6490 	EXP 	LDT_fix_text: autoDraw = True
282.6495 	DATA 	Keypress: l
282.7578 	EXP 	Device response: <KeyPress from None: t=282.6393807000004, value=l, duration=0.11214260000087961>
283.1328 	EXP 	LDT_stim_text: autoDraw = True
283.1412 	EXP 	LDT_fix_text: autoDraw = False
283.6670 	EXP 	Device response: <KeyPress from None: t=283.66362090000075, value=l, duration=None>
283.6673 	EXP 	New trial (rep=0, index=216): <Trial 216 (216 in rep 0) data={'Task': 'LDT', 'TrialType': 'Target', 'Stimuli': 'rorn', 'StimulusType': 'nonword', 'CorrectResponse': 'a', 'Trialnumb': 185, 'thisN': 216, 'thisTrialN': 216, 'thisRepN': 0}>
283.6750 	EXP 	LDT_fix_text: autoDraw = False
283.6750 	EXP 	LDT_stim_text: autoDraw = False
283.6750 	EXP 	LDT_break_text: autoDraw = False
283.6750 	EXP 	LDT_stim_text: height = np.float64(0.1)
283.6750 	EXP 	LDT_stim_text: height = np.float64(0.1)
283.6750 	EXP 	LDT_stim_text: height = np.float64(0.1)
283.6750 	EXP 	LDT_stim_text: text = 'rorn'
283.6750 	EXP 	LDT_fix_text: autoDraw = True
283.6755 	DATA 	Keypress: l
283.7755 	EXP 	Device response: <KeyPress from None: t=283.66362090000075, value=l, duration=0.10429570000087551>
284.1588 	EXP 	LDT_stim_text: autoDraw = True
284.1672 	EXP 	LDT_fix_text: autoDraw = False
284.8599 	EXP 	Device response: <KeyPress from None: t=284.85547380000025, value=a, duration=None>
284.8601 	EXP 	New trial (rep=0, index=217): <Trial 217 (217 in rep 0) data={'Task': 'LDT', 'TrialType': 'Target', 'Stimuli': 'reach', 'StimulusType': 'word', 'CorrectResponse': 'l', 'Trialnumb': 72, 'thisN': 217, 'thisTrialN': 217, 'thisRepN': 0}>
284.8679 	EXP 	LDT_fix_text: autoDraw = False
284.8679 	EXP 	LDT_stim_text: autoDraw = False
284.8679 	EXP 	LDT_break_text: autoDraw = False
284.8679 	EXP 	LDT_stim_text: height = np.float64(0.1)
284.8679 	EXP 	LDT_stim_text: height = np.float64(0.1)
284.8679 	EXP 	LDT_stim_text: height = np.float64(0.1)
284.8679 	EXP 	LDT_stim_text: text = 'reach'
284.8679 	EXP 	LDT_fix_text: autoDraw = True
284.8685 	DATA 	Keypress: a
284.9683 	EXP 	Device response: <KeyPress from None: t=284.85547380000025, value=a, duration=0.10466900000028545>
285.3517 	EXP 	LDT_stim_text: autoDraw = True
285.3600 	EXP 	LDT_fix_text: autoDraw = False
285.8358 	EXP 	Device response: <KeyPress from None: t=285.8328964000011, value=l, duration=None>
285.8361 	EXP 	New trial (rep=0, index=218): <Trial 218 (218 in rep 0) data={'Task': 'LDT', 'TrialType': 'Target', 'Stimuli': 'pay', 'StimulusType': 'word', 'CorrectResponse': 'l', 'Trialnumb': 42, 'thisN': 218, 'thisTrialN': 218, 'thisRepN': 0}>
285.8438 	EXP 	LDT_fix_text: autoDraw = False
285.8438 	EXP 	LDT_stim_text: autoDraw = False
285.8438 	EXP 	LDT_break_text: autoDraw = False
285.8438 	EXP 	LDT_stim_text: height = np.float64(0.1)
285.8438 	EXP 	LDT_stim_text: height = np.float64(0.1)
285.8438 	EXP 	LDT_stim_text: height = np.float64(0.1)
285.8438 	EXP 	LDT_stim_text: text = 'pay'
285.8438 	EXP 	LDT_fix_text: autoDraw = True
285.8444 	DATA 	Keypress: l
285.9443 	EXP 	Device response: <KeyPress from None: t=285.8328964000011, value=l, duration=0.11097169999993639>
286.3277 	EXP 	LDT_stim_text: autoDraw = True
286.3360 	EXP 	LDT_fix_text: autoDraw = False
286.7785 	EXP 	Device response: <KeyPress from None: t=286.77587960000164, value=l, duration=None>
286.7787 	EXP 	New trial (rep=0, index=219): <Trial 219 (219 in rep 0) data={'Task': 'LDT', 'TrialType': 'Target', 'Stimuli': 'gaft', 'StimulusType': 'nonword', 'CorrectResponse': 'a', 'Trialnumb': 144, 'thisN': 219, 'thisTrialN': 219, 'thisRepN': 0}>
286.7865 	EXP 	LDT_fix_text: autoDraw = False
286.7865 	EXP 	LDT_stim_text: autoDraw = False
286.7865 	EXP 	LDT_break_text: autoDraw = False
286.7865 	EXP 	LDT_stim_text: height = np.float64(0.1)
286.7865 	EXP 	LDT_stim_text: height = np.float64(0.1)
286.7865 	EXP 	LDT_stim_text: height = np.float64(0.1)
286.7865 	EXP 	LDT_stim_text: text = 'gaft'
286.7865 	EXP 	LDT_fix_text: autoDraw = True
286.7869 	DATA 	Keypress: l
286.8868 	EXP 	Device response: <KeyPress from None: t=286.77587960000164, value=l, duration=0.10442389999843726>
287.2703 	EXP 	LDT_stim_text: autoDraw = True
287.2786 	EXP 	LDT_fix_text: autoDraw = False
287.9463 	EXP 	Device response: <KeyPress from None: t=287.94391590000123, value=a, duration=None>
287.9465 	EXP 	New trial (rep=0, index=220): <Trial 220 (220 in rep 0) data={'Task': 'LDT', 'TrialType': 'Target', 'Stimuli': 'ranny', 'StimulusType': 'nonword', 'CorrectResponse': 'a', 'Trialnumb': 114, 'thisN': 220, 'thisTrialN': 220, 'thisRepN': 0}>
287.9544 	EXP 	LDT_fix_text: autoDraw = False
287.9544 	EXP 	LDT_stim_text: autoDraw = False
287.9544 	EXP 	LDT_break_text: autoDraw = False
287.9544 	EXP 	LDT_stim_text: height = np.float64(0.1)
287.9544 	EXP 	LDT_stim_text: height = np.float64(0.1)
287.9544 	EXP 	LDT_stim_text: height = np.float64(0.1)
287.9544 	EXP 	LDT_stim_text: text = 'ranny'
287.9544 	EXP 	LDT_fix_text: autoDraw = True
287.9549 	DATA 	Keypress: a
288.0713 	EXP 	Device response: <KeyPress from None: t=287.94391590000123, value=a, duration=0.11982629999874916>
288.4381 	EXP 	LDT_stim_text: autoDraw = True
288.4464 	EXP 	LDT_fix_text: autoDraw = False
288.9723 	EXP 	Device response: <KeyPress from None: t=288.9692648, value=a, duration=None>
288.9725 	EXP 	New trial (rep=0, index=221): <Trial 221 (221 in rep 0) data={'Task': 'LDT', 'TrialType': 'Target', 'Stimuli': 'zeer', 'StimulusType': 'nonword', 'CorrectResponse': 'a', 'Trialnumb': 222, 'thisN': 221, 'thisTrialN': 221, 'thisRepN': 0}>
288.9803 	EXP 	LDT_fix_text: autoDraw = False
288.9803 	EXP 	LDT_stim_text: autoDraw = False
288.9803 	EXP 	LDT_break_text: autoDraw = False
288.9803 	EXP 	LDT_stim_text: height = np.float64(0.1)
288.9803 	EXP 	LDT_stim_text: height = np.float64(0.1)
288.9803 	EXP 	LDT_stim_text: height = np.float64(0.1)
288.9803 	EXP 	LDT_stim_text: text = 'zeer'
288.9803 	EXP 	LDT_fix_text: autoDraw = True
288.9808 	DATA 	Keypress: a
289.0724 	EXP 	Device response: <KeyPress from None: t=288.9692648, value=a, duration=0.1021006999999372>
289.4641 	EXP 	LDT_stim_text: autoDraw = True
289.4725 	EXP 	LDT_fix_text: autoDraw = False
289.9983 	EXP 	Device response: <KeyPress from None: t=289.99195340000006, value=a, duration=None>
290.0063 	EXP 	LDT_fix_text: autoDraw = False
290.0063 	EXP 	LDT_stim_text: autoDraw = False
290.0063 	EXP 	LDT_break_text: autoDraw = False
290.0063 	EXP 	end_text: autoDraw = True
290.0069 	DATA 	Keypress: a
290.1068 	EXP 	Device response: <KeyPress from None: t=289.99195340000006, value=a, duration=0.11234240000158024>
291.6166 	EXP 	Device response: <KeyPress from None: t=291.615463600001, value=space, duration=None>
291.6251 	DATA 	Keypress: space
291.7584 	EXP 	Device response: <KeyPress from None: t=291.615463600001, value=space, duration=0.1365697999990516>
293.0010 	EXP 	end_text: autoDraw = False
293.0010 	EXP 	end_text: autoDraw = False
293.0011 	EXP 	online_LDT&KRT: status = STOPPED
