0.8269 	WARNING 	We strongly recommend you activate the PTB sound engine in PsychoPy prefs as the preferred audio engine. Its timing is vastly superior. Your prefs are currently set to use ['sounddevice', 'PTB', 'pyo', 'pygame'] (in that order).
1.5860 	WARNING 	Font Manager failed to load file C:\Users\user\AppData\Local\Microsoft\Windows\Fonts\a고딕16.ttf
1.5870 	WARNING 	Font Manager failed to load file C:\Users\user\AppData\Local\Microsoft\Windows\Fonts\서울남산 장체EB.ttf
1.5875 	WARNING 	Font Manager failed to load file C:\Users\user\AppData\Local\Microsoft\Windows\Fonts\210 나무고딕EB.ttf
1.5884 	WARNING 	Font Manager failed to load file C:\Users\user\AppData\Local\Microsoft\Windows\Fonts\210 카툰스토리L.ttf
1.5892 	WARNING 	Font Manager failed to load file C:\Users\user\AppData\Local\Microsoft\Windows\Fonts\210 씨앗B.ttf
1.5910 	WARNING 	Font Manager failed to load file C:\Users\user\AppData\Local\Microsoft\Windows\Fonts\210 상상공작소B.ttf
1.5950 	WARNING 	Font Manager failed to load file C:\Users\user\AppData\Local\Microsoft\Windows\Fonts\a고딕12.ttf
1.5951 	WARNING 	Font Manager failed to load file C:\Users\user\AppData\Local\Microsoft\Windows\Fonts\a뉴굴림1.ttf
1.6005 	WARNING 	Font Manager failed to load file C:\Users\user\AppData\Local\Microsoft\Windows\Fonts\210 하얀바람R.ttf
1.6020 	WARNING 	Font Manager failed to load file C:\Users\user\AppData\Local\Microsoft\Windows\Fonts\서울남산 장체BL.ttf
1.6050 	WARNING 	Font Manager failed to load file C:\Users\user\AppData\Local\Microsoft\Windows\Fonts\a고딕10.ttf
1.6070 	WARNING 	Font Manager failed to load file C:\Users\user\AppData\Local\Microsoft\Windows\Fonts\a뉴굴림4.ttf
1.6099 	WARNING 	Font Manager failed to load file C:\Users\user\AppData\Local\Microsoft\Windows\Fonts\210 나무고딕R.ttf
1.6103 	WARNING 	Font Manager failed to load file C:\Users\user\AppData\Local\Microsoft\Windows\Fonts\210 하얀바람L.ttf
1.6112 	WARNING 	Font Manager failed to load file C:\Users\user\AppData\Local\Microsoft\Windows\Fonts\a뉴굴림3.ttf
1.6120 	WARNING 	Font Manager failed to load file C:\Users\user\AppData\Local\Microsoft\Windows\Fonts\아리따-돋움(TTF)-Medium.ttf
1.6155 	WARNING 	Font Manager failed to load file C:\Users\user\AppData\Local\Microsoft\Windows\Fonts\210 상상공작소R.ttf
1.6169 	WARNING 	Font Manager failed to load file C:\Users\user\AppData\Local\Microsoft\Windows\Fonts\a시나리오.ttf
1.6171 	WARNING 	Font Manager failed to load file C:\Users\user\AppData\Local\Microsoft\Windows\Fonts\210 씨앗L.ttf
1.6178 	WARNING 	Font Manager failed to load file C:\Users\user\AppData\Local\Microsoft\Windows\Fonts\210 콤퓨타세탁B.ttf
1.6190 	WARNING 	Font Manager failed to load file C:\Users\user\AppData\Local\Microsoft\Windows\Fonts\210 맨발의청춘L.ttf
1.6200 	WARNING 	Font Manager failed to load file C:\Users\user\AppData\Local\Microsoft\Windows\Fonts\210 씨앗R.ttf
1.6211 	WARNING 	Font Manager failed to load file C:\Users\user\AppData\Local\Microsoft\Windows\Fonts\210 나무고딕L.ttf
1.6232 	WARNING 	Font Manager failed to load file C:\Users\user\AppData\Local\Microsoft\Windows\Fonts\나눔고딕L.ttf
1.6279 	WARNING 	Font Manager failed to load file C:\Users\user\AppData\Local\Microsoft\Windows\Fonts\210 맨발의청춘B.ttf
1.6340 	WARNING 	Font Manager failed to load file C:\Users\user\AppData\Local\Microsoft\Windows\Fonts\210 콤퓨타세탁L.ttf
1.6352 	WARNING 	Font Manager failed to load file C:\Users\user\AppData\Local\Microsoft\Windows\Fonts\아리따-돋움(TTF)-Light.ttf
1.6377 	WARNING 	Font Manager failed to load file C:\Users\user\AppData\Local\Microsoft\Windows\Fonts\아리따-돋움(TTF)-SemiBold.ttf
1.6394 	WARNING 	Font Manager failed to load file C:\Users\user\AppData\Local\Microsoft\Windows\Fonts\a고딕13.ttf
1.6427 	WARNING 	Font Manager failed to load file C:\Users\user\AppData\Local\Microsoft\Windows\Fonts\210 상상공작소L.ttf
1.6428 	WARNING 	Font Manager failed to load file C:\Users\user\AppData\Local\Microsoft\Windows\Fonts\210 카툰스토리B.ttf
1.6436 	WARNING 	Font Manager failed to load file C:\Users\user\AppData\Local\Microsoft\Windows\Fonts\서울남산 장체L.ttf
1.6444 	WARNING 	Font Manager failed to load file C:\Users\user\AppData\Local\Microsoft\Windows\Fonts\a고딕14.ttf
1.6447 	WARNING 	Font Manager failed to load file C:\Users\user\AppData\Local\Microsoft\Windows\Fonts\서울남산 장체B.ttf
1.6456 	WARNING 	Font Manager failed to load file C:\Users\user\AppData\Local\Microsoft\Windows\Fonts\서울남산 장체M.ttf
1.6457 	WARNING 	Font Manager failed to load file C:\Users\user\AppData\Local\Microsoft\Windows\Fonts\210 맨발의청춘R.ttf
1.6512 	WARNING 	Font Manager failed to load file C:\Users\user\AppData\Local\Microsoft\Windows\Fonts\210 콤퓨타세탁R.ttf
1.6576 	WARNING 	Font Manager failed to load file C:\Users\user\AppData\Local\Microsoft\Windows\Fonts\a뉴굴림2.ttf
1.6589 	WARNING 	Font Manager failed to load file C:\Users\user\AppData\Local\Microsoft\Windows\Fonts\210 하얀바람B.ttf
1.6602 	WARNING 	Font Manager failed to load file C:\Users\user\AppData\Local\Microsoft\Windows\Fonts\210 동화책R.ttf
1.6611 	WARNING 	Font Manager failed to load file C:\Users\user\AppData\Local\Microsoft\Windows\Fonts\아리따-돋움(TTF)-Bold.ttf
1.6619 	WARNING 	Font Manager failed to load file C:\Users\user\AppData\Local\Microsoft\Windows\Fonts\210 카툰스토리R.ttf
1.6643 	WARNING 	Font Manager failed to load file C:\Users\user\AppData\Local\Microsoft\Windows\Fonts\210 동화책B.ttf
1.6678 	WARNING 	Font Manager failed to load file C:\Users\user\AppData\Local\Microsoft\Windows\Fonts\210 나무고딕B.ttf
1.6704 	WARNING 	Font Manager failed to load file C:\Users\user\AppData\Local\Microsoft\Windows\Fonts\아리따-돋움(TTF)-Thin.ttf
1.6721 	WARNING 	Font Manager failed to load file C:\Users\user\AppData\Local\Microsoft\Windows\Fonts\210 동화책L.ttf
1.6743 	WARNING 	Font Manager failed to load file C:\Users\user\AppData\Local\Microsoft\Windows\Fonts\a고딕15.ttf
1.6758 	WARNING 	Font Manager failed to load file C:\Users\user\AppData\Local\Microsoft\Windows\Fonts\a고딕11.ttf
1.8801 	WARNING 	Font Manager failed to load file C:\Users\user\AppData\Local\Microsoft\Windows\Fonts\a고딕16.ttf
1.8810 	WARNING 	Font Manager failed to load file C:\Users\user\AppData\Local\Microsoft\Windows\Fonts\서울남산 장체EB.ttf
1.8815 	WARNING 	Font Manager failed to load file C:\Users\user\AppData\Local\Microsoft\Windows\Fonts\210 나무고딕EB.ttf
1.8824 	WARNING 	Font Manager failed to load file C:\Users\user\AppData\Local\Microsoft\Windows\Fonts\210 카툰스토리L.ttf
1.8832 	WARNING 	Font Manager failed to load file C:\Users\user\AppData\Local\Microsoft\Windows\Fonts\210 씨앗B.ttf
1.8849 	WARNING 	Font Manager failed to load file C:\Users\user\AppData\Local\Microsoft\Windows\Fonts\210 상상공작소B.ttf
1.8887 	WARNING 	Font Manager failed to load file C:\Users\user\AppData\Local\Microsoft\Windows\Fonts\a고딕12.ttf
1.8888 	WARNING 	Font Manager failed to load file C:\Users\user\AppData\Local\Microsoft\Windows\Fonts\a뉴굴림1.ttf
1.8941 	WARNING 	Font Manager failed to load file C:\Users\user\AppData\Local\Microsoft\Windows\Fonts\210 하얀바람R.ttf
1.8955 	WARNING 	Font Manager failed to load file C:\Users\user\AppData\Local\Microsoft\Windows\Fonts\서울남산 장체BL.ttf
1.8984 	WARNING 	Font Manager failed to load file C:\Users\user\AppData\Local\Microsoft\Windows\Fonts\a고딕10.ttf
1.9004 	WARNING 	Font Manager failed to load file C:\Users\user\AppData\Local\Microsoft\Windows\Fonts\a뉴굴림4.ttf
1.9032 	WARNING 	Font Manager failed to load file C:\Users\user\AppData\Local\Microsoft\Windows\Fonts\210 나무고딕R.ttf
1.9035 	WARNING 	Font Manager failed to load file C:\Users\user\AppData\Local\Microsoft\Windows\Fonts\210 하얀바람L.ttf
1.9044 	WARNING 	Font Manager failed to load file C:\Users\user\AppData\Local\Microsoft\Windows\Fonts\a뉴굴림3.ttf
1.9053 	WARNING 	Font Manager failed to load file C:\Users\user\AppData\Local\Microsoft\Windows\Fonts\아리따-돋움(TTF)-Medium.ttf
1.9086 	WARNING 	Font Manager failed to load file C:\Users\user\AppData\Local\Microsoft\Windows\Fonts\210 상상공작소R.ttf
1.9100 	WARNING 	Font Manager failed to load file C:\Users\user\AppData\Local\Microsoft\Windows\Fonts\a시나리오.ttf
1.9102 	WARNING 	Font Manager failed to load file C:\Users\user\AppData\Local\Microsoft\Windows\Fonts\210 씨앗L.ttf
1.9108 	WARNING 	Font Manager failed to load file C:\Users\user\AppData\Local\Microsoft\Windows\Fonts\210 콤퓨타세탁B.ttf
1.9120 	WARNING 	Font Manager failed to load file C:\Users\user\AppData\Local\Microsoft\Windows\Fonts\210 맨발의청춘L.ttf
1.9130 	WARNING 	Font Manager failed to load file C:\Users\user\AppData\Local\Microsoft\Windows\Fonts\210 씨앗R.ttf
1.9140 	WARNING 	Font Manager failed to load file C:\Users\user\AppData\Local\Microsoft\Windows\Fonts\210 나무고딕L.ttf
1.9164 	WARNING 	Font Manager failed to load file C:\Users\user\AppData\Local\Microsoft\Windows\Fonts\나눔고딕L.ttf
1.9211 	WARNING 	Font Manager failed to load file C:\Users\user\AppData\Local\Microsoft\Windows\Fonts\210 맨발의청춘B.ttf
1.9265 	WARNING 	Font Manager failed to load file C:\Users\user\AppData\Local\Microsoft\Windows\Fonts\210 콤퓨타세탁L.ttf
1.9276 	WARNING 	Font Manager failed to load file C:\Users\user\AppData\Local\Microsoft\Windows\Fonts\아리따-돋움(TTF)-Light.ttf
1.9301 	WARNING 	Font Manager failed to load file C:\Users\user\AppData\Local\Microsoft\Windows\Fonts\아리따-돋움(TTF)-SemiBold.ttf
1.9317 	WARNING 	Font Manager failed to load file C:\Users\user\AppData\Local\Microsoft\Windows\Fonts\a고딕13.ttf
1.9349 	WARNING 	Font Manager failed to load file C:\Users\user\AppData\Local\Microsoft\Windows\Fonts\210 상상공작소L.ttf
1.9350 	WARNING 	Font Manager failed to load file C:\Users\user\AppData\Local\Microsoft\Windows\Fonts\210 카툰스토리B.ttf
1.9357 	WARNING 	Font Manager failed to load file C:\Users\user\AppData\Local\Microsoft\Windows\Fonts\서울남산 장체L.ttf
1.9366 	WARNING 	Font Manager failed to load file C:\Users\user\AppData\Local\Microsoft\Windows\Fonts\a고딕14.ttf
1.9369 	WARNING 	Font Manager failed to load file C:\Users\user\AppData\Local\Microsoft\Windows\Fonts\서울남산 장체B.ttf
1.9377 	WARNING 	Font Manager failed to load file C:\Users\user\AppData\Local\Microsoft\Windows\Fonts\서울남산 장체M.ttf
1.9378 	WARNING 	Font Manager failed to load file C:\Users\user\AppData\Local\Microsoft\Windows\Fonts\210 맨발의청춘R.ttf
1.9430 	WARNING 	Font Manager failed to load file C:\Users\user\AppData\Local\Microsoft\Windows\Fonts\210 콤퓨타세탁R.ttf
1.9491 	WARNING 	Font Manager failed to load file C:\Users\user\AppData\Local\Microsoft\Windows\Fonts\a뉴굴림2.ttf
1.9505 	WARNING 	Font Manager failed to load file C:\Users\user\AppData\Local\Microsoft\Windows\Fonts\210 하얀바람B.ttf
1.9517 	WARNING 	Font Manager failed to load file C:\Users\user\AppData\Local\Microsoft\Windows\Fonts\210 동화책R.ttf
1.9526 	WARNING 	Font Manager failed to load file C:\Users\user\AppData\Local\Microsoft\Windows\Fonts\아리따-돋움(TTF)-Bold.ttf
1.9534 	WARNING 	Font Manager failed to load file C:\Users\user\AppData\Local\Microsoft\Windows\Fonts\210 카툰스토리R.ttf
1.9557 	WARNING 	Font Manager failed to load file C:\Users\user\AppData\Local\Microsoft\Windows\Fonts\210 동화책B.ttf
1.9591 	WARNING 	Font Manager failed to load file C:\Users\user\AppData\Local\Microsoft\Windows\Fonts\210 나무고딕B.ttf
1.9616 	WARNING 	Font Manager failed to load file C:\Users\user\AppData\Local\Microsoft\Windows\Fonts\아리따-돋움(TTF)-Thin.ttf
1.9633 	WARNING 	Font Manager failed to load file C:\Users\user\AppData\Local\Microsoft\Windows\Fonts\210 동화책L.ttf
1.9653 	WARNING 	Font Manager failed to load file C:\Users\user\AppData\Local\Microsoft\Windows\Fonts\a고딕15.ttf
1.9669 	WARNING 	Font Manager failed to load file C:\Users\user\AppData\Local\Microsoft\Windows\Fonts\a고딕11.ttf
6.0495 	EXP 	Created window1 = Window(allowGUI=False, allowStencil=False, autoLog=True, backendConf=UNKNOWN, backgroundFit=<method-wrapper '__getattribute__' of attributeSetter object at 0x000001CB8BA5F280>, backgroundImage=<method-wrapper '__getattribute__' of attributeSetter object at 0x000001CB8BA5F220>, bitsMode=UNKNOWN, blendMode='avg', bpc=(8, 8, 8), color=array([-1., -1., -1.]), colorSpace='rgb', depthBits=8, fullscr=True, gamma=None, gammaErrorPolicy='raise', infoMsg=UNKNOWN, lms=UNKNOWN, monitor=<psychopy.monitors.calibTools.Monitor object at 0x000001CB8BD305E0>, multiSample=False, name='window1', numSamples=2, pos=[np.float64(0.0), np.float64(0.0)], screen=0, size=array([1920, 1080]), stencilBits=0, stereo=False, title='PsychoPy', units='height', useFBO=True, useRetina=False, viewOri=0.0, viewPos=None, viewScale=None, waitBlanking=True, winType='pyglet')
6.0495 	EXP 	window1: backgroundImage = ''
6.0495 	EXP 	window1: backgroundFit = 'none'
6.3101 	EXP 	window1: Attempting to measure frame rate of screen (0) ...
6.3101 	EXP 	window1: recordFrameIntervals = False
6.4461 	EXP 	window1: recordFrameIntervals = True
6.5371 	EXP 	Screen (0) actual frame rate measured at 121.15Hz
6.5371 	EXP 	window1: recordFrameIntervals = False
7.6065 	EXP 	online_LDT&KRT: status = STARTED
7.6939 	EXP 	Created intro_text = TextStim(__class__=<class 'psychopy.visual.text.TextStim'>, alignHoriz=method-wrapper(...), alignText='center', alignVert=method-wrapper(...), anchorHoriz='center', anchorVert='center', antialias=True, autoDraw=False, autoLog=True, bold=False, color=array([1., 1., 1.]), colorSpace='rgb', contrast=1.0, depth=0.0, draggable=False, flipHoriz=False, flipVert=False, font='NanumGothic', fontFiles=[], height=np.float64(0.03), italic=False, languageStyle='LTR', name='intro_text', opacity=1, ori=0.0, pos=array([0., 0.]), rgb=UNKNOWN, text=str(...), units='height', win=Window(...), wrapWidth=1)
7.7127 	EXP 	Created LDT_intro_instr = TextStim(__class__=<class 'psychopy.visual.text.TextStim'>, alignHoriz=method-wrapper(...), alignText='center', alignVert=method-wrapper(...), anchorHoriz='center', anchorVert='center', antialias=True, autoDraw=False, autoLog=True, bold=False, color=array([1., 1., 1.]), colorSpace='rgb', contrast=1.0, depth=0.0, draggable=False, flipHoriz=False, flipVert=False, font='NanumGothic', fontFiles=[], height=np.float64(0.03), italic=False, languageStyle='LTR', name='LDT_intro_instr', opacity=1, ori=0.0, pos=array([0. , 0.2]), rgb=UNKNOWN, text=str(...), units='height', win=Window(...), wrapWidth=1)
7.7241 	EXP 	Created keyboard_LDT = ImageStim(__class__=<class 'psychopy.visual.image.ImageStim'>, anchor=('center', 'center'), autoLog=True, color=array([1., 1., 1.]), colorSpace='rgb', contrast=1.0, depth=-2.0, draggable=False, flipHoriz=np.False_, flipVert=np.False_, image='keyboard_LDT_RR.png', interpolate=True, mask=None, maskParams=None, name='keyboard_LDT', opacity=1, ori=0.0, pos=array([ 0. , -0.2]), size=array([0.6 , 0.35]), texRes=128.0, units='height', win=Window(...))
7.7268 	EXP 	Created LDT_prac_fix_text = TextStim(__class__=<class 'psychopy.visual.text.TextStim'>, alignHoriz=method-wrapper(...), alignText='center', alignVert=method-wrapper(...), anchorHoriz='center', anchorVert='center', antialias=True, autoDraw=False, autoLog=True, bold=False, color=array([1., 1., 1.]), colorSpace='rgb', contrast=1.0, depth=0.0, draggable=False, flipHoriz=False, flipVert=False, font='NanumGothic', fontFiles=[], height=np.float64(0.1), italic=False, languageStyle='LTR', name='LDT_prac_fix_text', opacity=1, ori=0, pos=array([0., 0.]), rgb=UNKNOWN, text='+', units='height', win=Window(...), wrapWidth=1)
7.7272 	EXP 	Created LDT_prac_stim_text = TextStim(__class__=<class 'psychopy.visual.text.TextStim'>, alignHoriz=method-wrapper(...), alignText='center', alignVert=method-wrapper(...), anchorHoriz='center', anchorVert='center', antialias=True, autoDraw=False, autoLog=True, bold=False, color=array([1., 1., 1.]), colorSpace='rgb', contrast=1.0, depth=-1.0, draggable=False, flipHoriz=False, flipVert=False, font='NanumGothic', fontFiles=[], height=0.1, italic=False, languageStyle='LTR', name='LDT_prac_stim_text', opacity=1, ori=0, pos=array([0., 0.]), rgb=UNKNOWN, text='', units='height', win=Window(...), wrapWidth=1)
7.7278 	EXP 	Created LDT_feedback_text = TextStim(__class__=<class 'psychopy.visual.text.TextStim'>, alignHoriz=method-wrapper(...), alignText='center', alignVert=method-wrapper(...), anchorHoriz='center', anchorVert='center', antialias=True, autoDraw=False, autoLog=True, bold=False, color=array([1., 1., 1.]), colorSpace='rgb', contrast=1.0, depth=-1.0, draggable=False, flipHoriz=False, flipVert=False, font='NanumGothic', fontFiles=[], height=0.05, italic=False, languageStyle='LTR', name='LDT_feedback_text', opacity=1, ori=0, pos=array([0., 0.]), rgb=UNKNOWN, text='', units='height', win=Window(...), wrapWidth=1)
7.7413 	EXP 	Created LDT_instr_text = TextStim(__class__=<class 'psychopy.visual.text.TextStim'>, alignHoriz=method-wrapper(...), alignText='center', alignVert=method-wrapper(...), anchorHoriz='center', anchorVert='center', antialias=True, autoDraw=False, autoLog=True, bold=False, color=array([1., 1., 1.]), colorSpace='rgb', contrast=1.0, depth=0.0, draggable=False, flipHoriz=False, flipVert=False, font='NanumGothic', fontFiles=[], height=np.float64(0.03), italic=False, languageStyle='LTR', name='LDT_instr_text', opacity=1, ori=0, pos=array([0., 0.]), rgb=UNKNOWN, text=str(...), units='height', win=Window(...), wrapWidth=1)
7.7427 	EXP 	Created LDT_fix_text = TextStim(__class__=<class 'psychopy.visual.text.TextStim'>, alignHoriz=method-wrapper(...), alignText='center', alignVert=method-wrapper(...), anchorHoriz='center', anchorVert='center', antialias=True, autoDraw=False, autoLog=True, bold=False, color=array([1., 1., 1.]), colorSpace='rgb', contrast=1.0, depth=0.0, draggable=False, flipHoriz=False, flipVert=False, font='NanumGothic', fontFiles=[], height=np.float64(0.1), italic=False, languageStyle='LTR', name='LDT_fix_text', opacity=1, ori=0, pos=array([0., 0.]), rgb=UNKNOWN, text='+', units='height', win=Window(...), wrapWidth=1)
7.7431 	EXP 	Created LDT_stim_text = TextStim(__class__=<class 'psychopy.visual.text.TextStim'>, alignHoriz=method-wrapper(...), alignText='center', alignVert=method-wrapper(...), anchorHoriz='center', anchorVert='center', antialias=True, autoDraw=False, autoLog=True, bold=False, color=array([1., 1., 1.]), colorSpace='rgb', contrast=1.0, depth=-1.0, draggable=False, flipHoriz=False, flipVert=False, font='NanumGothic', fontFiles=[], height=0.1, italic=False, languageStyle='LTR', name='LDT_stim_text', opacity=1, ori=0, pos=array([0., 0.]), rgb=UNKNOWN, text='', units='height', win=Window(...), wrapWidth=1)
7.7487 	EXP 	Created LDT_break_text = TextStim(__class__=<class 'psychopy.visual.text.TextStim'>, alignHoriz=method-wrapper(...), alignText='center', alignVert=method-wrapper(...), anchorHoriz='center', anchorVert='center', antialias=True, autoDraw=False, autoLog=True, bold=False, color=array([1., 1., 1.]), colorSpace='rgb', contrast=1.0, depth=-1.0, draggable=False, flipHoriz=False, flipVert=False, font='NanumGothic', fontFiles=[], height=np.float64(0.03), italic=False, languageStyle='LTR', name='LDT_break_text', opacity=1, ori=0.0, pos=array([0., 0.]), rgb=UNKNOWN, text=str(...), units='height', win=Window(...), wrapWidth=1)
7.7543 	EXP 	Created end_text = TextStim(__class__=<class 'psychopy.visual.text.TextStim'>, alignHoriz=method-wrapper(...), alignText='center', alignVert=method-wrapper(...), anchorHoriz='center', anchorVert='center', antialias=True, autoDraw=False, autoLog=True, bold=False, color=array([1., 1., 1.]), colorSpace='rgb', contrast=1.0, depth=0.0, draggable=False, flipHoriz=False, flipVert=False, font='NanumGothic', fontFiles=[], height=np.float64(0.03), italic=False, languageStyle='LTR', name='end_text', opacity=1, ori=0, pos=array([0., 0.]), rgb=UNKNOWN, text='실험이 종료되었습니다. \n\n실험에 참여해 주셔서 감사합니다.\n\n', units='height', win=Window(...), wrapWidth=1)
0.0171 	EXP 	intro_text: autoDraw = True
0.0878 	EXP 	Device response: <KeyPress from None: t=0.07968519999849377, value=space, duration=None>
0.1005 	EXP 	intro_text: autoDraw = False
0.1005 	EXP 	LDT_intro_instr: autoDraw = True
0.1005 	EXP 	keyboard_LDT: autoDraw = True
0.1014 	DATA 	Keypress: space
0.1509 	EXP 	Device response: <KeyPress from None: t=0.07968519999849377, value=space, duration=0.06551930000205175>
21.5139 	EXP 	Device response: <KeyPress from None: t=21.511335099999997, value=space, duration=None>
21.5183 	EXP 	Imported LDT_pracStim.xlsx as conditions, 10 conditions, 5 params
21.5186 	EXP 	New trial (rep=0, index=0): <Trial 0 (0 in rep 0) data={'Task': 'LDT', 'TrialType': 'Practice', 'Stimuli': 'huftuk', 'CorrectResponse': 'a', 'StimulusType': 'nonword', 'thisN': 0, 'thisTrialN': 0, 'thisRepN': 0}>
21.5302 	EXP 	LDT_intro_instr: autoDraw = False
21.5302 	EXP 	keyboard_LDT: autoDraw = False
21.5302 	EXP 	LDT_prac_stim_text: height = np.float64(0.1)
21.5302 	EXP 	LDT_prac_stim_text: height = np.float64(0.1)
21.5302 	EXP 	LDT_prac_stim_text: height = np.float64(0.1)
21.5302 	EXP 	LDT_prac_stim_text: text = 'huftuk'
21.5302 	EXP 	LDT_prac_fix_text: autoDraw = True
21.5308 	DATA 	Keypress: space
21.6139 	EXP 	Device response: <KeyPress from None: t=21.511335099999997, value=space, duration=0.09631720000106725>
22.0057 	EXP 	LDT_prac_stim_text: autoDraw = True
22.0224 	EXP 	LDT_prac_fix_text: autoDraw = False
24.2416 	EXP 	Device response: <KeyPress from None: t=24.239783799999714, value=a, duration=None>
24.2489 	EXP 	LDT_prac_fix_text: autoDraw = False
24.2489 	EXP 	LDT_prac_stim_text: autoDraw = False
24.2489 	EXP 	LDT_feedback_text: height = np.float64(0.05)
24.2489 	EXP 	LDT_feedback_text: height = np.float64(0.05)
24.2489 	EXP 	LDT_feedback_text: height = np.float64(0.05)
24.2489 	EXP 	LDT_feedback_text: text = '정답입니다!'
24.2489 	EXP 	LDT_feedback_text: autoDraw = True
24.2494 	DATA 	Keypress: a
24.3250 	EXP 	Device response: <KeyPress from None: t=24.239783799999714, value=a, duration=0.07983310000054189>
25.2343 	EXP 	New trial (rep=0, index=1): <Trial 1 (1 in rep 0) data={'Task': 'LDT', 'TrialType': 'Practice', 'Stimuli': 'cluerk', 'CorrectResponse': 'a', 'StimulusType': 'nonword', 'thisN': 1, 'thisTrialN': 1, 'thisRepN': 0}>
25.2425 	EXP 	LDT_feedback_text: autoDraw = False
25.2425 	EXP 	LDT_feedback_text: autoDraw = False
25.2425 	EXP 	LDT_prac_stim_text: height = np.float64(0.1)
25.2425 	EXP 	LDT_prac_stim_text: height = np.float64(0.1)
25.2425 	EXP 	LDT_prac_stim_text: height = np.float64(0.1)
25.2425 	EXP 	LDT_prac_stim_text: text = 'cluerk'
25.2425 	EXP 	LDT_prac_fix_text: autoDraw = True
25.7344 	EXP 	LDT_prac_fix_text: autoDraw = False
25.7344 	EXP 	LDT_prac_stim_text: autoDraw = True
27.4531 	EXP 	Device response: <KeyPress from None: t=27.447565099999338, value=a, duration=None>
27.4611 	EXP 	LDT_prac_fix_text: autoDraw = False
27.4611 	EXP 	LDT_prac_stim_text: autoDraw = False
27.4611 	EXP 	LDT_feedback_text: text = '정답입니다!'
27.4611 	EXP 	LDT_feedback_text: autoDraw = True
27.4617 	DATA 	Keypress: a
27.5365 	EXP 	Device response: <KeyPress from None: t=27.447565099999338, value=a, duration=0.08844669999962207>
28.4457 	EXP 	New trial (rep=0, index=2): <Trial 2 (2 in rep 0) data={'Task': 'LDT', 'TrialType': 'Practice', 'Stimuli': 'cucumber', 'CorrectResponse': 'l', 'StimulusType': 'word', 'thisN': 2, 'thisTrialN': 2, 'thisRepN': 0}>
28.4538 	EXP 	LDT_feedback_text: autoDraw = False
28.4538 	EXP 	LDT_feedback_text: autoDraw = False
28.4538 	EXP 	LDT_prac_stim_text: height = np.float64(0.1)
28.4538 	EXP 	LDT_prac_stim_text: height = np.float64(0.1)
28.4538 	EXP 	LDT_prac_stim_text: height = np.float64(0.1)
28.4538 	EXP 	LDT_prac_stim_text: text = 'cucumber'
28.4538 	EXP 	LDT_prac_fix_text: autoDraw = True
28.9459 	EXP 	LDT_prac_fix_text: autoDraw = False
28.9459 	EXP 	LDT_prac_stim_text: autoDraw = True
30.8481 	EXP 	Device response: <KeyPress from None: t=30.83985400000165, value=a, duration=None>
30.8562 	EXP 	LDT_prac_fix_text: autoDraw = False
30.8562 	EXP 	LDT_prac_stim_text: autoDraw = False
30.8562 	EXP 	LDT_feedback_text: height = np.float64(0.05)
30.8562 	EXP 	LDT_feedback_text: height = np.float64(0.05)
30.8562 	EXP 	LDT_feedback_text: height = np.float64(0.05)
30.8562 	EXP 	LDT_feedback_text: text = '오답입니다'
30.8562 	EXP 	LDT_feedback_text: autoDraw = True
30.8566 	DATA 	Keypress: a
30.9315 	EXP 	Device response: <KeyPress from None: t=30.83985400000165, value=a, duration=0.08833929999673273>
31.8408 	EXP 	New trial (rep=0, index=3): <Trial 3 (3 in rep 0) data={'Task': 'LDT', 'TrialType': 'Practice', 'Stimuli': 'yami', 'CorrectResponse': 'a', 'StimulusType': 'nonword', 'thisN': 3, 'thisTrialN': 3, 'thisRepN': 0}>
31.8488 	EXP 	LDT_feedback_text: autoDraw = False
31.8488 	EXP 	LDT_feedback_text: autoDraw = False
31.8488 	EXP 	LDT_prac_stim_text: height = np.float64(0.1)
31.8488 	EXP 	LDT_prac_stim_text: height = np.float64(0.1)
31.8488 	EXP 	LDT_prac_stim_text: height = np.float64(0.1)
31.8488 	EXP 	LDT_prac_stim_text: text = 'yami'
31.8488 	EXP 	LDT_prac_fix_text: autoDraw = True
32.3410 	EXP 	LDT_prac_fix_text: autoDraw = False
32.3410 	EXP 	LDT_prac_stim_text: autoDraw = True
33.7177 	EXP 	Device response: <KeyPress from None: t=33.7116649999989, value=a, duration=None>
33.7257 	EXP 	LDT_prac_fix_text: autoDraw = False
33.7257 	EXP 	LDT_prac_stim_text: autoDraw = False
33.7257 	EXP 	LDT_feedback_text: height = np.float64(0.05)
33.7257 	EXP 	LDT_feedback_text: height = np.float64(0.05)
33.7257 	EXP 	LDT_feedback_text: height = np.float64(0.05)
33.7257 	EXP 	LDT_feedback_text: text = '정답입니다!'
33.7257 	EXP 	LDT_feedback_text: autoDraw = True
33.7263 	DATA 	Keypress: a
33.8261 	EXP 	Device response: <KeyPress from None: t=33.7116649999989, value=a, duration=0.11290139999982785>
34.7104 	EXP 	New trial (rep=0, index=4): <Trial 4 (4 in rep 0) data={'Task': 'LDT', 'TrialType': 'Practice', 'Stimuli': 'baseball', 'CorrectResponse': 'l', 'StimulusType': 'word', 'thisN': 4, 'thisTrialN': 4, 'thisRepN': 0}>
34.7184 	EXP 	LDT_feedback_text: autoDraw = False
34.7184 	EXP 	LDT_feedback_text: autoDraw = False
34.7184 	EXP 	LDT_prac_stim_text: height = np.float64(0.1)
34.7184 	EXP 	LDT_prac_stim_text: height = np.float64(0.1)
34.7184 	EXP 	LDT_prac_stim_text: height = np.float64(0.1)
34.7184 	EXP 	LDT_prac_stim_text: text = 'baseball'
34.7184 	EXP 	LDT_prac_fix_text: autoDraw = True
35.2105 	EXP 	LDT_prac_fix_text: autoDraw = False
35.2105 	EXP 	LDT_prac_stim_text: autoDraw = True
35.9032 	EXP 	Device response: <KeyPress from None: t=35.89681510000082, value=l, duration=None>
35.9112 	EXP 	LDT_prac_fix_text: autoDraw = False
35.9112 	EXP 	LDT_prac_stim_text: autoDraw = False
35.9112 	EXP 	LDT_feedback_text: text = '정답입니다!'
35.9112 	EXP 	LDT_feedback_text: autoDraw = True
35.9117 	DATA 	Keypress: l
35.9950 	EXP 	Device response: <KeyPress from None: t=35.89681510000082, value=l, duration=0.09533109999756562>
36.8958 	EXP 	New trial (rep=0, index=5): <Trial 5 (5 in rep 0) data={'Task': 'LDT', 'TrialType': 'Practice', 'Stimuli': 'format', 'CorrectResponse': 'l', 'StimulusType': 'word', 'thisN': 5, 'thisTrialN': 5, 'thisRepN': 0}>
36.9039 	EXP 	LDT_feedback_text: autoDraw = False
36.9039 	EXP 	LDT_feedback_text: autoDraw = False
36.9039 	EXP 	LDT_prac_stim_text: height = np.float64(0.1)
36.9039 	EXP 	LDT_prac_stim_text: height = np.float64(0.1)
36.9039 	EXP 	LDT_prac_stim_text: height = np.float64(0.1)
36.9039 	EXP 	LDT_prac_stim_text: text = 'format'
36.9039 	EXP 	LDT_prac_fix_text: autoDraw = True
37.3960 	EXP 	LDT_prac_fix_text: autoDraw = False
37.3960 	EXP 	LDT_prac_stim_text: autoDraw = True
38.5391 	EXP 	Device response: <KeyPress from None: t=38.53642150000087, value=l, duration=None>
38.5471 	EXP 	LDT_prac_fix_text: autoDraw = False
38.5471 	EXP 	LDT_prac_stim_text: autoDraw = False
38.5471 	EXP 	LDT_feedback_text: text = '정답입니다!'
38.5471 	EXP 	LDT_feedback_text: autoDraw = True
38.5476 	DATA 	Keypress: l
38.6476 	EXP 	Device response: <KeyPress from None: t=38.53642150000087, value=l, duration=0.1036896000005072>
39.5318 	EXP 	New trial (rep=0, index=6): <Trial 6 (6 in rep 0) data={'Task': 'LDT', 'TrialType': 'Practice', 'Stimuli': 'truck', 'CorrectResponse': 'l', 'StimulusType': 'word', 'thisN': 6, 'thisTrialN': 6, 'thisRepN': 0}>
39.5398 	EXP 	LDT_feedback_text: autoDraw = False
39.5398 	EXP 	LDT_feedback_text: autoDraw = False
39.5398 	EXP 	LDT_prac_stim_text: height = np.float64(0.1)
39.5398 	EXP 	LDT_prac_stim_text: height = np.float64(0.1)
39.5398 	EXP 	LDT_prac_stim_text: height = np.float64(0.1)
39.5398 	EXP 	LDT_prac_stim_text: text = 'truck'
39.5398 	EXP 	LDT_prac_fix_text: autoDraw = True
40.0320 	EXP 	LDT_prac_fix_text: autoDraw = False
40.0320 	EXP 	LDT_prac_stim_text: autoDraw = True
41.2169 	EXP 	Device response: <KeyPress from None: t=41.216478300000745, value=l, duration=None>
41.2249 	EXP 	LDT_prac_fix_text: autoDraw = False
41.2249 	EXP 	LDT_prac_stim_text: autoDraw = False
41.2249 	EXP 	LDT_feedback_text: text = '정답입니다!'
41.2249 	EXP 	LDT_feedback_text: autoDraw = True
41.2254 	DATA 	Keypress: l
41.3170 	EXP 	Device response: <KeyPress from None: t=41.216478300000745, value=l, duration=0.09506160000091768>
42.2095 	EXP 	New trial (rep=0, index=7): <Trial 7 (7 in rep 0) data={'Task': 'LDT', 'TrialType': 'Practice', 'Stimuli': 'jeong', 'CorrectResponse': 'a', 'StimulusType': 'nonword', 'thisN': 7, 'thisTrialN': 7, 'thisRepN': 0}>
42.2175 	EXP 	LDT_feedback_text: autoDraw = False
42.2175 	EXP 	LDT_feedback_text: autoDraw = False
42.2175 	EXP 	LDT_prac_stim_text: height = np.float64(0.1)
42.2175 	EXP 	LDT_prac_stim_text: height = np.float64(0.1)
42.2175 	EXP 	LDT_prac_stim_text: height = np.float64(0.1)
42.2175 	EXP 	LDT_prac_stim_text: text = 'jeong'
42.2175 	EXP 	LDT_prac_fix_text: autoDraw = True
42.7097 	EXP 	LDT_prac_fix_text: autoDraw = False
42.7097 	EXP 	LDT_prac_stim_text: autoDraw = True
43.7944 	EXP 	Device response: <KeyPress from None: t=43.792318600000726, value=a, duration=None>
43.8024 	EXP 	LDT_prac_fix_text: autoDraw = False
43.8024 	EXP 	LDT_prac_stim_text: autoDraw = False
43.8024 	EXP 	LDT_feedback_text: text = '정답입니다!'
43.8024 	EXP 	LDT_feedback_text: autoDraw = True
43.8029 	DATA 	Keypress: a
43.8862 	EXP 	Device response: <KeyPress from None: t=43.792318600000726, value=a, duration=0.08804909999889787>
44.7870 	EXP 	New trial (rep=0, index=8): <Trial 8 (8 in rep 0) data={'Task': 'LDT', 'TrialType': 'Practice', 'Stimuli': 'concept', 'CorrectResponse': 'l', 'StimulusType': 'word', 'thisN': 8, 'thisTrialN': 8, 'thisRepN': 0}>
44.7952 	EXP 	LDT_feedback_text: autoDraw = False
44.7952 	EXP 	LDT_feedback_text: autoDraw = False
44.7952 	EXP 	LDT_prac_stim_text: height = np.float64(0.1)
44.7952 	EXP 	LDT_prac_stim_text: height = np.float64(0.1)
44.7952 	EXP 	LDT_prac_stim_text: height = np.float64(0.1)
44.7952 	EXP 	LDT_prac_stim_text: text = 'concept'
44.7952 	EXP 	LDT_prac_fix_text: autoDraw = True
45.2872 	EXP 	LDT_prac_fix_text: autoDraw = False
45.2872 	EXP 	LDT_prac_stim_text: autoDraw = True
46.0883 	EXP 	Device response: <KeyPress from None: t=46.080223699998896, value=l, duration=None>
46.0964 	EXP 	LDT_prac_fix_text: autoDraw = False
46.0964 	EXP 	LDT_prac_stim_text: autoDraw = False
46.0964 	EXP 	LDT_feedback_text: text = '정답입니다!'
46.0964 	EXP 	LDT_feedback_text: autoDraw = True
46.0969 	DATA 	Keypress: l
46.1968 	EXP 	Device response: <KeyPress from None: t=46.080223699998896, value=l, duration=0.11243540000214125>
47.0809 	EXP 	New trial (rep=0, index=9): <Trial 9 (9 in rep 0) data={'Task': 'LDT', 'TrialType': 'Practice', 'Stimuli': 'lankua', 'CorrectResponse': 'a', 'StimulusType': 'nonword', 'thisN': 9, 'thisTrialN': 9, 'thisRepN': 0}>
47.0890 	EXP 	LDT_feedback_text: autoDraw = False
47.0890 	EXP 	LDT_feedback_text: autoDraw = False
47.0890 	EXP 	LDT_prac_stim_text: height = np.float64(0.1)
47.0890 	EXP 	LDT_prac_stim_text: height = np.float64(0.1)
47.0890 	EXP 	LDT_prac_stim_text: height = np.float64(0.1)
47.0890 	EXP 	LDT_prac_stim_text: text = 'lankua'
47.0890 	EXP 	LDT_prac_fix_text: autoDraw = True
47.5812 	EXP 	LDT_prac_fix_text: autoDraw = False
47.5812 	EXP 	LDT_prac_stim_text: autoDraw = True
48.5157 	EXP 	Device response: <KeyPress from None: t=48.51323279999997, value=a, duration=None>
48.5238 	EXP 	LDT_prac_fix_text: autoDraw = False
48.5238 	EXP 	LDT_prac_stim_text: autoDraw = False
48.5238 	EXP 	LDT_feedback_text: text = '정답입니다!'
48.5238 	EXP 	LDT_feedback_text: autoDraw = True
48.5243 	DATA 	Keypress: a
48.6159 	EXP 	Device response: <KeyPress from None: t=48.51323279999997, value=a, duration=0.09512750000067172>
49.5165 	EXP 	LDT_feedback_text: autoDraw = False
49.5165 	EXP 	LDT_feedback_text: autoDraw = False
49.5165 	EXP 	LDT_instr_text: autoDraw = True
55.0725 	EXP 	Device response: <KeyPress from None: t=55.071840699998575, value=space, duration=None>
55.0926 	EXP 	Imported LDT_Stim.xlsx as conditions, 222 conditions, 6 params
55.0937 	EXP 	New trial (rep=0, index=0): <Trial 0 (0 in rep 0) data={'Task': 'LDT', 'TrialType': 'Target', 'Stimuli': 'art', 'StimulusType': 'word', 'CorrectResponse': 'l', 'Trialnumb': 15, 'thisN': 0, 'thisTrialN': 0, 'thisRepN': 0}>
55.1054 	EXP 	LDT_instr_text: autoDraw = False
55.1054 	EXP 	LDT_stim_text: height = np.float64(0.1)
55.1054 	EXP 	LDT_stim_text: height = np.float64(0.1)
55.1054 	EXP 	LDT_stim_text: height = np.float64(0.1)
55.1054 	EXP 	LDT_stim_text: text = 'art'
55.1054 	EXP 	LDT_fix_text: autoDraw = True
55.1059 	DATA 	Keypress: space
55.1811 	EXP 	Device response: <KeyPress from None: t=55.071840699998575, value=space, duration=0.10407060000216006>
55.5642 	EXP 	LDT_stim_text: autoDraw = True
55.5976 	EXP 	LDT_fix_text: autoDraw = False
56.1735 	EXP 	Device response: <KeyPress from None: t=56.16803680000157, value=l, duration=None>
56.1737 	EXP 	New trial (rep=0, index=1): <Trial 1 (1 in rep 0) data={'Task': 'LDT', 'TrialType': 'Target', 'Stimuli': 'short', 'StimulusType': 'word', 'CorrectResponse': 'l', 'Trialnumb': 50, 'thisN': 1, 'thisTrialN': 1, 'thisRepN': 0}>
56.1814 	EXP 	LDT_fix_text: autoDraw = False
56.1814 	EXP 	LDT_stim_text: autoDraw = False
56.1814 	EXP 	LDT_break_text: autoDraw = False
56.1814 	EXP 	LDT_stim_text: height = np.float64(0.1)
56.1814 	EXP 	LDT_stim_text: height = np.float64(0.1)
56.1814 	EXP 	LDT_stim_text: height = np.float64(0.1)
56.1814 	EXP 	LDT_stim_text: text = 'short'
56.1814 	EXP 	LDT_fix_text: autoDraw = True
56.1819 	DATA 	Keypress: l
56.2652 	EXP 	Device response: <KeyPress from None: t=56.16803680000157, value=l, duration=0.09526099999857252>
56.6652 	EXP 	LDT_stim_text: autoDraw = True
56.6736 	EXP 	LDT_fix_text: autoDraw = False
57.3496 	EXP 	Device response: <KeyPress from None: t=57.34520429999975, value=l, duration=None>
57.3498 	EXP 	New trial (rep=0, index=2): <Trial 2 (2 in rep 0) data={'Task': 'LDT', 'TrialType': 'Target', 'Stimuli': 'juck', 'StimulusType': 'nonword', 'CorrectResponse': 'a', 'Trialnumb': 161, 'thisN': 2, 'thisTrialN': 2, 'thisRepN': 0}>
57.3576 	EXP 	LDT_fix_text: autoDraw = False
57.3576 	EXP 	LDT_stim_text: autoDraw = False
57.3576 	EXP 	LDT_break_text: autoDraw = False
57.3576 	EXP 	LDT_stim_text: height = np.float64(0.1)
57.3576 	EXP 	LDT_stim_text: height = np.float64(0.1)
57.3576 	EXP 	LDT_stim_text: height = np.float64(0.1)
57.3576 	EXP 	LDT_stim_text: text = 'juck'
57.3576 	EXP 	LDT_fix_text: autoDraw = True
57.3582 	DATA 	Keypress: l
57.4248 	EXP 	Device response: <KeyPress from None: t=57.34520429999975, value=l, duration=0.07910850000189384>
57.8414 	EXP 	LDT_stim_text: autoDraw = True
57.8497 	EXP 	LDT_fix_text: autoDraw = False
58.6925 	EXP 	Device response: <KeyPress from None: t=58.68773829999918, value=a, duration=None>
58.6927 	EXP 	New trial (rep=0, index=3): <Trial 3 (3 in rep 0) data={'Task': 'LDT', 'TrialType': 'Target', 'Stimuli': 'long', 'StimulusType': 'word', 'CorrectResponse': 'l', 'Trialnumb': 6, 'thisN': 3, 'thisTrialN': 3, 'thisRepN': 0}>
58.7006 	EXP 	LDT_fix_text: autoDraw = False
58.7006 	EXP 	LDT_stim_text: autoDraw = False
58.7006 	EXP 	LDT_break_text: autoDraw = False
58.7006 	EXP 	LDT_stim_text: height = np.float64(0.1)
58.7006 	EXP 	LDT_stim_text: height = np.float64(0.1)
58.7006 	EXP 	LDT_stim_text: height = np.float64(0.1)
58.7006 	EXP 	LDT_stim_text: text = 'long'
58.7006 	EXP 	LDT_fix_text: autoDraw = True
58.7012 	DATA 	Keypress: a
58.8260 	EXP 	Device response: <KeyPress from None: t=58.68773829999918, value=a, duration=0.1367558000019926>
59.1844 	EXP 	LDT_stim_text: autoDraw = True
59.1927 	EXP 	LDT_fix_text: autoDraw = False
59.7352 	EXP 	Device response: <KeyPress from None: t=59.72743700000137, value=l, duration=None>
59.7355 	EXP 	New trial (rep=0, index=4): <Trial 4 (4 in rep 0) data={'Task': 'LDT', 'TrialType': 'Target', 'Stimuli': 'sad', 'StimulusType': 'word', 'CorrectResponse': 'l', 'Trialnumb': 69, 'thisN': 4, 'thisTrialN': 4, 'thisRepN': 0}>
59.7433 	EXP 	LDT_fix_text: autoDraw = False
59.7433 	EXP 	LDT_stim_text: autoDraw = False
59.7433 	EXP 	LDT_break_text: autoDraw = False
59.7433 	EXP 	LDT_stim_text: height = np.float64(0.1)
59.7433 	EXP 	LDT_stim_text: height = np.float64(0.1)
59.7433 	EXP 	LDT_stim_text: height = np.float64(0.1)
59.7433 	EXP 	LDT_stim_text: text = 'sad'
59.7433 	EXP 	LDT_fix_text: autoDraw = True
59.7438 	DATA 	Keypress: l
59.8187 	EXP 	Device response: <KeyPress from None: t=59.72743700000137, value=l, duration=0.08791329999803565>
60.2271 	EXP 	LDT_stim_text: autoDraw = True
60.2355 	EXP 	LDT_fix_text: autoDraw = False
60.7362 	EXP 	Device response: <KeyPress from None: t=60.73559100000057, value=l, duration=None>
60.7364 	EXP 	New trial (rep=0, index=5): <Trial 5 (5 in rep 0) data={'Task': 'LDT', 'TrialType': 'Target', 'Stimuli': 'lals', 'StimulusType': 'nonword', 'CorrectResponse': 'a', 'Trialnumb': 167, 'thisN': 5, 'thisTrialN': 5, 'thisRepN': 0}>
60.7443 	EXP 	LDT_fix_text: autoDraw = False
60.7443 	EXP 	LDT_stim_text: autoDraw = False
60.7443 	EXP 	LDT_break_text: autoDraw = False
60.7443 	EXP 	LDT_stim_text: height = np.float64(0.1)
60.7443 	EXP 	LDT_stim_text: height = np.float64(0.1)
60.7443 	EXP 	LDT_stim_text: height = np.float64(0.1)
60.7443 	EXP 	LDT_stim_text: text = 'lals'
60.7443 	EXP 	LDT_fix_text: autoDraw = True
60.7447 	DATA 	Keypress: l
60.8197 	EXP 	Device response: <KeyPress from None: t=60.73559100000057, value=l, duration=0.08066150000013295>
61.2282 	EXP 	LDT_stim_text: autoDraw = True
61.2365 	EXP 	LDT_fix_text: autoDraw = False
62.0459 	EXP 	Device response: <KeyPress from None: t=62.0393253000002, value=a, duration=None>
62.0462 	EXP 	New trial (rep=0, index=6): <Trial 6 (6 in rep 0) data={'Task': 'LDT', 'TrialType': 'Target', 'Stimuli': 'man', 'StimulusType': 'word', 'CorrectResponse': 'l', 'Trialnumb': 12, 'thisN': 6, 'thisTrialN': 6, 'thisRepN': 0}>
62.0539 	EXP 	LDT_fix_text: autoDraw = False
62.0539 	EXP 	LDT_stim_text: autoDraw = False
62.0539 	EXP 	LDT_break_text: autoDraw = False
62.0539 	EXP 	LDT_stim_text: height = np.float64(0.1)
62.0539 	EXP 	LDT_stim_text: height = np.float64(0.1)
62.0539 	EXP 	LDT_stim_text: height = np.float64(0.1)
62.0539 	EXP 	LDT_stim_text: text = 'man'
62.0539 	EXP 	LDT_fix_text: autoDraw = True
62.0545 	DATA 	Keypress: a
62.1377 	EXP 	Device response: <KeyPress from None: t=62.0393253000002, value=a, duration=0.0959818000010273>
62.5378 	EXP 	LDT_stim_text: autoDraw = True
62.5461 	EXP 	LDT_fix_text: autoDraw = False
63.0387 	EXP 	Device response: <KeyPress from None: t=63.03181029999905, value=l, duration=None>
63.0390 	EXP 	New trial (rep=0, index=7): <Trial 7 (7 in rep 0) data={'Task': 'LDT', 'TrialType': 'Target', 'Stimuli': 'plan', 'StimulusType': 'word', 'CorrectResponse': 'l', 'Trialnumb': 53, 'thisN': 7, 'thisTrialN': 7, 'thisRepN': 0}>
63.0466 	EXP 	LDT_fix_text: autoDraw = False
63.0466 	EXP 	LDT_stim_text: autoDraw = False
63.0466 	EXP 	LDT_break_text: autoDraw = False
63.0466 	EXP 	LDT_stim_text: height = np.float64(0.1)
63.0466 	EXP 	LDT_stim_text: height = np.float64(0.1)
63.0466 	EXP 	LDT_stim_text: height = np.float64(0.1)
63.0466 	EXP 	LDT_stim_text: text = 'plan'
63.0466 	EXP 	LDT_fix_text: autoDraw = True
63.0473 	DATA 	Keypress: l
63.1387 	EXP 	Device response: <KeyPress from None: t=63.03181029999905, value=l, duration=0.10411060000114958>
63.5305 	EXP 	LDT_stim_text: autoDraw = True
63.5387 	EXP 	LDT_fix_text: autoDraw = False
64.5067 	EXP 	Device response: <KeyPress from None: t=64.50401179999972, value=l, duration=None>
64.5069 	EXP 	New trial (rep=0, index=8): <Trial 8 (8 in rep 0) data={'Task': 'LDT', 'TrialType': 'Target', 'Stimuli': 'rear', 'StimulusType': 'word', 'CorrectResponse': 'l', 'Trialnumb': 110, 'thisN': 8, 'thisTrialN': 8, 'thisRepN': 0}>
64.5147 	EXP 	LDT_fix_text: autoDraw = False
64.5147 	EXP 	LDT_stim_text: autoDraw = False
64.5147 	EXP 	LDT_break_text: autoDraw = False
64.5147 	EXP 	LDT_stim_text: height = np.float64(0.1)
64.5147 	EXP 	LDT_stim_text: height = np.float64(0.1)
64.5147 	EXP 	LDT_stim_text: height = np.float64(0.1)
64.5147 	EXP 	LDT_stim_text: text = 'rear'
64.5147 	EXP 	LDT_fix_text: autoDraw = True
64.5153 	DATA 	Keypress: l
64.5901 	EXP 	Device response: <KeyPress from None: t=64.50401179999972, value=l, duration=0.07934930000192253>
64.9985 	EXP 	LDT_stim_text: autoDraw = True
65.0069 	EXP 	LDT_fix_text: autoDraw = False
67.0177 	EXP 	Device response: <KeyPress from None: t=67.01617550000083, value=a, duration=None>
67.0179 	EXP 	New trial (rep=0, index=9): <Trial 9 (9 in rep 0) data={'Task': 'LDT', 'TrialType': 'Target', 'Stimuli': 'mutch', 'StimulusType': 'nonword', 'CorrectResponse': 'a', 'Trialnumb': 175, 'thisN': 9, 'thisTrialN': 9, 'thisRepN': 0}>
67.0255 	EXP 	LDT_fix_text: autoDraw = False
67.0255 	EXP 	LDT_stim_text: autoDraw = False
67.0255 	EXP 	LDT_break_text: autoDraw = False
67.0255 	EXP 	LDT_stim_text: height = np.float64(0.1)
67.0255 	EXP 	LDT_stim_text: height = np.float64(0.1)
67.0255 	EXP 	LDT_stim_text: height = np.float64(0.1)
67.0255 	EXP 	LDT_stim_text: text = 'mutch'
67.0255 	EXP 	LDT_fix_text: autoDraw = True
67.0261 	DATA 	Keypress: a
67.1093 	EXP 	Device response: <KeyPress from None: t=67.01617550000083, value=a, duration=0.08773769999970682>
67.5094 	EXP 	LDT_stim_text: autoDraw = True
67.5178 	EXP 	LDT_fix_text: autoDraw = False
69.5617 	EXP 	Device response: <KeyPress from None: t=69.55981339999926, value=l, duration=None>
69.5620 	EXP 	New trial (rep=0, index=10): <Trial 10 (10 in rep 0) data={'Task': 'LDT', 'TrialType': 'Target', 'Stimuli': 'price', 'StimulusType': 'word', 'CorrectResponse': 'l', 'Trialnumb': 52, 'thisN': 10, 'thisTrialN': 10, 'thisRepN': 0}>
69.5698 	EXP 	LDT_fix_text: autoDraw = False
69.5698 	EXP 	LDT_stim_text: autoDraw = False
69.5698 	EXP 	LDT_break_text: autoDraw = False
69.5698 	EXP 	LDT_stim_text: height = np.float64(0.1)
69.5698 	EXP 	LDT_stim_text: height = np.float64(0.1)
69.5698 	EXP 	LDT_stim_text: height = np.float64(0.1)
69.5698 	EXP 	LDT_stim_text: text = 'price'
69.5698 	EXP 	LDT_fix_text: autoDraw = True
69.5703 	DATA 	Keypress: l
69.6618 	EXP 	Device response: <KeyPress from None: t=69.55981339999926, value=l, duration=0.0956648999999743>
70.0536 	EXP 	LDT_stim_text: autoDraw = True
70.0619 	EXP 	LDT_fix_text: autoDraw = False
70.6962 	EXP 	Device response: <KeyPress from None: t=70.6959425999994, value=l, duration=None>
70.6965 	EXP 	New trial (rep=0, index=11): <Trial 11 (11 in rep 0) data={'Task': 'LDT', 'TrialType': 'Target', 'Stimuli': 'jite', 'StimulusType': 'nonword', 'CorrectResponse': 'a', 'Trialnumb': 160, 'thisN': 11, 'thisTrialN': 11, 'thisRepN': 0}>
70.7042 	EXP 	LDT_fix_text: autoDraw = False
70.7042 	EXP 	LDT_stim_text: autoDraw = False
70.7042 	EXP 	LDT_break_text: autoDraw = False
70.7042 	EXP 	LDT_stim_text: height = np.float64(0.1)
70.7042 	EXP 	LDT_stim_text: height = np.float64(0.1)
70.7042 	EXP 	LDT_stim_text: height = np.float64(0.1)
70.7042 	EXP 	LDT_stim_text: text = 'jite'
70.7042 	EXP 	LDT_fix_text: autoDraw = True
70.7047 	DATA 	Keypress: l
70.8130 	EXP 	Device response: <KeyPress from None: t=70.6959425999994, value=l, duration=0.11181000000215136>
71.1880 	EXP 	LDT_stim_text: autoDraw = True
71.1964 	EXP 	LDT_fix_text: autoDraw = False
71.8140 	EXP 	Device response: <KeyPress from None: t=71.80752529999882, value=a, duration=None>
71.8143 	EXP 	New trial (rep=0, index=12): <Trial 12 (12 in rep 0) data={'Task': 'LDT', 'TrialType': 'Target', 'Stimuli': 'lay', 'StimulusType': 'word', 'CorrectResponse': 'l', 'Trialnumb': 71, 'thisN': 12, 'thisTrialN': 12, 'thisRepN': 0}>
71.8220 	EXP 	LDT_fix_text: autoDraw = False
71.8220 	EXP 	LDT_stim_text: autoDraw = False
71.8220 	EXP 	LDT_break_text: autoDraw = False
71.8220 	EXP 	LDT_stim_text: height = np.float64(0.1)
71.8220 	EXP 	LDT_stim_text: height = np.float64(0.1)
71.8220 	EXP 	LDT_stim_text: height = np.float64(0.1)
71.8220 	EXP 	LDT_stim_text: text = 'lay'
71.8220 	EXP 	LDT_fix_text: autoDraw = True
71.8225 	DATA 	Keypress: a
71.9390 	EXP 	Device response: <KeyPress from None: t=71.80752529999882, value=a, duration=0.12969400000292808>
72.3058 	EXP 	LDT_stim_text: autoDraw = True
72.3142 	EXP 	LDT_fix_text: autoDraw = False
72.8650 	EXP 	Device response: <KeyPress from None: t=72.86409750000166, value=l, duration=None>
72.8653 	EXP 	New trial (rep=0, index=13): <Trial 13 (13 in rep 0) data={'Task': 'LDT', 'TrialType': 'Target', 'Stimuli': 'sife', 'StimulusType': 'nonword', 'CorrectResponse': 'a', 'Trialnumb': 192, 'thisN': 13, 'thisTrialN': 13, 'thisRepN': 0}>
72.8731 	EXP 	LDT_fix_text: autoDraw = False
72.8731 	EXP 	LDT_stim_text: autoDraw = False
72.8731 	EXP 	LDT_break_text: autoDraw = False
72.8731 	EXP 	LDT_stim_text: height = np.float64(0.1)
72.8731 	EXP 	LDT_stim_text: height = np.float64(0.1)
72.8731 	EXP 	LDT_stim_text: height = np.float64(0.1)
72.8731 	EXP 	LDT_stim_text: text = 'sife'
72.8731 	EXP 	LDT_fix_text: autoDraw = True
72.8737 	DATA 	Keypress: l
72.9651 	EXP 	Device response: <KeyPress from None: t=72.86409750000166, value=l, duration=0.09692639999775565>
73.3570 	EXP 	LDT_stim_text: autoDraw = True
73.3652 	EXP 	LDT_fix_text: autoDraw = False
74.6169 	EXP 	Device response: <KeyPress from None: t=74.61596239999926, value=a, duration=None>
74.6172 	EXP 	New trial (rep=0, index=14): <Trial 14 (14 in rep 0) data={'Task': 'LDT', 'TrialType': 'Target', 'Stimuli': 'judge', 'StimulusType': 'word', 'CorrectResponse': 'l', 'Trialnumb': 67, 'thisN': 14, 'thisTrialN': 14, 'thisRepN': 0}>
74.6248 	EXP 	LDT_fix_text: autoDraw = False
74.6248 	EXP 	LDT_stim_text: autoDraw = False
74.6248 	EXP 	LDT_break_text: autoDraw = False
74.6248 	EXP 	LDT_stim_text: height = np.float64(0.1)
74.6248 	EXP 	LDT_stim_text: height = np.float64(0.1)
74.6248 	EXP 	LDT_stim_text: height = np.float64(0.1)
74.6248 	EXP 	LDT_stim_text: text = 'judge'
74.6248 	EXP 	LDT_fix_text: autoDraw = True
74.6253 	DATA 	Keypress: a
74.7419 	EXP 	Device response: <KeyPress from None: t=74.61596239999926, value=a, duration=0.11961639999935869>
75.1087 	EXP 	LDT_stim_text: autoDraw = True
75.1169 	EXP 	LDT_fix_text: autoDraw = False
75.7598 	EXP 	Device response: <KeyPress from None: t=75.75950680000096, value=l, duration=None>
75.7684 	EXP 	New trial (rep=0, index=15): <Trial 15 (15 in rep 0) data={'Task': 'LDT', 'TrialType': 'Target', 'Stimuli': 'stap', 'StimulusType': 'nonword', 'CorrectResponse': 'a', 'Trialnumb': 199, 'thisN': 15, 'thisTrialN': 15, 'thisRepN': 0}>
75.7697 	DATA 	Keypress: l
75.7759 	EXP 	LDT_fix_text: autoDraw = False
75.7759 	EXP 	LDT_stim_text: autoDraw = False
75.7759 	EXP 	LDT_break_text: autoDraw = False
75.7759 	EXP 	LDT_stim_text: height = np.float64(0.1)
75.7759 	EXP 	LDT_stim_text: height = np.float64(0.1)
75.7759 	EXP 	LDT_stim_text: height = np.float64(0.1)
75.7759 	EXP 	LDT_stim_text: text = 'stap'
75.7759 	EXP 	LDT_fix_text: autoDraw = True
75.8680 	EXP 	Device response: <KeyPress from None: t=75.75950680000096, value=l, duration=0.10476999999809777>
76.2597 	EXP 	LDT_stim_text: autoDraw = True
76.2681 	EXP 	LDT_fix_text: autoDraw = False
78.2121 	EXP 	Device response: <KeyPress from None: t=78.20917259999987, value=a, duration=None>
78.2123 	EXP 	New trial (rep=0, index=16): <Trial 16 (16 in rep 0) data={'Task': 'LDT', 'TrialType': 'Target', 'Stimuli': 'trag', 'StimulusType': 'nonword', 'CorrectResponse': 'a', 'Trialnumb': 205, 'thisN': 16, 'thisTrialN': 16, 'thisRepN': 0}>
78.2201 	EXP 	LDT_fix_text: autoDraw = False
78.2201 	EXP 	LDT_stim_text: autoDraw = False
78.2201 	EXP 	LDT_break_text: autoDraw = False
78.2201 	EXP 	LDT_stim_text: height = np.float64(0.1)
78.2201 	EXP 	LDT_stim_text: height = np.float64(0.1)
78.2201 	EXP 	LDT_stim_text: height = np.float64(0.1)
78.2201 	EXP 	LDT_stim_text: text = 'trag'
78.2201 	EXP 	LDT_fix_text: autoDraw = True
78.2206 	DATA 	Keypress: a
78.3038 	EXP 	Device response: <KeyPress from None: t=78.20917259999987, value=a, duration=0.09412770000199089>
78.7038 	EXP 	LDT_stim_text: autoDraw = True
78.7122 	EXP 	LDT_fix_text: autoDraw = False
80.1223 	EXP 	Device response: <KeyPress from None: t=80.12031099999876, value=a, duration=None>
80.1226 	EXP 	New trial (rep=0, index=17): <Trial 17 (17 in rep 0) data={'Task': 'LDT', 'TrialType': 'Target', 'Stimuli': 'sere', 'StimulusType': 'nonword', 'CorrectResponse': 'a', 'Trialnumb': 190, 'thisN': 17, 'thisTrialN': 17, 'thisRepN': 0}>
80.1303 	EXP 	LDT_fix_text: autoDraw = False
80.1303 	EXP 	LDT_stim_text: autoDraw = False
80.1303 	EXP 	LDT_break_text: autoDraw = False
80.1303 	EXP 	LDT_stim_text: height = np.float64(0.1)
80.1303 	EXP 	LDT_stim_text: height = np.float64(0.1)
80.1303 	EXP 	LDT_stim_text: height = np.float64(0.1)
80.1303 	EXP 	LDT_stim_text: text = 'sere'
80.1303 	EXP 	LDT_fix_text: autoDraw = True
80.1308 	DATA 	Keypress: a
80.2307 	EXP 	Device response: <KeyPress from None: t=80.12031099999876, value=a, duration=0.10352220000277157>
80.6141 	EXP 	LDT_stim_text: autoDraw = True
80.6224 	EXP 	LDT_fix_text: autoDraw = False
81.8074 	EXP 	Device response: <KeyPress from None: t=81.79995069999859, value=a, duration=None>
81.8076 	EXP 	New trial (rep=0, index=18): <Trial 18 (18 in rep 0) data={'Task': 'LDT', 'TrialType': 'Target', 'Stimuli': 'mass', 'StimulusType': 'word', 'CorrectResponse': 'l', 'Trialnumb': 102, 'thisN': 18, 'thisTrialN': 18, 'thisRepN': 0}>
81.8153 	EXP 	LDT_fix_text: autoDraw = False
81.8153 	EXP 	LDT_stim_text: autoDraw = False
81.8153 	EXP 	LDT_break_text: autoDraw = False
81.8153 	EXP 	LDT_stim_text: height = np.float64(0.1)
81.8153 	EXP 	LDT_stim_text: height = np.float64(0.1)
81.8153 	EXP 	LDT_stim_text: height = np.float64(0.1)
81.8153 	EXP 	LDT_stim_text: text = 'mass'
81.8153 	EXP 	LDT_fix_text: autoDraw = True
81.8158 	DATA 	Keypress: a
81.8991 	EXP 	Device response: <KeyPress from None: t=81.79995069999859, value=a, duration=0.09543260000282316>
82.2991 	EXP 	LDT_stim_text: autoDraw = True
82.3075 	EXP 	LDT_fix_text: autoDraw = False
82.8166 	EXP 	Device response: <KeyPress from None: t=82.80827900000077, value=l, duration=None>
82.8169 	EXP 	New trial (rep=0, index=19): <Trial 19 (19 in rep 0) data={'Task': 'LDT', 'TrialType': 'Target', 'Stimuli': 'strip', 'StimulusType': 'word', 'CorrectResponse': 'l', 'Trialnumb': 104, 'thisN': 19, 'thisTrialN': 19, 'thisRepN': 0}>
82.8183 	DATA 	Keypress: l
82.8246 	EXP 	LDT_fix_text: autoDraw = False
82.8246 	EXP 	LDT_stim_text: autoDraw = False
82.8246 	EXP 	LDT_break_text: autoDraw = False
82.8246 	EXP 	LDT_stim_text: height = np.float64(0.1)
82.8246 	EXP 	LDT_stim_text: height = np.float64(0.1)
82.8246 	EXP 	LDT_stim_text: height = np.float64(0.1)
82.8246 	EXP 	LDT_stim_text: text = 'strip'
82.8246 	EXP 	LDT_fix_text: autoDraw = True
82.9084 	EXP 	Device response: <KeyPress from None: t=82.80827900000077, value=l, duration=0.09567590000006021>
83.3085 	EXP 	LDT_stim_text: autoDraw = True
83.3168 	EXP 	LDT_fix_text: autoDraw = False
84.1846 	EXP 	Device response: <KeyPress from None: t=84.18356109999877, value=l, duration=None>
84.1848 	EXP 	New trial (rep=0, index=20): <Trial 20 (20 in rep 0) data={'Task': 'LDT', 'TrialType': 'Target', 'Stimuli': 'stort', 'StimulusType': 'nonword', 'CorrectResponse': 'a', 'Trialnumb': 201, 'thisN': 20, 'thisTrialN': 20, 'thisRepN': 0}>
84.1927 	EXP 	LDT_fix_text: autoDraw = False
84.1927 	EXP 	LDT_stim_text: autoDraw = False
84.1927 	EXP 	LDT_break_text: autoDraw = False
84.1927 	EXP 	LDT_stim_text: height = np.float64(0.1)
84.1927 	EXP 	LDT_stim_text: height = np.float64(0.1)
84.1927 	EXP 	LDT_stim_text: height = np.float64(0.1)
84.1927 	EXP 	LDT_stim_text: text = 'stort'
84.1927 	EXP 	LDT_fix_text: autoDraw = True
84.1932 	DATA 	Keypress: l
84.3100 	EXP 	Device response: <KeyPress from None: t=84.18356109999877, value=l, duration=0.11993179999990389>
84.6765 	EXP 	LDT_stim_text: autoDraw = True
84.6848 	EXP 	LDT_fix_text: autoDraw = False
85.1357 	EXP 	Device response: <KeyPress from None: t=85.13540410000132, value=l, duration=None>
85.1360 	EXP 	New trial (rep=0, index=21): <Trial 21 (21 in rep 0) data={'Task': 'LDT', 'TrialType': 'Target', 'Stimuli': 'read', 'StimulusType': 'word', 'CorrectResponse': 'l', 'Trialnumb': 31, 'thisN': 21, 'thisTrialN': 21, 'thisRepN': 0}>
85.1437 	EXP 	LDT_fix_text: autoDraw = False
85.1437 	EXP 	LDT_stim_text: autoDraw = False
85.1437 	EXP 	LDT_break_text: autoDraw = False
85.1437 	EXP 	LDT_stim_text: height = np.float64(0.1)
85.1437 	EXP 	LDT_stim_text: height = np.float64(0.1)
85.1437 	EXP 	LDT_stim_text: height = np.float64(0.1)
85.1437 	EXP 	LDT_stim_text: text = 'read'
85.1437 	EXP 	LDT_fix_text: autoDraw = True
85.1443 	DATA 	Keypress: l
85.2190 	EXP 	Device response: <KeyPress from None: t=85.13540410000132, value=l, duration=0.0803935999974783>
85.6274 	EXP 	LDT_stim_text: autoDraw = True
85.6358 	EXP 	LDT_fix_text: autoDraw = False
86.3535 	EXP 	Device response: <KeyPress from None: t=86.35146579999855, value=l, duration=None>
86.3538 	EXP 	New trial (rep=0, index=22): <Trial 22 (22 in rep 0) data={'Task': 'LDT', 'TrialType': 'Target', 'Stimuli': 'stop', 'StimulusType': 'word', 'CorrectResponse': 'l', 'Trialnumb': 44, 'thisN': 22, 'thisTrialN': 22, 'thisRepN': 0}>
86.3615 	EXP 	LDT_fix_text: autoDraw = False
86.3615 	EXP 	LDT_stim_text: autoDraw = False
86.3615 	EXP 	LDT_break_text: autoDraw = False
86.3615 	EXP 	LDT_stim_text: height = np.float64(0.1)
86.3615 	EXP 	LDT_stim_text: height = np.float64(0.1)
86.3615 	EXP 	LDT_stim_text: height = np.float64(0.1)
86.3615 	EXP 	LDT_stim_text: text = 'stop'
86.3615 	EXP 	LDT_fix_text: autoDraw = True
86.3621 	DATA 	Keypress: l
86.4370 	EXP 	Device response: <KeyPress from None: t=86.35146579999855, value=l, duration=0.07987080000020796>
86.8453 	EXP 	LDT_stim_text: autoDraw = True
86.8536 	EXP 	LDT_fix_text: autoDraw = False
87.3378 	EXP 	Device response: <KeyPress from None: t=87.33582119999846, value=l, duration=None>
87.3380 	EXP 	New trial (rep=0, index=23): <Trial 23 (23 in rep 0) data={'Task': 'LDT', 'TrialType': 'Target', 'Stimuli': 'ient', 'StimulusType': 'nonword', 'CorrectResponse': 'a', 'Trialnumb': 157, 'thisN': 23, 'thisTrialN': 23, 'thisRepN': 0}>
87.3458 	EXP 	LDT_fix_text: autoDraw = False
87.3458 	EXP 	LDT_stim_text: autoDraw = False
87.3458 	EXP 	LDT_break_text: autoDraw = False
87.3458 	EXP 	LDT_stim_text: height = np.float64(0.1)
87.3458 	EXP 	LDT_stim_text: height = np.float64(0.1)
87.3458 	EXP 	LDT_stim_text: height = np.float64(0.1)
87.3458 	EXP 	LDT_stim_text: text = 'ient'
87.3458 	EXP 	LDT_fix_text: autoDraw = True
87.3463 	DATA 	Keypress: l
87.4129 	EXP 	Device response: <KeyPress from None: t=87.33582119999846, value=l, duration=0.07163430000218796>
87.8296 	EXP 	LDT_stim_text: autoDraw = True
87.8379 	EXP 	LDT_fix_text: autoDraw = False
88.5307 	EXP 	Device response: <KeyPress from None: t=88.52791900000011, value=a, duration=None>
88.5310 	EXP 	New trial (rep=0, index=24): <Trial 24 (24 in rep 0) data={'Task': 'LDT', 'TrialType': 'Target', 'Stimuli': 'hear', 'StimulusType': 'word', 'CorrectResponse': 'l', 'Trialnumb': 37, 'thisN': 24, 'thisTrialN': 24, 'thisRepN': 0}>
88.5388 	EXP 	LDT_fix_text: autoDraw = False
88.5388 	EXP 	LDT_stim_text: autoDraw = False
88.5388 	EXP 	LDT_break_text: autoDraw = False
88.5388 	EXP 	LDT_stim_text: height = np.float64(0.1)
88.5388 	EXP 	LDT_stim_text: height = np.float64(0.1)
88.5388 	EXP 	LDT_stim_text: height = np.float64(0.1)
88.5388 	EXP 	LDT_stim_text: text = 'hear'
88.5388 	EXP 	LDT_fix_text: autoDraw = True
88.5393 	DATA 	Keypress: a
88.6724 	EXP 	Device response: <KeyPress from None: t=88.52791900000011, value=a, duration=0.13612540000031004>
89.0225 	EXP 	LDT_stim_text: autoDraw = True
89.0308 	EXP 	LDT_fix_text: autoDraw = False
89.5984 	EXP 	Device response: <KeyPress from None: t=89.59207999999853, value=l, duration=None>
89.5986 	EXP 	New trial (rep=0, index=25): <Trial 25 (25 in rep 0) data={'Task': 'LDT', 'TrialType': 'Target', 'Stimuli': 'feek', 'StimulusType': 'nonword', 'CorrectResponse': 'a', 'Trialnumb': 139, 'thisN': 25, 'thisTrialN': 25, 'thisRepN': 0}>
89.6064 	EXP 	LDT_fix_text: autoDraw = False
89.6064 	EXP 	LDT_stim_text: autoDraw = False
89.6064 	EXP 	LDT_break_text: autoDraw = False
89.6064 	EXP 	LDT_stim_text: height = np.float64(0.1)
89.6064 	EXP 	LDT_stim_text: height = np.float64(0.1)
89.6064 	EXP 	LDT_stim_text: height = np.float64(0.1)
89.6064 	EXP 	LDT_stim_text: text = 'feek'
89.6064 	EXP 	LDT_fix_text: autoDraw = True
89.6069 	DATA 	Keypress: l
89.6819 	EXP 	Device response: <KeyPress from None: t=89.59207999999853, value=l, duration=0.08741580000059912>
90.0902 	EXP 	LDT_stim_text: autoDraw = True
90.0986 	EXP 	LDT_fix_text: autoDraw = False
90.8081 	EXP 	Device response: <KeyPress from None: t=90.807546, value=a, duration=None>
90.8083 	EXP 	New trial (rep=0, index=26): <Trial 26 (26 in rep 0) data={'Task': 'LDT', 'TrialType': 'Target', 'Stimuli': 'darb', 'StimulusType': 'nonword', 'CorrectResponse': 'a', 'Trialnumb': 134, 'thisN': 26, 'thisTrialN': 26, 'thisRepN': 0}>
90.8159 	EXP 	LDT_fix_text: autoDraw = False
90.8159 	EXP 	LDT_stim_text: autoDraw = False
90.8159 	EXP 	LDT_break_text: autoDraw = False
90.8159 	EXP 	LDT_stim_text: height = np.float64(0.1)
90.8159 	EXP 	LDT_stim_text: height = np.float64(0.1)
90.8159 	EXP 	LDT_stim_text: height = np.float64(0.1)
90.8159 	EXP 	LDT_stim_text: text = 'darb'
90.8159 	EXP 	LDT_fix_text: autoDraw = True
90.8165 	DATA 	Keypress: a
90.8996 	EXP 	Device response: <KeyPress from None: t=90.807546, value=a, duration=0.08939729999838164>
91.2997 	EXP 	LDT_stim_text: autoDraw = True
91.3081 	EXP 	LDT_fix_text: autoDraw = False
92.0925 	EXP 	Device response: <KeyPress from None: t=92.08912300000156, value=a, duration=None>
92.0927 	EXP 	New trial (rep=0, index=27): <Trial 27 (27 in rep 0) data={'Task': 'LDT', 'TrialType': 'Target', 'Stimuli': 'colo', 'StimulusType': 'nonword', 'CorrectResponse': 'a', 'Trialnumb': 131, 'thisN': 27, 'thisTrialN': 27, 'thisRepN': 0}>
92.1006 	EXP 	LDT_fix_text: autoDraw = False
92.1006 	EXP 	LDT_stim_text: autoDraw = False
92.1006 	EXP 	LDT_break_text: autoDraw = False
92.1006 	EXP 	LDT_stim_text: height = np.float64(0.1)
92.1006 	EXP 	LDT_stim_text: height = np.float64(0.1)
92.1006 	EXP 	LDT_stim_text: height = np.float64(0.1)
92.1006 	EXP 	LDT_stim_text: text = 'colo'
92.1006 	EXP 	LDT_fix_text: autoDraw = True
92.1011 	DATA 	Keypress: a
92.2260 	EXP 	Device response: <KeyPress from None: t=92.08912300000156, value=a, duration=0.13497839999763528>
92.5843 	EXP 	LDT_stim_text: autoDraw = True
92.5927 	EXP 	LDT_fix_text: autoDraw = False
94.0695 	EXP 	Device response: <KeyPress from None: t=94.06408129999909, value=a, duration=None>
94.0697 	EXP 	New trial (rep=0, index=28): <Trial 28 (28 in rep 0) data={'Task': 'LDT', 'TrialType': 'Target', 'Stimuli': 'chat', 'StimulusType': 'word', 'CorrectResponse': 'l', 'Trialnumb': 103, 'thisN': 28, 'thisTrialN': 28, 'thisRepN': 0}>
94.0775 	EXP 	LDT_fix_text: autoDraw = False
94.0775 	EXP 	LDT_stim_text: autoDraw = False
94.0775 	EXP 	LDT_break_text: autoDraw = False
94.0775 	EXP 	LDT_stim_text: height = np.float64(0.1)
94.0775 	EXP 	LDT_stim_text: height = np.float64(0.1)
94.0775 	EXP 	LDT_stim_text: height = np.float64(0.1)
94.0775 	EXP 	LDT_stim_text: text = 'chat'
94.0775 	EXP 	LDT_fix_text: autoDraw = True
94.0780 	DATA 	Keypress: a
94.1696 	EXP 	Device response: <KeyPress from None: t=94.06408129999909, value=a, duration=0.0971121000002313>
94.5613 	EXP 	LDT_stim_text: autoDraw = True
94.5697 	EXP 	LDT_fix_text: autoDraw = False
95.3708 	EXP 	Device response: <KeyPress from None: t=95.36863799999992, value=l, duration=None>
95.3711 	EXP 	New trial (rep=0, index=29): <Trial 29 (29 in rep 0) data={'Task': 'LDT', 'TrialType': 'Target', 'Stimuli': 'party', 'StimulusType': 'word', 'CorrectResponse': 'l', 'Trialnumb': 59, 'thisN': 29, 'thisTrialN': 29, 'thisRepN': 0}>
95.3788 	EXP 	LDT_fix_text: autoDraw = False
95.3788 	EXP 	LDT_stim_text: autoDraw = False
95.3788 	EXP 	LDT_break_text: autoDraw = False
95.3788 	EXP 	LDT_stim_text: height = np.float64(0.1)
95.3788 	EXP 	LDT_stim_text: height = np.float64(0.1)
95.3788 	EXP 	LDT_stim_text: height = np.float64(0.1)
95.3788 	EXP 	LDT_stim_text: text = 'party'
95.3788 	EXP 	LDT_fix_text: autoDraw = True
95.3793 	DATA 	Keypress: l
95.4708 	EXP 	Device response: <KeyPress from None: t=95.36863799999992, value=l, duration=0.09512130000075558>
95.8627 	EXP 	LDT_stim_text: autoDraw = True
95.8710 	EXP 	LDT_fix_text: autoDraw = False
96.3885 	EXP 	Device response: <KeyPress from None: t=96.38329199999862, value=l, duration=None>
96.3887 	EXP 	New trial (rep=0, index=30): <Trial 30 (30 in rep 0) data={'Task': 'LDT', 'TrialType': 'Target', 'Stimuli': 'space', 'StimulusType': 'word', 'CorrectResponse': 'l', 'Trialnumb': 30, 'thisN': 30, 'thisTrialN': 30, 'thisRepN': 0}>
96.3966 	EXP 	LDT_fix_text: autoDraw = False
96.3966 	EXP 	LDT_stim_text: autoDraw = False
96.3966 	EXP 	LDT_break_text: autoDraw = False
96.3966 	EXP 	LDT_stim_text: height = np.float64(0.1)
96.3966 	EXP 	LDT_stim_text: height = np.float64(0.1)
96.3966 	EXP 	LDT_stim_text: height = np.float64(0.1)
96.3966 	EXP 	LDT_stim_text: text = 'space'
96.3966 	EXP 	LDT_fix_text: autoDraw = True
96.3971 	DATA 	Keypress: l
96.5137 	EXP 	Device response: <KeyPress from None: t=96.38329199999862, value=l, duration=0.12813350000214996>
96.8803 	EXP 	LDT_stim_text: autoDraw = True
96.8886 	EXP 	LDT_fix_text: autoDraw = False
97.4228 	EXP 	Device response: <KeyPress from None: t=97.41541299999881, value=l, duration=None>
97.4231 	EXP 	New trial (rep=0, index=31): <Trial 31 (31 in rep 0) data={'Task': 'LDT', 'TrialType': 'Target', 'Stimuli': 'gord', 'StimulusType': 'nonword', 'CorrectResponse': 'a', 'Trialnumb': 148, 'thisN': 31, 'thisTrialN': 31, 'thisRepN': 0}>
97.4310 	EXP 	LDT_fix_text: autoDraw = False
97.4310 	EXP 	LDT_stim_text: autoDraw = False
97.4310 	EXP 	LDT_break_text: autoDraw = False
97.4310 	EXP 	LDT_stim_text: height = np.float64(0.1)
97.4310 	EXP 	LDT_stim_text: height = np.float64(0.1)
97.4310 	EXP 	LDT_stim_text: height = np.float64(0.1)
97.4310 	EXP 	LDT_stim_text: text = 'gord'
97.4310 	EXP 	LDT_fix_text: autoDraw = True
97.4315 	DATA 	Keypress: l
97.5230 	EXP 	Device response: <KeyPress from None: t=97.41541299999881, value=l, duration=0.10404670000207261>
97.9146 	EXP 	LDT_stim_text: autoDraw = True
97.9230 	EXP 	LDT_fix_text: autoDraw = False
99.2414 	EXP 	Device response: <KeyPress from None: t=99.23996089999855, value=a, duration=None>
99.2416 	EXP 	New trial (rep=0, index=32): <Trial 32 (32 in rep 0) data={'Task': 'LDT', 'TrialType': 'Target', 'Stimuli': 'warm', 'StimulusType': 'word', 'CorrectResponse': 'l', 'Trialnumb': 60, 'thisN': 32, 'thisTrialN': 32, 'thisRepN': 0}>
99.2493 	EXP 	LDT_fix_text: autoDraw = False
99.2493 	EXP 	LDT_stim_text: autoDraw = False
99.2493 	EXP 	LDT_break_text: autoDraw = False
99.2493 	EXP 	LDT_stim_text: height = np.float64(0.1)
99.2493 	EXP 	LDT_stim_text: height = np.float64(0.1)
99.2493 	EXP 	LDT_stim_text: height = np.float64(0.1)
99.2493 	EXP 	LDT_stim_text: text = 'warm'
99.2493 	EXP 	LDT_fix_text: autoDraw = True
99.2499 	DATA 	Keypress: a
99.3747 	EXP 	Device response: <KeyPress from None: t=99.23996089999855, value=a, duration=0.12795350000305916>
99.7331 	EXP 	LDT_stim_text: autoDraw = True
99.7416 	EXP 	LDT_fix_text: autoDraw = False
100.5843 	EXP 	Device response: <KeyPress from None: t=100.58356460000141, value=l, duration=None>
100.5845 	EXP 	New trial (rep=0, index=33): <Trial 33 (33 in rep 0) data={'Task': 'LDT', 'TrialType': 'Target', 'Stimuli': 'crap', 'StimulusType': 'word', 'CorrectResponse': 'l', 'Trialnumb': 70, 'thisN': 33, 'thisTrialN': 33, 'thisRepN': 0}>
100.5924 	EXP 	LDT_fix_text: autoDraw = False
100.5924 	EXP 	LDT_stim_text: autoDraw = False
100.5924 	EXP 	LDT_break_text: autoDraw = False
100.5924 	EXP 	LDT_stim_text: height = np.float64(0.1)
100.5924 	EXP 	LDT_stim_text: height = np.float64(0.1)
100.5924 	EXP 	LDT_stim_text: height = np.float64(0.1)
100.5924 	EXP 	LDT_stim_text: text = 'crap'
100.5924 	EXP 	LDT_fix_text: autoDraw = True
100.5930 	DATA 	Keypress: l
100.6927 	EXP 	Device response: <KeyPress from None: t=100.58356460000141, value=l, duration=0.10378589999891119>
101.0762 	EXP 	LDT_stim_text: autoDraw = True
101.0845 	EXP 	LDT_fix_text: autoDraw = False
102.3528 	EXP 	Device response: <KeyPress from None: t=102.35172590000002, value=l, duration=None>
102.3531 	EXP 	New trial (rep=0, index=34): <Trial 34 (34 in rep 0) data={'Task': 'LDT', 'TrialType': 'Target', 'Stimuli': 'vead', 'StimulusType': 'nonword', 'CorrectResponse': 'a', 'Trialnumb': 210, 'thisN': 34, 'thisTrialN': 34, 'thisRepN': 0}>
102.3608 	EXP 	LDT_fix_text: autoDraw = False
102.3608 	EXP 	LDT_stim_text: autoDraw = False
102.3608 	EXP 	LDT_break_text: autoDraw = False
102.3608 	EXP 	LDT_stim_text: height = np.float64(0.1)
102.3608 	EXP 	LDT_stim_text: height = np.float64(0.1)
102.3608 	EXP 	LDT_stim_text: height = np.float64(0.1)
102.3608 	EXP 	LDT_stim_text: text = 'vead'
102.3608 	EXP 	LDT_fix_text: autoDraw = True
102.3613 	DATA 	Keypress: l
102.4446 	EXP 	Device response: <KeyPress from None: t=102.35172590000002, value=l, duration=0.08823620000111987>
102.8446 	EXP 	LDT_stim_text: autoDraw = True
102.8529 	EXP 	LDT_fix_text: autoDraw = False
104.2797 	EXP 	Device response: <KeyPress from None: t=104.27173160000166, value=a, duration=None>
104.2799 	EXP 	New trial (rep=0, index=35): <Trial 35 (35 in rep 0) data={'Task': 'LDT', 'TrialType': 'Target', 'Stimuli': 'basp', 'StimulusType': 'nonword', 'CorrectResponse': 'a', 'Trialnumb': 118, 'thisN': 35, 'thisTrialN': 35, 'thisRepN': 0}>
104.2877 	EXP 	LDT_fix_text: autoDraw = False
104.2877 	EXP 	LDT_stim_text: autoDraw = False
104.2877 	EXP 	LDT_break_text: autoDraw = False
104.2877 	EXP 	LDT_stim_text: height = np.float64(0.1)
104.2877 	EXP 	LDT_stim_text: height = np.float64(0.1)
104.2877 	EXP 	LDT_stim_text: height = np.float64(0.1)
104.2877 	EXP 	LDT_stim_text: text = 'basp'
104.2877 	EXP 	LDT_fix_text: autoDraw = True
104.2881 	DATA 	Keypress: a
104.3715 	EXP 	Device response: <KeyPress from None: t=104.27173160000166, value=a, duration=0.09633799999937764>
104.7715 	EXP 	LDT_stim_text: autoDraw = True
104.7798 	EXP 	LDT_fix_text: autoDraw = False
105.8979 	EXP 	Device response: <KeyPress from None: t=105.89542509999956, value=a, duration=None>
105.8981 	EXP 	New trial (rep=0, index=36): <Trial 36 (36 in rep 0) data={'Task': 'LDT', 'TrialType': 'Target', 'Stimuli': 'smat', 'StimulusType': 'nonword', 'CorrectResponse': 'a', 'Trialnumb': 195, 'thisN': 36, 'thisTrialN': 36, 'thisRepN': 0}>
105.9060 	EXP 	LDT_fix_text: autoDraw = False
105.9060 	EXP 	LDT_stim_text: autoDraw = False
105.9060 	EXP 	LDT_break_text: autoDraw = False
105.9060 	EXP 	LDT_stim_text: height = np.float64(0.1)
105.9060 	EXP 	LDT_stim_text: height = np.float64(0.1)
105.9060 	EXP 	LDT_stim_text: height = np.float64(0.1)
105.9060 	EXP 	LDT_stim_text: text = 'smat'
105.9060 	EXP 	LDT_fix_text: autoDraw = True
105.9066 	DATA 	Keypress: a
106.0481 	EXP 	Device response: <KeyPress from None: t=105.89542509999956, value=a, duration=0.14442540000163717>
106.3898 	EXP 	LDT_stim_text: autoDraw = True
106.3981 	EXP 	LDT_fix_text: autoDraw = False
111.0030 	EXP 	Device response: <KeyPress from None: t=111.00010249999832, value=l, duration=None>
111.0033 	EXP 	New trial (rep=0, index=37): <Trial 37 (37 in rep 0) data={'Task': 'LDT', 'TrialType': 'Target', 'Stimuli': 'side', 'StimulusType': 'word', 'CorrectResponse': 'l', 'Trialnumb': 48, 'thisN': 37, 'thisTrialN': 37, 'thisRepN': 0}>
111.0111 	EXP 	LDT_fix_text: autoDraw = False
111.0111 	EXP 	LDT_stim_text: autoDraw = False
111.0111 	EXP 	LDT_break_text: autoDraw = False
111.0111 	EXP 	LDT_stim_text: height = np.float64(0.1)
111.0111 	EXP 	LDT_stim_text: height = np.float64(0.1)
111.0111 	EXP 	LDT_stim_text: height = np.float64(0.1)
111.0111 	EXP 	LDT_stim_text: text = 'side'
111.0111 	EXP 	LDT_fix_text: autoDraw = True
111.0116 	DATA 	Keypress: l
111.0948 	EXP 	Device response: <KeyPress from None: t=111.00010249999832, value=l, duration=0.08787930000107735>
111.4949 	EXP 	LDT_stim_text: autoDraw = True
111.5032 	EXP 	LDT_fix_text: autoDraw = False
111.9790 	EXP 	Device response: <KeyPress from None: t=111.97574090000126, value=l, duration=None>
111.9793 	EXP 	New trial (rep=0, index=38): <Trial 38 (38 in rep 0) data={'Task': 'LDT', 'TrialType': 'Target', 'Stimuli': 'sloy', 'StimulusType': 'nonword', 'CorrectResponse': 'a', 'Trialnumb': 194, 'thisN': 38, 'thisTrialN': 38, 'thisRepN': 0}>
111.9870 	EXP 	LDT_fix_text: autoDraw = False
111.9870 	EXP 	LDT_stim_text: autoDraw = False
111.9870 	EXP 	LDT_break_text: autoDraw = False
111.9870 	EXP 	LDT_stim_text: height = np.float64(0.1)
111.9870 	EXP 	LDT_stim_text: height = np.float64(0.1)
111.9870 	EXP 	LDT_stim_text: height = np.float64(0.1)
111.9870 	EXP 	LDT_stim_text: text = 'sloy'
111.9870 	EXP 	LDT_fix_text: autoDraw = True
111.9875 	DATA 	Keypress: l
112.0958 	EXP 	Device response: <KeyPress from None: t=111.97574090000126, value=l, duration=0.11224969999966561>
112.4708 	EXP 	LDT_stim_text: autoDraw = True
112.4792 	EXP 	LDT_fix_text: autoDraw = False
113.2219 	EXP 	Device response: <KeyPress from None: t=113.2155031000002, value=a, duration=None>
113.2222 	EXP 	New trial (rep=0, index=39): <Trial 39 (39 in rep 0) data={'Task': 'LDT', 'TrialType': 'Target', 'Stimuli': 'coss', 'StimulusType': 'nonword', 'CorrectResponse': 'a', 'Trialnumb': 133, 'thisN': 39, 'thisTrialN': 39, 'thisRepN': 0}>
113.2299 	EXP 	LDT_fix_text: autoDraw = False
113.2299 	EXP 	LDT_stim_text: autoDraw = False
113.2299 	EXP 	LDT_break_text: autoDraw = False
113.2299 	EXP 	LDT_stim_text: height = np.float64(0.1)
113.2299 	EXP 	LDT_stim_text: height = np.float64(0.1)
113.2299 	EXP 	LDT_stim_text: height = np.float64(0.1)
113.2299 	EXP 	LDT_stim_text: text = 'coss'
113.2299 	EXP 	LDT_fix_text: autoDraw = True
113.2304 	DATA 	Keypress: a
113.4137 	EXP 	Device response: <KeyPress from None: t=113.2155031000002, value=a, duration=0.19251200000144308>
113.7137 	EXP 	LDT_stim_text: autoDraw = True
113.7221 	EXP 	LDT_fix_text: autoDraw = False
116.1582 	EXP 	Device response: <KeyPress from None: t=116.15194989999873, value=a, duration=None>
116.1584 	EXP 	New trial (rep=0, index=40): <Trial 40 (40 in rep 0) data={'Task': 'LDT', 'TrialType': 'Target', 'Stimuli': 'gali', 'StimulusType': 'nonword', 'CorrectResponse': 'a', 'Trialnumb': 113, 'thisN': 40, 'thisTrialN': 40, 'thisRepN': 0}>
116.1662 	EXP 	LDT_fix_text: autoDraw = False
116.1662 	EXP 	LDT_stim_text: autoDraw = False
116.1662 	EXP 	LDT_break_text: autoDraw = False
116.1662 	EXP 	LDT_stim_text: height = np.float64(0.1)
116.1662 	EXP 	LDT_stim_text: height = np.float64(0.1)
116.1662 	EXP 	LDT_stim_text: height = np.float64(0.1)
116.1662 	EXP 	LDT_stim_text: text = 'gali'
116.1662 	EXP 	LDT_fix_text: autoDraw = True
116.1667 	DATA 	Keypress: a
116.2333 	EXP 	Device response: <KeyPress from None: t=116.15194989999873, value=a, duration=0.07968130000153906>
116.6499 	EXP 	LDT_stim_text: autoDraw = True
116.6584 	EXP 	LDT_fix_text: autoDraw = False
117.9600 	EXP 	Device response: <KeyPress from None: t=117.95941790000143, value=a, duration=None>
117.9602 	EXP 	New trial (rep=0, index=41): <Trial 41 (41 in rep 0) data={'Task': 'LDT', 'TrialType': 'Target', 'Stimuli': 'year', 'StimulusType': 'word', 'CorrectResponse': 'l', 'Trialnumb': 10, 'thisN': 41, 'thisTrialN': 41, 'thisRepN': 0}>
117.9680 	EXP 	LDT_fix_text: autoDraw = False
117.9680 	EXP 	LDT_stim_text: autoDraw = False
117.9680 	EXP 	LDT_break_text: autoDraw = False
117.9680 	EXP 	LDT_stim_text: height = np.float64(0.1)
117.9680 	EXP 	LDT_stim_text: height = np.float64(0.1)
117.9680 	EXP 	LDT_stim_text: height = np.float64(0.1)
117.9680 	EXP 	LDT_stim_text: text = 'year'
117.9680 	EXP 	LDT_fix_text: autoDraw = True
117.9685 	DATA 	Keypress: a
118.1017 	EXP 	Device response: <KeyPress from None: t=117.95941790000143, value=a, duration=0.13599459999750252>
118.4518 	EXP 	LDT_stim_text: autoDraw = True
118.4601 	EXP 	LDT_fix_text: autoDraw = False
119.1778 	EXP 	Device response: <KeyPress from None: t=119.17726269999912, value=l, duration=None>
119.1781 	EXP 	New trial (rep=0, index=42): <Trial 42 (42 in rep 0) data={'Task': 'LDT', 'TrialType': 'Target', 'Stimuli': 'spum', 'StimulusType': 'nonword', 'CorrectResponse': 'a', 'Trialnumb': 198, 'thisN': 42, 'thisTrialN': 42, 'thisRepN': 0}>
119.1859 	EXP 	LDT_fix_text: autoDraw = False
119.1859 	EXP 	LDT_stim_text: autoDraw = False
119.1859 	EXP 	LDT_break_text: autoDraw = False
119.1859 	EXP 	LDT_stim_text: height = np.float64(0.1)
119.1859 	EXP 	LDT_stim_text: height = np.float64(0.1)
119.1859 	EXP 	LDT_stim_text: height = np.float64(0.1)
119.1859 	EXP 	LDT_stim_text: text = 'spum'
119.1859 	EXP 	LDT_fix_text: autoDraw = True
119.1864 	DATA 	Keypress: l
119.2946 	EXP 	Device response: <KeyPress from None: t=119.17726269999912, value=l, duration=0.11153080000076443>
119.6697 	EXP 	LDT_stim_text: autoDraw = True
119.6780 	EXP 	LDT_fix_text: autoDraw = False
120.8962 	EXP 	Device response: <KeyPress from None: t=120.89581650000036, value=a, duration=None>
120.8964 	EXP 	New trial (rep=0, index=43): <Trial 43 (43 in rep 0) data={'Task': 'LDT', 'TrialType': 'Target', 'Stimuli': 'saos', 'StimulusType': 'nonword', 'CorrectResponse': 'a', 'Trialnumb': 115, 'thisN': 43, 'thisTrialN': 43, 'thisRepN': 0}>
120.9042 	EXP 	LDT_fix_text: autoDraw = False
120.9042 	EXP 	LDT_stim_text: autoDraw = False
120.9042 	EXP 	LDT_break_text: autoDraw = False
120.9042 	EXP 	LDT_stim_text: height = np.float64(0.1)
120.9042 	EXP 	LDT_stim_text: height = np.float64(0.1)
120.9042 	EXP 	LDT_stim_text: height = np.float64(0.1)
120.9042 	EXP 	LDT_stim_text: text = 'saos'
120.9042 	EXP 	LDT_fix_text: autoDraw = True
120.9048 	DATA 	Keypress: a
121.0546 	EXP 	Device response: <KeyPress from None: t=120.89581650000036, value=a, duration=0.15326179999829037>
121.3880 	EXP 	LDT_stim_text: autoDraw = True
121.3964 	EXP 	LDT_fix_text: autoDraw = False
122.4645 	EXP 	Device response: <KeyPress from None: t=122.46374529999957, value=a, duration=None>
122.4648 	EXP 	New trial (rep=0, index=44): <Trial 44 (44 in rep 0) data={'Task': 'LDT', 'TrialType': 'Target', 'Stimuli': 'trin', 'StimulusType': 'nonword', 'CorrectResponse': 'a', 'Trialnumb': 207, 'thisN': 44, 'thisTrialN': 44, 'thisRepN': 0}>
122.4726 	EXP 	LDT_fix_text: autoDraw = False
122.4726 	EXP 	LDT_stim_text: autoDraw = False
122.4726 	EXP 	LDT_break_text: autoDraw = False
122.4726 	EXP 	LDT_stim_text: height = np.float64(0.1)
122.4726 	EXP 	LDT_stim_text: height = np.float64(0.1)
122.4726 	EXP 	LDT_stim_text: height = np.float64(0.1)
122.4726 	EXP 	LDT_stim_text: text = 'trin'
122.4726 	EXP 	LDT_fix_text: autoDraw = True
122.4731 	DATA 	Keypress: a
122.5813 	EXP 	Device response: <KeyPress from None: t=122.46374529999957, value=a, duration=0.11251249999986612>
122.9563 	EXP 	LDT_stim_text: autoDraw = True
122.9646 	EXP 	LDT_fix_text: autoDraw = False
124.7500 	EXP 	Device response: <KeyPress from None: t=124.74519050000163, value=a, duration=None>
124.7502 	EXP 	New trial (rep=0, index=45): <Trial 45 (45 in rep 0) data={'Task': 'LDT', 'TrialType': 'Target', 'Stimuli': 'back', 'StimulusType': 'word', 'CorrectResponse': 'l', 'Trialnumb': 8, 'thisN': 45, 'thisTrialN': 45, 'thisRepN': 0}>
124.7581 	EXP 	LDT_fix_text: autoDraw = False
124.7581 	EXP 	LDT_stim_text: autoDraw = False
124.7581 	EXP 	LDT_break_text: autoDraw = False
124.7581 	EXP 	LDT_stim_text: height = np.float64(0.1)
124.7581 	EXP 	LDT_stim_text: height = np.float64(0.1)
124.7581 	EXP 	LDT_stim_text: height = np.float64(0.1)
124.7581 	EXP 	LDT_stim_text: text = 'back'
124.7581 	EXP 	LDT_fix_text: autoDraw = True
124.7586 	DATA 	Keypress: a
124.8417 	EXP 	Device response: <KeyPress from None: t=124.74519050000163, value=a, duration=0.09444909999729134>
125.2419 	EXP 	LDT_stim_text: autoDraw = True
125.2503 	EXP 	LDT_fix_text: autoDraw = False
125.7010 	EXP 	Device response: <KeyPress from None: t=125.69690899999841, value=l, duration=None>
125.7012 	EXP 	New trial (rep=0, index=46): <Trial 46 (46 in rep 0) data={'Task': 'LDT', 'TrialType': 'Target', 'Stimuli': 'peaf', 'StimulusType': 'nonword', 'CorrectResponse': 'a', 'Trialnumb': 179, 'thisN': 46, 'thisTrialN': 46, 'thisRepN': 0}>
125.7090 	EXP 	LDT_fix_text: autoDraw = False
125.7090 	EXP 	LDT_stim_text: autoDraw = False
125.7090 	EXP 	LDT_break_text: autoDraw = False
125.7090 	EXP 	LDT_stim_text: height = np.float64(0.1)
125.7090 	EXP 	LDT_stim_text: height = np.float64(0.1)
125.7090 	EXP 	LDT_stim_text: height = np.float64(0.1)
125.7090 	EXP 	LDT_stim_text: text = 'peaf'
125.7090 	EXP 	LDT_fix_text: autoDraw = True
125.7095 	DATA 	Keypress: l
125.7929 	EXP 	Device response: <KeyPress from None: t=125.69690899999841, value=l, duration=0.09478670000316924>
126.1929 	EXP 	LDT_stim_text: autoDraw = True
126.2012 	EXP 	LDT_fix_text: autoDraw = False
126.9940 	EXP 	Device response: <KeyPress from None: t=126.9926861999993, value=a, duration=None>
126.9942 	EXP 	New trial (rep=0, index=47): <Trial 47 (47 in rep 0) data={'Task': 'LDT', 'TrialType': 'Target', 'Stimuli': 'herl', 'StimulusType': 'nonword', 'CorrectResponse': 'a', 'Trialnumb': 152, 'thisN': 47, 'thisTrialN': 47, 'thisRepN': 0}>
127.0020 	EXP 	LDT_fix_text: autoDraw = False
127.0020 	EXP 	LDT_stim_text: autoDraw = False
127.0020 	EXP 	LDT_break_text: autoDraw = False
127.0020 	EXP 	LDT_stim_text: height = np.float64(0.1)
127.0020 	EXP 	LDT_stim_text: height = np.float64(0.1)
127.0020 	EXP 	LDT_stim_text: height = np.float64(0.1)
127.0020 	EXP 	LDT_stim_text: text = 'herl'
127.0020 	EXP 	LDT_fix_text: autoDraw = True
127.0025 	DATA 	Keypress: a
127.0940 	EXP 	Device response: <KeyPress from None: t=126.9926861999993, value=a, duration=0.09546020000198041>
127.4858 	EXP 	LDT_stim_text: autoDraw = True
127.4941 	EXP 	LDT_fix_text: autoDraw = False
129.6382 	EXP 	Device response: <KeyPress from None: t=129.63196700000117, value=a, duration=None>
129.6385 	EXP 	New trial (rep=0, index=48): <Trial 48 (48 in rep 0) data={'Task': 'LDT', 'TrialType': 'Target', 'Stimuli': 'vour', 'StimulusType': 'nonword', 'CorrectResponse': 'a', 'Trialnumb': 214, 'thisN': 48, 'thisTrialN': 48, 'thisRepN': 0}>
129.6464 	EXP 	LDT_fix_text: autoDraw = False
129.6464 	EXP 	LDT_stim_text: autoDraw = False
129.6464 	EXP 	LDT_break_text: autoDraw = False
129.6464 	EXP 	LDT_stim_text: height = np.float64(0.1)
129.6464 	EXP 	LDT_stim_text: height = np.float64(0.1)
129.6464 	EXP 	LDT_stim_text: height = np.float64(0.1)
129.6464 	EXP 	LDT_stim_text: text = 'vour'
129.6464 	EXP 	LDT_fix_text: autoDraw = True
129.6470 	DATA 	Keypress: a
129.7634 	EXP 	Device response: <KeyPress from None: t=129.63196700000117, value=a, duration=0.12787249999746564>
130.1301 	EXP 	LDT_stim_text: autoDraw = True
130.1385 	EXP 	LDT_fix_text: autoDraw = False
130.8896 	EXP 	Device response: <KeyPress from None: t=130.88750060000166, value=a, duration=None>
130.8898 	EXP 	New trial (rep=0, index=49): <Trial 49 (49 in rep 0) data={'Task': 'LDT', 'TrialType': 'Target', 'Stimuli': 'live', 'StimulusType': 'word', 'CorrectResponse': 'l', 'Trialnumb': 24, 'thisN': 49, 'thisTrialN': 49, 'thisRepN': 0}>
130.8975 	EXP 	LDT_fix_text: autoDraw = False
130.8975 	EXP 	LDT_stim_text: autoDraw = False
130.8975 	EXP 	LDT_break_text: autoDraw = False
130.8975 	EXP 	LDT_stim_text: height = np.float64(0.1)
130.8975 	EXP 	LDT_stim_text: height = np.float64(0.1)
130.8975 	EXP 	LDT_stim_text: height = np.float64(0.1)
130.8975 	EXP 	LDT_stim_text: text = 'live'
130.8975 	EXP 	LDT_fix_text: autoDraw = True
130.8981 	DATA 	Keypress: a
130.9812 	EXP 	Device response: <KeyPress from None: t=130.88750060000166, value=a, duration=0.08784109999760403>
131.3813 	EXP 	LDT_stim_text: autoDraw = True
131.3897 	EXP 	LDT_fix_text: autoDraw = False
132.0491 	EXP 	Device response: <KeyPress from None: t=132.04791860000114, value=l, duration=None>
132.0493 	EXP 	New trial (rep=0, index=50): <Trial 50 (50 in rep 0) data={'Task': 'LDT', 'TrialType': 'Target', 'Stimuli': 'yine', 'StimulusType': 'nonword', 'CorrectResponse': 'a', 'Trialnumb': 220, 'thisN': 50, 'thisTrialN': 50, 'thisRepN': 0}>
132.0570 	EXP 	LDT_fix_text: autoDraw = False
132.0570 	EXP 	LDT_stim_text: autoDraw = False
132.0570 	EXP 	LDT_break_text: autoDraw = False
132.0570 	EXP 	LDT_stim_text: height = np.float64(0.1)
132.0570 	EXP 	LDT_stim_text: height = np.float64(0.1)
132.0570 	EXP 	LDT_stim_text: height = np.float64(0.1)
132.0570 	EXP 	LDT_stim_text: text = 'yine'
132.0570 	EXP 	LDT_fix_text: autoDraw = True
132.0575 	DATA 	Keypress: l
132.1325 	EXP 	Device response: <KeyPress from None: t=132.04791860000114, value=l, duration=0.07970369999748073>
132.5408 	EXP 	LDT_stim_text: autoDraw = True
132.5492 	EXP 	LDT_fix_text: autoDraw = False
136.0280 	EXP 	Device response: <KeyPress from None: t=136.02428399999917, value=l, duration=None>
136.0284 	EXP 	New trial (rep=0, index=51): <Trial 51 (51 in rep 0) data={'Task': 'LDT', 'TrialType': 'Target', 'Stimuli': 'tuse', 'StimulusType': 'nonword', 'CorrectResponse': 'a', 'Trialnumb': 209, 'thisN': 51, 'thisTrialN': 51, 'thisRepN': 0}>
136.0361 	EXP 	LDT_fix_text: autoDraw = False
136.0361 	EXP 	LDT_stim_text: autoDraw = False
136.0361 	EXP 	LDT_break_text: autoDraw = False
136.0361 	EXP 	LDT_stim_text: height = np.float64(0.1)
136.0361 	EXP 	LDT_stim_text: height = np.float64(0.1)
136.0361 	EXP 	LDT_stim_text: height = np.float64(0.1)
136.0361 	EXP 	LDT_stim_text: text = 'tuse'
136.0361 	EXP 	LDT_fix_text: autoDraw = True
136.0366 	DATA 	Keypress: l
136.1364 	EXP 	Device response: <KeyPress from None: t=136.02428399999917, value=l, duration=0.10416800000166404>
136.5198 	EXP 	LDT_stim_text: autoDraw = True
136.5283 	EXP 	LDT_fix_text: autoDraw = False
137.3877 	EXP 	Device response: <KeyPress from None: t=137.3834825999984, value=a, duration=None>
137.3880 	EXP 	New trial (rep=0, index=52): <Trial 52 (52 in rep 0) data={'Task': 'LDT', 'TrialType': 'Target', 'Stimuli': 'high', 'StimulusType': 'word', 'CorrectResponse': 'l', 'Trialnumb': 16, 'thisN': 52, 'thisTrialN': 52, 'thisRepN': 0}>
137.3957 	EXP 	LDT_fix_text: autoDraw = False
137.3957 	EXP 	LDT_stim_text: autoDraw = False
137.3957 	EXP 	LDT_break_text: autoDraw = False
137.3957 	EXP 	LDT_stim_text: height = np.float64(0.1)
137.3957 	EXP 	LDT_stim_text: height = np.float64(0.1)
137.3957 	EXP 	LDT_stim_text: height = np.float64(0.1)
137.3957 	EXP 	LDT_stim_text: text = 'high'
137.3957 	EXP 	LDT_fix_text: autoDraw = True
137.3962 	DATA 	Keypress: a
137.4962 	EXP 	Device response: <KeyPress from None: t=137.3834825999984, value=a, duration=0.11241140000129235>
137.8795 	EXP 	LDT_stim_text: autoDraw = True
137.8878 	EXP 	LDT_fix_text: autoDraw = False
138.4720 	EXP 	Device response: <KeyPress from None: t=138.46421779999946, value=l, duration=None>
138.4722 	EXP 	New trial (rep=0, index=53): <Trial 53 (53 in rep 0) data={'Task': 'LDT', 'TrialType': 'Target', 'Stimuli': 'under', 'StimulusType': 'word', 'CorrectResponse': 'l', 'Trialnumb': 39, 'thisN': 53, 'thisTrialN': 53, 'thisRepN': 0}>
138.4801 	EXP 	LDT_fix_text: autoDraw = False
138.4801 	EXP 	LDT_stim_text: autoDraw = False
138.4801 	EXP 	LDT_break_text: autoDraw = False
138.4801 	EXP 	LDT_stim_text: height = np.float64(0.1)
138.4801 	EXP 	LDT_stim_text: height = np.float64(0.1)
138.4801 	EXP 	LDT_stim_text: height = np.float64(0.1)
138.4801 	EXP 	LDT_stim_text: text = 'under'
138.4801 	EXP 	LDT_fix_text: autoDraw = True
138.4805 	DATA 	Keypress: l
138.5722 	EXP 	Device response: <KeyPress from None: t=138.46421779999946, value=l, duration=0.10366010000143433>
138.9639 	EXP 	LDT_stim_text: autoDraw = True
138.9722 	EXP 	LDT_fix_text: autoDraw = False
139.5233 	EXP 	Device response: <KeyPress from None: t=139.51969610000015, value=l, duration=None>
139.5235 	EXP 	New trial (rep=0, index=54): <Trial 54 (54 in rep 0) data={'Task': 'LDT', 'TrialType': 'Target', 'Stimuli': 'half', 'StimulusType': 'word', 'CorrectResponse': 'l', 'Trialnumb': 51, 'thisN': 54, 'thisTrialN': 54, 'thisRepN': 0}>
139.5311 	EXP 	LDT_fix_text: autoDraw = False
139.5311 	EXP 	LDT_stim_text: autoDraw = False
139.5311 	EXP 	LDT_break_text: autoDraw = False
139.5311 	EXP 	LDT_stim_text: height = np.float64(0.1)
139.5311 	EXP 	LDT_stim_text: height = np.float64(0.1)
139.5311 	EXP 	LDT_stim_text: height = np.float64(0.1)
139.5311 	EXP 	LDT_stim_text: text = 'half'
139.5311 	EXP 	LDT_fix_text: autoDraw = True
139.5318 	DATA 	Keypress: l
139.6066 	EXP 	Device response: <KeyPress from None: t=139.51969610000015, value=l, duration=0.0797963000004529>
140.0151 	EXP 	LDT_stim_text: autoDraw = True
140.0233 	EXP 	LDT_fix_text: autoDraw = False
143.2018 	EXP 	Device response: <KeyPress from None: t=143.19946150000033, value=l, duration=None>
143.2020 	EXP 	New trial (rep=0, index=55): <Trial 55 (55 in rep 0) data={'Task': 'LDT', 'TrialType': 'Target', 'Stimuli': 'show', 'StimulusType': 'word', 'CorrectResponse': 'l', 'Trialnumb': 21, 'thisN': 55, 'thisTrialN': 55, 'thisRepN': 0}>
143.2099 	EXP 	LDT_fix_text: autoDraw = False
143.2099 	EXP 	LDT_stim_text: autoDraw = False
143.2099 	EXP 	LDT_break_text: autoDraw = False
143.2099 	EXP 	LDT_stim_text: height = np.float64(0.1)
143.2099 	EXP 	LDT_stim_text: height = np.float64(0.1)
143.2099 	EXP 	LDT_stim_text: height = np.float64(0.1)
143.2099 	EXP 	LDT_stim_text: text = 'show'
143.2099 	EXP 	LDT_fix_text: autoDraw = True
143.2105 	DATA 	Keypress: l
143.2601 	EXP 	Device response: <KeyPress from None: t=143.19946150000033, value=l, duration=0.0566804999980377>
143.6936 	EXP 	LDT_stim_text: autoDraw = True
143.7020 	EXP 	LDT_fix_text: autoDraw = False
144.1944 	EXP 	Device response: <KeyPress from None: t=144.1915254000014, value=l, duration=None>
144.1946 	EXP 	New trial (rep=0, index=56): <Trial 56 (56 in rep 0) data={'Task': 'LDT', 'TrialType': 'Target', 'Stimuli': 'haro', 'StimulusType': 'nonword', 'CorrectResponse': 'a', 'Trialnumb': 150, 'thisN': 56, 'thisTrialN': 56, 'thisRepN': 0}>
144.2026 	EXP 	LDT_fix_text: autoDraw = False
144.2026 	EXP 	LDT_stim_text: autoDraw = False
144.2026 	EXP 	LDT_break_text: autoDraw = False
144.2026 	EXP 	LDT_stim_text: height = np.float64(0.1)
144.2026 	EXP 	LDT_stim_text: height = np.float64(0.1)
144.2026 	EXP 	LDT_stim_text: height = np.float64(0.1)
144.2026 	EXP 	LDT_stim_text: text = 'haro'
144.2026 	EXP 	LDT_fix_text: autoDraw = True
144.2032 	DATA 	Keypress: l
144.2861 	EXP 	Device response: <KeyPress from None: t=144.1915254000014, value=l, duration=0.0886702999996487>
144.6863 	EXP 	LDT_stim_text: autoDraw = True
144.6946 	EXP 	LDT_fix_text: autoDraw = False
145.5041 	EXP 	Device response: <KeyPress from None: t=145.4958465000018, value=a, duration=None>
145.5043 	EXP 	New trial (rep=0, index=57): <Trial 57 (57 in rep 0) data={'Task': 'LDT', 'TrialType': 'Target', 'Stimuli': 'wake', 'StimulusType': 'word', 'CorrectResponse': 'l', 'Trialnumb': 63, 'thisN': 57, 'thisTrialN': 57, 'thisRepN': 0}>
145.5058 	DATA 	Keypress: a
145.5121 	EXP 	LDT_fix_text: autoDraw = False
145.5121 	EXP 	LDT_stim_text: autoDraw = False
145.5121 	EXP 	LDT_break_text: autoDraw = False
145.5121 	EXP 	LDT_stim_text: height = np.float64(0.1)
145.5121 	EXP 	LDT_stim_text: height = np.float64(0.1)
145.5121 	EXP 	LDT_stim_text: height = np.float64(0.1)
145.5121 	EXP 	LDT_stim_text: text = 'wake'
145.5121 	EXP 	LDT_fix_text: autoDraw = True
145.5793 	EXP 	Device response: <KeyPress from None: t=145.4958465000018, value=a, duration=0.0801904999971157>
145.9959 	EXP 	LDT_stim_text: autoDraw = True
146.0043 	EXP 	LDT_fix_text: autoDraw = False
146.5134 	EXP 	Device response: <KeyPress from None: t=146.51204159999907, value=l, duration=None>
146.5137 	EXP 	New trial (rep=0, index=58): <Trial 58 (58 in rep 0) data={'Task': 'LDT', 'TrialType': 'Target', 'Stimuli': 'name', 'StimulusType': 'word', 'CorrectResponse': 'l', 'Trialnumb': 32, 'thisN': 58, 'thisTrialN': 58, 'thisRepN': 0}>
146.5214 	EXP 	LDT_fix_text: autoDraw = False
146.5214 	EXP 	LDT_stim_text: autoDraw = False
146.5214 	EXP 	LDT_break_text: autoDraw = False
146.5214 	EXP 	LDT_stim_text: height = np.float64(0.1)
146.5214 	EXP 	LDT_stim_text: height = np.float64(0.1)
146.5214 	EXP 	LDT_stim_text: height = np.float64(0.1)
146.5214 	EXP 	LDT_stim_text: text = 'name'
146.5214 	EXP 	LDT_fix_text: autoDraw = True
146.5219 	DATA 	Keypress: l
146.6051 	EXP 	Device response: <KeyPress from None: t=146.51204159999907, value=l, duration=0.08806879999974626>
147.0053 	EXP 	LDT_stim_text: autoDraw = True
147.0136 	EXP 	LDT_fix_text: autoDraw = False
147.5144 	EXP 	Device response: <KeyPress from None: t=147.51294269999926, value=l, duration=None>
147.5146 	EXP 	New trial (rep=0, index=59): <Trial 59 (59 in rep 0) data={'Task': 'LDT', 'TrialType': 'Target', 'Stimuli': 'suck', 'StimulusType': 'word', 'CorrectResponse': 'l', 'Trialnumb': 83, 'thisN': 59, 'thisTrialN': 59, 'thisRepN': 0}>
147.5224 	EXP 	LDT_fix_text: autoDraw = False
147.5224 	EXP 	LDT_stim_text: autoDraw = False
147.5224 	EXP 	LDT_break_text: autoDraw = False
147.5224 	EXP 	LDT_stim_text: height = np.float64(0.1)
147.5224 	EXP 	LDT_stim_text: height = np.float64(0.1)
147.5224 	EXP 	LDT_stim_text: height = np.float64(0.1)
147.5224 	EXP 	LDT_stim_text: text = 'suck'
147.5224 	EXP 	LDT_fix_text: autoDraw = True
147.5231 	DATA 	Keypress: l
147.6145 	EXP 	Device response: <KeyPress from None: t=147.51294269999926, value=l, duration=0.09576270000252407>
148.0062 	EXP 	LDT_stim_text: autoDraw = True
148.0146 	EXP 	LDT_fix_text: autoDraw = False
148.9325 	EXP 	Device response: <KeyPress from None: t=148.92794389999835, value=l, duration=None>
148.9328 	EXP 	New trial (rep=0, index=60): <Trial 60 (60 in rep 0) data={'Task': 'LDT', 'TrialType': 'Target', 'Stimuli': 'loje', 'StimulusType': 'nonword', 'CorrectResponse': 'a', 'Trialnumb': 171, 'thisN': 60, 'thisTrialN': 60, 'thisRepN': 0}>
148.9405 	EXP 	LDT_fix_text: autoDraw = False
148.9405 	EXP 	LDT_stim_text: autoDraw = False
148.9405 	EXP 	LDT_break_text: autoDraw = False
148.9405 	EXP 	LDT_stim_text: height = np.float64(0.1)
148.9405 	EXP 	LDT_stim_text: height = np.float64(0.1)
148.9405 	EXP 	LDT_stim_text: height = np.float64(0.1)
148.9405 	EXP 	LDT_stim_text: text = 'loje'
148.9405 	EXP 	LDT_fix_text: autoDraw = True
148.9411 	DATA 	Keypress: l
149.0410 	EXP 	Device response: <KeyPress from None: t=148.92794389999835, value=l, duration=0.10522860000128276>
149.4243 	EXP 	LDT_stim_text: autoDraw = True
149.4327 	EXP 	LDT_fix_text: autoDraw = False
149.9835 	EXP 	Device response: <KeyPress from None: t=149.97592259999874, value=a, duration=None>
149.9837 	EXP 	New trial (rep=0, index=61): <Trial 61 (61 in rep 0) data={'Task': 'LDT', 'TrialType': 'Target', 'Stimuli': 'talm', 'StimulusType': 'nonword', 'CorrectResponse': 'a', 'Trialnumb': 202, 'thisN': 61, 'thisTrialN': 61, 'thisRepN': 0}>
149.9915 	EXP 	LDT_fix_text: autoDraw = False
149.9915 	EXP 	LDT_stim_text: autoDraw = False
149.9915 	EXP 	LDT_break_text: autoDraw = False
149.9915 	EXP 	LDT_stim_text: height = np.float64(0.1)
149.9915 	EXP 	LDT_stim_text: height = np.float64(0.1)
149.9915 	EXP 	LDT_stim_text: height = np.float64(0.1)
149.9915 	EXP 	LDT_stim_text: text = 'talm'
149.9915 	EXP 	LDT_fix_text: autoDraw = True
149.9921 	DATA 	Keypress: a
150.0669 	EXP 	Device response: <KeyPress from None: t=149.97592259999874, value=a, duration=0.08915650000199093>
150.4754 	EXP 	LDT_stim_text: autoDraw = True
150.4837 	EXP 	LDT_fix_text: autoDraw = False
151.4016 	EXP 	Device response: <KeyPress from None: t=151.3993878000001, value=a, duration=None>
151.4019 	EXP 	New trial (rep=0, index=62): <Trial 62 (62 in rep 0) data={'Task': 'LDT', 'TrialType': 'Target', 'Stimuli': 'beon', 'StimulusType': 'nonword', 'CorrectResponse': 'a', 'Trialnumb': 120, 'thisN': 62, 'thisTrialN': 62, 'thisRepN': 0}>
151.4096 	EXP 	LDT_fix_text: autoDraw = False
151.4096 	EXP 	LDT_stim_text: autoDraw = False
151.4096 	EXP 	LDT_break_text: autoDraw = False
151.4096 	EXP 	LDT_stim_text: height = np.float64(0.1)
151.4096 	EXP 	LDT_stim_text: height = np.float64(0.1)
151.4096 	EXP 	LDT_stim_text: height = np.float64(0.1)
151.4096 	EXP 	LDT_stim_text: text = 'beon'
151.4096 	EXP 	LDT_fix_text: autoDraw = True
151.4101 	DATA 	Keypress: a
151.5184 	EXP 	Device response: <KeyPress from None: t=151.3993878000001, value=a, duration=0.11213539999880595>
151.8934 	EXP 	LDT_stim_text: autoDraw = True
151.9018 	EXP 	LDT_fix_text: autoDraw = False
152.5277 	EXP 	Device response: <KeyPress from None: t=152.52023570000165, value=a, duration=None>
152.5280 	EXP 	New trial (rep=0, index=63): <Trial 63 (63 in rep 0) data={'Task': 'LDT', 'TrialType': 'Target', 'Stimuli': 'zeer', 'StimulusType': 'nonword', 'CorrectResponse': 'a', 'Trialnumb': 222, 'thisN': 63, 'thisTrialN': 63, 'thisRepN': 0}>
152.5359 	EXP 	LDT_fix_text: autoDraw = False
152.5359 	EXP 	LDT_stim_text: autoDraw = False
152.5359 	EXP 	LDT_break_text: autoDraw = False
152.5359 	EXP 	LDT_stim_text: height = np.float64(0.1)
152.5359 	EXP 	LDT_stim_text: height = np.float64(0.1)
152.5359 	EXP 	LDT_stim_text: height = np.float64(0.1)
152.5359 	EXP 	LDT_stim_text: text = 'zeer'
152.5359 	EXP 	LDT_fix_text: autoDraw = True
152.5365 	DATA 	Keypress: a
152.6528 	EXP 	Device response: <KeyPress from None: t=152.52023570000165, value=a, duration=0.1278446999967855>
153.0196 	EXP 	LDT_stim_text: autoDraw = True
153.0279 	EXP 	LDT_fix_text: autoDraw = False
153.6122 	EXP 	Device response: <KeyPress from None: t=153.60783359999914, value=a, duration=None>
153.6124 	EXP 	New trial (rep=0, index=64): <Trial 64 (64 in rep 0) data={'Task': 'LDT', 'TrialType': 'Target', 'Stimuli': 'water', 'StimulusType': 'word', 'CorrectResponse': 'l', 'Trialnumb': 3, 'thisN': 64, 'thisTrialN': 64, 'thisRepN': 0}>
153.6201 	EXP 	LDT_fix_text: autoDraw = False
153.6201 	EXP 	LDT_stim_text: autoDraw = False
153.6201 	EXP 	LDT_break_text: autoDraw = False
153.6201 	EXP 	LDT_stim_text: height = np.float64(0.1)
153.6201 	EXP 	LDT_stim_text: height = np.float64(0.1)
153.6201 	EXP 	LDT_stim_text: height = np.float64(0.1)
153.6201 	EXP 	LDT_stim_text: text = 'water'
153.6201 	EXP 	LDT_fix_text: autoDraw = True
153.6207 	DATA 	Keypress: a
153.7456 	EXP 	Device response: <KeyPress from None: t=153.60783359999914, value=a, duration=0.13708430000042426>
154.1040 	EXP 	LDT_stim_text: autoDraw = True
154.1123 	EXP 	LDT_fix_text: autoDraw = False
154.5632 	EXP 	Device response: <KeyPress from None: t=154.5597940000007, value=l, duration=None>
154.5634 	EXP 	New trial (rep=0, index=65): <Trial 65 (65 in rep 0) data={'Task': 'LDT', 'TrialType': 'Target', 'Stimuli': 'yeep', 'StimulusType': 'nonword', 'CorrectResponse': 'a', 'Trialnumb': 219, 'thisN': 65, 'thisTrialN': 65, 'thisRepN': 0}>
154.5711 	EXP 	LDT_fix_text: autoDraw = False
154.5711 	EXP 	LDT_stim_text: autoDraw = False
154.5711 	EXP 	LDT_break_text: autoDraw = False
154.5711 	EXP 	LDT_stim_text: height = np.float64(0.1)
154.5711 	EXP 	LDT_stim_text: height = np.float64(0.1)
154.5711 	EXP 	LDT_stim_text: height = np.float64(0.1)
154.5711 	EXP 	LDT_stim_text: text = 'yeep'
154.5711 	EXP 	LDT_fix_text: autoDraw = True
154.5717 	DATA 	Keypress: l
154.6466 	EXP 	Device response: <KeyPress from None: t=154.5597940000007, value=l, duration=0.08037319999857573>
155.0549 	EXP 	LDT_stim_text: autoDraw = True
155.0633 	EXP 	LDT_fix_text: autoDraw = False
155.9896 	EXP 	Device response: <KeyPress from None: t=155.98459450000155, value=a, duration=None>
155.9898 	EXP 	New trial (rep=0, index=66): <Trial 66 (66 in rep 0) data={'Task': 'LDT', 'TrialType': 'Target', 'Stimuli': 'look', 'StimulusType': 'word', 'CorrectResponse': 'l', 'Trialnumb': 2, 'thisN': 66, 'thisTrialN': 66, 'thisRepN': 0}>
155.9976 	EXP 	LDT_fix_text: autoDraw = False
155.9976 	EXP 	LDT_stim_text: autoDraw = False
155.9976 	EXP 	LDT_break_text: autoDraw = False
155.9976 	EXP 	LDT_stim_text: height = np.float64(0.1)
155.9976 	EXP 	LDT_stim_text: height = np.float64(0.1)
155.9976 	EXP 	LDT_stim_text: height = np.float64(0.1)
155.9976 	EXP 	LDT_stim_text: text = 'look'
155.9976 	EXP 	LDT_fix_text: autoDraw = True
155.9980 	DATA 	Keypress: a
156.0813 	EXP 	Device response: <KeyPress from None: t=155.98459450000155, value=a, duration=0.09534100000018952>
156.4813 	EXP 	LDT_stim_text: autoDraw = True
156.4897 	EXP 	LDT_fix_text: autoDraw = False
157.1741 	EXP 	Device response: <KeyPress from None: t=157.1674888000016, value=l, duration=None>
157.1743 	EXP 	New trial (rep=0, index=67): <Trial 67 (67 in rep 0) data={'Task': 'LDT', 'TrialType': 'Target', 'Stimuli': 'news', 'StimulusType': 'word', 'CorrectResponse': 'l', 'Trialnumb': 45, 'thisN': 67, 'thisTrialN': 67, 'thisRepN': 0}>
157.1820 	EXP 	LDT_fix_text: autoDraw = False
157.1820 	EXP 	LDT_stim_text: autoDraw = False
157.1820 	EXP 	LDT_break_text: autoDraw = False
157.1820 	EXP 	LDT_stim_text: height = np.float64(0.1)
157.1820 	EXP 	LDT_stim_text: height = np.float64(0.1)
157.1820 	EXP 	LDT_stim_text: height = np.float64(0.1)
157.1820 	EXP 	LDT_stim_text: text = 'news'
157.1820 	EXP 	LDT_fix_text: autoDraw = True
157.1826 	DATA 	Keypress: l
157.2741 	EXP 	Device response: <KeyPress from None: t=157.1674888000016, value=l, duration=0.1049150999970152>
157.6659 	EXP 	LDT_stim_text: autoDraw = True
157.6742 	EXP 	LDT_fix_text: autoDraw = False
158.1833 	EXP 	Device response: <KeyPress from None: t=158.17536280000058, value=l, duration=None>
158.1836 	EXP 	New trial (rep=0, index=68): <Trial 68 (68 in rep 0) data={'Task': 'LDT', 'TrialType': 'Target', 'Stimuli': 'rap', 'StimulusType': 'word', 'CorrectResponse': 'l', 'Trialnumb': 109, 'thisN': 68, 'thisTrialN': 68, 'thisRepN': 0}>
158.1915 	EXP 	LDT_fix_text: autoDraw = False
158.1915 	EXP 	LDT_stim_text: autoDraw = False
158.1915 	EXP 	LDT_break_text: autoDraw = False
158.1915 	EXP 	LDT_stim_text: height = np.float64(0.1)
158.1915 	EXP 	LDT_stim_text: height = np.float64(0.1)
158.1915 	EXP 	LDT_stim_text: height = np.float64(0.1)
158.1915 	EXP 	LDT_stim_text: text = 'rap'
158.1915 	EXP 	LDT_fix_text: autoDraw = True
158.1919 	DATA 	Keypress: l
158.2584 	EXP 	Device response: <KeyPress from None: t=158.17536280000058, value=l, duration=0.08009690000108094>
158.6752 	EXP 	LDT_stim_text: autoDraw = True
158.6835 	EXP 	LDT_fix_text: autoDraw = False
159.6014 	EXP 	Device response: <KeyPress from None: t=159.60005459999957, value=l, duration=None>
159.6017 	EXP 	New trial (rep=0, index=69): <Trial 69 (69 in rep 0) data={'Task': 'LDT', 'TrialType': 'Target', 'Stimuli': 'spag', 'StimulusType': 'nonword', 'CorrectResponse': 'a', 'Trialnumb': 197, 'thisN': 69, 'thisTrialN': 69, 'thisRepN': 0}>
159.6096 	EXP 	LDT_fix_text: autoDraw = False
159.6096 	EXP 	LDT_stim_text: autoDraw = False
159.6096 	EXP 	LDT_break_text: autoDraw = False
159.6096 	EXP 	LDT_stim_text: height = np.float64(0.1)
159.6096 	EXP 	LDT_stim_text: height = np.float64(0.1)
159.6096 	EXP 	LDT_stim_text: height = np.float64(0.1)
159.6096 	EXP 	LDT_stim_text: text = 'spag'
159.6096 	EXP 	LDT_fix_text: autoDraw = True
159.6102 	DATA 	Keypress: l
159.6848 	EXP 	Device response: <KeyPress from None: t=159.60005459999957, value=l, duration=0.0796269000020402>
160.0933 	EXP 	LDT_stim_text: autoDraw = True
160.1016 	EXP 	LDT_fix_text: autoDraw = False
160.9361 	EXP 	Device response: <KeyPress from None: t=160.92802650000158, value=a, duration=None>
160.9364 	EXP 	New trial (rep=0, index=70): <Trial 70 (70 in rep 0) data={'Task': 'LDT', 'TrialType': 'Target', 'Stimuli': 'tour', 'StimulusType': 'word', 'CorrectResponse': 'l', 'Trialnumb': 88, 'thisN': 70, 'thisTrialN': 70, 'thisRepN': 0}>
160.9442 	EXP 	LDT_fix_text: autoDraw = False
160.9442 	EXP 	LDT_stim_text: autoDraw = False
160.9442 	EXP 	LDT_break_text: autoDraw = False
160.9442 	EXP 	LDT_stim_text: height = np.float64(0.1)
160.9442 	EXP 	LDT_stim_text: height = np.float64(0.1)
160.9442 	EXP 	LDT_stim_text: height = np.float64(0.1)
160.9442 	EXP 	LDT_stim_text: text = 'tour'
160.9442 	EXP 	LDT_fix_text: autoDraw = True
160.9447 	DATA 	Keypress: a
161.0447 	EXP 	Device response: <KeyPress from None: t=160.92802650000158, value=a, duration=0.11240120000002207>
161.4279 	EXP 	LDT_stim_text: autoDraw = True
161.4363 	EXP 	LDT_fix_text: autoDraw = False
162.9048 	EXP 	Device response: <KeyPress from None: t=162.90398750000168, value=l, duration=None>
162.9051 	EXP 	New trial (rep=0, index=71): <Trial 71 (71 in rep 0) data={'Task': 'LDT', 'TrialType': 'Target', 'Stimuli': 'rorn', 'StimulusType': 'nonword', 'CorrectResponse': 'a', 'Trialnumb': 185, 'thisN': 71, 'thisTrialN': 71, 'thisRepN': 0}>
162.9129 	EXP 	LDT_fix_text: autoDraw = False
162.9129 	EXP 	LDT_stim_text: autoDraw = False
162.9129 	EXP 	LDT_break_text: autoDraw = False
162.9129 	EXP 	LDT_stim_text: height = np.float64(0.1)
162.9129 	EXP 	LDT_stim_text: height = np.float64(0.1)
162.9129 	EXP 	LDT_stim_text: height = np.float64(0.1)
162.9129 	EXP 	LDT_stim_text: text = 'rorn'
162.9129 	EXP 	LDT_fix_text: autoDraw = True
162.9133 	DATA 	Keypress: l
163.0131 	EXP 	Device response: <KeyPress from None: t=162.90398750000168, value=l, duration=0.10354869999719085>
163.3966 	EXP 	LDT_stim_text: autoDraw = True
163.4049 	EXP 	LDT_fix_text: autoDraw = False
164.8817 	EXP 	Device response: <KeyPress from None: t=164.87927720000152, value=a, duration=None>
164.8819 	EXP 	New trial (rep=0, index=72): <Trial 72 (72 in rep 0) data={'Task': 'LDT', 'TrialType': 'Target', 'Stimuli': 'mina', 'StimulusType': 'nonword', 'CorrectResponse': 'a', 'Trialnumb': 173, 'thisN': 72, 'thisTrialN': 72, 'thisRepN': 0}>
164.8897 	EXP 	LDT_fix_text: autoDraw = False
164.8897 	EXP 	LDT_stim_text: autoDraw = False
164.8897 	EXP 	LDT_break_text: autoDraw = False
164.8897 	EXP 	LDT_stim_text: height = np.float64(0.1)
164.8897 	EXP 	LDT_stim_text: height = np.float64(0.1)
164.8897 	EXP 	LDT_stim_text: height = np.float64(0.1)
164.8897 	EXP 	LDT_stim_text: text = 'mina'
164.8897 	EXP 	LDT_fix_text: autoDraw = True
164.8903 	DATA 	Keypress: a
164.9650 	EXP 	Device response: <KeyPress from None: t=164.87927720000152, value=a, duration=0.08076729999811505>
165.3735 	EXP 	LDT_stim_text: autoDraw = True
165.3819 	EXP 	LDT_fix_text: autoDraw = False
166.4417 	EXP 	Device response: <KeyPress from None: t=166.44110419999924, value=a, duration=None>
166.4419 	EXP 	New trial (rep=0, index=73): <Trial 73 (73 in rep 0) data={'Task': 'LDT', 'TrialType': 'Target', 'Stimuli': 'cast', 'StimulusType': 'word', 'CorrectResponse': 'l', 'Trialnumb': 95, 'thisN': 73, 'thisTrialN': 73, 'thisRepN': 0}>
166.4496 	EXP 	LDT_fix_text: autoDraw = False
166.4496 	EXP 	LDT_stim_text: autoDraw = False
166.4496 	EXP 	LDT_break_text: autoDraw = False
166.4496 	EXP 	LDT_stim_text: height = np.float64(0.1)
166.4496 	EXP 	LDT_stim_text: height = np.float64(0.1)
166.4496 	EXP 	LDT_stim_text: height = np.float64(0.1)
166.4496 	EXP 	LDT_stim_text: text = 'cast'
166.4496 	EXP 	LDT_fix_text: autoDraw = True
166.4503 	DATA 	Keypress: a
166.5251 	EXP 	Device response: <KeyPress from None: t=166.44110419999924, value=a, duration=0.078183400000853>
166.9334 	EXP 	LDT_stim_text: autoDraw = True
166.9418 	EXP 	LDT_fix_text: autoDraw = False
167.7512 	EXP 	Device response: <KeyPress from None: t=167.7436259999995, value=l, duration=None>
167.7514 	EXP 	New trial (rep=0, index=74): <Trial 74 (74 in rep 0) data={'Task': 'LDT', 'TrialType': 'Target', 'Stimuli': 'virus', 'StimulusType': 'word', 'CorrectResponse': 'l', 'Trialnumb': 100, 'thisN': 74, 'thisTrialN': 74, 'thisRepN': 0}>
167.7593 	EXP 	LDT_fix_text: autoDraw = False
167.7593 	EXP 	LDT_stim_text: autoDraw = False
167.7593 	EXP 	LDT_break_text: autoDraw = False
167.7593 	EXP 	LDT_stim_text: height = np.float64(0.1)
167.7593 	EXP 	LDT_stim_text: height = np.float64(0.1)
167.7593 	EXP 	LDT_stim_text: height = np.float64(0.1)
167.7593 	EXP 	LDT_stim_text: text = 'virus'
167.7593 	EXP 	LDT_fix_text: autoDraw = True
167.7598 	DATA 	Keypress: l
167.8263 	EXP 	Device response: <KeyPress from None: t=167.7436259999995, value=l, duration=0.07985270000062883>
168.2431 	EXP 	LDT_stim_text: autoDraw = True
168.2514 	EXP 	LDT_fix_text: autoDraw = False
170.9127 	EXP 	Device response: <KeyPress from None: t=170.91130369999883, value=l, duration=None>
170.9130 	EXP 	New trial (rep=0, index=75): <Trial 75 (75 in rep 0) data={'Task': 'LDT', 'TrialType': 'Target', 'Stimuli': 'nind', 'StimulusType': 'nonword', 'CorrectResponse': 'a', 'Trialnumb': 177, 'thisN': 75, 'thisTrialN': 75, 'thisRepN': 0}>
170.9207 	EXP 	LDT_fix_text: autoDraw = False
170.9207 	EXP 	LDT_stim_text: autoDraw = False
170.9207 	EXP 	LDT_break_text: autoDraw = False
170.9207 	EXP 	LDT_stim_text: height = np.float64(0.1)
170.9207 	EXP 	LDT_stim_text: height = np.float64(0.1)
170.9207 	EXP 	LDT_stim_text: height = np.float64(0.1)
170.9207 	EXP 	LDT_stim_text: text = 'nind'
170.9207 	EXP 	LDT_fix_text: autoDraw = True
170.9213 	DATA 	Keypress: l
171.0128 	EXP 	Device response: <KeyPress from None: t=170.91130369999883, value=l, duration=0.09623560000181897>
171.4046 	EXP 	LDT_stim_text: autoDraw = True
171.4129 	EXP 	LDT_fix_text: autoDraw = False
172.5727 	EXP 	Device response: <KeyPress from None: t=172.5678936000004, value=a, duration=None>
172.5729 	EXP 	New trial (rep=0, index=76): <Trial 76 (76 in rep 0) data={'Task': 'LDT', 'TrialType': 'Target', 'Stimuli': 'mears', 'StimulusType': 'nonword', 'CorrectResponse': 'a', 'Trialnumb': 172, 'thisN': 76, 'thisTrialN': 76, 'thisRepN': 0}>
172.5808 	EXP 	LDT_fix_text: autoDraw = False
172.5808 	EXP 	LDT_stim_text: autoDraw = False
172.5808 	EXP 	LDT_break_text: autoDraw = False
172.5808 	EXP 	LDT_stim_text: height = np.float64(0.1)
172.5808 	EXP 	LDT_stim_text: height = np.float64(0.1)
172.5808 	EXP 	LDT_stim_text: height = np.float64(0.1)
172.5808 	EXP 	LDT_stim_text: text = 'mears'
172.5808 	EXP 	LDT_fix_text: autoDraw = True
172.5813 	DATA 	Keypress: a
172.6812 	EXP 	Device response: <KeyPress from None: t=172.5678936000004, value=a, duration=0.11190409999835538>
173.0646 	EXP 	LDT_stim_text: autoDraw = True
173.0729 	EXP 	LDT_fix_text: autoDraw = False
173.8324 	EXP 	Device response: <KeyPress from None: t=173.83208469999954, value=a, duration=None>
173.8326 	EXP 	New trial (rep=0, index=77): <Trial 77 (77 in rep 0) data={'Task': 'LDT', 'TrialType': 'Target', 'Stimuli': 'wost', 'StimulusType': 'nonword', 'CorrectResponse': 'a', 'Trialnumb': 217, 'thisN': 77, 'thisTrialN': 77, 'thisRepN': 0}>
173.8403 	EXP 	LDT_fix_text: autoDraw = False
173.8403 	EXP 	LDT_stim_text: autoDraw = False
173.8403 	EXP 	LDT_break_text: autoDraw = False
173.8403 	EXP 	LDT_stim_text: height = np.float64(0.1)
173.8403 	EXP 	LDT_stim_text: height = np.float64(0.1)
173.8403 	EXP 	LDT_stim_text: height = np.float64(0.1)
173.8403 	EXP 	LDT_stim_text: text = 'wost'
173.8403 	EXP 	LDT_fix_text: autoDraw = True
173.8410 	DATA 	Keypress: a
173.9907 	EXP 	Device response: <KeyPress from None: t=173.83208469999954, value=a, duration=0.15138450000085868>
174.3241 	EXP 	LDT_stim_text: autoDraw = True
174.3325 	EXP 	LDT_fix_text: autoDraw = False
175.7759 	EXP 	Device response: <KeyPress from None: t=175.76809720000165, value=a, duration=None>
175.7761 	EXP 	New trial (rep=0, index=78): <Trial 78 (78 in rep 0) data={'Task': 'LDT', 'TrialType': 'Target', 'Stimuli': 'stad', 'StimulusType': 'nonword', 'CorrectResponse': 'a', 'Trialnumb': 116, 'thisN': 78, 'thisTrialN': 78, 'thisRepN': 0}>
175.7839 	EXP 	LDT_fix_text: autoDraw = False
175.7839 	EXP 	LDT_stim_text: autoDraw = False
175.7839 	EXP 	LDT_break_text: autoDraw = False
175.7839 	EXP 	LDT_stim_text: height = np.float64(0.1)
175.7839 	EXP 	LDT_stim_text: height = np.float64(0.1)
175.7839 	EXP 	LDT_stim_text: height = np.float64(0.1)
175.7839 	EXP 	LDT_stim_text: text = 'stad'
175.7839 	EXP 	LDT_fix_text: autoDraw = True
175.7844 	DATA 	Keypress: a
175.9010 	EXP 	Device response: <KeyPress from None: t=175.76809720000165, value=a, duration=0.12765500000023167>
176.2677 	EXP 	LDT_stim_text: autoDraw = True
176.2761 	EXP 	LDT_fix_text: autoDraw = False
177.3775 	EXP 	Device response: <KeyPress from None: t=177.37584069999866, value=a, duration=None>
177.3777 	EXP 	New trial (rep=0, index=79): <Trial 79 (79 in rep 0) data={'Task': 'LDT', 'TrialType': 'Target', 'Stimuli': 'host', 'StimulusType': 'word', 'CorrectResponse': 'l', 'Trialnumb': 106, 'thisN': 79, 'thisTrialN': 79, 'thisRepN': 0}>
177.3855 	EXP 	LDT_fix_text: autoDraw = False
177.3855 	EXP 	LDT_stim_text: autoDraw = False
177.3855 	EXP 	LDT_break_text: autoDraw = False
177.3855 	EXP 	LDT_stim_text: height = np.float64(0.1)
177.3855 	EXP 	LDT_stim_text: height = np.float64(0.1)
177.3855 	EXP 	LDT_stim_text: height = np.float64(0.1)
177.3855 	EXP 	LDT_stim_text: text = 'host'
177.3855 	EXP 	LDT_fix_text: autoDraw = True
177.3860 	DATA 	Keypress: a
177.4859 	EXP 	Device response: <KeyPress from None: t=177.37584069999866, value=a, duration=0.1040818000001309>
177.8693 	EXP 	LDT_stim_text: autoDraw = True
177.8777 	EXP 	LDT_fix_text: autoDraw = False
178.7288 	EXP 	Device response: <KeyPress from None: t=178.7273725999985, value=l, duration=None>
178.7291 	EXP 	New trial (rep=0, index=80): <Trial 80 (80 in rep 0) data={'Task': 'LDT', 'TrialType': 'Target', 'Stimuli': 'dass', 'StimulusType': 'nonword', 'CorrectResponse': 'a', 'Trialnumb': 135, 'thisN': 80, 'thisTrialN': 80, 'thisRepN': 0}>
178.7371 	EXP 	LDT_fix_text: autoDraw = False
178.7371 	EXP 	LDT_stim_text: autoDraw = False
178.7371 	EXP 	LDT_break_text: autoDraw = False
178.7371 	EXP 	LDT_stim_text: height = np.float64(0.1)
178.7371 	EXP 	LDT_stim_text: height = np.float64(0.1)
178.7371 	EXP 	LDT_stim_text: height = np.float64(0.1)
178.7371 	EXP 	LDT_stim_text: text = 'dass'
178.7371 	EXP 	LDT_fix_text: autoDraw = True
178.7376 	DATA 	Keypress: l
178.8123 	EXP 	Device response: <KeyPress from None: t=178.7273725999985, value=l, duration=0.08069680000335211>
179.2207 	EXP 	LDT_stim_text: autoDraw = True
179.2290 	EXP 	LDT_fix_text: autoDraw = False
179.9134 	EXP 	Device response: <KeyPress from None: t=179.91225770000165, value=a, duration=None>
179.9136 	EXP 	New trial (rep=0, index=81): <Trial 81 (81 in rep 0) data={'Task': 'LDT', 'TrialType': 'Target', 'Stimuli': 'vome', 'StimulusType': 'nonword', 'CorrectResponse': 'a', 'Trialnumb': 213, 'thisN': 81, 'thisTrialN': 81, 'thisRepN': 0}>
179.9214 	EXP 	LDT_fix_text: autoDraw = False
179.9214 	EXP 	LDT_stim_text: autoDraw = False
179.9214 	EXP 	LDT_break_text: autoDraw = False
179.9214 	EXP 	LDT_stim_text: height = np.float64(0.1)
179.9214 	EXP 	LDT_stim_text: height = np.float64(0.1)
179.9214 	EXP 	LDT_stim_text: height = np.float64(0.1)
179.9214 	EXP 	LDT_stim_text: text = 'vome'
179.9214 	EXP 	LDT_fix_text: autoDraw = True
179.9219 	DATA 	Keypress: a
180.0552 	EXP 	Device response: <KeyPress from None: t=179.91225770000165, value=a, duration=0.1356644999978016>
180.4052 	EXP 	LDT_stim_text: autoDraw = True
180.4135 	EXP 	LDT_fix_text: autoDraw = False
181.0394 	EXP 	Device response: <KeyPress from None: t=181.03165060000174, value=a, duration=None>
181.0397 	EXP 	New trial (rep=0, index=82): <Trial 82 (82 in rep 0) data={'Task': 'LDT', 'TrialType': 'Target', 'Stimuli': 'cled', 'StimulusType': 'nonword', 'CorrectResponse': 'a', 'Trialnumb': 130, 'thisN': 82, 'thisTrialN': 82, 'thisRepN': 0}>
181.0477 	EXP 	LDT_fix_text: autoDraw = False
181.0477 	EXP 	LDT_stim_text: autoDraw = False
181.0477 	EXP 	LDT_break_text: autoDraw = False
181.0477 	EXP 	LDT_stim_text: height = np.float64(0.1)
181.0477 	EXP 	LDT_stim_text: height = np.float64(0.1)
181.0477 	EXP 	LDT_stim_text: height = np.float64(0.1)
181.0477 	EXP 	LDT_stim_text: text = 'cled'
181.0477 	EXP 	LDT_fix_text: autoDraw = True
181.0482 	DATA 	Keypress: a
181.1729 	EXP 	Device response: <KeyPress from None: t=181.03165060000174, value=a, duration=0.13577629999781493>
181.5313 	EXP 	LDT_stim_text: autoDraw = True
181.5396 	EXP 	LDT_fix_text: autoDraw = False
182.1322 	EXP 	Device response: <KeyPress from None: t=182.12820640000064, value=a, duration=None>
182.1325 	EXP 	New trial (rep=0, index=83): <Trial 83 (83 in rep 0) data={'Task': 'LDT', 'TrialType': 'Target', 'Stimuli': 'bust', 'StimulusType': 'word', 'CorrectResponse': 'l', 'Trialnumb': 91, 'thisN': 83, 'thisTrialN': 83, 'thisRepN': 0}>
182.1403 	EXP 	LDT_fix_text: autoDraw = False
182.1403 	EXP 	LDT_stim_text: autoDraw = False
182.1403 	EXP 	LDT_break_text: autoDraw = False
182.1403 	EXP 	LDT_stim_text: height = np.float64(0.1)
182.1403 	EXP 	LDT_stim_text: height = np.float64(0.1)
182.1403 	EXP 	LDT_stim_text: height = np.float64(0.1)
182.1403 	EXP 	LDT_stim_text: text = 'bust'
182.1403 	EXP 	LDT_fix_text: autoDraw = True
182.1407 	DATA 	Keypress: a
182.2909 	EXP 	Device response: <KeyPress from None: t=182.12820640000064, value=a, duration=0.15951729999869713>
182.6241 	EXP 	LDT_stim_text: autoDraw = True
182.6324 	EXP 	LDT_fix_text: autoDraw = False
184.1258 	EXP 	Device response: <KeyPress from None: t=184.11996889999864, value=l, duration=None>
184.1261 	EXP 	New trial (rep=0, index=84): <Trial 84 (84 in rep 0) data={'Task': 'LDT', 'TrialType': 'Target', 'Stimuli': 'raise', 'StimulusType': 'word', 'CorrectResponse': 'l', 'Trialnumb': 73, 'thisN': 84, 'thisTrialN': 84, 'thisRepN': 0}>
184.1339 	EXP 	LDT_fix_text: autoDraw = False
184.1339 	EXP 	LDT_stim_text: autoDraw = False
184.1339 	EXP 	LDT_break_text: autoDraw = False
184.1339 	EXP 	LDT_stim_text: height = np.float64(0.1)
184.1339 	EXP 	LDT_stim_text: height = np.float64(0.1)
184.1339 	EXP 	LDT_stim_text: height = np.float64(0.1)
184.1339 	EXP 	LDT_stim_text: text = 'raise'
184.1339 	EXP 	LDT_fix_text: autoDraw = True
184.1343 	DATA 	Keypress: l
184.2176 	EXP 	Device response: <KeyPress from None: t=184.11996889999864, value=l, duration=0.09574220000286005>
184.6177 	EXP 	LDT_stim_text: autoDraw = True
184.6261 	EXP 	LDT_fix_text: autoDraw = False
185.3771 	EXP 	Device response: <KeyPress from None: t=185.37567900000067, value=l, duration=None>
185.3774 	EXP 	New trial (rep=0, index=85): <Trial 85 (85 in rep 0) data={'Task': 'LDT', 'TrialType': 'Target', 'Stimuli': 'kild', 'StimulusType': 'nonword', 'CorrectResponse': 'a', 'Trialnumb': 165, 'thisN': 85, 'thisTrialN': 85, 'thisRepN': 0}>
185.3852 	EXP 	LDT_fix_text: autoDraw = False
185.3852 	EXP 	LDT_stim_text: autoDraw = False
185.3852 	EXP 	LDT_break_text: autoDraw = False
185.3852 	EXP 	LDT_stim_text: height = np.float64(0.1)
185.3852 	EXP 	LDT_stim_text: height = np.float64(0.1)
185.3852 	EXP 	LDT_stim_text: height = np.float64(0.1)
185.3852 	EXP 	LDT_stim_text: text = 'kild'
185.3852 	EXP 	LDT_fix_text: autoDraw = True
185.3857 	DATA 	Keypress: l
185.4522 	EXP 	Device response: <KeyPress from None: t=185.37567900000067, value=l, duration=0.07264049999866984>
185.8690 	EXP 	LDT_stim_text: autoDraw = True
185.8773 	EXP 	LDT_fix_text: autoDraw = False
186.7034 	EXP 	Device response: <KeyPress from None: t=186.69543659999908, value=a, duration=None>
186.7037 	EXP 	New trial (rep=0, index=86): <Trial 86 (86 in rep 0) data={'Task': 'LDT', 'TrialType': 'Target', 'Stimuli': 'huge', 'StimulusType': 'word', 'CorrectResponse': 'l', 'Trialnumb': 56, 'thisN': 86, 'thisTrialN': 86, 'thisRepN': 0}>
186.7115 	EXP 	LDT_fix_text: autoDraw = False
186.7115 	EXP 	LDT_stim_text: autoDraw = False
186.7115 	EXP 	LDT_break_text: autoDraw = False
186.7115 	EXP 	LDT_stim_text: height = np.float64(0.1)
186.7115 	EXP 	LDT_stim_text: height = np.float64(0.1)
186.7115 	EXP 	LDT_stim_text: height = np.float64(0.1)
186.7115 	EXP 	LDT_stim_text: text = 'huge'
186.7115 	EXP 	LDT_fix_text: autoDraw = True
186.7119 	DATA 	Keypress: a
186.8118 	EXP 	Device response: <KeyPress from None: t=186.69543659999908, value=a, duration=0.11216090000016266>
187.1953 	EXP 	LDT_stim_text: autoDraw = True
187.2038 	EXP 	LDT_fix_text: autoDraw = False
187.9630 	EXP 	Device response: <KeyPress from None: t=187.9602569000017, value=l, duration=None>
187.9632 	EXP 	New trial (rep=0, index=87): <Trial 87 (87 in rep 0) data={'Task': 'LDT', 'TrialType': 'Target', 'Stimuli': 'jight', 'StimulusType': 'nonword', 'CorrectResponse': 'a', 'Trialnumb': 159, 'thisN': 87, 'thisTrialN': 87, 'thisRepN': 0}>
187.9710 	EXP 	LDT_fix_text: autoDraw = False
187.9710 	EXP 	LDT_stim_text: autoDraw = False
187.9710 	EXP 	LDT_break_text: autoDraw = False
187.9710 	EXP 	LDT_stim_text: height = np.float64(0.1)
187.9710 	EXP 	LDT_stim_text: height = np.float64(0.1)
187.9710 	EXP 	LDT_stim_text: height = np.float64(0.1)
187.9710 	EXP 	LDT_stim_text: text = 'jight'
187.9710 	EXP 	LDT_fix_text: autoDraw = True
187.9716 	DATA 	Keypress: l
188.0381 	EXP 	Device response: <KeyPress from None: t=187.9602569000017, value=l, duration=0.07198019999850658>
188.4549 	EXP 	LDT_stim_text: autoDraw = True
188.4632 	EXP 	LDT_fix_text: autoDraw = False
188.9640 	EXP 	Device response: <KeyPress from None: t=188.95928809999896, value=a, duration=None>
188.9643 	EXP 	New trial (rep=0, index=88): <Trial 88 (88 in rep 0) data={'Task': 'LDT', 'TrialType': 'Target', 'Stimuli': 'hold', 'StimulusType': 'word', 'CorrectResponse': 'l', 'Trialnumb': 54, 'thisN': 88, 'thisTrialN': 88, 'thisRepN': 0}>
188.9721 	EXP 	LDT_fix_text: autoDraw = False
188.9721 	EXP 	LDT_stim_text: autoDraw = False
188.9721 	EXP 	LDT_break_text: autoDraw = False
188.9721 	EXP 	LDT_stim_text: height = np.float64(0.1)
188.9721 	EXP 	LDT_stim_text: height = np.float64(0.1)
188.9721 	EXP 	LDT_stim_text: height = np.float64(0.1)
188.9721 	EXP 	LDT_stim_text: text = 'hold'
188.9721 	EXP 	LDT_fix_text: autoDraw = True
188.9726 	DATA 	Keypress: a
189.0724 	EXP 	Device response: <KeyPress from None: t=188.95928809999896, value=a, duration=0.10558400000081747>
189.4559 	EXP 	LDT_stim_text: autoDraw = True
189.4642 	EXP 	LDT_fix_text: autoDraw = False
190.0818 	EXP 	Device response: <KeyPress from None: t=190.08040130000154, value=l, duration=None>
190.0821 	EXP 	New trial (rep=0, index=89): <Trial 89 (89 in rep 0) data={'Task': 'LDT', 'TrialType': 'Target', 'Stimuli': 'war', 'StimulusType': 'word', 'CorrectResponse': 'l', 'Trialnumb': 55, 'thisN': 89, 'thisTrialN': 89, 'thisRepN': 0}>
190.0899 	EXP 	LDT_fix_text: autoDraw = False
190.0899 	EXP 	LDT_stim_text: autoDraw = False
190.0899 	EXP 	LDT_break_text: autoDraw = False
190.0899 	EXP 	LDT_stim_text: height = np.float64(0.1)
190.0899 	EXP 	LDT_stim_text: height = np.float64(0.1)
190.0899 	EXP 	LDT_stim_text: height = np.float64(0.1)
190.0899 	EXP 	LDT_stim_text: text = 'war'
190.0899 	EXP 	LDT_fix_text: autoDraw = True
190.0905 	DATA 	Keypress: l
190.1402 	EXP 	Device response: <KeyPress from None: t=190.08040130000154, value=l, duration=0.05527619999702438>
190.5737 	EXP 	LDT_stim_text: autoDraw = True
190.5820 	EXP 	LDT_fix_text: autoDraw = False
191.2079 	EXP 	Device response: <KeyPress from None: t=191.20007909999913, value=l, duration=None>
191.2081 	EXP 	New trial (rep=0, index=90): <Trial 90 (90 in rep 0) data={'Task': 'LDT', 'TrialType': 'Target', 'Stimuli': 'few', 'StimulusType': 'word', 'CorrectResponse': 'l', 'Trialnumb': 18, 'thisN': 90, 'thisTrialN': 90, 'thisRepN': 0}>
191.2161 	EXP 	LDT_fix_text: autoDraw = False
191.2161 	EXP 	LDT_stim_text: autoDraw = False
191.2161 	EXP 	LDT_break_text: autoDraw = False
191.2161 	EXP 	LDT_stim_text: height = np.float64(0.1)
191.2161 	EXP 	LDT_stim_text: height = np.float64(0.1)
191.2161 	EXP 	LDT_stim_text: height = np.float64(0.1)
191.2161 	EXP 	LDT_stim_text: text = 'few'
191.2161 	EXP 	LDT_fix_text: autoDraw = True
191.2167 	DATA 	Keypress: l
191.2996 	EXP 	Device response: <KeyPress from None: t=191.20007909999913, value=l, duration=0.09573050000108196>
191.6998 	EXP 	LDT_stim_text: autoDraw = True
191.7081 	EXP 	LDT_fix_text: autoDraw = False
192.4258 	EXP 	Device response: <KeyPress from None: t=192.4234385000018, value=l, duration=None>
192.4261 	EXP 	New trial (rep=0, index=91): <Trial 91 (91 in rep 0) data={'Task': 'LDT', 'TrialType': 'Target', 'Stimuli': 'flow', 'StimulusType': 'word', 'CorrectResponse': 'l', 'Trialnumb': 108, 'thisN': 91, 'thisTrialN': 91, 'thisRepN': 0}>
192.4339 	EXP 	LDT_fix_text: autoDraw = False
192.4339 	EXP 	LDT_stim_text: autoDraw = False
192.4339 	EXP 	LDT_break_text: autoDraw = False
192.4339 	EXP 	LDT_stim_text: height = np.float64(0.1)
192.4339 	EXP 	LDT_stim_text: height = np.float64(0.1)
192.4339 	EXP 	LDT_stim_text: height = np.float64(0.1)
192.4339 	EXP 	LDT_stim_text: text = 'flow'
192.4339 	EXP 	LDT_fix_text: autoDraw = True
192.4344 	DATA 	Keypress: l
192.5176 	EXP 	Device response: <KeyPress from None: t=192.4234385000018, value=l, duration=0.0886341999976139>
192.9177 	EXP 	LDT_stim_text: autoDraw = True
192.9260 	EXP 	LDT_fix_text: autoDraw = False
193.4352 	EXP 	Device response: <KeyPress from None: t=193.43138539999927, value=l, duration=None>
193.4354 	EXP 	New trial (rep=0, index=92): <Trial 92 (92 in rep 0) data={'Task': 'LDT', 'TrialType': 'Target', 'Stimuli': 'cean', 'StimulusType': 'nonword', 'CorrectResponse': 'a', 'Trialnumb': 126, 'thisN': 92, 'thisTrialN': 92, 'thisRepN': 0}>
193.4432 	EXP 	LDT_fix_text: autoDraw = False
193.4432 	EXP 	LDT_stim_text: autoDraw = False
193.4432 	EXP 	LDT_break_text: autoDraw = False
193.4432 	EXP 	LDT_stim_text: height = np.float64(0.1)
193.4432 	EXP 	LDT_stim_text: height = np.float64(0.1)
193.4432 	EXP 	LDT_stim_text: height = np.float64(0.1)
193.4432 	EXP 	LDT_stim_text: text = 'cean'
193.4432 	EXP 	LDT_fix_text: autoDraw = True
193.4437 	DATA 	Keypress: l
193.5519 	EXP 	Device response: <KeyPress from None: t=193.43138539999927, value=l, duration=0.1132383000003756>
193.9270 	EXP 	LDT_stim_text: autoDraw = True
193.9354 	EXP 	LDT_fix_text: autoDraw = False
194.5863 	EXP 	Device response: <KeyPress from None: t=194.58364580000125, value=a, duration=None>
194.5865 	EXP 	New trial (rep=0, index=93): <Trial 93 (93 in rep 0) data={'Task': 'LDT', 'TrialType': 'Target', 'Stimuli': 'flat', 'StimulusType': 'word', 'CorrectResponse': 'l', 'Trialnumb': 92, 'thisN': 93, 'thisTrialN': 93, 'thisRepN': 0}>
194.5943 	EXP 	LDT_fix_text: autoDraw = False
194.5943 	EXP 	LDT_stim_text: autoDraw = False
194.5943 	EXP 	LDT_break_text: autoDraw = False
194.5943 	EXP 	LDT_stim_text: height = np.float64(0.1)
194.5943 	EXP 	LDT_stim_text: height = np.float64(0.1)
194.5943 	EXP 	LDT_stim_text: height = np.float64(0.1)
194.5943 	EXP 	LDT_stim_text: text = 'flat'
194.5943 	EXP 	LDT_fix_text: autoDraw = True
194.5948 	DATA 	Keypress: a
194.7114 	EXP 	Device response: <KeyPress from None: t=194.58364580000125, value=a, duration=0.12008749999949941>
195.0782 	EXP 	LDT_stim_text: autoDraw = True
195.0865 	EXP 	LDT_fix_text: autoDraw = False
195.6707 	EXP 	Device response: <KeyPress from None: t=195.66332329999932, value=l, duration=None>
195.6709 	EXP 	New trial (rep=0, index=94): <Trial 94 (94 in rep 0) data={'Task': 'LDT', 'TrialType': 'Target', 'Stimuli': 'work', 'StimulusType': 'word', 'CorrectResponse': 'l', 'Trialnumb': 1, 'thisN': 94, 'thisTrialN': 94, 'thisRepN': 0}>
195.6788 	EXP 	LDT_fix_text: autoDraw = False
195.6788 	EXP 	LDT_stim_text: autoDraw = False
195.6788 	EXP 	LDT_break_text: autoDraw = False
195.6788 	EXP 	LDT_stim_text: height = np.float64(0.1)
195.6788 	EXP 	LDT_stim_text: height = np.float64(0.1)
195.6788 	EXP 	LDT_stim_text: height = np.float64(0.1)
195.6788 	EXP 	LDT_stim_text: text = 'work'
195.6788 	EXP 	LDT_fix_text: autoDraw = True
195.6793 	DATA 	Keypress: l
195.7458 	EXP 	Device response: <KeyPress from None: t=195.66332329999932, value=l, duration=0.08066390000021784>
196.1626 	EXP 	LDT_stim_text: autoDraw = True
196.1709 	EXP 	LDT_fix_text: autoDraw = False
196.6717 	EXP 	Device response: <KeyPress from None: t=196.6641630999984, value=l, duration=None>
196.6720 	EXP 	New trial (rep=0, index=95): <Trial 95 (95 in rep 0) data={'Task': 'LDT', 'TrialType': 'Target', 'Stimuli': 'pair', 'StimulusType': 'word', 'CorrectResponse': 'l', 'Trialnumb': 81, 'thisN': 95, 'thisTrialN': 95, 'thisRepN': 0}>
196.6797 	EXP 	LDT_fix_text: autoDraw = False
196.6797 	EXP 	LDT_stim_text: autoDraw = False
196.6797 	EXP 	LDT_break_text: autoDraw = False
196.6797 	EXP 	LDT_stim_text: height = np.float64(0.1)
196.6797 	EXP 	LDT_stim_text: height = np.float64(0.1)
196.6797 	EXP 	LDT_stim_text: height = np.float64(0.1)
196.6797 	EXP 	LDT_stim_text: text = 'pair'
196.6797 	EXP 	LDT_fix_text: autoDraw = True
196.6803 	DATA 	Keypress: l
196.7634 	EXP 	Device response: <KeyPress from None: t=196.6641630999984, value=l, duration=0.09698890000072424>
197.1636 	EXP 	LDT_stim_text: autoDraw = True
197.1719 	EXP 	LDT_fix_text: autoDraw = False
197.6645 	EXP 	Device response: <KeyPress from None: t=197.66369889999987, value=l, duration=None>
197.6647 	EXP 	New trial (rep=0, index=96): <Trial 96 (96 in rep 0) data={'Task': 'LDT', 'TrialType': 'Target', 'Stimuli': 'group', 'StimulusType': 'word', 'CorrectResponse': 'l', 'Trialnumb': 20, 'thisN': 96, 'thisTrialN': 96, 'thisRepN': 0}>
197.6724 	EXP 	LDT_fix_text: autoDraw = False
197.6724 	EXP 	LDT_stim_text: autoDraw = False
197.6724 	EXP 	LDT_break_text: autoDraw = False
197.6724 	EXP 	LDT_stim_text: height = np.float64(0.1)
197.6724 	EXP 	LDT_stim_text: height = np.float64(0.1)
197.6724 	EXP 	LDT_stim_text: height = np.float64(0.1)
197.6724 	EXP 	LDT_stim_text: text = 'group'
197.6724 	EXP 	LDT_fix_text: autoDraw = True
197.6730 	DATA 	Keypress: l
197.7394 	EXP 	Device response: <KeyPress from None: t=197.66369889999987, value=l, duration=0.0721929999999702>
198.1562 	EXP 	LDT_stim_text: autoDraw = True
198.1646 	EXP 	LDT_fix_text: autoDraw = False
198.8489 	EXP 	Device response: <KeyPress from None: t=198.84783099999913, value=l, duration=None>
198.8491 	EXP 	New trial (rep=0, index=97): <Trial 97 (97 in rep 0) data={'Task': 'LDT', 'TrialType': 'Target', 'Stimuli': 'tran', 'StimulusType': 'nonword', 'CorrectResponse': 'a', 'Trialnumb': 206, 'thisN': 97, 'thisTrialN': 97, 'thisRepN': 0}>
198.8569 	EXP 	LDT_fix_text: autoDraw = False
198.8569 	EXP 	LDT_stim_text: autoDraw = False
198.8569 	EXP 	LDT_break_text: autoDraw = False
198.8569 	EXP 	LDT_stim_text: height = np.float64(0.1)
198.8569 	EXP 	LDT_stim_text: height = np.float64(0.1)
198.8569 	EXP 	LDT_stim_text: height = np.float64(0.1)
198.8569 	EXP 	LDT_stim_text: text = 'tran'
198.8569 	EXP 	LDT_fix_text: autoDraw = True
198.8575 	DATA 	Keypress: l
198.9740 	EXP 	Device response: <KeyPress from None: t=198.84783099999913, value=l, duration=0.11958969999977853>
199.3407 	EXP 	LDT_stim_text: autoDraw = True
199.3491 	EXP 	LDT_fix_text: autoDraw = False
200.2586 	EXP 	Device response: <KeyPress from None: t=200.255842999999, value=a, duration=None>
200.2589 	EXP 	New trial (rep=0, index=98): <Trial 98 (98 in rep 0) data={'Task': 'LDT', 'TrialType': 'Target', 'Stimuli': 'hoon', 'StimulusType': 'nonword', 'CorrectResponse': 'a', 'Trialnumb': 155, 'thisN': 98, 'thisTrialN': 98, 'thisRepN': 0}>
200.2667 	EXP 	LDT_fix_text: autoDraw = False
200.2667 	EXP 	LDT_stim_text: autoDraw = False
200.2667 	EXP 	LDT_break_text: autoDraw = False
200.2667 	EXP 	LDT_stim_text: height = np.float64(0.1)
200.2667 	EXP 	LDT_stim_text: height = np.float64(0.1)
200.2667 	EXP 	LDT_stim_text: height = np.float64(0.1)
200.2667 	EXP 	LDT_stim_text: text = 'hoon'
200.2667 	EXP 	LDT_fix_text: autoDraw = True
200.2672 	DATA 	Keypress: a
200.3837 	EXP 	Device response: <KeyPress from None: t=200.255842999999, value=a, duration=0.12005689999932656>
200.7505 	EXP 	LDT_stim_text: autoDraw = True
200.7588 	EXP 	LDT_fix_text: autoDraw = False
201.5601 	EXP 	Device response: <KeyPress from None: t=201.55957009999838, value=a, duration=None>
201.5603 	EXP 	New trial (rep=0, index=99): <Trial 99 (99 in rep 0) data={'Task': 'LDT', 'TrialType': 'Target', 'Stimuli': 'zall', 'StimulusType': 'nonword', 'CorrectResponse': 'a', 'Trialnumb': 221, 'thisN': 99, 'thisTrialN': 99, 'thisRepN': 0}>
201.5679 	EXP 	LDT_fix_text: autoDraw = False
201.5679 	EXP 	LDT_stim_text: autoDraw = False
201.5679 	EXP 	LDT_break_text: autoDraw = False
201.5679 	EXP 	LDT_stim_text: height = np.float64(0.1)
201.5679 	EXP 	LDT_stim_text: height = np.float64(0.1)
201.5679 	EXP 	LDT_stim_text: height = np.float64(0.1)
201.5679 	EXP 	LDT_stim_text: text = 'zall'
201.5679 	EXP 	LDT_fix_text: autoDraw = True
201.5684 	DATA 	Keypress: a
201.6769 	EXP 	Device response: <KeyPress from None: t=201.55957009999838, value=a, duration=0.1136028000000806>
202.0518 	EXP 	LDT_stim_text: autoDraw = True
202.0601 	EXP 	LDT_fix_text: autoDraw = False
202.7611 	EXP 	Device response: <KeyPress from None: t=202.75928230000136, value=a, duration=None>
202.7613 	EXP 	New trial (rep=0, index=100): <Trial 100 (100 in rep 0) data={'Task': 'LDT', 'TrialType': 'Target', 'Stimuli': 'part', 'StimulusType': 'word', 'CorrectResponse': 'l', 'Trialnumb': 17, 'thisN': 100, 'thisTrialN': 100, 'thisRepN': 0}>
202.7692 	EXP 	LDT_fix_text: autoDraw = False
202.7692 	EXP 	LDT_stim_text: autoDraw = False
202.7692 	EXP 	LDT_break_text: autoDraw = False
202.7692 	EXP 	LDT_stim_text: height = np.float64(0.1)
202.7692 	EXP 	LDT_stim_text: height = np.float64(0.1)
202.7692 	EXP 	LDT_stim_text: height = np.float64(0.1)
202.7692 	EXP 	LDT_stim_text: text = 'part'
202.7692 	EXP 	LDT_fix_text: autoDraw = True
202.7697 	DATA 	Keypress: a
202.8613 	EXP 	Device response: <KeyPress from None: t=202.75928230000136, value=a, duration=0.09675059999790392>
203.2529 	EXP 	LDT_stim_text: autoDraw = True
203.2613 	EXP 	LDT_fix_text: autoDraw = False
204.1125 	EXP 	Device response: <KeyPress from None: t=204.11174820000087, value=l, duration=None>
204.1127 	EXP 	New trial (rep=0, index=101): <Trial 101 (101 in rep 0) data={'Task': 'LDT', 'TrialType': 'Target', 'Stimuli': 'trip', 'StimulusType': 'word', 'CorrectResponse': 'l', 'Trialnumb': 35, 'thisN': 101, 'thisTrialN': 101, 'thisRepN': 0}>
204.1205 	EXP 	LDT_fix_text: autoDraw = False
204.1205 	EXP 	LDT_stim_text: autoDraw = False
204.1205 	EXP 	LDT_break_text: autoDraw = False
204.1205 	EXP 	LDT_stim_text: height = np.float64(0.1)
204.1205 	EXP 	LDT_stim_text: height = np.float64(0.1)
204.1205 	EXP 	LDT_stim_text: height = np.float64(0.1)
204.1205 	EXP 	LDT_stim_text: text = 'trip'
204.1205 	EXP 	LDT_fix_text: autoDraw = True
204.1209 	DATA 	Keypress: l
204.2042 	EXP 	Device response: <KeyPress from None: t=204.11174820000087, value=l, duration=0.08795040000040899>
204.6043 	EXP 	LDT_stim_text: autoDraw = True
204.6126 	EXP 	LDT_fix_text: autoDraw = False
205.4221 	EXP 	Device response: <KeyPress from None: t=205.415688699999, value=l, duration=None>
205.4223 	EXP 	New trial (rep=0, index=102): <Trial 102 (102 in rep 0) data={'Task': 'LDT', 'TrialType': 'Target', 'Stimuli': 'eall', 'StimulusType': 'nonword', 'CorrectResponse': 'a', 'Trialnumb': 138, 'thisN': 102, 'thisTrialN': 102, 'thisRepN': 0}>
205.4302 	EXP 	LDT_fix_text: autoDraw = False
205.4302 	EXP 	LDT_stim_text: autoDraw = False
205.4302 	EXP 	LDT_break_text: autoDraw = False
205.4302 	EXP 	LDT_stim_text: height = np.float64(0.1)
205.4302 	EXP 	LDT_stim_text: height = np.float64(0.1)
205.4302 	EXP 	LDT_stim_text: height = np.float64(0.1)
205.4302 	EXP 	LDT_stim_text: text = 'eall'
205.4302 	EXP 	LDT_fix_text: autoDraw = True
205.4307 	DATA 	Keypress: l
205.4973 	EXP 	Device response: <KeyPress from None: t=205.415688699999, value=l, duration=0.0798493000002054>
205.9140 	EXP 	LDT_stim_text: autoDraw = True
205.9223 	EXP 	LDT_fix_text: autoDraw = False
206.5651 	EXP 	Device response: <KeyPress from None: t=206.5600529000003, value=a, duration=None>
206.5653 	EXP 	New trial (rep=0, index=103): <Trial 103 (103 in rep 0) data={'Task': 'LDT', 'TrialType': 'Target', 'Stimuli': 'sound', 'StimulusType': 'word', 'CorrectResponse': 'l', 'Trialnumb': 40, 'thisN': 103, 'thisTrialN': 103, 'thisRepN': 0}>
206.5729 	EXP 	LDT_fix_text: autoDraw = False
206.5729 	EXP 	LDT_stim_text: autoDraw = False
206.5729 	EXP 	LDT_break_text: autoDraw = False
206.5729 	EXP 	LDT_stim_text: height = np.float64(0.1)
206.5729 	EXP 	LDT_stim_text: height = np.float64(0.1)
206.5729 	EXP 	LDT_stim_text: height = np.float64(0.1)
206.5729 	EXP 	LDT_stim_text: text = 'sound'
206.5729 	EXP 	LDT_fix_text: autoDraw = True
206.5734 	DATA 	Keypress: a
206.6734 	EXP 	Device response: <KeyPress from None: t=206.5600529000003, value=a, duration=0.11164419999840902>
207.0567 	EXP 	LDT_stim_text: autoDraw = True
207.0651 	EXP 	LDT_fix_text: autoDraw = False
207.6076 	EXP 	Device response: <KeyPress from None: t=207.60021870000128, value=l, duration=None>
207.6078 	EXP 	New trial (rep=0, index=104): <Trial 104 (104 in rep 0) data={'Task': 'LDT', 'TrialType': 'Target', 'Stimuli': 'trick', 'StimulusType': 'word', 'CorrectResponse': 'l', 'Trialnumb': 75, 'thisN': 104, 'thisTrialN': 104, 'thisRepN': 0}>
207.6158 	EXP 	LDT_fix_text: autoDraw = False
207.6158 	EXP 	LDT_stim_text: autoDraw = False
207.6158 	EXP 	LDT_break_text: autoDraw = False
207.6158 	EXP 	LDT_stim_text: height = np.float64(0.1)
207.6158 	EXP 	LDT_stim_text: height = np.float64(0.1)
207.6158 	EXP 	LDT_stim_text: height = np.float64(0.1)
207.6158 	EXP 	LDT_stim_text: text = 'trick'
207.6158 	EXP 	LDT_fix_text: autoDraw = True
207.6163 	DATA 	Keypress: l
207.7079 	EXP 	Device response: <KeyPress from None: t=207.60021870000128, value=l, duration=0.10383720000027097>
208.0995 	EXP 	LDT_stim_text: autoDraw = True
208.1078 	EXP 	LDT_fix_text: autoDraw = False
208.8088 	EXP 	Device response: <KeyPress from None: t=208.80797330000132, value=l, duration=None>
208.8091 	EXP 	New trial (rep=0, index=105): <Trial 105 (105 in rep 0) data={'Task': 'LDT', 'TrialType': 'Target', 'Stimuli': 'job', 'StimulusType': 'word', 'CorrectResponse': 'l', 'Trialnumb': 26, 'thisN': 105, 'thisTrialN': 105, 'thisRepN': 0}>
208.8169 	EXP 	LDT_fix_text: autoDraw = False
208.8169 	EXP 	LDT_stim_text: autoDraw = False
208.8169 	EXP 	LDT_break_text: autoDraw = False
208.8169 	EXP 	LDT_stim_text: height = np.float64(0.1)
208.8169 	EXP 	LDT_stim_text: height = np.float64(0.1)
208.8169 	EXP 	LDT_stim_text: height = np.float64(0.1)
208.8169 	EXP 	LDT_stim_text: text = 'job'
208.8169 	EXP 	LDT_fix_text: autoDraw = True
208.8174 	DATA 	Keypress: l
208.9256 	EXP 	Device response: <KeyPress from None: t=208.80797330000132, value=l, duration=0.11159799999950337>
209.3008 	EXP 	LDT_stim_text: autoDraw = True
209.3090 	EXP 	LDT_fix_text: autoDraw = False
209.8015 	EXP 	Device response: <KeyPress from None: t=209.80015379999895, value=l, duration=None>
209.8017 	EXP 	New trial (rep=0, index=106): <Trial 106 (106 in rep 0) data={'Task': 'LDT', 'TrialType': 'Target', 'Stimuli': 'sish', 'StimulusType': 'nonword', 'CorrectResponse': 'a', 'Trialnumb': 193, 'thisN': 106, 'thisTrialN': 106, 'thisRepN': 0}>
209.8096 	EXP 	LDT_fix_text: autoDraw = False
209.8096 	EXP 	LDT_stim_text: autoDraw = False
209.8096 	EXP 	LDT_break_text: autoDraw = False
209.8096 	EXP 	LDT_stim_text: height = np.float64(0.1)
209.8096 	EXP 	LDT_stim_text: height = np.float64(0.1)
209.8096 	EXP 	LDT_stim_text: height = np.float64(0.1)
209.8096 	EXP 	LDT_stim_text: text = 'sish'
209.8096 	EXP 	LDT_fix_text: autoDraw = True
209.8102 	DATA 	Keypress: l
209.8849 	EXP 	Device response: <KeyPress from None: t=209.80015379999895, value=l, duration=0.08033110000178567>
210.2933 	EXP 	LDT_stim_text: autoDraw = True
210.3016 	EXP 	LDT_fix_text: autoDraw = False
211.0360 	EXP 	Device response: <KeyPress from None: t=211.03322679999837, value=a, duration=None>
211.0363 	EXP 	New trial (rep=0, index=107): <Trial 107 (107 in rep 0) data={'Task': 'LDT', 'TrialType': 'Target', 'Stimuli': 'air', 'StimulusType': 'word', 'CorrectResponse': 'l', 'Trialnumb': 34, 'thisN': 107, 'thisTrialN': 107, 'thisRepN': 0}>
211.0441 	EXP 	LDT_fix_text: autoDraw = False
211.0441 	EXP 	LDT_stim_text: autoDraw = False
211.0441 	EXP 	LDT_break_text: autoDraw = False
211.0441 	EXP 	LDT_stim_text: height = np.float64(0.1)
211.0441 	EXP 	LDT_stim_text: height = np.float64(0.1)
211.0441 	EXP 	LDT_stim_text: height = np.float64(0.1)
211.0441 	EXP 	LDT_stim_text: text = 'air'
211.0441 	EXP 	LDT_fix_text: autoDraw = True
211.0447 	DATA 	Keypress: a
211.1528 	EXP 	Device response: <KeyPress from None: t=211.03322679999837, value=a, duration=0.11849090000032447>
211.5279 	EXP 	LDT_stim_text: autoDraw = True
211.5362 	EXP 	LDT_fix_text: autoDraw = False
212.0787 	EXP 	Device response: <KeyPress from None: t=212.0714399999997, value=l, duration=None>
212.0790 	EXP 	New trial (rep=0, index=108): <Trial 108 (108 in rep 0) data={'Task': 'LDT', 'TrialType': 'Target', 'Stimuli': 'gied', 'StimulusType': 'nonword', 'CorrectResponse': 'a', 'Trialnumb': 146, 'thisN': 108, 'thisTrialN': 108, 'thisRepN': 0}>
212.0868 	EXP 	LDT_fix_text: autoDraw = False
212.0868 	EXP 	LDT_stim_text: autoDraw = False
212.0868 	EXP 	LDT_break_text: autoDraw = False
212.0868 	EXP 	LDT_stim_text: height = np.float64(0.1)
212.0868 	EXP 	LDT_stim_text: height = np.float64(0.1)
212.0868 	EXP 	LDT_stim_text: height = np.float64(0.1)
212.0868 	EXP 	LDT_stim_text: text = 'gied'
212.0868 	EXP 	LDT_fix_text: autoDraw = True
212.0873 	DATA 	Keypress: l
212.1787 	EXP 	Device response: <KeyPress from None: t=212.0714399999997, value=l, duration=0.10478489999877638>
212.5707 	EXP 	LDT_stim_text: autoDraw = True
212.5789 	EXP 	LDT_fix_text: autoDraw = False
213.1215 	EXP 	Device response: <KeyPress from None: t=213.1193858000006, value=a, duration=None>
213.1217 	EXP 	New trial (rep=0, index=109): <Trial 109 (109 in rep 0) data={'Task': 'LDT', 'TrialType': 'Target', 'Stimuli': 'cire', 'StimulusType': 'nonword', 'CorrectResponse': 'a', 'Trialnumb': 129, 'thisN': 109, 'thisTrialN': 109, 'thisRepN': 0}>
213.1296 	EXP 	LDT_fix_text: autoDraw = False
213.1296 	EXP 	LDT_stim_text: autoDraw = False
213.1296 	EXP 	LDT_break_text: autoDraw = False
213.1296 	EXP 	LDT_stim_text: height = np.float64(0.1)
213.1296 	EXP 	LDT_stim_text: height = np.float64(0.1)
213.1296 	EXP 	LDT_stim_text: height = np.float64(0.1)
213.1296 	EXP 	LDT_stim_text: text = 'cire'
213.1296 	EXP 	LDT_fix_text: autoDraw = True
213.1301 	DATA 	Keypress: a
213.2632 	EXP 	Device response: <KeyPress from None: t=213.1193858000006, value=a, duration=0.13593789999868022>
213.6133 	EXP 	LDT_stim_text: autoDraw = True
213.6216 	EXP 	LDT_fix_text: autoDraw = False
214.2727 	EXP 	Device response: <KeyPress from None: t=214.2718203000004, value=a, duration=None>
214.2729 	EXP 	New trial (rep=0, index=110): <Trial 110 (110 in rep 0) data={'Task': 'LDT', 'TrialType': 'Target', 'Stimuli': 'sale', 'StimulusType': 'word', 'CorrectResponse': 'l', 'Trialnumb': 93, 'thisN': 110, 'thisTrialN': 110, 'thisRepN': 0}>
214.2806 	EXP 	LDT_fix_text: autoDraw = False
214.2806 	EXP 	LDT_stim_text: autoDraw = False
214.2806 	EXP 	LDT_break_text: autoDraw = False
214.2806 	EXP 	LDT_stim_text: height = np.float64(0.1)
214.2806 	EXP 	LDT_stim_text: height = np.float64(0.1)
214.2806 	EXP 	LDT_stim_text: height = np.float64(0.1)
214.2806 	EXP 	LDT_stim_text: text = 'sale'
214.2806 	EXP 	LDT_fix_text: autoDraw = True
214.2811 	DATA 	Keypress: a
214.3894 	EXP 	Device response: <KeyPress from None: t=214.2718203000004, value=a, duration=0.11181299999952898>
214.7644 	EXP 	LDT_stim_text: autoDraw = True
214.7729 	EXP 	LDT_fix_text: autoDraw = False
215.4822 	EXP 	Device response: <KeyPress from None: t=215.47965209999893, value=l, duration=None>
215.4825 	EXP 	New trial (rep=0, index=111): <Trial 111 (111 in rep 0) data={'Task': 'LDT', 'TrialType': 'Target', 'Stimuli': 'kang', 'StimulusType': 'nonword', 'CorrectResponse': 'a', 'Trialnumb': 162, 'thisN': 111, 'thisTrialN': 111, 'thisRepN': 0}>
215.4902 	EXP 	LDT_fix_text: autoDraw = False
215.4902 	EXP 	LDT_stim_text: autoDraw = False
215.4902 	EXP 	LDT_break_text: autoDraw = False
215.4902 	EXP 	LDT_stim_text: height = np.float64(0.1)
215.4902 	EXP 	LDT_stim_text: height = np.float64(0.1)
215.4902 	EXP 	LDT_stim_text: height = np.float64(0.1)
215.4902 	EXP 	LDT_stim_text: text = 'kang'
215.4902 	EXP 	LDT_fix_text: autoDraw = True
215.4907 	DATA 	Keypress: l
215.5741 	EXP 	Device response: <KeyPress from None: t=215.47965209999893, value=l, duration=0.08785800000259769>
215.9740 	EXP 	LDT_stim_text: autoDraw = True
215.9823 	EXP 	LDT_fix_text: autoDraw = False
216.7084 	EXP 	Device response: <KeyPress from None: t=216.7039373000007, value=a, duration=None>
216.7086 	EXP 	New trial (rep=0, index=112): <Trial 112 (112 in rep 0) data={'Task': 'LDT', 'TrialType': 'Target', 'Stimuli': 'boss', 'StimulusType': 'word', 'CorrectResponse': 'l', 'Trialnumb': 61, 'thisN': 112, 'thisTrialN': 112, 'thisRepN': 0}>
216.7166 	EXP 	LDT_fix_text: autoDraw = False
216.7166 	EXP 	LDT_stim_text: autoDraw = False
216.7166 	EXP 	LDT_break_text: autoDraw = False
216.7166 	EXP 	LDT_stim_text: height = np.float64(0.1)
216.7166 	EXP 	LDT_stim_text: height = np.float64(0.1)
216.7166 	EXP 	LDT_stim_text: height = np.float64(0.1)
216.7166 	EXP 	LDT_stim_text: text = 'boss'
216.7166 	EXP 	LDT_fix_text: autoDraw = True
216.7171 	DATA 	Keypress: a
216.8335 	EXP 	Device response: <KeyPress from None: t=216.7039373000007, value=a, duration=0.12812239999766462>
217.2002 	EXP 	LDT_stim_text: autoDraw = True
217.2085 	EXP 	LDT_fix_text: autoDraw = False
217.6760 	EXP 	Device response: <KeyPress from None: t=217.6722105000008, value=l, duration=None>
217.6763 	EXP 	New trial (rep=0, index=113): <Trial 113 (113 in rep 0) data={'Task': 'LDT', 'TrialType': 'Target', 'Stimuli': 'hoal', 'StimulusType': 'nonword', 'CorrectResponse': 'a', 'Trialnumb': 154, 'thisN': 113, 'thisTrialN': 113, 'thisRepN': 0}>
217.6840 	EXP 	LDT_fix_text: autoDraw = False
217.6840 	EXP 	LDT_stim_text: autoDraw = False
217.6840 	EXP 	LDT_break_text: autoDraw = False
217.6840 	EXP 	LDT_stim_text: height = np.float64(0.1)
217.6840 	EXP 	LDT_stim_text: height = np.float64(0.1)
217.6840 	EXP 	LDT_stim_text: height = np.float64(0.1)
217.6840 	EXP 	LDT_stim_text: text = 'hoal'
217.6840 	EXP 	LDT_fix_text: autoDraw = True
217.6845 	DATA 	Keypress: l
217.7596 	EXP 	Device response: <KeyPress from None: t=217.6722105000008, value=l, duration=0.07975389999774052>
218.1678 	EXP 	LDT_stim_text: autoDraw = True
218.1762 	EXP 	LDT_fix_text: autoDraw = False
220.9627 	EXP 	Device response: <KeyPress from None: t=220.95988769999894, value=a, duration=None>
220.9629 	EXP 	New trial (rep=0, index=114): <Trial 114 (114 in rep 0) data={'Task': 'LDT', 'TrialType': 'Target', 'Stimuli': 'club', 'StimulusType': 'word', 'CorrectResponse': 'l', 'Trialnumb': 64, 'thisN': 114, 'thisTrialN': 114, 'thisRepN': 0}>
220.9707 	EXP 	LDT_fix_text: autoDraw = False
220.9707 	EXP 	LDT_stim_text: autoDraw = False
220.9707 	EXP 	LDT_break_text: autoDraw = False
220.9707 	EXP 	LDT_stim_text: height = np.float64(0.1)
220.9707 	EXP 	LDT_stim_text: height = np.float64(0.1)
220.9707 	EXP 	LDT_stim_text: height = np.float64(0.1)
220.9707 	EXP 	LDT_stim_text: text = 'club'
220.9707 	EXP 	LDT_fix_text: autoDraw = True
220.9712 	DATA 	Keypress: a
221.0543 	EXP 	Device response: <KeyPress from None: t=220.95988769999894, value=a, duration=0.08793250000235275>
221.4544 	EXP 	LDT_stim_text: autoDraw = True
221.4628 	EXP 	LDT_fix_text: autoDraw = False
222.0303 	EXP 	Device response: <KeyPress from None: t=222.02377849999903, value=l, duration=None>
222.0305 	EXP 	New trial (rep=0, index=115): <Trial 115 (115 in rep 0) data={'Task': 'LDT', 'TrialType': 'Target', 'Stimuli': 'berm', 'StimulusType': 'nonword', 'CorrectResponse': 'a', 'Trialnumb': 121, 'thisN': 115, 'thisTrialN': 115, 'thisRepN': 0}>
222.0383 	EXP 	LDT_fix_text: autoDraw = False
222.0383 	EXP 	LDT_stim_text: autoDraw = False
222.0383 	EXP 	LDT_break_text: autoDraw = False
222.0383 	EXP 	LDT_stim_text: height = np.float64(0.1)
222.0383 	EXP 	LDT_stim_text: height = np.float64(0.1)
222.0383 	EXP 	LDT_stim_text: height = np.float64(0.1)
222.0383 	EXP 	LDT_stim_text: text = 'berm'
222.0383 	EXP 	LDT_fix_text: autoDraw = True
222.0389 	DATA 	Keypress: l
222.0720 	EXP 	Device response: <KeyPress from None: t=222.02377849999903, value=l, duration=0.0402183000005607>
222.5221 	EXP 	LDT_stim_text: autoDraw = True
222.5305 	EXP 	LDT_fix_text: autoDraw = False
223.1231 	EXP 	Device response: <KeyPress from None: t=223.11982290000014, value=a, duration=None>
223.1233 	EXP 	New trial (rep=0, index=116): <Trial 116 (116 in rep 0) data={'Task': 'LDT', 'TrialType': 'Target', 'Stimuli': 'rees', 'StimulusType': 'nonword', 'CorrectResponse': 'a', 'Trialnumb': 184, 'thisN': 116, 'thisTrialN': 116, 'thisRepN': 0}>
223.1311 	EXP 	LDT_fix_text: autoDraw = False
223.1311 	EXP 	LDT_stim_text: autoDraw = False
223.1311 	EXP 	LDT_break_text: autoDraw = False
223.1311 	EXP 	LDT_stim_text: height = np.float64(0.1)
223.1311 	EXP 	LDT_stim_text: height = np.float64(0.1)
223.1311 	EXP 	LDT_stim_text: height = np.float64(0.1)
223.1311 	EXP 	LDT_stim_text: text = 'rees'
223.1311 	EXP 	LDT_fix_text: autoDraw = True
223.1316 	DATA 	Keypress: a
223.2315 	EXP 	Device response: <KeyPress from None: t=223.11982290000014, value=a, duration=0.10392420000061975>
223.6149 	EXP 	LDT_stim_text: autoDraw = True
223.6232 	EXP 	LDT_fix_text: autoDraw = False
224.2075 	EXP 	Device response: <KeyPress from None: t=224.20022059999974, value=a, duration=None>
224.2077 	EXP 	New trial (rep=0, index=117): <Trial 117 (117 in rep 0) data={'Task': 'LDT', 'TrialType': 'Target', 'Stimuli': 'still', 'StimulusType': 'word', 'CorrectResponse': 'l', 'Trialnumb': 14, 'thisN': 117, 'thisTrialN': 117, 'thisRepN': 0}>
224.2156 	EXP 	LDT_fix_text: autoDraw = False
224.2156 	EXP 	LDT_stim_text: autoDraw = False
224.2156 	EXP 	LDT_break_text: autoDraw = False
224.2156 	EXP 	LDT_stim_text: height = np.float64(0.1)
224.2156 	EXP 	LDT_stim_text: height = np.float64(0.1)
224.2156 	EXP 	LDT_stim_text: height = np.float64(0.1)
224.2156 	EXP 	LDT_stim_text: text = 'still'
224.2156 	EXP 	LDT_fix_text: autoDraw = True
224.2161 	DATA 	Keypress: a
224.2826 	EXP 	Device response: <KeyPress from None: t=224.20022059999974, value=a, duration=0.07903760000044713>
224.6993 	EXP 	LDT_stim_text: autoDraw = True
224.7077 	EXP 	LDT_fix_text: autoDraw = False
225.4087 	EXP 	Device response: <KeyPress from None: t=225.40035550000175, value=l, duration=None>
225.4090 	EXP 	New trial (rep=0, index=118): <Trial 118 (118 in rep 0) data={'Task': 'LDT', 'TrialType': 'Target', 'Stimuli': 'wass', 'StimulusType': 'nonword', 'CorrectResponse': 'a', 'Trialnumb': 215, 'thisN': 118, 'thisTrialN': 118, 'thisRepN': 0}>
225.4102 	DATA 	Keypress: l
225.4168 	EXP 	LDT_fix_text: autoDraw = False
225.4168 	EXP 	LDT_stim_text: autoDraw = False
225.4168 	EXP 	LDT_break_text: autoDraw = False
225.4168 	EXP 	LDT_stim_text: height = np.float64(0.1)
225.4168 	EXP 	LDT_stim_text: height = np.float64(0.1)
225.4168 	EXP 	LDT_stim_text: height = np.float64(0.1)
225.4168 	EXP 	LDT_stim_text: text = 'wass'
225.4168 	EXP 	LDT_fix_text: autoDraw = True
225.5004 	EXP 	Device response: <KeyPress from None: t=225.40035550000175, value=l, duration=0.09489119999852846>
225.9005 	EXP 	LDT_stim_text: autoDraw = True
225.9089 	EXP 	LDT_fix_text: autoDraw = False
226.6683 	EXP 	Device response: <KeyPress from None: t=226.66406930000085, value=a, duration=None>
226.6686 	EXP 	New trial (rep=0, index=119): <Trial 119 (119 in rep 0) data={'Task': 'LDT', 'TrialType': 'Target', 'Stimuli': 'spin', 'StimulusType': 'word', 'CorrectResponse': 'l', 'Trialnumb': 107, 'thisN': 119, 'thisTrialN': 119, 'thisRepN': 0}>
226.6763 	EXP 	LDT_fix_text: autoDraw = False
226.6763 	EXP 	LDT_stim_text: autoDraw = False
226.6763 	EXP 	LDT_break_text: autoDraw = False
226.6763 	EXP 	LDT_stim_text: height = np.float64(0.1)
226.6763 	EXP 	LDT_stim_text: height = np.float64(0.1)
226.6763 	EXP 	LDT_stim_text: height = np.float64(0.1)
226.6763 	EXP 	LDT_stim_text: text = 'spin'
226.6763 	EXP 	LDT_fix_text: autoDraw = True
226.6768 	DATA 	Keypress: a
226.8017 	EXP 	Device response: <KeyPress from None: t=226.66406930000085, value=a, duration=0.13614869999946677>
227.1601 	EXP 	LDT_stim_text: autoDraw = True
227.1685 	EXP 	LDT_fix_text: autoDraw = False
227.6860 	EXP 	Device response: <KeyPress from None: t=227.67942640000183, value=l, duration=None>
227.6940 	EXP 	LDT_fix_text: autoDraw = False
227.6940 	EXP 	LDT_stim_text: autoDraw = False
227.6940 	EXP 	LDT_break_text: autoDraw = True
227.6946 	DATA 	Keypress: l
227.7109 	EXP 	Device response: <KeyPress from None: t=227.67942640000183, value=l, duration=0.02394119999735267>
229.3293 	EXP 	Device response: <KeyPress from None: t=229.3279760000005, value=space, duration=None>
229.3295 	EXP 	New trial (rep=0, index=120): <Trial 120 (120 in rep 0) data={'Task': 'LDT', 'TrialType': 'Target', 'Stimuli': 'burz', 'StimulusType': 'nonword', 'CorrectResponse': 'a', 'Trialnumb': 112, 'thisN': 120, 'thisTrialN': 120, 'thisRepN': 0}>
229.3374 	EXP 	LDT_break_text: autoDraw = False
229.3374 	EXP 	LDT_stim_text: height = np.float64(0.1)
229.3374 	EXP 	LDT_stim_text: height = np.float64(0.1)
229.3374 	EXP 	LDT_stim_text: height = np.float64(0.1)
229.3374 	EXP 	LDT_stim_text: text = 'burz'
229.3374 	EXP 	LDT_fix_text: autoDraw = True
229.3380 	DATA 	Keypress: space
229.4627 	EXP 	Device response: <KeyPress from None: t=229.3279760000005, value=space, duration=0.12916159999804222>
229.8211 	EXP 	LDT_stim_text: autoDraw = True
229.8295 	EXP 	LDT_fix_text: autoDraw = False
230.4887 	EXP 	Device response: <KeyPress from None: t=230.48770910000167, value=a, duration=None>
230.4890 	EXP 	New trial (rep=0, index=121): <Trial 121 (121 in rep 0) data={'Task': 'LDT', 'TrialType': 'Target', 'Stimuli': 'drove', 'StimulusType': 'word', 'CorrectResponse': 'l', 'Trialnumb': 90, 'thisN': 121, 'thisTrialN': 121, 'thisRepN': 0}>
230.4968 	EXP 	LDT_fix_text: autoDraw = False
230.4968 	EXP 	LDT_stim_text: autoDraw = False
230.4968 	EXP 	LDT_break_text: autoDraw = False
230.4968 	EXP 	LDT_stim_text: height = np.float64(0.1)
230.4968 	EXP 	LDT_stim_text: height = np.float64(0.1)
230.4968 	EXP 	LDT_stim_text: height = np.float64(0.1)
230.4968 	EXP 	LDT_stim_text: text = 'drove'
230.4968 	EXP 	LDT_fix_text: autoDraw = True
230.4973 	DATA 	Keypress: a
230.5888 	EXP 	Device response: <KeyPress from None: t=230.48770910000167, value=a, duration=0.09585089999745833>
230.9806 	EXP 	LDT_stim_text: autoDraw = True
230.9890 	EXP 	LDT_fix_text: autoDraw = False
232.3239 	EXP 	Device response: <KeyPress from None: t=232.3205898999986, value=a, duration=None>
232.3241 	EXP 	New trial (rep=0, index=122): <Trial 122 (122 in rep 0) data={'Task': 'LDT', 'TrialType': 'Target', 'Stimuli': 'vink', 'StimulusType': 'nonword', 'CorrectResponse': 'a', 'Trialnumb': 212, 'thisN': 122, 'thisTrialN': 122, 'thisRepN': 0}>
232.3319 	EXP 	LDT_fix_text: autoDraw = False
232.3319 	EXP 	LDT_stim_text: autoDraw = False
232.3319 	EXP 	LDT_break_text: autoDraw = False
232.3319 	EXP 	LDT_stim_text: height = np.float64(0.1)
232.3319 	EXP 	LDT_stim_text: height = np.float64(0.1)
232.3319 	EXP 	LDT_stim_text: height = np.float64(0.1)
232.3319 	EXP 	LDT_stim_text: text = 'vink'
232.3319 	EXP 	LDT_fix_text: autoDraw = True
232.3324 	DATA 	Keypress: a
232.4239 	EXP 	Device response: <KeyPress from None: t=232.3205898999986, value=a, duration=0.09563429999980144>
232.8158 	EXP 	LDT_stim_text: autoDraw = True
232.8241 	EXP 	LDT_fix_text: autoDraw = False
233.4084 	EXP 	Device response: <KeyPress from None: t=233.39997080000103, value=a, duration=None>
233.4086 	EXP 	New trial (rep=0, index=123): <Trial 123 (123 in rep 0) data={'Task': 'LDT', 'TrialType': 'Target', 'Stimuli': 'biss', 'StimulusType': 'nonword', 'CorrectResponse': 'a', 'Trialnumb': 123, 'thisN': 123, 'thisTrialN': 123, 'thisRepN': 0}>
233.4098 	DATA 	Keypress: a
233.4165 	EXP 	LDT_fix_text: autoDraw = False
233.4165 	EXP 	LDT_stim_text: autoDraw = False
233.4165 	EXP 	LDT_break_text: autoDraw = False
233.4165 	EXP 	LDT_stim_text: height = np.float64(0.1)
233.4165 	EXP 	LDT_stim_text: height = np.float64(0.1)
233.4165 	EXP 	LDT_stim_text: height = np.float64(0.1)
233.4165 	EXP 	LDT_stim_text: text = 'biss'
233.4165 	EXP 	LDT_fix_text: autoDraw = True
233.5167 	EXP 	Device response: <KeyPress from None: t=233.39997080000103, value=a, duration=0.11237559999790392>
233.9002 	EXP 	LDT_stim_text: autoDraw = True
233.9085 	EXP 	LDT_fix_text: autoDraw = False
234.5844 	EXP 	Device response: <KeyPress from None: t=234.57615069999883, value=a, duration=None>
234.5847 	EXP 	New trial (rep=0, index=124): <Trial 124 (124 in rep 0) data={'Task': 'LDT', 'TrialType': 'Target', 'Stimuli': 'sarry', 'StimulusType': 'nonword', 'CorrectResponse': 'a', 'Trialnumb': 186, 'thisN': 124, 'thisTrialN': 124, 'thisRepN': 0}>
234.5863 	DATA 	Keypress: a
234.5925 	EXP 	LDT_fix_text: autoDraw = False
234.5925 	EXP 	LDT_stim_text: autoDraw = False
234.5925 	EXP 	LDT_break_text: autoDraw = False
234.5925 	EXP 	LDT_stim_text: height = np.float64(0.1)
234.5925 	EXP 	LDT_stim_text: height = np.float64(0.1)
234.5925 	EXP 	LDT_stim_text: height = np.float64(0.1)
234.5925 	EXP 	LDT_stim_text: text = 'sarry'
234.5925 	EXP 	LDT_fix_text: autoDraw = True
234.7179 	EXP 	Device response: <KeyPress from None: t=234.57615069999883, value=a, duration=0.13551750000260654>
235.0764 	EXP 	LDT_stim_text: autoDraw = True
235.0847 	EXP 	LDT_fix_text: autoDraw = False
236.0026 	EXP 	Device response: <KeyPress from None: t=236.00010309999925, value=a, duration=None>
236.0028 	EXP 	New trial (rep=0, index=125): <Trial 125 (125 in rep 0) data={'Task': 'LDT', 'TrialType': 'Target', 'Stimuli': 'slim', 'StimulusType': 'word', 'CorrectResponse': 'l', 'Trialnumb': 111, 'thisN': 125, 'thisTrialN': 125, 'thisRepN': 0}>
236.0107 	EXP 	LDT_fix_text: autoDraw = False
236.0107 	EXP 	LDT_stim_text: autoDraw = False
236.0107 	EXP 	LDT_break_text: autoDraw = False
236.0107 	EXP 	LDT_stim_text: height = np.float64(0.1)
236.0107 	EXP 	LDT_stim_text: height = np.float64(0.1)
236.0107 	EXP 	LDT_stim_text: height = np.float64(0.1)
236.0107 	EXP 	LDT_stim_text: text = 'slim'
236.0107 	EXP 	LDT_fix_text: autoDraw = True
236.0112 	DATA 	Keypress: a
236.1277 	EXP 	Device response: <KeyPress from None: t=236.00010309999925, value=a, duration=0.12002790000042296>
236.4945 	EXP 	LDT_stim_text: autoDraw = True
236.5027 	EXP 	LDT_fix_text: autoDraw = False
237.2121 	EXP 	Device response: <KeyPress from None: t=237.20774399999937, value=l, duration=None>
237.2123 	EXP 	New trial (rep=0, index=126): <Trial 126 (126 in rep 0) data={'Task': 'LDT', 'TrialType': 'Target', 'Stimuli': 'hork', 'StimulusType': 'nonword', 'CorrectResponse': 'a', 'Trialnumb': 156, 'thisN': 126, 'thisTrialN': 126, 'thisRepN': 0}>
237.2202 	EXP 	LDT_fix_text: autoDraw = False
237.2202 	EXP 	LDT_stim_text: autoDraw = False
237.2202 	EXP 	LDT_break_text: autoDraw = False
237.2202 	EXP 	LDT_stim_text: height = np.float64(0.1)
237.2202 	EXP 	LDT_stim_text: height = np.float64(0.1)
237.2202 	EXP 	LDT_stim_text: height = np.float64(0.1)
237.2202 	EXP 	LDT_stim_text: text = 'hork'
237.2202 	EXP 	LDT_fix_text: autoDraw = True
237.2208 	DATA 	Keypress: l
237.3205 	EXP 	Device response: <KeyPress from None: t=237.20774399999937, value=l, duration=0.10447770000246237>
237.7040 	EXP 	LDT_stim_text: autoDraw = True
237.7123 	EXP 	LDT_fix_text: autoDraw = False
238.3049 	EXP 	Device response: <KeyPress from None: t=238.3036987000014, value=a, duration=None>
238.3051 	EXP 	New trial (rep=0, index=127): <Trial 127 (127 in rep 0) data={'Task': 'LDT', 'TrialType': 'Target', 'Stimuli': 'rent', 'StimulusType': 'word', 'CorrectResponse': 'l', 'Trialnumb': 84, 'thisN': 127, 'thisTrialN': 127, 'thisRepN': 0}>
238.3129 	EXP 	LDT_fix_text: autoDraw = False
238.3129 	EXP 	LDT_stim_text: autoDraw = False
238.3129 	EXP 	LDT_break_text: autoDraw = False
238.3129 	EXP 	LDT_stim_text: height = np.float64(0.1)
238.3129 	EXP 	LDT_stim_text: height = np.float64(0.1)
238.3129 	EXP 	LDT_stim_text: height = np.float64(0.1)
238.3129 	EXP 	LDT_stim_text: text = 'rent'
238.3129 	EXP 	LDT_fix_text: autoDraw = True
238.3135 	DATA 	Keypress: a
238.4633 	EXP 	Device response: <KeyPress from None: t=238.3036987000014, value=a, duration=0.15211649999764632>
238.7967 	EXP 	LDT_stim_text: autoDraw = True
238.8051 	EXP 	LDT_fix_text: autoDraw = False
239.2559 	EXP 	Device response: <KeyPress from None: t=239.2477833999983, value=a, duration=None>
239.2561 	EXP 	New trial (rep=0, index=128): <Trial 128 (128 in rep 0) data={'Task': 'LDT', 'TrialType': 'Target', 'Stimuli': 'bint', 'StimulusType': 'nonword', 'CorrectResponse': 'a', 'Trialnumb': 122, 'thisN': 128, 'thisTrialN': 128, 'thisRepN': 0}>
239.2639 	EXP 	LDT_fix_text: autoDraw = False
239.2639 	EXP 	LDT_stim_text: autoDraw = False
239.2639 	EXP 	LDT_break_text: autoDraw = False
239.2639 	EXP 	LDT_stim_text: height = np.float64(0.1)
239.2639 	EXP 	LDT_stim_text: height = np.float64(0.1)
239.2639 	EXP 	LDT_stim_text: height = np.float64(0.1)
239.2639 	EXP 	LDT_stim_text: text = 'bint'
239.2639 	EXP 	LDT_fix_text: autoDraw = True
239.2644 	DATA 	Keypress: a
239.3559 	EXP 	Device response: <KeyPress from None: t=239.2477833999983, value=a, duration=0.10394480000104522>
239.7477 	EXP 	LDT_stim_text: autoDraw = True
239.7560 	EXP 	LDT_fix_text: autoDraw = False
240.6322 	EXP 	Device response: <KeyPress from None: t=240.62411900000006, value=a, duration=None>
240.6324 	EXP 	New trial (rep=0, index=129): <Trial 129 (129 in rep 0) data={'Task': 'LDT', 'TrialType': 'Target', 'Stimuli': 'week', 'StimulusType': 'word', 'CorrectResponse': 'l', 'Trialnumb': 28, 'thisN': 129, 'thisTrialN': 129, 'thisRepN': 0}>
240.6402 	EXP 	LDT_fix_text: autoDraw = False
240.6402 	EXP 	LDT_stim_text: autoDraw = False
240.6402 	EXP 	LDT_break_text: autoDraw = False
240.6402 	EXP 	LDT_stim_text: height = np.float64(0.1)
240.6402 	EXP 	LDT_stim_text: height = np.float64(0.1)
240.6402 	EXP 	LDT_stim_text: height = np.float64(0.1)
240.6402 	EXP 	LDT_stim_text: text = 'week'
240.6402 	EXP 	LDT_fix_text: autoDraw = True
240.6408 	DATA 	Keypress: a
240.7573 	EXP 	Device response: <KeyPress from None: t=240.62411900000006, value=a, duration=0.12811860000147135>
241.1240 	EXP 	LDT_stim_text: autoDraw = True
241.1324 	EXP 	LDT_fix_text: autoDraw = False
241.7084 	EXP 	Device response: <KeyPress from None: t=241.70350469999903, value=l, duration=None>
241.7086 	EXP 	New trial (rep=0, index=130): <Trial 130 (130 in rep 0) data={'Task': 'LDT', 'TrialType': 'Target', 'Stimuli': 'veek', 'StimulusType': 'nonword', 'CorrectResponse': 'a', 'Trialnumb': 211, 'thisN': 130, 'thisTrialN': 130, 'thisRepN': 0}>
241.7163 	EXP 	LDT_fix_text: autoDraw = False
241.7163 	EXP 	LDT_stim_text: autoDraw = False
241.7163 	EXP 	LDT_break_text: autoDraw = False
241.7163 	EXP 	LDT_stim_text: height = np.float64(0.1)
241.7163 	EXP 	LDT_stim_text: height = np.float64(0.1)
241.7163 	EXP 	LDT_stim_text: height = np.float64(0.1)
241.7163 	EXP 	LDT_stim_text: text = 'veek'
241.7163 	EXP 	LDT_fix_text: autoDraw = True
241.7168 	DATA 	Keypress: l
241.7918 	EXP 	Device response: <KeyPress from None: t=241.70350469999903, value=l, duration=0.08781860000090091>
242.2001 	EXP 	LDT_stim_text: autoDraw = True
242.2084 	EXP 	LDT_fix_text: autoDraw = False
243.4350 	EXP 	Device response: <KeyPress from None: t=243.43166360000032, value=a, duration=None>
243.4353 	EXP 	New trial (rep=0, index=131): <Trial 131 (131 in rep 0) data={'Task': 'LDT', 'TrialType': 'Target', 'Stimuli': 'ran', 'StimulusType': 'word', 'CorrectResponse': 'l', 'Trialnumb': 66, 'thisN': 131, 'thisTrialN': 131, 'thisRepN': 0}>
243.4430 	EXP 	LDT_fix_text: autoDraw = False
243.4430 	EXP 	LDT_stim_text: autoDraw = False
243.4430 	EXP 	LDT_break_text: autoDraw = False
243.4430 	EXP 	LDT_stim_text: height = np.float64(0.1)
243.4430 	EXP 	LDT_stim_text: height = np.float64(0.1)
243.4430 	EXP 	LDT_stim_text: height = np.float64(0.1)
243.4430 	EXP 	LDT_stim_text: text = 'ran'
243.4430 	EXP 	LDT_fix_text: autoDraw = True
243.4436 	DATA 	Keypress: a
243.5602 	EXP 	Device response: <KeyPress from None: t=243.43166360000032, value=a, duration=0.12106159999893862>
243.9268 	EXP 	LDT_stim_text: autoDraw = True
243.9352 	EXP 	LDT_fix_text: autoDraw = False
245.8457 	EXP 	Device response: <KeyPress from None: t=245.83959949999917, value=l, duration=None>
245.8459 	EXP 	New trial (rep=0, index=132): <Trial 132 (132 in rep 0) data={'Task': 'LDT', 'TrialType': 'Target', 'Stimuli': 'hass', 'StimulusType': 'nonword', 'CorrectResponse': 'a', 'Trialnumb': 151, 'thisN': 132, 'thisTrialN': 132, 'thisRepN': 0}>
245.8537 	EXP 	LDT_fix_text: autoDraw = False
245.8537 	EXP 	LDT_stim_text: autoDraw = False
245.8537 	EXP 	LDT_break_text: autoDraw = False
245.8537 	EXP 	LDT_stim_text: height = np.float64(0.1)
245.8537 	EXP 	LDT_stim_text: height = np.float64(0.1)
245.8537 	EXP 	LDT_stim_text: height = np.float64(0.1)
245.8537 	EXP 	LDT_stim_text: text = 'hass'
245.8537 	EXP 	LDT_fix_text: autoDraw = True
245.8543 	DATA 	Keypress: l
245.9458 	EXP 	Device response: <KeyPress from None: t=245.83959949999917, value=l, duration=0.10380490000170539>
246.3375 	EXP 	LDT_stim_text: autoDraw = True
246.3459 	EXP 	LDT_fix_text: autoDraw = False
247.0970 	EXP 	Device response: <KeyPress from None: t=247.09569929999998, value=a, duration=None>
247.0973 	EXP 	New trial (rep=0, index=133): <Trial 133 (133 in rep 0) data={'Task': 'LDT', 'TrialType': 'Target', 'Stimuli': 'buy', 'StimulusType': 'word', 'CorrectResponse': 'l', 'Trialnumb': 25, 'thisN': 133, 'thisTrialN': 133, 'thisRepN': 0}>
247.1050 	EXP 	LDT_fix_text: autoDraw = False
247.1050 	EXP 	LDT_stim_text: autoDraw = False
247.1050 	EXP 	LDT_break_text: autoDraw = False
247.1050 	EXP 	LDT_stim_text: height = np.float64(0.1)
247.1050 	EXP 	LDT_stim_text: height = np.float64(0.1)
247.1050 	EXP 	LDT_stim_text: height = np.float64(0.1)
247.1050 	EXP 	LDT_stim_text: text = 'buy'
247.1050 	EXP 	LDT_fix_text: autoDraw = True
247.1054 	DATA 	Keypress: a
247.1888 	EXP 	Device response: <KeyPress from None: t=247.09569929999998, value=a, duration=0.08793549999973038>
247.5888 	EXP 	LDT_stim_text: autoDraw = True
247.5972 	EXP 	LDT_fix_text: autoDraw = False
248.1480 	EXP 	Device response: <KeyPress from None: t=248.14407579999897, value=l, duration=None>
248.1482 	EXP 	New trial (rep=0, index=134): <Trial 134 (134 in rep 0) data={'Task': 'LDT', 'TrialType': 'Target', 'Stimuli': 'pess', 'StimulusType': 'nonword', 'CorrectResponse': 'a', 'Trialnumb': 180, 'thisN': 134, 'thisTrialN': 134, 'thisRepN': 0}>
248.1560 	EXP 	LDT_fix_text: autoDraw = False
248.1560 	EXP 	LDT_stim_text: autoDraw = False
248.1560 	EXP 	LDT_break_text: autoDraw = False
248.1560 	EXP 	LDT_stim_text: height = np.float64(0.1)
248.1560 	EXP 	LDT_stim_text: height = np.float64(0.1)
248.1560 	EXP 	LDT_stim_text: height = np.float64(0.1)
248.1560 	EXP 	LDT_stim_text: text = 'pess'
248.1560 	EXP 	LDT_fix_text: autoDraw = True
248.1566 	DATA 	Keypress: l
248.2315 	EXP 	Device response: <KeyPress from None: t=248.14407579999897, value=l, duration=0.07991010000114329>
248.6399 	EXP 	LDT_stim_text: autoDraw = True
248.6482 	EXP 	LDT_fix_text: autoDraw = False
249.3076 	EXP 	Device response: <KeyPress from None: t=249.30500010000105, value=a, duration=None>
249.3078 	EXP 	New trial (rep=0, index=135): <Trial 135 (135 in rep 0) data={'Task': 'LDT', 'TrialType': 'Target', 'Stimuli': 'left', 'StimulusType': 'word', 'CorrectResponse': 'l', 'Trialnumb': 27, 'thisN': 135, 'thisTrialN': 135, 'thisRepN': 0}>
249.3155 	EXP 	LDT_fix_text: autoDraw = False
249.3155 	EXP 	LDT_stim_text: autoDraw = False
249.3155 	EXP 	LDT_break_text: autoDraw = False
249.3155 	EXP 	LDT_stim_text: height = np.float64(0.1)
249.3155 	EXP 	LDT_stim_text: height = np.float64(0.1)
249.3155 	EXP 	LDT_stim_text: height = np.float64(0.1)
249.3155 	EXP 	LDT_stim_text: text = 'left'
249.3155 	EXP 	LDT_fix_text: autoDraw = True
249.3161 	DATA 	Keypress: a
249.4160 	EXP 	Device response: <KeyPress from None: t=249.30500010000105, value=a, duration=0.11074100000041653>
249.7993 	EXP 	LDT_stim_text: autoDraw = True
249.8078 	EXP 	LDT_fix_text: autoDraw = False
250.9507 	EXP 	Device response: <KeyPress from None: t=250.9439233999983, value=l, duration=None>
250.9510 	EXP 	New trial (rep=0, index=136): <Trial 136 (136 in rep 0) data={'Task': 'LDT', 'TrialType': 'Target', 'Stimuli': 'neep', 'StimulusType': 'nonword', 'CorrectResponse': 'a', 'Trialnumb': 176, 'thisN': 136, 'thisTrialN': 136, 'thisRepN': 0}>
250.9588 	EXP 	LDT_fix_text: autoDraw = False
250.9588 	EXP 	LDT_stim_text: autoDraw = False
250.9588 	EXP 	LDT_break_text: autoDraw = False
250.9588 	EXP 	LDT_stim_text: height = np.float64(0.1)
250.9588 	EXP 	LDT_stim_text: height = np.float64(0.1)
250.9588 	EXP 	LDT_stim_text: height = np.float64(0.1)
250.9588 	EXP 	LDT_stim_text: text = 'neep'
250.9588 	EXP 	LDT_fix_text: autoDraw = True
250.9594 	DATA 	Keypress: l
251.0508 	EXP 	Device response: <KeyPress from None: t=250.9439233999983, value=l, duration=0.10346410000056494>
251.4427 	EXP 	LDT_stim_text: autoDraw = True
251.4511 	EXP 	LDT_fix_text: autoDraw = False
252.6191 	EXP 	Device response: <KeyPress from None: t=252.61565999999948, value=a, duration=None>
252.6194 	EXP 	New trial (rep=0, index=137): <Trial 137 (137 in rep 0) data={'Task': 'LDT', 'TrialType': 'Target', 'Stimuli': 'fere', 'StimulusType': 'nonword', 'CorrectResponse': 'a', 'Trialnumb': 140, 'thisN': 137, 'thisTrialN': 137, 'thisRepN': 0}>
252.6272 	EXP 	LDT_fix_text: autoDraw = False
252.6272 	EXP 	LDT_stim_text: autoDraw = False
252.6272 	EXP 	LDT_break_text: autoDraw = False
252.6272 	EXP 	LDT_stim_text: height = np.float64(0.1)
252.6272 	EXP 	LDT_stim_text: height = np.float64(0.1)
252.6272 	EXP 	LDT_stim_text: height = np.float64(0.1)
252.6272 	EXP 	LDT_stim_text: text = 'fere'
252.6272 	EXP 	LDT_fix_text: autoDraw = True
252.6278 	DATA 	Keypress: a
252.7359 	EXP 	Device response: <KeyPress from None: t=252.61565999999948, value=a, duration=0.11240140000154497>
253.1110 	EXP 	LDT_stim_text: autoDraw = True
253.1193 	EXP 	LDT_fix_text: autoDraw = False
254.2624 	EXP 	Device response: <KeyPress from None: t=254.25551389999964, value=a, duration=None>
254.2626 	EXP 	New trial (rep=0, index=138): <Trial 138 (138 in rep 0) data={'Task': 'LDT', 'TrialType': 'Target', 'Stimuli': 'pulk', 'StimulusType': 'nonword', 'CorrectResponse': 'a', 'Trialnumb': 183, 'thisN': 138, 'thisTrialN': 138, 'thisRepN': 0}>
254.2706 	EXP 	LDT_fix_text: autoDraw = False
254.2706 	EXP 	LDT_stim_text: autoDraw = False
254.2706 	EXP 	LDT_break_text: autoDraw = False
254.2706 	EXP 	LDT_stim_text: height = np.float64(0.1)
254.2706 	EXP 	LDT_stim_text: height = np.float64(0.1)
254.2706 	EXP 	LDT_stim_text: height = np.float64(0.1)
254.2706 	EXP 	LDT_stim_text: text = 'pulk'
254.2706 	EXP 	LDT_fix_text: autoDraw = True
254.2711 	DATA 	Keypress: a
254.3542 	EXP 	Device response: <KeyPress from None: t=254.25551389999964, value=a, duration=0.09579840000151307>
254.7543 	EXP 	LDT_stim_text: autoDraw = True
254.7626 	EXP 	LDT_fix_text: autoDraw = False
255.5054 	EXP 	Device response: <KeyPress from None: t=255.50465479999912, value=a, duration=None>
255.5056 	EXP 	New trial (rep=0, index=139): <Trial 139 (139 in rep 0) data={'Task': 'LDT', 'TrialType': 'Target', 'Stimuli': 'fall', 'StimulusType': 'word', 'CorrectResponse': 'l', 'Trialnumb': 62, 'thisN': 139, 'thisTrialN': 139, 'thisRepN': 0}>
255.5134 	EXP 	LDT_fix_text: autoDraw = False
255.5134 	EXP 	LDT_stim_text: autoDraw = False
255.5134 	EXP 	LDT_break_text: autoDraw = False
255.5134 	EXP 	LDT_stim_text: height = np.float64(0.1)
255.5134 	EXP 	LDT_stim_text: height = np.float64(0.1)
255.5134 	EXP 	LDT_stim_text: height = np.float64(0.1)
255.5134 	EXP 	LDT_stim_text: text = 'fall'
255.5134 	EXP 	LDT_fix_text: autoDraw = True
255.5139 	DATA 	Keypress: a
255.6054 	EXP 	Device response: <KeyPress from None: t=255.50465479999912, value=a, duration=0.09553679999953602>
255.9972 	EXP 	LDT_stim_text: autoDraw = True
256.0055 	EXP 	LDT_fix_text: autoDraw = False
256.5064 	EXP 	Device response: <KeyPress from None: t=256.5034059999998, value=l, duration=None>
256.5066 	EXP 	New trial (rep=0, index=140): <Trial 140 (140 in rep 0) data={'Task': 'LDT', 'TrialType': 'Target', 'Stimuli': 'last', 'StimulusType': 'word', 'CorrectResponse': 'l', 'Trialnumb': 11, 'thisN': 140, 'thisTrialN': 140, 'thisRepN': 0}>
256.5145 	EXP 	LDT_fix_text: autoDraw = False
256.5145 	EXP 	LDT_stim_text: autoDraw = False
256.5145 	EXP 	LDT_break_text: autoDraw = False
256.5145 	EXP 	LDT_stim_text: height = np.float64(0.1)
256.5145 	EXP 	LDT_stim_text: height = np.float64(0.1)
256.5145 	EXP 	LDT_stim_text: height = np.float64(0.1)
256.5145 	EXP 	LDT_stim_text: text = 'last'
256.5145 	EXP 	LDT_fix_text: autoDraw = True
256.5150 	DATA 	Keypress: l
256.5981 	EXP 	Device response: <KeyPress from None: t=256.5034059999998, value=l, duration=0.08839920000173151>
256.9982 	EXP 	LDT_stim_text: autoDraw = True
257.0066 	EXP 	LDT_fix_text: autoDraw = False
257.6159 	EXP 	Device response: <KeyPress from None: t=257.6079209000018, value=l, duration=None>
257.6161 	EXP 	New trial (rep=0, index=141): <Trial 141 (141 in rep 0) data={'Task': 'LDT', 'TrialType': 'Target', 'Stimuli': 'music', 'StimulusType': 'word', 'CorrectResponse': 'l', 'Trialnumb': 13, 'thisN': 141, 'thisTrialN': 141, 'thisRepN': 0}>
257.6238 	EXP 	LDT_fix_text: autoDraw = False
257.6238 	EXP 	LDT_stim_text: autoDraw = False
257.6238 	EXP 	LDT_break_text: autoDraw = False
257.6238 	EXP 	LDT_stim_text: height = np.float64(0.1)
257.6238 	EXP 	LDT_stim_text: height = np.float64(0.1)
257.6238 	EXP 	LDT_stim_text: height = np.float64(0.1)
257.6238 	EXP 	LDT_stim_text: text = 'music'
257.6238 	EXP 	LDT_fix_text: autoDraw = True
257.6244 	DATA 	Keypress: l
257.7160 	EXP 	Device response: <KeyPress from None: t=257.6079209000018, value=l, duration=0.10430899999846588>
258.1076 	EXP 	LDT_stim_text: autoDraw = True
258.1160 	EXP 	LDT_fix_text: autoDraw = False
258.5919 	EXP 	Device response: <KeyPress from None: t=258.5912810000009, value=l, duration=None>
258.5922 	EXP 	New trial (rep=0, index=142): <Trial 142 (142 in rep 0) data={'Task': 'LDT', 'TrialType': 'Target', 'Stimuli': 'cips', 'StimulusType': 'nonword', 'CorrectResponse': 'a', 'Trialnumb': 128, 'thisN': 142, 'thisTrialN': 142, 'thisRepN': 0}>
258.5999 	EXP 	LDT_fix_text: autoDraw = False
258.5999 	EXP 	LDT_stim_text: autoDraw = False
258.5999 	EXP 	LDT_break_text: autoDraw = False
258.5999 	EXP 	LDT_stim_text: height = np.float64(0.1)
258.5999 	EXP 	LDT_stim_text: height = np.float64(0.1)
258.5999 	EXP 	LDT_stim_text: height = np.float64(0.1)
258.5999 	EXP 	LDT_stim_text: text = 'cips'
258.5999 	EXP 	LDT_fix_text: autoDraw = True
258.6004 	DATA 	Keypress: l
258.7002 	EXP 	Device response: <KeyPress from None: t=258.5912810000009, value=l, duration=0.10549270000046818>
259.0836 	EXP 	LDT_stim_text: autoDraw = True
259.0920 	EXP 	LDT_fix_text: autoDraw = False
259.9681 	EXP 	Device response: <KeyPress from None: t=259.96024880000186, value=a, duration=None>
259.9683 	EXP 	New trial (rep=0, index=143): <Trial 143 (143 in rep 0) data={'Task': 'LDT', 'TrialType': 'Target', 'Stimuli': 'data', 'StimulusType': 'word', 'CorrectResponse': 'l', 'Trialnumb': 41, 'thisN': 143, 'thisTrialN': 143, 'thisRepN': 0}>
259.9762 	EXP 	LDT_fix_text: autoDraw = False
259.9762 	EXP 	LDT_stim_text: autoDraw = False
259.9762 	EXP 	LDT_break_text: autoDraw = False
259.9762 	EXP 	LDT_stim_text: height = np.float64(0.1)
259.9762 	EXP 	LDT_stim_text: height = np.float64(0.1)
259.9762 	EXP 	LDT_stim_text: height = np.float64(0.1)
259.9762 	EXP 	LDT_stim_text: text = 'data'
259.9762 	EXP 	LDT_fix_text: autoDraw = True
259.9767 	DATA 	Keypress: a
260.0932 	EXP 	Device response: <KeyPress from None: t=259.96024880000186, value=a, duration=0.12773529999685707>
260.4599 	EXP 	LDT_stim_text: autoDraw = True
260.4684 	EXP 	LDT_fix_text: autoDraw = False
260.9692 	EXP 	Device response: <KeyPress from None: t=260.96776580000005, value=l, duration=None>
260.9694 	EXP 	New trial (rep=0, index=144): <Trial 144 (144 in rep 0) data={'Task': 'LDT', 'TrialType': 'Target', 'Stimuli': 'yell', 'StimulusType': 'word', 'CorrectResponse': 'l', 'Trialnumb': 101, 'thisN': 144, 'thisTrialN': 144, 'thisRepN': 0}>
260.9772 	EXP 	LDT_fix_text: autoDraw = False
260.9772 	EXP 	LDT_stim_text: autoDraw = False
260.9772 	EXP 	LDT_break_text: autoDraw = False
260.9772 	EXP 	LDT_stim_text: height = np.float64(0.1)
260.9772 	EXP 	LDT_stim_text: height = np.float64(0.1)
260.9772 	EXP 	LDT_stim_text: height = np.float64(0.1)
260.9772 	EXP 	LDT_stim_text: text = 'yell'
260.9772 	EXP 	LDT_fix_text: autoDraw = True
260.9777 	DATA 	Keypress: l
261.0608 	EXP 	Device response: <KeyPress from None: t=260.96776580000005, value=l, duration=0.08906189999834169>
261.4610 	EXP 	LDT_stim_text: autoDraw = True
261.4693 	EXP 	LDT_fix_text: autoDraw = False
262.1954 	EXP 	Device response: <KeyPress from None: t=262.1927359000001, value=l, duration=None>
262.1956 	EXP 	New trial (rep=0, index=145): <Trial 145 (145 in rep 0) data={'Task': 'LDT', 'TrialType': 'Target', 'Stimuli': 'toas', 'StimulusType': 'nonword', 'CorrectResponse': 'a', 'Trialnumb': 203, 'thisN': 145, 'thisTrialN': 145, 'thisRepN': 0}>
262.2034 	EXP 	LDT_fix_text: autoDraw = False
262.2034 	EXP 	LDT_stim_text: autoDraw = False
262.2034 	EXP 	LDT_break_text: autoDraw = False
262.2034 	EXP 	LDT_stim_text: height = np.float64(0.1)
262.2034 	EXP 	LDT_stim_text: height = np.float64(0.1)
262.2034 	EXP 	LDT_stim_text: height = np.float64(0.1)
262.2034 	EXP 	LDT_stim_text: text = 'toas'
262.2034 	EXP 	LDT_fix_text: autoDraw = True
262.2040 	DATA 	Keypress: l
262.2954 	EXP 	Device response: <KeyPress from None: t=262.1927359000001, value=l, duration=0.09460580000086338>
262.6872 	EXP 	LDT_stim_text: autoDraw = True
262.6955 	EXP 	LDT_fix_text: autoDraw = False
263.2882 	EXP 	Device response: <KeyPress from None: t=263.28755739999906, value=a, duration=None>
263.2885 	EXP 	New trial (rep=0, index=146): <Trial 146 (146 in rep 0) data={'Task': 'LDT', 'TrialType': 'Target', 'Stimuli': 'ugly', 'StimulusType': 'word', 'CorrectResponse': 'l', 'Trialnumb': 78, 'thisN': 146, 'thisTrialN': 146, 'thisRepN': 0}>
263.2961 	EXP 	LDT_fix_text: autoDraw = False
263.2961 	EXP 	LDT_stim_text: autoDraw = False
263.2961 	EXP 	LDT_break_text: autoDraw = False
263.2961 	EXP 	LDT_stim_text: height = np.float64(0.1)
263.2961 	EXP 	LDT_stim_text: height = np.float64(0.1)
263.2961 	EXP 	LDT_stim_text: height = np.float64(0.1)
263.2961 	EXP 	LDT_stim_text: text = 'ugly'
263.2961 	EXP 	LDT_fix_text: autoDraw = True
263.2967 	DATA 	Keypress: a
263.4298 	EXP 	Device response: <KeyPress from None: t=263.28755739999906, value=a, duration=0.13569710000228952>
263.7799 	EXP 	LDT_stim_text: autoDraw = True
263.7883 	EXP 	LDT_fix_text: autoDraw = False
264.2975 	EXP 	Device response: <KeyPress from None: t=264.29605699999956, value=l, duration=None>
264.2977 	EXP 	New trial (rep=0, index=147): <Trial 147 (147 in rep 0) data={'Task': 'LDT', 'TrialType': 'Target', 'Stimuli': 'pook', 'StimulusType': 'nonword', 'CorrectResponse': 'a', 'Trialnumb': 182, 'thisN': 147, 'thisTrialN': 147, 'thisRepN': 0}>
264.3055 	EXP 	LDT_fix_text: autoDraw = False
264.3055 	EXP 	LDT_stim_text: autoDraw = False
264.3055 	EXP 	LDT_break_text: autoDraw = False
264.3055 	EXP 	LDT_stim_text: height = np.float64(0.1)
264.3055 	EXP 	LDT_stim_text: height = np.float64(0.1)
264.3055 	EXP 	LDT_stim_text: height = np.float64(0.1)
264.3055 	EXP 	LDT_stim_text: text = 'pook'
264.3055 	EXP 	LDT_fix_text: autoDraw = True
264.3060 	DATA 	Keypress: l
264.3892 	EXP 	Device response: <KeyPress from None: t=264.29605699999956, value=l, duration=0.08876429999872926>
264.7893 	EXP 	LDT_stim_text: autoDraw = True
264.7976 	EXP 	LDT_fix_text: autoDraw = False
266.6164 	EXP 	Device response: <KeyPress from None: t=266.6081105999983, value=l, duration=None>
266.6167 	EXP 	New trial (rep=0, index=148): <Trial 148 (148 in rep 0) data={'Task': 'LDT', 'TrialType': 'Target', 'Stimuli': 'food', 'StimulusType': 'word', 'CorrectResponse': 'l', 'Trialnumb': 5, 'thisN': 148, 'thisTrialN': 148, 'thisRepN': 0}>
266.6179 	DATA 	Keypress: l
266.6245 	EXP 	LDT_fix_text: autoDraw = False
266.6245 	EXP 	LDT_stim_text: autoDraw = False
266.6245 	EXP 	LDT_break_text: autoDraw = False
266.6245 	EXP 	LDT_stim_text: height = np.float64(0.1)
266.6245 	EXP 	LDT_stim_text: height = np.float64(0.1)
266.6245 	EXP 	LDT_stim_text: height = np.float64(0.1)
266.6245 	EXP 	LDT_stim_text: text = 'food'
266.6245 	EXP 	LDT_fix_text: autoDraw = True
266.7248 	EXP 	Device response: <KeyPress from None: t=266.6081105999983, value=l, duration=0.11228700000356184>
267.1082 	EXP 	LDT_stim_text: autoDraw = True
267.1166 	EXP 	LDT_fix_text: autoDraw = False
267.5590 	EXP 	Device response: <KeyPress from None: t=267.55212630000096, value=l, duration=None>
267.5593 	EXP 	New trial (rep=0, index=149): <Trial 149 (149 in rep 0) data={'Task': 'LDT', 'TrialType': 'Target', 'Stimuli': 'blue', 'StimulusType': 'word', 'CorrectResponse': 'l', 'Trialnumb': 57, 'thisN': 149, 'thisTrialN': 149, 'thisRepN': 0}>
267.5671 	EXP 	LDT_fix_text: autoDraw = False
267.5671 	EXP 	LDT_stim_text: autoDraw = False
267.5671 	EXP 	LDT_break_text: autoDraw = False
267.5671 	EXP 	LDT_stim_text: height = np.float64(0.1)
267.5671 	EXP 	LDT_stim_text: height = np.float64(0.1)
267.5671 	EXP 	LDT_stim_text: height = np.float64(0.1)
267.5671 	EXP 	LDT_stim_text: text = 'blue'
267.5671 	EXP 	LDT_fix_text: autoDraw = True
267.5676 	DATA 	Keypress: l
267.6341 	EXP 	Device response: <KeyPress from None: t=267.55212630000096, value=l, duration=0.07915689999936149>
268.0510 	EXP 	LDT_stim_text: autoDraw = True
268.0592 	EXP 	LDT_fix_text: autoDraw = False
268.5516 	EXP 	Device response: <KeyPress from None: t=268.5441529999989, value=l, duration=None>
268.5519 	EXP 	New trial (rep=0, index=150): <Trial 150 (150 in rep 0) data={'Task': 'LDT', 'TrialType': 'Target', 'Stimuli': 'set', 'StimulusType': 'word', 'CorrectResponse': 'l', 'Trialnumb': 36, 'thisN': 150, 'thisTrialN': 150, 'thisRepN': 0}>
268.5597 	EXP 	LDT_fix_text: autoDraw = False
268.5597 	EXP 	LDT_stim_text: autoDraw = False
268.5597 	EXP 	LDT_break_text: autoDraw = False
268.5597 	EXP 	LDT_stim_text: height = np.float64(0.1)
268.5597 	EXP 	LDT_stim_text: height = np.float64(0.1)
268.5597 	EXP 	LDT_stim_text: height = np.float64(0.1)
268.5597 	EXP 	LDT_stim_text: text = 'set'
268.5597 	EXP 	LDT_fix_text: autoDraw = True
268.5603 	DATA 	Keypress: l
268.6101 	EXP 	Device response: <KeyPress from None: t=268.5441529999989, value=l, duration=0.06326950000220677>
269.0435 	EXP 	LDT_stim_text: autoDraw = True
269.0520 	EXP 	LDT_fix_text: autoDraw = False
269.5610 	EXP 	Device response: <KeyPress from None: t=269.5602409999992, value=l, duration=None>
269.5613 	EXP 	New trial (rep=0, index=151): <Trial 151 (151 in rep 0) data={'Task': 'LDT', 'TrialType': 'Target', 'Stimuli': 'plue', 'StimulusType': 'nonword', 'CorrectResponse': 'a', 'Trialnumb': 181, 'thisN': 151, 'thisTrialN': 151, 'thisRepN': 0}>
269.5691 	EXP 	LDT_fix_text: autoDraw = False
269.5691 	EXP 	LDT_stim_text: autoDraw = False
269.5691 	EXP 	LDT_break_text: autoDraw = False
269.5691 	EXP 	LDT_stim_text: height = np.float64(0.1)
269.5691 	EXP 	LDT_stim_text: height = np.float64(0.1)
269.5691 	EXP 	LDT_stim_text: height = np.float64(0.1)
269.5691 	EXP 	LDT_stim_text: text = 'plue'
269.5691 	EXP 	LDT_fix_text: autoDraw = True
269.5696 	DATA 	Keypress: l
269.6696 	EXP 	Device response: <KeyPress from None: t=269.5602409999992, value=l, duration=0.10315590000027441>
270.0529 	EXP 	LDT_stim_text: autoDraw = True
270.0612 	EXP 	LDT_fix_text: autoDraw = False
270.9040 	EXP 	Device response: <KeyPress from None: t=270.903489100001, value=a, duration=None>
270.9042 	EXP 	New trial (rep=0, index=152): <Trial 152 (152 in rep 0) data={'Task': 'LDT', 'TrialType': 'Target', 'Stimuli': 'brone', 'StimulusType': 'nonword', 'CorrectResponse': 'a', 'Trialnumb': 125, 'thisN': 152, 'thisTrialN': 152, 'thisRepN': 0}>
270.9121 	EXP 	LDT_fix_text: autoDraw = False
270.9121 	EXP 	LDT_stim_text: autoDraw = False
270.9121 	EXP 	LDT_break_text: autoDraw = False
270.9121 	EXP 	LDT_stim_text: height = np.float64(0.1)
270.9121 	EXP 	LDT_stim_text: height = np.float64(0.1)
270.9121 	EXP 	LDT_stim_text: height = np.float64(0.1)
270.9121 	EXP 	LDT_stim_text: text = 'brone'
270.9121 	EXP 	LDT_fix_text: autoDraw = True
270.9126 	DATA 	Keypress: a
271.0124 	EXP 	Device response: <KeyPress from None: t=270.903489100001, value=a, duration=0.10421339999811607>
271.3959 	EXP 	LDT_stim_text: autoDraw = True
271.4043 	EXP 	LDT_fix_text: autoDraw = False
273.4235 	EXP 	Device response: <KeyPress from None: t=273.42326989999856, value=a, duration=None>
273.4317 	EXP 	New trial (rep=0, index=153): <Trial 153 (153 in rep 0) data={'Task': 'LDT', 'TrialType': 'Target', 'Stimuli': 'flen', 'StimulusType': 'nonword', 'CorrectResponse': 'a', 'Trialnumb': 141, 'thisN': 153, 'thisTrialN': 153, 'thisRepN': 0}>
273.4330 	DATA 	Keypress: a
273.4396 	EXP 	LDT_fix_text: autoDraw = False
273.4396 	EXP 	LDT_stim_text: autoDraw = False
273.4396 	EXP 	LDT_break_text: autoDraw = False
273.4396 	EXP 	LDT_stim_text: height = np.float64(0.1)
273.4396 	EXP 	LDT_stim_text: height = np.float64(0.1)
273.4396 	EXP 	LDT_stim_text: height = np.float64(0.1)
273.4396 	EXP 	LDT_stim_text: text = 'flen'
273.4396 	EXP 	LDT_fix_text: autoDraw = True
273.5651 	EXP 	Device response: <KeyPress from None: t=273.42326989999856, value=a, duration=0.13647780000246712>
273.9234 	EXP 	LDT_stim_text: autoDraw = True
273.9317 	EXP 	LDT_fix_text: autoDraw = False
274.7912 	EXP 	Device response: <KeyPress from None: t=274.7833802999994, value=a, duration=None>
274.7914 	EXP 	New trial (rep=0, index=154): <Trial 154 (154 in rep 0) data={'Task': 'LDT', 'TrialType': 'Target', 'Stimuli': 'stip', 'StimulusType': 'nonword', 'CorrectResponse': 'a', 'Trialnumb': 200, 'thisN': 154, 'thisTrialN': 154, 'thisRepN': 0}>
274.7993 	EXP 	LDT_fix_text: autoDraw = False
274.7993 	EXP 	LDT_stim_text: autoDraw = False
274.7993 	EXP 	LDT_break_text: autoDraw = False
274.7993 	EXP 	LDT_stim_text: height = np.float64(0.1)
274.7993 	EXP 	LDT_stim_text: height = np.float64(0.1)
274.7993 	EXP 	LDT_stim_text: height = np.float64(0.1)
274.7993 	EXP 	LDT_stim_text: text = 'stip'
274.7993 	EXP 	LDT_fix_text: autoDraw = True
274.7999 	DATA 	Keypress: a
274.9163 	EXP 	Device response: <KeyPress from None: t=274.7833802999994, value=a, duration=0.1295659000024898>
275.2832 	EXP 	LDT_stim_text: autoDraw = True
275.2914 	EXP 	LDT_fix_text: autoDraw = False
276.2093 	EXP 	Device response: <KeyPress from None: t=276.20753719999993, value=l, duration=None>
276.2095 	EXP 	New trial (rep=0, index=155): <Trial 155 (155 in rep 0) data={'Task': 'LDT', 'TrialType': 'Target', 'Stimuli': 'grew', 'StimulusType': 'word', 'CorrectResponse': 'l', 'Trialnumb': 89, 'thisN': 155, 'thisTrialN': 155, 'thisRepN': 0}>
276.2174 	EXP 	LDT_fix_text: autoDraw = False
276.2174 	EXP 	LDT_stim_text: autoDraw = False
276.2174 	EXP 	LDT_break_text: autoDraw = False
276.2174 	EXP 	LDT_stim_text: height = np.float64(0.1)
276.2174 	EXP 	LDT_stim_text: height = np.float64(0.1)
276.2174 	EXP 	LDT_stim_text: height = np.float64(0.1)
276.2174 	EXP 	LDT_stim_text: text = 'grew'
276.2174 	EXP 	LDT_fix_text: autoDraw = True
276.2179 	DATA 	Keypress: l
276.2928 	EXP 	Device response: <KeyPress from None: t=276.20753719999993, value=l, duration=0.0804056999986642>
276.7012 	EXP 	LDT_stim_text: autoDraw = True
276.7096 	EXP 	LDT_fix_text: autoDraw = False
277.7278 	EXP 	Device response: <KeyPress from None: t=277.72744500000044, value=l, duration=None>
277.7361 	EXP 	New trial (rep=0, index=156): <Trial 156 (156 in rep 0) data={'Task': 'LDT', 'TrialType': 'Target', 'Stimuli': 'heat', 'StimulusType': 'word', 'CorrectResponse': 'l', 'Trialnumb': 79, 'thisN': 156, 'thisTrialN': 156, 'thisRepN': 0}>
277.7375 	DATA 	Keypress: l
277.7439 	EXP 	LDT_fix_text: autoDraw = False
277.7439 	EXP 	LDT_stim_text: autoDraw = False
277.7439 	EXP 	LDT_break_text: autoDraw = False
277.7439 	EXP 	LDT_stim_text: height = np.float64(0.1)
277.7439 	EXP 	LDT_stim_text: height = np.float64(0.1)
277.7439 	EXP 	LDT_stim_text: height = np.float64(0.1)
277.7439 	EXP 	LDT_stim_text: text = 'heat'
277.7439 	EXP 	LDT_fix_text: autoDraw = True
277.8276 	EXP 	Device response: <KeyPress from None: t=277.72744500000044, value=l, duration=0.09582099999897764>
278.2277 	EXP 	LDT_stim_text: autoDraw = True
278.2360 	EXP 	LDT_fix_text: autoDraw = False
278.7535 	EXP 	Device response: <KeyPress from None: t=278.75189070000124, value=l, duration=None>
278.7537 	EXP 	New trial (rep=0, index=157): <Trial 157 (157 in rep 0) data={'Task': 'LDT', 'TrialType': 'Target', 'Stimuli': 'down', 'StimulusType': 'word', 'CorrectResponse': 'l', 'Trialnumb': 9, 'thisN': 157, 'thisTrialN': 157, 'thisRepN': 0}>
278.7615 	EXP 	LDT_fix_text: autoDraw = False
278.7615 	EXP 	LDT_stim_text: autoDraw = False
278.7615 	EXP 	LDT_break_text: autoDraw = False
278.7615 	EXP 	LDT_stim_text: height = np.float64(0.1)
278.7615 	EXP 	LDT_stim_text: height = np.float64(0.1)
278.7615 	EXP 	LDT_stim_text: height = np.float64(0.1)
278.7615 	EXP 	LDT_stim_text: text = 'down'
278.7615 	EXP 	LDT_fix_text: autoDraw = True
278.7620 	DATA 	Keypress: l
278.8452 	EXP 	Device response: <KeyPress from None: t=278.75189070000124, value=l, duration=0.08761629999935394>
279.2453 	EXP 	LDT_stim_text: autoDraw = True
279.2537 	EXP 	LDT_fix_text: autoDraw = False
279.8129 	EXP 	Device response: <KeyPress from None: t=279.808092700001, value=l, duration=None>
279.8131 	EXP 	New trial (rep=0, index=158): <Trial 158 (158 in rep 0) data={'Task': 'LDT', 'TrialType': 'Target', 'Stimuli': 'gead', 'StimulusType': 'nonword', 'CorrectResponse': 'a', 'Trialnumb': 145, 'thisN': 158, 'thisTrialN': 158, 'thisRepN': 0}>
279.8210 	EXP 	LDT_fix_text: autoDraw = False
279.8210 	EXP 	LDT_stim_text: autoDraw = False
279.8210 	EXP 	LDT_break_text: autoDraw = False
279.8210 	EXP 	LDT_stim_text: height = np.float64(0.1)
279.8210 	EXP 	LDT_stim_text: height = np.float64(0.1)
279.8210 	EXP 	LDT_stim_text: height = np.float64(0.1)
279.8210 	EXP 	LDT_stim_text: text = 'gead'
279.8210 	EXP 	LDT_fix_text: autoDraw = True
279.8214 	DATA 	Keypress: l
279.9213 	EXP 	Device response: <KeyPress from None: t=279.808092700001, value=l, duration=0.1113664999975299>
280.3047 	EXP 	LDT_stim_text: autoDraw = True
280.3131 	EXP 	LDT_fix_text: autoDraw = False
281.0976 	EXP 	Device response: <KeyPress from None: t=281.0970673000011, value=a, duration=None>
281.0978 	EXP 	New trial (rep=0, index=159): <Trial 159 (159 in rep 0) data={'Task': 'LDT', 'TrialType': 'Target', 'Stimuli': 'area', 'StimulusType': 'word', 'CorrectResponse': 'l', 'Trialnumb': 49, 'thisN': 159, 'thisTrialN': 159, 'thisRepN': 0}>
281.1056 	EXP 	LDT_fix_text: autoDraw = False
281.1056 	EXP 	LDT_stim_text: autoDraw = False
281.1056 	EXP 	LDT_break_text: autoDraw = False
281.1056 	EXP 	LDT_stim_text: height = np.float64(0.1)
281.1056 	EXP 	LDT_stim_text: height = np.float64(0.1)
281.1056 	EXP 	LDT_stim_text: height = np.float64(0.1)
281.1056 	EXP 	LDT_stim_text: text = 'area'
281.1056 	EXP 	LDT_fix_text: autoDraw = True
281.1061 	DATA 	Keypress: a
281.2142 	EXP 	Device response: <KeyPress from None: t=281.0970673000011, value=a, duration=0.11019409999789787>
281.5894 	EXP 	LDT_stim_text: autoDraw = True
281.5977 	EXP 	LDT_fix_text: autoDraw = False
282.2069 	EXP 	Device response: <KeyPress from None: t=282.1999251999987, value=l, duration=None>
282.2072 	EXP 	New trial (rep=0, index=160): <Trial 160 (160 in rep 0) data={'Task': 'LDT', 'TrialType': 'Target', 'Stimuli': 'dilt', 'StimulusType': 'nonword', 'CorrectResponse': 'a', 'Trialnumb': 137, 'thisN': 160, 'thisTrialN': 160, 'thisRepN': 0}>
282.2150 	EXP 	LDT_fix_text: autoDraw = False
282.2150 	EXP 	LDT_stim_text: autoDraw = False
282.2150 	EXP 	LDT_break_text: autoDraw = False
282.2150 	EXP 	LDT_stim_text: height = np.float64(0.1)
282.2150 	EXP 	LDT_stim_text: height = np.float64(0.1)
282.2150 	EXP 	LDT_stim_text: height = np.float64(0.1)
282.2150 	EXP 	LDT_stim_text: text = 'dilt'
282.2150 	EXP 	LDT_fix_text: autoDraw = True
282.2155 	DATA 	Keypress: l
282.2986 	EXP 	Device response: <KeyPress from None: t=282.1999251999987, value=l, duration=0.09610210000028019>
282.6988 	EXP 	LDT_stim_text: autoDraw = True
282.7071 	EXP 	LDT_fix_text: autoDraw = False
283.5583 	EXP 	Device response: <KeyPress from None: t=283.55269709999993, value=a, duration=None>
283.5586 	EXP 	New trial (rep=0, index=161): <Trial 161 (161 in rep 0) data={'Task': 'LDT', 'TrialType': 'Target', 'Stimuli': 'anto', 'StimulusType': 'nonword', 'CorrectResponse': 'a', 'Trialnumb': 117, 'thisN': 161, 'thisTrialN': 161, 'thisRepN': 0}>
283.5663 	EXP 	LDT_fix_text: autoDraw = False
283.5663 	EXP 	LDT_stim_text: autoDraw = False
283.5663 	EXP 	LDT_break_text: autoDraw = False
283.5663 	EXP 	LDT_stim_text: height = np.float64(0.1)
283.5663 	EXP 	LDT_stim_text: height = np.float64(0.1)
283.5663 	EXP 	LDT_stim_text: height = np.float64(0.1)
283.5663 	EXP 	LDT_stim_text: text = 'anto'
283.5663 	EXP 	LDT_fix_text: autoDraw = True
283.5668 	DATA 	Keypress: a
283.6585 	EXP 	Device response: <KeyPress from None: t=283.55269709999993, value=a, duration=0.1038406000006944>
284.0501 	EXP 	LDT_stim_text: autoDraw = True
284.0585 	EXP 	LDT_fix_text: autoDraw = False
284.7595 	EXP 	Device response: <KeyPress from None: t=284.7516410999997, value=a, duration=None>
284.7597 	EXP 	New trial (rep=0, index=162): <Trial 162 (162 in rep 0) data={'Task': 'LDT', 'TrialType': 'Target', 'Stimuli': 'beah', 'StimulusType': 'nonword', 'CorrectResponse': 'a', 'Trialnumb': 119, 'thisN': 162, 'thisTrialN': 162, 'thisRepN': 0}>
284.7676 	EXP 	LDT_fix_text: autoDraw = False
284.7676 	EXP 	LDT_stim_text: autoDraw = False
284.7676 	EXP 	LDT_break_text: autoDraw = False
284.7676 	EXP 	LDT_stim_text: height = np.float64(0.1)
284.7676 	EXP 	LDT_stim_text: height = np.float64(0.1)
284.7676 	EXP 	LDT_stim_text: height = np.float64(0.1)
284.7676 	EXP 	LDT_stim_text: text = 'beah'
284.7676 	EXP 	LDT_fix_text: autoDraw = True
284.7682 	DATA 	Keypress: a
284.8929 	EXP 	Device response: <KeyPress from None: t=284.7516410999997, value=a, duration=0.13620839999930467>
285.2513 	EXP 	LDT_stim_text: autoDraw = True
285.2597 	EXP 	LDT_fix_text: autoDraw = False
285.7689 	EXP 	Device response: <KeyPress from None: t=285.7675468999987, value=a, duration=None>
285.7691 	EXP 	New trial (rep=0, index=163): <Trial 163 (163 in rep 0) data={'Task': 'LDT', 'TrialType': 'Target', 'Stimuli': 'pahe', 'StimulusType': 'nonword', 'CorrectResponse': 'a', 'Trialnumb': 178, 'thisN': 163, 'thisTrialN': 163, 'thisRepN': 0}>
285.7769 	EXP 	LDT_fix_text: autoDraw = False
285.7769 	EXP 	LDT_stim_text: autoDraw = False
285.7769 	EXP 	LDT_break_text: autoDraw = False
285.7769 	EXP 	LDT_stim_text: height = np.float64(0.1)
285.7769 	EXP 	LDT_stim_text: height = np.float64(0.1)
285.7769 	EXP 	LDT_stim_text: height = np.float64(0.1)
285.7769 	EXP 	LDT_stim_text: text = 'pahe'
285.7769 	EXP 	LDT_fix_text: autoDraw = True
285.7773 	DATA 	Keypress: a
285.8856 	EXP 	Device response: <KeyPress from None: t=285.7675468999987, value=a, duration=0.11323340000308235>
286.2607 	EXP 	LDT_stim_text: autoDraw = True
286.2690 	EXP 	LDT_fix_text: autoDraw = False
286.9200 	EXP 	Device response: <KeyPress from None: t=286.9121919999998, value=a, duration=None>
286.9202 	EXP 	New trial (rep=0, index=164): <Trial 164 (164 in rep 0) data={'Task': 'LDT', 'TrialType': 'Target', 'Stimuli': 'hirs', 'StimulusType': 'nonword', 'CorrectResponse': 'a', 'Trialnumb': 153, 'thisN': 164, 'thisTrialN': 164, 'thisRepN': 0}>
286.9280 	EXP 	LDT_fix_text: autoDraw = False
286.9280 	EXP 	LDT_stim_text: autoDraw = False
286.9280 	EXP 	LDT_break_text: autoDraw = False
286.9280 	EXP 	LDT_stim_text: height = np.float64(0.1)
286.9280 	EXP 	LDT_stim_text: height = np.float64(0.1)
286.9280 	EXP 	LDT_stim_text: height = np.float64(0.1)
286.9280 	EXP 	LDT_stim_text: text = 'hirs'
286.9280 	EXP 	LDT_fix_text: autoDraw = True
286.9285 	DATA 	Keypress: a
287.0284 	EXP 	Device response: <KeyPress from None: t=286.9121919999998, value=a, duration=0.11191400000097929>
287.4118 	EXP 	LDT_stim_text: autoDraw = True
287.4202 	EXP 	LDT_fix_text: autoDraw = False
288.1379 	EXP 	Device response: <KeyPress from None: t=288.13571729999967, value=a, duration=None>
288.1381 	EXP 	New trial (rep=0, index=165): <Trial 165 (165 in rep 0) data={'Task': 'LDT', 'TrialType': 'Target', 'Stimuli': 'toop', 'StimulusType': 'nonword', 'CorrectResponse': 'a', 'Trialnumb': 204, 'thisN': 165, 'thisTrialN': 165, 'thisRepN': 0}>
288.1459 	EXP 	LDT_fix_text: autoDraw = False
288.1459 	EXP 	LDT_stim_text: autoDraw = False
288.1459 	EXP 	LDT_break_text: autoDraw = False
288.1459 	EXP 	LDT_stim_text: height = np.float64(0.1)
288.1459 	EXP 	LDT_stim_text: height = np.float64(0.1)
288.1459 	EXP 	LDT_stim_text: height = np.float64(0.1)
288.1459 	EXP 	LDT_stim_text: text = 'toop'
288.1459 	EXP 	LDT_fix_text: autoDraw = True
288.1464 	DATA 	Keypress: a
288.2547 	EXP 	Device response: <KeyPress from None: t=288.13571729999967, value=a, duration=0.1116336000013689>
288.6297 	EXP 	LDT_stim_text: autoDraw = True
288.6381 	EXP 	LDT_fix_text: autoDraw = False
289.8480 	EXP 	Device response: <KeyPress from None: t=289.8473812000011, value=a, duration=None>
289.8482 	EXP 	New trial (rep=0, index=166): <Trial 166 (166 in rep 0) data={'Task': 'LDT', 'TrialType': 'Target', 'Stimuli': 'mize', 'StimulusType': 'nonword', 'CorrectResponse': 'a', 'Trialnumb': 174, 'thisN': 166, 'thisTrialN': 166, 'thisRepN': 0}>
289.8560 	EXP 	LDT_fix_text: autoDraw = False
289.8560 	EXP 	LDT_stim_text: autoDraw = False
289.8560 	EXP 	LDT_break_text: autoDraw = False
289.8560 	EXP 	LDT_stim_text: height = np.float64(0.1)
289.8560 	EXP 	LDT_stim_text: height = np.float64(0.1)
289.8560 	EXP 	LDT_stim_text: height = np.float64(0.1)
289.8560 	EXP 	LDT_stim_text: text = 'mize'
289.8560 	EXP 	LDT_fix_text: autoDraw = True
289.8565 	DATA 	Keypress: a
290.0147 	EXP 	Device response: <KeyPress from None: t=289.8473812000011, value=a, duration=0.16101250000065193>
290.3397 	EXP 	LDT_stim_text: autoDraw = True
290.3482 	EXP 	LDT_fix_text: autoDraw = False
290.9489 	EXP 	Device response: <KeyPress from None: t=290.9436658000013, value=a, duration=None>
290.9491 	EXP 	New trial (rep=0, index=167): <Trial 167 (167 in rep 0) data={'Task': 'LDT', 'TrialType': 'Target', 'Stimuli': 'word', 'StimulusType': 'word', 'CorrectResponse': 'l', 'Trialnumb': 47, 'thisN': 167, 'thisTrialN': 167, 'thisRepN': 0}>
290.9570 	EXP 	LDT_fix_text: autoDraw = False
290.9570 	EXP 	LDT_stim_text: autoDraw = False
290.9570 	EXP 	LDT_break_text: autoDraw = False
290.9570 	EXP 	LDT_stim_text: height = np.float64(0.1)
290.9570 	EXP 	LDT_stim_text: height = np.float64(0.1)
290.9570 	EXP 	LDT_stim_text: height = np.float64(0.1)
290.9570 	EXP 	LDT_stim_text: text = 'word'
290.9570 	EXP 	LDT_fix_text: autoDraw = True
290.9575 	DATA 	Keypress: a
291.0992 	EXP 	Device response: <KeyPress from None: t=290.9436658000013, value=a, duration=0.15206729999772506>
291.4408 	EXP 	LDT_stim_text: autoDraw = True
291.4492 	EXP 	LDT_fix_text: autoDraw = False
292.8842 	EXP 	Device response: <KeyPress from None: t=292.87927169999966, value=l, duration=None>
292.8844 	EXP 	New trial (rep=0, index=168): <Trial 168 (168 in rep 0) data={'Task': 'LDT', 'TrialType': 'Target', 'Stimuli': 'tight', 'StimulusType': 'word', 'CorrectResponse': 'l', 'Trialnumb': 74, 'thisN': 168, 'thisTrialN': 168, 'thisRepN': 0}>
292.8923 	EXP 	LDT_fix_text: autoDraw = False
292.8923 	EXP 	LDT_stim_text: autoDraw = False
292.8923 	EXP 	LDT_break_text: autoDraw = False
292.8923 	EXP 	LDT_stim_text: height = np.float64(0.1)
292.8923 	EXP 	LDT_stim_text: height = np.float64(0.1)
292.8923 	EXP 	LDT_stim_text: height = np.float64(0.1)
292.8923 	EXP 	LDT_stim_text: text = 'tight'
292.8923 	EXP 	LDT_fix_text: autoDraw = True
292.8928 	DATA 	Keypress: l
292.9760 	EXP 	Device response: <KeyPress from None: t=292.87927169999966, value=l, duration=0.09618889999910607>
293.3761 	EXP 	LDT_stim_text: autoDraw = True
293.3845 	EXP 	LDT_fix_text: autoDraw = False
294.3360 	EXP 	Device response: <KeyPress from None: t=294.33544210000036, value=l, duration=None>
294.3362 	EXP 	New trial (rep=0, index=169): <Trial 169 (169 in rep 0) data={'Task': 'LDT', 'TrialType': 'Target', 'Stimuli': 'bond', 'StimulusType': 'word', 'CorrectResponse': 'l', 'Trialnumb': 87, 'thisN': 169, 'thisTrialN': 169, 'thisRepN': 0}>
294.3438 	EXP 	LDT_fix_text: autoDraw = False
294.3438 	EXP 	LDT_stim_text: autoDraw = False
294.3438 	EXP 	LDT_break_text: autoDraw = False
294.3438 	EXP 	LDT_stim_text: height = np.float64(0.1)
294.3438 	EXP 	LDT_stim_text: height = np.float64(0.1)
294.3438 	EXP 	LDT_stim_text: height = np.float64(0.1)
294.3438 	EXP 	LDT_stim_text: text = 'bond'
294.3438 	EXP 	LDT_fix_text: autoDraw = True
294.3443 	DATA 	Keypress: l
294.4190 	EXP 	Device response: <KeyPress from None: t=294.33544210000036, value=l, duration=0.08008289999997942>
294.8276 	EXP 	LDT_stim_text: autoDraw = True
294.8359 	EXP 	LDT_fix_text: autoDraw = False
297.0717 	EXP 	Device response: <KeyPress from None: t=297.0636881999999, value=l, duration=None>
297.0720 	EXP 	New trial (rep=0, index=170): <Trial 170 (170 in rep 0) data={'Task': 'LDT', 'TrialType': 'Target', 'Stimuli': 'team', 'StimulusType': 'word', 'CorrectResponse': 'l', 'Trialnumb': 23, 'thisN': 170, 'thisTrialN': 170, 'thisRepN': 0}>
297.0798 	EXP 	LDT_fix_text: autoDraw = False
297.0798 	EXP 	LDT_stim_text: autoDraw = False
297.0798 	EXP 	LDT_break_text: autoDraw = False
297.0798 	EXP 	LDT_stim_text: height = np.float64(0.1)
297.0798 	EXP 	LDT_stim_text: height = np.float64(0.1)
297.0798 	EXP 	LDT_stim_text: height = np.float64(0.1)
297.0798 	EXP 	LDT_stim_text: text = 'team'
297.0798 	EXP 	LDT_fix_text: autoDraw = True
297.0803 	DATA 	Keypress: l
297.1803 	EXP 	Device response: <KeyPress from None: t=297.0636881999999, value=l, duration=0.1125769999998738>
297.5636 	EXP 	LDT_stim_text: autoDraw = True
297.5720 	EXP 	LDT_fix_text: autoDraw = False
298.1812 	EXP 	Device response: <KeyPress from None: t=298.1758867999997, value=l, duration=None>
298.1815 	EXP 	New trial (rep=0, index=171): <Trial 171 (171 in rep 0) data={'Task': 'LDT', 'TrialType': 'Target', 'Stimuli': 'seef', 'StimulusType': 'nonword', 'CorrectResponse': 'a', 'Trialnumb': 187, 'thisN': 171, 'thisTrialN': 171, 'thisRepN': 0}>
298.1893 	EXP 	LDT_fix_text: autoDraw = False
298.1893 	EXP 	LDT_stim_text: autoDraw = False
298.1893 	EXP 	LDT_break_text: autoDraw = False
298.1893 	EXP 	LDT_stim_text: height = np.float64(0.1)
298.1893 	EXP 	LDT_stim_text: height = np.float64(0.1)
298.1893 	EXP 	LDT_stim_text: height = np.float64(0.1)
298.1893 	EXP 	LDT_stim_text: text = 'seef'
298.1893 	EXP 	LDT_fix_text: autoDraw = True
298.1898 	DATA 	Keypress: l
298.2813 	EXP 	Device response: <KeyPress from None: t=298.1758867999997, value=l, duration=0.10403130000122474>
298.6731 	EXP 	LDT_stim_text: autoDraw = True
298.6814 	EXP 	LDT_fix_text: autoDraw = False
299.3741 	EXP 	Device response: <KeyPress from None: t=299.36904270000014, value=a, duration=None>
299.3744 	EXP 	New trial (rep=0, index=172): <Trial 172 (172 in rep 0) data={'Task': 'LDT', 'TrialType': 'Target', 'Stimuli': 'yast', 'StimulusType': 'nonword', 'CorrectResponse': 'a', 'Trialnumb': 218, 'thisN': 172, 'thisTrialN': 172, 'thisRepN': 0}>
299.3821 	EXP 	LDT_fix_text: autoDraw = False
299.3821 	EXP 	LDT_stim_text: autoDraw = False
299.3821 	EXP 	LDT_break_text: autoDraw = False
299.3821 	EXP 	LDT_stim_text: height = np.float64(0.1)
299.3821 	EXP 	LDT_stim_text: height = np.float64(0.1)
299.3821 	EXP 	LDT_stim_text: height = np.float64(0.1)
299.3821 	EXP 	LDT_stim_text: text = 'yast'
299.3821 	EXP 	LDT_fix_text: autoDraw = True
299.3826 	DATA 	Keypress: a
299.5075 	EXP 	Device response: <KeyPress from None: t=299.36904270000014, value=a, duration=0.134967099998903>
299.8659 	EXP 	LDT_stim_text: autoDraw = True
299.8743 	EXP 	LDT_fix_text: autoDraw = False
300.6589 	EXP 	Device response: <KeyPress from None: t=300.65705829999933, value=a, duration=None>
300.6592 	EXP 	New trial (rep=0, index=173): <Trial 173 (173 in rep 0) data={'Task': 'LDT', 'TrialType': 'Target', 'Stimuli': 'frow', 'StimulusType': 'nonword', 'CorrectResponse': 'a', 'Trialnumb': 142, 'thisN': 173, 'thisTrialN': 173, 'thisRepN': 0}>
300.6667 	EXP 	LDT_fix_text: autoDraw = False
300.6667 	EXP 	LDT_stim_text: autoDraw = False
300.6667 	EXP 	LDT_break_text: autoDraw = False
300.6667 	EXP 	LDT_stim_text: height = np.float64(0.1)
300.6667 	EXP 	LDT_stim_text: height = np.float64(0.1)
300.6667 	EXP 	LDT_stim_text: height = np.float64(0.1)
300.6667 	EXP 	LDT_stim_text: text = 'frow'
300.6667 	EXP 	LDT_fix_text: autoDraw = True
300.6672 	DATA 	Keypress: a
300.8172 	EXP 	Device response: <KeyPress from None: t=300.65705829999933, value=a, duration=0.1587513000013132>
301.1505 	EXP 	LDT_stim_text: autoDraw = True
301.1589 	EXP 	LDT_fix_text: autoDraw = False
302.0770 	EXP 	Device response: <KeyPress from None: t=302.07218609999836, value=a, duration=None>
302.0772 	EXP 	New trial (rep=0, index=174): <Trial 174 (174 in rep 0) data={'Task': 'LDT', 'TrialType': 'Target', 'Stimuli': 'kear', 'StimulusType': 'nonword', 'CorrectResponse': 'a', 'Trialnumb': 163, 'thisN': 174, 'thisTrialN': 174, 'thisRepN': 0}>
302.0848 	EXP 	LDT_fix_text: autoDraw = False
302.0848 	EXP 	LDT_stim_text: autoDraw = False
302.0848 	EXP 	LDT_break_text: autoDraw = False
302.0848 	EXP 	LDT_stim_text: height = np.float64(0.1)
302.0848 	EXP 	LDT_stim_text: height = np.float64(0.1)
302.0848 	EXP 	LDT_stim_text: height = np.float64(0.1)
302.0848 	EXP 	LDT_stim_text: text = 'kear'
302.0848 	EXP 	LDT_fix_text: autoDraw = True
302.0853 	DATA 	Keypress: a
302.2020 	EXP 	Device response: <KeyPress from None: t=302.07218609999836, value=a, duration=0.12756530000115163>
302.5687 	EXP 	LDT_stim_text: autoDraw = True
302.5769 	EXP 	LDT_fix_text: autoDraw = False
303.1278 	EXP 	Device response: <KeyPress from None: t=303.1274005999985, value=a, duration=None>
303.1281 	EXP 	New trial (rep=0, index=175): <Trial 175 (175 in rep 0) data={'Task': 'LDT', 'TrialType': 'Target', 'Stimuli': 'kire', 'StimulusType': 'nonword', 'CorrectResponse': 'a', 'Trialnumb': 166, 'thisN': 175, 'thisTrialN': 175, 'thisRepN': 0}>
303.1359 	EXP 	LDT_fix_text: autoDraw = False
303.1359 	EXP 	LDT_stim_text: autoDraw = False
303.1359 	EXP 	LDT_break_text: autoDraw = False
303.1359 	EXP 	LDT_stim_text: height = np.float64(0.1)
303.1359 	EXP 	LDT_stim_text: height = np.float64(0.1)
303.1359 	EXP 	LDT_stim_text: height = np.float64(0.1)
303.1359 	EXP 	LDT_stim_text: text = 'kire'
303.1359 	EXP 	LDT_fix_text: autoDraw = True
303.1365 	DATA 	Keypress: a
303.2279 	EXP 	Device response: <KeyPress from None: t=303.1274005999985, value=a, duration=0.09689870000147494>
303.6197 	EXP 	LDT_stim_text: autoDraw = True
303.6280 	EXP 	LDT_fix_text: autoDraw = False
304.6209 	EXP 	Device response: <KeyPress from None: t=304.6156943999995, value=a, duration=None>
304.6212 	EXP 	New trial (rep=0, index=176): <Trial 176 (176 in rep 0) data={'Task': 'LDT', 'TrialType': 'Target', 'Stimuli': 'sell', 'StimulusType': 'word', 'CorrectResponse': 'l', 'Trialnumb': 65, 'thisN': 176, 'thisTrialN': 176, 'thisRepN': 0}>
304.6290 	EXP 	LDT_fix_text: autoDraw = False
304.6290 	EXP 	LDT_stim_text: autoDraw = False
304.6290 	EXP 	LDT_break_text: autoDraw = False
304.6290 	EXP 	LDT_stim_text: height = np.float64(0.1)
304.6290 	EXP 	LDT_stim_text: height = np.float64(0.1)
304.6290 	EXP 	LDT_stim_text: height = np.float64(0.1)
304.6290 	EXP 	LDT_stim_text: text = 'sell'
304.6290 	EXP 	LDT_fix_text: autoDraw = True
304.6295 	DATA 	Keypress: a
304.7544 	EXP 	Device response: <KeyPress from None: t=304.6156943999995, value=a, duration=0.13590990000011516>
305.1128 	EXP 	LDT_stim_text: autoDraw = True
305.1212 	EXP 	LDT_fix_text: autoDraw = False
305.6637 	EXP 	Device response: <KeyPress from None: t=305.6561124, value=l, duration=None>
305.6639 	EXP 	New trial (rep=0, index=177): <Trial 177 (177 in rep 0) data={'Task': 'LDT', 'TrialType': 'Target', 'Stimuli': 'seft', 'StimulusType': 'nonword', 'CorrectResponse': 'a', 'Trialnumb': 188, 'thisN': 177, 'thisTrialN': 177, 'thisRepN': 0}>
305.6717 	EXP 	LDT_fix_text: autoDraw = False
305.6717 	EXP 	LDT_stim_text: autoDraw = False
305.6717 	EXP 	LDT_break_text: autoDraw = False
305.6717 	EXP 	LDT_stim_text: height = np.float64(0.1)
305.6717 	EXP 	LDT_stim_text: height = np.float64(0.1)
305.6717 	EXP 	LDT_stim_text: height = np.float64(0.1)
305.6717 	EXP 	LDT_stim_text: text = 'seft'
305.6717 	EXP 	LDT_fix_text: autoDraw = True
305.6722 	DATA 	Keypress: l
305.7638 	EXP 	Device response: <KeyPress from None: t=305.6561124, value=l, duration=0.10503500000049826>
306.1555 	EXP 	LDT_stim_text: autoDraw = True
306.1639 	EXP 	LDT_fix_text: autoDraw = False
306.8315 	EXP 	Device response: <KeyPress from None: t=306.82365180000124, value=a, duration=None>
306.8318 	EXP 	New trial (rep=0, index=178): <Trial 178 (178 in rep 0) data={'Task': 'LDT', 'TrialType': 'Target', 'Stimuli': 'cona', 'StimulusType': 'nonword', 'CorrectResponse': 'a', 'Trialnumb': 132, 'thisN': 178, 'thisTrialN': 178, 'thisRepN': 0}>
306.8396 	EXP 	LDT_fix_text: autoDraw = False
306.8396 	EXP 	LDT_stim_text: autoDraw = False
306.8396 	EXP 	LDT_break_text: autoDraw = False
306.8396 	EXP 	LDT_stim_text: height = np.float64(0.1)
306.8396 	EXP 	LDT_stim_text: height = np.float64(0.1)
306.8396 	EXP 	LDT_stim_text: height = np.float64(0.1)
306.8396 	EXP 	LDT_stim_text: text = 'cona'
306.8396 	EXP 	LDT_fix_text: autoDraw = True
306.8401 	DATA 	Keypress: a
306.9233 	EXP 	Device response: <KeyPress from None: t=306.82365180000124, value=a, duration=0.09652139999889187>
307.3234 	EXP 	LDT_stim_text: autoDraw = True
307.3317 	EXP 	LDT_fix_text: autoDraw = False
308.0493 	EXP 	Device response: <KeyPress from None: t=308.04747190000126, value=a, duration=None>
308.0495 	EXP 	New trial (rep=0, index=179): <Trial 179 (179 in rep 0) data={'Task': 'LDT', 'TrialType': 'Target', 'Stimuli': 'kell', 'StimulusType': 'nonword', 'CorrectResponse': 'a', 'Trialnumb': 164, 'thisN': 179, 'thisTrialN': 179, 'thisRepN': 0}>
308.0574 	EXP 	LDT_fix_text: autoDraw = False
308.0574 	EXP 	LDT_stim_text: autoDraw = False
308.0574 	EXP 	LDT_break_text: autoDraw = False
308.0574 	EXP 	LDT_stim_text: height = np.float64(0.1)
308.0574 	EXP 	LDT_stim_text: height = np.float64(0.1)
308.0574 	EXP 	LDT_stim_text: height = np.float64(0.1)
308.0574 	EXP 	LDT_stim_text: text = 'kell'
308.0574 	EXP 	LDT_fix_text: autoDraw = True
308.0578 	DATA 	Keypress: a
308.1579 	EXP 	Device response: <KeyPress from None: t=308.04747190000126, value=a, duration=0.10434589999931632>
308.5412 	EXP 	LDT_stim_text: autoDraw = True
308.5495 	EXP 	LDT_fix_text: autoDraw = False
309.2589 	EXP 	Device response: <KeyPress from None: t=309.2563107999995, value=a, duration=None>
309.2592 	EXP 	New trial (rep=0, index=180): <Trial 180 (180 in rep 0) data={'Task': 'LDT', 'TrialType': 'Target', 'Stimuli': 'ate', 'StimulusType': 'word', 'CorrectResponse': 'l', 'Trialnumb': 85, 'thisN': 180, 'thisTrialN': 180, 'thisRepN': 0}>
309.2671 	EXP 	LDT_fix_text: autoDraw = False
309.2671 	EXP 	LDT_stim_text: autoDraw = False
309.2671 	EXP 	LDT_break_text: autoDraw = False
309.2671 	EXP 	LDT_stim_text: height = np.float64(0.1)
309.2671 	EXP 	LDT_stim_text: height = np.float64(0.1)
309.2671 	EXP 	LDT_stim_text: height = np.float64(0.1)
309.2671 	EXP 	LDT_stim_text: text = 'ate'
309.2671 	EXP 	LDT_fix_text: autoDraw = True
309.2676 	DATA 	Keypress: a
309.3758 	EXP 	Device response: <KeyPress from None: t=309.2563107999995, value=a, duration=0.11922060000142665>
309.7508 	EXP 	LDT_stim_text: autoDraw = True
309.7591 	EXP 	LDT_fix_text: autoDraw = False
310.3767 	EXP 	Device response: <KeyPress from None: t=310.37584219999917, value=l, duration=None>
310.3769 	EXP 	New trial (rep=0, index=181): <Trial 181 (181 in rep 0) data={'Task': 'LDT', 'TrialType': 'Target', 'Stimuli': 'loil', 'StimulusType': 'nonword', 'CorrectResponse': 'a', 'Trialnumb': 170, 'thisN': 181, 'thisTrialN': 181, 'thisRepN': 0}>
310.3849 	EXP 	LDT_fix_text: autoDraw = False
310.3849 	EXP 	LDT_stim_text: autoDraw = False
310.3849 	EXP 	LDT_break_text: autoDraw = False
310.3849 	EXP 	LDT_stim_text: height = np.float64(0.1)
310.3849 	EXP 	LDT_stim_text: height = np.float64(0.1)
310.3849 	EXP 	LDT_stim_text: height = np.float64(0.1)
310.3849 	EXP 	LDT_stim_text: text = 'loil'
310.3849 	EXP 	LDT_fix_text: autoDraw = True
310.3854 	DATA 	Keypress: l
310.4851 	EXP 	Device response: <KeyPress from None: t=310.37584219999917, value=l, duration=0.10397300000113319>
310.8685 	EXP 	LDT_stim_text: autoDraw = True
310.8769 	EXP 	LDT_fix_text: autoDraw = False
311.6196 	EXP 	Device response: <KeyPress from None: t=311.6162097000015, value=a, duration=None>
311.6199 	EXP 	New trial (rep=0, index=182): <Trial 182 (182 in rep 0) data={'Task': 'LDT', 'TrialType': 'Target', 'Stimuli': 'green', 'StimulusType': 'word', 'CorrectResponse': 'l', 'Trialnumb': 38, 'thisN': 182, 'thisTrialN': 182, 'thisRepN': 0}>
311.6277 	EXP 	LDT_fix_text: autoDraw = False
311.6277 	EXP 	LDT_stim_text: autoDraw = False
311.6277 	EXP 	LDT_break_text: autoDraw = False
311.6277 	EXP 	LDT_stim_text: height = np.float64(0.1)
311.6277 	EXP 	LDT_stim_text: height = np.float64(0.1)
311.6277 	EXP 	LDT_stim_text: height = np.float64(0.1)
311.6277 	EXP 	LDT_stim_text: text = 'green'
311.6277 	EXP 	LDT_fix_text: autoDraw = True
311.6283 	DATA 	Keypress: a
311.7447 	EXP 	Device response: <KeyPress from None: t=311.6162097000015, value=a, duration=0.12717499999780557>
312.1115 	EXP 	LDT_stim_text: autoDraw = True
312.1198 	EXP 	LDT_fix_text: autoDraw = False
312.7541 	EXP 	Device response: <KeyPress from None: t=312.75165919999927, value=l, duration=None>
312.7544 	EXP 	New trial (rep=0, index=183): <Trial 183 (183 in rep 0) data={'Task': 'LDT', 'TrialType': 'Target', 'Stimuli': 'fump', 'StimulusType': 'nonword', 'CorrectResponse': 'a', 'Trialnumb': 143, 'thisN': 183, 'thisTrialN': 183, 'thisRepN': 0}>
312.7623 	EXP 	LDT_fix_text: autoDraw = False
312.7623 	EXP 	LDT_stim_text: autoDraw = False
312.7623 	EXP 	LDT_break_text: autoDraw = False
312.7623 	EXP 	LDT_stim_text: height = np.float64(0.1)
312.7623 	EXP 	LDT_stim_text: height = np.float64(0.1)
312.7623 	EXP 	LDT_stim_text: height = np.float64(0.1)
312.7623 	EXP 	LDT_stim_text: text = 'fump'
312.7623 	EXP 	LDT_fix_text: autoDraw = True
312.7629 	DATA 	Keypress: l
312.8542 	EXP 	Device response: <KeyPress from None: t=312.75165919999927, value=l, duration=0.09658340000169119>
313.2459 	EXP 	LDT_stim_text: autoDraw = True
313.2542 	EXP 	LDT_fix_text: autoDraw = False
313.9969 	EXP 	Device response: <KeyPress from None: t=313.9915559000001, value=a, duration=None>
313.9972 	EXP 	New trial (rep=0, index=184): <Trial 184 (184 in rep 0) data={'Task': 'LDT', 'TrialType': 'Target', 'Stimuli': 'tuke', 'StimulusType': 'nonword', 'CorrectResponse': 'a', 'Trialnumb': 208, 'thisN': 184, 'thisTrialN': 184, 'thisRepN': 0}>
314.0050 	EXP 	LDT_fix_text: autoDraw = False
314.0050 	EXP 	LDT_stim_text: autoDraw = False
314.0050 	EXP 	LDT_break_text: autoDraw = False
314.0050 	EXP 	LDT_stim_text: height = np.float64(0.1)
314.0050 	EXP 	LDT_stim_text: height = np.float64(0.1)
314.0050 	EXP 	LDT_stim_text: height = np.float64(0.1)
314.0050 	EXP 	LDT_stim_text: text = 'tuke'
314.0050 	EXP 	LDT_fix_text: autoDraw = True
314.0055 	DATA 	Keypress: a
314.0887 	EXP 	Device response: <KeyPress from None: t=313.9915559000001, value=a, duration=0.0962141000018164>
314.4888 	EXP 	LDT_stim_text: autoDraw = True
314.4973 	EXP 	LDT_fix_text: autoDraw = False
315.0897 	EXP 	Device response: <KeyPress from None: t=315.0875620000006, value=a, duration=None>
315.0899 	EXP 	New trial (rep=0, index=185): <Trial 185 (185 in rep 0) data={'Task': 'LDT', 'TrialType': 'Target', 'Stimuli': 'borm', 'StimulusType': 'nonword', 'CorrectResponse': 'a', 'Trialnumb': 124, 'thisN': 185, 'thisTrialN': 185, 'thisRepN': 0}>
315.0977 	EXP 	LDT_fix_text: autoDraw = False
315.0977 	EXP 	LDT_stim_text: autoDraw = False
315.0977 	EXP 	LDT_break_text: autoDraw = False
315.0977 	EXP 	LDT_stim_text: height = np.float64(0.1)
315.0977 	EXP 	LDT_stim_text: height = np.float64(0.1)
315.0977 	EXP 	LDT_stim_text: height = np.float64(0.1)
315.0977 	EXP 	LDT_stim_text: text = 'borm'
315.0977 	EXP 	LDT_fix_text: autoDraw = True
315.0983 	DATA 	Keypress: a
315.2315 	EXP 	Device response: <KeyPress from None: t=315.0875620000006, value=a, duration=0.1361630999999761>
315.5816 	EXP 	LDT_stim_text: autoDraw = True
315.5899 	EXP 	LDT_fix_text: autoDraw = False
316.8165 	EXP 	Device response: <KeyPress from None: t=316.80818160000126, value=a, duration=None>
316.8167 	EXP 	New trial (rep=0, index=186): <Trial 186 (186 in rep 0) data={'Task': 'LDT', 'TrialType': 'Target', 'Stimuli': 'loak', 'StimulusType': 'nonword', 'CorrectResponse': 'a', 'Trialnumb': 169, 'thisN': 186, 'thisTrialN': 186, 'thisRepN': 0}>
316.8245 	EXP 	LDT_fix_text: autoDraw = False
316.8245 	EXP 	LDT_stim_text: autoDraw = False
316.8245 	EXP 	LDT_break_text: autoDraw = False
316.8245 	EXP 	LDT_stim_text: height = np.float64(0.1)
316.8245 	EXP 	LDT_stim_text: height = np.float64(0.1)
316.8245 	EXP 	LDT_stim_text: height = np.float64(0.1)
316.8245 	EXP 	LDT_stim_text: text = 'loak'
316.8245 	EXP 	LDT_fix_text: autoDraw = True
316.8250 	DATA 	Keypress: a
316.9415 	EXP 	Device response: <KeyPress from None: t=316.80818160000126, value=a, duration=0.12770069999896805>
317.3083 	EXP 	LDT_stim_text: autoDraw = True
317.3167 	EXP 	LDT_fix_text: autoDraw = False
317.9342 	EXP 	Device response: <KeyPress from None: t=317.9279862000003, value=a, duration=None>
317.9344 	EXP 	New trial (rep=0, index=187): <Trial 187 (187 in rep 0) data={'Task': 'LDT', 'TrialType': 'Target', 'Stimuli': 'large', 'StimulusType': 'word', 'CorrectResponse': 'l', 'Trialnumb': 29, 'thisN': 187, 'thisTrialN': 187, 'thisRepN': 0}>
317.9423 	EXP 	LDT_fix_text: autoDraw = False
317.9423 	EXP 	LDT_stim_text: autoDraw = False
317.9423 	EXP 	LDT_break_text: autoDraw = False
317.9423 	EXP 	LDT_stim_text: height = np.float64(0.1)
317.9423 	EXP 	LDT_stim_text: height = np.float64(0.1)
317.9423 	EXP 	LDT_stim_text: height = np.float64(0.1)
317.9423 	EXP 	LDT_stim_text: text = 'large'
317.9423 	EXP 	LDT_fix_text: autoDraw = True
317.9430 	DATA 	Keypress: a
318.0844 	EXP 	Device response: <KeyPress from None: t=317.9279862000003, value=a, duration=0.15140120000069146>
318.4261 	EXP 	LDT_stim_text: autoDraw = True
318.4344 	EXP 	LDT_fix_text: autoDraw = False
319.0187 	EXP 	Device response: <KeyPress from None: t=319.01707480000186, value=l, duration=None>
319.0189 	EXP 	New trial (rep=0, index=188): <Trial 188 (188 in rep 0) data={'Task': 'LDT', 'TrialType': 'Target', 'Stimuli': 'end', 'StimulusType': 'word', 'CorrectResponse': 'l', 'Trialnumb': 33, 'thisN': 188, 'thisTrialN': 188, 'thisRepN': 0}>
319.0267 	EXP 	LDT_fix_text: autoDraw = False
319.0267 	EXP 	LDT_stim_text: autoDraw = False
319.0267 	EXP 	LDT_break_text: autoDraw = False
319.0267 	EXP 	LDT_stim_text: height = np.float64(0.1)
319.0267 	EXP 	LDT_stim_text: height = np.float64(0.1)
319.0267 	EXP 	LDT_stim_text: height = np.float64(0.1)
319.0267 	EXP 	LDT_stim_text: text = 'end'
319.0267 	EXP 	LDT_fix_text: autoDraw = True
319.0272 	DATA 	Keypress: l
319.1270 	EXP 	Device response: <KeyPress from None: t=319.01707480000186, value=l, duration=0.10244729999976698>
319.5105 	EXP 	LDT_stim_text: autoDraw = True
319.5188 	EXP 	LDT_fix_text: autoDraw = False
319.9863 	EXP 	Device response: <KeyPress from None: t=319.9848141000002, value=l, duration=None>
319.9865 	EXP 	New trial (rep=0, index=189): <Trial 189 (189 in rep 0) data={'Task': 'LDT', 'TrialType': 'Target', 'Stimuli': 'unit', 'StimulusType': 'word', 'CorrectResponse': 'l', 'Trialnumb': 82, 'thisN': 189, 'thisTrialN': 189, 'thisRepN': 0}>
319.9943 	EXP 	LDT_fix_text: autoDraw = False
319.9943 	EXP 	LDT_stim_text: autoDraw = False
319.9943 	EXP 	LDT_break_text: autoDraw = False
319.9943 	EXP 	LDT_stim_text: height = np.float64(0.1)
319.9943 	EXP 	LDT_stim_text: height = np.float64(0.1)
319.9943 	EXP 	LDT_stim_text: height = np.float64(0.1)
319.9943 	EXP 	LDT_stim_text: text = 'unit'
319.9943 	EXP 	LDT_fix_text: autoDraw = True
319.9948 	DATA 	Keypress: l
320.0613 	EXP 	Device response: <KeyPress from None: t=319.9848141000002, value=l, duration=0.07095079999999143>
320.4781 	EXP 	LDT_stim_text: autoDraw = True
320.4864 	EXP 	LDT_fix_text: autoDraw = False
321.0623 	EXP 	Device response: <KeyPress from None: t=321.0555131000001, value=l, duration=None>
321.0625 	EXP 	New trial (rep=0, index=190): <Trial 190 (190 in rep 0) data={'Task': 'LDT', 'TrialType': 'Target', 'Stimuli': 'spy', 'StimulusType': 'word', 'CorrectResponse': 'l', 'Trialnumb': 99, 'thisN': 190, 'thisTrialN': 190, 'thisRepN': 0}>
321.0706 	EXP 	LDT_fix_text: autoDraw = False
321.0706 	EXP 	LDT_stim_text: autoDraw = False
321.0706 	EXP 	LDT_break_text: autoDraw = False
321.0706 	EXP 	LDT_stim_text: height = np.float64(0.1)
321.0706 	EXP 	LDT_stim_text: height = np.float64(0.1)
321.0706 	EXP 	LDT_stim_text: height = np.float64(0.1)
321.0706 	EXP 	LDT_stim_text: text = 'spy'
321.0706 	EXP 	LDT_fix_text: autoDraw = True
321.0712 	DATA 	Keypress: l
321.1374 	EXP 	Device response: <KeyPress from None: t=321.0555131000001, value=l, duration=0.08055220000096597>
321.5542 	EXP 	LDT_stim_text: autoDraw = True
321.5625 	EXP 	LDT_fix_text: autoDraw = False
322.3219 	EXP 	Device response: <KeyPress from None: t=322.32011240000065, value=l, duration=None>
322.3222 	EXP 	New trial (rep=0, index=191): <Trial 191 (191 in rep 0) data={'Task': 'LDT', 'TrialType': 'Target', 'Stimuli': 'reach', 'StimulusType': 'word', 'CorrectResponse': 'l', 'Trialnumb': 72, 'thisN': 191, 'thisTrialN': 191, 'thisRepN': 0}>
322.3299 	EXP 	LDT_fix_text: autoDraw = False
322.3299 	EXP 	LDT_stim_text: autoDraw = False
322.3299 	EXP 	LDT_break_text: autoDraw = False
322.3299 	EXP 	LDT_stim_text: height = np.float64(0.1)
322.3299 	EXP 	LDT_stim_text: height = np.float64(0.1)
322.3299 	EXP 	LDT_stim_text: height = np.float64(0.1)
322.3299 	EXP 	LDT_stim_text: text = 'reach'
322.3299 	EXP 	LDT_fix_text: autoDraw = True
322.3305 	DATA 	Keypress: l
322.4054 	EXP 	Device response: <KeyPress from None: t=322.32011240000065, value=l, duration=0.07965499999772874>
322.8138 	EXP 	LDT_stim_text: autoDraw = True
322.8221 	EXP 	LDT_fix_text: autoDraw = False
323.5482 	EXP 	Device response: <KeyPress from None: t=323.54428890000054, value=l, duration=None>
323.5484 	EXP 	New trial (rep=0, index=192): <Trial 192 (192 in rep 0) data={'Task': 'LDT', 'TrialType': 'Target', 'Stimuli': 'seon', 'StimulusType': 'nonword', 'CorrectResponse': 'a', 'Trialnumb': 189, 'thisN': 192, 'thisTrialN': 192, 'thisRepN': 0}>
323.5563 	EXP 	LDT_fix_text: autoDraw = False
323.5563 	EXP 	LDT_stim_text: autoDraw = False
323.5563 	EXP 	LDT_break_text: autoDraw = False
323.5563 	EXP 	LDT_stim_text: height = np.float64(0.1)
323.5563 	EXP 	LDT_stim_text: height = np.float64(0.1)
323.5563 	EXP 	LDT_stim_text: height = np.float64(0.1)
323.5563 	EXP 	LDT_stim_text: text = 'seon'
323.5563 	EXP 	LDT_fix_text: autoDraw = True
323.5568 	DATA 	Keypress: l
323.6232 	EXP 	Device response: <KeyPress from None: t=323.54428890000054, value=l, duration=0.07109259999924689>
324.0400 	EXP 	LDT_stim_text: autoDraw = True
324.0483 	EXP 	LDT_fix_text: autoDraw = False
326.5344 	EXP 	Device response: <KeyPress from None: t=326.528175200001, value=a, duration=None>
326.5346 	EXP 	New trial (rep=0, index=193): <Trial 193 (193 in rep 0) data={'Task': 'LDT', 'TrialType': 'Target', 'Stimuli': 'cing', 'StimulusType': 'nonword', 'CorrectResponse': 'a', 'Trialnumb': 127, 'thisN': 193, 'thisTrialN': 193, 'thisRepN': 0}>
326.5428 	EXP 	LDT_fix_text: autoDraw = False
326.5428 	EXP 	LDT_stim_text: autoDraw = False
326.5428 	EXP 	LDT_break_text: autoDraw = False
326.5428 	EXP 	LDT_stim_text: height = np.float64(0.1)
326.5428 	EXP 	LDT_stim_text: height = np.float64(0.1)
326.5428 	EXP 	LDT_stim_text: height = np.float64(0.1)
326.5428 	EXP 	LDT_stim_text: text = 'cing'
326.5428 	EXP 	LDT_fix_text: autoDraw = True
326.5433 	DATA 	Keypress: a
326.6263 	EXP 	Device response: <KeyPress from None: t=326.528175200001, value=a, duration=0.09702529999776743>
327.0263 	EXP 	LDT_stim_text: autoDraw = True
327.0346 	EXP 	LDT_fix_text: autoDraw = False
328.1695 	EXP 	Device response: <KeyPress from None: t=328.1673492000009, value=a, duration=None>
328.1697 	EXP 	New trial (rep=0, index=194): <Trial 194 (194 in rep 0) data={'Task': 'LDT', 'TrialType': 'Target', 'Stimuli': 'full', 'StimulusType': 'word', 'CorrectResponse': 'l', 'Trialnumb': 43, 'thisN': 194, 'thisTrialN': 194, 'thisRepN': 0}>
328.1776 	EXP 	LDT_fix_text: autoDraw = False
328.1776 	EXP 	LDT_stim_text: autoDraw = False
328.1776 	EXP 	LDT_break_text: autoDraw = False
328.1776 	EXP 	LDT_stim_text: height = np.float64(0.1)
328.1776 	EXP 	LDT_stim_text: height = np.float64(0.1)
328.1776 	EXP 	LDT_stim_text: height = np.float64(0.1)
328.1776 	EXP 	LDT_stim_text: text = 'full'
328.1776 	EXP 	LDT_fix_text: autoDraw = True
328.1781 	DATA 	Keypress: a
328.3029 	EXP 	Device response: <KeyPress from None: t=328.1673492000009, value=a, duration=0.12794369999755872>
328.6613 	EXP 	LDT_stim_text: autoDraw = True
328.6696 	EXP 	LDT_fix_text: autoDraw = False
329.3957 	EXP 	Device response: <KeyPress from None: t=329.3922820000007, value=l, duration=None>
329.3960 	EXP 	New trial (rep=0, index=195): <Trial 195 (195 in rep 0) data={'Task': 'LDT', 'TrialType': 'Target', 'Stimuli': 'hide', 'StimulusType': 'word', 'CorrectResponse': 'l', 'Trialnumb': 68, 'thisN': 195, 'thisTrialN': 195, 'thisRepN': 0}>
329.4037 	EXP 	LDT_fix_text: autoDraw = False
329.4037 	EXP 	LDT_stim_text: autoDraw = False
329.4037 	EXP 	LDT_break_text: autoDraw = False
329.4037 	EXP 	LDT_stim_text: height = np.float64(0.1)
329.4037 	EXP 	LDT_stim_text: height = np.float64(0.1)
329.4037 	EXP 	LDT_stim_text: height = np.float64(0.1)
329.4037 	EXP 	LDT_stim_text: text = 'hide'
329.4037 	EXP 	LDT_fix_text: autoDraw = True
329.4042 	DATA 	Keypress: l
329.4957 	EXP 	Device response: <KeyPress from None: t=329.3922820000007, value=l, duration=0.09508869999990566>
329.8875 	EXP 	LDT_stim_text: autoDraw = True
329.8958 	EXP 	LDT_fix_text: autoDraw = False
330.4552 	EXP 	Device response: <KeyPress from None: t=330.44724430000133, value=l, duration=None>
330.4554 	EXP 	New trial (rep=0, index=196): <Trial 196 (196 in rep 0) data={'Task': 'LDT', 'TrialType': 'Target', 'Stimuli': 'jeed', 'StimulusType': 'nonword', 'CorrectResponse': 'a', 'Trialnumb': 158, 'thisN': 196, 'thisTrialN': 196, 'thisRepN': 0}>
330.4631 	EXP 	LDT_fix_text: autoDraw = False
330.4631 	EXP 	LDT_stim_text: autoDraw = False
330.4631 	EXP 	LDT_break_text: autoDraw = False
330.4631 	EXP 	LDT_stim_text: height = np.float64(0.1)
330.4631 	EXP 	LDT_stim_text: height = np.float64(0.1)
330.4631 	EXP 	LDT_stim_text: height = np.float64(0.1)
330.4631 	EXP 	LDT_stim_text: text = 'jeed'
330.4631 	EXP 	LDT_fix_text: autoDraw = True
330.4635 	DATA 	Keypress: l
330.5635 	EXP 	Device response: <KeyPress from None: t=330.44724430000133, value=l, duration=0.11223699999754899>
330.9469 	EXP 	LDT_stim_text: autoDraw = True
330.9552 	EXP 	LDT_fix_text: autoDraw = False
331.6313 	EXP 	Device response: <KeyPress from None: t=331.62333959999887, value=a, duration=None>
331.6315 	EXP 	New trial (rep=0, index=197): <Trial 197 (197 in rep 0) data={'Task': 'LDT', 'TrialType': 'Target', 'Stimuli': 'here', 'StimulusType': 'word', 'CorrectResponse': 'l', 'Trialnumb': 4, 'thisN': 197, 'thisTrialN': 197, 'thisRepN': 0}>
331.6393 	EXP 	LDT_fix_text: autoDraw = False
331.6393 	EXP 	LDT_stim_text: autoDraw = False
331.6393 	EXP 	LDT_break_text: autoDraw = False
331.6393 	EXP 	LDT_stim_text: height = np.float64(0.1)
331.6393 	EXP 	LDT_stim_text: height = np.float64(0.1)
331.6393 	EXP 	LDT_stim_text: height = np.float64(0.1)
331.6393 	EXP 	LDT_stim_text: text = 'here'
331.6393 	EXP 	LDT_fix_text: autoDraw = True
331.6398 	DATA 	Keypress: a
331.7816 	EXP 	Device response: <KeyPress from None: t=331.62333959999887, value=a, duration=0.1536580000029062>
332.1231 	EXP 	LDT_stim_text: autoDraw = True
332.1314 	EXP 	LDT_fix_text: autoDraw = False
332.7323 	EXP 	Device response: <KeyPress from None: t=332.72751300000164, value=l, duration=None>
332.7325 	EXP 	New trial (rep=0, index=198): <Trial 198 (198 in rep 0) data={'Task': 'LDT', 'TrialType': 'Target', 'Stimuli': 'class', 'StimulusType': 'word', 'CorrectResponse': 'l', 'Trialnumb': 19, 'thisN': 198, 'thisTrialN': 198, 'thisRepN': 0}>
332.7403 	EXP 	LDT_fix_text: autoDraw = False
332.7403 	EXP 	LDT_stim_text: autoDraw = False
332.7403 	EXP 	LDT_break_text: autoDraw = False
332.7403 	EXP 	LDT_stim_text: height = np.float64(0.1)
332.7403 	EXP 	LDT_stim_text: height = np.float64(0.1)
332.7403 	EXP 	LDT_stim_text: height = np.float64(0.1)
332.7403 	EXP 	LDT_stim_text: text = 'class'
332.7403 	EXP 	LDT_fix_text: autoDraw = True
332.7408 	DATA 	Keypress: l
332.7991 	EXP 	Device response: <KeyPress from None: t=332.72751300000164, value=l, duration=0.06442319999769097>
333.2242 	EXP 	LDT_stim_text: autoDraw = True
333.2325 	EXP 	LDT_fix_text: autoDraw = False
333.7666 	EXP 	Device response: <KeyPress from None: t=333.75972120000006, value=l, duration=None>
333.7669 	EXP 	New trial (rep=0, index=199): <Trial 199 (199 in rep 0) data={'Task': 'LDT', 'TrialType': 'Target', 'Stimuli': 'hage', 'StimulusType': 'nonword', 'CorrectResponse': 'a', 'Trialnumb': 149, 'thisN': 199, 'thisTrialN': 199, 'thisRepN': 0}>
333.7748 	EXP 	LDT_fix_text: autoDraw = False
333.7748 	EXP 	LDT_stim_text: autoDraw = False
333.7748 	EXP 	LDT_break_text: autoDraw = False
333.7748 	EXP 	LDT_stim_text: height = np.float64(0.1)
333.7748 	EXP 	LDT_stim_text: height = np.float64(0.1)
333.7748 	EXP 	LDT_stim_text: height = np.float64(0.1)
333.7748 	EXP 	LDT_stim_text: text = 'hage'
333.7748 	EXP 	LDT_fix_text: autoDraw = True
333.7754 	DATA 	Keypress: l
333.8418 	EXP 	Device response: <KeyPress from None: t=333.75972120000006, value=l, duration=0.08061299999826588>
334.2585 	EXP 	LDT_stim_text: autoDraw = True
334.2669 	EXP 	LDT_fix_text: autoDraw = False
334.8928 	EXP 	Device response: <KeyPress from None: t=334.88741149999987, value=a, duration=None>
334.8930 	EXP 	New trial (rep=0, index=200): <Trial 200 (200 in rep 0) data={'Task': 'LDT', 'TrialType': 'Target', 'Stimuli': 'ranny', 'StimulusType': 'nonword', 'CorrectResponse': 'a', 'Trialnumb': 114, 'thisN': 200, 'thisTrialN': 200, 'thisRepN': 0}>
334.9008 	EXP 	LDT_fix_text: autoDraw = False
334.9008 	EXP 	LDT_stim_text: autoDraw = False
334.9008 	EXP 	LDT_break_text: autoDraw = False
334.9008 	EXP 	LDT_stim_text: height = np.float64(0.1)
334.9008 	EXP 	LDT_stim_text: height = np.float64(0.1)
334.9008 	EXP 	LDT_stim_text: height = np.float64(0.1)
334.9008 	EXP 	LDT_stim_text: text = 'ranny'
334.9008 	EXP 	LDT_fix_text: autoDraw = True
334.9013 	DATA 	Keypress: a
335.0179 	EXP 	Device response: <KeyPress from None: t=334.88741149999987, value=a, duration=0.12874980000196956>
335.3846 	EXP 	LDT_stim_text: autoDraw = True
335.3930 	EXP 	LDT_fix_text: autoDraw = False
335.9688 	EXP 	Device response: <KeyPress from None: t=335.96731120000186, value=a, duration=None>
335.9691 	EXP 	New trial (rep=0, index=201): <Trial 201 (201 in rep 0) data={'Task': 'LDT', 'TrialType': 'Target', 'Stimuli': 'werd', 'StimulusType': 'nonword', 'CorrectResponse': 'a', 'Trialnumb': 216, 'thisN': 201, 'thisTrialN': 201, 'thisRepN': 0}>
335.9769 	EXP 	LDT_fix_text: autoDraw = False
335.9769 	EXP 	LDT_stim_text: autoDraw = False
335.9769 	EXP 	LDT_break_text: autoDraw = False
335.9769 	EXP 	LDT_stim_text: height = np.float64(0.1)
335.9769 	EXP 	LDT_stim_text: height = np.float64(0.1)
335.9769 	EXP 	LDT_stim_text: height = np.float64(0.1)
335.9769 	EXP 	LDT_stim_text: text = 'werd'
335.9769 	EXP 	LDT_fix_text: autoDraw = True
335.9774 	DATA 	Keypress: a
336.1107 	EXP 	Device response: <KeyPress from None: t=335.96731120000186, value=a, duration=0.13631039999745553>
336.4607 	EXP 	LDT_stim_text: autoDraw = True
336.4692 	EXP 	LDT_fix_text: autoDraw = False
337.3869 	EXP 	Device response: <KeyPress from None: t=337.38381279999885, value=a, duration=None>
337.3872 	EXP 	New trial (rep=0, index=202): <Trial 202 (202 in rep 0) data={'Task': 'LDT', 'TrialType': 'Target', 'Stimuli': 'gray', 'StimulusType': 'word', 'CorrectResponse': 'l', 'Trialnumb': 98, 'thisN': 202, 'thisTrialN': 202, 'thisRepN': 0}>
337.3950 	EXP 	LDT_fix_text: autoDraw = False
337.3950 	EXP 	LDT_stim_text: autoDraw = False
337.3950 	EXP 	LDT_break_text: autoDraw = False
337.3950 	EXP 	LDT_stim_text: height = np.float64(0.1)
337.3950 	EXP 	LDT_stim_text: height = np.float64(0.1)
337.3950 	EXP 	LDT_stim_text: height = np.float64(0.1)
337.3950 	EXP 	LDT_stim_text: text = 'gray'
337.3950 	EXP 	LDT_fix_text: autoDraw = True
337.3955 	DATA 	Keypress: a
337.5120 	EXP 	Device response: <KeyPress from None: t=337.38381279999885, value=a, duration=0.12074270000084653>
337.8788 	EXP 	LDT_stim_text: autoDraw = True
337.8872 	EXP 	LDT_fix_text: autoDraw = False
338.4296 	EXP 	Device response: <KeyPress from None: t=338.4234847000007, value=l, duration=None>
338.4299 	EXP 	New trial (rep=0, index=203): <Trial 203 (203 in rep 0) data={'Task': 'LDT', 'TrialType': 'Target', 'Stimuli': 'pick', 'StimulusType': 'word', 'CorrectResponse': 'l', 'Trialnumb': 58, 'thisN': 203, 'thisTrialN': 203, 'thisRepN': 0}>
338.4378 	EXP 	LDT_fix_text: autoDraw = False
338.4378 	EXP 	LDT_stim_text: autoDraw = False
338.4378 	EXP 	LDT_break_text: autoDraw = False
338.4378 	EXP 	LDT_stim_text: height = np.float64(0.1)
338.4378 	EXP 	LDT_stim_text: height = np.float64(0.1)
338.4378 	EXP 	LDT_stim_text: height = np.float64(0.1)
338.4378 	EXP 	LDT_stim_text: text = 'pick'
338.4378 	EXP 	LDT_fix_text: autoDraw = True
338.4383 	DATA 	Keypress: l
338.5046 	EXP 	Device response: <KeyPress from None: t=338.4234847000007, value=l, duration=0.0807089999980235>
338.9215 	EXP 	LDT_stim_text: autoDraw = True
338.9298 	EXP 	LDT_fix_text: autoDraw = False
339.4807 	EXP 	Device response: <KeyPress from None: t=339.4794934999991, value=l, duration=None>
339.4809 	EXP 	New trial (rep=0, index=204): <Trial 204 (204 in rep 0) data={'Task': 'LDT', 'TrialType': 'Target', 'Stimuli': 'junk', 'StimulusType': 'word', 'CorrectResponse': 'l', 'Trialnumb': 105, 'thisN': 204, 'thisTrialN': 204, 'thisRepN': 0}>
339.4887 	EXP 	LDT_fix_text: autoDraw = False
339.4887 	EXP 	LDT_stim_text: autoDraw = False
339.4887 	EXP 	LDT_break_text: autoDraw = False
339.4887 	EXP 	LDT_stim_text: height = np.float64(0.1)
339.4887 	EXP 	LDT_stim_text: height = np.float64(0.1)
339.4887 	EXP 	LDT_stim_text: height = np.float64(0.1)
339.4887 	EXP 	LDT_stim_text: text = 'junk'
339.4887 	EXP 	LDT_fix_text: autoDraw = True
339.4893 	DATA 	Keypress: l
339.5557 	EXP 	Device response: <KeyPress from None: t=339.4794934999991, value=l, duration=0.07312780000211205>
339.9725 	EXP 	LDT_stim_text: autoDraw = True
339.9810 	EXP 	LDT_fix_text: autoDraw = False
340.6485 	EXP 	Device response: <KeyPress from None: t=340.64747609999904, value=l, duration=None>
340.6488 	EXP 	New trial (rep=0, index=205): <Trial 205 (205 in rep 0) data={'Task': 'LDT', 'TrialType': 'Target', 'Stimuli': 'pack', 'StimulusType': 'word', 'CorrectResponse': 'l', 'Trialnumb': 76, 'thisN': 205, 'thisTrialN': 205, 'thisRepN': 0}>
340.6565 	EXP 	LDT_fix_text: autoDraw = False
340.6565 	EXP 	LDT_stim_text: autoDraw = False
340.6565 	EXP 	LDT_break_text: autoDraw = False
340.6565 	EXP 	LDT_stim_text: height = np.float64(0.1)
340.6565 	EXP 	LDT_stim_text: height = np.float64(0.1)
340.6565 	EXP 	LDT_stim_text: height = np.float64(0.1)
340.6565 	EXP 	LDT_stim_text: text = 'pack'
340.6565 	EXP 	LDT_fix_text: autoDraw = True
340.6571 	DATA 	Keypress: l
340.7319 	EXP 	Device response: <KeyPress from None: t=340.64747609999904, value=l, duration=0.08160210000278312>
341.1405 	EXP 	LDT_stim_text: autoDraw = True
341.1487 	EXP 	LDT_fix_text: autoDraw = False
342.1250 	EXP 	Device response: <KeyPress from None: t=342.1206182999995, value=l, duration=None>
342.1253 	EXP 	New trial (rep=0, index=206): <Trial 206 (206 in rep 0) data={'Task': 'LDT', 'TrialType': 'Target', 'Stimuli': 'pay', 'StimulusType': 'word', 'CorrectResponse': 'l', 'Trialnumb': 42, 'thisN': 206, 'thisTrialN': 206, 'thisRepN': 0}>
342.1331 	EXP 	LDT_fix_text: autoDraw = False
342.1331 	EXP 	LDT_stim_text: autoDraw = False
342.1331 	EXP 	LDT_break_text: autoDraw = False
342.1331 	EXP 	LDT_stim_text: height = np.float64(0.1)
342.1331 	EXP 	LDT_stim_text: height = np.float64(0.1)
342.1331 	EXP 	LDT_stim_text: height = np.float64(0.1)
342.1331 	EXP 	LDT_stim_text: text = 'pay'
342.1331 	EXP 	LDT_fix_text: autoDraw = True
342.1336 	DATA 	Keypress: l
342.2002 	EXP 	Device response: <KeyPress from None: t=342.1206182999995, value=l, duration=0.07926050000241958>
342.6170 	EXP 	LDT_stim_text: autoDraw = True
342.6252 	EXP 	LDT_fix_text: autoDraw = False
343.1093 	EXP 	Device response: <KeyPress from None: t=343.1032845000009, value=l, duration=None>
343.1095 	EXP 	New trial (rep=0, index=207): <Trial 207 (207 in rep 0) data={'Task': 'LDT', 'TrialType': 'Target', 'Stimuli': 'shoa', 'StimulusType': 'nonword', 'CorrectResponse': 'a', 'Trialnumb': 191, 'thisN': 207, 'thisTrialN': 207, 'thisRepN': 0}>
343.1174 	EXP 	LDT_fix_text: autoDraw = False
343.1174 	EXP 	LDT_stim_text: autoDraw = False
343.1174 	EXP 	LDT_break_text: autoDraw = False
343.1174 	EXP 	LDT_stim_text: height = np.float64(0.1)
343.1174 	EXP 	LDT_stim_text: height = np.float64(0.1)
343.1174 	EXP 	LDT_stim_text: height = np.float64(0.1)
343.1174 	EXP 	LDT_stim_text: text = 'shoa'
343.1174 	EXP 	LDT_fix_text: autoDraw = True
343.1179 	DATA 	Keypress: l
343.1761 	EXP 	Device response: <KeyPress from None: t=343.1032845000009, value=l, duration=0.07257739999840851>
343.6012 	EXP 	LDT_stim_text: autoDraw = True
343.6095 	EXP 	LDT_fix_text: autoDraw = False
344.1687 	EXP 	Device response: <KeyPress from None: t=344.1674951999994, value=a, duration=None>
344.1689 	EXP 	New trial (rep=0, index=208): <Trial 208 (208 in rep 0) data={'Task': 'LDT', 'TrialType': 'Target', 'Stimuli': 'sharp', 'StimulusType': 'word', 'CorrectResponse': 'l', 'Trialnumb': 94, 'thisN': 208, 'thisTrialN': 208, 'thisRepN': 0}>
344.1768 	EXP 	LDT_fix_text: autoDraw = False
344.1768 	EXP 	LDT_stim_text: autoDraw = False
344.1768 	EXP 	LDT_break_text: autoDraw = False
344.1768 	EXP 	LDT_stim_text: height = np.float64(0.1)
344.1768 	EXP 	LDT_stim_text: height = np.float64(0.1)
344.1768 	EXP 	LDT_stim_text: height = np.float64(0.1)
344.1768 	EXP 	LDT_stim_text: text = 'sharp'
344.1768 	EXP 	LDT_fix_text: autoDraw = True
344.1773 	DATA 	Keypress: a
344.2438 	EXP 	Device response: <KeyPress from None: t=344.1674951999994, value=a, duration=0.07327319999967585>
344.6606 	EXP 	LDT_stim_text: autoDraw = True
344.6689 	EXP 	LDT_fix_text: autoDraw = False
345.6536 	EXP 	Device response: <KeyPress from None: t=345.64822419999837, value=l, duration=None>
345.6538 	EXP 	New trial (rep=0, index=209): <Trial 209 (209 in rep 0) data={'Task': 'LDT', 'TrialType': 'Target', 'Stimuli': 'chase', 'StimulusType': 'word', 'CorrectResponse': 'l', 'Trialnumb': 86, 'thisN': 209, 'thisTrialN': 209, 'thisRepN': 0}>
345.6615 	EXP 	LDT_fix_text: autoDraw = False
345.6615 	EXP 	LDT_stim_text: autoDraw = False
345.6615 	EXP 	LDT_break_text: autoDraw = False
345.6615 	EXP 	LDT_stim_text: height = np.float64(0.1)
345.6615 	EXP 	LDT_stim_text: height = np.float64(0.1)
345.6615 	EXP 	LDT_stim_text: height = np.float64(0.1)
345.6615 	EXP 	LDT_stim_text: text = 'chase'
345.6615 	EXP 	LDT_fix_text: autoDraw = True
345.6620 	DATA 	Keypress: l
345.7286 	EXP 	Device response: <KeyPress from None: t=345.64822419999837, value=l, duration=0.07975680000163266>
346.1454 	EXP 	LDT_stim_text: autoDraw = True
346.1537 	EXP 	LDT_fix_text: autoDraw = False
347.6305 	EXP 	Device response: <KeyPress from None: t=347.6236564999999, value=l, duration=None>
347.6307 	EXP 	New trial (rep=0, index=210): <Trial 210 (210 in rep 0) data={'Task': 'LDT', 'TrialType': 'Target', 'Stimuli': 'serve', 'StimulusType': 'word', 'CorrectResponse': 'l', 'Trialnumb': 80, 'thisN': 210, 'thisTrialN': 210, 'thisRepN': 0}>
347.6386 	EXP 	LDT_fix_text: autoDraw = False
347.6386 	EXP 	LDT_stim_text: autoDraw = False
347.6386 	EXP 	LDT_break_text: autoDraw = False
347.6386 	EXP 	LDT_stim_text: height = np.float64(0.1)
347.6386 	EXP 	LDT_stim_text: height = np.float64(0.1)
347.6386 	EXP 	LDT_stim_text: height = np.float64(0.1)
347.6386 	EXP 	LDT_stim_text: text = 'serve'
347.6386 	EXP 	LDT_fix_text: autoDraw = True
347.6391 	DATA 	Keypress: l
347.7140 	EXP 	Device response: <KeyPress from None: t=347.6236564999999, value=l, duration=0.08870329999990645>
348.1223 	EXP 	LDT_stim_text: autoDraw = True
348.1307 	EXP 	LDT_fix_text: autoDraw = False
348.9234 	EXP 	Device response: <KeyPress from None: t=348.9211719999985, value=l, duration=None>
348.9236 	EXP 	New trial (rep=0, index=211): <Trial 211 (211 in rep 0) data={'Task': 'LDT', 'TrialType': 'Target', 'Stimuli': 'hard', 'StimulusType': 'word', 'CorrectResponse': 'l', 'Trialnumb': 22, 'thisN': 211, 'thisTrialN': 211, 'thisRepN': 0}>
348.9315 	EXP 	LDT_fix_text: autoDraw = False
348.9315 	EXP 	LDT_stim_text: autoDraw = False
348.9315 	EXP 	LDT_break_text: autoDraw = False
348.9315 	EXP 	LDT_stim_text: height = np.float64(0.1)
348.9315 	EXP 	LDT_stim_text: height = np.float64(0.1)
348.9315 	EXP 	LDT_stim_text: height = np.float64(0.1)
348.9315 	EXP 	LDT_stim_text: text = 'hard'
348.9315 	EXP 	LDT_fix_text: autoDraw = True
348.9320 	DATA 	Keypress: l
349.0152 	EXP 	Device response: <KeyPress from None: t=348.9211719999985, value=l, duration=0.08668510000279639>
349.4153 	EXP 	LDT_stim_text: autoDraw = True
349.4236 	EXP 	LDT_fix_text: autoDraw = False
349.8078 	EXP 	Device response: <KeyPress from None: t=349.80750120000084, value=l, duration=None>
349.8081 	EXP 	New trial (rep=0, index=212): <Trial 212 (212 in rep 0) data={'Task': 'LDT', 'TrialType': 'Target', 'Stimuli': 'come', 'StimulusType': 'word', 'CorrectResponse': 'l', 'Trialnumb': 7, 'thisN': 212, 'thisTrialN': 212, 'thisRepN': 0}>
349.8158 	EXP 	LDT_fix_text: autoDraw = False
349.8158 	EXP 	LDT_stim_text: autoDraw = False
349.8158 	EXP 	LDT_break_text: autoDraw = False
349.8158 	EXP 	LDT_stim_text: height = np.float64(0.1)
349.8158 	EXP 	LDT_stim_text: height = np.float64(0.1)
349.8158 	EXP 	LDT_stim_text: height = np.float64(0.1)
349.8158 	EXP 	LDT_stim_text: text = 'come'
349.8158 	EXP 	LDT_fix_text: autoDraw = True
349.8163 	DATA 	Keypress: l
349.9161 	EXP 	Device response: <KeyPress from None: t=349.80750120000084, value=l, duration=0.10476539999945089>
350.2995 	EXP 	LDT_stim_text: autoDraw = True
350.3078 	EXP 	LDT_fix_text: autoDraw = False
350.7253 	EXP 	Device response: <KeyPress from None: t=350.7199204999997, value=l, duration=None>
350.7255 	EXP 	New trial (rep=0, index=213): <Trial 213 (213 in rep 0) data={'Task': 'LDT', 'TrialType': 'Target', 'Stimuli': 'gips', 'StimulusType': 'nonword', 'CorrectResponse': 'a', 'Trialnumb': 147, 'thisN': 213, 'thisTrialN': 213, 'thisRepN': 0}>
350.7333 	EXP 	LDT_fix_text: autoDraw = False
350.7333 	EXP 	LDT_stim_text: autoDraw = False
350.7333 	EXP 	LDT_break_text: autoDraw = False
350.7333 	EXP 	LDT_stim_text: height = np.float64(0.1)
350.7333 	EXP 	LDT_stim_text: height = np.float64(0.1)
350.7333 	EXP 	LDT_stim_text: height = np.float64(0.1)
350.7333 	EXP 	LDT_stim_text: text = 'gips'
350.7333 	EXP 	LDT_fix_text: autoDraw = True
350.7338 	DATA 	Keypress: l
350.8171 	EXP 	Device response: <KeyPress from None: t=350.7199204999997, value=l, duration=0.09580279999863706>
351.2171 	EXP 	LDT_stim_text: autoDraw = True
351.2254 	EXP 	LDT_fix_text: autoDraw = False
351.8513 	EXP 	Device response: <KeyPress from None: t=351.8475796999992, value=a, duration=None>
351.8515 	EXP 	New trial (rep=0, index=214): <Trial 214 (214 in rep 0) data={'Task': 'LDT', 'TrialType': 'Target', 'Stimuli': 'boom', 'StimulusType': 'word', 'CorrectResponse': 'l', 'Trialnumb': 96, 'thisN': 214, 'thisTrialN': 214, 'thisRepN': 0}>
351.8594 	EXP 	LDT_fix_text: autoDraw = False
351.8594 	EXP 	LDT_stim_text: autoDraw = False
351.8594 	EXP 	LDT_break_text: autoDraw = False
351.8594 	EXP 	LDT_stim_text: height = np.float64(0.1)
351.8594 	EXP 	LDT_stim_text: height = np.float64(0.1)
351.8594 	EXP 	LDT_stim_text: height = np.float64(0.1)
351.8594 	EXP 	LDT_stim_text: text = 'boom'
351.8594 	EXP 	LDT_fix_text: autoDraw = True
351.8601 	DATA 	Keypress: a
351.9514 	EXP 	Device response: <KeyPress from None: t=351.8475796999992, value=a, duration=0.09651809999922989>
352.3432 	EXP 	LDT_stim_text: autoDraw = True
352.3516 	EXP 	LDT_fix_text: autoDraw = False
352.7773 	EXP 	Device response: <KeyPress from None: t=352.7767582000015, value=l, duration=None>
352.7775 	EXP 	New trial (rep=0, index=215): <Trial 215 (215 in rep 0) data={'Task': 'LDT', 'TrialType': 'Target', 'Stimuli': 'ill', 'StimulusType': 'word', 'CorrectResponse': 'l', 'Trialnumb': 97, 'thisN': 215, 'thisTrialN': 215, 'thisRepN': 0}>
352.7854 	EXP 	LDT_fix_text: autoDraw = False
352.7854 	EXP 	LDT_stim_text: autoDraw = False
352.7854 	EXP 	LDT_break_text: autoDraw = False
352.7854 	EXP 	LDT_stim_text: height = np.float64(0.1)
352.7854 	EXP 	LDT_stim_text: height = np.float64(0.1)
352.7854 	EXP 	LDT_stim_text: height = np.float64(0.1)
352.7854 	EXP 	LDT_stim_text: text = 'ill'
352.7854 	EXP 	LDT_fix_text: autoDraw = True
352.7860 	DATA 	Keypress: l
352.8774 	EXP 	Device response: <KeyPress from None: t=352.7767582000015, value=l, duration=0.0953068999988318>
353.2692 	EXP 	LDT_stim_text: autoDraw = True
353.2775 	EXP 	LDT_fix_text: autoDraw = False
354.1036 	EXP 	Device response: <KeyPress from None: t=354.0962080999998, value=l, duration=None>
354.1038 	EXP 	New trial (rep=0, index=216): <Trial 216 (216 in rep 0) data={'Task': 'LDT', 'TrialType': 'Target', 'Stimuli': 'snan', 'StimulusType': 'nonword', 'CorrectResponse': 'a', 'Trialnumb': 196, 'thisN': 216, 'thisTrialN': 216, 'thisRepN': 0}>
354.1117 	EXP 	LDT_fix_text: autoDraw = False
354.1117 	EXP 	LDT_stim_text: autoDraw = False
354.1117 	EXP 	LDT_break_text: autoDraw = False
354.1117 	EXP 	LDT_stim_text: height = np.float64(0.1)
354.1117 	EXP 	LDT_stim_text: height = np.float64(0.1)
354.1117 	EXP 	LDT_stim_text: height = np.float64(0.1)
354.1117 	EXP 	LDT_stim_text: text = 'snan'
354.1117 	EXP 	LDT_fix_text: autoDraw = True
354.1123 	DATA 	Keypress: l
354.2120 	EXP 	Device response: <KeyPress from None: t=354.0962080999998, value=l, duration=0.11148700000194367>
354.5955 	EXP 	LDT_stim_text: autoDraw = True
354.6038 	EXP 	LDT_fix_text: autoDraw = False
355.1797 	EXP 	Device response: <KeyPress from None: t=355.17526120000184, value=a, duration=None>
355.1799 	EXP 	New trial (rep=0, index=217): <Trial 217 (217 in rep 0) data={'Task': 'LDT', 'TrialType': 'Target', 'Stimuli': 'gaft', 'StimulusType': 'nonword', 'CorrectResponse': 'a', 'Trialnumb': 144, 'thisN': 217, 'thisTrialN': 217, 'thisRepN': 0}>
355.1877 	EXP 	LDT_fix_text: autoDraw = False
355.1877 	EXP 	LDT_stim_text: autoDraw = False
355.1877 	EXP 	LDT_break_text: autoDraw = False
355.1877 	EXP 	LDT_stim_text: height = np.float64(0.1)
355.1877 	EXP 	LDT_stim_text: height = np.float64(0.1)
355.1877 	EXP 	LDT_stim_text: height = np.float64(0.1)
355.1877 	EXP 	LDT_stim_text: text = 'gaft'
355.1877 	EXP 	LDT_fix_text: autoDraw = True
355.1883 	DATA 	Keypress: a
355.3048 	EXP 	Device response: <KeyPress from None: t=355.17526120000184, value=a, duration=0.12882379999791738>
355.6715 	EXP 	LDT_stim_text: autoDraw = True
355.6799 	EXP 	LDT_fix_text: autoDraw = False
356.3641 	EXP 	Device response: <KeyPress from None: t=356.35966800000097, value=a, duration=None>
356.3644 	EXP 	New trial (rep=0, index=218): <Trial 218 (218 in rep 0) data={'Task': 'LDT', 'TrialType': 'Target', 'Stimuli': 'dry', 'StimulusType': 'word', 'CorrectResponse': 'l', 'Trialnumb': 77, 'thisN': 218, 'thisTrialN': 218, 'thisRepN': 0}>
356.3723 	EXP 	LDT_fix_text: autoDraw = False
356.3723 	EXP 	LDT_stim_text: autoDraw = False
356.3723 	EXP 	LDT_break_text: autoDraw = False
356.3723 	EXP 	LDT_stim_text: height = np.float64(0.1)
356.3723 	EXP 	LDT_stim_text: height = np.float64(0.1)
356.3723 	EXP 	LDT_stim_text: height = np.float64(0.1)
356.3723 	EXP 	LDT_stim_text: text = 'dry'
356.3723 	EXP 	LDT_fix_text: autoDraw = True
356.3728 	DATA 	Keypress: a
356.4726 	EXP 	Device response: <KeyPress from None: t=356.35966800000097, value=a, duration=0.11218599999847356>
356.8560 	EXP 	LDT_stim_text: autoDraw = True
356.8644 	EXP 	LDT_fix_text: autoDraw = False
357.3151 	EXP 	Device response: <KeyPress from None: t=357.3116641000015, value=l, duration=None>
357.3153 	EXP 	New trial (rep=0, index=219): <Trial 219 (219 in rep 0) data={'Task': 'LDT', 'TrialType': 'Target', 'Stimuli': 'daste', 'StimulusType': 'nonword', 'CorrectResponse': 'a', 'Trialnumb': 136, 'thisN': 219, 'thisTrialN': 219, 'thisRepN': 0}>
357.3232 	EXP 	LDT_fix_text: autoDraw = False
357.3232 	EXP 	LDT_stim_text: autoDraw = False
357.3232 	EXP 	LDT_break_text: autoDraw = False
357.3232 	EXP 	LDT_stim_text: height = np.float64(0.1)
357.3232 	EXP 	LDT_stim_text: height = np.float64(0.1)
357.3232 	EXP 	LDT_stim_text: height = np.float64(0.1)
357.3232 	EXP 	LDT_stim_text: text = 'daste'
357.3232 	EXP 	LDT_fix_text: autoDraw = True
357.3237 	DATA 	Keypress: l
357.4152 	EXP 	Device response: <KeyPress from None: t=357.3116641000015, value=l, duration=0.09557919999861042>
357.8070 	EXP 	LDT_stim_text: autoDraw = True
357.8153 	EXP 	LDT_fix_text: autoDraw = False
358.6332 	EXP 	Device response: <KeyPress from None: t=358.6316454000007, value=a, duration=None>
358.6334 	EXP 	New trial (rep=0, index=220): <Trial 220 (220 in rep 0) data={'Task': 'LDT', 'TrialType': 'Target', 'Stimuli': 'media', 'StimulusType': 'word', 'CorrectResponse': 'l', 'Trialnumb': 46, 'thisN': 220, 'thisTrialN': 220, 'thisRepN': 0}>
358.6411 	EXP 	LDT_fix_text: autoDraw = False
358.6411 	EXP 	LDT_stim_text: autoDraw = False
358.6411 	EXP 	LDT_break_text: autoDraw = False
358.6411 	EXP 	LDT_stim_text: height = np.float64(0.1)
358.6411 	EXP 	LDT_stim_text: height = np.float64(0.1)
358.6411 	EXP 	LDT_stim_text: height = np.float64(0.1)
358.6411 	EXP 	LDT_stim_text: text = 'media'
358.6411 	EXP 	LDT_fix_text: autoDraw = True
358.6417 	DATA 	Keypress: a
358.7248 	EXP 	Device response: <KeyPress from None: t=358.6316454000007, value=a, duration=0.0879371999981231>
359.1250 	EXP 	LDT_stim_text: autoDraw = True
359.1334 	EXP 	LDT_fix_text: autoDraw = False
359.7259 	EXP 	Device response: <KeyPress from None: t=359.71994339999947, value=l, duration=None>
359.7261 	EXP 	New trial (rep=0, index=221): <Trial 221 (221 in rep 0) data={'Task': 'LDT', 'TrialType': 'Target', 'Stimuli': 'lill', 'StimulusType': 'nonword', 'CorrectResponse': 'a', 'Trialnumb': 168, 'thisN': 221, 'thisTrialN': 221, 'thisRepN': 0}>
359.7339 	EXP 	LDT_fix_text: autoDraw = False
359.7339 	EXP 	LDT_stim_text: autoDraw = False
359.7339 	EXP 	LDT_break_text: autoDraw = False
359.7339 	EXP 	LDT_stim_text: height = np.float64(0.1)
359.7339 	EXP 	LDT_stim_text: height = np.float64(0.1)
359.7339 	EXP 	LDT_stim_text: height = np.float64(0.1)
359.7339 	EXP 	LDT_stim_text: text = 'lill'
359.7339 	EXP 	LDT_fix_text: autoDraw = True
359.7345 	DATA 	Keypress: l
359.8176 	EXP 	Device response: <KeyPress from None: t=359.71994339999947, value=l, duration=0.09532600000238745>
360.2177 	EXP 	LDT_stim_text: autoDraw = True
360.2261 	EXP 	LDT_fix_text: autoDraw = False
361.5110 	EXP 	Device response: <KeyPress from None: t=361.50415110000176, value=l, duration=None>
361.5190 	EXP 	LDT_fix_text: autoDraw = False
361.5190 	EXP 	LDT_stim_text: autoDraw = False
361.5190 	EXP 	LDT_break_text: autoDraw = False
361.5190 	EXP 	end_text: autoDraw = True
361.5195 	DATA 	Keypress: l
361.5527 	EXP 	Device response: <KeyPress from None: t=361.50415110000176, value=l, duration=0.04096939999726601>
364.5136 	EXP 	end_text: autoDraw = False
364.5136 	EXP 	end_text: autoDraw = False
364.5137 	EXP 	online_LDT&KRT: status = STOPPED
