0.8390 	WARNING 	We strongly recommend you activate the PTB sound engine in PsychoPy prefs as the preferred audio engine. Its timing is vastly superior. Your prefs are currently set to use ['sounddevice', 'PTB', 'pyo', 'pygame'] (in that order).
1.8302 	WARNING 	Font Manager failed to load file C:\Users\user\AppData\Local\Microsoft\Windows\Fonts\서울남산 장체BL.ttf
1.8323 	WARNING 	Font Manager failed to load file C:\Users\user\AppData\Local\Microsoft\Windows\Fonts\210 콤퓨타세탁R.ttf
1.8356 	WARNING 	Font Manager failed to load file C:\Users\user\AppData\Local\Microsoft\Windows\Fonts\아리따-돋움(TTF)-Thin.ttf
1.8393 	WARNING 	Font Manager failed to load file C:\Users\user\AppData\Local\Microsoft\Windows\Fonts\210 맨발의청춘L.ttf
1.8401 	WARNING 	Font Manager failed to load file C:\Users\user\AppData\Local\Microsoft\Windows\Fonts\210 나무고딕B.ttf
1.8412 	WARNING 	Font Manager failed to load file C:\Users\user\AppData\Local\Microsoft\Windows\Fonts\210 동화책L.ttf
1.8449 	WARNING 	Font Manager failed to load file C:\Users\user\AppData\Local\Microsoft\Windows\Fonts\아리따-돋움(TTF)-Medium.ttf
1.8493 	WARNING 	Font Manager failed to load file C:\Users\user\AppData\Local\Microsoft\Windows\Fonts\a고딕11.ttf
1.8513 	WARNING 	Font Manager failed to load file C:\Users\user\AppData\Local\Microsoft\Windows\Fonts\210 하얀바람L.ttf
1.8533 	WARNING 	Font Manager failed to load file C:\Users\user\AppData\Local\Microsoft\Windows\Fonts\a고딕16.ttf
1.8565 	WARNING 	Font Manager failed to load file C:\Users\user\AppData\Local\Microsoft\Windows\Fonts\210 맨발의청춘R.ttf
1.8574 	WARNING 	Font Manager failed to load file C:\Users\user\AppData\Local\Microsoft\Windows\Fonts\a뉴굴림2.ttf
1.8585 	WARNING 	Font Manager failed to load file C:\Users\user\AppData\Local\Microsoft\Windows\Fonts\210 나무고딕L.ttf
1.8589 	WARNING 	Font Manager failed to load file C:\Users\user\AppData\Local\Microsoft\Windows\Fonts\a뉴굴림1.ttf
1.8624 	WARNING 	Font Manager failed to load file C:\Users\user\AppData\Local\Microsoft\Windows\Fonts\서울남산 장체M.ttf
1.8651 	WARNING 	Font Manager failed to load file C:\Users\user\AppData\Local\Microsoft\Windows\Fonts\a고딕12.ttf
1.8679 	WARNING 	Font Manager failed to load file C:\Users\user\AppData\Local\Microsoft\Windows\Fonts\210 콤퓨타세탁L.ttf
1.8692 	WARNING 	Font Manager failed to load file C:\Users\user\AppData\Local\Microsoft\Windows\Fonts\210 맨발의청춘B.ttf
1.8697 	WARNING 	Font Manager failed to load file C:\Users\user\AppData\Local\Microsoft\Windows\Fonts\210 동화책B.ttf
1.8735 	WARNING 	Font Manager failed to load file C:\Users\user\AppData\Local\Microsoft\Windows\Fonts\210 씨앗B.ttf
1.8745 	WARNING 	Font Manager failed to load file C:\Users\user\AppData\Local\Microsoft\Windows\Fonts\210 상상공작소B.ttf
1.8751 	WARNING 	Font Manager failed to load file C:\Users\user\AppData\Local\Microsoft\Windows\Fonts\서울남산 장체EB.ttf
1.8772 	WARNING 	Font Manager failed to load file C:\Users\user\AppData\Local\Microsoft\Windows\Fonts\210 나무고딕R.ttf
1.8783 	WARNING 	Font Manager failed to load file C:\Users\user\AppData\Local\Microsoft\Windows\Fonts\아리따-돋움(TTF)-Light.ttf
1.8791 	WARNING 	Font Manager failed to load file C:\Users\user\AppData\Local\Microsoft\Windows\Fonts\210 콤퓨타세탁B.ttf
1.8802 	WARNING 	Font Manager failed to load file C:\Users\user\AppData\Local\Microsoft\Windows\Fonts\a뉴굴림4.ttf
1.8805 	WARNING 	Font Manager failed to load file C:\Users\user\AppData\Local\Microsoft\Windows\Fonts\210 카툰스토리R.ttf
1.8824 	WARNING 	Font Manager failed to load file C:\Users\user\AppData\Local\Microsoft\Windows\Fonts\아리따-돋움(TTF)-SemiBold.ttf
1.8843 	WARNING 	Font Manager failed to load file C:\Users\user\AppData\Local\Microsoft\Windows\Fonts\210 상상공작소R.ttf
1.8882 	WARNING 	Font Manager failed to load file C:\Users\user\AppData\Local\Microsoft\Windows\Fonts\서울남산 장체B.ttf
1.8893 	WARNING 	Font Manager failed to load file C:\Users\user\AppData\Local\Microsoft\Windows\Fonts\210 씨앗L.ttf
1.8896 	WARNING 	Font Manager failed to load file C:\Users\user\AppData\Local\Microsoft\Windows\Fonts\210 카툰스토리L.ttf
1.8931 	WARNING 	Font Manager failed to load file C:\Users\user\AppData\Local\Microsoft\Windows\Fonts\a시나리오.ttf
1.8934 	WARNING 	Font Manager failed to load file C:\Users\user\AppData\Local\Microsoft\Windows\Fonts\a고딕10.ttf
1.8949 	WARNING 	Font Manager failed to load file C:\Users\user\AppData\Local\Microsoft\Windows\Fonts\210 씨앗R.ttf
1.8950 	WARNING 	Font Manager failed to load file C:\Users\user\AppData\Local\Microsoft\Windows\Fonts\210 상상공작소L.ttf
1.8951 	WARNING 	Font Manager failed to load file C:\Users\user\AppData\Local\Microsoft\Windows\Fonts\210 하얀바람B.ttf
1.8963 	WARNING 	Font Manager failed to load file C:\Users\user\AppData\Local\Microsoft\Windows\Fonts\a고딕13.ttf
1.9022 	WARNING 	Font Manager failed to load file C:\Users\user\AppData\Local\Microsoft\Windows\Fonts\210 나무고딕EB.ttf
1.9055 	WARNING 	Font Manager failed to load file C:\Users\user\AppData\Local\Microsoft\Windows\Fonts\210 하얀바람R.ttf
1.9063 	WARNING 	Font Manager failed to load file C:\Users\user\AppData\Local\Microsoft\Windows\Fonts\a고딕15.ttf
1.9093 	WARNING 	Font Manager failed to load file C:\Users\user\AppData\Local\Microsoft\Windows\Fonts\a뉴굴림3.ttf
1.9096 	WARNING 	Font Manager failed to load file C:\Users\user\AppData\Local\Microsoft\Windows\Fonts\a고딕14.ttf
1.9118 	WARNING 	Font Manager failed to load file C:\Users\user\AppData\Local\Microsoft\Windows\Fonts\아리따-돋움(TTF)-Bold.ttf
1.9134 	WARNING 	Font Manager failed to load file C:\Users\user\AppData\Local\Microsoft\Windows\Fonts\210 카툰스토리B.ttf
1.9139 	WARNING 	Font Manager failed to load file C:\Users\user\AppData\Local\Microsoft\Windows\Fonts\서울남산 장체L.ttf
1.9152 	WARNING 	Font Manager failed to load file C:\Users\user\AppData\Local\Microsoft\Windows\Fonts\나눔고딕L.ttf
1.9192 	WARNING 	Font Manager failed to load file C:\Users\user\AppData\Local\Microsoft\Windows\Fonts\210 동화책R.ttf
2.1141 	WARNING 	Font Manager failed to load file C:\Users\user\AppData\Local\Microsoft\Windows\Fonts\서울남산 장체BL.ttf
2.1163 	WARNING 	Font Manager failed to load file C:\Users\user\AppData\Local\Microsoft\Windows\Fonts\210 콤퓨타세탁R.ttf
2.1191 	WARNING 	Font Manager failed to load file C:\Users\user\AppData\Local\Microsoft\Windows\Fonts\아리따-돋움(TTF)-Thin.ttf
2.1227 	WARNING 	Font Manager failed to load file C:\Users\user\AppData\Local\Microsoft\Windows\Fonts\210 맨발의청춘L.ttf
2.1234 	WARNING 	Font Manager failed to load file C:\Users\user\AppData\Local\Microsoft\Windows\Fonts\210 나무고딕B.ttf
2.1245 	WARNING 	Font Manager failed to load file C:\Users\user\AppData\Local\Microsoft\Windows\Fonts\210 동화책L.ttf
2.1282 	WARNING 	Font Manager failed to load file C:\Users\user\AppData\Local\Microsoft\Windows\Fonts\아리따-돋움(TTF)-Medium.ttf
2.1326 	WARNING 	Font Manager failed to load file C:\Users\user\AppData\Local\Microsoft\Windows\Fonts\a고딕11.ttf
2.1342 	WARNING 	Font Manager failed to load file C:\Users\user\AppData\Local\Microsoft\Windows\Fonts\210 하얀바람L.ttf
2.1362 	WARNING 	Font Manager failed to load file C:\Users\user\AppData\Local\Microsoft\Windows\Fonts\a고딕16.ttf
2.1393 	WARNING 	Font Manager failed to load file C:\Users\user\AppData\Local\Microsoft\Windows\Fonts\210 맨발의청춘R.ttf
2.1403 	WARNING 	Font Manager failed to load file C:\Users\user\AppData\Local\Microsoft\Windows\Fonts\a뉴굴림2.ttf
2.1413 	WARNING 	Font Manager failed to load file C:\Users\user\AppData\Local\Microsoft\Windows\Fonts\210 나무고딕L.ttf
2.1417 	WARNING 	Font Manager failed to load file C:\Users\user\AppData\Local\Microsoft\Windows\Fonts\a뉴굴림1.ttf
2.1451 	WARNING 	Font Manager failed to load file C:\Users\user\AppData\Local\Microsoft\Windows\Fonts\서울남산 장체M.ttf
2.1477 	WARNING 	Font Manager failed to load file C:\Users\user\AppData\Local\Microsoft\Windows\Fonts\a고딕12.ttf
2.1502 	WARNING 	Font Manager failed to load file C:\Users\user\AppData\Local\Microsoft\Windows\Fonts\210 콤퓨타세탁L.ttf
2.1515 	WARNING 	Font Manager failed to load file C:\Users\user\AppData\Local\Microsoft\Windows\Fonts\210 맨발의청춘B.ttf
2.1521 	WARNING 	Font Manager failed to load file C:\Users\user\AppData\Local\Microsoft\Windows\Fonts\210 동화책B.ttf
2.1558 	WARNING 	Font Manager failed to load file C:\Users\user\AppData\Local\Microsoft\Windows\Fonts\210 씨앗B.ttf
2.1569 	WARNING 	Font Manager failed to load file C:\Users\user\AppData\Local\Microsoft\Windows\Fonts\210 상상공작소B.ttf
2.1574 	WARNING 	Font Manager failed to load file C:\Users\user\AppData\Local\Microsoft\Windows\Fonts\서울남산 장체EB.ttf
2.1590 	WARNING 	Font Manager failed to load file C:\Users\user\AppData\Local\Microsoft\Windows\Fonts\210 나무고딕R.ttf
2.1601 	WARNING 	Font Manager failed to load file C:\Users\user\AppData\Local\Microsoft\Windows\Fonts\아리따-돋움(TTF)-Light.ttf
2.1609 	WARNING 	Font Manager failed to load file C:\Users\user\AppData\Local\Microsoft\Windows\Fonts\210 콤퓨타세탁B.ttf
2.1620 	WARNING 	Font Manager failed to load file C:\Users\user\AppData\Local\Microsoft\Windows\Fonts\a뉴굴림4.ttf
2.1623 	WARNING 	Font Manager failed to load file C:\Users\user\AppData\Local\Microsoft\Windows\Fonts\210 카툰스토리R.ttf
2.1642 	WARNING 	Font Manager failed to load file C:\Users\user\AppData\Local\Microsoft\Windows\Fonts\아리따-돋움(TTF)-SemiBold.ttf
2.1661 	WARNING 	Font Manager failed to load file C:\Users\user\AppData\Local\Microsoft\Windows\Fonts\210 상상공작소R.ttf
2.1701 	WARNING 	Font Manager failed to load file C:\Users\user\AppData\Local\Microsoft\Windows\Fonts\서울남산 장체B.ttf
2.1712 	WARNING 	Font Manager failed to load file C:\Users\user\AppData\Local\Microsoft\Windows\Fonts\210 씨앗L.ttf
2.1715 	WARNING 	Font Manager failed to load file C:\Users\user\AppData\Local\Microsoft\Windows\Fonts\210 카툰스토리L.ttf
2.1750 	WARNING 	Font Manager failed to load file C:\Users\user\AppData\Local\Microsoft\Windows\Fonts\a시나리오.ttf
2.1753 	WARNING 	Font Manager failed to load file C:\Users\user\AppData\Local\Microsoft\Windows\Fonts\a고딕10.ttf
2.1768 	WARNING 	Font Manager failed to load file C:\Users\user\AppData\Local\Microsoft\Windows\Fonts\210 씨앗R.ttf
2.1769 	WARNING 	Font Manager failed to load file C:\Users\user\AppData\Local\Microsoft\Windows\Fonts\210 상상공작소L.ttf
2.1770 	WARNING 	Font Manager failed to load file C:\Users\user\AppData\Local\Microsoft\Windows\Fonts\210 하얀바람B.ttf
2.1782 	WARNING 	Font Manager failed to load file C:\Users\user\AppData\Local\Microsoft\Windows\Fonts\a고딕13.ttf
2.1836 	WARNING 	Font Manager failed to load file C:\Users\user\AppData\Local\Microsoft\Windows\Fonts\210 나무고딕EB.ttf
2.1869 	WARNING 	Font Manager failed to load file C:\Users\user\AppData\Local\Microsoft\Windows\Fonts\210 하얀바람R.ttf
2.1877 	WARNING 	Font Manager failed to load file C:\Users\user\AppData\Local\Microsoft\Windows\Fonts\a고딕15.ttf
2.1906 	WARNING 	Font Manager failed to load file C:\Users\user\AppData\Local\Microsoft\Windows\Fonts\a뉴굴림3.ttf
2.1909 	WARNING 	Font Manager failed to load file C:\Users\user\AppData\Local\Microsoft\Windows\Fonts\a고딕14.ttf
2.1931 	WARNING 	Font Manager failed to load file C:\Users\user\AppData\Local\Microsoft\Windows\Fonts\아리따-돋움(TTF)-Bold.ttf
2.1947 	WARNING 	Font Manager failed to load file C:\Users\user\AppData\Local\Microsoft\Windows\Fonts\210 카툰스토리B.ttf
2.1952 	WARNING 	Font Manager failed to load file C:\Users\user\AppData\Local\Microsoft\Windows\Fonts\서울남산 장체L.ttf
2.1964 	WARNING 	Font Manager failed to load file C:\Users\user\AppData\Local\Microsoft\Windows\Fonts\나눔고딕L.ttf
2.2004 	WARNING 	Font Manager failed to load file C:\Users\user\AppData\Local\Microsoft\Windows\Fonts\210 동화책R.ttf
8.9066 	EXP 	Created window1 = Window(allowGUI=False, allowStencil=False, autoLog=True, backendConf=UNKNOWN, backgroundFit=<method-wrapper '__getattribute__' of attributeSetter object at 0x000001942F65B280>, backgroundImage=<method-wrapper '__getattribute__' of attributeSetter object at 0x000001942F65B220>, bitsMode=UNKNOWN, blendMode='avg', bpc=(8, 8, 8), color=array([-1., -1., -1.]), colorSpace='rgb', depthBits=8, fullscr=True, gamma=None, gammaErrorPolicy='raise', infoMsg=UNKNOWN, lms=UNKNOWN, monitor=<psychopy.monitors.calibTools.Monitor object at 0x000001942F92C5E0>, multiSample=False, name='window1', numSamples=2, pos=[np.float64(0.0), np.float64(0.0)], screen=0, size=array([1920, 1080]), stencilBits=0, stereo=False, title='PsychoPy', units='height', useFBO=True, useRetina=False, viewOri=0.0, viewPos=None, viewScale=None, waitBlanking=True, winType='pyglet')
8.9067 	EXP 	window1: backgroundImage = ''
8.9067 	EXP 	window1: backgroundFit = 'none'
9.1698 	EXP 	window1: Attempting to measure frame rate of screen (0) ...
9.1699 	EXP 	window1: recordFrameIntervals = False
9.2901 	EXP 	window1: recordFrameIntervals = True
9.3812 	EXP 	Screen (0) actual frame rate measured at 120.86Hz
9.3813 	EXP 	window1: recordFrameIntervals = False
10.5048 	EXP 	online_LDT&KRT: status = STARTED
10.6089 	EXP 	Created intro_text = TextStim(__class__=<class 'psychopy.visual.text.TextStim'>, alignHoriz=method-wrapper(...), alignText='center', alignVert=method-wrapper(...), anchorHoriz='center', anchorVert='center', antialias=True, autoDraw=False, autoLog=True, bold=False, color=array([1., 1., 1.]), colorSpace='rgb', contrast=1.0, depth=0.0, draggable=False, flipHoriz=False, flipVert=False, font='NanumGothic', fontFiles=[], height=np.float64(0.03), italic=False, languageStyle='LTR', name='intro_text', opacity=1, ori=0.0, pos=array([0., 0.]), rgb=UNKNOWN, text=str(...), units='height', win=Window(...), wrapWidth=1)
10.6333 	EXP 	Created LDT_intro_instr = TextStim(__class__=<class 'psychopy.visual.text.TextStim'>, alignHoriz=method-wrapper(...), alignText='center', alignVert=method-wrapper(...), anchorHoriz='center', anchorVert='center', antialias=True, autoDraw=False, autoLog=True, bold=False, color=array([1., 1., 1.]), colorSpace='rgb', contrast=1.0, depth=0.0, draggable=False, flipHoriz=False, flipVert=False, font='NanumGothic', fontFiles=[], height=np.float64(0.03), italic=False, languageStyle='LTR', name='LDT_intro_instr', opacity=1, ori=0.0, pos=array([0. , 0.2]), rgb=UNKNOWN, text=str(...), units='height', win=Window(...), wrapWidth=1)
10.6466 	EXP 	Created keyboard_LDT = ImageStim(__class__=<class 'psychopy.visual.image.ImageStim'>, anchor=('center', 'center'), autoLog=True, color=array([1., 1., 1.]), colorSpace='rgb', contrast=1.0, depth=-2.0, draggable=False, flipHoriz=np.False_, flipVert=np.False_, image='keyboard_LDT_RR.png', interpolate=True, mask=None, maskParams=None, name='keyboard_LDT', opacity=1, ori=0.0, pos=array([ 0. , -0.2]), size=array([0.6 , 0.35]), texRes=128.0, units='height', win=Window(...))
10.6495 	EXP 	Created LDT_prac_fix_text = TextStim(__class__=<class 'psychopy.visual.text.TextStim'>, alignHoriz=method-wrapper(...), alignText='center', alignVert=method-wrapper(...), anchorHoriz='center', anchorVert='center', antialias=True, autoDraw=False, autoLog=True, bold=False, color=array([1., 1., 1.]), colorSpace='rgb', contrast=1.0, depth=0.0, draggable=False, flipHoriz=False, flipVert=False, font='NanumGothic', fontFiles=[], height=np.float64(0.1), italic=False, languageStyle='LTR', name='LDT_prac_fix_text', opacity=1, ori=0, pos=array([0., 0.]), rgb=UNKNOWN, text='+', units='height', win=Window(...), wrapWidth=1)
10.6499 	EXP 	Created LDT_prac_stim_text = TextStim(__class__=<class 'psychopy.visual.text.TextStim'>, alignHoriz=method-wrapper(...), alignText='center', alignVert=method-wrapper(...), anchorHoriz='center', anchorVert='center', antialias=True, autoDraw=False, autoLog=True, bold=False, color=array([1., 1., 1.]), colorSpace='rgb', contrast=1.0, depth=-1.0, draggable=False, flipHoriz=False, flipVert=False, font='NanumGothic', fontFiles=[], height=0.1, italic=False, languageStyle='LTR', name='LDT_prac_stim_text', opacity=1, ori=0, pos=array([0., 0.]), rgb=UNKNOWN, text='', units='height', win=Window(...), wrapWidth=1)
10.6505 	EXP 	Created LDT_feedback_text = TextStim(__class__=<class 'psychopy.visual.text.TextStim'>, alignHoriz=method-wrapper(...), alignText='center', alignVert=method-wrapper(...), anchorHoriz='center', anchorVert='center', antialias=True, autoDraw=False, autoLog=True, bold=False, color=array([1., 1., 1.]), colorSpace='rgb', contrast=1.0, depth=-1.0, draggable=False, flipHoriz=False, flipVert=False, font='NanumGothic', fontFiles=[], height=0.05, italic=False, languageStyle='LTR', name='LDT_feedback_text', opacity=1, ori=0, pos=array([0., 0.]), rgb=UNKNOWN, text='', units='height', win=Window(...), wrapWidth=1)
10.6640 	EXP 	Created LDT_instr_text = TextStim(__class__=<class 'psychopy.visual.text.TextStim'>, alignHoriz=method-wrapper(...), alignText='center', alignVert=method-wrapper(...), anchorHoriz='center', anchorVert='center', antialias=True, autoDraw=False, autoLog=True, bold=False, color=array([1., 1., 1.]), colorSpace='rgb', contrast=1.0, depth=0.0, draggable=False, flipHoriz=False, flipVert=False, font='NanumGothic', fontFiles=[], height=np.float64(0.03), italic=False, languageStyle='LTR', name='LDT_instr_text', opacity=1, ori=0, pos=array([0., 0.]), rgb=UNKNOWN, text=str(...), units='height', win=Window(...), wrapWidth=1)
10.6654 	EXP 	Created LDT_fix_text = TextStim(__class__=<class 'psychopy.visual.text.TextStim'>, alignHoriz=method-wrapper(...), alignText='center', alignVert=method-wrapper(...), anchorHoriz='center', anchorVert='center', antialias=True, autoDraw=False, autoLog=True, bold=False, color=array([1., 1., 1.]), colorSpace='rgb', contrast=1.0, depth=0.0, draggable=False, flipHoriz=False, flipVert=False, font='NanumGothic', fontFiles=[], height=np.float64(0.1), italic=False, languageStyle='LTR', name='LDT_fix_text', opacity=1, ori=0, pos=array([0., 0.]), rgb=UNKNOWN, text='+', units='height', win=Window(...), wrapWidth=1)
10.6658 	EXP 	Created LDT_stim_text = TextStim(__class__=<class 'psychopy.visual.text.TextStim'>, alignHoriz=method-wrapper(...), alignText='center', alignVert=method-wrapper(...), anchorHoriz='center', anchorVert='center', antialias=True, autoDraw=False, autoLog=True, bold=False, color=array([1., 1., 1.]), colorSpace='rgb', contrast=1.0, depth=-1.0, draggable=False, flipHoriz=False, flipVert=False, font='NanumGothic', fontFiles=[], height=0.1, italic=False, languageStyle='LTR', name='LDT_stim_text', opacity=1, ori=0, pos=array([0., 0.]), rgb=UNKNOWN, text='', units='height', win=Window(...), wrapWidth=1)
10.6715 	EXP 	Created LDT_break_text = TextStim(__class__=<class 'psychopy.visual.text.TextStim'>, alignHoriz=method-wrapper(...), alignText='center', alignVert=method-wrapper(...), anchorHoriz='center', anchorVert='center', antialias=True, autoDraw=False, autoLog=True, bold=False, color=array([1., 1., 1.]), colorSpace='rgb', contrast=1.0, depth=-1.0, draggable=False, flipHoriz=False, flipVert=False, font='NanumGothic', fontFiles=[], height=np.float64(0.03), italic=False, languageStyle='LTR', name='LDT_break_text', opacity=1, ori=0.0, pos=array([0., 0.]), rgb=UNKNOWN, text=str(...), units='height', win=Window(...), wrapWidth=1)
10.6774 	EXP 	Created end_text = TextStim(__class__=<class 'psychopy.visual.text.TextStim'>, alignHoriz=method-wrapper(...), alignText='center', alignVert=method-wrapper(...), anchorHoriz='center', anchorVert='center', antialias=True, autoDraw=False, autoLog=True, bold=False, color=array([1., 1., 1.]), colorSpace='rgb', contrast=1.0, depth=0.0, draggable=False, flipHoriz=False, flipVert=False, font='NanumGothic', fontFiles=[], height=np.float64(0.03), italic=False, languageStyle='LTR', name='end_text', opacity=1, ori=0, pos=array([0., 0.]), rgb=UNKNOWN, text='실험이 종료되었습니다. \n\n실험에 참여해 주셔서 감사합니다.\n\n', units='height', win=Window(...), wrapWidth=1)
0.0131 	EXP 	intro_text: autoDraw = True
2.3007 	EXP 	Device response: <KeyPress from None: t=2.2393677000000025, value=space, duration=None>
2.3153 	EXP 	intro_text: autoDraw = False
2.3153 	EXP 	LDT_intro_instr: autoDraw = True
2.3153 	EXP 	keyboard_LDT: autoDraw = True
2.3162 	DATA 	Keypress: space
2.3993 	EXP 	Device response: <KeyPress from None: t=2.2393677000000025, value=space, duration=0.15960050000012416>
34.6645 	EXP 	Device response: <KeyPress from None: t=34.662536700000146, value=space, duration=None>
34.6691 	EXP 	Imported LDT_pracStim.xlsx as conditions, 10 conditions, 5 params
34.6693 	EXP 	New trial (rep=0, index=0): <Trial 0 (0 in rep 0) data={'Task': 'LDT', 'TrialType': 'Practice', 'Stimuli': 'cluerk', 'CorrectResponse': 'a', 'StimulusType': 'nonword', 'thisN': 0, 'thisTrialN': 0, 'thisRepN': 0}>
34.6809 	EXP 	LDT_intro_instr: autoDraw = False
34.6809 	EXP 	keyboard_LDT: autoDraw = False
34.6809 	EXP 	LDT_prac_stim_text: height = np.float64(0.1)
34.6809 	EXP 	LDT_prac_stim_text: height = np.float64(0.1)
34.6809 	EXP 	LDT_prac_stim_text: height = np.float64(0.1)
34.6809 	EXP 	LDT_prac_stim_text: text = 'cluerk'
34.6809 	EXP 	LDT_prac_fix_text: autoDraw = True
34.6816 	DATA 	Keypress: space
34.7814 	EXP 	Device response: <KeyPress from None: t=34.662536700000146, value=space, duration=0.1133906999998544>
35.1565 	EXP 	LDT_prac_stim_text: autoDraw = True
35.1731 	EXP 	LDT_prac_fix_text: autoDraw = False
37.0920 	EXP 	Device response: <KeyPress from None: t=37.08646859999999, value=a, duration=None>
37.0995 	EXP 	LDT_prac_fix_text: autoDraw = False
37.0995 	EXP 	LDT_prac_stim_text: autoDraw = False
37.0995 	EXP 	LDT_feedback_text: height = np.float64(0.05)
37.0995 	EXP 	LDT_feedback_text: height = np.float64(0.05)
37.0995 	EXP 	LDT_feedback_text: height = np.float64(0.05)
37.0995 	EXP 	LDT_feedback_text: text = '정답입니다!'
37.0995 	EXP 	LDT_feedback_text: autoDraw = True
37.0999 	DATA 	Keypress: a
37.2004 	EXP 	Device response: <KeyPress from None: t=37.08646859999999, value=a, duration=0.11279899999999543>
38.0846 	EXP 	New trial (rep=0, index=1): <Trial 1 (1 in rep 0) data={'Task': 'LDT', 'TrialType': 'Practice', 'Stimuli': 'cucumber', 'CorrectResponse': 'l', 'StimulusType': 'word', 'thisN': 1, 'thisTrialN': 1, 'thisRepN': 0}>
38.0928 	EXP 	LDT_feedback_text: autoDraw = False
38.0928 	EXP 	LDT_feedback_text: autoDraw = False
38.0928 	EXP 	LDT_prac_stim_text: height = np.float64(0.1)
38.0928 	EXP 	LDT_prac_stim_text: height = np.float64(0.1)
38.0928 	EXP 	LDT_prac_stim_text: height = np.float64(0.1)
38.0928 	EXP 	LDT_prac_stim_text: text = 'cucumber'
38.0928 	EXP 	LDT_prac_fix_text: autoDraw = True
38.5848 	EXP 	LDT_prac_fix_text: autoDraw = False
38.5848 	EXP 	LDT_prac_stim_text: autoDraw = True
39.8030 	EXP 	Device response: <KeyPress from None: t=39.800094599999966, value=l, duration=None>
39.8112 	EXP 	LDT_prac_fix_text: autoDraw = False
39.8112 	EXP 	LDT_prac_stim_text: autoDraw = False
39.8112 	EXP 	LDT_feedback_text: text = '정답입니다!'
39.8112 	EXP 	LDT_feedback_text: autoDraw = True
39.8117 	DATA 	Keypress: l
39.9030 	EXP 	Device response: <KeyPress from None: t=39.800094599999966, value=l, duration=0.09512850000010076>
40.7956 	EXP 	New trial (rep=0, index=2): <Trial 2 (2 in rep 0) data={'Task': 'LDT', 'TrialType': 'Practice', 'Stimuli': 'lankua', 'CorrectResponse': 'a', 'StimulusType': 'nonword', 'thisN': 2, 'thisTrialN': 2, 'thisRepN': 0}>
40.8038 	EXP 	LDT_feedback_text: autoDraw = False
40.8038 	EXP 	LDT_feedback_text: autoDraw = False
40.8038 	EXP 	LDT_prac_stim_text: height = np.float64(0.1)
40.8038 	EXP 	LDT_prac_stim_text: height = np.float64(0.1)
40.8038 	EXP 	LDT_prac_stim_text: height = np.float64(0.1)
40.8038 	EXP 	LDT_prac_stim_text: text = 'lankua'
40.8038 	EXP 	LDT_prac_fix_text: autoDraw = True
41.2958 	EXP 	LDT_prac_fix_text: autoDraw = False
41.2958 	EXP 	LDT_prac_stim_text: autoDraw = True
42.2304 	EXP 	Device response: <KeyPress from None: t=42.222836300000154, value=a, duration=None>
42.2384 	EXP 	LDT_prac_fix_text: autoDraw = False
42.2384 	EXP 	LDT_prac_stim_text: autoDraw = False
42.2384 	EXP 	LDT_feedback_text: text = '정답입니다!'
42.2384 	EXP 	LDT_feedback_text: autoDraw = True
42.2390 	DATA 	Keypress: a
42.3055 	EXP 	Device response: <KeyPress from None: t=42.222836300000154, value=a, duration=0.08028669999998783>
43.2232 	EXP 	New trial (rep=0, index=3): <Trial 3 (3 in rep 0) data={'Task': 'LDT', 'TrialType': 'Practice', 'Stimuli': 'format', 'CorrectResponse': 'l', 'StimulusType': 'word', 'thisN': 3, 'thisTrialN': 3, 'thisRepN': 0}>
43.2311 	EXP 	LDT_feedback_text: autoDraw = False
43.2311 	EXP 	LDT_feedback_text: autoDraw = False
43.2311 	EXP 	LDT_prac_stim_text: height = np.float64(0.1)
43.2311 	EXP 	LDT_prac_stim_text: height = np.float64(0.1)
43.2311 	EXP 	LDT_prac_stim_text: height = np.float64(0.1)
43.2311 	EXP 	LDT_prac_stim_text: text = 'format'
43.2311 	EXP 	LDT_prac_fix_text: autoDraw = True
43.7232 	EXP 	LDT_prac_fix_text: autoDraw = False
43.7232 	EXP 	LDT_prac_stim_text: autoDraw = True
44.4245 	EXP 	Device response: <KeyPress from None: t=44.42332380000016, value=l, duration=None>
44.4326 	EXP 	LDT_prac_fix_text: autoDraw = False
44.4326 	EXP 	LDT_prac_stim_text: autoDraw = False
44.4326 	EXP 	LDT_feedback_text: text = '정답입니다!'
44.4326 	EXP 	LDT_feedback_text: autoDraw = True
44.4331 	DATA 	Keypress: l
44.4826 	EXP 	Device response: <KeyPress from None: t=44.42332380000016, value=l, duration=0.05674199999998564>
45.4169 	EXP 	New trial (rep=0, index=4): <Trial 4 (4 in rep 0) data={'Task': 'LDT', 'TrialType': 'Practice', 'Stimuli': 'yami', 'CorrectResponse': 'a', 'StimulusType': 'nonword', 'thisN': 4, 'thisTrialN': 4, 'thisRepN': 0}>
45.4251 	EXP 	LDT_feedback_text: autoDraw = False
45.4251 	EXP 	LDT_feedback_text: autoDraw = False
45.4251 	EXP 	LDT_prac_stim_text: height = np.float64(0.1)
45.4251 	EXP 	LDT_prac_stim_text: height = np.float64(0.1)
45.4251 	EXP 	LDT_prac_stim_text: height = np.float64(0.1)
45.4251 	EXP 	LDT_prac_stim_text: text = 'yami'
45.4251 	EXP 	LDT_prac_fix_text: autoDraw = True
45.9171 	EXP 	LDT_prac_fix_text: autoDraw = False
45.9171 	EXP 	LDT_prac_stim_text: autoDraw = True
46.5180 	EXP 	Device response: <KeyPress from None: t=46.51084700000001, value=a, duration=None>
46.5260 	EXP 	LDT_prac_fix_text: autoDraw = False
46.5260 	EXP 	LDT_prac_stim_text: autoDraw = False
46.5260 	EXP 	LDT_feedback_text: text = '정답입니다!'
46.5260 	EXP 	LDT_feedback_text: autoDraw = True
46.5265 	DATA 	Keypress: a
46.5598 	EXP 	Device response: <KeyPress from None: t=46.51084700000001, value=a, duration=0.04851880000001074>
47.5107 	EXP 	New trial (rep=0, index=5): <Trial 5 (5 in rep 0) data={'Task': 'LDT', 'TrialType': 'Practice', 'Stimuli': 'truck', 'CorrectResponse': 'l', 'StimulusType': 'word', 'thisN': 5, 'thisTrialN': 5, 'thisRepN': 0}>
47.5187 	EXP 	LDT_feedback_text: autoDraw = False
47.5187 	EXP 	LDT_feedback_text: autoDraw = False
47.5187 	EXP 	LDT_prac_stim_text: height = np.float64(0.1)
47.5187 	EXP 	LDT_prac_stim_text: height = np.float64(0.1)
47.5187 	EXP 	LDT_prac_stim_text: height = np.float64(0.1)
47.5187 	EXP 	LDT_prac_stim_text: text = 'truck'
47.5187 	EXP 	LDT_prac_fix_text: autoDraw = True
48.0109 	EXP 	LDT_prac_fix_text: autoDraw = False
48.0109 	EXP 	LDT_prac_stim_text: autoDraw = True
48.5700 	EXP 	Device response: <KeyPress from None: t=48.567036099999996, value=l, duration=None>
48.5781 	EXP 	LDT_prac_fix_text: autoDraw = False
48.5781 	EXP 	LDT_prac_stim_text: autoDraw = False
48.5781 	EXP 	LDT_feedback_text: text = '정답입니다!'
48.5781 	EXP 	LDT_feedback_text: autoDraw = True
48.5786 	DATA 	Keypress: l
48.6451 	EXP 	Device response: <KeyPress from None: t=48.567036099999996, value=l, duration=0.07199130000003606>
49.5627 	EXP 	New trial (rep=0, index=6): <Trial 6 (6 in rep 0) data={'Task': 'LDT', 'TrialType': 'Practice', 'Stimuli': 'jeong', 'CorrectResponse': 'a', 'StimulusType': 'nonword', 'thisN': 6, 'thisTrialN': 6, 'thisRepN': 0}>
49.5707 	EXP 	LDT_feedback_text: autoDraw = False
49.5707 	EXP 	LDT_feedback_text: autoDraw = False
49.5707 	EXP 	LDT_prac_stim_text: height = np.float64(0.1)
49.5707 	EXP 	LDT_prac_stim_text: height = np.float64(0.1)
49.5707 	EXP 	LDT_prac_stim_text: height = np.float64(0.1)
49.5707 	EXP 	LDT_prac_stim_text: text = 'jeong'
49.5707 	EXP 	LDT_prac_fix_text: autoDraw = True
50.0629 	EXP 	LDT_prac_fix_text: autoDraw = False
50.0629 	EXP 	LDT_prac_stim_text: autoDraw = True
50.7055 	EXP 	Device response: <KeyPress from None: t=50.702890300000035, value=a, duration=None>
50.7136 	EXP 	LDT_prac_fix_text: autoDraw = False
50.7136 	EXP 	LDT_prac_stim_text: autoDraw = False
50.7136 	EXP 	LDT_feedback_text: text = '정답입니다!'
50.7136 	EXP 	LDT_feedback_text: autoDraw = True
50.7144 	DATA 	Keypress: a
50.7806 	EXP 	Device response: <KeyPress from None: t=50.702890300000035, value=a, duration=0.07233610000002955>
51.6982 	EXP 	New trial (rep=0, index=7): <Trial 7 (7 in rep 0) data={'Task': 'LDT', 'TrialType': 'Practice', 'Stimuli': 'huftuk', 'CorrectResponse': 'a', 'StimulusType': 'nonword', 'thisN': 7, 'thisTrialN': 7, 'thisRepN': 0}>
51.7063 	EXP 	LDT_feedback_text: autoDraw = False
51.7063 	EXP 	LDT_feedback_text: autoDraw = False
51.7063 	EXP 	LDT_prac_stim_text: height = np.float64(0.1)
51.7063 	EXP 	LDT_prac_stim_text: height = np.float64(0.1)
51.7063 	EXP 	LDT_prac_stim_text: height = np.float64(0.1)
51.7063 	EXP 	LDT_prac_stim_text: text = 'huftuk'
51.7063 	EXP 	LDT_prac_fix_text: autoDraw = True
52.1984 	EXP 	LDT_prac_fix_text: autoDraw = False
52.1984 	EXP 	LDT_prac_stim_text: autoDraw = True
53.4082 	EXP 	Device response: <KeyPress from None: t=53.40725029999999, value=a, duration=None>
53.4163 	EXP 	LDT_prac_fix_text: autoDraw = False
53.4163 	EXP 	LDT_prac_stim_text: autoDraw = False
53.4163 	EXP 	LDT_feedback_text: text = '정답입니다!'
53.4163 	EXP 	LDT_feedback_text: autoDraw = True
53.4167 	DATA 	Keypress: a
53.5167 	EXP 	Device response: <KeyPress from None: t=53.40725029999999, value=a, duration=0.10371860000009292>
54.4008 	EXP 	New trial (rep=0, index=8): <Trial 8 (8 in rep 0) data={'Task': 'LDT', 'TrialType': 'Practice', 'Stimuli': 'baseball', 'CorrectResponse': 'l', 'StimulusType': 'word', 'thisN': 8, 'thisTrialN': 8, 'thisRepN': 0}>
54.4089 	EXP 	LDT_feedback_text: autoDraw = False
54.4089 	EXP 	LDT_feedback_text: autoDraw = False
54.4089 	EXP 	LDT_prac_stim_text: height = np.float64(0.1)
54.4089 	EXP 	LDT_prac_stim_text: height = np.float64(0.1)
54.4089 	EXP 	LDT_prac_stim_text: height = np.float64(0.1)
54.4089 	EXP 	LDT_prac_stim_text: text = 'baseball'
54.4089 	EXP 	LDT_prac_fix_text: autoDraw = True
54.9011 	EXP 	LDT_prac_fix_text: autoDraw = False
54.9011 	EXP 	LDT_prac_stim_text: autoDraw = True
55.5103 	EXP 	Device response: <KeyPress from None: t=55.50243720000003, value=l, duration=None>
55.5184 	EXP 	LDT_prac_fix_text: autoDraw = False
55.5184 	EXP 	LDT_prac_stim_text: autoDraw = False
55.5184 	EXP 	LDT_feedback_text: text = '정답입니다!'
55.5184 	EXP 	LDT_feedback_text: autoDraw = True
55.5189 	DATA 	Keypress: l
55.5853 	EXP 	Device response: <KeyPress from None: t=55.50243720000003, value=l, duration=0.08024720000003072>
56.5029 	EXP 	New trial (rep=0, index=9): <Trial 9 (9 in rep 0) data={'Task': 'LDT', 'TrialType': 'Practice', 'Stimuli': 'concept', 'CorrectResponse': 'l', 'StimulusType': 'word', 'thisN': 9, 'thisTrialN': 9, 'thisRepN': 0}>
56.5110 	EXP 	LDT_feedback_text: autoDraw = False
56.5110 	EXP 	LDT_feedback_text: autoDraw = False
56.5110 	EXP 	LDT_prac_stim_text: height = np.float64(0.1)
56.5110 	EXP 	LDT_prac_stim_text: height = np.float64(0.1)
56.5110 	EXP 	LDT_prac_stim_text: height = np.float64(0.1)
56.5110 	EXP 	LDT_prac_stim_text: text = 'concept'
56.5110 	EXP 	LDT_prac_fix_text: autoDraw = True
57.0031 	EXP 	LDT_prac_fix_text: autoDraw = False
57.0031 	EXP 	LDT_prac_stim_text: autoDraw = True
57.5958 	EXP 	Device response: <KeyPress from None: t=57.59106940000015, value=l, duration=None>
57.6037 	EXP 	LDT_prac_fix_text: autoDraw = False
57.6037 	EXP 	LDT_prac_stim_text: autoDraw = False
57.6037 	EXP 	LDT_feedback_text: text = '정답입니다!'
57.6037 	EXP 	LDT_feedback_text: autoDraw = True
57.6043 	DATA 	Keypress: l
57.6792 	EXP 	Device response: <KeyPress from None: t=57.59106940000015, value=l, duration=0.08773709999991297>
58.5964 	EXP 	LDT_feedback_text: autoDraw = False
58.5964 	EXP 	LDT_feedback_text: autoDraw = False
58.5964 	EXP 	LDT_instr_text: autoDraw = True
74.7879 	EXP 	Device response: <KeyPress from None: t=74.78233, value=space, duration=None>
74.8069 	EXP 	Imported LDT_Stim.xlsx as conditions, 222 conditions, 6 params
74.8079 	EXP 	New trial (rep=0, index=0): <Trial 0 (0 in rep 0) data={'Task': 'LDT', 'TrialType': 'Target', 'Stimuli': 'pair', 'StimulusType': 'word', 'CorrectResponse': 'l', 'Trialnumb': 81, 'thisN': 0, 'thisTrialN': 0, 'thisRepN': 0}>
74.8127 	EXP 	LDT_instr_text: autoDraw = False
74.8127 	EXP 	LDT_stim_text: height = np.float64(0.1)
74.8127 	EXP 	LDT_stim_text: height = np.float64(0.1)
74.8127 	EXP 	LDT_stim_text: height = np.float64(0.1)
74.8127 	EXP 	LDT_stim_text: text = 'pair'
74.8127 	EXP 	LDT_fix_text: autoDraw = True
74.8133 	DATA 	Keypress: space
74.8630 	EXP 	Device response: <KeyPress from None: t=74.78233, value=space, duration=0.07244090000017422>
75.2797 	EXP 	LDT_stim_text: autoDraw = True
75.3047 	EXP 	LDT_fix_text: autoDraw = False
75.8473 	EXP 	Device response: <KeyPress from None: t=75.84686220000003, value=l, duration=None>
75.8476 	EXP 	New trial (rep=0, index=1): <Trial 1 (1 in rep 0) data={'Task': 'LDT', 'TrialType': 'Target', 'Stimuli': 'still', 'StimulusType': 'word', 'CorrectResponse': 'l', 'Trialnumb': 14, 'thisN': 1, 'thisTrialN': 1, 'thisRepN': 0}>
75.8553 	EXP 	LDT_fix_text: autoDraw = False
75.8553 	EXP 	LDT_stim_text: autoDraw = False
75.8553 	EXP 	LDT_break_text: autoDraw = False
75.8553 	EXP 	LDT_stim_text: height = np.float64(0.1)
75.8553 	EXP 	LDT_stim_text: height = np.float64(0.1)
75.8553 	EXP 	LDT_stim_text: height = np.float64(0.1)
75.8553 	EXP 	LDT_stim_text: text = 'still'
75.8553 	EXP 	LDT_fix_text: autoDraw = True
75.8558 	DATA 	Keypress: l
75.9139 	EXP 	Device response: <KeyPress from None: t=75.84686220000003, value=l, duration=0.06524050000007264>
76.3391 	EXP 	LDT_stim_text: autoDraw = True
76.3474 	EXP 	LDT_fix_text: autoDraw = False
76.8066 	EXP 	Device response: <KeyPress from None: t=76.79861310000001, value=l, duration=None>
76.8068 	EXP 	New trial (rep=0, index=2): <Trial 2 (2 in rep 0) data={'Task': 'LDT', 'TrialType': 'Target', 'Stimuli': 'last', 'StimulusType': 'word', 'CorrectResponse': 'l', 'Trialnumb': 11, 'thisN': 2, 'thisTrialN': 2, 'thisRepN': 0}>
76.8145 	EXP 	LDT_fix_text: autoDraw = False
76.8145 	EXP 	LDT_stim_text: autoDraw = False
76.8145 	EXP 	LDT_break_text: autoDraw = False
76.8145 	EXP 	LDT_stim_text: height = np.float64(0.1)
76.8145 	EXP 	LDT_stim_text: height = np.float64(0.1)
76.8145 	EXP 	LDT_stim_text: height = np.float64(0.1)
76.8145 	EXP 	LDT_stim_text: text = 'last'
76.8145 	EXP 	LDT_fix_text: autoDraw = True
76.8150 	DATA 	Keypress: l
76.8734 	EXP 	Device response: <KeyPress from None: t=76.79861310000001, value=l, duration=0.07236039999997956>
77.2984 	EXP 	LDT_stim_text: autoDraw = True
77.3067 	EXP 	LDT_fix_text: autoDraw = False
77.7242 	EXP 	Device response: <KeyPress from None: t=77.72001960000011, value=l, duration=None>
77.7245 	EXP 	New trial (rep=0, index=3): <Trial 3 (3 in rep 0) data={'Task': 'LDT', 'TrialType': 'Target', 'Stimuli': 'wost', 'StimulusType': 'nonword', 'CorrectResponse': 'a', 'Trialnumb': 217, 'thisN': 3, 'thisTrialN': 3, 'thisRepN': 0}>
77.7321 	EXP 	LDT_fix_text: autoDraw = False
77.7321 	EXP 	LDT_stim_text: autoDraw = False
77.7321 	EXP 	LDT_break_text: autoDraw = False
77.7321 	EXP 	LDT_stim_text: height = np.float64(0.1)
77.7321 	EXP 	LDT_stim_text: height = np.float64(0.1)
77.7321 	EXP 	LDT_stim_text: height = np.float64(0.1)
77.7321 	EXP 	LDT_stim_text: text = 'wost'
77.7321 	EXP 	LDT_fix_text: autoDraw = True
77.7326 	DATA 	Keypress: l
77.8242 	EXP 	Device response: <KeyPress from None: t=77.72001960000011, value=l, duration=0.10263469999995323>
78.2159 	EXP 	LDT_stim_text: autoDraw = True
78.2243 	EXP 	LDT_fix_text: autoDraw = False
78.9420 	EXP 	Device response: <KeyPress from None: t=78.93482919999997, value=a, duration=None>
78.9422 	EXP 	New trial (rep=0, index=4): <Trial 4 (4 in rep 0) data={'Task': 'LDT', 'TrialType': 'Target', 'Stimuli': 'full', 'StimulusType': 'word', 'CorrectResponse': 'l', 'Trialnumb': 43, 'thisN': 4, 'thisTrialN': 4, 'thisRepN': 0}>
78.9500 	EXP 	LDT_fix_text: autoDraw = False
78.9500 	EXP 	LDT_stim_text: autoDraw = False
78.9500 	EXP 	LDT_break_text: autoDraw = False
78.9500 	EXP 	LDT_stim_text: height = np.float64(0.1)
78.9500 	EXP 	LDT_stim_text: height = np.float64(0.1)
78.9500 	EXP 	LDT_stim_text: height = np.float64(0.1)
78.9500 	EXP 	LDT_stim_text: text = 'full'
78.9500 	EXP 	LDT_fix_text: autoDraw = True
78.9505 	DATA 	Keypress: a
79.0337 	EXP 	Device response: <KeyPress from None: t=78.93482919999997, value=a, duration=0.09603450000008706>
79.4338 	EXP 	LDT_stim_text: autoDraw = True
79.4422 	EXP 	LDT_fix_text: autoDraw = False
79.8929 	EXP 	Device response: <KeyPress from None: t=79.88651340000001, value=l, duration=None>
79.8931 	EXP 	New trial (rep=0, index=5): <Trial 5 (5 in rep 0) data={'Task': 'LDT', 'TrialType': 'Target', 'Stimuli': 'tuke', 'StimulusType': 'nonword', 'CorrectResponse': 'a', 'Trialnumb': 208, 'thisN': 5, 'thisTrialN': 5, 'thisRepN': 0}>
79.9010 	EXP 	LDT_fix_text: autoDraw = False
79.9010 	EXP 	LDT_stim_text: autoDraw = False
79.9010 	EXP 	LDT_break_text: autoDraw = False
79.9010 	EXP 	LDT_stim_text: height = np.float64(0.1)
79.9010 	EXP 	LDT_stim_text: height = np.float64(0.1)
79.9010 	EXP 	LDT_stim_text: height = np.float64(0.1)
79.9010 	EXP 	LDT_stim_text: text = 'tuke'
79.9010 	EXP 	LDT_fix_text: autoDraw = True
79.9015 	DATA 	Keypress: l
79.9513 	EXP 	Device response: <KeyPress from None: t=79.88651340000001, value=l, duration=0.06380540000009205>
80.3848 	EXP 	LDT_stim_text: autoDraw = True
80.3931 	EXP 	LDT_fix_text: autoDraw = False
80.9356 	EXP 	Device response: <KeyPress from None: t=80.9351365, value=a, duration=None>
80.9359 	EXP 	New trial (rep=0, index=6): <Trial 6 (6 in rep 0) data={'Task': 'LDT', 'TrialType': 'Target', 'Stimuli': 'down', 'StimulusType': 'word', 'CorrectResponse': 'l', 'Trialnumb': 9, 'thisN': 6, 'thisTrialN': 6, 'thisRepN': 0}>
80.9437 	EXP 	LDT_fix_text: autoDraw = False
80.9437 	EXP 	LDT_stim_text: autoDraw = False
80.9437 	EXP 	LDT_break_text: autoDraw = False
80.9437 	EXP 	LDT_stim_text: height = np.float64(0.1)
80.9437 	EXP 	LDT_stim_text: height = np.float64(0.1)
80.9437 	EXP 	LDT_stim_text: height = np.float64(0.1)
80.9437 	EXP 	LDT_stim_text: text = 'down'
80.9437 	EXP 	LDT_fix_text: autoDraw = True
80.9442 	DATA 	Keypress: a
81.0190 	EXP 	Device response: <KeyPress from None: t=80.9351365, value=a, duration=0.07976480000002084>
81.4275 	EXP 	LDT_stim_text: autoDraw = True
81.4358 	EXP 	LDT_fix_text: autoDraw = False
81.9032 	EXP 	Device response: <KeyPress from None: t=81.90276360000007, value=l, duration=None>
81.9035 	EXP 	New trial (rep=0, index=7): <Trial 7 (7 in rep 0) data={'Task': 'LDT', 'TrialType': 'Target', 'Stimuli': 'ranny', 'StimulusType': 'nonword', 'CorrectResponse': 'a', 'Trialnumb': 114, 'thisN': 7, 'thisTrialN': 7, 'thisRepN': 0}>
81.9113 	EXP 	LDT_fix_text: autoDraw = False
81.9113 	EXP 	LDT_stim_text: autoDraw = False
81.9113 	EXP 	LDT_break_text: autoDraw = False
81.9113 	EXP 	LDT_stim_text: height = np.float64(0.1)
81.9113 	EXP 	LDT_stim_text: height = np.float64(0.1)
81.9113 	EXP 	LDT_stim_text: height = np.float64(0.1)
81.9113 	EXP 	LDT_stim_text: text = 'ranny'
81.9113 	EXP 	LDT_fix_text: autoDraw = True
81.9119 	DATA 	Keypress: l
81.9617 	EXP 	Device response: <KeyPress from None: t=81.90276360000007, value=l, duration=0.056221499999992375>
82.3951 	EXP 	LDT_stim_text: autoDraw = True
82.4035 	EXP 	LDT_fix_text: autoDraw = False
82.9710 	EXP 	Device response: <KeyPress from None: t=82.96628669999996, value=l, duration=None>
82.9713 	EXP 	New trial (rep=0, index=8): <Trial 8 (8 in rep 0) data={'Task': 'LDT', 'TrialType': 'Target', 'Stimuli': 'beon', 'StimulusType': 'nonword', 'CorrectResponse': 'a', 'Trialnumb': 120, 'thisN': 8, 'thisTrialN': 8, 'thisRepN': 0}>
82.9790 	EXP 	LDT_fix_text: autoDraw = False
82.9790 	EXP 	LDT_stim_text: autoDraw = False
82.9790 	EXP 	LDT_break_text: autoDraw = False
82.9790 	EXP 	LDT_stim_text: height = np.float64(0.1)
82.9790 	EXP 	LDT_stim_text: height = np.float64(0.1)
82.9790 	EXP 	LDT_stim_text: height = np.float64(0.1)
82.9790 	EXP 	LDT_stim_text: text = 'beon'
82.9790 	EXP 	LDT_fix_text: autoDraw = True
82.9795 	DATA 	Keypress: l
83.0377 	EXP 	Device response: <KeyPress from None: t=82.96628669999996, value=l, duration=0.06587680000006912>
83.4628 	EXP 	LDT_stim_text: autoDraw = True
83.4712 	EXP 	LDT_fix_text: autoDraw = False
84.9480 	EXP 	Device response: <KeyPress from None: t=84.94282629999998, value=a, duration=None>
84.9482 	EXP 	New trial (rep=0, index=9): <Trial 9 (9 in rep 0) data={'Task': 'LDT', 'TrialType': 'Target', 'Stimuli': 'data', 'StimulusType': 'word', 'CorrectResponse': 'l', 'Trialnumb': 41, 'thisN': 9, 'thisTrialN': 9, 'thisRepN': 0}>
84.9560 	EXP 	LDT_fix_text: autoDraw = False
84.9560 	EXP 	LDT_stim_text: autoDraw = False
84.9560 	EXP 	LDT_break_text: autoDraw = False
84.9560 	EXP 	LDT_stim_text: height = np.float64(0.1)
84.9560 	EXP 	LDT_stim_text: height = np.float64(0.1)
84.9560 	EXP 	LDT_stim_text: height = np.float64(0.1)
84.9560 	EXP 	LDT_stim_text: text = 'data'
84.9560 	EXP 	LDT_fix_text: autoDraw = True
84.9565 	DATA 	Keypress: a
85.0231 	EXP 	Device response: <KeyPress from None: t=84.94282629999998, value=a, duration=0.07956160000003365>
85.4398 	EXP 	LDT_stim_text: autoDraw = True
85.4481 	EXP 	LDT_fix_text: autoDraw = False
85.9239 	EXP 	Device response: <KeyPress from None: t=85.91833100000008, value=l, duration=None>
85.9242 	EXP 	New trial (rep=0, index=10): <Trial 10 (10 in rep 0) data={'Task': 'LDT', 'TrialType': 'Target', 'Stimuli': 'huge', 'StimulusType': 'word', 'CorrectResponse': 'l', 'Trialnumb': 56, 'thisN': 10, 'thisTrialN': 10, 'thisRepN': 0}>
85.9320 	EXP 	LDT_fix_text: autoDraw = False
85.9320 	EXP 	LDT_stim_text: autoDraw = False
85.9320 	EXP 	LDT_break_text: autoDraw = False
85.9320 	EXP 	LDT_stim_text: height = np.float64(0.1)
85.9320 	EXP 	LDT_stim_text: height = np.float64(0.1)
85.9320 	EXP 	LDT_stim_text: height = np.float64(0.1)
85.9320 	EXP 	LDT_stim_text: text = 'huge'
85.9320 	EXP 	LDT_fix_text: autoDraw = True
85.9325 	DATA 	Keypress: l
85.9989 	EXP 	Device response: <KeyPress from None: t=85.91833100000008, value=l, duration=0.07236160000002201>
86.4158 	EXP 	LDT_stim_text: autoDraw = True
86.4241 	EXP 	LDT_fix_text: autoDraw = False
86.9583 	EXP 	Device response: <KeyPress from None: t=86.95037890000003, value=l, duration=None>
86.9585 	EXP 	New trial (rep=0, index=11): <Trial 11 (11 in rep 0) data={'Task': 'LDT', 'TrialType': 'Target', 'Stimuli': 'flow', 'StimulusType': 'word', 'CorrectResponse': 'l', 'Trialnumb': 108, 'thisN': 11, 'thisTrialN': 11, 'thisRepN': 0}>
86.9663 	EXP 	LDT_fix_text: autoDraw = False
86.9663 	EXP 	LDT_stim_text: autoDraw = False
86.9663 	EXP 	LDT_break_text: autoDraw = False
86.9663 	EXP 	LDT_stim_text: height = np.float64(0.1)
86.9663 	EXP 	LDT_stim_text: height = np.float64(0.1)
86.9663 	EXP 	LDT_stim_text: height = np.float64(0.1)
86.9663 	EXP 	LDT_stim_text: text = 'flow'
86.9663 	EXP 	LDT_fix_text: autoDraw = True
86.9669 	DATA 	Keypress: l
87.0417 	EXP 	Device response: <KeyPress from None: t=86.95037890000003, value=l, duration=0.08799550000003364>
87.4501 	EXP 	LDT_stim_text: autoDraw = True
87.4585 	EXP 	LDT_fix_text: autoDraw = False
87.9426 	EXP 	Device response: <KeyPress from None: t=87.93482640000002, value=l, duration=None>
87.9428 	EXP 	New trial (rep=0, index=12): <Trial 12 (12 in rep 0) data={'Task': 'LDT', 'TrialType': 'Target', 'Stimuli': 'reach', 'StimulusType': 'word', 'CorrectResponse': 'l', 'Trialnumb': 72, 'thisN': 12, 'thisTrialN': 12, 'thisRepN': 0}>
87.9508 	EXP 	LDT_fix_text: autoDraw = False
87.9508 	EXP 	LDT_stim_text: autoDraw = False
87.9508 	EXP 	LDT_break_text: autoDraw = False
87.9508 	EXP 	LDT_stim_text: height = np.float64(0.1)
87.9508 	EXP 	LDT_stim_text: height = np.float64(0.1)
87.9508 	EXP 	LDT_stim_text: height = np.float64(0.1)
87.9508 	EXP 	LDT_stim_text: text = 'reach'
87.9508 	EXP 	LDT_fix_text: autoDraw = True
87.9514 	DATA 	Keypress: l
88.0010 	EXP 	Device response: <KeyPress from None: t=87.93482640000002, value=l, duration=0.0636435999999776>
88.4344 	EXP 	LDT_stim_text: autoDraw = True
88.4428 	EXP 	LDT_fix_text: autoDraw = False
88.9102 	EXP 	Device response: <KeyPress from None: t=88.9028366, value=l, duration=None>
88.9105 	EXP 	New trial (rep=0, index=13): <Trial 13 (13 in rep 0) data={'Task': 'LDT', 'TrialType': 'Target', 'Stimuli': 'hide', 'StimulusType': 'word', 'CorrectResponse': 'l', 'Trialnumb': 68, 'thisN': 13, 'thisTrialN': 13, 'thisRepN': 0}>
88.9183 	EXP 	LDT_fix_text: autoDraw = False
88.9183 	EXP 	LDT_stim_text: autoDraw = False
88.9183 	EXP 	LDT_break_text: autoDraw = False
88.9183 	EXP 	LDT_stim_text: height = np.float64(0.1)
88.9183 	EXP 	LDT_stim_text: height = np.float64(0.1)
88.9183 	EXP 	LDT_stim_text: height = np.float64(0.1)
88.9183 	EXP 	LDT_stim_text: text = 'hide'
88.9183 	EXP 	LDT_fix_text: autoDraw = True
88.9188 	DATA 	Keypress: l
88.9937 	EXP 	Device response: <KeyPress from None: t=88.9028366, value=l, duration=0.08772480000016003>
89.4021 	EXP 	LDT_stim_text: autoDraw = True
89.4104 	EXP 	LDT_fix_text: autoDraw = False
89.9113 	EXP 	Device response: <KeyPress from None: t=89.90303180000001, value=l, duration=None>
89.9115 	EXP 	New trial (rep=0, index=14): <Trial 14 (14 in rep 0) data={'Task': 'LDT', 'TrialType': 'Target', 'Stimuli': 'ugly', 'StimulusType': 'word', 'CorrectResponse': 'l', 'Trialnumb': 78, 'thisN': 14, 'thisTrialN': 14, 'thisRepN': 0}>
89.9128 	DATA 	Keypress: l
89.9193 	EXP 	LDT_fix_text: autoDraw = False
89.9193 	EXP 	LDT_stim_text: autoDraw = False
89.9193 	EXP 	LDT_break_text: autoDraw = False
89.9193 	EXP 	LDT_stim_text: height = np.float64(0.1)
89.9193 	EXP 	LDT_stim_text: height = np.float64(0.1)
89.9193 	EXP 	LDT_stim_text: height = np.float64(0.1)
89.9193 	EXP 	LDT_stim_text: text = 'ugly'
89.9193 	EXP 	LDT_fix_text: autoDraw = True
89.9863 	EXP 	Device response: <KeyPress from None: t=89.90303180000001, value=l, duration=0.07945620000009512>
90.4031 	EXP 	LDT_stim_text: autoDraw = True
90.4114 	EXP 	LDT_fix_text: autoDraw = False
90.9123 	EXP 	Device response: <KeyPress from None: t=90.91056660000004, value=a, duration=None>
90.9125 	EXP 	New trial (rep=0, index=15): <Trial 15 (15 in rep 0) data={'Task': 'LDT', 'TrialType': 'Target', 'Stimuli': 'gied', 'StimulusType': 'nonword', 'CorrectResponse': 'a', 'Trialnumb': 146, 'thisN': 15, 'thisTrialN': 15, 'thisRepN': 0}>
90.9203 	EXP 	LDT_fix_text: autoDraw = False
90.9203 	EXP 	LDT_stim_text: autoDraw = False
90.9203 	EXP 	LDT_break_text: autoDraw = False
90.9203 	EXP 	LDT_stim_text: height = np.float64(0.1)
90.9203 	EXP 	LDT_stim_text: height = np.float64(0.1)
90.9203 	EXP 	LDT_stim_text: height = np.float64(0.1)
90.9203 	EXP 	LDT_stim_text: text = 'gied'
90.9203 	EXP 	LDT_fix_text: autoDraw = True
90.9208 	DATA 	Keypress: a
91.0123 	EXP 	Device response: <KeyPress from None: t=90.91056660000004, value=a, duration=0.09644300000013573>
91.4041 	EXP 	LDT_stim_text: autoDraw = True
91.4124 	EXP 	LDT_fix_text: autoDraw = False
92.0550 	EXP 	Device response: <KeyPress from None: t=92.04728680000017, value=a, duration=None>
92.0553 	EXP 	New trial (rep=0, index=16): <Trial 16 (16 in rep 0) data={'Task': 'LDT', 'TrialType': 'Target', 'Stimuli': 'coss', 'StimulusType': 'nonword', 'CorrectResponse': 'a', 'Trialnumb': 133, 'thisN': 16, 'thisTrialN': 16, 'thisRepN': 0}>
92.0631 	EXP 	LDT_fix_text: autoDraw = False
92.0631 	EXP 	LDT_stim_text: autoDraw = False
92.0631 	EXP 	LDT_break_text: autoDraw = False
92.0631 	EXP 	LDT_stim_text: height = np.float64(0.1)
92.0631 	EXP 	LDT_stim_text: height = np.float64(0.1)
92.0631 	EXP 	LDT_stim_text: height = np.float64(0.1)
92.0631 	EXP 	LDT_stim_text: text = 'coss'
92.0631 	EXP 	LDT_fix_text: autoDraw = True
92.0636 	DATA 	Keypress: a
92.1300 	EXP 	Device response: <KeyPress from None: t=92.04728680000017, value=a, duration=0.07909599999993588>
92.5469 	EXP 	LDT_stim_text: autoDraw = True
92.5553 	EXP 	LDT_fix_text: autoDraw = False
93.0977 	EXP 	Device response: <KeyPress from None: t=93.09532160000003, value=l, duration=None>
93.0979 	EXP 	New trial (rep=0, index=17): <Trial 17 (17 in rep 0) data={'Task': 'LDT', 'TrialType': 'Target', 'Stimuli': 'come', 'StimulusType': 'word', 'CorrectResponse': 'l', 'Trialnumb': 7, 'thisN': 17, 'thisTrialN': 17, 'thisRepN': 0}>
93.1058 	EXP 	LDT_fix_text: autoDraw = False
93.1058 	EXP 	LDT_stim_text: autoDraw = False
93.1058 	EXP 	LDT_break_text: autoDraw = False
93.1058 	EXP 	LDT_stim_text: height = np.float64(0.1)
93.1058 	EXP 	LDT_stim_text: height = np.float64(0.1)
93.1058 	EXP 	LDT_stim_text: height = np.float64(0.1)
93.1058 	EXP 	LDT_stim_text: text = 'come'
93.1058 	EXP 	LDT_fix_text: autoDraw = True
93.1063 	DATA 	Keypress: l
93.1645 	EXP 	Device response: <KeyPress from None: t=93.09532160000003, value=l, duration=0.06429589999993368>
93.5896 	EXP 	LDT_stim_text: autoDraw = True
93.5979 	EXP 	LDT_fix_text: autoDraw = False
94.1155 	EXP 	Device response: <KeyPress from None: t=94.11080140000013, value=l, duration=None>
94.1157 	EXP 	New trial (rep=0, index=18): <Trial 18 (18 in rep 0) data={'Task': 'LDT', 'TrialType': 'Target', 'Stimuli': 'war', 'StimulusType': 'word', 'CorrectResponse': 'l', 'Trialnumb': 55, 'thisN': 18, 'thisTrialN': 18, 'thisRepN': 0}>
94.1234 	EXP 	LDT_fix_text: autoDraw = False
94.1234 	EXP 	LDT_stim_text: autoDraw = False
94.1234 	EXP 	LDT_break_text: autoDraw = False
94.1234 	EXP 	LDT_stim_text: height = np.float64(0.1)
94.1234 	EXP 	LDT_stim_text: height = np.float64(0.1)
94.1234 	EXP 	LDT_stim_text: height = np.float64(0.1)
94.1234 	EXP 	LDT_stim_text: text = 'war'
94.1234 	EXP 	LDT_fix_text: autoDraw = True
94.1239 	DATA 	Keypress: l
94.1988 	EXP 	Device response: <KeyPress from None: t=94.11080140000013, value=l, duration=0.08040019999998549>
94.6073 	EXP 	LDT_stim_text: autoDraw = True
94.6156 	EXP 	LDT_fix_text: autoDraw = False
95.1247 	EXP 	Device response: <KeyPress from None: t=95.11847340000008, value=l, duration=None>
95.1250 	EXP 	New trial (rep=0, index=19): <Trial 19 (19 in rep 0) data={'Task': 'LDT', 'TrialType': 'Target', 'Stimuli': 'pahe', 'StimulusType': 'nonword', 'CorrectResponse': 'a', 'Trialnumb': 178, 'thisN': 19, 'thisTrialN': 19, 'thisRepN': 0}>
95.1329 	EXP 	LDT_fix_text: autoDraw = False
95.1329 	EXP 	LDT_stim_text: autoDraw = False
95.1329 	EXP 	LDT_break_text: autoDraw = False
95.1329 	EXP 	LDT_stim_text: height = np.float64(0.1)
95.1329 	EXP 	LDT_stim_text: height = np.float64(0.1)
95.1329 	EXP 	LDT_stim_text: height = np.float64(0.1)
95.1329 	EXP 	LDT_stim_text: text = 'pahe'
95.1329 	EXP 	LDT_fix_text: autoDraw = True
95.1335 	DATA 	Keypress: l
95.1999 	EXP 	Device response: <KeyPress from None: t=95.11847340000008, value=l, duration=0.08024219999992965>
95.6166 	EXP 	LDT_stim_text: autoDraw = True
95.6249 	EXP 	LDT_fix_text: autoDraw = False
96.2760 	EXP 	Device response: <KeyPress from None: t=96.27068740000004, value=a, duration=None>
96.2762 	EXP 	New trial (rep=0, index=20): <Trial 20 (20 in rep 0) data={'Task': 'LDT', 'TrialType': 'Target', 'Stimuli': 'gord', 'StimulusType': 'nonword', 'CorrectResponse': 'a', 'Trialnumb': 148, 'thisN': 20, 'thisTrialN': 20, 'thisRepN': 0}>
96.2839 	EXP 	LDT_fix_text: autoDraw = False
96.2839 	EXP 	LDT_stim_text: autoDraw = False
96.2839 	EXP 	LDT_break_text: autoDraw = False
96.2839 	EXP 	LDT_stim_text: height = np.float64(0.1)
96.2839 	EXP 	LDT_stim_text: height = np.float64(0.1)
96.2839 	EXP 	LDT_stim_text: height = np.float64(0.1)
96.2839 	EXP 	LDT_stim_text: text = 'gord'
96.2839 	EXP 	LDT_fix_text: autoDraw = True
96.2844 	DATA 	Keypress: a
96.3678 	EXP 	Device response: <KeyPress from None: t=96.27068740000004, value=a, duration=0.09662249999996675>
96.7677 	EXP 	LDT_stim_text: autoDraw = True
96.7761 	EXP 	LDT_fix_text: autoDraw = False
97.6022 	EXP 	Device response: <KeyPress from None: t=97.59899880000012, value=a, duration=None>
97.6024 	EXP 	New trial (rep=0, index=21): <Trial 21 (21 in rep 0) data={'Task': 'LDT', 'TrialType': 'Target', 'Stimuli': 'seft', 'StimulusType': 'nonword', 'CorrectResponse': 'a', 'Trialnumb': 188, 'thisN': 21, 'thisTrialN': 21, 'thisRepN': 0}>
97.6103 	EXP 	LDT_fix_text: autoDraw = False
97.6103 	EXP 	LDT_stim_text: autoDraw = False
97.6103 	EXP 	LDT_break_text: autoDraw = False
97.6103 	EXP 	LDT_stim_text: height = np.float64(0.1)
97.6103 	EXP 	LDT_stim_text: height = np.float64(0.1)
97.6103 	EXP 	LDT_stim_text: height = np.float64(0.1)
97.6103 	EXP 	LDT_stim_text: text = 'seft'
97.6103 	EXP 	LDT_fix_text: autoDraw = True
97.6108 	DATA 	Keypress: a
97.7022 	EXP 	Device response: <KeyPress from None: t=97.59899880000012, value=a, duration=0.09594330000004447>
98.0941 	EXP 	LDT_stim_text: autoDraw = True
98.1024 	EXP 	LDT_fix_text: autoDraw = False
98.7367 	EXP 	Device response: <KeyPress from None: t=98.73515110000017, value=a, duration=None>
98.7370 	EXP 	New trial (rep=0, index=22): <Trial 22 (22 in rep 0) data={'Task': 'LDT', 'TrialType': 'Target', 'Stimuli': 'boss', 'StimulusType': 'word', 'CorrectResponse': 'l', 'Trialnumb': 61, 'thisN': 22, 'thisTrialN': 22, 'thisRepN': 0}>
98.7447 	EXP 	LDT_fix_text: autoDraw = False
98.7447 	EXP 	LDT_stim_text: autoDraw = False
98.7447 	EXP 	LDT_break_text: autoDraw = False
98.7447 	EXP 	LDT_stim_text: height = np.float64(0.1)
98.7447 	EXP 	LDT_stim_text: height = np.float64(0.1)
98.7447 	EXP 	LDT_stim_text: height = np.float64(0.1)
98.7447 	EXP 	LDT_stim_text: text = 'boss'
98.7447 	EXP 	LDT_fix_text: autoDraw = True
98.7453 	DATA 	Keypress: a
98.8117 	EXP 	Device response: <KeyPress from None: t=98.73515110000017, value=a, duration=0.0712421999999151>
99.2285 	EXP 	LDT_stim_text: autoDraw = True
99.2369 	EXP 	LDT_fix_text: autoDraw = False
99.7544 	EXP 	Device response: <KeyPress from None: t=99.7511462, value=l, duration=None>
99.7547 	EXP 	New trial (rep=0, index=23): <Trial 23 (23 in rep 0) data={'Task': 'LDT', 'TrialType': 'Target', 'Stimuli': 'dass', 'StimulusType': 'nonword', 'CorrectResponse': 'a', 'Trialnumb': 135, 'thisN': 23, 'thisTrialN': 23, 'thisRepN': 0}>
99.7626 	EXP 	LDT_fix_text: autoDraw = False
99.7626 	EXP 	LDT_stim_text: autoDraw = False
99.7626 	EXP 	LDT_break_text: autoDraw = False
99.7626 	EXP 	LDT_stim_text: height = np.float64(0.1)
99.7626 	EXP 	LDT_stim_text: height = np.float64(0.1)
99.7626 	EXP 	LDT_stim_text: height = np.float64(0.1)
99.7626 	EXP 	LDT_stim_text: text = 'dass'
99.7626 	EXP 	LDT_fix_text: autoDraw = True
99.7632 	DATA 	Keypress: l
99.8044 	EXP 	Device response: <KeyPress from None: t=99.7511462, value=l, duration=0.04796200000009776>
100.2462 	EXP 	LDT_stim_text: autoDraw = True
100.2546 	EXP 	LDT_fix_text: autoDraw = False
100.8221 	EXP 	Device response: <KeyPress from None: t=100.81427600000006, value=a, duration=None>
100.8224 	EXP 	New trial (rep=0, index=24): <Trial 24 (24 in rep 0) data={'Task': 'LDT', 'TrialType': 'Target', 'Stimuli': 'pay', 'StimulusType': 'word', 'CorrectResponse': 'l', 'Trialnumb': 42, 'thisN': 24, 'thisTrialN': 24, 'thisRepN': 0}>
100.8301 	EXP 	LDT_fix_text: autoDraw = False
100.8301 	EXP 	LDT_stim_text: autoDraw = False
100.8301 	EXP 	LDT_break_text: autoDraw = False
100.8301 	EXP 	LDT_stim_text: height = np.float64(0.1)
100.8301 	EXP 	LDT_stim_text: height = np.float64(0.1)
100.8301 	EXP 	LDT_stim_text: height = np.float64(0.1)
100.8301 	EXP 	LDT_stim_text: text = 'pay'
100.8301 	EXP 	LDT_fix_text: autoDraw = True
100.8306 	DATA 	Keypress: a
100.8972 	EXP 	Device response: <KeyPress from None: t=100.81427600000006, value=a, duration=0.0804376000000957>
101.3139 	EXP 	LDT_stim_text: autoDraw = True
101.3224 	EXP 	LDT_fix_text: autoDraw = False
101.8231 	EXP 	Device response: <KeyPress from None: t=101.81497260000015, value=l, duration=None>
101.8233 	EXP 	New trial (rep=0, index=25): <Trial 25 (25 in rep 0) data={'Task': 'LDT', 'TrialType': 'Target', 'Stimuli': 'ient', 'StimulusType': 'nonword', 'CorrectResponse': 'a', 'Trialnumb': 157, 'thisN': 25, 'thisTrialN': 25, 'thisRepN': 0}>
101.8246 	DATA 	Keypress: l
101.8311 	EXP 	LDT_fix_text: autoDraw = False
101.8311 	EXP 	LDT_stim_text: autoDraw = False
101.8311 	EXP 	LDT_break_text: autoDraw = False
101.8311 	EXP 	LDT_stim_text: height = np.float64(0.1)
101.8311 	EXP 	LDT_stim_text: height = np.float64(0.1)
101.8311 	EXP 	LDT_stim_text: height = np.float64(0.1)
101.8311 	EXP 	LDT_stim_text: text = 'ient'
101.8311 	EXP 	LDT_fix_text: autoDraw = True
101.8648 	EXP 	Device response: <KeyPress from None: t=101.81497260000015, value=l, duration=0.047533999999814114>
102.3149 	EXP 	LDT_stim_text: autoDraw = True
102.3233 	EXP 	LDT_fix_text: autoDraw = False
102.8908 	EXP 	Device response: <KeyPress from None: t=102.88637140000014, value=a, duration=None>
102.8910 	EXP 	New trial (rep=0, index=26): <Trial 26 (26 in rep 0) data={'Task': 'LDT', 'TrialType': 'Target', 'Stimuli': 'shoa', 'StimulusType': 'nonword', 'CorrectResponse': 'a', 'Trialnumb': 191, 'thisN': 26, 'thisTrialN': 26, 'thisRepN': 0}>
102.8988 	EXP 	LDT_fix_text: autoDraw = False
102.8988 	EXP 	LDT_stim_text: autoDraw = False
102.8988 	EXP 	LDT_break_text: autoDraw = False
102.8988 	EXP 	LDT_stim_text: height = np.float64(0.1)
102.8988 	EXP 	LDT_stim_text: height = np.float64(0.1)
102.8988 	EXP 	LDT_stim_text: height = np.float64(0.1)
102.8988 	EXP 	LDT_stim_text: text = 'shoa'
102.8988 	EXP 	LDT_fix_text: autoDraw = True
102.8994 	DATA 	Keypress: a
102.9909 	EXP 	Device response: <KeyPress from None: t=102.88637140000014, value=a, duration=0.09715689999984534>
103.3827 	EXP 	LDT_stim_text: autoDraw = True
103.3910 	EXP 	LDT_fix_text: autoDraw = False
103.9503 	EXP 	Device response: <KeyPress from None: t=103.94272260000002, value=a, duration=None>
103.9505 	EXP 	New trial (rep=0, index=27): <Trial 27 (27 in rep 0) data={'Task': 'LDT', 'TrialType': 'Target', 'Stimuli': 'media', 'StimulusType': 'word', 'CorrectResponse': 'l', 'Trialnumb': 46, 'thisN': 27, 'thisTrialN': 27, 'thisRepN': 0}>
103.9584 	EXP 	LDT_fix_text: autoDraw = False
103.9584 	EXP 	LDT_stim_text: autoDraw = False
103.9584 	EXP 	LDT_break_text: autoDraw = False
103.9584 	EXP 	LDT_stim_text: height = np.float64(0.1)
103.9584 	EXP 	LDT_stim_text: height = np.float64(0.1)
103.9584 	EXP 	LDT_stim_text: height = np.float64(0.1)
103.9584 	EXP 	LDT_stim_text: text = 'media'
103.9584 	EXP 	LDT_fix_text: autoDraw = True
103.9590 	DATA 	Keypress: a
104.0337 	EXP 	Device response: <KeyPress from None: t=103.94272260000002, value=a, duration=0.08921400000008362>
104.4421 	EXP 	LDT_stim_text: autoDraw = True
104.4504 	EXP 	LDT_fix_text: autoDraw = False
105.0263 	EXP 	Device response: <KeyPress from None: t=105.02234160000012, value=l, duration=None>
105.0266 	EXP 	New trial (rep=0, index=28): <Trial 28 (28 in rep 0) data={'Task': 'LDT', 'TrialType': 'Target', 'Stimuli': 'live', 'StimulusType': 'word', 'CorrectResponse': 'l', 'Trialnumb': 24, 'thisN': 28, 'thisTrialN': 28, 'thisRepN': 0}>
105.0343 	EXP 	LDT_fix_text: autoDraw = False
105.0343 	EXP 	LDT_stim_text: autoDraw = False
105.0343 	EXP 	LDT_break_text: autoDraw = False
105.0343 	EXP 	LDT_stim_text: height = np.float64(0.1)
105.0343 	EXP 	LDT_stim_text: height = np.float64(0.1)
105.0343 	EXP 	LDT_stim_text: height = np.float64(0.1)
105.0343 	EXP 	LDT_stim_text: text = 'live'
105.0343 	EXP 	LDT_fix_text: autoDraw = True
105.0349 	DATA 	Keypress: l
105.1347 	EXP 	Device response: <KeyPress from None: t=105.02234160000012, value=l, duration=0.10450079999986883>
105.5181 	EXP 	LDT_stim_text: autoDraw = True
105.5265 	EXP 	LDT_fix_text: autoDraw = False
106.1023 	EXP 	Device response: <KeyPress from None: t=106.094693, value=l, duration=None>
106.1026 	EXP 	New trial (rep=0, index=29): <Trial 29 (29 in rep 0) data={'Task': 'LDT', 'TrialType': 'Target', 'Stimuli': 'stad', 'StimulusType': 'nonword', 'CorrectResponse': 'a', 'Trialnumb': 116, 'thisN': 29, 'thisTrialN': 29, 'thisRepN': 0}>
106.1104 	EXP 	LDT_fix_text: autoDraw = False
106.1104 	EXP 	LDT_stim_text: autoDraw = False
106.1104 	EXP 	LDT_break_text: autoDraw = False
106.1104 	EXP 	LDT_stim_text: height = np.float64(0.1)
106.1104 	EXP 	LDT_stim_text: height = np.float64(0.1)
106.1104 	EXP 	LDT_stim_text: height = np.float64(0.1)
106.1104 	EXP 	LDT_stim_text: text = 'stad'
106.1104 	EXP 	LDT_fix_text: autoDraw = True
106.1109 	DATA 	Keypress: l
106.1692 	EXP 	Device response: <KeyPress from None: t=106.094693, value=l, duration=0.07216500000004089>
106.5942 	EXP 	LDT_stim_text: autoDraw = True
106.6025 	EXP 	LDT_fix_text: autoDraw = False
107.1451 	EXP 	Device response: <KeyPress from None: t=107.14305760000002, value=a, duration=None>
107.1453 	EXP 	New trial (rep=0, index=30): <Trial 30 (30 in rep 0) data={'Task': 'LDT', 'TrialType': 'Target', 'Stimuli': 'space', 'StimulusType': 'word', 'CorrectResponse': 'l', 'Trialnumb': 30, 'thisN': 30, 'thisTrialN': 30, 'thisRepN': 0}>
107.1531 	EXP 	LDT_fix_text: autoDraw = False
107.1531 	EXP 	LDT_stim_text: autoDraw = False
107.1531 	EXP 	LDT_break_text: autoDraw = False
107.1531 	EXP 	LDT_stim_text: height = np.float64(0.1)
107.1531 	EXP 	LDT_stim_text: height = np.float64(0.1)
107.1531 	EXP 	LDT_stim_text: height = np.float64(0.1)
107.1531 	EXP 	LDT_stim_text: text = 'space'
107.1531 	EXP 	LDT_fix_text: autoDraw = True
107.1536 	DATA 	Keypress: a
107.2702 	EXP 	Device response: <KeyPress from None: t=107.14305760000002, value=a, duration=0.11944889999995212>
107.6369 	EXP 	LDT_stim_text: autoDraw = True
107.6453 	EXP 	LDT_fix_text: autoDraw = False
108.1627 	EXP 	Device response: <KeyPress from None: t=108.15999850000003, value=l, duration=None>
108.1630 	EXP 	New trial (rep=0, index=31): <Trial 31 (31 in rep 0) data={'Task': 'LDT', 'TrialType': 'Target', 'Stimuli': 'loil', 'StimulusType': 'nonword', 'CorrectResponse': 'a', 'Trialnumb': 170, 'thisN': 31, 'thisTrialN': 31, 'thisRepN': 0}>
108.1709 	EXP 	LDT_fix_text: autoDraw = False
108.1709 	EXP 	LDT_stim_text: autoDraw = False
108.1709 	EXP 	LDT_break_text: autoDraw = False
108.1709 	EXP 	LDT_stim_text: height = np.float64(0.1)
108.1709 	EXP 	LDT_stim_text: height = np.float64(0.1)
108.1709 	EXP 	LDT_stim_text: height = np.float64(0.1)
108.1709 	EXP 	LDT_stim_text: text = 'loil'
108.1709 	EXP 	LDT_fix_text: autoDraw = True
108.1714 	DATA 	Keypress: l
108.2294 	EXP 	Device response: <KeyPress from None: t=108.15999850000003, value=l, duration=0.06317340000009608>
108.6546 	EXP 	LDT_stim_text: autoDraw = True
108.6629 	EXP 	LDT_fix_text: autoDraw = False
109.1804 	EXP 	Device response: <KeyPress from None: t=109.1760948000001, value=a, duration=None>
109.1806 	EXP 	New trial (rep=0, index=32): <Trial 32 (32 in rep 0) data={'Task': 'LDT', 'TrialType': 'Target', 'Stimuli': 'seef', 'StimulusType': 'nonword', 'CorrectResponse': 'a', 'Trialnumb': 187, 'thisN': 32, 'thisTrialN': 32, 'thisRepN': 0}>
109.1884 	EXP 	LDT_fix_text: autoDraw = False
109.1884 	EXP 	LDT_stim_text: autoDraw = False
109.1884 	EXP 	LDT_break_text: autoDraw = False
109.1884 	EXP 	LDT_stim_text: height = np.float64(0.1)
109.1884 	EXP 	LDT_stim_text: height = np.float64(0.1)
109.1884 	EXP 	LDT_stim_text: height = np.float64(0.1)
109.1884 	EXP 	LDT_stim_text: text = 'seef'
109.1884 	EXP 	LDT_fix_text: autoDraw = True
109.1889 	DATA 	Keypress: a
109.2888 	EXP 	Device response: <KeyPress from None: t=109.1760948000001, value=a, duration=0.11075469999991583>
109.6723 	EXP 	LDT_stim_text: autoDraw = True
109.6806 	EXP 	LDT_fix_text: autoDraw = False
110.2064 	EXP 	Device response: <KeyPress from None: t=110.19829870000012, value=a, duration=None>
110.2067 	EXP 	New trial (rep=0, index=33): <Trial 33 (33 in rep 0) data={'Task': 'LDT', 'TrialType': 'Target', 'Stimuli': 'unit', 'StimulusType': 'word', 'CorrectResponse': 'l', 'Trialnumb': 82, 'thisN': 33, 'thisTrialN': 33, 'thisRepN': 0}>
110.2080 	DATA 	Keypress: a
110.2145 	EXP 	LDT_fix_text: autoDraw = False
110.2145 	EXP 	LDT_stim_text: autoDraw = False
110.2145 	EXP 	LDT_break_text: autoDraw = False
110.2145 	EXP 	LDT_stim_text: height = np.float64(0.1)
110.2145 	EXP 	LDT_stim_text: height = np.float64(0.1)
110.2145 	EXP 	LDT_stim_text: height = np.float64(0.1)
110.2145 	EXP 	LDT_stim_text: text = 'unit'
110.2145 	EXP 	LDT_fix_text: autoDraw = True
110.3066 	EXP 	Device response: <KeyPress from None: t=110.19829870000012, value=a, duration=0.10414049999985764>
110.6983 	EXP 	LDT_stim_text: autoDraw = True
110.7066 	EXP 	LDT_fix_text: autoDraw = False
111.3076 	EXP 	Device response: <KeyPress from None: t=111.3023217, value=l, duration=None>
111.3078 	EXP 	New trial (rep=0, index=34): <Trial 34 (34 in rep 0) data={'Task': 'LDT', 'TrialType': 'Target', 'Stimuli': 'pulk', 'StimulusType': 'nonword', 'CorrectResponse': 'a', 'Trialnumb': 183, 'thisN': 34, 'thisTrialN': 34, 'thisRepN': 0}>
111.3156 	EXP 	LDT_fix_text: autoDraw = False
111.3156 	EXP 	LDT_stim_text: autoDraw = False
111.3156 	EXP 	LDT_break_text: autoDraw = False
111.3156 	EXP 	LDT_stim_text: height = np.float64(0.1)
111.3156 	EXP 	LDT_stim_text: height = np.float64(0.1)
111.3156 	EXP 	LDT_stim_text: height = np.float64(0.1)
111.3156 	EXP 	LDT_stim_text: text = 'pulk'
111.3156 	EXP 	LDT_fix_text: autoDraw = True
111.3161 	DATA 	Keypress: l
111.3909 	EXP 	Device response: <KeyPress from None: t=111.3023217, value=l, duration=0.08036870000000818>
111.7994 	EXP 	LDT_stim_text: autoDraw = True
111.8077 	EXP 	LDT_fix_text: autoDraw = False
112.3336 	EXP 	Device response: <KeyPress from None: t=112.32676190000006, value=a, duration=None>
112.3338 	EXP 	New trial (rep=0, index=35): <Trial 35 (35 in rep 0) data={'Task': 'LDT', 'TrialType': 'Target', 'Stimuli': 'party', 'StimulusType': 'word', 'CorrectResponse': 'l', 'Trialnumb': 59, 'thisN': 35, 'thisTrialN': 35, 'thisRepN': 0}>
112.3416 	EXP 	LDT_fix_text: autoDraw = False
112.3416 	EXP 	LDT_stim_text: autoDraw = False
112.3416 	EXP 	LDT_break_text: autoDraw = False
112.3416 	EXP 	LDT_stim_text: height = np.float64(0.1)
112.3416 	EXP 	LDT_stim_text: height = np.float64(0.1)
112.3416 	EXP 	LDT_stim_text: height = np.float64(0.1)
112.3416 	EXP 	LDT_stim_text: text = 'party'
112.3416 	EXP 	LDT_fix_text: autoDraw = True
112.3421 	DATA 	Keypress: a
112.4337 	EXP 	Device response: <KeyPress from None: t=112.32676190000006, value=a, duration=0.10465610000005654>
112.8254 	EXP 	LDT_stim_text: autoDraw = True
112.8338 	EXP 	LDT_fix_text: autoDraw = False
113.6515 	EXP 	Device response: <KeyPress from None: t=113.64722000000006, value=l, duration=None>
113.6518 	EXP 	New trial (rep=0, index=36): <Trial 36 (36 in rep 0) data={'Task': 'LDT', 'TrialType': 'Target', 'Stimuli': 'jight', 'StimulusType': 'nonword', 'CorrectResponse': 'a', 'Trialnumb': 159, 'thisN': 36, 'thisTrialN': 36, 'thisRepN': 0}>
113.6596 	EXP 	LDT_fix_text: autoDraw = False
113.6596 	EXP 	LDT_stim_text: autoDraw = False
113.6596 	EXP 	LDT_break_text: autoDraw = False
113.6596 	EXP 	LDT_stim_text: height = np.float64(0.1)
113.6596 	EXP 	LDT_stim_text: height = np.float64(0.1)
113.6596 	EXP 	LDT_stim_text: height = np.float64(0.1)
113.6596 	EXP 	LDT_stim_text: text = 'jight'
113.6596 	EXP 	LDT_fix_text: autoDraw = True
113.6601 	DATA 	Keypress: l
113.7267 	EXP 	Device response: <KeyPress from None: t=113.64722000000006, value=l, duration=0.07156390000000101>
114.1434 	EXP 	LDT_stim_text: autoDraw = True
114.1517 	EXP 	LDT_fix_text: autoDraw = False
114.6775 	EXP 	Device response: <KeyPress from None: t=114.67035380000016, value=a, duration=None>
114.6778 	EXP 	New trial (rep=0, index=37): <Trial 37 (37 in rep 0) data={'Task': 'LDT', 'TrialType': 'Target', 'Stimuli': 'dry', 'StimulusType': 'word', 'CorrectResponse': 'l', 'Trialnumb': 77, 'thisN': 37, 'thisTrialN': 37, 'thisRepN': 0}>
114.6856 	EXP 	LDT_fix_text: autoDraw = False
114.6856 	EXP 	LDT_stim_text: autoDraw = False
114.6856 	EXP 	LDT_break_text: autoDraw = False
114.6856 	EXP 	LDT_stim_text: height = np.float64(0.1)
114.6856 	EXP 	LDT_stim_text: height = np.float64(0.1)
114.6856 	EXP 	LDT_stim_text: height = np.float64(0.1)
114.6856 	EXP 	LDT_stim_text: text = 'dry'
114.6856 	EXP 	LDT_fix_text: autoDraw = True
114.6861 	DATA 	Keypress: a
114.7609 	EXP 	Device response: <KeyPress from None: t=114.67035380000016, value=a, duration=0.08799849999991238>
115.1694 	EXP 	LDT_stim_text: autoDraw = True
115.1777 	EXP 	LDT_fix_text: autoDraw = False
115.6702 	EXP 	Device response: <KeyPress from None: t=115.66265050000015, value=l, duration=None>
115.6704 	EXP 	New trial (rep=0, index=38): <Trial 38 (38 in rep 0) data={'Task': 'LDT', 'TrialType': 'Target', 'Stimuli': 'sell', 'StimulusType': 'word', 'CorrectResponse': 'l', 'Trialnumb': 65, 'thisN': 38, 'thisTrialN': 38, 'thisRepN': 0}>
115.6782 	EXP 	LDT_fix_text: autoDraw = False
115.6782 	EXP 	LDT_stim_text: autoDraw = False
115.6782 	EXP 	LDT_break_text: autoDraw = False
115.6782 	EXP 	LDT_stim_text: height = np.float64(0.1)
115.6782 	EXP 	LDT_stim_text: height = np.float64(0.1)
115.6782 	EXP 	LDT_stim_text: height = np.float64(0.1)
115.6782 	EXP 	LDT_stim_text: text = 'sell'
115.6782 	EXP 	LDT_fix_text: autoDraw = True
115.6788 	DATA 	Keypress: l
115.7370 	EXP 	Device response: <KeyPress from None: t=115.66265050000015, value=l, duration=0.07324169999992591>
116.1621 	EXP 	LDT_stim_text: autoDraw = True
116.1704 	EXP 	LDT_fix_text: autoDraw = False
116.7129 	EXP 	Device response: <KeyPress from None: t=116.71122390000005, value=l, duration=None>
116.7131 	EXP 	New trial (rep=0, index=39): <Trial 39 (39 in rep 0) data={'Task': 'LDT', 'TrialType': 'Target', 'Stimuli': 'week', 'StimulusType': 'word', 'CorrectResponse': 'l', 'Trialnumb': 28, 'thisN': 39, 'thisTrialN': 39, 'thisRepN': 0}>
116.7210 	EXP 	LDT_fix_text: autoDraw = False
116.7210 	EXP 	LDT_stim_text: autoDraw = False
116.7210 	EXP 	LDT_break_text: autoDraw = False
116.7210 	EXP 	LDT_stim_text: height = np.float64(0.1)
116.7210 	EXP 	LDT_stim_text: height = np.float64(0.1)
116.7210 	EXP 	LDT_stim_text: height = np.float64(0.1)
116.7210 	EXP 	LDT_stim_text: text = 'week'
116.7210 	EXP 	LDT_fix_text: autoDraw = True
116.7214 	DATA 	Keypress: l
116.8130 	EXP 	Device response: <KeyPress from None: t=116.71122390000005, value=l, duration=0.09530560000007426>
117.2048 	EXP 	LDT_stim_text: autoDraw = True
117.2131 	EXP 	LDT_fix_text: autoDraw = False
117.6556 	EXP 	Device response: <KeyPress from None: t=117.65517150000005, value=l, duration=None>
117.6558 	EXP 	New trial (rep=0, index=40): <Trial 40 (40 in rep 0) data={'Task': 'LDT', 'TrialType': 'Target', 'Stimuli': 'hage', 'StimulusType': 'nonword', 'CorrectResponse': 'a', 'Trialnumb': 149, 'thisN': 40, 'thisTrialN': 40, 'thisRepN': 0}>
117.6636 	EXP 	LDT_fix_text: autoDraw = False
117.6636 	EXP 	LDT_stim_text: autoDraw = False
117.6636 	EXP 	LDT_break_text: autoDraw = False
117.6636 	EXP 	LDT_stim_text: height = np.float64(0.1)
117.6636 	EXP 	LDT_stim_text: height = np.float64(0.1)
117.6636 	EXP 	LDT_stim_text: height = np.float64(0.1)
117.6636 	EXP 	LDT_stim_text: text = 'hage'
117.6636 	EXP 	LDT_fix_text: autoDraw = True
117.6641 	DATA 	Keypress: l
117.7556 	EXP 	Device response: <KeyPress from None: t=117.65517150000005, value=l, duration=0.09523639999997613>
118.1474 	EXP 	LDT_stim_text: autoDraw = True
118.1557 	EXP 	LDT_fix_text: autoDraw = False
118.5981 	EXP 	Device response: <KeyPress from None: t=118.59048690000009, value=l, duration=None>
118.5984 	EXP 	New trial (rep=0, index=41): <Trial 41 (41 in rep 0) data={'Task': 'LDT', 'TrialType': 'Target', 'Stimuli': 'cips', 'StimulusType': 'nonword', 'CorrectResponse': 'a', 'Trialnumb': 128, 'thisN': 41, 'thisTrialN': 41, 'thisRepN': 0}>
118.6063 	EXP 	LDT_fix_text: autoDraw = False
118.6063 	EXP 	LDT_stim_text: autoDraw = False
118.6063 	EXP 	LDT_break_text: autoDraw = False
118.6063 	EXP 	LDT_stim_text: height = np.float64(0.1)
118.6063 	EXP 	LDT_stim_text: height = np.float64(0.1)
118.6063 	EXP 	LDT_stim_text: height = np.float64(0.1)
118.6063 	EXP 	LDT_stim_text: text = 'cips'
118.6063 	EXP 	LDT_fix_text: autoDraw = True
118.6069 	DATA 	Keypress: l
118.6815 	EXP 	Device response: <KeyPress from None: t=118.59048690000009, value=l, duration=0.08913600000005317>
119.0900 	EXP 	LDT_stim_text: autoDraw = True
119.0983 	EXP 	LDT_fix_text: autoDraw = False
119.6158 	EXP 	Device response: <KeyPress from None: t=119.61519769999995, value=a, duration=None>
119.6161 	EXP 	New trial (rep=0, index=42): <Trial 42 (42 in rep 0) data={'Task': 'LDT', 'TrialType': 'Target', 'Stimuli': 'lill', 'StimulusType': 'nonword', 'CorrectResponse': 'a', 'Trialnumb': 168, 'thisN': 42, 'thisTrialN': 42, 'thisRepN': 0}>
119.6239 	EXP 	LDT_fix_text: autoDraw = False
119.6239 	EXP 	LDT_stim_text: autoDraw = False
119.6239 	EXP 	LDT_break_text: autoDraw = False
119.6239 	EXP 	LDT_stim_text: height = np.float64(0.1)
119.6239 	EXP 	LDT_stim_text: height = np.float64(0.1)
119.6239 	EXP 	LDT_stim_text: height = np.float64(0.1)
119.6239 	EXP 	LDT_stim_text: text = 'lill'
119.6239 	EXP 	LDT_fix_text: autoDraw = True
119.6244 	DATA 	Keypress: a
119.7159 	EXP 	Device response: <KeyPress from None: t=119.61519769999995, value=a, duration=0.09545730000013464>
120.1077 	EXP 	LDT_stim_text: autoDraw = True
120.1160 	EXP 	LDT_fix_text: autoDraw = False
120.5836 	EXP 	Device response: <KeyPress from None: t=120.58309860000008, value=a, duration=None>
120.5838 	EXP 	New trial (rep=0, index=43): <Trial 43 (43 in rep 0) data={'Task': 'LDT', 'TrialType': 'Target', 'Stimuli': 'wass', 'StimulusType': 'nonword', 'CorrectResponse': 'a', 'Trialnumb': 215, 'thisN': 43, 'thisTrialN': 43, 'thisRepN': 0}>
120.5916 	EXP 	LDT_fix_text: autoDraw = False
120.5916 	EXP 	LDT_stim_text: autoDraw = False
120.5916 	EXP 	LDT_break_text: autoDraw = False
120.5916 	EXP 	LDT_stim_text: height = np.float64(0.1)
120.5916 	EXP 	LDT_stim_text: height = np.float64(0.1)
120.5916 	EXP 	LDT_stim_text: height = np.float64(0.1)
120.5916 	EXP 	LDT_stim_text: text = 'wass'
120.5916 	EXP 	LDT_fix_text: autoDraw = True
120.5922 	DATA 	Keypress: a
120.6419 	EXP 	Device response: <KeyPress from None: t=120.58309860000008, value=a, duration=0.055426899999929446>
121.0753 	EXP 	LDT_stim_text: autoDraw = True
121.0836 	EXP 	LDT_fix_text: autoDraw = False
121.5930 	EXP 	Device response: <KeyPress from None: t=121.59114750000003, value=a, duration=None>
121.5932 	EXP 	New trial (rep=0, index=44): <Trial 44 (44 in rep 0) data={'Task': 'LDT', 'TrialType': 'Target', 'Stimuli': 'kell', 'StimulusType': 'nonword', 'CorrectResponse': 'a', 'Trialnumb': 164, 'thisN': 44, 'thisTrialN': 44, 'thisRepN': 0}>
121.6008 	EXP 	LDT_fix_text: autoDraw = False
121.6008 	EXP 	LDT_stim_text: autoDraw = False
121.6008 	EXP 	LDT_break_text: autoDraw = False
121.6008 	EXP 	LDT_stim_text: height = np.float64(0.1)
121.6008 	EXP 	LDT_stim_text: height = np.float64(0.1)
121.6008 	EXP 	LDT_stim_text: height = np.float64(0.1)
121.6008 	EXP 	LDT_stim_text: text = 'kell'
121.6008 	EXP 	LDT_fix_text: autoDraw = True
121.6014 	DATA 	Keypress: a
121.6929 	EXP 	Device response: <KeyPress from None: t=121.59114750000003, value=a, duration=0.09570860000007997>
122.0846 	EXP 	LDT_stim_text: autoDraw = True
122.0930 	EXP 	LDT_fix_text: autoDraw = False
122.6522 	EXP 	Device response: <KeyPress from None: t=122.64698870000007, value=a, duration=None>
122.6524 	EXP 	New trial (rep=0, index=45): <Trial 45 (45 in rep 0) data={'Task': 'LDT', 'TrialType': 'Target', 'Stimuli': 'judge', 'StimulusType': 'word', 'CorrectResponse': 'l', 'Trialnumb': 67, 'thisN': 45, 'thisTrialN': 45, 'thisRepN': 0}>
122.6603 	EXP 	LDT_fix_text: autoDraw = False
122.6603 	EXP 	LDT_stim_text: autoDraw = False
122.6603 	EXP 	LDT_break_text: autoDraw = False
122.6603 	EXP 	LDT_stim_text: height = np.float64(0.1)
122.6603 	EXP 	LDT_stim_text: height = np.float64(0.1)
122.6603 	EXP 	LDT_stim_text: height = np.float64(0.1)
122.6603 	EXP 	LDT_stim_text: text = 'judge'
122.6603 	EXP 	LDT_fix_text: autoDraw = True
122.6608 	DATA 	Keypress: a
122.7273 	EXP 	Device response: <KeyPress from None: t=122.64698870000007, value=a, duration=0.07983059999992292>
123.1440 	EXP 	LDT_stim_text: autoDraw = True
123.1524 	EXP 	LDT_fix_text: autoDraw = False
123.7032 	EXP 	Device response: <KeyPress from None: t=123.69521170000007, value=l, duration=None>
123.7034 	EXP 	New trial (rep=0, index=46): <Trial 46 (46 in rep 0) data={'Task': 'LDT', 'TrialType': 'Target', 'Stimuli': 'serve', 'StimulusType': 'word', 'CorrectResponse': 'l', 'Trialnumb': 80, 'thisN': 46, 'thisTrialN': 46, 'thisRepN': 0}>
123.7113 	EXP 	LDT_fix_text: autoDraw = False
123.7113 	EXP 	LDT_stim_text: autoDraw = False
123.7113 	EXP 	LDT_break_text: autoDraw = False
123.7113 	EXP 	LDT_stim_text: height = np.float64(0.1)
123.7113 	EXP 	LDT_stim_text: height = np.float64(0.1)
123.7113 	EXP 	LDT_stim_text: height = np.float64(0.1)
123.7113 	EXP 	LDT_stim_text: text = 'serve'
123.7113 	EXP 	LDT_fix_text: autoDraw = True
123.7117 	DATA 	Keypress: l
123.7616 	EXP 	Device response: <KeyPress from None: t=123.69521170000007, value=l, duration=0.06311269999991964>
124.1951 	EXP 	LDT_stim_text: autoDraw = True
124.2034 	EXP 	LDT_fix_text: autoDraw = False
124.6709 	EXP 	Device response: <KeyPress from None: t=124.66321260000018, value=l, duration=None>
124.6711 	EXP 	New trial (rep=0, index=47): <Trial 47 (47 in rep 0) data={'Task': 'LDT', 'TrialType': 'Target', 'Stimuli': 'kild', 'StimulusType': 'nonword', 'CorrectResponse': 'a', 'Trialnumb': 165, 'thisN': 47, 'thisTrialN': 47, 'thisRepN': 0}>
124.6789 	EXP 	LDT_fix_text: autoDraw = False
124.6789 	EXP 	LDT_stim_text: autoDraw = False
124.6789 	EXP 	LDT_break_text: autoDraw = False
124.6789 	EXP 	LDT_stim_text: height = np.float64(0.1)
124.6789 	EXP 	LDT_stim_text: height = np.float64(0.1)
124.6789 	EXP 	LDT_stim_text: height = np.float64(0.1)
124.6789 	EXP 	LDT_stim_text: text = 'kild'
124.6789 	EXP 	LDT_fix_text: autoDraw = True
124.6794 	DATA 	Keypress: l
124.7209 	EXP 	Device response: <KeyPress from None: t=124.66321260000018, value=l, duration=0.05524839999998221>
125.1627 	EXP 	LDT_stim_text: autoDraw = True
125.1712 	EXP 	LDT_fix_text: autoDraw = False
125.7053 	EXP 	Device response: <KeyPress from None: t=125.70258209999997, value=a, duration=None>
125.7055 	EXP 	New trial (rep=0, index=48): <Trial 48 (48 in rep 0) data={'Task': 'LDT', 'TrialType': 'Target', 'Stimuli': 'boom', 'StimulusType': 'word', 'CorrectResponse': 'l', 'Trialnumb': 96, 'thisN': 48, 'thisTrialN': 48, 'thisRepN': 0}>
125.7133 	EXP 	LDT_fix_text: autoDraw = False
125.7133 	EXP 	LDT_stim_text: autoDraw = False
125.7133 	EXP 	LDT_break_text: autoDraw = False
125.7133 	EXP 	LDT_stim_text: height = np.float64(0.1)
125.7133 	EXP 	LDT_stim_text: height = np.float64(0.1)
125.7133 	EXP 	LDT_stim_text: height = np.float64(0.1)
125.7133 	EXP 	LDT_stim_text: text = 'boom'
125.7133 	EXP 	LDT_fix_text: autoDraw = True
125.7138 	DATA 	Keypress: a
125.7970 	EXP 	Device response: <KeyPress from None: t=125.70258209999997, value=a, duration=0.08854330000008304>
126.1971 	EXP 	LDT_stim_text: autoDraw = True
126.2054 	EXP 	LDT_fix_text: autoDraw = False
126.6729 	EXP 	Device response: <KeyPress from None: t=126.67032590000008, value=a, duration=None>
126.6731 	EXP 	New trial (rep=0, index=49): <Trial 49 (49 in rep 0) data={'Task': 'LDT', 'TrialType': 'Target', 'Stimuli': 'sife', 'StimulusType': 'nonword', 'CorrectResponse': 'a', 'Trialnumb': 192, 'thisN': 49, 'thisTrialN': 49, 'thisRepN': 0}>
126.6809 	EXP 	LDT_fix_text: autoDraw = False
126.6809 	EXP 	LDT_stim_text: autoDraw = False
126.6809 	EXP 	LDT_break_text: autoDraw = False
126.6809 	EXP 	LDT_stim_text: height = np.float64(0.1)
126.6809 	EXP 	LDT_stim_text: height = np.float64(0.1)
126.6809 	EXP 	LDT_stim_text: height = np.float64(0.1)
126.6809 	EXP 	LDT_stim_text: text = 'sife'
126.6809 	EXP 	LDT_fix_text: autoDraw = True
126.6814 	DATA 	Keypress: a
126.7646 	EXP 	Device response: <KeyPress from None: t=126.67032590000008, value=a, duration=0.08964080000009744>
127.1647 	EXP 	LDT_stim_text: autoDraw = True
127.1731 	EXP 	LDT_fix_text: autoDraw = False
127.7823 	EXP 	Device response: <KeyPress from None: t=127.77525100000003, value=a, duration=None>
127.7826 	EXP 	New trial (rep=0, index=50): <Trial 50 (50 in rep 0) data={'Task': 'LDT', 'TrialType': 'Target', 'Stimuli': 'brone', 'StimulusType': 'nonword', 'CorrectResponse': 'a', 'Trialnumb': 125, 'thisN': 50, 'thisTrialN': 50, 'thisRepN': 0}>
127.7903 	EXP 	LDT_fix_text: autoDraw = False
127.7903 	EXP 	LDT_stim_text: autoDraw = False
127.7903 	EXP 	LDT_break_text: autoDraw = False
127.7903 	EXP 	LDT_stim_text: height = np.float64(0.1)
127.7903 	EXP 	LDT_stim_text: height = np.float64(0.1)
127.7903 	EXP 	LDT_stim_text: height = np.float64(0.1)
127.7903 	EXP 	LDT_stim_text: text = 'brone'
127.7903 	EXP 	LDT_fix_text: autoDraw = True
127.7908 	DATA 	Keypress: a
127.8823 	EXP 	Device response: <KeyPress from None: t=127.77525100000003, value=a, duration=0.10311720000004243>
128.2742 	EXP 	LDT_stim_text: autoDraw = True
128.2825 	EXP 	LDT_fix_text: autoDraw = False
128.9085 	EXP 	Device response: <KeyPress from None: t=128.90318160000015, value=a, duration=None>
128.9088 	EXP 	New trial (rep=0, index=51): <Trial 51 (51 in rep 0) data={'Task': 'LDT', 'TrialType': 'Target', 'Stimuli': 'gray', 'StimulusType': 'word', 'CorrectResponse': 'l', 'Trialnumb': 98, 'thisN': 51, 'thisTrialN': 51, 'thisRepN': 0}>
128.9164 	EXP 	LDT_fix_text: autoDraw = False
128.9164 	EXP 	LDT_stim_text: autoDraw = False
128.9164 	EXP 	LDT_break_text: autoDraw = False
128.9164 	EXP 	LDT_stim_text: height = np.float64(0.1)
128.9164 	EXP 	LDT_stim_text: height = np.float64(0.1)
128.9164 	EXP 	LDT_stim_text: height = np.float64(0.1)
128.9164 	EXP 	LDT_stim_text: text = 'gray'
128.9164 	EXP 	LDT_fix_text: autoDraw = True
128.9171 	DATA 	Keypress: a
129.0252 	EXP 	Device response: <KeyPress from None: t=128.90318160000015, value=a, duration=0.12094489999981306>
129.4003 	EXP 	LDT_stim_text: autoDraw = True
129.4086 	EXP 	LDT_fix_text: autoDraw = False
129.9178 	EXP 	Device response: <KeyPress from None: t=129.91066990000013, value=l, duration=None>
129.9180 	EXP 	New trial (rep=0, index=52): <Trial 52 (52 in rep 0) data={'Task': 'LDT', 'TrialType': 'Target', 'Stimuli': 'flen', 'StimulusType': 'nonword', 'CorrectResponse': 'a', 'Trialnumb': 141, 'thisN': 52, 'thisTrialN': 52, 'thisRepN': 0}>
129.9258 	EXP 	LDT_fix_text: autoDraw = False
129.9258 	EXP 	LDT_stim_text: autoDraw = False
129.9258 	EXP 	LDT_break_text: autoDraw = False
129.9258 	EXP 	LDT_stim_text: height = np.float64(0.1)
129.9258 	EXP 	LDT_stim_text: height = np.float64(0.1)
129.9258 	EXP 	LDT_stim_text: height = np.float64(0.1)
129.9258 	EXP 	LDT_stim_text: text = 'flen'
129.9258 	EXP 	LDT_fix_text: autoDraw = True
129.9263 	DATA 	Keypress: l
129.9845 	EXP 	Device response: <KeyPress from None: t=129.91066990000013, value=l, duration=0.06561020000003737>
130.4096 	EXP 	LDT_stim_text: autoDraw = True
130.4179 	EXP 	LDT_fix_text: autoDraw = False
130.9021 	EXP 	Device response: <KeyPress from None: t=130.8944094000001, value=a, duration=None>
130.9023 	EXP 	New trial (rep=0, index=53): <Trial 53 (53 in rep 0) data={'Task': 'LDT', 'TrialType': 'Target', 'Stimuli': 'mass', 'StimulusType': 'word', 'CorrectResponse': 'l', 'Trialnumb': 102, 'thisN': 53, 'thisTrialN': 53, 'thisRepN': 0}>
130.9102 	EXP 	LDT_fix_text: autoDraw = False
130.9102 	EXP 	LDT_stim_text: autoDraw = False
130.9102 	EXP 	LDT_break_text: autoDraw = False
130.9102 	EXP 	LDT_stim_text: height = np.float64(0.1)
130.9102 	EXP 	LDT_stim_text: height = np.float64(0.1)
130.9102 	EXP 	LDT_stim_text: height = np.float64(0.1)
130.9102 	EXP 	LDT_stim_text: text = 'mass'
130.9102 	EXP 	LDT_fix_text: autoDraw = True
130.9107 	DATA 	Keypress: a
130.9937 	EXP 	Device response: <KeyPress from None: t=130.8944094000001, value=a, duration=0.09586130000002413>
131.3939 	EXP 	LDT_stim_text: autoDraw = True
131.4023 	EXP 	LDT_fix_text: autoDraw = False
131.8697 	EXP 	Device response: <KeyPress from None: t=131.86307580000016, value=l, duration=None>
131.8699 	EXP 	New trial (rep=0, index=54): <Trial 54 (54 in rep 0) data={'Task': 'LDT', 'TrialType': 'Target', 'Stimuli': 'darb', 'StimulusType': 'nonword', 'CorrectResponse': 'a', 'Trialnumb': 134, 'thisN': 54, 'thisTrialN': 54, 'thisRepN': 0}>
131.8777 	EXP 	LDT_fix_text: autoDraw = False
131.8777 	EXP 	LDT_stim_text: autoDraw = False
131.8777 	EXP 	LDT_break_text: autoDraw = False
131.8777 	EXP 	LDT_stim_text: height = np.float64(0.1)
131.8777 	EXP 	LDT_stim_text: height = np.float64(0.1)
131.8777 	EXP 	LDT_stim_text: height = np.float64(0.1)
131.8777 	EXP 	LDT_stim_text: text = 'darb'
131.8777 	EXP 	LDT_fix_text: autoDraw = True
131.8783 	DATA 	Keypress: l
131.9448 	EXP 	Device response: <KeyPress from None: t=131.86307580000016, value=l, duration=0.07998849999989943>
132.3616 	EXP 	LDT_stim_text: autoDraw = True
132.3699 	EXP 	LDT_fix_text: autoDraw = False
132.8122 	EXP 	Device response: <KeyPress from None: t=132.8068455, value=a, duration=None>
132.8125 	EXP 	New trial (rep=0, index=55): <Trial 55 (55 in rep 0) data={'Task': 'LDT', 'TrialType': 'Target', 'Stimuli': 'mina', 'StimulusType': 'nonword', 'CorrectResponse': 'a', 'Trialnumb': 173, 'thisN': 55, 'thisTrialN': 55, 'thisRepN': 0}>
132.8203 	EXP 	LDT_fix_text: autoDraw = False
132.8203 	EXP 	LDT_stim_text: autoDraw = False
132.8203 	EXP 	LDT_break_text: autoDraw = False
132.8203 	EXP 	LDT_stim_text: height = np.float64(0.1)
132.8203 	EXP 	LDT_stim_text: height = np.float64(0.1)
132.8203 	EXP 	LDT_stim_text: height = np.float64(0.1)
132.8203 	EXP 	LDT_stim_text: text = 'mina'
132.8203 	EXP 	LDT_fix_text: autoDraw = True
132.8209 	DATA 	Keypress: a
132.9043 	EXP 	Device response: <KeyPress from None: t=132.8068455, value=a, duration=0.09620319999999083>
133.3042 	EXP 	LDT_stim_text: autoDraw = True
133.3125 	EXP 	LDT_fix_text: autoDraw = False
133.8466 	EXP 	Device response: <KeyPress from None: t=133.83910720000017, value=a, duration=None>
133.8469 	EXP 	New trial (rep=0, index=56): <Trial 56 (56 in rep 0) data={'Task': 'LDT', 'TrialType': 'Target', 'Stimuli': 'left', 'StimulusType': 'word', 'CorrectResponse': 'l', 'Trialnumb': 27, 'thisN': 56, 'thisTrialN': 56, 'thisRepN': 0}>
133.8547 	EXP 	LDT_fix_text: autoDraw = False
133.8547 	EXP 	LDT_stim_text: autoDraw = False
133.8547 	EXP 	LDT_break_text: autoDraw = False
133.8547 	EXP 	LDT_stim_text: height = np.float64(0.1)
133.8547 	EXP 	LDT_stim_text: height = np.float64(0.1)
133.8547 	EXP 	LDT_stim_text: height = np.float64(0.1)
133.8547 	EXP 	LDT_stim_text: text = 'left'
133.8547 	EXP 	LDT_fix_text: autoDraw = True
133.8552 	DATA 	Keypress: a
133.9467 	EXP 	Device response: <KeyPress from None: t=133.83910720000017, value=a, duration=0.10315669999999955>
134.3385 	EXP 	LDT_stim_text: autoDraw = True
134.3468 	EXP 	LDT_fix_text: autoDraw = False
134.8727 	EXP 	Device response: <KeyPress from None: t=134.87113440000007, value=l, duration=None>
134.8729 	EXP 	New trial (rep=0, index=57): <Trial 57 (57 in rep 0) data={'Task': 'LDT', 'TrialType': 'Target', 'Stimuli': 'toas', 'StimulusType': 'nonword', 'CorrectResponse': 'a', 'Trialnumb': 203, 'thisN': 57, 'thisTrialN': 57, 'thisRepN': 0}>
134.8807 	EXP 	LDT_fix_text: autoDraw = False
134.8807 	EXP 	LDT_stim_text: autoDraw = False
134.8807 	EXP 	LDT_break_text: autoDraw = False
134.8807 	EXP 	LDT_stim_text: height = np.float64(0.1)
134.8807 	EXP 	LDT_stim_text: height = np.float64(0.1)
134.8807 	EXP 	LDT_stim_text: height = np.float64(0.1)
134.8807 	EXP 	LDT_stim_text: text = 'toas'
134.8807 	EXP 	LDT_fix_text: autoDraw = True
134.8812 	DATA 	Keypress: l
134.9561 	EXP 	Device response: <KeyPress from None: t=134.87113440000007, value=l, duration=0.0792997999999443>
135.3645 	EXP 	LDT_stim_text: autoDraw = True
135.3729 	EXP 	LDT_fix_text: autoDraw = False
135.8069 	EXP 	Device response: <KeyPress from None: t=135.7986906000001, value=a, duration=None>
135.8072 	EXP 	New trial (rep=0, index=58): <Trial 58 (58 in rep 0) data={'Task': 'LDT', 'TrialType': 'Target', 'Stimuli': 'pess', 'StimulusType': 'nonword', 'CorrectResponse': 'a', 'Trialnumb': 180, 'thisN': 58, 'thisTrialN': 58, 'thisRepN': 0}>
135.8087 	DATA 	Keypress: a
135.8150 	EXP 	LDT_fix_text: autoDraw = False
135.8150 	EXP 	LDT_stim_text: autoDraw = False
135.8150 	EXP 	LDT_break_text: autoDraw = False
135.8150 	EXP 	LDT_stim_text: height = np.float64(0.1)
135.8150 	EXP 	LDT_stim_text: height = np.float64(0.1)
135.8150 	EXP 	LDT_stim_text: height = np.float64(0.1)
135.8150 	EXP 	LDT_stim_text: text = 'pess'
135.8150 	EXP 	LDT_fix_text: autoDraw = True
135.9071 	EXP 	Device response: <KeyPress from None: t=135.7986906000001, value=a, duration=0.10412930000006781>
136.2988 	EXP 	LDT_stim_text: autoDraw = True
136.3071 	EXP 	LDT_fix_text: autoDraw = False
136.7996 	EXP 	Device response: <KeyPress from None: t=136.7914092000001, value=a, duration=None>
136.7999 	EXP 	New trial (rep=0, index=59): <Trial 59 (59 in rep 0) data={'Task': 'LDT', 'TrialType': 'Target', 'Stimuli': 'grew', 'StimulusType': 'word', 'CorrectResponse': 'l', 'Trialnumb': 89, 'thisN': 59, 'thisTrialN': 59, 'thisRepN': 0}>
136.8077 	EXP 	LDT_fix_text: autoDraw = False
136.8077 	EXP 	LDT_stim_text: autoDraw = False
136.8077 	EXP 	LDT_break_text: autoDraw = False
136.8077 	EXP 	LDT_stim_text: height = np.float64(0.1)
136.8077 	EXP 	LDT_stim_text: height = np.float64(0.1)
136.8077 	EXP 	LDT_stim_text: height = np.float64(0.1)
136.8077 	EXP 	LDT_stim_text: text = 'grew'
136.8077 	EXP 	LDT_fix_text: autoDraw = True
136.8083 	DATA 	Keypress: a
136.9081 	EXP 	Device response: <KeyPress from None: t=136.7914092000001, value=a, duration=0.11139249999996537>
137.2915 	EXP 	LDT_stim_text: autoDraw = True
137.2998 	EXP 	LDT_fix_text: autoDraw = False
137.8924 	EXP 	Device response: <KeyPress from None: t=137.88681010000005, value=l, duration=None>
137.8926 	EXP 	New trial (rep=0, index=60): <Trial 60 (60 in rep 0) data={'Task': 'LDT', 'TrialType': 'Target', 'Stimuli': 'here', 'StimulusType': 'word', 'CorrectResponse': 'l', 'Trialnumb': 4, 'thisN': 60, 'thisTrialN': 60, 'thisRepN': 0}>
137.9004 	EXP 	LDT_fix_text: autoDraw = False
137.9004 	EXP 	LDT_stim_text: autoDraw = False
137.9004 	EXP 	LDT_break_text: autoDraw = False
137.9004 	EXP 	LDT_stim_text: height = np.float64(0.1)
137.9004 	EXP 	LDT_stim_text: height = np.float64(0.1)
137.9004 	EXP 	LDT_stim_text: height = np.float64(0.1)
137.9004 	EXP 	LDT_stim_text: text = 'here'
137.9004 	EXP 	LDT_fix_text: autoDraw = True
137.9009 	DATA 	Keypress: l
137.9841 	EXP 	Device response: <KeyPress from None: t=137.88681010000005, value=l, duration=0.09572180000009212>
138.3842 	EXP 	LDT_stim_text: autoDraw = True
138.3926 	EXP 	LDT_fix_text: autoDraw = False
138.8683 	EXP 	Device response: <KeyPress from None: t=138.86305220000008, value=l, duration=None>
138.8687 	EXP 	New trial (rep=0, index=61): <Trial 61 (61 in rep 0) data={'Task': 'LDT', 'TrialType': 'Target', 'Stimuli': 'plan', 'StimulusType': 'word', 'CorrectResponse': 'l', 'Trialnumb': 53, 'thisN': 61, 'thisTrialN': 61, 'thisRepN': 0}>
138.8764 	EXP 	LDT_fix_text: autoDraw = False
138.8764 	EXP 	LDT_stim_text: autoDraw = False
138.8764 	EXP 	LDT_break_text: autoDraw = False
138.8764 	EXP 	LDT_stim_text: height = np.float64(0.1)
138.8764 	EXP 	LDT_stim_text: height = np.float64(0.1)
138.8764 	EXP 	LDT_stim_text: height = np.float64(0.1)
138.8764 	EXP 	LDT_stim_text: text = 'plan'
138.8764 	EXP 	LDT_fix_text: autoDraw = True
138.8769 	DATA 	Keypress: l
138.9434 	EXP 	Device response: <KeyPress from None: t=138.86305220000008, value=l, duration=0.08000489999994898>
139.3602 	EXP 	LDT_stim_text: autoDraw = True
139.3685 	EXP 	LDT_fix_text: autoDraw = False
139.8359 	EXP 	Device response: <KeyPress from None: t=139.83059449999996, value=l, duration=None>
139.8361 	EXP 	New trial (rep=0, index=62): <Trial 62 (62 in rep 0) data={'Task': 'LDT', 'TrialType': 'Target', 'Stimuli': 'spy', 'StimulusType': 'word', 'CorrectResponse': 'l', 'Trialnumb': 99, 'thisN': 62, 'thisTrialN': 62, 'thisRepN': 0}>
139.8440 	EXP 	LDT_fix_text: autoDraw = False
139.8440 	EXP 	LDT_stim_text: autoDraw = False
139.8440 	EXP 	LDT_break_text: autoDraw = False
139.8440 	EXP 	LDT_stim_text: height = np.float64(0.1)
139.8440 	EXP 	LDT_stim_text: height = np.float64(0.1)
139.8440 	EXP 	LDT_stim_text: height = np.float64(0.1)
139.8440 	EXP 	LDT_stim_text: text = 'spy'
139.8440 	EXP 	LDT_fix_text: autoDraw = True
139.8445 	DATA 	Keypress: l
139.9111 	EXP 	Device response: <KeyPress from None: t=139.83059449999996, value=l, duration=0.07975280000005114>
140.3278 	EXP 	LDT_stim_text: autoDraw = True
140.3362 	EXP 	LDT_fix_text: autoDraw = False
140.9537 	EXP 	Device response: <KeyPress from None: t=140.95052110000006, value=l, duration=None>
140.9540 	EXP 	New trial (rep=0, index=63): <Trial 63 (63 in rep 0) data={'Task': 'LDT', 'TrialType': 'Target', 'Stimuli': 'long', 'StimulusType': 'word', 'CorrectResponse': 'l', 'Trialnumb': 6, 'thisN': 63, 'thisTrialN': 63, 'thisRepN': 0}>
140.9618 	EXP 	LDT_fix_text: autoDraw = False
140.9618 	EXP 	LDT_stim_text: autoDraw = False
140.9618 	EXP 	LDT_break_text: autoDraw = False
140.9618 	EXP 	LDT_stim_text: height = np.float64(0.1)
140.9618 	EXP 	LDT_stim_text: height = np.float64(0.1)
140.9618 	EXP 	LDT_stim_text: height = np.float64(0.1)
140.9618 	EXP 	LDT_stim_text: text = 'long'
140.9618 	EXP 	LDT_fix_text: autoDraw = True
140.9623 	DATA 	Keypress: l
141.0371 	EXP 	Device response: <KeyPress from None: t=140.95052110000006, value=l, duration=0.07981029999996281>
141.4456 	EXP 	LDT_stim_text: autoDraw = True
141.4539 	EXP 	LDT_fix_text: autoDraw = False
141.9048 	EXP 	Device response: <KeyPress from None: t=141.9023264, value=l, duration=None>
141.9050 	EXP 	New trial (rep=0, index=64): <Trial 64 (64 in rep 0) data={'Task': 'LDT', 'TrialType': 'Target', 'Stimuli': 'yast', 'StimulusType': 'nonword', 'CorrectResponse': 'a', 'Trialnumb': 218, 'thisN': 64, 'thisTrialN': 64, 'thisRepN': 0}>
141.9127 	EXP 	LDT_fix_text: autoDraw = False
141.9127 	EXP 	LDT_stim_text: autoDraw = False
141.9127 	EXP 	LDT_break_text: autoDraw = False
141.9127 	EXP 	LDT_stim_text: height = np.float64(0.1)
141.9127 	EXP 	LDT_stim_text: height = np.float64(0.1)
141.9127 	EXP 	LDT_stim_text: height = np.float64(0.1)
141.9127 	EXP 	LDT_stim_text: text = 'yast'
141.9127 	EXP 	LDT_fix_text: autoDraw = True
141.9133 	DATA 	Keypress: l
141.9882 	EXP 	Device response: <KeyPress from None: t=141.9023264, value=l, duration=0.08012050000002091>
142.3965 	EXP 	LDT_stim_text: autoDraw = True
142.4049 	EXP 	LDT_fix_text: autoDraw = False
142.9474 	EXP 	Device response: <KeyPress from None: t=142.94284970000012, value=a, duration=None>
142.9477 	EXP 	New trial (rep=0, index=65): <Trial 65 (65 in rep 0) data={'Task': 'LDT', 'TrialType': 'Target', 'Stimuli': 'yeep', 'StimulusType': 'nonword', 'CorrectResponse': 'a', 'Trialnumb': 219, 'thisN': 65, 'thisTrialN': 65, 'thisRepN': 0}>
142.9554 	EXP 	LDT_fix_text: autoDraw = False
142.9554 	EXP 	LDT_stim_text: autoDraw = False
142.9554 	EXP 	LDT_break_text: autoDraw = False
142.9554 	EXP 	LDT_stim_text: height = np.float64(0.1)
142.9554 	EXP 	LDT_stim_text: height = np.float64(0.1)
142.9554 	EXP 	LDT_stim_text: height = np.float64(0.1)
142.9554 	EXP 	LDT_stim_text: text = 'yeep'
142.9554 	EXP 	LDT_fix_text: autoDraw = True
142.9560 	DATA 	Keypress: a
143.0643 	EXP 	Device response: <KeyPress from None: t=142.94284970000012, value=a, duration=0.12108330000000933>
143.4392 	EXP 	LDT_stim_text: autoDraw = True
143.4476 	EXP 	LDT_fix_text: autoDraw = False
144.0069 	EXP 	Device response: <KeyPress from None: t=144.00642800000014, value=a, duration=None>
144.0072 	EXP 	New trial (rep=0, index=66): <Trial 66 (66 in rep 0) data={'Task': 'LDT', 'TrialType': 'Target', 'Stimuli': 'class', 'StimulusType': 'word', 'CorrectResponse': 'l', 'Trialnumb': 19, 'thisN': 66, 'thisTrialN': 66, 'thisRepN': 0}>
144.0149 	EXP 	LDT_fix_text: autoDraw = False
144.0149 	EXP 	LDT_stim_text: autoDraw = False
144.0149 	EXP 	LDT_break_text: autoDraw = False
144.0149 	EXP 	LDT_stim_text: height = np.float64(0.1)
144.0149 	EXP 	LDT_stim_text: height = np.float64(0.1)
144.0149 	EXP 	LDT_stim_text: height = np.float64(0.1)
144.0149 	EXP 	LDT_stim_text: text = 'class'
144.0149 	EXP 	LDT_fix_text: autoDraw = True
144.0155 	DATA 	Keypress: a
144.1068 	EXP 	Device response: <KeyPress from None: t=144.00642800000014, value=a, duration=0.09676969999986795>
144.4986 	EXP 	LDT_stim_text: autoDraw = True
144.5070 	EXP 	LDT_fix_text: autoDraw = False
145.0244 	EXP 	Device response: <KeyPress from None: t=145.01627700000017, value=l, duration=None>
145.0246 	EXP 	New trial (rep=0, index=67): <Trial 67 (67 in rep 0) data={'Task': 'LDT', 'TrialType': 'Target', 'Stimuli': 'sarry', 'StimulusType': 'nonword', 'CorrectResponse': 'a', 'Trialnumb': 186, 'thisN': 67, 'thisTrialN': 67, 'thisRepN': 0}>
145.0326 	EXP 	LDT_fix_text: autoDraw = False
145.0326 	EXP 	LDT_stim_text: autoDraw = False
145.0326 	EXP 	LDT_break_text: autoDraw = False
145.0326 	EXP 	LDT_stim_text: height = np.float64(0.1)
145.0326 	EXP 	LDT_stim_text: height = np.float64(0.1)
145.0326 	EXP 	LDT_stim_text: height = np.float64(0.1)
145.0326 	EXP 	LDT_stim_text: text = 'sarry'
145.0326 	EXP 	LDT_fix_text: autoDraw = True
145.0332 	DATA 	Keypress: l
145.0828 	EXP 	Device response: <KeyPress from None: t=145.01627700000017, value=l, duration=0.06245479999984127>
145.5164 	EXP 	LDT_stim_text: autoDraw = True
145.5247 	EXP 	LDT_fix_text: autoDraw = False
145.9839 	EXP 	Device response: <KeyPress from None: t=145.98269670000013, value=l, duration=None>
145.9841 	EXP 	New trial (rep=0, index=68): <Trial 68 (68 in rep 0) data={'Task': 'LDT', 'TrialType': 'Target', 'Stimuli': 'hork', 'StimulusType': 'nonword', 'CorrectResponse': 'a', 'Trialnumb': 156, 'thisN': 68, 'thisTrialN': 68, 'thisRepN': 0}>
145.9918 	EXP 	LDT_fix_text: autoDraw = False
145.9918 	EXP 	LDT_stim_text: autoDraw = False
145.9918 	EXP 	LDT_break_text: autoDraw = False
145.9918 	EXP 	LDT_stim_text: height = np.float64(0.1)
145.9918 	EXP 	LDT_stim_text: height = np.float64(0.1)
145.9918 	EXP 	LDT_stim_text: height = np.float64(0.1)
145.9918 	EXP 	LDT_stim_text: text = 'hork'
145.9918 	EXP 	LDT_fix_text: autoDraw = True
145.9923 	DATA 	Keypress: l
146.0672 	EXP 	Device response: <KeyPress from None: t=145.98269670000013, value=l, duration=0.08136820000004263>
146.4756 	EXP 	LDT_stim_text: autoDraw = True
146.4839 	EXP 	LDT_fix_text: autoDraw = False
147.1098 	EXP 	Device response: <KeyPress from None: t=147.10327080000002, value=a, duration=None>
147.1100 	EXP 	New trial (rep=0, index=69): <Trial 69 (69 in rep 0) data={'Task': 'LDT', 'TrialType': 'Target', 'Stimuli': 'cire', 'StimulusType': 'nonword', 'CorrectResponse': 'a', 'Trialnumb': 129, 'thisN': 69, 'thisTrialN': 69, 'thisRepN': 0}>
147.1179 	EXP 	LDT_fix_text: autoDraw = False
147.1179 	EXP 	LDT_stim_text: autoDraw = False
147.1179 	EXP 	LDT_break_text: autoDraw = False
147.1179 	EXP 	LDT_stim_text: height = np.float64(0.1)
147.1179 	EXP 	LDT_stim_text: height = np.float64(0.1)
147.1179 	EXP 	LDT_stim_text: height = np.float64(0.1)
147.1179 	EXP 	LDT_stim_text: text = 'cire'
147.1179 	EXP 	LDT_fix_text: autoDraw = True
147.1184 	DATA 	Keypress: a
147.2100 	EXP 	Device response: <KeyPress from None: t=147.10327080000002, value=a, duration=0.10451100000000224>
147.6017 	EXP 	LDT_stim_text: autoDraw = True
147.6101 	EXP 	LDT_fix_text: autoDraw = False
148.1193 	EXP 	Device response: <KeyPress from None: t=148.11856080000007, value=a, duration=None>
148.1195 	EXP 	New trial (rep=0, index=70): <Trial 70 (70 in rep 0) data={'Task': 'LDT', 'TrialType': 'Target', 'Stimuli': 'gips', 'StimulusType': 'nonword', 'CorrectResponse': 'a', 'Trialnumb': 147, 'thisN': 70, 'thisTrialN': 70, 'thisRepN': 0}>
148.1272 	EXP 	LDT_fix_text: autoDraw = False
148.1272 	EXP 	LDT_stim_text: autoDraw = False
148.1272 	EXP 	LDT_break_text: autoDraw = False
148.1272 	EXP 	LDT_stim_text: height = np.float64(0.1)
148.1272 	EXP 	LDT_stim_text: height = np.float64(0.1)
148.1272 	EXP 	LDT_stim_text: height = np.float64(0.1)
148.1272 	EXP 	LDT_stim_text: text = 'gips'
148.1272 	EXP 	LDT_fix_text: autoDraw = True
148.1278 	DATA 	Keypress: a
148.2443 	EXP 	Device response: <KeyPress from None: t=148.11856080000007, value=a, duration=0.11989070000004176>
148.6111 	EXP 	LDT_stim_text: autoDraw = True
148.6194 	EXP 	LDT_fix_text: autoDraw = False
149.0451 	EXP 	Device response: <KeyPress from None: t=149.0399159000001, value=a, duration=None>
149.0454 	EXP 	New trial (rep=0, index=71): <Trial 71 (71 in rep 0) data={'Task': 'LDT', 'TrialType': 'Target', 'Stimuli': 'drove', 'StimulusType': 'word', 'CorrectResponse': 'l', 'Trialnumb': 90, 'thisN': 71, 'thisTrialN': 71, 'thisRepN': 0}>
149.0532 	EXP 	LDT_fix_text: autoDraw = False
149.0532 	EXP 	LDT_stim_text: autoDraw = False
149.0532 	EXP 	LDT_break_text: autoDraw = False
149.0532 	EXP 	LDT_stim_text: height = np.float64(0.1)
149.0532 	EXP 	LDT_stim_text: height = np.float64(0.1)
149.0532 	EXP 	LDT_stim_text: height = np.float64(0.1)
149.0532 	EXP 	LDT_stim_text: text = 'drove'
149.0532 	EXP 	LDT_fix_text: autoDraw = True
149.0537 	DATA 	Keypress: a
149.1535 	EXP 	Device response: <KeyPress from None: t=149.0399159000001, value=a, duration=0.11127160000000913>
149.5370 	EXP 	LDT_stim_text: autoDraw = True
149.5453 	EXP 	LDT_fix_text: autoDraw = False
150.3714 	EXP 	Device response: <KeyPress from None: t=150.36683489999996, value=l, duration=None>
150.3717 	EXP 	New trial (rep=0, index=72): <Trial 72 (72 in rep 0) data={'Task': 'LDT', 'TrialType': 'Target', 'Stimuli': 'trip', 'StimulusType': 'word', 'CorrectResponse': 'l', 'Trialnumb': 35, 'thisN': 72, 'thisTrialN': 72, 'thisRepN': 0}>
150.3795 	EXP 	LDT_fix_text: autoDraw = False
150.3795 	EXP 	LDT_stim_text: autoDraw = False
150.3795 	EXP 	LDT_break_text: autoDraw = False
150.3795 	EXP 	LDT_stim_text: height = np.float64(0.1)
150.3795 	EXP 	LDT_stim_text: height = np.float64(0.1)
150.3795 	EXP 	LDT_stim_text: height = np.float64(0.1)
150.3795 	EXP 	LDT_stim_text: text = 'trip'
150.3795 	EXP 	LDT_fix_text: autoDraw = True
150.3800 	DATA 	Keypress: l
150.4214 	EXP 	Device response: <KeyPress from None: t=150.36683489999996, value=l, duration=0.04771190000019487>
150.8633 	EXP 	LDT_stim_text: autoDraw = True
150.8716 	EXP 	LDT_fix_text: autoDraw = False
151.3390 	EXP 	Device response: <KeyPress from None: t=151.33479650000004, value=l, duration=None>
151.3393 	EXP 	New trial (rep=0, index=73): <Trial 73 (73 in rep 0) data={'Task': 'LDT', 'TrialType': 'Target', 'Stimuli': 'lals', 'StimulusType': 'nonword', 'CorrectResponse': 'a', 'Trialnumb': 167, 'thisN': 73, 'thisTrialN': 73, 'thisRepN': 0}>
151.3472 	EXP 	LDT_fix_text: autoDraw = False
151.3472 	EXP 	LDT_stim_text: autoDraw = False
151.3472 	EXP 	LDT_break_text: autoDraw = False
151.3472 	EXP 	LDT_stim_text: height = np.float64(0.1)
151.3472 	EXP 	LDT_stim_text: height = np.float64(0.1)
151.3472 	EXP 	LDT_stim_text: height = np.float64(0.1)
151.3472 	EXP 	LDT_stim_text: text = 'lals'
151.3472 	EXP 	LDT_fix_text: autoDraw = True
151.3478 	DATA 	Keypress: l
151.4308 	EXP 	Device response: <KeyPress from None: t=151.33479650000004, value=l, duration=0.08794439999996939>
151.8309 	EXP 	LDT_stim_text: autoDraw = True
151.8393 	EXP 	LDT_fix_text: autoDraw = False
152.3401 	EXP 	Device response: <KeyPress from None: t=152.33565820000013, value=a, duration=None>
152.3404 	EXP 	New trial (rep=0, index=74): <Trial 74 (74 in rep 0) data={'Task': 'LDT', 'TrialType': 'Target', 'Stimuli': 'mutch', 'StimulusType': 'nonword', 'CorrectResponse': 'a', 'Trialnumb': 175, 'thisN': 74, 'thisTrialN': 74, 'thisRepN': 0}>
152.3482 	EXP 	LDT_fix_text: autoDraw = False
152.3482 	EXP 	LDT_stim_text: autoDraw = False
152.3482 	EXP 	LDT_break_text: autoDraw = False
152.3482 	EXP 	LDT_stim_text: height = np.float64(0.1)
152.3482 	EXP 	LDT_stim_text: height = np.float64(0.1)
152.3482 	EXP 	LDT_stim_text: height = np.float64(0.1)
152.3482 	EXP 	LDT_stim_text: text = 'mutch'
152.3482 	EXP 	LDT_fix_text: autoDraw = True
152.3488 	DATA 	Keypress: a
152.4153 	EXP 	Device response: <KeyPress from None: t=152.33565820000013, value=a, duration=0.07931029999986094>
152.8319 	EXP 	LDT_stim_text: autoDraw = True
152.8403 	EXP 	LDT_fix_text: autoDraw = False
153.3661 	EXP 	Device response: <KeyPress from None: t=153.35868570000002, value=a, duration=None>
153.3663 	EXP 	New trial (rep=0, index=75): <Trial 75 (75 in rep 0) data={'Task': 'LDT', 'TrialType': 'Target', 'Stimuli': 'daste', 'StimulusType': 'nonword', 'CorrectResponse': 'a', 'Trialnumb': 136, 'thisN': 75, 'thisTrialN': 75, 'thisRepN': 0}>
153.3742 	EXP 	LDT_fix_text: autoDraw = False
153.3742 	EXP 	LDT_stim_text: autoDraw = False
153.3742 	EXP 	LDT_break_text: autoDraw = False
153.3742 	EXP 	LDT_stim_text: height = np.float64(0.1)
153.3742 	EXP 	LDT_stim_text: height = np.float64(0.1)
153.3742 	EXP 	LDT_stim_text: height = np.float64(0.1)
153.3742 	EXP 	LDT_stim_text: text = 'daste'
153.3742 	EXP 	LDT_fix_text: autoDraw = True
153.3747 	DATA 	Keypress: a
153.4496 	EXP 	Device response: <KeyPress from None: t=153.35868570000002, value=a, duration=0.0878107999999429>
153.8580 	EXP 	LDT_stim_text: autoDraw = True
153.8663 	EXP 	LDT_fix_text: autoDraw = False
154.3590 	EXP 	Device response: <KeyPress from None: t=154.3587215, value=a, duration=None>
154.3674 	EXP 	New trial (rep=0, index=76): <Trial 76 (76 in rep 0) data={'Task': 'LDT', 'TrialType': 'Target', 'Stimuli': 'vead', 'StimulusType': 'nonword', 'CorrectResponse': 'a', 'Trialnumb': 210, 'thisN': 76, 'thisTrialN': 76, 'thisRepN': 0}>
154.3687 	DATA 	Keypress: a
154.3751 	EXP 	LDT_fix_text: autoDraw = False
154.3751 	EXP 	LDT_stim_text: autoDraw = False
154.3751 	EXP 	LDT_break_text: autoDraw = False
154.3751 	EXP 	LDT_stim_text: height = np.float64(0.1)
154.3751 	EXP 	LDT_stim_text: height = np.float64(0.1)
154.3751 	EXP 	LDT_stim_text: height = np.float64(0.1)
154.3751 	EXP 	LDT_stim_text: text = 'vead'
154.3751 	EXP 	LDT_fix_text: autoDraw = True
154.4505 	EXP 	Device response: <KeyPress from None: t=154.3587215, value=a, duration=0.08794400000010683>
154.8590 	EXP 	LDT_stim_text: autoDraw = True
154.8673 	EXP 	LDT_fix_text: autoDraw = False
155.3182 	EXP 	Device response: <KeyPress from None: t=155.31114850000017, value=a, duration=None>
155.3184 	EXP 	New trial (rep=0, index=77): <Trial 77 (77 in rep 0) data={'Task': 'LDT', 'TrialType': 'Target', 'Stimuli': 'borm', 'StimulusType': 'nonword', 'CorrectResponse': 'a', 'Trialnumb': 124, 'thisN': 77, 'thisTrialN': 77, 'thisRepN': 0}>
155.3261 	EXP 	LDT_fix_text: autoDraw = False
155.3261 	EXP 	LDT_stim_text: autoDraw = False
155.3261 	EXP 	LDT_break_text: autoDraw = False
155.3261 	EXP 	LDT_stim_text: height = np.float64(0.1)
155.3261 	EXP 	LDT_stim_text: height = np.float64(0.1)
155.3261 	EXP 	LDT_stim_text: height = np.float64(0.1)
155.3261 	EXP 	LDT_stim_text: text = 'borm'
155.3261 	EXP 	LDT_fix_text: autoDraw = True
155.3266 	DATA 	Keypress: a
155.4097 	EXP 	Device response: <KeyPress from None: t=155.31114850000017, value=a, duration=0.09561429999985194>
155.8099 	EXP 	LDT_stim_text: autoDraw = True
155.8182 	EXP 	LDT_fix_text: autoDraw = False
156.3274 	EXP 	Device response: <KeyPress from None: t=156.32687020000003, value=a, duration=None>
156.3276 	EXP 	New trial (rep=0, index=78): <Trial 78 (78 in rep 0) data={'Task': 'LDT', 'TrialType': 'Target', 'Stimuli': 'yine', 'StimulusType': 'nonword', 'CorrectResponse': 'a', 'Trialnumb': 220, 'thisN': 78, 'thisTrialN': 78, 'thisRepN': 0}>
156.3354 	EXP 	LDT_fix_text: autoDraw = False
156.3354 	EXP 	LDT_stim_text: autoDraw = False
156.3354 	EXP 	LDT_break_text: autoDraw = False
156.3354 	EXP 	LDT_stim_text: height = np.float64(0.1)
156.3354 	EXP 	LDT_stim_text: height = np.float64(0.1)
156.3354 	EXP 	LDT_stim_text: height = np.float64(0.1)
156.3354 	EXP 	LDT_stim_text: text = 'yine'
156.3354 	EXP 	LDT_fix_text: autoDraw = True
156.3359 	DATA 	Keypress: a
156.4525 	EXP 	Device response: <KeyPress from None: t=156.32687020000003, value=a, duration=0.11979250000013053>
156.8193 	EXP 	LDT_stim_text: autoDraw = True
156.8276 	EXP 	LDT_fix_text: autoDraw = False
157.3200 	EXP 	Device response: <KeyPress from None: t=157.3189929, value=a, duration=None>
157.3202 	EXP 	New trial (rep=0, index=79): <Trial 79 (79 in rep 0) data={'Task': 'LDT', 'TrialType': 'Target', 'Stimuli': 'cast', 'StimulusType': 'word', 'CorrectResponse': 'l', 'Trialnumb': 95, 'thisN': 79, 'thisTrialN': 79, 'thisRepN': 0}>
157.3281 	EXP 	LDT_fix_text: autoDraw = False
157.3281 	EXP 	LDT_stim_text: autoDraw = False
157.3281 	EXP 	LDT_break_text: autoDraw = False
157.3281 	EXP 	LDT_stim_text: height = np.float64(0.1)
157.3281 	EXP 	LDT_stim_text: height = np.float64(0.1)
157.3281 	EXP 	LDT_stim_text: height = np.float64(0.1)
157.3281 	EXP 	LDT_stim_text: text = 'cast'
157.3281 	EXP 	LDT_fix_text: autoDraw = True
157.3286 	DATA 	Keypress: a
157.4452 	EXP 	Device response: <KeyPress from None: t=157.3189929, value=a, duration=0.119912099999965>
157.8119 	EXP 	LDT_stim_text: autoDraw = True
157.8202 	EXP 	LDT_fix_text: autoDraw = False
158.3044 	EXP 	Device response: <KeyPress from None: t=158.30278850000013, value=a, duration=None>
158.3046 	EXP 	New trial (rep=0, index=80): <Trial 80 (80 in rep 0) data={'Task': 'LDT', 'TrialType': 'Target', 'Stimuli': 'hass', 'StimulusType': 'nonword', 'CorrectResponse': 'a', 'Trialnumb': 151, 'thisN': 80, 'thisTrialN': 80, 'thisRepN': 0}>
158.3124 	EXP 	LDT_fix_text: autoDraw = False
158.3124 	EXP 	LDT_stim_text: autoDraw = False
158.3124 	EXP 	LDT_break_text: autoDraw = False
158.3124 	EXP 	LDT_stim_text: height = np.float64(0.1)
158.3124 	EXP 	LDT_stim_text: height = np.float64(0.1)
158.3124 	EXP 	LDT_stim_text: height = np.float64(0.1)
158.3124 	EXP 	LDT_stim_text: text = 'hass'
158.3124 	EXP 	LDT_fix_text: autoDraw = True
158.3130 	DATA 	Keypress: a
158.4045 	EXP 	Device response: <KeyPress from None: t=158.30278850000013, value=a, duration=0.09600219999992987>
158.7962 	EXP 	LDT_stim_text: autoDraw = True
158.8045 	EXP 	LDT_fix_text: autoDraw = False
159.5806 	EXP 	Device response: <KeyPress from None: t=159.57450240000003, value=a, duration=None>
159.5809 	EXP 	New trial (rep=0, index=81): <Trial 81 (81 in rep 0) data={'Task': 'LDT', 'TrialType': 'Target', 'Stimuli': 'saos', 'StimulusType': 'nonword', 'CorrectResponse': 'a', 'Trialnumb': 115, 'thisN': 81, 'thisTrialN': 81, 'thisRepN': 0}>
159.5887 	EXP 	LDT_fix_text: autoDraw = False
159.5887 	EXP 	LDT_stim_text: autoDraw = False
159.5887 	EXP 	LDT_break_text: autoDraw = False
159.5887 	EXP 	LDT_stim_text: height = np.float64(0.1)
159.5887 	EXP 	LDT_stim_text: height = np.float64(0.1)
159.5887 	EXP 	LDT_stim_text: height = np.float64(0.1)
159.5887 	EXP 	LDT_stim_text: text = 'saos'
159.5887 	EXP 	LDT_fix_text: autoDraw = True
159.5892 	DATA 	Keypress: a
159.6975 	EXP 	Device response: <KeyPress from None: t=159.57450240000003, value=a, duration=0.11981510000009621>
160.0725 	EXP 	LDT_stim_text: autoDraw = True
160.0808 	EXP 	LDT_fix_text: autoDraw = False
160.5566 	EXP 	Device response: <KeyPress from None: t=160.5509664000001, value=a, duration=None>
160.5568 	EXP 	New trial (rep=0, index=82): <Trial 82 (82 in rep 0) data={'Task': 'LDT', 'TrialType': 'Target', 'Stimuli': 'stap', 'StimulusType': 'nonword', 'CorrectResponse': 'a', 'Trialnumb': 199, 'thisN': 82, 'thisTrialN': 82, 'thisRepN': 0}>
160.5647 	EXP 	LDT_fix_text: autoDraw = False
160.5647 	EXP 	LDT_stim_text: autoDraw = False
160.5647 	EXP 	LDT_break_text: autoDraw = False
160.5647 	EXP 	LDT_stim_text: height = np.float64(0.1)
160.5647 	EXP 	LDT_stim_text: height = np.float64(0.1)
160.5647 	EXP 	LDT_stim_text: height = np.float64(0.1)
160.5647 	EXP 	LDT_stim_text: text = 'stap'
160.5647 	EXP 	LDT_fix_text: autoDraw = True
160.5654 	DATA 	Keypress: a
160.6484 	EXP 	Device response: <KeyPress from None: t=160.5509664000001, value=a, duration=0.09584389999986342>
161.0485 	EXP 	LDT_stim_text: autoDraw = True
161.0568 	EXP 	LDT_fix_text: autoDraw = False
161.6327 	EXP 	Device response: <KeyPress from None: t=161.63108050000005, value=a, duration=None>
161.6329 	EXP 	New trial (rep=0, index=83): <Trial 83 (83 in rep 0) data={'Task': 'LDT', 'TrialType': 'Target', 'Stimuli': 'water', 'StimulusType': 'word', 'CorrectResponse': 'l', 'Trialnumb': 3, 'thisN': 83, 'thisTrialN': 83, 'thisRepN': 0}>
161.6407 	EXP 	LDT_fix_text: autoDraw = False
161.6407 	EXP 	LDT_stim_text: autoDraw = False
161.6407 	EXP 	LDT_break_text: autoDraw = False
161.6407 	EXP 	LDT_stim_text: height = np.float64(0.1)
161.6407 	EXP 	LDT_stim_text: height = np.float64(0.1)
161.6407 	EXP 	LDT_stim_text: height = np.float64(0.1)
161.6407 	EXP 	LDT_stim_text: text = 'water'
161.6407 	EXP 	LDT_fix_text: autoDraw = True
161.6413 	DATA 	Keypress: a
161.7662 	EXP 	Device response: <KeyPress from None: t=161.63108050000005, value=a, duration=0.12745650000010755>
162.1247 	EXP 	LDT_stim_text: autoDraw = True
162.1330 	EXP 	LDT_fix_text: autoDraw = False
162.6253 	EXP 	Device response: <KeyPress from None: t=162.62343370000008, value=l, duration=None>
162.6256 	EXP 	New trial (rep=0, index=84): <Trial 84 (84 in rep 0) data={'Task': 'LDT', 'TrialType': 'Target', 'Stimuli': 'juck', 'StimulusType': 'nonword', 'CorrectResponse': 'a', 'Trialnumb': 161, 'thisN': 84, 'thisTrialN': 84, 'thisRepN': 0}>
162.6334 	EXP 	LDT_fix_text: autoDraw = False
162.6334 	EXP 	LDT_stim_text: autoDraw = False
162.6334 	EXP 	LDT_break_text: autoDraw = False
162.6334 	EXP 	LDT_stim_text: height = np.float64(0.1)
162.6334 	EXP 	LDT_stim_text: height = np.float64(0.1)
162.6334 	EXP 	LDT_stim_text: height = np.float64(0.1)
162.6334 	EXP 	LDT_stim_text: text = 'juck'
162.6334 	EXP 	LDT_fix_text: autoDraw = True
162.6339 	DATA 	Keypress: l
162.7171 	EXP 	Device response: <KeyPress from None: t=162.62343370000008, value=l, duration=0.08706129999995937>
163.1172 	EXP 	LDT_stim_text: autoDraw = True
163.1255 	EXP 	LDT_fix_text: autoDraw = False
163.7514 	EXP 	Device response: <KeyPress from None: t=163.74328860000014, value=a, duration=None>
163.7517 	EXP 	New trial (rep=0, index=85): <Trial 85 (85 in rep 0) data={'Task': 'LDT', 'TrialType': 'Target', 'Stimuli': 'food', 'StimulusType': 'word', 'CorrectResponse': 'l', 'Trialnumb': 5, 'thisN': 85, 'thisTrialN': 85, 'thisRepN': 0}>
163.7595 	EXP 	LDT_fix_text: autoDraw = False
163.7595 	EXP 	LDT_stim_text: autoDraw = False
163.7595 	EXP 	LDT_break_text: autoDraw = False
163.7595 	EXP 	LDT_stim_text: height = np.float64(0.1)
163.7595 	EXP 	LDT_stim_text: height = np.float64(0.1)
163.7595 	EXP 	LDT_stim_text: height = np.float64(0.1)
163.7595 	EXP 	LDT_stim_text: text = 'food'
163.7595 	EXP 	LDT_fix_text: autoDraw = True
163.7600 	DATA 	Keypress: a
163.8265 	EXP 	Device response: <KeyPress from None: t=163.74328860000014, value=a, duration=0.07913539999981367>
164.2433 	EXP 	LDT_stim_text: autoDraw = True
164.2517 	EXP 	LDT_fix_text: autoDraw = False
164.7941 	EXP 	Device response: <KeyPress from None: t=164.79160990000014, value=l, duration=None>
164.7944 	EXP 	New trial (rep=0, index=86): <Trial 86 (86 in rep 0) data={'Task': 'LDT', 'TrialType': 'Target', 'Stimuli': 'wake', 'StimulusType': 'word', 'CorrectResponse': 'l', 'Trialnumb': 63, 'thisN': 86, 'thisTrialN': 86, 'thisRepN': 0}>
164.8022 	EXP 	LDT_fix_text: autoDraw = False
164.8022 	EXP 	LDT_stim_text: autoDraw = False
164.8022 	EXP 	LDT_break_text: autoDraw = False
164.8022 	EXP 	LDT_stim_text: height = np.float64(0.1)
164.8022 	EXP 	LDT_stim_text: height = np.float64(0.1)
164.8022 	EXP 	LDT_stim_text: height = np.float64(0.1)
164.8022 	EXP 	LDT_stim_text: text = 'wake'
164.8022 	EXP 	LDT_fix_text: autoDraw = True
164.8027 	DATA 	Keypress: l
164.8777 	EXP 	Device response: <KeyPress from None: t=164.79160990000014, value=l, duration=0.07966919999989841>
165.2860 	EXP 	LDT_stim_text: autoDraw = True
165.2943 	EXP 	LDT_fix_text: autoDraw = False
165.8702 	EXP 	Device response: <KeyPress from None: t=165.86305590000006, value=l, duration=None>
165.8705 	EXP 	New trial (rep=0, index=87): <Trial 87 (87 in rep 0) data={'Task': 'LDT', 'TrialType': 'Target', 'Stimuli': 'look', 'StimulusType': 'word', 'CorrectResponse': 'l', 'Trialnumb': 2, 'thisN': 87, 'thisTrialN': 87, 'thisRepN': 0}>
165.8783 	EXP 	LDT_fix_text: autoDraw = False
165.8783 	EXP 	LDT_stim_text: autoDraw = False
165.8783 	EXP 	LDT_break_text: autoDraw = False
165.8783 	EXP 	LDT_stim_text: height = np.float64(0.1)
165.8783 	EXP 	LDT_stim_text: height = np.float64(0.1)
165.8783 	EXP 	LDT_stim_text: height = np.float64(0.1)
165.8783 	EXP 	LDT_stim_text: text = 'look'
165.8783 	EXP 	LDT_fix_text: autoDraw = True
165.8788 	DATA 	Keypress: l
165.9619 	EXP 	Device response: <KeyPress from None: t=165.86305590000006, value=l, duration=0.09553310000001147>
166.3621 	EXP 	LDT_stim_text: autoDraw = True
166.3704 	EXP 	LDT_fix_text: autoDraw = False
166.8963 	EXP 	Device response: <KeyPress from None: t=166.89456610000002, value=l, duration=None>
166.8965 	EXP 	New trial (rep=0, index=88): <Trial 88 (88 in rep 0) data={'Task': 'LDT', 'TrialType': 'Target', 'Stimuli': 'warm', 'StimulusType': 'word', 'CorrectResponse': 'l', 'Trialnumb': 60, 'thisN': 88, 'thisTrialN': 88, 'thisRepN': 0}>
166.9043 	EXP 	LDT_fix_text: autoDraw = False
166.9043 	EXP 	LDT_stim_text: autoDraw = False
166.9043 	EXP 	LDT_break_text: autoDraw = False
166.9043 	EXP 	LDT_stim_text: height = np.float64(0.1)
166.9043 	EXP 	LDT_stim_text: height = np.float64(0.1)
166.9043 	EXP 	LDT_stim_text: height = np.float64(0.1)
166.9043 	EXP 	LDT_stim_text: text = 'warm'
166.9043 	EXP 	LDT_fix_text: autoDraw = True
166.9049 	DATA 	Keypress: l
166.9713 	EXP 	Device response: <KeyPress from None: t=166.89456610000002, value=l, duration=0.07214980000003379>
167.3881 	EXP 	LDT_stim_text: autoDraw = True
167.3965 	EXP 	LDT_fix_text: autoDraw = False
167.9389 	EXP 	Device response: <KeyPress from None: t=167.9350296, value=l, duration=None>
167.9391 	EXP 	New trial (rep=0, index=89): <Trial 89 (89 in rep 0) data={'Task': 'LDT', 'TrialType': 'Target', 'Stimuli': 'spin', 'StimulusType': 'word', 'CorrectResponse': 'l', 'Trialnumb': 107, 'thisN': 89, 'thisTrialN': 89, 'thisRepN': 0}>
167.9471 	EXP 	LDT_fix_text: autoDraw = False
167.9471 	EXP 	LDT_stim_text: autoDraw = False
167.9471 	EXP 	LDT_break_text: autoDraw = False
167.9471 	EXP 	LDT_stim_text: height = np.float64(0.1)
167.9471 	EXP 	LDT_stim_text: height = np.float64(0.1)
167.9471 	EXP 	LDT_stim_text: height = np.float64(0.1)
167.9471 	EXP 	LDT_stim_text: text = 'spin'
167.9471 	EXP 	LDT_fix_text: autoDraw = True
167.9477 	DATA 	Keypress: l
168.0307 	EXP 	Device response: <KeyPress from None: t=167.9350296, value=l, duration=0.08748779999996259>
168.4308 	EXP 	LDT_stim_text: autoDraw = True
168.4392 	EXP 	LDT_fix_text: autoDraw = False
168.9483 	EXP 	Device response: <KeyPress from None: t=168.9427392, value=l, duration=None>
168.9485 	EXP 	New trial (rep=0, index=90): <Trial 90 (90 in rep 0) data={'Task': 'LDT', 'TrialType': 'Target', 'Stimuli': 'job', 'StimulusType': 'word', 'CorrectResponse': 'l', 'Trialnumb': 26, 'thisN': 90, 'thisTrialN': 90, 'thisRepN': 0}>
168.9563 	EXP 	LDT_fix_text: autoDraw = False
168.9563 	EXP 	LDT_stim_text: autoDraw = False
168.9563 	EXP 	LDT_break_text: autoDraw = False
168.9563 	EXP 	LDT_stim_text: height = np.float64(0.1)
168.9563 	EXP 	LDT_stim_text: height = np.float64(0.1)
168.9563 	EXP 	LDT_stim_text: height = np.float64(0.1)
168.9563 	EXP 	LDT_stim_text: text = 'job'
168.9563 	EXP 	LDT_fix_text: autoDraw = True
168.9568 	DATA 	Keypress: l
169.0401 	EXP 	Device response: <KeyPress from None: t=168.9427392, value=l, duration=0.09586330000001908>
169.4401 	EXP 	LDT_stim_text: autoDraw = True
169.4485 	EXP 	LDT_fix_text: autoDraw = False
169.9493 	EXP 	Device response: <KeyPress from None: t=169.94240830000012, value=l, duration=None>
169.9495 	EXP 	New trial (rep=0, index=91): <Trial 91 (91 in rep 0) data={'Task': 'LDT', 'TrialType': 'Target', 'Stimuli': 'bond', 'StimulusType': 'word', 'CorrectResponse': 'l', 'Trialnumb': 87, 'thisN': 91, 'thisTrialN': 91, 'thisRepN': 0}>
169.9573 	EXP 	LDT_fix_text: autoDraw = False
169.9573 	EXP 	LDT_stim_text: autoDraw = False
169.9573 	EXP 	LDT_break_text: autoDraw = False
169.9573 	EXP 	LDT_stim_text: height = np.float64(0.1)
169.9573 	EXP 	LDT_stim_text: height = np.float64(0.1)
169.9573 	EXP 	LDT_stim_text: height = np.float64(0.1)
169.9573 	EXP 	LDT_stim_text: text = 'bond'
169.9573 	EXP 	LDT_fix_text: autoDraw = True
169.9578 	DATA 	Keypress: l
170.0327 	EXP 	Device response: <KeyPress from None: t=169.94240830000012, value=l, duration=0.08794269999998505>
170.4412 	EXP 	LDT_stim_text: autoDraw = True
170.4495 	EXP 	LDT_fix_text: autoDraw = False
170.9587 	EXP 	Device response: <KeyPress from None: t=170.95104880000008, value=l, duration=None>
170.9589 	EXP 	New trial (rep=0, index=92): <Trial 92 (92 in rep 0) data={'Task': 'LDT', 'TrialType': 'Target', 'Stimuli': 'hoon', 'StimulusType': 'nonword', 'CorrectResponse': 'a', 'Trialnumb': 155, 'thisN': 92, 'thisTrialN': 92, 'thisRepN': 0}>
170.9667 	EXP 	LDT_fix_text: autoDraw = False
170.9667 	EXP 	LDT_stim_text: autoDraw = False
170.9667 	EXP 	LDT_break_text: autoDraw = False
170.9667 	EXP 	LDT_stim_text: height = np.float64(0.1)
170.9667 	EXP 	LDT_stim_text: height = np.float64(0.1)
170.9667 	EXP 	LDT_stim_text: height = np.float64(0.1)
170.9667 	EXP 	LDT_stim_text: text = 'hoon'
170.9667 	EXP 	LDT_fix_text: autoDraw = True
170.9673 	DATA 	Keypress: l
171.0337 	EXP 	Device response: <KeyPress from None: t=170.95104880000008, value=l, duration=0.07952619999991839>
171.4505 	EXP 	LDT_stim_text: autoDraw = True
171.4589 	EXP 	LDT_fix_text: autoDraw = False
172.5018 	EXP 	Device response: <KeyPress from None: t=172.4943197, value=a, duration=None>
172.5021 	EXP 	New trial (rep=0, index=93): <Trial 93 (93 in rep 0) data={'Task': 'LDT', 'TrialType': 'Target', 'Stimuli': 'plue', 'StimulusType': 'nonword', 'CorrectResponse': 'a', 'Trialnumb': 181, 'thisN': 93, 'thisTrialN': 93, 'thisRepN': 0}>
172.5100 	EXP 	LDT_fix_text: autoDraw = False
172.5100 	EXP 	LDT_stim_text: autoDraw = False
172.5100 	EXP 	LDT_break_text: autoDraw = False
172.5100 	EXP 	LDT_stim_text: height = np.float64(0.1)
172.5100 	EXP 	LDT_stim_text: height = np.float64(0.1)
172.5100 	EXP 	LDT_stim_text: height = np.float64(0.1)
172.5100 	EXP 	LDT_stim_text: text = 'plue'
172.5100 	EXP 	LDT_fix_text: autoDraw = True
172.5105 	DATA 	Keypress: a
172.5936 	EXP 	Device response: <KeyPress from None: t=172.4943197, value=a, duration=0.09635509999998249>
172.9937 	EXP 	LDT_stim_text: autoDraw = True
173.0021 	EXP 	LDT_fix_text: autoDraw = False
173.5197 	EXP 	Device response: <KeyPress from None: t=173.51917150000008, value=l, duration=None>
173.5199 	EXP 	New trial (rep=0, index=94): <Trial 94 (94 in rep 0) data={'Task': 'LDT', 'TrialType': 'Target', 'Stimuli': 'nind', 'StimulusType': 'nonword', 'CorrectResponse': 'a', 'Trialnumb': 177, 'thisN': 94, 'thisTrialN': 94, 'thisRepN': 0}>
173.5275 	EXP 	LDT_fix_text: autoDraw = False
173.5275 	EXP 	LDT_stim_text: autoDraw = False
173.5275 	EXP 	LDT_break_text: autoDraw = False
173.5275 	EXP 	LDT_stim_text: height = np.float64(0.1)
173.5275 	EXP 	LDT_stim_text: height = np.float64(0.1)
173.5275 	EXP 	LDT_stim_text: height = np.float64(0.1)
173.5275 	EXP 	LDT_stim_text: text = 'nind'
173.5275 	EXP 	LDT_fix_text: autoDraw = True
173.5280 	DATA 	Keypress: l
173.6196 	EXP 	Device response: <KeyPress from None: t=173.51917150000008, value=l, duration=0.097001599999885>
174.0114 	EXP 	LDT_stim_text: autoDraw = True
174.0197 	EXP 	LDT_fix_text: autoDraw = False
174.7040 	EXP 	Device response: <KeyPress from None: t=174.70236850000015, value=a, duration=None>
174.7043 	EXP 	New trial (rep=0, index=95): <Trial 95 (95 in rep 0) data={'Task': 'LDT', 'TrialType': 'Target', 'Stimuli': 'jeed', 'StimulusType': 'nonword', 'CorrectResponse': 'a', 'Trialnumb': 158, 'thisN': 95, 'thisTrialN': 95, 'thisRepN': 0}>
174.7121 	EXP 	LDT_fix_text: autoDraw = False
174.7121 	EXP 	LDT_stim_text: autoDraw = False
174.7121 	EXP 	LDT_break_text: autoDraw = False
174.7121 	EXP 	LDT_stim_text: height = np.float64(0.1)
174.7121 	EXP 	LDT_stim_text: height = np.float64(0.1)
174.7121 	EXP 	LDT_stim_text: height = np.float64(0.1)
174.7121 	EXP 	LDT_stim_text: text = 'jeed'
174.7121 	EXP 	LDT_fix_text: autoDraw = True
174.7126 	DATA 	Keypress: a
174.7874 	EXP 	Device response: <KeyPress from None: t=174.70236850000015, value=a, duration=0.08147089999988566>
175.1959 	EXP 	LDT_stim_text: autoDraw = True
175.2042 	EXP 	LDT_fix_text: autoDraw = False
175.7718 	EXP 	Device response: <KeyPress from None: t=175.76762470000017, value=a, duration=None>
175.7720 	EXP 	New trial (rep=0, index=96): <Trial 96 (96 in rep 0) data={'Task': 'LDT', 'TrialType': 'Target', 'Stimuli': 'tran', 'StimulusType': 'nonword', 'CorrectResponse': 'a', 'Trialnumb': 206, 'thisN': 96, 'thisTrialN': 96, 'thisRepN': 0}>
175.7798 	EXP 	LDT_fix_text: autoDraw = False
175.7798 	EXP 	LDT_stim_text: autoDraw = False
175.7798 	EXP 	LDT_break_text: autoDraw = False
175.7798 	EXP 	LDT_stim_text: height = np.float64(0.1)
175.7798 	EXP 	LDT_stim_text: height = np.float64(0.1)
175.7798 	EXP 	LDT_stim_text: height = np.float64(0.1)
175.7798 	EXP 	LDT_stim_text: text = 'tran'
175.7798 	EXP 	LDT_fix_text: autoDraw = True
175.7803 	DATA 	Keypress: a
175.8719 	EXP 	Device response: <KeyPress from None: t=175.76762470000017, value=a, duration=0.10277369999994335>
176.2636 	EXP 	LDT_stim_text: autoDraw = True
176.2720 	EXP 	LDT_fix_text: autoDraw = False
176.7727 	EXP 	Device response: <KeyPress from None: t=176.76707299999998, value=a, duration=None>
176.7730 	EXP 	New trial (rep=0, index=97): <Trial 97 (97 in rep 0) data={'Task': 'LDT', 'TrialType': 'Target', 'Stimuli': 'burz', 'StimulusType': 'nonword', 'CorrectResponse': 'a', 'Trialnumb': 112, 'thisN': 97, 'thisTrialN': 97, 'thisRepN': 0}>
176.7808 	EXP 	LDT_fix_text: autoDraw = False
176.7808 	EXP 	LDT_stim_text: autoDraw = False
176.7808 	EXP 	LDT_break_text: autoDraw = False
176.7808 	EXP 	LDT_stim_text: height = np.float64(0.1)
176.7808 	EXP 	LDT_stim_text: height = np.float64(0.1)
176.7808 	EXP 	LDT_stim_text: height = np.float64(0.1)
176.7808 	EXP 	LDT_stim_text: text = 'burz'
176.7808 	EXP 	LDT_fix_text: autoDraw = True
176.7813 	DATA 	Keypress: a
176.8562 	EXP 	Device response: <KeyPress from None: t=176.76707299999998, value=a, duration=0.08727190000013252>
177.2646 	EXP 	LDT_stim_text: autoDraw = True
177.2730 	EXP 	LDT_fix_text: autoDraw = False
177.7821 	EXP 	Device response: <KeyPress from None: t=177.77490000000012, value=a, duration=None>
177.7823 	EXP 	New trial (rep=0, index=98): <Trial 98 (98 in rep 0) data={'Task': 'LDT', 'TrialType': 'Target', 'Stimuli': 'cean', 'StimulusType': 'nonword', 'CorrectResponse': 'a', 'Trialnumb': 126, 'thisN': 98, 'thisTrialN': 98, 'thisRepN': 0}>
177.7901 	EXP 	LDT_fix_text: autoDraw = False
177.7901 	EXP 	LDT_stim_text: autoDraw = False
177.7901 	EXP 	LDT_break_text: autoDraw = False
177.7901 	EXP 	LDT_stim_text: height = np.float64(0.1)
177.7901 	EXP 	LDT_stim_text: height = np.float64(0.1)
177.7901 	EXP 	LDT_stim_text: height = np.float64(0.1)
177.7901 	EXP 	LDT_stim_text: text = 'cean'
177.7901 	EXP 	LDT_fix_text: autoDraw = True
177.7907 	DATA 	Keypress: a
177.8738 	EXP 	Device response: <KeyPress from None: t=177.77490000000012, value=a, duration=0.09539549999999508>
178.2739 	EXP 	LDT_stim_text: autoDraw = True
178.2823 	EXP 	LDT_fix_text: autoDraw = False
178.7915 	EXP 	Device response: <KeyPress from None: t=178.7909929, value=a, duration=None>
178.7917 	EXP 	New trial (rep=0, index=99): <Trial 99 (99 in rep 0) data={'Task': 'LDT', 'TrialType': 'Target', 'Stimuli': 'bust', 'StimulusType': 'word', 'CorrectResponse': 'l', 'Trialnumb': 91, 'thisN': 99, 'thisTrialN': 99, 'thisRepN': 0}>
178.7995 	EXP 	LDT_fix_text: autoDraw = False
178.7995 	EXP 	LDT_stim_text: autoDraw = False
178.7995 	EXP 	LDT_break_text: autoDraw = False
178.7995 	EXP 	LDT_stim_text: height = np.float64(0.1)
178.7995 	EXP 	LDT_stim_text: height = np.float64(0.1)
178.7995 	EXP 	LDT_stim_text: height = np.float64(0.1)
178.7995 	EXP 	LDT_stim_text: text = 'bust'
178.7995 	EXP 	LDT_fix_text: autoDraw = True
178.8000 	DATA 	Keypress: a
178.9082 	EXP 	Device response: <KeyPress from None: t=178.7909929, value=a, duration=0.11134680000009212>
179.2833 	EXP 	LDT_stim_text: autoDraw = True
179.2917 	EXP 	LDT_fix_text: autoDraw = False
180.1762 	EXP 	Device response: <KeyPress from None: t=180.17522870000016, value=l, duration=None>
180.1765 	EXP 	New trial (rep=0, index=100): <Trial 100 (100 in rep 0) data={'Task': 'LDT', 'TrialType': 'Target', 'Stimuli': 'blue', 'StimulusType': 'word', 'CorrectResponse': 'l', 'Trialnumb': 57, 'thisN': 100, 'thisTrialN': 100, 'thisRepN': 0}>
180.1842 	EXP 	LDT_fix_text: autoDraw = False
180.1842 	EXP 	LDT_stim_text: autoDraw = False
180.1842 	EXP 	LDT_break_text: autoDraw = False
180.1842 	EXP 	LDT_stim_text: height = np.float64(0.1)
180.1842 	EXP 	LDT_stim_text: height = np.float64(0.1)
180.1842 	EXP 	LDT_stim_text: height = np.float64(0.1)
180.1842 	EXP 	LDT_stim_text: text = 'blue'
180.1842 	EXP 	LDT_fix_text: autoDraw = True
180.1847 	DATA 	Keypress: l
180.2596 	EXP 	Device response: <KeyPress from None: t=180.17522870000016, value=l, duration=0.07925199999999677>
180.6680 	EXP 	LDT_stim_text: autoDraw = True
180.6763 	EXP 	LDT_fix_text: autoDraw = False
181.1521 	EXP 	Device response: <KeyPress from None: t=181.15097250000008, value=l, duration=None>
181.1523 	EXP 	New trial (rep=0, index=101): <Trial 101 (101 in rep 0) data={'Task': 'LDT', 'TrialType': 'Target', 'Stimuli': 'frow', 'StimulusType': 'nonword', 'CorrectResponse': 'a', 'Trialnumb': 142, 'thisN': 101, 'thisTrialN': 101, 'thisRepN': 0}>
181.1601 	EXP 	LDT_fix_text: autoDraw = False
181.1601 	EXP 	LDT_stim_text: autoDraw = False
181.1601 	EXP 	LDT_break_text: autoDraw = False
181.1601 	EXP 	LDT_stim_text: height = np.float64(0.1)
181.1601 	EXP 	LDT_stim_text: height = np.float64(0.1)
181.1601 	EXP 	LDT_stim_text: height = np.float64(0.1)
181.1601 	EXP 	LDT_stim_text: text = 'frow'
181.1601 	EXP 	LDT_fix_text: autoDraw = True
181.1607 	DATA 	Keypress: l
181.1939 	EXP 	Device response: <KeyPress from None: t=181.15097250000008, value=l, duration=0.03976790000001529>
181.6440 	EXP 	LDT_stim_text: autoDraw = True
181.6523 	EXP 	LDT_fix_text: autoDraw = False
182.1365 	EXP 	Device response: <KeyPress from None: t=182.13456510000015, value=l, duration=None>
182.1367 	EXP 	New trial (rep=0, index=102): <Trial 102 (102 in rep 0) data={'Task': 'LDT', 'TrialType': 'Target', 'Stimuli': 'large', 'StimulusType': 'word', 'CorrectResponse': 'l', 'Trialnumb': 29, 'thisN': 102, 'thisTrialN': 102, 'thisRepN': 0}>
182.1445 	EXP 	LDT_fix_text: autoDraw = False
182.1445 	EXP 	LDT_stim_text: autoDraw = False
182.1445 	EXP 	LDT_break_text: autoDraw = False
182.1445 	EXP 	LDT_stim_text: height = np.float64(0.1)
182.1445 	EXP 	LDT_stim_text: height = np.float64(0.1)
182.1445 	EXP 	LDT_stim_text: height = np.float64(0.1)
182.1445 	EXP 	LDT_stim_text: text = 'large'
182.1445 	EXP 	LDT_fix_text: autoDraw = True
182.1450 	DATA 	Keypress: l
182.1866 	EXP 	Device response: <KeyPress from None: t=182.13456510000015, value=l, duration=0.049198999999816806>
182.6283 	EXP 	LDT_stim_text: autoDraw = True
182.6366 	EXP 	LDT_fix_text: autoDraw = False
183.1291 	EXP 	Device response: <KeyPress from None: t=183.12638040000002, value=l, duration=None>
183.1293 	EXP 	New trial (rep=0, index=103): <Trial 103 (103 in rep 0) data={'Task': 'LDT', 'TrialType': 'Target', 'Stimuli': 'suck', 'StimulusType': 'word', 'CorrectResponse': 'l', 'Trialnumb': 83, 'thisN': 103, 'thisTrialN': 103, 'thisRepN': 0}>
183.1371 	EXP 	LDT_fix_text: autoDraw = False
183.1371 	EXP 	LDT_stim_text: autoDraw = False
183.1371 	EXP 	LDT_break_text: autoDraw = False
183.1371 	EXP 	LDT_stim_text: height = np.float64(0.1)
183.1371 	EXP 	LDT_stim_text: height = np.float64(0.1)
183.1371 	EXP 	LDT_stim_text: height = np.float64(0.1)
183.1371 	EXP 	LDT_stim_text: text = 'suck'
183.1371 	EXP 	LDT_fix_text: autoDraw = True
183.1377 	DATA 	Keypress: l
183.2043 	EXP 	Device response: <KeyPress from None: t=183.12638040000002, value=l, duration=0.07330410000008669>
183.6209 	EXP 	LDT_stim_text: autoDraw = True
183.6293 	EXP 	LDT_fix_text: autoDraw = False
184.1552 	EXP 	Device response: <KeyPress from None: t=184.15057030000003, value=l, duration=None>
184.1554 	EXP 	New trial (rep=0, index=104): <Trial 104 (104 in rep 0) data={'Task': 'LDT', 'TrialType': 'Target', 'Stimuli': 'host', 'StimulusType': 'word', 'CorrectResponse': 'l', 'Trialnumb': 106, 'thisN': 104, 'thisTrialN': 104, 'thisRepN': 0}>
184.1631 	EXP 	LDT_fix_text: autoDraw = False
184.1631 	EXP 	LDT_stim_text: autoDraw = False
184.1631 	EXP 	LDT_break_text: autoDraw = False
184.1631 	EXP 	LDT_stim_text: height = np.float64(0.1)
184.1631 	EXP 	LDT_stim_text: height = np.float64(0.1)
184.1631 	EXP 	LDT_stim_text: height = np.float64(0.1)
184.1631 	EXP 	LDT_stim_text: text = 'host'
184.1631 	EXP 	LDT_fix_text: autoDraw = True
184.1636 	DATA 	Keypress: l
184.2135 	EXP 	Device response: <KeyPress from None: t=184.15057030000003, value=l, duration=0.056552600000031816>
184.6469 	EXP 	LDT_stim_text: autoDraw = True
184.6553 	EXP 	LDT_fix_text: autoDraw = False
185.1311 	EXP 	Device response: <KeyPress from None: t=185.12653290000003, value=l, duration=None>
185.1314 	EXP 	New trial (rep=0, index=105): <Trial 105 (105 in rep 0) data={'Task': 'LDT', 'TrialType': 'Target', 'Stimuli': 'side', 'StimulusType': 'word', 'CorrectResponse': 'l', 'Trialnumb': 48, 'thisN': 105, 'thisTrialN': 105, 'thisRepN': 0}>
185.1391 	EXP 	LDT_fix_text: autoDraw = False
185.1391 	EXP 	LDT_stim_text: autoDraw = False
185.1391 	EXP 	LDT_break_text: autoDraw = False
185.1391 	EXP 	LDT_stim_text: height = np.float64(0.1)
185.1391 	EXP 	LDT_stim_text: height = np.float64(0.1)
185.1391 	EXP 	LDT_stim_text: height = np.float64(0.1)
185.1391 	EXP 	LDT_stim_text: text = 'side'
185.1391 	EXP 	LDT_fix_text: autoDraw = True
185.1396 	DATA 	Keypress: l
185.2144 	EXP 	Device response: <KeyPress from None: t=185.12653290000003, value=l, duration=0.08007939999993141>
185.6229 	EXP 	LDT_stim_text: autoDraw = True
185.6313 	EXP 	LDT_fix_text: autoDraw = False
186.1154 	EXP 	Device response: <KeyPress from None: t=186.11054650000005, value=l, duration=None>
186.1156 	EXP 	New trial (rep=0, index=106): <Trial 106 (106 in rep 0) data={'Task': 'LDT', 'TrialType': 'Target', 'Stimuli': 'pick', 'StimulusType': 'word', 'CorrectResponse': 'l', 'Trialnumb': 58, 'thisN': 106, 'thisTrialN': 106, 'thisRepN': 0}>
186.1234 	EXP 	LDT_fix_text: autoDraw = False
186.1234 	EXP 	LDT_stim_text: autoDraw = False
186.1234 	EXP 	LDT_break_text: autoDraw = False
186.1234 	EXP 	LDT_stim_text: height = np.float64(0.1)
186.1234 	EXP 	LDT_stim_text: height = np.float64(0.1)
186.1234 	EXP 	LDT_stim_text: height = np.float64(0.1)
186.1234 	EXP 	LDT_stim_text: text = 'pick'
186.1234 	EXP 	LDT_fix_text: autoDraw = True
186.1240 	DATA 	Keypress: l
186.1987 	EXP 	Device response: <KeyPress from None: t=186.11054650000005, value=l, duration=0.07999640000002728>
186.6073 	EXP 	LDT_stim_text: autoDraw = True
186.6156 	EXP 	LDT_fix_text: autoDraw = False
187.0580 	EXP 	Device response: <KeyPress from None: t=187.05444280000006, value=l, duration=None>
187.0582 	EXP 	New trial (rep=0, index=107): <Trial 107 (107 in rep 0) data={'Task': 'LDT', 'TrialType': 'Target', 'Stimuli': 'price', 'StimulusType': 'word', 'CorrectResponse': 'l', 'Trialnumb': 52, 'thisN': 107, 'thisTrialN': 107, 'thisRepN': 0}>
187.0660 	EXP 	LDT_fix_text: autoDraw = False
187.0660 	EXP 	LDT_stim_text: autoDraw = False
187.0660 	EXP 	LDT_break_text: autoDraw = False
187.0660 	EXP 	LDT_stim_text: height = np.float64(0.1)
187.0660 	EXP 	LDT_stim_text: height = np.float64(0.1)
187.0660 	EXP 	LDT_stim_text: height = np.float64(0.1)
187.0660 	EXP 	LDT_stim_text: text = 'price'
187.0660 	EXP 	LDT_fix_text: autoDraw = True
187.0665 	DATA 	Keypress: l
187.1664 	EXP 	Device response: <KeyPress from None: t=187.05444280000006, value=l, duration=0.10444379999989906>
187.5498 	EXP 	LDT_stim_text: autoDraw = True
187.5582 	EXP 	LDT_fix_text: autoDraw = False
188.1425 	EXP 	Device response: <KeyPress from None: t=188.13499860000002, value=l, duration=None>
188.1428 	EXP 	New trial (rep=0, index=108): <Trial 108 (108 in rep 0) data={'Task': 'LDT', 'TrialType': 'Target', 'Stimuli': 'area', 'StimulusType': 'word', 'CorrectResponse': 'l', 'Trialnumb': 49, 'thisN': 108, 'thisTrialN': 108, 'thisRepN': 0}>
188.1504 	EXP 	LDT_fix_text: autoDraw = False
188.1504 	EXP 	LDT_stim_text: autoDraw = False
188.1504 	EXP 	LDT_break_text: autoDraw = False
188.1504 	EXP 	LDT_stim_text: height = np.float64(0.1)
188.1504 	EXP 	LDT_stim_text: height = np.float64(0.1)
188.1504 	EXP 	LDT_stim_text: height = np.float64(0.1)
188.1504 	EXP 	LDT_stim_text: text = 'area'
188.1504 	EXP 	LDT_fix_text: autoDraw = True
188.1510 	DATA 	Keypress: l
188.2258 	EXP 	Device response: <KeyPress from None: t=188.13499860000002, value=l, duration=0.08787870000014664>
188.6343 	EXP 	LDT_stim_text: autoDraw = True
188.6426 	EXP 	LDT_fix_text: autoDraw = False
189.0934 	EXP 	Device response: <KeyPress from None: t=189.08703609999998, value=l, duration=None>
189.0937 	EXP 	New trial (rep=0, index=109): <Trial 109 (109 in rep 0) data={'Task': 'LDT', 'TrialType': 'Target', 'Stimuli': 'sale', 'StimulusType': 'word', 'CorrectResponse': 'l', 'Trialnumb': 93, 'thisN': 109, 'thisTrialN': 109, 'thisRepN': 0}>
189.1014 	EXP 	LDT_fix_text: autoDraw = False
189.1014 	EXP 	LDT_stim_text: autoDraw = False
189.1014 	EXP 	LDT_break_text: autoDraw = False
189.1014 	EXP 	LDT_stim_text: height = np.float64(0.1)
189.1014 	EXP 	LDT_stim_text: height = np.float64(0.1)
189.1014 	EXP 	LDT_stim_text: height = np.float64(0.1)
189.1014 	EXP 	LDT_stim_text: text = 'sale'
189.1014 	EXP 	LDT_fix_text: autoDraw = True
189.1019 	DATA 	Keypress: l
189.1851 	EXP 	Device response: <KeyPress from None: t=189.08703609999998, value=l, duration=0.09584930000005443>
189.5852 	EXP 	LDT_stim_text: autoDraw = True
189.5936 	EXP 	LDT_fix_text: autoDraw = False
190.0777 	EXP 	Device response: <KeyPress from None: t=190.0704035000001, value=l, duration=None>
190.0779 	EXP 	New trial (rep=0, index=110): <Trial 110 (110 in rep 0) data={'Task': 'LDT', 'TrialType': 'Target', 'Stimuli': 'work', 'StimulusType': 'word', 'CorrectResponse': 'l', 'Trialnumb': 1, 'thisN': 110, 'thisTrialN': 110, 'thisRepN': 0}>
190.0857 	EXP 	LDT_fix_text: autoDraw = False
190.0857 	EXP 	LDT_stim_text: autoDraw = False
190.0857 	EXP 	LDT_break_text: autoDraw = False
190.0857 	EXP 	LDT_stim_text: height = np.float64(0.1)
190.0857 	EXP 	LDT_stim_text: height = np.float64(0.1)
190.0857 	EXP 	LDT_stim_text: height = np.float64(0.1)
190.0857 	EXP 	LDT_stim_text: text = 'work'
190.0857 	EXP 	LDT_fix_text: autoDraw = True
190.0862 	DATA 	Keypress: l
190.1610 	EXP 	Device response: <KeyPress from None: t=190.0704035000001, value=l, duration=0.0882414999998673>
190.5695 	EXP 	LDT_stim_text: autoDraw = True
190.5779 	EXP 	LDT_fix_text: autoDraw = False
191.0286 	EXP 	Device response: <KeyPress from None: t=191.02299349999998, value=l, duration=None>
191.0289 	EXP 	New trial (rep=0, index=111): <Trial 111 (111 in rep 0) data={'Task': 'LDT', 'TrialType': 'Target', 'Stimuli': 'beah', 'StimulusType': 'nonword', 'CorrectResponse': 'a', 'Trialnumb': 119, 'thisN': 111, 'thisTrialN': 111, 'thisRepN': 0}>
191.0368 	EXP 	LDT_fix_text: autoDraw = False
191.0368 	EXP 	LDT_stim_text: autoDraw = False
191.0368 	EXP 	LDT_break_text: autoDraw = False
191.0368 	EXP 	LDT_stim_text: height = np.float64(0.1)
191.0368 	EXP 	LDT_stim_text: height = np.float64(0.1)
191.0368 	EXP 	LDT_stim_text: height = np.float64(0.1)
191.0368 	EXP 	LDT_stim_text: text = 'beah'
191.0368 	EXP 	LDT_fix_text: autoDraw = True
191.0373 	DATA 	Keypress: l
191.1038 	EXP 	Device response: <KeyPress from None: t=191.02299349999998, value=l, duration=0.0803960000000643>
191.5205 	EXP 	LDT_stim_text: autoDraw = True
191.5288 	EXP 	LDT_fix_text: autoDraw = False
192.1881 	EXP 	Device response: <KeyPress from None: t=192.1831635000001, value=a, duration=None>
192.1884 	EXP 	New trial (rep=0, index=112): <Trial 112 (112 in rep 0) data={'Task': 'LDT', 'TrialType': 'Target', 'Stimuli': 'toop', 'StimulusType': 'nonword', 'CorrectResponse': 'a', 'Trialnumb': 204, 'thisN': 112, 'thisTrialN': 112, 'thisRepN': 0}>
192.1962 	EXP 	LDT_fix_text: autoDraw = False
192.1962 	EXP 	LDT_stim_text: autoDraw = False
192.1962 	EXP 	LDT_break_text: autoDraw = False
192.1962 	EXP 	LDT_stim_text: height = np.float64(0.1)
192.1962 	EXP 	LDT_stim_text: height = np.float64(0.1)
192.1962 	EXP 	LDT_stim_text: height = np.float64(0.1)
192.1962 	EXP 	LDT_stim_text: text = 'toop'
192.1962 	EXP 	LDT_fix_text: autoDraw = True
192.1968 	DATA 	Keypress: a
192.3133 	EXP 	Device response: <KeyPress from None: t=192.1831635000001, value=a, duration=0.12770690000002105>
192.6800 	EXP 	LDT_stim_text: autoDraw = True
192.6883 	EXP 	LDT_fix_text: autoDraw = False
193.1725 	EXP 	Device response: <KeyPress from None: t=193.16679950000002, value=a, duration=None>
193.1727 	EXP 	New trial (rep=0, index=113): <Trial 113 (113 in rep 0) data={'Task': 'LDT', 'TrialType': 'Target', 'Stimuli': 'year', 'StimulusType': 'word', 'CorrectResponse': 'l', 'Trialnumb': 10, 'thisN': 113, 'thisTrialN': 113, 'thisRepN': 0}>
193.1805 	EXP 	LDT_fix_text: autoDraw = False
193.1805 	EXP 	LDT_stim_text: autoDraw = False
193.1805 	EXP 	LDT_break_text: autoDraw = False
193.1805 	EXP 	LDT_stim_text: height = np.float64(0.1)
193.1805 	EXP 	LDT_stim_text: height = np.float64(0.1)
193.1805 	EXP 	LDT_stim_text: height = np.float64(0.1)
193.1805 	EXP 	LDT_stim_text: text = 'year'
193.1805 	EXP 	LDT_fix_text: autoDraw = True
193.1810 	DATA 	Keypress: a
193.2725 	EXP 	Device response: <KeyPress from None: t=193.16679950000002, value=a, duration=0.10468540000010762>
193.6643 	EXP 	LDT_stim_text: autoDraw = True
193.6727 	EXP 	LDT_fix_text: autoDraw = False
194.2402 	EXP 	Device response: <KeyPress from None: t=194.2388016, value=a, duration=None>
194.2405 	EXP 	New trial (rep=0, index=114): <Trial 114 (114 in rep 0) data={'Task': 'LDT', 'TrialType': 'Target', 'Stimuli': 'strip', 'StimulusType': 'word', 'CorrectResponse': 'l', 'Trialnumb': 104, 'thisN': 114, 'thisTrialN': 114, 'thisRepN': 0}>
194.2482 	EXP 	LDT_fix_text: autoDraw = False
194.2482 	EXP 	LDT_stim_text: autoDraw = False
194.2482 	EXP 	LDT_break_text: autoDraw = False
194.2482 	EXP 	LDT_stim_text: height = np.float64(0.1)
194.2482 	EXP 	LDT_stim_text: height = np.float64(0.1)
194.2482 	EXP 	LDT_stim_text: height = np.float64(0.1)
194.2482 	EXP 	LDT_stim_text: text = 'strip'
194.2482 	EXP 	LDT_fix_text: autoDraw = True
194.2488 	DATA 	Keypress: a
194.3653 	EXP 	Device response: <KeyPress from None: t=194.2388016, value=a, duration=0.12126180000018394>
194.7320 	EXP 	LDT_stim_text: autoDraw = True
194.7403 	EXP 	LDT_fix_text: autoDraw = False
195.3830 	EXP 	Device response: <KeyPress from None: t=195.37501940000016, value=l, duration=None>
195.3832 	EXP 	New trial (rep=0, index=115): <Trial 115 (115 in rep 0) data={'Task': 'LDT', 'TrialType': 'Target', 'Stimuli': 'spum', 'StimulusType': 'nonword', 'CorrectResponse': 'a', 'Trialnumb': 198, 'thisN': 115, 'thisTrialN': 115, 'thisRepN': 0}>
195.3910 	EXP 	LDT_fix_text: autoDraw = False
195.3910 	EXP 	LDT_stim_text: autoDraw = False
195.3910 	EXP 	LDT_break_text: autoDraw = False
195.3910 	EXP 	LDT_stim_text: height = np.float64(0.1)
195.3910 	EXP 	LDT_stim_text: height = np.float64(0.1)
195.3910 	EXP 	LDT_stim_text: height = np.float64(0.1)
195.3910 	EXP 	LDT_stim_text: text = 'spum'
195.3910 	EXP 	LDT_fix_text: autoDraw = True
195.3915 	DATA 	Keypress: l
195.4664 	EXP 	Device response: <KeyPress from None: t=195.37501940000016, value=l, duration=0.08903650000002017>
195.8748 	EXP 	LDT_stim_text: autoDraw = True
195.8832 	EXP 	LDT_fix_text: autoDraw = False
196.4924 	EXP 	Device response: <KeyPress from None: t=196.48684330000015, value=a, duration=None>
196.4927 	EXP 	New trial (rep=0, index=116): <Trial 116 (116 in rep 0) data={'Task': 'LDT', 'TrialType': 'Target', 'Stimuli': 'haro', 'StimulusType': 'nonword', 'CorrectResponse': 'a', 'Trialnumb': 150, 'thisN': 116, 'thisTrialN': 116, 'thisRepN': 0}>
196.5004 	EXP 	LDT_fix_text: autoDraw = False
196.5004 	EXP 	LDT_stim_text: autoDraw = False
196.5004 	EXP 	LDT_break_text: autoDraw = False
196.5004 	EXP 	LDT_stim_text: height = np.float64(0.1)
196.5004 	EXP 	LDT_stim_text: height = np.float64(0.1)
196.5004 	EXP 	LDT_stim_text: height = np.float64(0.1)
196.5004 	EXP 	LDT_stim_text: text = 'haro'
196.5004 	EXP 	LDT_fix_text: autoDraw = True
196.5010 	DATA 	Keypress: a
196.5925 	EXP 	Device response: <KeyPress from None: t=196.48684330000015, value=a, duration=0.10432459999992716>
196.9842 	EXP 	LDT_stim_text: autoDraw = True
196.9926 	EXP 	LDT_fix_text: autoDraw = False
197.5852 	EXP 	Device response: <KeyPress from None: t=197.5826376, value=a, duration=None>
197.5854 	EXP 	New trial (rep=0, index=117): <Trial 117 (117 in rep 0) data={'Task': 'LDT', 'TrialType': 'Target', 'Stimuli': 'hirs', 'StimulusType': 'nonword', 'CorrectResponse': 'a', 'Trialnumb': 153, 'thisN': 117, 'thisTrialN': 117, 'thisRepN': 0}>
197.5932 	EXP 	LDT_fix_text: autoDraw = False
197.5932 	EXP 	LDT_stim_text: autoDraw = False
197.5932 	EXP 	LDT_break_text: autoDraw = False
197.5932 	EXP 	LDT_stim_text: height = np.float64(0.1)
197.5932 	EXP 	LDT_stim_text: height = np.float64(0.1)
197.5932 	EXP 	LDT_stim_text: height = np.float64(0.1)
197.5932 	EXP 	LDT_stim_text: text = 'hirs'
197.5932 	EXP 	LDT_fix_text: autoDraw = True
197.5937 	DATA 	Keypress: a
197.6935 	EXP 	Device response: <KeyPress from None: t=197.5826376, value=a, duration=0.10375580000004447>
198.0770 	EXP 	LDT_stim_text: autoDraw = True
198.0854 	EXP 	LDT_fix_text: autoDraw = False
198.6863 	EXP 	Device response: <KeyPress from None: t=198.67888360000006, value=a, duration=None>
198.6865 	EXP 	New trial (rep=0, index=118): <Trial 118 (118 in rep 0) data={'Task': 'LDT', 'TrialType': 'Target', 'Stimuli': 'cled', 'StimulusType': 'nonword', 'CorrectResponse': 'a', 'Trialnumb': 130, 'thisN': 118, 'thisTrialN': 118, 'thisRepN': 0}>
198.6943 	EXP 	LDT_fix_text: autoDraw = False
198.6943 	EXP 	LDT_stim_text: autoDraw = False
198.6943 	EXP 	LDT_break_text: autoDraw = False
198.6943 	EXP 	LDT_stim_text: height = np.float64(0.1)
198.6943 	EXP 	LDT_stim_text: height = np.float64(0.1)
198.6943 	EXP 	LDT_stim_text: height = np.float64(0.1)
198.6943 	EXP 	LDT_stim_text: text = 'cled'
198.6943 	EXP 	LDT_fix_text: autoDraw = True
198.6948 	DATA 	Keypress: a
198.7696 	EXP 	Device response: <KeyPress from None: t=198.67888360000006, value=a, duration=0.08740080000006856>
199.1781 	EXP 	LDT_stim_text: autoDraw = True
199.1864 	EXP 	LDT_fix_text: autoDraw = False
199.6790 	EXP 	Device response: <KeyPress from None: t=199.67855540000005, value=a, duration=None>
199.6792 	EXP 	New trial (rep=0, index=119): <Trial 119 (119 in rep 0) data={'Task': 'LDT', 'TrialType': 'Target', 'Stimuli': 'loje', 'StimulusType': 'nonword', 'CorrectResponse': 'a', 'Trialnumb': 171, 'thisN': 119, 'thisTrialN': 119, 'thisRepN': 0}>
199.6869 	EXP 	LDT_fix_text: autoDraw = False
199.6869 	EXP 	LDT_stim_text: autoDraw = False
199.6869 	EXP 	LDT_break_text: autoDraw = False
199.6869 	EXP 	LDT_stim_text: height = np.float64(0.1)
199.6869 	EXP 	LDT_stim_text: height = np.float64(0.1)
199.6869 	EXP 	LDT_stim_text: height = np.float64(0.1)
199.6869 	EXP 	LDT_stim_text: text = 'loje'
199.6869 	EXP 	LDT_fix_text: autoDraw = True
199.6874 	DATA 	Keypress: a
199.7622 	EXP 	Device response: <KeyPress from None: t=199.67855540000005, value=a, duration=0.08073480000007294>
200.1707 	EXP 	LDT_stim_text: autoDraw = True
200.1791 	EXP 	LDT_fix_text: autoDraw = False
200.7550 	EXP 	Device response: <KeyPress from None: t=200.75040790000003, value=a, duration=None>
200.7630 	EXP 	LDT_fix_text: autoDraw = False
200.7630 	EXP 	LDT_stim_text: autoDraw = False
200.7630 	EXP 	LDT_break_text: autoDraw = True
200.7638 	DATA 	Keypress: a
200.8468 	EXP 	Device response: <KeyPress from None: t=200.75040790000003, value=a, duration=0.09615699999994831>
202.0897 	EXP 	Device response: <KeyPress from None: t=202.0863643, value=space, duration=None>
202.0899 	EXP 	New trial (rep=0, index=120): <Trial 120 (120 in rep 0) data={'Task': 'LDT', 'TrialType': 'Target', 'Stimuli': 'hear', 'StimulusType': 'word', 'CorrectResponse': 'l', 'Trialnumb': 37, 'thisN': 120, 'thisTrialN': 120, 'thisRepN': 0}>
202.0977 	EXP 	LDT_break_text: autoDraw = False
202.0977 	EXP 	LDT_stim_text: height = np.float64(0.1)
202.0977 	EXP 	LDT_stim_text: height = np.float64(0.1)
202.0977 	EXP 	LDT_stim_text: height = np.float64(0.1)
202.0977 	EXP 	LDT_stim_text: text = 'hear'
202.0977 	EXP 	LDT_fix_text: autoDraw = True
202.0982 	DATA 	Keypress: space
202.2065 	EXP 	Device response: <KeyPress from None: t=202.0863643, value=space, duration=0.11247079999998277>
202.5815 	EXP 	LDT_stim_text: autoDraw = True
202.5899 	EXP 	LDT_fix_text: autoDraw = False
203.0573 	EXP 	Device response: <KeyPress from None: t=203.0559141000001, value=l, duration=None>
203.0575 	EXP 	New trial (rep=0, index=121): <Trial 121 (121 in rep 0) data={'Task': 'LDT', 'TrialType': 'Target', 'Stimuli': 'heat', 'StimulusType': 'word', 'CorrectResponse': 'l', 'Trialnumb': 79, 'thisN': 121, 'thisTrialN': 121, 'thisRepN': 0}>
203.0653 	EXP 	LDT_fix_text: autoDraw = False
203.0653 	EXP 	LDT_stim_text: autoDraw = False
203.0653 	EXP 	LDT_break_text: autoDraw = False
203.0653 	EXP 	LDT_stim_text: height = np.float64(0.1)
203.0653 	EXP 	LDT_stim_text: height = np.float64(0.1)
203.0653 	EXP 	LDT_stim_text: height = np.float64(0.1)
203.0653 	EXP 	LDT_stim_text: text = 'heat'
203.0653 	EXP 	LDT_fix_text: autoDraw = True
203.0658 	DATA 	Keypress: l
203.1573 	EXP 	Device response: <KeyPress from None: t=203.0559141000001, value=l, duration=0.09511559999987185>
203.5491 	EXP 	LDT_stim_text: autoDraw = True
203.5575 	EXP 	LDT_fix_text: autoDraw = False
204.1666 	EXP 	Device response: <KeyPress from None: t=204.15879640000003, value=l, duration=None>
204.1669 	EXP 	New trial (rep=0, index=122): <Trial 122 (122 in rep 0) data={'Task': 'LDT', 'TrialType': 'Target', 'Stimuli': 'pack', 'StimulusType': 'word', 'CorrectResponse': 'l', 'Trialnumb': 76, 'thisN': 122, 'thisTrialN': 122, 'thisRepN': 0}>
204.1748 	EXP 	LDT_fix_text: autoDraw = False
204.1748 	EXP 	LDT_stim_text: autoDraw = False
204.1748 	EXP 	LDT_break_text: autoDraw = False
204.1748 	EXP 	LDT_stim_text: height = np.float64(0.1)
204.1748 	EXP 	LDT_stim_text: height = np.float64(0.1)
204.1748 	EXP 	LDT_stim_text: height = np.float64(0.1)
204.1748 	EXP 	LDT_stim_text: text = 'pack'
204.1748 	EXP 	LDT_fix_text: autoDraw = True
204.1753 	DATA 	Keypress: l
204.2668 	EXP 	Device response: <KeyPress from None: t=204.15879640000003, value=l, duration=0.10458680000010645>
204.6586 	EXP 	LDT_stim_text: autoDraw = True
204.6669 	EXP 	LDT_fix_text: autoDraw = False
205.1844 	EXP 	Device response: <KeyPress from None: t=205.18241650000004, value=l, duration=None>
205.1846 	EXP 	New trial (rep=0, index=123): <Trial 123 (123 in rep 0) data={'Task': 'LDT', 'TrialType': 'Target', 'Stimuli': 'tour', 'StimulusType': 'word', 'CorrectResponse': 'l', 'Trialnumb': 88, 'thisN': 123, 'thisTrialN': 123, 'thisRepN': 0}>
205.1924 	EXP 	LDT_fix_text: autoDraw = False
205.1924 	EXP 	LDT_stim_text: autoDraw = False
205.1924 	EXP 	LDT_break_text: autoDraw = False
205.1924 	EXP 	LDT_stim_text: height = np.float64(0.1)
205.1924 	EXP 	LDT_stim_text: height = np.float64(0.1)
205.1924 	EXP 	LDT_stim_text: height = np.float64(0.1)
205.1924 	EXP 	LDT_stim_text: text = 'tour'
205.1924 	EXP 	LDT_fix_text: autoDraw = True
205.1930 	DATA 	Keypress: l
205.2844 	EXP 	Device response: <KeyPress from None: t=205.18241650000004, value=l, duration=0.09605920000012702>
205.6763 	EXP 	LDT_stim_text: autoDraw = True
205.6846 	EXP 	LDT_fix_text: autoDraw = False
206.2771 	EXP 	Device response: <KeyPress from None: t=206.27098460000002, value=l, duration=None>
206.2774 	EXP 	New trial (rep=0, index=124): <Trial 124 (124 in rep 0) data={'Task': 'LDT', 'TrialType': 'Target', 'Stimuli': 'club', 'StimulusType': 'word', 'CorrectResponse': 'l', 'Trialnumb': 64, 'thisN': 124, 'thisTrialN': 124, 'thisRepN': 0}>
206.2852 	EXP 	LDT_fix_text: autoDraw = False
206.2852 	EXP 	LDT_stim_text: autoDraw = False
206.2852 	EXP 	LDT_break_text: autoDraw = False
206.2852 	EXP 	LDT_stim_text: height = np.float64(0.1)
206.2852 	EXP 	LDT_stim_text: height = np.float64(0.1)
206.2852 	EXP 	LDT_stim_text: height = np.float64(0.1)
206.2852 	EXP 	LDT_stim_text: text = 'club'
206.2852 	EXP 	LDT_fix_text: autoDraw = True
206.2857 	DATA 	Keypress: l
206.3689 	EXP 	Device response: <KeyPress from None: t=206.27098460000002, value=l, duration=0.09667519999993601>
206.7690 	EXP 	LDT_stim_text: autoDraw = True
206.7774 	EXP 	LDT_fix_text: autoDraw = False
207.2698 	EXP 	Device response: <KeyPress from None: t=207.26304750000008, value=l, duration=None>
207.2700 	EXP 	New trial (rep=0, index=125): <Trial 125 (125 in rep 0) data={'Task': 'LDT', 'TrialType': 'Target', 'Stimuli': 'snan', 'StimulusType': 'nonword', 'CorrectResponse': 'a', 'Trialnumb': 196, 'thisN': 125, 'thisTrialN': 125, 'thisRepN': 0}>
207.2778 	EXP 	LDT_fix_text: autoDraw = False
207.2778 	EXP 	LDT_stim_text: autoDraw = False
207.2778 	EXP 	LDT_break_text: autoDraw = False
207.2778 	EXP 	LDT_stim_text: height = np.float64(0.1)
207.2778 	EXP 	LDT_stim_text: height = np.float64(0.1)
207.2778 	EXP 	LDT_stim_text: height = np.float64(0.1)
207.2778 	EXP 	LDT_stim_text: text = 'snan'
207.2778 	EXP 	LDT_fix_text: autoDraw = True
207.2783 	DATA 	Keypress: l
207.3532 	EXP 	Device response: <KeyPress from None: t=207.26304750000008, value=l, duration=0.0877187999999478>
207.7616 	EXP 	LDT_stim_text: autoDraw = True
207.7700 	EXP 	LDT_fix_text: autoDraw = False
208.3375 	EXP 	Device response: <KeyPress from None: t=208.33503859999996, value=a, duration=None>
208.3377 	EXP 	New trial (rep=0, index=126): <Trial 126 (126 in rep 0) data={'Task': 'LDT', 'TrialType': 'Target', 'Stimuli': 'spag', 'StimulusType': 'nonword', 'CorrectResponse': 'a', 'Trialnumb': 197, 'thisN': 126, 'thisTrialN': 126, 'thisRepN': 0}>
208.3456 	EXP 	LDT_fix_text: autoDraw = False
208.3456 	EXP 	LDT_stim_text: autoDraw = False
208.3456 	EXP 	LDT_break_text: autoDraw = False
208.3456 	EXP 	LDT_stim_text: height = np.float64(0.1)
208.3456 	EXP 	LDT_stim_text: height = np.float64(0.1)
208.3456 	EXP 	LDT_stim_text: height = np.float64(0.1)
208.3456 	EXP 	LDT_stim_text: text = 'spag'
208.3456 	EXP 	LDT_fix_text: autoDraw = True
208.3461 	DATA 	Keypress: a
208.4460 	EXP 	Device response: <KeyPress from None: t=208.33503859999996, value=a, duration=0.10375160000012329>
208.8294 	EXP 	LDT_stim_text: autoDraw = True
208.8377 	EXP 	LDT_fix_text: autoDraw = False
209.3302 	EXP 	Device response: <KeyPress from None: t=209.3272257000001, value=a, duration=None>
209.3305 	EXP 	New trial (rep=0, index=127): <Trial 127 (127 in rep 0) data={'Task': 'LDT', 'TrialType': 'Target', 'Stimuli': 'vome', 'StimulusType': 'nonword', 'CorrectResponse': 'a', 'Trialnumb': 213, 'thisN': 127, 'thisTrialN': 127, 'thisRepN': 0}>
209.3382 	EXP 	LDT_fix_text: autoDraw = False
209.3382 	EXP 	LDT_stim_text: autoDraw = False
209.3382 	EXP 	LDT_break_text: autoDraw = False
209.3382 	EXP 	LDT_stim_text: height = np.float64(0.1)
209.3382 	EXP 	LDT_stim_text: height = np.float64(0.1)
209.3382 	EXP 	LDT_stim_text: height = np.float64(0.1)
209.3382 	EXP 	LDT_stim_text: text = 'vome'
209.3382 	EXP 	LDT_fix_text: autoDraw = True
209.3387 	DATA 	Keypress: a
209.4385 	EXP 	Device response: <KeyPress from None: t=209.3272257000001, value=a, duration=0.10340879999989738>
209.8220 	EXP 	LDT_stim_text: autoDraw = True
209.8304 	EXP 	LDT_fix_text: autoDraw = False
210.3314 	EXP 	Device response: <KeyPress from None: t=210.32795899999996, value=a, duration=None>
210.3317 	EXP 	New trial (rep=0, index=128): <Trial 128 (128 in rep 0) data={'Task': 'LDT', 'TrialType': 'Target', 'Stimuli': 'cing', 'StimulusType': 'nonword', 'CorrectResponse': 'a', 'Trialnumb': 127, 'thisN': 128, 'thisTrialN': 128, 'thisRepN': 0}>
210.3392 	EXP 	LDT_fix_text: autoDraw = False
210.3392 	EXP 	LDT_stim_text: autoDraw = False
210.3392 	EXP 	LDT_break_text: autoDraw = False
210.3392 	EXP 	LDT_stim_text: height = np.float64(0.1)
210.3392 	EXP 	LDT_stim_text: height = np.float64(0.1)
210.3392 	EXP 	LDT_stim_text: height = np.float64(0.1)
210.3392 	EXP 	LDT_stim_text: text = 'cing'
210.3392 	EXP 	LDT_fix_text: autoDraw = True
210.3399 	DATA 	Keypress: a
210.4312 	EXP 	Device response: <KeyPress from None: t=210.32795899999996, value=a, duration=0.09516690000009476>
210.8231 	EXP 	LDT_stim_text: autoDraw = True
210.8314 	EXP 	LDT_fix_text: autoDraw = False
211.2906 	EXP 	Device response: <KeyPress from None: t=211.28791520000004, value=a, duration=None>
211.2908 	EXP 	New trial (rep=0, index=129): <Trial 129 (129 in rep 0) data={'Task': 'LDT', 'TrialType': 'Target', 'Stimuli': 'cona', 'StimulusType': 'nonword', 'CorrectResponse': 'a', 'Trialnumb': 132, 'thisN': 129, 'thisTrialN': 129, 'thisRepN': 0}>
211.2985 	EXP 	LDT_fix_text: autoDraw = False
211.2985 	EXP 	LDT_stim_text: autoDraw = False
211.2985 	EXP 	LDT_break_text: autoDraw = False
211.2985 	EXP 	LDT_stim_text: height = np.float64(0.1)
211.2985 	EXP 	LDT_stim_text: height = np.float64(0.1)
211.2985 	EXP 	LDT_stim_text: height = np.float64(0.1)
211.2985 	EXP 	LDT_stim_text: text = 'cona'
211.2985 	EXP 	LDT_fix_text: autoDraw = True
211.2991 	DATA 	Keypress: a
211.4073 	EXP 	Device response: <KeyPress from None: t=211.28791520000004, value=a, duration=0.11104339999997137>
211.7823 	EXP 	LDT_stim_text: autoDraw = True
211.7907 	EXP 	LDT_fix_text: autoDraw = False
212.3331 	EXP 	Device response: <KeyPress from None: t=212.32647730000008, value=a, duration=None>
212.3334 	EXP 	New trial (rep=0, index=130): <Trial 130 (130 in rep 0) data={'Task': 'LDT', 'TrialType': 'Target', 'Stimuli': 'yell', 'StimulusType': 'word', 'CorrectResponse': 'l', 'Trialnumb': 101, 'thisN': 130, 'thisTrialN': 130, 'thisRepN': 0}>
212.3412 	EXP 	LDT_fix_text: autoDraw = False
212.3412 	EXP 	LDT_stim_text: autoDraw = False
212.3412 	EXP 	LDT_break_text: autoDraw = False
212.3412 	EXP 	LDT_stim_text: height = np.float64(0.1)
212.3412 	EXP 	LDT_stim_text: height = np.float64(0.1)
212.3412 	EXP 	LDT_stim_text: height = np.float64(0.1)
212.3412 	EXP 	LDT_stim_text: text = 'yell'
212.3412 	EXP 	LDT_fix_text: autoDraw = True
212.3417 	DATA 	Keypress: a
212.4333 	EXP 	Device response: <KeyPress from None: t=212.32647730000008, value=a, duration=0.103784399999995>
212.8250 	EXP 	LDT_stim_text: autoDraw = True
212.8334 	EXP 	LDT_fix_text: autoDraw = False
213.4760 	EXP 	Device response: <KeyPress from None: t=213.47169860000008, value=l, duration=None>
213.4762 	EXP 	New trial (rep=0, index=131): <Trial 131 (131 in rep 0) data={'Task': 'LDT', 'TrialType': 'Target', 'Stimuli': 'gali', 'StimulusType': 'nonword', 'CorrectResponse': 'a', 'Trialnumb': 113, 'thisN': 131, 'thisTrialN': 131, 'thisRepN': 0}>
213.4840 	EXP 	LDT_fix_text: autoDraw = False
213.4840 	EXP 	LDT_stim_text: autoDraw = False
213.4840 	EXP 	LDT_break_text: autoDraw = False
213.4840 	EXP 	LDT_stim_text: height = np.float64(0.1)
213.4840 	EXP 	LDT_stim_text: height = np.float64(0.1)
213.4840 	EXP 	LDT_stim_text: height = np.float64(0.1)
213.4840 	EXP 	LDT_stim_text: text = 'gali'
213.4840 	EXP 	LDT_fix_text: autoDraw = True
213.4846 	DATA 	Keypress: l
213.5344 	EXP 	Device response: <KeyPress from None: t=213.47169860000008, value=l, duration=0.055266500000016094>
213.9678 	EXP 	LDT_stim_text: autoDraw = True
213.9762 	EXP 	LDT_fix_text: autoDraw = False
214.6856 	EXP 	Device response: <KeyPress from None: t=214.67909670000017, value=a, duration=None>
214.6859 	EXP 	New trial (rep=0, index=132): <Trial 132 (132 in rep 0) data={'Task': 'LDT', 'TrialType': 'Target', 'Stimuli': 'slim', 'StimulusType': 'word', 'CorrectResponse': 'l', 'Trialnumb': 111, 'thisN': 132, 'thisTrialN': 132, 'thisRepN': 0}>
214.6935 	EXP 	LDT_fix_text: autoDraw = False
214.6935 	EXP 	LDT_stim_text: autoDraw = False
214.6935 	EXP 	LDT_break_text: autoDraw = False
214.6935 	EXP 	LDT_stim_text: height = np.float64(0.1)
214.6935 	EXP 	LDT_stim_text: height = np.float64(0.1)
214.6935 	EXP 	LDT_stim_text: height = np.float64(0.1)
214.6935 	EXP 	LDT_stim_text: text = 'slim'
214.6935 	EXP 	LDT_fix_text: autoDraw = True
214.6941 	DATA 	Keypress: a
214.7606 	EXP 	Device response: <KeyPress from None: t=214.67909670000017, value=a, duration=0.07931919999987258>
215.1774 	EXP 	LDT_stim_text: autoDraw = True
215.1857 	EXP 	LDT_fix_text: autoDraw = False
215.9535 	EXP 	Device response: <KeyPress from None: t=215.95127810000008, value=l, duration=None>
215.9537 	EXP 	New trial (rep=0, index=133): <Trial 133 (133 in rep 0) data={'Task': 'LDT', 'TrialType': 'Target', 'Stimuli': 'gaft', 'StimulusType': 'nonword', 'CorrectResponse': 'a', 'Trialnumb': 144, 'thisN': 133, 'thisTrialN': 133, 'thisRepN': 0}>
215.9617 	EXP 	LDT_fix_text: autoDraw = False
215.9617 	EXP 	LDT_stim_text: autoDraw = False
215.9617 	EXP 	LDT_break_text: autoDraw = False
215.9617 	EXP 	LDT_stim_text: height = np.float64(0.1)
215.9617 	EXP 	LDT_stim_text: height = np.float64(0.1)
215.9617 	EXP 	LDT_stim_text: height = np.float64(0.1)
215.9617 	EXP 	LDT_stim_text: text = 'gaft'
215.9617 	EXP 	LDT_fix_text: autoDraw = True
215.9622 	DATA 	Keypress: l
215.9784 	EXP 	Device response: <KeyPress from None: t=215.95127810000008, value=l, duration=0.02351500000008855>
216.4453 	EXP 	LDT_stim_text: autoDraw = True
216.4537 	EXP 	LDT_fix_text: autoDraw = False
217.0295 	EXP 	Device response: <KeyPress from None: t=217.0223893, value=a, duration=None>
217.0297 	EXP 	New trial (rep=0, index=134): <Trial 134 (134 in rep 0) data={'Task': 'LDT', 'TrialType': 'Target', 'Stimuli': 'zeer', 'StimulusType': 'nonword', 'CorrectResponse': 'a', 'Trialnumb': 222, 'thisN': 134, 'thisTrialN': 134, 'thisRepN': 0}>
217.0376 	EXP 	LDT_fix_text: autoDraw = False
217.0376 	EXP 	LDT_stim_text: autoDraw = False
217.0376 	EXP 	LDT_break_text: autoDraw = False
217.0376 	EXP 	LDT_stim_text: height = np.float64(0.1)
217.0376 	EXP 	LDT_stim_text: height = np.float64(0.1)
217.0376 	EXP 	LDT_stim_text: height = np.float64(0.1)
217.0376 	EXP 	LDT_stim_text: text = 'zeer'
217.0376 	EXP 	LDT_fix_text: autoDraw = True
217.0381 	DATA 	Keypress: a
217.1880 	EXP 	Device response: <KeyPress from None: t=217.0223893, value=a, duration=0.16076250000014625>
217.5214 	EXP 	LDT_stim_text: autoDraw = True
217.5297 	EXP 	LDT_fix_text: autoDraw = False
218.1556 	EXP 	Device response: <KeyPress from None: t=218.15132040000003, value=a, duration=None>
218.1558 	EXP 	New trial (rep=0, index=135): <Trial 135 (135 in rep 0) data={'Task': 'LDT', 'TrialType': 'Target', 'Stimuli': 'few', 'StimulusType': 'word', 'CorrectResponse': 'l', 'Trialnumb': 18, 'thisN': 135, 'thisTrialN': 135, 'thisRepN': 0}>
218.1637 	EXP 	LDT_fix_text: autoDraw = False
218.1637 	EXP 	LDT_stim_text: autoDraw = False
218.1637 	EXP 	LDT_break_text: autoDraw = False
218.1637 	EXP 	LDT_stim_text: height = np.float64(0.1)
218.1637 	EXP 	LDT_stim_text: height = np.float64(0.1)
218.1637 	EXP 	LDT_stim_text: height = np.float64(0.1)
218.1637 	EXP 	LDT_stim_text: text = 'few'
218.1637 	EXP 	LDT_fix_text: autoDraw = True
218.1642 	DATA 	Keypress: a
218.2640 	EXP 	Device response: <KeyPress from None: t=218.15132040000003, value=a, duration=0.10460179999995489>
218.6475 	EXP 	LDT_stim_text: autoDraw = True
218.6558 	EXP 	LDT_fix_text: autoDraw = False
219.2153 	EXP 	Device response: <KeyPress from None: t=219.21507180000003, value=l, duration=None>
219.2235 	EXP 	New trial (rep=0, index=136): <Trial 136 (136 in rep 0) data={'Task': 'LDT', 'TrialType': 'Target', 'Stimuli': 'fere', 'StimulusType': 'nonword', 'CorrectResponse': 'a', 'Trialnumb': 140, 'thisN': 136, 'thisTrialN': 136, 'thisRepN': 0}>
219.2247 	DATA 	Keypress: l
219.2314 	EXP 	LDT_fix_text: autoDraw = False
219.2314 	EXP 	LDT_stim_text: autoDraw = False
219.2314 	EXP 	LDT_break_text: autoDraw = False
219.2314 	EXP 	LDT_stim_text: height = np.float64(0.1)
219.2314 	EXP 	LDT_stim_text: height = np.float64(0.1)
219.2314 	EXP 	LDT_stim_text: height = np.float64(0.1)
219.2314 	EXP 	LDT_stim_text: text = 'fere'
219.2314 	EXP 	LDT_fix_text: autoDraw = True
219.2985 	EXP 	Device response: <KeyPress from None: t=219.21507180000003, value=l, duration=0.08045970000011948>
219.7152 	EXP 	LDT_stim_text: autoDraw = True
219.7236 	EXP 	LDT_fix_text: autoDraw = False
220.3244 	EXP 	Device response: <KeyPress from None: t=220.31966710000006, value=a, duration=None>
220.3247 	EXP 	New trial (rep=0, index=137): <Trial 137 (137 in rep 0) data={'Task': 'LDT', 'TrialType': 'Target', 'Stimuli': 'end', 'StimulusType': 'word', 'CorrectResponse': 'l', 'Trialnumb': 33, 'thisN': 137, 'thisTrialN': 137, 'thisRepN': 0}>
220.3325 	EXP 	LDT_fix_text: autoDraw = False
220.3325 	EXP 	LDT_stim_text: autoDraw = False
220.3325 	EXP 	LDT_break_text: autoDraw = False
220.3325 	EXP 	LDT_stim_text: height = np.float64(0.1)
220.3325 	EXP 	LDT_stim_text: height = np.float64(0.1)
220.3325 	EXP 	LDT_stim_text: height = np.float64(0.1)
220.3325 	EXP 	LDT_stim_text: text = 'end'
220.3325 	EXP 	LDT_fix_text: autoDraw = True
220.3330 	DATA 	Keypress: a
220.4413 	EXP 	Device response: <KeyPress from None: t=220.31966710000006, value=a, duration=0.11947310000005018>
220.8163 	EXP 	LDT_stim_text: autoDraw = True
220.8247 	EXP 	LDT_fix_text: autoDraw = False
221.6424 	EXP 	Device response: <KeyPress from None: t=221.63927230000013, value=l, duration=None>
221.6427 	EXP 	New trial (rep=0, index=138): <Trial 138 (138 in rep 0) data={'Task': 'LDT', 'TrialType': 'Target', 'Stimuli': 'junk', 'StimulusType': 'word', 'CorrectResponse': 'l', 'Trialnumb': 105, 'thisN': 138, 'thisTrialN': 138, 'thisRepN': 0}>
221.6505 	EXP 	LDT_fix_text: autoDraw = False
221.6505 	EXP 	LDT_stim_text: autoDraw = False
221.6505 	EXP 	LDT_break_text: autoDraw = False
221.6505 	EXP 	LDT_stim_text: height = np.float64(0.1)
221.6505 	EXP 	LDT_stim_text: height = np.float64(0.1)
221.6505 	EXP 	LDT_stim_text: height = np.float64(0.1)
221.6505 	EXP 	LDT_stim_text: text = 'junk'
221.6505 	EXP 	LDT_fix_text: autoDraw = True
221.6510 	DATA 	Keypress: l
221.7427 	EXP 	Device response: <KeyPress from None: t=221.63927230000013, value=l, duration=0.09563939999998183>
222.1343 	EXP 	LDT_stim_text: autoDraw = True
222.1426 	EXP 	LDT_fix_text: autoDraw = False
222.7519 	EXP 	Device response: <KeyPress from None: t=222.75122120000015, value=l, duration=None>
222.7522 	EXP 	New trial (rep=0, index=139): <Trial 139 (139 in rep 0) data={'Task': 'LDT', 'TrialType': 'Target', 'Stimuli': 'berm', 'StimulusType': 'nonword', 'CorrectResponse': 'a', 'Trialnumb': 121, 'thisN': 139, 'thisTrialN': 139, 'thisRepN': 0}>
222.7599 	EXP 	LDT_fix_text: autoDraw = False
222.7599 	EXP 	LDT_stim_text: autoDraw = False
222.7599 	EXP 	LDT_break_text: autoDraw = False
222.7599 	EXP 	LDT_stim_text: height = np.float64(0.1)
222.7599 	EXP 	LDT_stim_text: height = np.float64(0.1)
222.7599 	EXP 	LDT_stim_text: height = np.float64(0.1)
222.7599 	EXP 	LDT_stim_text: text = 'berm'
222.7599 	EXP 	LDT_fix_text: autoDraw = True
222.7604 	DATA 	Keypress: l
222.8603 	EXP 	Device response: <KeyPress from None: t=222.75122120000015, value=l, duration=0.10343019999982062>
223.2437 	EXP 	LDT_stim_text: autoDraw = True
223.2521 	EXP 	LDT_fix_text: autoDraw = False
223.7696 	EXP 	Device response: <KeyPress from None: t=223.7662941000001, value=a, duration=None>
223.7699 	EXP 	New trial (rep=0, index=140): <Trial 140 (140 in rep 0) data={'Task': 'LDT', 'TrialType': 'Target', 'Stimuli': 'rorn', 'StimulusType': 'nonword', 'CorrectResponse': 'a', 'Trialnumb': 185, 'thisN': 140, 'thisTrialN': 140, 'thisRepN': 0}>
223.7776 	EXP 	LDT_fix_text: autoDraw = False
223.7776 	EXP 	LDT_stim_text: autoDraw = False
223.7776 	EXP 	LDT_break_text: autoDraw = False
223.7776 	EXP 	LDT_stim_text: height = np.float64(0.1)
223.7776 	EXP 	LDT_stim_text: height = np.float64(0.1)
223.7776 	EXP 	LDT_stim_text: height = np.float64(0.1)
223.7776 	EXP 	LDT_stim_text: text = 'rorn'
223.7776 	EXP 	LDT_fix_text: autoDraw = True
223.7781 	DATA 	Keypress: a
223.8697 	EXP 	Device response: <KeyPress from None: t=223.7662941000001, value=a, duration=0.0965828999999303>
224.2614 	EXP 	LDT_stim_text: autoDraw = True
224.2698 	EXP 	LDT_fix_text: autoDraw = False
224.9458 	EXP 	Device response: <KeyPress from None: t=224.9427849000001, value=a, duration=None>
224.9461 	EXP 	New trial (rep=0, index=141): <Trial 141 (141 in rep 0) data={'Task': 'LDT', 'TrialType': 'Target', 'Stimuli': 'bint', 'StimulusType': 'nonword', 'CorrectResponse': 'a', 'Trialnumb': 122, 'thisN': 141, 'thisTrialN': 141, 'thisRepN': 0}>
224.9538 	EXP 	LDT_fix_text: autoDraw = False
224.9538 	EXP 	LDT_stim_text: autoDraw = False
224.9538 	EXP 	LDT_break_text: autoDraw = False
224.9538 	EXP 	LDT_stim_text: height = np.float64(0.1)
224.9538 	EXP 	LDT_stim_text: height = np.float64(0.1)
224.9538 	EXP 	LDT_stim_text: height = np.float64(0.1)
224.9538 	EXP 	LDT_stim_text: text = 'bint'
224.9538 	EXP 	LDT_fix_text: autoDraw = True
224.9542 	DATA 	Keypress: a
225.0040 	EXP 	Device response: <KeyPress from None: t=224.9427849000001, value=a, duration=0.05634759999998096>
225.4376 	EXP 	LDT_stim_text: autoDraw = True
225.4459 	EXP 	LDT_fix_text: autoDraw = False
226.0385 	EXP 	Device response: <KeyPress from None: t=226.030301, value=a, duration=None>
226.0387 	EXP 	New trial (rep=0, index=142): <Trial 142 (142 in rep 0) data={'Task': 'LDT', 'TrialType': 'Target', 'Stimuli': 'sloy', 'StimulusType': 'nonword', 'CorrectResponse': 'a', 'Trialnumb': 194, 'thisN': 142, 'thisTrialN': 142, 'thisRepN': 0}>
226.0400 	DATA 	Keypress: a
226.0465 	EXP 	LDT_fix_text: autoDraw = False
226.0465 	EXP 	LDT_stim_text: autoDraw = False
226.0465 	EXP 	LDT_break_text: autoDraw = False
226.0465 	EXP 	LDT_stim_text: height = np.float64(0.1)
226.0465 	EXP 	LDT_stim_text: height = np.float64(0.1)
226.0465 	EXP 	LDT_stim_text: height = np.float64(0.1)
226.0465 	EXP 	LDT_stim_text: text = 'sloy'
226.0465 	EXP 	LDT_fix_text: autoDraw = True
226.1136 	EXP 	Device response: <KeyPress from None: t=226.030301, value=a, duration=0.07997930000010456>
226.5304 	EXP 	LDT_stim_text: autoDraw = True
226.5388 	EXP 	LDT_fix_text: autoDraw = False
227.0394 	EXP 	Device response: <KeyPress from None: t=227.03129869999998, value=a, duration=None>
227.0397 	EXP 	New trial (rep=0, index=143): <Trial 143 (143 in rep 0) data={'Task': 'LDT', 'TrialType': 'Target', 'Stimuli': 'rear', 'StimulusType': 'word', 'CorrectResponse': 'l', 'Trialnumb': 110, 'thisN': 143, 'thisTrialN': 143, 'thisRepN': 0}>
227.0411 	DATA 	Keypress: a
227.0475 	EXP 	LDT_fix_text: autoDraw = False
227.0475 	EXP 	LDT_stim_text: autoDraw = False
227.0475 	EXP 	LDT_break_text: autoDraw = False
227.0475 	EXP 	LDT_stim_text: height = np.float64(0.1)
227.0475 	EXP 	LDT_stim_text: height = np.float64(0.1)
227.0475 	EXP 	LDT_stim_text: height = np.float64(0.1)
227.0475 	EXP 	LDT_stim_text: text = 'rear'
227.0475 	EXP 	LDT_fix_text: autoDraw = True
227.1312 	EXP 	Device response: <KeyPress from None: t=227.03129869999998, value=a, duration=0.09561120000012124>
227.5313 	EXP 	LDT_stim_text: autoDraw = True
227.5397 	EXP 	LDT_fix_text: autoDraw = False
228.1157 	EXP 	Device response: <KeyPress from None: t=228.11088570000015, value=l, duration=None>
228.1160 	EXP 	New trial (rep=0, index=144): <Trial 144 (144 in rep 0) data={'Task': 'LDT', 'TrialType': 'Target', 'Stimuli': 'jite', 'StimulusType': 'nonword', 'CorrectResponse': 'a', 'Trialnumb': 160, 'thisN': 144, 'thisTrialN': 144, 'thisRepN': 0}>
228.1236 	EXP 	LDT_fix_text: autoDraw = False
228.1236 	EXP 	LDT_stim_text: autoDraw = False
228.1236 	EXP 	LDT_break_text: autoDraw = False
228.1236 	EXP 	LDT_stim_text: height = np.float64(0.1)
228.1236 	EXP 	LDT_stim_text: height = np.float64(0.1)
228.1236 	EXP 	LDT_stim_text: height = np.float64(0.1)
228.1236 	EXP 	LDT_stim_text: text = 'jite'
228.1236 	EXP 	LDT_fix_text: autoDraw = True
228.1241 	DATA 	Keypress: l
228.1824 	EXP 	Device response: <KeyPress from None: t=228.11088570000015, value=l, duration=0.06385329999989153>
228.6074 	EXP 	LDT_stim_text: autoDraw = True
228.6157 	EXP 	LDT_fix_text: autoDraw = False
229.0916 	EXP 	Device response: <KeyPress from None: t=229.0862228000001, value=a, duration=None>
229.0918 	EXP 	New trial (rep=0, index=145): <Trial 145 (145 in rep 0) data={'Task': 'LDT', 'TrialType': 'Target', 'Stimuli': 'ate', 'StimulusType': 'word', 'CorrectResponse': 'l', 'Trialnumb': 85, 'thisN': 145, 'thisTrialN': 145, 'thisRepN': 0}>
229.0996 	EXP 	LDT_fix_text: autoDraw = False
229.0996 	EXP 	LDT_stim_text: autoDraw = False
229.0996 	EXP 	LDT_break_text: autoDraw = False
229.0996 	EXP 	LDT_stim_text: height = np.float64(0.1)
229.0996 	EXP 	LDT_stim_text: height = np.float64(0.1)
229.0996 	EXP 	LDT_stim_text: height = np.float64(0.1)
229.0996 	EXP 	LDT_stim_text: text = 'ate'
229.0996 	EXP 	LDT_fix_text: autoDraw = True
229.1001 	DATA 	Keypress: a
229.1750 	EXP 	Device response: <KeyPress from None: t=229.0862228000001, value=a, duration=0.08838009999999485>
229.5834 	EXP 	LDT_stim_text: autoDraw = True
229.5917 	EXP 	LDT_fix_text: autoDraw = False
230.3177 	EXP 	Device response: <KeyPress from None: t=230.31020290000015, value=l, duration=None>
230.3180 	EXP 	New trial (rep=0, index=146): <Trial 146 (146 in rep 0) data={'Task': 'LDT', 'TrialType': 'Target', 'Stimuli': 'talm', 'StimulusType': 'nonword', 'CorrectResponse': 'a', 'Trialnumb': 202, 'thisN': 146, 'thisTrialN': 146, 'thisRepN': 0}>
230.3259 	EXP 	LDT_fix_text: autoDraw = False
230.3259 	EXP 	LDT_stim_text: autoDraw = False
230.3259 	EXP 	LDT_break_text: autoDraw = False
230.3259 	EXP 	LDT_stim_text: height = np.float64(0.1)
230.3259 	EXP 	LDT_stim_text: height = np.float64(0.1)
230.3259 	EXP 	LDT_stim_text: height = np.float64(0.1)
230.3259 	EXP 	LDT_stim_text: text = 'talm'
230.3259 	EXP 	LDT_fix_text: autoDraw = True
230.3264 	DATA 	Keypress: l
230.4179 	EXP 	Device response: <KeyPress from None: t=230.31020290000015, value=l, duration=0.10443149999991874>
230.8096 	EXP 	LDT_stim_text: autoDraw = True
230.8180 	EXP 	LDT_fix_text: autoDraw = False
231.3189 	EXP 	Device response: <KeyPress from None: t=231.31839890000015, value=a, duration=None>
231.3191 	EXP 	New trial (rep=0, index=147): <Trial 147 (147 in rep 0) data={'Task': 'LDT', 'TrialType': 'Target', 'Stimuli': 'werd', 'StimulusType': 'nonword', 'CorrectResponse': 'a', 'Trialnumb': 216, 'thisN': 147, 'thisTrialN': 147, 'thisRepN': 0}>
231.3268 	EXP 	LDT_fix_text: autoDraw = False
231.3268 	EXP 	LDT_stim_text: autoDraw = False
231.3268 	EXP 	LDT_break_text: autoDraw = False
231.3268 	EXP 	LDT_stim_text: height = np.float64(0.1)
231.3268 	EXP 	LDT_stim_text: height = np.float64(0.1)
231.3268 	EXP 	LDT_stim_text: height = np.float64(0.1)
231.3268 	EXP 	LDT_stim_text: text = 'werd'
231.3268 	EXP 	LDT_fix_text: autoDraw = True
231.3273 	DATA 	Keypress: a
231.4105 	EXP 	Device response: <KeyPress from None: t=231.31839890000015, value=a, duration=0.08940769999981057>
231.8106 	EXP 	LDT_stim_text: autoDraw = True
231.8190 	EXP 	LDT_fix_text: autoDraw = False
232.4365 	EXP 	Device response: <KeyPress from None: t=232.43143959999998, value=a, duration=None>
232.4369 	EXP 	New trial (rep=0, index=148): <Trial 148 (148 in rep 0) data={'Task': 'LDT', 'TrialType': 'Target', 'Stimuli': 'feek', 'StimulusType': 'nonword', 'CorrectResponse': 'a', 'Trialnumb': 139, 'thisN': 148, 'thisTrialN': 148, 'thisRepN': 0}>
232.4446 	EXP 	LDT_fix_text: autoDraw = False
232.4446 	EXP 	LDT_stim_text: autoDraw = False
232.4446 	EXP 	LDT_break_text: autoDraw = False
232.4446 	EXP 	LDT_stim_text: height = np.float64(0.1)
232.4446 	EXP 	LDT_stim_text: height = np.float64(0.1)
232.4446 	EXP 	LDT_stim_text: height = np.float64(0.1)
232.4446 	EXP 	LDT_stim_text: text = 'feek'
232.4446 	EXP 	LDT_fix_text: autoDraw = True
232.4450 	DATA 	Keypress: a
232.5200 	EXP 	Device response: <KeyPress from None: t=232.43143959999998, value=a, duration=0.08816400000000613>
232.9284 	EXP 	LDT_stim_text: autoDraw = True
232.9367 	EXP 	LDT_fix_text: autoDraw = False
233.5126 	EXP 	Device response: <KeyPress from None: t=233.51058250000006, value=a, duration=None>
233.5128 	EXP 	New trial (rep=0, index=149): <Trial 149 (149 in rep 0) data={'Task': 'LDT', 'TrialType': 'Target', 'Stimuli': 'green', 'StimulusType': 'word', 'CorrectResponse': 'l', 'Trialnumb': 38, 'thisN': 149, 'thisTrialN': 149, 'thisRepN': 0}>
233.5207 	EXP 	LDT_fix_text: autoDraw = False
233.5207 	EXP 	LDT_stim_text: autoDraw = False
233.5207 	EXP 	LDT_break_text: autoDraw = False
233.5207 	EXP 	LDT_stim_text: height = np.float64(0.1)
233.5207 	EXP 	LDT_stim_text: height = np.float64(0.1)
233.5207 	EXP 	LDT_stim_text: height = np.float64(0.1)
233.5207 	EXP 	LDT_stim_text: text = 'green'
233.5207 	EXP 	LDT_fix_text: autoDraw = True
233.5212 	DATA 	Keypress: a
233.5877 	EXP 	Device response: <KeyPress from None: t=233.51058250000006, value=a, duration=0.07197659999997086>
234.0045 	EXP 	LDT_stim_text: autoDraw = True
234.0128 	EXP 	LDT_fix_text: autoDraw = False
234.5137 	EXP 	Device response: <KeyPress from None: t=234.51068940000005, value=l, duration=None>
234.5139 	EXP 	New trial (rep=0, index=150): <Trial 150 (150 in rep 0) data={'Task': 'LDT', 'TrialType': 'Target', 'Stimuli': 'zall', 'StimulusType': 'nonword', 'CorrectResponse': 'a', 'Trialnumb': 221, 'thisN': 150, 'thisTrialN': 150, 'thisRepN': 0}>
234.5216 	EXP 	LDT_fix_text: autoDraw = False
234.5216 	EXP 	LDT_stim_text: autoDraw = False
234.5216 	EXP 	LDT_break_text: autoDraw = False
234.5216 	EXP 	LDT_stim_text: height = np.float64(0.1)
234.5216 	EXP 	LDT_stim_text: height = np.float64(0.1)
234.5216 	EXP 	LDT_stim_text: height = np.float64(0.1)
234.5216 	EXP 	LDT_stim_text: text = 'zall'
234.5216 	EXP 	LDT_fix_text: autoDraw = True
234.5222 	DATA 	Keypress: l
234.6054 	EXP 	Device response: <KeyPress from None: t=234.51068940000005, value=l, duration=0.08836719999999332>
235.0055 	EXP 	LDT_stim_text: autoDraw = True
235.0138 	EXP 	LDT_fix_text: autoDraw = False
235.5647 	EXP 	Device response: <KeyPress from None: t=235.55845580000005, value=a, duration=None>
235.5649 	EXP 	New trial (rep=0, index=151): <Trial 151 (151 in rep 0) data={'Task': 'LDT', 'TrialType': 'Target', 'Stimuli': 'mears', 'StimulusType': 'nonword', 'CorrectResponse': 'a', 'Trialnumb': 172, 'thisN': 151, 'thisTrialN': 151, 'thisRepN': 0}>
235.5728 	EXP 	LDT_fix_text: autoDraw = False
235.5728 	EXP 	LDT_stim_text: autoDraw = False
235.5728 	EXP 	LDT_break_text: autoDraw = False
235.5728 	EXP 	LDT_stim_text: height = np.float64(0.1)
235.5728 	EXP 	LDT_stim_text: height = np.float64(0.1)
235.5728 	EXP 	LDT_stim_text: height = np.float64(0.1)
235.5728 	EXP 	LDT_stim_text: text = 'mears'
235.5728 	EXP 	LDT_fix_text: autoDraw = True
235.5732 	DATA 	Keypress: a
235.6480 	EXP 	Device response: <KeyPress from None: t=235.55845580000005, value=a, duration=0.08803089999992153>
236.0565 	EXP 	LDT_stim_text: autoDraw = True
236.0649 	EXP 	LDT_fix_text: autoDraw = False
236.5323 	EXP 	Device response: <KeyPress from None: t=236.52626759999998, value=a, duration=None>
236.5325 	EXP 	New trial (rep=0, index=152): <Trial 152 (152 in rep 0) data={'Task': 'LDT', 'TrialType': 'Target', 'Stimuli': 'sound', 'StimulusType': 'word', 'CorrectResponse': 'l', 'Trialnumb': 40, 'thisN': 152, 'thisTrialN': 152, 'thisRepN': 0}>
236.5404 	EXP 	LDT_fix_text: autoDraw = False
236.5404 	EXP 	LDT_stim_text: autoDraw = False
236.5404 	EXP 	LDT_break_text: autoDraw = False
236.5404 	EXP 	LDT_stim_text: height = np.float64(0.1)
236.5404 	EXP 	LDT_stim_text: height = np.float64(0.1)
236.5404 	EXP 	LDT_stim_text: height = np.float64(0.1)
236.5404 	EXP 	LDT_stim_text: text = 'sound'
236.5404 	EXP 	LDT_fix_text: autoDraw = True
236.5409 	DATA 	Keypress: a
236.6407 	EXP 	Device response: <KeyPress from None: t=236.52626759999998, value=a, duration=0.11410430000000815>
237.0241 	EXP 	LDT_stim_text: autoDraw = True
237.0325 	EXP 	LDT_fix_text: autoDraw = False
237.5667 	EXP 	Device response: <KeyPress from None: t=237.56643470000017, value=l, duration=None>
237.5669 	EXP 	New trial (rep=0, index=153): <Trial 153 (153 in rep 0) data={'Task': 'LDT', 'TrialType': 'Target', 'Stimuli': 'rees', 'StimulusType': 'nonword', 'CorrectResponse': 'a', 'Trialnumb': 184, 'thisN': 153, 'thisTrialN': 153, 'thisRepN': 0}>
237.5747 	EXP 	LDT_fix_text: autoDraw = False
237.5747 	EXP 	LDT_stim_text: autoDraw = False
237.5747 	EXP 	LDT_break_text: autoDraw = False
237.5747 	EXP 	LDT_stim_text: height = np.float64(0.1)
237.5747 	EXP 	LDT_stim_text: height = np.float64(0.1)
237.5747 	EXP 	LDT_stim_text: height = np.float64(0.1)
237.5747 	EXP 	LDT_stim_text: text = 'rees'
237.5747 	EXP 	LDT_fix_text: autoDraw = True
237.5752 	DATA 	Keypress: l
237.6333 	EXP 	Device response: <KeyPress from None: t=237.56643470000017, value=l, duration=0.06414379999978337>
238.0585 	EXP 	LDT_stim_text: autoDraw = True
238.0668 	EXP 	LDT_fix_text: autoDraw = False
238.6010 	EXP 	Device response: <KeyPress from None: t=238.59884460000012, value=a, duration=None>
238.6012 	EXP 	New trial (rep=0, index=154): <Trial 154 (154 in rep 0) data={'Task': 'LDT', 'TrialType': 'Target', 'Stimuli': 'trag', 'StimulusType': 'nonword', 'CorrectResponse': 'a', 'Trialnumb': 205, 'thisN': 154, 'thisTrialN': 154, 'thisRepN': 0}>
238.6091 	EXP 	LDT_fix_text: autoDraw = False
238.6091 	EXP 	LDT_stim_text: autoDraw = False
238.6091 	EXP 	LDT_break_text: autoDraw = False
238.6091 	EXP 	LDT_stim_text: height = np.float64(0.1)
238.6091 	EXP 	LDT_stim_text: height = np.float64(0.1)
238.6091 	EXP 	LDT_stim_text: height = np.float64(0.1)
238.6091 	EXP 	LDT_stim_text: text = 'trag'
238.6091 	EXP 	LDT_fix_text: autoDraw = True
238.6096 	DATA 	Keypress: a
238.6928 	EXP 	Device response: <KeyPress from None: t=238.59884460000012, value=a, duration=0.08890269999983502>
239.0929 	EXP 	LDT_stim_text: autoDraw = True
239.1013 	EXP 	LDT_fix_text: autoDraw = False
240.0774 	EXP 	Device response: <KeyPress from None: t=240.07085000000006, value=a, duration=None>
240.0777 	EXP 	New trial (rep=0, index=155): <Trial 155 (155 in rep 0) data={'Task': 'LDT', 'TrialType': 'Target', 'Stimuli': 'mize', 'StimulusType': 'nonword', 'CorrectResponse': 'a', 'Trialnumb': 174, 'thisN': 155, 'thisTrialN': 155, 'thisRepN': 0}>
240.0855 	EXP 	LDT_fix_text: autoDraw = False
240.0855 	EXP 	LDT_stim_text: autoDraw = False
240.0855 	EXP 	LDT_break_text: autoDraw = False
240.0855 	EXP 	LDT_stim_text: height = np.float64(0.1)
240.0855 	EXP 	LDT_stim_text: height = np.float64(0.1)
240.0855 	EXP 	LDT_stim_text: height = np.float64(0.1)
240.0855 	EXP 	LDT_stim_text: text = 'mize'
240.0855 	EXP 	LDT_fix_text: autoDraw = True
240.0860 	DATA 	Keypress: a
240.1942 	EXP 	Device response: <KeyPress from None: t=240.07085000000006, value=a, duration=0.11957030000007762>
240.5693 	EXP 	LDT_stim_text: autoDraw = True
240.5777 	EXP 	LDT_fix_text: autoDraw = False
241.2956 	EXP 	Device response: <KeyPress from None: t=241.29501490000007, value=a, duration=None>
241.2958 	EXP 	New trial (rep=0, index=156): <Trial 156 (156 in rep 0) data={'Task': 'LDT', 'TrialType': 'Target', 'Stimuli': 'seon', 'StimulusType': 'nonword', 'CorrectResponse': 'a', 'Trialnumb': 189, 'thisN': 156, 'thisTrialN': 156, 'thisRepN': 0}>
241.3034 	EXP 	LDT_fix_text: autoDraw = False
241.3034 	EXP 	LDT_stim_text: autoDraw = False
241.3034 	EXP 	LDT_break_text: autoDraw = False
241.3034 	EXP 	LDT_stim_text: height = np.float64(0.1)
241.3034 	EXP 	LDT_stim_text: height = np.float64(0.1)
241.3034 	EXP 	LDT_stim_text: height = np.float64(0.1)
241.3034 	EXP 	LDT_stim_text: text = 'seon'
241.3034 	EXP 	LDT_fix_text: autoDraw = True
241.3039 	DATA 	Keypress: a
241.3872 	EXP 	Device response: <KeyPress from None: t=241.29501490000007, value=a, duration=0.0873893999998927>
241.7872 	EXP 	LDT_stim_text: autoDraw = True
241.7956 	EXP 	LDT_fix_text: autoDraw = False
242.3382 	EXP 	Device response: <KeyPress from None: t=242.33495000000016, value=a, duration=None>
242.3385 	EXP 	New trial (rep=0, index=157): <Trial 157 (157 in rep 0) data={'Task': 'LDT', 'TrialType': 'Target', 'Stimuli': 'dilt', 'StimulusType': 'nonword', 'CorrectResponse': 'a', 'Trialnumb': 137, 'thisN': 157, 'thisTrialN': 157, 'thisRepN': 0}>
242.3462 	EXP 	LDT_fix_text: autoDraw = False
242.3462 	EXP 	LDT_stim_text: autoDraw = False
242.3462 	EXP 	LDT_break_text: autoDraw = False
242.3462 	EXP 	LDT_stim_text: height = np.float64(0.1)
242.3462 	EXP 	LDT_stim_text: height = np.float64(0.1)
242.3462 	EXP 	LDT_stim_text: height = np.float64(0.1)
242.3462 	EXP 	LDT_stim_text: text = 'dilt'
242.3462 	EXP 	LDT_fix_text: autoDraw = True
242.3467 	DATA 	Keypress: a
242.4550 	EXP 	Device response: <KeyPress from None: t=242.33495000000016, value=a, duration=0.11974420000001373>
242.8299 	EXP 	LDT_stim_text: autoDraw = True
242.8382 	EXP 	LDT_fix_text: autoDraw = False
243.3391 	EXP 	Device response: <KeyPress from None: t=243.33436630000006, value=a, duration=None>
243.3393 	EXP 	New trial (rep=0, index=158): <Trial 158 (158 in rep 0) data={'Task': 'LDT', 'TrialType': 'Target', 'Stimuli': 'sad', 'StimulusType': 'word', 'CorrectResponse': 'l', 'Trialnumb': 69, 'thisN': 158, 'thisTrialN': 158, 'thisRepN': 0}>
243.3471 	EXP 	LDT_fix_text: autoDraw = False
243.3471 	EXP 	LDT_stim_text: autoDraw = False
243.3471 	EXP 	LDT_break_text: autoDraw = False
243.3471 	EXP 	LDT_stim_text: height = np.float64(0.1)
243.3471 	EXP 	LDT_stim_text: height = np.float64(0.1)
243.3471 	EXP 	LDT_stim_text: height = np.float64(0.1)
243.3471 	EXP 	LDT_stim_text: text = 'sad'
243.3471 	EXP 	LDT_fix_text: autoDraw = True
243.3477 	DATA 	Keypress: a
243.4559 	EXP 	Device response: <KeyPress from None: t=243.33436630000006, value=a, duration=0.12082170000007864>
243.8309 	EXP 	LDT_stim_text: autoDraw = True
243.8392 	EXP 	LDT_fix_text: autoDraw = False
244.6737 	EXP 	Device response: <KeyPress from None: t=244.67065850000017, value=l, duration=None>
244.6739 	EXP 	New trial (rep=0, index=159): <Trial 159 (159 in rep 0) data={'Task': 'LDT', 'TrialType': 'Target', 'Stimuli': 'half', 'StimulusType': 'word', 'CorrectResponse': 'l', 'Trialnumb': 51, 'thisN': 159, 'thisTrialN': 159, 'thisRepN': 0}>
244.6818 	EXP 	LDT_fix_text: autoDraw = False
244.6818 	EXP 	LDT_stim_text: autoDraw = False
244.6818 	EXP 	LDT_break_text: autoDraw = False
244.6818 	EXP 	LDT_stim_text: height = np.float64(0.1)
244.6818 	EXP 	LDT_stim_text: height = np.float64(0.1)
244.6818 	EXP 	LDT_stim_text: height = np.float64(0.1)
244.6818 	EXP 	LDT_stim_text: text = 'half'
244.6818 	EXP 	LDT_fix_text: autoDraw = True
244.6824 	DATA 	Keypress: l
244.7488 	EXP 	Device response: <KeyPress from None: t=244.67065850000017, value=l, duration=0.07201829999985421>
245.1656 	EXP 	LDT_stim_text: autoDraw = True
245.1740 	EXP 	LDT_fix_text: autoDraw = False
245.6331 	EXP 	Device response: <KeyPress from None: t=245.6307921, value=l, duration=None>
245.6333 	EXP 	New trial (rep=0, index=160): <Trial 160 (160 in rep 0) data={'Task': 'LDT', 'TrialType': 'Target', 'Stimuli': 'herl', 'StimulusType': 'nonword', 'CorrectResponse': 'a', 'Trialnumb': 152, 'thisN': 160, 'thisTrialN': 160, 'thisRepN': 0}>
245.6410 	EXP 	LDT_fix_text: autoDraw = False
245.6410 	EXP 	LDT_stim_text: autoDraw = False
245.6410 	EXP 	LDT_break_text: autoDraw = False
245.6410 	EXP 	LDT_stim_text: height = np.float64(0.1)
245.6410 	EXP 	LDT_stim_text: height = np.float64(0.1)
245.6410 	EXP 	LDT_stim_text: height = np.float64(0.1)
245.6410 	EXP 	LDT_stim_text: text = 'herl'
245.6410 	EXP 	LDT_fix_text: autoDraw = True
245.6417 	DATA 	Keypress: l
245.7414 	EXP 	Device response: <KeyPress from None: t=245.6307921, value=l, duration=0.10414530000002742>
246.1249 	EXP 	LDT_stim_text: autoDraw = True
246.1332 	EXP 	LDT_fix_text: autoDraw = False
246.7175 	EXP 	Device response: <KeyPress from None: t=246.7104683, value=a, duration=None>
246.7178 	EXP 	New trial (rep=0, index=161): <Trial 161 (161 in rep 0) data={'Task': 'LDT', 'TrialType': 'Target', 'Stimuli': 'kire', 'StimulusType': 'nonword', 'CorrectResponse': 'a', 'Trialnumb': 166, 'thisN': 161, 'thisTrialN': 161, 'thisRepN': 0}>
246.7255 	EXP 	LDT_fix_text: autoDraw = False
246.7255 	EXP 	LDT_stim_text: autoDraw = False
246.7255 	EXP 	LDT_break_text: autoDraw = False
246.7255 	EXP 	LDT_stim_text: height = np.float64(0.1)
246.7255 	EXP 	LDT_stim_text: height = np.float64(0.1)
246.7255 	EXP 	LDT_stim_text: height = np.float64(0.1)
246.7255 	EXP 	LDT_stim_text: text = 'kire'
246.7255 	EXP 	LDT_fix_text: autoDraw = True
246.7260 	DATA 	Keypress: a
246.8092 	EXP 	Device response: <KeyPress from None: t=246.7104683, value=a, duration=0.09608890000004067>
247.2093 	EXP 	LDT_stim_text: autoDraw = True
247.2176 	EXP 	LDT_fix_text: autoDraw = False
247.9605 	EXP 	Device response: <KeyPress from None: t=247.95885880000014, value=a, duration=None>
247.9608 	EXP 	New trial (rep=0, index=162): <Trial 162 (162 in rep 0) data={'Task': 'LDT', 'TrialType': 'Target', 'Stimuli': 'read', 'StimulusType': 'word', 'CorrectResponse': 'l', 'Trialnumb': 31, 'thisN': 162, 'thisTrialN': 162, 'thisRepN': 0}>
247.9685 	EXP 	LDT_fix_text: autoDraw = False
247.9685 	EXP 	LDT_stim_text: autoDraw = False
247.9685 	EXP 	LDT_break_text: autoDraw = False
247.9685 	EXP 	LDT_stim_text: height = np.float64(0.1)
247.9685 	EXP 	LDT_stim_text: height = np.float64(0.1)
247.9685 	EXP 	LDT_stim_text: height = np.float64(0.1)
247.9685 	EXP 	LDT_stim_text: text = 'read'
247.9685 	EXP 	LDT_fix_text: autoDraw = True
247.9690 	DATA 	Keypress: a
248.1439 	EXP 	Device response: <KeyPress from None: t=247.95885880000014, value=a, duration=0.18344170000000304>
248.4522 	EXP 	LDT_stim_text: autoDraw = True
248.4605 	EXP 	LDT_fix_text: autoDraw = False
249.1114 	EXP 	Device response: <KeyPress from None: t=249.11088089999998, value=l, duration=None>
249.1117 	EXP 	New trial (rep=0, index=163): <Trial 163 (163 in rep 0) data={'Task': 'LDT', 'TrialType': 'Target', 'Stimuli': 'sere', 'StimulusType': 'nonword', 'CorrectResponse': 'a', 'Trialnumb': 190, 'thisN': 163, 'thisTrialN': 163, 'thisRepN': 0}>
249.1195 	EXP 	LDT_fix_text: autoDraw = False
249.1195 	EXP 	LDT_stim_text: autoDraw = False
249.1195 	EXP 	LDT_break_text: autoDraw = False
249.1195 	EXP 	LDT_stim_text: height = np.float64(0.1)
249.1195 	EXP 	LDT_stim_text: height = np.float64(0.1)
249.1195 	EXP 	LDT_stim_text: height = np.float64(0.1)
249.1195 	EXP 	LDT_stim_text: text = 'sere'
249.1195 	EXP 	LDT_fix_text: autoDraw = True
249.1201 	DATA 	Keypress: l
249.1782 	EXP 	Device response: <KeyPress from None: t=249.11088089999998, value=l, duration=0.06426370000008319>
249.6034 	EXP 	LDT_stim_text: autoDraw = True
249.6117 	EXP 	LDT_fix_text: autoDraw = False
250.1291 	EXP 	Device response: <KeyPress from None: t=250.12664870000003, value=a, duration=None>
250.1294 	EXP 	New trial (rep=0, index=164): <Trial 164 (164 in rep 0) data={'Task': 'LDT', 'TrialType': 'Target', 'Stimuli': 'tuse', 'StimulusType': 'nonword', 'CorrectResponse': 'a', 'Trialnumb': 209, 'thisN': 164, 'thisTrialN': 164, 'thisRepN': 0}>
250.1372 	EXP 	LDT_fix_text: autoDraw = False
250.1372 	EXP 	LDT_stim_text: autoDraw = False
250.1372 	EXP 	LDT_break_text: autoDraw = False
250.1372 	EXP 	LDT_stim_text: height = np.float64(0.1)
250.1372 	EXP 	LDT_stim_text: height = np.float64(0.1)
250.1372 	EXP 	LDT_stim_text: height = np.float64(0.1)
250.1372 	EXP 	LDT_stim_text: text = 'tuse'
250.1372 	EXP 	LDT_fix_text: autoDraw = True
250.1377 	DATA 	Keypress: a
250.2209 	EXP 	Device response: <KeyPress from None: t=250.12664870000003, value=a, duration=0.08787669999992431>
250.6210 	EXP 	LDT_stim_text: autoDraw = True
250.6293 	EXP 	LDT_fix_text: autoDraw = False
251.1969 	EXP 	Device response: <KeyPress from None: t=251.19167319999997, value=a, duration=None>
251.1971 	EXP 	New trial (rep=0, index=165): <Trial 165 (165 in rep 0) data={'Task': 'LDT', 'TrialType': 'Target', 'Stimuli': 'art', 'StimulusType': 'word', 'CorrectResponse': 'l', 'Trialnumb': 15, 'thisN': 165, 'thisTrialN': 165, 'thisRepN': 0}>
251.2049 	EXP 	LDT_fix_text: autoDraw = False
251.2049 	EXP 	LDT_stim_text: autoDraw = False
251.2049 	EXP 	LDT_break_text: autoDraw = False
251.2049 	EXP 	LDT_stim_text: height = np.float64(0.1)
251.2049 	EXP 	LDT_stim_text: height = np.float64(0.1)
251.2049 	EXP 	LDT_stim_text: height = np.float64(0.1)
251.2049 	EXP 	LDT_stim_text: text = 'art'
251.2049 	EXP 	LDT_fix_text: autoDraw = True
251.2055 	DATA 	Keypress: a
251.2804 	EXP 	Device response: <KeyPress from None: t=251.19167319999997, value=a, duration=0.08737330000008114>
251.6887 	EXP 	LDT_stim_text: autoDraw = True
251.6971 	EXP 	LDT_fix_text: autoDraw = False
252.6567 	EXP 	Device response: <KeyPress from None: t=252.65638060000015, value=l, duration=None>
252.6570 	EXP 	New trial (rep=0, index=166): <Trial 166 (166 in rep 0) data={'Task': 'LDT', 'TrialType': 'Target', 'Stimuli': 'smat', 'StimulusType': 'nonword', 'CorrectResponse': 'a', 'Trialnumb': 195, 'thisN': 166, 'thisTrialN': 166, 'thisRepN': 0}>
252.6647 	EXP 	LDT_fix_text: autoDraw = False
252.6647 	EXP 	LDT_stim_text: autoDraw = False
252.6647 	EXP 	LDT_break_text: autoDraw = False
252.6647 	EXP 	LDT_stim_text: height = np.float64(0.1)
252.6647 	EXP 	LDT_stim_text: height = np.float64(0.1)
252.6647 	EXP 	LDT_stim_text: height = np.float64(0.1)
252.6647 	EXP 	LDT_stim_text: text = 'smat'
252.6647 	EXP 	LDT_fix_text: autoDraw = True
252.6652 	DATA 	Keypress: l
252.7651 	EXP 	Device response: <KeyPress from None: t=252.65638060000015, value=l, duration=0.10257529999989856>
253.1485 	EXP 	LDT_stim_text: autoDraw = True
253.1569 	EXP 	LDT_fix_text: autoDraw = False
253.7244 	EXP 	Device response: <KeyPress from None: t=253.71992640000008, value=a, duration=None>
253.7247 	EXP 	New trial (rep=0, index=167): <Trial 167 (167 in rep 0) data={'Task': 'LDT', 'TrialType': 'Target', 'Stimuli': 'eall', 'StimulusType': 'nonword', 'CorrectResponse': 'a', 'Trialnumb': 138, 'thisN': 167, 'thisTrialN': 167, 'thisRepN': 0}>
253.7326 	EXP 	LDT_fix_text: autoDraw = False
253.7326 	EXP 	LDT_stim_text: autoDraw = False
253.7326 	EXP 	LDT_break_text: autoDraw = False
253.7326 	EXP 	LDT_stim_text: height = np.float64(0.1)
253.7326 	EXP 	LDT_stim_text: height = np.float64(0.1)
253.7326 	EXP 	LDT_stim_text: height = np.float64(0.1)
253.7326 	EXP 	LDT_stim_text: text = 'eall'
253.7326 	EXP 	LDT_fix_text: autoDraw = True
253.7331 	DATA 	Keypress: a
253.8330 	EXP 	Device response: <KeyPress from None: t=253.71992640000008, value=a, duration=0.11208590000001095>
254.2163 	EXP 	LDT_stim_text: autoDraw = True
254.2246 	EXP 	LDT_fix_text: autoDraw = False
254.9172 	EXP 	Device response: <KeyPress from None: t=254.91108830000007, value=a, duration=None>
254.9175 	EXP 	New trial (rep=0, index=168): <Trial 168 (168 in rep 0) data={'Task': 'LDT', 'TrialType': 'Target', 'Stimuli': 'fump', 'StimulusType': 'nonword', 'CorrectResponse': 'a', 'Trialnumb': 143, 'thisN': 168, 'thisTrialN': 168, 'thisRepN': 0}>
254.9254 	EXP 	LDT_fix_text: autoDraw = False
254.9254 	EXP 	LDT_stim_text: autoDraw = False
254.9254 	EXP 	LDT_break_text: autoDraw = False
254.9254 	EXP 	LDT_stim_text: height = np.float64(0.1)
254.9254 	EXP 	LDT_stim_text: height = np.float64(0.1)
254.9254 	EXP 	LDT_stim_text: height = np.float64(0.1)
254.9254 	EXP 	LDT_stim_text: text = 'fump'
254.9254 	EXP 	LDT_fix_text: autoDraw = True
254.9259 	DATA 	Keypress: a
255.0257 	EXP 	Device response: <KeyPress from None: t=254.91108830000007, value=a, duration=0.1112702000000354>
255.4092 	EXP 	LDT_stim_text: autoDraw = True
255.4175 	EXP 	LDT_fix_text: autoDraw = False
256.3770 	EXP 	Device response: <KeyPress from None: t=256.37466600000016, value=a, duration=None>
256.3773 	EXP 	New trial (rep=0, index=169): <Trial 169 (169 in rep 0) data={'Task': 'LDT', 'TrialType': 'Target', 'Stimuli': 'news', 'StimulusType': 'word', 'CorrectResponse': 'l', 'Trialnumb': 45, 'thisN': 169, 'thisTrialN': 169, 'thisRepN': 0}>
256.3851 	EXP 	LDT_fix_text: autoDraw = False
256.3851 	EXP 	LDT_stim_text: autoDraw = False
256.3851 	EXP 	LDT_break_text: autoDraw = False
256.3851 	EXP 	LDT_stim_text: height = np.float64(0.1)
256.3851 	EXP 	LDT_stim_text: height = np.float64(0.1)
256.3851 	EXP 	LDT_stim_text: height = np.float64(0.1)
256.3851 	EXP 	LDT_stim_text: text = 'news'
256.3851 	EXP 	LDT_fix_text: autoDraw = True
256.3856 	DATA 	Keypress: a
256.5355 	EXP 	Device response: <KeyPress from None: t=256.37466600000016, value=a, duration=0.15966659999980948>
256.8689 	EXP 	LDT_stim_text: autoDraw = True
256.8772 	EXP 	LDT_fix_text: autoDraw = False
257.5866 	EXP 	Device response: <KeyPress from None: t=257.5824384, value=l, duration=None>
257.5868 	EXP 	New trial (rep=0, index=170): <Trial 170 (170 in rep 0) data={'Task': 'LDT', 'TrialType': 'Target', 'Stimuli': 'buy', 'StimulusType': 'word', 'CorrectResponse': 'l', 'Trialnumb': 25, 'thisN': 170, 'thisTrialN': 170, 'thisRepN': 0}>
257.5946 	EXP 	LDT_fix_text: autoDraw = False
257.5946 	EXP 	LDT_stim_text: autoDraw = False
257.5946 	EXP 	LDT_break_text: autoDraw = False
257.5946 	EXP 	LDT_stim_text: height = np.float64(0.1)
257.5946 	EXP 	LDT_stim_text: height = np.float64(0.1)
257.5946 	EXP 	LDT_stim_text: height = np.float64(0.1)
257.5946 	EXP 	LDT_stim_text: text = 'buy'
257.5946 	EXP 	LDT_fix_text: autoDraw = True
257.5952 	DATA 	Keypress: l
257.6783 	EXP 	Device response: <KeyPress from None: t=257.5824384, value=l, duration=0.089482500000031>
258.0784 	EXP 	LDT_stim_text: autoDraw = True
258.0868 	EXP 	LDT_fix_text: autoDraw = False
258.5459 	EXP 	Device response: <KeyPress from None: t=258.5423224000001, value=l, duration=None>
258.5462 	EXP 	New trial (rep=0, index=171): <Trial 171 (171 in rep 0) data={'Task': 'LDT', 'TrialType': 'Target', 'Stimuli': 'short', 'StimulusType': 'word', 'CorrectResponse': 'l', 'Trialnumb': 50, 'thisN': 171, 'thisTrialN': 171, 'thisRepN': 0}>
258.5540 	EXP 	LDT_fix_text: autoDraw = False
258.5540 	EXP 	LDT_stim_text: autoDraw = False
258.5540 	EXP 	LDT_break_text: autoDraw = False
258.5540 	EXP 	LDT_stim_text: height = np.float64(0.1)
258.5540 	EXP 	LDT_stim_text: height = np.float64(0.1)
258.5540 	EXP 	LDT_stim_text: height = np.float64(0.1)
258.5540 	EXP 	LDT_stim_text: text = 'short'
258.5540 	EXP 	LDT_fix_text: autoDraw = True
258.5545 	DATA 	Keypress: l
258.6376 	EXP 	Device response: <KeyPress from None: t=258.5423224000001, value=l, duration=0.08805449999999837>
259.0378 	EXP 	LDT_stim_text: autoDraw = True
259.0461 	EXP 	LDT_fix_text: autoDraw = False
259.5302 	EXP 	Device response: <KeyPress from None: t=259.5270075000001, value=l, duration=None>
259.5304 	EXP 	New trial (rep=0, index=172): <Trial 172 (172 in rep 0) data={'Task': 'LDT', 'TrialType': 'Target', 'Stimuli': 'neep', 'StimulusType': 'nonword', 'CorrectResponse': 'a', 'Trialnumb': 176, 'thisN': 172, 'thisTrialN': 172, 'thisRepN': 0}>
259.5382 	EXP 	LDT_fix_text: autoDraw = False
259.5382 	EXP 	LDT_stim_text: autoDraw = False
259.5382 	EXP 	LDT_break_text: autoDraw = False
259.5382 	EXP 	LDT_stim_text: height = np.float64(0.1)
259.5382 	EXP 	LDT_stim_text: height = np.float64(0.1)
259.5382 	EXP 	LDT_stim_text: height = np.float64(0.1)
259.5382 	EXP 	LDT_stim_text: text = 'neep'
259.5382 	EXP 	LDT_fix_text: autoDraw = True
259.5387 	DATA 	Keypress: l
259.6219 	EXP 	Device response: <KeyPress from None: t=259.5270075000001, value=l, duration=0.08739089999994576>
260.0220 	EXP 	LDT_stim_text: autoDraw = True
260.0304 	EXP 	LDT_fix_text: autoDraw = False
260.6647 	EXP 	Device response: <KeyPress from None: t=260.66344060000006, value=a, duration=None>
260.6649 	EXP 	New trial (rep=0, index=173): <Trial 173 (173 in rep 0) data={'Task': 'LDT', 'TrialType': 'Target', 'Stimuli': 'hard', 'StimulusType': 'word', 'CorrectResponse': 'l', 'Trialnumb': 22, 'thisN': 173, 'thisTrialN': 173, 'thisRepN': 0}>
260.6727 	EXP 	LDT_fix_text: autoDraw = False
260.6727 	EXP 	LDT_stim_text: autoDraw = False
260.6727 	EXP 	LDT_break_text: autoDraw = False
260.6727 	EXP 	LDT_stim_text: height = np.float64(0.1)
260.6727 	EXP 	LDT_stim_text: height = np.float64(0.1)
260.6727 	EXP 	LDT_stim_text: height = np.float64(0.1)
260.6727 	EXP 	LDT_stim_text: text = 'hard'
260.6727 	EXP 	LDT_fix_text: autoDraw = True
260.6731 	DATA 	Keypress: a
260.7649 	EXP 	Device response: <KeyPress from None: t=260.66344060000006, value=a, duration=0.09628350000002683>
261.1565 	EXP 	LDT_stim_text: autoDraw = True
261.1649 	EXP 	LDT_fix_text: autoDraw = False
261.6490 	EXP 	Device response: <KeyPress from None: t=261.6464904000002, value=l, duration=None>
261.6492 	EXP 	New trial (rep=0, index=174): <Trial 174 (174 in rep 0) data={'Task': 'LDT', 'TrialType': 'Target', 'Stimuli': 'air', 'StimulusType': 'word', 'CorrectResponse': 'l', 'Trialnumb': 34, 'thisN': 174, 'thisTrialN': 174, 'thisRepN': 0}>
261.6570 	EXP 	LDT_fix_text: autoDraw = False
261.6570 	EXP 	LDT_stim_text: autoDraw = False
261.6570 	EXP 	LDT_break_text: autoDraw = False
261.6570 	EXP 	LDT_stim_text: height = np.float64(0.1)
261.6570 	EXP 	LDT_stim_text: height = np.float64(0.1)
261.6570 	EXP 	LDT_stim_text: height = np.float64(0.1)
261.6570 	EXP 	LDT_stim_text: text = 'air'
261.6570 	EXP 	LDT_fix_text: autoDraw = True
261.6575 	DATA 	Keypress: l
261.7490 	EXP 	Device response: <KeyPress from None: t=261.6464904000002, value=l, duration=0.09639879999986078>
262.1408 	EXP 	LDT_stim_text: autoDraw = True
262.1492 	EXP 	LDT_fix_text: autoDraw = False
262.5666 	EXP 	Device response: <KeyPress from None: t=262.5663654, value=l, duration=None>
262.5668 	EXP 	New trial (rep=0, index=175): <Trial 175 (175 in rep 0) data={'Task': 'LDT', 'TrialType': 'Target', 'Stimuli': 'veek', 'StimulusType': 'nonword', 'CorrectResponse': 'a', 'Trialnumb': 211, 'thisN': 175, 'thisTrialN': 175, 'thisRepN': 0}>
262.5746 	EXP 	LDT_fix_text: autoDraw = False
262.5746 	EXP 	LDT_stim_text: autoDraw = False
262.5746 	EXP 	LDT_break_text: autoDraw = False
262.5746 	EXP 	LDT_stim_text: height = np.float64(0.1)
262.5746 	EXP 	LDT_stim_text: height = np.float64(0.1)
262.5746 	EXP 	LDT_stim_text: height = np.float64(0.1)
262.5746 	EXP 	LDT_stim_text: text = 'veek'
262.5746 	EXP 	LDT_fix_text: autoDraw = True
262.5750 	DATA 	Keypress: l
262.6666 	EXP 	Device response: <KeyPress from None: t=262.5663654, value=l, duration=0.09684230000016214>
263.0584 	EXP 	LDT_stim_text: autoDraw = True
263.0667 	EXP 	LDT_fix_text: autoDraw = False
263.6176 	EXP 	Device response: <KeyPress from None: t=263.61437079999996, value=a, duration=None>
263.6179 	EXP 	New trial (rep=0, index=176): <Trial 176 (176 in rep 0) data={'Task': 'LDT', 'TrialType': 'Target', 'Stimuli': 'rent', 'StimulusType': 'word', 'CorrectResponse': 'l', 'Trialnumb': 84, 'thisN': 176, 'thisTrialN': 176, 'thisRepN': 0}>
263.6256 	EXP 	LDT_fix_text: autoDraw = False
263.6256 	EXP 	LDT_stim_text: autoDraw = False
263.6256 	EXP 	LDT_break_text: autoDraw = False
263.6256 	EXP 	LDT_stim_text: height = np.float64(0.1)
263.6256 	EXP 	LDT_stim_text: height = np.float64(0.1)
263.6256 	EXP 	LDT_stim_text: height = np.float64(0.1)
263.6256 	EXP 	LDT_stim_text: text = 'rent'
263.6256 	EXP 	LDT_fix_text: autoDraw = True
263.6261 	DATA 	Keypress: a
263.7260 	EXP 	Device response: <KeyPress from None: t=263.61437079999996, value=a, duration=0.10448960000007901>
264.1094 	EXP 	LDT_stim_text: autoDraw = True
264.1178 	EXP 	LDT_fix_text: autoDraw = False
264.5436 	EXP 	Device response: <KeyPress from None: t=264.5431558, value=a, duration=None>
264.5438 	EXP 	New trial (rep=0, index=177): <Trial 177 (177 in rep 0) data={'Task': 'LDT', 'TrialType': 'Target', 'Stimuli': 'stop', 'StimulusType': 'word', 'CorrectResponse': 'l', 'Trialnumb': 44, 'thisN': 177, 'thisTrialN': 177, 'thisRepN': 0}>
264.5516 	EXP 	LDT_fix_text: autoDraw = False
264.5516 	EXP 	LDT_stim_text: autoDraw = False
264.5516 	EXP 	LDT_break_text: autoDraw = False
264.5516 	EXP 	LDT_stim_text: height = np.float64(0.1)
264.5516 	EXP 	LDT_stim_text: height = np.float64(0.1)
264.5516 	EXP 	LDT_stim_text: height = np.float64(0.1)
264.5516 	EXP 	LDT_stim_text: text = 'stop'
264.5516 	EXP 	LDT_fix_text: autoDraw = True
264.5521 	DATA 	Keypress: a
264.6352 	EXP 	Device response: <KeyPress from None: t=264.5431558, value=a, duration=0.08715389999997569>
265.0354 	EXP 	LDT_stim_text: autoDraw = True
265.0437 	EXP 	LDT_fix_text: autoDraw = False
265.6196 	EXP 	Device response: <KeyPress from None: t=265.61471789999996, value=l, duration=None>
265.6199 	EXP 	New trial (rep=0, index=178): <Trial 178 (178 in rep 0) data={'Task': 'LDT', 'TrialType': 'Target', 'Stimuli': 'music', 'StimulusType': 'word', 'CorrectResponse': 'l', 'Trialnumb': 13, 'thisN': 178, 'thisTrialN': 178, 'thisRepN': 0}>
265.6276 	EXP 	LDT_fix_text: autoDraw = False
265.6276 	EXP 	LDT_stim_text: autoDraw = False
265.6276 	EXP 	LDT_break_text: autoDraw = False
265.6276 	EXP 	LDT_stim_text: height = np.float64(0.1)
265.6276 	EXP 	LDT_stim_text: height = np.float64(0.1)
265.6276 	EXP 	LDT_stim_text: height = np.float64(0.1)
265.6276 	EXP 	LDT_stim_text: text = 'music'
265.6276 	EXP 	LDT_fix_text: autoDraw = True
265.6281 	DATA 	Keypress: l
265.6947 	EXP 	Device response: <KeyPress from None: t=265.61471789999996, value=l, duration=0.07257810000010068>
266.1115 	EXP 	LDT_stim_text: autoDraw = True
266.1198 	EXP 	LDT_fix_text: autoDraw = False
266.6039 	EXP 	Device response: <KeyPress from None: t=266.59862610000005, value=l, duration=None>
266.6042 	EXP 	New trial (rep=0, index=179): <Trial 179 (179 in rep 0) data={'Task': 'LDT', 'TrialType': 'Target', 'Stimuli': 'vour', 'StimulusType': 'nonword', 'CorrectResponse': 'a', 'Trialnumb': 214, 'thisN': 179, 'thisTrialN': 179, 'thisRepN': 0}>
266.6119 	EXP 	LDT_fix_text: autoDraw = False
266.6119 	EXP 	LDT_stim_text: autoDraw = False
266.6119 	EXP 	LDT_break_text: autoDraw = False
266.6119 	EXP 	LDT_stim_text: height = np.float64(0.1)
266.6119 	EXP 	LDT_stim_text: height = np.float64(0.1)
266.6119 	EXP 	LDT_stim_text: height = np.float64(0.1)
266.6119 	EXP 	LDT_stim_text: text = 'vour'
266.6119 	EXP 	LDT_fix_text: autoDraw = True
266.6124 	DATA 	Keypress: l
266.6790 	EXP 	Device response: <KeyPress from None: t=266.59862610000005, value=l, duration=0.08002660000011019>
267.0957 	EXP 	LDT_stim_text: autoDraw = True
267.1041 	EXP 	LDT_fix_text: autoDraw = False
267.6384 	EXP 	Device response: <KeyPress from None: t=267.63068220000014, value=a, duration=None>
267.6386 	EXP 	New trial (rep=0, index=180): <Trial 180 (180 in rep 0) data={'Task': 'LDT', 'TrialType': 'Target', 'Stimuli': 'sharp', 'StimulusType': 'word', 'CorrectResponse': 'l', 'Trialnumb': 94, 'thisN': 180, 'thisTrialN': 180, 'thisRepN': 0}>
267.6464 	EXP 	LDT_fix_text: autoDraw = False
267.6464 	EXP 	LDT_stim_text: autoDraw = False
267.6464 	EXP 	LDT_break_text: autoDraw = False
267.6464 	EXP 	LDT_stim_text: height = np.float64(0.1)
267.6464 	EXP 	LDT_stim_text: height = np.float64(0.1)
267.6464 	EXP 	LDT_stim_text: height = np.float64(0.1)
267.6464 	EXP 	LDT_stim_text: text = 'sharp'
267.6464 	EXP 	LDT_fix_text: autoDraw = True
267.6469 	DATA 	Keypress: a
267.7135 	EXP 	Device response: <KeyPress from None: t=267.63068220000014, value=a, duration=0.07979779999982384>
268.1301 	EXP 	LDT_stim_text: autoDraw = True
268.1385 	EXP 	LDT_fix_text: autoDraw = False
268.6309 	EXP 	Device response: <KeyPress from None: t=268.63022950000004, value=a, duration=None>
268.6311 	EXP 	New trial (rep=0, index=181): <Trial 181 (181 in rep 0) data={'Task': 'LDT', 'TrialType': 'Target', 'Stimuli': 'word', 'StimulusType': 'word', 'CorrectResponse': 'l', 'Trialnumb': 47, 'thisN': 181, 'thisTrialN': 181, 'thisRepN': 0}>
268.6390 	EXP 	LDT_fix_text: autoDraw = False
268.6390 	EXP 	LDT_stim_text: autoDraw = False
268.6390 	EXP 	LDT_break_text: autoDraw = False
268.6390 	EXP 	LDT_stim_text: height = np.float64(0.1)
268.6390 	EXP 	LDT_stim_text: height = np.float64(0.1)
268.6390 	EXP 	LDT_stim_text: height = np.float64(0.1)
268.6390 	EXP 	LDT_stim_text: text = 'word'
268.6390 	EXP 	LDT_fix_text: autoDraw = True
268.6396 	DATA 	Keypress: a
268.6976 	EXP 	Device response: <KeyPress from None: t=268.63022950000004, value=a, duration=0.06440309999993588>
269.1228 	EXP 	LDT_stim_text: autoDraw = True
269.1311 	EXP 	LDT_fix_text: autoDraw = False
269.6736 	EXP 	Device response: <KeyPress from None: t=269.6710075000001, value=l, duration=None>
269.6739 	EXP 	New trial (rep=0, index=182): <Trial 182 (182 in rep 0) data={'Task': 'LDT', 'TrialType': 'Target', 'Stimuli': 'vink', 'StimulusType': 'nonword', 'CorrectResponse': 'a', 'Trialnumb': 212, 'thisN': 182, 'thisTrialN': 182, 'thisRepN': 0}>
269.6816 	EXP 	LDT_fix_text: autoDraw = False
269.6816 	EXP 	LDT_stim_text: autoDraw = False
269.6816 	EXP 	LDT_break_text: autoDraw = False
269.6816 	EXP 	LDT_stim_text: height = np.float64(0.1)
269.6816 	EXP 	LDT_stim_text: height = np.float64(0.1)
269.6816 	EXP 	LDT_stim_text: height = np.float64(0.1)
269.6816 	EXP 	LDT_stim_text: text = 'vink'
269.6816 	EXP 	LDT_fix_text: autoDraw = True
269.6821 	DATA 	Keypress: l
269.7571 	EXP 	Device response: <KeyPress from None: t=269.6710075000001, value=l, duration=0.07968579999987924>
270.1655 	EXP 	LDT_stim_text: autoDraw = True
270.1738 	EXP 	LDT_fix_text: autoDraw = False
270.8831 	EXP 	Device response: <KeyPress from None: t=270.8786413, value=a, duration=None>
270.8834 	EXP 	New trial (rep=0, index=183): <Trial 183 (183 in rep 0) data={'Task': 'LDT', 'TrialType': 'Target', 'Stimuli': 'basp', 'StimulusType': 'nonword', 'CorrectResponse': 'a', 'Trialnumb': 118, 'thisN': 183, 'thisTrialN': 183, 'thisRepN': 0}>
270.8914 	EXP 	LDT_fix_text: autoDraw = False
270.8914 	EXP 	LDT_stim_text: autoDraw = False
270.8914 	EXP 	LDT_break_text: autoDraw = False
270.8914 	EXP 	LDT_stim_text: height = np.float64(0.1)
270.8914 	EXP 	LDT_stim_text: height = np.float64(0.1)
270.8914 	EXP 	LDT_stim_text: height = np.float64(0.1)
270.8914 	EXP 	LDT_stim_text: text = 'basp'
270.8914 	EXP 	LDT_fix_text: autoDraw = True
270.8919 	DATA 	Keypress: a
270.9916 	EXP 	Device response: <KeyPress from None: t=270.8786413, value=a, duration=0.10468979999996009>
271.3750 	EXP 	LDT_stim_text: autoDraw = True
271.3834 	EXP 	LDT_fix_text: autoDraw = False
272.0678 	EXP 	Device response: <KeyPress from None: t=272.0628958, value=a, duration=None>
272.0680 	EXP 	New trial (rep=0, index=184): <Trial 184 (184 in rep 0) data={'Task': 'LDT', 'TrialType': 'Target', 'Stimuli': 'flat', 'StimulusType': 'word', 'CorrectResponse': 'l', 'Trialnumb': 92, 'thisN': 184, 'thisTrialN': 184, 'thisRepN': 0}>
272.0757 	EXP 	LDT_fix_text: autoDraw = False
272.0757 	EXP 	LDT_stim_text: autoDraw = False
272.0757 	EXP 	LDT_break_text: autoDraw = False
272.0757 	EXP 	LDT_stim_text: height = np.float64(0.1)
272.0757 	EXP 	LDT_stim_text: height = np.float64(0.1)
272.0757 	EXP 	LDT_stim_text: height = np.float64(0.1)
272.0757 	EXP 	LDT_stim_text: text = 'flat'
272.0757 	EXP 	LDT_fix_text: autoDraw = True
272.0762 	DATA 	Keypress: a
272.1594 	EXP 	Device response: <KeyPress from None: t=272.0628958, value=a, duration=0.08834940000019742>
272.5595 	EXP 	LDT_stim_text: autoDraw = True
272.5679 	EXP 	LDT_fix_text: autoDraw = False
273.1103 	EXP 	Device response: <KeyPress from None: t=273.1027131000001, value=l, duration=None>
273.1106 	EXP 	New trial (rep=0, index=185): <Trial 185 (185 in rep 0) data={'Task': 'LDT', 'TrialType': 'Target', 'Stimuli': 'man', 'StimulusType': 'word', 'CorrectResponse': 'l', 'Trialnumb': 12, 'thisN': 185, 'thisTrialN': 185, 'thisRepN': 0}>
273.1184 	EXP 	LDT_fix_text: autoDraw = False
273.1184 	EXP 	LDT_stim_text: autoDraw = False
273.1184 	EXP 	LDT_break_text: autoDraw = False
273.1184 	EXP 	LDT_stim_text: height = np.float64(0.1)
273.1184 	EXP 	LDT_stim_text: height = np.float64(0.1)
273.1184 	EXP 	LDT_stim_text: height = np.float64(0.1)
273.1184 	EXP 	LDT_stim_text: text = 'man'
273.1184 	EXP 	LDT_fix_text: autoDraw = True
273.1189 	DATA 	Keypress: l
273.1938 	EXP 	Device response: <KeyPress from None: t=273.1027131000001, value=l, duration=0.0875696999999036>
273.6023 	EXP 	LDT_stim_text: autoDraw = True
273.6106 	EXP 	LDT_fix_text: autoDraw = False
274.1032 	EXP 	Device response: <KeyPress from None: t=274.10269949999997, value=l, duration=None>
274.1034 	EXP 	New trial (rep=0, index=186): <Trial 186 (186 in rep 0) data={'Task': 'LDT', 'TrialType': 'Target', 'Stimuli': 'crap', 'StimulusType': 'word', 'CorrectResponse': 'l', 'Trialnumb': 70, 'thisN': 186, 'thisTrialN': 186, 'thisRepN': 0}>
274.1111 	EXP 	LDT_fix_text: autoDraw = False
274.1111 	EXP 	LDT_stim_text: autoDraw = False
274.1111 	EXP 	LDT_break_text: autoDraw = False
274.1111 	EXP 	LDT_stim_text: height = np.float64(0.1)
274.1111 	EXP 	LDT_stim_text: height = np.float64(0.1)
274.1111 	EXP 	LDT_stim_text: height = np.float64(0.1)
274.1111 	EXP 	LDT_stim_text: text = 'crap'
274.1111 	EXP 	LDT_fix_text: autoDraw = True
274.1116 	DATA 	Keypress: l
274.1949 	EXP 	Device response: <KeyPress from None: t=274.10269949999997, value=l, duration=0.08843270000011216>
274.5949 	EXP 	LDT_stim_text: autoDraw = True
274.6032 	EXP 	LDT_fix_text: autoDraw = False
275.0957 	EXP 	Device response: <KeyPress from None: t=275.0952288000001, value=l, duration=None>
275.0960 	EXP 	New trial (rep=0, index=187): <Trial 187 (187 in rep 0) data={'Task': 'LDT', 'TrialType': 'Target', 'Stimuli': 'rap', 'StimulusType': 'word', 'CorrectResponse': 'l', 'Trialnumb': 109, 'thisN': 187, 'thisTrialN': 187, 'thisRepN': 0}>
275.1037 	EXP 	LDT_fix_text: autoDraw = False
275.1037 	EXP 	LDT_stim_text: autoDraw = False
275.1037 	EXP 	LDT_break_text: autoDraw = False
275.1037 	EXP 	LDT_stim_text: height = np.float64(0.1)
275.1037 	EXP 	LDT_stim_text: height = np.float64(0.1)
275.1037 	EXP 	LDT_stim_text: height = np.float64(0.1)
275.1037 	EXP 	LDT_stim_text: text = 'rap'
275.1037 	EXP 	LDT_fix_text: autoDraw = True
275.1043 	DATA 	Keypress: l
275.2042 	EXP 	Device response: <KeyPress from None: t=275.0952288000001, value=l, duration=0.1030978999999661>
275.5875 	EXP 	LDT_stim_text: autoDraw = True
275.5959 	EXP 	LDT_fix_text: autoDraw = False
276.1885 	EXP 	Device response: <KeyPress from None: t=276.18303290000017, value=l, duration=None>
276.1887 	EXP 	New trial (rep=0, index=188): <Trial 188 (188 in rep 0) data={'Task': 'LDT', 'TrialType': 'Target', 'Stimuli': 'ill', 'StimulusType': 'word', 'CorrectResponse': 'l', 'Trialnumb': 97, 'thisN': 188, 'thisTrialN': 188, 'thisRepN': 0}>
276.1965 	EXP 	LDT_fix_text: autoDraw = False
276.1965 	EXP 	LDT_stim_text: autoDraw = False
276.1965 	EXP 	LDT_break_text: autoDraw = False
276.1965 	EXP 	LDT_stim_text: height = np.float64(0.1)
276.1965 	EXP 	LDT_stim_text: height = np.float64(0.1)
276.1965 	EXP 	LDT_stim_text: height = np.float64(0.1)
276.1965 	EXP 	LDT_stim_text: text = 'ill'
276.1965 	EXP 	LDT_fix_text: autoDraw = True
276.1970 	DATA 	Keypress: l
276.2636 	EXP 	Device response: <KeyPress from None: t=276.18303290000017, value=l, duration=0.08013039999991634>
276.6803 	EXP 	LDT_stim_text: autoDraw = True
276.6886 	EXP 	LDT_fix_text: autoDraw = False
277.2562 	EXP 	Device response: <KeyPress from None: t=277.2479866000001, value=l, duration=None>
277.2564 	EXP 	New trial (rep=0, index=189): <Trial 189 (189 in rep 0) data={'Task': 'LDT', 'TrialType': 'Target', 'Stimuli': 'hold', 'StimulusType': 'word', 'CorrectResponse': 'l', 'Trialnumb': 54, 'thisN': 189, 'thisTrialN': 189, 'thisRepN': 0}>
277.2642 	EXP 	LDT_fix_text: autoDraw = False
277.2642 	EXP 	LDT_stim_text: autoDraw = False
277.2642 	EXP 	LDT_break_text: autoDraw = False
277.2642 	EXP 	LDT_stim_text: height = np.float64(0.1)
277.2642 	EXP 	LDT_stim_text: height = np.float64(0.1)
277.2642 	EXP 	LDT_stim_text: height = np.float64(0.1)
277.2642 	EXP 	LDT_stim_text: text = 'hold'
277.2642 	EXP 	LDT_fix_text: autoDraw = True
277.2647 	DATA 	Keypress: l
277.3228 	EXP 	Device response: <KeyPress from None: t=277.2479866000001, value=l, duration=0.07041430000003857>
277.7480 	EXP 	LDT_stim_text: autoDraw = True
277.7564 	EXP 	LDT_fix_text: autoDraw = False
278.2571 	EXP 	Device response: <KeyPress from None: t=278.25434889999997, value=l, duration=None>
278.2574 	EXP 	New trial (rep=0, index=190): <Trial 190 (190 in rep 0) data={'Task': 'LDT', 'TrialType': 'Target', 'Stimuli': 'chase', 'StimulusType': 'word', 'CorrectResponse': 'l', 'Trialnumb': 86, 'thisN': 190, 'thisTrialN': 190, 'thisRepN': 0}>
278.2652 	EXP 	LDT_fix_text: autoDraw = False
278.2652 	EXP 	LDT_stim_text: autoDraw = False
278.2652 	EXP 	LDT_break_text: autoDraw = False
278.2652 	EXP 	LDT_stim_text: height = np.float64(0.1)
278.2652 	EXP 	LDT_stim_text: height = np.float64(0.1)
278.2652 	EXP 	LDT_stim_text: height = np.float64(0.1)
278.2652 	EXP 	LDT_stim_text: text = 'chase'
278.2652 	EXP 	LDT_fix_text: autoDraw = True
278.2658 	DATA 	Keypress: l
278.3490 	EXP 	Device response: <KeyPress from None: t=278.25434889999997, value=l, duration=0.08821880000004967>
278.7490 	EXP 	LDT_stim_text: autoDraw = True
278.7574 	EXP 	LDT_fix_text: autoDraw = False
279.2749 	EXP 	Device response: <KeyPress from None: t=279.2702382, value=l, duration=None>
279.2751 	EXP 	New trial (rep=0, index=191): <Trial 191 (191 in rep 0) data={'Task': 'LDT', 'TrialType': 'Target', 'Stimuli': 'under', 'StimulusType': 'word', 'CorrectResponse': 'l', 'Trialnumb': 39, 'thisN': 191, 'thisTrialN': 191, 'thisRepN': 0}>
279.2829 	EXP 	LDT_fix_text: autoDraw = False
279.2829 	EXP 	LDT_stim_text: autoDraw = False
279.2829 	EXP 	LDT_break_text: autoDraw = False
279.2829 	EXP 	LDT_stim_text: height = np.float64(0.1)
279.2829 	EXP 	LDT_stim_text: height = np.float64(0.1)
279.2829 	EXP 	LDT_stim_text: height = np.float64(0.1)
279.2829 	EXP 	LDT_stim_text: text = 'under'
279.2829 	EXP 	LDT_fix_text: autoDraw = True
279.2834 	DATA 	Keypress: l
279.3750 	EXP 	Device response: <KeyPress from None: t=279.2702382, value=l, duration=0.09634150000010777>
279.7667 	EXP 	LDT_stim_text: autoDraw = True
279.7751 	EXP 	LDT_fix_text: autoDraw = False
280.2758 	EXP 	Device response: <KeyPress from None: t=280.27018710000016, value=l, duration=None>
280.2760 	EXP 	New trial (rep=0, index=192): <Trial 192 (192 in rep 0) data={'Task': 'LDT', 'TrialType': 'Target', 'Stimuli': 'kang', 'StimulusType': 'nonword', 'CorrectResponse': 'a', 'Trialnumb': 162, 'thisN': 192, 'thisTrialN': 192, 'thisRepN': 0}>
280.2839 	EXP 	LDT_fix_text: autoDraw = False
280.2839 	EXP 	LDT_stim_text: autoDraw = False
280.2839 	EXP 	LDT_break_text: autoDraw = False
280.2839 	EXP 	LDT_stim_text: height = np.float64(0.1)
280.2839 	EXP 	LDT_stim_text: height = np.float64(0.1)
280.2839 	EXP 	LDT_stim_text: height = np.float64(0.1)
280.2839 	EXP 	LDT_stim_text: text = 'kang'
280.2839 	EXP 	LDT_fix_text: autoDraw = True
280.2845 	DATA 	Keypress: l
280.3593 	EXP 	Device response: <KeyPress from None: t=280.27018710000016, value=l, duration=0.08104859999980363>
280.7677 	EXP 	LDT_stim_text: autoDraw = True
280.7760 	EXP 	LDT_fix_text: autoDraw = False
281.4855 	EXP 	Device response: <KeyPress from None: t=281.4785148000001, value=a, duration=None>
281.4857 	EXP 	New trial (rep=0, index=193): <Trial 193 (193 in rep 0) data={'Task': 'LDT', 'TrialType': 'Target', 'Stimuli': 'set', 'StimulusType': 'word', 'CorrectResponse': 'l', 'Trialnumb': 36, 'thisN': 193, 'thisTrialN': 193, 'thisRepN': 0}>
281.4934 	EXP 	LDT_fix_text: autoDraw = False
281.4934 	EXP 	LDT_stim_text: autoDraw = False
281.4934 	EXP 	LDT_break_text: autoDraw = False
281.4934 	EXP 	LDT_stim_text: height = np.float64(0.1)
281.4934 	EXP 	LDT_stim_text: height = np.float64(0.1)
281.4934 	EXP 	LDT_stim_text: height = np.float64(0.1)
281.4934 	EXP 	LDT_stim_text: text = 'set'
281.4934 	EXP 	LDT_fix_text: autoDraw = True
281.4939 	DATA 	Keypress: a
281.5771 	EXP 	Device response: <KeyPress from None: t=281.4785148000001, value=a, duration=0.09605480000004718>
281.9772 	EXP 	LDT_stim_text: autoDraw = True
281.9856 	EXP 	LDT_fix_text: autoDraw = False
282.4447 	EXP 	Device response: <KeyPress from None: t=282.43838800000003, value=l, duration=None>
282.4450 	EXP 	New trial (rep=0, index=194): <Trial 194 (194 in rep 0) data={'Task': 'LDT', 'TrialType': 'Target', 'Stimuli': 'trin', 'StimulusType': 'nonword', 'CorrectResponse': 'a', 'Trialnumb': 207, 'thisN': 194, 'thisTrialN': 194, 'thisRepN': 0}>
282.4529 	EXP 	LDT_fix_text: autoDraw = False
282.4529 	EXP 	LDT_stim_text: autoDraw = False
282.4529 	EXP 	LDT_break_text: autoDraw = False
282.4529 	EXP 	LDT_stim_text: height = np.float64(0.1)
282.4529 	EXP 	LDT_stim_text: height = np.float64(0.1)
282.4529 	EXP 	LDT_stim_text: height = np.float64(0.1)
282.4529 	EXP 	LDT_stim_text: text = 'trin'
282.4529 	EXP 	LDT_fix_text: autoDraw = True
282.4534 	DATA 	Keypress: l
282.5448 	EXP 	Device response: <KeyPress from None: t=282.43838800000003, value=l, duration=0.10408849999998893>
282.9365 	EXP 	LDT_stim_text: autoDraw = True
282.9449 	EXP 	LDT_fix_text: autoDraw = False
283.6293 	EXP 	Device response: <KeyPress from None: t=283.6231229, value=a, duration=None>
283.6295 	EXP 	New trial (rep=0, index=195): <Trial 195 (195 in rep 0) data={'Task': 'LDT', 'TrialType': 'Target', 'Stimuli': 'biss', 'StimulusType': 'nonword', 'CorrectResponse': 'a', 'Trialnumb': 123, 'thisN': 195, 'thisTrialN': 195, 'thisRepN': 0}>
283.6373 	EXP 	LDT_fix_text: autoDraw = False
283.6373 	EXP 	LDT_stim_text: autoDraw = False
283.6373 	EXP 	LDT_break_text: autoDraw = False
283.6373 	EXP 	LDT_stim_text: height = np.float64(0.1)
283.6373 	EXP 	LDT_stim_text: height = np.float64(0.1)
283.6373 	EXP 	LDT_stim_text: height = np.float64(0.1)
283.6373 	EXP 	LDT_stim_text: text = 'biss'
283.6373 	EXP 	LDT_fix_text: autoDraw = True
283.6378 	DATA 	Keypress: a
283.7294 	EXP 	Device response: <KeyPress from None: t=283.6231229, value=a, duration=0.10364079999999376>
284.1211 	EXP 	LDT_stim_text: autoDraw = True
284.1294 	EXP 	LDT_fix_text: autoDraw = False
284.6135 	EXP 	Device response: <KeyPress from None: t=284.6080257000001, value=a, duration=None>
284.6138 	EXP 	New trial (rep=0, index=196): <Trial 196 (196 in rep 0) data={'Task': 'LDT', 'TrialType': 'Target', 'Stimuli': 'chat', 'StimulusType': 'word', 'CorrectResponse': 'l', 'Trialnumb': 103, 'thisN': 196, 'thisTrialN': 196, 'thisRepN': 0}>
284.6216 	EXP 	LDT_fix_text: autoDraw = False
284.6216 	EXP 	LDT_stim_text: autoDraw = False
284.6216 	EXP 	LDT_break_text: autoDraw = False
284.6216 	EXP 	LDT_stim_text: height = np.float64(0.1)
284.6216 	EXP 	LDT_stim_text: height = np.float64(0.1)
284.6216 	EXP 	LDT_stim_text: height = np.float64(0.1)
284.6216 	EXP 	LDT_stim_text: text = 'chat'
284.6216 	EXP 	LDT_fix_text: autoDraw = True
284.6222 	DATA 	Keypress: a
284.7219 	EXP 	Device response: <KeyPress from None: t=284.6080257000001, value=a, duration=0.11024859999997716>
285.1054 	EXP 	LDT_stim_text: autoDraw = True
285.1137 	EXP 	LDT_fix_text: autoDraw = False
285.5895 	EXP 	Device response: <KeyPress from None: t=285.5838682000001, value=l, duration=None>
285.5898 	EXP 	New trial (rep=0, index=197): <Trial 197 (197 in rep 0) data={'Task': 'LDT', 'TrialType': 'Target', 'Stimuli': 'name', 'StimulusType': 'word', 'CorrectResponse': 'l', 'Trialnumb': 32, 'thisN': 197, 'thisTrialN': 197, 'thisRepN': 0}>
285.5975 	EXP 	LDT_fix_text: autoDraw = False
285.5975 	EXP 	LDT_stim_text: autoDraw = False
285.5975 	EXP 	LDT_break_text: autoDraw = False
285.5975 	EXP 	LDT_stim_text: height = np.float64(0.1)
285.5975 	EXP 	LDT_stim_text: height = np.float64(0.1)
285.5975 	EXP 	LDT_stim_text: height = np.float64(0.1)
285.5975 	EXP 	LDT_stim_text: text = 'name'
285.5975 	EXP 	LDT_fix_text: autoDraw = True
285.5980 	DATA 	Keypress: l
285.6562 	EXP 	Device response: <KeyPress from None: t=285.5838682000001, value=l, duration=0.07090909999988071>
286.0813 	EXP 	LDT_stim_text: autoDraw = True
286.0897 	EXP 	LDT_fix_text: autoDraw = False
286.5488 	EXP 	Device response: <KeyPress from None: t=286.54406960000006, value=l, duration=None>
286.5490 	EXP 	New trial (rep=0, index=198): <Trial 198 (198 in rep 0) data={'Task': 'LDT', 'TrialType': 'Target', 'Stimuli': 'tight', 'StimulusType': 'word', 'CorrectResponse': 'l', 'Trialnumb': 74, 'thisN': 198, 'thisTrialN': 198, 'thisRepN': 0}>
286.5568 	EXP 	LDT_fix_text: autoDraw = False
286.5568 	EXP 	LDT_stim_text: autoDraw = False
286.5568 	EXP 	LDT_break_text: autoDraw = False
286.5568 	EXP 	LDT_stim_text: height = np.float64(0.1)
286.5568 	EXP 	LDT_stim_text: height = np.float64(0.1)
286.5568 	EXP 	LDT_stim_text: height = np.float64(0.1)
286.5568 	EXP 	LDT_stim_text: text = 'tight'
286.5568 	EXP 	LDT_fix_text: autoDraw = True
286.5573 	DATA 	Keypress: l
286.6406 	EXP 	Device response: <KeyPress from None: t=286.54406960000006, value=l, duration=0.09496689999991759>
287.0406 	EXP 	LDT_stim_text: autoDraw = True
287.0489 	EXP 	LDT_fix_text: autoDraw = False
287.5331 	EXP 	Device response: <KeyPress from None: t=287.52627110000003, value=l, duration=None>
287.5333 	EXP 	New trial (rep=0, index=199): <Trial 199 (199 in rep 0) data={'Task': 'LDT', 'TrialType': 'Target', 'Stimuli': 'high', 'StimulusType': 'word', 'CorrectResponse': 'l', 'Trialnumb': 16, 'thisN': 199, 'thisTrialN': 199, 'thisRepN': 0}>
287.5412 	EXP 	LDT_fix_text: autoDraw = False
287.5412 	EXP 	LDT_stim_text: autoDraw = False
287.5412 	EXP 	LDT_break_text: autoDraw = False
287.5412 	EXP 	LDT_stim_text: height = np.float64(0.1)
287.5412 	EXP 	LDT_stim_text: height = np.float64(0.1)
287.5412 	EXP 	LDT_stim_text: height = np.float64(0.1)
287.5412 	EXP 	LDT_stim_text: text = 'high'
287.5412 	EXP 	LDT_fix_text: autoDraw = True
287.5417 	DATA 	Keypress: l
287.6250 	EXP 	Device response: <KeyPress from None: t=287.52627110000003, value=l, duration=0.09702870000000985>
288.0249 	EXP 	LDT_stim_text: autoDraw = True
288.0333 	EXP 	LDT_fix_text: autoDraw = False
288.5008 	EXP 	Device response: <KeyPress from None: t=288.49508560000004, value=l, duration=None>
288.5011 	EXP 	New trial (rep=0, index=200): <Trial 200 (200 in rep 0) data={'Task': 'LDT', 'TrialType': 'Target', 'Stimuli': 'lay', 'StimulusType': 'word', 'CorrectResponse': 'l', 'Trialnumb': 71, 'thisN': 200, 'thisTrialN': 200, 'thisRepN': 0}>
288.5088 	EXP 	LDT_fix_text: autoDraw = False
288.5088 	EXP 	LDT_stim_text: autoDraw = False
288.5088 	EXP 	LDT_break_text: autoDraw = False
288.5088 	EXP 	LDT_stim_text: height = np.float64(0.1)
288.5088 	EXP 	LDT_stim_text: height = np.float64(0.1)
288.5088 	EXP 	LDT_stim_text: height = np.float64(0.1)
288.5088 	EXP 	LDT_stim_text: text = 'lay'
288.5088 	EXP 	LDT_fix_text: autoDraw = True
288.5093 	DATA 	Keypress: l
288.6008 	EXP 	Device response: <KeyPress from None: t=288.49508560000004, value=l, duration=0.1040958999999475>
288.9925 	EXP 	LDT_stim_text: autoDraw = True
289.0009 	EXP 	LDT_fix_text: autoDraw = False
289.5352 	EXP 	Device response: <KeyPress from None: t=289.53482840000015, value=l, duration=None>
289.5354 	EXP 	New trial (rep=0, index=201): <Trial 201 (201 in rep 0) data={'Task': 'LDT', 'TrialType': 'Target', 'Stimuli': 'pook', 'StimulusType': 'nonword', 'CorrectResponse': 'a', 'Trialnumb': 182, 'thisN': 201, 'thisTrialN': 201, 'thisRepN': 0}>
289.5432 	EXP 	LDT_fix_text: autoDraw = False
289.5432 	EXP 	LDT_stim_text: autoDraw = False
289.5432 	EXP 	LDT_break_text: autoDraw = False
289.5432 	EXP 	LDT_stim_text: height = np.float64(0.1)
289.5432 	EXP 	LDT_stim_text: height = np.float64(0.1)
289.5432 	EXP 	LDT_stim_text: height = np.float64(0.1)
289.5432 	EXP 	LDT_stim_text: text = 'pook'
289.5432 	EXP 	LDT_fix_text: autoDraw = True
289.5437 	DATA 	Keypress: l
289.6185 	EXP 	Device response: <KeyPress from None: t=289.53482840000015, value=l, duration=0.08064409999997224>
290.0269 	EXP 	LDT_stim_text: autoDraw = True
290.0353 	EXP 	LDT_fix_text: autoDraw = False
290.8030 	EXP 	Device response: <KeyPress from None: t=290.79864880000014, value=l, duration=None>
290.8032 	EXP 	New trial (rep=0, index=202): <Trial 202 (202 in rep 0) data={'Task': 'LDT', 'TrialType': 'Target', 'Stimuli': 'anto', 'StimulusType': 'nonword', 'CorrectResponse': 'a', 'Trialnumb': 117, 'thisN': 202, 'thisTrialN': 202, 'thisRepN': 0}>
290.8110 	EXP 	LDT_fix_text: autoDraw = False
290.8110 	EXP 	LDT_stim_text: autoDraw = False
290.8110 	EXP 	LDT_break_text: autoDraw = False
290.8110 	EXP 	LDT_stim_text: height = np.float64(0.1)
290.8110 	EXP 	LDT_stim_text: height = np.float64(0.1)
290.8110 	EXP 	LDT_stim_text: height = np.float64(0.1)
290.8110 	EXP 	LDT_stim_text: text = 'anto'
290.8110 	EXP 	LDT_fix_text: autoDraw = True
290.8116 	DATA 	Keypress: l
290.8782 	EXP 	Device response: <KeyPress from None: t=290.79864880000014, value=l, duration=0.07217689999993127>
291.2949 	EXP 	LDT_stim_text: autoDraw = True
291.3032 	EXP 	LDT_fix_text: autoDraw = False
291.9208 	EXP 	Device response: <KeyPress from None: t=291.91828910000004, value=a, duration=None>
291.9211 	EXP 	New trial (rep=0, index=203): <Trial 203 (203 in rep 0) data={'Task': 'LDT', 'TrialType': 'Target', 'Stimuli': 'sish', 'StimulusType': 'nonword', 'CorrectResponse': 'a', 'Trialnumb': 193, 'thisN': 203, 'thisTrialN': 203, 'thisRepN': 0}>
291.9288 	EXP 	LDT_fix_text: autoDraw = False
291.9288 	EXP 	LDT_stim_text: autoDraw = False
291.9288 	EXP 	LDT_break_text: autoDraw = False
291.9288 	EXP 	LDT_stim_text: height = np.float64(0.1)
291.9288 	EXP 	LDT_stim_text: height = np.float64(0.1)
291.9288 	EXP 	LDT_stim_text: height = np.float64(0.1)
291.9288 	EXP 	LDT_stim_text: text = 'sish'
291.9288 	EXP 	LDT_fix_text: autoDraw = True
291.9293 	DATA 	Keypress: a
292.0292 	EXP 	Device response: <KeyPress from None: t=291.91828910000004, value=a, duration=0.10389490000011392>
292.4126 	EXP 	LDT_stim_text: autoDraw = True
292.4210 	EXP 	LDT_fix_text: autoDraw = False
292.9218 	EXP 	Device response: <KeyPress from None: t=292.9191197, value=a, duration=None>
292.9220 	EXP 	New trial (rep=0, index=204): <Trial 204 (204 in rep 0) data={'Task': 'LDT', 'TrialType': 'Target', 'Stimuli': 'loak', 'StimulusType': 'nonword', 'CorrectResponse': 'a', 'Trialnumb': 169, 'thisN': 204, 'thisTrialN': 204, 'thisRepN': 0}>
292.9298 	EXP 	LDT_fix_text: autoDraw = False
292.9298 	EXP 	LDT_stim_text: autoDraw = False
292.9298 	EXP 	LDT_break_text: autoDraw = False
292.9298 	EXP 	LDT_stim_text: height = np.float64(0.1)
292.9298 	EXP 	LDT_stim_text: height = np.float64(0.1)
292.9298 	EXP 	LDT_stim_text: height = np.float64(0.1)
292.9298 	EXP 	LDT_stim_text: text = 'loak'
292.9298 	EXP 	LDT_fix_text: autoDraw = True
292.9304 	DATA 	Keypress: a
293.0470 	EXP 	Device response: <KeyPress from None: t=292.9191197, value=a, duration=0.12744599999996353>
293.4136 	EXP 	LDT_stim_text: autoDraw = True
293.4220 	EXP 	LDT_fix_text: autoDraw = False
293.8143 	EXP 	Device response: <KeyPress from None: t=293.80702399999996, value=a, duration=None>
293.8146 	EXP 	New trial (rep=0, index=205): <Trial 205 (205 in rep 0) data={'Task': 'LDT', 'TrialType': 'Target', 'Stimuli': 'trick', 'StimulusType': 'word', 'CorrectResponse': 'l', 'Trialnumb': 75, 'thisN': 205, 'thisTrialN': 205, 'thisRepN': 0}>
293.8224 	EXP 	LDT_fix_text: autoDraw = False
293.8224 	EXP 	LDT_stim_text: autoDraw = False
293.8224 	EXP 	LDT_break_text: autoDraw = False
293.8224 	EXP 	LDT_stim_text: height = np.float64(0.1)
293.8224 	EXP 	LDT_stim_text: height = np.float64(0.1)
293.8224 	EXP 	LDT_stim_text: height = np.float64(0.1)
293.8224 	EXP 	LDT_stim_text: text = 'trick'
293.8224 	EXP 	LDT_fix_text: autoDraw = True
293.8229 	DATA 	Keypress: a
293.9144 	EXP 	Device response: <KeyPress from None: t=293.80702399999996, value=a, duration=0.10349870000004557>
294.3062 	EXP 	LDT_stim_text: autoDraw = True
294.3145 	EXP 	LDT_fix_text: autoDraw = False
294.7903 	EXP 	Device response: <KeyPress from None: t=294.784034, value=l, duration=None>
294.7906 	EXP 	New trial (rep=0, index=206): <Trial 206 (206 in rep 0) data={'Task': 'LDT', 'TrialType': 'Target', 'Stimuli': 'part', 'StimulusType': 'word', 'CorrectResponse': 'l', 'Trialnumb': 17, 'thisN': 206, 'thisTrialN': 206, 'thisRepN': 0}>
294.7984 	EXP 	LDT_fix_text: autoDraw = False
294.7984 	EXP 	LDT_stim_text: autoDraw = False
294.7984 	EXP 	LDT_break_text: autoDraw = False
294.7984 	EXP 	LDT_stim_text: height = np.float64(0.1)
294.7984 	EXP 	LDT_stim_text: height = np.float64(0.1)
294.7984 	EXP 	LDT_stim_text: height = np.float64(0.1)
294.7984 	EXP 	LDT_stim_text: text = 'part'
294.7984 	EXP 	LDT_fix_text: autoDraw = True
294.7990 	DATA 	Keypress: l
294.8821 	EXP 	Device response: <KeyPress from None: t=294.784034, value=l, duration=0.09452729999998155>
295.2822 	EXP 	LDT_stim_text: autoDraw = True
295.2905 	EXP 	LDT_fix_text: autoDraw = False
295.7247 	EXP 	Device response: <KeyPress from None: t=295.71822540000016, value=l, duration=None>
295.7249 	EXP 	New trial (rep=0, index=207): <Trial 207 (207 in rep 0) data={'Task': 'LDT', 'TrialType': 'Target', 'Stimuli': 'gead', 'StimulusType': 'nonword', 'CorrectResponse': 'a', 'Trialnumb': 145, 'thisN': 207, 'thisTrialN': 207, 'thisRepN': 0}>
295.7327 	EXP 	LDT_fix_text: autoDraw = False
295.7327 	EXP 	LDT_stim_text: autoDraw = False
295.7327 	EXP 	LDT_break_text: autoDraw = False
295.7327 	EXP 	LDT_stim_text: height = np.float64(0.1)
295.7327 	EXP 	LDT_stim_text: height = np.float64(0.1)
295.7327 	EXP 	LDT_stim_text: height = np.float64(0.1)
295.7327 	EXP 	LDT_stim_text: text = 'gead'
295.7327 	EXP 	LDT_fix_text: autoDraw = True
295.7334 	DATA 	Keypress: l
295.8164 	EXP 	Device response: <KeyPress from None: t=295.71822540000016, value=l, duration=0.09760919999985163>
296.2164 	EXP 	LDT_stim_text: autoDraw = True
296.2248 	EXP 	LDT_fix_text: autoDraw = False
296.7423 	EXP 	Device response: <KeyPress from None: t=296.73477090000006, value=a, duration=None>
296.7425 	EXP 	New trial (rep=0, index=208): <Trial 208 (208 in rep 0) data={'Task': 'LDT', 'TrialType': 'Target', 'Stimuli': 'hoal', 'StimulusType': 'nonword', 'CorrectResponse': 'a', 'Trialnumb': 154, 'thisN': 208, 'thisTrialN': 208, 'thisRepN': 0}>
296.7503 	EXP 	LDT_fix_text: autoDraw = False
296.7503 	EXP 	LDT_stim_text: autoDraw = False
296.7503 	EXP 	LDT_break_text: autoDraw = False
296.7503 	EXP 	LDT_stim_text: height = np.float64(0.1)
296.7503 	EXP 	LDT_stim_text: height = np.float64(0.1)
296.7503 	EXP 	LDT_stim_text: height = np.float64(0.1)
296.7503 	EXP 	LDT_stim_text: text = 'hoal'
296.7503 	EXP 	LDT_fix_text: autoDraw = True
296.7508 	DATA 	Keypress: a
296.8424 	EXP 	Device response: <KeyPress from None: t=296.73477090000006, value=a, duration=0.10436370000002171>
297.2341 	EXP 	LDT_stim_text: autoDraw = True
297.2424 	EXP 	LDT_fix_text: autoDraw = False
300.0706 	EXP 	Device response: <KeyPress from None: t=300.06230890000006, value=a, duration=None>
300.0708 	EXP 	New trial (rep=0, index=209): <Trial 209 (209 in rep 0) data={'Task': 'LDT', 'TrialType': 'Target', 'Stimuli': 'back', 'StimulusType': 'word', 'CorrectResponse': 'l', 'Trialnumb': 8, 'thisN': 209, 'thisTrialN': 209, 'thisRepN': 0}>
300.0721 	DATA 	Keypress: a
300.0787 	EXP 	LDT_fix_text: autoDraw = False
300.0787 	EXP 	LDT_stim_text: autoDraw = False
300.0787 	EXP 	LDT_break_text: autoDraw = False
300.0787 	EXP 	LDT_stim_text: height = np.float64(0.1)
300.0787 	EXP 	LDT_stim_text: height = np.float64(0.1)
300.0787 	EXP 	LDT_stim_text: height = np.float64(0.1)
300.0787 	EXP 	LDT_stim_text: text = 'back'
300.0787 	EXP 	LDT_fix_text: autoDraw = True
300.1706 	EXP 	Device response: <KeyPress from None: t=300.06230890000006, value=a, duration=0.1044801999998981>
300.5624 	EXP 	LDT_stim_text: autoDraw = True
300.5708 	EXP 	LDT_fix_text: autoDraw = False
301.0716 	EXP 	Device response: <KeyPress from None: t=301.06372439999996, value=l, duration=None>
301.0719 	EXP 	New trial (rep=0, index=210): <Trial 210 (210 in rep 0) data={'Task': 'LDT', 'TrialType': 'Target', 'Stimuli': 'fall', 'StimulusType': 'word', 'CorrectResponse': 'l', 'Trialnumb': 62, 'thisN': 210, 'thisTrialN': 210, 'thisRepN': 0}>
301.0796 	EXP 	LDT_fix_text: autoDraw = False
301.0796 	EXP 	LDT_stim_text: autoDraw = False
301.0796 	EXP 	LDT_break_text: autoDraw = False
301.0796 	EXP 	LDT_stim_text: height = np.float64(0.1)
301.0796 	EXP 	LDT_stim_text: height = np.float64(0.1)
301.0796 	EXP 	LDT_stim_text: height = np.float64(0.1)
301.0796 	EXP 	LDT_stim_text: text = 'fall'
301.0796 	EXP 	LDT_fix_text: autoDraw = True
301.0802 	DATA 	Keypress: l
301.1550 	EXP 	Device response: <KeyPress from None: t=301.06372439999996, value=l, duration=0.0864200000000892>
301.5635 	EXP 	LDT_stim_text: autoDraw = True
301.5718 	EXP 	LDT_fix_text: autoDraw = False
301.9892 	EXP 	Device response: <KeyPress from None: t=301.9823864, value=l, duration=None>
301.9894 	EXP 	New trial (rep=0, index=211): <Trial 211 (211 in rep 0) data={'Task': 'LDT', 'TrialType': 'Target', 'Stimuli': 'show', 'StimulusType': 'word', 'CorrectResponse': 'l', 'Trialnumb': 21, 'thisN': 211, 'thisTrialN': 211, 'thisRepN': 0}>
301.9972 	EXP 	LDT_fix_text: autoDraw = False
301.9972 	EXP 	LDT_stim_text: autoDraw = False
301.9972 	EXP 	LDT_break_text: autoDraw = False
301.9972 	EXP 	LDT_stim_text: height = np.float64(0.1)
301.9972 	EXP 	LDT_stim_text: height = np.float64(0.1)
301.9972 	EXP 	LDT_stim_text: height = np.float64(0.1)
301.9972 	EXP 	LDT_stim_text: text = 'show'
301.9972 	EXP 	LDT_fix_text: autoDraw = True
301.9976 	DATA 	Keypress: l
302.0809 	EXP 	Device response: <KeyPress from None: t=301.9823864, value=l, duration=0.09632520000013756>
302.4810 	EXP 	LDT_stim_text: autoDraw = True
302.4893 	EXP 	LDT_fix_text: autoDraw = False
302.8901 	EXP 	Device response: <KeyPress from None: t=302.88624670000013, value=l, duration=None>
302.8903 	EXP 	New trial (rep=0, index=212): <Trial 212 (212 in rep 0) data={'Task': 'LDT', 'TrialType': 'Target', 'Stimuli': 'raise', 'StimulusType': 'word', 'CorrectResponse': 'l', 'Trialnumb': 73, 'thisN': 212, 'thisTrialN': 212, 'thisRepN': 0}>
302.8981 	EXP 	LDT_fix_text: autoDraw = False
302.8981 	EXP 	LDT_stim_text: autoDraw = False
302.8981 	EXP 	LDT_break_text: autoDraw = False
302.8981 	EXP 	LDT_stim_text: height = np.float64(0.1)
302.8981 	EXP 	LDT_stim_text: height = np.float64(0.1)
302.8981 	EXP 	LDT_stim_text: height = np.float64(0.1)
302.8981 	EXP 	LDT_stim_text: text = 'raise'
302.8981 	EXP 	LDT_fix_text: autoDraw = True
302.8986 	DATA 	Keypress: l
302.9902 	EXP 	Device response: <KeyPress from None: t=302.88624670000013, value=l, duration=0.09699169999998958>
303.3819 	EXP 	LDT_stim_text: autoDraw = True
303.3902 	EXP 	LDT_fix_text: autoDraw = False
303.8494 	EXP 	Device response: <KeyPress from None: t=303.8462776000001, value=l, duration=None>
303.8496 	EXP 	New trial (rep=0, index=213): <Trial 213 (213 in rep 0) data={'Task': 'LDT', 'TrialType': 'Target', 'Stimuli': 'virus', 'StimulusType': 'word', 'CorrectResponse': 'l', 'Trialnumb': 100, 'thisN': 213, 'thisTrialN': 213, 'thisRepN': 0}>
303.8574 	EXP 	LDT_fix_text: autoDraw = False
303.8574 	EXP 	LDT_stim_text: autoDraw = False
303.8574 	EXP 	LDT_break_text: autoDraw = False
303.8574 	EXP 	LDT_stim_text: height = np.float64(0.1)
303.8574 	EXP 	LDT_stim_text: height = np.float64(0.1)
303.8574 	EXP 	LDT_stim_text: height = np.float64(0.1)
303.8574 	EXP 	LDT_stim_text: text = 'virus'
303.8574 	EXP 	LDT_fix_text: autoDraw = True
303.8580 	DATA 	Keypress: l
303.9661 	EXP 	Device response: <KeyPress from None: t=303.8462776000001, value=l, duration=0.11241799999993418>
304.3412 	EXP 	LDT_stim_text: autoDraw = True
304.3496 	EXP 	LDT_fix_text: autoDraw = False
304.9087 	EXP 	Device response: <KeyPress from None: t=304.9024842000001, value=l, duration=None>
304.9090 	EXP 	New trial (rep=0, index=214): <Trial 214 (214 in rep 0) data={'Task': 'LDT', 'TrialType': 'Target', 'Stimuli': 'ran', 'StimulusType': 'word', 'CorrectResponse': 'l', 'Trialnumb': 66, 'thisN': 214, 'thisTrialN': 214, 'thisRepN': 0}>
304.9168 	EXP 	LDT_fix_text: autoDraw = False
304.9168 	EXP 	LDT_stim_text: autoDraw = False
304.9168 	EXP 	LDT_break_text: autoDraw = False
304.9168 	EXP 	LDT_stim_text: height = np.float64(0.1)
304.9168 	EXP 	LDT_stim_text: height = np.float64(0.1)
304.9168 	EXP 	LDT_stim_text: height = np.float64(0.1)
304.9168 	EXP 	LDT_stim_text: text = 'ran'
304.9168 	EXP 	LDT_fix_text: autoDraw = True
304.9172 	DATA 	Keypress: l
305.0005 	EXP 	Device response: <KeyPress from None: t=304.9024842000001, value=l, duration=0.09577330000001893>
305.4006 	EXP 	LDT_stim_text: autoDraw = True
305.4089 	EXP 	LDT_fix_text: autoDraw = False
305.8430 	EXP 	Device response: <KeyPress from None: t=305.8385638, value=l, duration=None>
305.8432 	EXP 	New trial (rep=0, index=215): <Trial 215 (215 in rep 0) data={'Task': 'LDT', 'TrialType': 'Target', 'Stimuli': 'group', 'StimulusType': 'word', 'CorrectResponse': 'l', 'Trialnumb': 20, 'thisN': 215, 'thisTrialN': 215, 'thisRepN': 0}>
305.8510 	EXP 	LDT_fix_text: autoDraw = False
305.8510 	EXP 	LDT_stim_text: autoDraw = False
305.8510 	EXP 	LDT_break_text: autoDraw = False
305.8510 	EXP 	LDT_stim_text: height = np.float64(0.1)
305.8510 	EXP 	LDT_stim_text: height = np.float64(0.1)
305.8510 	EXP 	LDT_stim_text: height = np.float64(0.1)
305.8510 	EXP 	LDT_stim_text: text = 'group'
305.8510 	EXP 	LDT_fix_text: autoDraw = True
305.8515 	DATA 	Keypress: l
305.9348 	EXP 	Device response: <KeyPress from None: t=305.8385638, value=l, duration=0.08804480000003423>
306.3348 	EXP 	LDT_stim_text: autoDraw = True
306.3432 	EXP 	LDT_fix_text: autoDraw = False
306.8024 	EXP 	Device response: <KeyPress from None: t=306.7984567000001, value=l, duration=None>
306.8026 	EXP 	New trial (rep=0, index=216): <Trial 216 (216 in rep 0) data={'Task': 'LDT', 'TrialType': 'Target', 'Stimuli': 'colo', 'StimulusType': 'nonword', 'CorrectResponse': 'a', 'Trialnumb': 131, 'thisN': 216, 'thisTrialN': 216, 'thisRepN': 0}>
306.8103 	EXP 	LDT_fix_text: autoDraw = False
306.8103 	EXP 	LDT_stim_text: autoDraw = False
306.8103 	EXP 	LDT_break_text: autoDraw = False
306.8103 	EXP 	LDT_stim_text: height = np.float64(0.1)
306.8103 	EXP 	LDT_stim_text: height = np.float64(0.1)
306.8103 	EXP 	LDT_stim_text: height = np.float64(0.1)
306.8103 	EXP 	LDT_stim_text: text = 'colo'
306.8103 	EXP 	LDT_fix_text: autoDraw = True
306.8109 	DATA 	Keypress: l
306.9024 	EXP 	Device response: <KeyPress from None: t=306.7984567000001, value=l, duration=0.09657149999998182>
307.2941 	EXP 	LDT_stim_text: autoDraw = True
307.3025 	EXP 	LDT_fix_text: autoDraw = False
307.8366 	EXP 	Device response: <KeyPress from None: t=307.83092009999996, value=a, duration=None>
307.8368 	EXP 	New trial (rep=0, index=217): <Trial 217 (217 in rep 0) data={'Task': 'LDT', 'TrialType': 'Target', 'Stimuli': 'stort', 'StimulusType': 'nonword', 'CorrectResponse': 'a', 'Trialnumb': 201, 'thisN': 217, 'thisTrialN': 217, 'thisRepN': 0}>
307.8447 	EXP 	LDT_fix_text: autoDraw = False
307.8447 	EXP 	LDT_stim_text: autoDraw = False
307.8447 	EXP 	LDT_break_text: autoDraw = False
307.8447 	EXP 	LDT_stim_text: height = np.float64(0.1)
307.8447 	EXP 	LDT_stim_text: height = np.float64(0.1)
307.8447 	EXP 	LDT_stim_text: height = np.float64(0.1)
307.8447 	EXP 	LDT_stim_text: text = 'stort'
307.8447 	EXP 	LDT_fix_text: autoDraw = True
307.8451 	DATA 	Keypress: a
307.9368 	EXP 	Device response: <KeyPress from None: t=307.83092009999996, value=a, duration=0.10418570000001637>
308.3285 	EXP 	LDT_stim_text: autoDraw = True
308.3368 	EXP 	LDT_fix_text: autoDraw = False
309.1462 	EXP 	Device response: <KeyPress from None: t=309.1427362000002, value=a, duration=None>
309.1465 	EXP 	New trial (rep=0, index=218): <Trial 218 (218 in rep 0) data={'Task': 'LDT', 'TrialType': 'Target', 'Stimuli': 'kear', 'StimulusType': 'nonword', 'CorrectResponse': 'a', 'Trialnumb': 163, 'thisN': 218, 'thisTrialN': 218, 'thisRepN': 0}>
309.1545 	EXP 	LDT_fix_text: autoDraw = False
309.1545 	EXP 	LDT_stim_text: autoDraw = False
309.1545 	EXP 	LDT_break_text: autoDraw = False
309.1545 	EXP 	LDT_stim_text: height = np.float64(0.1)
309.1545 	EXP 	LDT_stim_text: height = np.float64(0.1)
309.1545 	EXP 	LDT_stim_text: height = np.float64(0.1)
309.1545 	EXP 	LDT_stim_text: text = 'kear'
309.1545 	EXP 	LDT_fix_text: autoDraw = True
309.1551 	DATA 	Keypress: a
309.2547 	EXP 	Device response: <KeyPress from None: t=309.1427362000002, value=a, duration=0.11149959999988823>
309.6381 	EXP 	LDT_stim_text: autoDraw = True
309.6465 	EXP 	LDT_fix_text: autoDraw = False
310.1306 	EXP 	Device response: <KeyPress from None: t=310.12633819999996, value=a, duration=None>
310.1309 	EXP 	New trial (rep=0, index=219): <Trial 219 (219 in rep 0) data={'Task': 'LDT', 'TrialType': 'Target', 'Stimuli': 'stip', 'StimulusType': 'nonword', 'CorrectResponse': 'a', 'Trialnumb': 200, 'thisN': 219, 'thisTrialN': 219, 'thisRepN': 0}>
310.1387 	EXP 	LDT_fix_text: autoDraw = False
310.1387 	EXP 	LDT_stim_text: autoDraw = False
310.1387 	EXP 	LDT_break_text: autoDraw = False
310.1387 	EXP 	LDT_stim_text: height = np.float64(0.1)
310.1387 	EXP 	LDT_stim_text: height = np.float64(0.1)
310.1387 	EXP 	LDT_stim_text: height = np.float64(0.1)
310.1387 	EXP 	LDT_stim_text: text = 'stip'
310.1387 	EXP 	LDT_fix_text: autoDraw = True
310.1392 	DATA 	Keypress: a
310.2390 	EXP 	Device response: <KeyPress from None: t=310.12633819999996, value=a, duration=0.1045093000000179>
310.6224 	EXP 	LDT_stim_text: autoDraw = True
310.6308 	EXP 	LDT_fix_text: autoDraw = False
311.2984 	EXP 	Device response: <KeyPress from None: t=311.29421160000015, value=a, duration=None>
311.2987 	EXP 	New trial (rep=0, index=220): <Trial 220 (220 in rep 0) data={'Task': 'LDT', 'TrialType': 'Target', 'Stimuli': 'team', 'StimulusType': 'word', 'CorrectResponse': 'l', 'Trialnumb': 23, 'thisN': 220, 'thisTrialN': 220, 'thisRepN': 0}>
311.3065 	EXP 	LDT_fix_text: autoDraw = False
311.3065 	EXP 	LDT_stim_text: autoDraw = False
311.3065 	EXP 	LDT_break_text: autoDraw = False
311.3065 	EXP 	LDT_stim_text: height = np.float64(0.1)
311.3065 	EXP 	LDT_stim_text: height = np.float64(0.1)
311.3065 	EXP 	LDT_stim_text: height = np.float64(0.1)
311.3065 	EXP 	LDT_stim_text: text = 'team'
311.3065 	EXP 	LDT_fix_text: autoDraw = True
311.3071 	DATA 	Keypress: a
311.4068 	EXP 	Device response: <KeyPress from None: t=311.29421160000015, value=a, duration=0.10510119999980816>
311.7903 	EXP 	LDT_stim_text: autoDraw = True
311.7987 	EXP 	LDT_fix_text: autoDraw = False
312.3579 	EXP 	Device response: <KeyPress from None: t=312.35082239999997, value=a, duration=None>
312.3581 	EXP 	New trial (rep=0, index=221): <Trial 221 (221 in rep 0) data={'Task': 'LDT', 'TrialType': 'Target', 'Stimuli': 'peaf', 'StimulusType': 'nonword', 'CorrectResponse': 'a', 'Trialnumb': 179, 'thisN': 221, 'thisTrialN': 221, 'thisRepN': 0}>
312.3659 	EXP 	LDT_fix_text: autoDraw = False
312.3659 	EXP 	LDT_stim_text: autoDraw = False
312.3659 	EXP 	LDT_break_text: autoDraw = False
312.3659 	EXP 	LDT_stim_text: height = np.float64(0.1)
312.3659 	EXP 	LDT_stim_text: height = np.float64(0.1)
312.3659 	EXP 	LDT_stim_text: height = np.float64(0.1)
312.3659 	EXP 	LDT_stim_text: text = 'peaf'
312.3659 	EXP 	LDT_fix_text: autoDraw = True
312.3665 	DATA 	Keypress: a
312.3995 	EXP 	Device response: <KeyPress from None: t=312.35082239999997, value=a, duration=0.04834280000000035>
312.8497 	EXP 	LDT_stim_text: autoDraw = True
312.8580 	EXP 	LDT_fix_text: autoDraw = False
313.4173 	EXP 	Device response: <KeyPress from None: t=313.4147402000001, value=a, duration=None>
313.4252 	EXP 	LDT_fix_text: autoDraw = False
313.4252 	EXP 	LDT_stim_text: autoDraw = False
313.4252 	EXP 	LDT_break_text: autoDraw = False
313.4252 	EXP 	end_text: autoDraw = True
313.4258 	DATA 	Keypress: a
313.5340 	EXP 	Device response: <KeyPress from None: t=313.4147402000001, value=a, duration=0.11142169999993712>
316.4199 	EXP 	end_text: autoDraw = False
316.4199 	EXP 	end_text: autoDraw = False
316.4200 	EXP 	online_LDT&KRT: status = STOPPED
