0.8643 	WARNING 	We strongly recommend you activate the PTB sound engine in PsychoPy prefs as the preferred audio engine. Its timing is vastly superior. Your prefs are currently set to use ['sounddevice', 'PTB', 'pyo', 'pygame'] (in that order).
1.8867 	WARNING 	Font Manager failed to load file C:\Users\user\AppData\Local\Microsoft\Windows\Fonts\a고딕11.ttf
1.8881 	WARNING 	Font Manager failed to load file C:\Users\user\AppData\Local\Microsoft\Windows\Fonts\210 콤퓨타세탁B.ttf
1.8894 	WARNING 	Font Manager failed to load file C:\Users\user\AppData\Local\Microsoft\Windows\Fonts\210 카툰스토리L.ttf
1.8908 	WARNING 	Font Manager failed to load file C:\Users\user\AppData\Local\Microsoft\Windows\Fonts\210 동화책L.ttf
1.8914 	WARNING 	Font Manager failed to load file C:\Users\user\AppData\Local\Microsoft\Windows\Fonts\210 콤퓨타세탁R.ttf
1.9006 	WARNING 	Font Manager failed to load file C:\Users\user\AppData\Local\Microsoft\Windows\Fonts\서울남산 장체M.ttf
1.9051 	WARNING 	Font Manager failed to load file C:\Users\user\AppData\Local\Microsoft\Windows\Fonts\a시나리오.ttf
1.9086 	WARNING 	Font Manager failed to load file C:\Users\user\AppData\Local\Microsoft\Windows\Fonts\210 씨앗L.ttf
1.9123 	WARNING 	Font Manager failed to load file C:\Users\user\AppData\Local\Microsoft\Windows\Fonts\아리따-돋움(TTF)-Bold.ttf
1.9132 	WARNING 	Font Manager failed to load file C:\Users\user\AppData\Local\Microsoft\Windows\Fonts\a고딕12.ttf
1.9151 	WARNING 	Font Manager failed to load file C:\Users\user\AppData\Local\Microsoft\Windows\Fonts\210 씨앗B.ttf
1.9218 	WARNING 	Font Manager failed to load file C:\Users\user\AppData\Local\Microsoft\Windows\Fonts\210 나무고딕B.ttf
1.9224 	WARNING 	Font Manager failed to load file C:\Users\user\AppData\Local\Microsoft\Windows\Fonts\210 동화책B.ttf
1.9229 	WARNING 	Font Manager failed to load file C:\Users\user\AppData\Local\Microsoft\Windows\Fonts\210 맨발의청춘R.ttf
1.9254 	WARNING 	Font Manager failed to load file C:\Users\user\AppData\Local\Microsoft\Windows\Fonts\210 나무고딕L.ttf
1.9281 	WARNING 	Font Manager failed to load file C:\Users\user\AppData\Local\Microsoft\Windows\Fonts\a뉴굴림1.ttf
1.9283 	WARNING 	Font Manager failed to load file C:\Users\user\AppData\Local\Microsoft\Windows\Fonts\210 맨발의청춘L.ttf
1.9317 	WARNING 	Font Manager failed to load file C:\Users\user\AppData\Local\Microsoft\Windows\Fonts\a뉴굴림3.ttf
1.9329 	WARNING 	Font Manager failed to load file C:\Users\user\AppData\Local\Microsoft\Windows\Fonts\서울남산 장체BL.ttf
1.9341 	WARNING 	Font Manager failed to load file C:\Users\user\AppData\Local\Microsoft\Windows\Fonts\아리따-돋움(TTF)-SemiBold.ttf
1.9372 	WARNING 	Font Manager failed to load file C:\Users\user\AppData\Local\Microsoft\Windows\Fonts\210 상상공작소B.ttf
1.9373 	WARNING 	Font Manager failed to load file C:\Users\user\AppData\Local\Microsoft\Windows\Fonts\나눔고딕L.ttf
1.9389 	WARNING 	Font Manager failed to load file C:\Users\user\AppData\Local\Microsoft\Windows\Fonts\210 나무고딕EB.ttf
1.9413 	WARNING 	Font Manager failed to load file C:\Users\user\AppData\Local\Microsoft\Windows\Fonts\서울남산 장체B.ttf
1.9416 	WARNING 	Font Manager failed to load file C:\Users\user\AppData\Local\Microsoft\Windows\Fonts\아리따-돋움(TTF)-Thin.ttf
1.9441 	WARNING 	Font Manager failed to load file C:\Users\user\AppData\Local\Microsoft\Windows\Fonts\a뉴굴림4.ttf
1.9470 	WARNING 	Font Manager failed to load file C:\Users\user\AppData\Local\Microsoft\Windows\Fonts\210 상상공작소L.ttf
1.9486 	WARNING 	Font Manager failed to load file C:\Users\user\AppData\Local\Microsoft\Windows\Fonts\210 하얀바람R.ttf
1.9514 	WARNING 	Font Manager failed to load file C:\Users\user\AppData\Local\Microsoft\Windows\Fonts\210 하얀바람L.ttf
1.9592 	WARNING 	Font Manager failed to load file C:\Users\user\AppData\Local\Microsoft\Windows\Fonts\210 하얀바람B.ttf
1.9598 	WARNING 	Font Manager failed to load file C:\Users\user\AppData\Local\Microsoft\Windows\Fonts\210 카툰스토리B.ttf
1.9627 	WARNING 	Font Manager failed to load file C:\Users\user\AppData\Local\Microsoft\Windows\Fonts\a뉴굴림2.ttf
1.9650 	WARNING 	Font Manager failed to load file C:\Users\user\AppData\Local\Microsoft\Windows\Fonts\a고딕13.ttf
1.9653 	WARNING 	Font Manager failed to load file C:\Users\user\AppData\Local\Microsoft\Windows\Fonts\210 콤퓨타세탁L.ttf
1.9656 	WARNING 	Font Manager failed to load file C:\Users\user\AppData\Local\Microsoft\Windows\Fonts\210 동화책R.ttf
1.9683 	WARNING 	Font Manager failed to load file C:\Users\user\AppData\Local\Microsoft\Windows\Fonts\서울남산 장체L.ttf
1.9690 	WARNING 	Font Manager failed to load file C:\Users\user\AppData\Local\Microsoft\Windows\Fonts\210 카툰스토리R.ttf
1.9694 	WARNING 	Font Manager failed to load file C:\Users\user\AppData\Local\Microsoft\Windows\Fonts\서울남산 장체EB.ttf
1.9702 	WARNING 	Font Manager failed to load file C:\Users\user\AppData\Local\Microsoft\Windows\Fonts\a고딕16.ttf
1.9708 	WARNING 	Font Manager failed to load file C:\Users\user\AppData\Local\Microsoft\Windows\Fonts\아리따-돋움(TTF)-Medium.ttf
1.9709 	WARNING 	Font Manager failed to load file C:\Users\user\AppData\Local\Microsoft\Windows\Fonts\a고딕10.ttf
1.9722 	WARNING 	Font Manager failed to load file C:\Users\user\AppData\Local\Microsoft\Windows\Fonts\210 나무고딕R.ttf
1.9723 	WARNING 	Font Manager failed to load file C:\Users\user\AppData\Local\Microsoft\Windows\Fonts\a고딕15.ttf
1.9740 	WARNING 	Font Manager failed to load file C:\Users\user\AppData\Local\Microsoft\Windows\Fonts\210 상상공작소R.ttf
1.9753 	WARNING 	Font Manager failed to load file C:\Users\user\AppData\Local\Microsoft\Windows\Fonts\a고딕14.ttf
1.9758 	WARNING 	Font Manager failed to load file C:\Users\user\AppData\Local\Microsoft\Windows\Fonts\210 맨발의청춘B.ttf
1.9765 	WARNING 	Font Manager failed to load file C:\Users\user\AppData\Local\Microsoft\Windows\Fonts\아리따-돋움(TTF)-Light.ttf
1.9773 	WARNING 	Font Manager failed to load file C:\Users\user\AppData\Local\Microsoft\Windows\Fonts\210 씨앗R.ttf
2.1898 	WARNING 	Font Manager failed to load file C:\Users\user\AppData\Local\Microsoft\Windows\Fonts\a고딕11.ttf
2.1911 	WARNING 	Font Manager failed to load file C:\Users\user\AppData\Local\Microsoft\Windows\Fonts\210 콤퓨타세탁B.ttf
2.1924 	WARNING 	Font Manager failed to load file C:\Users\user\AppData\Local\Microsoft\Windows\Fonts\210 카툰스토리L.ttf
2.1939 	WARNING 	Font Manager failed to load file C:\Users\user\AppData\Local\Microsoft\Windows\Fonts\210 동화책L.ttf
2.1944 	WARNING 	Font Manager failed to load file C:\Users\user\AppData\Local\Microsoft\Windows\Fonts\210 콤퓨타세탁R.ttf
2.2036 	WARNING 	Font Manager failed to load file C:\Users\user\AppData\Local\Microsoft\Windows\Fonts\서울남산 장체M.ttf
2.2080 	WARNING 	Font Manager failed to load file C:\Users\user\AppData\Local\Microsoft\Windows\Fonts\a시나리오.ttf
2.2114 	WARNING 	Font Manager failed to load file C:\Users\user\AppData\Local\Microsoft\Windows\Fonts\210 씨앗L.ttf
2.2149 	WARNING 	Font Manager failed to load file C:\Users\user\AppData\Local\Microsoft\Windows\Fonts\아리따-돋움(TTF)-Bold.ttf
2.2159 	WARNING 	Font Manager failed to load file C:\Users\user\AppData\Local\Microsoft\Windows\Fonts\a고딕12.ttf
2.2177 	WARNING 	Font Manager failed to load file C:\Users\user\AppData\Local\Microsoft\Windows\Fonts\210 씨앗B.ttf
2.2244 	WARNING 	Font Manager failed to load file C:\Users\user\AppData\Local\Microsoft\Windows\Fonts\210 나무고딕B.ttf
2.2249 	WARNING 	Font Manager failed to load file C:\Users\user\AppData\Local\Microsoft\Windows\Fonts\210 동화책B.ttf
2.2254 	WARNING 	Font Manager failed to load file C:\Users\user\AppData\Local\Microsoft\Windows\Fonts\210 맨발의청춘R.ttf
2.2280 	WARNING 	Font Manager failed to load file C:\Users\user\AppData\Local\Microsoft\Windows\Fonts\210 나무고딕L.ttf
2.2304 	WARNING 	Font Manager failed to load file C:\Users\user\AppData\Local\Microsoft\Windows\Fonts\a뉴굴림1.ttf
2.2306 	WARNING 	Font Manager failed to load file C:\Users\user\AppData\Local\Microsoft\Windows\Fonts\210 맨발의청춘L.ttf
2.2336 	WARNING 	Font Manager failed to load file C:\Users\user\AppData\Local\Microsoft\Windows\Fonts\a뉴굴림3.ttf
2.2347 	WARNING 	Font Manager failed to load file C:\Users\user\AppData\Local\Microsoft\Windows\Fonts\서울남산 장체BL.ttf
2.2359 	WARNING 	Font Manager failed to load file C:\Users\user\AppData\Local\Microsoft\Windows\Fonts\아리따-돋움(TTF)-SemiBold.ttf
2.2384 	WARNING 	Font Manager failed to load file C:\Users\user\AppData\Local\Microsoft\Windows\Fonts\210 상상공작소B.ttf
2.2385 	WARNING 	Font Manager failed to load file C:\Users\user\AppData\Local\Microsoft\Windows\Fonts\나눔고딕L.ttf
2.2397 	WARNING 	Font Manager failed to load file C:\Users\user\AppData\Local\Microsoft\Windows\Fonts\210 나무고딕EB.ttf
2.2421 	WARNING 	Font Manager failed to load file C:\Users\user\AppData\Local\Microsoft\Windows\Fonts\서울남산 장체B.ttf
2.2424 	WARNING 	Font Manager failed to load file C:\Users\user\AppData\Local\Microsoft\Windows\Fonts\아리따-돋움(TTF)-Thin.ttf
2.2445 	WARNING 	Font Manager failed to load file C:\Users\user\AppData\Local\Microsoft\Windows\Fonts\a뉴굴림4.ttf
2.2474 	WARNING 	Font Manager failed to load file C:\Users\user\AppData\Local\Microsoft\Windows\Fonts\210 상상공작소L.ttf
2.2489 	WARNING 	Font Manager failed to load file C:\Users\user\AppData\Local\Microsoft\Windows\Fonts\210 하얀바람R.ttf
2.2517 	WARNING 	Font Manager failed to load file C:\Users\user\AppData\Local\Microsoft\Windows\Fonts\210 하얀바람L.ttf
2.2591 	WARNING 	Font Manager failed to load file C:\Users\user\AppData\Local\Microsoft\Windows\Fonts\210 하얀바람B.ttf
2.2596 	WARNING 	Font Manager failed to load file C:\Users\user\AppData\Local\Microsoft\Windows\Fonts\210 카툰스토리B.ttf
2.2625 	WARNING 	Font Manager failed to load file C:\Users\user\AppData\Local\Microsoft\Windows\Fonts\a뉴굴림2.ttf
2.2646 	WARNING 	Font Manager failed to load file C:\Users\user\AppData\Local\Microsoft\Windows\Fonts\a고딕13.ttf
2.2650 	WARNING 	Font Manager failed to load file C:\Users\user\AppData\Local\Microsoft\Windows\Fonts\210 콤퓨타세탁L.ttf
2.2653 	WARNING 	Font Manager failed to load file C:\Users\user\AppData\Local\Microsoft\Windows\Fonts\210 동화책R.ttf
2.2678 	WARNING 	Font Manager failed to load file C:\Users\user\AppData\Local\Microsoft\Windows\Fonts\서울남산 장체L.ttf
2.2686 	WARNING 	Font Manager failed to load file C:\Users\user\AppData\Local\Microsoft\Windows\Fonts\210 카툰스토리R.ttf
2.2689 	WARNING 	Font Manager failed to load file C:\Users\user\AppData\Local\Microsoft\Windows\Fonts\서울남산 장체EB.ttf
2.2698 	WARNING 	Font Manager failed to load file C:\Users\user\AppData\Local\Microsoft\Windows\Fonts\a고딕16.ttf
2.2703 	WARNING 	Font Manager failed to load file C:\Users\user\AppData\Local\Microsoft\Windows\Fonts\아리따-돋움(TTF)-Medium.ttf
2.2704 	WARNING 	Font Manager failed to load file C:\Users\user\AppData\Local\Microsoft\Windows\Fonts\a고딕10.ttf
2.2717 	WARNING 	Font Manager failed to load file C:\Users\user\AppData\Local\Microsoft\Windows\Fonts\210 나무고딕R.ttf
2.2718 	WARNING 	Font Manager failed to load file C:\Users\user\AppData\Local\Microsoft\Windows\Fonts\a고딕15.ttf
2.2733 	WARNING 	Font Manager failed to load file C:\Users\user\AppData\Local\Microsoft\Windows\Fonts\210 상상공작소R.ttf
2.2746 	WARNING 	Font Manager failed to load file C:\Users\user\AppData\Local\Microsoft\Windows\Fonts\a고딕14.ttf
2.2752 	WARNING 	Font Manager failed to load file C:\Users\user\AppData\Local\Microsoft\Windows\Fonts\210 맨발의청춘B.ttf
2.2759 	WARNING 	Font Manager failed to load file C:\Users\user\AppData\Local\Microsoft\Windows\Fonts\아리따-돋움(TTF)-Light.ttf
2.2766 	WARNING 	Font Manager failed to load file C:\Users\user\AppData\Local\Microsoft\Windows\Fonts\210 씨앗R.ttf
13.2897 	EXP 	Created window1 = Window(allowGUI=False, allowStencil=False, autoLog=True, backendConf=UNKNOWN, backgroundFit=<method-wrapper '__getattribute__' of attributeSetter object at 0x000002CEB2EA7280>, backgroundImage=<method-wrapper '__getattribute__' of attributeSetter object at 0x000002CEB2EA7220>, bitsMode=UNKNOWN, blendMode='avg', bpc=(8, 8, 8), color=array([-1., -1., -1.]), colorSpace='rgb', depthBits=8, fullscr=True, gamma=None, gammaErrorPolicy='raise', infoMsg=UNKNOWN, lms=UNKNOWN, monitor=<psychopy.monitors.calibTools.Monitor object at 0x000002CEB31705E0>, multiSample=False, name='window1', numSamples=2, pos=[np.float64(0.0), np.float64(0.0)], screen=0, size=array([1920, 1080]), stencilBits=0, stereo=False, title='PsychoPy', units='height', useFBO=True, useRetina=False, viewOri=0.0, viewPos=None, viewScale=None, waitBlanking=True, winType='pyglet')
13.2898 	EXP 	window1: backgroundImage = ''
13.2898 	EXP 	window1: backgroundFit = 'none'
13.5618 	EXP 	window1: Attempting to measure frame rate of screen (0) ...
13.5618 	EXP 	window1: recordFrameIntervals = False
13.6926 	EXP 	window1: recordFrameIntervals = True
13.7832 	EXP 	Screen (0) actual frame rate measured at 121.52Hz
13.7832 	EXP 	window1: recordFrameIntervals = False
14.8966 	EXP 	online_LDT&KRT: status = STARTED
14.9961 	EXP 	Created intro_text = TextStim(__class__=<class 'psychopy.visual.text.TextStim'>, alignHoriz=method-wrapper(...), alignText='center', alignVert=method-wrapper(...), anchorHoriz='center', anchorVert='center', antialias=True, autoDraw=False, autoLog=True, bold=False, color=array([1., 1., 1.]), colorSpace='rgb', contrast=1.0, depth=0.0, draggable=False, flipHoriz=False, flipVert=False, font='NanumGothic', fontFiles=[], height=np.float64(0.03), italic=False, languageStyle='LTR', name='intro_text', opacity=1, ori=0.0, pos=array([0., 0.]), rgb=UNKNOWN, text=str(...), units='height', win=Window(...), wrapWidth=1)
15.0209 	EXP 	Created LDT_intro_instr = TextStim(__class__=<class 'psychopy.visual.text.TextStim'>, alignHoriz=method-wrapper(...), alignText='center', alignVert=method-wrapper(...), anchorHoriz='center', anchorVert='center', antialias=True, autoDraw=False, autoLog=True, bold=False, color=array([1., 1., 1.]), colorSpace='rgb', contrast=1.0, depth=0.0, draggable=False, flipHoriz=False, flipVert=False, font='NanumGothic', fontFiles=[], height=np.float64(0.03), italic=False, languageStyle='LTR', name='LDT_intro_instr', opacity=1, ori=0.0, pos=array([0. , 0.2]), rgb=UNKNOWN, text=str(...), units='height', win=Window(...), wrapWidth=1)
15.0344 	EXP 	Created keyboard_LDT = ImageStim(__class__=<class 'psychopy.visual.image.ImageStim'>, anchor=('center', 'center'), autoLog=True, color=array([1., 1., 1.]), colorSpace='rgb', contrast=1.0, depth=-2.0, draggable=False, flipHoriz=np.False_, flipVert=np.False_, image='keyboard_LDT_RR.png', interpolate=True, mask=None, maskParams=None, name='keyboard_LDT', opacity=1, ori=0.0, pos=array([ 0. , -0.2]), size=array([0.6 , 0.35]), texRes=128.0, units='height', win=Window(...))
15.0373 	EXP 	Created LDT_prac_fix_text = TextStim(__class__=<class 'psychopy.visual.text.TextStim'>, alignHoriz=method-wrapper(...), alignText='center', alignVert=method-wrapper(...), anchorHoriz='center', anchorVert='center', antialias=True, autoDraw=False, autoLog=True, bold=False, color=array([1., 1., 1.]), colorSpace='rgb', contrast=1.0, depth=0.0, draggable=False, flipHoriz=False, flipVert=False, font='NanumGothic', fontFiles=[], height=np.float64(0.1), italic=False, languageStyle='LTR', name='LDT_prac_fix_text', opacity=1, ori=0, pos=array([0., 0.]), rgb=UNKNOWN, text='+', units='height', win=Window(...), wrapWidth=1)
15.0377 	EXP 	Created LDT_prac_stim_text = TextStim(__class__=<class 'psychopy.visual.text.TextStim'>, alignHoriz=method-wrapper(...), alignText='center', alignVert=method-wrapper(...), anchorHoriz='center', anchorVert='center', antialias=True, autoDraw=False, autoLog=True, bold=False, color=array([1., 1., 1.]), colorSpace='rgb', contrast=1.0, depth=-1.0, draggable=False, flipHoriz=False, flipVert=False, font='NanumGothic', fontFiles=[], height=0.1, italic=False, languageStyle='LTR', name='LDT_prac_stim_text', opacity=1, ori=0, pos=array([0., 0.]), rgb=UNKNOWN, text='', units='height', win=Window(...), wrapWidth=1)
15.0384 	EXP 	Created LDT_feedback_text = TextStim(__class__=<class 'psychopy.visual.text.TextStim'>, alignHoriz=method-wrapper(...), alignText='center', alignVert=method-wrapper(...), anchorHoriz='center', anchorVert='center', antialias=True, autoDraw=False, autoLog=True, bold=False, color=array([1., 1., 1.]), colorSpace='rgb', contrast=1.0, depth=-1.0, draggable=False, flipHoriz=False, flipVert=False, font='NanumGothic', fontFiles=[], height=0.05, italic=False, languageStyle='LTR', name='LDT_feedback_text', opacity=1, ori=0, pos=array([0., 0.]), rgb=UNKNOWN, text='', units='height', win=Window(...), wrapWidth=1)
15.0517 	EXP 	Created LDT_instr_text = TextStim(__class__=<class 'psychopy.visual.text.TextStim'>, alignHoriz=method-wrapper(...), alignText='center', alignVert=method-wrapper(...), anchorHoriz='center', anchorVert='center', antialias=True, autoDraw=False, autoLog=True, bold=False, color=array([1., 1., 1.]), colorSpace='rgb', contrast=1.0, depth=0.0, draggable=False, flipHoriz=False, flipVert=False, font='NanumGothic', fontFiles=[], height=np.float64(0.03), italic=False, languageStyle='LTR', name='LDT_instr_text', opacity=1, ori=0, pos=array([0., 0.]), rgb=UNKNOWN, text=str(...), units='height', win=Window(...), wrapWidth=1)
15.0531 	EXP 	Created LDT_fix_text = TextStim(__class__=<class 'psychopy.visual.text.TextStim'>, alignHoriz=method-wrapper(...), alignText='center', alignVert=method-wrapper(...), anchorHoriz='center', anchorVert='center', antialias=True, autoDraw=False, autoLog=True, bold=False, color=array([1., 1., 1.]), colorSpace='rgb', contrast=1.0, depth=0.0, draggable=False, flipHoriz=False, flipVert=False, font='NanumGothic', fontFiles=[], height=np.float64(0.1), italic=False, languageStyle='LTR', name='LDT_fix_text', opacity=1, ori=0, pos=array([0., 0.]), rgb=UNKNOWN, text='+', units='height', win=Window(...), wrapWidth=1)
15.0535 	EXP 	Created LDT_stim_text = TextStim(__class__=<class 'psychopy.visual.text.TextStim'>, alignHoriz=method-wrapper(...), alignText='center', alignVert=method-wrapper(...), anchorHoriz='center', anchorVert='center', antialias=True, autoDraw=False, autoLog=True, bold=False, color=array([1., 1., 1.]), colorSpace='rgb', contrast=1.0, depth=-1.0, draggable=False, flipHoriz=False, flipVert=False, font='NanumGothic', fontFiles=[], height=0.1, italic=False, languageStyle='LTR', name='LDT_stim_text', opacity=1, ori=0, pos=array([0., 0.]), rgb=UNKNOWN, text='', units='height', win=Window(...), wrapWidth=1)
15.0593 	EXP 	Created LDT_break_text = TextStim(__class__=<class 'psychopy.visual.text.TextStim'>, alignHoriz=method-wrapper(...), alignText='center', alignVert=method-wrapper(...), anchorHoriz='center', anchorVert='center', antialias=True, autoDraw=False, autoLog=True, bold=False, color=array([1., 1., 1.]), colorSpace='rgb', contrast=1.0, depth=-1.0, draggable=False, flipHoriz=False, flipVert=False, font='NanumGothic', fontFiles=[], height=np.float64(0.03), italic=False, languageStyle='LTR', name='LDT_break_text', opacity=1, ori=0.0, pos=array([0., 0.]), rgb=UNKNOWN, text=str(...), units='height', win=Window(...), wrapWidth=1)
15.0649 	EXP 	Created end_text = TextStim(__class__=<class 'psychopy.visual.text.TextStim'>, alignHoriz=method-wrapper(...), alignText='center', alignVert=method-wrapper(...), anchorHoriz='center', anchorVert='center', antialias=True, autoDraw=False, autoLog=True, bold=False, color=array([1., 1., 1.]), colorSpace='rgb', contrast=1.0, depth=0.0, draggable=False, flipHoriz=False, flipVert=False, font='NanumGothic', fontFiles=[], height=np.float64(0.03), italic=False, languageStyle='LTR', name='end_text', opacity=1, ori=0, pos=array([0., 0.]), rgb=UNKNOWN, text='실험이 종료되었습니다. \n\n실험에 참여해 주셔서 감사합니다.\n\n', units='height', win=Window(...), wrapWidth=1)
0.0112 	EXP 	intro_text: autoDraw = True
2.7349 	EXP 	Device response: <KeyPress from None: t=2.6654355999999098, value=space, duration=None>
2.7474 	EXP 	intro_text: autoDraw = False
2.7474 	EXP 	LDT_intro_instr: autoDraw = True
2.7474 	EXP 	keyboard_LDT: autoDraw = True
2.7482 	DATA 	Keypress: space
2.7560 	EXP 	Device response: <KeyPress from None: t=2.6654355999999098, value=space, duration=0.08747969999967609>
29.0657 	EXP 	Device response: <KeyPress from None: t=29.065247700000327, value=space, duration=None>
29.0702 	EXP 	Imported LDT_pracStim.xlsx as conditions, 10 conditions, 5 params
29.0704 	EXP 	New trial (rep=0, index=0): <Trial 0 (0 in rep 0) data={'Task': 'LDT', 'TrialType': 'Practice', 'Stimuli': 'truck', 'CorrectResponse': 'l', 'StimulusType': 'word', 'thisN': 0, 'thisTrialN': 0, 'thisRepN': 0}>
29.0819 	EXP 	LDT_intro_instr: autoDraw = False
29.0819 	EXP 	keyboard_LDT: autoDraw = False
29.0819 	EXP 	LDT_prac_stim_text: height = np.float64(0.1)
29.0819 	EXP 	LDT_prac_stim_text: height = np.float64(0.1)
29.0819 	EXP 	LDT_prac_stim_text: height = np.float64(0.1)
29.0819 	EXP 	LDT_prac_stim_text: text = 'truck'
29.0819 	EXP 	LDT_prac_fix_text: autoDraw = True
29.0825 	DATA 	Keypress: space
29.1907 	EXP 	Device response: <KeyPress from None: t=29.065247700000327, value=space, duration=0.11984499999925902>
29.5574 	EXP 	LDT_prac_stim_text: autoDraw = True
29.5743 	EXP 	LDT_prac_fix_text: autoDraw = False
30.9925 	EXP 	Device response: <KeyPress from None: t=30.98485520000031, value=a, duration=None>
31.0005 	EXP 	LDT_prac_fix_text: autoDraw = False
31.0005 	EXP 	LDT_prac_stim_text: autoDraw = False
31.0005 	EXP 	LDT_feedback_text: height = np.float64(0.05)
31.0005 	EXP 	LDT_feedback_text: height = np.float64(0.05)
31.0005 	EXP 	LDT_feedback_text: height = np.float64(0.05)
31.0005 	EXP 	LDT_feedback_text: text = '오답입니다'
31.0005 	EXP 	LDT_feedback_text: autoDraw = True
31.0010 	DATA 	Keypress: a
31.1343 	EXP 	Device response: <KeyPress from None: t=30.98485520000031, value=a, duration=0.1441156000000774>
31.9852 	EXP 	New trial (rep=0, index=1): <Trial 1 (1 in rep 0) data={'Task': 'LDT', 'TrialType': 'Practice', 'Stimuli': 'cucumber', 'CorrectResponse': 'l', 'StimulusType': 'word', 'thisN': 1, 'thisTrialN': 1, 'thisRepN': 0}>
31.9932 	EXP 	LDT_feedback_text: autoDraw = False
31.9932 	EXP 	LDT_feedback_text: autoDraw = False
31.9932 	EXP 	LDT_prac_stim_text: height = np.float64(0.1)
31.9932 	EXP 	LDT_prac_stim_text: height = np.float64(0.1)
31.9932 	EXP 	LDT_prac_stim_text: height = np.float64(0.1)
31.9932 	EXP 	LDT_prac_stim_text: text = 'cucumber'
31.9932 	EXP 	LDT_prac_fix_text: autoDraw = True
32.4853 	EXP 	LDT_prac_fix_text: autoDraw = False
32.4853 	EXP 	LDT_prac_stim_text: autoDraw = True
33.6034 	EXP 	Device response: <KeyPress from None: t=33.60127680000005, value=l, duration=None>
33.6114 	EXP 	LDT_prac_fix_text: autoDraw = False
33.6114 	EXP 	LDT_prac_stim_text: autoDraw = False
33.6114 	EXP 	LDT_feedback_text: height = np.float64(0.05)
33.6114 	EXP 	LDT_feedback_text: height = np.float64(0.05)
33.6114 	EXP 	LDT_feedback_text: height = np.float64(0.05)
33.6114 	EXP 	LDT_feedback_text: text = '정답입니다!'
33.6114 	EXP 	LDT_feedback_text: autoDraw = True
33.6120 	DATA 	Keypress: l
33.6952 	EXP 	Device response: <KeyPress from None: t=33.60127680000005, value=l, duration=0.08832640000036918>
34.5961 	EXP 	New trial (rep=0, index=2): <Trial 2 (2 in rep 0) data={'Task': 'LDT', 'TrialType': 'Practice', 'Stimuli': 'concept', 'CorrectResponse': 'l', 'StimulusType': 'word', 'thisN': 2, 'thisTrialN': 2, 'thisRepN': 0}>
34.6042 	EXP 	LDT_feedback_text: autoDraw = False
34.6042 	EXP 	LDT_feedback_text: autoDraw = False
34.6042 	EXP 	LDT_prac_stim_text: height = np.float64(0.1)
34.6042 	EXP 	LDT_prac_stim_text: height = np.float64(0.1)
34.6042 	EXP 	LDT_prac_stim_text: height = np.float64(0.1)
34.6042 	EXP 	LDT_prac_stim_text: text = 'concept'
34.6042 	EXP 	LDT_prac_fix_text: autoDraw = True
35.0962 	EXP 	LDT_prac_fix_text: autoDraw = False
35.0962 	EXP 	LDT_prac_stim_text: autoDraw = True
35.8391 	EXP 	Device response: <KeyPress from None: t=35.833289800000784, value=l, duration=None>
35.8470 	EXP 	LDT_prac_fix_text: autoDraw = False
35.8470 	EXP 	LDT_prac_stim_text: autoDraw = False
35.8470 	EXP 	LDT_feedback_text: text = '정답입니다!'
35.8470 	EXP 	LDT_feedback_text: autoDraw = True
35.8475 	DATA 	Keypress: l
35.9057 	EXP 	Device response: <KeyPress from None: t=35.833289800000784, value=l, duration=0.06452159999935247>
36.8316 	EXP 	New trial (rep=0, index=3): <Trial 3 (3 in rep 0) data={'Task': 'LDT', 'TrialType': 'Practice', 'Stimuli': 'format', 'CorrectResponse': 'l', 'StimulusType': 'word', 'thisN': 3, 'thisTrialN': 3, 'thisRepN': 0}>
36.8397 	EXP 	LDT_feedback_text: autoDraw = False
36.8397 	EXP 	LDT_feedback_text: autoDraw = False
36.8397 	EXP 	LDT_prac_stim_text: height = np.float64(0.1)
36.8397 	EXP 	LDT_prac_stim_text: height = np.float64(0.1)
36.8397 	EXP 	LDT_prac_stim_text: height = np.float64(0.1)
36.8397 	EXP 	LDT_prac_stim_text: text = 'format'
36.8397 	EXP 	LDT_prac_fix_text: autoDraw = True
37.3318 	EXP 	LDT_prac_fix_text: autoDraw = False
37.3318 	EXP 	LDT_prac_stim_text: autoDraw = True
38.3165 	EXP 	Device response: <KeyPress from None: t=38.312941500000306, value=l, duration=None>
38.3245 	EXP 	LDT_prac_fix_text: autoDraw = False
38.3245 	EXP 	LDT_prac_stim_text: autoDraw = False
38.3245 	EXP 	LDT_feedback_text: text = '정답입니다!'
38.3245 	EXP 	LDT_feedback_text: autoDraw = True
38.3249 	DATA 	Keypress: l
38.4750 	EXP 	Device response: <KeyPress from None: t=38.312941500000306, value=l, duration=0.15382299999873794>
39.3091 	EXP 	New trial (rep=0, index=4): <Trial 4 (4 in rep 0) data={'Task': 'LDT', 'TrialType': 'Practice', 'Stimuli': 'huftuk', 'CorrectResponse': 'a', 'StimulusType': 'nonword', 'thisN': 4, 'thisTrialN': 4, 'thisRepN': 0}>
39.3172 	EXP 	LDT_feedback_text: autoDraw = False
39.3172 	EXP 	LDT_feedback_text: autoDraw = False
39.3172 	EXP 	LDT_prac_stim_text: height = np.float64(0.1)
39.3172 	EXP 	LDT_prac_stim_text: height = np.float64(0.1)
39.3172 	EXP 	LDT_prac_stim_text: height = np.float64(0.1)
39.3172 	EXP 	LDT_prac_stim_text: text = 'huftuk'
39.3172 	EXP 	LDT_prac_fix_text: autoDraw = True
39.8093 	EXP 	LDT_prac_fix_text: autoDraw = False
39.8093 	EXP 	LDT_prac_stim_text: autoDraw = True
40.6772 	EXP 	Device response: <KeyPress from None: t=40.67275549999977, value=a, duration=None>
40.6852 	EXP 	LDT_prac_fix_text: autoDraw = False
40.6852 	EXP 	LDT_prac_stim_text: autoDraw = False
40.6852 	EXP 	LDT_feedback_text: text = '정답입니다!'
40.6852 	EXP 	LDT_feedback_text: autoDraw = True
40.6857 	DATA 	Keypress: a
40.7856 	EXP 	Device response: <KeyPress from None: t=40.67275549999977, value=a, duration=0.11230969999996887>
41.6698 	EXP 	New trial (rep=0, index=5): <Trial 5 (5 in rep 0) data={'Task': 'LDT', 'TrialType': 'Practice', 'Stimuli': 'yami', 'CorrectResponse': 'a', 'StimulusType': 'nonword', 'thisN': 5, 'thisTrialN': 5, 'thisRepN': 0}>
41.6778 	EXP 	LDT_feedback_text: autoDraw = False
41.6778 	EXP 	LDT_feedback_text: autoDraw = False
41.6778 	EXP 	LDT_prac_stim_text: height = np.float64(0.1)
41.6778 	EXP 	LDT_prac_stim_text: height = np.float64(0.1)
41.6778 	EXP 	LDT_prac_stim_text: height = np.float64(0.1)
41.6778 	EXP 	LDT_prac_stim_text: text = 'yami'
41.6778 	EXP 	LDT_prac_fix_text: autoDraw = True
42.1700 	EXP 	LDT_prac_fix_text: autoDraw = False
42.1700 	EXP 	LDT_prac_stim_text: autoDraw = True
43.8805 	EXP 	Device response: <KeyPress from None: t=43.872932799999035, value=a, duration=None>
43.8883 	EXP 	LDT_prac_fix_text: autoDraw = False
43.8883 	EXP 	LDT_prac_stim_text: autoDraw = False
43.8883 	EXP 	LDT_feedback_text: text = '정답입니다!'
43.8883 	EXP 	LDT_feedback_text: autoDraw = True
43.8889 	DATA 	Keypress: a
43.9804 	EXP 	Device response: <KeyPress from None: t=43.872932799999035, value=a, duration=0.10453590000179247>
44.8729 	EXP 	New trial (rep=0, index=6): <Trial 6 (6 in rep 0) data={'Task': 'LDT', 'TrialType': 'Practice', 'Stimuli': 'lankua', 'CorrectResponse': 'a', 'StimulusType': 'nonword', 'thisN': 6, 'thisTrialN': 6, 'thisRepN': 0}>
44.8810 	EXP 	LDT_feedback_text: autoDraw = False
44.8810 	EXP 	LDT_feedback_text: autoDraw = False
44.8810 	EXP 	LDT_prac_stim_text: height = np.float64(0.1)
44.8810 	EXP 	LDT_prac_stim_text: height = np.float64(0.1)
44.8810 	EXP 	LDT_prac_stim_text: height = np.float64(0.1)
44.8810 	EXP 	LDT_prac_stim_text: text = 'lankua'
44.8810 	EXP 	LDT_prac_fix_text: autoDraw = True
45.3733 	EXP 	LDT_prac_fix_text: autoDraw = False
45.3733 	EXP 	LDT_prac_stim_text: autoDraw = True
46.9501 	EXP 	Device response: <KeyPress from None: t=46.94488049999927, value=a, duration=None>
46.9581 	EXP 	LDT_prac_fix_text: autoDraw = False
46.9581 	EXP 	LDT_prac_stim_text: autoDraw = False
46.9581 	EXP 	LDT_feedback_text: text = '정답입니다!'
46.9581 	EXP 	LDT_feedback_text: autoDraw = True
46.9586 	DATA 	Keypress: a
47.0420 	EXP 	Device response: <KeyPress from None: t=46.94488049999927, value=a, duration=0.08853020000060496>
47.9428 	EXP 	New trial (rep=0, index=7): <Trial 7 (7 in rep 0) data={'Task': 'LDT', 'TrialType': 'Practice', 'Stimuli': 'baseball', 'CorrectResponse': 'l', 'StimulusType': 'word', 'thisN': 7, 'thisTrialN': 7, 'thisRepN': 0}>
47.9509 	EXP 	LDT_feedback_text: autoDraw = False
47.9509 	EXP 	LDT_feedback_text: autoDraw = False
47.9509 	EXP 	LDT_prac_stim_text: height = np.float64(0.1)
47.9509 	EXP 	LDT_prac_stim_text: height = np.float64(0.1)
47.9509 	EXP 	LDT_prac_stim_text: height = np.float64(0.1)
47.9509 	EXP 	LDT_prac_stim_text: text = 'baseball'
47.9509 	EXP 	LDT_prac_fix_text: autoDraw = True
48.4429 	EXP 	LDT_prac_fix_text: autoDraw = False
48.4429 	EXP 	LDT_prac_stim_text: autoDraw = True
49.8197 	EXP 	Device response: <KeyPress from None: t=49.817765699999654, value=l, duration=None>
49.8276 	EXP 	LDT_prac_fix_text: autoDraw = False
49.8276 	EXP 	LDT_prac_stim_text: autoDraw = False
49.8276 	EXP 	LDT_feedback_text: text = '정답입니다!'
49.8276 	EXP 	LDT_feedback_text: autoDraw = True
49.8282 	DATA 	Keypress: l
49.9615 	EXP 	Device response: <KeyPress from None: t=49.817765699999654, value=l, duration=0.13580420000107551>
50.8125 	EXP 	New trial (rep=0, index=8): <Trial 8 (8 in rep 0) data={'Task': 'LDT', 'TrialType': 'Practice', 'Stimuli': 'jeong', 'CorrectResponse': 'a', 'StimulusType': 'nonword', 'thisN': 8, 'thisTrialN': 8, 'thisRepN': 0}>
50.8287 	EXP 	LDT_feedback_text: autoDraw = False
50.8287 	EXP 	LDT_feedback_text: autoDraw = False
50.8287 	EXP 	LDT_prac_stim_text: height = np.float64(0.1)
50.8287 	EXP 	LDT_prac_stim_text: height = np.float64(0.1)
50.8287 	EXP 	LDT_prac_stim_text: height = np.float64(0.1)
50.8287 	EXP 	LDT_prac_stim_text: text = 'jeong'
50.8287 	EXP 	LDT_prac_fix_text: autoDraw = True
51.3124 	EXP 	LDT_prac_stim_text: autoDraw = True
51.3208 	EXP 	LDT_prac_fix_text: autoDraw = False
52.5224 	EXP 	Device response: <KeyPress from None: t=52.52097959999992, value=a, duration=None>
52.5303 	EXP 	LDT_prac_fix_text: autoDraw = False
52.5303 	EXP 	LDT_prac_stim_text: autoDraw = False
52.5303 	EXP 	LDT_feedback_text: text = '정답입니다!'
52.5303 	EXP 	LDT_feedback_text: autoDraw = True
52.5308 	DATA 	Keypress: a
52.6307 	EXP 	Device response: <KeyPress from None: t=52.52097959999992, value=a, duration=0.10466149999956542>
53.5148 	EXP 	New trial (rep=0, index=9): <Trial 9 (9 in rep 0) data={'Task': 'LDT', 'TrialType': 'Practice', 'Stimuli': 'cluerk', 'CorrectResponse': 'a', 'StimulusType': 'nonword', 'thisN': 9, 'thisTrialN': 9, 'thisRepN': 0}>
53.5230 	EXP 	LDT_feedback_text: autoDraw = False
53.5230 	EXP 	LDT_feedback_text: autoDraw = False
53.5230 	EXP 	LDT_prac_stim_text: height = np.float64(0.1)
53.5230 	EXP 	LDT_prac_stim_text: height = np.float64(0.1)
53.5230 	EXP 	LDT_prac_stim_text: height = np.float64(0.1)
53.5230 	EXP 	LDT_prac_stim_text: text = 'cluerk'
53.5230 	EXP 	LDT_prac_fix_text: autoDraw = True
54.0151 	EXP 	LDT_prac_fix_text: autoDraw = False
54.0151 	EXP 	LDT_prac_stim_text: autoDraw = True
55.1167 	EXP 	Device response: <KeyPress from None: t=55.11301189999904, value=l, duration=None>
55.1247 	EXP 	LDT_prac_fix_text: autoDraw = False
55.1247 	EXP 	LDT_prac_stim_text: autoDraw = False
55.1247 	EXP 	LDT_feedback_text: height = np.float64(0.05)
55.1247 	EXP 	LDT_feedback_text: height = np.float64(0.05)
55.1247 	EXP 	LDT_feedback_text: height = np.float64(0.05)
55.1247 	EXP 	LDT_feedback_text: text = '오답입니다'
55.1247 	EXP 	LDT_feedback_text: autoDraw = True
55.1252 	DATA 	Keypress: l
55.2501 	EXP 	Device response: <KeyPress from None: t=55.11301189999904, value=l, duration=0.13652410000031523>
56.1172 	EXP 	LDT_feedback_text: autoDraw = False
56.1172 	EXP 	LDT_feedback_text: autoDraw = False
56.1172 	EXP 	LDT_instr_text: autoDraw = True
70.0814 	EXP 	Device response: <KeyPress from None: t=70.07378169999902, value=space, duration=None>
70.1006 	EXP 	Imported LDT_Stim.xlsx as conditions, 222 conditions, 6 params
70.1016 	EXP 	New trial (rep=0, index=0): <Trial 0 (0 in rep 0) data={'Task': 'LDT', 'TrialType': 'Target', 'Stimuli': 'few', 'StimulusType': 'word', 'CorrectResponse': 'l', 'Trialnumb': 18, 'thisN': 0, 'thisTrialN': 0, 'thisRepN': 0}>
70.1145 	EXP 	LDT_instr_text: autoDraw = False
70.1145 	EXP 	LDT_stim_text: height = np.float64(0.1)
70.1145 	EXP 	LDT_stim_text: height = np.float64(0.1)
70.1145 	EXP 	LDT_stim_text: height = np.float64(0.1)
70.1145 	EXP 	LDT_stim_text: text = 'few'
70.1145 	EXP 	LDT_fix_text: autoDraw = True
70.1151 	DATA 	Keypress: space
70.1900 	EXP 	Device response: <KeyPress from None: t=70.07378169999902, value=space, duration=0.11145940000096743>
70.5733 	EXP 	LDT_stim_text: autoDraw = True
70.6067 	EXP 	LDT_fix_text: autoDraw = False
71.5747 	EXP 	Device response: <KeyPress from None: t=71.57004980000056, value=l, duration=None>
71.5749 	EXP 	New trial (rep=0, index=1): <Trial 1 (1 in rep 0) data={'Task': 'LDT', 'TrialType': 'Target', 'Stimuli': 'sish', 'StimulusType': 'nonword', 'CorrectResponse': 'a', 'Trialnumb': 193, 'thisN': 1, 'thisTrialN': 1, 'thisRepN': 0}>
71.5827 	EXP 	LDT_fix_text: autoDraw = False
71.5827 	EXP 	LDT_stim_text: autoDraw = False
71.5827 	EXP 	LDT_break_text: autoDraw = False
71.5827 	EXP 	LDT_stim_text: height = np.float64(0.1)
71.5827 	EXP 	LDT_stim_text: height = np.float64(0.1)
71.5827 	EXP 	LDT_stim_text: height = np.float64(0.1)
71.5827 	EXP 	LDT_stim_text: text = 'sish'
71.5827 	EXP 	LDT_fix_text: autoDraw = True
71.5833 	DATA 	Keypress: l
71.6996 	EXP 	Device response: <KeyPress from None: t=71.57004980000056, value=l, duration=0.1272990999987087>
72.0667 	EXP 	LDT_stim_text: autoDraw = True
72.0748 	EXP 	LDT_fix_text: autoDraw = False
73.7852 	EXP 	Device response: <KeyPress from None: t=73.77708709999933, value=l, duration=None>
73.7854 	EXP 	New trial (rep=0, index=2): <Trial 2 (2 in rep 0) data={'Task': 'LDT', 'TrialType': 'Target', 'Stimuli': 'ill', 'StimulusType': 'word', 'CorrectResponse': 'l', 'Trialnumb': 97, 'thisN': 2, 'thisTrialN': 2, 'thisRepN': 0}>
73.7932 	EXP 	LDT_fix_text: autoDraw = False
73.7932 	EXP 	LDT_stim_text: autoDraw = False
73.7932 	EXP 	LDT_break_text: autoDraw = False
73.7932 	EXP 	LDT_stim_text: height = np.float64(0.1)
73.7932 	EXP 	LDT_stim_text: height = np.float64(0.1)
73.7932 	EXP 	LDT_stim_text: height = np.float64(0.1)
73.7932 	EXP 	LDT_stim_text: text = 'ill'
73.7932 	EXP 	LDT_fix_text: autoDraw = True
73.7937 	DATA 	Keypress: l
73.8935 	EXP 	Device response: <KeyPress from None: t=73.77708709999933, value=l, duration=0.11183600000003935>
74.2770 	EXP 	LDT_stim_text: autoDraw = True
74.2853 	EXP 	LDT_fix_text: autoDraw = False
75.1283 	EXP 	Device response: <KeyPress from None: t=75.12161190000006, value=l, duration=None>
75.1285 	EXP 	New trial (rep=0, index=3): <Trial 3 (3 in rep 0) data={'Task': 'LDT', 'TrialType': 'Target', 'Stimuli': 'lals', 'StimulusType': 'nonword', 'CorrectResponse': 'a', 'Trialnumb': 167, 'thisN': 3, 'thisTrialN': 3, 'thisRepN': 0}>
75.1362 	EXP 	LDT_fix_text: autoDraw = False
75.1362 	EXP 	LDT_stim_text: autoDraw = False
75.1362 	EXP 	LDT_break_text: autoDraw = False
75.1362 	EXP 	LDT_stim_text: height = np.float64(0.1)
75.1362 	EXP 	LDT_stim_text: height = np.float64(0.1)
75.1362 	EXP 	LDT_stim_text: height = np.float64(0.1)
75.1362 	EXP 	LDT_stim_text: text = 'lals'
75.1362 	EXP 	LDT_fix_text: autoDraw = True
75.1367 	DATA 	Keypress: l
75.2115 	EXP 	Device response: <KeyPress from None: t=75.12161190000006, value=l, duration=0.0871884999996837>
75.6200 	EXP 	LDT_stim_text: autoDraw = True
75.6283 	EXP 	LDT_fix_text: autoDraw = False
76.7214 	EXP 	Device response: <KeyPress from None: t=76.7130629000003, value=a, duration=None>
76.7216 	EXP 	New trial (rep=0, index=4): <Trial 4 (4 in rep 0) data={'Task': 'LDT', 'TrialType': 'Target', 'Stimuli': 'hear', 'StimulusType': 'word', 'CorrectResponse': 'l', 'Trialnumb': 37, 'thisN': 4, 'thisTrialN': 4, 'thisRepN': 0}>
76.7228 	DATA 	Keypress: a
76.7294 	EXP 	LDT_fix_text: autoDraw = False
76.7294 	EXP 	LDT_stim_text: autoDraw = False
76.7294 	EXP 	LDT_break_text: autoDraw = False
76.7294 	EXP 	LDT_stim_text: height = np.float64(0.1)
76.7294 	EXP 	LDT_stim_text: height = np.float64(0.1)
76.7294 	EXP 	LDT_stim_text: height = np.float64(0.1)
76.7294 	EXP 	LDT_stim_text: text = 'hear'
76.7294 	EXP 	LDT_fix_text: autoDraw = True
76.8465 	EXP 	Device response: <KeyPress from None: t=76.7130629000003, value=a, duration=0.12780319999910716>
77.2132 	EXP 	LDT_stim_text: autoDraw = True
77.2216 	EXP 	LDT_fix_text: autoDraw = False
78.4897 	EXP 	Device response: <KeyPress from None: t=78.48161160000018, value=l, duration=None>
78.4900 	EXP 	New trial (rep=0, index=5): <Trial 5 (5 in rep 0) data={'Task': 'LDT', 'TrialType': 'Target', 'Stimuli': 'war', 'StimulusType': 'word', 'CorrectResponse': 'l', 'Trialnumb': 55, 'thisN': 5, 'thisTrialN': 5, 'thisRepN': 0}>
78.4979 	EXP 	LDT_fix_text: autoDraw = False
78.4979 	EXP 	LDT_stim_text: autoDraw = False
78.4979 	EXP 	LDT_break_text: autoDraw = False
78.4979 	EXP 	LDT_stim_text: height = np.float64(0.1)
78.4979 	EXP 	LDT_stim_text: height = np.float64(0.1)
78.4979 	EXP 	LDT_stim_text: height = np.float64(0.1)
78.4979 	EXP 	LDT_stim_text: text = 'war'
78.4979 	EXP 	LDT_fix_text: autoDraw = True
78.4984 	DATA 	Keypress: l
78.5983 	EXP 	Device response: <KeyPress from None: t=78.48161160000018, value=l, duration=0.111280799999804>
78.9817 	EXP 	LDT_stim_text: autoDraw = True
78.9900 	EXP 	LDT_fix_text: autoDraw = False
79.7327 	EXP 	Device response: <KeyPress from None: t=79.72942669999975, value=l, duration=None>
79.7329 	EXP 	New trial (rep=0, index=6): <Trial 6 (6 in rep 0) data={'Task': 'LDT', 'TrialType': 'Target', 'Stimuli': 'tour', 'StimulusType': 'word', 'CorrectResponse': 'l', 'Trialnumb': 88, 'thisN': 6, 'thisTrialN': 6, 'thisRepN': 0}>
79.7407 	EXP 	LDT_fix_text: autoDraw = False
79.7407 	EXP 	LDT_stim_text: autoDraw = False
79.7407 	EXP 	LDT_break_text: autoDraw = False
79.7407 	EXP 	LDT_stim_text: height = np.float64(0.1)
79.7407 	EXP 	LDT_stim_text: height = np.float64(0.1)
79.7407 	EXP 	LDT_stim_text: height = np.float64(0.1)
79.7407 	EXP 	LDT_stim_text: text = 'tour'
79.7407 	EXP 	LDT_fix_text: autoDraw = True
79.7414 	DATA 	Keypress: l
79.8161 	EXP 	Device response: <KeyPress from None: t=79.72942669999975, value=l, duration=0.07988769999974465>
80.2246 	EXP 	LDT_stim_text: autoDraw = True
80.2329 	EXP 	LDT_fix_text: autoDraw = False
80.8422 	EXP 	Device response: <KeyPress from None: t=80.84163979999903, value=l, duration=None>
80.8425 	EXP 	New trial (rep=0, index=7): <Trial 7 (7 in rep 0) data={'Task': 'LDT', 'TrialType': 'Target', 'Stimuli': 'zall', 'StimulusType': 'nonword', 'CorrectResponse': 'a', 'Trialnumb': 221, 'thisN': 7, 'thisTrialN': 7, 'thisRepN': 0}>
80.8502 	EXP 	LDT_fix_text: autoDraw = False
80.8502 	EXP 	LDT_stim_text: autoDraw = False
80.8502 	EXP 	LDT_break_text: autoDraw = False
80.8502 	EXP 	LDT_stim_text: height = np.float64(0.1)
80.8502 	EXP 	LDT_stim_text: height = np.float64(0.1)
80.8502 	EXP 	LDT_stim_text: height = np.float64(0.1)
80.8502 	EXP 	LDT_stim_text: text = 'zall'
80.8502 	EXP 	LDT_fix_text: autoDraw = True
80.8507 	DATA 	Keypress: l
80.9423 	EXP 	Device response: <KeyPress from None: t=80.84163979999903, value=l, duration=0.0969425000002957>
81.3340 	EXP 	LDT_stim_text: autoDraw = True
81.3423 	EXP 	LDT_fix_text: autoDraw = False
81.9933 	EXP 	Device response: <KeyPress from None: t=81.98540730000059, value=a, duration=None>
81.9935 	EXP 	New trial (rep=0, index=8): <Trial 8 (8 in rep 0) data={'Task': 'LDT', 'TrialType': 'Target', 'Stimuli': 'flat', 'StimulusType': 'word', 'CorrectResponse': 'l', 'Trialnumb': 92, 'thisN': 8, 'thisTrialN': 8, 'thisRepN': 0}>
82.0013 	EXP 	LDT_fix_text: autoDraw = False
82.0013 	EXP 	LDT_stim_text: autoDraw = False
82.0013 	EXP 	LDT_break_text: autoDraw = False
82.0013 	EXP 	LDT_stim_text: height = np.float64(0.1)
82.0013 	EXP 	LDT_stim_text: height = np.float64(0.1)
82.0013 	EXP 	LDT_stim_text: height = np.float64(0.1)
82.0013 	EXP 	LDT_stim_text: text = 'flat'
82.0013 	EXP 	LDT_fix_text: autoDraw = True
82.0018 	DATA 	Keypress: a
82.1268 	EXP 	Device response: <KeyPress from None: t=81.98540730000059, value=a, duration=0.13626800000020012>
82.4852 	EXP 	LDT_stim_text: autoDraw = True
82.4935 	EXP 	LDT_fix_text: autoDraw = False
83.3613 	EXP 	Device response: <KeyPress from None: t=83.35328350000054, value=l, duration=None>
83.3616 	EXP 	New trial (rep=0, index=9): <Trial 9 (9 in rep 0) data={'Task': 'LDT', 'TrialType': 'Target', 'Stimuli': 'boom', 'StimulusType': 'word', 'CorrectResponse': 'l', 'Trialnumb': 96, 'thisN': 9, 'thisTrialN': 9, 'thisRepN': 0}>
83.3694 	EXP 	LDT_fix_text: autoDraw = False
83.3694 	EXP 	LDT_stim_text: autoDraw = False
83.3694 	EXP 	LDT_break_text: autoDraw = False
83.3694 	EXP 	LDT_stim_text: height = np.float64(0.1)
83.3694 	EXP 	LDT_stim_text: height = np.float64(0.1)
83.3694 	EXP 	LDT_stim_text: height = np.float64(0.1)
83.3694 	EXP 	LDT_stim_text: text = 'boom'
83.3694 	EXP 	LDT_fix_text: autoDraw = True
83.3699 	DATA 	Keypress: l
83.5199 	EXP 	Device response: <KeyPress from None: t=83.35328350000054, value=l, duration=0.1603149000002304>
83.8532 	EXP 	LDT_stim_text: autoDraw = True
83.8615 	EXP 	LDT_fix_text: autoDraw = False
84.5042 	EXP 	Device response: <KeyPress from None: t=84.49770800000078, value=l, duration=None>
84.5044 	EXP 	New trial (rep=0, index=10): <Trial 10 (10 in rep 0) data={'Task': 'LDT', 'TrialType': 'Target', 'Stimuli': 'seef', 'StimulusType': 'nonword', 'CorrectResponse': 'a', 'Trialnumb': 187, 'thisN': 10, 'thisTrialN': 10, 'thisRepN': 0}>
84.5122 	EXP 	LDT_fix_text: autoDraw = False
84.5122 	EXP 	LDT_stim_text: autoDraw = False
84.5122 	EXP 	LDT_break_text: autoDraw = False
84.5122 	EXP 	LDT_stim_text: height = np.float64(0.1)
84.5122 	EXP 	LDT_stim_text: height = np.float64(0.1)
84.5122 	EXP 	LDT_stim_text: height = np.float64(0.1)
84.5122 	EXP 	LDT_stim_text: text = 'seef'
84.5122 	EXP 	LDT_fix_text: autoDraw = True
84.5127 	DATA 	Keypress: l
84.6543 	EXP 	Device response: <KeyPress from None: t=84.49770800000078, value=l, duration=0.15190719999918656>
84.9960 	EXP 	LDT_stim_text: autoDraw = True
85.0043 	EXP 	LDT_fix_text: autoDraw = False
85.6219 	EXP 	Device response: <KeyPress from None: t=85.61749880000025, value=a, duration=None>
85.6222 	EXP 	New trial (rep=0, index=11): <Trial 11 (11 in rep 0) data={'Task': 'LDT', 'TrialType': 'Target', 'Stimuli': 'rent', 'StimulusType': 'word', 'CorrectResponse': 'l', 'Trialnumb': 84, 'thisN': 11, 'thisTrialN': 11, 'thisRepN': 0}>
85.6300 	EXP 	LDT_fix_text: autoDraw = False
85.6300 	EXP 	LDT_stim_text: autoDraw = False
85.6300 	EXP 	LDT_break_text: autoDraw = False
85.6300 	EXP 	LDT_stim_text: height = np.float64(0.1)
85.6300 	EXP 	LDT_stim_text: height = np.float64(0.1)
85.6300 	EXP 	LDT_stim_text: height = np.float64(0.1)
85.6300 	EXP 	LDT_stim_text: text = 'rent'
85.6300 	EXP 	LDT_fix_text: autoDraw = True
85.6305 	DATA 	Keypress: a
85.7387 	EXP 	Device response: <KeyPress from None: t=85.61749880000025, value=a, duration=0.1201984999988781>
86.1138 	EXP 	LDT_stim_text: autoDraw = True
86.1221 	EXP 	LDT_fix_text: autoDraw = False
86.6981 	EXP 	Device response: <KeyPress from None: t=86.69744919999903, value=l, duration=None>
86.6984 	EXP 	New trial (rep=0, index=12): <Trial 12 (12 in rep 0) data={'Task': 'LDT', 'TrialType': 'Target', 'Stimuli': 'spy', 'StimulusType': 'word', 'CorrectResponse': 'l', 'Trialnumb': 99, 'thisN': 12, 'thisTrialN': 12, 'thisRepN': 0}>
86.7061 	EXP 	LDT_fix_text: autoDraw = False
86.7061 	EXP 	LDT_stim_text: autoDraw = False
86.7061 	EXP 	LDT_break_text: autoDraw = False
86.7061 	EXP 	LDT_stim_text: height = np.float64(0.1)
86.7061 	EXP 	LDT_stim_text: height = np.float64(0.1)
86.7061 	EXP 	LDT_stim_text: height = np.float64(0.1)
86.7061 	EXP 	LDT_stim_text: text = 'spy'
86.7061 	EXP 	LDT_fix_text: autoDraw = True
86.7066 	DATA 	Keypress: l
86.8565 	EXP 	Device response: <KeyPress from None: t=86.69744919999903, value=l, duration=0.1513596000004327>
87.1899 	EXP 	LDT_stim_text: autoDraw = True
87.1982 	EXP 	LDT_fix_text: autoDraw = False
87.9825 	EXP 	Device response: <KeyPress from None: t=87.97844760000044, value=l, duration=None>
87.9828 	EXP 	New trial (rep=0, index=13): <Trial 13 (13 in rep 0) data={'Task': 'LDT', 'TrialType': 'Target', 'Stimuli': 'trick', 'StimulusType': 'word', 'CorrectResponse': 'l', 'Trialnumb': 75, 'thisN': 13, 'thisTrialN': 13, 'thisRepN': 0}>
87.9906 	EXP 	LDT_fix_text: autoDraw = False
87.9906 	EXP 	LDT_stim_text: autoDraw = False
87.9906 	EXP 	LDT_break_text: autoDraw = False
87.9906 	EXP 	LDT_stim_text: height = np.float64(0.1)
87.9906 	EXP 	LDT_stim_text: height = np.float64(0.1)
87.9906 	EXP 	LDT_stim_text: height = np.float64(0.1)
87.9906 	EXP 	LDT_stim_text: text = 'trick'
87.9906 	EXP 	LDT_fix_text: autoDraw = True
87.9912 	DATA 	Keypress: l
88.0994 	EXP 	Device response: <KeyPress from None: t=87.97844760000044, value=l, duration=0.11863459999949555>
88.4745 	EXP 	LDT_stim_text: autoDraw = True
88.4829 	EXP 	LDT_fix_text: autoDraw = False
89.1088 	EXP 	Device response: <KeyPress from None: t=89.10521139999946, value=l, duration=None>
89.1090 	EXP 	New trial (rep=0, index=14): <Trial 14 (14 in rep 0) data={'Task': 'LDT', 'TrialType': 'Target', 'Stimuli': 'fump', 'StimulusType': 'nonword', 'CorrectResponse': 'a', 'Trialnumb': 143, 'thisN': 14, 'thisTrialN': 14, 'thisRepN': 0}>
89.1168 	EXP 	LDT_fix_text: autoDraw = False
89.1168 	EXP 	LDT_stim_text: autoDraw = False
89.1168 	EXP 	LDT_break_text: autoDraw = False
89.1168 	EXP 	LDT_stim_text: height = np.float64(0.1)
89.1168 	EXP 	LDT_stim_text: height = np.float64(0.1)
89.1168 	EXP 	LDT_stim_text: height = np.float64(0.1)
89.1168 	EXP 	LDT_stim_text: text = 'fump'
89.1168 	EXP 	LDT_fix_text: autoDraw = True
89.1173 	DATA 	Keypress: l
89.2255 	EXP 	Device response: <KeyPress from None: t=89.10521139999946, value=l, duration=0.1120085000002291>
89.6006 	EXP 	LDT_stim_text: autoDraw = True
89.6089 	EXP 	LDT_fix_text: autoDraw = False
90.6186 	EXP 	Device response: <KeyPress from None: t=90.6176747999998, value=a, duration=None>
90.6189 	EXP 	New trial (rep=0, index=15): <Trial 15 (15 in rep 0) data={'Task': 'LDT', 'TrialType': 'Target', 'Stimuli': 'fall', 'StimulusType': 'word', 'CorrectResponse': 'l', 'Trialnumb': 62, 'thisN': 15, 'thisTrialN': 15, 'thisRepN': 0}>
90.6266 	EXP 	LDT_fix_text: autoDraw = False
90.6266 	EXP 	LDT_stim_text: autoDraw = False
90.6266 	EXP 	LDT_break_text: autoDraw = False
90.6266 	EXP 	LDT_stim_text: height = np.float64(0.1)
90.6266 	EXP 	LDT_stim_text: height = np.float64(0.1)
90.6266 	EXP 	LDT_stim_text: height = np.float64(0.1)
90.6266 	EXP 	LDT_stim_text: text = 'fall'
90.6266 	EXP 	LDT_fix_text: autoDraw = True
90.6272 	DATA 	Keypress: a
90.7437 	EXP 	Device response: <KeyPress from None: t=90.6176747999998, value=a, duration=0.11953109999922162>
91.1104 	EXP 	LDT_stim_text: autoDraw = True
91.1188 	EXP 	LDT_fix_text: autoDraw = False
91.5780 	EXP 	Device response: <KeyPress from None: t=91.57749519999925, value=l, duration=None>
91.5782 	EXP 	New trial (rep=0, index=16): <Trial 16 (16 in rep 0) data={'Task': 'LDT', 'TrialType': 'Target', 'Stimuli': 'price', 'StimulusType': 'word', 'CorrectResponse': 'l', 'Trialnumb': 52, 'thisN': 16, 'thisTrialN': 16, 'thisRepN': 0}>
91.5860 	EXP 	LDT_fix_text: autoDraw = False
91.5860 	EXP 	LDT_stim_text: autoDraw = False
91.5860 	EXP 	LDT_break_text: autoDraw = False
91.5860 	EXP 	LDT_stim_text: height = np.float64(0.1)
91.5860 	EXP 	LDT_stim_text: height = np.float64(0.1)
91.5860 	EXP 	LDT_stim_text: height = np.float64(0.1)
91.5860 	EXP 	LDT_stim_text: text = 'price'
91.5860 	EXP 	LDT_fix_text: autoDraw = True
91.5865 	DATA 	Keypress: l
91.7363 	EXP 	Device response: <KeyPress from None: t=91.57749519999925, value=l, duration=0.15150250000078813>
92.0697 	EXP 	LDT_stim_text: autoDraw = True
92.0780 	EXP 	LDT_fix_text: autoDraw = False
92.7208 	EXP 	Device response: <KeyPress from None: t=92.71342209999966, value=l, duration=None>
92.7210 	EXP 	New trial (rep=0, index=17): <Trial 17 (17 in rep 0) data={'Task': 'LDT', 'TrialType': 'Target', 'Stimuli': 'kire', 'StimulusType': 'nonword', 'CorrectResponse': 'a', 'Trialnumb': 166, 'thisN': 17, 'thisTrialN': 17, 'thisRepN': 0}>
92.7287 	EXP 	LDT_fix_text: autoDraw = False
92.7287 	EXP 	LDT_stim_text: autoDraw = False
92.7287 	EXP 	LDT_break_text: autoDraw = False
92.7287 	EXP 	LDT_stim_text: height = np.float64(0.1)
92.7287 	EXP 	LDT_stim_text: height = np.float64(0.1)
92.7287 	EXP 	LDT_stim_text: height = np.float64(0.1)
92.7287 	EXP 	LDT_stim_text: text = 'kire'
92.7287 	EXP 	LDT_fix_text: autoDraw = True
92.7292 	DATA 	Keypress: l
92.8291 	EXP 	Device response: <KeyPress from None: t=92.71342209999966, value=l, duration=0.11282580000079179>
93.2125 	EXP 	LDT_stim_text: autoDraw = True
93.2209 	EXP 	LDT_fix_text: autoDraw = False
94.1554 	EXP 	Device response: <KeyPress from None: t=94.15296599999965, value=a, duration=None>
94.1556 	EXP 	New trial (rep=0, index=18): <Trial 18 (18 in rep 0) data={'Task': 'LDT', 'TrialType': 'Target', 'Stimuli': 'work', 'StimulusType': 'word', 'CorrectResponse': 'l', 'Trialnumb': 1, 'thisN': 18, 'thisTrialN': 18, 'thisRepN': 0}>
94.1635 	EXP 	LDT_fix_text: autoDraw = False
94.1635 	EXP 	LDT_stim_text: autoDraw = False
94.1635 	EXP 	LDT_break_text: autoDraw = False
94.1635 	EXP 	LDT_stim_text: height = np.float64(0.1)
94.1635 	EXP 	LDT_stim_text: height = np.float64(0.1)
94.1635 	EXP 	LDT_stim_text: height = np.float64(0.1)
94.1635 	EXP 	LDT_stim_text: text = 'work'
94.1635 	EXP 	LDT_fix_text: autoDraw = True
94.1640 	DATA 	Keypress: a
94.2807 	EXP 	Device response: <KeyPress from None: t=94.15296599999965, value=a, duration=0.1199544999999489>
94.6473 	EXP 	LDT_stim_text: autoDraw = True
94.6556 	EXP 	LDT_fix_text: autoDraw = False
95.2733 	EXP 	Device response: <KeyPress from None: t=95.26504260000002, value=l, duration=None>
95.2736 	EXP 	New trial (rep=0, index=19): <Trial 19 (19 in rep 0) data={'Task': 'LDT', 'TrialType': 'Target', 'Stimuli': 'mass', 'StimulusType': 'word', 'CorrectResponse': 'l', 'Trialnumb': 102, 'thisN': 19, 'thisTrialN': 19, 'thisRepN': 0}>
95.2748 	DATA 	Keypress: l
95.2812 	EXP 	LDT_fix_text: autoDraw = False
95.2812 	EXP 	LDT_stim_text: autoDraw = False
95.2812 	EXP 	LDT_break_text: autoDraw = False
95.2812 	EXP 	LDT_stim_text: height = np.float64(0.1)
95.2812 	EXP 	LDT_stim_text: height = np.float64(0.1)
95.2812 	EXP 	LDT_stim_text: height = np.float64(0.1)
95.2812 	EXP 	LDT_stim_text: text = 'mass'
95.2812 	EXP 	LDT_fix_text: autoDraw = True
95.3901 	EXP 	Device response: <KeyPress from None: t=95.26504260000002, value=l, duration=0.12042999999903259>
95.7651 	EXP 	LDT_stim_text: autoDraw = True
95.7734 	EXP 	LDT_fix_text: autoDraw = False
96.5078 	EXP 	Device response: <KeyPress from None: t=96.5064411000003, value=l, duration=None>
96.5080 	EXP 	New trial (rep=0, index=20): <Trial 20 (20 in rep 0) data={'Task': 'LDT', 'TrialType': 'Target', 'Stimuli': 'virus', 'StimulusType': 'word', 'CorrectResponse': 'l', 'Trialnumb': 100, 'thisN': 20, 'thisTrialN': 20, 'thisRepN': 0}>
96.5158 	EXP 	LDT_fix_text: autoDraw = False
96.5158 	EXP 	LDT_stim_text: autoDraw = False
96.5158 	EXP 	LDT_break_text: autoDraw = False
96.5158 	EXP 	LDT_stim_text: height = np.float64(0.1)
96.5158 	EXP 	LDT_stim_text: height = np.float64(0.1)
96.5158 	EXP 	LDT_stim_text: height = np.float64(0.1)
96.5158 	EXP 	LDT_stim_text: text = 'virus'
96.5158 	EXP 	LDT_fix_text: autoDraw = True
96.5163 	DATA 	Keypress: l
96.6162 	EXP 	Device response: <KeyPress from None: t=96.5064411000003, value=l, duration=0.10330719999910798>
96.9996 	EXP 	LDT_stim_text: autoDraw = True
97.0080 	EXP 	LDT_fix_text: autoDraw = False
99.9862 	EXP 	Device response: <KeyPress from None: t=99.98502869999902, value=a, duration=None>
99.9865 	EXP 	New trial (rep=0, index=21): <Trial 21 (21 in rep 0) data={'Task': 'LDT', 'TrialType': 'Target', 'Stimuli': 'cips', 'StimulusType': 'nonword', 'CorrectResponse': 'a', 'Trialnumb': 128, 'thisN': 21, 'thisTrialN': 21, 'thisRepN': 0}>
99.9943 	EXP 	LDT_fix_text: autoDraw = False
99.9943 	EXP 	LDT_stim_text: autoDraw = False
99.9943 	EXP 	LDT_break_text: autoDraw = False
99.9943 	EXP 	LDT_stim_text: height = np.float64(0.1)
99.9943 	EXP 	LDT_stim_text: height = np.float64(0.1)
99.9943 	EXP 	LDT_stim_text: height = np.float64(0.1)
99.9943 	EXP 	LDT_stim_text: text = 'cips'
99.9943 	EXP 	LDT_fix_text: autoDraw = True
99.9947 	DATA 	Keypress: a
100.1197 	EXP 	Device response: <KeyPress from None: t=99.98502869999902, value=a, duration=0.12853220000033616>
100.4781 	EXP 	LDT_stim_text: autoDraw = True
100.4864 	EXP 	LDT_fix_text: autoDraw = False
103.5231 	EXP 	Device response: <KeyPress from None: t=103.52148800000032, value=a, duration=None>
103.5233 	EXP 	New trial (rep=0, index=22): <Trial 22 (22 in rep 0) data={'Task': 'LDT', 'TrialType': 'Target', 'Stimuli': 'art', 'StimulusType': 'word', 'CorrectResponse': 'l', 'Trialnumb': 15, 'thisN': 22, 'thisTrialN': 22, 'thisRepN': 0}>
103.5311 	EXP 	LDT_fix_text: autoDraw = False
103.5311 	EXP 	LDT_stim_text: autoDraw = False
103.5311 	EXP 	LDT_break_text: autoDraw = False
103.5311 	EXP 	LDT_stim_text: height = np.float64(0.1)
103.5311 	EXP 	LDT_stim_text: height = np.float64(0.1)
103.5311 	EXP 	LDT_stim_text: height = np.float64(0.1)
103.5311 	EXP 	LDT_stim_text: text = 'art'
103.5311 	EXP 	LDT_fix_text: autoDraw = True
103.5317 	DATA 	Keypress: a
103.6232 	EXP 	Device response: <KeyPress from None: t=103.52148800000032, value=a, duration=0.09614049999981944>
104.0150 	EXP 	LDT_stim_text: autoDraw = True
104.0233 	EXP 	LDT_fix_text: autoDraw = False
104.6662 	EXP 	Device response: <KeyPress from None: t=104.66588070000034, value=l, duration=None>
104.6745 	EXP 	New trial (rep=0, index=23): <Trial 23 (23 in rep 0) data={'Task': 'LDT', 'TrialType': 'Target', 'Stimuli': 'frow', 'StimulusType': 'nonword', 'CorrectResponse': 'a', 'Trialnumb': 142, 'thisN': 23, 'thisTrialN': 23, 'thisRepN': 0}>
104.6758 	DATA 	Keypress: l
104.6823 	EXP 	LDT_fix_text: autoDraw = False
104.6823 	EXP 	LDT_stim_text: autoDraw = False
104.6823 	EXP 	LDT_break_text: autoDraw = False
104.6823 	EXP 	LDT_stim_text: height = np.float64(0.1)
104.6823 	EXP 	LDT_stim_text: height = np.float64(0.1)
104.6823 	EXP 	LDT_stim_text: height = np.float64(0.1)
104.6823 	EXP 	LDT_stim_text: text = 'frow'
104.6823 	EXP 	LDT_fix_text: autoDraw = True
104.7577 	EXP 	Device response: <KeyPress from None: t=104.66588070000034, value=l, duration=0.08875059999991208>
105.1661 	EXP 	LDT_stim_text: autoDraw = True
105.1745 	EXP 	LDT_fix_text: autoDraw = False
107.9526 	EXP 	Device response: <KeyPress from None: t=107.94511600000078, value=a, duration=None>
107.9528 	EXP 	New trial (rep=0, index=24): <Trial 24 (24 in rep 0) data={'Task': 'LDT', 'TrialType': 'Target', 'Stimuli': 'neep', 'StimulusType': 'nonword', 'CorrectResponse': 'a', 'Trialnumb': 176, 'thisN': 24, 'thisTrialN': 24, 'thisRepN': 0}>
107.9605 	EXP 	LDT_fix_text: autoDraw = False
107.9605 	EXP 	LDT_stim_text: autoDraw = False
107.9605 	EXP 	LDT_break_text: autoDraw = False
107.9605 	EXP 	LDT_stim_text: height = np.float64(0.1)
107.9605 	EXP 	LDT_stim_text: height = np.float64(0.1)
107.9605 	EXP 	LDT_stim_text: height = np.float64(0.1)
107.9605 	EXP 	LDT_stim_text: text = 'neep'
107.9605 	EXP 	LDT_fix_text: autoDraw = True
107.9611 	DATA 	Keypress: a
108.1027 	EXP 	Device response: <KeyPress from None: t=107.94511600000078, value=a, duration=0.1523524999993242>
108.4444 	EXP 	LDT_stim_text: autoDraw = True
108.4527 	EXP 	LDT_fix_text: autoDraw = False
109.3957 	EXP 	Device response: <KeyPress from None: t=109.39306120000037, value=a, duration=None>
109.3959 	EXP 	New trial (rep=0, index=25): <Trial 25 (25 in rep 0) data={'Task': 'LDT', 'TrialType': 'Target', 'Stimuli': 'hoon', 'StimulusType': 'nonword', 'CorrectResponse': 'a', 'Trialnumb': 155, 'thisN': 25, 'thisTrialN': 25, 'thisRepN': 0}>
109.4036 	EXP 	LDT_fix_text: autoDraw = False
109.4036 	EXP 	LDT_stim_text: autoDraw = False
109.4036 	EXP 	LDT_break_text: autoDraw = False
109.4036 	EXP 	LDT_stim_text: height = np.float64(0.1)
109.4036 	EXP 	LDT_stim_text: height = np.float64(0.1)
109.4036 	EXP 	LDT_stim_text: height = np.float64(0.1)
109.4036 	EXP 	LDT_stim_text: text = 'hoon'
109.4036 	EXP 	LDT_fix_text: autoDraw = True
109.4043 	DATA 	Keypress: a
109.4874 	EXP 	Device response: <KeyPress from None: t=109.39306120000037, value=a, duration=0.08815109999886772>
109.8875 	EXP 	LDT_stim_text: autoDraw = True
109.8958 	EXP 	LDT_fix_text: autoDraw = False
110.5801 	EXP 	Device response: <KeyPress from None: t=110.57681290000073, value=a, duration=None>
110.5803 	EXP 	New trial (rep=0, index=26): <Trial 26 (26 in rep 0) data={'Task': 'LDT', 'TrialType': 'Target', 'Stimuli': 'gied', 'StimulusType': 'nonword', 'CorrectResponse': 'a', 'Trialnumb': 146, 'thisN': 26, 'thisTrialN': 26, 'thisRepN': 0}>
110.5882 	EXP 	LDT_fix_text: autoDraw = False
110.5882 	EXP 	LDT_stim_text: autoDraw = False
110.5882 	EXP 	LDT_break_text: autoDraw = False
110.5882 	EXP 	LDT_stim_text: height = np.float64(0.1)
110.5882 	EXP 	LDT_stim_text: height = np.float64(0.1)
110.5882 	EXP 	LDT_stim_text: height = np.float64(0.1)
110.5882 	EXP 	LDT_stim_text: text = 'gied'
110.5882 	EXP 	LDT_fix_text: autoDraw = True
110.5887 	DATA 	Keypress: a
110.6635 	EXP 	Device response: <KeyPress from None: t=110.57681290000073, value=a, duration=0.08087569999952393>
111.0720 	EXP 	LDT_stim_text: autoDraw = True
111.0803 	EXP 	LDT_fix_text: autoDraw = False
111.7229 	EXP 	Device response: <KeyPress from None: t=111.72125310000047, value=a, duration=None>
111.7232 	EXP 	New trial (rep=0, index=27): <Trial 27 (27 in rep 0) data={'Task': 'LDT', 'TrialType': 'Target', 'Stimuli': 'down', 'StimulusType': 'word', 'CorrectResponse': 'l', 'Trialnumb': 9, 'thisN': 27, 'thisTrialN': 27, 'thisRepN': 0}>
111.7310 	EXP 	LDT_fix_text: autoDraw = False
111.7310 	EXP 	LDT_stim_text: autoDraw = False
111.7310 	EXP 	LDT_break_text: autoDraw = False
111.7310 	EXP 	LDT_stim_text: height = np.float64(0.1)
111.7310 	EXP 	LDT_stim_text: height = np.float64(0.1)
111.7310 	EXP 	LDT_stim_text: height = np.float64(0.1)
111.7310 	EXP 	LDT_stim_text: text = 'down'
111.7310 	EXP 	LDT_fix_text: autoDraw = True
111.7314 	DATA 	Keypress: a
111.8313 	EXP 	Device response: <KeyPress from None: t=111.72125310000047, value=a, duration=0.10507129999859899>
112.2148 	EXP 	LDT_stim_text: autoDraw = True
112.2232 	EXP 	LDT_fix_text: autoDraw = False
112.7741 	EXP 	Device response: <KeyPress from None: t=112.76965439999913, value=l, duration=None>
112.7744 	EXP 	New trial (rep=0, index=28): <Trial 28 (28 in rep 0) data={'Task': 'LDT', 'TrialType': 'Target', 'Stimuli': 'mina', 'StimulusType': 'nonword', 'CorrectResponse': 'a', 'Trialnumb': 173, 'thisN': 28, 'thisTrialN': 28, 'thisRepN': 0}>
112.7820 	EXP 	LDT_fix_text: autoDraw = False
112.7820 	EXP 	LDT_stim_text: autoDraw = False
112.7820 	EXP 	LDT_break_text: autoDraw = False
112.7820 	EXP 	LDT_stim_text: height = np.float64(0.1)
112.7820 	EXP 	LDT_stim_text: height = np.float64(0.1)
112.7820 	EXP 	LDT_stim_text: height = np.float64(0.1)
112.7820 	EXP 	LDT_stim_text: text = 'mina'
112.7820 	EXP 	LDT_fix_text: autoDraw = True
112.7825 	DATA 	Keypress: l
112.8825 	EXP 	Device response: <KeyPress from None: t=112.76965439999913, value=l, duration=0.11203220000061265>
113.2658 	EXP 	LDT_stim_text: autoDraw = True
113.2742 	EXP 	LDT_fix_text: autoDraw = False
114.3256 	EXP 	Device response: <KeyPress from None: t=114.32141029999912, value=a, duration=None>
114.3258 	EXP 	New trial (rep=0, index=29): <Trial 29 (29 in rep 0) data={'Task': 'LDT', 'TrialType': 'Target', 'Stimuli': 'word', 'StimulusType': 'word', 'CorrectResponse': 'l', 'Trialnumb': 47, 'thisN': 29, 'thisTrialN': 29, 'thisRepN': 0}>
114.3336 	EXP 	LDT_fix_text: autoDraw = False
114.3336 	EXP 	LDT_stim_text: autoDraw = False
114.3336 	EXP 	LDT_break_text: autoDraw = False
114.3336 	EXP 	LDT_stim_text: height = np.float64(0.1)
114.3336 	EXP 	LDT_stim_text: height = np.float64(0.1)
114.3336 	EXP 	LDT_stim_text: height = np.float64(0.1)
114.3336 	EXP 	LDT_stim_text: text = 'word'
114.3336 	EXP 	LDT_fix_text: autoDraw = True
114.3342 	DATA 	Keypress: a
114.4256 	EXP 	Device response: <KeyPress from None: t=114.32141029999912, value=a, duration=0.09608310000112397>
114.8174 	EXP 	LDT_stim_text: autoDraw = True
114.8258 	EXP 	LDT_fix_text: autoDraw = False
115.6185 	EXP 	Device response: <KeyPress from None: t=115.61060709999947, value=l, duration=None>
115.6187 	EXP 	New trial (rep=0, index=30): <Trial 30 (30 in rep 0) data={'Task': 'LDT', 'TrialType': 'Target', 'Stimuli': 'gray', 'StimulusType': 'word', 'CorrectResponse': 'l', 'Trialnumb': 98, 'thisN': 30, 'thisTrialN': 30, 'thisRepN': 0}>
115.6265 	EXP 	LDT_fix_text: autoDraw = False
115.6265 	EXP 	LDT_stim_text: autoDraw = False
115.6265 	EXP 	LDT_break_text: autoDraw = False
115.6265 	EXP 	LDT_stim_text: height = np.float64(0.1)
115.6265 	EXP 	LDT_stim_text: height = np.float64(0.1)
115.6265 	EXP 	LDT_stim_text: height = np.float64(0.1)
115.6265 	EXP 	LDT_stim_text: text = 'gray'
115.6265 	EXP 	LDT_fix_text: autoDraw = True
115.6271 	DATA 	Keypress: l
115.7019 	EXP 	Device response: <KeyPress from None: t=115.61060709999947, value=l, duration=0.08685239999977057>
116.1103 	EXP 	LDT_stim_text: autoDraw = True
116.1187 	EXP 	LDT_fix_text: autoDraw = False
116.7112 	EXP 	Device response: <KeyPress from None: t=116.7051363999999, value=l, duration=None>
116.7115 	EXP 	New trial (rep=0, index=31): <Trial 31 (31 in rep 0) data={'Task': 'LDT', 'TrialType': 'Target', 'Stimuli': 'hork', 'StimulusType': 'nonword', 'CorrectResponse': 'a', 'Trialnumb': 156, 'thisN': 31, 'thisTrialN': 31, 'thisRepN': 0}>
116.7193 	EXP 	LDT_fix_text: autoDraw = False
116.7193 	EXP 	LDT_stim_text: autoDraw = False
116.7193 	EXP 	LDT_break_text: autoDraw = False
116.7193 	EXP 	LDT_stim_text: height = np.float64(0.1)
116.7193 	EXP 	LDT_stim_text: height = np.float64(0.1)
116.7193 	EXP 	LDT_stim_text: height = np.float64(0.1)
116.7193 	EXP 	LDT_stim_text: text = 'hork'
116.7193 	EXP 	LDT_fix_text: autoDraw = True
116.7198 	DATA 	Keypress: l
116.8031 	EXP 	Device response: <KeyPress from None: t=116.7051363999999, value=l, duration=0.09564990000035323>
117.2030 	EXP 	LDT_stim_text: autoDraw = True
117.2115 	EXP 	LDT_fix_text: autoDraw = False
118.5297 	EXP 	Device response: <KeyPress from None: t=118.52185409999947, value=a, duration=None>
118.5299 	EXP 	New trial (rep=0, index=32): <Trial 32 (32 in rep 0) data={'Task': 'LDT', 'TrialType': 'Target', 'Stimuli': 'rear', 'StimulusType': 'word', 'CorrectResponse': 'l', 'Trialnumb': 110, 'thisN': 32, 'thisTrialN': 32, 'thisRepN': 0}>
118.5378 	EXP 	LDT_fix_text: autoDraw = False
118.5378 	EXP 	LDT_stim_text: autoDraw = False
118.5378 	EXP 	LDT_break_text: autoDraw = False
118.5378 	EXP 	LDT_stim_text: height = np.float64(0.1)
118.5378 	EXP 	LDT_stim_text: height = np.float64(0.1)
118.5378 	EXP 	LDT_stim_text: height = np.float64(0.1)
118.5378 	EXP 	LDT_stim_text: text = 'rear'
118.5378 	EXP 	LDT_fix_text: autoDraw = True
118.5384 	DATA 	Keypress: a
118.6882 	EXP 	Device response: <KeyPress from None: t=118.52185409999947, value=a, duration=0.15979599999991478>
119.0216 	EXP 	LDT_stim_text: autoDraw = True
119.0299 	EXP 	LDT_fix_text: autoDraw = False
119.6892 	EXP 	Device response: <KeyPress from None: t=119.6813187000007, value=a, duration=None>
119.6895 	EXP 	New trial (rep=0, index=33): <Trial 33 (33 in rep 0) data={'Task': 'LDT', 'TrialType': 'Target', 'Stimuli': 'suck', 'StimulusType': 'word', 'CorrectResponse': 'l', 'Trialnumb': 83, 'thisN': 33, 'thisTrialN': 33, 'thisRepN': 0}>
119.6972 	EXP 	LDT_fix_text: autoDraw = False
119.6972 	EXP 	LDT_stim_text: autoDraw = False
119.6972 	EXP 	LDT_break_text: autoDraw = False
119.6972 	EXP 	LDT_stim_text: height = np.float64(0.1)
119.6972 	EXP 	LDT_stim_text: height = np.float64(0.1)
119.6972 	EXP 	LDT_stim_text: height = np.float64(0.1)
119.6972 	EXP 	LDT_stim_text: text = 'suck'
119.6972 	EXP 	LDT_fix_text: autoDraw = True
119.6979 	DATA 	Keypress: a
119.8060 	EXP 	Device response: <KeyPress from None: t=119.6813187000007, value=a, duration=0.12124289999883331>
120.1811 	EXP 	LDT_stim_text: autoDraw = True
120.1894 	EXP 	LDT_fix_text: autoDraw = False
121.1573 	EXP 	Device response: <KeyPress from None: t=121.15324150000015, value=a, duration=None>
121.1576 	EXP 	New trial (rep=0, index=34): <Trial 34 (34 in rep 0) data={'Task': 'LDT', 'TrialType': 'Target', 'Stimuli': 'eall', 'StimulusType': 'nonword', 'CorrectResponse': 'a', 'Trialnumb': 138, 'thisN': 34, 'thisTrialN': 34, 'thisRepN': 0}>
121.1654 	EXP 	LDT_fix_text: autoDraw = False
121.1654 	EXP 	LDT_stim_text: autoDraw = False
121.1654 	EXP 	LDT_break_text: autoDraw = False
121.1654 	EXP 	LDT_stim_text: height = np.float64(0.1)
121.1654 	EXP 	LDT_stim_text: height = np.float64(0.1)
121.1654 	EXP 	LDT_stim_text: height = np.float64(0.1)
121.1654 	EXP 	LDT_stim_text: text = 'eall'
121.1654 	EXP 	LDT_fix_text: autoDraw = True
121.1660 	DATA 	Keypress: a
121.2824 	EXP 	Device response: <KeyPress from None: t=121.15324150000015, value=a, duration=0.12846729999910167>
121.6492 	EXP 	LDT_stim_text: autoDraw = True
121.6576 	EXP 	LDT_fix_text: autoDraw = False
122.8675 	EXP 	Device response: <KeyPress from None: t=122.86527749999914, value=a, duration=None>
122.8678 	EXP 	New trial (rep=0, index=35): <Trial 35 (35 in rep 0) data={'Task': 'LDT', 'TrialType': 'Target', 'Stimuli': 'saos', 'StimulusType': 'nonword', 'CorrectResponse': 'a', 'Trialnumb': 115, 'thisN': 35, 'thisTrialN': 35, 'thisRepN': 0}>
122.8754 	EXP 	LDT_fix_text: autoDraw = False
122.8754 	EXP 	LDT_stim_text: autoDraw = False
122.8754 	EXP 	LDT_break_text: autoDraw = False
122.8754 	EXP 	LDT_stim_text: height = np.float64(0.1)
122.8754 	EXP 	LDT_stim_text: height = np.float64(0.1)
122.8754 	EXP 	LDT_stim_text: height = np.float64(0.1)
122.8754 	EXP 	LDT_stim_text: text = 'saos'
122.8754 	EXP 	LDT_fix_text: autoDraw = True
122.8760 	DATA 	Keypress: a
123.0010 	EXP 	Device response: <KeyPress from None: t=122.86527749999914, value=a, duration=0.12754320000021835>
123.3592 	EXP 	LDT_stim_text: autoDraw = True
123.3676 	EXP 	LDT_fix_text: autoDraw = False
124.3772 	EXP 	Device response: <KeyPress from None: t=124.36902519999967, value=a, duration=None>
124.3774 	EXP 	New trial (rep=0, index=36): <Trial 36 (36 in rep 0) data={'Task': 'LDT', 'TrialType': 'Target', 'Stimuli': 'yell', 'StimulusType': 'word', 'CorrectResponse': 'l', 'Trialnumb': 101, 'thisN': 36, 'thisTrialN': 36, 'thisRepN': 0}>
124.3789 	DATA 	Keypress: a
124.3853 	EXP 	LDT_fix_text: autoDraw = False
124.3853 	EXP 	LDT_stim_text: autoDraw = False
124.3853 	EXP 	LDT_break_text: autoDraw = False
124.3853 	EXP 	LDT_stim_text: height = np.float64(0.1)
124.3853 	EXP 	LDT_stim_text: height = np.float64(0.1)
124.3853 	EXP 	LDT_stim_text: height = np.float64(0.1)
124.3853 	EXP 	LDT_stim_text: text = 'yell'
124.3853 	EXP 	LDT_fix_text: autoDraw = True
124.4856 	EXP 	Device response: <KeyPress from None: t=124.36902519999967, value=a, duration=0.11316760000045178>
124.8691 	EXP 	LDT_stim_text: autoDraw = True
124.8774 	EXP 	LDT_fix_text: autoDraw = False
125.7035 	EXP 	Device response: <KeyPress from None: t=125.69868379999934, value=l, duration=None>
125.7038 	EXP 	New trial (rep=0, index=37): <Trial 37 (37 in rep 0) data={'Task': 'LDT', 'TrialType': 'Target', 'Stimuli': 'beon', 'StimulusType': 'nonword', 'CorrectResponse': 'a', 'Trialnumb': 120, 'thisN': 37, 'thisTrialN': 37, 'thisRepN': 0}>
125.7116 	EXP 	LDT_fix_text: autoDraw = False
125.7116 	EXP 	LDT_stim_text: autoDraw = False
125.7116 	EXP 	LDT_break_text: autoDraw = False
125.7116 	EXP 	LDT_stim_text: height = np.float64(0.1)
125.7116 	EXP 	LDT_stim_text: height = np.float64(0.1)
125.7116 	EXP 	LDT_stim_text: height = np.float64(0.1)
125.7116 	EXP 	LDT_stim_text: text = 'beon'
125.7116 	EXP 	LDT_fix_text: autoDraw = True
125.7121 	DATA 	Keypress: l
125.8036 	EXP 	Device response: <KeyPress from None: t=125.69868379999934, value=l, duration=0.10287160000007134>
126.1954 	EXP 	LDT_stim_text: autoDraw = True
126.2037 	EXP 	LDT_fix_text: autoDraw = False
127.0715 	EXP 	Device response: <KeyPress from None: t=127.0664813000003, value=a, duration=None>
127.0718 	EXP 	New trial (rep=0, index=38): <Trial 38 (38 in rep 0) data={'Task': 'LDT', 'TrialType': 'Target', 'Stimuli': 'berm', 'StimulusType': 'nonword', 'CorrectResponse': 'a', 'Trialnumb': 121, 'thisN': 38, 'thisTrialN': 38, 'thisRepN': 0}>
127.0796 	EXP 	LDT_fix_text: autoDraw = False
127.0796 	EXP 	LDT_stim_text: autoDraw = False
127.0796 	EXP 	LDT_break_text: autoDraw = False
127.0796 	EXP 	LDT_stim_text: height = np.float64(0.1)
127.0796 	EXP 	LDT_stim_text: height = np.float64(0.1)
127.0796 	EXP 	LDT_stim_text: height = np.float64(0.1)
127.0796 	EXP 	LDT_stim_text: text = 'berm'
127.0796 	EXP 	LDT_fix_text: autoDraw = True
127.0802 	DATA 	Keypress: a
127.1550 	EXP 	Device response: <KeyPress from None: t=127.0664813000003, value=a, duration=0.08767649999936111>
127.5635 	EXP 	LDT_stim_text: autoDraw = True
127.5718 	EXP 	LDT_fix_text: autoDraw = False
129.1987 	EXP 	Device response: <KeyPress from None: t=129.19337610000002, value=a, duration=None>
129.1989 	EXP 	New trial (rep=0, index=39): <Trial 39 (39 in rep 0) data={'Task': 'LDT', 'TrialType': 'Target', 'Stimuli': 'ran', 'StimulusType': 'word', 'CorrectResponse': 'l', 'Trialnumb': 66, 'thisN': 39, 'thisTrialN': 39, 'thisRepN': 0}>
129.2067 	EXP 	LDT_fix_text: autoDraw = False
129.2067 	EXP 	LDT_stim_text: autoDraw = False
129.2067 	EXP 	LDT_break_text: autoDraw = False
129.2067 	EXP 	LDT_stim_text: height = np.float64(0.1)
129.2067 	EXP 	LDT_stim_text: height = np.float64(0.1)
129.2067 	EXP 	LDT_stim_text: height = np.float64(0.1)
129.2067 	EXP 	LDT_stim_text: text = 'ran'
129.2067 	EXP 	LDT_fix_text: autoDraw = True
129.2073 	DATA 	Keypress: a
129.3155 	EXP 	Device response: <KeyPress from None: t=129.19337610000002, value=a, duration=0.12063560000024154>
129.6905 	EXP 	LDT_stim_text: autoDraw = True
129.6989 	EXP 	LDT_fix_text: autoDraw = False
132.8607 	EXP 	Device response: <KeyPress from None: t=132.8573680999998, value=l, duration=None>
132.8609 	EXP 	New trial (rep=0, index=40): <Trial 40 (40 in rep 0) data={'Task': 'LDT', 'TrialType': 'Target', 'Stimuli': 'zeer', 'StimulusType': 'nonword', 'CorrectResponse': 'a', 'Trialnumb': 222, 'thisN': 40, 'thisTrialN': 40, 'thisRepN': 0}>
132.8687 	EXP 	LDT_fix_text: autoDraw = False
132.8687 	EXP 	LDT_stim_text: autoDraw = False
132.8687 	EXP 	LDT_break_text: autoDraw = False
132.8687 	EXP 	LDT_stim_text: height = np.float64(0.1)
132.8687 	EXP 	LDT_stim_text: height = np.float64(0.1)
132.8687 	EXP 	LDT_stim_text: height = np.float64(0.1)
132.8687 	EXP 	LDT_stim_text: text = 'zeer'
132.8687 	EXP 	LDT_fix_text: autoDraw = True
132.8692 	DATA 	Keypress: l
133.0108 	EXP 	Device response: <KeyPress from None: t=132.8573680999998, value=l, duration=0.14524750000055064>
133.3525 	EXP 	LDT_stim_text: autoDraw = True
133.3609 	EXP 	LDT_fix_text: autoDraw = False
133.9951 	EXP 	Device response: <KeyPress from None: t=133.99299939999946, value=a, duration=None>
133.9954 	EXP 	New trial (rep=0, index=41): <Trial 41 (41 in rep 0) data={'Task': 'LDT', 'TrialType': 'Target', 'Stimuli': 'still', 'StimulusType': 'word', 'CorrectResponse': 'l', 'Trialnumb': 14, 'thisN': 41, 'thisTrialN': 41, 'thisRepN': 0}>
134.0032 	EXP 	LDT_fix_text: autoDraw = False
134.0032 	EXP 	LDT_stim_text: autoDraw = False
134.0032 	EXP 	LDT_break_text: autoDraw = False
134.0032 	EXP 	LDT_stim_text: height = np.float64(0.1)
134.0032 	EXP 	LDT_stim_text: height = np.float64(0.1)
134.0032 	EXP 	LDT_stim_text: height = np.float64(0.1)
134.0032 	EXP 	LDT_stim_text: text = 'still'
134.0032 	EXP 	LDT_fix_text: autoDraw = True
134.0037 	DATA 	Keypress: a
134.1369 	EXP 	Device response: <KeyPress from None: t=133.99299939999946, value=a, duration=0.13579000000027008>
134.4871 	EXP 	LDT_stim_text: autoDraw = True
134.4953 	EXP 	LDT_fix_text: autoDraw = False
135.1045 	EXP 	Device response: <KeyPress from None: t=135.09735349999937, value=l, duration=None>
135.1048 	EXP 	New trial (rep=0, index=42): <Trial 42 (42 in rep 0) data={'Task': 'LDT', 'TrialType': 'Target', 'Stimuli': 'air', 'StimulusType': 'word', 'CorrectResponse': 'l', 'Trialnumb': 34, 'thisN': 42, 'thisTrialN': 42, 'thisRepN': 0}>
135.1126 	EXP 	LDT_fix_text: autoDraw = False
135.1126 	EXP 	LDT_stim_text: autoDraw = False
135.1126 	EXP 	LDT_break_text: autoDraw = False
135.1126 	EXP 	LDT_stim_text: height = np.float64(0.1)
135.1126 	EXP 	LDT_stim_text: height = np.float64(0.1)
135.1126 	EXP 	LDT_stim_text: height = np.float64(0.1)
135.1126 	EXP 	LDT_stim_text: text = 'air'
135.1126 	EXP 	LDT_fix_text: autoDraw = True
135.1131 	DATA 	Keypress: l
135.2216 	EXP 	Device response: <KeyPress from None: t=135.09735349999937, value=l, duration=0.11963629999991099>
135.5964 	EXP 	LDT_stim_text: autoDraw = True
135.6048 	EXP 	LDT_fix_text: autoDraw = False
136.1640 	EXP 	Device response: <KeyPress from None: t=136.16141219999918, value=l, duration=None>
136.1643 	EXP 	New trial (rep=0, index=43): <Trial 43 (43 in rep 0) data={'Task': 'LDT', 'TrialType': 'Target', 'Stimuli': 'rap', 'StimulusType': 'word', 'CorrectResponse': 'l', 'Trialnumb': 109, 'thisN': 43, 'thisTrialN': 43, 'thisRepN': 0}>
136.1721 	EXP 	LDT_fix_text: autoDraw = False
136.1721 	EXP 	LDT_stim_text: autoDraw = False
136.1721 	EXP 	LDT_break_text: autoDraw = False
136.1721 	EXP 	LDT_stim_text: height = np.float64(0.1)
136.1721 	EXP 	LDT_stim_text: height = np.float64(0.1)
136.1721 	EXP 	LDT_stim_text: height = np.float64(0.1)
136.1721 	EXP 	LDT_stim_text: text = 'rap'
136.1721 	EXP 	LDT_fix_text: autoDraw = True
136.1726 	DATA 	Keypress: l
136.3141 	EXP 	Device response: <KeyPress from None: t=136.16141219999918, value=l, duration=0.1522625000015978>
136.6558 	EXP 	LDT_stim_text: autoDraw = True
136.6642 	EXP 	LDT_fix_text: autoDraw = False
139.6341 	EXP 	Device response: <KeyPress from None: t=139.63313369999923, value=l, duration=None>
139.6344 	EXP 	New trial (rep=0, index=44): <Trial 44 (44 in rep 0) data={'Task': 'LDT', 'TrialType': 'Target', 'Stimuli': 'juck', 'StimulusType': 'nonword', 'CorrectResponse': 'a', 'Trialnumb': 161, 'thisN': 44, 'thisTrialN': 44, 'thisRepN': 0}>
139.6421 	EXP 	LDT_fix_text: autoDraw = False
139.6421 	EXP 	LDT_stim_text: autoDraw = False
139.6421 	EXP 	LDT_break_text: autoDraw = False
139.6421 	EXP 	LDT_stim_text: height = np.float64(0.1)
139.6421 	EXP 	LDT_stim_text: height = np.float64(0.1)
139.6421 	EXP 	LDT_stim_text: height = np.float64(0.1)
139.6421 	EXP 	LDT_stim_text: text = 'juck'
139.6421 	EXP 	LDT_fix_text: autoDraw = True
139.6427 	DATA 	Keypress: l
139.7675 	EXP 	Device response: <KeyPress from None: t=139.63313369999923, value=l, duration=0.12819740000122692>
140.1259 	EXP 	LDT_stim_text: autoDraw = True
140.1343 	EXP 	LDT_fix_text: autoDraw = False
141.3776 	EXP 	Device response: <KeyPress from None: t=141.37713629999962, value=l, duration=None>
141.3778 	EXP 	New trial (rep=0, index=45): <Trial 45 (45 in rep 0) data={'Task': 'LDT', 'TrialType': 'Target', 'Stimuli': 'ugly', 'StimulusType': 'word', 'CorrectResponse': 'l', 'Trialnumb': 78, 'thisN': 45, 'thisTrialN': 45, 'thisRepN': 0}>
141.3855 	EXP 	LDT_fix_text: autoDraw = False
141.3855 	EXP 	LDT_stim_text: autoDraw = False
141.3855 	EXP 	LDT_break_text: autoDraw = False
141.3855 	EXP 	LDT_stim_text: height = np.float64(0.1)
141.3855 	EXP 	LDT_stim_text: height = np.float64(0.1)
141.3855 	EXP 	LDT_stim_text: height = np.float64(0.1)
141.3855 	EXP 	LDT_stim_text: text = 'ugly'
141.3855 	EXP 	LDT_fix_text: autoDraw = True
141.3861 	DATA 	Keypress: l
141.4943 	EXP 	Device response: <KeyPress from None: t=141.37713629999962, value=l, duration=0.11211259999981849>
141.8693 	EXP 	LDT_stim_text: autoDraw = True
141.8777 	EXP 	LDT_fix_text: autoDraw = False
142.5620 	EXP 	Device response: <KeyPress from None: t=142.56139559999974, value=l, duration=None>
142.5622 	EXP 	New trial (rep=0, index=46): <Trial 46 (46 in rep 0) data={'Task': 'LDT', 'TrialType': 'Target', 'Stimuli': 'ate', 'StimulusType': 'word', 'CorrectResponse': 'l', 'Trialnumb': 85, 'thisN': 46, 'thisTrialN': 46, 'thisRepN': 0}>
142.5701 	EXP 	LDT_fix_text: autoDraw = False
142.5701 	EXP 	LDT_stim_text: autoDraw = False
142.5701 	EXP 	LDT_break_text: autoDraw = False
142.5701 	EXP 	LDT_stim_text: height = np.float64(0.1)
142.5701 	EXP 	LDT_stim_text: height = np.float64(0.1)
142.5701 	EXP 	LDT_stim_text: height = np.float64(0.1)
142.5701 	EXP 	LDT_stim_text: text = 'ate'
142.5701 	EXP 	LDT_fix_text: autoDraw = True
142.5705 	DATA 	Keypress: l
142.6788 	EXP 	Device response: <KeyPress from None: t=142.56139559999974, value=l, duration=0.11186269999961951>
143.0539 	EXP 	LDT_stim_text: autoDraw = True
143.0622 	EXP 	LDT_fix_text: autoDraw = False
143.7466 	EXP 	Device response: <KeyPress from None: t=143.74491390000003, value=l, duration=None>
143.7468 	EXP 	New trial (rep=0, index=47): <Trial 47 (47 in rep 0) data={'Task': 'LDT', 'TrialType': 'Target', 'Stimuli': 'trag', 'StimulusType': 'nonword', 'CorrectResponse': 'a', 'Trialnumb': 205, 'thisN': 47, 'thisTrialN': 47, 'thisRepN': 0}>
143.7545 	EXP 	LDT_fix_text: autoDraw = False
143.7545 	EXP 	LDT_stim_text: autoDraw = False
143.7545 	EXP 	LDT_break_text: autoDraw = False
143.7545 	EXP 	LDT_stim_text: height = np.float64(0.1)
143.7545 	EXP 	LDT_stim_text: height = np.float64(0.1)
143.7545 	EXP 	LDT_stim_text: height = np.float64(0.1)
143.7545 	EXP 	LDT_stim_text: text = 'trag'
143.7545 	EXP 	LDT_fix_text: autoDraw = True
143.7551 	DATA 	Keypress: l
143.8717 	EXP 	Device response: <KeyPress from None: t=143.74491390000003, value=l, duration=0.12008269999932963>
144.2384 	EXP 	LDT_stim_text: autoDraw = True
144.2467 	EXP 	LDT_fix_text: autoDraw = False
145.3315 	EXP 	Device response: <KeyPress from None: t=145.3296496999992, value=a, duration=None>
145.3318 	EXP 	New trial (rep=0, index=48): <Trial 48 (48 in rep 0) data={'Task': 'LDT', 'TrialType': 'Target', 'Stimuli': 'set', 'StimulusType': 'word', 'CorrectResponse': 'l', 'Trialnumb': 36, 'thisN': 48, 'thisTrialN': 48, 'thisRepN': 0}>
145.3395 	EXP 	LDT_fix_text: autoDraw = False
145.3395 	EXP 	LDT_stim_text: autoDraw = False
145.3395 	EXP 	LDT_break_text: autoDraw = False
145.3395 	EXP 	LDT_stim_text: height = np.float64(0.1)
145.3395 	EXP 	LDT_stim_text: height = np.float64(0.1)
145.3395 	EXP 	LDT_stim_text: height = np.float64(0.1)
145.3395 	EXP 	LDT_stim_text: text = 'set'
145.3395 	EXP 	LDT_fix_text: autoDraw = True
145.3400 	DATA 	Keypress: a
145.4732 	EXP 	Device response: <KeyPress from None: t=145.3296496999992, value=a, duration=0.13592130000142788>
145.8233 	EXP 	LDT_stim_text: autoDraw = True
145.8316 	EXP 	LDT_fix_text: autoDraw = False
146.9080 	EXP 	Device response: <KeyPress from None: t=146.90569719999985, value=l, duration=None>
146.9083 	EXP 	New trial (rep=0, index=49): <Trial 49 (49 in rep 0) data={'Task': 'LDT', 'TrialType': 'Target', 'Stimuli': 'kang', 'StimulusType': 'nonword', 'CorrectResponse': 'a', 'Trialnumb': 162, 'thisN': 49, 'thisTrialN': 49, 'thisRepN': 0}>
146.9160 	EXP 	LDT_fix_text: autoDraw = False
146.9160 	EXP 	LDT_stim_text: autoDraw = False
146.9160 	EXP 	LDT_break_text: autoDraw = False
146.9160 	EXP 	LDT_stim_text: height = np.float64(0.1)
146.9160 	EXP 	LDT_stim_text: height = np.float64(0.1)
146.9160 	EXP 	LDT_stim_text: height = np.float64(0.1)
146.9160 	EXP 	LDT_stim_text: text = 'kang'
146.9160 	EXP 	LDT_fix_text: autoDraw = True
146.9166 	DATA 	Keypress: l
147.0331 	EXP 	Device response: <KeyPress from None: t=146.90569719999985, value=l, duration=0.11951779999981227>
147.3999 	EXP 	LDT_stim_text: autoDraw = True
147.4082 	EXP 	LDT_fix_text: autoDraw = False
148.1427 	EXP 	Device response: <KeyPress from None: t=148.1372362000002, value=a, duration=None>
148.1429 	EXP 	New trial (rep=0, index=50): <Trial 50 (50 in rep 0) data={'Task': 'LDT', 'TrialType': 'Target', 'Stimuli': 'huge', 'StimulusType': 'word', 'CorrectResponse': 'l', 'Trialnumb': 56, 'thisN': 50, 'thisTrialN': 50, 'thisRepN': 0}>
148.1506 	EXP 	LDT_fix_text: autoDraw = False
148.1506 	EXP 	LDT_stim_text: autoDraw = False
148.1506 	EXP 	LDT_break_text: autoDraw = False
148.1506 	EXP 	LDT_stim_text: height = np.float64(0.1)
148.1506 	EXP 	LDT_stim_text: height = np.float64(0.1)
148.1506 	EXP 	LDT_stim_text: height = np.float64(0.1)
148.1506 	EXP 	LDT_stim_text: text = 'huge'
148.1506 	EXP 	LDT_fix_text: autoDraw = True
148.1511 	DATA 	Keypress: a
148.2510 	EXP 	Device response: <KeyPress from None: t=148.1372362000002, value=a, duration=0.11248720000003232>
148.6344 	EXP 	LDT_stim_text: autoDraw = True
148.6428 	EXP 	LDT_fix_text: autoDraw = False
149.2353 	EXP 	Device response: <KeyPress from None: t=149.23277280000002, value=l, duration=None>
149.2356 	EXP 	New trial (rep=0, index=51): <Trial 51 (51 in rep 0) data={'Task': 'LDT', 'TrialType': 'Target', 'Stimuli': 'pulk', 'StimulusType': 'nonword', 'CorrectResponse': 'a', 'Trialnumb': 183, 'thisN': 51, 'thisTrialN': 51, 'thisRepN': 0}>
149.2434 	EXP 	LDT_fix_text: autoDraw = False
149.2434 	EXP 	LDT_stim_text: autoDraw = False
149.2434 	EXP 	LDT_break_text: autoDraw = False
149.2434 	EXP 	LDT_stim_text: height = np.float64(0.1)
149.2434 	EXP 	LDT_stim_text: height = np.float64(0.1)
149.2434 	EXP 	LDT_stim_text: height = np.float64(0.1)
149.2434 	EXP 	LDT_stim_text: text = 'pulk'
149.2434 	EXP 	LDT_fix_text: autoDraw = True
149.2439 	DATA 	Keypress: l
149.3355 	EXP 	Device response: <KeyPress from None: t=149.23277280000002, value=l, duration=0.09746009999980743>
149.7272 	EXP 	LDT_stim_text: autoDraw = True
149.7355 	EXP 	LDT_fix_text: autoDraw = False
150.4366 	EXP 	Device response: <KeyPress from None: t=150.43282969999927, value=a, duration=None>
150.4368 	EXP 	New trial (rep=0, index=52): <Trial 52 (52 in rep 0) data={'Task': 'LDT', 'TrialType': 'Target', 'Stimuli': 'flen', 'StimulusType': 'nonword', 'CorrectResponse': 'a', 'Trialnumb': 141, 'thisN': 52, 'thisTrialN': 52, 'thisRepN': 0}>
150.4446 	EXP 	LDT_fix_text: autoDraw = False
150.4446 	EXP 	LDT_stim_text: autoDraw = False
150.4446 	EXP 	LDT_break_text: autoDraw = False
150.4446 	EXP 	LDT_stim_text: height = np.float64(0.1)
150.4446 	EXP 	LDT_stim_text: height = np.float64(0.1)
150.4446 	EXP 	LDT_stim_text: height = np.float64(0.1)
150.4446 	EXP 	LDT_stim_text: text = 'flen'
150.4446 	EXP 	LDT_fix_text: autoDraw = True
150.4451 	DATA 	Keypress: a
150.5617 	EXP 	Device response: <KeyPress from None: t=150.43282969999927, value=a, duration=0.128518500001519>
150.9284 	EXP 	LDT_stim_text: autoDraw = True
150.9367 	EXP 	LDT_fix_text: autoDraw = False
151.5292 	EXP 	Device response: <KeyPress from None: t=151.5215946999997, value=a, duration=None>
151.5295 	EXP 	New trial (rep=0, index=53): <Trial 53 (53 in rep 0) data={'Task': 'LDT', 'TrialType': 'Target', 'Stimuli': 'side', 'StimulusType': 'word', 'CorrectResponse': 'l', 'Trialnumb': 48, 'thisN': 53, 'thisTrialN': 53, 'thisRepN': 0}>
151.5373 	EXP 	LDT_fix_text: autoDraw = False
151.5373 	EXP 	LDT_stim_text: autoDraw = False
151.5373 	EXP 	LDT_break_text: autoDraw = False
151.5373 	EXP 	LDT_stim_text: height = np.float64(0.1)
151.5373 	EXP 	LDT_stim_text: height = np.float64(0.1)
151.5373 	EXP 	LDT_stim_text: height = np.float64(0.1)
151.5373 	EXP 	LDT_stim_text: text = 'side'
151.5373 	EXP 	LDT_fix_text: autoDraw = True
151.5378 	DATA 	Keypress: a
151.6377 	EXP 	Device response: <KeyPress from None: t=151.5215946999997, value=a, duration=0.11157719999937399>
152.0211 	EXP 	LDT_stim_text: autoDraw = True
152.0295 	EXP 	LDT_fix_text: autoDraw = False
152.8808 	EXP 	Device response: <KeyPress from None: t=152.87317930000063, value=l, duration=None>
152.8810 	EXP 	New trial (rep=0, index=54): <Trial 54 (54 in rep 0) data={'Task': 'LDT', 'TrialType': 'Target', 'Stimuli': 'dilt', 'StimulusType': 'nonword', 'CorrectResponse': 'a', 'Trialnumb': 137, 'thisN': 54, 'thisTrialN': 54, 'thisRepN': 0}>
152.8887 	EXP 	LDT_fix_text: autoDraw = False
152.8887 	EXP 	LDT_stim_text: autoDraw = False
152.8887 	EXP 	LDT_break_text: autoDraw = False
152.8887 	EXP 	LDT_stim_text: height = np.float64(0.1)
152.8887 	EXP 	LDT_stim_text: height = np.float64(0.1)
152.8887 	EXP 	LDT_stim_text: height = np.float64(0.1)
152.8887 	EXP 	LDT_stim_text: text = 'dilt'
152.8887 	EXP 	LDT_fix_text: autoDraw = True
152.8892 	DATA 	Keypress: l
153.0058 	EXP 	Device response: <KeyPress from None: t=152.87317930000063, value=l, duration=0.12793859999874257>
153.3725 	EXP 	LDT_stim_text: autoDraw = True
153.3808 	EXP 	LDT_fix_text: autoDraw = False
153.9400 	EXP 	Device response: <KeyPress from None: t=153.93832789999942, value=a, duration=None>
153.9403 	EXP 	New trial (rep=0, index=55): <Trial 55 (55 in rep 0) data={'Task': 'LDT', 'TrialType': 'Target', 'Stimuli': 'cona', 'StimulusType': 'nonword', 'CorrectResponse': 'a', 'Trialnumb': 132, 'thisN': 55, 'thisTrialN': 55, 'thisRepN': 0}>
153.9481 	EXP 	LDT_fix_text: autoDraw = False
153.9481 	EXP 	LDT_stim_text: autoDraw = False
153.9481 	EXP 	LDT_break_text: autoDraw = False
153.9481 	EXP 	LDT_stim_text: height = np.float64(0.1)
153.9481 	EXP 	LDT_stim_text: height = np.float64(0.1)
153.9481 	EXP 	LDT_stim_text: height = np.float64(0.1)
153.9481 	EXP 	LDT_stim_text: text = 'cona'
153.9481 	EXP 	LDT_fix_text: autoDraw = True
153.9486 	DATA 	Keypress: a
154.0818 	EXP 	Device response: <KeyPress from None: t=153.93832789999942, value=a, duration=0.14312520000021323>
154.4319 	EXP 	LDT_stim_text: autoDraw = True
154.4402 	EXP 	LDT_fix_text: autoDraw = False
155.1329 	EXP 	Device response: <KeyPress from None: t=155.12964040000043, value=a, duration=None>
155.1332 	EXP 	New trial (rep=0, index=56): <Trial 56 (56 in rep 0) data={'Task': 'LDT', 'TrialType': 'Target', 'Stimuli': 'peaf', 'StimulusType': 'nonword', 'CorrectResponse': 'a', 'Trialnumb': 179, 'thisN': 56, 'thisTrialN': 56, 'thisRepN': 0}>
155.1409 	EXP 	LDT_fix_text: autoDraw = False
155.1409 	EXP 	LDT_stim_text: autoDraw = False
155.1409 	EXP 	LDT_break_text: autoDraw = False
155.1409 	EXP 	LDT_stim_text: height = np.float64(0.1)
155.1409 	EXP 	LDT_stim_text: height = np.float64(0.1)
155.1409 	EXP 	LDT_stim_text: height = np.float64(0.1)
155.1409 	EXP 	LDT_stim_text: text = 'peaf'
155.1409 	EXP 	LDT_fix_text: autoDraw = True
155.1414 	DATA 	Keypress: a
155.2664 	EXP 	Device response: <KeyPress from None: t=155.12964040000043, value=a, duration=0.13520520000020042>
155.6247 	EXP 	LDT_stim_text: autoDraw = True
155.6331 	EXP 	LDT_fix_text: autoDraw = False
156.2841 	EXP 	Device response: <KeyPress from None: t=156.2814780000008, value=a, duration=None>
156.2844 	EXP 	New trial (rep=0, index=57): <Trial 57 (57 in rep 0) data={'Task': 'LDT', 'TrialType': 'Target', 'Stimuli': 'veek', 'StimulusType': 'nonword', 'CorrectResponse': 'a', 'Trialnumb': 211, 'thisN': 57, 'thisTrialN': 57, 'thisRepN': 0}>
156.2921 	EXP 	LDT_fix_text: autoDraw = False
156.2921 	EXP 	LDT_stim_text: autoDraw = False
156.2921 	EXP 	LDT_break_text: autoDraw = False
156.2921 	EXP 	LDT_stim_text: height = np.float64(0.1)
156.2921 	EXP 	LDT_stim_text: height = np.float64(0.1)
156.2921 	EXP 	LDT_stim_text: height = np.float64(0.1)
156.2921 	EXP 	LDT_stim_text: text = 'veek'
156.2921 	EXP 	LDT_fix_text: autoDraw = True
156.2926 	DATA 	Keypress: a
156.4342 	EXP 	Device response: <KeyPress from None: t=156.2814780000008, value=a, duration=0.1521467999991728>
156.7759 	EXP 	LDT_stim_text: autoDraw = True
156.7842 	EXP 	LDT_fix_text: autoDraw = False
157.6854 	EXP 	Device response: <KeyPress from None: t=157.6812413000007, value=a, duration=None>
157.6856 	EXP 	New trial (rep=0, index=58): <Trial 58 (58 in rep 0) data={'Task': 'LDT', 'TrialType': 'Target', 'Stimuli': 'pay', 'StimulusType': 'word', 'CorrectResponse': 'l', 'Trialnumb': 42, 'thisN': 58, 'thisTrialN': 58, 'thisRepN': 0}>
157.6934 	EXP 	LDT_fix_text: autoDraw = False
157.6934 	EXP 	LDT_stim_text: autoDraw = False
157.6934 	EXP 	LDT_break_text: autoDraw = False
157.6934 	EXP 	LDT_stim_text: height = np.float64(0.1)
157.6934 	EXP 	LDT_stim_text: height = np.float64(0.1)
157.6934 	EXP 	LDT_stim_text: height = np.float64(0.1)
157.6934 	EXP 	LDT_stim_text: text = 'pay'
157.6934 	EXP 	LDT_fix_text: autoDraw = True
157.6940 	DATA 	Keypress: a
157.8273 	EXP 	Device response: <KeyPress from None: t=157.6812413000007, value=a, duration=0.14428509999925154>
158.1773 	EXP 	LDT_stim_text: autoDraw = True
158.1856 	EXP 	LDT_fix_text: autoDraw = False
158.8699 	EXP 	Device response: <KeyPress from None: t=158.86552269999993, value=l, duration=None>
158.8701 	EXP 	New trial (rep=0, index=59): <Trial 59 (59 in rep 0) data={'Task': 'LDT', 'TrialType': 'Target', 'Stimuli': 'hide', 'StimulusType': 'word', 'CorrectResponse': 'l', 'Trialnumb': 68, 'thisN': 59, 'thisTrialN': 59, 'thisRepN': 0}>
158.8781 	EXP 	LDT_fix_text: autoDraw = False
158.8781 	EXP 	LDT_stim_text: autoDraw = False
158.8781 	EXP 	LDT_break_text: autoDraw = False
158.8781 	EXP 	LDT_stim_text: height = np.float64(0.1)
158.8781 	EXP 	LDT_stim_text: height = np.float64(0.1)
158.8781 	EXP 	LDT_stim_text: height = np.float64(0.1)
158.8781 	EXP 	LDT_stim_text: text = 'hide'
158.8781 	EXP 	LDT_fix_text: autoDraw = True
158.8787 	DATA 	Keypress: l
158.9867 	EXP 	Device response: <KeyPress from None: t=158.86552269999993, value=l, duration=0.1197026999998343>
159.3618 	EXP 	LDT_stim_text: autoDraw = True
159.3701 	EXP 	LDT_fix_text: autoDraw = False
159.8459 	EXP 	Device response: <KeyPress from None: t=159.8414429000004, value=l, duration=None>
159.8461 	EXP 	New trial (rep=0, index=60): <Trial 60 (60 in rep 0) data={'Task': 'LDT', 'TrialType': 'Target', 'Stimuli': 'brone', 'StimulusType': 'nonword', 'CorrectResponse': 'a', 'Trialnumb': 125, 'thisN': 60, 'thisTrialN': 60, 'thisRepN': 0}>
159.8539 	EXP 	LDT_fix_text: autoDraw = False
159.8539 	EXP 	LDT_stim_text: autoDraw = False
159.8539 	EXP 	LDT_break_text: autoDraw = False
159.8539 	EXP 	LDT_stim_text: height = np.float64(0.1)
159.8539 	EXP 	LDT_stim_text: height = np.float64(0.1)
159.8539 	EXP 	LDT_stim_text: height = np.float64(0.1)
159.8539 	EXP 	LDT_stim_text: text = 'brone'
159.8539 	EXP 	LDT_fix_text: autoDraw = True
159.8544 	DATA 	Keypress: l
159.9710 	EXP 	Device response: <KeyPress from None: t=159.8414429000004, value=l, duration=0.12770610000006855>
160.3378 	EXP 	LDT_stim_text: autoDraw = True
160.3461 	EXP 	LDT_fix_text: autoDraw = False
162.1065 	EXP 	Device response: <KeyPress from None: t=162.10489439999947, value=l, duration=None>
162.1067 	EXP 	New trial (rep=0, index=61): <Trial 61 (61 in rep 0) data={'Task': 'LDT', 'TrialType': 'Target', 'Stimuli': 'werd', 'StimulusType': 'nonword', 'CorrectResponse': 'a', 'Trialnumb': 216, 'thisN': 61, 'thisTrialN': 61, 'thisRepN': 0}>
162.1145 	EXP 	LDT_fix_text: autoDraw = False
162.1145 	EXP 	LDT_stim_text: autoDraw = False
162.1145 	EXP 	LDT_break_text: autoDraw = False
162.1145 	EXP 	LDT_stim_text: height = np.float64(0.1)
162.1145 	EXP 	LDT_stim_text: height = np.float64(0.1)
162.1145 	EXP 	LDT_stim_text: height = np.float64(0.1)
162.1145 	EXP 	LDT_stim_text: text = 'werd'
162.1145 	EXP 	LDT_fix_text: autoDraw = True
162.1151 	DATA 	Keypress: l
162.2482 	EXP 	Device response: <KeyPress from None: t=162.10489439999947, value=l, duration=0.13585950000015146>
162.5983 	EXP 	LDT_stim_text: autoDraw = True
162.6067 	EXP 	LDT_fix_text: autoDraw = False
163.6413 	EXP 	Device response: <KeyPress from None: t=163.63385519999974, value=a, duration=None>
163.6415 	EXP 	New trial (rep=0, index=62): <Trial 62 (62 in rep 0) data={'Task': 'LDT', 'TrialType': 'Target', 'Stimuli': 'strip', 'StimulusType': 'word', 'CorrectResponse': 'l', 'Trialnumb': 104, 'thisN': 62, 'thisTrialN': 62, 'thisRepN': 0}>
163.6494 	EXP 	LDT_fix_text: autoDraw = False
163.6494 	EXP 	LDT_stim_text: autoDraw = False
163.6494 	EXP 	LDT_break_text: autoDraw = False
163.6494 	EXP 	LDT_stim_text: height = np.float64(0.1)
163.6494 	EXP 	LDT_stim_text: height = np.float64(0.1)
163.6494 	EXP 	LDT_stim_text: height = np.float64(0.1)
163.6494 	EXP 	LDT_stim_text: text = 'strip'
163.6494 	EXP 	LDT_fix_text: autoDraw = True
163.6499 	DATA 	Keypress: a
163.7748 	EXP 	Device response: <KeyPress from None: t=163.63385519999974, value=a, duration=0.13577360000090266>
164.1332 	EXP 	LDT_stim_text: autoDraw = True
164.1415 	EXP 	LDT_fix_text: autoDraw = False
166.9196 	EXP 	Device response: <KeyPress from None: t=166.9131006000007, value=a, duration=None>
166.9198 	EXP 	New trial (rep=0, index=63): <Trial 63 (63 in rep 0) data={'Task': 'LDT', 'TrialType': 'Target', 'Stimuli': 'stip', 'StimulusType': 'nonword', 'CorrectResponse': 'a', 'Trialnumb': 200, 'thisN': 63, 'thisTrialN': 63, 'thisRepN': 0}>
166.9278 	EXP 	LDT_fix_text: autoDraw = False
166.9278 	EXP 	LDT_stim_text: autoDraw = False
166.9278 	EXP 	LDT_break_text: autoDraw = False
166.9278 	EXP 	LDT_stim_text: height = np.float64(0.1)
166.9278 	EXP 	LDT_stim_text: height = np.float64(0.1)
166.9278 	EXP 	LDT_stim_text: height = np.float64(0.1)
166.9278 	EXP 	LDT_stim_text: text = 'stip'
166.9278 	EXP 	LDT_fix_text: autoDraw = True
166.9284 	DATA 	Keypress: a
167.0448 	EXP 	Device response: <KeyPress from None: t=166.9131006000007, value=a, duration=0.12780049999855692>
167.4115 	EXP 	LDT_stim_text: autoDraw = True
167.4198 	EXP 	LDT_fix_text: autoDraw = False
169.8142 	EXP 	Device response: <KeyPress from None: t=169.8095429999994, value=l, duration=None>
169.8144 	EXP 	New trial (rep=0, index=64): <Trial 64 (64 in rep 0) data={'Task': 'LDT', 'TrialType': 'Target', 'Stimuli': 'mutch', 'StimulusType': 'nonword', 'CorrectResponse': 'a', 'Trialnumb': 175, 'thisN': 64, 'thisTrialN': 64, 'thisRepN': 0}>
169.8222 	EXP 	LDT_fix_text: autoDraw = False
169.8222 	EXP 	LDT_stim_text: autoDraw = False
169.8222 	EXP 	LDT_break_text: autoDraw = False
169.8222 	EXP 	LDT_stim_text: height = np.float64(0.1)
169.8222 	EXP 	LDT_stim_text: height = np.float64(0.1)
169.8222 	EXP 	LDT_stim_text: height = np.float64(0.1)
169.8222 	EXP 	LDT_stim_text: text = 'mutch'
169.8222 	EXP 	LDT_fix_text: autoDraw = True
169.8228 	DATA 	Keypress: l
169.8892 	EXP 	Device response: <KeyPress from None: t=169.8095429999994, value=l, duration=0.07134039999982633>
170.3060 	EXP 	LDT_stim_text: autoDraw = True
170.3144 	EXP 	LDT_fix_text: autoDraw = False
171.0988 	EXP 	Device response: <KeyPress from None: t=171.09686899999906, value=a, duration=None>
171.0990 	EXP 	New trial (rep=0, index=65): <Trial 65 (65 in rep 0) data={'Task': 'LDT', 'TrialType': 'Target', 'Stimuli': 'talm', 'StimulusType': 'nonword', 'CorrectResponse': 'a', 'Trialnumb': 202, 'thisN': 65, 'thisTrialN': 65, 'thisRepN': 0}>
171.1068 	EXP 	LDT_fix_text: autoDraw = False
171.1068 	EXP 	LDT_stim_text: autoDraw = False
171.1068 	EXP 	LDT_break_text: autoDraw = False
171.1068 	EXP 	LDT_stim_text: height = np.float64(0.1)
171.1068 	EXP 	LDT_stim_text: height = np.float64(0.1)
171.1068 	EXP 	LDT_stim_text: height = np.float64(0.1)
171.1068 	EXP 	LDT_stim_text: text = 'talm'
171.1068 	EXP 	LDT_fix_text: autoDraw = True
171.1074 	DATA 	Keypress: a
171.2239 	EXP 	Device response: <KeyPress from None: t=171.09686899999906, value=a, duration=0.12134020000121382>
171.5907 	EXP 	LDT_stim_text: autoDraw = True
171.5990 	EXP 	LDT_fix_text: autoDraw = False
172.3000 	EXP 	Device response: <KeyPress from None: t=172.29753299999902, value=a, duration=None>
172.3002 	EXP 	New trial (rep=0, index=66): <Trial 66 (66 in rep 0) data={'Task': 'LDT', 'TrialType': 'Target', 'Stimuli': 'flow', 'StimulusType': 'word', 'CorrectResponse': 'l', 'Trialnumb': 108, 'thisN': 66, 'thisTrialN': 66, 'thisRepN': 0}>
172.3080 	EXP 	LDT_fix_text: autoDraw = False
172.3080 	EXP 	LDT_stim_text: autoDraw = False
172.3080 	EXP 	LDT_break_text: autoDraw = False
172.3080 	EXP 	LDT_stim_text: height = np.float64(0.1)
172.3080 	EXP 	LDT_stim_text: height = np.float64(0.1)
172.3080 	EXP 	LDT_stim_text: height = np.float64(0.1)
172.3080 	EXP 	LDT_stim_text: text = 'flow'
172.3080 	EXP 	LDT_fix_text: autoDraw = True
172.3085 	DATA 	Keypress: a
172.4251 	EXP 	Device response: <KeyPress from None: t=172.29753299999902, value=a, duration=0.11973800000123447>
172.7918 	EXP 	LDT_stim_text: autoDraw = True
172.8002 	EXP 	LDT_fix_text: autoDraw = False
173.6346 	EXP 	Device response: <KeyPress from None: t=173.63333769999917, value=l, duration=None>
173.6349 	EXP 	New trial (rep=0, index=67): <Trial 67 (67 in rep 0) data={'Task': 'LDT', 'TrialType': 'Target', 'Stimuli': 'gips', 'StimulusType': 'nonword', 'CorrectResponse': 'a', 'Trialnumb': 147, 'thisN': 67, 'thisTrialN': 67, 'thisRepN': 0}>
173.6428 	EXP 	LDT_fix_text: autoDraw = False
173.6428 	EXP 	LDT_stim_text: autoDraw = False
173.6428 	EXP 	LDT_break_text: autoDraw = False
173.6428 	EXP 	LDT_stim_text: height = np.float64(0.1)
173.6428 	EXP 	LDT_stim_text: height = np.float64(0.1)
173.6428 	EXP 	LDT_stim_text: height = np.float64(0.1)
173.6428 	EXP 	LDT_stim_text: text = 'gips'
173.6428 	EXP 	LDT_fix_text: autoDraw = True
173.6434 	DATA 	Keypress: l
173.7680 	EXP 	Device response: <KeyPress from None: t=173.63333769999917, value=l, duration=0.12816410000050382>
174.1265 	EXP 	LDT_stim_text: autoDraw = True
174.1348 	EXP 	LDT_fix_text: autoDraw = False
175.0194 	EXP 	Device response: <KeyPress from None: t=175.0182619999996, value=a, duration=None>
175.0196 	EXP 	New trial (rep=0, index=68): <Trial 68 (68 in rep 0) data={'Task': 'LDT', 'TrialType': 'Target', 'Stimuli': 'come', 'StimulusType': 'word', 'CorrectResponse': 'l', 'Trialnumb': 7, 'thisN': 68, 'thisTrialN': 68, 'thisRepN': 0}>
175.0274 	EXP 	LDT_fix_text: autoDraw = False
175.0274 	EXP 	LDT_stim_text: autoDraw = False
175.0274 	EXP 	LDT_break_text: autoDraw = False
175.0274 	EXP 	LDT_stim_text: height = np.float64(0.1)
175.0274 	EXP 	LDT_stim_text: height = np.float64(0.1)
175.0274 	EXP 	LDT_stim_text: height = np.float64(0.1)
175.0274 	EXP 	LDT_stim_text: text = 'come'
175.0274 	EXP 	LDT_fix_text: autoDraw = True
175.0280 	DATA 	Keypress: a
175.1612 	EXP 	Device response: <KeyPress from None: t=175.0182619999996, value=a, duration=0.134728000000905>
175.5112 	EXP 	LDT_stim_text: autoDraw = True
175.5195 	EXP 	LDT_fix_text: autoDraw = False
176.0537 	EXP 	Device response: <KeyPress from None: t=176.04910749999908, value=l, duration=None>
176.0539 	EXP 	New trial (rep=0, index=69): <Trial 69 (69 in rep 0) data={'Task': 'LDT', 'TrialType': 'Target', 'Stimuli': 'rees', 'StimulusType': 'nonword', 'CorrectResponse': 'a', 'Trialnumb': 184, 'thisN': 69, 'thisTrialN': 69, 'thisRepN': 0}>
176.0617 	EXP 	LDT_fix_text: autoDraw = False
176.0617 	EXP 	LDT_stim_text: autoDraw = False
176.0617 	EXP 	LDT_break_text: autoDraw = False
176.0617 	EXP 	LDT_stim_text: height = np.float64(0.1)
176.0617 	EXP 	LDT_stim_text: height = np.float64(0.1)
176.0617 	EXP 	LDT_stim_text: height = np.float64(0.1)
176.0617 	EXP 	LDT_stim_text: text = 'rees'
176.0617 	EXP 	LDT_fix_text: autoDraw = True
176.0623 	DATA 	Keypress: l
176.1873 	EXP 	Device response: <KeyPress from None: t=176.04910749999908, value=l, duration=0.13585280000006605>
176.5456 	EXP 	LDT_stim_text: autoDraw = True
176.5539 	EXP 	LDT_fix_text: autoDraw = False
177.2633 	EXP 	Device response: <KeyPress from None: t=177.2568664999999, value=a, duration=None>
177.2635 	EXP 	New trial (rep=0, index=70): <Trial 70 (70 in rep 0) data={'Task': 'LDT', 'TrialType': 'Target', 'Stimuli': 'hard', 'StimulusType': 'word', 'CorrectResponse': 'l', 'Trialnumb': 22, 'thisN': 70, 'thisTrialN': 70, 'thisRepN': 0}>
177.2712 	EXP 	LDT_fix_text: autoDraw = False
177.2712 	EXP 	LDT_stim_text: autoDraw = False
177.2712 	EXP 	LDT_break_text: autoDraw = False
177.2712 	EXP 	LDT_stim_text: height = np.float64(0.1)
177.2712 	EXP 	LDT_stim_text: height = np.float64(0.1)
177.2712 	EXP 	LDT_stim_text: height = np.float64(0.1)
177.2712 	EXP 	LDT_stim_text: text = 'hard'
177.2712 	EXP 	LDT_fix_text: autoDraw = True
177.2717 	DATA 	Keypress: a
177.3634 	EXP 	Device response: <KeyPress from None: t=177.2568664999999, value=a, duration=0.10559309999916877>
177.7551 	EXP 	LDT_stim_text: autoDraw = True
177.7636 	EXP 	LDT_fix_text: autoDraw = False
178.2642 	EXP 	Device response: <KeyPress from None: t=178.25718760000018, value=l, duration=None>
178.2645 	EXP 	New trial (rep=0, index=71): <Trial 71 (71 in rep 0) data={'Task': 'LDT', 'TrialType': 'Target', 'Stimuli': 'haro', 'StimulusType': 'nonword', 'CorrectResponse': 'a', 'Trialnumb': 150, 'thisN': 71, 'thisTrialN': 71, 'thisRepN': 0}>
178.2724 	EXP 	LDT_fix_text: autoDraw = False
178.2724 	EXP 	LDT_stim_text: autoDraw = False
178.2724 	EXP 	LDT_break_text: autoDraw = False
178.2724 	EXP 	LDT_stim_text: height = np.float64(0.1)
178.2724 	EXP 	LDT_stim_text: height = np.float64(0.1)
178.2724 	EXP 	LDT_stim_text: height = np.float64(0.1)
178.2724 	EXP 	LDT_stim_text: text = 'haro'
178.2724 	EXP 	LDT_fix_text: autoDraw = True
178.2730 	DATA 	Keypress: l
178.3810 	EXP 	Device response: <KeyPress from None: t=178.25718760000018, value=l, duration=0.1203864999988582>
178.7561 	EXP 	LDT_stim_text: autoDraw = True
178.7645 	EXP 	LDT_fix_text: autoDraw = False
179.5405 	EXP 	Device response: <KeyPress from None: t=179.53712090000045, value=a, duration=None>
179.5407 	EXP 	New trial (rep=0, index=72): <Trial 72 (72 in rep 0) data={'Task': 'LDT', 'TrialType': 'Target', 'Stimuli': 'biss', 'StimulusType': 'nonword', 'CorrectResponse': 'a', 'Trialnumb': 123, 'thisN': 72, 'thisTrialN': 72, 'thisRepN': 0}>
179.5486 	EXP 	LDT_fix_text: autoDraw = False
179.5486 	EXP 	LDT_stim_text: autoDraw = False
179.5486 	EXP 	LDT_break_text: autoDraw = False
179.5486 	EXP 	LDT_stim_text: height = np.float64(0.1)
179.5486 	EXP 	LDT_stim_text: height = np.float64(0.1)
179.5486 	EXP 	LDT_stim_text: height = np.float64(0.1)
179.5486 	EXP 	LDT_stim_text: text = 'biss'
179.5486 	EXP 	LDT_fix_text: autoDraw = True
179.5491 	DATA 	Keypress: a
179.6656 	EXP 	Device response: <KeyPress from None: t=179.53712090000045, value=a, duration=0.12008339999920281>
180.0324 	EXP 	LDT_stim_text: autoDraw = True
180.0407 	EXP 	LDT_fix_text: autoDraw = False
180.6751 	EXP 	Device response: <KeyPress from None: t=180.67467530000067, value=a, duration=None>
180.6754 	EXP 	New trial (rep=0, index=73): <Trial 73 (73 in rep 0) data={'Task': 'LDT', 'TrialType': 'Target', 'Stimuli': 'jeed', 'StimulusType': 'nonword', 'CorrectResponse': 'a', 'Trialnumb': 158, 'thisN': 73, 'thisTrialN': 73, 'thisRepN': 0}>
180.6830 	EXP 	LDT_fix_text: autoDraw = False
180.6830 	EXP 	LDT_stim_text: autoDraw = False
180.6830 	EXP 	LDT_break_text: autoDraw = False
180.6830 	EXP 	LDT_stim_text: height = np.float64(0.1)
180.6830 	EXP 	LDT_stim_text: height = np.float64(0.1)
180.6830 	EXP 	LDT_stim_text: height = np.float64(0.1)
180.6830 	EXP 	LDT_stim_text: text = 'jeed'
180.6830 	EXP 	LDT_fix_text: autoDraw = True
180.6836 	DATA 	Keypress: a
180.7919 	EXP 	Device response: <KeyPress from None: t=180.67467530000067, value=a, duration=0.11166059999959543>
181.1668 	EXP 	LDT_stim_text: autoDraw = True
181.1752 	EXP 	LDT_fix_text: autoDraw = False
181.7677 	EXP 	Device response: <KeyPress from None: t=181.7616037000007, value=a, duration=None>
181.7680 	EXP 	New trial (rep=0, index=74): <Trial 74 (74 in rep 0) data={'Task': 'LDT', 'TrialType': 'Target', 'Stimuli': 'boss', 'StimulusType': 'word', 'CorrectResponse': 'l', 'Trialnumb': 61, 'thisN': 74, 'thisTrialN': 74, 'thisRepN': 0}>
181.7758 	EXP 	LDT_fix_text: autoDraw = False
181.7758 	EXP 	LDT_stim_text: autoDraw = False
181.7758 	EXP 	LDT_break_text: autoDraw = False
181.7758 	EXP 	LDT_stim_text: height = np.float64(0.1)
181.7758 	EXP 	LDT_stim_text: height = np.float64(0.1)
181.7758 	EXP 	LDT_stim_text: height = np.float64(0.1)
181.7758 	EXP 	LDT_stim_text: text = 'boss'
181.7758 	EXP 	LDT_fix_text: autoDraw = True
181.7762 	DATA 	Keypress: a
181.8845 	EXP 	Device response: <KeyPress from None: t=181.7616037000007, value=a, duration=0.1194058999990375>
182.2596 	EXP 	LDT_stim_text: autoDraw = True
182.2679 	EXP 	LDT_fix_text: autoDraw = False
182.9357 	EXP 	Device response: <KeyPress from None: t=182.93048439999984, value=l, duration=None>
182.9359 	EXP 	New trial (rep=0, index=75): <Trial 75 (75 in rep 0) data={'Task': 'LDT', 'TrialType': 'Target', 'Stimuli': 'bond', 'StimulusType': 'word', 'CorrectResponse': 'l', 'Trialnumb': 87, 'thisN': 75, 'thisTrialN': 75, 'thisRepN': 0}>
182.9436 	EXP 	LDT_fix_text: autoDraw = False
182.9436 	EXP 	LDT_stim_text: autoDraw = False
182.9436 	EXP 	LDT_break_text: autoDraw = False
182.9436 	EXP 	LDT_stim_text: height = np.float64(0.1)
182.9436 	EXP 	LDT_stim_text: height = np.float64(0.1)
182.9436 	EXP 	LDT_stim_text: height = np.float64(0.1)
182.9436 	EXP 	LDT_stim_text: text = 'bond'
182.9436 	EXP 	LDT_fix_text: autoDraw = True
182.9441 	DATA 	Keypress: l
183.0440 	EXP 	Device response: <KeyPress from None: t=182.93048439999984, value=l, duration=0.11056040000039502>
183.4275 	EXP 	LDT_stim_text: autoDraw = True
183.4358 	EXP 	LDT_fix_text: autoDraw = False
184.0034 	EXP 	Device response: <KeyPress from None: t=184.00270769999952, value=l, duration=None>
184.0036 	EXP 	New trial (rep=0, index=76): <Trial 76 (76 in rep 0) data={'Task': 'LDT', 'TrialType': 'Target', 'Stimuli': 'rorn', 'StimulusType': 'nonword', 'CorrectResponse': 'a', 'Trialnumb': 185, 'thisN': 76, 'thisTrialN': 76, 'thisRepN': 0}>
184.0114 	EXP 	LDT_fix_text: autoDraw = False
184.0114 	EXP 	LDT_stim_text: autoDraw = False
184.0114 	EXP 	LDT_break_text: autoDraw = False
184.0114 	EXP 	LDT_stim_text: height = np.float64(0.1)
184.0114 	EXP 	LDT_stim_text: height = np.float64(0.1)
184.0114 	EXP 	LDT_stim_text: height = np.float64(0.1)
184.0114 	EXP 	LDT_stim_text: text = 'rorn'
184.0114 	EXP 	LDT_fix_text: autoDraw = True
184.0119 	DATA 	Keypress: l
184.0951 	EXP 	Device response: <KeyPress from None: t=184.00270769999952, value=l, duration=0.08637980000094103>
184.4952 	EXP 	LDT_stim_text: autoDraw = True
184.5035 	EXP 	LDT_fix_text: autoDraw = False
185.1129 	EXP 	Device response: <KeyPress from None: t=185.10552049999933, value=a, duration=None>
185.1131 	EXP 	New trial (rep=0, index=77): <Trial 77 (77 in rep 0) data={'Task': 'LDT', 'TrialType': 'Target', 'Stimuli': 'pess', 'StimulusType': 'nonword', 'CorrectResponse': 'a', 'Trialnumb': 180, 'thisN': 77, 'thisTrialN': 77, 'thisRepN': 0}>
185.1208 	EXP 	LDT_fix_text: autoDraw = False
185.1208 	EXP 	LDT_stim_text: autoDraw = False
185.1208 	EXP 	LDT_break_text: autoDraw = False
185.1208 	EXP 	LDT_stim_text: height = np.float64(0.1)
185.1208 	EXP 	LDT_stim_text: height = np.float64(0.1)
185.1208 	EXP 	LDT_stim_text: height = np.float64(0.1)
185.1208 	EXP 	LDT_stim_text: text = 'pess'
185.1208 	EXP 	LDT_fix_text: autoDraw = True
185.1213 	DATA 	Keypress: a
185.2546 	EXP 	Device response: <KeyPress from None: t=185.10552049999933, value=a, duration=0.1442380000007688>
185.6046 	EXP 	LDT_stim_text: autoDraw = True
185.6129 	EXP 	LDT_fix_text: autoDraw = False
186.1971 	EXP 	Device response: <KeyPress from None: t=186.19422660000055, value=a, duration=None>
186.1973 	EXP 	New trial (rep=0, index=78): <Trial 78 (78 in rep 0) data={'Task': 'LDT', 'TrialType': 'Target', 'Stimuli': 'vour', 'StimulusType': 'nonword', 'CorrectResponse': 'a', 'Trialnumb': 214, 'thisN': 78, 'thisTrialN': 78, 'thisRepN': 0}>
186.2052 	EXP 	LDT_fix_text: autoDraw = False
186.2052 	EXP 	LDT_stim_text: autoDraw = False
186.2052 	EXP 	LDT_break_text: autoDraw = False
186.2052 	EXP 	LDT_stim_text: height = np.float64(0.1)
186.2052 	EXP 	LDT_stim_text: height = np.float64(0.1)
186.2052 	EXP 	LDT_stim_text: height = np.float64(0.1)
186.2052 	EXP 	LDT_stim_text: text = 'vour'
186.2052 	EXP 	LDT_fix_text: autoDraw = True
186.2057 	DATA 	Keypress: a
186.3057 	EXP 	Device response: <KeyPress from None: t=186.19422660000055, value=a, duration=0.11081980000017211>
186.6890 	EXP 	LDT_stim_text: autoDraw = True
186.6973 	EXP 	LDT_fix_text: autoDraw = False
187.3317 	EXP 	Device response: <KeyPress from None: t=187.33076620000065, value=a, duration=None>
187.3319 	EXP 	New trial (rep=0, index=79): <Trial 79 (79 in rep 0) data={'Task': 'LDT', 'TrialType': 'Target', 'Stimuli': 'media', 'StimulusType': 'word', 'CorrectResponse': 'l', 'Trialnumb': 46, 'thisN': 79, 'thisTrialN': 79, 'thisRepN': 0}>
187.3397 	EXP 	LDT_fix_text: autoDraw = False
187.3397 	EXP 	LDT_stim_text: autoDraw = False
187.3397 	EXP 	LDT_break_text: autoDraw = False
187.3397 	EXP 	LDT_stim_text: height = np.float64(0.1)
187.3397 	EXP 	LDT_stim_text: height = np.float64(0.1)
187.3397 	EXP 	LDT_stim_text: height = np.float64(0.1)
187.3397 	EXP 	LDT_stim_text: text = 'media'
187.3397 	EXP 	LDT_fix_text: autoDraw = True
187.3403 	DATA 	Keypress: a
187.4901 	EXP 	Device response: <KeyPress from None: t=187.33076620000065, value=a, duration=0.15095339999970747>
187.8235 	EXP 	LDT_stim_text: autoDraw = True
187.8318 	EXP 	LDT_fix_text: autoDraw = False
188.6079 	EXP 	Device response: <KeyPress from None: t=188.6012525999995, value=l, duration=None>
188.6082 	EXP 	New trial (rep=0, index=80): <Trial 80 (80 in rep 0) data={'Task': 'LDT', 'TrialType': 'Target', 'Stimuli': 'basp', 'StimulusType': 'nonword', 'CorrectResponse': 'a', 'Trialnumb': 118, 'thisN': 80, 'thisTrialN': 80, 'thisRepN': 0}>
188.6159 	EXP 	LDT_fix_text: autoDraw = False
188.6159 	EXP 	LDT_stim_text: autoDraw = False
188.6159 	EXP 	LDT_break_text: autoDraw = False
188.6159 	EXP 	LDT_stim_text: height = np.float64(0.1)
188.6159 	EXP 	LDT_stim_text: height = np.float64(0.1)
188.6159 	EXP 	LDT_stim_text: height = np.float64(0.1)
188.6159 	EXP 	LDT_stim_text: text = 'basp'
188.6159 	EXP 	LDT_fix_text: autoDraw = True
188.6164 	DATA 	Keypress: l
188.7330 	EXP 	Device response: <KeyPress from None: t=188.6012525999995, value=l, duration=0.12820260000080452>
189.0998 	EXP 	LDT_stim_text: autoDraw = True
189.1081 	EXP 	LDT_fix_text: autoDraw = False
189.8091 	EXP 	Device response: <KeyPress from None: t=189.8010864000007, value=a, duration=None>
189.8093 	EXP 	New trial (rep=0, index=81): <Trial 81 (81 in rep 0) data={'Task': 'LDT', 'TrialType': 'Target', 'Stimuli': 'sere', 'StimulusType': 'nonword', 'CorrectResponse': 'a', 'Trialnumb': 190, 'thisN': 81, 'thisTrialN': 81, 'thisRepN': 0}>
189.8171 	EXP 	LDT_fix_text: autoDraw = False
189.8171 	EXP 	LDT_stim_text: autoDraw = False
189.8171 	EXP 	LDT_break_text: autoDraw = False
189.8171 	EXP 	LDT_stim_text: height = np.float64(0.1)
189.8171 	EXP 	LDT_stim_text: height = np.float64(0.1)
189.8171 	EXP 	LDT_stim_text: height = np.float64(0.1)
189.8171 	EXP 	LDT_stim_text: text = 'sere'
189.8171 	EXP 	LDT_fix_text: autoDraw = True
189.8176 	DATA 	Keypress: a
189.9260 	EXP 	Device response: <KeyPress from None: t=189.8010864000007, value=a, duration=0.12041030000000319>
190.3009 	EXP 	LDT_stim_text: autoDraw = True
190.3093 	EXP 	LDT_fix_text: autoDraw = False
190.7935 	EXP 	Device response: <KeyPress from None: t=190.7930610000003, value=a, duration=None>
190.7938 	EXP 	New trial (rep=0, index=82): <Trial 82 (82 in rep 0) data={'Task': 'LDT', 'TrialType': 'Target', 'Stimuli': 'hass', 'StimulusType': 'nonword', 'CorrectResponse': 'a', 'Trialnumb': 151, 'thisN': 82, 'thisTrialN': 82, 'thisRepN': 0}>
190.8015 	EXP 	LDT_fix_text: autoDraw = False
190.8015 	EXP 	LDT_stim_text: autoDraw = False
190.8015 	EXP 	LDT_break_text: autoDraw = False
190.8015 	EXP 	LDT_stim_text: height = np.float64(0.1)
190.8015 	EXP 	LDT_stim_text: height = np.float64(0.1)
190.8015 	EXP 	LDT_stim_text: height = np.float64(0.1)
190.8015 	EXP 	LDT_stim_text: text = 'hass'
190.8015 	EXP 	LDT_fix_text: autoDraw = True
190.8019 	DATA 	Keypress: a
190.9102 	EXP 	Device response: <KeyPress from None: t=190.7930610000003, value=a, duration=0.11234109999895736>
191.2853 	EXP 	LDT_stim_text: autoDraw = True
191.2936 	EXP 	LDT_fix_text: autoDraw = False
192.1618 	EXP 	Device response: <KeyPress from None: t=192.16129809999984, value=a, duration=None>
192.1620 	EXP 	New trial (rep=0, index=83): <Trial 83 (83 in rep 0) data={'Task': 'LDT', 'TrialType': 'Target', 'Stimuli': 'yeep', 'StimulusType': 'nonword', 'CorrectResponse': 'a', 'Trialnumb': 219, 'thisN': 83, 'thisTrialN': 83, 'thisRepN': 0}>
192.1695 	EXP 	LDT_fix_text: autoDraw = False
192.1695 	EXP 	LDT_stim_text: autoDraw = False
192.1695 	EXP 	LDT_break_text: autoDraw = False
192.1695 	EXP 	LDT_stim_text: height = np.float64(0.1)
192.1695 	EXP 	LDT_stim_text: height = np.float64(0.1)
192.1695 	EXP 	LDT_stim_text: height = np.float64(0.1)
192.1695 	EXP 	LDT_stim_text: text = 'yeep'
192.1695 	EXP 	LDT_fix_text: autoDraw = True
192.1700 	DATA 	Keypress: a
192.2949 	EXP 	Device response: <KeyPress from None: t=192.16129809999984, value=a, duration=0.12810870000066643>
192.6533 	EXP 	LDT_stim_text: autoDraw = True
192.6616 	EXP 	LDT_fix_text: autoDraw = False
193.4293 	EXP 	Device response: <KeyPress from None: t=193.4257163000002, value=a, duration=None>
193.4295 	EXP 	New trial (rep=0, index=84): <Trial 84 (84 in rep 0) data={'Task': 'LDT', 'TrialType': 'Target', 'Stimuli': 'grew', 'StimulusType': 'word', 'CorrectResponse': 'l', 'Trialnumb': 89, 'thisN': 84, 'thisTrialN': 84, 'thisRepN': 0}>
193.4375 	EXP 	LDT_fix_text: autoDraw = False
193.4375 	EXP 	LDT_stim_text: autoDraw = False
193.4375 	EXP 	LDT_break_text: autoDraw = False
193.4375 	EXP 	LDT_stim_text: height = np.float64(0.1)
193.4375 	EXP 	LDT_stim_text: height = np.float64(0.1)
193.4375 	EXP 	LDT_stim_text: height = np.float64(0.1)
193.4375 	EXP 	LDT_stim_text: text = 'grew'
193.4375 	EXP 	LDT_fix_text: autoDraw = True
193.4380 	DATA 	Keypress: a
193.5462 	EXP 	Device response: <KeyPress from None: t=193.4257163000002, value=a, duration=0.11981190000005881>
193.9212 	EXP 	LDT_stim_text: autoDraw = True
193.9296 	EXP 	LDT_fix_text: autoDraw = False
194.8224 	EXP 	Device response: <KeyPress from None: t=194.8170730999991, value=l, duration=None>
194.8226 	EXP 	New trial (rep=0, index=85): <Trial 85 (85 in rep 0) data={'Task': 'LDT', 'TrialType': 'Target', 'Stimuli': 'mears', 'StimulusType': 'nonword', 'CorrectResponse': 'a', 'Trialnumb': 172, 'thisN': 85, 'thisTrialN': 85, 'thisRepN': 0}>
194.8305 	EXP 	LDT_fix_text: autoDraw = False
194.8305 	EXP 	LDT_stim_text: autoDraw = False
194.8305 	EXP 	LDT_break_text: autoDraw = False
194.8305 	EXP 	LDT_stim_text: height = np.float64(0.1)
194.8305 	EXP 	LDT_stim_text: height = np.float64(0.1)
194.8305 	EXP 	LDT_stim_text: height = np.float64(0.1)
194.8305 	EXP 	LDT_stim_text: text = 'mears'
194.8305 	EXP 	LDT_fix_text: autoDraw = True
194.8311 	DATA 	Keypress: l
194.9643 	EXP 	Device response: <KeyPress from None: t=194.8170730999991, value=l, duration=0.14381070000126783>
195.3143 	EXP 	LDT_stim_text: autoDraw = True
195.3226 	EXP 	LDT_fix_text: autoDraw = False
196.0321 	EXP 	Device response: <KeyPress from None: t=196.0253393999992, value=a, duration=None>
196.0324 	EXP 	New trial (rep=0, index=86): <Trial 86 (86 in rep 0) data={'Task': 'LDT', 'TrialType': 'Target', 'Stimuli': 'sale', 'StimulusType': 'word', 'CorrectResponse': 'l', 'Trialnumb': 93, 'thisN': 86, 'thisTrialN': 86, 'thisRepN': 0}>
196.0400 	EXP 	LDT_fix_text: autoDraw = False
196.0400 	EXP 	LDT_stim_text: autoDraw = False
196.0400 	EXP 	LDT_break_text: autoDraw = False
196.0400 	EXP 	LDT_stim_text: height = np.float64(0.1)
196.0400 	EXP 	LDT_stim_text: height = np.float64(0.1)
196.0400 	EXP 	LDT_stim_text: height = np.float64(0.1)
196.0400 	EXP 	LDT_stim_text: text = 'sale'
196.0400 	EXP 	LDT_fix_text: autoDraw = True
196.0406 	DATA 	Keypress: a
196.1571 	EXP 	Device response: <KeyPress from None: t=196.0253393999992, value=a, duration=0.12809650000053807>
196.5238 	EXP 	LDT_stim_text: autoDraw = True
196.5322 	EXP 	LDT_fix_text: autoDraw = False
197.3499 	EXP 	Device response: <KeyPress from None: t=197.34559389999959, value=l, duration=None>
197.3502 	EXP 	New trial (rep=0, index=87): <Trial 87 (87 in rep 0) data={'Task': 'LDT', 'TrialType': 'Target', 'Stimuli': 'hage', 'StimulusType': 'nonword', 'CorrectResponse': 'a', 'Trialnumb': 149, 'thisN': 87, 'thisTrialN': 87, 'thisRepN': 0}>
197.3580 	EXP 	LDT_fix_text: autoDraw = False
197.3580 	EXP 	LDT_stim_text: autoDraw = False
197.3580 	EXP 	LDT_break_text: autoDraw = False
197.3580 	EXP 	LDT_stim_text: height = np.float64(0.1)
197.3580 	EXP 	LDT_stim_text: height = np.float64(0.1)
197.3580 	EXP 	LDT_stim_text: height = np.float64(0.1)
197.3580 	EXP 	LDT_stim_text: text = 'hage'
197.3580 	EXP 	LDT_fix_text: autoDraw = True
197.3584 	DATA 	Keypress: l
197.4584 	EXP 	Device response: <KeyPress from None: t=197.34559389999959, value=l, duration=0.11119560000042839>
197.8418 	EXP 	LDT_stim_text: autoDraw = True
197.8502 	EXP 	LDT_fix_text: autoDraw = False
198.8431 	EXP 	Device response: <KeyPress from None: t=198.84185640000032, value=a, duration=None>
198.8434 	EXP 	New trial (rep=0, index=88): <Trial 88 (88 in rep 0) data={'Task': 'LDT', 'TrialType': 'Target', 'Stimuli': 'name', 'StimulusType': 'word', 'CorrectResponse': 'l', 'Trialnumb': 32, 'thisN': 88, 'thisTrialN': 88, 'thisRepN': 0}>
198.8511 	EXP 	LDT_fix_text: autoDraw = False
198.8511 	EXP 	LDT_stim_text: autoDraw = False
198.8511 	EXP 	LDT_break_text: autoDraw = False
198.8511 	EXP 	LDT_stim_text: height = np.float64(0.1)
198.8511 	EXP 	LDT_stim_text: height = np.float64(0.1)
198.8511 	EXP 	LDT_stim_text: height = np.float64(0.1)
198.8511 	EXP 	LDT_stim_text: text = 'name'
198.8511 	EXP 	LDT_fix_text: autoDraw = True
198.8517 	DATA 	Keypress: a
198.9765 	EXP 	Device response: <KeyPress from None: t=198.84185640000032, value=a, duration=0.12790549999954237>
199.3350 	EXP 	LDT_stim_text: autoDraw = True
199.3433 	EXP 	LDT_fix_text: autoDraw = False
199.8024 	EXP 	Device response: <KeyPress from None: t=199.80090050000035, value=l, duration=None>
199.8026 	EXP 	New trial (rep=0, index=89): <Trial 89 (89 in rep 0) data={'Task': 'LDT', 'TrialType': 'Target', 'Stimuli': 'heat', 'StimulusType': 'word', 'CorrectResponse': 'l', 'Trialnumb': 79, 'thisN': 89, 'thisTrialN': 89, 'thisRepN': 0}>
199.8104 	EXP 	LDT_fix_text: autoDraw = False
199.8104 	EXP 	LDT_stim_text: autoDraw = False
199.8104 	EXP 	LDT_break_text: autoDraw = False
199.8104 	EXP 	LDT_stim_text: height = np.float64(0.1)
199.8104 	EXP 	LDT_stim_text: height = np.float64(0.1)
199.8104 	EXP 	LDT_stim_text: height = np.float64(0.1)
199.8104 	EXP 	LDT_stim_text: text = 'heat'
199.8104 	EXP 	LDT_fix_text: autoDraw = True
199.8110 	DATA 	Keypress: l
199.9025 	EXP 	Device response: <KeyPress from None: t=199.80090050000035, value=l, duration=0.09624540000004345>
200.2942 	EXP 	LDT_stim_text: autoDraw = True
200.3026 	EXP 	LDT_fix_text: autoDraw = False
200.9368 	EXP 	Device response: <KeyPress from None: t=200.92959239999982, value=l, duration=None>
200.9371 	EXP 	New trial (rep=0, index=90): <Trial 90 (90 in rep 0) data={'Task': 'LDT', 'TrialType': 'Target', 'Stimuli': 'blue', 'StimulusType': 'word', 'CorrectResponse': 'l', 'Trialnumb': 57, 'thisN': 90, 'thisTrialN': 90, 'thisRepN': 0}>
200.9449 	EXP 	LDT_fix_text: autoDraw = False
200.9449 	EXP 	LDT_stim_text: autoDraw = False
200.9449 	EXP 	LDT_break_text: autoDraw = False
200.9449 	EXP 	LDT_stim_text: height = np.float64(0.1)
200.9449 	EXP 	LDT_stim_text: height = np.float64(0.1)
200.9449 	EXP 	LDT_stim_text: height = np.float64(0.1)
200.9449 	EXP 	LDT_stim_text: text = 'blue'
200.9449 	EXP 	LDT_fix_text: autoDraw = True
200.9454 	DATA 	Keypress: l
201.0703 	EXP 	Device response: <KeyPress from None: t=200.92959239999982, value=l, duration=0.13532029999987572>
201.4287 	EXP 	LDT_stim_text: autoDraw = True
201.4371 	EXP 	LDT_fix_text: autoDraw = False
201.8794 	EXP 	Device response: <KeyPress from None: t=201.87349729999914, value=l, duration=None>
201.8797 	EXP 	New trial (rep=0, index=91): <Trial 91 (91 in rep 0) data={'Task': 'LDT', 'TrialType': 'Target', 'Stimuli': 'green', 'StimulusType': 'word', 'CorrectResponse': 'l', 'Trialnumb': 38, 'thisN': 91, 'thisTrialN': 91, 'thisRepN': 0}>
201.8875 	EXP 	LDT_fix_text: autoDraw = False
201.8875 	EXP 	LDT_stim_text: autoDraw = False
201.8875 	EXP 	LDT_break_text: autoDraw = False
201.8875 	EXP 	LDT_stim_text: height = np.float64(0.1)
201.8875 	EXP 	LDT_stim_text: height = np.float64(0.1)
201.8875 	EXP 	LDT_stim_text: height = np.float64(0.1)
201.8875 	EXP 	LDT_stim_text: text = 'green'
201.8875 	EXP 	LDT_fix_text: autoDraw = True
201.8880 	DATA 	Keypress: l
202.0213 	EXP 	Device response: <KeyPress from None: t=201.87349729999914, value=l, duration=0.14449290000084147>
202.3713 	EXP 	LDT_stim_text: autoDraw = True
202.3797 	EXP 	LDT_fix_text: autoDraw = False
202.8639 	EXP 	Device response: <KeyPress from None: t=202.85732090000056, value=l, duration=None>
202.8642 	EXP 	New trial (rep=0, index=92): <Trial 92 (92 in rep 0) data={'Task': 'LDT', 'TrialType': 'Target', 'Stimuli': 'wost', 'StimulusType': 'nonword', 'CorrectResponse': 'a', 'Trialnumb': 217, 'thisN': 92, 'thisTrialN': 92, 'thisRepN': 0}>
202.8718 	EXP 	LDT_fix_text: autoDraw = False
202.8718 	EXP 	LDT_stim_text: autoDraw = False
202.8718 	EXP 	LDT_break_text: autoDraw = False
202.8718 	EXP 	LDT_stim_text: height = np.float64(0.1)
202.8718 	EXP 	LDT_stim_text: height = np.float64(0.1)
202.8718 	EXP 	LDT_stim_text: height = np.float64(0.1)
202.8718 	EXP 	LDT_stim_text: text = 'wost'
202.8718 	EXP 	LDT_fix_text: autoDraw = True
202.8723 	DATA 	Keypress: l
202.9972 	EXP 	Device response: <KeyPress from None: t=202.85732090000056, value=l, duration=0.13558449999982258>
203.3556 	EXP 	LDT_stim_text: autoDraw = True
203.3640 	EXP 	LDT_fix_text: autoDraw = False
204.5238 	EXP 	Device response: <KeyPress from None: t=204.52116419999948, value=a, duration=None>
204.5240 	EXP 	New trial (rep=0, index=93): <Trial 93 (93 in rep 0) data={'Task': 'LDT', 'TrialType': 'Target', 'Stimuli': 'show', 'StimulusType': 'word', 'CorrectResponse': 'l', 'Trialnumb': 21, 'thisN': 93, 'thisTrialN': 93, 'thisRepN': 0}>
204.5318 	EXP 	LDT_fix_text: autoDraw = False
204.5318 	EXP 	LDT_stim_text: autoDraw = False
204.5318 	EXP 	LDT_break_text: autoDraw = False
204.5318 	EXP 	LDT_stim_text: height = np.float64(0.1)
204.5318 	EXP 	LDT_stim_text: height = np.float64(0.1)
204.5318 	EXP 	LDT_stim_text: height = np.float64(0.1)
204.5318 	EXP 	LDT_stim_text: text = 'show'
204.5318 	EXP 	LDT_fix_text: autoDraw = True
204.5324 	DATA 	Keypress: a
204.6405 	EXP 	Device response: <KeyPress from None: t=204.52116419999948, value=a, duration=0.11170940000010887>
205.0156 	EXP 	LDT_stim_text: autoDraw = True
205.0240 	EXP 	LDT_fix_text: autoDraw = False
205.6916 	EXP 	Device response: <KeyPress from None: t=205.69025019999935, value=l, duration=None>
205.6918 	EXP 	New trial (rep=0, index=94): <Trial 94 (94 in rep 0) data={'Task': 'LDT', 'TrialType': 'Target', 'Stimuli': 'host', 'StimulusType': 'word', 'CorrectResponse': 'l', 'Trialnumb': 106, 'thisN': 94, 'thisTrialN': 94, 'thisRepN': 0}>
205.6996 	EXP 	LDT_fix_text: autoDraw = False
205.6996 	EXP 	LDT_stim_text: autoDraw = False
205.6996 	EXP 	LDT_break_text: autoDraw = False
205.6996 	EXP 	LDT_stim_text: height = np.float64(0.1)
205.6996 	EXP 	LDT_stim_text: height = np.float64(0.1)
205.6996 	EXP 	LDT_stim_text: height = np.float64(0.1)
205.6996 	EXP 	LDT_stim_text: text = 'host'
205.6996 	EXP 	LDT_fix_text: autoDraw = True
205.7002 	DATA 	Keypress: l
205.8250 	EXP 	Device response: <KeyPress from None: t=205.69025019999935, value=l, duration=0.12751530000059574>
206.1834 	EXP 	LDT_stim_text: autoDraw = True
206.1918 	EXP 	LDT_fix_text: autoDraw = False
206.7176 	EXP 	Device response: <KeyPress from None: t=206.71322660000078, value=l, duration=None>
206.7178 	EXP 	New trial (rep=0, index=95): <Trial 95 (95 in rep 0) data={'Task': 'LDT', 'TrialType': 'Target', 'Stimuli': 'lill', 'StimulusType': 'nonword', 'CorrectResponse': 'a', 'Trialnumb': 168, 'thisN': 95, 'thisTrialN': 95, 'thisRepN': 0}>
206.7257 	EXP 	LDT_fix_text: autoDraw = False
206.7257 	EXP 	LDT_stim_text: autoDraw = False
206.7257 	EXP 	LDT_break_text: autoDraw = False
206.7257 	EXP 	LDT_stim_text: height = np.float64(0.1)
206.7257 	EXP 	LDT_stim_text: height = np.float64(0.1)
206.7257 	EXP 	LDT_stim_text: height = np.float64(0.1)
206.7257 	EXP 	LDT_stim_text: text = 'lill'
206.7257 	EXP 	LDT_fix_text: autoDraw = True
206.7262 	DATA 	Keypress: l
206.8177 	EXP 	Device response: <KeyPress from None: t=206.71322660000078, value=l, duration=0.09630809999907797>
207.2094 	EXP 	LDT_stim_text: autoDraw = True
207.2179 	EXP 	LDT_fix_text: autoDraw = False
207.8187 	EXP 	Device response: <KeyPress from None: t=207.81712510000034, value=l, duration=None>
207.8189 	EXP 	New trial (rep=0, index=96): <Trial 96 (96 in rep 0) data={'Task': 'LDT', 'TrialType': 'Target', 'Stimuli': 'bust', 'StimulusType': 'word', 'CorrectResponse': 'l', 'Trialnumb': 91, 'thisN': 96, 'thisTrialN': 96, 'thisRepN': 0}>
207.8268 	EXP 	LDT_fix_text: autoDraw = False
207.8268 	EXP 	LDT_stim_text: autoDraw = False
207.8268 	EXP 	LDT_break_text: autoDraw = False
207.8268 	EXP 	LDT_stim_text: height = np.float64(0.1)
207.8268 	EXP 	LDT_stim_text: height = np.float64(0.1)
207.8268 	EXP 	LDT_stim_text: height = np.float64(0.1)
207.8268 	EXP 	LDT_stim_text: text = 'bust'
207.8268 	EXP 	LDT_fix_text: autoDraw = True
207.8273 	DATA 	Keypress: l
207.9523 	EXP 	Device response: <KeyPress from None: t=207.81712510000034, value=l, duration=0.1281011999999464>
208.3106 	EXP 	LDT_stim_text: autoDraw = True
208.3189 	EXP 	LDT_fix_text: autoDraw = False
209.9459 	EXP 	Device response: <KeyPress from None: t=209.9454623999991, value=a, duration=None>
209.9462 	EXP 	New trial (rep=0, index=97): <Trial 97 (97 in rep 0) data={'Task': 'LDT', 'TrialType': 'Target', 'Stimuli': 'pack', 'StimulusType': 'word', 'CorrectResponse': 'l', 'Trialnumb': 76, 'thisN': 97, 'thisTrialN': 97, 'thisRepN': 0}>
209.9539 	EXP 	LDT_fix_text: autoDraw = False
209.9539 	EXP 	LDT_stim_text: autoDraw = False
209.9539 	EXP 	LDT_break_text: autoDraw = False
209.9539 	EXP 	LDT_stim_text: height = np.float64(0.1)
209.9539 	EXP 	LDT_stim_text: height = np.float64(0.1)
209.9539 	EXP 	LDT_stim_text: height = np.float64(0.1)
209.9539 	EXP 	LDT_stim_text: text = 'pack'
209.9539 	EXP 	LDT_fix_text: autoDraw = True
209.9544 	DATA 	Keypress: a
210.0460 	EXP 	Device response: <KeyPress from None: t=209.9454623999991, value=a, duration=0.09535610000057204>
210.4377 	EXP 	LDT_stim_text: autoDraw = True
210.4460 	EXP 	LDT_fix_text: autoDraw = False
211.0302 	EXP 	Device response: <KeyPress from None: t=211.0248804999992, value=l, duration=None>
211.0304 	EXP 	New trial (rep=0, index=98): <Trial 98 (98 in rep 0) data={'Task': 'LDT', 'TrialType': 'Target', 'Stimuli': 'daste', 'StimulusType': 'nonword', 'CorrectResponse': 'a', 'Trialnumb': 136, 'thisN': 98, 'thisTrialN': 98, 'thisRepN': 0}>
211.0383 	EXP 	LDT_fix_text: autoDraw = False
211.0383 	EXP 	LDT_stim_text: autoDraw = False
211.0383 	EXP 	LDT_break_text: autoDraw = False
211.0383 	EXP 	LDT_stim_text: height = np.float64(0.1)
211.0383 	EXP 	LDT_stim_text: height = np.float64(0.1)
211.0383 	EXP 	LDT_stim_text: height = np.float64(0.1)
211.0383 	EXP 	LDT_stim_text: text = 'daste'
211.0383 	EXP 	LDT_fix_text: autoDraw = True
211.0389 	DATA 	Keypress: l
211.1303 	EXP 	Device response: <KeyPress from None: t=211.0248804999992, value=l, duration=0.10428700000011304>
211.5221 	EXP 	LDT_stim_text: autoDraw = True
211.5305 	EXP 	LDT_fix_text: autoDraw = False
212.2315 	EXP 	Device response: <KeyPress from None: t=212.22480259999975, value=a, duration=None>
212.2317 	EXP 	New trial (rep=0, index=99): <Trial 99 (99 in rep 0) data={'Task': 'LDT', 'TrialType': 'Target', 'Stimuli': 'sound', 'StimulusType': 'word', 'CorrectResponse': 'l', 'Trialnumb': 40, 'thisN': 99, 'thisTrialN': 99, 'thisRepN': 0}>
212.2395 	EXP 	LDT_fix_text: autoDraw = False
212.2395 	EXP 	LDT_stim_text: autoDraw = False
212.2395 	EXP 	LDT_break_text: autoDraw = False
212.2395 	EXP 	LDT_stim_text: height = np.float64(0.1)
212.2395 	EXP 	LDT_stim_text: height = np.float64(0.1)
212.2395 	EXP 	LDT_stim_text: height = np.float64(0.1)
212.2395 	EXP 	LDT_stim_text: text = 'sound'
212.2395 	EXP 	LDT_fix_text: autoDraw = True
212.2400 	DATA 	Keypress: a
212.3483 	EXP 	Device response: <KeyPress from None: t=212.22480259999975, value=a, duration=0.1205128000001423>
212.7233 	EXP 	LDT_stim_text: autoDraw = True
212.7317 	EXP 	LDT_fix_text: autoDraw = False
213.3242 	EXP 	Device response: <KeyPress from None: t=213.32125300000007, value=l, duration=None>
213.3244 	EXP 	New trial (rep=0, index=100): <Trial 100 (100 in rep 0) data={'Task': 'LDT', 'TrialType': 'Target', 'Stimuli': 'shoa', 'StimulusType': 'nonword', 'CorrectResponse': 'a', 'Trialnumb': 191, 'thisN': 100, 'thisTrialN': 100, 'thisRepN': 0}>
213.3323 	EXP 	LDT_fix_text: autoDraw = False
213.3323 	EXP 	LDT_stim_text: autoDraw = False
213.3323 	EXP 	LDT_break_text: autoDraw = False
213.3323 	EXP 	LDT_stim_text: height = np.float64(0.1)
213.3323 	EXP 	LDT_stim_text: height = np.float64(0.1)
213.3323 	EXP 	LDT_stim_text: height = np.float64(0.1)
213.3323 	EXP 	LDT_stim_text: text = 'shoa'
213.3323 	EXP 	LDT_fix_text: autoDraw = True
213.3328 	DATA 	Keypress: l
213.4410 	EXP 	Device response: <KeyPress from None: t=213.32125300000007, value=l, duration=0.11190969999915978>
213.8160 	EXP 	LDT_stim_text: autoDraw = True
213.8244 	EXP 	LDT_fix_text: autoDraw = False
214.3920 	EXP 	Device response: <KeyPress from None: t=214.38534430000072, value=a, duration=None>
214.3922 	EXP 	New trial (rep=0, index=101): <Trial 101 (101 in rep 0) data={'Task': 'LDT', 'TrialType': 'Target', 'Stimuli': 'raise', 'StimulusType': 'word', 'CorrectResponse': 'l', 'Trialnumb': 73, 'thisN': 101, 'thisTrialN': 101, 'thisRepN': 0}>
214.4000 	EXP 	LDT_fix_text: autoDraw = False
214.4000 	EXP 	LDT_stim_text: autoDraw = False
214.4000 	EXP 	LDT_break_text: autoDraw = False
214.4000 	EXP 	LDT_stim_text: height = np.float64(0.1)
214.4000 	EXP 	LDT_stim_text: height = np.float64(0.1)
214.4000 	EXP 	LDT_stim_text: height = np.float64(0.1)
214.4000 	EXP 	LDT_stim_text: text = 'raise'
214.4000 	EXP 	LDT_fix_text: autoDraw = True
214.4006 	DATA 	Keypress: a
214.5004 	EXP 	Device response: <KeyPress from None: t=214.38534430000072, value=a, duration=0.11248559999876306>
214.8838 	EXP 	LDT_stim_text: autoDraw = True
214.8921 	EXP 	LDT_fix_text: autoDraw = False
215.5598 	EXP 	Device response: <KeyPress from None: t=215.5530902999999, value=l, duration=None>
215.5601 	EXP 	New trial (rep=0, index=102): <Trial 102 (102 in rep 0) data={'Task': 'LDT', 'TrialType': 'Target', 'Stimuli': 'ient', 'StimulusType': 'nonword', 'CorrectResponse': 'a', 'Trialnumb': 157, 'thisN': 102, 'thisTrialN': 102, 'thisRepN': 0}>
215.5678 	EXP 	LDT_fix_text: autoDraw = False
215.5678 	EXP 	LDT_stim_text: autoDraw = False
215.5678 	EXP 	LDT_break_text: autoDraw = False
215.5678 	EXP 	LDT_stim_text: height = np.float64(0.1)
215.5678 	EXP 	LDT_stim_text: height = np.float64(0.1)
215.5678 	EXP 	LDT_stim_text: height = np.float64(0.1)
215.5678 	EXP 	LDT_stim_text: text = 'ient'
215.5678 	EXP 	LDT_fix_text: autoDraw = True
215.5683 	DATA 	Keypress: l
215.6516 	EXP 	Device response: <KeyPress from None: t=215.5530902999999, value=l, duration=0.09569270000065444>
216.0517 	EXP 	LDT_stim_text: autoDraw = True
216.0599 	EXP 	LDT_fix_text: autoDraw = False
216.7860 	EXP 	Device response: <KeyPress from None: t=216.7778163999992, value=a, duration=None>
216.7862 	EXP 	New trial (rep=0, index=103): <Trial 103 (103 in rep 0) data={'Task': 'LDT', 'TrialType': 'Target', 'Stimuli': 'ranny', 'StimulusType': 'nonword', 'CorrectResponse': 'a', 'Trialnumb': 114, 'thisN': 103, 'thisTrialN': 103, 'thisRepN': 0}>
216.7940 	EXP 	LDT_fix_text: autoDraw = False
216.7940 	EXP 	LDT_stim_text: autoDraw = False
216.7940 	EXP 	LDT_break_text: autoDraw = False
216.7940 	EXP 	LDT_stim_text: height = np.float64(0.1)
216.7940 	EXP 	LDT_stim_text: height = np.float64(0.1)
216.7940 	EXP 	LDT_stim_text: height = np.float64(0.1)
216.7940 	EXP 	LDT_stim_text: text = 'ranny'
216.7940 	EXP 	LDT_fix_text: autoDraw = True
216.7946 	DATA 	Keypress: a
216.9194 	EXP 	Device response: <KeyPress from None: t=216.7778163999992, value=a, duration=0.13505320000149368>
217.2778 	EXP 	LDT_stim_text: autoDraw = True
217.2862 	EXP 	LDT_fix_text: autoDraw = False
218.2625 	EXP 	Device response: <KeyPress from None: t=218.25821329999962, value=a, duration=None>
218.2627 	EXP 	New trial (rep=0, index=104): <Trial 104 (104 in rep 0) data={'Task': 'LDT', 'TrialType': 'Target', 'Stimuli': 'live', 'StimulusType': 'word', 'CorrectResponse': 'l', 'Trialnumb': 24, 'thisN': 104, 'thisTrialN': 104, 'thisRepN': 0}>
218.2705 	EXP 	LDT_fix_text: autoDraw = False
218.2705 	EXP 	LDT_stim_text: autoDraw = False
218.2705 	EXP 	LDT_break_text: autoDraw = False
218.2705 	EXP 	LDT_stim_text: height = np.float64(0.1)
218.2705 	EXP 	LDT_stim_text: height = np.float64(0.1)
218.2705 	EXP 	LDT_stim_text: height = np.float64(0.1)
218.2705 	EXP 	LDT_stim_text: text = 'live'
218.2705 	EXP 	LDT_fix_text: autoDraw = True
218.2710 	DATA 	Keypress: a
218.3960 	EXP 	Device response: <KeyPress from None: t=218.25821329999962, value=a, duration=0.13584699999955774>
218.7543 	EXP 	LDT_stim_text: autoDraw = True
218.7627 	EXP 	LDT_fix_text: autoDraw = False
219.2801 	EXP 	Device response: <KeyPress from None: t=219.27344489999996, value=l, duration=None>
219.2803 	EXP 	New trial (rep=0, index=105): <Trial 105 (105 in rep 0) data={'Task': 'LDT', 'TrialType': 'Target', 'Stimuli': 'sharp', 'StimulusType': 'word', 'CorrectResponse': 'l', 'Trialnumb': 94, 'thisN': 105, 'thisTrialN': 105, 'thisRepN': 0}>
219.2882 	EXP 	LDT_fix_text: autoDraw = False
219.2882 	EXP 	LDT_stim_text: autoDraw = False
219.2882 	EXP 	LDT_break_text: autoDraw = False
219.2882 	EXP 	LDT_stim_text: height = np.float64(0.1)
219.2882 	EXP 	LDT_stim_text: height = np.float64(0.1)
219.2882 	EXP 	LDT_stim_text: height = np.float64(0.1)
219.2882 	EXP 	LDT_stim_text: text = 'sharp'
219.2882 	EXP 	LDT_fix_text: autoDraw = True
219.2888 	DATA 	Keypress: l
219.3886 	EXP 	Device response: <KeyPress from None: t=219.27344489999996, value=l, duration=0.11131569999997737>
219.7720 	EXP 	LDT_stim_text: autoDraw = True
219.7803 	EXP 	LDT_fix_text: autoDraw = False
220.6398 	EXP 	Device response: <KeyPress from None: t=220.63378399999965, value=l, duration=None>
220.6401 	EXP 	New trial (rep=0, index=106): <Trial 106 (106 in rep 0) data={'Task': 'LDT', 'TrialType': 'Target', 'Stimuli': 'snan', 'StimulusType': 'nonword', 'CorrectResponse': 'a', 'Trialnumb': 196, 'thisN': 106, 'thisTrialN': 106, 'thisRepN': 0}>
220.6479 	EXP 	LDT_fix_text: autoDraw = False
220.6479 	EXP 	LDT_stim_text: autoDraw = False
220.6479 	EXP 	LDT_break_text: autoDraw = False
220.6479 	EXP 	LDT_stim_text: height = np.float64(0.1)
220.6479 	EXP 	LDT_stim_text: height = np.float64(0.1)
220.6479 	EXP 	LDT_stim_text: height = np.float64(0.1)
220.6479 	EXP 	LDT_stim_text: text = 'snan'
220.6479 	EXP 	LDT_fix_text: autoDraw = True
220.6484 	DATA 	Keypress: l
220.7316 	EXP 	Device response: <KeyPress from None: t=220.63378399999965, value=l, duration=0.09643490000053134>
221.1317 	EXP 	LDT_stim_text: autoDraw = True
221.1400 	EXP 	LDT_fix_text: autoDraw = False
221.7409 	EXP 	Device response: <KeyPress from None: t=221.73766400000022, value=a, duration=None>
221.7411 	EXP 	New trial (rep=0, index=107): <Trial 107 (107 in rep 0) data={'Task': 'LDT', 'TrialType': 'Target', 'Stimuli': 'under', 'StimulusType': 'word', 'CorrectResponse': 'l', 'Trialnumb': 39, 'thisN': 107, 'thisTrialN': 107, 'thisRepN': 0}>
221.7490 	EXP 	LDT_fix_text: autoDraw = False
221.7490 	EXP 	LDT_stim_text: autoDraw = False
221.7490 	EXP 	LDT_break_text: autoDraw = False
221.7490 	EXP 	LDT_stim_text: height = np.float64(0.1)
221.7490 	EXP 	LDT_stim_text: height = np.float64(0.1)
221.7490 	EXP 	LDT_stim_text: height = np.float64(0.1)
221.7490 	EXP 	LDT_stim_text: text = 'under'
221.7490 	EXP 	LDT_fix_text: autoDraw = True
221.7495 	DATA 	Keypress: a
221.8744 	EXP 	Device response: <KeyPress from None: t=221.73766400000022, value=a, duration=0.13549020000027667>
222.2328 	EXP 	LDT_stim_text: autoDraw = True
222.2411 	EXP 	LDT_fix_text: autoDraw = False
222.7002 	EXP 	Device response: <KeyPress from None: t=222.6972511999993, value=l, duration=None>
222.7004 	EXP 	New trial (rep=0, index=108): <Trial 108 (108 in rep 0) data={'Task': 'LDT', 'TrialType': 'Target', 'Stimuli': 'spag', 'StimulusType': 'nonword', 'CorrectResponse': 'a', 'Trialnumb': 197, 'thisN': 108, 'thisTrialN': 108, 'thisRepN': 0}>
222.7083 	EXP 	LDT_fix_text: autoDraw = False
222.7083 	EXP 	LDT_stim_text: autoDraw = False
222.7083 	EXP 	LDT_break_text: autoDraw = False
222.7083 	EXP 	LDT_stim_text: height = np.float64(0.1)
222.7083 	EXP 	LDT_stim_text: height = np.float64(0.1)
222.7083 	EXP 	LDT_stim_text: height = np.float64(0.1)
222.7083 	EXP 	LDT_stim_text: text = 'spag'
222.7083 	EXP 	LDT_fix_text: autoDraw = True
222.7089 	DATA 	Keypress: l
222.7836 	EXP 	Device response: <KeyPress from None: t=222.6972511999993, value=l, duration=0.08000119999996969>
223.1921 	EXP 	LDT_stim_text: autoDraw = True
223.2004 	EXP 	LDT_fix_text: autoDraw = False
223.9264 	EXP 	Device response: <KeyPress from None: t=223.92076219999944, value=a, duration=None>
223.9267 	EXP 	New trial (rep=0, index=109): <Trial 109 (109 in rep 0) data={'Task': 'LDT', 'TrialType': 'Target', 'Stimuli': 'class', 'StimulusType': 'word', 'CorrectResponse': 'l', 'Trialnumb': 19, 'thisN': 109, 'thisTrialN': 109, 'thisRepN': 0}>
223.9345 	EXP 	LDT_fix_text: autoDraw = False
223.9345 	EXP 	LDT_stim_text: autoDraw = False
223.9345 	EXP 	LDT_break_text: autoDraw = False
223.9345 	EXP 	LDT_stim_text: height = np.float64(0.1)
223.9345 	EXP 	LDT_stim_text: height = np.float64(0.1)
223.9345 	EXP 	LDT_stim_text: height = np.float64(0.1)
223.9345 	EXP 	LDT_stim_text: text = 'class'
223.9345 	EXP 	LDT_fix_text: autoDraw = True
223.9350 	DATA 	Keypress: a
224.0432 	EXP 	Device response: <KeyPress from None: t=223.92076219999944, value=a, duration=0.12087489999976242>
224.4183 	EXP 	LDT_stim_text: autoDraw = True
224.4266 	EXP 	LDT_fix_text: autoDraw = False
224.8440 	EXP 	Device response: <KeyPress from None: t=224.84125459999996, value=l, duration=None>
224.8443 	EXP 	New trial (rep=0, index=110): <Trial 110 (110 in rep 0) data={'Task': 'LDT', 'TrialType': 'Target', 'Stimuli': 'tight', 'StimulusType': 'word', 'CorrectResponse': 'l', 'Trialnumb': 74, 'thisN': 110, 'thisTrialN': 110, 'thisRepN': 0}>
224.8520 	EXP 	LDT_fix_text: autoDraw = False
224.8520 	EXP 	LDT_stim_text: autoDraw = False
224.8520 	EXP 	LDT_break_text: autoDraw = False
224.8520 	EXP 	LDT_stim_text: height = np.float64(0.1)
224.8520 	EXP 	LDT_stim_text: height = np.float64(0.1)
224.8520 	EXP 	LDT_stim_text: height = np.float64(0.1)
224.8520 	EXP 	LDT_stim_text: text = 'tight'
224.8520 	EXP 	LDT_fix_text: autoDraw = True
224.8525 	DATA 	Keypress: l
224.9608 	EXP 	Device response: <KeyPress from None: t=224.84125459999996, value=l, duration=0.11246969999956491>
225.3359 	EXP 	LDT_stim_text: autoDraw = True
225.3442 	EXP 	LDT_fix_text: autoDraw = False
225.9868 	EXP 	Device response: <KeyPress from None: t=225.9862893999998, value=l, duration=None>
225.9870 	EXP 	New trial (rep=0, index=111): <Trial 111 (111 in rep 0) data={'Task': 'LDT', 'TrialType': 'Target', 'Stimuli': 'seon', 'StimulusType': 'nonword', 'CorrectResponse': 'a', 'Trialnumb': 189, 'thisN': 111, 'thisTrialN': 111, 'thisRepN': 0}>
225.9948 	EXP 	LDT_fix_text: autoDraw = False
225.9948 	EXP 	LDT_stim_text: autoDraw = False
225.9948 	EXP 	LDT_break_text: autoDraw = False
225.9948 	EXP 	LDT_stim_text: height = np.float64(0.1)
225.9948 	EXP 	LDT_stim_text: height = np.float64(0.1)
225.9948 	EXP 	LDT_stim_text: height = np.float64(0.1)
225.9948 	EXP 	LDT_stim_text: text = 'seon'
225.9948 	EXP 	LDT_fix_text: autoDraw = True
225.9954 	DATA 	Keypress: l
226.0869 	EXP 	Device response: <KeyPress from None: t=225.9862893999998, value=l, duration=0.09480810000059137>
226.4787 	EXP 	LDT_stim_text: autoDraw = True
226.4871 	EXP 	LDT_fix_text: autoDraw = False
227.0712 	EXP 	Device response: <KeyPress from None: t=227.06626060000053, value=a, duration=None>
227.0715 	EXP 	New trial (rep=0, index=112): <Trial 112 (112 in rep 0) data={'Task': 'LDT', 'TrialType': 'Target', 'Stimuli': 'stort', 'StimulusType': 'nonword', 'CorrectResponse': 'a', 'Trialnumb': 201, 'thisN': 112, 'thisTrialN': 112, 'thisRepN': 0}>
227.0793 	EXP 	LDT_fix_text: autoDraw = False
227.0793 	EXP 	LDT_stim_text: autoDraw = False
227.0793 	EXP 	LDT_break_text: autoDraw = False
227.0793 	EXP 	LDT_stim_text: height = np.float64(0.1)
227.0793 	EXP 	LDT_stim_text: height = np.float64(0.1)
227.0793 	EXP 	LDT_stim_text: height = np.float64(0.1)
227.0793 	EXP 	LDT_stim_text: text = 'stort'
227.0793 	EXP 	LDT_fix_text: autoDraw = True
227.0798 	DATA 	Keypress: a
227.1797 	EXP 	Device response: <KeyPress from None: t=227.06626060000053, value=a, duration=0.11232509999899776>
227.5631 	EXP 	LDT_stim_text: autoDraw = True
227.5715 	EXP 	LDT_fix_text: autoDraw = False
228.1807 	EXP 	Device response: <KeyPress from None: t=228.17720949999966, value=a, duration=None>
228.1809 	EXP 	New trial (rep=0, index=113): <Trial 113 (113 in rep 0) data={'Task': 'LDT', 'TrialType': 'Target', 'Stimuli': 'full', 'StimulusType': 'word', 'CorrectResponse': 'l', 'Trialnumb': 43, 'thisN': 113, 'thisTrialN': 113, 'thisRepN': 0}>
228.1887 	EXP 	LDT_fix_text: autoDraw = False
228.1887 	EXP 	LDT_stim_text: autoDraw = False
228.1887 	EXP 	LDT_break_text: autoDraw = False
228.1887 	EXP 	LDT_stim_text: height = np.float64(0.1)
228.1887 	EXP 	LDT_stim_text: height = np.float64(0.1)
228.1887 	EXP 	LDT_stim_text: height = np.float64(0.1)
228.1887 	EXP 	LDT_stim_text: text = 'full'
228.1887 	EXP 	LDT_fix_text: autoDraw = True
228.1892 	DATA 	Keypress: a
228.2807 	EXP 	Device response: <KeyPress from None: t=228.17720949999966, value=a, duration=0.09601430000111577>
228.6725 	EXP 	LDT_stim_text: autoDraw = True
228.6809 	EXP 	LDT_fix_text: autoDraw = False
229.1566 	EXP 	Device response: <KeyPress from None: t=229.1531262999997, value=l, duration=None>
229.1569 	EXP 	New trial (rep=0, index=114): <Trial 114 (114 in rep 0) data={'Task': 'LDT', 'TrialType': 'Target', 'Stimuli': 'vome', 'StimulusType': 'nonword', 'CorrectResponse': 'a', 'Trialnumb': 213, 'thisN': 114, 'thisTrialN': 114, 'thisRepN': 0}>
229.1647 	EXP 	LDT_fix_text: autoDraw = False
229.1647 	EXP 	LDT_stim_text: autoDraw = False
229.1647 	EXP 	LDT_break_text: autoDraw = False
229.1647 	EXP 	LDT_stim_text: height = np.float64(0.1)
229.1647 	EXP 	LDT_stim_text: height = np.float64(0.1)
229.1647 	EXP 	LDT_stim_text: height = np.float64(0.1)
229.1647 	EXP 	LDT_stim_text: text = 'vome'
229.1647 	EXP 	LDT_fix_text: autoDraw = True
229.1652 	DATA 	Keypress: l
229.2650 	EXP 	Device response: <KeyPress from None: t=229.1531262999997, value=l, duration=0.10408839999945485>
229.6485 	EXP 	LDT_stim_text: autoDraw = True
229.6568 	EXP 	LDT_fix_text: autoDraw = False
230.2661 	EXP 	Device response: <KeyPress from None: t=230.26548449999973, value=a, duration=None>
230.2663 	EXP 	New trial (rep=0, index=115): <Trial 115 (115 in rep 0) data={'Task': 'LDT', 'TrialType': 'Target', 'Stimuli': 'bint', 'StimulusType': 'nonword', 'CorrectResponse': 'a', 'Trialnumb': 122, 'thisN': 115, 'thisTrialN': 115, 'thisRepN': 0}>
230.2742 	EXP 	LDT_fix_text: autoDraw = False
230.2742 	EXP 	LDT_stim_text: autoDraw = False
230.2742 	EXP 	LDT_break_text: autoDraw = False
230.2742 	EXP 	LDT_stim_text: height = np.float64(0.1)
230.2742 	EXP 	LDT_stim_text: height = np.float64(0.1)
230.2742 	EXP 	LDT_stim_text: height = np.float64(0.1)
230.2742 	EXP 	LDT_stim_text: text = 'bint'
230.2742 	EXP 	LDT_fix_text: autoDraw = True
230.2749 	DATA 	Keypress: a
230.3662 	EXP 	Device response: <KeyPress from None: t=230.26548449999973, value=a, duration=0.09558610000021872>
230.7579 	EXP 	LDT_stim_text: autoDraw = True
230.7663 	EXP 	LDT_fix_text: autoDraw = False
231.3756 	EXP 	Device response: <KeyPress from None: t=231.36895240000013, value=a, duration=None>
231.3759 	EXP 	New trial (rep=0, index=116): <Trial 116 (116 in rep 0) data={'Task': 'LDT', 'TrialType': 'Target', 'Stimuli': 'trin', 'StimulusType': 'nonword', 'CorrectResponse': 'a', 'Trialnumb': 207, 'thisN': 116, 'thisTrialN': 116, 'thisRepN': 0}>
231.3836 	EXP 	LDT_fix_text: autoDraw = False
231.3836 	EXP 	LDT_stim_text: autoDraw = False
231.3836 	EXP 	LDT_break_text: autoDraw = False
231.3836 	EXP 	LDT_stim_text: height = np.float64(0.1)
231.3836 	EXP 	LDT_stim_text: height = np.float64(0.1)
231.3836 	EXP 	LDT_stim_text: height = np.float64(0.1)
231.3836 	EXP 	LDT_stim_text: text = 'trin'
231.3836 	EXP 	LDT_fix_text: autoDraw = True
231.3844 	DATA 	Keypress: a
231.4924 	EXP 	Device response: <KeyPress from None: t=231.36895240000013, value=a, duration=0.12067759999990813>
231.8674 	EXP 	LDT_stim_text: autoDraw = True
231.8758 	EXP 	LDT_fix_text: autoDraw = False
232.3849 	EXP 	Device response: <KeyPress from None: t=232.37775650000003, value=a, duration=None>
232.3851 	EXP 	New trial (rep=0, index=117): <Trial 117 (117 in rep 0) data={'Task': 'LDT', 'TrialType': 'Target', 'Stimuli': 'kear', 'StimulusType': 'nonword', 'CorrectResponse': 'a', 'Trialnumb': 163, 'thisN': 117, 'thisTrialN': 117, 'thisRepN': 0}>
232.3929 	EXP 	LDT_fix_text: autoDraw = False
232.3929 	EXP 	LDT_stim_text: autoDraw = False
232.3929 	EXP 	LDT_break_text: autoDraw = False
232.3929 	EXP 	LDT_stim_text: height = np.float64(0.1)
232.3929 	EXP 	LDT_stim_text: height = np.float64(0.1)
232.3929 	EXP 	LDT_stim_text: height = np.float64(0.1)
232.3929 	EXP 	LDT_stim_text: text = 'kear'
232.3929 	EXP 	LDT_fix_text: autoDraw = True
232.3934 	DATA 	Keypress: a
232.5017 	EXP 	Device response: <KeyPress from None: t=232.37775650000003, value=a, duration=0.11987829999998212>
232.8767 	EXP 	LDT_stim_text: autoDraw = True
232.8851 	EXP 	LDT_fix_text: autoDraw = False
233.2941 	EXP 	Device response: <KeyPress from None: t=233.2895736999999, value=a, duration=None>
233.2944 	EXP 	New trial (rep=0, index=118): <Trial 118 (118 in rep 0) data={'Task': 'LDT', 'TrialType': 'Target', 'Stimuli': 'pair', 'StimulusType': 'word', 'CorrectResponse': 'l', 'Trialnumb': 81, 'thisN': 118, 'thisTrialN': 118, 'thisRepN': 0}>
233.3021 	EXP 	LDT_fix_text: autoDraw = False
233.3021 	EXP 	LDT_stim_text: autoDraw = False
233.3021 	EXP 	LDT_break_text: autoDraw = False
233.3021 	EXP 	LDT_stim_text: height = np.float64(0.1)
233.3021 	EXP 	LDT_stim_text: height = np.float64(0.1)
233.3021 	EXP 	LDT_stim_text: height = np.float64(0.1)
233.3021 	EXP 	LDT_stim_text: text = 'pair'
233.3021 	EXP 	LDT_fix_text: autoDraw = True
233.3028 	DATA 	Keypress: a
233.3862 	EXP 	Device response: <KeyPress from None: t=233.2895736999999, value=a, duration=0.09584549999999581>
233.7860 	EXP 	LDT_stim_text: autoDraw = True
233.7943 	EXP 	LDT_fix_text: autoDraw = False
234.2785 	EXP 	Device response: <KeyPress from None: t=234.2734978999997, value=l, duration=None>
234.2788 	EXP 	New trial (rep=0, index=119): <Trial 119 (119 in rep 0) data={'Task': 'LDT', 'TrialType': 'Target', 'Stimuli': 'wass', 'StimulusType': 'nonword', 'CorrectResponse': 'a', 'Trialnumb': 215, 'thisN': 119, 'thisTrialN': 119, 'thisRepN': 0}>
234.2865 	EXP 	LDT_fix_text: autoDraw = False
234.2865 	EXP 	LDT_stim_text: autoDraw = False
234.2865 	EXP 	LDT_break_text: autoDraw = False
234.2865 	EXP 	LDT_stim_text: height = np.float64(0.1)
234.2865 	EXP 	LDT_stim_text: height = np.float64(0.1)
234.2865 	EXP 	LDT_stim_text: height = np.float64(0.1)
234.2865 	EXP 	LDT_stim_text: text = 'wass'
234.2865 	EXP 	LDT_fix_text: autoDraw = True
234.2870 	DATA 	Keypress: l
234.3703 	EXP 	Device response: <KeyPress from None: t=234.2734978999997, value=l, duration=0.08918230000017502>
234.7703 	EXP 	LDT_stim_text: autoDraw = True
234.7786 	EXP 	LDT_fix_text: autoDraw = False
235.4712 	EXP 	Device response: <KeyPress from None: t=235.46497760000057, value=a, duration=None>
235.4793 	EXP 	LDT_fix_text: autoDraw = False
235.4793 	EXP 	LDT_stim_text: autoDraw = False
235.4793 	EXP 	LDT_break_text: autoDraw = True
235.4800 	DATA 	Keypress: a
235.6132 	EXP 	Device response: <KeyPress from None: t=235.46497760000057, value=a, duration=0.1438319999997475>
237.9821 	EXP 	Device response: <KeyPress from None: t=237.97756280000067, value=space, duration=None>
237.9823 	EXP 	New trial (rep=0, index=120): <Trial 120 (120 in rep 0) data={'Task': 'LDT', 'TrialType': 'Target', 'Stimuli': 'hoal', 'StimulusType': 'nonword', 'CorrectResponse': 'a', 'Trialnumb': 154, 'thisN': 120, 'thisTrialN': 120, 'thisRepN': 0}>
237.9902 	EXP 	LDT_break_text: autoDraw = False
237.9902 	EXP 	LDT_stim_text: height = np.float64(0.1)
237.9902 	EXP 	LDT_stim_text: height = np.float64(0.1)
237.9902 	EXP 	LDT_stim_text: height = np.float64(0.1)
237.9902 	EXP 	LDT_stim_text: text = 'hoal'
237.9902 	EXP 	LDT_fix_text: autoDraw = True
237.9907 	DATA 	Keypress: space
238.0739 	EXP 	Device response: <KeyPress from None: t=237.97756280000067, value=space, duration=0.09591360000013083>
238.4740 	EXP 	LDT_stim_text: autoDraw = True
238.4823 	EXP 	LDT_fix_text: autoDraw = False
239.1916 	EXP 	Device response: <KeyPress from None: t=239.18556659999922, value=a, duration=None>
239.1919 	EXP 	New trial (rep=0, index=121): <Trial 121 (121 in rep 0) data={'Task': 'LDT', 'TrialType': 'Target', 'Stimuli': 'unit', 'StimulusType': 'word', 'CorrectResponse': 'l', 'Trialnumb': 82, 'thisN': 121, 'thisTrialN': 121, 'thisRepN': 0}>
239.1997 	EXP 	LDT_fix_text: autoDraw = False
239.1997 	EXP 	LDT_stim_text: autoDraw = False
239.1997 	EXP 	LDT_break_text: autoDraw = False
239.1997 	EXP 	LDT_stim_text: height = np.float64(0.1)
239.1997 	EXP 	LDT_stim_text: height = np.float64(0.1)
239.1997 	EXP 	LDT_stim_text: height = np.float64(0.1)
239.1997 	EXP 	LDT_stim_text: text = 'unit'
239.1997 	EXP 	LDT_fix_text: autoDraw = True
239.2001 	DATA 	Keypress: a
239.3251 	EXP 	Device response: <KeyPress from None: t=239.18556659999922, value=a, duration=0.13579670000035549>
239.6835 	EXP 	LDT_stim_text: autoDraw = True
239.6919 	EXP 	LDT_fix_text: autoDraw = False
240.5013 	EXP 	Device response: <KeyPress from None: t=240.49765819999993, value=l, duration=None>
240.5016 	EXP 	New trial (rep=0, index=122): <Trial 122 (122 in rep 0) data={'Task': 'LDT', 'TrialType': 'Target', 'Stimuli': 'loje', 'StimulusType': 'nonword', 'CorrectResponse': 'a', 'Trialnumb': 171, 'thisN': 122, 'thisTrialN': 122, 'thisRepN': 0}>
240.5093 	EXP 	LDT_fix_text: autoDraw = False
240.5093 	EXP 	LDT_stim_text: autoDraw = False
240.5093 	EXP 	LDT_break_text: autoDraw = False
240.5093 	EXP 	LDT_stim_text: height = np.float64(0.1)
240.5093 	EXP 	LDT_stim_text: height = np.float64(0.1)
240.5093 	EXP 	LDT_stim_text: height = np.float64(0.1)
240.5093 	EXP 	LDT_stim_text: text = 'loje'
240.5093 	EXP 	LDT_fix_text: autoDraw = True
240.5099 	DATA 	Keypress: l
240.6181 	EXP 	Device response: <KeyPress from None: t=240.49765819999993, value=l, duration=0.11978350000026694>
240.9931 	EXP 	LDT_stim_text: autoDraw = True
241.0015 	EXP 	LDT_fix_text: autoDraw = False
241.7693 	EXP 	Device response: <KeyPress from None: t=241.76144740000018, value=a, duration=None>
241.7695 	EXP 	New trial (rep=0, index=123): <Trial 123 (123 in rep 0) data={'Task': 'LDT', 'TrialType': 'Target', 'Stimuli': 'left', 'StimulusType': 'word', 'CorrectResponse': 'l', 'Trialnumb': 27, 'thisN': 123, 'thisTrialN': 123, 'thisRepN': 0}>
241.7773 	EXP 	LDT_fix_text: autoDraw = False
241.7773 	EXP 	LDT_stim_text: autoDraw = False
241.7773 	EXP 	LDT_break_text: autoDraw = False
241.7773 	EXP 	LDT_stim_text: height = np.float64(0.1)
241.7773 	EXP 	LDT_stim_text: height = np.float64(0.1)
241.7773 	EXP 	LDT_stim_text: height = np.float64(0.1)
241.7773 	EXP 	LDT_stim_text: text = 'left'
241.7773 	EXP 	LDT_fix_text: autoDraw = True
241.7779 	DATA 	Keypress: a
241.8861 	EXP 	Device response: <KeyPress from None: t=241.76144740000018, value=a, duration=0.12003039999945031>
242.2611 	EXP 	LDT_stim_text: autoDraw = True
242.2694 	EXP 	LDT_fix_text: autoDraw = False
242.7618 	EXP 	Device response: <KeyPress from None: t=242.76088829999935, value=l, duration=None>
242.7621 	EXP 	New trial (rep=0, index=124): <Trial 124 (124 in rep 0) data={'Task': 'LDT', 'TrialType': 'Target', 'Stimuli': 'chat', 'StimulusType': 'word', 'CorrectResponse': 'l', 'Trialnumb': 103, 'thisN': 124, 'thisTrialN': 124, 'thisRepN': 0}>
242.7699 	EXP 	LDT_fix_text: autoDraw = False
242.7699 	EXP 	LDT_stim_text: autoDraw = False
242.7699 	EXP 	LDT_break_text: autoDraw = False
242.7699 	EXP 	LDT_stim_text: height = np.float64(0.1)
242.7699 	EXP 	LDT_stim_text: height = np.float64(0.1)
242.7699 	EXP 	LDT_stim_text: height = np.float64(0.1)
242.7699 	EXP 	LDT_stim_text: text = 'chat'
242.7699 	EXP 	LDT_fix_text: autoDraw = True
242.7705 	DATA 	Keypress: l
242.8870 	EXP 	Device response: <KeyPress from None: t=242.76088829999935, value=l, duration=0.12054950000128883>
243.2538 	EXP 	LDT_stim_text: autoDraw = True
243.2621 	EXP 	LDT_fix_text: autoDraw = False
243.7630 	EXP 	Device response: <KeyPress from None: t=243.7617148999998, value=l, duration=None>
243.7632 	EXP 	New trial (rep=0, index=125): <Trial 125 (125 in rep 0) data={'Task': 'LDT', 'TrialType': 'Target', 'Stimuli': 'yine', 'StimulusType': 'nonword', 'CorrectResponse': 'a', 'Trialnumb': 220, 'thisN': 125, 'thisTrialN': 125, 'thisRepN': 0}>
243.7710 	EXP 	LDT_fix_text: autoDraw = False
243.7710 	EXP 	LDT_stim_text: autoDraw = False
243.7710 	EXP 	LDT_break_text: autoDraw = False
243.7710 	EXP 	LDT_stim_text: height = np.float64(0.1)
243.7710 	EXP 	LDT_stim_text: height = np.float64(0.1)
243.7710 	EXP 	LDT_stim_text: height = np.float64(0.1)
243.7710 	EXP 	LDT_stim_text: text = 'yine'
243.7710 	EXP 	LDT_fix_text: autoDraw = True
243.7715 	DATA 	Keypress: l
243.9130 	EXP 	Device response: <KeyPress from None: t=243.7617148999998, value=l, duration=0.14408580000053917>
244.2548 	EXP 	LDT_stim_text: autoDraw = True
244.2631 	EXP 	LDT_fix_text: autoDraw = False
245.3811 	EXP 	Device response: <KeyPress from None: t=245.3784386999996, value=a, duration=None>
245.3814 	EXP 	New trial (rep=0, index=126): <Trial 126 (126 in rep 0) data={'Task': 'LDT', 'TrialType': 'Target', 'Stimuli': 'toop', 'StimulusType': 'nonword', 'CorrectResponse': 'a', 'Trialnumb': 204, 'thisN': 126, 'thisTrialN': 126, 'thisRepN': 0}>
245.3892 	EXP 	LDT_fix_text: autoDraw = False
245.3892 	EXP 	LDT_stim_text: autoDraw = False
245.3892 	EXP 	LDT_break_text: autoDraw = False
245.3892 	EXP 	LDT_stim_text: height = np.float64(0.1)
245.3892 	EXP 	LDT_stim_text: height = np.float64(0.1)
245.3892 	EXP 	LDT_stim_text: height = np.float64(0.1)
245.3892 	EXP 	LDT_stim_text: text = 'toop'
245.3892 	EXP 	LDT_fix_text: autoDraw = True
245.3897 	DATA 	Keypress: a
245.4979 	EXP 	Device response: <KeyPress from None: t=245.3784386999996, value=a, duration=0.11887380000007397>
245.8730 	EXP 	LDT_stim_text: autoDraw = True
245.8813 	EXP 	LDT_fix_text: autoDraw = False
246.5739 	EXP 	Device response: <KeyPress from None: t=246.5690599999998, value=a, duration=None>
246.5742 	EXP 	New trial (rep=0, index=127): <Trial 127 (127 in rep 0) data={'Task': 'LDT', 'TrialType': 'Target', 'Stimuli': 'plue', 'StimulusType': 'nonword', 'CorrectResponse': 'a', 'Trialnumb': 181, 'thisN': 127, 'thisTrialN': 127, 'thisRepN': 0}>
246.5821 	EXP 	LDT_fix_text: autoDraw = False
246.5821 	EXP 	LDT_stim_text: autoDraw = False
246.5821 	EXP 	LDT_break_text: autoDraw = False
246.5821 	EXP 	LDT_stim_text: height = np.float64(0.1)
246.5821 	EXP 	LDT_stim_text: height = np.float64(0.1)
246.5821 	EXP 	LDT_stim_text: height = np.float64(0.1)
246.5821 	EXP 	LDT_stim_text: text = 'plue'
246.5821 	EXP 	LDT_fix_text: autoDraw = True
246.5826 	DATA 	Keypress: a
246.7075 	EXP 	Device response: <KeyPress from None: t=246.5690599999998, value=a, duration=0.13581370000065363>
247.0659 	EXP 	LDT_stim_text: autoDraw = True
247.0742 	EXP 	LDT_fix_text: autoDraw = False
247.9838 	EXP 	Device response: <KeyPress from None: t=247.9775793000008, value=a, duration=None>
247.9841 	EXP 	New trial (rep=0, index=128): <Trial 128 (128 in rep 0) data={'Task': 'LDT', 'TrialType': 'Target', 'Stimuli': 'club', 'StimulusType': 'word', 'CorrectResponse': 'l', 'Trialnumb': 64, 'thisN': 128, 'thisTrialN': 128, 'thisRepN': 0}>
247.9918 	EXP 	LDT_fix_text: autoDraw = False
247.9918 	EXP 	LDT_stim_text: autoDraw = False
247.9918 	EXP 	LDT_break_text: autoDraw = False
247.9918 	EXP 	LDT_stim_text: height = np.float64(0.1)
247.9918 	EXP 	LDT_stim_text: height = np.float64(0.1)
247.9918 	EXP 	LDT_stim_text: height = np.float64(0.1)
247.9918 	EXP 	LDT_stim_text: text = 'club'
247.9918 	EXP 	LDT_fix_text: autoDraw = True
247.9923 	DATA 	Keypress: a
248.1172 	EXP 	Device response: <KeyPress from None: t=247.9775793000008, value=a, duration=0.13594309999825782>
248.4756 	EXP 	LDT_stim_text: autoDraw = True
248.4839 	EXP 	LDT_fix_text: autoDraw = False
249.1182 	EXP 	Device response: <KeyPress from None: t=249.11323919999995, value=l, duration=None>
249.1184 	EXP 	New trial (rep=0, index=129): <Trial 129 (129 in rep 0) data={'Task': 'LDT', 'TrialType': 'Target', 'Stimuli': 'party', 'StimulusType': 'word', 'CorrectResponse': 'l', 'Trialnumb': 59, 'thisN': 129, 'thisTrialN': 129, 'thisRepN': 0}>
249.1262 	EXP 	LDT_fix_text: autoDraw = False
249.1262 	EXP 	LDT_stim_text: autoDraw = False
249.1262 	EXP 	LDT_break_text: autoDraw = False
249.1262 	EXP 	LDT_stim_text: height = np.float64(0.1)
249.1262 	EXP 	LDT_stim_text: height = np.float64(0.1)
249.1262 	EXP 	LDT_stim_text: height = np.float64(0.1)
249.1262 	EXP 	LDT_stim_text: text = 'party'
249.1262 	EXP 	LDT_fix_text: autoDraw = True
249.1267 	DATA 	Keypress: l
249.2767 	EXP 	Device response: <KeyPress from None: t=249.11323919999995, value=l, duration=0.16037300000061805>
249.6101 	EXP 	LDT_stim_text: autoDraw = True
249.6184 	EXP 	LDT_fix_text: autoDraw = False
250.0691 	EXP 	Device response: <KeyPress from None: t=250.06579720000082, value=l, duration=None>
250.0693 	EXP 	New trial (rep=0, index=130): <Trial 130 (130 in rep 0) data={'Task': 'LDT', 'TrialType': 'Target', 'Stimuli': 'high', 'StimulusType': 'word', 'CorrectResponse': 'l', 'Trialnumb': 16, 'thisN': 130, 'thisTrialN': 130, 'thisRepN': 0}>
250.0772 	EXP 	LDT_fix_text: autoDraw = False
250.0772 	EXP 	LDT_stim_text: autoDraw = False
250.0772 	EXP 	LDT_break_text: autoDraw = False
250.0772 	EXP 	LDT_stim_text: height = np.float64(0.1)
250.0772 	EXP 	LDT_stim_text: height = np.float64(0.1)
250.0772 	EXP 	LDT_stim_text: height = np.float64(0.1)
250.0772 	EXP 	LDT_stim_text: text = 'high'
250.0772 	EXP 	LDT_fix_text: autoDraw = True
250.0777 	DATA 	Keypress: l
250.2193 	EXP 	Device response: <KeyPress from None: t=250.06579720000082, value=l, duration=0.15141789999870525>
250.5610 	EXP 	LDT_stim_text: autoDraw = True
250.5694 	EXP 	LDT_fix_text: autoDraw = False
251.1536 	EXP 	Device response: <KeyPress from None: t=251.15327509999952, value=l, duration=None>
251.1538 	EXP 	New trial (rep=0, index=131): <Trial 131 (131 in rep 0) data={'Task': 'LDT', 'TrialType': 'Target', 'Stimuli': 'short', 'StimulusType': 'word', 'CorrectResponse': 'l', 'Trialnumb': 50, 'thisN': 131, 'thisTrialN': 131, 'thisRepN': 0}>
251.1616 	EXP 	LDT_fix_text: autoDraw = False
251.1616 	EXP 	LDT_stim_text: autoDraw = False
251.1616 	EXP 	LDT_break_text: autoDraw = False
251.1616 	EXP 	LDT_stim_text: height = np.float64(0.1)
251.1616 	EXP 	LDT_stim_text: height = np.float64(0.1)
251.1616 	EXP 	LDT_stim_text: height = np.float64(0.1)
251.1616 	EXP 	LDT_stim_text: text = 'short'
251.1616 	EXP 	LDT_fix_text: autoDraw = True
251.1622 	DATA 	Keypress: l
251.3372 	EXP 	Device response: <KeyPress from None: t=251.15327509999952, value=l, duration=0.1758678999995027>
251.6454 	EXP 	LDT_stim_text: autoDraw = True
251.6538 	EXP 	LDT_fix_text: autoDraw = False
252.1129 	EXP 	Device response: <KeyPress from None: t=252.1050283000004, value=l, duration=None>
252.1132 	EXP 	New trial (rep=0, index=132): <Trial 132 (132 in rep 0) data={'Task': 'LDT', 'TrialType': 'Target', 'Stimuli': 'week', 'StimulusType': 'word', 'CorrectResponse': 'l', 'Trialnumb': 28, 'thisN': 132, 'thisTrialN': 132, 'thisRepN': 0}>
252.1209 	EXP 	LDT_fix_text: autoDraw = False
252.1209 	EXP 	LDT_stim_text: autoDraw = False
252.1209 	EXP 	LDT_break_text: autoDraw = False
252.1209 	EXP 	LDT_stim_text: height = np.float64(0.1)
252.1209 	EXP 	LDT_stim_text: height = np.float64(0.1)
252.1209 	EXP 	LDT_stim_text: height = np.float64(0.1)
252.1209 	EXP 	LDT_stim_text: text = 'week'
252.1209 	EXP 	LDT_fix_text: autoDraw = True
252.1215 	DATA 	Keypress: l
252.3215 	EXP 	Device response: <KeyPress from None: t=252.1050283000004, value=l, duration=0.208042000000205>
252.6048 	EXP 	LDT_stim_text: autoDraw = True
252.6131 	EXP 	LDT_fix_text: autoDraw = False
253.2056 	EXP 	Device response: <KeyPress from None: t=253.2010709999995, value=l, duration=None>
253.2058 	EXP 	New trial (rep=0, index=133): <Trial 133 (133 in rep 0) data={'Task': 'LDT', 'TrialType': 'Target', 'Stimuli': 'smat', 'StimulusType': 'nonword', 'CorrectResponse': 'a', 'Trialnumb': 195, 'thisN': 133, 'thisTrialN': 133, 'thisRepN': 0}>
253.2137 	EXP 	LDT_fix_text: autoDraw = False
253.2137 	EXP 	LDT_stim_text: autoDraw = False
253.2137 	EXP 	LDT_break_text: autoDraw = False
253.2137 	EXP 	LDT_stim_text: height = np.float64(0.1)
253.2137 	EXP 	LDT_stim_text: height = np.float64(0.1)
253.2137 	EXP 	LDT_stim_text: height = np.float64(0.1)
253.2137 	EXP 	LDT_stim_text: text = 'smat'
253.2137 	EXP 	LDT_fix_text: autoDraw = True
253.2142 	DATA 	Keypress: l
253.3892 	EXP 	Device response: <KeyPress from None: t=253.2010709999995, value=l, duration=0.18515020000086224>
253.6975 	EXP 	LDT_stim_text: autoDraw = True
253.7058 	EXP 	LDT_fix_text: autoDraw = False
254.8489 	EXP 	Device response: <KeyPress from None: t=254.84170239999912, value=a, duration=None>
254.8492 	EXP 	New trial (rep=0, index=134): <Trial 134 (134 in rep 0) data={'Task': 'LDT', 'TrialType': 'Target', 'Stimuli': 'long', 'StimulusType': 'word', 'CorrectResponse': 'l', 'Trialnumb': 6, 'thisN': 134, 'thisTrialN': 134, 'thisRepN': 0}>
254.8570 	EXP 	LDT_fix_text: autoDraw = False
254.8570 	EXP 	LDT_stim_text: autoDraw = False
254.8570 	EXP 	LDT_break_text: autoDraw = False
254.8570 	EXP 	LDT_stim_text: height = np.float64(0.1)
254.8570 	EXP 	LDT_stim_text: height = np.float64(0.1)
254.8570 	EXP 	LDT_stim_text: height = np.float64(0.1)
254.8570 	EXP 	LDT_stim_text: text = 'long'
254.8570 	EXP 	LDT_fix_text: autoDraw = True
254.8575 	DATA 	Keypress: a
255.0074 	EXP 	Device response: <KeyPress from None: t=254.84170239999912, value=a, duration=0.15965649999998277>
255.3408 	EXP 	LDT_stim_text: autoDraw = True
255.3491 	EXP 	LDT_fix_text: autoDraw = False
255.7915 	EXP 	Device response: <KeyPress from None: t=255.78535379999994, value=l, duration=None>
255.7917 	EXP 	New trial (rep=0, index=135): <Trial 135 (135 in rep 0) data={'Task': 'LDT', 'TrialType': 'Target', 'Stimuli': 'hirs', 'StimulusType': 'nonword', 'CorrectResponse': 'a', 'Trialnumb': 153, 'thisN': 135, 'thisTrialN': 135, 'thisRepN': 0}>
255.7996 	EXP 	LDT_fix_text: autoDraw = False
255.7996 	EXP 	LDT_stim_text: autoDraw = False
255.7996 	EXP 	LDT_break_text: autoDraw = False
255.7996 	EXP 	LDT_stim_text: height = np.float64(0.1)
255.7996 	EXP 	LDT_stim_text: height = np.float64(0.1)
255.7996 	EXP 	LDT_stim_text: height = np.float64(0.1)
255.7996 	EXP 	LDT_stim_text: text = 'hirs'
255.7996 	EXP 	LDT_fix_text: autoDraw = True
255.8001 	DATA 	Keypress: l
255.9167 	EXP 	Device response: <KeyPress from None: t=255.78535379999994, value=l, duration=0.1274757999999565>
256.2834 	EXP 	LDT_stim_text: autoDraw = True
256.2919 	EXP 	LDT_fix_text: autoDraw = False
257.0262 	EXP 	Device response: <KeyPress from None: t=257.02498170000035, value=a, duration=None>
257.0264 	EXP 	New trial (rep=0, index=136): <Trial 136 (136 in rep 0) data={'Task': 'LDT', 'TrialType': 'Target', 'Stimuli': 'trip', 'StimulusType': 'word', 'CorrectResponse': 'l', 'Trialnumb': 35, 'thisN': 136, 'thisTrialN': 136, 'thisRepN': 0}>
257.0341 	EXP 	LDT_fix_text: autoDraw = False
257.0341 	EXP 	LDT_stim_text: autoDraw = False
257.0341 	EXP 	LDT_break_text: autoDraw = False
257.0341 	EXP 	LDT_stim_text: height = np.float64(0.1)
257.0341 	EXP 	LDT_stim_text: height = np.float64(0.1)
257.0341 	EXP 	LDT_stim_text: height = np.float64(0.1)
257.0341 	EXP 	LDT_stim_text: text = 'trip'
257.0341 	EXP 	LDT_fix_text: autoDraw = True
257.0346 	DATA 	Keypress: a
257.1428 	EXP 	Device response: <KeyPress from None: t=257.02498170000035, value=a, duration=0.11253790000046138>
257.5179 	EXP 	LDT_stim_text: autoDraw = True
257.5263 	EXP 	LDT_fix_text: autoDraw = False
258.0438 	EXP 	Device response: <KeyPress from None: t=258.0407746000001, value=l, duration=None>
258.0440 	EXP 	New trial (rep=0, index=137): <Trial 137 (137 in rep 0) data={'Task': 'LDT', 'TrialType': 'Target', 'Stimuli': 'fere', 'StimulusType': 'nonword', 'CorrectResponse': 'a', 'Trialnumb': 140, 'thisN': 137, 'thisTrialN': 137, 'thisRepN': 0}>
258.0518 	EXP 	LDT_fix_text: autoDraw = False
258.0518 	EXP 	LDT_stim_text: autoDraw = False
258.0518 	EXP 	LDT_break_text: autoDraw = False
258.0518 	EXP 	LDT_stim_text: height = np.float64(0.1)
258.0518 	EXP 	LDT_stim_text: height = np.float64(0.1)
258.0518 	EXP 	LDT_stim_text: height = np.float64(0.1)
258.0518 	EXP 	LDT_stim_text: text = 'fere'
258.0518 	EXP 	LDT_fix_text: autoDraw = True
258.0524 	DATA 	Keypress: l
258.1772 	EXP 	Device response: <KeyPress from None: t=258.0407746000001, value=l, duration=0.128071799999816>
258.5356 	EXP 	LDT_stim_text: autoDraw = True
258.5440 	EXP 	LDT_fix_text: autoDraw = False
259.1533 	EXP 	Device response: <KeyPress from None: t=259.14538619999985, value=a, duration=None>
259.1536 	EXP 	New trial (rep=0, index=138): <Trial 138 (138 in rep 0) data={'Task': 'LDT', 'TrialType': 'Target', 'Stimuli': 'gead', 'StimulusType': 'nonword', 'CorrectResponse': 'a', 'Trialnumb': 145, 'thisN': 138, 'thisTrialN': 138, 'thisRepN': 0}>
259.1613 	EXP 	LDT_fix_text: autoDraw = False
259.1613 	EXP 	LDT_stim_text: autoDraw = False
259.1613 	EXP 	LDT_break_text: autoDraw = False
259.1613 	EXP 	LDT_stim_text: height = np.float64(0.1)
259.1613 	EXP 	LDT_stim_text: height = np.float64(0.1)
259.1613 	EXP 	LDT_stim_text: height = np.float64(0.1)
259.1613 	EXP 	LDT_stim_text: text = 'gead'
259.1613 	EXP 	LDT_fix_text: autoDraw = True
259.1618 	DATA 	Keypress: a
259.2616 	EXP 	Device response: <KeyPress from None: t=259.14538619999985, value=a, duration=0.11310299999968265>
259.6451 	EXP 	LDT_stim_text: autoDraw = True
259.6534 	EXP 	LDT_fix_text: autoDraw = False
260.2209 	EXP 	Device response: <KeyPress from None: t=260.21844389999933, value=a, duration=None>
260.2211 	EXP 	New trial (rep=0, index=139): <Trial 139 (139 in rep 0) data={'Task': 'LDT', 'TrialType': 'Target', 'Stimuli': 'sife', 'StimulusType': 'nonword', 'CorrectResponse': 'a', 'Trialnumb': 192, 'thisN': 139, 'thisTrialN': 139, 'thisRepN': 0}>
260.2290 	EXP 	LDT_fix_text: autoDraw = False
260.2290 	EXP 	LDT_stim_text: autoDraw = False
260.2290 	EXP 	LDT_break_text: autoDraw = False
260.2290 	EXP 	LDT_stim_text: height = np.float64(0.1)
260.2290 	EXP 	LDT_stim_text: height = np.float64(0.1)
260.2290 	EXP 	LDT_stim_text: height = np.float64(0.1)
260.2290 	EXP 	LDT_stim_text: text = 'sife'
260.2290 	EXP 	LDT_fix_text: autoDraw = True
260.2296 	DATA 	Keypress: a
260.3294 	EXP 	Device response: <KeyPress from None: t=260.21844389999933, value=a, duration=0.11036280000007537>
260.7128 	EXP 	LDT_stim_text: autoDraw = True
260.7211 	EXP 	LDT_fix_text: autoDraw = False
261.2803 	EXP 	Device response: <KeyPress from None: t=261.2731029000006, value=a, duration=None>
261.2807 	EXP 	New trial (rep=0, index=140): <Trial 140 (140 in rep 0) data={'Task': 'LDT', 'TrialType': 'Target', 'Stimuli': 'junk', 'StimulusType': 'word', 'CorrectResponse': 'l', 'Trialnumb': 105, 'thisN': 140, 'thisTrialN': 140, 'thisRepN': 0}>
261.2884 	EXP 	LDT_fix_text: autoDraw = False
261.2884 	EXP 	LDT_stim_text: autoDraw = False
261.2884 	EXP 	LDT_break_text: autoDraw = False
261.2884 	EXP 	LDT_stim_text: height = np.float64(0.1)
261.2884 	EXP 	LDT_stim_text: height = np.float64(0.1)
261.2884 	EXP 	LDT_stim_text: height = np.float64(0.1)
261.2884 	EXP 	LDT_stim_text: text = 'junk'
261.2884 	EXP 	LDT_fix_text: autoDraw = True
261.2889 	DATA 	Keypress: a
261.3971 	EXP 	Device response: <KeyPress from None: t=261.2731029000006, value=a, duration=0.1198313999993843>
261.7722 	EXP 	LDT_stim_text: autoDraw = True
261.7805 	EXP 	LDT_fix_text: autoDraw = False
262.4899 	EXP 	Device response: <KeyPress from None: t=262.48952160000044, value=l, duration=None>
262.4901 	EXP 	New trial (rep=0, index=141): <Trial 141 (141 in rep 0) data={'Task': 'LDT', 'TrialType': 'Target', 'Stimuli': 'music', 'StimulusType': 'word', 'CorrectResponse': 'l', 'Trialnumb': 13, 'thisN': 141, 'thisTrialN': 141, 'thisRepN': 0}>
262.4979 	EXP 	LDT_fix_text: autoDraw = False
262.4979 	EXP 	LDT_stim_text: autoDraw = False
262.4979 	EXP 	LDT_break_text: autoDraw = False
262.4979 	EXP 	LDT_stim_text: height = np.float64(0.1)
262.4979 	EXP 	LDT_stim_text: height = np.float64(0.1)
262.4979 	EXP 	LDT_stim_text: height = np.float64(0.1)
262.4979 	EXP 	LDT_stim_text: text = 'music'
262.4979 	EXP 	LDT_fix_text: autoDraw = True
262.4985 	DATA 	Keypress: l
262.6400 	EXP 	Device response: <KeyPress from None: t=262.48952160000044, value=l, duration=0.14347079999970447>
262.9817 	EXP 	LDT_stim_text: autoDraw = True
262.9901 	EXP 	LDT_fix_text: autoDraw = False
263.4407 	EXP 	Device response: <KeyPress from None: t=263.4329397999991, value=l, duration=None>
263.4410 	EXP 	New trial (rep=0, index=142): <Trial 142 (142 in rep 0) data={'Task': 'LDT', 'TrialType': 'Target', 'Stimuli': 'part', 'StimulusType': 'word', 'CorrectResponse': 'l', 'Trialnumb': 17, 'thisN': 142, 'thisTrialN': 142, 'thisRepN': 0}>
263.4488 	EXP 	LDT_fix_text: autoDraw = False
263.4488 	EXP 	LDT_stim_text: autoDraw = False
263.4488 	EXP 	LDT_break_text: autoDraw = False
263.4488 	EXP 	LDT_stim_text: height = np.float64(0.1)
263.4488 	EXP 	LDT_stim_text: height = np.float64(0.1)
263.4488 	EXP 	LDT_stim_text: height = np.float64(0.1)
263.4488 	EXP 	LDT_stim_text: text = 'part'
263.4488 	EXP 	LDT_fix_text: autoDraw = True
263.4494 	DATA 	Keypress: l
263.5744 	EXP 	Device response: <KeyPress from None: t=263.4329397999991, value=l, duration=0.13651970000137226>
263.9327 	EXP 	LDT_stim_text: autoDraw = True
263.9410 	EXP 	LDT_fix_text: autoDraw = False
264.3501 	EXP 	Device response: <KeyPress from None: t=264.3452087000005, value=l, duration=None>
264.3503 	EXP 	New trial (rep=0, index=143): <Trial 143 (143 in rep 0) data={'Task': 'LDT', 'TrialType': 'Target', 'Stimuli': 'borm', 'StimulusType': 'nonword', 'CorrectResponse': 'a', 'Trialnumb': 124, 'thisN': 143, 'thisTrialN': 143, 'thisRepN': 0}>
264.3581 	EXP 	LDT_fix_text: autoDraw = False
264.3581 	EXP 	LDT_stim_text: autoDraw = False
264.3581 	EXP 	LDT_break_text: autoDraw = False
264.3581 	EXP 	LDT_stim_text: height = np.float64(0.1)
264.3581 	EXP 	LDT_stim_text: height = np.float64(0.1)
264.3581 	EXP 	LDT_stim_text: height = np.float64(0.1)
264.3581 	EXP 	LDT_stim_text: text = 'borm'
264.3581 	EXP 	LDT_fix_text: autoDraw = True
264.3586 	DATA 	Keypress: l
264.4335 	EXP 	Device response: <KeyPress from None: t=264.3452087000005, value=l, duration=0.0804214999989199>
264.8419 	EXP 	LDT_stim_text: autoDraw = True
264.8503 	EXP 	LDT_fix_text: autoDraw = False
265.6099 	EXP 	Device response: <KeyPress from None: t=265.6095688000005, value=l, duration=None>
265.6182 	EXP 	New trial (rep=0, index=144): <Trial 144 (144 in rep 0) data={'Task': 'LDT', 'TrialType': 'Target', 'Stimuli': 'seft', 'StimulusType': 'nonword', 'CorrectResponse': 'a', 'Trialnumb': 188, 'thisN': 144, 'thisTrialN': 144, 'thisRepN': 0}>
265.6195 	DATA 	Keypress: l
265.6260 	EXP 	LDT_fix_text: autoDraw = False
265.6260 	EXP 	LDT_stim_text: autoDraw = False
265.6260 	EXP 	LDT_break_text: autoDraw = False
265.6260 	EXP 	LDT_stim_text: height = np.float64(0.1)
265.6260 	EXP 	LDT_stim_text: height = np.float64(0.1)
265.6260 	EXP 	LDT_stim_text: height = np.float64(0.1)
265.6260 	EXP 	LDT_stim_text: text = 'seft'
265.6260 	EXP 	LDT_fix_text: autoDraw = True
265.6930 	EXP 	Device response: <KeyPress from None: t=265.6095688000005, value=l, duration=0.07980139999926905>
266.1098 	EXP 	LDT_stim_text: autoDraw = True
266.1182 	EXP 	LDT_fix_text: autoDraw = False
267.0778 	EXP 	Device response: <KeyPress from None: t=267.0732559999997, value=a, duration=None>
267.0780 	EXP 	New trial (rep=0, index=145): <Trial 145 (145 in rep 0) data={'Task': 'LDT', 'TrialType': 'Target', 'Stimuli': 'reach', 'StimulusType': 'word', 'CorrectResponse': 'l', 'Trialnumb': 72, 'thisN': 145, 'thisTrialN': 145, 'thisRepN': 0}>
267.0858 	EXP 	LDT_fix_text: autoDraw = False
267.0858 	EXP 	LDT_stim_text: autoDraw = False
267.0858 	EXP 	LDT_break_text: autoDraw = False
267.0858 	EXP 	LDT_stim_text: height = np.float64(0.1)
267.0858 	EXP 	LDT_stim_text: height = np.float64(0.1)
267.0858 	EXP 	LDT_stim_text: height = np.float64(0.1)
267.0858 	EXP 	LDT_stim_text: text = 'reach'
267.0858 	EXP 	LDT_fix_text: autoDraw = True
267.0863 	DATA 	Keypress: a
267.1696 	EXP 	Device response: <KeyPress from None: t=267.0732559999997, value=a, duration=0.08808619999945222>
267.5696 	EXP 	LDT_stim_text: autoDraw = True
267.5780 	EXP 	LDT_fix_text: autoDraw = False
268.2873 	EXP 	Device response: <KeyPress from None: t=268.2813363000005, value=l, duration=None>
268.2875 	EXP 	New trial (rep=0, index=146): <Trial 146 (146 in rep 0) data={'Task': 'LDT', 'TrialType': 'Target', 'Stimuli': 'stad', 'StimulusType': 'nonword', 'CorrectResponse': 'a', 'Trialnumb': 116, 'thisN': 146, 'thisTrialN': 146, 'thisRepN': 0}>
268.2955 	EXP 	LDT_fix_text: autoDraw = False
268.2955 	EXP 	LDT_stim_text: autoDraw = False
268.2955 	EXP 	LDT_break_text: autoDraw = False
268.2955 	EXP 	LDT_stim_text: height = np.float64(0.1)
268.2955 	EXP 	LDT_stim_text: height = np.float64(0.1)
268.2955 	EXP 	LDT_stim_text: height = np.float64(0.1)
268.2955 	EXP 	LDT_stim_text: text = 'stad'
268.2955 	EXP 	LDT_fix_text: autoDraw = True
268.2961 	DATA 	Keypress: l
268.3791 	EXP 	Device response: <KeyPress from None: t=268.2813363000005, value=l, duration=0.08953639999890584>
268.7792 	EXP 	LDT_stim_text: autoDraw = True
268.7875 	EXP 	LDT_fix_text: autoDraw = False
269.3800 	EXP 	Device response: <KeyPress from None: t=269.37764659999993, value=a, duration=None>
269.3802 	EXP 	New trial (rep=0, index=147): <Trial 147 (147 in rep 0) data={'Task': 'LDT', 'TrialType': 'Target', 'Stimuli': 'sloy', 'StimulusType': 'nonword', 'CorrectResponse': 'a', 'Trialnumb': 194, 'thisN': 147, 'thisTrialN': 147, 'thisRepN': 0}>
269.3882 	EXP 	LDT_fix_text: autoDraw = False
269.3882 	EXP 	LDT_stim_text: autoDraw = False
269.3882 	EXP 	LDT_break_text: autoDraw = False
269.3882 	EXP 	LDT_stim_text: height = np.float64(0.1)
269.3882 	EXP 	LDT_stim_text: height = np.float64(0.1)
269.3882 	EXP 	LDT_stim_text: height = np.float64(0.1)
269.3882 	EXP 	LDT_stim_text: text = 'sloy'
269.3882 	EXP 	LDT_fix_text: autoDraw = True
269.3887 	DATA 	Keypress: a
269.4801 	EXP 	Device response: <KeyPress from None: t=269.37764659999993, value=a, duration=0.09512490000088292>
269.8719 	EXP 	LDT_stim_text: autoDraw = True
269.8803 	EXP 	LDT_fix_text: autoDraw = False
270.5145 	EXP 	Device response: <KeyPress from None: t=270.5135050000008, value=a, duration=None>
270.5148 	EXP 	New trial (rep=0, index=148): <Trial 148 (148 in rep 0) data={'Task': 'LDT', 'TrialType': 'Target', 'Stimuli': 'area', 'StimulusType': 'word', 'CorrectResponse': 'l', 'Trialnumb': 49, 'thisN': 148, 'thisTrialN': 148, 'thisRepN': 0}>
270.5226 	EXP 	LDT_fix_text: autoDraw = False
270.5226 	EXP 	LDT_stim_text: autoDraw = False
270.5226 	EXP 	LDT_break_text: autoDraw = False
270.5226 	EXP 	LDT_stim_text: height = np.float64(0.1)
270.5226 	EXP 	LDT_stim_text: height = np.float64(0.1)
270.5226 	EXP 	LDT_stim_text: height = np.float64(0.1)
270.5226 	EXP 	LDT_stim_text: text = 'area'
270.5226 	EXP 	LDT_fix_text: autoDraw = True
270.5232 	DATA 	Keypress: a
270.6313 	EXP 	Device response: <KeyPress from None: t=270.5135050000008, value=a, duration=0.11258439999983239>
271.0064 	EXP 	LDT_stim_text: autoDraw = True
271.0147 	EXP 	LDT_fix_text: autoDraw = False
271.6323 	EXP 	Device response: <KeyPress from None: t=271.62480739999955, value=l, duration=None>
271.6325 	EXP 	New trial (rep=0, index=149): <Trial 149 (149 in rep 0) data={'Task': 'LDT', 'TrialType': 'Target', 'Stimuli': 'tran', 'StimulusType': 'nonword', 'CorrectResponse': 'a', 'Trialnumb': 206, 'thisN': 149, 'thisTrialN': 149, 'thisRepN': 0}>
271.6404 	EXP 	LDT_fix_text: autoDraw = False
271.6404 	EXP 	LDT_stim_text: autoDraw = False
271.6404 	EXP 	LDT_break_text: autoDraw = False
271.6404 	EXP 	LDT_stim_text: height = np.float64(0.1)
271.6404 	EXP 	LDT_stim_text: height = np.float64(0.1)
271.6404 	EXP 	LDT_stim_text: height = np.float64(0.1)
271.6404 	EXP 	LDT_stim_text: text = 'tran'
271.6404 	EXP 	LDT_fix_text: autoDraw = True
271.6409 	DATA 	Keypress: l
271.7492 	EXP 	Device response: <KeyPress from None: t=271.62480739999955, value=l, duration=0.12081399999988207>
272.1242 	EXP 	LDT_stim_text: autoDraw = True
272.1325 	EXP 	LDT_fix_text: autoDraw = False
272.8419 	EXP 	Device response: <KeyPress from None: t=272.83367670000007, value=a, duration=None>
272.8422 	EXP 	New trial (rep=0, index=150): <Trial 150 (150 in rep 0) data={'Task': 'LDT', 'TrialType': 'Target', 'Stimuli': 'tuse', 'StimulusType': 'nonword', 'CorrectResponse': 'a', 'Trialnumb': 209, 'thisN': 150, 'thisTrialN': 150, 'thisRepN': 0}>
272.8436 	DATA 	Keypress: a
272.8499 	EXP 	LDT_fix_text: autoDraw = False
272.8499 	EXP 	LDT_stim_text: autoDraw = False
272.8499 	EXP 	LDT_break_text: autoDraw = False
272.8499 	EXP 	LDT_stim_text: height = np.float64(0.1)
272.8499 	EXP 	LDT_stim_text: height = np.float64(0.1)
272.8499 	EXP 	LDT_stim_text: height = np.float64(0.1)
272.8499 	EXP 	LDT_stim_text: text = 'tuse'
272.8499 	EXP 	LDT_fix_text: autoDraw = True
272.9420 	EXP 	Device response: <KeyPress from None: t=272.83367670000007, value=a, duration=0.1039321000007476>
273.3338 	EXP 	LDT_stim_text: autoDraw = True
273.3421 	EXP 	LDT_fix_text: autoDraw = False
274.0013 	EXP 	Device response: <KeyPress from None: t=273.9935151999998, value=a, duration=None>
274.0016 	EXP 	New trial (rep=0, index=151): <Trial 151 (151 in rep 0) data={'Task': 'LDT', 'TrialType': 'Target', 'Stimuli': 'yast', 'StimulusType': 'nonword', 'CorrectResponse': 'a', 'Trialnumb': 218, 'thisN': 151, 'thisTrialN': 151, 'thisRepN': 0}>
274.0095 	EXP 	LDT_fix_text: autoDraw = False
274.0095 	EXP 	LDT_stim_text: autoDraw = False
274.0095 	EXP 	LDT_break_text: autoDraw = False
274.0095 	EXP 	LDT_stim_text: height = np.float64(0.1)
274.0095 	EXP 	LDT_stim_text: height = np.float64(0.1)
274.0095 	EXP 	LDT_stim_text: height = np.float64(0.1)
274.0095 	EXP 	LDT_stim_text: text = 'yast'
274.0095 	EXP 	LDT_fix_text: autoDraw = True
274.0100 	DATA 	Keypress: a
274.1182 	EXP 	Device response: <KeyPress from None: t=273.9935151999998, value=a, duration=0.1198168999999325>
274.4932 	EXP 	LDT_stim_text: autoDraw = True
274.5015 	EXP 	LDT_fix_text: autoDraw = False
275.0108 	EXP 	Device response: <KeyPress from None: t=275.00911760000054, value=a, duration=None>
275.0111 	EXP 	New trial (rep=0, index=152): <Trial 152 (152 in rep 0) data={'Task': 'LDT', 'TrialType': 'Target', 'Stimuli': 'slim', 'StimulusType': 'word', 'CorrectResponse': 'l', 'Trialnumb': 111, 'thisN': 152, 'thisTrialN': 152, 'thisRepN': 0}>
275.0187 	EXP 	LDT_fix_text: autoDraw = False
275.0187 	EXP 	LDT_stim_text: autoDraw = False
275.0187 	EXP 	LDT_break_text: autoDraw = False
275.0187 	EXP 	LDT_stim_text: height = np.float64(0.1)
275.0187 	EXP 	LDT_stim_text: height = np.float64(0.1)
275.0187 	EXP 	LDT_stim_text: height = np.float64(0.1)
275.0187 	EXP 	LDT_stim_text: text = 'slim'
275.0187 	EXP 	LDT_fix_text: autoDraw = True
275.0193 	DATA 	Keypress: a
275.1358 	EXP 	Device response: <KeyPress from None: t=275.00911760000054, value=a, duration=0.12115540000013425>
275.5025 	EXP 	LDT_stim_text: autoDraw = True
275.5109 	EXP 	LDT_fix_text: autoDraw = False
276.5538 	EXP 	Device response: <KeyPress from None: t=276.55282160000024, value=l, duration=None>
276.5541 	EXP 	New trial (rep=0, index=153): <Trial 153 (153 in rep 0) data={'Task': 'LDT', 'TrialType': 'Target', 'Stimuli': 'serve', 'StimulusType': 'word', 'CorrectResponse': 'l', 'Trialnumb': 80, 'thisN': 153, 'thisTrialN': 153, 'thisRepN': 0}>
276.5620 	EXP 	LDT_fix_text: autoDraw = False
276.5620 	EXP 	LDT_stim_text: autoDraw = False
276.5620 	EXP 	LDT_break_text: autoDraw = False
276.5620 	EXP 	LDT_stim_text: height = np.float64(0.1)
276.5620 	EXP 	LDT_stim_text: height = np.float64(0.1)
276.5620 	EXP 	LDT_stim_text: height = np.float64(0.1)
276.5620 	EXP 	LDT_stim_text: text = 'serve'
276.5620 	EXP 	LDT_fix_text: autoDraw = True
276.5626 	DATA 	Keypress: l
276.6791 	EXP 	Device response: <KeyPress from None: t=276.55282160000024, value=l, duration=0.12036299999999756>
277.0458 	EXP 	LDT_stim_text: autoDraw = True
277.0541 	EXP 	LDT_fix_text: autoDraw = False
277.8802 	EXP 	Device response: <KeyPress from None: t=277.8735648999991, value=l, duration=None>
277.8804 	EXP 	New trial (rep=0, index=154): <Trial 154 (154 in rep 0) data={'Task': 'LDT', 'TrialType': 'Target', 'Stimuli': 'dass', 'StimulusType': 'nonword', 'CorrectResponse': 'a', 'Trialnumb': 135, 'thisN': 154, 'thisTrialN': 154, 'thisRepN': 0}>
277.8882 	EXP 	LDT_fix_text: autoDraw = False
277.8882 	EXP 	LDT_stim_text: autoDraw = False
277.8882 	EXP 	LDT_break_text: autoDraw = False
277.8882 	EXP 	LDT_stim_text: height = np.float64(0.1)
277.8882 	EXP 	LDT_stim_text: height = np.float64(0.1)
277.8882 	EXP 	LDT_stim_text: height = np.float64(0.1)
277.8882 	EXP 	LDT_stim_text: text = 'dass'
277.8882 	EXP 	LDT_fix_text: autoDraw = True
277.8887 	DATA 	Keypress: l
277.9970 	EXP 	Device response: <KeyPress from None: t=277.8735648999991, value=l, duration=0.11984860000120534>
278.3721 	EXP 	LDT_stim_text: autoDraw = True
278.3804 	EXP 	LDT_fix_text: autoDraw = False
279.0814 	EXP 	Device response: <KeyPress from None: t=279.0737530000006, value=a, duration=None>
279.0816 	EXP 	New trial (rep=0, index=155): <Trial 155 (155 in rep 0) data={'Task': 'LDT', 'TrialType': 'Target', 'Stimuli': 'data', 'StimulusType': 'word', 'CorrectResponse': 'l', 'Trialnumb': 41, 'thisN': 155, 'thisTrialN': 155, 'thisRepN': 0}>
279.0894 	EXP 	LDT_fix_text: autoDraw = False
279.0894 	EXP 	LDT_stim_text: autoDraw = False
279.0894 	EXP 	LDT_break_text: autoDraw = False
279.0894 	EXP 	LDT_stim_text: height = np.float64(0.1)
279.0894 	EXP 	LDT_stim_text: height = np.float64(0.1)
279.0894 	EXP 	LDT_stim_text: height = np.float64(0.1)
279.0894 	EXP 	LDT_stim_text: text = 'data'
279.0894 	EXP 	LDT_fix_text: autoDraw = True
279.0900 	DATA 	Keypress: a
279.1982 	EXP 	Device response: <KeyPress from None: t=279.0737530000006, value=a, duration=0.1193554999990738>
279.5733 	EXP 	LDT_stim_text: autoDraw = True
279.5816 	EXP 	LDT_fix_text: autoDraw = False
280.1659 	EXP 	Device response: <KeyPress from None: t=280.16151440000067, value=l, duration=None>
280.1661 	EXP 	New trial (rep=0, index=156): <Trial 156 (156 in rep 0) data={'Task': 'LDT', 'TrialType': 'Target', 'Stimuli': 'gali', 'StimulusType': 'nonword', 'CorrectResponse': 'a', 'Trialnumb': 113, 'thisN': 156, 'thisTrialN': 156, 'thisRepN': 0}>
280.1739 	EXP 	LDT_fix_text: autoDraw = False
280.1739 	EXP 	LDT_stim_text: autoDraw = False
280.1739 	EXP 	LDT_break_text: autoDraw = False
280.1739 	EXP 	LDT_stim_text: height = np.float64(0.1)
280.1739 	EXP 	LDT_stim_text: height = np.float64(0.1)
280.1739 	EXP 	LDT_stim_text: height = np.float64(0.1)
280.1739 	EXP 	LDT_stim_text: text = 'gali'
280.1739 	EXP 	LDT_fix_text: autoDraw = True
280.1744 	DATA 	Keypress: l
280.2827 	EXP 	Device response: <KeyPress from None: t=280.16151440000067, value=l, duration=0.11952239999845915>
280.6577 	EXP 	LDT_stim_text: autoDraw = True
280.6660 	EXP 	LDT_fix_text: autoDraw = False
281.4588 	EXP 	Device response: <KeyPress from None: t=281.4572867000006, value=a, duration=None>
281.4591 	EXP 	New trial (rep=0, index=157): <Trial 157 (157 in rep 0) data={'Task': 'LDT', 'TrialType': 'Target', 'Stimuli': 'kell', 'StimulusType': 'nonword', 'CorrectResponse': 'a', 'Trialnumb': 164, 'thisN': 157, 'thisTrialN': 157, 'thisRepN': 0}>
281.4668 	EXP 	LDT_fix_text: autoDraw = False
281.4668 	EXP 	LDT_stim_text: autoDraw = False
281.4668 	EXP 	LDT_break_text: autoDraw = False
281.4668 	EXP 	LDT_stim_text: height = np.float64(0.1)
281.4668 	EXP 	LDT_stim_text: height = np.float64(0.1)
281.4668 	EXP 	LDT_stim_text: height = np.float64(0.1)
281.4668 	EXP 	LDT_stim_text: text = 'kell'
281.4668 	EXP 	LDT_fix_text: autoDraw = True
281.4673 	DATA 	Keypress: a
281.5505 	EXP 	Device response: <KeyPress from None: t=281.4572867000006, value=a, duration=0.0891511999998329>
281.9506 	EXP 	LDT_stim_text: autoDraw = True
281.9590 	EXP 	LDT_fix_text: autoDraw = False
282.4181 	EXP 	Device response: <KeyPress from None: t=282.41753450000033, value=a, duration=None>
282.4183 	EXP 	New trial (rep=0, index=158): <Trial 158 (158 in rep 0) data={'Task': 'LDT', 'TrialType': 'Target', 'Stimuli': 'chase', 'StimulusType': 'word', 'CorrectResponse': 'l', 'Trialnumb': 86, 'thisN': 158, 'thisTrialN': 158, 'thisRepN': 0}>
282.4261 	EXP 	LDT_fix_text: autoDraw = False
282.4261 	EXP 	LDT_stim_text: autoDraw = False
282.4261 	EXP 	LDT_break_text: autoDraw = False
282.4261 	EXP 	LDT_stim_text: height = np.float64(0.1)
282.4261 	EXP 	LDT_stim_text: height = np.float64(0.1)
282.4261 	EXP 	LDT_stim_text: height = np.float64(0.1)
282.4261 	EXP 	LDT_stim_text: text = 'chase'
282.4261 	EXP 	LDT_fix_text: autoDraw = True
282.4266 	DATA 	Keypress: a
282.5432 	EXP 	Device response: <KeyPress from None: t=282.41753450000033, value=a, duration=0.11959449999994831>
282.9099 	EXP 	LDT_stim_text: autoDraw = True
282.9183 	EXP 	LDT_fix_text: autoDraw = False
283.6526 	EXP 	Device response: <KeyPress from None: t=283.6496375000006, value=l, duration=None>
283.6528 	EXP 	New trial (rep=0, index=159): <Trial 159 (159 in rep 0) data={'Task': 'LDT', 'TrialType': 'Target', 'Stimuli': 'buy', 'StimulusType': 'word', 'CorrectResponse': 'l', 'Trialnumb': 25, 'thisN': 159, 'thisTrialN': 159, 'thisRepN': 0}>
283.6607 	EXP 	LDT_fix_text: autoDraw = False
283.6607 	EXP 	LDT_stim_text: autoDraw = False
283.6607 	EXP 	LDT_break_text: autoDraw = False
283.6607 	EXP 	LDT_stim_text: height = np.float64(0.1)
283.6607 	EXP 	LDT_stim_text: height = np.float64(0.1)
283.6607 	EXP 	LDT_stim_text: height = np.float64(0.1)
283.6607 	EXP 	LDT_stim_text: text = 'buy'
283.6607 	EXP 	LDT_fix_text: autoDraw = True
283.6613 	DATA 	Keypress: l
283.7778 	EXP 	Device response: <KeyPress from None: t=283.6496375000006, value=l, duration=0.12743539999974018>
284.1445 	EXP 	LDT_stim_text: autoDraw = True
284.1528 	EXP 	LDT_fix_text: autoDraw = False
284.8621 	EXP 	Device response: <KeyPress from None: t=284.8576267999997, value=l, duration=None>
284.8623 	EXP 	New trial (rep=0, index=160): <Trial 160 (160 in rep 0) data={'Task': 'LDT', 'TrialType': 'Target', 'Stimuli': 'cing', 'StimulusType': 'nonword', 'CorrectResponse': 'a', 'Trialnumb': 127, 'thisN': 160, 'thisTrialN': 160, 'thisRepN': 0}>
284.8703 	EXP 	LDT_fix_text: autoDraw = False
284.8703 	EXP 	LDT_stim_text: autoDraw = False
284.8703 	EXP 	LDT_break_text: autoDraw = False
284.8703 	EXP 	LDT_stim_text: height = np.float64(0.1)
284.8703 	EXP 	LDT_stim_text: height = np.float64(0.1)
284.8703 	EXP 	LDT_stim_text: height = np.float64(0.1)
284.8703 	EXP 	LDT_stim_text: text = 'cing'
284.8703 	EXP 	LDT_fix_text: autoDraw = True
284.8708 	DATA 	Keypress: l
284.9624 	EXP 	Device response: <KeyPress from None: t=284.8576267999997, value=l, duration=0.1038315000005241>
285.3540 	EXP 	LDT_stim_text: autoDraw = True
285.3624 	EXP 	LDT_fix_text: autoDraw = False
285.9799 	EXP 	Device response: <KeyPress from None: t=285.97741440000027, value=a, duration=None>
285.9802 	EXP 	New trial (rep=0, index=161): <Trial 161 (161 in rep 0) data={'Task': 'LDT', 'TrialType': 'Target', 'Stimuli': 'sad', 'StimulusType': 'word', 'CorrectResponse': 'l', 'Trialnumb': 69, 'thisN': 161, 'thisTrialN': 161, 'thisRepN': 0}>
285.9880 	EXP 	LDT_fix_text: autoDraw = False
285.9880 	EXP 	LDT_stim_text: autoDraw = False
285.9880 	EXP 	LDT_break_text: autoDraw = False
285.9880 	EXP 	LDT_stim_text: height = np.float64(0.1)
285.9880 	EXP 	LDT_stim_text: height = np.float64(0.1)
285.9880 	EXP 	LDT_stim_text: height = np.float64(0.1)
285.9880 	EXP 	LDT_stim_text: text = 'sad'
285.9880 	EXP 	LDT_fix_text: autoDraw = True
285.9886 	DATA 	Keypress: a
286.1051 	EXP 	Device response: <KeyPress from None: t=285.97741440000027, value=a, duration=0.11940229999891017>
286.4718 	EXP 	LDT_stim_text: autoDraw = True
286.4801 	EXP 	LDT_fix_text: autoDraw = False
287.0228 	EXP 	Device response: <KeyPress from None: t=287.0173035000007, value=l, duration=None>
287.0230 	EXP 	New trial (rep=0, index=162): <Trial 162 (162 in rep 0) data={'Task': 'LDT', 'TrialType': 'Target', 'Stimuli': 'loak', 'StimulusType': 'nonword', 'CorrectResponse': 'a', 'Trialnumb': 169, 'thisN': 162, 'thisTrialN': 162, 'thisRepN': 0}>
287.0307 	EXP 	LDT_fix_text: autoDraw = False
287.0307 	EXP 	LDT_stim_text: autoDraw = False
287.0307 	EXP 	LDT_break_text: autoDraw = False
287.0307 	EXP 	LDT_stim_text: height = np.float64(0.1)
287.0307 	EXP 	LDT_stim_text: height = np.float64(0.1)
287.0307 	EXP 	LDT_stim_text: height = np.float64(0.1)
287.0307 	EXP 	LDT_stim_text: text = 'loak'
287.0307 	EXP 	LDT_fix_text: autoDraw = True
287.0313 	DATA 	Keypress: l
287.1478 	EXP 	Device response: <KeyPress from None: t=287.0173035000007, value=l, duration=0.12923739999860118>
287.5145 	EXP 	LDT_stim_text: autoDraw = True
287.5228 	EXP 	LDT_fix_text: autoDraw = False
288.2488 	EXP 	Device response: <KeyPress from None: t=288.24139490000016, value=a, duration=None>
288.2490 	EXP 	New trial (rep=0, index=163): <Trial 163 (163 in rep 0) data={'Task': 'LDT', 'TrialType': 'Target', 'Stimuli': 'warm', 'StimulusType': 'word', 'CorrectResponse': 'l', 'Trialnumb': 60, 'thisN': 163, 'thisTrialN': 163, 'thisRepN': 0}>
288.2569 	EXP 	LDT_fix_text: autoDraw = False
288.2569 	EXP 	LDT_stim_text: autoDraw = False
288.2569 	EXP 	LDT_break_text: autoDraw = False
288.2569 	EXP 	LDT_stim_text: height = np.float64(0.1)
288.2569 	EXP 	LDT_stim_text: height = np.float64(0.1)
288.2569 	EXP 	LDT_stim_text: height = np.float64(0.1)
288.2569 	EXP 	LDT_stim_text: text = 'warm'
288.2569 	EXP 	LDT_fix_text: autoDraw = True
288.2575 	DATA 	Keypress: a
288.3740 	EXP 	Device response: <KeyPress from None: t=288.24139490000016, value=a, duration=0.12746359999982815>
288.7408 	EXP 	LDT_stim_text: autoDraw = True
288.7491 	EXP 	LDT_fix_text: autoDraw = False
289.2834 	EXP 	Device response: <KeyPress from None: t=289.28152059999957, value=l, duration=None>
289.2837 	EXP 	New trial (rep=0, index=164): <Trial 164 (164 in rep 0) data={'Task': 'LDT', 'TrialType': 'Target', 'Stimuli': 'drove', 'StimulusType': 'word', 'CorrectResponse': 'l', 'Trialnumb': 90, 'thisN': 164, 'thisTrialN': 164, 'thisRepN': 0}>
289.2914 	EXP 	LDT_fix_text: autoDraw = False
289.2914 	EXP 	LDT_stim_text: autoDraw = False
289.2914 	EXP 	LDT_break_text: autoDraw = False
289.2914 	EXP 	LDT_stim_text: height = np.float64(0.1)
289.2914 	EXP 	LDT_stim_text: height = np.float64(0.1)
289.2914 	EXP 	LDT_stim_text: height = np.float64(0.1)
289.2914 	EXP 	LDT_stim_text: text = 'drove'
289.2914 	EXP 	LDT_fix_text: autoDraw = True
289.2919 	DATA 	Keypress: l
289.3584 	EXP 	Device response: <KeyPress from None: t=289.28152059999957, value=l, duration=0.07132590000037453>
289.7751 	EXP 	LDT_stim_text: autoDraw = True
289.7834 	EXP 	LDT_fix_text: autoDraw = False
291.0684 	EXP 	Device response: <KeyPress from None: t=291.06525449999936, value=l, duration=None>
291.0686 	EXP 	New trial (rep=0, index=165): <Trial 165 (165 in rep 0) data={'Task': 'LDT', 'TrialType': 'Target', 'Stimuli': 'wake', 'StimulusType': 'word', 'CorrectResponse': 'l', 'Trialnumb': 63, 'thisN': 165, 'thisTrialN': 165, 'thisRepN': 0}>
291.0764 	EXP 	LDT_fix_text: autoDraw = False
291.0764 	EXP 	LDT_stim_text: autoDraw = False
291.0764 	EXP 	LDT_break_text: autoDraw = False
291.0764 	EXP 	LDT_stim_text: height = np.float64(0.1)
291.0764 	EXP 	LDT_stim_text: height = np.float64(0.1)
291.0764 	EXP 	LDT_stim_text: height = np.float64(0.1)
291.0764 	EXP 	LDT_stim_text: text = 'wake'
291.0764 	EXP 	LDT_fix_text: autoDraw = True
291.0770 	DATA 	Keypress: l
291.1601 	EXP 	Device response: <KeyPress from None: t=291.06525449999936, value=l, duration=0.08794330000091577>
291.5602 	EXP 	LDT_stim_text: autoDraw = True
291.5685 	EXP 	LDT_fix_text: autoDraw = False
292.5698 	EXP 	Device response: <KeyPress from None: t=292.5615448999997, value=l, duration=None>
292.5701 	EXP 	New trial (rep=0, index=166): <Trial 166 (166 in rep 0) data={'Task': 'LDT', 'TrialType': 'Target', 'Stimuli': 'anto', 'StimulusType': 'nonword', 'CorrectResponse': 'a', 'Trialnumb': 117, 'thisN': 166, 'thisTrialN': 166, 'thisRepN': 0}>
292.5713 	DATA 	Keypress: l
292.5779 	EXP 	LDT_fix_text: autoDraw = False
292.5779 	EXP 	LDT_stim_text: autoDraw = False
292.5779 	EXP 	LDT_break_text: autoDraw = False
292.5779 	EXP 	LDT_stim_text: height = np.float64(0.1)
292.5779 	EXP 	LDT_stim_text: height = np.float64(0.1)
292.5779 	EXP 	LDT_stim_text: height = np.float64(0.1)
292.5779 	EXP 	LDT_stim_text: text = 'anto'
292.5779 	EXP 	LDT_fix_text: autoDraw = True
292.6532 	EXP 	Device response: <KeyPress from None: t=292.5615448999997, value=l, duration=0.08907480000016221>
293.0617 	EXP 	LDT_stim_text: autoDraw = True
293.0700 	EXP 	LDT_fix_text: autoDraw = False
293.7961 	EXP 	Device response: <KeyPress from None: t=293.7934645000005, value=a, duration=None>
293.7963 	EXP 	New trial (rep=0, index=167): <Trial 167 (167 in rep 0) data={'Task': 'LDT', 'TrialType': 'Target', 'Stimuli': 'beah', 'StimulusType': 'nonword', 'CorrectResponse': 'a', 'Trialnumb': 119, 'thisN': 167, 'thisTrialN': 167, 'thisRepN': 0}>
293.8041 	EXP 	LDT_fix_text: autoDraw = False
293.8041 	EXP 	LDT_stim_text: autoDraw = False
293.8041 	EXP 	LDT_break_text: autoDraw = False
293.8041 	EXP 	LDT_stim_text: height = np.float64(0.1)
293.8041 	EXP 	LDT_stim_text: height = np.float64(0.1)
293.8041 	EXP 	LDT_stim_text: height = np.float64(0.1)
293.8041 	EXP 	LDT_stim_text: text = 'beah'
293.8041 	EXP 	LDT_fix_text: autoDraw = True
293.8047 	DATA 	Keypress: a
293.9295 	EXP 	Device response: <KeyPress from None: t=293.7934645000005, value=a, duration=0.128508799998599>
294.2879 	EXP 	LDT_stim_text: autoDraw = True
294.2963 	EXP 	LDT_fix_text: autoDraw = False
295.3977 	EXP 	Device response: <KeyPress from None: t=295.3942771000002, value=a, duration=None>
295.3979 	EXP 	New trial (rep=0, index=168): <Trial 168 (168 in rep 0) data={'Task': 'LDT', 'TrialType': 'Target', 'Stimuli': 'feek', 'StimulusType': 'nonword', 'CorrectResponse': 'a', 'Trialnumb': 139, 'thisN': 168, 'thisTrialN': 168, 'thisRepN': 0}>
295.4057 	EXP 	LDT_fix_text: autoDraw = False
295.4057 	EXP 	LDT_stim_text: autoDraw = False
295.4057 	EXP 	LDT_break_text: autoDraw = False
295.4057 	EXP 	LDT_stim_text: height = np.float64(0.1)
295.4057 	EXP 	LDT_stim_text: height = np.float64(0.1)
295.4057 	EXP 	LDT_stim_text: height = np.float64(0.1)
295.4057 	EXP 	LDT_stim_text: text = 'feek'
295.4057 	EXP 	LDT_fix_text: autoDraw = True
295.4063 	DATA 	Keypress: a
295.4810 	EXP 	Device response: <KeyPress from None: t=295.3942771000002, value=a, duration=0.07935399999951187>
295.8895 	EXP 	LDT_stim_text: autoDraw = True
295.8979 	EXP 	LDT_fix_text: autoDraw = False
296.6489 	EXP 	Device response: <KeyPress from None: t=296.6412641000006, value=a, duration=None>
296.6491 	EXP 	New trial (rep=0, index=169): <Trial 169 (169 in rep 0) data={'Task': 'LDT', 'TrialType': 'Target', 'Stimuli': 'spum', 'StimulusType': 'nonword', 'CorrectResponse': 'a', 'Trialnumb': 198, 'thisN': 169, 'thisTrialN': 169, 'thisRepN': 0}>
296.6569 	EXP 	LDT_fix_text: autoDraw = False
296.6569 	EXP 	LDT_stim_text: autoDraw = False
296.6569 	EXP 	LDT_break_text: autoDraw = False
296.6569 	EXP 	LDT_stim_text: height = np.float64(0.1)
296.6569 	EXP 	LDT_stim_text: height = np.float64(0.1)
296.6569 	EXP 	LDT_stim_text: height = np.float64(0.1)
296.6569 	EXP 	LDT_stim_text: text = 'spum'
296.6569 	EXP 	LDT_fix_text: autoDraw = True
296.6575 	DATA 	Keypress: a
296.7406 	EXP 	Device response: <KeyPress from None: t=296.6412641000006, value=a, duration=0.09641609999926004>
297.1408 	EXP 	LDT_stim_text: autoDraw = True
297.1491 	EXP 	LDT_fix_text: autoDraw = False
297.7250 	EXP 	Device response: <KeyPress from None: t=297.72160000000076, value=a, duration=None>
297.7252 	EXP 	New trial (rep=0, index=170): <Trial 170 (170 in rep 0) data={'Task': 'LDT', 'TrialType': 'Target', 'Stimuli': 'space', 'StimulusType': 'word', 'CorrectResponse': 'l', 'Trialnumb': 30, 'thisN': 170, 'thisTrialN': 170, 'thisRepN': 0}>
297.7330 	EXP 	LDT_fix_text: autoDraw = False
297.7330 	EXP 	LDT_stim_text: autoDraw = False
297.7330 	EXP 	LDT_break_text: autoDraw = False
297.7330 	EXP 	LDT_stim_text: height = np.float64(0.1)
297.7330 	EXP 	LDT_stim_text: height = np.float64(0.1)
297.7330 	EXP 	LDT_stim_text: height = np.float64(0.1)
297.7330 	EXP 	LDT_stim_text: text = 'space'
297.7330 	EXP 	LDT_fix_text: autoDraw = True
297.7336 	DATA 	Keypress: a
297.8167 	EXP 	Device response: <KeyPress from None: t=297.72160000000076, value=a, duration=0.08771049999995739>
298.2168 	EXP 	LDT_stim_text: autoDraw = True
298.2252 	EXP 	LDT_fix_text: autoDraw = False
298.7927 	EXP 	Device response: <KeyPress from None: t=298.78531509999993, value=l, duration=None>
298.7929 	EXP 	New trial (rep=0, index=171): <Trial 171 (171 in rep 0) data={'Task': 'LDT', 'TrialType': 'Target', 'Stimuli': 'half', 'StimulusType': 'word', 'CorrectResponse': 'l', 'Trialnumb': 51, 'thisN': 171, 'thisTrialN': 171, 'thisRepN': 0}>
298.8008 	EXP 	LDT_fix_text: autoDraw = False
298.8008 	EXP 	LDT_stim_text: autoDraw = False
298.8008 	EXP 	LDT_break_text: autoDraw = False
298.8008 	EXP 	LDT_stim_text: height = np.float64(0.1)
298.8008 	EXP 	LDT_stim_text: height = np.float64(0.1)
298.8008 	EXP 	LDT_stim_text: height = np.float64(0.1)
298.8008 	EXP 	LDT_stim_text: text = 'half'
298.8008 	EXP 	LDT_fix_text: autoDraw = True
298.8013 	DATA 	Keypress: l
298.9011 	EXP 	Device response: <KeyPress from None: t=298.78531509999993, value=l, duration=0.11213379999935569>
299.2846 	EXP 	LDT_stim_text: autoDraw = True
299.2929 	EXP 	LDT_fix_text: autoDraw = False
300.7615 	EXP 	Device response: <KeyPress from None: t=300.76103030000013, value=l, duration=None>
300.7618 	EXP 	New trial (rep=0, index=172): <Trial 172 (172 in rep 0) data={'Task': 'LDT', 'TrialType': 'Target', 'Stimuli': 'cled', 'StimulusType': 'nonword', 'CorrectResponse': 'a', 'Trialnumb': 130, 'thisN': 172, 'thisTrialN': 172, 'thisRepN': 0}>
300.7694 	EXP 	LDT_fix_text: autoDraw = False
300.7694 	EXP 	LDT_stim_text: autoDraw = False
300.7694 	EXP 	LDT_break_text: autoDraw = False
300.7694 	EXP 	LDT_stim_text: height = np.float64(0.1)
300.7694 	EXP 	LDT_stim_text: height = np.float64(0.1)
300.7694 	EXP 	LDT_stim_text: height = np.float64(0.1)
300.7694 	EXP 	LDT_stim_text: text = 'cled'
300.7694 	EXP 	LDT_fix_text: autoDraw = True
300.7700 	DATA 	Keypress: l
300.8698 	EXP 	Device response: <KeyPress from None: t=300.76103030000013, value=l, duration=0.10484799999903771>
301.2532 	EXP 	LDT_stim_text: autoDraw = True
301.2615 	EXP 	LDT_fix_text: autoDraw = False
302.1711 	EXP 	Device response: <KeyPress from None: t=302.1691138999995, value=a, duration=None>
302.1713 	EXP 	New trial (rep=0, index=173): <Trial 173 (173 in rep 0) data={'Task': 'LDT', 'TrialType': 'Target', 'Stimuli': 'stap', 'StimulusType': 'nonword', 'CorrectResponse': 'a', 'Trialnumb': 199, 'thisN': 173, 'thisTrialN': 173, 'thisRepN': 0}>
302.1791 	EXP 	LDT_fix_text: autoDraw = False
302.1791 	EXP 	LDT_stim_text: autoDraw = False
302.1791 	EXP 	LDT_break_text: autoDraw = False
302.1791 	EXP 	LDT_stim_text: height = np.float64(0.1)
302.1791 	EXP 	LDT_stim_text: height = np.float64(0.1)
302.1791 	EXP 	LDT_stim_text: height = np.float64(0.1)
302.1791 	EXP 	LDT_stim_text: text = 'stap'
302.1791 	EXP 	LDT_fix_text: autoDraw = True
302.1796 	DATA 	Keypress: a
302.2878 	EXP 	Device response: <KeyPress from None: t=302.1691138999995, value=a, duration=0.11192180000034568>
302.6630 	EXP 	LDT_stim_text: autoDraw = True
302.6713 	EXP 	LDT_fix_text: autoDraw = False
303.8143 	EXP 	Device response: <KeyPress from None: t=303.8091831999991, value=a, duration=None>
303.8146 	EXP 	New trial (rep=0, index=174): <Trial 174 (174 in rep 0) data={'Task': 'LDT', 'TrialType': 'Target', 'Stimuli': 'cean', 'StimulusType': 'nonword', 'CorrectResponse': 'a', 'Trialnumb': 126, 'thisN': 174, 'thisTrialN': 174, 'thisRepN': 0}>
303.8224 	EXP 	LDT_fix_text: autoDraw = False
303.8224 	EXP 	LDT_stim_text: autoDraw = False
303.8224 	EXP 	LDT_break_text: autoDraw = False
303.8224 	EXP 	LDT_stim_text: height = np.float64(0.1)
303.8224 	EXP 	LDT_stim_text: height = np.float64(0.1)
303.8224 	EXP 	LDT_stim_text: height = np.float64(0.1)
303.8224 	EXP 	LDT_stim_text: text = 'cean'
303.8224 	EXP 	LDT_fix_text: autoDraw = True
303.8229 	DATA 	Keypress: a
303.9144 	EXP 	Device response: <KeyPress from None: t=303.8091831999991, value=a, duration=0.10376210000140418>
304.3062 	EXP 	LDT_stim_text: autoDraw = True
304.3146 	EXP 	LDT_fix_text: autoDraw = False
305.0323 	EXP 	Device response: <KeyPress from None: t=305.02647699999943, value=a, duration=None>
305.0325 	EXP 	New trial (rep=0, index=175): <Trial 175 (175 in rep 0) data={'Task': 'LDT', 'TrialType': 'Target', 'Stimuli': 'dry', 'StimulusType': 'word', 'CorrectResponse': 'l', 'Trialnumb': 77, 'thisN': 175, 'thisTrialN': 175, 'thisRepN': 0}>
305.0403 	EXP 	LDT_fix_text: autoDraw = False
305.0403 	EXP 	LDT_stim_text: autoDraw = False
305.0403 	EXP 	LDT_break_text: autoDraw = False
305.0403 	EXP 	LDT_stim_text: height = np.float64(0.1)
305.0403 	EXP 	LDT_stim_text: height = np.float64(0.1)
305.0403 	EXP 	LDT_stim_text: height = np.float64(0.1)
305.0403 	EXP 	LDT_stim_text: text = 'dry'
305.0403 	EXP 	LDT_fix_text: autoDraw = True
305.0408 	DATA 	Keypress: a
305.1658 	EXP 	Device response: <KeyPress from None: t=305.02647699999943, value=a, duration=0.13580069999989064>
305.5241 	EXP 	LDT_stim_text: autoDraw = True
305.5325 	EXP 	LDT_fix_text: autoDraw = False
306.1083 	EXP 	Device response: <KeyPress from None: t=306.1050680999997, value=l, duration=None>
306.1087 	EXP 	New trial (rep=0, index=176): <Trial 176 (176 in rep 0) data={'Task': 'LDT', 'TrialType': 'Target', 'Stimuli': 'lay', 'StimulusType': 'word', 'CorrectResponse': 'l', 'Trialnumb': 71, 'thisN': 176, 'thisTrialN': 176, 'thisRepN': 0}>
306.1164 	EXP 	LDT_fix_text: autoDraw = False
306.1164 	EXP 	LDT_stim_text: autoDraw = False
306.1164 	EXP 	LDT_break_text: autoDraw = False
306.1164 	EXP 	LDT_stim_text: height = np.float64(0.1)
306.1164 	EXP 	LDT_stim_text: height = np.float64(0.1)
306.1164 	EXP 	LDT_stim_text: height = np.float64(0.1)
306.1164 	EXP 	LDT_stim_text: text = 'lay'
306.1164 	EXP 	LDT_fix_text: autoDraw = True
306.1169 	DATA 	Keypress: l
306.2334 	EXP 	Device response: <KeyPress from None: t=306.1050680999997, value=l, duration=0.11994349999986298>
306.6002 	EXP 	LDT_stim_text: autoDraw = True
306.6085 	EXP 	LDT_fix_text: autoDraw = False
307.2511 	EXP 	Device response: <KeyPress from None: t=307.24883260000024, value=l, duration=None>
307.2514 	EXP 	New trial (rep=0, index=177): <Trial 177 (177 in rep 0) data={'Task': 'LDT', 'TrialType': 'Target', 'Stimuli': 'crap', 'StimulusType': 'word', 'CorrectResponse': 'l', 'Trialnumb': 70, 'thisN': 177, 'thisTrialN': 177, 'thisRepN': 0}>
307.2592 	EXP 	LDT_fix_text: autoDraw = False
307.2592 	EXP 	LDT_stim_text: autoDraw = False
307.2592 	EXP 	LDT_break_text: autoDraw = False
307.2592 	EXP 	LDT_stim_text: height = np.float64(0.1)
307.2592 	EXP 	LDT_stim_text: height = np.float64(0.1)
307.2592 	EXP 	LDT_stim_text: height = np.float64(0.1)
307.2592 	EXP 	LDT_stim_text: text = 'crap'
307.2592 	EXP 	LDT_fix_text: autoDraw = True
307.2599 	DATA 	Keypress: l
307.3679 	EXP 	Device response: <KeyPress from None: t=307.24883260000024, value=l, duration=0.11275290000048699>
307.7430 	EXP 	LDT_stim_text: autoDraw = True
307.7513 	EXP 	LDT_fix_text: autoDraw = False
308.6358 	EXP 	Device response: <KeyPress from None: t=308.6337203000003, value=l, duration=None>
308.6361 	EXP 	New trial (rep=0, index=178): <Trial 178 (178 in rep 0) data={'Task': 'LDT', 'TrialType': 'Target', 'Stimuli': 'large', 'StimulusType': 'word', 'CorrectResponse': 'l', 'Trialnumb': 29, 'thisN': 178, 'thisTrialN': 178, 'thisRepN': 0}>
308.6439 	EXP 	LDT_fix_text: autoDraw = False
308.6439 	EXP 	LDT_stim_text: autoDraw = False
308.6439 	EXP 	LDT_break_text: autoDraw = False
308.6439 	EXP 	LDT_stim_text: height = np.float64(0.1)
308.6439 	EXP 	LDT_stim_text: height = np.float64(0.1)
308.6439 	EXP 	LDT_stim_text: height = np.float64(0.1)
308.6439 	EXP 	LDT_stim_text: text = 'large'
308.6439 	EXP 	LDT_fix_text: autoDraw = True
308.6446 	DATA 	Keypress: l
308.7109 	EXP 	Device response: <KeyPress from None: t=308.6337203000003, value=l, duration=0.07300600000053237>
309.1277 	EXP 	LDT_stim_text: autoDraw = True
309.1360 	EXP 	LDT_fix_text: autoDraw = False
309.5536 	EXP 	Device response: <KeyPress from None: t=309.55305919999955, value=l, duration=None>
309.5538 	EXP 	New trial (rep=0, index=179): <Trial 179 (179 in rep 0) data={'Task': 'LDT', 'TrialType': 'Target', 'Stimuli': 'cire', 'StimulusType': 'nonword', 'CorrectResponse': 'a', 'Trialnumb': 129, 'thisN': 179, 'thisTrialN': 179, 'thisRepN': 0}>
309.5615 	EXP 	LDT_fix_text: autoDraw = False
309.5615 	EXP 	LDT_stim_text: autoDraw = False
309.5615 	EXP 	LDT_break_text: autoDraw = False
309.5615 	EXP 	LDT_stim_text: height = np.float64(0.1)
309.5615 	EXP 	LDT_stim_text: height = np.float64(0.1)
309.5615 	EXP 	LDT_stim_text: height = np.float64(0.1)
309.5615 	EXP 	LDT_stim_text: text = 'cire'
309.5615 	EXP 	LDT_fix_text: autoDraw = True
309.5620 	DATA 	Keypress: l
309.6702 	EXP 	Device response: <KeyPress from None: t=309.55305919999955, value=l, duration=0.11262370000076771>
310.0453 	EXP 	LDT_stim_text: autoDraw = True
310.0536 	EXP 	LDT_fix_text: autoDraw = False
310.6378 	EXP 	Device response: <KeyPress from None: t=310.63328720000027, value=a, duration=None>
310.6381 	EXP 	New trial (rep=0, index=180): <Trial 180 (180 in rep 0) data={'Task': 'LDT', 'TrialType': 'Target', 'Stimuli': 'gaft', 'StimulusType': 'nonword', 'CorrectResponse': 'a', 'Trialnumb': 144, 'thisN': 180, 'thisTrialN': 180, 'thisRepN': 0}>
310.6460 	EXP 	LDT_fix_text: autoDraw = False
310.6460 	EXP 	LDT_stim_text: autoDraw = False
310.6460 	EXP 	LDT_break_text: autoDraw = False
310.6460 	EXP 	LDT_stim_text: height = np.float64(0.1)
310.6460 	EXP 	LDT_stim_text: height = np.float64(0.1)
310.6460 	EXP 	LDT_stim_text: height = np.float64(0.1)
310.6460 	EXP 	LDT_stim_text: text = 'gaft'
310.6460 	EXP 	LDT_fix_text: autoDraw = True
310.6464 	DATA 	Keypress: a
310.7546 	EXP 	Device response: <KeyPress from None: t=310.63328720000027, value=a, duration=0.12002799999936542>
311.1297 	EXP 	LDT_stim_text: autoDraw = True
311.1381 	EXP 	LDT_fix_text: autoDraw = False
311.7223 	EXP 	Device response: <KeyPress from None: t=311.720800699999, value=a, duration=None>
311.7225 	EXP 	New trial (rep=0, index=181): <Trial 181 (181 in rep 0) data={'Task': 'LDT', 'TrialType': 'Target', 'Stimuli': 'year', 'StimulusType': 'word', 'CorrectResponse': 'l', 'Trialnumb': 10, 'thisN': 181, 'thisTrialN': 181, 'thisRepN': 0}>
311.7303 	EXP 	LDT_fix_text: autoDraw = False
311.7303 	EXP 	LDT_stim_text: autoDraw = False
311.7303 	EXP 	LDT_break_text: autoDraw = False
311.7303 	EXP 	LDT_stim_text: height = np.float64(0.1)
311.7303 	EXP 	LDT_stim_text: height = np.float64(0.1)
311.7303 	EXP 	LDT_stim_text: height = np.float64(0.1)
311.7303 	EXP 	LDT_stim_text: text = 'year'
311.7303 	EXP 	LDT_fix_text: autoDraw = True
311.7309 	DATA 	Keypress: a
311.8641 	EXP 	Device response: <KeyPress from None: t=311.720800699999, value=a, duration=0.13608120000026247>
312.2141 	EXP 	LDT_stim_text: autoDraw = True
312.2225 	EXP 	LDT_fix_text: autoDraw = False
312.8233 	EXP 	Device response: <KeyPress from None: t=312.8169732000006, value=l, duration=None>
312.8235 	EXP 	New trial (rep=0, index=182): <Trial 182 (182 in rep 0) data={'Task': 'LDT', 'TrialType': 'Target', 'Stimuli': 'sarry', 'StimulusType': 'nonword', 'CorrectResponse': 'a', 'Trialnumb': 186, 'thisN': 182, 'thisTrialN': 182, 'thisRepN': 0}>
312.8314 	EXP 	LDT_fix_text: autoDraw = False
312.8314 	EXP 	LDT_stim_text: autoDraw = False
312.8314 	EXP 	LDT_break_text: autoDraw = False
312.8314 	EXP 	LDT_stim_text: height = np.float64(0.1)
312.8314 	EXP 	LDT_stim_text: height = np.float64(0.1)
312.8314 	EXP 	LDT_stim_text: height = np.float64(0.1)
312.8314 	EXP 	LDT_stim_text: text = 'sarry'
312.8314 	EXP 	LDT_fix_text: autoDraw = True
312.8319 	DATA 	Keypress: l
312.9236 	EXP 	Device response: <KeyPress from None: t=312.8169732000006, value=l, duration=0.1049033999988751>
313.3152 	EXP 	LDT_stim_text: autoDraw = True
313.3236 	EXP 	LDT_fix_text: autoDraw = False
313.9828 	EXP 	Device response: <KeyPress from None: t=313.97847249999904, value=a, duration=None>
313.9830 	EXP 	New trial (rep=0, index=183): <Trial 183 (183 in rep 0) data={'Task': 'LDT', 'TrialType': 'Target', 'Stimuli': 'loil', 'StimulusType': 'nonword', 'CorrectResponse': 'a', 'Trialnumb': 170, 'thisN': 183, 'thisTrialN': 183, 'thisRepN': 0}>
313.9910 	EXP 	LDT_fix_text: autoDraw = False
313.9910 	EXP 	LDT_stim_text: autoDraw = False
313.9910 	EXP 	LDT_break_text: autoDraw = False
313.9910 	EXP 	LDT_stim_text: height = np.float64(0.1)
313.9910 	EXP 	LDT_stim_text: height = np.float64(0.1)
313.9910 	EXP 	LDT_stim_text: height = np.float64(0.1)
313.9910 	EXP 	LDT_stim_text: text = 'loil'
313.9910 	EXP 	LDT_fix_text: autoDraw = True
313.9915 	DATA 	Keypress: a
314.1246 	EXP 	Device response: <KeyPress from None: t=313.97847249999904, value=a, duration=0.142720100000588>
314.4747 	EXP 	LDT_stim_text: autoDraw = True
314.4831 	EXP 	LDT_fix_text: autoDraw = False
315.1673 	EXP 	Device response: <KeyPress from None: t=315.1617146999997, value=a, duration=None>
315.1675 	EXP 	New trial (rep=0, index=184): <Trial 184 (184 in rep 0) data={'Task': 'LDT', 'TrialType': 'Target', 'Stimuli': 'group', 'StimulusType': 'word', 'CorrectResponse': 'l', 'Trialnumb': 20, 'thisN': 184, 'thisTrialN': 184, 'thisRepN': 0}>
315.1754 	EXP 	LDT_fix_text: autoDraw = False
315.1754 	EXP 	LDT_stim_text: autoDraw = False
315.1754 	EXP 	LDT_break_text: autoDraw = False
315.1754 	EXP 	LDT_stim_text: height = np.float64(0.1)
315.1754 	EXP 	LDT_stim_text: height = np.float64(0.1)
315.1754 	EXP 	LDT_stim_text: height = np.float64(0.1)
315.1754 	EXP 	LDT_stim_text: text = 'group'
315.1754 	EXP 	LDT_fix_text: autoDraw = True
315.1759 	DATA 	Keypress: a
315.3008 	EXP 	Device response: <KeyPress from None: t=315.1617146999997, value=a, duration=0.13624580000032438>
315.6592 	EXP 	LDT_stim_text: autoDraw = True
315.6676 	EXP 	LDT_fix_text: autoDraw = False
316.2601 	EXP 	Device response: <KeyPress from None: t=316.2575094999993, value=l, duration=None>
316.2603 	EXP 	New trial (rep=0, index=185): <Trial 185 (185 in rep 0) data={'Task': 'LDT', 'TrialType': 'Target', 'Stimuli': 'here', 'StimulusType': 'word', 'CorrectResponse': 'l', 'Trialnumb': 4, 'thisN': 185, 'thisTrialN': 185, 'thisRepN': 0}>
316.2681 	EXP 	LDT_fix_text: autoDraw = False
316.2681 	EXP 	LDT_stim_text: autoDraw = False
316.2681 	EXP 	LDT_break_text: autoDraw = False
316.2681 	EXP 	LDT_stim_text: height = np.float64(0.1)
316.2681 	EXP 	LDT_stim_text: height = np.float64(0.1)
316.2681 	EXP 	LDT_stim_text: height = np.float64(0.1)
316.2681 	EXP 	LDT_stim_text: text = 'here'
316.2681 	EXP 	LDT_fix_text: autoDraw = True
316.2687 	DATA 	Keypress: l
316.3519 	EXP 	Device response: <KeyPress from None: t=316.2575094999993, value=l, duration=0.08918489999996382>
316.7520 	EXP 	LDT_stim_text: autoDraw = True
316.7603 	EXP 	LDT_fix_text: autoDraw = False
317.3028 	EXP 	Device response: <KeyPress from None: t=317.2976495999992, value=l, duration=None>
317.3031 	EXP 	New trial (rep=0, index=186): <Trial 186 (186 in rep 0) data={'Task': 'LDT', 'TrialType': 'Target', 'Stimuli': 'spin', 'StimulusType': 'word', 'CorrectResponse': 'l', 'Trialnumb': 107, 'thisN': 186, 'thisTrialN': 186, 'thisRepN': 0}>
317.3110 	EXP 	LDT_fix_text: autoDraw = False
317.3110 	EXP 	LDT_stim_text: autoDraw = False
317.3110 	EXP 	LDT_break_text: autoDraw = False
317.3110 	EXP 	LDT_stim_text: height = np.float64(0.1)
317.3110 	EXP 	LDT_stim_text: height = np.float64(0.1)
317.3110 	EXP 	LDT_stim_text: height = np.float64(0.1)
317.3110 	EXP 	LDT_stim_text: text = 'spin'
317.3110 	EXP 	LDT_fix_text: autoDraw = True
317.3115 	DATA 	Keypress: l
317.4281 	EXP 	Device response: <KeyPress from None: t=317.2976495999992, value=l, duration=0.12712439999995695>
317.7947 	EXP 	LDT_stim_text: autoDraw = True
317.8030 	EXP 	LDT_fix_text: autoDraw = False
318.3122 	EXP 	Device response: <KeyPress from None: t=318.3048256999991, value=l, duration=None>
318.3124 	EXP 	New trial (rep=0, index=187): <Trial 187 (187 in rep 0) data={'Task': 'LDT', 'TrialType': 'Target', 'Stimuli': 'job', 'StimulusType': 'word', 'CorrectResponse': 'l', 'Trialnumb': 26, 'thisN': 187, 'thisTrialN': 187, 'thisRepN': 0}>
318.3202 	EXP 	LDT_fix_text: autoDraw = False
318.3202 	EXP 	LDT_stim_text: autoDraw = False
318.3202 	EXP 	LDT_break_text: autoDraw = False
318.3202 	EXP 	LDT_stim_text: height = np.float64(0.1)
318.3202 	EXP 	LDT_stim_text: height = np.float64(0.1)
318.3202 	EXP 	LDT_stim_text: height = np.float64(0.1)
318.3202 	EXP 	LDT_stim_text: text = 'job'
318.3202 	EXP 	LDT_fix_text: autoDraw = True
318.3208 	DATA 	Keypress: l
318.4205 	EXP 	Device response: <KeyPress from None: t=318.3048256999991, value=l, duration=0.11224080000101821>
318.8041 	EXP 	LDT_stim_text: autoDraw = True
318.8125 	EXP 	LDT_fix_text: autoDraw = False
319.2047 	EXP 	Device response: <KeyPress from None: t=319.20165590000033, value=l, duration=None>
319.2049 	EXP 	New trial (rep=0, index=188): <Trial 188 (188 in rep 0) data={'Task': 'LDT', 'TrialType': 'Target', 'Stimuli': 'pook', 'StimulusType': 'nonword', 'CorrectResponse': 'a', 'Trialnumb': 182, 'thisN': 188, 'thisTrialN': 188, 'thisRepN': 0}>
319.2128 	EXP 	LDT_fix_text: autoDraw = False
319.2128 	EXP 	LDT_stim_text: autoDraw = False
319.2128 	EXP 	LDT_break_text: autoDraw = False
319.2128 	EXP 	LDT_stim_text: height = np.float64(0.1)
319.2128 	EXP 	LDT_stim_text: height = np.float64(0.1)
319.2128 	EXP 	LDT_stim_text: height = np.float64(0.1)
319.2128 	EXP 	LDT_stim_text: text = 'pook'
319.2128 	EXP 	LDT_fix_text: autoDraw = True
319.2133 	DATA 	Keypress: l
319.3047 	EXP 	Device response: <KeyPress from None: t=319.20165590000033, value=l, duration=0.09561329999996815>
319.6966 	EXP 	LDT_stim_text: autoDraw = True
319.7049 	EXP 	LDT_fix_text: autoDraw = False
320.3059 	EXP 	Device response: <KeyPress from None: t=320.3052561000004, value=a, duration=None>
320.3061 	EXP 	New trial (rep=0, index=189): <Trial 189 (189 in rep 0) data={'Task': 'LDT', 'TrialType': 'Target', 'Stimuli': 'pahe', 'StimulusType': 'nonword', 'CorrectResponse': 'a', 'Trialnumb': 178, 'thisN': 189, 'thisTrialN': 189, 'thisRepN': 0}>
320.3139 	EXP 	LDT_fix_text: autoDraw = False
320.3139 	EXP 	LDT_stim_text: autoDraw = False
320.3139 	EXP 	LDT_break_text: autoDraw = False
320.3139 	EXP 	LDT_stim_text: height = np.float64(0.1)
320.3139 	EXP 	LDT_stim_text: height = np.float64(0.1)
320.3139 	EXP 	LDT_stim_text: height = np.float64(0.1)
320.3139 	EXP 	LDT_stim_text: text = 'pahe'
320.3139 	EXP 	LDT_fix_text: autoDraw = True
320.3144 	DATA 	Keypress: a
320.4225 	EXP 	Device response: <KeyPress from None: t=320.3052561000004, value=a, duration=0.11225910000030126>
320.7977 	EXP 	LDT_stim_text: autoDraw = True
320.8060 	EXP 	LDT_fix_text: autoDraw = False
321.3651 	EXP 	Device response: <KeyPress from None: t=321.3616215000002, value=a, duration=None>
321.3654 	EXP 	New trial (rep=0, index=190): <Trial 190 (190 in rep 0) data={'Task': 'LDT', 'TrialType': 'Target', 'Stimuli': 'team', 'StimulusType': 'word', 'CorrectResponse': 'l', 'Trialnumb': 23, 'thisN': 190, 'thisTrialN': 190, 'thisRepN': 0}>
321.3733 	EXP 	LDT_fix_text: autoDraw = False
321.3733 	EXP 	LDT_stim_text: autoDraw = False
321.3733 	EXP 	LDT_break_text: autoDraw = False
321.3733 	EXP 	LDT_stim_text: height = np.float64(0.1)
321.3733 	EXP 	LDT_stim_text: height = np.float64(0.1)
321.3733 	EXP 	LDT_stim_text: height = np.float64(0.1)
321.3733 	EXP 	LDT_stim_text: text = 'team'
321.3733 	EXP 	LDT_fix_text: autoDraw = True
321.3737 	DATA 	Keypress: a
321.4569 	EXP 	Device response: <KeyPress from None: t=321.3616215000002, value=a, duration=0.08738669999911508>
321.8571 	EXP 	LDT_stim_text: autoDraw = True
321.8654 	EXP 	LDT_fix_text: autoDraw = False
322.3578 	EXP 	Device response: <KeyPress from None: t=322.3537969000008, value=l, duration=None>
322.3581 	EXP 	New trial (rep=0, index=191): <Trial 191 (191 in rep 0) data={'Task': 'LDT', 'TrialType': 'Target', 'Stimuli': 'pick', 'StimulusType': 'word', 'CorrectResponse': 'l', 'Trialnumb': 58, 'thisN': 191, 'thisTrialN': 191, 'thisRepN': 0}>
322.3659 	EXP 	LDT_fix_text: autoDraw = False
322.3659 	EXP 	LDT_stim_text: autoDraw = False
322.3659 	EXP 	LDT_break_text: autoDraw = False
322.3659 	EXP 	LDT_stim_text: height = np.float64(0.1)
322.3659 	EXP 	LDT_stim_text: height = np.float64(0.1)
322.3659 	EXP 	LDT_stim_text: height = np.float64(0.1)
322.3659 	EXP 	LDT_stim_text: text = 'pick'
322.3659 	EXP 	LDT_fix_text: autoDraw = True
322.3664 	DATA 	Keypress: l
322.4413 	EXP 	Device response: <KeyPress from None: t=322.3537969000008, value=l, duration=0.08007899999938672>
322.8497 	EXP 	LDT_stim_text: autoDraw = True
322.8581 	EXP 	LDT_fix_text: autoDraw = False
323.2504 	EXP 	Device response: <KeyPress from None: t=323.24920569999995, value=l, duration=None>
323.2508 	EXP 	New trial (rep=0, index=192): <Trial 192 (192 in rep 0) data={'Task': 'LDT', 'TrialType': 'Target', 'Stimuli': 'end', 'StimulusType': 'word', 'CorrectResponse': 'l', 'Trialnumb': 33, 'thisN': 192, 'thisTrialN': 192, 'thisRepN': 0}>
323.2585 	EXP 	LDT_fix_text: autoDraw = False
323.2585 	EXP 	LDT_stim_text: autoDraw = False
323.2585 	EXP 	LDT_break_text: autoDraw = False
323.2585 	EXP 	LDT_stim_text: height = np.float64(0.1)
323.2585 	EXP 	LDT_stim_text: height = np.float64(0.1)
323.2585 	EXP 	LDT_stim_text: height = np.float64(0.1)
323.2585 	EXP 	LDT_stim_text: text = 'end'
323.2585 	EXP 	LDT_fix_text: autoDraw = True
323.2589 	DATA 	Keypress: l
323.3338 	EXP 	Device response: <KeyPress from None: t=323.24920569999995, value=l, duration=0.07956750000084867>
323.7423 	EXP 	LDT_stim_text: autoDraw = True
323.7506 	EXP 	LDT_fix_text: autoDraw = False
324.2180 	EXP 	Device response: <KeyPress from None: t=324.2173562000007, value=l, duration=None>
324.2183 	EXP 	New trial (rep=0, index=193): <Trial 193 (193 in rep 0) data={'Task': 'LDT', 'TrialType': 'Target', 'Stimuli': 'vink', 'StimulusType': 'nonword', 'CorrectResponse': 'a', 'Trialnumb': 212, 'thisN': 193, 'thisTrialN': 193, 'thisRepN': 0}>
324.2261 	EXP 	LDT_fix_text: autoDraw = False
324.2261 	EXP 	LDT_stim_text: autoDraw = False
324.2261 	EXP 	LDT_break_text: autoDraw = False
324.2261 	EXP 	LDT_stim_text: height = np.float64(0.1)
324.2261 	EXP 	LDT_stim_text: height = np.float64(0.1)
324.2261 	EXP 	LDT_stim_text: height = np.float64(0.1)
324.2261 	EXP 	LDT_stim_text: text = 'vink'
324.2261 	EXP 	LDT_fix_text: autoDraw = True
324.2266 	DATA 	Keypress: l
324.3182 	EXP 	Device response: <KeyPress from None: t=324.2173562000007, value=l, duration=0.09545619999880728>
324.7099 	EXP 	LDT_stim_text: autoDraw = True
324.7183 	EXP 	LDT_fix_text: autoDraw = False
325.3441 	EXP 	Device response: <KeyPress from None: t=325.3377428999993, value=a, duration=None>
325.3444 	EXP 	New trial (rep=0, index=194): <Trial 194 (194 in rep 0) data={'Task': 'LDT', 'TrialType': 'Target', 'Stimuli': 'plan', 'StimulusType': 'word', 'CorrectResponse': 'l', 'Trialnumb': 53, 'thisN': 194, 'thisTrialN': 194, 'thisRepN': 0}>
325.3522 	EXP 	LDT_fix_text: autoDraw = False
325.3522 	EXP 	LDT_stim_text: autoDraw = False
325.3522 	EXP 	LDT_break_text: autoDraw = False
325.3522 	EXP 	LDT_stim_text: height = np.float64(0.1)
325.3522 	EXP 	LDT_stim_text: height = np.float64(0.1)
325.3522 	EXP 	LDT_stim_text: height = np.float64(0.1)
325.3522 	EXP 	LDT_stim_text: text = 'plan'
325.3522 	EXP 	LDT_fix_text: autoDraw = True
325.3527 	DATA 	Keypress: a
325.4527 	EXP 	Device response: <KeyPress from None: t=325.3377428999993, value=a, duration=0.11185790000126872>
325.8360 	EXP 	LDT_stim_text: autoDraw = True
325.8444 	EXP 	LDT_fix_text: autoDraw = False
326.3786 	EXP 	Device response: <KeyPress from None: t=326.3769412999991, value=l, duration=None>
326.3788 	EXP 	New trial (rep=0, index=195): <Trial 195 (195 in rep 0) data={'Task': 'LDT', 'TrialType': 'Target', 'Stimuli': 'gord', 'StimulusType': 'nonword', 'CorrectResponse': 'a', 'Trialnumb': 148, 'thisN': 195, 'thisTrialN': 195, 'thisRepN': 0}>
326.3866 	EXP 	LDT_fix_text: autoDraw = False
326.3866 	EXP 	LDT_stim_text: autoDraw = False
326.3866 	EXP 	LDT_break_text: autoDraw = False
326.3866 	EXP 	LDT_stim_text: height = np.float64(0.1)
326.3866 	EXP 	LDT_stim_text: height = np.float64(0.1)
326.3866 	EXP 	LDT_stim_text: height = np.float64(0.1)
326.3866 	EXP 	LDT_stim_text: text = 'gord'
326.3866 	EXP 	LDT_fix_text: autoDraw = True
326.3871 	DATA 	Keypress: l
326.4619 	EXP 	Device response: <KeyPress from None: t=326.3769412999991, value=l, duration=0.0800717000001896>
326.8705 	EXP 	LDT_stim_text: autoDraw = True
326.8787 	EXP 	LDT_fix_text: autoDraw = False
327.5214 	EXP 	Device response: <KeyPress from None: t=327.51357049999933, value=a, duration=None>
327.5216 	EXP 	New trial (rep=0, index=196): <Trial 196 (196 in rep 0) data={'Task': 'LDT', 'TrialType': 'Target', 'Stimuli': 'vead', 'StimulusType': 'nonword', 'CorrectResponse': 'a', 'Trialnumb': 210, 'thisN': 196, 'thisTrialN': 196, 'thisRepN': 0}>
327.5294 	EXP 	LDT_fix_text: autoDraw = False
327.5294 	EXP 	LDT_stim_text: autoDraw = False
327.5294 	EXP 	LDT_break_text: autoDraw = False
327.5294 	EXP 	LDT_stim_text: height = np.float64(0.1)
327.5294 	EXP 	LDT_stim_text: height = np.float64(0.1)
327.5294 	EXP 	LDT_stim_text: height = np.float64(0.1)
327.5294 	EXP 	LDT_stim_text: text = 'vead'
327.5294 	EXP 	LDT_fix_text: autoDraw = True
327.5299 	DATA 	Keypress: a
327.6550 	EXP 	Device response: <KeyPress from None: t=327.51357049999933, value=a, duration=0.13603460000013>
328.0132 	EXP 	LDT_stim_text: autoDraw = True
328.0215 	EXP 	LDT_fix_text: autoDraw = False
328.5640 	EXP 	Device response: <KeyPress from None: t=328.56130660000053, value=a, duration=None>
328.5642 	EXP 	New trial (rep=0, index=197): <Trial 197 (197 in rep 0) data={'Task': 'LDT', 'TrialType': 'Target', 'Stimuli': 'herl', 'StimulusType': 'nonword', 'CorrectResponse': 'a', 'Trialnumb': 152, 'thisN': 197, 'thisTrialN': 197, 'thisRepN': 0}>
328.5721 	EXP 	LDT_fix_text: autoDraw = False
328.5721 	EXP 	LDT_stim_text: autoDraw = False
328.5721 	EXP 	LDT_break_text: autoDraw = False
328.5721 	EXP 	LDT_stim_text: height = np.float64(0.1)
328.5721 	EXP 	LDT_stim_text: height = np.float64(0.1)
328.5721 	EXP 	LDT_stim_text: height = np.float64(0.1)
328.5721 	EXP 	LDT_stim_text: text = 'herl'
328.5721 	EXP 	LDT_fix_text: autoDraw = True
328.5727 	DATA 	Keypress: a
328.6392 	EXP 	Device response: <KeyPress from None: t=328.56130660000053, value=a, duration=0.07160389999990002>
329.0559 	EXP 	LDT_stim_text: autoDraw = True
329.0642 	EXP 	LDT_fix_text: autoDraw = False
329.5984 	EXP 	Device response: <KeyPress from None: t=329.59439759999987, value=a, duration=None>
329.5987 	EXP 	New trial (rep=0, index=198): <Trial 198 (198 in rep 0) data={'Task': 'LDT', 'TrialType': 'Target', 'Stimuli': 'man', 'StimulusType': 'word', 'CorrectResponse': 'l', 'Trialnumb': 12, 'thisN': 198, 'thisTrialN': 198, 'thisRepN': 0}>
329.6064 	EXP 	LDT_fix_text: autoDraw = False
329.6064 	EXP 	LDT_stim_text: autoDraw = False
329.6064 	EXP 	LDT_break_text: autoDraw = False
329.6064 	EXP 	LDT_stim_text: height = np.float64(0.1)
329.6064 	EXP 	LDT_stim_text: height = np.float64(0.1)
329.6064 	EXP 	LDT_stim_text: height = np.float64(0.1)
329.6064 	EXP 	LDT_stim_text: text = 'man'
329.6064 	EXP 	LDT_fix_text: autoDraw = True
329.6069 	DATA 	Keypress: a
329.6651 	EXP 	Device response: <KeyPress from None: t=329.59439759999987, value=a, duration=0.07039699999950244>
330.0903 	EXP 	LDT_stim_text: autoDraw = True
330.0986 	EXP 	LDT_fix_text: autoDraw = False
330.6328 	EXP 	Device response: <KeyPress from None: t=330.6251654000007, value=l, duration=None>
330.6330 	EXP 	New trial (rep=0, index=199): <Trial 199 (199 in rep 0) data={'Task': 'LDT', 'TrialType': 'Target', 'Stimuli': 'news', 'StimulusType': 'word', 'CorrectResponse': 'l', 'Trialnumb': 45, 'thisN': 199, 'thisTrialN': 199, 'thisRepN': 0}>
330.6408 	EXP 	LDT_fix_text: autoDraw = False
330.6408 	EXP 	LDT_stim_text: autoDraw = False
330.6408 	EXP 	LDT_break_text: autoDraw = False
330.6408 	EXP 	LDT_stim_text: height = np.float64(0.1)
330.6408 	EXP 	LDT_stim_text: height = np.float64(0.1)
330.6408 	EXP 	LDT_stim_text: height = np.float64(0.1)
330.6408 	EXP 	LDT_stim_text: text = 'news'
330.6408 	EXP 	LDT_fix_text: autoDraw = True
330.6413 	DATA 	Keypress: l
330.7078 	EXP 	Device response: <KeyPress from None: t=330.6251654000007, value=l, duration=0.07958849999886297>
331.1246 	EXP 	LDT_stim_text: autoDraw = True
331.1330 	EXP 	LDT_fix_text: autoDraw = False
331.6172 	EXP 	Device response: <KeyPress from None: t=331.6168772000001, value=l, duration=None>
331.6174 	EXP 	New trial (rep=0, index=200): <Trial 200 (200 in rep 0) data={'Task': 'LDT', 'TrialType': 'Target', 'Stimuli': 'last', 'StimulusType': 'word', 'CorrectResponse': 'l', 'Trialnumb': 11, 'thisN': 200, 'thisTrialN': 200, 'thisRepN': 0}>
331.6251 	EXP 	LDT_fix_text: autoDraw = False
331.6251 	EXP 	LDT_stim_text: autoDraw = False
331.6251 	EXP 	LDT_break_text: autoDraw = False
331.6251 	EXP 	LDT_stim_text: height = np.float64(0.1)
331.6251 	EXP 	LDT_stim_text: height = np.float64(0.1)
331.6251 	EXP 	LDT_stim_text: height = np.float64(0.1)
331.6251 	EXP 	LDT_stim_text: text = 'last'
331.6251 	EXP 	LDT_fix_text: autoDraw = True
331.6256 	DATA 	Keypress: l
331.7339 	EXP 	Device response: <KeyPress from None: t=331.6168772000001, value=l, duration=0.11284010000053968>
332.1090 	EXP 	LDT_stim_text: autoDraw = True
332.1173 	EXP 	LDT_fix_text: autoDraw = False
332.5180 	EXP 	Device response: <KeyPress from None: t=332.512768999999, value=l, duration=None>
332.5183 	EXP 	New trial (rep=0, index=201): <Trial 201 (201 in rep 0) data={'Task': 'LDT', 'TrialType': 'Target', 'Stimuli': 'water', 'StimulusType': 'word', 'CorrectResponse': 'l', 'Trialnumb': 3, 'thisN': 201, 'thisTrialN': 201, 'thisRepN': 0}>
332.5260 	EXP 	LDT_fix_text: autoDraw = False
332.5260 	EXP 	LDT_stim_text: autoDraw = False
332.5260 	EXP 	LDT_break_text: autoDraw = False
332.5260 	EXP 	LDT_stim_text: height = np.float64(0.1)
332.5260 	EXP 	LDT_stim_text: height = np.float64(0.1)
332.5260 	EXP 	LDT_stim_text: height = np.float64(0.1)
332.5260 	EXP 	LDT_stim_text: text = 'water'
332.5260 	EXP 	LDT_fix_text: autoDraw = True
332.5265 	DATA 	Keypress: l
332.6264 	EXP 	Device response: <KeyPress from None: t=332.512768999999, value=l, duration=0.112528999999995>
333.0098 	EXP 	LDT_stim_text: autoDraw = True
333.0182 	EXP 	LDT_fix_text: autoDraw = False
333.4856 	EXP 	Device response: <KeyPress from None: t=333.4825340999996, value=l, duration=None>
333.4858 	EXP 	New trial (rep=0, index=202): <Trial 202 (202 in rep 0) data={'Task': 'LDT', 'TrialType': 'Target', 'Stimuli': 'mize', 'StimulusType': 'nonword', 'CorrectResponse': 'a', 'Trialnumb': 174, 'thisN': 202, 'thisTrialN': 202, 'thisRepN': 0}>
333.4937 	EXP 	LDT_fix_text: autoDraw = False
333.4937 	EXP 	LDT_stim_text: autoDraw = False
333.4937 	EXP 	LDT_break_text: autoDraw = False
333.4937 	EXP 	LDT_stim_text: height = np.float64(0.1)
333.4937 	EXP 	LDT_stim_text: height = np.float64(0.1)
333.4937 	EXP 	LDT_stim_text: height = np.float64(0.1)
333.4937 	EXP 	LDT_stim_text: text = 'mize'
333.4937 	EXP 	LDT_fix_text: autoDraw = True
333.4942 	DATA 	Keypress: l
333.5859 	EXP 	Device response: <KeyPress from None: t=333.4825340999996, value=l, duration=0.09476379999978235>
333.9775 	EXP 	LDT_stim_text: autoDraw = True
333.9858 	EXP 	LDT_fix_text: autoDraw = False
334.5450 	EXP 	Device response: <KeyPress from None: t=334.5376806999993, value=a, duration=None>
334.5453 	EXP 	New trial (rep=0, index=203): <Trial 203 (203 in rep 0) data={'Task': 'LDT', 'TrialType': 'Target', 'Stimuli': 'sell', 'StimulusType': 'word', 'CorrectResponse': 'l', 'Trialnumb': 65, 'thisN': 203, 'thisTrialN': 203, 'thisRepN': 0}>
334.5531 	EXP 	LDT_fix_text: autoDraw = False
334.5531 	EXP 	LDT_stim_text: autoDraw = False
334.5531 	EXP 	LDT_break_text: autoDraw = False
334.5531 	EXP 	LDT_stim_text: height = np.float64(0.1)
334.5531 	EXP 	LDT_stim_text: height = np.float64(0.1)
334.5531 	EXP 	LDT_stim_text: height = np.float64(0.1)
334.5531 	EXP 	LDT_stim_text: text = 'sell'
334.5531 	EXP 	LDT_fix_text: autoDraw = True
334.5537 	DATA 	Keypress: a
334.6618 	EXP 	Device response: <KeyPress from None: t=334.5376806999993, value=a, duration=0.11909920000107377>
335.0369 	EXP 	LDT_stim_text: autoDraw = True
335.0453 	EXP 	LDT_fix_text: autoDraw = False
335.6295 	EXP 	Device response: <KeyPress from None: t=335.62506810000014, value=l, duration=None>
335.6297 	EXP 	New trial (rep=0, index=204): <Trial 204 (204 in rep 0) data={'Task': 'LDT', 'TrialType': 'Target', 'Stimuli': 'colo', 'StimulusType': 'nonword', 'CorrectResponse': 'a', 'Trialnumb': 131, 'thisN': 204, 'thisTrialN': 204, 'thisRepN': 0}>
335.6375 	EXP 	LDT_fix_text: autoDraw = False
335.6375 	EXP 	LDT_stim_text: autoDraw = False
335.6375 	EXP 	LDT_break_text: autoDraw = False
335.6375 	EXP 	LDT_stim_text: height = np.float64(0.1)
335.6375 	EXP 	LDT_stim_text: height = np.float64(0.1)
335.6375 	EXP 	LDT_stim_text: height = np.float64(0.1)
335.6375 	EXP 	LDT_stim_text: text = 'colo'
335.6375 	EXP 	LDT_fix_text: autoDraw = True
335.6380 	DATA 	Keypress: l
335.7963 	EXP 	Device response: <KeyPress from None: t=335.62506810000014, value=l, duration=0.16927140000007057>
336.1213 	EXP 	LDT_stim_text: autoDraw = True
336.1296 	EXP 	LDT_fix_text: autoDraw = False
336.8389 	EXP 	Device response: <KeyPress from None: t=336.83457330000056, value=a, duration=None>
336.8392 	EXP 	New trial (rep=0, index=205): <Trial 205 (205 in rep 0) data={'Task': 'LDT', 'TrialType': 'Target', 'Stimuli': 'read', 'StimulusType': 'word', 'CorrectResponse': 'l', 'Trialnumb': 31, 'thisN': 205, 'thisTrialN': 205, 'thisRepN': 0}>
336.8471 	EXP 	LDT_fix_text: autoDraw = False
336.8471 	EXP 	LDT_stim_text: autoDraw = False
336.8471 	EXP 	LDT_break_text: autoDraw = False
336.8471 	EXP 	LDT_stim_text: height = np.float64(0.1)
336.8471 	EXP 	LDT_stim_text: height = np.float64(0.1)
336.8471 	EXP 	LDT_stim_text: height = np.float64(0.1)
336.8471 	EXP 	LDT_stim_text: text = 'read'
336.8471 	EXP 	LDT_fix_text: autoDraw = True
336.8476 	DATA 	Keypress: a
336.9641 	EXP 	Device response: <KeyPress from None: t=336.83457330000056, value=a, duration=0.1267876999991131>
337.3308 	EXP 	LDT_stim_text: autoDraw = True
337.3392 	EXP 	LDT_fix_text: autoDraw = False
338.2403 	EXP 	Device response: <KeyPress from None: t=338.2337678999993, value=l, duration=None>
338.2405 	EXP 	New trial (rep=0, index=206): <Trial 206 (206 in rep 0) data={'Task': 'LDT', 'TrialType': 'Target', 'Stimuli': 'burz', 'StimulusType': 'nonword', 'CorrectResponse': 'a', 'Trialnumb': 112, 'thisN': 206, 'thisTrialN': 206, 'thisRepN': 0}>
338.2485 	EXP 	LDT_fix_text: autoDraw = False
338.2485 	EXP 	LDT_stim_text: autoDraw = False
338.2485 	EXP 	LDT_break_text: autoDraw = False
338.2485 	EXP 	LDT_stim_text: height = np.float64(0.1)
338.2485 	EXP 	LDT_stim_text: height = np.float64(0.1)
338.2485 	EXP 	LDT_stim_text: height = np.float64(0.1)
338.2485 	EXP 	LDT_stim_text: text = 'burz'
338.2485 	EXP 	LDT_fix_text: autoDraw = True
338.2490 	DATA 	Keypress: l
338.3655 	EXP 	Device response: <KeyPress from None: t=338.2337678999993, value=l, duration=0.12753390000034415>
338.7322 	EXP 	LDT_stim_text: autoDraw = True
338.7406 	EXP 	LDT_fix_text: autoDraw = False
339.3665 	EXP 	Device response: <KeyPress from None: t=339.3620133000004, value=a, duration=None>
339.3667 	EXP 	New trial (rep=0, index=207): <Trial 207 (207 in rep 0) data={'Task': 'LDT', 'TrialType': 'Target', 'Stimuli': 'judge', 'StimulusType': 'word', 'CorrectResponse': 'l', 'Trialnumb': 67, 'thisN': 207, 'thisTrialN': 207, 'thisRepN': 0}>
339.3745 	EXP 	LDT_fix_text: autoDraw = False
339.3745 	EXP 	LDT_stim_text: autoDraw = False
339.3745 	EXP 	LDT_break_text: autoDraw = False
339.3745 	EXP 	LDT_stim_text: height = np.float64(0.1)
339.3745 	EXP 	LDT_stim_text: height = np.float64(0.1)
339.3745 	EXP 	LDT_stim_text: height = np.float64(0.1)
339.3745 	EXP 	LDT_stim_text: text = 'judge'
339.3745 	EXP 	LDT_fix_text: autoDraw = True
339.3750 	DATA 	Keypress: a
339.5085 	EXP 	Device response: <KeyPress from None: t=339.3620133000004, value=a, duration=0.14321649999874353>
339.8583 	EXP 	LDT_stim_text: autoDraw = True
339.8667 	EXP 	LDT_fix_text: autoDraw = False
340.3591 	EXP 	Device response: <KeyPress from None: t=340.3532751999992, value=l, duration=None>
340.3594 	EXP 	New trial (rep=0, index=208): <Trial 208 (208 in rep 0) data={'Task': 'LDT', 'TrialType': 'Target', 'Stimuli': 'coss', 'StimulusType': 'nonword', 'CorrectResponse': 'a', 'Trialnumb': 133, 'thisN': 208, 'thisTrialN': 208, 'thisRepN': 0}>
340.3672 	EXP 	LDT_fix_text: autoDraw = False
340.3672 	EXP 	LDT_stim_text: autoDraw = False
340.3672 	EXP 	LDT_break_text: autoDraw = False
340.3672 	EXP 	LDT_stim_text: height = np.float64(0.1)
340.3672 	EXP 	LDT_stim_text: height = np.float64(0.1)
340.3672 	EXP 	LDT_stim_text: height = np.float64(0.1)
340.3672 	EXP 	LDT_stim_text: text = 'coss'
340.3672 	EXP 	LDT_fix_text: autoDraw = True
340.3677 	DATA 	Keypress: l
340.4676 	EXP 	Device response: <KeyPress from None: t=340.3532751999992, value=l, duration=0.1122748000016145>
340.8510 	EXP 	LDT_stim_text: autoDraw = True
340.8594 	EXP 	LDT_fix_text: autoDraw = False
341.5019 	EXP 	Device response: <KeyPress from None: t=341.49734499999977, value=a, duration=None>
341.5022 	EXP 	New trial (rep=0, index=209): <Trial 209 (209 in rep 0) data={'Task': 'LDT', 'TrialType': 'Target', 'Stimuli': 'jite', 'StimulusType': 'nonword', 'CorrectResponse': 'a', 'Trialnumb': 160, 'thisN': 209, 'thisTrialN': 209, 'thisRepN': 0}>
341.5101 	EXP 	LDT_fix_text: autoDraw = False
341.5101 	EXP 	LDT_stim_text: autoDraw = False
341.5101 	EXP 	LDT_break_text: autoDraw = False
341.5101 	EXP 	LDT_stim_text: height = np.float64(0.1)
341.5101 	EXP 	LDT_stim_text: height = np.float64(0.1)
341.5101 	EXP 	LDT_stim_text: height = np.float64(0.1)
341.5101 	EXP 	LDT_stim_text: text = 'jite'
341.5101 	EXP 	LDT_fix_text: autoDraw = True
341.5107 	DATA 	Keypress: a
341.6188 	EXP 	Device response: <KeyPress from None: t=341.49734499999977, value=a, duration=0.12036880000050587>
341.9938 	EXP 	LDT_stim_text: autoDraw = True
342.0021 	EXP 	LDT_fix_text: autoDraw = False
342.5531 	EXP 	Device response: <KeyPress from None: t=342.54496590000053, value=a, duration=None>
342.5534 	EXP 	New trial (rep=0, index=210): <Trial 210 (210 in rep 0) data={'Task': 'LDT', 'TrialType': 'Target', 'Stimuli': 'nind', 'StimulusType': 'nonword', 'CorrectResponse': 'a', 'Trialnumb': 177, 'thisN': 210, 'thisTrialN': 210, 'thisRepN': 0}>
342.5611 	EXP 	LDT_fix_text: autoDraw = False
342.5611 	EXP 	LDT_stim_text: autoDraw = False
342.5611 	EXP 	LDT_break_text: autoDraw = False
342.5611 	EXP 	LDT_stim_text: height = np.float64(0.1)
342.5611 	EXP 	LDT_stim_text: height = np.float64(0.1)
342.5611 	EXP 	LDT_stim_text: height = np.float64(0.1)
342.5611 	EXP 	LDT_stim_text: text = 'nind'
342.5611 	EXP 	LDT_fix_text: autoDraw = True
342.5616 	DATA 	Keypress: a
342.6698 	EXP 	Device response: <KeyPress from None: t=342.54496590000053, value=a, duration=0.12143869999999879>
343.0449 	EXP 	LDT_stim_text: autoDraw = True
343.0532 	EXP 	LDT_fix_text: autoDraw = False
343.7876 	EXP 	Device response: <KeyPress from None: t=343.7859224999993, value=a, duration=None>
343.7879 	EXP 	New trial (rep=0, index=211): <Trial 211 (211 in rep 0) data={'Task': 'LDT', 'TrialType': 'Target', 'Stimuli': 'food', 'StimulusType': 'word', 'CorrectResponse': 'l', 'Trialnumb': 5, 'thisN': 211, 'thisTrialN': 211, 'thisRepN': 0}>
343.7956 	EXP 	LDT_fix_text: autoDraw = False
343.7956 	EXP 	LDT_stim_text: autoDraw = False
343.7956 	EXP 	LDT_break_text: autoDraw = False
343.7956 	EXP 	LDT_stim_text: height = np.float64(0.1)
343.7956 	EXP 	LDT_stim_text: height = np.float64(0.1)
343.7956 	EXP 	LDT_stim_text: height = np.float64(0.1)
343.7956 	EXP 	LDT_stim_text: text = 'food'
343.7956 	EXP 	LDT_fix_text: autoDraw = True
343.7961 	DATA 	Keypress: a
343.8960 	EXP 	Device response: <KeyPress from None: t=343.7859224999993, value=a, duration=0.10352270000112185>
344.2794 	EXP 	LDT_stim_text: autoDraw = True
344.2878 	EXP 	LDT_fix_text: autoDraw = False
344.8387 	EXP 	Device response: <KeyPress from None: t=344.83284509999976, value=l, duration=None>
344.8389 	EXP 	New trial (rep=0, index=212): <Trial 212 (212 in rep 0) data={'Task': 'LDT', 'TrialType': 'Target', 'Stimuli': 'tuke', 'StimulusType': 'nonword', 'CorrectResponse': 'a', 'Trialnumb': 208, 'thisN': 212, 'thisTrialN': 212, 'thisRepN': 0}>
344.8467 	EXP 	LDT_fix_text: autoDraw = False
344.8467 	EXP 	LDT_stim_text: autoDraw = False
344.8467 	EXP 	LDT_break_text: autoDraw = False
344.8467 	EXP 	LDT_stim_text: height = np.float64(0.1)
344.8467 	EXP 	LDT_stim_text: height = np.float64(0.1)
344.8467 	EXP 	LDT_stim_text: height = np.float64(0.1)
344.8467 	EXP 	LDT_stim_text: text = 'tuke'
344.8467 	EXP 	LDT_fix_text: autoDraw = True
344.8472 	DATA 	Keypress: l
344.9387 	EXP 	Device response: <KeyPress from None: t=344.83284509999976, value=l, duration=0.10529700000006414>
345.3305 	EXP 	LDT_stim_text: autoDraw = True
345.3389 	EXP 	LDT_fix_text: autoDraw = False
345.9648 	EXP 	Device response: <KeyPress from None: t=345.9612481000004, value=a, duration=None>
345.9650 	EXP 	New trial (rep=0, index=213): <Trial 213 (213 in rep 0) data={'Task': 'LDT', 'TrialType': 'Target', 'Stimuli': 'back', 'StimulusType': 'word', 'CorrectResponse': 'l', 'Trialnumb': 8, 'thisN': 213, 'thisTrialN': 213, 'thisRepN': 0}>
345.9728 	EXP 	LDT_fix_text: autoDraw = False
345.9728 	EXP 	LDT_stim_text: autoDraw = False
345.9728 	EXP 	LDT_break_text: autoDraw = False
345.9728 	EXP 	LDT_stim_text: height = np.float64(0.1)
345.9728 	EXP 	LDT_stim_text: height = np.float64(0.1)
345.9728 	EXP 	LDT_stim_text: height = np.float64(0.1)
345.9728 	EXP 	LDT_stim_text: text = 'back'
345.9728 	EXP 	LDT_fix_text: autoDraw = True
345.9734 	DATA 	Keypress: a
346.0815 	EXP 	Device response: <KeyPress from None: t=345.9612481000004, value=a, duration=0.11183399999936228>
346.4566 	EXP 	LDT_stim_text: autoDraw = True
346.4649 	EXP 	LDT_fix_text: autoDraw = False
346.9574 	EXP 	Device response: <KeyPress from None: t=346.95322379999925, value=l, duration=None>
346.9576 	EXP 	New trial (rep=0, index=214): <Trial 214 (214 in rep 0) data={'Task': 'LDT', 'TrialType': 'Target', 'Stimuli': 'stop', 'StimulusType': 'word', 'CorrectResponse': 'l', 'Trialnumb': 44, 'thisN': 214, 'thisTrialN': 214, 'thisRepN': 0}>
346.9654 	EXP 	LDT_fix_text: autoDraw = False
346.9654 	EXP 	LDT_stim_text: autoDraw = False
346.9654 	EXP 	LDT_break_text: autoDraw = False
346.9654 	EXP 	LDT_stim_text: height = np.float64(0.1)
346.9654 	EXP 	LDT_stim_text: height = np.float64(0.1)
346.9654 	EXP 	LDT_stim_text: height = np.float64(0.1)
346.9654 	EXP 	LDT_stim_text: text = 'stop'
346.9654 	EXP 	LDT_fix_text: autoDraw = True
346.9659 	DATA 	Keypress: l
347.1409 	EXP 	Device response: <KeyPress from None: t=346.95322379999925, value=l, duration=0.18405840000013995>
347.4493 	EXP 	LDT_stim_text: autoDraw = True
347.4576 	EXP 	LDT_fix_text: autoDraw = False
347.8333 	EXP 	Device response: <KeyPress from None: t=347.8251311999993, value=l, duration=None>
347.8335 	EXP 	New trial (rep=0, index=215): <Trial 215 (215 in rep 0) data={'Task': 'LDT', 'TrialType': 'Target', 'Stimuli': 'cast', 'StimulusType': 'word', 'CorrectResponse': 'l', 'Trialnumb': 95, 'thisN': 215, 'thisTrialN': 215, 'thisRepN': 0}>
347.8413 	EXP 	LDT_fix_text: autoDraw = False
347.8413 	EXP 	LDT_stim_text: autoDraw = False
347.8413 	EXP 	LDT_break_text: autoDraw = False
347.8413 	EXP 	LDT_stim_text: height = np.float64(0.1)
347.8413 	EXP 	LDT_stim_text: height = np.float64(0.1)
347.8413 	EXP 	LDT_stim_text: height = np.float64(0.1)
347.8413 	EXP 	LDT_stim_text: text = 'cast'
347.8413 	EXP 	LDT_fix_text: autoDraw = True
347.8418 	DATA 	Keypress: l
347.9333 	EXP 	Device response: <KeyPress from None: t=347.8251311999993, value=l, duration=0.1036671000001661>
348.3251 	EXP 	LDT_stim_text: autoDraw = True
348.3335 	EXP 	LDT_fix_text: autoDraw = False
348.8760 	EXP 	Device response: <KeyPress from None: t=348.87350080000033, value=l, duration=None>
348.8763 	EXP 	New trial (rep=0, index=216): <Trial 216 (216 in rep 0) data={'Task': 'LDT', 'TrialType': 'Target', 'Stimuli': 'darb', 'StimulusType': 'nonword', 'CorrectResponse': 'a', 'Trialnumb': 134, 'thisN': 216, 'thisTrialN': 216, 'thisRepN': 0}>
348.8842 	EXP 	LDT_fix_text: autoDraw = False
348.8842 	EXP 	LDT_stim_text: autoDraw = False
348.8842 	EXP 	LDT_break_text: autoDraw = False
348.8842 	EXP 	LDT_stim_text: height = np.float64(0.1)
348.8842 	EXP 	LDT_stim_text: height = np.float64(0.1)
348.8842 	EXP 	LDT_stim_text: height = np.float64(0.1)
348.8842 	EXP 	LDT_stim_text: text = 'darb'
348.8842 	EXP 	LDT_fix_text: autoDraw = True
348.8847 	DATA 	Keypress: l
348.9760 	EXP 	Device response: <KeyPress from None: t=348.87350080000033, value=l, duration=0.09599249999882886>
349.3678 	EXP 	LDT_stim_text: autoDraw = True
349.3761 	EXP 	LDT_fix_text: autoDraw = False
350.0772 	EXP 	Device response: <KeyPress from None: t=350.07362420000027, value=a, duration=None>
350.0774 	EXP 	New trial (rep=0, index=217): <Trial 217 (217 in rep 0) data={'Task': 'LDT', 'TrialType': 'Target', 'Stimuli': 'hold', 'StimulusType': 'word', 'CorrectResponse': 'l', 'Trialnumb': 54, 'thisN': 217, 'thisTrialN': 217, 'thisRepN': 0}>
350.0852 	EXP 	LDT_fix_text: autoDraw = False
350.0852 	EXP 	LDT_stim_text: autoDraw = False
350.0852 	EXP 	LDT_break_text: autoDraw = False
350.0852 	EXP 	LDT_stim_text: height = np.float64(0.1)
350.0852 	EXP 	LDT_stim_text: height = np.float64(0.1)
350.0852 	EXP 	LDT_stim_text: height = np.float64(0.1)
350.0852 	EXP 	LDT_stim_text: text = 'hold'
350.0852 	EXP 	LDT_fix_text: autoDraw = True
350.0857 	DATA 	Keypress: a
350.2106 	EXP 	Device response: <KeyPress from None: t=350.07362420000027, value=a, duration=0.1291148999989673>
350.5690 	EXP 	LDT_stim_text: autoDraw = True
350.5774 	EXP 	LDT_fix_text: autoDraw = False
351.0782 	EXP 	Device response: <KeyPress from None: t=351.07294619999993, value=l, duration=None>
351.0784 	EXP 	New trial (rep=0, index=218): <Trial 218 (218 in rep 0) data={'Task': 'LDT', 'TrialType': 'Target', 'Stimuli': 'jight', 'StimulusType': 'nonword', 'CorrectResponse': 'a', 'Trialnumb': 159, 'thisN': 218, 'thisTrialN': 218, 'thisRepN': 0}>
351.0862 	EXP 	LDT_fix_text: autoDraw = False
351.0862 	EXP 	LDT_stim_text: autoDraw = False
351.0862 	EXP 	LDT_break_text: autoDraw = False
351.0862 	EXP 	LDT_stim_text: height = np.float64(0.1)
351.0862 	EXP 	LDT_stim_text: height = np.float64(0.1)
351.0862 	EXP 	LDT_stim_text: height = np.float64(0.1)
351.0862 	EXP 	LDT_stim_text: text = 'jight'
351.0862 	EXP 	LDT_fix_text: autoDraw = True
351.0868 	DATA 	Keypress: l
351.1866 	EXP 	Device response: <KeyPress from None: t=351.07294619999993, value=l, duration=0.11212019999948097>
351.5700 	EXP 	LDT_stim_text: autoDraw = True
351.5784 	EXP 	LDT_fix_text: autoDraw = False
352.0207 	EXP 	Device response: <KeyPress from None: t=352.0172925000006, value=a, duration=None>
352.0210 	EXP 	New trial (rep=0, index=219): <Trial 219 (219 in rep 0) data={'Task': 'LDT', 'TrialType': 'Target', 'Stimuli': 'kild', 'StimulusType': 'nonword', 'CorrectResponse': 'a', 'Trialnumb': 165, 'thisN': 219, 'thisTrialN': 219, 'thisRepN': 0}>
352.0288 	EXP 	LDT_fix_text: autoDraw = False
352.0288 	EXP 	LDT_stim_text: autoDraw = False
352.0288 	EXP 	LDT_break_text: autoDraw = False
352.0288 	EXP 	LDT_stim_text: height = np.float64(0.1)
352.0288 	EXP 	LDT_stim_text: height = np.float64(0.1)
352.0288 	EXP 	LDT_stim_text: height = np.float64(0.1)
352.0288 	EXP 	LDT_stim_text: text = 'kild'
352.0288 	EXP 	LDT_fix_text: autoDraw = True
352.0293 	DATA 	Keypress: a
352.1461 	EXP 	Device response: <KeyPress from None: t=352.0172925000006, value=a, duration=0.12856389999979>
352.5126 	EXP 	LDT_stim_text: autoDraw = True
352.5210 	EXP 	LDT_fix_text: autoDraw = False
353.0385 	EXP 	Device response: <KeyPress from None: t=353.03290220000054, value=a, duration=None>
353.0387 	EXP 	New trial (rep=0, index=220): <Trial 220 (220 in rep 0) data={'Task': 'LDT', 'TrialType': 'Target', 'Stimuli': 'toas', 'StimulusType': 'nonword', 'CorrectResponse': 'a', 'Trialnumb': 203, 'thisN': 220, 'thisTrialN': 220, 'thisRepN': 0}>
353.0465 	EXP 	LDT_fix_text: autoDraw = False
353.0465 	EXP 	LDT_stim_text: autoDraw = False
353.0465 	EXP 	LDT_break_text: autoDraw = False
353.0465 	EXP 	LDT_stim_text: height = np.float64(0.1)
353.0465 	EXP 	LDT_stim_text: height = np.float64(0.1)
353.0465 	EXP 	LDT_stim_text: height = np.float64(0.1)
353.0465 	EXP 	LDT_stim_text: text = 'toas'
353.0465 	EXP 	LDT_fix_text: autoDraw = True
353.0471 	DATA 	Keypress: a
353.1469 	EXP 	Device response: <KeyPress from None: t=353.03290220000054, value=a, duration=0.1127424999995128>
353.5303 	EXP 	LDT_stim_text: autoDraw = True
353.5386 	EXP 	LDT_fix_text: autoDraw = False
354.1731 	EXP 	Device response: <KeyPress from None: t=354.17039139999906, value=a, duration=None>
354.1733 	EXP 	New trial (rep=0, index=221): <Trial 221 (221 in rep 0) data={'Task': 'LDT', 'TrialType': 'Target', 'Stimuli': 'look', 'StimulusType': 'word', 'CorrectResponse': 'l', 'Trialnumb': 2, 'thisN': 221, 'thisTrialN': 221, 'thisRepN': 0}>
354.1810 	EXP 	LDT_fix_text: autoDraw = False
354.1810 	EXP 	LDT_stim_text: autoDraw = False
354.1810 	EXP 	LDT_break_text: autoDraw = False
354.1810 	EXP 	LDT_stim_text: height = np.float64(0.1)
354.1810 	EXP 	LDT_stim_text: height = np.float64(0.1)
354.1810 	EXP 	LDT_stim_text: height = np.float64(0.1)
354.1810 	EXP 	LDT_stim_text: text = 'look'
354.1810 	EXP 	LDT_fix_text: autoDraw = True
354.1815 	DATA 	Keypress: a
354.2647 	EXP 	Device response: <KeyPress from None: t=354.17039139999906, value=a, duration=0.08683010000095237>
354.6648 	EXP 	LDT_stim_text: autoDraw = True
354.6731 	EXP 	LDT_fix_text: autoDraw = False
355.1155 	EXP 	Device response: <KeyPress from None: t=355.1136845000001, value=l, duration=None>
355.1236 	EXP 	LDT_fix_text: autoDraw = False
355.1236 	EXP 	LDT_stim_text: autoDraw = False
355.1236 	EXP 	LDT_break_text: autoDraw = False
355.1236 	EXP 	end_text: autoDraw = True
355.1242 	DATA 	Keypress: l
355.2573 	EXP 	Device response: <KeyPress from None: t=355.1136845000001, value=l, duration=0.13548350000019127>
358.1182 	EXP 	end_text: autoDraw = False
358.1182 	EXP 	end_text: autoDraw = False
358.1183 	EXP 	online_LDT&KRT: status = STOPPED
