0.8775 	WARNING 	We strongly recommend you activate the PTB sound engine in PsychoPy prefs as the preferred audio engine. Its timing is vastly superior. Your prefs are currently set to use ['sounddevice', 'PTB', 'pyo', 'pygame'] (in that order).
2.1597 	WARNING 	Font Manager failed to load file C:\Users\user\AppData\Local\Microsoft\Windows\Fonts\서울남산 장체BL.ttf
2.1661 	WARNING 	Font Manager failed to load file C:\Users\user\AppData\Local\Microsoft\Windows\Fonts\210 맨발의청춘B.ttf
2.1761 	WARNING 	Font Manager failed to load file C:\Users\user\AppData\Local\Microsoft\Windows\Fonts\210 씨앗B.ttf
2.1835 	WARNING 	Font Manager failed to load file C:\Users\user\AppData\Local\Microsoft\Windows\Fonts\a고딕10.ttf
2.1840 	WARNING 	Font Manager failed to load file C:\Users\user\AppData\Local\Microsoft\Windows\Fonts\a고딕14.ttf
2.1857 	WARNING 	Font Manager failed to load file C:\Users\user\AppData\Local\Microsoft\Windows\Fonts\210 하얀바람R.ttf
2.1878 	WARNING 	Font Manager failed to load file C:\Users\user\AppData\Local\Microsoft\Windows\Fonts\아리따-돋움(TTF)-Bold.ttf
2.1885 	WARNING 	Font Manager failed to load file C:\Users\user\AppData\Local\Microsoft\Windows\Fonts\a뉴굴림2.ttf
2.1893 	WARNING 	Font Manager failed to load file C:\Users\user\AppData\Local\Microsoft\Windows\Fonts\서울남산 장체B.ttf
2.1905 	WARNING 	Font Manager failed to load file C:\Users\user\AppData\Local\Microsoft\Windows\Fonts\210 나무고딕R.ttf
2.1911 	WARNING 	Font Manager failed to load file C:\Users\user\AppData\Local\Microsoft\Windows\Fonts\210 카툰스토리B.ttf
2.1916 	WARNING 	Font Manager failed to load file C:\Users\user\AppData\Local\Microsoft\Windows\Fonts\210 동화책R.ttf
2.1946 	WARNING 	Font Manager failed to load file C:\Users\user\AppData\Local\Microsoft\Windows\Fonts\210 카툰스토리L.ttf
2.1951 	WARNING 	Font Manager failed to load file C:\Users\user\AppData\Local\Microsoft\Windows\Fonts\210 씨앗R.ttf
2.1974 	WARNING 	Font Manager failed to load file C:\Users\user\AppData\Local\Microsoft\Windows\Fonts\a뉴굴림3.ttf
2.1987 	WARNING 	Font Manager failed to load file C:\Users\user\AppData\Local\Microsoft\Windows\Fonts\a고딕11.ttf
2.1990 	WARNING 	Font Manager failed to load file C:\Users\user\AppData\Local\Microsoft\Windows\Fonts\a고딕16.ttf
2.1991 	WARNING 	Font Manager failed to load file C:\Users\user\AppData\Local\Microsoft\Windows\Fonts\210 나무고딕B.ttf
2.2014 	WARNING 	Font Manager failed to load file C:\Users\user\AppData\Local\Microsoft\Windows\Fonts\210 상상공작소R.ttf
2.2017 	WARNING 	Font Manager failed to load file C:\Users\user\AppData\Local\Microsoft\Windows\Fonts\210 하얀바람B.ttf
2.2021 	WARNING 	Font Manager failed to load file C:\Users\user\AppData\Local\Microsoft\Windows\Fonts\서울남산 장체L.ttf
2.2038 	WARNING 	Font Manager failed to load file C:\Users\user\AppData\Local\Microsoft\Windows\Fonts\210 씨앗L.ttf
2.2042 	WARNING 	Font Manager failed to load file C:\Users\user\AppData\Local\Microsoft\Windows\Fonts\210 나무고딕EB.ttf
2.2079 	WARNING 	Font Manager failed to load file C:\Users\user\AppData\Local\Microsoft\Windows\Fonts\아리따-돋움(TTF)-Medium.ttf
2.2083 	WARNING 	Font Manager failed to load file C:\Users\user\AppData\Local\Microsoft\Windows\Fonts\서울남산 장체M.ttf
2.2092 	WARNING 	Font Manager failed to load file C:\Users\user\AppData\Local\Microsoft\Windows\Fonts\아리따-돋움(TTF)-Light.ttf
2.2105 	WARNING 	Font Manager failed to load file C:\Users\user\AppData\Local\Microsoft\Windows\Fonts\210 맨발의청춘R.ttf
2.2121 	WARNING 	Font Manager failed to load file C:\Users\user\AppData\Local\Microsoft\Windows\Fonts\나눔고딕L.ttf
2.2129 	WARNING 	Font Manager failed to load file C:\Users\user\AppData\Local\Microsoft\Windows\Fonts\210 맨발의청춘L.ttf
2.2132 	WARNING 	Font Manager failed to load file C:\Users\user\AppData\Local\Microsoft\Windows\Fonts\a뉴굴림1.ttf
2.2133 	WARNING 	Font Manager failed to load file C:\Users\user\AppData\Local\Microsoft\Windows\Fonts\아리따-돋움(TTF)-SemiBold.ttf
2.2183 	WARNING 	Font Manager failed to load file C:\Users\user\AppData\Local\Microsoft\Windows\Fonts\210 카툰스토리R.ttf
2.2188 	WARNING 	Font Manager failed to load file C:\Users\user\AppData\Local\Microsoft\Windows\Fonts\a고딕15.ttf
2.2201 	WARNING 	Font Manager failed to load file C:\Users\user\AppData\Local\Microsoft\Windows\Fonts\210 동화책L.ttf
2.2263 	WARNING 	Font Manager failed to load file C:\Users\user\AppData\Local\Microsoft\Windows\Fonts\210 동화책B.ttf
2.2285 	WARNING 	Font Manager failed to load file C:\Users\user\AppData\Local\Microsoft\Windows\Fonts\210 하얀바람L.ttf
2.2288 	WARNING 	Font Manager failed to load file C:\Users\user\AppData\Local\Microsoft\Windows\Fonts\210 상상공작소L.ttf
2.2299 	WARNING 	Font Manager failed to load file C:\Users\user\AppData\Local\Microsoft\Windows\Fonts\아리따-돋움(TTF)-Thin.ttf
2.2309 	WARNING 	Font Manager failed to load file C:\Users\user\AppData\Local\Microsoft\Windows\Fonts\a고딕13.ttf
2.2340 	WARNING 	Font Manager failed to load file C:\Users\user\AppData\Local\Microsoft\Windows\Fonts\210 콤퓨타세탁B.ttf
2.2349 	WARNING 	Font Manager failed to load file C:\Users\user\AppData\Local\Microsoft\Windows\Fonts\210 상상공작소B.ttf
2.2355 	WARNING 	Font Manager failed to load file C:\Users\user\AppData\Local\Microsoft\Windows\Fonts\210 콤퓨타세탁R.ttf
2.2364 	WARNING 	Font Manager failed to load file C:\Users\user\AppData\Local\Microsoft\Windows\Fonts\a고딕12.ttf
2.2486 	WARNING 	Font Manager failed to load file C:\Users\user\AppData\Local\Microsoft\Windows\Fonts\a시나리오.ttf
2.2501 	WARNING 	Font Manager failed to load file C:\Users\user\AppData\Local\Microsoft\Windows\Fonts\서울남산 장체EB.ttf
2.2510 	WARNING 	Font Manager failed to load file C:\Users\user\AppData\Local\Microsoft\Windows\Fonts\210 콤퓨타세탁L.ttf
2.2512 	WARNING 	Font Manager failed to load file C:\Users\user\AppData\Local\Microsoft\Windows\Fonts\210 나무고딕L.ttf
2.2517 	WARNING 	Font Manager failed to load file C:\Users\user\AppData\Local\Microsoft\Windows\Fonts\a뉴굴림4.ttf
2.4503 	WARNING 	Font Manager failed to load file C:\Users\user\AppData\Local\Microsoft\Windows\Fonts\서울남산 장체BL.ttf
2.4566 	WARNING 	Font Manager failed to load file C:\Users\user\AppData\Local\Microsoft\Windows\Fonts\210 맨발의청춘B.ttf
2.4661 	WARNING 	Font Manager failed to load file C:\Users\user\AppData\Local\Microsoft\Windows\Fonts\210 씨앗B.ttf
2.4732 	WARNING 	Font Manager failed to load file C:\Users\user\AppData\Local\Microsoft\Windows\Fonts\a고딕10.ttf
2.4737 	WARNING 	Font Manager failed to load file C:\Users\user\AppData\Local\Microsoft\Windows\Fonts\a고딕14.ttf
2.4751 	WARNING 	Font Manager failed to load file C:\Users\user\AppData\Local\Microsoft\Windows\Fonts\210 하얀바람R.ttf
2.4772 	WARNING 	Font Manager failed to load file C:\Users\user\AppData\Local\Microsoft\Windows\Fonts\아리따-돋움(TTF)-Bold.ttf
2.4779 	WARNING 	Font Manager failed to load file C:\Users\user\AppData\Local\Microsoft\Windows\Fonts\a뉴굴림2.ttf
2.4786 	WARNING 	Font Manager failed to load file C:\Users\user\AppData\Local\Microsoft\Windows\Fonts\서울남산 장체B.ttf
2.4798 	WARNING 	Font Manager failed to load file C:\Users\user\AppData\Local\Microsoft\Windows\Fonts\210 나무고딕R.ttf
2.4804 	WARNING 	Font Manager failed to load file C:\Users\user\AppData\Local\Microsoft\Windows\Fonts\210 카툰스토리B.ttf
2.4808 	WARNING 	Font Manager failed to load file C:\Users\user\AppData\Local\Microsoft\Windows\Fonts\210 동화책R.ttf
2.4837 	WARNING 	Font Manager failed to load file C:\Users\user\AppData\Local\Microsoft\Windows\Fonts\210 카툰스토리L.ttf
2.4842 	WARNING 	Font Manager failed to load file C:\Users\user\AppData\Local\Microsoft\Windows\Fonts\210 씨앗R.ttf
2.4864 	WARNING 	Font Manager failed to load file C:\Users\user\AppData\Local\Microsoft\Windows\Fonts\a뉴굴림3.ttf
2.4876 	WARNING 	Font Manager failed to load file C:\Users\user\AppData\Local\Microsoft\Windows\Fonts\a고딕11.ttf
2.4879 	WARNING 	Font Manager failed to load file C:\Users\user\AppData\Local\Microsoft\Windows\Fonts\a고딕16.ttf
2.4880 	WARNING 	Font Manager failed to load file C:\Users\user\AppData\Local\Microsoft\Windows\Fonts\210 나무고딕B.ttf
2.4901 	WARNING 	Font Manager failed to load file C:\Users\user\AppData\Local\Microsoft\Windows\Fonts\210 상상공작소R.ttf
2.4904 	WARNING 	Font Manager failed to load file C:\Users\user\AppData\Local\Microsoft\Windows\Fonts\210 하얀바람B.ttf
2.4908 	WARNING 	Font Manager failed to load file C:\Users\user\AppData\Local\Microsoft\Windows\Fonts\서울남산 장체L.ttf
2.4925 	WARNING 	Font Manager failed to load file C:\Users\user\AppData\Local\Microsoft\Windows\Fonts\210 씨앗L.ttf
2.4928 	WARNING 	Font Manager failed to load file C:\Users\user\AppData\Local\Microsoft\Windows\Fonts\210 나무고딕EB.ttf
2.4958 	WARNING 	Font Manager failed to load file C:\Users\user\AppData\Local\Microsoft\Windows\Fonts\아리따-돋움(TTF)-Medium.ttf
2.4961 	WARNING 	Font Manager failed to load file C:\Users\user\AppData\Local\Microsoft\Windows\Fonts\서울남산 장체M.ttf
2.4969 	WARNING 	Font Manager failed to load file C:\Users\user\AppData\Local\Microsoft\Windows\Fonts\아리따-돋움(TTF)-Light.ttf
2.4980 	WARNING 	Font Manager failed to load file C:\Users\user\AppData\Local\Microsoft\Windows\Fonts\210 맨발의청춘R.ttf
2.4996 	WARNING 	Font Manager failed to load file C:\Users\user\AppData\Local\Microsoft\Windows\Fonts\나눔고딕L.ttf
2.5004 	WARNING 	Font Manager failed to load file C:\Users\user\AppData\Local\Microsoft\Windows\Fonts\210 맨발의청춘L.ttf
2.5007 	WARNING 	Font Manager failed to load file C:\Users\user\AppData\Local\Microsoft\Windows\Fonts\a뉴굴림1.ttf
2.5008 	WARNING 	Font Manager failed to load file C:\Users\user\AppData\Local\Microsoft\Windows\Fonts\아리따-돋움(TTF)-SemiBold.ttf
2.5054 	WARNING 	Font Manager failed to load file C:\Users\user\AppData\Local\Microsoft\Windows\Fonts\210 카툰스토리R.ttf
2.5059 	WARNING 	Font Manager failed to load file C:\Users\user\AppData\Local\Microsoft\Windows\Fonts\a고딕15.ttf
2.5073 	WARNING 	Font Manager failed to load file C:\Users\user\AppData\Local\Microsoft\Windows\Fonts\210 동화책L.ttf
2.5133 	WARNING 	Font Manager failed to load file C:\Users\user\AppData\Local\Microsoft\Windows\Fonts\210 동화책B.ttf
2.5155 	WARNING 	Font Manager failed to load file C:\Users\user\AppData\Local\Microsoft\Windows\Fonts\210 하얀바람L.ttf
2.5158 	WARNING 	Font Manager failed to load file C:\Users\user\AppData\Local\Microsoft\Windows\Fonts\210 상상공작소L.ttf
2.5169 	WARNING 	Font Manager failed to load file C:\Users\user\AppData\Local\Microsoft\Windows\Fonts\아리따-돋움(TTF)-Thin.ttf
2.5180 	WARNING 	Font Manager failed to load file C:\Users\user\AppData\Local\Microsoft\Windows\Fonts\a고딕13.ttf
2.5210 	WARNING 	Font Manager failed to load file C:\Users\user\AppData\Local\Microsoft\Windows\Fonts\210 콤퓨타세탁B.ttf
2.5219 	WARNING 	Font Manager failed to load file C:\Users\user\AppData\Local\Microsoft\Windows\Fonts\210 상상공작소B.ttf
2.5225 	WARNING 	Font Manager failed to load file C:\Users\user\AppData\Local\Microsoft\Windows\Fonts\210 콤퓨타세탁R.ttf
2.5235 	WARNING 	Font Manager failed to load file C:\Users\user\AppData\Local\Microsoft\Windows\Fonts\a고딕12.ttf
2.5348 	WARNING 	Font Manager failed to load file C:\Users\user\AppData\Local\Microsoft\Windows\Fonts\a시나리오.ttf
2.5362 	WARNING 	Font Manager failed to load file C:\Users\user\AppData\Local\Microsoft\Windows\Fonts\서울남산 장체EB.ttf
2.5371 	WARNING 	Font Manager failed to load file C:\Users\user\AppData\Local\Microsoft\Windows\Fonts\210 콤퓨타세탁L.ttf
2.5372 	WARNING 	Font Manager failed to load file C:\Users\user\AppData\Local\Microsoft\Windows\Fonts\210 나무고딕L.ttf
2.5377 	WARNING 	Font Manager failed to load file C:\Users\user\AppData\Local\Microsoft\Windows\Fonts\a뉴굴림4.ttf
29.8034 	EXP 	Created window1 = Window(allowGUI=False, allowStencil=False, autoLog=True, backendConf=UNKNOWN, backgroundFit=<method-wrapper '__getattribute__' of attributeSetter object at 0x0000017FA3CA7280>, backgroundImage=<method-wrapper '__getattribute__' of attributeSetter object at 0x0000017FA3CA7220>, bitsMode=UNKNOWN, blendMode='avg', bpc=(8, 8, 8), color=array([-1., -1., -1.]), colorSpace='rgb', depthBits=8, fullscr=True, gamma=None, gammaErrorPolicy='raise', infoMsg=UNKNOWN, lms=UNKNOWN, monitor=<psychopy.monitors.calibTools.Monitor object at 0x0000017FA3F7C5E0>, multiSample=False, name='window1', numSamples=2, pos=[np.float64(0.0), np.float64(0.0)], screen=0, size=array([1920, 1080]), stencilBits=0, stereo=False, title='PsychoPy', units='height', useFBO=True, useRetina=False, viewOri=0.0, viewPos=None, viewScale=None, waitBlanking=True, winType='pyglet')
29.8035 	EXP 	window1: backgroundImage = ''
29.8035 	EXP 	window1: backgroundFit = 'none'
30.0675 	EXP 	window1: Attempting to measure frame rate of screen (0) ...
30.0675 	EXP 	window1: recordFrameIntervals = False
30.1881 	EXP 	window1: recordFrameIntervals = True
30.2790 	EXP 	Screen (0) actual frame rate measured at 121.32Hz
30.2790 	EXP 	window1: recordFrameIntervals = False
31.4960 	EXP 	online_LDT&KRT: status = STARTED
31.5978 	EXP 	Created intro_text = TextStim(__class__=<class 'psychopy.visual.text.TextStim'>, alignHoriz=method-wrapper(...), alignText='center', alignVert=method-wrapper(...), anchorHoriz='center', anchorVert='center', antialias=True, autoDraw=False, autoLog=True, bold=False, color=array([1., 1., 1.]), colorSpace='rgb', contrast=1.0, depth=0.0, draggable=False, flipHoriz=False, flipVert=False, font='NanumGothic', fontFiles=[], height=np.float64(0.03), italic=False, languageStyle='LTR', name='intro_text', opacity=1, ori=0.0, pos=array([0., 0.]), rgb=UNKNOWN, text=str(...), units='height', win=Window(...), wrapWidth=1)
31.6212 	EXP 	Created LDT_intro_instr = TextStim(__class__=<class 'psychopy.visual.text.TextStim'>, alignHoriz=method-wrapper(...), alignText='center', alignVert=method-wrapper(...), anchorHoriz='center', anchorVert='center', antialias=True, autoDraw=False, autoLog=True, bold=False, color=array([1., 1., 1.]), colorSpace='rgb', contrast=1.0, depth=0.0, draggable=False, flipHoriz=False, flipVert=False, font='NanumGothic', fontFiles=[], height=np.float64(0.03), italic=False, languageStyle='LTR', name='LDT_intro_instr', opacity=1, ori=0.0, pos=array([0. , 0.2]), rgb=UNKNOWN, text=str(...), units='height', win=Window(...), wrapWidth=1)
31.6345 	EXP 	Created keyboard_LDT = ImageStim(__class__=<class 'psychopy.visual.image.ImageStim'>, anchor=('center', 'center'), autoLog=True, color=array([1., 1., 1.]), colorSpace='rgb', contrast=1.0, depth=-2.0, draggable=False, flipHoriz=np.False_, flipVert=np.False_, image='keyboard_LDT_RR.png', interpolate=True, mask=None, maskParams=None, name='keyboard_LDT', opacity=1, ori=0.0, pos=array([ 0. , -0.2]), size=array([0.6 , 0.35]), texRes=128.0, units='height', win=Window(...))
31.6373 	EXP 	Created LDT_prac_fix_text = TextStim(__class__=<class 'psychopy.visual.text.TextStim'>, alignHoriz=method-wrapper(...), alignText='center', alignVert=method-wrapper(...), anchorHoriz='center', anchorVert='center', antialias=True, autoDraw=False, autoLog=True, bold=False, color=array([1., 1., 1.]), colorSpace='rgb', contrast=1.0, depth=0.0, draggable=False, flipHoriz=False, flipVert=False, font='NanumGothic', fontFiles=[], height=np.float64(0.1), italic=False, languageStyle='LTR', name='LDT_prac_fix_text', opacity=1, ori=0, pos=array([0., 0.]), rgb=UNKNOWN, text='+', units='height', win=Window(...), wrapWidth=1)
31.6377 	EXP 	Created LDT_prac_stim_text = TextStim(__class__=<class 'psychopy.visual.text.TextStim'>, alignHoriz=method-wrapper(...), alignText='center', alignVert=method-wrapper(...), anchorHoriz='center', anchorVert='center', antialias=True, autoDraw=False, autoLog=True, bold=False, color=array([1., 1., 1.]), colorSpace='rgb', contrast=1.0, depth=-1.0, draggable=False, flipHoriz=False, flipVert=False, font='NanumGothic', fontFiles=[], height=0.1, italic=False, languageStyle='LTR', name='LDT_prac_stim_text', opacity=1, ori=0, pos=array([0., 0.]), rgb=UNKNOWN, text='', units='height', win=Window(...), wrapWidth=1)
31.6384 	EXP 	Created LDT_feedback_text = TextStim(__class__=<class 'psychopy.visual.text.TextStim'>, alignHoriz=method-wrapper(...), alignText='center', alignVert=method-wrapper(...), anchorHoriz='center', anchorVert='center', antialias=True, autoDraw=False, autoLog=True, bold=False, color=array([1., 1., 1.]), colorSpace='rgb', contrast=1.0, depth=-1.0, draggable=False, flipHoriz=False, flipVert=False, font='NanumGothic', fontFiles=[], height=0.05, italic=False, languageStyle='LTR', name='LDT_feedback_text', opacity=1, ori=0, pos=array([0., 0.]), rgb=UNKNOWN, text='', units='height', win=Window(...), wrapWidth=1)
31.6516 	EXP 	Created LDT_instr_text = TextStim(__class__=<class 'psychopy.visual.text.TextStim'>, alignHoriz=method-wrapper(...), alignText='center', alignVert=method-wrapper(...), anchorHoriz='center', anchorVert='center', antialias=True, autoDraw=False, autoLog=True, bold=False, color=array([1., 1., 1.]), colorSpace='rgb', contrast=1.0, depth=0.0, draggable=False, flipHoriz=False, flipVert=False, font='NanumGothic', fontFiles=[], height=np.float64(0.03), italic=False, languageStyle='LTR', name='LDT_instr_text', opacity=1, ori=0, pos=array([0., 0.]), rgb=UNKNOWN, text=str(...), units='height', win=Window(...), wrapWidth=1)
31.6530 	EXP 	Created LDT_fix_text = TextStim(__class__=<class 'psychopy.visual.text.TextStim'>, alignHoriz=method-wrapper(...), alignText='center', alignVert=method-wrapper(...), anchorHoriz='center', anchorVert='center', antialias=True, autoDraw=False, autoLog=True, bold=False, color=array([1., 1., 1.]), colorSpace='rgb', contrast=1.0, depth=0.0, draggable=False, flipHoriz=False, flipVert=False, font='NanumGothic', fontFiles=[], height=np.float64(0.1), italic=False, languageStyle='LTR', name='LDT_fix_text', opacity=1, ori=0, pos=array([0., 0.]), rgb=UNKNOWN, text='+', units='height', win=Window(...), wrapWidth=1)
31.6534 	EXP 	Created LDT_stim_text = TextStim(__class__=<class 'psychopy.visual.text.TextStim'>, alignHoriz=method-wrapper(...), alignText='center', alignVert=method-wrapper(...), anchorHoriz='center', anchorVert='center', antialias=True, autoDraw=False, autoLog=True, bold=False, color=array([1., 1., 1.]), colorSpace='rgb', contrast=1.0, depth=-1.0, draggable=False, flipHoriz=False, flipVert=False, font='NanumGothic', fontFiles=[], height=0.1, italic=False, languageStyle='LTR', name='LDT_stim_text', opacity=1, ori=0, pos=array([0., 0.]), rgb=UNKNOWN, text='', units='height', win=Window(...), wrapWidth=1)
31.6591 	EXP 	Created LDT_break_text = TextStim(__class__=<class 'psychopy.visual.text.TextStim'>, alignHoriz=method-wrapper(...), alignText='center', alignVert=method-wrapper(...), anchorHoriz='center', anchorVert='center', antialias=True, autoDraw=False, autoLog=True, bold=False, color=array([1., 1., 1.]), colorSpace='rgb', contrast=1.0, depth=-1.0, draggable=False, flipHoriz=False, flipVert=False, font='NanumGothic', fontFiles=[], height=np.float64(0.03), italic=False, languageStyle='LTR', name='LDT_break_text', opacity=1, ori=0.0, pos=array([0., 0.]), rgb=UNKNOWN, text=str(...), units='height', win=Window(...), wrapWidth=1)
31.6646 	EXP 	Created end_text = TextStim(__class__=<class 'psychopy.visual.text.TextStim'>, alignHoriz=method-wrapper(...), alignText='center', alignVert=method-wrapper(...), anchorHoriz='center', anchorVert='center', antialias=True, autoDraw=False, autoLog=True, bold=False, color=array([1., 1., 1.]), colorSpace='rgb', contrast=1.0, depth=0.0, draggable=False, flipHoriz=False, flipVert=False, font='NanumGothic', fontFiles=[], height=np.float64(0.03), italic=False, languageStyle='LTR', name='end_text', opacity=1, ori=0, pos=array([0., 0.]), rgb=UNKNOWN, text='실험이 종료되었습니다. \n\n실험에 참여해 주셔서 감사합니다.\n\n', units='height', win=Window(...), wrapWidth=1)
0.0156 	EXP 	intro_text: autoDraw = True
2.1127 	EXP 	Device response: <KeyPress from None: t=1.9776672999996663, value=space, duration=None>
2.1131 	EXP 	Device response: <KeyPress from None: t=1.9776672999996663, value=space, duration=0.10434140000006664>
2.1261 	EXP 	intro_text: autoDraw = False
2.1261 	EXP 	LDT_intro_instr: autoDraw = True
2.1261 	EXP 	keyboard_LDT: autoDraw = True
2.1268 	DATA 	Keypress: space
18.8013 	EXP 	Device response: <KeyPress from None: t=18.794204699999682, value=space, duration=None>
18.8058 	EXP 	Imported LDT_pracStim.xlsx as conditions, 10 conditions, 5 params
18.8060 	EXP 	New trial (rep=0, index=0): <Trial 0 (0 in rep 0) data={'Task': 'LDT', 'TrialType': 'Practice', 'Stimuli': 'huftuk', 'CorrectResponse': 'a', 'StimulusType': 'nonword', 'thisN': 0, 'thisTrialN': 0, 'thisRepN': 0}>
18.8177 	EXP 	LDT_intro_instr: autoDraw = False
18.8177 	EXP 	keyboard_LDT: autoDraw = False
18.8177 	EXP 	LDT_prac_stim_text: height = np.float64(0.1)
18.8177 	EXP 	LDT_prac_stim_text: height = np.float64(0.1)
18.8177 	EXP 	LDT_prac_stim_text: height = np.float64(0.1)
18.8177 	EXP 	LDT_prac_stim_text: text = 'huftuk'
18.8177 	EXP 	LDT_prac_fix_text: autoDraw = True
18.8182 	DATA 	Keypress: space
18.9181 	EXP 	Device response: <KeyPress from None: t=18.794204699999682, value=space, duration=0.11946740000030331>
19.2931 	EXP 	LDT_prac_stim_text: autoDraw = True
19.3098 	EXP 	LDT_prac_fix_text: autoDraw = False
20.0442 	EXP 	Device response: <KeyPress from None: t=20.041602399999647, value=a, duration=None>
20.0523 	EXP 	LDT_prac_fix_text: autoDraw = False
20.0523 	EXP 	LDT_prac_stim_text: autoDraw = False
20.0523 	EXP 	LDT_feedback_text: height = np.float64(0.05)
20.0523 	EXP 	LDT_feedback_text: height = np.float64(0.05)
20.0523 	EXP 	LDT_feedback_text: height = np.float64(0.05)
20.0523 	EXP 	LDT_feedback_text: text = '정답입니다!'
20.0523 	EXP 	LDT_feedback_text: autoDraw = True
20.0529 	DATA 	Keypress: a
20.1943 	EXP 	Device response: <KeyPress from None: t=20.041602399999647, value=a, duration=0.15182150000009642>
21.0369 	EXP 	New trial (rep=0, index=1): <Trial 1 (1 in rep 0) data={'Task': 'LDT', 'TrialType': 'Practice', 'Stimuli': 'baseball', 'CorrectResponse': 'l', 'StimulusType': 'word', 'thisN': 1, 'thisTrialN': 1, 'thisRepN': 0}>
21.0449 	EXP 	LDT_feedback_text: autoDraw = False
21.0449 	EXP 	LDT_feedback_text: autoDraw = False
21.0449 	EXP 	LDT_prac_stim_text: height = np.float64(0.1)
21.0449 	EXP 	LDT_prac_stim_text: height = np.float64(0.1)
21.0449 	EXP 	LDT_prac_stim_text: height = np.float64(0.1)
21.0449 	EXP 	LDT_prac_stim_text: text = 'baseball'
21.0449 	EXP 	LDT_prac_fix_text: autoDraw = True
21.5371 	EXP 	LDT_prac_fix_text: autoDraw = False
21.5371 	EXP 	LDT_prac_stim_text: autoDraw = True
22.0796 	EXP 	Device response: <KeyPress from None: t=22.074128599999767, value=l, duration=None>
22.0876 	EXP 	LDT_prac_fix_text: autoDraw = False
22.0876 	EXP 	LDT_prac_stim_text: autoDraw = False
22.0876 	EXP 	LDT_feedback_text: text = '정답입니다!'
22.0876 	EXP 	LDT_feedback_text: autoDraw = True
22.0881 	DATA 	Keypress: l
22.1880 	EXP 	Device response: <KeyPress from None: t=22.074128599999767, value=l, duration=0.1113442999999279>
23.0721 	EXP 	New trial (rep=0, index=2): <Trial 2 (2 in rep 0) data={'Task': 'LDT', 'TrialType': 'Practice', 'Stimuli': 'concept', 'CorrectResponse': 'l', 'StimulusType': 'word', 'thisN': 2, 'thisTrialN': 2, 'thisRepN': 0}>
23.0803 	EXP 	LDT_feedback_text: autoDraw = False
23.0803 	EXP 	LDT_feedback_text: autoDraw = False
23.0803 	EXP 	LDT_prac_stim_text: height = np.float64(0.1)
23.0803 	EXP 	LDT_prac_stim_text: height = np.float64(0.1)
23.0803 	EXP 	LDT_prac_stim_text: height = np.float64(0.1)
23.0803 	EXP 	LDT_prac_stim_text: text = 'concept'
23.0803 	EXP 	LDT_prac_fix_text: autoDraw = True
23.5724 	EXP 	LDT_prac_fix_text: autoDraw = False
23.5724 	EXP 	LDT_prac_stim_text: autoDraw = True
24.1066 	EXP 	Device response: <KeyPress from None: t=24.098329199999625, value=a, duration=None>
24.1090 	DATA 	Keypress: a
24.1147 	EXP 	LDT_prac_fix_text: autoDraw = False
24.1147 	EXP 	LDT_prac_stim_text: autoDraw = False
24.1147 	EXP 	LDT_feedback_text: height = np.float64(0.05)
24.1147 	EXP 	LDT_feedback_text: height = np.float64(0.05)
24.1147 	EXP 	LDT_feedback_text: height = np.float64(0.05)
24.1147 	EXP 	LDT_feedback_text: text = '오답입니다'
24.1147 	EXP 	LDT_feedback_text: autoDraw = True
24.1733 	EXP 	Device response: <KeyPress from None: t=24.098329199999625, value=a, duration=0.07120930000019143>
25.0993 	EXP 	New trial (rep=0, index=3): <Trial 3 (3 in rep 0) data={'Task': 'LDT', 'TrialType': 'Practice', 'Stimuli': 'cluerk', 'CorrectResponse': 'a', 'StimulusType': 'nonword', 'thisN': 3, 'thisTrialN': 3, 'thisRepN': 0}>
25.1075 	EXP 	LDT_feedback_text: autoDraw = False
25.1075 	EXP 	LDT_feedback_text: autoDraw = False
25.1075 	EXP 	LDT_prac_stim_text: height = np.float64(0.1)
25.1075 	EXP 	LDT_prac_stim_text: height = np.float64(0.1)
25.1075 	EXP 	LDT_prac_stim_text: height = np.float64(0.1)
25.1075 	EXP 	LDT_prac_stim_text: text = 'cluerk'
25.1075 	EXP 	LDT_prac_fix_text: autoDraw = True
25.5994 	EXP 	LDT_prac_fix_text: autoDraw = False
25.5994 	EXP 	LDT_prac_stim_text: autoDraw = True
26.1670 	EXP 	Device response: <KeyPress from None: t=26.16178779999973, value=a, duration=None>
26.1750 	EXP 	LDT_prac_fix_text: autoDraw = False
26.1750 	EXP 	LDT_prac_stim_text: autoDraw = False
26.1750 	EXP 	LDT_feedback_text: height = np.float64(0.05)
26.1750 	EXP 	LDT_feedback_text: height = np.float64(0.05)
26.1750 	EXP 	LDT_feedback_text: height = np.float64(0.05)
26.1750 	EXP 	LDT_feedback_text: text = '정답입니다!'
26.1750 	EXP 	LDT_feedback_text: autoDraw = True
26.1755 	DATA 	Keypress: a
26.3170 	EXP 	Device response: <KeyPress from None: t=26.16178779999973, value=a, duration=0.15233850000004168>
27.1597 	EXP 	New trial (rep=0, index=4): <Trial 4 (4 in rep 0) data={'Task': 'LDT', 'TrialType': 'Practice', 'Stimuli': 'yami', 'CorrectResponse': 'a', 'StimulusType': 'nonword', 'thisN': 4, 'thisTrialN': 4, 'thisRepN': 0}>
27.1676 	EXP 	LDT_feedback_text: autoDraw = False
27.1676 	EXP 	LDT_feedback_text: autoDraw = False
27.1676 	EXP 	LDT_prac_stim_text: height = np.float64(0.1)
27.1676 	EXP 	LDT_prac_stim_text: height = np.float64(0.1)
27.1676 	EXP 	LDT_prac_stim_text: height = np.float64(0.1)
27.1676 	EXP 	LDT_prac_stim_text: text = 'yami'
27.1676 	EXP 	LDT_prac_fix_text: autoDraw = True
27.6598 	EXP 	LDT_prac_fix_text: autoDraw = False
27.6598 	EXP 	LDT_prac_stim_text: autoDraw = True
28.2274 	EXP 	Device response: <KeyPress from None: t=28.225782600000002, value=a, duration=None>
28.2354 	EXP 	LDT_prac_fix_text: autoDraw = False
28.2354 	EXP 	LDT_prac_stim_text: autoDraw = False
28.2354 	EXP 	LDT_feedback_text: text = '정답입니다!'
28.2354 	EXP 	LDT_feedback_text: autoDraw = True
28.2359 	DATA 	Keypress: a
28.3441 	EXP 	Device response: <KeyPress from None: t=28.225782600000002, value=a, duration=0.1120587999998861>
29.2202 	EXP 	New trial (rep=0, index=5): <Trial 5 (5 in rep 0) data={'Task': 'LDT', 'TrialType': 'Practice', 'Stimuli': 'cucumber', 'CorrectResponse': 'l', 'StimulusType': 'word', 'thisN': 5, 'thisTrialN': 5, 'thisRepN': 0}>
29.2281 	EXP 	LDT_feedback_text: autoDraw = False
29.2281 	EXP 	LDT_feedback_text: autoDraw = False
29.2281 	EXP 	LDT_prac_stim_text: height = np.float64(0.1)
29.2281 	EXP 	LDT_prac_stim_text: height = np.float64(0.1)
29.2281 	EXP 	LDT_prac_stim_text: height = np.float64(0.1)
29.2281 	EXP 	LDT_prac_stim_text: text = 'cucumber'
29.2281 	EXP 	LDT_prac_fix_text: autoDraw = True
29.7202 	EXP 	LDT_prac_fix_text: autoDraw = False
29.7202 	EXP 	LDT_prac_stim_text: autoDraw = True
30.2543 	EXP 	Device response: <KeyPress from None: t=30.250244199999997, value=l, duration=None>
30.2624 	EXP 	LDT_prac_fix_text: autoDraw = False
30.2624 	EXP 	LDT_prac_stim_text: autoDraw = False
30.2624 	EXP 	LDT_feedback_text: text = '정답입니다!'
30.2624 	EXP 	LDT_feedback_text: autoDraw = True
30.2629 	DATA 	Keypress: l
30.3545 	EXP 	Device response: <KeyPress from None: t=30.250244199999997, value=l, duration=0.09677729999975782>
31.2469 	EXP 	New trial (rep=0, index=6): <Trial 6 (6 in rep 0) data={'Task': 'LDT', 'TrialType': 'Practice', 'Stimuli': 'truck', 'CorrectResponse': 'l', 'StimulusType': 'word', 'thisN': 6, 'thisTrialN': 6, 'thisRepN': 0}>
31.2550 	EXP 	LDT_feedback_text: autoDraw = False
31.2550 	EXP 	LDT_feedback_text: autoDraw = False
31.2550 	EXP 	LDT_prac_stim_text: height = np.float64(0.1)
31.2550 	EXP 	LDT_prac_stim_text: height = np.float64(0.1)
31.2550 	EXP 	LDT_prac_stim_text: height = np.float64(0.1)
31.2550 	EXP 	LDT_prac_stim_text: text = 'truck'
31.2550 	EXP 	LDT_prac_fix_text: autoDraw = True
31.7472 	EXP 	LDT_prac_fix_text: autoDraw = False
31.7472 	EXP 	LDT_prac_stim_text: autoDraw = True
32.1980 	EXP 	Device response: <KeyPress from None: t=32.19385179999972, value=l, duration=None>
32.2060 	EXP 	LDT_prac_fix_text: autoDraw = False
32.2060 	EXP 	LDT_prac_stim_text: autoDraw = False
32.2060 	EXP 	LDT_feedback_text: text = '정답입니다!'
32.2060 	EXP 	LDT_feedback_text: autoDraw = True
32.2065 	DATA 	Keypress: l
32.2730 	EXP 	Device response: <KeyPress from None: t=32.19385179999972, value=l, duration=0.07224660000019867>
33.1906 	EXP 	New trial (rep=0, index=7): <Trial 7 (7 in rep 0) data={'Task': 'LDT', 'TrialType': 'Practice', 'Stimuli': 'jeong', 'CorrectResponse': 'a', 'StimulusType': 'nonword', 'thisN': 7, 'thisTrialN': 7, 'thisRepN': 0}>
33.1988 	EXP 	LDT_feedback_text: autoDraw = False
33.1988 	EXP 	LDT_feedback_text: autoDraw = False
33.1988 	EXP 	LDT_prac_stim_text: height = np.float64(0.1)
33.1988 	EXP 	LDT_prac_stim_text: height = np.float64(0.1)
33.1988 	EXP 	LDT_prac_stim_text: height = np.float64(0.1)
33.1988 	EXP 	LDT_prac_stim_text: text = 'jeong'
33.1988 	EXP 	LDT_prac_fix_text: autoDraw = True
33.6908 	EXP 	LDT_prac_fix_text: autoDraw = False
33.6908 	EXP 	LDT_prac_stim_text: autoDraw = True
34.3001 	EXP 	Device response: <KeyPress from None: t=34.29811769999969, value=a, duration=None>
34.3081 	EXP 	LDT_prac_fix_text: autoDraw = False
34.3081 	EXP 	LDT_prac_stim_text: autoDraw = False
34.3081 	EXP 	LDT_feedback_text: text = '정답입니다!'
34.3081 	EXP 	LDT_feedback_text: autoDraw = True
34.3086 	DATA 	Keypress: a
34.4335 	EXP 	Device response: <KeyPress from None: t=34.29811769999969, value=a, duration=0.12761129999989862>
35.2927 	EXP 	New trial (rep=0, index=8): <Trial 8 (8 in rep 0) data={'Task': 'LDT', 'TrialType': 'Practice', 'Stimuli': 'lankua', 'CorrectResponse': 'a', 'StimulusType': 'nonword', 'thisN': 8, 'thisTrialN': 8, 'thisRepN': 0}>
35.3008 	EXP 	LDT_feedback_text: autoDraw = False
35.3008 	EXP 	LDT_feedback_text: autoDraw = False
35.3008 	EXP 	LDT_prac_stim_text: height = np.float64(0.1)
35.3008 	EXP 	LDT_prac_stim_text: height = np.float64(0.1)
35.3008 	EXP 	LDT_prac_stim_text: height = np.float64(0.1)
35.3008 	EXP 	LDT_prac_stim_text: text = 'lankua'
35.3008 	EXP 	LDT_prac_fix_text: autoDraw = True
35.7929 	EXP 	LDT_prac_fix_text: autoDraw = False
35.7929 	EXP 	LDT_prac_stim_text: autoDraw = True
36.3605 	EXP 	Device response: <KeyPress from None: t=36.3552109999996, value=a, duration=None>
36.3685 	EXP 	LDT_prac_fix_text: autoDraw = False
36.3685 	EXP 	LDT_prac_stim_text: autoDraw = False
36.3685 	EXP 	LDT_feedback_text: text = '정답입니다!'
36.3685 	EXP 	LDT_feedback_text: autoDraw = True
36.3690 	DATA 	Keypress: a
36.4939 	EXP 	Device response: <KeyPress from None: t=36.3552109999996, value=a, duration=0.13422410000021046>
37.3530 	EXP 	New trial (rep=0, index=9): <Trial 9 (9 in rep 0) data={'Task': 'LDT', 'TrialType': 'Practice', 'Stimuli': 'format', 'CorrectResponse': 'l', 'StimulusType': 'word', 'thisN': 9, 'thisTrialN': 9, 'thisRepN': 0}>
37.3611 	EXP 	LDT_feedback_text: autoDraw = False
37.3611 	EXP 	LDT_feedback_text: autoDraw = False
37.3611 	EXP 	LDT_prac_stim_text: height = np.float64(0.1)
37.3611 	EXP 	LDT_prac_stim_text: height = np.float64(0.1)
37.3611 	EXP 	LDT_prac_stim_text: height = np.float64(0.1)
37.3611 	EXP 	LDT_prac_stim_text: text = 'format'
37.3611 	EXP 	LDT_prac_fix_text: autoDraw = True
37.8534 	EXP 	LDT_prac_fix_text: autoDraw = False
37.8534 	EXP 	LDT_prac_stim_text: autoDraw = True
38.2957 	EXP 	Device response: <KeyPress from None: t=38.29035309999972, value=l, duration=None>
38.3037 	EXP 	LDT_prac_fix_text: autoDraw = False
38.3037 	EXP 	LDT_prac_stim_text: autoDraw = False
38.3037 	EXP 	LDT_feedback_text: text = '정답입니다!'
38.3037 	EXP 	LDT_feedback_text: autoDraw = True
38.3043 	DATA 	Keypress: l
38.4041 	EXP 	Device response: <KeyPress from None: t=38.29035309999972, value=l, duration=0.1116265000000567>
39.2964 	EXP 	LDT_feedback_text: autoDraw = False
39.2964 	EXP 	LDT_feedback_text: autoDraw = False
39.2964 	EXP 	LDT_instr_text: autoDraw = True
40.0392 	EXP 	Device response: <KeyPress from None: t=40.03363739999986, value=space, duration=None>
40.0582 	EXP 	Imported LDT_Stim.xlsx as conditions, 222 conditions, 6 params
40.0592 	EXP 	New trial (rep=0, index=0): <Trial 0 (0 in rep 0) data={'Task': 'LDT', 'TrialType': 'Target', 'Stimuli': 'trip', 'StimulusType': 'word', 'CorrectResponse': 'l', 'Trialnumb': 35, 'thisN': 0, 'thisTrialN': 0, 'thisRepN': 0}>
40.0633 	EXP 	LDT_instr_text: autoDraw = False
40.0633 	EXP 	LDT_stim_text: height = np.float64(0.1)
40.0633 	EXP 	LDT_stim_text: height = np.float64(0.1)
40.0633 	EXP 	LDT_stim_text: height = np.float64(0.1)
40.0633 	EXP 	LDT_stim_text: text = 'trip'
40.0633 	EXP 	LDT_fix_text: autoDraw = True
40.0638 	DATA 	Keypress: space
40.1643 	EXP 	Device response: <KeyPress from None: t=40.03363739999986, value=space, duration=0.1282536999997319>
40.5309 	EXP 	LDT_stim_text: autoDraw = True
40.5560 	EXP 	LDT_fix_text: autoDraw = False
41.1737 	EXP 	Device response: <KeyPress from None: t=41.170334699999785, value=l, duration=None>
41.1740 	EXP 	New trial (rep=0, index=1): <Trial 1 (1 in rep 0) data={'Task': 'LDT', 'TrialType': 'Target', 'Stimuli': 'sloy', 'StimulusType': 'nonword', 'CorrectResponse': 'a', 'Trialnumb': 194, 'thisN': 1, 'thisTrialN': 1, 'thisRepN': 0}>
41.1816 	EXP 	LDT_fix_text: autoDraw = False
41.1816 	EXP 	LDT_stim_text: autoDraw = False
41.1816 	EXP 	LDT_break_text: autoDraw = False
41.1816 	EXP 	LDT_stim_text: height = np.float64(0.1)
41.1816 	EXP 	LDT_stim_text: height = np.float64(0.1)
41.1816 	EXP 	LDT_stim_text: height = np.float64(0.1)
41.1816 	EXP 	LDT_stim_text: text = 'sloy'
41.1816 	EXP 	LDT_fix_text: autoDraw = True
41.1824 	DATA 	Keypress: l
41.2820 	EXP 	Device response: <KeyPress from None: t=41.170334699999785, value=l, duration=0.10374099999989994>
41.6654 	EXP 	LDT_stim_text: autoDraw = True
41.6738 	EXP 	LDT_fix_text: autoDraw = False
42.3330 	EXP 	Device response: <KeyPress from None: t=42.33036369999991, value=l, duration=None>
42.3333 	EXP 	New trial (rep=0, index=2): <Trial 2 (2 in rep 0) data={'Task': 'LDT', 'TrialType': 'Target', 'Stimuli': 'kire', 'StimulusType': 'nonword', 'CorrectResponse': 'a', 'Trialnumb': 166, 'thisN': 2, 'thisTrialN': 2, 'thisRepN': 0}>
42.3411 	EXP 	LDT_fix_text: autoDraw = False
42.3411 	EXP 	LDT_stim_text: autoDraw = False
42.3411 	EXP 	LDT_break_text: autoDraw = False
42.3411 	EXP 	LDT_stim_text: height = np.float64(0.1)
42.3411 	EXP 	LDT_stim_text: height = np.float64(0.1)
42.3411 	EXP 	LDT_stim_text: height = np.float64(0.1)
42.3411 	EXP 	LDT_stim_text: text = 'kire'
42.3411 	EXP 	LDT_fix_text: autoDraw = True
42.3417 	DATA 	Keypress: l
42.4247 	EXP 	Device response: <KeyPress from None: t=42.33036369999991, value=l, duration=0.08779679999997825>
42.4666 	EXP 	Device response: <KeyPress from None: t=42.46615329999986, value=a, duration=None>
42.4751 	DATA 	Keypress: a
42.5500 	EXP 	Device response: <KeyPress from None: t=42.46615329999986, value=a, duration=0.07967650000000503>
42.8249 	EXP 	LDT_stim_text: autoDraw = True
42.8333 	EXP 	LDT_fix_text: autoDraw = False
43.3924 	EXP 	Device response: <KeyPress from None: t=43.385982799999965, value=a, duration=None>
43.3926 	EXP 	New trial (rep=0, index=3): <Trial 3 (3 in rep 0) data={'Task': 'LDT', 'TrialType': 'Target', 'Stimuli': 'sad', 'StimulusType': 'word', 'CorrectResponse': 'l', 'Trialnumb': 69, 'thisN': 3, 'thisTrialN': 3, 'thisRepN': 0}>
43.4005 	EXP 	LDT_fix_text: autoDraw = False
43.4005 	EXP 	LDT_stim_text: autoDraw = False
43.4005 	EXP 	LDT_break_text: autoDraw = False
43.4005 	EXP 	LDT_stim_text: height = np.float64(0.1)
43.4005 	EXP 	LDT_stim_text: height = np.float64(0.1)
43.4005 	EXP 	LDT_stim_text: height = np.float64(0.1)
43.4005 	EXP 	LDT_stim_text: text = 'sad'
43.4005 	EXP 	LDT_fix_text: autoDraw = True
43.4010 	DATA 	Keypress: a
43.4925 	EXP 	Device response: <KeyPress from None: t=43.385982799999965, value=a, duration=0.10438939999994545>
43.8843 	EXP 	LDT_stim_text: autoDraw = True
43.8926 	EXP 	LDT_fix_text: autoDraw = False
44.3603 	EXP 	Device response: <KeyPress from None: t=44.354853999999705, value=l, duration=None>
44.3606 	EXP 	New trial (rep=0, index=4): <Trial 4 (4 in rep 0) data={'Task': 'LDT', 'TrialType': 'Target', 'Stimuli': 'music', 'StimulusType': 'word', 'CorrectResponse': 'l', 'Trialnumb': 13, 'thisN': 4, 'thisTrialN': 4, 'thisRepN': 0}>
44.3681 	EXP 	LDT_fix_text: autoDraw = False
44.3681 	EXP 	LDT_stim_text: autoDraw = False
44.3681 	EXP 	LDT_break_text: autoDraw = False
44.3681 	EXP 	LDT_stim_text: height = np.float64(0.1)
44.3681 	EXP 	LDT_stim_text: height = np.float64(0.1)
44.3681 	EXP 	LDT_stim_text: height = np.float64(0.1)
44.3681 	EXP 	LDT_stim_text: text = 'music'
44.3681 	EXP 	LDT_fix_text: autoDraw = True
44.3688 	DATA 	Keypress: l
44.4686 	EXP 	Device response: <KeyPress from None: t=44.354853999999705, value=l, duration=0.11080720000018118>
44.8519 	EXP 	LDT_stim_text: autoDraw = True
44.8602 	EXP 	LDT_fix_text: autoDraw = False
45.3444 	EXP 	Device response: <KeyPress from None: t=45.337769699999626, value=l, duration=None>
45.3446 	EXP 	New trial (rep=0, index=5): <Trial 5 (5 in rep 0) data={'Task': 'LDT', 'TrialType': 'Target', 'Stimuli': 'haro', 'StimulusType': 'nonword', 'CorrectResponse': 'a', 'Trialnumb': 150, 'thisN': 5, 'thisTrialN': 5, 'thisRepN': 0}>
45.3524 	EXP 	LDT_fix_text: autoDraw = False
45.3524 	EXP 	LDT_stim_text: autoDraw = False
45.3524 	EXP 	LDT_break_text: autoDraw = False
45.3524 	EXP 	LDT_stim_text: height = np.float64(0.1)
45.3524 	EXP 	LDT_stim_text: height = np.float64(0.1)
45.3524 	EXP 	LDT_stim_text: height = np.float64(0.1)
45.3524 	EXP 	LDT_stim_text: text = 'haro'
45.3524 	EXP 	LDT_fix_text: autoDraw = True
45.3529 	DATA 	Keypress: l
45.4362 	EXP 	Device response: <KeyPress from None: t=45.337769699999626, value=l, duration=0.0963438000003407>
45.8362 	EXP 	LDT_stim_text: autoDraw = True
45.8446 	EXP 	LDT_fix_text: autoDraw = False
46.5289 	EXP 	Device response: <KeyPress from None: t=46.52145159999964, value=a, duration=None>
46.5292 	EXP 	New trial (rep=0, index=6): <Trial 6 (6 in rep 0) data={'Task': 'LDT', 'TrialType': 'Target', 'Stimuli': 'mize', 'StimulusType': 'nonword', 'CorrectResponse': 'a', 'Trialnumb': 174, 'thisN': 6, 'thisTrialN': 6, 'thisRepN': 0}>
46.5369 	EXP 	LDT_fix_text: autoDraw = False
46.5369 	EXP 	LDT_stim_text: autoDraw = False
46.5369 	EXP 	LDT_break_text: autoDraw = False
46.5369 	EXP 	LDT_stim_text: height = np.float64(0.1)
46.5369 	EXP 	LDT_stim_text: height = np.float64(0.1)
46.5369 	EXP 	LDT_stim_text: height = np.float64(0.1)
46.5369 	EXP 	LDT_stim_text: text = 'mize'
46.5369 	EXP 	LDT_fix_text: autoDraw = True
46.5375 	DATA 	Keypress: a
46.6873 	EXP 	Device response: <KeyPress from None: t=46.52145159999964, value=a, duration=0.16057480000017677>
47.0208 	EXP 	LDT_stim_text: autoDraw = True
47.0291 	EXP 	LDT_fix_text: autoDraw = False
47.7134 	EXP 	Device response: <KeyPress from None: t=47.70593009999993, value=a, duration=None>
47.7136 	EXP 	New trial (rep=0, index=7): <Trial 7 (7 in rep 0) data={'Task': 'LDT', 'TrialType': 'Target', 'Stimuli': 'large', 'StimulusType': 'word', 'CorrectResponse': 'l', 'Trialnumb': 29, 'thisN': 7, 'thisTrialN': 7, 'thisRepN': 0}>
47.7215 	EXP 	LDT_fix_text: autoDraw = False
47.7215 	EXP 	LDT_stim_text: autoDraw = False
47.7215 	EXP 	LDT_break_text: autoDraw = False
47.7215 	EXP 	LDT_stim_text: height = np.float64(0.1)
47.7215 	EXP 	LDT_stim_text: height = np.float64(0.1)
47.7215 	EXP 	LDT_stim_text: height = np.float64(0.1)
47.7215 	EXP 	LDT_stim_text: text = 'large'
47.7215 	EXP 	LDT_fix_text: autoDraw = True
47.7220 	DATA 	Keypress: a
47.8637 	EXP 	Device response: <KeyPress from None: t=47.70593009999993, value=a, duration=0.1530014999998457>
48.2053 	EXP 	LDT_stim_text: autoDraw = True
48.2136 	EXP 	LDT_fix_text: autoDraw = False
48.7146 	EXP 	Device response: <KeyPress from None: t=48.71381419999989, value=l, duration=None>
48.7149 	EXP 	New trial (rep=0, index=8): <Trial 8 (8 in rep 0) data={'Task': 'LDT', 'TrialType': 'Target', 'Stimuli': 'tuke', 'StimulusType': 'nonword', 'CorrectResponse': 'a', 'Trialnumb': 208, 'thisN': 8, 'thisTrialN': 8, 'thisRepN': 0}>
48.7224 	EXP 	LDT_fix_text: autoDraw = False
48.7224 	EXP 	LDT_stim_text: autoDraw = False
48.7224 	EXP 	LDT_break_text: autoDraw = False
48.7224 	EXP 	LDT_stim_text: height = np.float64(0.1)
48.7224 	EXP 	LDT_stim_text: height = np.float64(0.1)
48.7224 	EXP 	LDT_stim_text: height = np.float64(0.1)
48.7224 	EXP 	LDT_stim_text: text = 'tuke'
48.7224 	EXP 	LDT_fix_text: autoDraw = True
48.7231 	DATA 	Keypress: l
48.8145 	EXP 	Device response: <KeyPress from None: t=48.71381419999989, value=l, duration=0.09580299999970521>
49.2063 	EXP 	LDT_stim_text: autoDraw = True
49.2146 	EXP 	LDT_fix_text: autoDraw = False
49.9407 	EXP 	Device response: <KeyPress from None: t=49.93812629999957, value=a, duration=None>
49.9409 	EXP 	New trial (rep=0, index=9): <Trial 9 (9 in rep 0) data={'Task': 'LDT', 'TrialType': 'Target', 'Stimuli': 'mears', 'StimulusType': 'nonword', 'CorrectResponse': 'a', 'Trialnumb': 172, 'thisN': 9, 'thisTrialN': 9, 'thisRepN': 0}>
49.9488 	EXP 	LDT_fix_text: autoDraw = False
49.9488 	EXP 	LDT_stim_text: autoDraw = False
49.9488 	EXP 	LDT_break_text: autoDraw = False
49.9488 	EXP 	LDT_stim_text: height = np.float64(0.1)
49.9488 	EXP 	LDT_stim_text: height = np.float64(0.1)
49.9488 	EXP 	LDT_stim_text: height = np.float64(0.1)
49.9488 	EXP 	LDT_stim_text: text = 'mears'
49.9488 	EXP 	LDT_fix_text: autoDraw = True
49.9493 	DATA 	Keypress: a
50.1242 	EXP 	Device response: <KeyPress from None: t=49.93812629999957, value=a, duration=0.1851809000004323>
50.4325 	EXP 	LDT_stim_text: autoDraw = True
50.4408 	EXP 	LDT_fix_text: autoDraw = False
51.2085 	EXP 	Device response: <KeyPress from None: t=51.201996699999654, value=a, duration=None>
51.2087 	EXP 	New trial (rep=0, index=10): <Trial 10 (10 in rep 0) data={'Task': 'LDT', 'TrialType': 'Target', 'Stimuli': 'pahe', 'StimulusType': 'nonword', 'CorrectResponse': 'a', 'Trialnumb': 178, 'thisN': 10, 'thisTrialN': 10, 'thisRepN': 0}>
51.2166 	EXP 	LDT_fix_text: autoDraw = False
51.2166 	EXP 	LDT_stim_text: autoDraw = False
51.2166 	EXP 	LDT_break_text: autoDraw = False
51.2166 	EXP 	LDT_stim_text: height = np.float64(0.1)
51.2166 	EXP 	LDT_stim_text: height = np.float64(0.1)
51.2166 	EXP 	LDT_stim_text: height = np.float64(0.1)
51.2166 	EXP 	LDT_stim_text: text = 'pahe'
51.2166 	EXP 	LDT_fix_text: autoDraw = True
51.2171 	DATA 	Keypress: a
51.3338 	EXP 	Device response: <KeyPress from None: t=51.201996699999654, value=a, duration=0.12766820000024381>
51.7004 	EXP 	LDT_stim_text: autoDraw = True
51.7088 	EXP 	LDT_fix_text: autoDraw = False
52.2263 	EXP 	Device response: <KeyPress from None: t=52.22569429999976, value=a, duration=None>
52.2265 	EXP 	New trial (rep=0, index=11): <Trial 11 (11 in rep 0) data={'Task': 'LDT', 'TrialType': 'Target', 'Stimuli': 'work', 'StimulusType': 'word', 'CorrectResponse': 'l', 'Trialnumb': 1, 'thisN': 11, 'thisTrialN': 11, 'thisRepN': 0}>
52.2342 	EXP 	LDT_fix_text: autoDraw = False
52.2342 	EXP 	LDT_stim_text: autoDraw = False
52.2342 	EXP 	LDT_break_text: autoDraw = False
52.2342 	EXP 	LDT_stim_text: height = np.float64(0.1)
52.2342 	EXP 	LDT_stim_text: height = np.float64(0.1)
52.2342 	EXP 	LDT_stim_text: height = np.float64(0.1)
52.2342 	EXP 	LDT_stim_text: text = 'work'
52.2342 	EXP 	LDT_fix_text: autoDraw = True
52.2348 	DATA 	Keypress: a
52.3847 	EXP 	Device response: <KeyPress from None: t=52.22569429999976, value=a, duration=0.15200830000003407>
52.7181 	EXP 	LDT_stim_text: autoDraw = True
52.7264 	EXP 	LDT_fix_text: autoDraw = False
53.2523 	EXP 	Device response: <KeyPress from None: t=53.24995359999957, value=l, duration=None>
53.2525 	EXP 	New trial (rep=0, index=12): <Trial 12 (12 in rep 0) data={'Task': 'LDT', 'TrialType': 'Target', 'Stimuli': 'zall', 'StimulusType': 'nonword', 'CorrectResponse': 'a', 'Trialnumb': 221, 'thisN': 12, 'thisTrialN': 12, 'thisRepN': 0}>
53.2604 	EXP 	LDT_fix_text: autoDraw = False
53.2604 	EXP 	LDT_stim_text: autoDraw = False
53.2604 	EXP 	LDT_break_text: autoDraw = False
53.2604 	EXP 	LDT_stim_text: height = np.float64(0.1)
53.2604 	EXP 	LDT_stim_text: height = np.float64(0.1)
53.2604 	EXP 	LDT_stim_text: height = np.float64(0.1)
53.2604 	EXP 	LDT_stim_text: text = 'zall'
53.2604 	EXP 	LDT_fix_text: autoDraw = True
53.2609 	DATA 	Keypress: l
53.3190 	EXP 	Device response: <KeyPress from None: t=53.24995359999957, value=l, duration=0.06402590000016062>
53.7441 	EXP 	LDT_stim_text: autoDraw = True
53.7524 	EXP 	LDT_fix_text: autoDraw = False
54.2365 	EXP 	Device response: <KeyPress from None: t=54.234097599999586, value=a, duration=None>
54.2368 	EXP 	New trial (rep=0, index=13): <Trial 13 (13 in rep 0) data={'Task': 'LDT', 'TrialType': 'Target', 'Stimuli': 'hoon', 'StimulusType': 'nonword', 'CorrectResponse': 'a', 'Trialnumb': 155, 'thisN': 13, 'thisTrialN': 13, 'thisRepN': 0}>
54.2447 	EXP 	LDT_fix_text: autoDraw = False
54.2447 	EXP 	LDT_stim_text: autoDraw = False
54.2447 	EXP 	LDT_break_text: autoDraw = False
54.2447 	EXP 	LDT_stim_text: height = np.float64(0.1)
54.2447 	EXP 	LDT_stim_text: height = np.float64(0.1)
54.2447 	EXP 	LDT_stim_text: height = np.float64(0.1)
54.2447 	EXP 	LDT_stim_text: text = 'hoon'
54.2447 	EXP 	LDT_fix_text: autoDraw = True
54.2452 	DATA 	Keypress: a
54.3785 	EXP 	Device response: <KeyPress from None: t=54.234097599999586, value=a, duration=0.1439393000000564>
54.7284 	EXP 	LDT_stim_text: autoDraw = True
54.7368 	EXP 	LDT_fix_text: autoDraw = False
55.1961 	EXP 	Device response: <KeyPress from None: t=55.19450199999983, value=a, duration=None>
55.1964 	EXP 	New trial (rep=0, index=14): <Trial 14 (14 in rep 0) data={'Task': 'LDT', 'TrialType': 'Target', 'Stimuli': 'bint', 'StimulusType': 'nonword', 'CorrectResponse': 'a', 'Trialnumb': 122, 'thisN': 14, 'thisTrialN': 14, 'thisRepN': 0}>
55.2039 	EXP 	LDT_fix_text: autoDraw = False
55.2039 	EXP 	LDT_stim_text: autoDraw = False
55.2039 	EXP 	LDT_break_text: autoDraw = False
55.2039 	EXP 	LDT_stim_text: height = np.float64(0.1)
55.2039 	EXP 	LDT_stim_text: height = np.float64(0.1)
55.2039 	EXP 	LDT_stim_text: height = np.float64(0.1)
55.2039 	EXP 	LDT_stim_text: text = 'bint'
55.2039 	EXP 	LDT_fix_text: autoDraw = True
55.2047 	DATA 	Keypress: a
55.3377 	EXP 	Device response: <KeyPress from None: t=55.19450199999983, value=a, duration=0.13580189999993308>
55.6878 	EXP 	LDT_stim_text: autoDraw = True
55.6961 	EXP 	LDT_fix_text: autoDraw = False
56.2052 	EXP 	Device response: <KeyPress from None: t=56.20190679999996, value=a, duration=None>
56.2055 	EXP 	New trial (rep=0, index=15): <Trial 15 (15 in rep 0) data={'Task': 'LDT', 'TrialType': 'Target', 'Stimuli': 'sife', 'StimulusType': 'nonword', 'CorrectResponse': 'a', 'Trialnumb': 192, 'thisN': 15, 'thisTrialN': 15, 'thisRepN': 0}>
56.2133 	EXP 	LDT_fix_text: autoDraw = False
56.2133 	EXP 	LDT_stim_text: autoDraw = False
56.2133 	EXP 	LDT_break_text: autoDraw = False
56.2133 	EXP 	LDT_stim_text: height = np.float64(0.1)
56.2133 	EXP 	LDT_stim_text: height = np.float64(0.1)
56.2133 	EXP 	LDT_stim_text: height = np.float64(0.1)
56.2133 	EXP 	LDT_stim_text: text = 'sife'
56.2133 	EXP 	LDT_fix_text: autoDraw = True
56.2139 	DATA 	Keypress: a
56.3887 	EXP 	Device response: <KeyPress from None: t=56.20190679999996, value=a, duration=0.18427159999964715>
56.6971 	EXP 	LDT_stim_text: autoDraw = True
56.7054 	EXP 	LDT_fix_text: autoDraw = False
57.1229 	EXP 	Device response: <KeyPress from None: t=57.12173339999981, value=a, duration=None>
57.1232 	EXP 	New trial (rep=0, index=16): <Trial 16 (16 in rep 0) data={'Task': 'LDT', 'TrialType': 'Target', 'Stimuli': 'rear', 'StimulusType': 'word', 'CorrectResponse': 'l', 'Trialnumb': 110, 'thisN': 16, 'thisTrialN': 16, 'thisRepN': 0}>
57.1308 	EXP 	LDT_fix_text: autoDraw = False
57.1308 	EXP 	LDT_stim_text: autoDraw = False
57.1308 	EXP 	LDT_break_text: autoDraw = False
57.1308 	EXP 	LDT_stim_text: height = np.float64(0.1)
57.1308 	EXP 	LDT_stim_text: height = np.float64(0.1)
57.1308 	EXP 	LDT_stim_text: height = np.float64(0.1)
57.1308 	EXP 	LDT_stim_text: text = 'rear'
57.1308 	EXP 	LDT_fix_text: autoDraw = True
57.1313 	DATA 	Keypress: a
57.2729 	EXP 	Device response: <KeyPress from None: t=57.12173339999981, value=a, duration=0.1445224999997663>
57.6146 	EXP 	LDT_stim_text: autoDraw = True
57.6230 	EXP 	LDT_fix_text: autoDraw = False
57.9820 	EXP 	Device response: <KeyPress from None: t=57.97912939999969, value=a, duration=None>
57.9822 	EXP 	New trial (rep=0, index=17): <Trial 17 (17 in rep 0) data={'Task': 'LDT', 'TrialType': 'Target', 'Stimuli': 'stap', 'StimulusType': 'nonword', 'CorrectResponse': 'a', 'Trialnumb': 199, 'thisN': 17, 'thisTrialN': 17, 'thisRepN': 0}>
57.9900 	EXP 	LDT_fix_text: autoDraw = False
57.9900 	EXP 	LDT_stim_text: autoDraw = False
57.9900 	EXP 	LDT_break_text: autoDraw = False
57.9900 	EXP 	LDT_stim_text: height = np.float64(0.1)
57.9900 	EXP 	LDT_stim_text: height = np.float64(0.1)
57.9900 	EXP 	LDT_stim_text: height = np.float64(0.1)
57.9900 	EXP 	LDT_stim_text: text = 'stap'
57.9900 	EXP 	LDT_fix_text: autoDraw = True
57.9906 	DATA 	Keypress: a
58.0987 	EXP 	Device response: <KeyPress from None: t=57.97912939999969, value=a, duration=0.11208360000000539>
58.4738 	EXP 	LDT_stim_text: autoDraw = True
58.4822 	EXP 	LDT_fix_text: autoDraw = False
59.0580 	EXP 	Device response: <KeyPress from None: t=59.05122489999985, value=l, duration=None>
59.0582 	EXP 	New trial (rep=0, index=18): <Trial 18 (18 in rep 0) data={'Task': 'LDT', 'TrialType': 'Target', 'Stimuli': 'wost', 'StimulusType': 'nonword', 'CorrectResponse': 'a', 'Trialnumb': 217, 'thisN': 18, 'thisTrialN': 18, 'thisRepN': 0}>
59.0662 	EXP 	LDT_fix_text: autoDraw = False
59.0662 	EXP 	LDT_stim_text: autoDraw = False
59.0662 	EXP 	LDT_break_text: autoDraw = False
59.0662 	EXP 	LDT_stim_text: height = np.float64(0.1)
59.0662 	EXP 	LDT_stim_text: height = np.float64(0.1)
59.0662 	EXP 	LDT_stim_text: height = np.float64(0.1)
59.0662 	EXP 	LDT_stim_text: text = 'wost'
59.0662 	EXP 	LDT_fix_text: autoDraw = True
59.0667 	DATA 	Keypress: l
59.1081 	EXP 	Device response: <KeyPress from None: t=59.05122489999985, value=l, duration=0.05502509999996619>
59.5499 	EXP 	LDT_stim_text: autoDraw = True
59.5582 	EXP 	LDT_fix_text: autoDraw = False
60.2175 	EXP 	Device response: <KeyPress from None: t=60.210440500000004, value=l, duration=None>
60.2178 	EXP 	New trial (rep=0, index=19): <Trial 19 (19 in rep 0) data={'Task': 'LDT', 'TrialType': 'Target', 'Stimuli': 'strip', 'StimulusType': 'word', 'CorrectResponse': 'l', 'Trialnumb': 104, 'thisN': 19, 'thisTrialN': 19, 'thisRepN': 0}>
60.2256 	EXP 	LDT_fix_text: autoDraw = False
60.2256 	EXP 	LDT_stim_text: autoDraw = False
60.2256 	EXP 	LDT_break_text: autoDraw = False
60.2256 	EXP 	LDT_stim_text: height = np.float64(0.1)
60.2256 	EXP 	LDT_stim_text: height = np.float64(0.1)
60.2256 	EXP 	LDT_stim_text: height = np.float64(0.1)
60.2256 	EXP 	LDT_stim_text: text = 'strip'
60.2256 	EXP 	LDT_fix_text: autoDraw = True
60.2262 	DATA 	Keypress: l
60.3009 	EXP 	Device response: <KeyPress from None: t=60.210440500000004, value=l, duration=0.087529099999756>
60.7094 	EXP 	LDT_stim_text: autoDraw = True
60.7177 	EXP 	LDT_fix_text: autoDraw = False
61.3854 	EXP 	Device response: <KeyPress from None: t=61.377834899999925, value=l, duration=None>
61.3857 	EXP 	New trial (rep=0, index=20): <Trial 20 (20 in rep 0) data={'Task': 'LDT', 'TrialType': 'Target', 'Stimuli': 'loak', 'StimulusType': 'nonword', 'CorrectResponse': 'a', 'Trialnumb': 169, 'thisN': 20, 'thisTrialN': 20, 'thisRepN': 0}>
61.3935 	EXP 	LDT_fix_text: autoDraw = False
61.3935 	EXP 	LDT_stim_text: autoDraw = False
61.3935 	EXP 	LDT_break_text: autoDraw = False
61.3935 	EXP 	LDT_stim_text: height = np.float64(0.1)
61.3935 	EXP 	LDT_stim_text: height = np.float64(0.1)
61.3935 	EXP 	LDT_stim_text: height = np.float64(0.1)
61.3935 	EXP 	LDT_stim_text: text = 'loak'
61.3935 	EXP 	LDT_fix_text: autoDraw = True
61.3941 	DATA 	Keypress: l
61.4522 	EXP 	Device response: <KeyPress from None: t=61.377834899999925, value=l, duration=0.07266249999975116>
61.8772 	EXP 	LDT_stim_text: autoDraw = True
61.8856 	EXP 	LDT_fix_text: autoDraw = False
62.4447 	EXP 	Device response: <KeyPress from None: t=62.4418040999999, value=l, duration=None>
62.4449 	EXP 	New trial (rep=0, index=21): <Trial 21 (21 in rep 0) data={'Task': 'LDT', 'TrialType': 'Target', 'Stimuli': 'sere', 'StimulusType': 'nonword', 'CorrectResponse': 'a', 'Trialnumb': 190, 'thisN': 21, 'thisTrialN': 21, 'thisRepN': 0}>
62.4529 	EXP 	LDT_fix_text: autoDraw = False
62.4529 	EXP 	LDT_stim_text: autoDraw = False
62.4529 	EXP 	LDT_break_text: autoDraw = False
62.4529 	EXP 	LDT_stim_text: height = np.float64(0.1)
62.4529 	EXP 	LDT_stim_text: height = np.float64(0.1)
62.4529 	EXP 	LDT_stim_text: height = np.float64(0.1)
62.4529 	EXP 	LDT_stim_text: text = 'sere'
62.4529 	EXP 	LDT_fix_text: autoDraw = True
62.4533 	DATA 	Keypress: l
62.5531 	EXP 	Device response: <KeyPress from None: t=62.4418040999999, value=l, duration=0.10433039999998073>
62.9366 	EXP 	LDT_stim_text: autoDraw = True
62.9449 	EXP 	LDT_fix_text: autoDraw = False
63.4875 	EXP 	Device response: <KeyPress from None: t=63.481511599999976, value=a, duration=None>
63.4877 	EXP 	New trial (rep=0, index=22): <Trial 22 (22 in rep 0) data={'Task': 'LDT', 'TrialType': 'Target', 'Stimuli': 'dilt', 'StimulusType': 'nonword', 'CorrectResponse': 'a', 'Trialnumb': 137, 'thisN': 22, 'thisTrialN': 22, 'thisRepN': 0}>
63.4955 	EXP 	LDT_fix_text: autoDraw = False
63.4955 	EXP 	LDT_stim_text: autoDraw = False
63.4955 	EXP 	LDT_break_text: autoDraw = False
63.4955 	EXP 	LDT_stim_text: height = np.float64(0.1)
63.4955 	EXP 	LDT_stim_text: height = np.float64(0.1)
63.4955 	EXP 	LDT_stim_text: height = np.float64(0.1)
63.4955 	EXP 	LDT_stim_text: text = 'dilt'
63.4955 	EXP 	LDT_fix_text: autoDraw = True
63.4960 	DATA 	Keypress: a
63.6376 	EXP 	Device response: <KeyPress from None: t=63.481511599999976, value=a, duration=0.15278989999978876>
63.9793 	EXP 	LDT_stim_text: autoDraw = True
63.9877 	EXP 	LDT_fix_text: autoDraw = False
64.5971 	EXP 	Device response: <KeyPress from None: t=64.59393689999979, value=a, duration=None>
64.5973 	EXP 	New trial (rep=0, index=23): <Trial 23 (23 in rep 0) data={'Task': 'LDT', 'TrialType': 'Target', 'Stimuli': 'coss', 'StimulusType': 'nonword', 'CorrectResponse': 'a', 'Trialnumb': 133, 'thisN': 23, 'thisTrialN': 23, 'thisRepN': 0}>
64.6049 	EXP 	LDT_fix_text: autoDraw = False
64.6049 	EXP 	LDT_stim_text: autoDraw = False
64.6049 	EXP 	LDT_break_text: autoDraw = False
64.6049 	EXP 	LDT_stim_text: height = np.float64(0.1)
64.6049 	EXP 	LDT_stim_text: height = np.float64(0.1)
64.6049 	EXP 	LDT_stim_text: height = np.float64(0.1)
64.6049 	EXP 	LDT_stim_text: text = 'coss'
64.6049 	EXP 	LDT_fix_text: autoDraw = True
64.6055 	DATA 	Keypress: a
64.7304 	EXP 	Device response: <KeyPress from None: t=64.59393689999979, value=a, duration=0.13621439999997165>
65.0888 	EXP 	LDT_stim_text: autoDraw = True
65.0971 	EXP 	LDT_fix_text: autoDraw = False
65.6813 	EXP 	Device response: <KeyPress from None: t=65.67416859999958, value=a, duration=None>
65.6815 	EXP 	New trial (rep=0, index=24): <Trial 24 (24 in rep 0) data={'Task': 'LDT', 'TrialType': 'Target', 'Stimuli': 'rees', 'StimulusType': 'nonword', 'CorrectResponse': 'a', 'Trialnumb': 184, 'thisN': 24, 'thisTrialN': 24, 'thisRepN': 0}>
65.6895 	EXP 	LDT_fix_text: autoDraw = False
65.6895 	EXP 	LDT_stim_text: autoDraw = False
65.6895 	EXP 	LDT_break_text: autoDraw = False
65.6895 	EXP 	LDT_stim_text: height = np.float64(0.1)
65.6895 	EXP 	LDT_stim_text: height = np.float64(0.1)
65.6895 	EXP 	LDT_stim_text: height = np.float64(0.1)
65.6895 	EXP 	LDT_stim_text: text = 'rees'
65.6895 	EXP 	LDT_fix_text: autoDraw = True
65.6900 	DATA 	Keypress: a
65.8314 	EXP 	Device response: <KeyPress from None: t=65.67416859999958, value=a, duration=0.15166940000017348>
66.1732 	EXP 	LDT_stim_text: autoDraw = True
66.1815 	EXP 	LDT_fix_text: autoDraw = False
66.7240 	EXP 	Device response: <KeyPress from None: t=66.72143819999974, value=a, duration=None>
66.7242 	EXP 	New trial (rep=0, index=25): <Trial 25 (25 in rep 0) data={'Task': 'LDT', 'TrialType': 'Target', 'Stimuli': 'hirs', 'StimulusType': 'nonword', 'CorrectResponse': 'a', 'Trialnumb': 153, 'thisN': 25, 'thisTrialN': 25, 'thisRepN': 0}>
66.7320 	EXP 	LDT_fix_text: autoDraw = False
66.7320 	EXP 	LDT_stim_text: autoDraw = False
66.7320 	EXP 	LDT_break_text: autoDraw = False
66.7320 	EXP 	LDT_stim_text: height = np.float64(0.1)
66.7320 	EXP 	LDT_stim_text: height = np.float64(0.1)
66.7320 	EXP 	LDT_stim_text: height = np.float64(0.1)
66.7320 	EXP 	LDT_stim_text: text = 'hirs'
66.7320 	EXP 	LDT_fix_text: autoDraw = True
66.7326 	DATA 	Keypress: a
66.8658 	EXP 	Device response: <KeyPress from None: t=66.72143819999974, value=a, duration=0.13618270000006305>
67.2158 	EXP 	LDT_stim_text: autoDraw = True
67.2242 	EXP 	LDT_fix_text: autoDraw = False
67.7667 	EXP 	Device response: <KeyPress from None: t=67.76233219999995, value=a, duration=None>
67.7671 	EXP 	New trial (rep=0, index=26): <Trial 26 (26 in rep 0) data={'Task': 'LDT', 'TrialType': 'Target', 'Stimuli': 'anto', 'StimulusType': 'nonword', 'CorrectResponse': 'a', 'Trialnumb': 117, 'thisN': 26, 'thisTrialN': 26, 'thisRepN': 0}>
67.7748 	EXP 	LDT_fix_text: autoDraw = False
67.7748 	EXP 	LDT_stim_text: autoDraw = False
67.7748 	EXP 	LDT_break_text: autoDraw = False
67.7748 	EXP 	LDT_stim_text: height = np.float64(0.1)
67.7748 	EXP 	LDT_stim_text: height = np.float64(0.1)
67.7748 	EXP 	LDT_stim_text: height = np.float64(0.1)
67.7748 	EXP 	LDT_stim_text: text = 'anto'
67.7748 	EXP 	LDT_fix_text: autoDraw = True
67.7753 	DATA 	Keypress: a
67.9085 	EXP 	Device response: <KeyPress from None: t=67.76233219999995, value=a, duration=0.14370669999971142>
68.2586 	EXP 	LDT_stim_text: autoDraw = True
68.2669 	EXP 	LDT_fix_text: autoDraw = False
68.7677 	EXP 	Device response: <KeyPress from None: t=68.7622664999999, value=a, duration=None>
68.7680 	EXP 	New trial (rep=0, index=27): <Trial 27 (27 in rep 0) data={'Task': 'LDT', 'TrialType': 'Target', 'Stimuli': 'short', 'StimulusType': 'word', 'CorrectResponse': 'l', 'Trialnumb': 50, 'thisN': 27, 'thisTrialN': 27, 'thisRepN': 0}>
68.7758 	EXP 	LDT_fix_text: autoDraw = False
68.7758 	EXP 	LDT_stim_text: autoDraw = False
68.7758 	EXP 	LDT_break_text: autoDraw = False
68.7758 	EXP 	LDT_stim_text: height = np.float64(0.1)
68.7758 	EXP 	LDT_stim_text: height = np.float64(0.1)
68.7758 	EXP 	LDT_stim_text: height = np.float64(0.1)
68.7758 	EXP 	LDT_stim_text: text = 'short'
68.7758 	EXP 	LDT_fix_text: autoDraw = True
68.7763 	DATA 	Keypress: a
68.9263 	EXP 	Device response: <KeyPress from None: t=68.7622664999999, value=a, duration=0.15925130000005083>
69.2597 	EXP 	LDT_stim_text: autoDraw = True
69.2680 	EXP 	LDT_fix_text: autoDraw = False
69.8354 	EXP 	Device response: <KeyPress from None: t=69.83397269999978, value=l, duration=None>
69.8356 	EXP 	New trial (rep=0, index=28): <Trial 28 (28 in rep 0) data={'Task': 'LDT', 'TrialType': 'Target', 'Stimuli': 'ugly', 'StimulusType': 'word', 'CorrectResponse': 'l', 'Trialnumb': 78, 'thisN': 28, 'thisTrialN': 28, 'thisRepN': 0}>
69.8436 	EXP 	LDT_fix_text: autoDraw = False
69.8436 	EXP 	LDT_stim_text: autoDraw = False
69.8436 	EXP 	LDT_break_text: autoDraw = False
69.8436 	EXP 	LDT_stim_text: height = np.float64(0.1)
69.8436 	EXP 	LDT_stim_text: height = np.float64(0.1)
69.8436 	EXP 	LDT_stim_text: height = np.float64(0.1)
69.8436 	EXP 	LDT_stim_text: text = 'ugly'
69.8436 	EXP 	LDT_fix_text: autoDraw = True
69.8442 	DATA 	Keypress: l
69.9522 	EXP 	Device response: <KeyPress from None: t=69.83397269999978, value=l, duration=0.11163369999985662>
70.3273 	EXP 	LDT_stim_text: autoDraw = True
70.3356 	EXP 	LDT_fix_text: autoDraw = False
70.9032 	EXP 	Device response: <KeyPress from None: t=70.89880559999983, value=l, duration=None>
70.9035 	EXP 	New trial (rep=0, index=29): <Trial 29 (29 in rep 0) data={'Task': 'LDT', 'TrialType': 'Target', 'Stimuli': 'flow', 'StimulusType': 'word', 'CorrectResponse': 'l', 'Trialnumb': 108, 'thisN': 29, 'thisTrialN': 29, 'thisRepN': 0}>
70.9112 	EXP 	LDT_fix_text: autoDraw = False
70.9112 	EXP 	LDT_stim_text: autoDraw = False
70.9112 	EXP 	LDT_break_text: autoDraw = False
70.9112 	EXP 	LDT_stim_text: height = np.float64(0.1)
70.9112 	EXP 	LDT_stim_text: height = np.float64(0.1)
70.9112 	EXP 	LDT_stim_text: height = np.float64(0.1)
70.9112 	EXP 	LDT_stim_text: text = 'flow'
70.9112 	EXP 	LDT_fix_text: autoDraw = True
70.9117 	DATA 	Keypress: l
71.0033 	EXP 	Device response: <KeyPress from None: t=70.89880559999983, value=l, duration=0.10319380000009915>
71.3950 	EXP 	LDT_stim_text: autoDraw = True
71.4034 	EXP 	LDT_fix_text: autoDraw = False
72.0627 	EXP 	Device response: <KeyPress from None: t=72.05745209999986, value=l, duration=None>
72.0629 	EXP 	New trial (rep=0, index=30): <Trial 30 (30 in rep 0) data={'Task': 'LDT', 'TrialType': 'Target', 'Stimuli': 'fump', 'StimulusType': 'nonword', 'CorrectResponse': 'a', 'Trialnumb': 143, 'thisN': 30, 'thisTrialN': 30, 'thisRepN': 0}>
72.0707 	EXP 	LDT_fix_text: autoDraw = False
72.0707 	EXP 	LDT_stim_text: autoDraw = False
72.0707 	EXP 	LDT_break_text: autoDraw = False
72.0707 	EXP 	LDT_stim_text: height = np.float64(0.1)
72.0707 	EXP 	LDT_stim_text: height = np.float64(0.1)
72.0707 	EXP 	LDT_stim_text: height = np.float64(0.1)
72.0707 	EXP 	LDT_stim_text: text = 'fump'
72.0707 	EXP 	LDT_fix_text: autoDraw = True
72.0713 	DATA 	Keypress: l
72.1378 	EXP 	Device response: <KeyPress from None: t=72.05745209999986, value=l, duration=0.07995290000008026>
72.5545 	EXP 	LDT_stim_text: autoDraw = True
72.5629 	EXP 	LDT_fix_text: autoDraw = False
73.1304 	EXP 	Device response: <KeyPress from None: t=73.13000919999968, value=a, duration=None>
73.1307 	EXP 	New trial (rep=0, index=31): <Trial 31 (31 in rep 0) data={'Task': 'LDT', 'TrialType': 'Target', 'Stimuli': 'plan', 'StimulusType': 'word', 'CorrectResponse': 'l', 'Trialnumb': 53, 'thisN': 31, 'thisTrialN': 31, 'thisRepN': 0}>
73.1385 	EXP 	LDT_fix_text: autoDraw = False
73.1385 	EXP 	LDT_stim_text: autoDraw = False
73.1385 	EXP 	LDT_break_text: autoDraw = False
73.1385 	EXP 	LDT_stim_text: height = np.float64(0.1)
73.1385 	EXP 	LDT_stim_text: height = np.float64(0.1)
73.1385 	EXP 	LDT_stim_text: height = np.float64(0.1)
73.1385 	EXP 	LDT_stim_text: text = 'plan'
73.1385 	EXP 	LDT_fix_text: autoDraw = True
73.1390 	DATA 	Keypress: a
73.3056 	EXP 	Device response: <KeyPress from None: t=73.13000919999968, value=a, duration=0.16816870000002382>
73.6223 	EXP 	LDT_stim_text: autoDraw = True
73.6306 	EXP 	LDT_fix_text: autoDraw = False
74.0313 	EXP 	Device response: <KeyPress from None: t=74.02571719999969, value=l, duration=None>
74.0316 	EXP 	New trial (rep=0, index=32): <Trial 32 (32 in rep 0) data={'Task': 'LDT', 'TrialType': 'Target', 'Stimuli': 'veek', 'StimulusType': 'nonword', 'CorrectResponse': 'a', 'Trialnumb': 211, 'thisN': 32, 'thisTrialN': 32, 'thisRepN': 0}>
74.0394 	EXP 	LDT_fix_text: autoDraw = False
74.0394 	EXP 	LDT_stim_text: autoDraw = False
74.0394 	EXP 	LDT_break_text: autoDraw = False
74.0394 	EXP 	LDT_stim_text: height = np.float64(0.1)
74.0394 	EXP 	LDT_stim_text: height = np.float64(0.1)
74.0394 	EXP 	LDT_stim_text: height = np.float64(0.1)
74.0394 	EXP 	LDT_stim_text: text = 'veek'
74.0394 	EXP 	LDT_fix_text: autoDraw = True
74.0399 	DATA 	Keypress: l
74.1315 	EXP 	Device response: <KeyPress from None: t=74.02571719999969, value=l, duration=0.10403219999989233>
74.5231 	EXP 	LDT_stim_text: autoDraw = True
74.5315 	EXP 	LDT_fix_text: autoDraw = False
75.0907 	EXP 	Device response: <KeyPress from None: t=75.08958159999975, value=a, duration=None>
75.0911 	EXP 	New trial (rep=0, index=33): <Trial 33 (33 in rep 0) data={'Task': 'LDT', 'TrialType': 'Target', 'Stimuli': 'seon', 'StimulusType': 'nonword', 'CorrectResponse': 'a', 'Trialnumb': 189, 'thisN': 33, 'thisTrialN': 33, 'thisRepN': 0}>
75.0987 	EXP 	LDT_fix_text: autoDraw = False
75.0987 	EXP 	LDT_stim_text: autoDraw = False
75.0987 	EXP 	LDT_break_text: autoDraw = False
75.0987 	EXP 	LDT_stim_text: height = np.float64(0.1)
75.0987 	EXP 	LDT_stim_text: height = np.float64(0.1)
75.0987 	EXP 	LDT_stim_text: height = np.float64(0.1)
75.0987 	EXP 	LDT_stim_text: text = 'seon'
75.0987 	EXP 	LDT_fix_text: autoDraw = True
75.0992 	DATA 	Keypress: a
75.2574 	EXP 	Device response: <KeyPress from None: t=75.08958159999975, value=a, duration=0.1607576000001245>
75.5825 	EXP 	LDT_stim_text: autoDraw = True
75.5909 	EXP 	LDT_fix_text: autoDraw = False
76.0834 	EXP 	Device response: <KeyPress from None: t=76.08189939999966, value=a, duration=None>
76.0837 	EXP 	New trial (rep=0, index=34): <Trial 34 (34 in rep 0) data={'Task': 'LDT', 'TrialType': 'Target', 'Stimuli': 'mina', 'StimulusType': 'nonword', 'CorrectResponse': 'a', 'Trialnumb': 173, 'thisN': 34, 'thisTrialN': 34, 'thisRepN': 0}>
76.0914 	EXP 	LDT_fix_text: autoDraw = False
76.0914 	EXP 	LDT_stim_text: autoDraw = False
76.0914 	EXP 	LDT_break_text: autoDraw = False
76.0914 	EXP 	LDT_stim_text: height = np.float64(0.1)
76.0914 	EXP 	LDT_stim_text: height = np.float64(0.1)
76.0914 	EXP 	LDT_stim_text: height = np.float64(0.1)
76.0914 	EXP 	LDT_stim_text: text = 'mina'
76.0914 	EXP 	LDT_fix_text: autoDraw = True
76.0919 	DATA 	Keypress: a
76.1917 	EXP 	Device response: <KeyPress from None: t=76.08189939999966, value=a, duration=0.103671100000156>
76.5752 	EXP 	LDT_stim_text: autoDraw = True
76.5835 	EXP 	LDT_fix_text: autoDraw = False
77.3596 	EXP 	Device response: <KeyPress from None: t=77.35417839999991, value=a, duration=None>
77.3598 	EXP 	New trial (rep=0, index=35): <Trial 35 (35 in rep 0) data={'Task': 'LDT', 'TrialType': 'Target', 'Stimuli': 'jight', 'StimulusType': 'nonword', 'CorrectResponse': 'a', 'Trialnumb': 159, 'thisN': 35, 'thisTrialN': 35, 'thisRepN': 0}>
77.3676 	EXP 	LDT_fix_text: autoDraw = False
77.3676 	EXP 	LDT_stim_text: autoDraw = False
77.3676 	EXP 	LDT_break_text: autoDraw = False
77.3676 	EXP 	LDT_stim_text: height = np.float64(0.1)
77.3676 	EXP 	LDT_stim_text: height = np.float64(0.1)
77.3676 	EXP 	LDT_stim_text: height = np.float64(0.1)
77.3676 	EXP 	LDT_stim_text: text = 'jight'
77.3676 	EXP 	LDT_fix_text: autoDraw = True
77.3682 	DATA 	Keypress: a
77.4930 	EXP 	Device response: <KeyPress from None: t=77.35417839999991, value=a, duration=0.13565960000005362>
77.8515 	EXP 	LDT_stim_text: autoDraw = True
77.8598 	EXP 	LDT_fix_text: autoDraw = False
78.3022 	EXP 	Device response: <KeyPress from None: t=78.29812179999999, value=a, duration=None>
78.3024 	EXP 	New trial (rep=0, index=36): <Trial 36 (36 in rep 0) data={'Task': 'LDT', 'TrialType': 'Target', 'Stimuli': 'fall', 'StimulusType': 'word', 'CorrectResponse': 'l', 'Trialnumb': 62, 'thisN': 36, 'thisTrialN': 36, 'thisRepN': 0}>
78.3102 	EXP 	LDT_fix_text: autoDraw = False
78.3102 	EXP 	LDT_stim_text: autoDraw = False
78.3102 	EXP 	LDT_break_text: autoDraw = False
78.3102 	EXP 	LDT_stim_text: height = np.float64(0.1)
78.3102 	EXP 	LDT_stim_text: height = np.float64(0.1)
78.3102 	EXP 	LDT_stim_text: height = np.float64(0.1)
78.3102 	EXP 	LDT_stim_text: text = 'fall'
78.3102 	EXP 	LDT_fix_text: autoDraw = True
78.3107 	DATA 	Keypress: a
78.4441 	EXP 	Device response: <KeyPress from None: t=78.29812179999999, value=a, duration=0.14399879999973564>
78.7940 	EXP 	LDT_stim_text: autoDraw = True
78.8024 	EXP 	LDT_fix_text: autoDraw = False
79.5284 	EXP 	Device response: <KeyPress from None: t=79.52207799999996, value=l, duration=None>
79.5286 	EXP 	New trial (rep=0, index=37): <Trial 37 (37 in rep 0) data={'Task': 'LDT', 'TrialType': 'Target', 'Stimuli': 'hard', 'StimulusType': 'word', 'CorrectResponse': 'l', 'Trialnumb': 22, 'thisN': 37, 'thisTrialN': 37, 'thisRepN': 0}>
79.5365 	EXP 	LDT_fix_text: autoDraw = False
79.5365 	EXP 	LDT_stim_text: autoDraw = False
79.5365 	EXP 	LDT_break_text: autoDraw = False
79.5365 	EXP 	LDT_stim_text: height = np.float64(0.1)
79.5365 	EXP 	LDT_stim_text: height = np.float64(0.1)
79.5365 	EXP 	LDT_stim_text: height = np.float64(0.1)
79.5365 	EXP 	LDT_stim_text: text = 'hard'
79.5365 	EXP 	LDT_fix_text: autoDraw = True
79.5370 	DATA 	Keypress: l
79.5868 	EXP 	Device response: <KeyPress from None: t=79.52207799999996, value=l, duration=0.05633239999997386>
80.0203 	EXP 	LDT_stim_text: autoDraw = True
80.0286 	EXP 	LDT_fix_text: autoDraw = False
80.4377 	EXP 	Device response: <KeyPress from None: t=80.43364079999992, value=l, duration=None>
80.4379 	EXP 	New trial (rep=0, index=38): <Trial 38 (38 in rep 0) data={'Task': 'LDT', 'TrialType': 'Target', 'Stimuli': 'name', 'StimulusType': 'word', 'CorrectResponse': 'l', 'Trialnumb': 32, 'thisN': 38, 'thisTrialN': 38, 'thisRepN': 0}>
80.4457 	EXP 	LDT_fix_text: autoDraw = False
80.4457 	EXP 	LDT_stim_text: autoDraw = False
80.4457 	EXP 	LDT_break_text: autoDraw = False
80.4457 	EXP 	LDT_stim_text: height = np.float64(0.1)
80.4457 	EXP 	LDT_stim_text: height = np.float64(0.1)
80.4457 	EXP 	LDT_stim_text: height = np.float64(0.1)
80.4457 	EXP 	LDT_stim_text: text = 'name'
80.4457 	EXP 	LDT_fix_text: autoDraw = True
80.4462 	DATA 	Keypress: l
80.5461 	EXP 	Device response: <KeyPress from None: t=80.43364079999992, value=l, duration=0.10440829999970447>
80.9295 	EXP 	LDT_stim_text: autoDraw = True
80.9379 	EXP 	LDT_fix_text: autoDraw = False
81.3720 	EXP 	Device response: <KeyPress from None: t=81.36981719999994, value=l, duration=None>
81.3723 	EXP 	New trial (rep=0, index=39): <Trial 39 (39 in rep 0) data={'Task': 'LDT', 'TrialType': 'Target', 'Stimuli': 'part', 'StimulusType': 'word', 'CorrectResponse': 'l', 'Trialnumb': 17, 'thisN': 39, 'thisTrialN': 39, 'thisRepN': 0}>
81.3800 	EXP 	LDT_fix_text: autoDraw = False
81.3800 	EXP 	LDT_stim_text: autoDraw = False
81.3800 	EXP 	LDT_break_text: autoDraw = False
81.3800 	EXP 	LDT_stim_text: height = np.float64(0.1)
81.3800 	EXP 	LDT_stim_text: height = np.float64(0.1)
81.3800 	EXP 	LDT_stim_text: height = np.float64(0.1)
81.3800 	EXP 	LDT_stim_text: text = 'part'
81.3800 	EXP 	LDT_fix_text: autoDraw = True
81.3806 	DATA 	Keypress: l
81.4637 	EXP 	Device response: <KeyPress from None: t=81.36981719999994, value=l, duration=0.08839910000006057>
81.8638 	EXP 	LDT_stim_text: autoDraw = True
81.8721 	EXP 	LDT_fix_text: autoDraw = False
82.3646 	EXP 	Device response: <KeyPress from None: t=82.36155709999957, value=l, duration=None>
82.3649 	EXP 	New trial (rep=0, index=40): <Trial 40 (40 in rep 0) data={'Task': 'LDT', 'TrialType': 'Target', 'Stimuli': 'sharp', 'StimulusType': 'word', 'CorrectResponse': 'l', 'Trialnumb': 94, 'thisN': 40, 'thisTrialN': 40, 'thisRepN': 0}>
82.3726 	EXP 	LDT_fix_text: autoDraw = False
82.3726 	EXP 	LDT_stim_text: autoDraw = False
82.3726 	EXP 	LDT_break_text: autoDraw = False
82.3726 	EXP 	LDT_stim_text: height = np.float64(0.1)
82.3726 	EXP 	LDT_stim_text: height = np.float64(0.1)
82.3726 	EXP 	LDT_stim_text: height = np.float64(0.1)
82.3726 	EXP 	LDT_stim_text: text = 'sharp'
82.3726 	EXP 	LDT_fix_text: autoDraw = True
82.3732 	DATA 	Keypress: l
82.4730 	EXP 	Device response: <KeyPress from None: t=82.36155709999957, value=l, duration=0.10442800000009811>
82.8564 	EXP 	LDT_stim_text: autoDraw = True
82.8648 	EXP 	LDT_fix_text: autoDraw = False
83.2321 	EXP 	Device response: <KeyPress from None: t=83.22566229999984, value=l, duration=None>
83.2324 	EXP 	New trial (rep=0, index=41): <Trial 41 (41 in rep 0) data={'Task': 'LDT', 'TrialType': 'Target', 'Stimuli': 'hork', 'StimulusType': 'nonword', 'CorrectResponse': 'a', 'Trialnumb': 156, 'thisN': 41, 'thisTrialN': 41, 'thisRepN': 0}>
83.2402 	EXP 	LDT_fix_text: autoDraw = False
83.2402 	EXP 	LDT_stim_text: autoDraw = False
83.2402 	EXP 	LDT_break_text: autoDraw = False
83.2402 	EXP 	LDT_stim_text: height = np.float64(0.1)
83.2402 	EXP 	LDT_stim_text: height = np.float64(0.1)
83.2402 	EXP 	LDT_stim_text: height = np.float64(0.1)
83.2402 	EXP 	LDT_stim_text: text = 'hork'
83.2402 	EXP 	LDT_fix_text: autoDraw = True
83.2407 	DATA 	Keypress: l
83.3156 	EXP 	Device response: <KeyPress from None: t=83.22566229999984, value=l, duration=0.08838049999985742>
83.7240 	EXP 	LDT_stim_text: autoDraw = True
83.7323 	EXP 	LDT_fix_text: autoDraw = False
84.2582 	EXP 	Device response: <KeyPress from None: t=84.24995509999962, value=a, duration=None>
84.2584 	EXP 	New trial (rep=0, index=42): <Trial 42 (42 in rep 0) data={'Task': 'LDT', 'TrialType': 'Target', 'Stimuli': 'bust', 'StimulusType': 'word', 'CorrectResponse': 'l', 'Trialnumb': 91, 'thisN': 42, 'thisTrialN': 42, 'thisRepN': 0}>
84.2662 	EXP 	LDT_fix_text: autoDraw = False
84.2662 	EXP 	LDT_stim_text: autoDraw = False
84.2662 	EXP 	LDT_break_text: autoDraw = False
84.2662 	EXP 	LDT_stim_text: height = np.float64(0.1)
84.2662 	EXP 	LDT_stim_text: height = np.float64(0.1)
84.2662 	EXP 	LDT_stim_text: height = np.float64(0.1)
84.2662 	EXP 	LDT_stim_text: text = 'bust'
84.2662 	EXP 	LDT_fix_text: autoDraw = True
84.2667 	DATA 	Keypress: a
84.3499 	EXP 	Device response: <KeyPress from None: t=84.24995509999962, value=a, duration=0.09616510000023482>
84.7500 	EXP 	LDT_stim_text: autoDraw = True
84.7583 	EXP 	LDT_fix_text: autoDraw = False
85.3509 	EXP 	Device response: <KeyPress from None: t=85.34563099999968, value=a, duration=None>
85.3512 	EXP 	New trial (rep=0, index=43): <Trial 43 (43 in rep 0) data={'Task': 'LDT', 'TrialType': 'Target', 'Stimuli': 'green', 'StimulusType': 'word', 'CorrectResponse': 'l', 'Trialnumb': 38, 'thisN': 43, 'thisTrialN': 43, 'thisRepN': 0}>
85.3589 	EXP 	LDT_fix_text: autoDraw = False
85.3589 	EXP 	LDT_stim_text: autoDraw = False
85.3589 	EXP 	LDT_break_text: autoDraw = False
85.3589 	EXP 	LDT_stim_text: height = np.float64(0.1)
85.3589 	EXP 	LDT_stim_text: height = np.float64(0.1)
85.3589 	EXP 	LDT_stim_text: height = np.float64(0.1)
85.3589 	EXP 	LDT_stim_text: text = 'green'
85.3589 	EXP 	LDT_fix_text: autoDraw = True
85.3595 	DATA 	Keypress: a
85.4762 	EXP 	Device response: <KeyPress from None: t=85.34563099999968, value=a, duration=0.12844540000014604>
85.8427 	EXP 	LDT_stim_text: autoDraw = True
85.8511 	EXP 	LDT_fix_text: autoDraw = False
86.3602 	EXP 	Device response: <KeyPress from None: t=86.3543265999997, value=l, duration=None>
86.3605 	EXP 	New trial (rep=0, index=44): <Trial 44 (44 in rep 0) data={'Task': 'LDT', 'TrialType': 'Target', 'Stimuli': 'host', 'StimulusType': 'word', 'CorrectResponse': 'l', 'Trialnumb': 106, 'thisN': 44, 'thisTrialN': 44, 'thisRepN': 0}>
86.3682 	EXP 	LDT_fix_text: autoDraw = False
86.3682 	EXP 	LDT_stim_text: autoDraw = False
86.3682 	EXP 	LDT_break_text: autoDraw = False
86.3682 	EXP 	LDT_stim_text: height = np.float64(0.1)
86.3682 	EXP 	LDT_stim_text: height = np.float64(0.1)
86.3682 	EXP 	LDT_stim_text: height = np.float64(0.1)
86.3682 	EXP 	LDT_stim_text: text = 'host'
86.3682 	EXP 	LDT_fix_text: autoDraw = True
86.3688 	DATA 	Keypress: l
86.4437 	EXP 	Device response: <KeyPress from None: t=86.3543265999997, value=l, duration=0.08802730000024894>
86.8521 	EXP 	LDT_stim_text: autoDraw = True
86.8604 	EXP 	LDT_fix_text: autoDraw = False
87.2611 	EXP 	Device response: <KeyPress from None: t=87.25812579999956, value=l, duration=None>
87.2613 	EXP 	New trial (rep=0, index=45): <Trial 45 (45 in rep 0) data={'Task': 'LDT', 'TrialType': 'Target', 'Stimuli': 'water', 'StimulusType': 'word', 'CorrectResponse': 'l', 'Trialnumb': 3, 'thisN': 45, 'thisTrialN': 45, 'thisRepN': 0}>
87.2692 	EXP 	LDT_fix_text: autoDraw = False
87.2692 	EXP 	LDT_stim_text: autoDraw = False
87.2692 	EXP 	LDT_break_text: autoDraw = False
87.2692 	EXP 	LDT_stim_text: height = np.float64(0.1)
87.2692 	EXP 	LDT_stim_text: height = np.float64(0.1)
87.2692 	EXP 	LDT_stim_text: height = np.float64(0.1)
87.2692 	EXP 	LDT_stim_text: text = 'water'
87.2692 	EXP 	LDT_fix_text: autoDraw = True
87.2698 	DATA 	Keypress: l
87.3279 	EXP 	Device response: <KeyPress from None: t=87.25812579999956, value=l, duration=0.0635312000003978>
87.7530 	EXP 	LDT_stim_text: autoDraw = True
87.7613 	EXP 	LDT_fix_text: autoDraw = False
88.1870 	EXP 	Device response: <KeyPress from None: t=88.18596529999968, value=l, duration=None>
88.1873 	EXP 	New trial (rep=0, index=46): <Trial 46 (46 in rep 0) data={'Task': 'LDT', 'TrialType': 'Target', 'Stimuli': 'frow', 'StimulusType': 'nonword', 'CorrectResponse': 'a', 'Trialnumb': 142, 'thisN': 46, 'thisTrialN': 46, 'thisRepN': 0}>
88.1951 	EXP 	LDT_fix_text: autoDraw = False
88.1951 	EXP 	LDT_stim_text: autoDraw = False
88.1951 	EXP 	LDT_break_text: autoDraw = False
88.1951 	EXP 	LDT_stim_text: height = np.float64(0.1)
88.1951 	EXP 	LDT_stim_text: height = np.float64(0.1)
88.1951 	EXP 	LDT_stim_text: height = np.float64(0.1)
88.1951 	EXP 	LDT_stim_text: text = 'frow'
88.1951 	EXP 	LDT_fix_text: autoDraw = True
88.1957 	DATA 	Keypress: l
88.2871 	EXP 	Device response: <KeyPress from None: t=88.18596529999968, value=l, duration=0.09585340000012366>
88.6789 	EXP 	LDT_stim_text: autoDraw = True
88.6872 	EXP 	LDT_fix_text: autoDraw = False
89.4467 	EXP 	Device response: <KeyPress from None: t=89.44155069999988, value=a, duration=None>
89.4469 	EXP 	New trial (rep=0, index=47): <Trial 47 (47 in rep 0) data={'Task': 'LDT', 'TrialType': 'Target', 'Stimuli': 'trag', 'StimulusType': 'nonword', 'CorrectResponse': 'a', 'Trialnumb': 205, 'thisN': 47, 'thisTrialN': 47, 'thisRepN': 0}>
89.4547 	EXP 	LDT_fix_text: autoDraw = False
89.4547 	EXP 	LDT_stim_text: autoDraw = False
89.4547 	EXP 	LDT_break_text: autoDraw = False
89.4547 	EXP 	LDT_stim_text: height = np.float64(0.1)
89.4547 	EXP 	LDT_stim_text: height = np.float64(0.1)
89.4547 	EXP 	LDT_stim_text: height = np.float64(0.1)
89.4547 	EXP 	LDT_stim_text: text = 'trag'
89.4547 	EXP 	LDT_fix_text: autoDraw = True
89.4552 	DATA 	Keypress: a
89.6052 	EXP 	Device response: <KeyPress from None: t=89.44155069999988, value=a, duration=0.15993099999968763>
89.9385 	EXP 	LDT_stim_text: autoDraw = True
89.9468 	EXP 	LDT_fix_text: autoDraw = False
90.3644 	EXP 	Device response: <KeyPress from None: t=90.36234389999981, value=l, duration=None>
90.3647 	EXP 	New trial (rep=0, index=48): <Trial 48 (48 in rep 0) data={'Task': 'LDT', 'TrialType': 'Target', 'Stimuli': 'boom', 'StimulusType': 'word', 'CorrectResponse': 'l', 'Trialnumb': 96, 'thisN': 48, 'thisTrialN': 48, 'thisRepN': 0}>
90.3723 	EXP 	LDT_fix_text: autoDraw = False
90.3723 	EXP 	LDT_stim_text: autoDraw = False
90.3723 	EXP 	LDT_break_text: autoDraw = False
90.3723 	EXP 	LDT_stim_text: height = np.float64(0.1)
90.3723 	EXP 	LDT_stim_text: height = np.float64(0.1)
90.3723 	EXP 	LDT_stim_text: height = np.float64(0.1)
90.3723 	EXP 	LDT_stim_text: text = 'boom'
90.3723 	EXP 	LDT_fix_text: autoDraw = True
90.3728 	DATA 	Keypress: l
90.4561 	EXP 	Device response: <KeyPress from None: t=90.36234389999981, value=l, duration=0.08707499999991342>
90.8561 	EXP 	LDT_stim_text: autoDraw = True
90.8644 	EXP 	LDT_fix_text: autoDraw = False
91.3068 	EXP 	Device response: <KeyPress from None: t=91.30556089999982, value=l, duration=None>
91.3071 	EXP 	New trial (rep=0, index=49): <Trial 49 (49 in rep 0) data={'Task': 'LDT', 'TrialType': 'Target', 'Stimuli': 'down', 'StimulusType': 'word', 'CorrectResponse': 'l', 'Trialnumb': 9, 'thisN': 49, 'thisTrialN': 49, 'thisRepN': 0}>
91.3149 	EXP 	LDT_fix_text: autoDraw = False
91.3149 	EXP 	LDT_stim_text: autoDraw = False
91.3149 	EXP 	LDT_break_text: autoDraw = False
91.3149 	EXP 	LDT_stim_text: height = np.float64(0.1)
91.3149 	EXP 	LDT_stim_text: height = np.float64(0.1)
91.3149 	EXP 	LDT_stim_text: height = np.float64(0.1)
91.3149 	EXP 	LDT_stim_text: text = 'down'
91.3149 	EXP 	LDT_fix_text: autoDraw = True
91.3154 	DATA 	Keypress: l
91.3819 	EXP 	Device response: <KeyPress from None: t=91.30556089999982, value=l, duration=0.07311489999983678>
91.7987 	EXP 	LDT_stim_text: autoDraw = True
91.8070 	EXP 	LDT_fix_text: autoDraw = False
92.2745 	EXP 	Device response: <KeyPress from None: t=92.26632429999972, value=l, duration=None>
92.2747 	EXP 	New trial (rep=0, index=50): <Trial 50 (50 in rep 0) data={'Task': 'LDT', 'TrialType': 'Target', 'Stimuli': 'feek', 'StimulusType': 'nonword', 'CorrectResponse': 'a', 'Trialnumb': 139, 'thisN': 50, 'thisTrialN': 50, 'thisRepN': 0}>
92.2825 	EXP 	LDT_fix_text: autoDraw = False
92.2825 	EXP 	LDT_stim_text: autoDraw = False
92.2825 	EXP 	LDT_break_text: autoDraw = False
92.2825 	EXP 	LDT_stim_text: height = np.float64(0.1)
92.2825 	EXP 	LDT_stim_text: height = np.float64(0.1)
92.2825 	EXP 	LDT_stim_text: height = np.float64(0.1)
92.2825 	EXP 	LDT_stim_text: text = 'feek'
92.2825 	EXP 	LDT_fix_text: autoDraw = True
92.2830 	DATA 	Keypress: l
92.3662 	EXP 	Device response: <KeyPress from None: t=92.26632429999972, value=l, duration=0.0957048999998733>
92.7663 	EXP 	LDT_stim_text: autoDraw = True
92.7746 	EXP 	LDT_fix_text: autoDraw = False
93.2087 	EXP 	Device response: <KeyPress from None: t=93.20187659999965, value=l, duration=None>
93.2089 	EXP 	New trial (rep=0, index=51): <Trial 51 (51 in rep 0) data={'Task': 'LDT', 'TrialType': 'Target', 'Stimuli': 'suck', 'StimulusType': 'word', 'CorrectResponse': 'l', 'Trialnumb': 83, 'thisN': 51, 'thisTrialN': 51, 'thisRepN': 0}>
93.2168 	EXP 	LDT_fix_text: autoDraw = False
93.2168 	EXP 	LDT_stim_text: autoDraw = False
93.2168 	EXP 	LDT_break_text: autoDraw = False
93.2168 	EXP 	LDT_stim_text: height = np.float64(0.1)
93.2168 	EXP 	LDT_stim_text: height = np.float64(0.1)
93.2168 	EXP 	LDT_stim_text: height = np.float64(0.1)
93.2168 	EXP 	LDT_stim_text: text = 'suck'
93.2168 	EXP 	LDT_fix_text: autoDraw = True
93.2173 	DATA 	Keypress: l
93.2838 	EXP 	Device response: <KeyPress from None: t=93.20187659999965, value=l, duration=0.07984600000008868>
93.7006 	EXP 	LDT_stim_text: autoDraw = True
93.7089 	EXP 	LDT_fix_text: autoDraw = False
94.1847 	EXP 	Device response: <KeyPress from None: t=94.17772259999992, value=l, duration=None>
94.1850 	EXP 	New trial (rep=0, index=52): <Trial 52 (52 in rep 0) data={'Task': 'LDT', 'TrialType': 'Target', 'Stimuli': 'sound', 'StimulusType': 'word', 'CorrectResponse': 'l', 'Trialnumb': 40, 'thisN': 52, 'thisTrialN': 52, 'thisRepN': 0}>
94.1927 	EXP 	LDT_fix_text: autoDraw = False
94.1927 	EXP 	LDT_stim_text: autoDraw = False
94.1927 	EXP 	LDT_break_text: autoDraw = False
94.1927 	EXP 	LDT_stim_text: height = np.float64(0.1)
94.1927 	EXP 	LDT_stim_text: height = np.float64(0.1)
94.1927 	EXP 	LDT_stim_text: height = np.float64(0.1)
94.1927 	EXP 	LDT_stim_text: text = 'sound'
94.1927 	EXP 	LDT_fix_text: autoDraw = True
94.1932 	DATA 	Keypress: l
94.2351 	EXP 	Device response: <KeyPress from None: t=94.17772259999992, value=l, duration=0.048785099999804515>
94.6765 	EXP 	LDT_stim_text: autoDraw = True
94.6849 	EXP 	LDT_fix_text: autoDraw = False
95.1023 	EXP 	Device response: <KeyPress from None: t=95.09821779999993, value=l, duration=None>
95.1025 	EXP 	New trial (rep=0, index=53): <Trial 53 (53 in rep 0) data={'Task': 'LDT', 'TrialType': 'Target', 'Stimuli': 'hold', 'StimulusType': 'word', 'CorrectResponse': 'l', 'Trialnumb': 54, 'thisN': 53, 'thisTrialN': 53, 'thisRepN': 0}>
95.1104 	EXP 	LDT_fix_text: autoDraw = False
95.1104 	EXP 	LDT_stim_text: autoDraw = False
95.1104 	EXP 	LDT_break_text: autoDraw = False
95.1104 	EXP 	LDT_stim_text: height = np.float64(0.1)
95.1104 	EXP 	LDT_stim_text: height = np.float64(0.1)
95.1104 	EXP 	LDT_stim_text: height = np.float64(0.1)
95.1104 	EXP 	LDT_stim_text: text = 'hold'
95.1104 	EXP 	LDT_fix_text: autoDraw = True
95.1110 	DATA 	Keypress: l
95.2192 	EXP 	Device response: <KeyPress from None: t=95.09821779999993, value=l, duration=0.11963409999998476>
95.5941 	EXP 	LDT_stim_text: autoDraw = True
95.6025 	EXP 	LDT_fix_text: autoDraw = False
96.3118 	EXP 	Device response: <KeyPress from None: t=96.30649289999974, value=l, duration=None>
96.3120 	EXP 	New trial (rep=0, index=54): <Trial 54 (54 in rep 0) data={'Task': 'LDT', 'TrialType': 'Target', 'Stimuli': 'juck', 'StimulusType': 'nonword', 'CorrectResponse': 'a', 'Trialnumb': 161, 'thisN': 54, 'thisTrialN': 54, 'thisRepN': 0}>
96.3198 	EXP 	LDT_fix_text: autoDraw = False
96.3198 	EXP 	LDT_stim_text: autoDraw = False
96.3198 	EXP 	LDT_break_text: autoDraw = False
96.3198 	EXP 	LDT_stim_text: height = np.float64(0.1)
96.3198 	EXP 	LDT_stim_text: height = np.float64(0.1)
96.3198 	EXP 	LDT_stim_text: height = np.float64(0.1)
96.3198 	EXP 	LDT_stim_text: text = 'juck'
96.3198 	EXP 	LDT_fix_text: autoDraw = True
96.3204 	DATA 	Keypress: l
96.4871 	EXP 	Device response: <KeyPress from None: t=96.30649289999974, value=l, duration=0.17534100000011676>
96.8037 	EXP 	LDT_stim_text: autoDraw = True
96.8120 	EXP 	LDT_fix_text: autoDraw = False
97.3962 	EXP 	Device response: <KeyPress from None: t=97.39360529999976, value=a, duration=None>
97.3965 	EXP 	New trial (rep=0, index=55): <Trial 55 (55 in rep 0) data={'Task': 'LDT', 'TrialType': 'Target', 'Stimuli': 'area', 'StimulusType': 'word', 'CorrectResponse': 'l', 'Trialnumb': 49, 'thisN': 55, 'thisTrialN': 55, 'thisRepN': 0}>
97.4043 	EXP 	LDT_fix_text: autoDraw = False
97.4043 	EXP 	LDT_stim_text: autoDraw = False
97.4043 	EXP 	LDT_break_text: autoDraw = False
97.4043 	EXP 	LDT_stim_text: height = np.float64(0.1)
97.4043 	EXP 	LDT_stim_text: height = np.float64(0.1)
97.4043 	EXP 	LDT_stim_text: height = np.float64(0.1)
97.4043 	EXP 	LDT_stim_text: text = 'area'
97.4043 	EXP 	LDT_fix_text: autoDraw = True
97.4048 	DATA 	Keypress: a
97.5464 	EXP 	Device response: <KeyPress from None: t=97.39360529999976, value=a, duration=0.14528939999991053>
97.8881 	EXP 	LDT_stim_text: autoDraw = True
97.8964 	EXP 	LDT_fix_text: autoDraw = False
98.3056 	EXP 	Device response: <KeyPress from None: t=98.30537979999963, value=l, duration=None>
98.3140 	EXP 	New trial (rep=0, index=56): <Trial 56 (56 in rep 0) data={'Task': 'LDT', 'TrialType': 'Target', 'Stimuli': 'data', 'StimulusType': 'word', 'CorrectResponse': 'l', 'Trialnumb': 41, 'thisN': 56, 'thisTrialN': 56, 'thisRepN': 0}>
98.3154 	DATA 	Keypress: l
98.3218 	EXP 	LDT_fix_text: autoDraw = False
98.3218 	EXP 	LDT_stim_text: autoDraw = False
98.3218 	EXP 	LDT_break_text: autoDraw = False
98.3218 	EXP 	LDT_stim_text: height = np.float64(0.1)
98.3218 	EXP 	LDT_stim_text: height = np.float64(0.1)
98.3218 	EXP 	LDT_stim_text: height = np.float64(0.1)
98.3218 	EXP 	LDT_stim_text: text = 'data'
98.3218 	EXP 	LDT_fix_text: autoDraw = True
98.4222 	EXP 	Device response: <KeyPress from None: t=98.30537979999963, value=l, duration=0.11293530000011742>
98.8057 	EXP 	LDT_stim_text: autoDraw = True
98.8140 	EXP 	LDT_fix_text: autoDraw = False
99.1647 	EXP 	Device response: <KeyPress from None: t=99.16171589999976, value=l, duration=None>
99.1649 	EXP 	New trial (rep=0, index=57): <Trial 57 (57 in rep 0) data={'Task': 'LDT', 'TrialType': 'Target', 'Stimuli': 'colo', 'StimulusType': 'nonword', 'CorrectResponse': 'a', 'Trialnumb': 131, 'thisN': 57, 'thisTrialN': 57, 'thisRepN': 0}>
99.1727 	EXP 	LDT_fix_text: autoDraw = False
99.1727 	EXP 	LDT_stim_text: autoDraw = False
99.1727 	EXP 	LDT_break_text: autoDraw = False
99.1727 	EXP 	LDT_stim_text: height = np.float64(0.1)
99.1727 	EXP 	LDT_stim_text: height = np.float64(0.1)
99.1727 	EXP 	LDT_stim_text: height = np.float64(0.1)
99.1727 	EXP 	LDT_stim_text: text = 'colo'
99.1727 	EXP 	LDT_fix_text: autoDraw = True
99.1732 	DATA 	Keypress: l
99.2647 	EXP 	Device response: <KeyPress from None: t=99.16171589999976, value=l, duration=0.09666530000004059>
99.6566 	EXP 	LDT_stim_text: autoDraw = True
99.6649 	EXP 	LDT_fix_text: autoDraw = False
100.0823 	EXP 	Device response: <KeyPress from None: t=100.07403899999963, value=l, duration=None>
100.0826 	EXP 	New trial (rep=0, index=58): <Trial 58 (58 in rep 0) data={'Task': 'LDT', 'TrialType': 'Target', 'Stimuli': 'bond', 'StimulusType': 'word', 'CorrectResponse': 'l', 'Trialnumb': 87, 'thisN': 58, 'thisTrialN': 58, 'thisRepN': 0}>
100.0903 	EXP 	LDT_fix_text: autoDraw = False
100.0903 	EXP 	LDT_stim_text: autoDraw = False
100.0903 	EXP 	LDT_break_text: autoDraw = False
100.0903 	EXP 	LDT_stim_text: height = np.float64(0.1)
100.0903 	EXP 	LDT_stim_text: height = np.float64(0.1)
100.0903 	EXP 	LDT_stim_text: height = np.float64(0.1)
100.0903 	EXP 	LDT_stim_text: text = 'bond'
100.0903 	EXP 	LDT_fix_text: autoDraw = True
100.0908 	DATA 	Keypress: l
100.2240 	EXP 	Device response: <KeyPress from None: t=100.07403899999963, value=l, duration=0.14443740000024263>
100.5741 	EXP 	LDT_stim_text: autoDraw = True
100.5825 	EXP 	LDT_fix_text: autoDraw = False
101.1083 	EXP 	Device response: <KeyPress from None: t=101.10551149999992, value=l, duration=None>
101.1085 	EXP 	New trial (rep=0, index=59): <Trial 59 (59 in rep 0) data={'Task': 'LDT', 'TrialType': 'Target', 'Stimuli': 'hage', 'StimulusType': 'nonword', 'CorrectResponse': 'a', 'Trialnumb': 149, 'thisN': 59, 'thisTrialN': 59, 'thisRepN': 0}>
101.1163 	EXP 	LDT_fix_text: autoDraw = False
101.1163 	EXP 	LDT_stim_text: autoDraw = False
101.1163 	EXP 	LDT_break_text: autoDraw = False
101.1163 	EXP 	LDT_stim_text: height = np.float64(0.1)
101.1163 	EXP 	LDT_stim_text: height = np.float64(0.1)
101.1163 	EXP 	LDT_stim_text: height = np.float64(0.1)
101.1163 	EXP 	LDT_stim_text: text = 'hage'
101.1163 	EXP 	LDT_fix_text: autoDraw = True
101.1168 	DATA 	Keypress: l
101.2250 	EXP 	Device response: <KeyPress from None: t=101.10551149999992, value=l, duration=0.1124894999998105>
101.6002 	EXP 	LDT_stim_text: autoDraw = True
101.6084 	EXP 	LDT_fix_text: autoDraw = False
102.1093 	EXP 	Device response: <KeyPress from None: t=102.10573049999994, value=a, duration=None>
102.1095 	EXP 	New trial (rep=0, index=60): <Trial 60 (60 in rep 0) data={'Task': 'LDT', 'TrialType': 'Target', 'Stimuli': 'word', 'StimulusType': 'word', 'CorrectResponse': 'l', 'Trialnumb': 47, 'thisN': 60, 'thisTrialN': 60, 'thisRepN': 0}>
102.1173 	EXP 	LDT_fix_text: autoDraw = False
102.1173 	EXP 	LDT_stim_text: autoDraw = False
102.1173 	EXP 	LDT_break_text: autoDraw = False
102.1173 	EXP 	LDT_stim_text: height = np.float64(0.1)
102.1173 	EXP 	LDT_stim_text: height = np.float64(0.1)
102.1173 	EXP 	LDT_stim_text: height = np.float64(0.1)
102.1173 	EXP 	LDT_stim_text: text = 'word'
102.1173 	EXP 	LDT_fix_text: autoDraw = True
102.1178 	DATA 	Keypress: a
102.2093 	EXP 	Device response: <KeyPress from None: t=102.10573049999994, value=a, duration=0.09590200000002369>
102.6011 	EXP 	LDT_stim_text: autoDraw = True
102.6095 	EXP 	LDT_fix_text: autoDraw = False
103.0269 	EXP 	Device response: <KeyPress from None: t=103.02647829999978, value=l, duration=None>
103.0271 	EXP 	New trial (rep=0, index=61): <Trial 61 (61 in rep 0) data={'Task': 'LDT', 'TrialType': 'Target', 'Stimuli': 'smat', 'StimulusType': 'nonword', 'CorrectResponse': 'a', 'Trialnumb': 195, 'thisN': 61, 'thisTrialN': 61, 'thisRepN': 0}>
103.0349 	EXP 	LDT_fix_text: autoDraw = False
103.0349 	EXP 	LDT_stim_text: autoDraw = False
103.0349 	EXP 	LDT_break_text: autoDraw = False
103.0349 	EXP 	LDT_stim_text: height = np.float64(0.1)
103.0349 	EXP 	LDT_stim_text: height = np.float64(0.1)
103.0349 	EXP 	LDT_stim_text: height = np.float64(0.1)
103.0349 	EXP 	LDT_stim_text: text = 'smat'
103.0349 	EXP 	LDT_fix_text: autoDraw = True
103.0355 	DATA 	Keypress: l
103.1020 	EXP 	Device response: <KeyPress from None: t=103.02647829999978, value=l, duration=0.07172609999997803>
103.5187 	EXP 	LDT_stim_text: autoDraw = True
103.5270 	EXP 	LDT_fix_text: autoDraw = False
104.1948 	EXP 	Device response: <KeyPress from None: t=104.19432339999958, value=a, duration=None>
104.1950 	EXP 	New trial (rep=0, index=62): <Trial 62 (62 in rep 0) data={'Task': 'LDT', 'TrialType': 'Target', 'Stimuli': 'pulk', 'StimulusType': 'nonword', 'CorrectResponse': 'a', 'Trialnumb': 183, 'thisN': 62, 'thisTrialN': 62, 'thisRepN': 0}>
104.2027 	EXP 	LDT_fix_text: autoDraw = False
104.2027 	EXP 	LDT_stim_text: autoDraw = False
104.2027 	EXP 	LDT_break_text: autoDraw = False
104.2027 	EXP 	LDT_stim_text: height = np.float64(0.1)
104.2027 	EXP 	LDT_stim_text: height = np.float64(0.1)
104.2027 	EXP 	LDT_stim_text: height = np.float64(0.1)
104.2027 	EXP 	LDT_stim_text: text = 'pulk'
104.2027 	EXP 	LDT_fix_text: autoDraw = True
104.2033 	DATA 	Keypress: a
104.3114 	EXP 	Device response: <KeyPress from None: t=104.19432339999958, value=a, duration=0.11213530000031824>
104.6865 	EXP 	LDT_stim_text: autoDraw = True
104.6949 	EXP 	LDT_fix_text: autoDraw = False
105.0789 	EXP 	Device response: <KeyPress from None: t=105.07429149999962, value=l, duration=None>
105.0791 	EXP 	New trial (rep=0, index=63): <Trial 63 (63 in rep 0) data={'Task': 'LDT', 'TrialType': 'Target', 'Stimuli': 'gray', 'StimulusType': 'word', 'CorrectResponse': 'l', 'Trialnumb': 98, 'thisN': 63, 'thisTrialN': 63, 'thisRepN': 0}>
105.0870 	EXP 	LDT_fix_text: autoDraw = False
105.0870 	EXP 	LDT_stim_text: autoDraw = False
105.0870 	EXP 	LDT_break_text: autoDraw = False
105.0870 	EXP 	LDT_stim_text: height = np.float64(0.1)
105.0870 	EXP 	LDT_stim_text: height = np.float64(0.1)
105.0870 	EXP 	LDT_stim_text: height = np.float64(0.1)
105.0870 	EXP 	LDT_stim_text: text = 'gray'
105.0870 	EXP 	LDT_fix_text: autoDraw = True
105.0875 	DATA 	Keypress: l
105.1456 	EXP 	Device response: <KeyPress from None: t=105.07429149999962, value=l, duration=0.06344470000021829>
105.5707 	EXP 	LDT_stim_text: autoDraw = True
105.5791 	EXP 	LDT_fix_text: autoDraw = False
105.9549 	EXP 	Device response: <KeyPress from None: t=105.95419399999992, value=l, duration=None>
105.9551 	EXP 	New trial (rep=0, index=64): <Trial 64 (64 in rep 0) data={'Task': 'LDT', 'TrialType': 'Target', 'Stimuli': 'grew', 'StimulusType': 'word', 'CorrectResponse': 'l', 'Trialnumb': 89, 'thisN': 64, 'thisTrialN': 64, 'thisRepN': 0}>
105.9628 	EXP 	LDT_fix_text: autoDraw = False
105.9628 	EXP 	LDT_stim_text: autoDraw = False
105.9628 	EXP 	LDT_break_text: autoDraw = False
105.9628 	EXP 	LDT_stim_text: height = np.float64(0.1)
105.9628 	EXP 	LDT_stim_text: height = np.float64(0.1)
105.9628 	EXP 	LDT_stim_text: height = np.float64(0.1)
105.9628 	EXP 	LDT_stim_text: text = 'grew'
105.9628 	EXP 	LDT_fix_text: autoDraw = True
105.9632 	DATA 	Keypress: l
106.0548 	EXP 	Device response: <KeyPress from None: t=105.95419399999992, value=l, duration=0.09603839999999764>
106.4466 	EXP 	LDT_stim_text: autoDraw = True
106.4549 	EXP 	LDT_fix_text: autoDraw = False
106.8389 	EXP 	Device response: <KeyPress from None: t=106.8345618999997, value=a, duration=None>
106.8392 	EXP 	New trial (rep=0, index=65): <Trial 65 (65 in rep 0) data={'Task': 'LDT', 'TrialType': 'Target', 'Stimuli': 'heat', 'StimulusType': 'word', 'CorrectResponse': 'l', 'Trialnumb': 79, 'thisN': 65, 'thisTrialN': 65, 'thisRepN': 0}>
106.8470 	EXP 	LDT_fix_text: autoDraw = False
106.8470 	EXP 	LDT_stim_text: autoDraw = False
106.8470 	EXP 	LDT_break_text: autoDraw = False
106.8470 	EXP 	LDT_stim_text: height = np.float64(0.1)
106.8470 	EXP 	LDT_stim_text: height = np.float64(0.1)
106.8470 	EXP 	LDT_stim_text: height = np.float64(0.1)
106.8470 	EXP 	LDT_stim_text: text = 'heat'
106.8470 	EXP 	LDT_fix_text: autoDraw = True
106.8475 	DATA 	Keypress: a
106.9724 	EXP 	Device response: <KeyPress from None: t=106.8345618999997, value=a, duration=0.13571559999991223>
107.3308 	EXP 	LDT_stim_text: autoDraw = True
107.3392 	EXP 	LDT_fix_text: autoDraw = False
107.6398 	EXP 	Device response: <KeyPress from None: t=107.63440249999985, value=l, duration=None>
107.6401 	EXP 	New trial (rep=0, index=66): <Trial 66 (66 in rep 0) data={'Task': 'LDT', 'TrialType': 'Target', 'Stimuli': 'unit', 'StimulusType': 'word', 'CorrectResponse': 'l', 'Trialnumb': 82, 'thisN': 66, 'thisTrialN': 66, 'thisRepN': 0}>
107.6478 	EXP 	LDT_fix_text: autoDraw = False
107.6478 	EXP 	LDT_stim_text: autoDraw = False
107.6478 	EXP 	LDT_break_text: autoDraw = False
107.6478 	EXP 	LDT_stim_text: height = np.float64(0.1)
107.6478 	EXP 	LDT_stim_text: height = np.float64(0.1)
107.6478 	EXP 	LDT_stim_text: height = np.float64(0.1)
107.6478 	EXP 	LDT_stim_text: text = 'unit'
107.6478 	EXP 	LDT_fix_text: autoDraw = True
107.6483 	DATA 	Keypress: l
107.7315 	EXP 	Device response: <KeyPress from None: t=107.63440249999985, value=l, duration=0.09571950000008655>
108.1316 	EXP 	LDT_stim_text: autoDraw = True
108.1400 	EXP 	LDT_fix_text: autoDraw = False
108.6575 	EXP 	Device response: <KeyPress from None: t=108.6497631999996, value=l, duration=None>
108.6577 	EXP 	New trial (rep=0, index=67): <Trial 67 (67 in rep 0) data={'Task': 'LDT', 'TrialType': 'Target', 'Stimuli': 'stip', 'StimulusType': 'nonword', 'CorrectResponse': 'a', 'Trialnumb': 200, 'thisN': 67, 'thisTrialN': 67, 'thisRepN': 0}>
108.6655 	EXP 	LDT_fix_text: autoDraw = False
108.6655 	EXP 	LDT_stim_text: autoDraw = False
108.6655 	EXP 	LDT_break_text: autoDraw = False
108.6655 	EXP 	LDT_stim_text: height = np.float64(0.1)
108.6655 	EXP 	LDT_stim_text: height = np.float64(0.1)
108.6655 	EXP 	LDT_stim_text: height = np.float64(0.1)
108.6655 	EXP 	LDT_stim_text: text = 'stip'
108.6655 	EXP 	LDT_fix_text: autoDraw = True
108.6659 	DATA 	Keypress: l
108.7408 	EXP 	Device response: <KeyPress from None: t=108.6497631999996, value=l, duration=0.0885377000004155>
109.1493 	EXP 	LDT_stim_text: autoDraw = True
109.1578 	EXP 	LDT_fix_text: autoDraw = False
109.8003 	EXP 	Device response: <KeyPress from None: t=109.79407409999976, value=l, duration=None>
109.8006 	EXP 	New trial (rep=0, index=68): <Trial 68 (68 in rep 0) data={'Task': 'LDT', 'TrialType': 'Target', 'Stimuli': 'cire', 'StimulusType': 'nonword', 'CorrectResponse': 'a', 'Trialnumb': 129, 'thisN': 68, 'thisTrialN': 68, 'thisRepN': 0}>
109.8083 	EXP 	LDT_fix_text: autoDraw = False
109.8083 	EXP 	LDT_stim_text: autoDraw = False
109.8083 	EXP 	LDT_break_text: autoDraw = False
109.8083 	EXP 	LDT_stim_text: height = np.float64(0.1)
109.8083 	EXP 	LDT_stim_text: height = np.float64(0.1)
109.8083 	EXP 	LDT_stim_text: height = np.float64(0.1)
109.8083 	EXP 	LDT_stim_text: text = 'cire'
109.8083 	EXP 	LDT_fix_text: autoDraw = True
109.8089 	DATA 	Keypress: l
109.8585 	EXP 	Device response: <KeyPress from None: t=109.79407409999976, value=l, duration=0.05715760000020964>
110.2922 	EXP 	LDT_stim_text: autoDraw = True
110.3005 	EXP 	LDT_fix_text: autoDraw = False
111.2434 	EXP 	Device response: <KeyPress from None: t=111.24202500000001, value=a, duration=None>
111.2436 	EXP 	New trial (rep=0, index=69): <Trial 69 (69 in rep 0) data={'Task': 'LDT', 'TrialType': 'Target', 'Stimuli': 'kell', 'StimulusType': 'nonword', 'CorrectResponse': 'a', 'Trialnumb': 164, 'thisN': 69, 'thisTrialN': 69, 'thisRepN': 0}>
111.2514 	EXP 	LDT_fix_text: autoDraw = False
111.2514 	EXP 	LDT_stim_text: autoDraw = False
111.2514 	EXP 	LDT_break_text: autoDraw = False
111.2514 	EXP 	LDT_stim_text: height = np.float64(0.1)
111.2514 	EXP 	LDT_stim_text: height = np.float64(0.1)
111.2514 	EXP 	LDT_stim_text: height = np.float64(0.1)
111.2514 	EXP 	LDT_stim_text: text = 'kell'
111.2514 	EXP 	LDT_fix_text: autoDraw = True
111.2519 	DATA 	Keypress: a
111.3852 	EXP 	Device response: <KeyPress from None: t=111.24202500000001, value=a, duration=0.1355082999998558>
111.7352 	EXP 	LDT_stim_text: autoDraw = True
111.7435 	EXP 	LDT_fix_text: autoDraw = False
112.6864 	EXP 	Device response: <KeyPress from None: t=112.68284449999965, value=a, duration=None>
112.6867 	EXP 	New trial (rep=0, index=70): <Trial 70 (70 in rep 0) data={'Task': 'LDT', 'TrialType': 'Target', 'Stimuli': 'huge', 'StimulusType': 'word', 'CorrectResponse': 'l', 'Trialnumb': 56, 'thisN': 70, 'thisTrialN': 70, 'thisRepN': 0}>
112.6945 	EXP 	LDT_fix_text: autoDraw = False
112.6945 	EXP 	LDT_stim_text: autoDraw = False
112.6945 	EXP 	LDT_break_text: autoDraw = False
112.6945 	EXP 	LDT_stim_text: height = np.float64(0.1)
112.6945 	EXP 	LDT_stim_text: height = np.float64(0.1)
112.6945 	EXP 	LDT_stim_text: height = np.float64(0.1)
112.6945 	EXP 	LDT_stim_text: text = 'huge'
112.6945 	EXP 	LDT_fix_text: autoDraw = True
112.6952 	DATA 	Keypress: a
112.8450 	EXP 	Device response: <KeyPress from None: t=112.68284449999965, value=a, duration=0.15887689999999566>
113.1783 	EXP 	LDT_stim_text: autoDraw = True
113.1866 	EXP 	LDT_fix_text: autoDraw = False
113.6960 	EXP 	Device response: <KeyPress from None: t=113.6894511999999, value=a, duration=None>
113.6963 	EXP 	New trial (rep=0, index=71): <Trial 71 (71 in rep 0) data={'Task': 'LDT', 'TrialType': 'Target', 'Stimuli': 'ate', 'StimulusType': 'word', 'CorrectResponse': 'l', 'Trialnumb': 85, 'thisN': 71, 'thisTrialN': 71, 'thisRepN': 0}>
113.7039 	EXP 	LDT_fix_text: autoDraw = False
113.7039 	EXP 	LDT_stim_text: autoDraw = False
113.7039 	EXP 	LDT_break_text: autoDraw = False
113.7039 	EXP 	LDT_stim_text: height = np.float64(0.1)
113.7039 	EXP 	LDT_stim_text: height = np.float64(0.1)
113.7039 	EXP 	LDT_stim_text: height = np.float64(0.1)
113.7039 	EXP 	LDT_stim_text: text = 'ate'
113.7039 	EXP 	LDT_fix_text: autoDraw = True
113.7045 	DATA 	Keypress: a
113.8210 	EXP 	Device response: <KeyPress from None: t=113.6894511999999, value=a, duration=0.12800639999977648>
114.1877 	EXP 	LDT_stim_text: autoDraw = True
114.1960 	EXP 	LDT_fix_text: autoDraw = False
115.5144 	EXP 	Device response: <KeyPress from None: t=115.5134963999999, value=l, duration=None>
115.5146 	EXP 	New trial (rep=0, index=72): <Trial 72 (72 in rep 0) data={'Task': 'LDT', 'TrialType': 'Target', 'Stimuli': 'fere', 'StimulusType': 'nonword', 'CorrectResponse': 'a', 'Trialnumb': 140, 'thisN': 72, 'thisTrialN': 72, 'thisRepN': 0}>
115.5223 	EXP 	LDT_fix_text: autoDraw = False
115.5223 	EXP 	LDT_stim_text: autoDraw = False
115.5223 	EXP 	LDT_break_text: autoDraw = False
115.5223 	EXP 	LDT_stim_text: height = np.float64(0.1)
115.5223 	EXP 	LDT_stim_text: height = np.float64(0.1)
115.5223 	EXP 	LDT_stim_text: height = np.float64(0.1)
115.5223 	EXP 	LDT_stim_text: text = 'fere'
115.5223 	EXP 	LDT_fix_text: autoDraw = True
115.5228 	DATA 	Keypress: l
115.6310 	EXP 	Device response: <KeyPress from None: t=115.5134963999999, value=l, duration=0.11369999999988067>
116.0061 	EXP 	LDT_stim_text: autoDraw = True
116.0144 	EXP 	LDT_fix_text: autoDraw = False
116.8156 	EXP 	Device response: <KeyPress from None: t=116.8099828999998, value=a, duration=None>
116.8158 	EXP 	New trial (rep=0, index=73): <Trial 73 (73 in rep 0) data={'Task': 'LDT', 'TrialType': 'Target', 'Stimuli': 'flen', 'StimulusType': 'nonword', 'CorrectResponse': 'a', 'Trialnumb': 141, 'thisN': 73, 'thisTrialN': 73, 'thisRepN': 0}>
116.8236 	EXP 	LDT_fix_text: autoDraw = False
116.8236 	EXP 	LDT_stim_text: autoDraw = False
116.8236 	EXP 	LDT_break_text: autoDraw = False
116.8236 	EXP 	LDT_stim_text: height = np.float64(0.1)
116.8236 	EXP 	LDT_stim_text: height = np.float64(0.1)
116.8236 	EXP 	LDT_stim_text: height = np.float64(0.1)
116.8236 	EXP 	LDT_stim_text: text = 'flen'
116.8236 	EXP 	LDT_fix_text: autoDraw = True
116.8241 	DATA 	Keypress: a
116.9073 	EXP 	Device response: <KeyPress from None: t=116.8099828999998, value=a, duration=0.09541649999982837>
117.3074 	EXP 	LDT_stim_text: autoDraw = True
117.3158 	EXP 	LDT_fix_text: autoDraw = False
117.9250 	EXP 	Device response: <KeyPress from None: t=117.92177419999962, value=a, duration=None>
117.9252 	EXP 	New trial (rep=0, index=74): <Trial 74 (74 in rep 0) data={'Task': 'LDT', 'TrialType': 'Target', 'Stimuli': 'side', 'StimulusType': 'word', 'CorrectResponse': 'l', 'Trialnumb': 48, 'thisN': 74, 'thisTrialN': 74, 'thisRepN': 0}>
117.9330 	EXP 	LDT_fix_text: autoDraw = False
117.9330 	EXP 	LDT_stim_text: autoDraw = False
117.9330 	EXP 	LDT_break_text: autoDraw = False
117.9330 	EXP 	LDT_stim_text: height = np.float64(0.1)
117.9330 	EXP 	LDT_stim_text: height = np.float64(0.1)
117.9330 	EXP 	LDT_stim_text: height = np.float64(0.1)
117.9330 	EXP 	LDT_stim_text: text = 'side'
117.9330 	EXP 	LDT_fix_text: autoDraw = True
117.9336 	DATA 	Keypress: a
118.0921 	EXP 	Device response: <KeyPress from None: t=117.92177419999962, value=a, duration=0.16870710000011968>
118.4169 	EXP 	LDT_stim_text: autoDraw = True
118.4252 	EXP 	LDT_fix_text: autoDraw = False
119.0428 	EXP 	Device response: <KeyPress from None: t=119.04174869999997, value=l, duration=None>
119.0431 	EXP 	New trial (rep=0, index=75): <Trial 75 (75 in rep 0) data={'Task': 'LDT', 'TrialType': 'Target', 'Stimuli': 'hide', 'StimulusType': 'word', 'CorrectResponse': 'l', 'Trialnumb': 68, 'thisN': 75, 'thisTrialN': 75, 'thisRepN': 0}>
119.0508 	EXP 	LDT_fix_text: autoDraw = False
119.0508 	EXP 	LDT_stim_text: autoDraw = False
119.0508 	EXP 	LDT_break_text: autoDraw = False
119.0508 	EXP 	LDT_stim_text: height = np.float64(0.1)
119.0508 	EXP 	LDT_stim_text: height = np.float64(0.1)
119.0508 	EXP 	LDT_stim_text: height = np.float64(0.1)
119.0508 	EXP 	LDT_stim_text: text = 'hide'
119.0508 	EXP 	LDT_fix_text: autoDraw = True
119.0514 	DATA 	Keypress: l
119.1095 	EXP 	Device response: <KeyPress from None: t=119.04174869999997, value=l, duration=0.06544789999998102>
119.5346 	EXP 	LDT_stim_text: autoDraw = True
119.5430 	EXP 	LDT_fix_text: autoDraw = False
119.9687 	EXP 	Device response: <KeyPress from None: t=119.96238069999981, value=l, duration=None>
119.9689 	EXP 	New trial (rep=0, index=76): <Trial 76 (76 in rep 0) data={'Task': 'LDT', 'TrialType': 'Target', 'Stimuli': 'hass', 'StimulusType': 'nonword', 'CorrectResponse': 'a', 'Trialnumb': 151, 'thisN': 76, 'thisTrialN': 76, 'thisRepN': 0}>
119.9767 	EXP 	LDT_fix_text: autoDraw = False
119.9767 	EXP 	LDT_stim_text: autoDraw = False
119.9767 	EXP 	LDT_break_text: autoDraw = False
119.9767 	EXP 	LDT_stim_text: height = np.float64(0.1)
119.9767 	EXP 	LDT_stim_text: height = np.float64(0.1)
119.9767 	EXP 	LDT_stim_text: height = np.float64(0.1)
119.9767 	EXP 	LDT_stim_text: text = 'hass'
119.9767 	EXP 	LDT_fix_text: autoDraw = True
119.9773 	DATA 	Keypress: l
120.0605 	EXP 	Device response: <KeyPress from None: t=119.96238069999981, value=l, duration=0.0960386000001563>
120.4606 	EXP 	LDT_stim_text: autoDraw = True
120.4689 	EXP 	LDT_fix_text: autoDraw = False
121.1616 	EXP 	Device response: <KeyPress from None: t=121.15415069999972, value=a, duration=None>
121.1618 	EXP 	New trial (rep=0, index=77): <Trial 77 (77 in rep 0) data={'Task': 'LDT', 'TrialType': 'Target', 'Stimuli': 'here', 'StimulusType': 'word', 'CorrectResponse': 'l', 'Trialnumb': 4, 'thisN': 77, 'thisTrialN': 77, 'thisRepN': 0}>
121.1697 	EXP 	LDT_fix_text: autoDraw = False
121.1697 	EXP 	LDT_stim_text: autoDraw = False
121.1697 	EXP 	LDT_break_text: autoDraw = False
121.1697 	EXP 	LDT_stim_text: height = np.float64(0.1)
121.1697 	EXP 	LDT_stim_text: height = np.float64(0.1)
121.1697 	EXP 	LDT_stim_text: height = np.float64(0.1)
121.1697 	EXP 	LDT_stim_text: text = 'here'
121.1697 	EXP 	LDT_fix_text: autoDraw = True
121.1702 	DATA 	Keypress: a
121.2700 	EXP 	Device response: <KeyPress from None: t=121.15415069999972, value=a, duration=0.11216790000025867>
121.6534 	EXP 	LDT_stim_text: autoDraw = True
121.6618 	EXP 	LDT_fix_text: autoDraw = False
122.6880 	EXP 	Device response: <KeyPress from None: t=122.68224079999982, value=l, duration=None>
122.6883 	EXP 	New trial (rep=0, index=78): <Trial 78 (78 in rep 0) data={'Task': 'LDT', 'TrialType': 'Target', 'Stimuli': 'boss', 'StimulusType': 'word', 'CorrectResponse': 'l', 'Trialnumb': 61, 'thisN': 78, 'thisTrialN': 78, 'thisRepN': 0}>
122.6961 	EXP 	LDT_fix_text: autoDraw = False
122.6961 	EXP 	LDT_stim_text: autoDraw = False
122.6961 	EXP 	LDT_break_text: autoDraw = False
122.6961 	EXP 	LDT_stim_text: height = np.float64(0.1)
122.6961 	EXP 	LDT_stim_text: height = np.float64(0.1)
122.6961 	EXP 	LDT_stim_text: height = np.float64(0.1)
122.6961 	EXP 	LDT_stim_text: text = 'boss'
122.6961 	EXP 	LDT_fix_text: autoDraw = True
122.6967 	DATA 	Keypress: l
122.7716 	EXP 	Device response: <KeyPress from None: t=122.68224079999982, value=l, duration=0.08799719999979061>
123.1799 	EXP 	LDT_stim_text: autoDraw = True
123.1883 	EXP 	LDT_fix_text: autoDraw = False
123.7559 	EXP 	Device response: <KeyPress from None: t=123.75425049999967, value=l, duration=None>
123.7561 	EXP 	New trial (rep=0, index=79): <Trial 79 (79 in rep 0) data={'Task': 'LDT', 'TrialType': 'Target', 'Stimuli': 'come', 'StimulusType': 'word', 'CorrectResponse': 'l', 'Trialnumb': 7, 'thisN': 79, 'thisTrialN': 79, 'thisRepN': 0}>
123.7640 	EXP 	LDT_fix_text: autoDraw = False
123.7640 	EXP 	LDT_stim_text: autoDraw = False
123.7640 	EXP 	LDT_break_text: autoDraw = False
123.7640 	EXP 	LDT_stim_text: height = np.float64(0.1)
123.7640 	EXP 	LDT_stim_text: height = np.float64(0.1)
123.7640 	EXP 	LDT_stim_text: height = np.float64(0.1)
123.7640 	EXP 	LDT_stim_text: text = 'come'
123.7640 	EXP 	LDT_fix_text: autoDraw = True
123.7645 	DATA 	Keypress: l
123.8476 	EXP 	Device response: <KeyPress from None: t=123.75425049999967, value=l, duration=0.08906470000010813>
124.2477 	EXP 	LDT_stim_text: autoDraw = True
124.2560 	EXP 	LDT_fix_text: autoDraw = False
124.7151 	EXP 	Device response: <KeyPress from None: t=124.70758439999963, value=l, duration=None>
124.7153 	EXP 	New trial (rep=0, index=80): <Trial 80 (80 in rep 0) data={'Task': 'LDT', 'TrialType': 'Target', 'Stimuli': 'plue', 'StimulusType': 'nonword', 'CorrectResponse': 'a', 'Trialnumb': 181, 'thisN': 80, 'thisTrialN': 80, 'thisRepN': 0}>
124.7231 	EXP 	LDT_fix_text: autoDraw = False
124.7231 	EXP 	LDT_stim_text: autoDraw = False
124.7231 	EXP 	LDT_break_text: autoDraw = False
124.7231 	EXP 	LDT_stim_text: height = np.float64(0.1)
124.7231 	EXP 	LDT_stim_text: height = np.float64(0.1)
124.7231 	EXP 	LDT_stim_text: height = np.float64(0.1)
124.7231 	EXP 	LDT_stim_text: text = 'plue'
124.7231 	EXP 	LDT_fix_text: autoDraw = True
124.7236 	DATA 	Keypress: l
124.8151 	EXP 	Device response: <KeyPress from None: t=124.70758439999963, value=l, duration=0.1027035000001888>
125.2069 	EXP 	LDT_stim_text: autoDraw = True
125.2153 	EXP 	LDT_fix_text: autoDraw = False
125.8913 	EXP 	Device response: <KeyPress from None: t=125.88326849999976, value=a, duration=None>
125.8915 	EXP 	New trial (rep=0, index=81): <Trial 81 (81 in rep 0) data={'Task': 'LDT', 'TrialType': 'Target', 'Stimuli': 'few', 'StimulusType': 'word', 'CorrectResponse': 'l', 'Trialnumb': 18, 'thisN': 81, 'thisTrialN': 81, 'thisRepN': 0}>
125.8993 	EXP 	LDT_fix_text: autoDraw = False
125.8993 	EXP 	LDT_stim_text: autoDraw = False
125.8993 	EXP 	LDT_break_text: autoDraw = False
125.8993 	EXP 	LDT_stim_text: height = np.float64(0.1)
125.8993 	EXP 	LDT_stim_text: height = np.float64(0.1)
125.8993 	EXP 	LDT_stim_text: height = np.float64(0.1)
125.8993 	EXP 	LDT_stim_text: text = 'few'
125.8993 	EXP 	LDT_fix_text: autoDraw = True
125.8999 	DATA 	Keypress: a
126.0248 	EXP 	Device response: <KeyPress from None: t=125.88326849999976, value=a, duration=0.1352182000000539>
126.3831 	EXP 	LDT_stim_text: autoDraw = True
126.3915 	EXP 	LDT_fix_text: autoDraw = False
126.8507 	EXP 	Device response: <KeyPress from None: t=126.85025459999997, value=l, duration=None>
126.8509 	EXP 	New trial (rep=0, index=82): <Trial 82 (82 in rep 0) data={'Task': 'LDT', 'TrialType': 'Target', 'Stimuli': 'read', 'StimulusType': 'word', 'CorrectResponse': 'l', 'Trialnumb': 31, 'thisN': 82, 'thisTrialN': 82, 'thisRepN': 0}>
126.8587 	EXP 	LDT_fix_text: autoDraw = False
126.8587 	EXP 	LDT_stim_text: autoDraw = False
126.8587 	EXP 	LDT_break_text: autoDraw = False
126.8587 	EXP 	LDT_stim_text: height = np.float64(0.1)
126.8587 	EXP 	LDT_stim_text: height = np.float64(0.1)
126.8587 	EXP 	LDT_stim_text: height = np.float64(0.1)
126.8587 	EXP 	LDT_stim_text: text = 'read'
126.8587 	EXP 	LDT_fix_text: autoDraw = True
126.8596 	DATA 	Keypress: l
126.9506 	EXP 	Device response: <KeyPress from None: t=126.85025459999997, value=l, duration=0.09559639999997671>
127.3424 	EXP 	LDT_stim_text: autoDraw = True
127.3507 	EXP 	LDT_fix_text: autoDraw = False
127.8099 	EXP 	Device response: <KeyPress from None: t=127.80950089999988, value=l, duration=None>
127.8102 	EXP 	New trial (rep=0, index=83): <Trial 83 (83 in rep 0) data={'Task': 'LDT', 'TrialType': 'Target', 'Stimuli': 'seef', 'StimulusType': 'nonword', 'CorrectResponse': 'a', 'Trialnumb': 187, 'thisN': 83, 'thisTrialN': 83, 'thisRepN': 0}>
127.8180 	EXP 	LDT_fix_text: autoDraw = False
127.8180 	EXP 	LDT_stim_text: autoDraw = False
127.8180 	EXP 	LDT_break_text: autoDraw = False
127.8180 	EXP 	LDT_stim_text: height = np.float64(0.1)
127.8180 	EXP 	LDT_stim_text: height = np.float64(0.1)
127.8180 	EXP 	LDT_stim_text: height = np.float64(0.1)
127.8180 	EXP 	LDT_stim_text: text = 'seef'
127.8180 	EXP 	LDT_fix_text: autoDraw = True
127.8185 	DATA 	Keypress: l
127.8765 	EXP 	Device response: <KeyPress from None: t=127.80950089999988, value=l, duration=0.06453609999971377>
128.3017 	EXP 	LDT_stim_text: autoDraw = True
128.3100 	EXP 	LDT_fix_text: autoDraw = False
128.8609 	EXP 	Device response: <KeyPress from None: t=128.85758799999985, value=a, duration=None>
128.8611 	EXP 	New trial (rep=0, index=84): <Trial 84 (84 in rep 0) data={'Task': 'LDT', 'TrialType': 'Target', 'Stimuli': 'cona', 'StimulusType': 'nonword', 'CorrectResponse': 'a', 'Trialnumb': 132, 'thisN': 84, 'thisTrialN': 84, 'thisRepN': 0}>
128.8689 	EXP 	LDT_fix_text: autoDraw = False
128.8689 	EXP 	LDT_stim_text: autoDraw = False
128.8689 	EXP 	LDT_break_text: autoDraw = False
128.8689 	EXP 	LDT_stim_text: height = np.float64(0.1)
128.8689 	EXP 	LDT_stim_text: height = np.float64(0.1)
128.8689 	EXP 	LDT_stim_text: height = np.float64(0.1)
128.8689 	EXP 	LDT_stim_text: text = 'cona'
128.8689 	EXP 	LDT_fix_text: autoDraw = True
128.8695 	DATA 	Keypress: a
129.0027 	EXP 	Device response: <KeyPress from None: t=128.85758799999985, value=a, duration=0.14401490000000194>
129.3528 	EXP 	LDT_stim_text: autoDraw = True
129.3611 	EXP 	LDT_fix_text: autoDraw = False
129.9369 	EXP 	Device response: <KeyPress from None: t=129.9301074, value=a, duration=None>
129.9372 	EXP 	New trial (rep=0, index=85): <Trial 85 (85 in rep 0) data={'Task': 'LDT', 'TrialType': 'Target', 'Stimuli': 'yell', 'StimulusType': 'word', 'CorrectResponse': 'l', 'Trialnumb': 101, 'thisN': 85, 'thisTrialN': 85, 'thisRepN': 0}>
129.9451 	EXP 	LDT_fix_text: autoDraw = False
129.9451 	EXP 	LDT_stim_text: autoDraw = False
129.9451 	EXP 	LDT_break_text: autoDraw = False
129.9451 	EXP 	LDT_stim_text: height = np.float64(0.1)
129.9451 	EXP 	LDT_stim_text: height = np.float64(0.1)
129.9451 	EXP 	LDT_stim_text: height = np.float64(0.1)
129.9451 	EXP 	LDT_stim_text: text = 'yell'
129.9451 	EXP 	LDT_fix_text: autoDraw = True
129.9455 	DATA 	Keypress: a
130.0704 	EXP 	Device response: <KeyPress from None: t=129.9301074, value=a, duration=0.13664639999979045>
130.4288 	EXP 	LDT_stim_text: autoDraw = True
130.4371 	EXP 	LDT_fix_text: autoDraw = False
131.0714 	EXP 	Device response: <KeyPress from None: t=131.06721389999984, value=l, duration=None>
131.0716 	EXP 	New trial (rep=0, index=86): <Trial 86 (86 in rep 0) data={'Task': 'LDT', 'TrialType': 'Target', 'Stimuli': 'zeer', 'StimulusType': 'nonword', 'CorrectResponse': 'a', 'Trialnumb': 222, 'thisN': 86, 'thisTrialN': 86, 'thisRepN': 0}>
131.0795 	EXP 	LDT_fix_text: autoDraw = False
131.0795 	EXP 	LDT_stim_text: autoDraw = False
131.0795 	EXP 	LDT_break_text: autoDraw = False
131.0795 	EXP 	LDT_stim_text: height = np.float64(0.1)
131.0795 	EXP 	LDT_stim_text: height = np.float64(0.1)
131.0795 	EXP 	LDT_stim_text: height = np.float64(0.1)
131.0795 	EXP 	LDT_stim_text: text = 'zeer'
131.0795 	EXP 	LDT_fix_text: autoDraw = True
131.0800 	DATA 	Keypress: l
131.1632 	EXP 	Device response: <KeyPress from None: t=131.06721389999984, value=l, duration=0.09459900000001653>
131.5633 	EXP 	LDT_stim_text: autoDraw = True
131.5716 	EXP 	LDT_fix_text: autoDraw = False
132.0975 	EXP 	Device response: <KeyPress from None: t=132.0902498999999, value=a, duration=None>
132.0977 	EXP 	New trial (rep=0, index=87): <Trial 87 (87 in rep 0) data={'Task': 'LDT', 'TrialType': 'Target', 'Stimuli': 'daste', 'StimulusType': 'nonword', 'CorrectResponse': 'a', 'Trialnumb': 136, 'thisN': 87, 'thisTrialN': 87, 'thisRepN': 0}>
132.1055 	EXP 	LDT_fix_text: autoDraw = False
132.1055 	EXP 	LDT_stim_text: autoDraw = False
132.1055 	EXP 	LDT_break_text: autoDraw = False
132.1055 	EXP 	LDT_stim_text: height = np.float64(0.1)
132.1055 	EXP 	LDT_stim_text: height = np.float64(0.1)
132.1055 	EXP 	LDT_stim_text: height = np.float64(0.1)
132.1055 	EXP 	LDT_stim_text: text = 'daste'
132.1055 	EXP 	LDT_fix_text: autoDraw = True
132.1060 	DATA 	Keypress: a
132.2310 	EXP 	Device response: <KeyPress from None: t=132.0902498999999, value=a, duration=0.13640559999976176>
132.5893 	EXP 	LDT_stim_text: autoDraw = True
132.5977 	EXP 	LDT_fix_text: autoDraw = False
133.2152 	EXP 	Device response: <KeyPress from None: t=133.2100215999999, value=a, duration=None>
133.2154 	EXP 	New trial (rep=0, index=88): <Trial 88 (88 in rep 0) data={'Task': 'LDT', 'TrialType': 'Target', 'Stimuli': 'party', 'StimulusType': 'word', 'CorrectResponse': 'l', 'Trialnumb': 59, 'thisN': 88, 'thisTrialN': 88, 'thisRepN': 0}>
133.2233 	EXP 	LDT_fix_text: autoDraw = False
133.2233 	EXP 	LDT_stim_text: autoDraw = False
133.2233 	EXP 	LDT_break_text: autoDraw = False
133.2233 	EXP 	LDT_stim_text: height = np.float64(0.1)
133.2233 	EXP 	LDT_stim_text: height = np.float64(0.1)
133.2233 	EXP 	LDT_stim_text: height = np.float64(0.1)
133.2233 	EXP 	LDT_stim_text: text = 'party'
133.2233 	EXP 	LDT_fix_text: autoDraw = True
133.2238 	DATA 	Keypress: a
133.3320 	EXP 	Device response: <KeyPress from None: t=133.2100215999999, value=a, duration=0.11955639999996492>
133.7071 	EXP 	LDT_stim_text: autoDraw = True
133.7154 	EXP 	LDT_fix_text: autoDraw = False
134.1495 	EXP 	Device response: <KeyPress from None: t=134.14627679999967, value=l, duration=None>
134.1497 	EXP 	New trial (rep=0, index=89): <Trial 89 (89 in rep 0) data={'Task': 'LDT', 'TrialType': 'Target', 'Stimuli': 'beon', 'StimulusType': 'nonword', 'CorrectResponse': 'a', 'Trialnumb': 120, 'thisN': 89, 'thisTrialN': 89, 'thisRepN': 0}>
134.1575 	EXP 	LDT_fix_text: autoDraw = False
134.1575 	EXP 	LDT_stim_text: autoDraw = False
134.1575 	EXP 	LDT_break_text: autoDraw = False
134.1575 	EXP 	LDT_stim_text: height = np.float64(0.1)
134.1575 	EXP 	LDT_stim_text: height = np.float64(0.1)
134.1575 	EXP 	LDT_stim_text: height = np.float64(0.1)
134.1575 	EXP 	LDT_stim_text: text = 'beon'
134.1575 	EXP 	LDT_fix_text: autoDraw = True
134.1580 	DATA 	Keypress: l
134.2581 	EXP 	Device response: <KeyPress from None: t=134.14627679999967, value=l, duration=0.1113220000002002>
134.6414 	EXP 	LDT_stim_text: autoDraw = True
134.6497 	EXP 	LDT_fix_text: autoDraw = False
135.1671 	EXP 	Device response: <KeyPress from None: t=135.1619467999999, value=a, duration=None>
135.1674 	EXP 	New trial (rep=0, index=90): <Trial 90 (90 in rep 0) data={'Task': 'LDT', 'TrialType': 'Target', 'Stimuli': 'beah', 'StimulusType': 'nonword', 'CorrectResponse': 'a', 'Trialnumb': 119, 'thisN': 90, 'thisTrialN': 90, 'thisRepN': 0}>
135.1752 	EXP 	LDT_fix_text: autoDraw = False
135.1752 	EXP 	LDT_stim_text: autoDraw = False
135.1752 	EXP 	LDT_break_text: autoDraw = False
135.1752 	EXP 	LDT_stim_text: height = np.float64(0.1)
135.1752 	EXP 	LDT_stim_text: height = np.float64(0.1)
135.1752 	EXP 	LDT_stim_text: height = np.float64(0.1)
135.1752 	EXP 	LDT_stim_text: text = 'beah'
135.1752 	EXP 	LDT_fix_text: autoDraw = True
135.1757 	DATA 	Keypress: a
135.3006 	EXP 	Device response: <KeyPress from None: t=135.1619467999999, value=a, duration=0.13589139999976396>
135.6590 	EXP 	LDT_stim_text: autoDraw = True
135.6674 	EXP 	LDT_fix_text: autoDraw = False
136.1349 	EXP 	Device response: <KeyPress from None: t=136.12960699999985, value=a, duration=None>
136.1352 	EXP 	New trial (rep=0, index=91): <Trial 91 (91 in rep 0) data={'Task': 'LDT', 'TrialType': 'Target', 'Stimuli': 'wass', 'StimulusType': 'nonword', 'CorrectResponse': 'a', 'Trialnumb': 215, 'thisN': 91, 'thisTrialN': 91, 'thisRepN': 0}>
136.1428 	EXP 	LDT_fix_text: autoDraw = False
136.1428 	EXP 	LDT_stim_text: autoDraw = False
136.1428 	EXP 	LDT_break_text: autoDraw = False
136.1428 	EXP 	LDT_stim_text: height = np.float64(0.1)
136.1428 	EXP 	LDT_stim_text: height = np.float64(0.1)
136.1428 	EXP 	LDT_stim_text: height = np.float64(0.1)
136.1428 	EXP 	LDT_stim_text: text = 'wass'
136.1428 	EXP 	LDT_fix_text: autoDraw = True
136.1435 	DATA 	Keypress: a
136.3183 	EXP 	Device response: <KeyPress from None: t=136.12960699999985, value=a, duration=0.18462090000002718>
136.6267 	EXP 	LDT_stim_text: autoDraw = True
136.6350 	EXP 	LDT_fix_text: autoDraw = False
137.2276 	EXP 	Device response: <KeyPress from None: t=137.2254011, value=a, duration=None>
137.2278 	EXP 	New trial (rep=0, index=92): <Trial 92 (92 in rep 0) data={'Task': 'LDT', 'TrialType': 'Target', 'Stimuli': 'virus', 'StimulusType': 'word', 'CorrectResponse': 'l', 'Trialnumb': 100, 'thisN': 92, 'thisTrialN': 92, 'thisRepN': 0}>
137.2357 	EXP 	LDT_fix_text: autoDraw = False
137.2357 	EXP 	LDT_stim_text: autoDraw = False
137.2357 	EXP 	LDT_break_text: autoDraw = False
137.2357 	EXP 	LDT_stim_text: height = np.float64(0.1)
137.2357 	EXP 	LDT_stim_text: height = np.float64(0.1)
137.2357 	EXP 	LDT_stim_text: height = np.float64(0.1)
137.2357 	EXP 	LDT_stim_text: text = 'virus'
137.2357 	EXP 	LDT_fix_text: autoDraw = True
137.2363 	DATA 	Keypress: a
137.3945 	EXP 	Device response: <KeyPress from None: t=137.2254011, value=a, duration=0.1686410999996042>
137.7194 	EXP 	LDT_stim_text: autoDraw = True
137.7278 	EXP 	LDT_fix_text: autoDraw = False
138.2870 	EXP 	Device response: <KeyPress from None: t=138.2821170999996, value=l, duration=None>
138.2873 	EXP 	New trial (rep=0, index=93): <Trial 93 (93 in rep 0) data={'Task': 'LDT', 'TrialType': 'Target', 'Stimuli': 'jite', 'StimulusType': 'nonword', 'CorrectResponse': 'a', 'Trialnumb': 160, 'thisN': 93, 'thisTrialN': 93, 'thisRepN': 0}>
138.2950 	EXP 	LDT_fix_text: autoDraw = False
138.2950 	EXP 	LDT_stim_text: autoDraw = False
138.2950 	EXP 	LDT_break_text: autoDraw = False
138.2950 	EXP 	LDT_stim_text: height = np.float64(0.1)
138.2950 	EXP 	LDT_stim_text: height = np.float64(0.1)
138.2950 	EXP 	LDT_stim_text: height = np.float64(0.1)
138.2950 	EXP 	LDT_stim_text: text = 'jite'
138.2950 	EXP 	LDT_fix_text: autoDraw = True
138.2955 	DATA 	Keypress: l
138.3454 	EXP 	Device response: <KeyPress from None: t=138.2821170999996, value=l, duration=0.055943000000297616>
138.7788 	EXP 	LDT_stim_text: autoDraw = True
138.7871 	EXP 	LDT_fix_text: autoDraw = False
139.1879 	EXP 	Device response: <KeyPress from None: t=139.1856085999998, value=a, duration=None>
139.1881 	EXP 	New trial (rep=0, index=94): <Trial 94 (94 in rep 0) data={'Task': 'LDT', 'TrialType': 'Target', 'Stimuli': 'herl', 'StimulusType': 'nonword', 'CorrectResponse': 'a', 'Trialnumb': 152, 'thisN': 94, 'thisTrialN': 94, 'thisRepN': 0}>
139.1959 	EXP 	LDT_fix_text: autoDraw = False
139.1959 	EXP 	LDT_stim_text: autoDraw = False
139.1959 	EXP 	LDT_break_text: autoDraw = False
139.1959 	EXP 	LDT_stim_text: height = np.float64(0.1)
139.1959 	EXP 	LDT_stim_text: height = np.float64(0.1)
139.1959 	EXP 	LDT_stim_text: height = np.float64(0.1)
139.1959 	EXP 	LDT_stim_text: text = 'herl'
139.1959 	EXP 	LDT_fix_text: autoDraw = True
139.1964 	DATA 	Keypress: a
139.3546 	EXP 	Device response: <KeyPress from None: t=139.1856085999998, value=a, duration=0.1606277000000773>
139.6797 	EXP 	LDT_stim_text: autoDraw = True
139.6881 	EXP 	LDT_fix_text: autoDraw = False
140.1641 	EXP 	Device response: <KeyPress from None: t=140.16174359999968, value=a, duration=None>
140.1643 	EXP 	New trial (rep=0, index=95): <Trial 95 (95 in rep 0) data={'Task': 'LDT', 'TrialType': 'Target', 'Stimuli': 'stop', 'StimulusType': 'word', 'CorrectResponse': 'l', 'Trialnumb': 44, 'thisN': 95, 'thisTrialN': 95, 'thisRepN': 0}>
140.1718 	EXP 	LDT_fix_text: autoDraw = False
140.1718 	EXP 	LDT_stim_text: autoDraw = False
140.1718 	EXP 	LDT_break_text: autoDraw = False
140.1718 	EXP 	LDT_stim_text: height = np.float64(0.1)
140.1718 	EXP 	LDT_stim_text: height = np.float64(0.1)
140.1718 	EXP 	LDT_stim_text: height = np.float64(0.1)
140.1718 	EXP 	LDT_stim_text: text = 'stop'
140.1718 	EXP 	LDT_fix_text: autoDraw = True
140.1724 	DATA 	Keypress: a
140.3056 	EXP 	Device response: <KeyPress from None: t=140.16174359999968, value=a, duration=0.13630640000019412>
140.6557 	EXP 	LDT_stim_text: autoDraw = True
140.6640 	EXP 	LDT_fix_text: autoDraw = False
141.1398 	EXP 	Device response: <KeyPress from None: t=141.13753899999983, value=l, duration=None>
141.1401 	EXP 	New trial (rep=0, index=96): <Trial 96 (96 in rep 0) data={'Task': 'LDT', 'TrialType': 'Target', 'Stimuli': 'end', 'StimulusType': 'word', 'CorrectResponse': 'l', 'Trialnumb': 33, 'thisN': 96, 'thisTrialN': 96, 'thisRepN': 0}>
141.1478 	EXP 	LDT_fix_text: autoDraw = False
141.1478 	EXP 	LDT_stim_text: autoDraw = False
141.1478 	EXP 	LDT_break_text: autoDraw = False
141.1478 	EXP 	LDT_stim_text: height = np.float64(0.1)
141.1478 	EXP 	LDT_stim_text: height = np.float64(0.1)
141.1478 	EXP 	LDT_stim_text: height = np.float64(0.1)
141.1478 	EXP 	LDT_stim_text: text = 'end'
141.1478 	EXP 	LDT_fix_text: autoDraw = True
141.1484 	DATA 	Keypress: l
141.2150 	EXP 	Device response: <KeyPress from None: t=141.13753899999983, value=l, duration=0.07210810000015044>
141.6316 	EXP 	LDT_stim_text: autoDraw = True
141.6400 	EXP 	LDT_fix_text: autoDraw = False
142.1991 	EXP 	Device response: <KeyPress from None: t=142.1941880999998, value=l, duration=None>
142.1994 	EXP 	New trial (rep=0, index=97): <Trial 97 (97 in rep 0) data={'Task': 'LDT', 'TrialType': 'Target', 'Stimuli': 'lay', 'StimulusType': 'word', 'CorrectResponse': 'l', 'Trialnumb': 71, 'thisN': 97, 'thisTrialN': 97, 'thisRepN': 0}>
142.2072 	EXP 	LDT_fix_text: autoDraw = False
142.2072 	EXP 	LDT_stim_text: autoDraw = False
142.2072 	EXP 	LDT_break_text: autoDraw = False
142.2072 	EXP 	LDT_stim_text: height = np.float64(0.1)
142.2072 	EXP 	LDT_stim_text: height = np.float64(0.1)
142.2072 	EXP 	LDT_stim_text: height = np.float64(0.1)
142.2072 	EXP 	LDT_stim_text: text = 'lay'
142.2072 	EXP 	LDT_fix_text: autoDraw = True
142.2078 	DATA 	Keypress: l
142.2743 	EXP 	Device response: <KeyPress from None: t=142.1941880999998, value=l, duration=0.07220349999988684>
142.6910 	EXP 	LDT_stim_text: autoDraw = True
142.6994 	EXP 	LDT_fix_text: autoDraw = False
143.1419 	EXP 	Device response: <KeyPress from None: t=143.13751569999977, value=a, duration=None>
143.1421 	EXP 	New trial (rep=0, index=98): <Trial 98 (98 in rep 0) data={'Task': 'LDT', 'TrialType': 'Target', 'Stimuli': 'still', 'StimulusType': 'word', 'CorrectResponse': 'l', 'Trialnumb': 14, 'thisN': 98, 'thisTrialN': 98, 'thisRepN': 0}>
143.1498 	EXP 	LDT_fix_text: autoDraw = False
143.1498 	EXP 	LDT_stim_text: autoDraw = False
143.1498 	EXP 	LDT_break_text: autoDraw = False
143.1498 	EXP 	LDT_stim_text: height = np.float64(0.1)
143.1498 	EXP 	LDT_stim_text: height = np.float64(0.1)
143.1498 	EXP 	LDT_stim_text: height = np.float64(0.1)
143.1498 	EXP 	LDT_stim_text: text = 'still'
143.1498 	EXP 	LDT_fix_text: autoDraw = True
143.1504 	DATA 	Keypress: a
143.2919 	EXP 	Device response: <KeyPress from None: t=143.13751569999977, value=a, duration=0.15256749999980457>
143.6337 	EXP 	LDT_stim_text: autoDraw = True
143.6420 	EXP 	LDT_fix_text: autoDraw = False
143.9843 	EXP 	Device response: <KeyPress from None: t=143.97776799999974, value=l, duration=None>
143.9846 	EXP 	New trial (rep=0, index=99): <Trial 99 (99 in rep 0) data={'Task': 'LDT', 'TrialType': 'Target', 'Stimuli': 'stort', 'StimulusType': 'nonword', 'CorrectResponse': 'a', 'Trialnumb': 201, 'thisN': 99, 'thisTrialN': 99, 'thisRepN': 0}>
143.9923 	EXP 	LDT_fix_text: autoDraw = False
143.9923 	EXP 	LDT_stim_text: autoDraw = False
143.9923 	EXP 	LDT_break_text: autoDraw = False
143.9923 	EXP 	LDT_stim_text: height = np.float64(0.1)
143.9923 	EXP 	LDT_stim_text: height = np.float64(0.1)
143.9923 	EXP 	LDT_stim_text: height = np.float64(0.1)
143.9923 	EXP 	LDT_stim_text: text = 'stort'
143.9923 	EXP 	LDT_fix_text: autoDraw = True
143.9928 	DATA 	Keypress: l
144.0260 	EXP 	Device response: <KeyPress from None: t=143.97776799999974, value=l, duration=0.048040600000149425>
144.4761 	EXP 	LDT_stim_text: autoDraw = True
144.4845 	EXP 	LDT_fix_text: autoDraw = False
145.1272 	EXP 	Device response: <KeyPress from None: t=145.12182379999967, value=a, duration=None>
145.1274 	EXP 	New trial (rep=0, index=100): <Trial 100 (100 in rep 0) data={'Task': 'LDT', 'TrialType': 'Target', 'Stimuli': 'pair', 'StimulusType': 'word', 'CorrectResponse': 'l', 'Trialnumb': 81, 'thisN': 100, 'thisTrialN': 100, 'thisRepN': 0}>
145.1351 	EXP 	LDT_fix_text: autoDraw = False
145.1351 	EXP 	LDT_stim_text: autoDraw = False
145.1351 	EXP 	LDT_break_text: autoDraw = False
145.1351 	EXP 	LDT_stim_text: height = np.float64(0.1)
145.1351 	EXP 	LDT_stim_text: height = np.float64(0.1)
145.1351 	EXP 	LDT_stim_text: height = np.float64(0.1)
145.1351 	EXP 	LDT_stim_text: text = 'pair'
145.1351 	EXP 	LDT_fix_text: autoDraw = True
145.1356 	DATA 	Keypress: a
145.3190 	EXP 	Device response: <KeyPress from None: t=145.12182379999967, value=a, duration=0.1924444000001131>
145.6189 	EXP 	LDT_stim_text: autoDraw = True
145.6273 	EXP 	LDT_fix_text: autoDraw = False
146.0864 	EXP 	Device response: <KeyPress from None: t=146.0816861999997, value=l, duration=None>
146.0867 	EXP 	New trial (rep=0, index=101): <Trial 101 (101 in rep 0) data={'Task': 'LDT', 'TrialType': 'Target', 'Stimuli': 'kild', 'StimulusType': 'nonword', 'CorrectResponse': 'a', 'Trialnumb': 165, 'thisN': 101, 'thisTrialN': 101, 'thisRepN': 0}>
146.0944 	EXP 	LDT_fix_text: autoDraw = False
146.0944 	EXP 	LDT_stim_text: autoDraw = False
146.0944 	EXP 	LDT_break_text: autoDraw = False
146.0944 	EXP 	LDT_stim_text: height = np.float64(0.1)
146.0944 	EXP 	LDT_stim_text: height = np.float64(0.1)
146.0944 	EXP 	LDT_stim_text: height = np.float64(0.1)
146.0944 	EXP 	LDT_stim_text: text = 'kild'
146.0944 	EXP 	LDT_fix_text: autoDraw = True
146.0950 	DATA 	Keypress: l
146.2032 	EXP 	Device response: <KeyPress from None: t=146.0816861999997, value=l, duration=0.12016089999997348>
146.5782 	EXP 	LDT_stim_text: autoDraw = True
146.5866 	EXP 	LDT_fix_text: autoDraw = False
147.2459 	EXP 	Device response: <KeyPress from None: t=147.2417304999999, value=a, duration=None>
147.2461 	EXP 	New trial (rep=0, index=102): <Trial 102 (102 in rep 0) data={'Task': 'LDT', 'TrialType': 'Target', 'Stimuli': 'serve', 'StimulusType': 'word', 'CorrectResponse': 'l', 'Trialnumb': 80, 'thisN': 102, 'thisTrialN': 102, 'thisRepN': 0}>
147.2540 	EXP 	LDT_fix_text: autoDraw = False
147.2540 	EXP 	LDT_stim_text: autoDraw = False
147.2540 	EXP 	LDT_break_text: autoDraw = False
147.2540 	EXP 	LDT_stim_text: height = np.float64(0.1)
147.2540 	EXP 	LDT_stim_text: height = np.float64(0.1)
147.2540 	EXP 	LDT_stim_text: height = np.float64(0.1)
147.2540 	EXP 	LDT_stim_text: text = 'serve'
147.2540 	EXP 	LDT_fix_text: autoDraw = True
147.2544 	DATA 	Keypress: a
147.4127 	EXP 	Device response: <KeyPress from None: t=147.2417304999999, value=a, duration=0.1684130999997251>
147.7377 	EXP 	LDT_stim_text: autoDraw = True
147.7461 	EXP 	LDT_fix_text: autoDraw = False
148.2054 	EXP 	Device response: <KeyPress from None: t=148.20161129999997, value=l, duration=None>
148.2057 	EXP 	New trial (rep=0, index=103): <Trial 103 (103 in rep 0) data={'Task': 'LDT', 'TrialType': 'Target', 'Stimuli': 'space', 'StimulusType': 'word', 'CorrectResponse': 'l', 'Trialnumb': 30, 'thisN': 103, 'thisTrialN': 103, 'thisRepN': 0}>
148.2132 	EXP 	LDT_fix_text: autoDraw = False
148.2132 	EXP 	LDT_stim_text: autoDraw = False
148.2132 	EXP 	LDT_break_text: autoDraw = False
148.2132 	EXP 	LDT_stim_text: height = np.float64(0.1)
148.2132 	EXP 	LDT_stim_text: height = np.float64(0.1)
148.2132 	EXP 	LDT_stim_text: height = np.float64(0.1)
148.2132 	EXP 	LDT_stim_text: text = 'space'
148.2132 	EXP 	LDT_fix_text: autoDraw = True
148.2137 	DATA 	Keypress: l
148.2636 	EXP 	Device response: <KeyPress from None: t=148.20161129999997, value=l, duration=0.05688389999977517>
148.6970 	EXP 	LDT_stim_text: autoDraw = True
148.7054 	EXP 	LDT_fix_text: autoDraw = False
149.0894 	EXP 	Device response: <KeyPress from None: t=149.0816877999996, value=l, duration=None>
149.0896 	EXP 	New trial (rep=0, index=104): <Trial 104 (104 in rep 0) data={'Task': 'LDT', 'TrialType': 'Target', 'Stimuli': 'trin', 'StimulusType': 'nonword', 'CorrectResponse': 'a', 'Trialnumb': 207, 'thisN': 104, 'thisTrialN': 104, 'thisRepN': 0}>
149.0974 	EXP 	LDT_fix_text: autoDraw = False
149.0974 	EXP 	LDT_stim_text: autoDraw = False
149.0974 	EXP 	LDT_break_text: autoDraw = False
149.0974 	EXP 	LDT_stim_text: height = np.float64(0.1)
149.0974 	EXP 	LDT_stim_text: height = np.float64(0.1)
149.0974 	EXP 	LDT_stim_text: height = np.float64(0.1)
149.0974 	EXP 	LDT_stim_text: text = 'trin'
149.0974 	EXP 	LDT_fix_text: autoDraw = True
149.0980 	DATA 	Keypress: l
149.1729 	EXP 	Device response: <KeyPress from None: t=149.0816877999996, value=l, duration=0.08835120000003371>
149.5813 	EXP 	LDT_stim_text: autoDraw = True
149.5896 	EXP 	LDT_fix_text: autoDraw = False
150.1321 	EXP 	Device response: <KeyPress from None: t=150.13010259999965, value=a, duration=None>
150.1323 	EXP 	New trial (rep=0, index=105): <Trial 105 (105 in rep 0) data={'Task': 'LDT', 'TrialType': 'Target', 'Stimuli': 'rorn', 'StimulusType': 'nonword', 'CorrectResponse': 'a', 'Trialnumb': 185, 'thisN': 105, 'thisTrialN': 105, 'thisRepN': 0}>
150.1401 	EXP 	LDT_fix_text: autoDraw = False
150.1401 	EXP 	LDT_stim_text: autoDraw = False
150.1401 	EXP 	LDT_break_text: autoDraw = False
150.1401 	EXP 	LDT_stim_text: height = np.float64(0.1)
150.1401 	EXP 	LDT_stim_text: height = np.float64(0.1)
150.1401 	EXP 	LDT_stim_text: height = np.float64(0.1)
150.1401 	EXP 	LDT_stim_text: text = 'rorn'
150.1401 	EXP 	LDT_fix_text: autoDraw = True
150.1407 	DATA 	Keypress: a
150.2322 	EXP 	Device response: <KeyPress from None: t=150.13010259999965, value=a, duration=0.0955418000003192>
150.6239 	EXP 	LDT_stim_text: autoDraw = True
150.6323 	EXP 	LDT_fix_text: autoDraw = False
151.2165 	EXP 	Device response: <KeyPress from None: t=151.20994009999959, value=a, duration=None>
151.2168 	EXP 	New trial (rep=0, index=106): <Trial 106 (106 in rep 0) data={'Task': 'LDT', 'TrialType': 'Target', 'Stimuli': 'reach', 'StimulusType': 'word', 'CorrectResponse': 'l', 'Trialnumb': 72, 'thisN': 106, 'thisTrialN': 106, 'thisRepN': 0}>
151.2245 	EXP 	LDT_fix_text: autoDraw = False
151.2245 	EXP 	LDT_stim_text: autoDraw = False
151.2245 	EXP 	LDT_break_text: autoDraw = False
151.2245 	EXP 	LDT_stim_text: height = np.float64(0.1)
151.2245 	EXP 	LDT_stim_text: height = np.float64(0.1)
151.2245 	EXP 	LDT_stim_text: height = np.float64(0.1)
151.2245 	EXP 	LDT_stim_text: text = 'reach'
151.2245 	EXP 	LDT_fix_text: autoDraw = True
151.2251 	DATA 	Keypress: a
151.3917 	EXP 	Device response: <KeyPress from None: t=151.20994009999959, value=a, duration=0.17650640000010753>
151.7084 	EXP 	LDT_stim_text: autoDraw = True
151.7167 	EXP 	LDT_fix_text: autoDraw = False
152.3175 	EXP 	Device response: <KeyPress from None: t=152.31427469999971, value=a, duration=None>
152.3178 	EXP 	New trial (rep=0, index=107): <Trial 107 (107 in rep 0) data={'Task': 'LDT', 'TrialType': 'Target', 'Stimuli': 'mutch', 'StimulusType': 'nonword', 'CorrectResponse': 'a', 'Trialnumb': 175, 'thisN': 107, 'thisTrialN': 107, 'thisRepN': 0}>
152.3257 	EXP 	LDT_fix_text: autoDraw = False
152.3257 	EXP 	LDT_stim_text: autoDraw = False
152.3257 	EXP 	LDT_break_text: autoDraw = False
152.3257 	EXP 	LDT_stim_text: height = np.float64(0.1)
152.3257 	EXP 	LDT_stim_text: height = np.float64(0.1)
152.3257 	EXP 	LDT_stim_text: height = np.float64(0.1)
152.3257 	EXP 	LDT_stim_text: text = 'mutch'
152.3257 	EXP 	LDT_fix_text: autoDraw = True
152.3263 	DATA 	Keypress: a
152.4510 	EXP 	Device response: <KeyPress from None: t=152.31427469999971, value=a, duration=0.135855100000299>
152.8094 	EXP 	LDT_stim_text: autoDraw = True
152.8178 	EXP 	LDT_fix_text: autoDraw = False
153.2268 	EXP 	Device response: <KeyPress from None: t=153.21862909999982, value=a, duration=None>
153.2270 	EXP 	New trial (rep=0, index=108): <Trial 108 (108 in rep 0) data={'Task': 'LDT', 'TrialType': 'Target', 'Stimuli': 'spag', 'StimulusType': 'nonword', 'CorrectResponse': 'a', 'Trialnumb': 197, 'thisN': 108, 'thisTrialN': 108, 'thisRepN': 0}>
153.2285 	DATA 	Keypress: a
153.2348 	EXP 	LDT_fix_text: autoDraw = False
153.2348 	EXP 	LDT_stim_text: autoDraw = False
153.2348 	EXP 	LDT_break_text: autoDraw = False
153.2348 	EXP 	LDT_stim_text: height = np.float64(0.1)
153.2348 	EXP 	LDT_stim_text: height = np.float64(0.1)
153.2348 	EXP 	LDT_stim_text: height = np.float64(0.1)
153.2348 	EXP 	LDT_stim_text: text = 'spag'
153.2348 	EXP 	LDT_fix_text: autoDraw = True
153.3853 	EXP 	Device response: <KeyPress from None: t=153.21862909999982, value=a, duration=0.15931360000013228>
153.7187 	EXP 	LDT_stim_text: autoDraw = True
153.7271 	EXP 	LDT_fix_text: autoDraw = False
154.1528 	EXP 	Device response: <KeyPress from None: t=154.14575019999984, value=a, duration=None>
154.1530 	EXP 	New trial (rep=0, index=109): <Trial 109 (109 in rep 0) data={'Task': 'LDT', 'TrialType': 'Target', 'Stimuli': 'vink', 'StimulusType': 'nonword', 'CorrectResponse': 'a', 'Trialnumb': 212, 'thisN': 109, 'thisTrialN': 109, 'thisRepN': 0}>
154.1608 	EXP 	LDT_fix_text: autoDraw = False
154.1608 	EXP 	LDT_stim_text: autoDraw = False
154.1608 	EXP 	LDT_break_text: autoDraw = False
154.1608 	EXP 	LDT_stim_text: height = np.float64(0.1)
154.1608 	EXP 	LDT_stim_text: height = np.float64(0.1)
154.1608 	EXP 	LDT_stim_text: height = np.float64(0.1)
154.1608 	EXP 	LDT_stim_text: text = 'vink'
154.1608 	EXP 	LDT_fix_text: autoDraw = True
154.1613 	DATA 	Keypress: a
154.2028 	EXP 	Device response: <KeyPress from None: t=154.14575019999984, value=a, duration=0.05583919999980935>
154.6446 	EXP 	LDT_stim_text: autoDraw = True
154.6529 	EXP 	LDT_fix_text: autoDraw = False
155.1540 	EXP 	Device response: <KeyPress from None: t=155.14569529999972, value=a, duration=None>
155.1543 	EXP 	New trial (rep=0, index=110): <Trial 110 (110 in rep 0) data={'Task': 'LDT', 'TrialType': 'Target', 'Stimuli': 'ient', 'StimulusType': 'nonword', 'CorrectResponse': 'a', 'Trialnumb': 157, 'thisN': 110, 'thisTrialN': 110, 'thisRepN': 0}>
155.1558 	DATA 	Keypress: a
155.1618 	EXP 	LDT_fix_text: autoDraw = False
155.1618 	EXP 	LDT_stim_text: autoDraw = False
155.1618 	EXP 	LDT_break_text: autoDraw = False
155.1618 	EXP 	LDT_stim_text: height = np.float64(0.1)
155.1618 	EXP 	LDT_stim_text: height = np.float64(0.1)
155.1618 	EXP 	LDT_stim_text: height = np.float64(0.1)
155.1618 	EXP 	LDT_stim_text: text = 'ient'
155.1618 	EXP 	LDT_fix_text: autoDraw = True
155.2622 	EXP 	Device response: <KeyPress from None: t=155.14569529999972, value=a, duration=0.11191629999984798>
155.6456 	EXP 	LDT_stim_text: autoDraw = True
155.6540 	EXP 	LDT_fix_text: autoDraw = False
156.2383 	EXP 	Device response: <KeyPress from None: t=156.23419719999993, value=a, duration=None>
156.2385 	EXP 	New trial (rep=0, index=111): <Trial 111 (111 in rep 0) data={'Task': 'LDT', 'TrialType': 'Target', 'Stimuli': 'vead', 'StimulusType': 'nonword', 'CorrectResponse': 'a', 'Trialnumb': 210, 'thisN': 111, 'thisTrialN': 111, 'thisRepN': 0}>
156.2462 	EXP 	LDT_fix_text: autoDraw = False
156.2462 	EXP 	LDT_stim_text: autoDraw = False
156.2462 	EXP 	LDT_break_text: autoDraw = False
156.2462 	EXP 	LDT_stim_text: height = np.float64(0.1)
156.2462 	EXP 	LDT_stim_text: height = np.float64(0.1)
156.2462 	EXP 	LDT_stim_text: height = np.float64(0.1)
156.2462 	EXP 	LDT_stim_text: text = 'vead'
156.2462 	EXP 	LDT_fix_text: autoDraw = True
156.2468 	DATA 	Keypress: a
156.3633 	EXP 	Device response: <KeyPress from None: t=156.23419719999993, value=a, duration=0.12757209999972474>
156.7300 	EXP 	LDT_stim_text: autoDraw = True
156.7383 	EXP 	LDT_fix_text: autoDraw = False
157.2141 	EXP 	Device response: <KeyPress from None: t=157.21056, value=a, duration=None>
157.2144 	EXP 	New trial (rep=0, index=112): <Trial 112 (112 in rep 0) data={'Task': 'LDT', 'TrialType': 'Target', 'Stimuli': 'toas', 'StimulusType': 'nonword', 'CorrectResponse': 'a', 'Trialnumb': 203, 'thisN': 112, 'thisTrialN': 112, 'thisRepN': 0}>
157.2222 	EXP 	LDT_fix_text: autoDraw = False
157.2222 	EXP 	LDT_stim_text: autoDraw = False
157.2222 	EXP 	LDT_break_text: autoDraw = False
157.2222 	EXP 	LDT_stim_text: height = np.float64(0.1)
157.2222 	EXP 	LDT_stim_text: height = np.float64(0.1)
157.2222 	EXP 	LDT_stim_text: height = np.float64(0.1)
157.2222 	EXP 	LDT_stim_text: text = 'toas'
157.2222 	EXP 	LDT_fix_text: autoDraw = True
157.2227 	DATA 	Keypress: a
157.3309 	EXP 	Device response: <KeyPress from None: t=157.21056, value=a, duration=0.11937959999977465>
157.7060 	EXP 	LDT_stim_text: autoDraw = True
157.7143 	EXP 	LDT_fix_text: autoDraw = False
158.2819 	EXP 	Device response: <KeyPress from None: t=158.2735991999998, value=a, duration=None>
158.2821 	EXP 	New trial (rep=0, index=113): <Trial 113 (113 in rep 0) data={'Task': 'LDT', 'TrialType': 'Target', 'Stimuli': 'wake', 'StimulusType': 'word', 'CorrectResponse': 'l', 'Trialnumb': 63, 'thisN': 113, 'thisTrialN': 113, 'thisRepN': 0}>
158.2834 	DATA 	Keypress: a
158.2899 	EXP 	LDT_fix_text: autoDraw = False
158.2899 	EXP 	LDT_stim_text: autoDraw = False
158.2899 	EXP 	LDT_break_text: autoDraw = False
158.2899 	EXP 	LDT_stim_text: height = np.float64(0.1)
158.2899 	EXP 	LDT_stim_text: height = np.float64(0.1)
158.2899 	EXP 	LDT_stim_text: height = np.float64(0.1)
158.2899 	EXP 	LDT_stim_text: text = 'wake'
158.2899 	EXP 	LDT_fix_text: autoDraw = True
158.3990 	EXP 	Device response: <KeyPress from None: t=158.2735991999998, value=a, duration=0.12047590000020136>
158.7739 	EXP 	LDT_stim_text: autoDraw = True
158.7821 	EXP 	LDT_fix_text: autoDraw = False
159.6249 	EXP 	Device response: <KeyPress from None: t=159.61760529999992, value=l, duration=None>
159.6252 	EXP 	New trial (rep=0, index=114): <Trial 114 (114 in rep 0) data={'Task': 'LDT', 'TrialType': 'Target', 'Stimuli': 'loil', 'StimulusType': 'nonword', 'CorrectResponse': 'a', 'Trialnumb': 170, 'thisN': 114, 'thisTrialN': 114, 'thisRepN': 0}>
159.6329 	EXP 	LDT_fix_text: autoDraw = False
159.6329 	EXP 	LDT_stim_text: autoDraw = False
159.6329 	EXP 	LDT_break_text: autoDraw = False
159.6329 	EXP 	LDT_stim_text: height = np.float64(0.1)
159.6329 	EXP 	LDT_stim_text: height = np.float64(0.1)
159.6329 	EXP 	LDT_stim_text: height = np.float64(0.1)
159.6329 	EXP 	LDT_stim_text: text = 'loil'
159.6329 	EXP 	LDT_fix_text: autoDraw = True
159.6335 	DATA 	Keypress: l
159.7167 	EXP 	Device response: <KeyPress from None: t=159.61760529999992, value=l, duration=0.09596019999980854>
160.1167 	EXP 	LDT_stim_text: autoDraw = True
160.1250 	EXP 	LDT_fix_text: autoDraw = False
160.6510 	EXP 	Device response: <KeyPress from None: t=160.6493800999997, value=a, duration=None>
160.6512 	EXP 	New trial (rep=0, index=115): <Trial 115 (115 in rep 0) data={'Task': 'LDT', 'TrialType': 'Target', 'Stimuli': 'flat', 'StimulusType': 'word', 'CorrectResponse': 'l', 'Trialnumb': 92, 'thisN': 115, 'thisTrialN': 115, 'thisRepN': 0}>
160.6589 	EXP 	LDT_fix_text: autoDraw = False
160.6589 	EXP 	LDT_stim_text: autoDraw = False
160.6589 	EXP 	LDT_break_text: autoDraw = False
160.6589 	EXP 	LDT_stim_text: height = np.float64(0.1)
160.6589 	EXP 	LDT_stim_text: height = np.float64(0.1)
160.6589 	EXP 	LDT_stim_text: height = np.float64(0.1)
160.6589 	EXP 	LDT_stim_text: text = 'flat'
160.6589 	EXP 	LDT_fix_text: autoDraw = True
160.6595 	DATA 	Keypress: a
160.7760 	EXP 	Device response: <KeyPress from None: t=160.6493800999997, value=a, duration=0.1214468000002853>
161.1427 	EXP 	LDT_stim_text: autoDraw = True
161.1511 	EXP 	LDT_fix_text: autoDraw = False
162.0940 	EXP 	Device response: <KeyPress from None: t=162.08945719999974, value=l, duration=None>
162.0942 	EXP 	New trial (rep=0, index=116): <Trial 116 (116 in rep 0) data={'Task': 'LDT', 'TrialType': 'Target', 'Stimuli': 'left', 'StimulusType': 'word', 'CorrectResponse': 'l', 'Trialnumb': 27, 'thisN': 116, 'thisTrialN': 116, 'thisRepN': 0}>
162.1020 	EXP 	LDT_fix_text: autoDraw = False
162.1020 	EXP 	LDT_stim_text: autoDraw = False
162.1020 	EXP 	LDT_break_text: autoDraw = False
162.1020 	EXP 	LDT_stim_text: height = np.float64(0.1)
162.1020 	EXP 	LDT_stim_text: height = np.float64(0.1)
162.1020 	EXP 	LDT_stim_text: height = np.float64(0.1)
162.1020 	EXP 	LDT_stim_text: text = 'left'
162.1020 	EXP 	LDT_fix_text: autoDraw = True
162.1026 	DATA 	Keypress: l
162.2025 	EXP 	Device response: <KeyPress from None: t=162.08945719999974, value=l, duration=0.11282690000007278>
162.5858 	EXP 	LDT_stim_text: autoDraw = True
162.5942 	EXP 	LDT_fix_text: autoDraw = False
163.1116 	EXP 	Device response: <KeyPress from None: t=163.1063408, value=l, duration=None>
163.1118 	EXP 	New trial (rep=0, index=117): <Trial 117 (117 in rep 0) data={'Task': 'LDT', 'TrialType': 'Target', 'Stimuli': 'spy', 'StimulusType': 'word', 'CorrectResponse': 'l', 'Trialnumb': 99, 'thisN': 117, 'thisTrialN': 117, 'thisRepN': 0}>
163.1197 	EXP 	LDT_fix_text: autoDraw = False
163.1197 	EXP 	LDT_stim_text: autoDraw = False
163.1197 	EXP 	LDT_break_text: autoDraw = False
163.1197 	EXP 	LDT_stim_text: height = np.float64(0.1)
163.1197 	EXP 	LDT_stim_text: height = np.float64(0.1)
163.1197 	EXP 	LDT_stim_text: height = np.float64(0.1)
163.1197 	EXP 	LDT_stim_text: text = 'spy'
163.1197 	EXP 	LDT_fix_text: autoDraw = True
163.1202 	DATA 	Keypress: l
163.1952 	EXP 	Device response: <KeyPress from None: t=163.1063408, value=l, duration=0.08849959999997736>
163.6035 	EXP 	LDT_stim_text: autoDraw = True
163.6118 	EXP 	LDT_fix_text: autoDraw = False
164.1043 	EXP 	Device response: <KeyPress from None: t=164.09769599999981, value=a, duration=None>
164.1046 	EXP 	New trial (rep=0, index=118): <Trial 118 (118 in rep 0) data={'Task': 'LDT', 'TrialType': 'Target', 'Stimuli': 'gips', 'StimulusType': 'nonword', 'CorrectResponse': 'a', 'Trialnumb': 147, 'thisN': 118, 'thisTrialN': 118, 'thisRepN': 0}>
164.1123 	EXP 	LDT_fix_text: autoDraw = False
164.1123 	EXP 	LDT_stim_text: autoDraw = False
164.1123 	EXP 	LDT_break_text: autoDraw = False
164.1123 	EXP 	LDT_stim_text: height = np.float64(0.1)
164.1123 	EXP 	LDT_stim_text: height = np.float64(0.1)
164.1123 	EXP 	LDT_stim_text: height = np.float64(0.1)
164.1123 	EXP 	LDT_stim_text: text = 'gips'
164.1123 	EXP 	LDT_fix_text: autoDraw = True
164.1129 	DATA 	Keypress: a
164.1710 	EXP 	Device response: <KeyPress from None: t=164.09769599999981, value=a, duration=0.07166860000006636>
164.5962 	EXP 	LDT_stim_text: autoDraw = True
164.6045 	EXP 	LDT_fix_text: autoDraw = False
165.3306 	EXP 	Device response: <KeyPress from None: t=165.32998729999963, value=a, duration=None>
165.3309 	EXP 	New trial (rep=0, index=119): <Trial 119 (119 in rep 0) data={'Task': 'LDT', 'TrialType': 'Target', 'Stimuli': 'man', 'StimulusType': 'word', 'CorrectResponse': 'l', 'Trialnumb': 12, 'thisN': 119, 'thisTrialN': 119, 'thisRepN': 0}>
165.3386 	EXP 	LDT_fix_text: autoDraw = False
165.3386 	EXP 	LDT_stim_text: autoDraw = False
165.3386 	EXP 	LDT_break_text: autoDraw = False
165.3386 	EXP 	LDT_stim_text: height = np.float64(0.1)
165.3386 	EXP 	LDT_stim_text: height = np.float64(0.1)
165.3386 	EXP 	LDT_stim_text: height = np.float64(0.1)
165.3386 	EXP 	LDT_stim_text: text = 'man'
165.3386 	EXP 	LDT_fix_text: autoDraw = True
165.3391 	DATA 	Keypress: a
165.4057 	EXP 	Device response: <KeyPress from None: t=165.32998729999963, value=a, duration=0.07200779999993756>
165.8224 	EXP 	LDT_stim_text: autoDraw = True
165.8307 	EXP 	LDT_fix_text: autoDraw = False
166.2898 	EXP 	Device response: <KeyPress from None: t=166.2825773999998, value=l, duration=None>
166.2979 	EXP 	LDT_fix_text: autoDraw = False
166.2979 	EXP 	LDT_stim_text: autoDraw = False
166.2979 	EXP 	LDT_break_text: autoDraw = True
166.2985 	DATA 	Keypress: l
166.3648 	EXP 	Device response: <KeyPress from None: t=166.2825773999998, value=l, duration=0.0791164000002027>
167.4076 	EXP 	Device response: <KeyPress from None: t=167.4022004999997, value=space, duration=None>
167.4078 	EXP 	New trial (rep=0, index=120): <Trial 120 (120 in rep 0) data={'Task': 'LDT', 'TrialType': 'Target', 'Stimuli': 'cean', 'StimulusType': 'nonword', 'CorrectResponse': 'a', 'Trialnumb': 126, 'thisN': 120, 'thisTrialN': 120, 'thisRepN': 0}>
167.4156 	EXP 	LDT_break_text: autoDraw = False
167.4156 	EXP 	LDT_stim_text: height = np.float64(0.1)
167.4156 	EXP 	LDT_stim_text: height = np.float64(0.1)
167.4156 	EXP 	LDT_stim_text: height = np.float64(0.1)
167.4156 	EXP 	LDT_stim_text: text = 'cean'
167.4156 	EXP 	LDT_fix_text: autoDraw = True
167.4162 	DATA 	Keypress: space
167.5160 	EXP 	Device response: <KeyPress from None: t=167.4022004999997, value=space, duration=0.11142479999989519>
167.8995 	EXP 	LDT_stim_text: autoDraw = True
167.9078 	EXP 	LDT_fix_text: autoDraw = False
168.4587 	EXP 	Device response: <KeyPress from None: t=168.45819679999977, value=a, duration=None>
168.4590 	EXP 	New trial (rep=0, index=121): <Trial 121 (121 in rep 0) data={'Task': 'LDT', 'TrialType': 'Target', 'Stimuli': 'pick', 'StimulusType': 'word', 'CorrectResponse': 'l', 'Trialnumb': 58, 'thisN': 121, 'thisTrialN': 121, 'thisRepN': 0}>
168.4667 	EXP 	LDT_fix_text: autoDraw = False
168.4667 	EXP 	LDT_stim_text: autoDraw = False
168.4667 	EXP 	LDT_break_text: autoDraw = False
168.4667 	EXP 	LDT_stim_text: height = np.float64(0.1)
168.4667 	EXP 	LDT_stim_text: height = np.float64(0.1)
168.4667 	EXP 	LDT_stim_text: height = np.float64(0.1)
168.4667 	EXP 	LDT_stim_text: text = 'pick'
168.4667 	EXP 	LDT_fix_text: autoDraw = True
168.4671 	DATA 	Keypress: a
168.6004 	EXP 	Device response: <KeyPress from None: t=168.45819679999977, value=a, duration=0.13670180000008259>
168.9506 	EXP 	LDT_stim_text: autoDraw = True
168.9589 	EXP 	LDT_fix_text: autoDraw = False
169.4012 	EXP 	Device response: <KeyPress from None: t=169.39368139999988, value=l, duration=None>
169.4015 	EXP 	New trial (rep=0, index=122): <Trial 122 (122 in rep 0) data={'Task': 'LDT', 'TrialType': 'Target', 'Stimuli': 'kear', 'StimulusType': 'nonword', 'CorrectResponse': 'a', 'Trialnumb': 163, 'thisN': 122, 'thisTrialN': 122, 'thisRepN': 0}>
169.4094 	EXP 	LDT_fix_text: autoDraw = False
169.4094 	EXP 	LDT_stim_text: autoDraw = False
169.4094 	EXP 	LDT_break_text: autoDraw = False
169.4094 	EXP 	LDT_stim_text: height = np.float64(0.1)
169.4094 	EXP 	LDT_stim_text: height = np.float64(0.1)
169.4094 	EXP 	LDT_stim_text: height = np.float64(0.1)
169.4094 	EXP 	LDT_stim_text: text = 'kear'
169.4094 	EXP 	LDT_fix_text: autoDraw = True
169.4099 	DATA 	Keypress: l
169.5347 	EXP 	Device response: <KeyPress from None: t=169.39368139999988, value=l, duration=0.135729099999935>
169.8931 	EXP 	LDT_stim_text: autoDraw = True
169.9015 	EXP 	LDT_fix_text: autoDraw = False
170.3940 	EXP 	Device response: <KeyPress from None: t=170.3936859999999, value=a, duration=None>
170.3942 	EXP 	New trial (rep=0, index=123): <Trial 123 (123 in rep 0) data={'Task': 'LDT', 'TrialType': 'Target', 'Stimuli': 'loje', 'StimulusType': 'nonword', 'CorrectResponse': 'a', 'Trialnumb': 171, 'thisN': 123, 'thisTrialN': 123, 'thisRepN': 0}>
170.4020 	EXP 	LDT_fix_text: autoDraw = False
170.4020 	EXP 	LDT_stim_text: autoDraw = False
170.4020 	EXP 	LDT_break_text: autoDraw = False
170.4020 	EXP 	LDT_stim_text: height = np.float64(0.1)
170.4020 	EXP 	LDT_stim_text: height = np.float64(0.1)
170.4020 	EXP 	LDT_stim_text: height = np.float64(0.1)
170.4020 	EXP 	LDT_stim_text: text = 'loje'
170.4020 	EXP 	LDT_fix_text: autoDraw = True
170.4026 	DATA 	Keypress: a
170.5107 	EXP 	Device response: <KeyPress from None: t=170.3936859999999, value=a, duration=0.11212119999981951>
170.8858 	EXP 	LDT_stim_text: autoDraw = True
170.8942 	EXP 	LDT_fix_text: autoDraw = False
171.5034 	EXP 	Device response: <KeyPress from None: t=171.49744949999968, value=a, duration=None>
171.5036 	EXP 	New trial (rep=0, index=124): <Trial 124 (124 in rep 0) data={'Task': 'LDT', 'TrialType': 'Target', 'Stimuli': 'job', 'StimulusType': 'word', 'CorrectResponse': 'l', 'Trialnumb': 26, 'thisN': 124, 'thisTrialN': 124, 'thisRepN': 0}>
171.5114 	EXP 	LDT_fix_text: autoDraw = False
171.5114 	EXP 	LDT_stim_text: autoDraw = False
171.5114 	EXP 	LDT_break_text: autoDraw = False
171.5114 	EXP 	LDT_stim_text: height = np.float64(0.1)
171.5114 	EXP 	LDT_stim_text: height = np.float64(0.1)
171.5114 	EXP 	LDT_stim_text: height = np.float64(0.1)
171.5114 	EXP 	LDT_stim_text: text = 'job'
171.5114 	EXP 	LDT_fix_text: autoDraw = True
171.5121 	DATA 	Keypress: a
171.6369 	EXP 	Device response: <KeyPress from None: t=171.49744949999968, value=a, duration=0.1369644999999764>
171.9952 	EXP 	LDT_stim_text: autoDraw = True
172.0035 	EXP 	LDT_fix_text: autoDraw = False
172.4628 	EXP 	Device response: <KeyPress from None: t=172.4574287999999, value=l, duration=None>
172.4631 	EXP 	New trial (rep=0, index=125): <Trial 125 (125 in rep 0) data={'Task': 'LDT', 'TrialType': 'Target', 'Stimuli': 'spin', 'StimulusType': 'word', 'CorrectResponse': 'l', 'Trialnumb': 107, 'thisN': 125, 'thisTrialN': 125, 'thisRepN': 0}>
172.4708 	EXP 	LDT_fix_text: autoDraw = False
172.4708 	EXP 	LDT_stim_text: autoDraw = False
172.4708 	EXP 	LDT_break_text: autoDraw = False
172.4708 	EXP 	LDT_stim_text: height = np.float64(0.1)
172.4708 	EXP 	LDT_stim_text: height = np.float64(0.1)
172.4708 	EXP 	LDT_stim_text: height = np.float64(0.1)
172.4708 	EXP 	LDT_stim_text: text = 'spin'
172.4708 	EXP 	LDT_fix_text: autoDraw = True
172.4712 	DATA 	Keypress: l
172.5544 	EXP 	Device response: <KeyPress from None: t=172.4574287999999, value=l, duration=0.09594229999993331>
172.9545 	EXP 	LDT_stim_text: autoDraw = True
172.9629 	EXP 	LDT_fix_text: autoDraw = False
173.4136 	EXP 	Device response: <KeyPress from None: t=173.41006899999957, value=l, duration=None>
173.4138 	EXP 	New trial (rep=0, index=126): <Trial 126 (126 in rep 0) data={'Task': 'LDT', 'TrialType': 'Target', 'Stimuli': 'gied', 'StimulusType': 'nonword', 'CorrectResponse': 'a', 'Trialnumb': 146, 'thisN': 126, 'thisTrialN': 126, 'thisRepN': 0}>
173.4216 	EXP 	LDT_fix_text: autoDraw = False
173.4216 	EXP 	LDT_stim_text: autoDraw = False
173.4216 	EXP 	LDT_break_text: autoDraw = False
173.4216 	EXP 	LDT_stim_text: height = np.float64(0.1)
173.4216 	EXP 	LDT_stim_text: height = np.float64(0.1)
173.4216 	EXP 	LDT_stim_text: height = np.float64(0.1)
173.4216 	EXP 	LDT_stim_text: text = 'gied'
173.4216 	EXP 	LDT_fix_text: autoDraw = True
173.4222 	DATA 	Keypress: l
173.4803 	EXP 	Device response: <KeyPress from None: t=173.41006899999957, value=l, duration=0.06408810000039011>
173.9055 	EXP 	LDT_stim_text: autoDraw = True
173.9138 	EXP 	LDT_fix_text: autoDraw = False
174.7566 	EXP 	Device response: <KeyPress from None: t=174.75407229999973, value=a, duration=None>
174.7569 	EXP 	New trial (rep=0, index=127): <Trial 127 (127 in rep 0) data={'Task': 'LDT', 'TrialType': 'Target', 'Stimuli': 'nind', 'StimulusType': 'nonword', 'CorrectResponse': 'a', 'Trialnumb': 177, 'thisN': 127, 'thisTrialN': 127, 'thisRepN': 0}>
174.7646 	EXP 	LDT_fix_text: autoDraw = False
174.7646 	EXP 	LDT_stim_text: autoDraw = False
174.7646 	EXP 	LDT_break_text: autoDraw = False
174.7646 	EXP 	LDT_stim_text: height = np.float64(0.1)
174.7646 	EXP 	LDT_stim_text: height = np.float64(0.1)
174.7646 	EXP 	LDT_stim_text: height = np.float64(0.1)
174.7646 	EXP 	LDT_stim_text: text = 'nind'
174.7646 	EXP 	LDT_fix_text: autoDraw = True
174.7652 	DATA 	Keypress: a
174.9236 	EXP 	Device response: <KeyPress from None: t=174.75407229999973, value=a, duration=0.16853290000017296>
175.2485 	EXP 	LDT_stim_text: autoDraw = True
175.2568 	EXP 	LDT_fix_text: autoDraw = False
175.7409 	EXP 	Device response: <KeyPress from None: t=175.73808539999982, value=a, duration=None>
175.7411 	EXP 	New trial (rep=0, index=128): <Trial 128 (128 in rep 0) data={'Task': 'LDT', 'TrialType': 'Target', 'Stimuli': 'year', 'StimulusType': 'word', 'CorrectResponse': 'l', 'Trialnumb': 10, 'thisN': 128, 'thisTrialN': 128, 'thisRepN': 0}>
175.7490 	EXP 	LDT_fix_text: autoDraw = False
175.7490 	EXP 	LDT_stim_text: autoDraw = False
175.7490 	EXP 	LDT_break_text: autoDraw = False
175.7490 	EXP 	LDT_stim_text: height = np.float64(0.1)
175.7490 	EXP 	LDT_stim_text: height = np.float64(0.1)
175.7490 	EXP 	LDT_stim_text: height = np.float64(0.1)
175.7490 	EXP 	LDT_stim_text: text = 'year'
175.7490 	EXP 	LDT_fix_text: autoDraw = True
175.7499 	DATA 	Keypress: a
175.8828 	EXP 	Device response: <KeyPress from None: t=175.73808539999982, value=a, duration=0.14386319999994157>
176.2328 	EXP 	LDT_stim_text: autoDraw = True
176.2411 	EXP 	LDT_fix_text: autoDraw = False
176.8088 	EXP 	Device response: <KeyPress from None: t=176.80190509999966, value=a, duration=None>
176.8091 	EXP 	New trial (rep=0, index=129): <Trial 129 (129 in rep 0) data={'Task': 'LDT', 'TrialType': 'Target', 'Stimuli': 'neep', 'StimulusType': 'nonword', 'CorrectResponse': 'a', 'Trialnumb': 176, 'thisN': 129, 'thisTrialN': 129, 'thisRepN': 0}>
176.8167 	EXP 	LDT_fix_text: autoDraw = False
176.8167 	EXP 	LDT_stim_text: autoDraw = False
176.8167 	EXP 	LDT_break_text: autoDraw = False
176.8167 	EXP 	LDT_stim_text: height = np.float64(0.1)
176.8167 	EXP 	LDT_stim_text: height = np.float64(0.1)
176.8167 	EXP 	LDT_stim_text: height = np.float64(0.1)
176.8167 	EXP 	LDT_stim_text: text = 'neep'
176.8167 	EXP 	LDT_fix_text: autoDraw = True
176.8173 	DATA 	Keypress: a
176.9504 	EXP 	Device response: <KeyPress from None: t=176.80190509999966, value=a, duration=0.1438108000002103>
177.3005 	EXP 	LDT_stim_text: autoDraw = True
177.3089 	EXP 	LDT_fix_text: autoDraw = False
177.9515 	EXP 	Device response: <KeyPress from None: t=177.94617299999982, value=a, duration=None>
177.9518 	EXP 	New trial (rep=0, index=130): <Trial 130 (130 in rep 0) data={'Task': 'LDT', 'TrialType': 'Target', 'Stimuli': 'raise', 'StimulusType': 'word', 'CorrectResponse': 'l', 'Trialnumb': 73, 'thisN': 130, 'thisTrialN': 130, 'thisRepN': 0}>
177.9595 	EXP 	LDT_fix_text: autoDraw = False
177.9595 	EXP 	LDT_stim_text: autoDraw = False
177.9595 	EXP 	LDT_break_text: autoDraw = False
177.9595 	EXP 	LDT_stim_text: height = np.float64(0.1)
177.9595 	EXP 	LDT_stim_text: height = np.float64(0.1)
177.9595 	EXP 	LDT_stim_text: height = np.float64(0.1)
177.9595 	EXP 	LDT_stim_text: text = 'raise'
177.9595 	EXP 	LDT_fix_text: autoDraw = True
177.9599 	DATA 	Keypress: a
178.1017 	EXP 	Device response: <KeyPress from None: t=177.94617299999982, value=a, duration=0.15186579999999594>
178.4433 	EXP 	LDT_stim_text: autoDraw = True
178.4516 	EXP 	LDT_fix_text: autoDraw = False
179.0776 	EXP 	Device response: <KeyPress from None: t=179.0748464999997, value=l, duration=None>
179.0779 	EXP 	New trial (rep=0, index=131): <Trial 131 (131 in rep 0) data={'Task': 'LDT', 'TrialType': 'Target', 'Stimuli': 'berm', 'StimulusType': 'nonword', 'CorrectResponse': 'a', 'Trialnumb': 121, 'thisN': 131, 'thisTrialN': 131, 'thisRepN': 0}>
179.0856 	EXP 	LDT_fix_text: autoDraw = False
179.0856 	EXP 	LDT_stim_text: autoDraw = False
179.0856 	EXP 	LDT_break_text: autoDraw = False
179.0856 	EXP 	LDT_stim_text: height = np.float64(0.1)
179.0856 	EXP 	LDT_stim_text: height = np.float64(0.1)
179.0856 	EXP 	LDT_stim_text: height = np.float64(0.1)
179.0856 	EXP 	LDT_stim_text: text = 'berm'
179.0856 	EXP 	LDT_fix_text: autoDraw = True
179.0861 	DATA 	Keypress: l
179.1860 	EXP 	Device response: <KeyPress from None: t=179.0748464999997, value=l, duration=0.1034325999999055>
179.5696 	EXP 	LDT_stim_text: autoDraw = True
179.5778 	EXP 	LDT_fix_text: autoDraw = False
180.0788 	EXP 	Device response: <KeyPress from None: t=180.0742390999999, value=a, duration=None>
180.0790 	EXP 	New trial (rep=0, index=132): <Trial 132 (132 in rep 0) data={'Task': 'LDT', 'TrialType': 'Target', 'Stimuli': 'club', 'StimulusType': 'word', 'CorrectResponse': 'l', 'Trialnumb': 64, 'thisN': 132, 'thisTrialN': 132, 'thisRepN': 0}>
180.0866 	EXP 	LDT_fix_text: autoDraw = False
180.0866 	EXP 	LDT_stim_text: autoDraw = False
180.0866 	EXP 	LDT_break_text: autoDraw = False
180.0866 	EXP 	LDT_stim_text: height = np.float64(0.1)
180.0866 	EXP 	LDT_stim_text: height = np.float64(0.1)
180.0866 	EXP 	LDT_stim_text: height = np.float64(0.1)
180.0866 	EXP 	LDT_stim_text: text = 'club'
180.0866 	EXP 	LDT_fix_text: autoDraw = True
180.0872 	DATA 	Keypress: a
180.2205 	EXP 	Device response: <KeyPress from None: t=180.0742390999999, value=a, duration=0.14334569999982705>
180.5704 	EXP 	LDT_stim_text: autoDraw = True
180.5790 	EXP 	LDT_fix_text: autoDraw = False
181.0963 	EXP 	Device response: <KeyPress from None: t=181.09025559999964, value=l, duration=None>
181.0965 	EXP 	New trial (rep=0, index=133): <Trial 133 (133 in rep 0) data={'Task': 'LDT', 'TrialType': 'Target', 'Stimuli': 'seft', 'StimulusType': 'nonword', 'CorrectResponse': 'a', 'Trialnumb': 188, 'thisN': 133, 'thisTrialN': 133, 'thisRepN': 0}>
181.1044 	EXP 	LDT_fix_text: autoDraw = False
181.1044 	EXP 	LDT_stim_text: autoDraw = False
181.1044 	EXP 	LDT_break_text: autoDraw = False
181.1044 	EXP 	LDT_stim_text: height = np.float64(0.1)
181.1044 	EXP 	LDT_stim_text: height = np.float64(0.1)
181.1044 	EXP 	LDT_stim_text: height = np.float64(0.1)
181.1044 	EXP 	LDT_stim_text: text = 'seft'
181.1044 	EXP 	LDT_fix_text: autoDraw = True
181.1050 	DATA 	Keypress: l
181.2132 	EXP 	Device response: <KeyPress from None: t=181.09025559999964, value=l, duration=0.11978440000029877>
181.5881 	EXP 	LDT_stim_text: autoDraw = True
181.5965 	EXP 	LDT_fix_text: autoDraw = False
182.1806 	EXP 	Device response: <KeyPress from None: t=182.1774392999996, value=a, duration=None>
182.1809 	EXP 	New trial (rep=0, index=134): <Trial 134 (134 in rep 0) data={'Task': 'LDT', 'TrialType': 'Target', 'Stimuli': 'war', 'StimulusType': 'word', 'CorrectResponse': 'l', 'Trialnumb': 55, 'thisN': 134, 'thisTrialN': 134, 'thisRepN': 0}>
182.1887 	EXP 	LDT_fix_text: autoDraw = False
182.1887 	EXP 	LDT_stim_text: autoDraw = False
182.1887 	EXP 	LDT_break_text: autoDraw = False
182.1887 	EXP 	LDT_stim_text: height = np.float64(0.1)
182.1887 	EXP 	LDT_stim_text: height = np.float64(0.1)
182.1887 	EXP 	LDT_stim_text: height = np.float64(0.1)
182.1887 	EXP 	LDT_stim_text: text = 'war'
182.1887 	EXP 	LDT_fix_text: autoDraw = True
182.1893 	DATA 	Keypress: a
182.2976 	EXP 	Device response: <KeyPress from None: t=182.1774392999996, value=a, duration=0.11201000000028216>
182.6725 	EXP 	LDT_stim_text: autoDraw = True
182.6809 	EXP 	LDT_fix_text: autoDraw = False
183.1066 	EXP 	Device response: <KeyPress from None: t=183.1053910999999, value=l, duration=None>
183.1069 	EXP 	New trial (rep=0, index=135): <Trial 135 (135 in rep 0) data={'Task': 'LDT', 'TrialType': 'Target', 'Stimuli': 'borm', 'StimulusType': 'nonword', 'CorrectResponse': 'a', 'Trialnumb': 124, 'thisN': 135, 'thisTrialN': 135, 'thisRepN': 0}>
183.1146 	EXP 	LDT_fix_text: autoDraw = False
183.1146 	EXP 	LDT_stim_text: autoDraw = False
183.1146 	EXP 	LDT_break_text: autoDraw = False
183.1146 	EXP 	LDT_stim_text: height = np.float64(0.1)
183.1146 	EXP 	LDT_stim_text: height = np.float64(0.1)
183.1146 	EXP 	LDT_stim_text: height = np.float64(0.1)
183.1146 	EXP 	LDT_stim_text: text = 'borm'
183.1146 	EXP 	LDT_fix_text: autoDraw = True
183.1153 	DATA 	Keypress: l
183.2233 	EXP 	Device response: <KeyPress from None: t=183.1053910999999, value=l, duration=0.11226880000003803>
183.5984 	EXP 	LDT_stim_text: autoDraw = True
183.6068 	EXP 	LDT_fix_text: autoDraw = False
184.5663 	EXP 	Device response: <KeyPress from None: t=184.56134079999993, value=a, duration=None>
184.5666 	EXP 	New trial (rep=0, index=136): <Trial 136 (136 in rep 0) data={'Task': 'LDT', 'TrialType': 'Target', 'Stimuli': 'cled', 'StimulusType': 'nonword', 'CorrectResponse': 'a', 'Trialnumb': 130, 'thisN': 136, 'thisTrialN': 136, 'thisRepN': 0}>
184.5745 	EXP 	LDT_fix_text: autoDraw = False
184.5745 	EXP 	LDT_stim_text: autoDraw = False
184.5745 	EXP 	LDT_break_text: autoDraw = False
184.5745 	EXP 	LDT_stim_text: height = np.float64(0.1)
184.5745 	EXP 	LDT_stim_text: height = np.float64(0.1)
184.5745 	EXP 	LDT_stim_text: height = np.float64(0.1)
184.5745 	EXP 	LDT_stim_text: text = 'cled'
184.5745 	EXP 	LDT_fix_text: autoDraw = True
184.5751 	DATA 	Keypress: a
184.6665 	EXP 	Device response: <KeyPress from None: t=184.56134079999993, value=a, duration=0.09754579999980706>
185.0582 	EXP 	LDT_stim_text: autoDraw = True
185.0666 	EXP 	LDT_fix_text: autoDraw = False
185.5841 	EXP 	Device response: <KeyPress from None: t=185.57743719999962, value=a, duration=None>
185.5844 	EXP 	New trial (rep=0, index=137): <Trial 137 (137 in rep 0) data={'Task': 'LDT', 'TrialType': 'Target', 'Stimuli': 'sish', 'StimulusType': 'nonword', 'CorrectResponse': 'a', 'Trialnumb': 193, 'thisN': 137, 'thisTrialN': 137, 'thisRepN': 0}>
185.5921 	EXP 	LDT_fix_text: autoDraw = False
185.5921 	EXP 	LDT_stim_text: autoDraw = False
185.5921 	EXP 	LDT_break_text: autoDraw = False
185.5921 	EXP 	LDT_stim_text: height = np.float64(0.1)
185.5921 	EXP 	LDT_stim_text: height = np.float64(0.1)
185.5921 	EXP 	LDT_stim_text: height = np.float64(0.1)
185.5921 	EXP 	LDT_stim_text: text = 'sish'
185.5921 	EXP 	LDT_fix_text: autoDraw = True
185.5927 	DATA 	Keypress: a
185.7425 	EXP 	Device response: <KeyPress from None: t=185.57743719999962, value=a, duration=0.16075940000018818>
186.0759 	EXP 	LDT_stim_text: autoDraw = True
186.0842 	EXP 	LDT_fix_text: autoDraw = False
186.6017 	EXP 	Device response: <KeyPress from None: t=186.5936926999998, value=a, duration=None>
186.6020 	EXP 	New trial (rep=0, index=138): <Trial 138 (138 in rep 0) data={'Task': 'LDT', 'TrialType': 'Target', 'Stimuli': 'hoal', 'StimulusType': 'nonword', 'CorrectResponse': 'a', 'Trialnumb': 154, 'thisN': 138, 'thisTrialN': 138, 'thisRepN': 0}>
186.6098 	EXP 	LDT_fix_text: autoDraw = False
186.6098 	EXP 	LDT_stim_text: autoDraw = False
186.6098 	EXP 	LDT_break_text: autoDraw = False
186.6098 	EXP 	LDT_stim_text: height = np.float64(0.1)
186.6098 	EXP 	LDT_stim_text: height = np.float64(0.1)
186.6098 	EXP 	LDT_stim_text: height = np.float64(0.1)
186.6098 	EXP 	LDT_stim_text: text = 'hoal'
186.6098 	EXP 	LDT_fix_text: autoDraw = True
186.6102 	DATA 	Keypress: a
186.7185 	EXP 	Device response: <KeyPress from None: t=186.5936926999998, value=a, duration=0.12014640000006693>
187.0936 	EXP 	LDT_stim_text: autoDraw = True
187.1019 	EXP 	LDT_fix_text: autoDraw = False
188.0783 	EXP 	Device response: <KeyPress from None: t=188.07361469999978, value=a, duration=None>
188.0785 	EXP 	New trial (rep=0, index=139): <Trial 139 (139 in rep 0) data={'Task': 'LDT', 'TrialType': 'Target', 'Stimuli': 'hear', 'StimulusType': 'word', 'CorrectResponse': 'l', 'Trialnumb': 37, 'thisN': 139, 'thisTrialN': 139, 'thisRepN': 0}>
188.0862 	EXP 	LDT_fix_text: autoDraw = False
188.0862 	EXP 	LDT_stim_text: autoDraw = False
188.0862 	EXP 	LDT_break_text: autoDraw = False
188.0862 	EXP 	LDT_stim_text: height = np.float64(0.1)
188.0862 	EXP 	LDT_stim_text: height = np.float64(0.1)
188.0862 	EXP 	LDT_stim_text: height = np.float64(0.1)
188.0862 	EXP 	LDT_stim_text: text = 'hear'
188.0862 	EXP 	LDT_fix_text: autoDraw = True
188.0867 	DATA 	Keypress: a
188.2700 	EXP 	Device response: <KeyPress from None: t=188.07361469999978, value=a, duration=0.1920933999999761>
188.5700 	EXP 	LDT_stim_text: autoDraw = True
188.5784 	EXP 	LDT_fix_text: autoDraw = False
189.1794 	EXP 	Device response: <KeyPress from None: t=189.17780429999993, value=l, duration=None>
189.1796 	EXP 	New trial (rep=0, index=140): <Trial 140 (140 in rep 0) data={'Task': 'LDT', 'TrialType': 'Target', 'Stimuli': 'pess', 'StimulusType': 'nonword', 'CorrectResponse': 'a', 'Trialnumb': 180, 'thisN': 140, 'thisTrialN': 140, 'thisRepN': 0}>
189.1875 	EXP 	LDT_fix_text: autoDraw = False
189.1875 	EXP 	LDT_stim_text: autoDraw = False
189.1875 	EXP 	LDT_break_text: autoDraw = False
189.1875 	EXP 	LDT_stim_text: height = np.float64(0.1)
189.1875 	EXP 	LDT_stim_text: height = np.float64(0.1)
189.1875 	EXP 	LDT_stim_text: height = np.float64(0.1)
189.1875 	EXP 	LDT_stim_text: text = 'pess'
189.1875 	EXP 	LDT_fix_text: autoDraw = True
189.1880 	DATA 	Keypress: l
189.2627 	EXP 	Device response: <KeyPress from None: t=189.17780429999993, value=l, duration=0.080327699999998>
189.6712 	EXP 	LDT_stim_text: autoDraw = True
189.6795 	EXP 	LDT_fix_text: autoDraw = False
190.1886 	EXP 	Device response: <KeyPress from None: t=190.18707249999989, value=a, duration=None>
190.1888 	EXP 	New trial (rep=0, index=141): <Trial 141 (141 in rep 0) data={'Task': 'LDT', 'TrialType': 'Target', 'Stimuli': 'art', 'StimulusType': 'word', 'CorrectResponse': 'l', 'Trialnumb': 15, 'thisN': 141, 'thisTrialN': 141, 'thisRepN': 0}>
190.1967 	EXP 	LDT_fix_text: autoDraw = False
190.1967 	EXP 	LDT_stim_text: autoDraw = False
190.1967 	EXP 	LDT_break_text: autoDraw = False
190.1967 	EXP 	LDT_stim_text: height = np.float64(0.1)
190.1967 	EXP 	LDT_stim_text: height = np.float64(0.1)
190.1967 	EXP 	LDT_stim_text: height = np.float64(0.1)
190.1967 	EXP 	LDT_stim_text: text = 'art'
190.1967 	EXP 	LDT_fix_text: autoDraw = True
190.1972 	DATA 	Keypress: a
190.3472 	EXP 	Device response: <KeyPress from None: t=190.18707249999989, value=a, duration=0.15919779999967432>
190.6805 	EXP 	LDT_stim_text: autoDraw = True
190.6888 	EXP 	LDT_fix_text: autoDraw = False
191.1980 	EXP 	Device response: <KeyPress from None: t=191.1940986999998, value=l, duration=None>
191.1982 	EXP 	New trial (rep=0, index=142): <Trial 142 (142 in rep 0) data={'Task': 'LDT', 'TrialType': 'Target', 'Stimuli': 'rap', 'StimulusType': 'word', 'CorrectResponse': 'l', 'Trialnumb': 109, 'thisN': 142, 'thisTrialN': 142, 'thisRepN': 0}>
191.2060 	EXP 	LDT_fix_text: autoDraw = False
191.2060 	EXP 	LDT_stim_text: autoDraw = False
191.2060 	EXP 	LDT_break_text: autoDraw = False
191.2060 	EXP 	LDT_stim_text: height = np.float64(0.1)
191.2060 	EXP 	LDT_stim_text: height = np.float64(0.1)
191.2060 	EXP 	LDT_stim_text: height = np.float64(0.1)
191.2060 	EXP 	LDT_stim_text: text = 'rap'
191.2060 	EXP 	LDT_fix_text: autoDraw = True
191.2065 	DATA 	Keypress: l
191.2981 	EXP 	Device response: <KeyPress from None: t=191.1940986999998, value=l, duration=0.09594779999997627>
191.6898 	EXP 	LDT_stim_text: autoDraw = True
191.6982 	EXP 	LDT_fix_text: autoDraw = False
192.2991 	EXP 	Device response: <KeyPress from None: t=192.29797589999998, value=l, duration=None>
192.2993 	EXP 	New trial (rep=0, index=143): <Trial 143 (143 in rep 0) data={'Task': 'LDT', 'TrialType': 'Target', 'Stimuli': 'crap', 'StimulusType': 'word', 'CorrectResponse': 'l', 'Trialnumb': 70, 'thisN': 143, 'thisTrialN': 143, 'thisRepN': 0}>
192.3072 	EXP 	LDT_fix_text: autoDraw = False
192.3072 	EXP 	LDT_stim_text: autoDraw = False
192.3072 	EXP 	LDT_break_text: autoDraw = False
192.3072 	EXP 	LDT_stim_text: height = np.float64(0.1)
192.3072 	EXP 	LDT_stim_text: height = np.float64(0.1)
192.3072 	EXP 	LDT_stim_text: height = np.float64(0.1)
192.3072 	EXP 	LDT_stim_text: text = 'crap'
192.3072 	EXP 	LDT_fix_text: autoDraw = True
192.3078 	DATA 	Keypress: l
192.4076 	EXP 	Device response: <KeyPress from None: t=192.29797589999998, value=l, duration=0.10358019999966928>
192.7909 	EXP 	LDT_stim_text: autoDraw = True
192.7993 	EXP 	LDT_fix_text: autoDraw = False
193.4503 	EXP 	Device response: <KeyPress from None: t=193.44226339999977, value=l, duration=None>
193.4505 	EXP 	New trial (rep=0, index=144): <Trial 144 (144 in rep 0) data={'Task': 'LDT', 'TrialType': 'Target', 'Stimuli': 'full', 'StimulusType': 'word', 'CorrectResponse': 'l', 'Trialnumb': 43, 'thisN': 144, 'thisTrialN': 144, 'thisRepN': 0}>
193.4582 	EXP 	LDT_fix_text: autoDraw = False
193.4582 	EXP 	LDT_stim_text: autoDraw = False
193.4582 	EXP 	LDT_break_text: autoDraw = False
193.4582 	EXP 	LDT_stim_text: height = np.float64(0.1)
193.4582 	EXP 	LDT_stim_text: height = np.float64(0.1)
193.4582 	EXP 	LDT_stim_text: height = np.float64(0.1)
193.4582 	EXP 	LDT_stim_text: text = 'full'
193.4582 	EXP 	LDT_fix_text: autoDraw = True
193.4588 	DATA 	Keypress: l
193.5504 	EXP 	Device response: <KeyPress from None: t=193.44226339999977, value=l, duration=0.1044013000000632>
193.9420 	EXP 	LDT_stim_text: autoDraw = True
193.9506 	EXP 	LDT_fix_text: autoDraw = False
194.4597 	EXP 	Device response: <KeyPress from None: t=194.45758959999966, value=l, duration=None>
194.4600 	EXP 	New trial (rep=0, index=145): <Trial 145 (145 in rep 0) data={'Task': 'LDT', 'TrialType': 'Target', 'Stimuli': 'air', 'StimulusType': 'word', 'CorrectResponse': 'l', 'Trialnumb': 34, 'thisN': 145, 'thisTrialN': 145, 'thisRepN': 0}>
194.4676 	EXP 	LDT_fix_text: autoDraw = False
194.4676 	EXP 	LDT_stim_text: autoDraw = False
194.4676 	EXP 	LDT_break_text: autoDraw = False
194.4676 	EXP 	LDT_stim_text: height = np.float64(0.1)
194.4676 	EXP 	LDT_stim_text: height = np.float64(0.1)
194.4676 	EXP 	LDT_stim_text: height = np.float64(0.1)
194.4676 	EXP 	LDT_stim_text: text = 'air'
194.4676 	EXP 	LDT_fix_text: autoDraw = True
194.4681 	DATA 	Keypress: l
194.6097 	EXP 	Device response: <KeyPress from None: t=194.45758959999966, value=l, duration=0.14477160000024014>
194.9514 	EXP 	LDT_stim_text: autoDraw = True
194.9597 	EXP 	LDT_fix_text: autoDraw = False
195.4605 	EXP 	Device response: <KeyPress from None: t=195.4580318999997, value=l, duration=None>
195.4607 	EXP 	New trial (rep=0, index=146): <Trial 146 (146 in rep 0) data={'Task': 'LDT', 'TrialType': 'Target', 'Stimuli': 'talm', 'StimulusType': 'nonword', 'CorrectResponse': 'a', 'Trialnumb': 202, 'thisN': 146, 'thisTrialN': 146, 'thisRepN': 0}>
195.4688 	EXP 	LDT_fix_text: autoDraw = False
195.4688 	EXP 	LDT_stim_text: autoDraw = False
195.4688 	EXP 	LDT_break_text: autoDraw = False
195.4688 	EXP 	LDT_stim_text: height = np.float64(0.1)
195.4688 	EXP 	LDT_stim_text: height = np.float64(0.1)
195.4688 	EXP 	LDT_stim_text: height = np.float64(0.1)
195.4688 	EXP 	LDT_stim_text: text = 'talm'
195.4688 	EXP 	LDT_fix_text: autoDraw = True
195.4694 	DATA 	Keypress: l
195.5524 	EXP 	Device response: <KeyPress from None: t=195.4580318999997, value=l, duration=0.0876458000002458>
195.9524 	EXP 	LDT_stim_text: autoDraw = True
195.9607 	EXP 	LDT_fix_text: autoDraw = False
196.4449 	EXP 	Device response: <KeyPress from None: t=196.44166069999983, value=a, duration=None>
196.4452 	EXP 	New trial (rep=0, index=147): <Trial 147 (147 in rep 0) data={'Task': 'LDT', 'TrialType': 'Target', 'Stimuli': 'mass', 'StimulusType': 'word', 'CorrectResponse': 'l', 'Trialnumb': 102, 'thisN': 147, 'thisTrialN': 147, 'thisRepN': 0}>
196.4529 	EXP 	LDT_fix_text: autoDraw = False
196.4529 	EXP 	LDT_stim_text: autoDraw = False
196.4529 	EXP 	LDT_break_text: autoDraw = False
196.4529 	EXP 	LDT_stim_text: height = np.float64(0.1)
196.4529 	EXP 	LDT_stim_text: height = np.float64(0.1)
196.4529 	EXP 	LDT_stim_text: height = np.float64(0.1)
196.4529 	EXP 	LDT_stim_text: text = 'mass'
196.4529 	EXP 	LDT_fix_text: autoDraw = True
196.4535 	DATA 	Keypress: a
196.5700 	EXP 	Device response: <KeyPress from None: t=196.44166069999983, value=a, duration=0.12068829999998343>
196.9367 	EXP 	LDT_stim_text: autoDraw = True
196.9451 	EXP 	LDT_fix_text: autoDraw = False
197.4292 	EXP 	Device response: <KeyPress from None: t=197.42623349999985, value=l, duration=None>
197.4294 	EXP 	New trial (rep=0, index=148): <Trial 148 (148 in rep 0) data={'Task': 'LDT', 'TrialType': 'Target', 'Stimuli': 'burz', 'StimulusType': 'nonword', 'CorrectResponse': 'a', 'Trialnumb': 112, 'thisN': 148, 'thisTrialN': 148, 'thisRepN': 0}>
197.4373 	EXP 	LDT_fix_text: autoDraw = False
197.4373 	EXP 	LDT_stim_text: autoDraw = False
197.4373 	EXP 	LDT_break_text: autoDraw = False
197.4373 	EXP 	LDT_stim_text: height = np.float64(0.1)
197.4373 	EXP 	LDT_stim_text: height = np.float64(0.1)
197.4373 	EXP 	LDT_stim_text: height = np.float64(0.1)
197.4373 	EXP 	LDT_stim_text: text = 'burz'
197.4373 	EXP 	LDT_fix_text: autoDraw = True
197.4378 	DATA 	Keypress: l
197.5293 	EXP 	Device response: <KeyPress from None: t=197.42623349999985, value=l, duration=0.09572709999974904>
197.9210 	EXP 	LDT_stim_text: autoDraw = True
197.9294 	EXP 	LDT_fix_text: autoDraw = False
198.3884 	EXP 	Device response: <KeyPress from None: t=198.38702889999968, value=a, duration=None>
198.3887 	EXP 	New trial (rep=0, index=149): <Trial 149 (149 in rep 0) data={'Task': 'LDT', 'TrialType': 'Target', 'Stimuli': 'brone', 'StimulusType': 'nonword', 'CorrectResponse': 'a', 'Trialnumb': 125, 'thisN': 149, 'thisTrialN': 149, 'thisRepN': 0}>
198.3965 	EXP 	LDT_fix_text: autoDraw = False
198.3965 	EXP 	LDT_stim_text: autoDraw = False
198.3965 	EXP 	LDT_break_text: autoDraw = False
198.3965 	EXP 	LDT_stim_text: height = np.float64(0.1)
198.3965 	EXP 	LDT_stim_text: height = np.float64(0.1)
198.3965 	EXP 	LDT_stim_text: height = np.float64(0.1)
198.3965 	EXP 	LDT_stim_text: text = 'brone'
198.3965 	EXP 	LDT_fix_text: autoDraw = True
198.3971 	DATA 	Keypress: a
198.5136 	EXP 	Device response: <KeyPress from None: t=198.38702889999968, value=a, duration=0.1182810000000245>
198.8805 	EXP 	LDT_stim_text: autoDraw = True
198.8887 	EXP 	LDT_fix_text: autoDraw = False
199.4812 	EXP 	Device response: <KeyPress from None: t=199.47407859999976, value=l, duration=None>
199.4814 	EXP 	New trial (rep=0, index=150): <Trial 150 (150 in rep 0) data={'Task': 'LDT', 'TrialType': 'Target', 'Stimuli': 'last', 'StimulusType': 'word', 'CorrectResponse': 'l', 'Trialnumb': 11, 'thisN': 150, 'thisTrialN': 150, 'thisRepN': 0}>
199.4894 	EXP 	LDT_fix_text: autoDraw = False
199.4894 	EXP 	LDT_stim_text: autoDraw = False
199.4894 	EXP 	LDT_break_text: autoDraw = False
199.4894 	EXP 	LDT_stim_text: height = np.float64(0.1)
199.4894 	EXP 	LDT_stim_text: height = np.float64(0.1)
199.4894 	EXP 	LDT_stim_text: height = np.float64(0.1)
199.4894 	EXP 	LDT_stim_text: text = 'last'
199.4894 	EXP 	LDT_fix_text: autoDraw = True
199.4900 	DATA 	Keypress: l
199.5730 	EXP 	Device response: <KeyPress from None: t=199.47407859999976, value=l, duration=0.09610169999996288>
199.9731 	EXP 	LDT_stim_text: autoDraw = True
199.9814 	EXP 	LDT_fix_text: autoDraw = False
200.4989 	EXP 	Device response: <KeyPress from None: t=200.49736499999972, value=l, duration=None>
200.4991 	EXP 	New trial (rep=0, index=151): <Trial 151 (151 in rep 0) data={'Task': 'LDT', 'TrialType': 'Target', 'Stimuli': 'yine', 'StimulusType': 'nonword', 'CorrectResponse': 'a', 'Trialnumb': 220, 'thisN': 151, 'thisTrialN': 151, 'thisRepN': 0}>
200.5069 	EXP 	LDT_fix_text: autoDraw = False
200.5069 	EXP 	LDT_stim_text: autoDraw = False
200.5069 	EXP 	LDT_break_text: autoDraw = False
200.5069 	EXP 	LDT_stim_text: height = np.float64(0.1)
200.5069 	EXP 	LDT_stim_text: height = np.float64(0.1)
200.5069 	EXP 	LDT_stim_text: height = np.float64(0.1)
200.5069 	EXP 	LDT_stim_text: text = 'yine'
200.5069 	EXP 	LDT_fix_text: autoDraw = True
200.5074 	DATA 	Keypress: l
200.6073 	EXP 	Device response: <KeyPress from None: t=200.49736499999972, value=l, duration=0.10529189999988375>
200.9908 	EXP 	LDT_stim_text: autoDraw = True
200.9991 	EXP 	LDT_fix_text: autoDraw = False
201.5917 	EXP 	Device response: <KeyPress from None: t=201.5862662999998, value=a, duration=None>
201.5919 	EXP 	New trial (rep=0, index=152): <Trial 152 (152 in rep 0) data={'Task': 'LDT', 'TrialType': 'Target', 'Stimuli': 'werd', 'StimulusType': 'nonword', 'CorrectResponse': 'a', 'Trialnumb': 216, 'thisN': 152, 'thisTrialN': 152, 'thisRepN': 0}>
201.5997 	EXP 	LDT_fix_text: autoDraw = False
201.5997 	EXP 	LDT_stim_text: autoDraw = False
201.5997 	EXP 	LDT_break_text: autoDraw = False
201.5997 	EXP 	LDT_stim_text: height = np.float64(0.1)
201.5997 	EXP 	LDT_stim_text: height = np.float64(0.1)
201.5997 	EXP 	LDT_stim_text: height = np.float64(0.1)
201.5997 	EXP 	LDT_stim_text: text = 'werd'
201.5997 	EXP 	LDT_fix_text: autoDraw = True
201.6003 	DATA 	Keypress: a
201.7085 	EXP 	Device response: <KeyPress from None: t=201.5862662999998, value=a, duration=0.11982529999977487>
202.0835 	EXP 	LDT_stim_text: autoDraw = True
202.0919 	EXP 	LDT_fix_text: autoDraw = False
202.7011 	EXP 	Device response: <KeyPress from None: t=202.6975493, value=a, duration=None>
202.7014 	EXP 	New trial (rep=0, index=153): <Trial 153 (153 in rep 0) data={'Task': 'LDT', 'TrialType': 'Target', 'Stimuli': 'gaft', 'StimulusType': 'nonword', 'CorrectResponse': 'a', 'Trialnumb': 144, 'thisN': 153, 'thisTrialN': 153, 'thisRepN': 0}>
202.7091 	EXP 	LDT_fix_text: autoDraw = False
202.7091 	EXP 	LDT_stim_text: autoDraw = False
202.7091 	EXP 	LDT_break_text: autoDraw = False
202.7091 	EXP 	LDT_stim_text: height = np.float64(0.1)
202.7091 	EXP 	LDT_stim_text: height = np.float64(0.1)
202.7091 	EXP 	LDT_stim_text: height = np.float64(0.1)
202.7091 	EXP 	LDT_stim_text: text = 'gaft'
202.7091 	EXP 	LDT_fix_text: autoDraw = True
202.7097 	DATA 	Keypress: a
202.8429 	EXP 	Device response: <KeyPress from None: t=202.6975493, value=a, duration=0.1438098999997237>
203.1929 	EXP 	LDT_stim_text: autoDraw = True
203.2013 	EXP 	LDT_fix_text: autoDraw = False
203.6937 	EXP 	Device response: <KeyPress from None: t=203.69019779999962, value=a, duration=None>
203.6939 	EXP 	New trial (rep=0, index=154): <Trial 154 (154 in rep 0) data={'Task': 'LDT', 'TrialType': 'Target', 'Stimuli': 'judge', 'StimulusType': 'word', 'CorrectResponse': 'l', 'Trialnumb': 67, 'thisN': 154, 'thisTrialN': 154, 'thisRepN': 0}>
203.7018 	EXP 	LDT_fix_text: autoDraw = False
203.7018 	EXP 	LDT_stim_text: autoDraw = False
203.7018 	EXP 	LDT_break_text: autoDraw = False
203.7018 	EXP 	LDT_stim_text: height = np.float64(0.1)
203.7018 	EXP 	LDT_stim_text: height = np.float64(0.1)
203.7018 	EXP 	LDT_stim_text: height = np.float64(0.1)
203.7018 	EXP 	LDT_stim_text: text = 'judge'
203.7018 	EXP 	LDT_fix_text: autoDraw = True
203.7023 	DATA 	Keypress: a
203.8356 	EXP 	Device response: <KeyPress from None: t=203.69019779999962, value=a, duration=0.14325140000028114>
204.1856 	EXP 	LDT_stim_text: autoDraw = True
204.1939 	EXP 	LDT_fix_text: autoDraw = False
204.6281 	EXP 	Device response: <KeyPress from None: t=204.62686649999978, value=a, duration=None>
204.6283 	EXP 	New trial (rep=0, index=155): <Trial 155 (155 in rep 0) data={'Task': 'LDT', 'TrialType': 'Target', 'Stimuli': 'gead', 'StimulusType': 'nonword', 'CorrectResponse': 'a', 'Trialnumb': 145, 'thisN': 155, 'thisTrialN': 155, 'thisRepN': 0}>
204.6361 	EXP 	LDT_fix_text: autoDraw = False
204.6361 	EXP 	LDT_stim_text: autoDraw = False
204.6361 	EXP 	LDT_break_text: autoDraw = False
204.6361 	EXP 	LDT_stim_text: height = np.float64(0.1)
204.6361 	EXP 	LDT_stim_text: height = np.float64(0.1)
204.6361 	EXP 	LDT_stim_text: height = np.float64(0.1)
204.6361 	EXP 	LDT_stim_text: text = 'gead'
204.6361 	EXP 	LDT_fix_text: autoDraw = True
204.6366 	DATA 	Keypress: a
204.7031 	EXP 	Device response: <KeyPress from None: t=204.62686649999978, value=a, duration=0.07091829999990296>
205.1199 	EXP 	LDT_stim_text: autoDraw = True
205.1282 	EXP 	LDT_fix_text: autoDraw = False
205.6374 	EXP 	Device response: <KeyPress from None: t=205.63383029999977, value=l, duration=None>
205.6376 	EXP 	New trial (rep=0, index=156): <Trial 156 (156 in rep 0) data={'Task': 'LDT', 'TrialType': 'Target', 'Stimuli': 'price', 'StimulusType': 'word', 'CorrectResponse': 'l', 'Trialnumb': 52, 'thisN': 156, 'thisTrialN': 156, 'thisRepN': 0}>
205.6454 	EXP 	LDT_fix_text: autoDraw = False
205.6454 	EXP 	LDT_stim_text: autoDraw = False
205.6454 	EXP 	LDT_break_text: autoDraw = False
205.6454 	EXP 	LDT_stim_text: height = np.float64(0.1)
205.6454 	EXP 	LDT_stim_text: height = np.float64(0.1)
205.6454 	EXP 	LDT_stim_text: height = np.float64(0.1)
205.6454 	EXP 	LDT_stim_text: text = 'price'
205.6454 	EXP 	LDT_fix_text: autoDraw = True
205.6459 	DATA 	Keypress: l
205.7291 	EXP 	Device response: <KeyPress from None: t=205.63383029999977, value=l, duration=0.08812940000007075>
206.1292 	EXP 	LDT_stim_text: autoDraw = True
206.1376 	EXP 	LDT_fix_text: autoDraw = False
206.6218 	EXP 	Device response: <KeyPress from None: t=206.61753949999957, value=l, duration=None>
206.6221 	EXP 	New trial (rep=0, index=157): <Trial 157 (157 in rep 0) data={'Task': 'LDT', 'TrialType': 'Target', 'Stimuli': 'news', 'StimulusType': 'word', 'CorrectResponse': 'l', 'Trialnumb': 45, 'thisN': 157, 'thisTrialN': 157, 'thisRepN': 0}>
206.6297 	EXP 	LDT_fix_text: autoDraw = False
206.6297 	EXP 	LDT_stim_text: autoDraw = False
206.6297 	EXP 	LDT_break_text: autoDraw = False
206.6297 	EXP 	LDT_stim_text: height = np.float64(0.1)
206.6297 	EXP 	LDT_stim_text: height = np.float64(0.1)
206.6297 	EXP 	LDT_stim_text: height = np.float64(0.1)
206.6297 	EXP 	LDT_stim_text: text = 'news'
206.6297 	EXP 	LDT_fix_text: autoDraw = True
206.6303 	DATA 	Keypress: l
206.7468 	EXP 	Device response: <KeyPress from None: t=206.61753949999957, value=l, duration=0.12872860000015862>
207.1135 	EXP 	LDT_stim_text: autoDraw = True
207.1219 	EXP 	LDT_fix_text: autoDraw = False
207.6311 	EXP 	Device response: <KeyPress from None: t=207.62639409999974, value=l, duration=None>
207.6313 	EXP 	New trial (rep=0, index=158): <Trial 158 (158 in rep 0) data={'Task': 'LDT', 'TrialType': 'Target', 'Stimuli': 'high', 'StimulusType': 'word', 'CorrectResponse': 'l', 'Trialnumb': 16, 'thisN': 158, 'thisTrialN': 158, 'thisRepN': 0}>
207.6390 	EXP 	LDT_fix_text: autoDraw = False
207.6390 	EXP 	LDT_stim_text: autoDraw = False
207.6390 	EXP 	LDT_break_text: autoDraw = False
207.6390 	EXP 	LDT_stim_text: height = np.float64(0.1)
207.6390 	EXP 	LDT_stim_text: height = np.float64(0.1)
207.6390 	EXP 	LDT_stim_text: height = np.float64(0.1)
207.6390 	EXP 	LDT_stim_text: text = 'high'
207.6390 	EXP 	LDT_fix_text: autoDraw = True
207.6395 	DATA 	Keypress: l
207.7146 	EXP 	Device response: <KeyPress from None: t=207.62639409999974, value=l, duration=0.0804441999998744>
208.1228 	EXP 	LDT_stim_text: autoDraw = True
208.1312 	EXP 	LDT_fix_text: autoDraw = False
208.5570 	EXP 	Device response: <KeyPress from None: t=208.5542415, value=l, duration=None>
208.5572 	EXP 	New trial (rep=0, index=159): <Trial 159 (159 in rep 0) data={'Task': 'LDT', 'TrialType': 'Target', 'Stimuli': 'yeep', 'StimulusType': 'nonword', 'CorrectResponse': 'a', 'Trialnumb': 219, 'thisN': 159, 'thisTrialN': 159, 'thisRepN': 0}>
208.5650 	EXP 	LDT_fix_text: autoDraw = False
208.5650 	EXP 	LDT_stim_text: autoDraw = False
208.5650 	EXP 	LDT_break_text: autoDraw = False
208.5650 	EXP 	LDT_stim_text: height = np.float64(0.1)
208.5650 	EXP 	LDT_stim_text: height = np.float64(0.1)
208.5650 	EXP 	LDT_stim_text: height = np.float64(0.1)
208.5650 	EXP 	LDT_stim_text: text = 'yeep'
208.5650 	EXP 	LDT_fix_text: autoDraw = True
208.5656 	DATA 	Keypress: l
208.6486 	EXP 	Device response: <KeyPress from None: t=208.5542415, value=l, duration=0.08757729999979347>
209.0488 	EXP 	LDT_stim_text: autoDraw = True
209.0571 	EXP 	LDT_fix_text: autoDraw = False
209.7247 	EXP 	Device response: <KeyPress from None: t=209.72294699999975, value=l, duration=None>
209.7250 	EXP 	New trial (rep=0, index=160): <Trial 160 (160 in rep 0) data={'Task': 'LDT', 'TrialType': 'Target', 'Stimuli': 'buy', 'StimulusType': 'word', 'CorrectResponse': 'l', 'Trialnumb': 25, 'thisN': 160, 'thisTrialN': 160, 'thisRepN': 0}>
209.7328 	EXP 	LDT_fix_text: autoDraw = False
209.7328 	EXP 	LDT_stim_text: autoDraw = False
209.7328 	EXP 	LDT_break_text: autoDraw = False
209.7328 	EXP 	LDT_stim_text: height = np.float64(0.1)
209.7328 	EXP 	LDT_stim_text: height = np.float64(0.1)
209.7328 	EXP 	LDT_stim_text: height = np.float64(0.1)
209.7328 	EXP 	LDT_stim_text: text = 'buy'
209.7328 	EXP 	LDT_fix_text: autoDraw = True
209.7333 	DATA 	Keypress: l
209.8498 	EXP 	Device response: <KeyPress from None: t=209.72294699999975, value=l, duration=0.11853629999995974>
210.2166 	EXP 	LDT_stim_text: autoDraw = True
210.2249 	EXP 	LDT_fix_text: autoDraw = False
210.7091 	EXP 	Device response: <KeyPress from None: t=210.70551579999983, value=l, duration=None>
210.7094 	EXP 	New trial (rep=0, index=161): <Trial 161 (161 in rep 0) data={'Task': 'LDT', 'TrialType': 'Target', 'Stimuli': 'sarry', 'StimulusType': 'nonword', 'CorrectResponse': 'a', 'Trialnumb': 186, 'thisN': 161, 'thisTrialN': 161, 'thisRepN': 0}>
210.7171 	EXP 	LDT_fix_text: autoDraw = False
210.7171 	EXP 	LDT_stim_text: autoDraw = False
210.7171 	EXP 	LDT_break_text: autoDraw = False
210.7171 	EXP 	LDT_stim_text: height = np.float64(0.1)
210.7171 	EXP 	LDT_stim_text: height = np.float64(0.1)
210.7171 	EXP 	LDT_stim_text: height = np.float64(0.1)
210.7171 	EXP 	LDT_stim_text: text = 'sarry'
210.7171 	EXP 	LDT_fix_text: autoDraw = True
210.7177 	DATA 	Keypress: l
210.8091 	EXP 	Device response: <KeyPress from None: t=210.70551579999983, value=l, duration=0.09584739999991143>
211.2009 	EXP 	LDT_stim_text: autoDraw = True
211.2093 	EXP 	LDT_fix_text: autoDraw = False
211.8686 	EXP 	Device response: <KeyPress from None: t=211.8658029999997, value=a, duration=None>
211.8689 	EXP 	New trial (rep=0, index=162): <Trial 162 (162 in rep 0) data={'Task': 'LDT', 'TrialType': 'Target', 'Stimuli': 'live', 'StimulusType': 'word', 'CorrectResponse': 'l', 'Trialnumb': 24, 'thisN': 162, 'thisTrialN': 162, 'thisRepN': 0}>
211.8766 	EXP 	LDT_fix_text: autoDraw = False
211.8766 	EXP 	LDT_stim_text: autoDraw = False
211.8766 	EXP 	LDT_break_text: autoDraw = False
211.8766 	EXP 	LDT_stim_text: height = np.float64(0.1)
211.8766 	EXP 	LDT_stim_text: height = np.float64(0.1)
211.8766 	EXP 	LDT_stim_text: height = np.float64(0.1)
211.8766 	EXP 	LDT_stim_text: text = 'live'
211.8766 	EXP 	LDT_fix_text: autoDraw = True
211.8772 	DATA 	Keypress: a
212.0104 	EXP 	Device response: <KeyPress from None: t=211.8658029999997, value=a, duration=0.14393890000019383>
212.3604 	EXP 	LDT_stim_text: autoDraw = True
212.3688 	EXP 	LDT_fix_text: autoDraw = False
212.8862 	EXP 	Device response: <KeyPress from None: t=212.8814980999996, value=l, duration=None>
212.8864 	EXP 	New trial (rep=0, index=163): <Trial 163 (163 in rep 0) data={'Task': 'LDT', 'TrialType': 'Target', 'Stimuli': 'snan', 'StimulusType': 'nonword', 'CorrectResponse': 'a', 'Trialnumb': 196, 'thisN': 163, 'thisTrialN': 163, 'thisRepN': 0}>
212.8944 	EXP 	LDT_fix_text: autoDraw = False
212.8944 	EXP 	LDT_stim_text: autoDraw = False
212.8944 	EXP 	LDT_break_text: autoDraw = False
212.8944 	EXP 	LDT_stim_text: height = np.float64(0.1)
212.8944 	EXP 	LDT_stim_text: height = np.float64(0.1)
212.8944 	EXP 	LDT_stim_text: height = np.float64(0.1)
212.8944 	EXP 	LDT_stim_text: text = 'snan'
212.8944 	EXP 	LDT_fix_text: autoDraw = True
212.8949 	DATA 	Keypress: l
212.9864 	EXP 	Device response: <KeyPress from None: t=212.8814980999996, value=l, duration=0.10463690000005954>
213.3781 	EXP 	LDT_stim_text: autoDraw = True
213.3864 	EXP 	LDT_fix_text: autoDraw = False
213.9123 	EXP 	Device response: <KeyPress from None: t=213.9056733999996, value=a, duration=None>
213.9126 	EXP 	New trial (rep=0, index=164): <Trial 164 (164 in rep 0) data={'Task': 'LDT', 'TrialType': 'Target', 'Stimuli': 'long', 'StimulusType': 'word', 'CorrectResponse': 'l', 'Trialnumb': 6, 'thisN': 164, 'thisTrialN': 164, 'thisRepN': 0}>
213.9203 	EXP 	LDT_fix_text: autoDraw = False
213.9203 	EXP 	LDT_stim_text: autoDraw = False
213.9203 	EXP 	LDT_break_text: autoDraw = False
213.9203 	EXP 	LDT_stim_text: height = np.float64(0.1)
213.9203 	EXP 	LDT_stim_text: height = np.float64(0.1)
213.9203 	EXP 	LDT_stim_text: height = np.float64(0.1)
213.9203 	EXP 	LDT_stim_text: text = 'long'
213.9203 	EXP 	LDT_fix_text: autoDraw = True
213.9208 	DATA 	Keypress: a
214.0207 	EXP 	Device response: <KeyPress from None: t=213.9056733999996, value=a, duration=0.11251420000007784>
214.4041 	EXP 	LDT_stim_text: autoDraw = True
214.4125 	EXP 	LDT_fix_text: autoDraw = False
214.8382 	EXP 	Device response: <KeyPress from None: t=214.83386619999965, value=l, duration=None>
214.8384 	EXP 	New trial (rep=0, index=165): <Trial 165 (165 in rep 0) data={'Task': 'LDT', 'TrialType': 'Target', 'Stimuli': 'eall', 'StimulusType': 'nonword', 'CorrectResponse': 'a', 'Trialnumb': 138, 'thisN': 165, 'thisTrialN': 165, 'thisRepN': 0}>
214.8462 	EXP 	LDT_fix_text: autoDraw = False
214.8462 	EXP 	LDT_stim_text: autoDraw = False
214.8462 	EXP 	LDT_break_text: autoDraw = False
214.8462 	EXP 	LDT_stim_text: height = np.float64(0.1)
214.8462 	EXP 	LDT_stim_text: height = np.float64(0.1)
214.8462 	EXP 	LDT_stim_text: height = np.float64(0.1)
214.8462 	EXP 	LDT_stim_text: text = 'eall'
214.8462 	EXP 	LDT_fix_text: autoDraw = True
214.8467 	DATA 	Keypress: l
214.9299 	EXP 	Device response: <KeyPress from None: t=214.83386619999965, value=l, duration=0.0877453000002788>
215.3301 	EXP 	LDT_stim_text: autoDraw = True
215.3384 	EXP 	LDT_fix_text: autoDraw = False
215.9644 	EXP 	Device response: <KeyPress from None: t=215.96169809999992, value=a, duration=None>
215.9646 	EXP 	New trial (rep=0, index=166): <Trial 166 (166 in rep 0) data={'Task': 'LDT', 'TrialType': 'Target', 'Stimuli': 'half', 'StimulusType': 'word', 'CorrectResponse': 'l', 'Trialnumb': 51, 'thisN': 166, 'thisTrialN': 166, 'thisRepN': 0}>
215.9723 	EXP 	LDT_fix_text: autoDraw = False
215.9723 	EXP 	LDT_stim_text: autoDraw = False
215.9723 	EXP 	LDT_break_text: autoDraw = False
215.9723 	EXP 	LDT_stim_text: height = np.float64(0.1)
215.9723 	EXP 	LDT_stim_text: height = np.float64(0.1)
215.9723 	EXP 	LDT_stim_text: height = np.float64(0.1)
215.9723 	EXP 	LDT_stim_text: text = 'half'
215.9723 	EXP 	LDT_fix_text: autoDraw = True
215.9729 	DATA 	Keypress: a
216.0978 	EXP 	Device response: <KeyPress from None: t=215.96169809999992, value=a, duration=0.12782579999975496>
216.4562 	EXP 	LDT_stim_text: autoDraw = True
216.4645 	EXP 	LDT_fix_text: autoDraw = False
216.9821 	EXP 	Device response: <KeyPress from None: t=216.9783467999996, value=l, duration=None>
216.9824 	EXP 	New trial (rep=0, index=167): <Trial 167 (167 in rep 0) data={'Task': 'LDT', 'TrialType': 'Target', 'Stimuli': 'warm', 'StimulusType': 'word', 'CorrectResponse': 'l', 'Trialnumb': 60, 'thisN': 167, 'thisTrialN': 167, 'thisRepN': 0}>
216.9900 	EXP 	LDT_fix_text: autoDraw = False
216.9900 	EXP 	LDT_stim_text: autoDraw = False
216.9900 	EXP 	LDT_break_text: autoDraw = False
216.9900 	EXP 	LDT_stim_text: height = np.float64(0.1)
216.9900 	EXP 	LDT_stim_text: height = np.float64(0.1)
216.9900 	EXP 	LDT_stim_text: height = np.float64(0.1)
216.9900 	EXP 	LDT_stim_text: text = 'warm'
216.9900 	EXP 	LDT_fix_text: autoDraw = True
216.9908 	DATA 	Keypress: l
217.0822 	EXP 	Device response: <KeyPress from None: t=216.9783467999996, value=l, duration=0.1035689000000275>
217.4738 	EXP 	LDT_stim_text: autoDraw = True
217.4822 	EXP 	LDT_fix_text: autoDraw = False
217.8913 	EXP 	Device response: <KeyPress from None: t=217.88982849999957, value=l, duration=None>
217.8915 	EXP 	New trial (rep=0, index=168): <Trial 168 (168 in rep 0) data={'Task': 'LDT', 'TrialType': 'Target', 'Stimuli': 'tran', 'StimulusType': 'nonword', 'CorrectResponse': 'a', 'Trialnumb': 206, 'thisN': 168, 'thisTrialN': 168, 'thisRepN': 0}>
217.8993 	EXP 	LDT_fix_text: autoDraw = False
217.8993 	EXP 	LDT_stim_text: autoDraw = False
217.8993 	EXP 	LDT_break_text: autoDraw = False
217.8993 	EXP 	LDT_stim_text: height = np.float64(0.1)
217.8993 	EXP 	LDT_stim_text: height = np.float64(0.1)
217.8993 	EXP 	LDT_stim_text: height = np.float64(0.1)
217.8993 	EXP 	LDT_stim_text: text = 'tran'
217.8993 	EXP 	LDT_fix_text: autoDraw = True
217.8999 	DATA 	Keypress: l
217.9996 	EXP 	Device response: <KeyPress from None: t=217.88982849999957, value=l, duration=0.10512190000008559>
218.3831 	EXP 	LDT_stim_text: autoDraw = True
218.3914 	EXP 	LDT_fix_text: autoDraw = False
218.7254 	EXP 	Device response: <KeyPress from None: t=218.72216229999958, value=l, duration=None>
218.7256 	EXP 	New trial (rep=0, index=169): <Trial 169 (169 in rep 0) data={'Task': 'LDT', 'TrialType': 'Target', 'Stimuli': 'drove', 'StimulusType': 'word', 'CorrectResponse': 'l', 'Trialnumb': 90, 'thisN': 169, 'thisTrialN': 169, 'thisRepN': 0}>
218.7335 	EXP 	LDT_fix_text: autoDraw = False
218.7335 	EXP 	LDT_stim_text: autoDraw = False
218.7335 	EXP 	LDT_break_text: autoDraw = False
218.7335 	EXP 	LDT_stim_text: height = np.float64(0.1)
218.7335 	EXP 	LDT_stim_text: height = np.float64(0.1)
218.7335 	EXP 	LDT_stim_text: height = np.float64(0.1)
218.7335 	EXP 	LDT_stim_text: text = 'drove'
218.7335 	EXP 	LDT_fix_text: autoDraw = True
218.7340 	DATA 	Keypress: l
218.8171 	EXP 	Device response: <KeyPress from None: t=218.72216229999958, value=l, duration=0.087852500000281>
219.2173 	EXP 	LDT_stim_text: autoDraw = True
219.2256 	EXP 	LDT_fix_text: autoDraw = False
219.7847 	EXP 	Device response: <KeyPress from None: t=219.77756799999997, value=l, duration=None>
219.7849 	EXP 	New trial (rep=0, index=170): <Trial 170 (170 in rep 0) data={'Task': 'LDT', 'TrialType': 'Target', 'Stimuli': 'sale', 'StimulusType': 'word', 'CorrectResponse': 'l', 'Trialnumb': 93, 'thisN': 170, 'thisTrialN': 170, 'thisRepN': 0}>
219.7929 	EXP 	LDT_fix_text: autoDraw = False
219.7929 	EXP 	LDT_stim_text: autoDraw = False
219.7929 	EXP 	LDT_break_text: autoDraw = False
219.7929 	EXP 	LDT_stim_text: height = np.float64(0.1)
219.7929 	EXP 	LDT_stim_text: height = np.float64(0.1)
219.7929 	EXP 	LDT_stim_text: height = np.float64(0.1)
219.7929 	EXP 	LDT_stim_text: text = 'sale'
219.7929 	EXP 	LDT_fix_text: autoDraw = True
219.7934 	DATA 	Keypress: l
219.8765 	EXP 	Device response: <KeyPress from None: t=219.77756799999997, value=l, duration=0.09572239999988597>
220.2766 	EXP 	LDT_stim_text: autoDraw = True
220.2850 	EXP 	LDT_fix_text: autoDraw = False
220.7441 	EXP 	Device response: <KeyPress from None: t=220.7379208999996, value=l, duration=None>
220.7443 	EXP 	New trial (rep=0, index=171): <Trial 171 (171 in rep 0) data={'Task': 'LDT', 'TrialType': 'Target', 'Stimuli': 'chat', 'StimulusType': 'word', 'CorrectResponse': 'l', 'Trialnumb': 103, 'thisN': 171, 'thisTrialN': 171, 'thisRepN': 0}>
220.7521 	EXP 	LDT_fix_text: autoDraw = False
220.7521 	EXP 	LDT_stim_text: autoDraw = False
220.7521 	EXP 	LDT_break_text: autoDraw = False
220.7521 	EXP 	LDT_stim_text: height = np.float64(0.1)
220.7521 	EXP 	LDT_stim_text: height = np.float64(0.1)
220.7521 	EXP 	LDT_stim_text: height = np.float64(0.1)
220.7521 	EXP 	LDT_stim_text: text = 'chat'
220.7521 	EXP 	LDT_fix_text: autoDraw = True
220.7526 	DATA 	Keypress: l
220.8524 	EXP 	Device response: <KeyPress from None: t=220.7379208999996, value=l, duration=0.11269720000018424>
221.2359 	EXP 	LDT_stim_text: autoDraw = True
221.2443 	EXP 	LDT_fix_text: autoDraw = False
221.6617 	EXP 	Device response: <KeyPress from None: t=221.6575045999998, value=l, duration=None>
221.6619 	EXP 	New trial (rep=0, index=172): <Trial 172 (172 in rep 0) data={'Task': 'LDT', 'TrialType': 'Target', 'Stimuli': 'gali', 'StimulusType': 'nonword', 'CorrectResponse': 'a', 'Trialnumb': 113, 'thisN': 172, 'thisTrialN': 172, 'thisRepN': 0}>
221.6698 	EXP 	LDT_fix_text: autoDraw = False
221.6698 	EXP 	LDT_stim_text: autoDraw = False
221.6698 	EXP 	LDT_break_text: autoDraw = False
221.6698 	EXP 	LDT_stim_text: height = np.float64(0.1)
221.6698 	EXP 	LDT_stim_text: height = np.float64(0.1)
221.6698 	EXP 	LDT_stim_text: height = np.float64(0.1)
221.6698 	EXP 	LDT_stim_text: text = 'gali'
221.6698 	EXP 	LDT_fix_text: autoDraw = True
221.6702 	DATA 	Keypress: l
221.7618 	EXP 	Device response: <KeyPress from None: t=221.6575045999998, value=l, duration=0.09580240000013873>
222.1535 	EXP 	LDT_stim_text: autoDraw = True
222.1618 	EXP 	LDT_fix_text: autoDraw = False
222.6877 	EXP 	Device response: <KeyPress from None: t=222.6821915999999, value=a, duration=None>
222.6879 	EXP 	New trial (rep=0, index=173): <Trial 173 (173 in rep 0) data={'Task': 'LDT', 'TrialType': 'Target', 'Stimuli': 'dry', 'StimulusType': 'word', 'CorrectResponse': 'l', 'Trialnumb': 77, 'thisN': 173, 'thisTrialN': 173, 'thisRepN': 0}>
222.6957 	EXP 	LDT_fix_text: autoDraw = False
222.6957 	EXP 	LDT_stim_text: autoDraw = False
222.6957 	EXP 	LDT_break_text: autoDraw = False
222.6957 	EXP 	LDT_stim_text: height = np.float64(0.1)
222.6957 	EXP 	LDT_stim_text: height = np.float64(0.1)
222.6957 	EXP 	LDT_stim_text: height = np.float64(0.1)
222.6957 	EXP 	LDT_stim_text: text = 'dry'
222.6957 	EXP 	LDT_fix_text: autoDraw = True
222.6962 	DATA 	Keypress: a
222.8128 	EXP 	Device response: <KeyPress from None: t=222.6821915999999, value=a, duration=0.1278349999997772>
223.1795 	EXP 	LDT_stim_text: autoDraw = True
223.1878 	EXP 	LDT_fix_text: autoDraw = False
223.5220 	EXP 	Device response: <KeyPress from None: t=223.52164489999996, value=l, duration=None>
223.5222 	EXP 	New trial (rep=0, index=174): <Trial 174 (174 in rep 0) data={'Task': 'LDT', 'TrialType': 'Target', 'Stimuli': 'week', 'StimulusType': 'word', 'CorrectResponse': 'l', 'Trialnumb': 28, 'thisN': 174, 'thisTrialN': 174, 'thisRepN': 0}>
223.5299 	EXP 	LDT_fix_text: autoDraw = False
223.5299 	EXP 	LDT_stim_text: autoDraw = False
223.5299 	EXP 	LDT_break_text: autoDraw = False
223.5299 	EXP 	LDT_stim_text: height = np.float64(0.1)
223.5299 	EXP 	LDT_stim_text: height = np.float64(0.1)
223.5299 	EXP 	LDT_stim_text: height = np.float64(0.1)
223.5299 	EXP 	LDT_stim_text: text = 'week'
223.5299 	EXP 	LDT_fix_text: autoDraw = True
223.5303 	DATA 	Keypress: l
223.6136 	EXP 	Device response: <KeyPress from None: t=223.52164489999996, value=l, duration=0.08841519999987213>
224.0137 	EXP 	LDT_stim_text: autoDraw = True
224.0221 	EXP 	LDT_fix_text: autoDraw = False
224.5481 	EXP 	Device response: <KeyPress from None: t=224.54564809999965, value=l, duration=None>
224.5483 	EXP 	New trial (rep=0, index=175): <Trial 175 (175 in rep 0) data={'Task': 'LDT', 'TrialType': 'Target', 'Stimuli': 'trick', 'StimulusType': 'word', 'CorrectResponse': 'l', 'Trialnumb': 75, 'thisN': 175, 'thisTrialN': 175, 'thisRepN': 0}>
224.5560 	EXP 	LDT_fix_text: autoDraw = False
224.5560 	EXP 	LDT_stim_text: autoDraw = False
224.5560 	EXP 	LDT_break_text: autoDraw = False
224.5560 	EXP 	LDT_stim_text: height = np.float64(0.1)
224.5560 	EXP 	LDT_stim_text: height = np.float64(0.1)
224.5560 	EXP 	LDT_stim_text: height = np.float64(0.1)
224.5560 	EXP 	LDT_stim_text: text = 'trick'
224.5560 	EXP 	LDT_fix_text: autoDraw = True
224.5568 	DATA 	Keypress: l
224.6647 	EXP 	Device response: <KeyPress from None: t=224.54564809999965, value=l, duration=0.11195360000010623>
225.0397 	EXP 	LDT_stim_text: autoDraw = True
225.0481 	EXP 	LDT_fix_text: autoDraw = False
225.4154 	EXP 	Device response: <KeyPress from None: t=225.4108551999998, value=l, duration=None>
225.4157 	EXP 	New trial (rep=0, index=176): <Trial 176 (176 in rep 0) data={'Task': 'LDT', 'TrialType': 'Target', 'Stimuli': 'pook', 'StimulusType': 'nonword', 'CorrectResponse': 'a', 'Trialnumb': 182, 'thisN': 176, 'thisTrialN': 176, 'thisRepN': 0}>
225.4234 	EXP 	LDT_fix_text: autoDraw = False
225.4234 	EXP 	LDT_stim_text: autoDraw = False
225.4234 	EXP 	LDT_break_text: autoDraw = False
225.4234 	EXP 	LDT_stim_text: height = np.float64(0.1)
225.4234 	EXP 	LDT_stim_text: height = np.float64(0.1)
225.4234 	EXP 	LDT_stim_text: height = np.float64(0.1)
225.4234 	EXP 	LDT_stim_text: text = 'pook'
225.4234 	EXP 	LDT_fix_text: autoDraw = True
225.4239 	DATA 	Keypress: l
225.5239 	EXP 	Device response: <KeyPress from None: t=225.4108551999998, value=l, duration=0.11143369999990682>
225.9072 	EXP 	LDT_stim_text: autoDraw = True
225.9156 	EXP 	LDT_fix_text: autoDraw = False
226.3579 	EXP 	Device response: <KeyPress from None: t=226.35406919999969, value=l, duration=None>
226.3582 	EXP 	New trial (rep=0, index=177): <Trial 177 (177 in rep 0) data={'Task': 'LDT', 'TrialType': 'Target', 'Stimuli': 'kang', 'StimulusType': 'nonword', 'CorrectResponse': 'a', 'Trialnumb': 162, 'thisN': 177, 'thisTrialN': 177, 'thisRepN': 0}>
226.3660 	EXP 	LDT_fix_text: autoDraw = False
226.3660 	EXP 	LDT_stim_text: autoDraw = False
226.3660 	EXP 	LDT_break_text: autoDraw = False
226.3660 	EXP 	LDT_stim_text: height = np.float64(0.1)
226.3660 	EXP 	LDT_stim_text: height = np.float64(0.1)
226.3660 	EXP 	LDT_stim_text: height = np.float64(0.1)
226.3660 	EXP 	LDT_stim_text: text = 'kang'
226.3660 	EXP 	LDT_fix_text: autoDraw = True
226.3666 	DATA 	Keypress: l
226.4581 	EXP 	Device response: <KeyPress from None: t=226.35406919999969, value=l, duration=0.10322210000003906>
226.8498 	EXP 	LDT_stim_text: autoDraw = True
226.8582 	EXP 	LDT_fix_text: autoDraw = False
227.3341 	EXP 	Device response: <KeyPress from None: t=227.3297048999998, value=l, duration=None>
227.3343 	EXP 	New trial (rep=0, index=178): <Trial 178 (178 in rep 0) data={'Task': 'LDT', 'TrialType': 'Target', 'Stimuli': 'food', 'StimulusType': 'word', 'CorrectResponse': 'l', 'Trialnumb': 5, 'thisN': 178, 'thisTrialN': 178, 'thisRepN': 0}>
227.3420 	EXP 	LDT_fix_text: autoDraw = False
227.3420 	EXP 	LDT_stim_text: autoDraw = False
227.3420 	EXP 	LDT_break_text: autoDraw = False
227.3420 	EXP 	LDT_stim_text: height = np.float64(0.1)
227.3420 	EXP 	LDT_stim_text: height = np.float64(0.1)
227.3420 	EXP 	LDT_stim_text: height = np.float64(0.1)
227.3420 	EXP 	LDT_stim_text: text = 'food'
227.3420 	EXP 	LDT_fix_text: autoDraw = True
227.3425 	DATA 	Keypress: l
227.4424 	EXP 	Device response: <KeyPress from None: t=227.3297048999998, value=l, duration=0.10428529999990133>
227.8258 	EXP 	LDT_stim_text: autoDraw = True
227.8342 	EXP 	LDT_fix_text: autoDraw = False
228.2932 	EXP 	Device response: <KeyPress from None: t=228.2896612999998, value=l, duration=None>
228.2935 	EXP 	New trial (rep=0, index=179): <Trial 179 (179 in rep 0) data={'Task': 'LDT', 'TrialType': 'Target', 'Stimuli': 'slim', 'StimulusType': 'word', 'CorrectResponse': 'l', 'Trialnumb': 111, 'thisN': 179, 'thisTrialN': 179, 'thisRepN': 0}>
228.3013 	EXP 	LDT_fix_text: autoDraw = False
228.3013 	EXP 	LDT_stim_text: autoDraw = False
228.3013 	EXP 	LDT_break_text: autoDraw = False
228.3013 	EXP 	LDT_stim_text: height = np.float64(0.1)
228.3013 	EXP 	LDT_stim_text: height = np.float64(0.1)
228.3013 	EXP 	LDT_stim_text: height = np.float64(0.1)
228.3013 	EXP 	LDT_stim_text: text = 'slim'
228.3013 	EXP 	LDT_fix_text: autoDraw = True
228.3019 	DATA 	Keypress: l
228.4100 	EXP 	Device response: <KeyPress from None: t=228.2896612999998, value=l, duration=0.12012830000003305>
228.7851 	EXP 	LDT_stim_text: autoDraw = True
228.7935 	EXP 	LDT_fix_text: autoDraw = False
229.3359 	EXP 	Device response: <KeyPress from None: t=229.32930339999984, value=l, duration=None>
229.3362 	EXP 	New trial (rep=0, index=180): <Trial 180 (180 in rep 0) data={'Task': 'LDT', 'TrialType': 'Target', 'Stimuli': 'shoa', 'StimulusType': 'nonword', 'CorrectResponse': 'a', 'Trialnumb': 191, 'thisN': 180, 'thisTrialN': 180, 'thisRepN': 0}>
229.3440 	EXP 	LDT_fix_text: autoDraw = False
229.3440 	EXP 	LDT_stim_text: autoDraw = False
229.3440 	EXP 	LDT_break_text: autoDraw = False
229.3440 	EXP 	LDT_stim_text: height = np.float64(0.1)
229.3440 	EXP 	LDT_stim_text: height = np.float64(0.1)
229.3440 	EXP 	LDT_stim_text: height = np.float64(0.1)
229.3440 	EXP 	LDT_stim_text: text = 'shoa'
229.3440 	EXP 	LDT_fix_text: autoDraw = True
229.3446 	DATA 	Keypress: l
229.4278 	EXP 	Device response: <KeyPress from None: t=229.32930339999984, value=l, duration=0.09702549999974508>
229.8278 	EXP 	LDT_stim_text: autoDraw = True
229.8362 	EXP 	LDT_fix_text: autoDraw = False
230.3619 	EXP 	Device response: <KeyPress from None: t=230.35408439999992, value=a, duration=None>
230.3621 	EXP 	New trial (rep=0, index=181): <Trial 181 (181 in rep 0) data={'Task': 'LDT', 'TrialType': 'Target', 'Stimuli': 'tuse', 'StimulusType': 'nonword', 'CorrectResponse': 'a', 'Trialnumb': 209, 'thisN': 181, 'thisTrialN': 181, 'thisRepN': 0}>
230.3700 	EXP 	LDT_fix_text: autoDraw = False
230.3700 	EXP 	LDT_stim_text: autoDraw = False
230.3700 	EXP 	LDT_break_text: autoDraw = False
230.3700 	EXP 	LDT_stim_text: height = np.float64(0.1)
230.3700 	EXP 	LDT_stim_text: height = np.float64(0.1)
230.3700 	EXP 	LDT_stim_text: height = np.float64(0.1)
230.3700 	EXP 	LDT_stim_text: text = 'tuse'
230.3700 	EXP 	LDT_fix_text: autoDraw = True
230.3706 	DATA 	Keypress: a
230.5038 	EXP 	Device response: <KeyPress from None: t=230.35408439999992, value=a, duration=0.1433726000000206>
230.8538 	EXP 	LDT_stim_text: autoDraw = True
230.8622 	EXP 	LDT_fix_text: autoDraw = False
231.4549 	EXP 	Device response: <KeyPress from None: t=231.44983079999975, value=a, duration=None>
231.4552 	EXP 	New trial (rep=0, index=182): <Trial 182 (182 in rep 0) data={'Task': 'LDT', 'TrialType': 'Target', 'Stimuli': 'gord', 'StimulusType': 'nonword', 'CorrectResponse': 'a', 'Trialnumb': 148, 'thisN': 182, 'thisTrialN': 182, 'thisRepN': 0}>
231.4628 	EXP 	LDT_fix_text: autoDraw = False
231.4628 	EXP 	LDT_stim_text: autoDraw = False
231.4628 	EXP 	LDT_break_text: autoDraw = False
231.4628 	EXP 	LDT_stim_text: height = np.float64(0.1)
231.4628 	EXP 	LDT_stim_text: height = np.float64(0.1)
231.4628 	EXP 	LDT_stim_text: height = np.float64(0.1)
231.4628 	EXP 	LDT_stim_text: text = 'gord'
231.4628 	EXP 	LDT_fix_text: autoDraw = True
231.4633 	DATA 	Keypress: a
231.6216 	EXP 	Device response: <KeyPress from None: t=231.44983079999975, value=a, duration=0.1678074999999808>
231.9466 	EXP 	LDT_stim_text: autoDraw = True
231.9549 	EXP 	LDT_fix_text: autoDraw = False
232.4391 	EXP 	Device response: <KeyPress from None: t=232.43351689999963, value=l, duration=None>
232.4393 	EXP 	New trial (rep=0, index=183): <Trial 183 (183 in rep 0) data={'Task': 'LDT', 'TrialType': 'Target', 'Stimuli': 'pay', 'StimulusType': 'word', 'CorrectResponse': 'l', 'Trialnumb': 42, 'thisN': 183, 'thisTrialN': 183, 'thisRepN': 0}>
232.4471 	EXP 	LDT_fix_text: autoDraw = False
232.4471 	EXP 	LDT_stim_text: autoDraw = False
232.4471 	EXP 	LDT_break_text: autoDraw = False
232.4471 	EXP 	LDT_stim_text: height = np.float64(0.1)
232.4471 	EXP 	LDT_stim_text: height = np.float64(0.1)
232.4471 	EXP 	LDT_stim_text: height = np.float64(0.1)
232.4471 	EXP 	LDT_stim_text: text = 'pay'
232.4471 	EXP 	LDT_fix_text: autoDraw = True
232.4477 	DATA 	Keypress: l
232.4974 	EXP 	Device response: <KeyPress from None: t=232.43351689999963, value=l, duration=0.05628939999996874>
232.9309 	EXP 	LDT_stim_text: autoDraw = True
232.9392 	EXP 	LDT_fix_text: autoDraw = False
233.3567 	EXP 	Device response: <KeyPress from None: t=233.35416989999976, value=l, duration=None>
233.3570 	EXP 	New trial (rep=0, index=184): <Trial 184 (184 in rep 0) data={'Task': 'LDT', 'TrialType': 'Target', 'Stimuli': 'junk', 'StimulusType': 'word', 'CorrectResponse': 'l', 'Trialnumb': 105, 'thisN': 184, 'thisTrialN': 184, 'thisRepN': 0}>
233.3647 	EXP 	LDT_fix_text: autoDraw = False
233.3647 	EXP 	LDT_stim_text: autoDraw = False
233.3647 	EXP 	LDT_break_text: autoDraw = False
233.3647 	EXP 	LDT_stim_text: height = np.float64(0.1)
233.3647 	EXP 	LDT_stim_text: height = np.float64(0.1)
233.3647 	EXP 	LDT_stim_text: height = np.float64(0.1)
233.3647 	EXP 	LDT_stim_text: text = 'junk'
233.3647 	EXP 	LDT_fix_text: autoDraw = True
233.3652 	DATA 	Keypress: l
233.4318 	EXP 	Device response: <KeyPress from None: t=233.35416989999976, value=l, duration=0.07135470000002897>
233.8485 	EXP 	LDT_stim_text: autoDraw = True
233.8568 	EXP 	LDT_fix_text: autoDraw = False
234.5745 	EXP 	Device response: <KeyPress from None: t=234.56936499999983, value=l, duration=None>
234.5748 	EXP 	New trial (rep=0, index=185): <Trial 185 (185 in rep 0) data={'Task': 'LDT', 'TrialType': 'Target', 'Stimuli': 'toop', 'StimulusType': 'nonword', 'CorrectResponse': 'a', 'Trialnumb': 204, 'thisN': 185, 'thisTrialN': 185, 'thisRepN': 0}>
234.5826 	EXP 	LDT_fix_text: autoDraw = False
234.5826 	EXP 	LDT_stim_text: autoDraw = False
234.5826 	EXP 	LDT_break_text: autoDraw = False
234.5826 	EXP 	LDT_stim_text: height = np.float64(0.1)
234.5826 	EXP 	LDT_stim_text: height = np.float64(0.1)
234.5826 	EXP 	LDT_stim_text: height = np.float64(0.1)
234.5826 	EXP 	LDT_stim_text: text = 'toop'
234.5826 	EXP 	LDT_fix_text: autoDraw = True
234.5833 	DATA 	Keypress: l
234.6666 	EXP 	Device response: <KeyPress from None: t=234.56936499999983, value=l, duration=0.09661740000001373>
235.0663 	EXP 	LDT_stim_text: autoDraw = True
235.0747 	EXP 	LDT_fix_text: autoDraw = False
235.4253 	EXP 	Device response: <KeyPress from None: t=235.41739059999964, value=l, duration=None>
235.4256 	EXP 	New trial (rep=0, index=186): <Trial 186 (186 in rep 0) data={'Task': 'LDT', 'TrialType': 'Target', 'Stimuli': 'cing', 'StimulusType': 'nonword', 'CorrectResponse': 'a', 'Trialnumb': 127, 'thisN': 186, 'thisTrialN': 186, 'thisRepN': 0}>
235.4334 	EXP 	LDT_fix_text: autoDraw = False
235.4334 	EXP 	LDT_stim_text: autoDraw = False
235.4334 	EXP 	LDT_break_text: autoDraw = False
235.4334 	EXP 	LDT_stim_text: height = np.float64(0.1)
235.4334 	EXP 	LDT_stim_text: height = np.float64(0.1)
235.4334 	EXP 	LDT_stim_text: height = np.float64(0.1)
235.4334 	EXP 	LDT_stim_text: text = 'cing'
235.4334 	EXP 	LDT_fix_text: autoDraw = True
235.4338 	DATA 	Keypress: l
235.5422 	EXP 	Device response: <KeyPress from None: t=235.41739059999964, value=l, duration=0.12116779999996652>
235.9172 	EXP 	LDT_stim_text: autoDraw = True
235.9256 	EXP 	LDT_fix_text: autoDraw = False
236.6600 	EXP 	Device response: <KeyPress from None: t=236.65819509999983, value=l, duration=None>
236.6603 	EXP 	New trial (rep=0, index=187): <Trial 187 (187 in rep 0) data={'Task': 'LDT', 'TrialType': 'Target', 'Stimuli': 'blue', 'StimulusType': 'word', 'CorrectResponse': 'l', 'Trialnumb': 57, 'thisN': 187, 'thisTrialN': 187, 'thisRepN': 0}>
236.6681 	EXP 	LDT_fix_text: autoDraw = False
236.6681 	EXP 	LDT_stim_text: autoDraw = False
236.6681 	EXP 	LDT_break_text: autoDraw = False
236.6681 	EXP 	LDT_stim_text: height = np.float64(0.1)
236.6681 	EXP 	LDT_stim_text: height = np.float64(0.1)
236.6681 	EXP 	LDT_stim_text: height = np.float64(0.1)
236.6681 	EXP 	LDT_stim_text: text = 'blue'
236.6681 	EXP 	LDT_fix_text: autoDraw = True
236.6687 	DATA 	Keypress: l
236.7683 	EXP 	Device response: <KeyPress from None: t=236.65819509999983, value=l, duration=0.10377479999988282>
237.1518 	EXP 	LDT_stim_text: autoDraw = True
237.1601 	EXP 	LDT_fix_text: autoDraw = False
237.7277 	EXP 	Device response: <KeyPress from None: t=237.72153979999985, value=l, duration=None>
237.7279 	EXP 	New trial (rep=0, index=188): <Trial 188 (188 in rep 0) data={'Task': 'LDT', 'TrialType': 'Target', 'Stimuli': 'jeed', 'StimulusType': 'nonword', 'CorrectResponse': 'a', 'Trialnumb': 158, 'thisN': 188, 'thisTrialN': 188, 'thisRepN': 0}>
237.7357 	EXP 	LDT_fix_text: autoDraw = False
237.7357 	EXP 	LDT_stim_text: autoDraw = False
237.7357 	EXP 	LDT_break_text: autoDraw = False
237.7357 	EXP 	LDT_stim_text: height = np.float64(0.1)
237.7357 	EXP 	LDT_stim_text: height = np.float64(0.1)
237.7357 	EXP 	LDT_stim_text: height = np.float64(0.1)
237.7357 	EXP 	LDT_stim_text: text = 'jeed'
237.7357 	EXP 	LDT_fix_text: autoDraw = True
237.7362 	DATA 	Keypress: l
237.8444 	EXP 	Device response: <KeyPress from None: t=237.72153979999985, value=l, duration=0.11994229999982053>
238.2195 	EXP 	LDT_stim_text: autoDraw = True
238.2278 	EXP 	LDT_fix_text: autoDraw = False
238.8038 	EXP 	Device response: <KeyPress from None: t=238.80199559999983, value=a, duration=None>
238.8040 	EXP 	New trial (rep=0, index=189): <Trial 189 (189 in rep 0) data={'Task': 'LDT', 'TrialType': 'Target', 'Stimuli': 'media', 'StimulusType': 'word', 'CorrectResponse': 'l', 'Trialnumb': 46, 'thisN': 189, 'thisTrialN': 189, 'thisRepN': 0}>
238.8117 	EXP 	LDT_fix_text: autoDraw = False
238.8117 	EXP 	LDT_stim_text: autoDraw = False
238.8117 	EXP 	LDT_break_text: autoDraw = False
238.8117 	EXP 	LDT_stim_text: height = np.float64(0.1)
238.8117 	EXP 	LDT_stim_text: height = np.float64(0.1)
238.8117 	EXP 	LDT_stim_text: height = np.float64(0.1)
238.8117 	EXP 	LDT_stim_text: text = 'media'
238.8117 	EXP 	LDT_fix_text: autoDraw = True
238.8123 	DATA 	Keypress: a
238.9289 	EXP 	Device response: <KeyPress from None: t=238.80199559999983, value=a, duration=0.1194855999997344>
239.2956 	EXP 	LDT_stim_text: autoDraw = True
239.3039 	EXP 	LDT_fix_text: autoDraw = False
239.7632 	EXP 	Device response: <KeyPress from None: t=239.76188149999962, value=l, duration=None>
239.7634 	EXP 	New trial (rep=0, index=190): <Trial 190 (190 in rep 0) data={'Task': 'LDT', 'TrialType': 'Target', 'Stimuli': 'sell', 'StimulusType': 'word', 'CorrectResponse': 'l', 'Trialnumb': 65, 'thisN': 190, 'thisTrialN': 190, 'thisRepN': 0}>
239.7711 	EXP 	LDT_fix_text: autoDraw = False
239.7711 	EXP 	LDT_stim_text: autoDraw = False
239.7711 	EXP 	LDT_break_text: autoDraw = False
239.7711 	EXP 	LDT_stim_text: height = np.float64(0.1)
239.7711 	EXP 	LDT_stim_text: height = np.float64(0.1)
239.7711 	EXP 	LDT_stim_text: height = np.float64(0.1)
239.7711 	EXP 	LDT_stim_text: text = 'sell'
239.7711 	EXP 	LDT_fix_text: autoDraw = True
239.7716 	DATA 	Keypress: l
239.8547 	EXP 	Device response: <KeyPress from None: t=239.76188149999962, value=l, duration=0.08805370000027324>
240.2548 	EXP 	LDT_stim_text: autoDraw = True
240.2632 	EXP 	LDT_fix_text: autoDraw = False
240.7724 	EXP 	Device response: <KeyPress from None: t=240.76992199999995, value=l, duration=None>
240.7726 	EXP 	New trial (rep=0, index=191): <Trial 191 (191 in rep 0) data={'Task': 'LDT', 'TrialType': 'Target', 'Stimuli': 'team', 'StimulusType': 'word', 'CorrectResponse': 'l', 'Trialnumb': 23, 'thisN': 191, 'thisTrialN': 191, 'thisRepN': 0}>
240.7804 	EXP 	LDT_fix_text: autoDraw = False
240.7804 	EXP 	LDT_stim_text: autoDraw = False
240.7804 	EXP 	LDT_break_text: autoDraw = False
240.7804 	EXP 	LDT_stim_text: height = np.float64(0.1)
240.7804 	EXP 	LDT_stim_text: height = np.float64(0.1)
240.7804 	EXP 	LDT_stim_text: height = np.float64(0.1)
240.7804 	EXP 	LDT_stim_text: text = 'team'
240.7804 	EXP 	LDT_fix_text: autoDraw = True
240.7811 	DATA 	Keypress: l
240.8725 	EXP 	Device response: <KeyPress from None: t=240.76992199999995, value=l, duration=0.09553089999963049>
241.2642 	EXP 	LDT_stim_text: autoDraw = True
241.2726 	EXP 	LDT_fix_text: autoDraw = False
241.7066 	EXP 	Device response: <KeyPress from None: t=241.69841559999986, value=l, duration=None>
241.7068 	EXP 	New trial (rep=0, index=192): <Trial 192 (192 in rep 0) data={'Task': 'LDT', 'TrialType': 'Target', 'Stimuli': 'ran', 'StimulusType': 'word', 'CorrectResponse': 'l', 'Trialnumb': 66, 'thisN': 192, 'thisTrialN': 192, 'thisRepN': 0}>
241.7148 	EXP 	LDT_fix_text: autoDraw = False
241.7148 	EXP 	LDT_stim_text: autoDraw = False
241.7148 	EXP 	LDT_break_text: autoDraw = False
241.7148 	EXP 	LDT_stim_text: height = np.float64(0.1)
241.7148 	EXP 	LDT_stim_text: height = np.float64(0.1)
241.7148 	EXP 	LDT_stim_text: height = np.float64(0.1)
241.7148 	EXP 	LDT_stim_text: text = 'ran'
241.7148 	EXP 	LDT_fix_text: autoDraw = True
241.7153 	DATA 	Keypress: l
241.8067 	EXP 	Device response: <KeyPress from None: t=241.69841559999986, value=l, duration=0.1037874999997257>
242.1984 	EXP 	LDT_stim_text: autoDraw = True
242.2068 	EXP 	LDT_fix_text: autoDraw = False
242.6826 	EXP 	Device response: <KeyPress from None: t=242.68154799999957, value=l, duration=None>
242.6830 	EXP 	New trial (rep=0, index=193): <Trial 193 (193 in rep 0) data={'Task': 'LDT', 'TrialType': 'Target', 'Stimuli': 'under', 'StimulusType': 'word', 'CorrectResponse': 'l', 'Trialnumb': 39, 'thisN': 193, 'thisTrialN': 193, 'thisRepN': 0}>
242.6906 	EXP 	LDT_fix_text: autoDraw = False
242.6906 	EXP 	LDT_stim_text: autoDraw = False
242.6906 	EXP 	LDT_break_text: autoDraw = False
242.6906 	EXP 	LDT_stim_text: height = np.float64(0.1)
242.6906 	EXP 	LDT_stim_text: height = np.float64(0.1)
242.6906 	EXP 	LDT_stim_text: height = np.float64(0.1)
242.6906 	EXP 	LDT_stim_text: text = 'under'
242.6906 	EXP 	LDT_fix_text: autoDraw = True
242.6912 	DATA 	Keypress: l
242.7994 	EXP 	Device response: <KeyPress from None: t=242.68154799999957, value=l, duration=0.11230460000024323>
243.1744 	EXP 	LDT_stim_text: autoDraw = True
243.1828 	EXP 	LDT_fix_text: autoDraw = False
243.6086 	EXP 	Device response: <KeyPress from None: t=243.60153019999962, value=l, duration=None>
243.6088 	EXP 	New trial (rep=0, index=194): <Trial 194 (194 in rep 0) data={'Task': 'LDT', 'TrialType': 'Target', 'Stimuli': 'yast', 'StimulusType': 'nonword', 'CorrectResponse': 'a', 'Trialnumb': 218, 'thisN': 194, 'thisTrialN': 194, 'thisRepN': 0}>
243.6166 	EXP 	LDT_fix_text: autoDraw = False
243.6166 	EXP 	LDT_stim_text: autoDraw = False
243.6166 	EXP 	LDT_break_text: autoDraw = False
243.6166 	EXP 	LDT_stim_text: height = np.float64(0.1)
243.6166 	EXP 	LDT_stim_text: height = np.float64(0.1)
243.6166 	EXP 	LDT_stim_text: height = np.float64(0.1)
243.6166 	EXP 	LDT_stim_text: text = 'yast'
243.6166 	EXP 	LDT_fix_text: autoDraw = True
243.6173 	DATA 	Keypress: l
243.7002 	EXP 	Device response: <KeyPress from None: t=243.60153019999962, value=l, duration=0.09618090000003576>
244.1004 	EXP 	LDT_stim_text: autoDraw = True
244.1087 	EXP 	LDT_fix_text: autoDraw = False
244.4345 	EXP 	Device response: <KeyPress from None: t=244.43376389999958, value=l, duration=None>
244.4347 	EXP 	New trial (rep=0, index=195): <Trial 195 (195 in rep 0) data={'Task': 'LDT', 'TrialType': 'Target', 'Stimuli': 'cast', 'StimulusType': 'word', 'CorrectResponse': 'l', 'Trialnumb': 95, 'thisN': 195, 'thisTrialN': 195, 'thisRepN': 0}>
244.4423 	EXP 	LDT_fix_text: autoDraw = False
244.4423 	EXP 	LDT_stim_text: autoDraw = False
244.4423 	EXP 	LDT_break_text: autoDraw = False
244.4423 	EXP 	LDT_stim_text: height = np.float64(0.1)
244.4423 	EXP 	LDT_stim_text: height = np.float64(0.1)
244.4423 	EXP 	LDT_stim_text: height = np.float64(0.1)
244.4423 	EXP 	LDT_stim_text: text = 'cast'
244.4423 	EXP 	LDT_fix_text: autoDraw = True
244.4429 	DATA 	Keypress: l
244.5180 	EXP 	Device response: <KeyPress from None: t=244.43376389999958, value=l, duration=0.08135320000019419>
244.9262 	EXP 	LDT_stim_text: autoDraw = True
244.9345 	EXP 	LDT_fix_text: autoDraw = False
245.3687 	EXP 	Device response: <KeyPress from None: t=245.36192779999965, value=l, duration=None>
245.3689 	EXP 	New trial (rep=0, index=196): <Trial 196 (196 in rep 0) data={'Task': 'LDT', 'TrialType': 'Target', 'Stimuli': 'stad', 'StimulusType': 'nonword', 'CorrectResponse': 'a', 'Trialnumb': 116, 'thisN': 196, 'thisTrialN': 196, 'thisRepN': 0}>
245.3766 	EXP 	LDT_fix_text: autoDraw = False
245.3766 	EXP 	LDT_stim_text: autoDraw = False
245.3766 	EXP 	LDT_break_text: autoDraw = False
245.3766 	EXP 	LDT_stim_text: height = np.float64(0.1)
245.3766 	EXP 	LDT_stim_text: height = np.float64(0.1)
245.3766 	EXP 	LDT_stim_text: height = np.float64(0.1)
245.3766 	EXP 	LDT_stim_text: text = 'stad'
245.3766 	EXP 	LDT_fix_text: autoDraw = True
245.3771 	DATA 	Keypress: l
245.4520 	EXP 	Device response: <KeyPress from None: t=245.36192779999965, value=l, duration=0.08758680000028107>
245.8604 	EXP 	LDT_stim_text: autoDraw = True
245.8688 	EXP 	LDT_fix_text: autoDraw = False
246.4947 	EXP 	Device response: <KeyPress from None: t=246.48987429999988, value=a, duration=None>
246.4950 	EXP 	New trial (rep=0, index=197): <Trial 197 (197 in rep 0) data={'Task': 'LDT', 'TrialType': 'Target', 'Stimuli': 'tour', 'StimulusType': 'word', 'CorrectResponse': 'l', 'Trialnumb': 88, 'thisN': 197, 'thisTrialN': 197, 'thisRepN': 0}>
246.5028 	EXP 	LDT_fix_text: autoDraw = False
246.5028 	EXP 	LDT_stim_text: autoDraw = False
246.5028 	EXP 	LDT_break_text: autoDraw = False
246.5028 	EXP 	LDT_stim_text: height = np.float64(0.1)
246.5028 	EXP 	LDT_stim_text: height = np.float64(0.1)
246.5028 	EXP 	LDT_stim_text: height = np.float64(0.1)
246.5028 	EXP 	LDT_stim_text: text = 'tour'
246.5028 	EXP 	LDT_fix_text: autoDraw = True
246.5033 	DATA 	Keypress: a
246.6449 	EXP 	Device response: <KeyPress from None: t=246.48987429999988, value=a, duration=0.15168229999972027>
246.9866 	EXP 	LDT_stim_text: autoDraw = True
246.9949 	EXP 	LDT_fix_text: autoDraw = False
247.4207 	EXP 	Device response: <KeyPress from None: t=247.4176196999997, value=l, duration=None>
247.4210 	EXP 	New trial (rep=0, index=198): <Trial 198 (198 in rep 0) data={'Task': 'LDT', 'TrialType': 'Target', 'Stimuli': 'vome', 'StimulusType': 'nonword', 'CorrectResponse': 'a', 'Trialnumb': 213, 'thisN': 198, 'thisTrialN': 198, 'thisRepN': 0}>
247.4287 	EXP 	LDT_fix_text: autoDraw = False
247.4287 	EXP 	LDT_stim_text: autoDraw = False
247.4287 	EXP 	LDT_break_text: autoDraw = False
247.4287 	EXP 	LDT_stim_text: height = np.float64(0.1)
247.4287 	EXP 	LDT_stim_text: height = np.float64(0.1)
247.4287 	EXP 	LDT_stim_text: height = np.float64(0.1)
247.4287 	EXP 	LDT_stim_text: text = 'vome'
247.4287 	EXP 	LDT_fix_text: autoDraw = True
247.4293 	DATA 	Keypress: l
247.5290 	EXP 	Device response: <KeyPress from None: t=247.4176196999997, value=l, duration=0.10523330000023634>
247.9125 	EXP 	LDT_stim_text: autoDraw = True
247.9208 	EXP 	LDT_fix_text: autoDraw = False
248.5050 	EXP 	Device response: <KeyPress from None: t=248.4981630999996, value=a, duration=None>
248.5053 	EXP 	New trial (rep=0, index=199): <Trial 199 (199 in rep 0) data={'Task': 'LDT', 'TrialType': 'Target', 'Stimuli': 'ranny', 'StimulusType': 'nonword', 'CorrectResponse': 'a', 'Trialnumb': 114, 'thisN': 199, 'thisTrialN': 199, 'thisRepN': 0}>
248.5131 	EXP 	LDT_fix_text: autoDraw = False
248.5131 	EXP 	LDT_stim_text: autoDraw = False
248.5131 	EXP 	LDT_break_text: autoDraw = False
248.5131 	EXP 	LDT_stim_text: height = np.float64(0.1)
248.5131 	EXP 	LDT_stim_text: height = np.float64(0.1)
248.5131 	EXP 	LDT_stim_text: height = np.float64(0.1)
248.5131 	EXP 	LDT_stim_text: text = 'ranny'
248.5131 	EXP 	LDT_fix_text: autoDraw = True
248.5137 	DATA 	Keypress: a
248.6134 	EXP 	Device response: <KeyPress from None: t=248.4981630999996, value=a, duration=0.11171350000040547>
248.9969 	EXP 	LDT_stim_text: autoDraw = True
249.0052 	EXP 	LDT_fix_text: autoDraw = False
249.5977 	EXP 	Device response: <KeyPress from None: t=249.59358199999997, value=a, duration=None>
249.5979 	EXP 	New trial (rep=0, index=200): <Trial 200 (200 in rep 0) data={'Task': 'LDT', 'TrialType': 'Target', 'Stimuli': 'dass', 'StimulusType': 'nonword', 'CorrectResponse': 'a', 'Trialnumb': 135, 'thisN': 200, 'thisTrialN': 200, 'thisRepN': 0}>
249.6058 	EXP 	LDT_fix_text: autoDraw = False
249.6058 	EXP 	LDT_stim_text: autoDraw = False
249.6058 	EXP 	LDT_break_text: autoDraw = False
249.6058 	EXP 	LDT_stim_text: height = np.float64(0.1)
249.6058 	EXP 	LDT_stim_text: height = np.float64(0.1)
249.6058 	EXP 	LDT_stim_text: height = np.float64(0.1)
249.6058 	EXP 	LDT_stim_text: text = 'dass'
249.6058 	EXP 	LDT_fix_text: autoDraw = True
249.6064 	DATA 	Keypress: a
249.7230 	EXP 	Device response: <KeyPress from None: t=249.59358199999997, value=a, duration=0.1282894999999371>
250.0898 	EXP 	LDT_stim_text: autoDraw = True
250.0980 	EXP 	LDT_fix_text: autoDraw = False
250.7156 	EXP 	Device response: <KeyPress from None: t=250.71332509999957, value=a, duration=None>
250.7159 	EXP 	New trial (rep=0, index=201): <Trial 201 (201 in rep 0) data={'Task': 'LDT', 'TrialType': 'Target', 'Stimuli': 'lals', 'StimulusType': 'nonword', 'CorrectResponse': 'a', 'Trialnumb': 167, 'thisN': 201, 'thisTrialN': 201, 'thisRepN': 0}>
250.7236 	EXP 	LDT_fix_text: autoDraw = False
250.7236 	EXP 	LDT_stim_text: autoDraw = False
250.7236 	EXP 	LDT_break_text: autoDraw = False
250.7236 	EXP 	LDT_stim_text: height = np.float64(0.1)
250.7236 	EXP 	LDT_stim_text: height = np.float64(0.1)
250.7236 	EXP 	LDT_stim_text: height = np.float64(0.1)
250.7236 	EXP 	LDT_stim_text: text = 'lals'
250.7236 	EXP 	LDT_fix_text: autoDraw = True
250.7241 	DATA 	Keypress: a
250.8574 	EXP 	Device response: <KeyPress from None: t=250.71332509999957, value=a, duration=0.1365395000002536>
251.2074 	EXP 	LDT_stim_text: autoDraw = True
251.2158 	EXP 	LDT_fix_text: autoDraw = False
251.7083 	EXP 	Device response: <KeyPress from None: t=251.70531789999995, value=a, duration=None>
251.7087 	EXP 	New trial (rep=0, index=202): <Trial 202 (202 in rep 0) data={'Task': 'LDT', 'TrialType': 'Target', 'Stimuli': 'peaf', 'StimulusType': 'nonword', 'CorrectResponse': 'a', 'Trialnumb': 179, 'thisN': 202, 'thisTrialN': 202, 'thisRepN': 0}>
251.7163 	EXP 	LDT_fix_text: autoDraw = False
251.7163 	EXP 	LDT_stim_text: autoDraw = False
251.7163 	EXP 	LDT_break_text: autoDraw = False
251.7163 	EXP 	LDT_stim_text: height = np.float64(0.1)
251.7163 	EXP 	LDT_stim_text: height = np.float64(0.1)
251.7163 	EXP 	LDT_stim_text: height = np.float64(0.1)
251.7163 	EXP 	LDT_stim_text: text = 'peaf'
251.7163 	EXP 	LDT_fix_text: autoDraw = True
251.7170 	DATA 	Keypress: a
251.8167 	EXP 	Device response: <KeyPress from None: t=251.70531789999995, value=a, duration=0.1047048000000359>
252.2001 	EXP 	LDT_stim_text: autoDraw = True
252.2084 	EXP 	LDT_fix_text: autoDraw = False
252.7512 	EXP 	Device response: <KeyPress from None: t=252.74572509999962, value=a, duration=None>
252.7515 	EXP 	New trial (rep=0, index=203): <Trial 203 (203 in rep 0) data={'Task': 'LDT', 'TrialType': 'Target', 'Stimuli': 'cips', 'StimulusType': 'nonword', 'CorrectResponse': 'a', 'Trialnumb': 128, 'thisN': 203, 'thisTrialN': 203, 'thisRepN': 0}>
252.7591 	EXP 	LDT_fix_text: autoDraw = False
252.7591 	EXP 	LDT_stim_text: autoDraw = False
252.7591 	EXP 	LDT_break_text: autoDraw = False
252.7591 	EXP 	LDT_stim_text: height = np.float64(0.1)
252.7591 	EXP 	LDT_stim_text: height = np.float64(0.1)
252.7591 	EXP 	LDT_stim_text: height = np.float64(0.1)
252.7591 	EXP 	LDT_stim_text: text = 'cips'
252.7591 	EXP 	LDT_fix_text: autoDraw = True
252.7599 	DATA 	Keypress: a
252.8928 	EXP 	Device response: <KeyPress from None: t=252.74572509999962, value=a, duration=0.14450090000036653>
253.2428 	EXP 	LDT_stim_text: autoDraw = True
253.2511 	EXP 	LDT_fix_text: autoDraw = False
253.8939 	EXP 	Device response: <KeyPress from None: t=253.88957279999977, value=a, duration=None>
253.8941 	EXP 	New trial (rep=0, index=204): <Trial 204 (204 in rep 0) data={'Task': 'LDT', 'TrialType': 'Target', 'Stimuli': 'biss', 'StimulusType': 'nonword', 'CorrectResponse': 'a', 'Trialnumb': 123, 'thisN': 204, 'thisTrialN': 204, 'thisRepN': 0}>
253.9018 	EXP 	LDT_fix_text: autoDraw = False
253.9018 	EXP 	LDT_stim_text: autoDraw = False
253.9018 	EXP 	LDT_break_text: autoDraw = False
253.9018 	EXP 	LDT_stim_text: height = np.float64(0.1)
253.9018 	EXP 	LDT_stim_text: height = np.float64(0.1)
253.9018 	EXP 	LDT_stim_text: height = np.float64(0.1)
253.9018 	EXP 	LDT_stim_text: text = 'biss'
253.9018 	EXP 	LDT_fix_text: autoDraw = True
253.9024 	DATA 	Keypress: a
254.0023 	EXP 	Device response: <KeyPress from None: t=253.88957279999977, value=a, duration=0.11231910000014977>
254.3856 	EXP 	LDT_stim_text: autoDraw = True
254.3939 	EXP 	LDT_fix_text: autoDraw = False
254.9031 	EXP 	Device response: <KeyPress from None: t=254.8982493999997, value=a, duration=None>
254.9033 	EXP 	New trial (rep=0, index=205): <Trial 205 (205 in rep 0) data={'Task': 'LDT', 'TrialType': 'Target', 'Stimuli': 'back', 'StimulusType': 'word', 'CorrectResponse': 'l', 'Trialnumb': 8, 'thisN': 205, 'thisTrialN': 205, 'thisRepN': 0}>
254.9111 	EXP 	LDT_fix_text: autoDraw = False
254.9111 	EXP 	LDT_stim_text: autoDraw = False
254.9111 	EXP 	LDT_break_text: autoDraw = False
254.9111 	EXP 	LDT_stim_text: height = np.float64(0.1)
254.9111 	EXP 	LDT_stim_text: height = np.float64(0.1)
254.9111 	EXP 	LDT_stim_text: height = np.float64(0.1)
254.9111 	EXP 	LDT_stim_text: text = 'back'
254.9111 	EXP 	LDT_fix_text: autoDraw = True
254.9117 	DATA 	Keypress: a
255.0199 	EXP 	Device response: <KeyPress from None: t=254.8982493999997, value=a, duration=0.11947120000013456>
255.3950 	EXP 	LDT_stim_text: autoDraw = True
255.4032 	EXP 	LDT_fix_text: autoDraw = False
255.9376 	EXP 	Device response: <KeyPress from None: t=255.92953699999998, value=l, duration=None>
255.9378 	EXP 	New trial (rep=0, index=206): <Trial 206 (206 in rep 0) data={'Task': 'LDT', 'TrialType': 'Target', 'Stimuli': 'vour', 'StimulusType': 'nonword', 'CorrectResponse': 'a', 'Trialnumb': 214, 'thisN': 206, 'thisTrialN': 206, 'thisRepN': 0}>
255.9455 	EXP 	LDT_fix_text: autoDraw = False
255.9455 	EXP 	LDT_stim_text: autoDraw = False
255.9455 	EXP 	LDT_break_text: autoDraw = False
255.9455 	EXP 	LDT_stim_text: height = np.float64(0.1)
255.9455 	EXP 	LDT_stim_text: height = np.float64(0.1)
255.9455 	EXP 	LDT_stim_text: height = np.float64(0.1)
255.9455 	EXP 	LDT_stim_text: text = 'vour'
255.9455 	EXP 	LDT_fix_text: autoDraw = True
255.9461 	DATA 	Keypress: l
256.0542 	EXP 	Device response: <KeyPress from None: t=255.92953699999998, value=l, duration=0.11987909999970725>
256.4293 	EXP 	LDT_stim_text: autoDraw = True
256.4376 	EXP 	LDT_fix_text: autoDraw = False
256.9552 	EXP 	Device response: <KeyPress from None: t=256.9534801, value=a, duration=None>
256.9554 	EXP 	New trial (rep=0, index=207): <Trial 207 (207 in rep 0) data={'Task': 'LDT', 'TrialType': 'Target', 'Stimuli': 'ill', 'StimulusType': 'word', 'CorrectResponse': 'l', 'Trialnumb': 97, 'thisN': 207, 'thisTrialN': 207, 'thisRepN': 0}>
256.9632 	EXP 	LDT_fix_text: autoDraw = False
256.9632 	EXP 	LDT_stim_text: autoDraw = False
256.9632 	EXP 	LDT_break_text: autoDraw = False
256.9632 	EXP 	LDT_stim_text: height = np.float64(0.1)
256.9632 	EXP 	LDT_stim_text: height = np.float64(0.1)
256.9632 	EXP 	LDT_stim_text: height = np.float64(0.1)
256.9632 	EXP 	LDT_stim_text: text = 'ill'
256.9632 	EXP 	LDT_fix_text: autoDraw = True
256.9637 	DATA 	Keypress: a
257.0971 	EXP 	Device response: <KeyPress from None: t=256.9534801, value=a, duration=0.1360298999998122>
257.4470 	EXP 	LDT_stim_text: autoDraw = True
257.4554 	EXP 	LDT_fix_text: autoDraw = False
258.0398 	EXP 	Device response: <KeyPress from None: t=258.03392859999985, value=a, duration=None>
258.0400 	EXP 	New trial (rep=0, index=208): <Trial 208 (208 in rep 0) data={'Task': 'LDT', 'TrialType': 'Target', 'Stimuli': 'show', 'StimulusType': 'word', 'CorrectResponse': 'l', 'Trialnumb': 21, 'thisN': 208, 'thisTrialN': 208, 'thisRepN': 0}>
258.0476 	EXP 	LDT_fix_text: autoDraw = False
258.0476 	EXP 	LDT_stim_text: autoDraw = False
258.0476 	EXP 	LDT_break_text: autoDraw = False
258.0476 	EXP 	LDT_stim_text: height = np.float64(0.1)
258.0476 	EXP 	LDT_stim_text: height = np.float64(0.1)
258.0476 	EXP 	LDT_stim_text: height = np.float64(0.1)
258.0476 	EXP 	LDT_stim_text: text = 'show'
258.0476 	EXP 	LDT_fix_text: autoDraw = True
258.0482 	DATA 	Keypress: a
258.1731 	EXP 	Device response: <KeyPress from None: t=258.03392859999985, value=a, duration=0.13580300000012357>
258.5314 	EXP 	LDT_stim_text: autoDraw = True
258.5397 	EXP 	LDT_fix_text: autoDraw = False
259.0572 	EXP 	Device response: <KeyPress from None: t=259.0495662999997, value=l, duration=None>
259.0574 	EXP 	New trial (rep=0, index=209): <Trial 209 (209 in rep 0) data={'Task': 'LDT', 'TrialType': 'Target', 'Stimuli': 'pack', 'StimulusType': 'word', 'CorrectResponse': 'l', 'Trialnumb': 76, 'thisN': 209, 'thisTrialN': 209, 'thisRepN': 0}>
259.0653 	EXP 	LDT_fix_text: autoDraw = False
259.0653 	EXP 	LDT_stim_text: autoDraw = False
259.0653 	EXP 	LDT_break_text: autoDraw = False
259.0653 	EXP 	LDT_stim_text: height = np.float64(0.1)
259.0653 	EXP 	LDT_stim_text: height = np.float64(0.1)
259.0653 	EXP 	LDT_stim_text: height = np.float64(0.1)
259.0653 	EXP 	LDT_stim_text: text = 'pack'
259.0653 	EXP 	LDT_fix_text: autoDraw = True
259.0658 	DATA 	Keypress: l
259.1240 	EXP 	Device response: <KeyPress from None: t=259.0495662999997, value=l, duration=0.07172010000022055>
259.5491 	EXP 	LDT_stim_text: autoDraw = True
259.5575 	EXP 	LDT_fix_text: autoDraw = False
259.9915 	EXP 	Device response: <KeyPress from None: t=259.9860549, value=l, duration=None>
259.9917 	EXP 	New trial (rep=0, index=210): <Trial 210 (210 in rep 0) data={'Task': 'LDT', 'TrialType': 'Target', 'Stimuli': 'darb', 'StimulusType': 'nonword', 'CorrectResponse': 'a', 'Trialnumb': 134, 'thisN': 210, 'thisTrialN': 210, 'thisRepN': 0}>
259.9995 	EXP 	LDT_fix_text: autoDraw = False
259.9995 	EXP 	LDT_stim_text: autoDraw = False
259.9995 	EXP 	LDT_break_text: autoDraw = False
259.9995 	EXP 	LDT_stim_text: height = np.float64(0.1)
259.9995 	EXP 	LDT_stim_text: height = np.float64(0.1)
259.9995 	EXP 	LDT_stim_text: height = np.float64(0.1)
259.9995 	EXP 	LDT_stim_text: text = 'darb'
259.9995 	EXP 	LDT_fix_text: autoDraw = True
260.0000 	DATA 	Keypress: l
260.0498 	EXP 	Device response: <KeyPress from None: t=259.9860549, value=l, duration=0.05627009999989241>
260.4833 	EXP 	LDT_stim_text: autoDraw = True
260.4917 	EXP 	LDT_fix_text: autoDraw = False
261.0426 	EXP 	Device response: <KeyPress from None: t=261.04231619999973, value=a, duration=None>
261.0429 	EXP 	New trial (rep=0, index=211): <Trial 211 (211 in rep 0) data={'Task': 'LDT', 'TrialType': 'Target', 'Stimuli': 'class', 'StimulusType': 'word', 'CorrectResponse': 'l', 'Trialnumb': 19, 'thisN': 211, 'thisTrialN': 211, 'thisRepN': 0}>
261.0506 	EXP 	LDT_fix_text: autoDraw = False
261.0506 	EXP 	LDT_stim_text: autoDraw = False
261.0506 	EXP 	LDT_break_text: autoDraw = False
261.0506 	EXP 	LDT_stim_text: height = np.float64(0.1)
261.0506 	EXP 	LDT_stim_text: height = np.float64(0.1)
261.0506 	EXP 	LDT_stim_text: height = np.float64(0.1)
261.0506 	EXP 	LDT_stim_text: text = 'class'
261.0506 	EXP 	LDT_fix_text: autoDraw = True
261.0512 	DATA 	Keypress: a
261.1843 	EXP 	Device response: <KeyPress from None: t=261.04231619999973, value=a, duration=0.13546619999988252>
261.5344 	EXP 	LDT_stim_text: autoDraw = True
261.5427 	EXP 	LDT_fix_text: autoDraw = False
261.9351 	EXP 	Device response: <KeyPress from None: t=261.9300315999999, value=l, duration=None>
261.9353 	EXP 	New trial (rep=0, index=212): <Trial 212 (212 in rep 0) data={'Task': 'LDT', 'TrialType': 'Target', 'Stimuli': 'group', 'StimulusType': 'word', 'CorrectResponse': 'l', 'Trialnumb': 20, 'thisN': 212, 'thisTrialN': 212, 'thisRepN': 0}>
261.9431 	EXP 	LDT_fix_text: autoDraw = False
261.9431 	EXP 	LDT_stim_text: autoDraw = False
261.9431 	EXP 	LDT_break_text: autoDraw = False
261.9431 	EXP 	LDT_stim_text: height = np.float64(0.1)
261.9431 	EXP 	LDT_stim_text: height = np.float64(0.1)
261.9431 	EXP 	LDT_stim_text: height = np.float64(0.1)
261.9431 	EXP 	LDT_stim_text: text = 'group'
261.9431 	EXP 	LDT_fix_text: autoDraw = True
261.9437 	DATA 	Keypress: l
262.0352 	EXP 	Device response: <KeyPress from None: t=261.9300315999999, value=l, duration=0.10357470000008107>
262.4269 	EXP 	LDT_stim_text: autoDraw = True
262.4353 	EXP 	LDT_fix_text: autoDraw = False
262.8693 	EXP 	Device response: <KeyPress from None: t=262.8657946999997, value=l, duration=None>
262.8696 	EXP 	New trial (rep=0, index=213): <Trial 213 (213 in rep 0) data={'Task': 'LDT', 'TrialType': 'Target', 'Stimuli': 'set', 'StimulusType': 'word', 'CorrectResponse': 'l', 'Trialnumb': 36, 'thisN': 213, 'thisTrialN': 213, 'thisRepN': 0}>
262.8774 	EXP 	LDT_fix_text: autoDraw = False
262.8774 	EXP 	LDT_stim_text: autoDraw = False
262.8774 	EXP 	LDT_break_text: autoDraw = False
262.8774 	EXP 	LDT_stim_text: height = np.float64(0.1)
262.8774 	EXP 	LDT_stim_text: height = np.float64(0.1)
262.8774 	EXP 	LDT_stim_text: height = np.float64(0.1)
262.8774 	EXP 	LDT_stim_text: text = 'set'
262.8774 	EXP 	LDT_fix_text: autoDraw = True
262.8779 	DATA 	Keypress: l
262.9611 	EXP 	Device response: <KeyPress from None: t=262.8657946999997, value=l, duration=0.08749170000010054>
263.3612 	EXP 	LDT_stim_text: autoDraw = True
263.3695 	EXP 	LDT_fix_text: autoDraw = False
263.7871 	EXP 	Device response: <KeyPress from None: t=263.78665249999995, value=l, duration=None>
263.7873 	EXP 	New trial (rep=0, index=214): <Trial 214 (214 in rep 0) data={'Task': 'LDT', 'TrialType': 'Target', 'Stimuli': 'rent', 'StimulusType': 'word', 'CorrectResponse': 'l', 'Trialnumb': 84, 'thisN': 214, 'thisTrialN': 214, 'thisRepN': 0}>
263.7950 	EXP 	LDT_fix_text: autoDraw = False
263.7950 	EXP 	LDT_stim_text: autoDraw = False
263.7950 	EXP 	LDT_break_text: autoDraw = False
263.7950 	EXP 	LDT_stim_text: height = np.float64(0.1)
263.7950 	EXP 	LDT_stim_text: height = np.float64(0.1)
263.7950 	EXP 	LDT_stim_text: height = np.float64(0.1)
263.7950 	EXP 	LDT_stim_text: text = 'rent'
263.7950 	EXP 	LDT_fix_text: autoDraw = True
263.7955 	DATA 	Keypress: l
263.8704 	EXP 	Device response: <KeyPress from None: t=263.78665249999995, value=l, duration=0.07984450000003562>
264.2788 	EXP 	LDT_stim_text: autoDraw = True
264.2871 	EXP 	LDT_fix_text: autoDraw = False
264.7630 	EXP 	Device response: <KeyPress from None: t=264.7615391999998, value=l, duration=None>
264.7633 	EXP 	New trial (rep=0, index=215): <Trial 215 (215 in rep 0) data={'Task': 'LDT', 'TrialType': 'Target', 'Stimuli': 'saos', 'StimulusType': 'nonword', 'CorrectResponse': 'a', 'Trialnumb': 115, 'thisN': 215, 'thisTrialN': 215, 'thisRepN': 0}>
264.7710 	EXP 	LDT_fix_text: autoDraw = False
264.7710 	EXP 	LDT_stim_text: autoDraw = False
264.7710 	EXP 	LDT_break_text: autoDraw = False
264.7710 	EXP 	LDT_stim_text: height = np.float64(0.1)
264.7710 	EXP 	LDT_stim_text: height = np.float64(0.1)
264.7710 	EXP 	LDT_stim_text: height = np.float64(0.1)
264.7710 	EXP 	LDT_stim_text: text = 'saos'
264.7710 	EXP 	LDT_fix_text: autoDraw = True
264.7716 	DATA 	Keypress: l
264.8714 	EXP 	Device response: <KeyPress from None: t=264.7615391999998, value=l, duration=0.10422580000022208>
265.2548 	EXP 	LDT_stim_text: autoDraw = True
265.2631 	EXP 	LDT_fix_text: autoDraw = False
265.8891 	EXP 	Device response: <KeyPress from None: t=265.881402, value=a, duration=None>
265.8894 	EXP 	New trial (rep=0, index=216): <Trial 216 (216 in rep 0) data={'Task': 'LDT', 'TrialType': 'Target', 'Stimuli': 'spum', 'StimulusType': 'nonword', 'CorrectResponse': 'a', 'Trialnumb': 198, 'thisN': 216, 'thisTrialN': 216, 'thisRepN': 0}>
265.8971 	EXP 	LDT_fix_text: autoDraw = False
265.8971 	EXP 	LDT_stim_text: autoDraw = False
265.8971 	EXP 	LDT_break_text: autoDraw = False
265.8971 	EXP 	LDT_stim_text: height = np.float64(0.1)
265.8971 	EXP 	LDT_stim_text: height = np.float64(0.1)
265.8971 	EXP 	LDT_stim_text: height = np.float64(0.1)
265.8971 	EXP 	LDT_stim_text: text = 'spum'
265.8971 	EXP 	LDT_fix_text: autoDraw = True
265.8978 	DATA 	Keypress: a
266.0226 	EXP 	Device response: <KeyPress from None: t=265.881402, value=a, duration=0.1360842999997658>
266.3809 	EXP 	LDT_stim_text: autoDraw = True
266.3892 	EXP 	LDT_fix_text: autoDraw = False
266.8650 	EXP 	Device response: <KeyPress from None: t=266.8579304, value=a, duration=None>
266.8652 	EXP 	New trial (rep=0, index=217): <Trial 217 (217 in rep 0) data={'Task': 'LDT', 'TrialType': 'Target', 'Stimuli': 'chase', 'StimulusType': 'word', 'CorrectResponse': 'l', 'Trialnumb': 86, 'thisN': 217, 'thisTrialN': 217, 'thisRepN': 0}>
266.8730 	EXP 	LDT_fix_text: autoDraw = False
266.8730 	EXP 	LDT_stim_text: autoDraw = False
266.8730 	EXP 	LDT_break_text: autoDraw = False
266.8730 	EXP 	LDT_stim_text: height = np.float64(0.1)
266.8730 	EXP 	LDT_stim_text: height = np.float64(0.1)
266.8730 	EXP 	LDT_stim_text: height = np.float64(0.1)
266.8730 	EXP 	LDT_stim_text: text = 'chase'
266.8730 	EXP 	LDT_fix_text: autoDraw = True
266.8735 	DATA 	Keypress: a
267.0069 	EXP 	Device response: <KeyPress from None: t=266.8579304, value=a, duration=0.14350070000000414>
267.3568 	EXP 	LDT_stim_text: autoDraw = True
267.3652 	EXP 	LDT_fix_text: autoDraw = False
267.9494 	EXP 	Device response: <KeyPress from None: t=267.9459106999998, value=l, duration=None>
267.9496 	EXP 	New trial (rep=0, index=218): <Trial 218 (218 in rep 0) data={'Task': 'LDT', 'TrialType': 'Target', 'Stimuli': 'tight', 'StimulusType': 'word', 'CorrectResponse': 'l', 'Trialnumb': 74, 'thisN': 218, 'thisTrialN': 218, 'thisRepN': 0}>
267.9574 	EXP 	LDT_fix_text: autoDraw = False
267.9574 	EXP 	LDT_stim_text: autoDraw = False
267.9574 	EXP 	LDT_break_text: autoDraw = False
267.9574 	EXP 	LDT_stim_text: height = np.float64(0.1)
267.9574 	EXP 	LDT_stim_text: height = np.float64(0.1)
267.9574 	EXP 	LDT_stim_text: height = np.float64(0.1)
267.9574 	EXP 	LDT_stim_text: text = 'tight'
267.9574 	EXP 	LDT_fix_text: autoDraw = True
267.9579 	DATA 	Keypress: l
268.0247 	EXP 	Device response: <KeyPress from None: t=267.9459106999998, value=l, duration=0.07185479999998279>
268.4413 	EXP 	LDT_stim_text: autoDraw = True
268.4496 	EXP 	LDT_fix_text: autoDraw = False
268.7835 	EXP 	Device response: <KeyPress from None: t=268.7775340999997, value=l, duration=None>
268.7838 	EXP 	New trial (rep=0, index=219): <Trial 219 (219 in rep 0) data={'Task': 'LDT', 'TrialType': 'Target', 'Stimuli': 'lill', 'StimulusType': 'nonword', 'CorrectResponse': 'a', 'Trialnumb': 168, 'thisN': 219, 'thisTrialN': 219, 'thisRepN': 0}>
268.7916 	EXP 	LDT_fix_text: autoDraw = False
268.7916 	EXP 	LDT_stim_text: autoDraw = False
268.7916 	EXP 	LDT_break_text: autoDraw = False
268.7916 	EXP 	LDT_stim_text: height = np.float64(0.1)
268.7916 	EXP 	LDT_stim_text: height = np.float64(0.1)
268.7916 	EXP 	LDT_stim_text: height = np.float64(0.1)
268.7916 	EXP 	LDT_stim_text: text = 'lill'
268.7916 	EXP 	LDT_fix_text: autoDraw = True
268.7921 	DATA 	Keypress: l
268.8837 	EXP 	Device response: <KeyPress from None: t=268.7775340999997, value=l, duration=0.10400239999989935>
269.2754 	EXP 	LDT_stim_text: autoDraw = True
269.2838 	EXP 	LDT_fix_text: autoDraw = False
269.8180 	EXP 	Device response: <KeyPress from None: t=269.81759269999975, value=l, duration=None>
269.8183 	EXP 	New trial (rep=0, index=220): <Trial 220 (220 in rep 0) data={'Task': 'LDT', 'TrialType': 'Target', 'Stimuli': 'look', 'StimulusType': 'word', 'CorrectResponse': 'l', 'Trialnumb': 2, 'thisN': 220, 'thisTrialN': 220, 'thisRepN': 0}>
269.8260 	EXP 	LDT_fix_text: autoDraw = False
269.8260 	EXP 	LDT_stim_text: autoDraw = False
269.8260 	EXP 	LDT_break_text: autoDraw = False
269.8260 	EXP 	LDT_stim_text: height = np.float64(0.1)
269.8260 	EXP 	LDT_stim_text: height = np.float64(0.1)
269.8260 	EXP 	LDT_stim_text: height = np.float64(0.1)
269.8260 	EXP 	LDT_stim_text: text = 'look'
269.8260 	EXP 	LDT_fix_text: autoDraw = True
269.8264 	DATA 	Keypress: l
269.8931 	EXP 	Device response: <KeyPress from None: t=269.81759269999975, value=l, duration=0.07234749999997803>
270.3098 	EXP 	LDT_stim_text: autoDraw = True
270.3182 	EXP 	LDT_fix_text: autoDraw = False
271.0442 	EXP 	Device response: <KeyPress from None: t=271.04175859999987, value=l, duration=None>
271.0444 	EXP 	New trial (rep=0, index=221): <Trial 221 (221 in rep 0) data={'Task': 'LDT', 'TrialType': 'Target', 'Stimuli': 'basp', 'StimulusType': 'nonword', 'CorrectResponse': 'a', 'Trialnumb': 118, 'thisN': 221, 'thisTrialN': 221, 'thisRepN': 0}>
271.0523 	EXP 	LDT_fix_text: autoDraw = False
271.0523 	EXP 	LDT_stim_text: autoDraw = False
271.0523 	EXP 	LDT_break_text: autoDraw = False
271.0523 	EXP 	LDT_stim_text: height = np.float64(0.1)
271.0523 	EXP 	LDT_stim_text: height = np.float64(0.1)
271.0523 	EXP 	LDT_stim_text: height = np.float64(0.1)
271.0523 	EXP 	LDT_stim_text: text = 'basp'
271.0523 	EXP 	LDT_fix_text: autoDraw = True
271.0529 	DATA 	Keypress: l
271.1528 	EXP 	Device response: <KeyPress from None: t=271.04175859999987, value=l, duration=0.1036392999999407>
271.5360 	EXP 	LDT_stim_text: autoDraw = True
271.5444 	EXP 	LDT_fix_text: autoDraw = False
272.0952 	EXP 	Device response: <KeyPress from None: t=272.0896571999997, value=a, duration=None>
272.1032 	EXP 	LDT_fix_text: autoDraw = False
272.1032 	EXP 	LDT_stim_text: autoDraw = False
272.1032 	EXP 	LDT_break_text: autoDraw = False
272.1032 	EXP 	end_text: autoDraw = True
272.1038 	DATA 	Keypress: a
272.2538 	EXP 	Device response: <KeyPress from None: t=272.0896571999997, value=a, duration=0.16041720000021087>
275.0979 	EXP 	end_text: autoDraw = False
275.0979 	EXP 	end_text: autoDraw = False
275.0980 	EXP 	online_LDT&KRT: status = STOPPED
