0.8521 	WARNING 	We strongly recommend you activate the PTB sound engine in PsychoPy prefs as the preferred audio engine. Its timing is vastly superior. Your prefs are currently set to use ['sounddevice', 'PTB', 'pyo', 'pygame'] (in that order).
1.6348 	WARNING 	Font Manager failed to load file C:\Users\user\AppData\Local\Microsoft\Windows\Fonts\210 맨발의청춘L.ttf
1.6353 	WARNING 	Font Manager failed to load file C:\Users\user\AppData\Local\Microsoft\Windows\Fonts\210 씨앗L.ttf
1.6363 	WARNING 	Font Manager failed to load file C:\Users\user\AppData\Local\Microsoft\Windows\Fonts\210 하얀바람L.ttf
1.6364 	WARNING 	Font Manager failed to load file C:\Users\user\AppData\Local\Microsoft\Windows\Fonts\210 콤퓨타세탁B.ttf
1.6370 	WARNING 	Font Manager failed to load file C:\Users\user\AppData\Local\Microsoft\Windows\Fonts\a고딕12.ttf
1.6377 	WARNING 	Font Manager failed to load file C:\Users\user\AppData\Local\Microsoft\Windows\Fonts\210 상상공작소L.ttf
1.6381 	WARNING 	Font Manager failed to load file C:\Users\user\AppData\Local\Microsoft\Windows\Fonts\210 나무고딕EB.ttf
1.6448 	WARNING 	Font Manager failed to load file C:\Users\user\AppData\Local\Microsoft\Windows\Fonts\210 나무고딕B.ttf
1.6485 	WARNING 	Font Manager failed to load file C:\Users\user\AppData\Local\Microsoft\Windows\Fonts\210 카툰스토리B.ttf
1.6514 	WARNING 	Font Manager failed to load file C:\Users\user\AppData\Local\Microsoft\Windows\Fonts\아리따-돋움(TTF)-SemiBold.ttf
1.6515 	WARNING 	Font Manager failed to load file C:\Users\user\AppData\Local\Microsoft\Windows\Fonts\a고딕14.ttf
1.6517 	WARNING 	Font Manager failed to load file C:\Users\user\AppData\Local\Microsoft\Windows\Fonts\210 상상공작소R.ttf
1.6533 	WARNING 	Font Manager failed to load file C:\Users\user\AppData\Local\Microsoft\Windows\Fonts\210 하얀바람R.ttf
1.6544 	WARNING 	Font Manager failed to load file C:\Users\user\AppData\Local\Microsoft\Windows\Fonts\210 동화책B.ttf
1.6549 	WARNING 	Font Manager failed to load file C:\Users\user\AppData\Local\Microsoft\Windows\Fonts\210 씨앗B.ttf
1.6560 	WARNING 	Font Manager failed to load file C:\Users\user\AppData\Local\Microsoft\Windows\Fonts\서울남산 장체EB.ttf
1.6627 	WARNING 	Font Manager failed to load file C:\Users\user\AppData\Local\Microsoft\Windows\Fonts\210 씨앗R.ttf
1.6646 	WARNING 	Font Manager failed to load file C:\Users\user\AppData\Local\Microsoft\Windows\Fonts\아리따-돋움(TTF)-Medium.ttf
1.6652 	WARNING 	Font Manager failed to load file C:\Users\user\AppData\Local\Microsoft\Windows\Fonts\210 콤퓨타세탁L.ttf
1.6655 	WARNING 	Font Manager failed to load file C:\Users\user\AppData\Local\Microsoft\Windows\Fonts\210 동화책L.ttf
1.6656 	WARNING 	Font Manager failed to load file C:\Users\user\AppData\Local\Microsoft\Windows\Fonts\a뉴굴림2.ttf
1.6657 	WARNING 	Font Manager failed to load file C:\Users\user\AppData\Local\Microsoft\Windows\Fonts\a고딕10.ttf
1.6714 	WARNING 	Font Manager failed to load file C:\Users\user\AppData\Local\Microsoft\Windows\Fonts\a뉴굴림1.ttf
1.6726 	WARNING 	Font Manager failed to load file C:\Users\user\AppData\Local\Microsoft\Windows\Fonts\210 맨발의청춘B.ttf
1.6741 	WARNING 	Font Manager failed to load file C:\Users\user\AppData\Local\Microsoft\Windows\Fonts\아리따-돋움(TTF)-Light.ttf
1.6751 	WARNING 	Font Manager failed to load file C:\Users\user\AppData\Local\Microsoft\Windows\Fonts\a고딕13.ttf
1.6752 	WARNING 	Font Manager failed to load file C:\Users\user\AppData\Local\Microsoft\Windows\Fonts\210 카툰스토리L.ttf
1.6759 	WARNING 	Font Manager failed to load file C:\Users\user\AppData\Local\Microsoft\Windows\Fonts\210 하얀바람B.ttf
1.6853 	WARNING 	Font Manager failed to load file C:\Users\user\AppData\Local\Microsoft\Windows\Fonts\나눔고딕L.ttf
1.6869 	WARNING 	Font Manager failed to load file C:\Users\user\AppData\Local\Microsoft\Windows\Fonts\아리따-돋움(TTF)-Thin.ttf
1.6872 	WARNING 	Font Manager failed to load file C:\Users\user\AppData\Local\Microsoft\Windows\Fonts\210 동화책R.ttf
1.6887 	WARNING 	Font Manager failed to load file C:\Users\user\AppData\Local\Microsoft\Windows\Fonts\210 나무고딕L.ttf
1.6890 	WARNING 	Font Manager failed to load file C:\Users\user\AppData\Local\Microsoft\Windows\Fonts\아리따-돋움(TTF)-Bold.ttf
1.6895 	WARNING 	Font Manager failed to load file C:\Users\user\AppData\Local\Microsoft\Windows\Fonts\서울남산 장체BL.ttf
1.6898 	WARNING 	Font Manager failed to load file C:\Users\user\AppData\Local\Microsoft\Windows\Fonts\서울남산 장체M.ttf
1.6976 	WARNING 	Font Manager failed to load file C:\Users\user\AppData\Local\Microsoft\Windows\Fonts\210 상상공작소B.ttf
1.7065 	WARNING 	Font Manager failed to load file C:\Users\user\AppData\Local\Microsoft\Windows\Fonts\210 카툰스토리R.ttf
1.7100 	WARNING 	Font Manager failed to load file C:\Users\user\AppData\Local\Microsoft\Windows\Fonts\서울남산 장체L.ttf
1.7127 	WARNING 	Font Manager failed to load file C:\Users\user\AppData\Local\Microsoft\Windows\Fonts\210 콤퓨타세탁R.ttf
1.7128 	WARNING 	Font Manager failed to load file C:\Users\user\AppData\Local\Microsoft\Windows\Fonts\a고딕16.ttf
1.7134 	WARNING 	Font Manager failed to load file C:\Users\user\AppData\Local\Microsoft\Windows\Fonts\서울남산 장체B.ttf
1.7135 	WARNING 	Font Manager failed to load file C:\Users\user\AppData\Local\Microsoft\Windows\Fonts\a고딕15.ttf
1.7140 	WARNING 	Font Manager failed to load file C:\Users\user\AppData\Local\Microsoft\Windows\Fonts\a시나리오.ttf
1.7158 	WARNING 	Font Manager failed to load file C:\Users\user\AppData\Local\Microsoft\Windows\Fonts\a고딕11.ttf
1.7176 	WARNING 	Font Manager failed to load file C:\Users\user\AppData\Local\Microsoft\Windows\Fonts\210 맨발의청춘R.ttf
1.7177 	WARNING 	Font Manager failed to load file C:\Users\user\AppData\Local\Microsoft\Windows\Fonts\a뉴굴림4.ttf
1.7192 	WARNING 	Font Manager failed to load file C:\Users\user\AppData\Local\Microsoft\Windows\Fonts\a뉴굴림3.ttf
1.7202 	WARNING 	Font Manager failed to load file C:\Users\user\AppData\Local\Microsoft\Windows\Fonts\210 나무고딕R.ttf
1.9288 	WARNING 	Font Manager failed to load file C:\Users\user\AppData\Local\Microsoft\Windows\Fonts\210 맨발의청춘L.ttf
1.9296 	WARNING 	Font Manager failed to load file C:\Users\user\AppData\Local\Microsoft\Windows\Fonts\210 씨앗L.ttf
1.9306 	WARNING 	Font Manager failed to load file C:\Users\user\AppData\Local\Microsoft\Windows\Fonts\210 하얀바람L.ttf
1.9307 	WARNING 	Font Manager failed to load file C:\Users\user\AppData\Local\Microsoft\Windows\Fonts\210 콤퓨타세탁B.ttf
1.9312 	WARNING 	Font Manager failed to load file C:\Users\user\AppData\Local\Microsoft\Windows\Fonts\a고딕12.ttf
1.9319 	WARNING 	Font Manager failed to load file C:\Users\user\AppData\Local\Microsoft\Windows\Fonts\210 상상공작소L.ttf
1.9322 	WARNING 	Font Manager failed to load file C:\Users\user\AppData\Local\Microsoft\Windows\Fonts\210 나무고딕EB.ttf
1.9384 	WARNING 	Font Manager failed to load file C:\Users\user\AppData\Local\Microsoft\Windows\Fonts\210 나무고딕B.ttf
1.9419 	WARNING 	Font Manager failed to load file C:\Users\user\AppData\Local\Microsoft\Windows\Fonts\210 카툰스토리B.ttf
1.9445 	WARNING 	Font Manager failed to load file C:\Users\user\AppData\Local\Microsoft\Windows\Fonts\아리따-돋움(TTF)-SemiBold.ttf
1.9447 	WARNING 	Font Manager failed to load file C:\Users\user\AppData\Local\Microsoft\Windows\Fonts\a고딕14.ttf
1.9448 	WARNING 	Font Manager failed to load file C:\Users\user\AppData\Local\Microsoft\Windows\Fonts\210 상상공작소R.ttf
1.9463 	WARNING 	Font Manager failed to load file C:\Users\user\AppData\Local\Microsoft\Windows\Fonts\210 하얀바람R.ttf
1.9474 	WARNING 	Font Manager failed to load file C:\Users\user\AppData\Local\Microsoft\Windows\Fonts\210 동화책B.ttf
1.9480 	WARNING 	Font Manager failed to load file C:\Users\user\AppData\Local\Microsoft\Windows\Fonts\210 씨앗B.ttf
1.9491 	WARNING 	Font Manager failed to load file C:\Users\user\AppData\Local\Microsoft\Windows\Fonts\서울남산 장체EB.ttf
1.9556 	WARNING 	Font Manager failed to load file C:\Users\user\AppData\Local\Microsoft\Windows\Fonts\210 씨앗R.ttf
1.9575 	WARNING 	Font Manager failed to load file C:\Users\user\AppData\Local\Microsoft\Windows\Fonts\아리따-돋움(TTF)-Medium.ttf
1.9581 	WARNING 	Font Manager failed to load file C:\Users\user\AppData\Local\Microsoft\Windows\Fonts\210 콤퓨타세탁L.ttf
1.9585 	WARNING 	Font Manager failed to load file C:\Users\user\AppData\Local\Microsoft\Windows\Fonts\210 동화책L.ttf
1.9586 	WARNING 	Font Manager failed to load file C:\Users\user\AppData\Local\Microsoft\Windows\Fonts\a뉴굴림2.ttf
1.9587 	WARNING 	Font Manager failed to load file C:\Users\user\AppData\Local\Microsoft\Windows\Fonts\a고딕10.ttf
1.9644 	WARNING 	Font Manager failed to load file C:\Users\user\AppData\Local\Microsoft\Windows\Fonts\a뉴굴림1.ttf
1.9656 	WARNING 	Font Manager failed to load file C:\Users\user\AppData\Local\Microsoft\Windows\Fonts\210 맨발의청춘B.ttf
1.9671 	WARNING 	Font Manager failed to load file C:\Users\user\AppData\Local\Microsoft\Windows\Fonts\아리따-돋움(TTF)-Light.ttf
1.9681 	WARNING 	Font Manager failed to load file C:\Users\user\AppData\Local\Microsoft\Windows\Fonts\a고딕13.ttf
1.9682 	WARNING 	Font Manager failed to load file C:\Users\user\AppData\Local\Microsoft\Windows\Fonts\210 카툰스토리L.ttf
1.9689 	WARNING 	Font Manager failed to load file C:\Users\user\AppData\Local\Microsoft\Windows\Fonts\210 하얀바람B.ttf
1.9778 	WARNING 	Font Manager failed to load file C:\Users\user\AppData\Local\Microsoft\Windows\Fonts\나눔고딕L.ttf
1.9794 	WARNING 	Font Manager failed to load file C:\Users\user\AppData\Local\Microsoft\Windows\Fonts\아리따-돋움(TTF)-Thin.ttf
1.9797 	WARNING 	Font Manager failed to load file C:\Users\user\AppData\Local\Microsoft\Windows\Fonts\210 동화책R.ttf
1.9812 	WARNING 	Font Manager failed to load file C:\Users\user\AppData\Local\Microsoft\Windows\Fonts\210 나무고딕L.ttf
1.9815 	WARNING 	Font Manager failed to load file C:\Users\user\AppData\Local\Microsoft\Windows\Fonts\아리따-돋움(TTF)-Bold.ttf
1.9820 	WARNING 	Font Manager failed to load file C:\Users\user\AppData\Local\Microsoft\Windows\Fonts\서울남산 장체BL.ttf
1.9823 	WARNING 	Font Manager failed to load file C:\Users\user\AppData\Local\Microsoft\Windows\Fonts\서울남산 장체M.ttf
1.9900 	WARNING 	Font Manager failed to load file C:\Users\user\AppData\Local\Microsoft\Windows\Fonts\210 상상공작소B.ttf
1.9989 	WARNING 	Font Manager failed to load file C:\Users\user\AppData\Local\Microsoft\Windows\Fonts\210 카툰스토리R.ttf
2.0022 	WARNING 	Font Manager failed to load file C:\Users\user\AppData\Local\Microsoft\Windows\Fonts\서울남산 장체L.ttf
2.0050 	WARNING 	Font Manager failed to load file C:\Users\user\AppData\Local\Microsoft\Windows\Fonts\210 콤퓨타세탁R.ttf
2.0052 	WARNING 	Font Manager failed to load file C:\Users\user\AppData\Local\Microsoft\Windows\Fonts\a고딕16.ttf
2.0057 	WARNING 	Font Manager failed to load file C:\Users\user\AppData\Local\Microsoft\Windows\Fonts\서울남산 장체B.ttf
2.0059 	WARNING 	Font Manager failed to load file C:\Users\user\AppData\Local\Microsoft\Windows\Fonts\a고딕15.ttf
2.0064 	WARNING 	Font Manager failed to load file C:\Users\user\AppData\Local\Microsoft\Windows\Fonts\a시나리오.ttf
2.0081 	WARNING 	Font Manager failed to load file C:\Users\user\AppData\Local\Microsoft\Windows\Fonts\a고딕11.ttf
2.0100 	WARNING 	Font Manager failed to load file C:\Users\user\AppData\Local\Microsoft\Windows\Fonts\210 맨발의청춘R.ttf
2.0101 	WARNING 	Font Manager failed to load file C:\Users\user\AppData\Local\Microsoft\Windows\Fonts\a뉴굴림4.ttf
2.0116 	WARNING 	Font Manager failed to load file C:\Users\user\AppData\Local\Microsoft\Windows\Fonts\a뉴굴림3.ttf
2.0127 	WARNING 	Font Manager failed to load file C:\Users\user\AppData\Local\Microsoft\Windows\Fonts\210 나무고딕R.ttf
8.0262 	EXP 	Created window1 = Window(allowGUI=False, allowStencil=False, autoLog=True, backendConf=UNKNOWN, backgroundFit=<method-wrapper '__getattribute__' of attributeSetter object at 0x000002DED5B772B0>, backgroundImage=<method-wrapper '__getattribute__' of attributeSetter object at 0x000002DED5B77250>, bitsMode=UNKNOWN, blendMode='avg', bpc=(8, 8, 8), color=array([-1., -1., -1.]), colorSpace='rgb', depthBits=8, fullscr=True, gamma=None, gammaErrorPolicy='raise', infoMsg=UNKNOWN, lms=UNKNOWN, monitor=<psychopy.monitors.calibTools.Monitor object at 0x000002DED5E40610>, multiSample=False, name='window1', numSamples=2, pos=[np.float64(0.0), np.float64(0.0)], screen=0, size=array([1920, 1080]), stencilBits=0, stereo=False, title='PsychoPy', units='height', useFBO=True, useRetina=False, viewOri=0.0, viewPos=None, viewScale=None, waitBlanking=True, winType='pyglet')
8.0262 	EXP 	window1: backgroundImage = ''
8.0263 	EXP 	window1: backgroundFit = 'none'
8.2979 	EXP 	window1: Attempting to measure frame rate of screen (0) ...
8.2979 	EXP 	window1: recordFrameIntervals = False
8.4179 	EXP 	window1: recordFrameIntervals = True
8.5086 	EXP 	Screen (0) actual frame rate measured at 121.45Hz
8.5086 	EXP 	window1: recordFrameIntervals = False
9.5858 	EXP 	online_LDT&KRT: status = STARTED
9.6722 	EXP 	Created intro_text = TextStim(__class__=<class 'psychopy.visual.text.TextStim'>, alignHoriz=method-wrapper(...), alignText='center', alignVert=method-wrapper(...), anchorHoriz='center', anchorVert='center', antialias=True, autoDraw=False, autoLog=True, bold=False, color=array([1., 1., 1.]), colorSpace='rgb', contrast=1.0, depth=0.0, draggable=False, flipHoriz=False, flipVert=False, font='NanumGothic', fontFiles=[], height=np.float64(0.03), italic=False, languageStyle='LTR', name='intro_text', opacity=1, ori=0.0, pos=array([0., 0.]), rgb=UNKNOWN, text=str(...), units='height', win=Window(...), wrapWidth=1)
9.6917 	EXP 	Created LDT_intro_instr = TextStim(__class__=<class 'psychopy.visual.text.TextStim'>, alignHoriz=method-wrapper(...), alignText='center', alignVert=method-wrapper(...), anchorHoriz='center', anchorVert='center', antialias=True, autoDraw=False, autoLog=True, bold=False, color=array([1., 1., 1.]), colorSpace='rgb', contrast=1.0, depth=0.0, draggable=False, flipHoriz=False, flipVert=False, font='NanumGothic', fontFiles=[], height=np.float64(0.03), italic=False, languageStyle='LTR', name='LDT_intro_instr', opacity=1, ori=0.0, pos=array([0. , 0.2]), rgb=UNKNOWN, text=str(...), units='height', win=Window(...), wrapWidth=1)
9.7032 	EXP 	Created keyboard_LDT = ImageStim(__class__=<class 'psychopy.visual.image.ImageStim'>, anchor=('center', 'center'), autoLog=True, color=array([1., 1., 1.]), colorSpace='rgb', contrast=1.0, depth=-2.0, draggable=False, flipHoriz=np.False_, flipVert=np.False_, image='keyboard_LDT_RR.png', interpolate=True, mask=None, maskParams=None, name='keyboard_LDT', opacity=1, ori=0.0, pos=array([ 0. , -0.2]), size=array([0.6 , 0.35]), texRes=128.0, units='height', win=Window(...))
9.7058 	EXP 	Created LDT_prac_fix_text = TextStim(__class__=<class 'psychopy.visual.text.TextStim'>, alignHoriz=method-wrapper(...), alignText='center', alignVert=method-wrapper(...), anchorHoriz='center', anchorVert='center', antialias=True, autoDraw=False, autoLog=True, bold=False, color=array([1., 1., 1.]), colorSpace='rgb', contrast=1.0, depth=0.0, draggable=False, flipHoriz=False, flipVert=False, font='NanumGothic', fontFiles=[], height=np.float64(0.1), italic=False, languageStyle='LTR', name='LDT_prac_fix_text', opacity=1, ori=0, pos=array([0., 0.]), rgb=UNKNOWN, text='+', units='height', win=Window(...), wrapWidth=1)
9.7063 	EXP 	Created LDT_prac_stim_text = TextStim(__class__=<class 'psychopy.visual.text.TextStim'>, alignHoriz=method-wrapper(...), alignText='center', alignVert=method-wrapper(...), anchorHoriz='center', anchorVert='center', antialias=True, autoDraw=False, autoLog=True, bold=False, color=array([1., 1., 1.]), colorSpace='rgb', contrast=1.0, depth=-1.0, draggable=False, flipHoriz=False, flipVert=False, font='NanumGothic', fontFiles=[], height=0.1, italic=False, languageStyle='LTR', name='LDT_prac_stim_text', opacity=1, ori=0, pos=array([0., 0.]), rgb=UNKNOWN, text='', units='height', win=Window(...), wrapWidth=1)
9.7069 	EXP 	Created LDT_feedback_text = TextStim(__class__=<class 'psychopy.visual.text.TextStim'>, alignHoriz=method-wrapper(...), alignText='center', alignVert=method-wrapper(...), anchorHoriz='center', anchorVert='center', antialias=True, autoDraw=False, autoLog=True, bold=False, color=array([1., 1., 1.]), colorSpace='rgb', contrast=1.0, depth=-1.0, draggable=False, flipHoriz=False, flipVert=False, font='NanumGothic', fontFiles=[], height=0.05, italic=False, languageStyle='LTR', name='LDT_feedback_text', opacity=1, ori=0, pos=array([0., 0.]), rgb=UNKNOWN, text='', units='height', win=Window(...), wrapWidth=1)
9.7201 	EXP 	Created LDT_instr_text = TextStim(__class__=<class 'psychopy.visual.text.TextStim'>, alignHoriz=method-wrapper(...), alignText='center', alignVert=method-wrapper(...), anchorHoriz='center', anchorVert='center', antialias=True, autoDraw=False, autoLog=True, bold=False, color=array([1., 1., 1.]), colorSpace='rgb', contrast=1.0, depth=0.0, draggable=False, flipHoriz=False, flipVert=False, font='NanumGothic', fontFiles=[], height=np.float64(0.03), italic=False, languageStyle='LTR', name='LDT_instr_text', opacity=1, ori=0, pos=array([0., 0.]), rgb=UNKNOWN, text=str(...), units='height', win=Window(...), wrapWidth=1)
9.7215 	EXP 	Created LDT_fix_text = TextStim(__class__=<class 'psychopy.visual.text.TextStim'>, alignHoriz=method-wrapper(...), alignText='center', alignVert=method-wrapper(...), anchorHoriz='center', anchorVert='center', antialias=True, autoDraw=False, autoLog=True, bold=False, color=array([1., 1., 1.]), colorSpace='rgb', contrast=1.0, depth=0.0, draggable=False, flipHoriz=False, flipVert=False, font='NanumGothic', fontFiles=[], height=np.float64(0.1), italic=False, languageStyle='LTR', name='LDT_fix_text', opacity=1, ori=0, pos=array([0., 0.]), rgb=UNKNOWN, text='+', units='height', win=Window(...), wrapWidth=1)
9.7219 	EXP 	Created LDT_stim_text = TextStim(__class__=<class 'psychopy.visual.text.TextStim'>, alignHoriz=method-wrapper(...), alignText='center', alignVert=method-wrapper(...), anchorHoriz='center', anchorVert='center', antialias=True, autoDraw=False, autoLog=True, bold=False, color=array([1., 1., 1.]), colorSpace='rgb', contrast=1.0, depth=-1.0, draggable=False, flipHoriz=False, flipVert=False, font='NanumGothic', fontFiles=[], height=0.1, italic=False, languageStyle='LTR', name='LDT_stim_text', opacity=1, ori=0, pos=array([0., 0.]), rgb=UNKNOWN, text='', units='height', win=Window(...), wrapWidth=1)
9.7275 	EXP 	Created LDT_break_text = TextStim(__class__=<class 'psychopy.visual.text.TextStim'>, alignHoriz=method-wrapper(...), alignText='center', alignVert=method-wrapper(...), anchorHoriz='center', anchorVert='center', antialias=True, autoDraw=False, autoLog=True, bold=False, color=array([1., 1., 1.]), colorSpace='rgb', contrast=1.0, depth=-1.0, draggable=False, flipHoriz=False, flipVert=False, font='NanumGothic', fontFiles=[], height=np.float64(0.03), italic=False, languageStyle='LTR', name='LDT_break_text', opacity=1, ori=0.0, pos=array([0., 0.]), rgb=UNKNOWN, text=str(...), units='height', win=Window(...), wrapWidth=1)
9.7332 	EXP 	Created end_text = TextStim(__class__=<class 'psychopy.visual.text.TextStim'>, alignHoriz=method-wrapper(...), alignText='center', alignVert=method-wrapper(...), anchorHoriz='center', anchorVert='center', antialias=True, autoDraw=False, autoLog=True, bold=False, color=array([1., 1., 1.]), colorSpace='rgb', contrast=1.0, depth=0.0, draggable=False, flipHoriz=False, flipVert=False, font='NanumGothic', fontFiles=[], height=np.float64(0.03), italic=False, languageStyle='LTR', name='end_text', opacity=1, ori=0, pos=array([0., 0.]), rgb=UNKNOWN, text='실험이 종료되었습니다. \n\n실험에 참여해 주셔서 감사합니다.\n\n', units='height', win=Window(...), wrapWidth=1)
0.0181 	EXP 	intro_text: autoDraw = True
0.2359 	EXP 	Device response: <KeyPress from None: t=0.20268159999977797, value=space, duration=None>
0.2362 	EXP 	Device response: <KeyPress from None: t=0.20268159999977797, value=space, duration=0.031957600000168895>
0.2434 	EXP 	intro_text: autoDraw = False
0.2434 	EXP 	LDT_intro_instr: autoDraw = True
0.2434 	EXP 	keyboard_LDT: autoDraw = True
0.2444 	DATA 	Keypress: space
26.1445 	EXP 	Device response: <KeyPress from None: t=26.1397375000015, value=l, duration=None>
26.1532 	DATA 	Keypress: l
26.2196 	EXP 	Device response: <KeyPress from None: t=26.1397375000015, value=l, duration=0.07856839999658405>
26.6616 	EXP 	Device response: <KeyPress from None: t=26.658555999998498, value=space, duration=None>
26.6661 	EXP 	Imported LDT_pracStim.xlsx as conditions, 10 conditions, 5 params
26.6663 	EXP 	New trial (rep=0, index=0): <Trial 0 (0 in rep 0) data={'Task': 'LDT', 'TrialType': 'Practice', 'Stimuli': 'lankua', 'CorrectResponse': 'a', 'StimulusType': 'nonword', 'thisN': 0, 'thisTrialN': 0, 'thisRepN': 0}>
26.6781 	EXP 	LDT_intro_instr: autoDraw = False
26.6781 	EXP 	keyboard_LDT: autoDraw = False
26.6781 	EXP 	LDT_prac_stim_text: height = np.float64(0.1)
26.6781 	EXP 	LDT_prac_stim_text: height = np.float64(0.1)
26.6781 	EXP 	LDT_prac_stim_text: height = np.float64(0.1)
26.6781 	EXP 	LDT_prac_stim_text: text = 'lankua'
26.6781 	EXP 	LDT_prac_fix_text: autoDraw = True
26.6785 	DATA 	Keypress: space
26.7784 	EXP 	Device response: <KeyPress from None: t=26.658555999998498, value=space, duration=0.1117212000026484>
27.1536 	EXP 	LDT_prac_stim_text: autoDraw = True
27.1702 	EXP 	LDT_prac_fix_text: autoDraw = False
28.1716 	EXP 	Device response: <KeyPress from None: t=28.171172300000762, value=a, duration=None>
28.1796 	EXP 	LDT_prac_fix_text: autoDraw = False
28.1796 	EXP 	LDT_prac_stim_text: autoDraw = False
28.1796 	EXP 	LDT_feedback_text: height = np.float64(0.05)
28.1796 	EXP 	LDT_feedback_text: height = np.float64(0.05)
28.1796 	EXP 	LDT_feedback_text: height = np.float64(0.05)
28.1796 	EXP 	LDT_feedback_text: text = '정답입니다!'
28.1796 	EXP 	LDT_feedback_text: autoDraw = True
28.1800 	DATA 	Keypress: a
28.2716 	EXP 	Device response: <KeyPress from None: t=28.171172300000762, value=a, duration=0.09494579999955022>
29.1642 	EXP 	New trial (rep=0, index=1): <Trial 1 (1 in rep 0) data={'Task': 'LDT', 'TrialType': 'Practice', 'Stimuli': 'cluerk', 'CorrectResponse': 'a', 'StimulusType': 'nonword', 'thisN': 1, 'thisTrialN': 1, 'thisRepN': 0}>
29.1722 	EXP 	LDT_feedback_text: autoDraw = False
29.1722 	EXP 	LDT_feedback_text: autoDraw = False
29.1722 	EXP 	LDT_prac_stim_text: height = np.float64(0.1)
29.1722 	EXP 	LDT_prac_stim_text: height = np.float64(0.1)
29.1722 	EXP 	LDT_prac_stim_text: height = np.float64(0.1)
29.1722 	EXP 	LDT_prac_stim_text: text = 'cluerk'
29.1722 	EXP 	LDT_prac_fix_text: autoDraw = True
29.6644 	EXP 	LDT_prac_fix_text: autoDraw = False
29.6644 	EXP 	LDT_prac_stim_text: autoDraw = True
30.4989 	EXP 	Device response: <KeyPress from None: t=30.498505299998214, value=a, duration=None>
30.5069 	EXP 	LDT_prac_fix_text: autoDraw = False
30.5069 	EXP 	LDT_prac_stim_text: autoDraw = False
30.5069 	EXP 	LDT_feedback_text: text = '정답입니다!'
30.5069 	EXP 	LDT_feedback_text: autoDraw = True
30.5074 	DATA 	Keypress: a
30.6323 	EXP 	Device response: <KeyPress from None: t=30.498505299998214, value=a, duration=0.12732030000188388>
31.4915 	EXP 	New trial (rep=0, index=2): <Trial 2 (2 in rep 0) data={'Task': 'LDT', 'TrialType': 'Practice', 'Stimuli': 'truck', 'CorrectResponse': 'l', 'StimulusType': 'word', 'thisN': 2, 'thisTrialN': 2, 'thisRepN': 0}>
31.4995 	EXP 	LDT_feedback_text: autoDraw = False
31.4995 	EXP 	LDT_feedback_text: autoDraw = False
31.4995 	EXP 	LDT_prac_stim_text: height = np.float64(0.1)
31.4995 	EXP 	LDT_prac_stim_text: height = np.float64(0.1)
31.4995 	EXP 	LDT_prac_stim_text: height = np.float64(0.1)
31.4995 	EXP 	LDT_prac_stim_text: text = 'truck'
31.4995 	EXP 	LDT_prac_fix_text: autoDraw = True
31.9917 	EXP 	LDT_prac_fix_text: autoDraw = False
31.9917 	EXP 	LDT_prac_stim_text: autoDraw = True
32.5176 	EXP 	Device response: <KeyPress from None: t=32.513929000000644, value=l, duration=None>
32.5256 	EXP 	LDT_prac_fix_text: autoDraw = False
32.5256 	EXP 	LDT_prac_stim_text: autoDraw = False
32.5256 	EXP 	LDT_feedback_text: text = '정답입니다!'
32.5256 	EXP 	LDT_feedback_text: autoDraw = True
32.5262 	DATA 	Keypress: l
32.6175 	EXP 	Device response: <KeyPress from None: t=32.513929000000644, value=l, duration=0.09614040000087698>
33.5102 	EXP 	New trial (rep=0, index=3): <Trial 3 (3 in rep 0) data={'Task': 'LDT', 'TrialType': 'Practice', 'Stimuli': 'huftuk', 'CorrectResponse': 'a', 'StimulusType': 'nonword', 'thisN': 3, 'thisTrialN': 3, 'thisRepN': 0}>
33.5183 	EXP 	LDT_feedback_text: autoDraw = False
33.5183 	EXP 	LDT_feedback_text: autoDraw = False
33.5183 	EXP 	LDT_prac_stim_text: height = np.float64(0.1)
33.5183 	EXP 	LDT_prac_stim_text: height = np.float64(0.1)
33.5183 	EXP 	LDT_prac_stim_text: height = np.float64(0.1)
33.5183 	EXP 	LDT_prac_stim_text: text = 'huftuk'
33.5183 	EXP 	LDT_prac_fix_text: autoDraw = True
34.0104 	EXP 	LDT_prac_fix_text: autoDraw = False
34.0104 	EXP 	LDT_prac_stim_text: autoDraw = True
34.5863 	EXP 	Device response: <KeyPress from None: t=34.57866079999803, value=a, duration=None>
34.5943 	EXP 	LDT_prac_fix_text: autoDraw = False
34.5943 	EXP 	LDT_prac_stim_text: autoDraw = False
34.5943 	EXP 	LDT_feedback_text: text = '정답입니다!'
34.5943 	EXP 	LDT_feedback_text: autoDraw = True
34.5948 	DATA 	Keypress: a
34.6948 	EXP 	Device response: <KeyPress from None: t=34.57866079999803, value=a, duration=0.11290370000278926>
35.5789 	EXP 	New trial (rep=0, index=4): <Trial 4 (4 in rep 0) data={'Task': 'LDT', 'TrialType': 'Practice', 'Stimuli': 'concept', 'CorrectResponse': 'l', 'StimulusType': 'word', 'thisN': 4, 'thisTrialN': 4, 'thisRepN': 0}>
35.5870 	EXP 	LDT_feedback_text: autoDraw = False
35.5870 	EXP 	LDT_feedback_text: autoDraw = False
35.5870 	EXP 	LDT_prac_stim_text: height = np.float64(0.1)
35.5870 	EXP 	LDT_prac_stim_text: height = np.float64(0.1)
35.5870 	EXP 	LDT_prac_stim_text: height = np.float64(0.1)
35.5870 	EXP 	LDT_prac_stim_text: text = 'concept'
35.5870 	EXP 	LDT_prac_fix_text: autoDraw = True
36.0791 	EXP 	LDT_prac_fix_text: autoDraw = False
36.0791 	EXP 	LDT_prac_stim_text: autoDraw = True
36.7718 	EXP 	Device response: <KeyPress from None: t=36.77001770000061, value=l, duration=None>
36.7799 	EXP 	LDT_prac_fix_text: autoDraw = False
36.7799 	EXP 	LDT_prac_stim_text: autoDraw = False
36.7799 	EXP 	LDT_feedback_text: text = '정답입니다!'
36.7799 	EXP 	LDT_feedback_text: autoDraw = True
36.7804 	DATA 	Keypress: l
36.8885 	EXP 	Device response: <KeyPress from None: t=36.77001770000061, value=l, duration=0.11302919999798178>
37.7644 	EXP 	New trial (rep=0, index=5): <Trial 5 (5 in rep 0) data={'Task': 'LDT', 'TrialType': 'Practice', 'Stimuli': 'yami', 'CorrectResponse': 'a', 'StimulusType': 'nonword', 'thisN': 5, 'thisTrialN': 5, 'thisRepN': 0}>
37.7726 	EXP 	LDT_feedback_text: autoDraw = False
37.7726 	EXP 	LDT_feedback_text: autoDraw = False
37.7726 	EXP 	LDT_prac_stim_text: height = np.float64(0.1)
37.7726 	EXP 	LDT_prac_stim_text: height = np.float64(0.1)
37.7726 	EXP 	LDT_prac_stim_text: height = np.float64(0.1)
37.7726 	EXP 	LDT_prac_stim_text: text = 'yami'
37.7726 	EXP 	LDT_prac_fix_text: autoDraw = True
38.2646 	EXP 	LDT_prac_fix_text: autoDraw = False
38.2646 	EXP 	LDT_prac_stim_text: autoDraw = True
38.9990 	EXP 	Device response: <KeyPress from None: t=38.994164299998374, value=l, duration=None>
39.0071 	EXP 	LDT_prac_fix_text: autoDraw = False
39.0071 	EXP 	LDT_prac_stim_text: autoDraw = False
39.0071 	EXP 	LDT_feedback_text: height = np.float64(0.05)
39.0071 	EXP 	LDT_feedback_text: height = np.float64(0.05)
39.0071 	EXP 	LDT_feedback_text: height = np.float64(0.05)
39.0071 	EXP 	LDT_feedback_text: text = '오답입니다'
39.0071 	EXP 	LDT_feedback_text: autoDraw = True
39.0077 	DATA 	Keypress: l
39.0992 	EXP 	Device response: <KeyPress from None: t=38.994164299998374, value=l, duration=0.104585600001883>
39.9917 	EXP 	New trial (rep=0, index=6): <Trial 6 (6 in rep 0) data={'Task': 'LDT', 'TrialType': 'Practice', 'Stimuli': 'baseball', 'CorrectResponse': 'l', 'StimulusType': 'word', 'thisN': 6, 'thisTrialN': 6, 'thisRepN': 0}>
39.9997 	EXP 	LDT_feedback_text: autoDraw = False
39.9997 	EXP 	LDT_feedback_text: autoDraw = False
39.9997 	EXP 	LDT_prac_stim_text: height = np.float64(0.1)
39.9997 	EXP 	LDT_prac_stim_text: height = np.float64(0.1)
39.9997 	EXP 	LDT_prac_stim_text: height = np.float64(0.1)
39.9997 	EXP 	LDT_prac_stim_text: text = 'baseball'
39.9997 	EXP 	LDT_prac_fix_text: autoDraw = True
40.4918 	EXP 	LDT_prac_fix_text: autoDraw = False
40.4918 	EXP 	LDT_prac_stim_text: autoDraw = True
41.1679 	EXP 	Device response: <KeyPress from None: t=41.16220239999893, value=l, duration=None>
41.1759 	EXP 	LDT_prac_fix_text: autoDraw = False
41.1759 	EXP 	LDT_prac_stim_text: autoDraw = False
41.1759 	EXP 	LDT_feedback_text: height = np.float64(0.05)
41.1759 	EXP 	LDT_feedback_text: height = np.float64(0.05)
41.1759 	EXP 	LDT_feedback_text: height = np.float64(0.05)
41.1759 	EXP 	LDT_feedback_text: text = '정답입니다!'
41.1759 	EXP 	LDT_feedback_text: autoDraw = True
41.1765 	DATA 	Keypress: l
41.2595 	EXP 	Device response: <KeyPress from None: t=41.16220239999893, value=l, duration=0.0955701000020781>
42.1605 	EXP 	New trial (rep=0, index=7): <Trial 7 (7 in rep 0) data={'Task': 'LDT', 'TrialType': 'Practice', 'Stimuli': 'cucumber', 'CorrectResponse': 'l', 'StimulusType': 'word', 'thisN': 7, 'thisTrialN': 7, 'thisRepN': 0}>
42.1686 	EXP 	LDT_feedback_text: autoDraw = False
42.1686 	EXP 	LDT_feedback_text: autoDraw = False
42.1686 	EXP 	LDT_prac_stim_text: height = np.float64(0.1)
42.1686 	EXP 	LDT_prac_stim_text: height = np.float64(0.1)
42.1686 	EXP 	LDT_prac_stim_text: height = np.float64(0.1)
42.1686 	EXP 	LDT_prac_stim_text: text = 'cucumber'
42.1686 	EXP 	LDT_prac_fix_text: autoDraw = True
42.6607 	EXP 	LDT_prac_fix_text: autoDraw = False
42.6607 	EXP 	LDT_prac_stim_text: autoDraw = True
43.4618 	EXP 	Device response: <KeyPress from None: t=43.45815460000085, value=l, duration=None>
43.4698 	EXP 	LDT_prac_fix_text: autoDraw = False
43.4698 	EXP 	LDT_prac_stim_text: autoDraw = False
43.4698 	EXP 	LDT_feedback_text: text = '정답입니다!'
43.4698 	EXP 	LDT_feedback_text: autoDraw = True
43.4703 	DATA 	Keypress: l
43.5535 	EXP 	Device response: <KeyPress from None: t=43.45815460000085, value=l, duration=0.08770200000071782>
44.4545 	EXP 	New trial (rep=0, index=8): <Trial 8 (8 in rep 0) data={'Task': 'LDT', 'TrialType': 'Practice', 'Stimuli': 'format', 'CorrectResponse': 'l', 'StimulusType': 'word', 'thisN': 8, 'thisTrialN': 8, 'thisRepN': 0}>
44.4625 	EXP 	LDT_feedback_text: autoDraw = False
44.4625 	EXP 	LDT_feedback_text: autoDraw = False
44.4625 	EXP 	LDT_prac_stim_text: height = np.float64(0.1)
44.4625 	EXP 	LDT_prac_stim_text: height = np.float64(0.1)
44.4625 	EXP 	LDT_prac_stim_text: height = np.float64(0.1)
44.4625 	EXP 	LDT_prac_stim_text: text = 'format'
44.4625 	EXP 	LDT_prac_fix_text: autoDraw = True
44.9546 	EXP 	LDT_prac_fix_text: autoDraw = False
44.9546 	EXP 	LDT_prac_stim_text: autoDraw = True
45.7641 	EXP 	Device response: <KeyPress from None: t=45.76183360000141, value=l, duration=None>
45.7721 	EXP 	LDT_prac_fix_text: autoDraw = False
45.7721 	EXP 	LDT_prac_stim_text: autoDraw = False
45.7721 	EXP 	LDT_feedback_text: text = '정답입니다!'
45.7721 	EXP 	LDT_feedback_text: autoDraw = True
45.7726 	DATA 	Keypress: l
45.9309 	EXP 	Device response: <KeyPress from None: t=45.76183360000141, value=l, duration=0.1607371999998577>
46.7567 	EXP 	New trial (rep=0, index=9): <Trial 9 (9 in rep 0) data={'Task': 'LDT', 'TrialType': 'Practice', 'Stimuli': 'jeong', 'CorrectResponse': 'a', 'StimulusType': 'nonword', 'thisN': 9, 'thisTrialN': 9, 'thisRepN': 0}>
46.7649 	EXP 	LDT_feedback_text: autoDraw = False
46.7649 	EXP 	LDT_feedback_text: autoDraw = False
46.7649 	EXP 	LDT_prac_stim_text: height = np.float64(0.1)
46.7649 	EXP 	LDT_prac_stim_text: height = np.float64(0.1)
46.7649 	EXP 	LDT_prac_stim_text: height = np.float64(0.1)
46.7649 	EXP 	LDT_prac_stim_text: text = 'jeong'
46.7649 	EXP 	LDT_prac_fix_text: autoDraw = True
47.2569 	EXP 	LDT_prac_fix_text: autoDraw = False
47.2569 	EXP 	LDT_prac_stim_text: autoDraw = True
47.9829 	EXP 	Device response: <KeyPress from None: t=47.97823349999817, value=a, duration=None>
47.9910 	EXP 	LDT_prac_fix_text: autoDraw = False
47.9910 	EXP 	LDT_prac_stim_text: autoDraw = False
47.9910 	EXP 	LDT_feedback_text: text = '정답입니다!'
47.9910 	EXP 	LDT_feedback_text: autoDraw = True
47.9915 	DATA 	Keypress: a
48.0915 	EXP 	Device response: <KeyPress from None: t=47.97823349999817, value=a, duration=0.11279320000176085>
48.9836 	EXP 	LDT_feedback_text: autoDraw = False
48.9836 	EXP 	LDT_feedback_text: autoDraw = False
48.9836 	EXP 	LDT_instr_text: autoDraw = True
66.3763 	EXP 	Device response: <KeyPress from None: t=66.37066349999805, value=space, duration=None>
66.3957 	EXP 	Imported LDT_Stim.xlsx as conditions, 222 conditions, 6 params
66.3968 	EXP 	New trial (rep=0, index=0): <Trial 0 (0 in rep 0) data={'Task': 'LDT', 'TrialType': 'Target', 'Stimuli': 'jight', 'StimulusType': 'nonword', 'CorrectResponse': 'a', 'Trialnumb': 159, 'thisN': 0, 'thisTrialN': 0, 'thisRepN': 0}>
66.4005 	EXP 	LDT_instr_text: autoDraw = False
66.4005 	EXP 	LDT_stim_text: height = np.float64(0.1)
66.4005 	EXP 	LDT_stim_text: height = np.float64(0.1)
66.4005 	EXP 	LDT_stim_text: height = np.float64(0.1)
66.4005 	EXP 	LDT_stim_text: text = 'jight'
66.4005 	EXP 	LDT_fix_text: autoDraw = True
66.4010 	DATA 	Keypress: space
66.4848 	EXP 	Device response: <KeyPress from None: t=66.37066349999805, value=space, duration=0.11287360000278568>
66.8681 	EXP 	LDT_stim_text: autoDraw = True
66.8932 	EXP 	LDT_fix_text: autoDraw = False
67.5274 	EXP 	Device response: <KeyPress from None: t=67.52252489999955, value=a, duration=None>
67.5276 	EXP 	New trial (rep=0, index=1): <Trial 1 (1 in rep 0) data={'Task': 'LDT', 'TrialType': 'Target', 'Stimuli': 'reach', 'StimulusType': 'word', 'CorrectResponse': 'l', 'Trialnumb': 72, 'thisN': 1, 'thisTrialN': 1, 'thisRepN': 0}>
67.5354 	EXP 	LDT_fix_text: autoDraw = False
67.5354 	EXP 	LDT_stim_text: autoDraw = False
67.5354 	EXP 	LDT_break_text: autoDraw = False
67.5354 	EXP 	LDT_stim_text: height = np.float64(0.1)
67.5354 	EXP 	LDT_stim_text: height = np.float64(0.1)
67.5354 	EXP 	LDT_stim_text: height = np.float64(0.1)
67.5354 	EXP 	LDT_stim_text: text = 'reach'
67.5354 	EXP 	LDT_fix_text: autoDraw = True
67.5360 	DATA 	Keypress: a
67.6275 	EXP 	Device response: <KeyPress from None: t=67.52252489999955, value=a, duration=0.10349430000132998>
68.0193 	EXP 	LDT_stim_text: autoDraw = True
68.0276 	EXP 	LDT_fix_text: autoDraw = False
68.5869 	EXP 	Device response: <KeyPress from None: t=68.5864959999999, value=l, duration=None>
68.5872 	EXP 	New trial (rep=0, index=2): <Trial 2 (2 in rep 0) data={'Task': 'LDT', 'TrialType': 'Target', 'Stimuli': 'sharp', 'StimulusType': 'word', 'CorrectResponse': 'l', 'Trialnumb': 94, 'thisN': 2, 'thisTrialN': 2, 'thisRepN': 0}>
68.5948 	EXP 	LDT_fix_text: autoDraw = False
68.5948 	EXP 	LDT_stim_text: autoDraw = False
68.5948 	EXP 	LDT_break_text: autoDraw = False
68.5948 	EXP 	LDT_stim_text: height = np.float64(0.1)
68.5948 	EXP 	LDT_stim_text: height = np.float64(0.1)
68.5948 	EXP 	LDT_stim_text: height = np.float64(0.1)
68.5948 	EXP 	LDT_stim_text: text = 'sharp'
68.5948 	EXP 	LDT_fix_text: autoDraw = True
68.5954 	DATA 	Keypress: l
68.6869 	EXP 	Device response: <KeyPress from None: t=68.5864959999999, value=l, duration=0.09536400000069989>
69.0788 	EXP 	LDT_stim_text: autoDraw = True
69.0870 	EXP 	LDT_fix_text: autoDraw = False
70.0215 	EXP 	Device response: <KeyPress from None: t=70.01875419999851, value=l, duration=None>
70.0217 	EXP 	New trial (rep=0, index=3): <Trial 3 (3 in rep 0) data={'Task': 'LDT', 'TrialType': 'Target', 'Stimuli': 'crap', 'StimulusType': 'word', 'CorrectResponse': 'l', 'Trialnumb': 70, 'thisN': 3, 'thisTrialN': 3, 'thisRepN': 0}>
70.0297 	EXP 	LDT_fix_text: autoDraw = False
70.0297 	EXP 	LDT_stim_text: autoDraw = False
70.0297 	EXP 	LDT_break_text: autoDraw = False
70.0297 	EXP 	LDT_stim_text: height = np.float64(0.1)
70.0297 	EXP 	LDT_stim_text: height = np.float64(0.1)
70.0297 	EXP 	LDT_stim_text: height = np.float64(0.1)
70.0297 	EXP 	LDT_stim_text: text = 'crap'
70.0297 	EXP 	LDT_fix_text: autoDraw = True
70.0302 	DATA 	Keypress: l
70.1133 	EXP 	Device response: <KeyPress from None: t=70.01875419999851, value=l, duration=0.0875320000013744>
70.5134 	EXP 	LDT_stim_text: autoDraw = True
70.5218 	EXP 	LDT_fix_text: autoDraw = False
71.1477 	EXP 	Device response: <KeyPress from None: t=71.14697560000059, value=l, duration=None>
71.1480 	EXP 	New trial (rep=0, index=4): <Trial 4 (4 in rep 0) data={'Task': 'LDT', 'TrialType': 'Target', 'Stimuli': 'kire', 'StimulusType': 'nonword', 'CorrectResponse': 'a', 'Trialnumb': 166, 'thisN': 4, 'thisTrialN': 4, 'thisRepN': 0}>
71.1558 	EXP 	LDT_fix_text: autoDraw = False
71.1558 	EXP 	LDT_stim_text: autoDraw = False
71.1558 	EXP 	LDT_break_text: autoDraw = False
71.1558 	EXP 	LDT_stim_text: height = np.float64(0.1)
71.1558 	EXP 	LDT_stim_text: height = np.float64(0.1)
71.1558 	EXP 	LDT_stim_text: height = np.float64(0.1)
71.1558 	EXP 	LDT_stim_text: text = 'kire'
71.1558 	EXP 	LDT_fix_text: autoDraw = True
71.1563 	DATA 	Keypress: l
71.2729 	EXP 	Device response: <KeyPress from None: t=71.14697560000059, value=l, duration=0.11919059999854653>
71.6396 	EXP 	LDT_stim_text: autoDraw = True
71.6479 	EXP 	LDT_fix_text: autoDraw = False
72.5408 	EXP 	Device response: <KeyPress from None: t=72.53842000000077, value=a, duration=None>
72.5411 	EXP 	New trial (rep=0, index=5): <Trial 5 (5 in rep 0) data={'Task': 'LDT', 'TrialType': 'Target', 'Stimuli': 'cean', 'StimulusType': 'nonword', 'CorrectResponse': 'a', 'Trialnumb': 126, 'thisN': 5, 'thisTrialN': 5, 'thisRepN': 0}>
72.5488 	EXP 	LDT_fix_text: autoDraw = False
72.5488 	EXP 	LDT_stim_text: autoDraw = False
72.5488 	EXP 	LDT_break_text: autoDraw = False
72.5488 	EXP 	LDT_stim_text: height = np.float64(0.1)
72.5488 	EXP 	LDT_stim_text: height = np.float64(0.1)
72.5488 	EXP 	LDT_stim_text: height = np.float64(0.1)
72.5488 	EXP 	LDT_stim_text: text = 'cean'
72.5488 	EXP 	LDT_fix_text: autoDraw = True
72.5492 	DATA 	Keypress: a
72.6408 	EXP 	Device response: <KeyPress from None: t=72.53842000000077, value=a, duration=0.09572789999947418>
73.0326 	EXP 	LDT_stim_text: autoDraw = True
73.0409 	EXP 	LDT_fix_text: autoDraw = False
73.8086 	EXP 	Device response: <KeyPress from None: t=73.80345390000002, value=a, duration=None>
73.8089 	EXP 	New trial (rep=0, index=6): <Trial 6 (6 in rep 0) data={'Task': 'LDT', 'TrialType': 'Target', 'Stimuli': 'last', 'StimulusType': 'word', 'CorrectResponse': 'l', 'Trialnumb': 11, 'thisN': 6, 'thisTrialN': 6, 'thisRepN': 0}>
73.8167 	EXP 	LDT_fix_text: autoDraw = False
73.8167 	EXP 	LDT_stim_text: autoDraw = False
73.8167 	EXP 	LDT_break_text: autoDraw = False
73.8167 	EXP 	LDT_stim_text: height = np.float64(0.1)
73.8167 	EXP 	LDT_stim_text: height = np.float64(0.1)
73.8167 	EXP 	LDT_stim_text: height = np.float64(0.1)
73.8167 	EXP 	LDT_stim_text: text = 'last'
73.8167 	EXP 	LDT_fix_text: autoDraw = True
73.8172 	DATA 	Keypress: a
73.9171 	EXP 	Device response: <KeyPress from None: t=73.80345390000002, value=a, duration=0.11126320000039414>
74.3005 	EXP 	LDT_stim_text: autoDraw = True
74.3089 	EXP 	LDT_fix_text: autoDraw = False
74.8514 	EXP 	Device response: <KeyPress from None: t=74.85050609999962, value=l, duration=None>
74.8516 	EXP 	New trial (rep=0, index=7): <Trial 7 (7 in rep 0) data={'Task': 'LDT', 'TrialType': 'Target', 'Stimuli': 'team', 'StimulusType': 'word', 'CorrectResponse': 'l', 'Trialnumb': 23, 'thisN': 7, 'thisTrialN': 7, 'thisRepN': 0}>
74.8596 	EXP 	LDT_fix_text: autoDraw = False
74.8596 	EXP 	LDT_stim_text: autoDraw = False
74.8596 	EXP 	LDT_break_text: autoDraw = False
74.8596 	EXP 	LDT_stim_text: height = np.float64(0.1)
74.8596 	EXP 	LDT_stim_text: height = np.float64(0.1)
74.8596 	EXP 	LDT_stim_text: height = np.float64(0.1)
74.8596 	EXP 	LDT_stim_text: text = 'team'
74.8596 	EXP 	LDT_fix_text: autoDraw = True
74.8602 	DATA 	Keypress: l
74.9348 	EXP 	Device response: <KeyPress from None: t=74.85050609999962, value=l, duration=0.07986960000198451>
75.3432 	EXP 	LDT_stim_text: autoDraw = True
75.3516 	EXP 	LDT_fix_text: autoDraw = False
75.8525 	EXP 	Device response: <KeyPress from None: t=75.84987600000022, value=l, duration=None>
75.8527 	EXP 	New trial (rep=0, index=8): <Trial 8 (8 in rep 0) data={'Task': 'LDT', 'TrialType': 'Target', 'Stimuli': 'cast', 'StimulusType': 'word', 'CorrectResponse': 'l', 'Trialnumb': 95, 'thisN': 8, 'thisTrialN': 8, 'thisRepN': 0}>
75.8604 	EXP 	LDT_fix_text: autoDraw = False
75.8604 	EXP 	LDT_stim_text: autoDraw = False
75.8604 	EXP 	LDT_break_text: autoDraw = False
75.8604 	EXP 	LDT_stim_text: height = np.float64(0.1)
75.8604 	EXP 	LDT_stim_text: height = np.float64(0.1)
75.8604 	EXP 	LDT_stim_text: height = np.float64(0.1)
75.8604 	EXP 	LDT_stim_text: text = 'cast'
75.8604 	EXP 	LDT_fix_text: autoDraw = True
75.8608 	DATA 	Keypress: l
75.9858 	EXP 	Device response: <KeyPress from None: t=75.84987600000022, value=l, duration=0.12804619999951683>
76.3442 	EXP 	LDT_stim_text: autoDraw = True
76.3526 	EXP 	LDT_fix_text: autoDraw = False
77.1036 	EXP 	Device response: <KeyPress from None: t=77.09779490000074, value=l, duration=None>
77.1039 	EXP 	New trial (rep=0, index=9): <Trial 9 (9 in rep 0) data={'Task': 'LDT', 'TrialType': 'Target', 'Stimuli': 'cled', 'StimulusType': 'nonword', 'CorrectResponse': 'a', 'Trialnumb': 130, 'thisN': 9, 'thisTrialN': 9, 'thisRepN': 0}>
77.1116 	EXP 	LDT_fix_text: autoDraw = False
77.1116 	EXP 	LDT_stim_text: autoDraw = False
77.1116 	EXP 	LDT_break_text: autoDraw = False
77.1116 	EXP 	LDT_stim_text: height = np.float64(0.1)
77.1116 	EXP 	LDT_stim_text: height = np.float64(0.1)
77.1116 	EXP 	LDT_stim_text: height = np.float64(0.1)
77.1116 	EXP 	LDT_stim_text: text = 'cled'
77.1116 	EXP 	LDT_fix_text: autoDraw = True
77.1121 	DATA 	Keypress: l
77.1787 	EXP 	Device response: <KeyPress from None: t=77.09779490000074, value=l, duration=0.07289619999937713>
77.5955 	EXP 	LDT_stim_text: autoDraw = True
77.6038 	EXP 	LDT_fix_text: autoDraw = False
78.2297 	EXP 	Device response: <KeyPress from None: t=78.2266469999995, value=a, duration=None>
78.2300 	EXP 	New trial (rep=0, index=10): <Trial 10 (10 in rep 0) data={'Task': 'LDT', 'TrialType': 'Target', 'Stimuli': 'colo', 'StimulusType': 'nonword', 'CorrectResponse': 'a', 'Trialnumb': 131, 'thisN': 10, 'thisTrialN': 10, 'thisRepN': 0}>
78.2379 	EXP 	LDT_fix_text: autoDraw = False
78.2379 	EXP 	LDT_stim_text: autoDraw = False
78.2379 	EXP 	LDT_break_text: autoDraw = False
78.2379 	EXP 	LDT_stim_text: height = np.float64(0.1)
78.2379 	EXP 	LDT_stim_text: height = np.float64(0.1)
78.2379 	EXP 	LDT_stim_text: height = np.float64(0.1)
78.2379 	EXP 	LDT_stim_text: text = 'colo'
78.2379 	EXP 	LDT_fix_text: autoDraw = True
78.2385 	DATA 	Keypress: a
78.3381 	EXP 	Device response: <KeyPress from None: t=78.2266469999995, value=a, duration=0.10398050000003423>
78.7216 	EXP 	LDT_stim_text: autoDraw = True
78.7300 	EXP 	LDT_fix_text: autoDraw = False
79.4893 	EXP 	Device response: <KeyPress from None: t=79.48212349999812, value=l, duration=None>
79.4895 	EXP 	New trial (rep=0, index=11): <Trial 11 (11 in rep 0) data={'Task': 'LDT', 'TrialType': 'Target', 'Stimuli': 'music', 'StimulusType': 'word', 'CorrectResponse': 'l', 'Trialnumb': 13, 'thisN': 11, 'thisTrialN': 11, 'thisRepN': 0}>
79.4974 	EXP 	LDT_fix_text: autoDraw = False
79.4974 	EXP 	LDT_stim_text: autoDraw = False
79.4974 	EXP 	LDT_break_text: autoDraw = False
79.4974 	EXP 	LDT_stim_text: height = np.float64(0.1)
79.4974 	EXP 	LDT_stim_text: height = np.float64(0.1)
79.4974 	EXP 	LDT_stim_text: height = np.float64(0.1)
79.4974 	EXP 	LDT_stim_text: text = 'music'
79.4974 	EXP 	LDT_fix_text: autoDraw = True
79.4979 	DATA 	Keypress: l
79.5810 	EXP 	Device response: <KeyPress from None: t=79.48212349999812, value=l, duration=0.09632190000047558>
79.9812 	EXP 	LDT_stim_text: autoDraw = True
79.9895 	EXP 	LDT_fix_text: autoDraw = False
80.5403 	EXP 	Device response: <KeyPress from None: t=80.53798029999962, value=l, duration=None>
80.5406 	EXP 	New trial (rep=0, index=12): <Trial 12 (12 in rep 0) data={'Task': 'LDT', 'TrialType': 'Target', 'Stimuli': 'lill', 'StimulusType': 'nonword', 'CorrectResponse': 'a', 'Trialnumb': 168, 'thisN': 12, 'thisTrialN': 12, 'thisRepN': 0}>
80.5485 	EXP 	LDT_fix_text: autoDraw = False
80.5485 	EXP 	LDT_stim_text: autoDraw = False
80.5485 	EXP 	LDT_break_text: autoDraw = False
80.5485 	EXP 	LDT_stim_text: height = np.float64(0.1)
80.5485 	EXP 	LDT_stim_text: height = np.float64(0.1)
80.5485 	EXP 	LDT_stim_text: height = np.float64(0.1)
80.5485 	EXP 	LDT_stim_text: text = 'lill'
80.5485 	EXP 	LDT_fix_text: autoDraw = True
80.5491 	DATA 	Keypress: l
80.6488 	EXP 	Device response: <KeyPress from None: t=80.53798029999962, value=l, duration=0.10494280000057188>
81.0323 	EXP 	LDT_stim_text: autoDraw = True
81.0406 	EXP 	LDT_fix_text: autoDraw = False
82.3338 	EXP 	Device response: <KeyPress from None: t=82.33022419999907, value=a, duration=None>
82.3341 	EXP 	New trial (rep=0, index=13): <Trial 13 (13 in rep 0) data={'Task': 'LDT', 'TrialType': 'Target', 'Stimuli': 'down', 'StimulusType': 'word', 'CorrectResponse': 'l', 'Trialnumb': 9, 'thisN': 13, 'thisTrialN': 13, 'thisRepN': 0}>
82.3419 	EXP 	LDT_fix_text: autoDraw = False
82.3419 	EXP 	LDT_stim_text: autoDraw = False
82.3419 	EXP 	LDT_break_text: autoDraw = False
82.3419 	EXP 	LDT_stim_text: height = np.float64(0.1)
82.3419 	EXP 	LDT_stim_text: height = np.float64(0.1)
82.3419 	EXP 	LDT_stim_text: height = np.float64(0.1)
82.3419 	EXP 	LDT_stim_text: text = 'down'
82.3419 	EXP 	LDT_fix_text: autoDraw = True
82.3426 	DATA 	Keypress: a
82.4423 	EXP 	Device response: <KeyPress from None: t=82.33022419999907, value=a, duration=0.10462470000129542>
82.8257 	EXP 	LDT_stim_text: autoDraw = True
82.8340 	EXP 	LDT_fix_text: autoDraw = False
83.4849 	EXP 	Device response: <KeyPress from None: t=83.48232429999916, value=l, duration=None>
83.4852 	EXP 	New trial (rep=0, index=14): <Trial 14 (14 in rep 0) data={'Task': 'LDT', 'TrialType': 'Target', 'Stimuli': 'job', 'StimulusType': 'word', 'CorrectResponse': 'l', 'Trialnumb': 26, 'thisN': 14, 'thisTrialN': 14, 'thisRepN': 0}>
83.4930 	EXP 	LDT_fix_text: autoDraw = False
83.4930 	EXP 	LDT_stim_text: autoDraw = False
83.4930 	EXP 	LDT_break_text: autoDraw = False
83.4930 	EXP 	LDT_stim_text: height = np.float64(0.1)
83.4930 	EXP 	LDT_stim_text: height = np.float64(0.1)
83.4930 	EXP 	LDT_stim_text: height = np.float64(0.1)
83.4930 	EXP 	LDT_stim_text: text = 'job'
83.4930 	EXP 	LDT_fix_text: autoDraw = True
83.4936 	DATA 	Keypress: l
83.5767 	EXP 	Device response: <KeyPress from None: t=83.48232429999916, value=l, duration=0.08785160000115866>
83.9768 	EXP 	LDT_stim_text: autoDraw = True
83.9852 	EXP 	LDT_fix_text: autoDraw = False
84.5360 	EXP 	Device response: <KeyPress from None: t=84.53035369999998, value=l, duration=None>
84.5363 	EXP 	New trial (rep=0, index=15): <Trial 15 (15 in rep 0) data={'Task': 'LDT', 'TrialType': 'Target', 'Stimuli': 'kell', 'StimulusType': 'nonword', 'CorrectResponse': 'a', 'Trialnumb': 164, 'thisN': 15, 'thisTrialN': 15, 'thisRepN': 0}>
84.5441 	EXP 	LDT_fix_text: autoDraw = False
84.5441 	EXP 	LDT_stim_text: autoDraw = False
84.5441 	EXP 	LDT_break_text: autoDraw = False
84.5441 	EXP 	LDT_stim_text: height = np.float64(0.1)
84.5441 	EXP 	LDT_stim_text: height = np.float64(0.1)
84.5441 	EXP 	LDT_stim_text: height = np.float64(0.1)
84.5441 	EXP 	LDT_stim_text: text = 'kell'
84.5441 	EXP 	LDT_fix_text: autoDraw = True
84.5446 	DATA 	Keypress: l
84.6194 	EXP 	Device response: <KeyPress from None: t=84.53035369999998, value=l, duration=0.08825449999858392>
85.0279 	EXP 	LDT_stim_text: autoDraw = True
85.0362 	EXP 	LDT_fix_text: autoDraw = False
85.7372 	EXP 	Device response: <KeyPress from None: t=85.73004310000033, value=a, duration=None>
85.7375 	EXP 	New trial (rep=0, index=16): <Trial 16 (16 in rep 0) data={'Task': 'LDT', 'TrialType': 'Target', 'Stimuli': 'back', 'StimulusType': 'word', 'CorrectResponse': 'l', 'Trialnumb': 8, 'thisN': 16, 'thisTrialN': 16, 'thisRepN': 0}>
85.7453 	EXP 	LDT_fix_text: autoDraw = False
85.7453 	EXP 	LDT_stim_text: autoDraw = False
85.7453 	EXP 	LDT_break_text: autoDraw = False
85.7453 	EXP 	LDT_stim_text: height = np.float64(0.1)
85.7453 	EXP 	LDT_stim_text: height = np.float64(0.1)
85.7453 	EXP 	LDT_stim_text: height = np.float64(0.1)
85.7453 	EXP 	LDT_stim_text: text = 'back'
85.7453 	EXP 	LDT_fix_text: autoDraw = True
85.7458 	DATA 	Keypress: a
85.8291 	EXP 	Device response: <KeyPress from None: t=85.73004310000033, value=a, duration=0.09725439999965602>
86.2291 	EXP 	LDT_stim_text: autoDraw = True
86.2374 	EXP 	LDT_fix_text: autoDraw = False
86.7215 	EXP 	Device response: <KeyPress from None: t=86.7143290999993, value=l, duration=None>
86.7217 	EXP 	New trial (rep=0, index=17): <Trial 17 (17 in rep 0) data={'Task': 'LDT', 'TrialType': 'Target', 'Stimuli': 'bint', 'StimulusType': 'nonword', 'CorrectResponse': 'a', 'Trialnumb': 122, 'thisN': 17, 'thisTrialN': 17, 'thisRepN': 0}>
86.7296 	EXP 	LDT_fix_text: autoDraw = False
86.7296 	EXP 	LDT_stim_text: autoDraw = False
86.7296 	EXP 	LDT_break_text: autoDraw = False
86.7296 	EXP 	LDT_stim_text: height = np.float64(0.1)
86.7296 	EXP 	LDT_stim_text: height = np.float64(0.1)
86.7296 	EXP 	LDT_stim_text: height = np.float64(0.1)
86.7296 	EXP 	LDT_stim_text: text = 'bint'
86.7296 	EXP 	LDT_fix_text: autoDraw = True
86.7301 	DATA 	Keypress: l
86.8383 	EXP 	Device response: <KeyPress from None: t=86.7143290999993, value=l, duration=0.12076340000203345>
87.2134 	EXP 	LDT_stim_text: autoDraw = True
87.2218 	EXP 	LDT_fix_text: autoDraw = False
88.3064 	EXP 	Device response: <KeyPress from None: t=88.29893299999821, value=a, duration=None>
88.3066 	EXP 	New trial (rep=0, index=18): <Trial 18 (18 in rep 0) data={'Task': 'LDT', 'TrialType': 'Target', 'Stimuli': 'unit', 'StimulusType': 'word', 'CorrectResponse': 'l', 'Trialnumb': 82, 'thisN': 18, 'thisTrialN': 18, 'thisRepN': 0}>
88.3145 	EXP 	LDT_fix_text: autoDraw = False
88.3145 	EXP 	LDT_stim_text: autoDraw = False
88.3145 	EXP 	LDT_break_text: autoDraw = False
88.3145 	EXP 	LDT_stim_text: height = np.float64(0.1)
88.3145 	EXP 	LDT_stim_text: height = np.float64(0.1)
88.3145 	EXP 	LDT_stim_text: height = np.float64(0.1)
88.3145 	EXP 	LDT_stim_text: text = 'unit'
88.3145 	EXP 	LDT_fix_text: autoDraw = True
88.3150 	DATA 	Keypress: a
88.3982 	EXP 	Device response: <KeyPress from None: t=88.29893299999821, value=a, duration=0.09500580000167247>
88.7983 	EXP 	LDT_stim_text: autoDraw = True
88.8066 	EXP 	LDT_fix_text: autoDraw = False
89.8664 	EXP 	Device response: <KeyPress from None: t=89.85882029999993, value=l, duration=None>
89.8667 	EXP 	New trial (rep=0, index=19): <Trial 19 (19 in rep 0) data={'Task': 'LDT', 'TrialType': 'Target', 'Stimuli': 'sound', 'StimulusType': 'word', 'CorrectResponse': 'l', 'Trialnumb': 40, 'thisN': 19, 'thisTrialN': 19, 'thisRepN': 0}>
89.8744 	EXP 	LDT_fix_text: autoDraw = False
89.8744 	EXP 	LDT_stim_text: autoDraw = False
89.8744 	EXP 	LDT_break_text: autoDraw = False
89.8744 	EXP 	LDT_stim_text: height = np.float64(0.1)
89.8744 	EXP 	LDT_stim_text: height = np.float64(0.1)
89.8744 	EXP 	LDT_stim_text: height = np.float64(0.1)
89.8744 	EXP 	LDT_stim_text: text = 'sound'
89.8744 	EXP 	LDT_fix_text: autoDraw = True
89.8749 	DATA 	Keypress: l
89.9831 	EXP 	Device response: <KeyPress from None: t=89.85882029999993, value=l, duration=0.11945819999891683>
90.3582 	EXP 	LDT_stim_text: autoDraw = True
90.3665 	EXP 	LDT_fix_text: autoDraw = False
90.9174 	EXP 	Device response: <KeyPress from None: t=90.91427290000138, value=l, duration=None>
90.9177 	EXP 	New trial (rep=0, index=20): <Trial 20 (20 in rep 0) data={'Task': 'LDT', 'TrialType': 'Target', 'Stimuli': 'bond', 'StimulusType': 'word', 'CorrectResponse': 'l', 'Trialnumb': 87, 'thisN': 20, 'thisTrialN': 20, 'thisRepN': 0}>
90.9254 	EXP 	LDT_fix_text: autoDraw = False
90.9254 	EXP 	LDT_stim_text: autoDraw = False
90.9254 	EXP 	LDT_break_text: autoDraw = False
90.9254 	EXP 	LDT_stim_text: height = np.float64(0.1)
90.9254 	EXP 	LDT_stim_text: height = np.float64(0.1)
90.9254 	EXP 	LDT_stim_text: height = np.float64(0.1)
90.9254 	EXP 	LDT_stim_text: text = 'bond'
90.9254 	EXP 	LDT_fix_text: autoDraw = True
90.9259 	DATA 	Keypress: l
91.0425 	EXP 	Device response: <KeyPress from None: t=90.91427290000138, value=l, duration=0.12031959999876563>
91.4093 	EXP 	LDT_stim_text: autoDraw = True
91.4176 	EXP 	LDT_fix_text: autoDraw = False
92.0352 	EXP 	Device response: <KeyPress from None: t=92.03406099999847, value=l, duration=None>
92.0354 	EXP 	New trial (rep=0, index=21): <Trial 21 (21 in rep 0) data={'Task': 'LDT', 'TrialType': 'Target', 'Stimuli': 'bust', 'StimulusType': 'word', 'CorrectResponse': 'l', 'Trialnumb': 91, 'thisN': 21, 'thisTrialN': 21, 'thisRepN': 0}>
92.0432 	EXP 	LDT_fix_text: autoDraw = False
92.0432 	EXP 	LDT_stim_text: autoDraw = False
92.0432 	EXP 	LDT_break_text: autoDraw = False
92.0432 	EXP 	LDT_stim_text: height = np.float64(0.1)
92.0432 	EXP 	LDT_stim_text: height = np.float64(0.1)
92.0432 	EXP 	LDT_stim_text: height = np.float64(0.1)
92.0432 	EXP 	LDT_stim_text: text = 'bust'
92.0432 	EXP 	LDT_fix_text: autoDraw = True
92.0437 	DATA 	Keypress: l
92.1185 	EXP 	Device response: <KeyPress from None: t=92.03406099999847, value=l, duration=0.08013589999973192>
92.5270 	EXP 	LDT_stim_text: autoDraw = True
92.5353 	EXP 	LDT_fix_text: autoDraw = False
93.4198 	EXP 	Device response: <KeyPress from None: t=93.41799059999903, value=l, duration=None>
93.4201 	EXP 	New trial (rep=0, index=22): <Trial 22 (22 in rep 0) data={'Task': 'LDT', 'TrialType': 'Target', 'Stimuli': 'boss', 'StimulusType': 'word', 'CorrectResponse': 'l', 'Trialnumb': 61, 'thisN': 22, 'thisTrialN': 22, 'thisRepN': 0}>
93.4279 	EXP 	LDT_fix_text: autoDraw = False
93.4279 	EXP 	LDT_stim_text: autoDraw = False
93.4279 	EXP 	LDT_break_text: autoDraw = False
93.4279 	EXP 	LDT_stim_text: height = np.float64(0.1)
93.4279 	EXP 	LDT_stim_text: height = np.float64(0.1)
93.4279 	EXP 	LDT_stim_text: height = np.float64(0.1)
93.4279 	EXP 	LDT_stim_text: text = 'boss'
93.4279 	EXP 	LDT_fix_text: autoDraw = True
93.4284 	DATA 	Keypress: l
93.5366 	EXP 	Device response: <KeyPress from None: t=93.41799059999903, value=l, duration=0.11180900000181282>
93.9118 	EXP 	LDT_stim_text: autoDraw = True
93.9201 	EXP 	LDT_fix_text: autoDraw = False
94.4209 	EXP 	Device response: <KeyPress from None: t=94.41827149999881, value=l, duration=None>
94.4211 	EXP 	New trial (rep=0, index=23): <Trial 23 (23 in rep 0) data={'Task': 'LDT', 'TrialType': 'Target', 'Stimuli': 'tuse', 'StimulusType': 'nonword', 'CorrectResponse': 'a', 'Trialnumb': 209, 'thisN': 23, 'thisTrialN': 23, 'thisRepN': 0}>
94.4289 	EXP 	LDT_fix_text: autoDraw = False
94.4289 	EXP 	LDT_stim_text: autoDraw = False
94.4289 	EXP 	LDT_break_text: autoDraw = False
94.4289 	EXP 	LDT_stim_text: height = np.float64(0.1)
94.4289 	EXP 	LDT_stim_text: height = np.float64(0.1)
94.4289 	EXP 	LDT_stim_text: height = np.float64(0.1)
94.4289 	EXP 	LDT_stim_text: text = 'tuse'
94.4289 	EXP 	LDT_fix_text: autoDraw = True
94.4294 	DATA 	Keypress: l
94.4792 	EXP 	Device response: <KeyPress from None: t=94.41827149999881, value=l, duration=0.055774700002075406>
94.9127 	EXP 	LDT_stim_text: autoDraw = True
94.9211 	EXP 	LDT_fix_text: autoDraw = False
95.6887 	EXP 	Device response: <KeyPress from None: t=95.68367779999971, value=a, duration=None>
95.6890 	EXP 	New trial (rep=0, index=24): <Trial 24 (24 in rep 0) data={'Task': 'LDT', 'TrialType': 'Target', 'Stimuli': 'vink', 'StimulusType': 'nonword', 'CorrectResponse': 'a', 'Trialnumb': 212, 'thisN': 24, 'thisTrialN': 24, 'thisRepN': 0}>
95.6968 	EXP 	LDT_fix_text: autoDraw = False
95.6968 	EXP 	LDT_stim_text: autoDraw = False
95.6968 	EXP 	LDT_break_text: autoDraw = False
95.6968 	EXP 	LDT_stim_text: height = np.float64(0.1)
95.6968 	EXP 	LDT_stim_text: height = np.float64(0.1)
95.6968 	EXP 	LDT_stim_text: height = np.float64(0.1)
95.6968 	EXP 	LDT_stim_text: text = 'vink'
95.6968 	EXP 	LDT_fix_text: autoDraw = True
95.6973 	DATA 	Keypress: a
95.7972 	EXP 	Device response: <KeyPress from None: t=95.68367779999971, value=a, duration=0.1108840999986569>
96.1806 	EXP 	LDT_stim_text: autoDraw = True
96.1890 	EXP 	LDT_fix_text: autoDraw = False
96.9235 	EXP 	Device response: <KeyPress from None: t=96.92322539999805, value=a, duration=None>
96.9237 	EXP 	New trial (rep=0, index=25): <Trial 25 (25 in rep 0) data={'Task': 'LDT', 'TrialType': 'Target', 'Stimuli': 'warm', 'StimulusType': 'word', 'CorrectResponse': 'l', 'Trialnumb': 60, 'thisN': 25, 'thisTrialN': 25, 'thisRepN': 0}>
96.9314 	EXP 	LDT_fix_text: autoDraw = False
96.9314 	EXP 	LDT_stim_text: autoDraw = False
96.9314 	EXP 	LDT_break_text: autoDraw = False
96.9314 	EXP 	LDT_stim_text: height = np.float64(0.1)
96.9314 	EXP 	LDT_stim_text: height = np.float64(0.1)
96.9314 	EXP 	LDT_stim_text: height = np.float64(0.1)
96.9314 	EXP 	LDT_stim_text: text = 'warm'
96.9314 	EXP 	LDT_fix_text: autoDraw = True
96.9319 	DATA 	Keypress: a
97.0568 	EXP 	Device response: <KeyPress from None: t=96.92322539999805, value=a, duration=0.12792710000212537>
97.4152 	EXP 	LDT_stim_text: autoDraw = True
97.4236 	EXP 	LDT_fix_text: autoDraw = False
98.0913 	EXP 	Device response: <KeyPress from None: t=98.0900072000004, value=l, duration=None>
98.0915 	EXP 	New trial (rep=0, index=26): <Trial 26 (26 in rep 0) data={'Task': 'LDT', 'TrialType': 'Target', 'Stimuli': 'pick', 'StimulusType': 'word', 'CorrectResponse': 'l', 'Trialnumb': 58, 'thisN': 26, 'thisTrialN': 26, 'thisRepN': 0}>
98.0993 	EXP 	LDT_fix_text: autoDraw = False
98.0993 	EXP 	LDT_stim_text: autoDraw = False
98.0993 	EXP 	LDT_break_text: autoDraw = False
98.0993 	EXP 	LDT_stim_text: height = np.float64(0.1)
98.0993 	EXP 	LDT_stim_text: height = np.float64(0.1)
98.0993 	EXP 	LDT_stim_text: height = np.float64(0.1)
98.0993 	EXP 	LDT_stim_text: text = 'pick'
98.0993 	EXP 	LDT_fix_text: autoDraw = True
98.0998 	DATA 	Keypress: l
98.2079 	EXP 	Device response: <KeyPress from None: t=98.0900072000004, value=l, duration=0.11208009999973001>
98.5831 	EXP 	LDT_stim_text: autoDraw = True
98.5914 	EXP 	LDT_fix_text: autoDraw = False
99.5594 	EXP 	Device response: <KeyPress from None: t=99.55473509999865, value=l, duration=None>
99.5596 	EXP 	New trial (rep=0, index=27): <Trial 27 (27 in rep 0) data={'Task': 'LDT', 'TrialType': 'Target', 'Stimuli': 'pulk', 'StimulusType': 'nonword', 'CorrectResponse': 'a', 'Trialnumb': 183, 'thisN': 27, 'thisTrialN': 27, 'thisRepN': 0}>
99.5674 	EXP 	LDT_fix_text: autoDraw = False
99.5674 	EXP 	LDT_stim_text: autoDraw = False
99.5674 	EXP 	LDT_break_text: autoDraw = False
99.5674 	EXP 	LDT_stim_text: height = np.float64(0.1)
99.5674 	EXP 	LDT_stim_text: height = np.float64(0.1)
99.5674 	EXP 	LDT_stim_text: height = np.float64(0.1)
99.5674 	EXP 	LDT_stim_text: text = 'pulk'
99.5674 	EXP 	LDT_fix_text: autoDraw = True
99.5679 	DATA 	Keypress: l
99.6679 	EXP 	Device response: <KeyPress from None: t=99.55473509999865, value=l, duration=0.11156110000229091>
100.0512 	EXP 	LDT_stim_text: autoDraw = True
100.0596 	EXP 	LDT_fix_text: autoDraw = False
100.9359 	EXP 	Device response: <KeyPress from None: t=100.93150600000081, value=a, duration=None>
100.9361 	EXP 	New trial (rep=0, index=28): <Trial 28 (28 in rep 0) data={'Task': 'LDT', 'TrialType': 'Target', 'Stimuli': 'fump', 'StimulusType': 'nonword', 'CorrectResponse': 'a', 'Trialnumb': 143, 'thisN': 28, 'thisTrialN': 28, 'thisRepN': 0}>
100.9437 	EXP 	LDT_fix_text: autoDraw = False
100.9437 	EXP 	LDT_stim_text: autoDraw = False
100.9437 	EXP 	LDT_break_text: autoDraw = False
100.9437 	EXP 	LDT_stim_text: height = np.float64(0.1)
100.9437 	EXP 	LDT_stim_text: height = np.float64(0.1)
100.9437 	EXP 	LDT_stim_text: height = np.float64(0.1)
100.9437 	EXP 	LDT_stim_text: text = 'fump'
100.9437 	EXP 	LDT_fix_text: autoDraw = True
100.9442 	DATA 	Keypress: a
101.0359 	EXP 	Device response: <KeyPress from None: t=100.93150600000081, value=a, duration=0.10358439999981783>
101.4275 	EXP 	LDT_stim_text: autoDraw = True
101.4359 	EXP 	LDT_fix_text: autoDraw = False
102.1953 	EXP 	Device response: <KeyPress from None: t=102.19426839999869, value=a, duration=None>
102.1956 	EXP 	New trial (rep=0, index=29): <Trial 29 (29 in rep 0) data={'Task': 'LDT', 'TrialType': 'Target', 'Stimuli': 'ran', 'StimulusType': 'word', 'CorrectResponse': 'l', 'Trialnumb': 66, 'thisN': 29, 'thisTrialN': 29, 'thisRepN': 0}>
102.2033 	EXP 	LDT_fix_text: autoDraw = False
102.2033 	EXP 	LDT_stim_text: autoDraw = False
102.2033 	EXP 	LDT_break_text: autoDraw = False
102.2033 	EXP 	LDT_stim_text: height = np.float64(0.1)
102.2033 	EXP 	LDT_stim_text: height = np.float64(0.1)
102.2033 	EXP 	LDT_stim_text: height = np.float64(0.1)
102.2033 	EXP 	LDT_stim_text: text = 'ran'
102.2033 	EXP 	LDT_fix_text: autoDraw = True
102.2038 	DATA 	Keypress: a
102.3121 	EXP 	Device response: <KeyPress from None: t=102.19426839999869, value=a, duration=0.11185130000012578>
102.6871 	EXP 	LDT_stim_text: autoDraw = True
102.6955 	EXP 	LDT_fix_text: autoDraw = False
103.6385 	EXP 	Device response: <KeyPress from None: t=103.63395799999853, value=a, duration=None>
103.6387 	EXP 	New trial (rep=0, index=30): <Trial 30 (30 in rep 0) data={'Task': 'LDT', 'TrialType': 'Target', 'Stimuli': 'jeed', 'StimulusType': 'nonword', 'CorrectResponse': 'a', 'Trialnumb': 158, 'thisN': 30, 'thisTrialN': 30, 'thisRepN': 0}>
103.6465 	EXP 	LDT_fix_text: autoDraw = False
103.6465 	EXP 	LDT_stim_text: autoDraw = False
103.6465 	EXP 	LDT_break_text: autoDraw = False
103.6465 	EXP 	LDT_stim_text: height = np.float64(0.1)
103.6465 	EXP 	LDT_stim_text: height = np.float64(0.1)
103.6465 	EXP 	LDT_stim_text: height = np.float64(0.1)
103.6465 	EXP 	LDT_stim_text: text = 'jeed'
103.6465 	EXP 	LDT_fix_text: autoDraw = True
103.6471 	DATA 	Keypress: a
103.7636 	EXP 	Device response: <KeyPress from None: t=103.63395799999853, value=a, duration=0.12856210000245483>
104.1302 	EXP 	LDT_stim_text: autoDraw = True
104.1386 	EXP 	LDT_fix_text: autoDraw = False
104.9231 	EXP 	Device response: <KeyPress from None: t=104.92265469999984, value=a, duration=None>
104.9234 	EXP 	New trial (rep=0, index=31): <Trial 31 (31 in rep 0) data={'Task': 'LDT', 'TrialType': 'Target', 'Stimuli': 'green', 'StimulusType': 'word', 'CorrectResponse': 'l', 'Trialnumb': 38, 'thisN': 31, 'thisTrialN': 31, 'thisRepN': 0}>
104.9310 	EXP 	LDT_fix_text: autoDraw = False
104.9310 	EXP 	LDT_stim_text: autoDraw = False
104.9310 	EXP 	LDT_break_text: autoDraw = False
104.9310 	EXP 	LDT_stim_text: height = np.float64(0.1)
104.9310 	EXP 	LDT_stim_text: height = np.float64(0.1)
104.9310 	EXP 	LDT_stim_text: height = np.float64(0.1)
104.9310 	EXP 	LDT_stim_text: text = 'green'
104.9310 	EXP 	LDT_fix_text: autoDraw = True
104.9316 	DATA 	Keypress: a
105.0481 	EXP 	Device response: <KeyPress from None: t=104.92265469999984, value=a, duration=0.11980430000039632>
105.4149 	EXP 	LDT_stim_text: autoDraw = True
105.4232 	EXP 	LDT_fix_text: autoDraw = False
105.9657 	EXP 	Device response: <KeyPress from None: t=105.96278230000098, value=l, duration=None>
105.9659 	EXP 	New trial (rep=0, index=32): <Trial 32 (32 in rep 0) data={'Task': 'LDT', 'TrialType': 'Target', 'Stimuli': 'loje', 'StimulusType': 'nonword', 'CorrectResponse': 'a', 'Trialnumb': 171, 'thisN': 32, 'thisTrialN': 32, 'thisRepN': 0}>
105.9738 	EXP 	LDT_fix_text: autoDraw = False
105.9738 	EXP 	LDT_stim_text: autoDraw = False
105.9738 	EXP 	LDT_break_text: autoDraw = False
105.9738 	EXP 	LDT_stim_text: height = np.float64(0.1)
105.9738 	EXP 	LDT_stim_text: height = np.float64(0.1)
105.9738 	EXP 	LDT_stim_text: height = np.float64(0.1)
105.9738 	EXP 	LDT_stim_text: text = 'loje'
105.9738 	EXP 	LDT_fix_text: autoDraw = True
105.9743 	DATA 	Keypress: l
106.0992 	EXP 	Device response: <KeyPress from None: t=105.96278230000098, value=l, duration=0.13537589999759803>
106.4576 	EXP 	LDT_stim_text: autoDraw = True
106.4659 	EXP 	LDT_fix_text: autoDraw = False
107.0168 	EXP 	Device response: <KeyPress from None: t=107.01069709999865, value=a, duration=None>
107.0170 	EXP 	New trial (rep=0, index=33): <Trial 33 (33 in rep 0) data={'Task': 'LDT', 'TrialType': 'Target', 'Stimuli': 'borm', 'StimulusType': 'nonword', 'CorrectResponse': 'a', 'Trialnumb': 124, 'thisN': 33, 'thisTrialN': 33, 'thisRepN': 0}>
107.0248 	EXP 	LDT_fix_text: autoDraw = False
107.0248 	EXP 	LDT_stim_text: autoDraw = False
107.0248 	EXP 	LDT_break_text: autoDraw = False
107.0248 	EXP 	LDT_stim_text: height = np.float64(0.1)
107.0248 	EXP 	LDT_stim_text: height = np.float64(0.1)
107.0248 	EXP 	LDT_stim_text: height = np.float64(0.1)
107.0248 	EXP 	LDT_stim_text: text = 'borm'
107.0248 	EXP 	LDT_fix_text: autoDraw = True
107.0254 	DATA 	Keypress: a
107.1251 	EXP 	Device response: <KeyPress from None: t=107.01069709999865, value=a, duration=0.11155240000152844>
107.5086 	EXP 	LDT_stim_text: autoDraw = True
107.5171 	EXP 	LDT_fix_text: autoDraw = False
108.1096 	EXP 	Device response: <KeyPress from None: t=108.10761999999886, value=l, duration=None>
108.1098 	EXP 	New trial (rep=0, index=34): <Trial 34 (34 in rep 0) data={'Task': 'LDT', 'TrialType': 'Target', 'Stimuli': 'blue', 'StimulusType': 'word', 'CorrectResponse': 'l', 'Trialnumb': 57, 'thisN': 34, 'thisTrialN': 34, 'thisRepN': 0}>
108.1175 	EXP 	LDT_fix_text: autoDraw = False
108.1175 	EXP 	LDT_stim_text: autoDraw = False
108.1175 	EXP 	LDT_break_text: autoDraw = False
108.1175 	EXP 	LDT_stim_text: height = np.float64(0.1)
108.1175 	EXP 	LDT_stim_text: height = np.float64(0.1)
108.1175 	EXP 	LDT_stim_text: height = np.float64(0.1)
108.1175 	EXP 	LDT_stim_text: text = 'blue'
108.1175 	EXP 	LDT_fix_text: autoDraw = True
108.1181 	DATA 	Keypress: l
108.2013 	EXP 	Device response: <KeyPress from None: t=108.10761999999886, value=l, duration=0.08725110000159475>
108.6014 	EXP 	LDT_stim_text: autoDraw = True
108.6099 	EXP 	LDT_fix_text: autoDraw = False
109.3024 	EXP 	Device response: <KeyPress from None: t=109.29796400000123, value=l, duration=None>
109.3026 	EXP 	New trial (rep=0, index=35): <Trial 35 (35 in rep 0) data={'Task': 'LDT', 'TrialType': 'Target', 'Stimuli': 'darb', 'StimulusType': 'nonword', 'CorrectResponse': 'a', 'Trialnumb': 134, 'thisN': 35, 'thisTrialN': 35, 'thisRepN': 0}>
109.3104 	EXP 	LDT_fix_text: autoDraw = False
109.3104 	EXP 	LDT_stim_text: autoDraw = False
109.3104 	EXP 	LDT_break_text: autoDraw = False
109.3104 	EXP 	LDT_stim_text: height = np.float64(0.1)
109.3104 	EXP 	LDT_stim_text: height = np.float64(0.1)
109.3104 	EXP 	LDT_stim_text: height = np.float64(0.1)
109.3104 	EXP 	LDT_stim_text: text = 'darb'
109.3104 	EXP 	LDT_fix_text: autoDraw = True
109.3109 	DATA 	Keypress: l
109.4442 	EXP 	Device response: <KeyPress from None: t=109.29796400000123, value=l, duration=0.14486829999805195>
109.7943 	EXP 	LDT_stim_text: autoDraw = True
109.8026 	EXP 	LDT_fix_text: autoDraw = False
110.5870 	EXP 	Device response: <KeyPress from None: t=110.57883059999949, value=a, duration=None>
110.5872 	EXP 	New trial (rep=0, index=36): <Trial 36 (36 in rep 0) data={'Task': 'LDT', 'TrialType': 'Target', 'Stimuli': 'loil', 'StimulusType': 'nonword', 'CorrectResponse': 'a', 'Trialnumb': 170, 'thisN': 36, 'thisTrialN': 36, 'thisRepN': 0}>
110.5951 	EXP 	LDT_fix_text: autoDraw = False
110.5951 	EXP 	LDT_stim_text: autoDraw = False
110.5951 	EXP 	LDT_break_text: autoDraw = False
110.5951 	EXP 	LDT_stim_text: height = np.float64(0.1)
110.5951 	EXP 	LDT_stim_text: height = np.float64(0.1)
110.5951 	EXP 	LDT_stim_text: height = np.float64(0.1)
110.5951 	EXP 	LDT_stim_text: text = 'loil'
110.5951 	EXP 	LDT_fix_text: autoDraw = True
110.5957 	DATA 	Keypress: a
110.7204 	EXP 	Device response: <KeyPress from None: t=110.57883059999949, value=a, duration=0.13534470000013243>
111.0788 	EXP 	LDT_stim_text: autoDraw = True
111.0872 	EXP 	LDT_fix_text: autoDraw = False
111.9967 	EXP 	Device response: <KeyPress from None: t=111.99422169999889, value=a, duration=None>
111.9970 	EXP 	New trial (rep=0, index=37): <Trial 37 (37 in rep 0) data={'Task': 'LDT', 'TrialType': 'Target', 'Stimuli': 'gead', 'StimulusType': 'nonword', 'CorrectResponse': 'a', 'Trialnumb': 145, 'thisN': 37, 'thisTrialN': 37, 'thisRepN': 0}>
112.0047 	EXP 	LDT_fix_text: autoDraw = False
112.0047 	EXP 	LDT_stim_text: autoDraw = False
112.0047 	EXP 	LDT_break_text: autoDraw = False
112.0047 	EXP 	LDT_stim_text: height = np.float64(0.1)
112.0047 	EXP 	LDT_stim_text: height = np.float64(0.1)
112.0047 	EXP 	LDT_stim_text: height = np.float64(0.1)
112.0047 	EXP 	LDT_stim_text: text = 'gead'
112.0047 	EXP 	LDT_fix_text: autoDraw = True
112.0052 	DATA 	Keypress: a
112.1302 	EXP 	Device response: <KeyPress from None: t=111.99422169999889, value=a, duration=0.12801690000196686>
112.4886 	EXP 	LDT_stim_text: autoDraw = True
112.4969 	EXP 	LDT_fix_text: autoDraw = False
113.6067 	EXP 	Device response: <KeyPress from None: t=113.60343830000056, value=a, duration=None>
113.6069 	EXP 	New trial (rep=0, index=38): <Trial 38 (38 in rep 0) data={'Task': 'LDT', 'TrialType': 'Target', 'Stimuli': 'feek', 'StimulusType': 'nonword', 'CorrectResponse': 'a', 'Trialnumb': 139, 'thisN': 38, 'thisTrialN': 38, 'thisRepN': 0}>
113.6148 	EXP 	LDT_fix_text: autoDraw = False
113.6148 	EXP 	LDT_stim_text: autoDraw = False
113.6148 	EXP 	LDT_break_text: autoDraw = False
113.6148 	EXP 	LDT_stim_text: height = np.float64(0.1)
113.6148 	EXP 	LDT_stim_text: height = np.float64(0.1)
113.6148 	EXP 	LDT_stim_text: height = np.float64(0.1)
113.6148 	EXP 	LDT_stim_text: text = 'feek'
113.6148 	EXP 	LDT_fix_text: autoDraw = True
113.6152 	DATA 	Keypress: a
113.7068 	EXP 	Device response: <KeyPress from None: t=113.60343830000056, value=a, duration=0.10316690000036033>
114.0985 	EXP 	LDT_stim_text: autoDraw = True
114.1069 	EXP 	LDT_fix_text: autoDraw = False
114.9081 	EXP 	Device response: <KeyPress from None: t=114.90759650000109, value=a, duration=None>
114.9083 	EXP 	New trial (rep=0, index=39): <Trial 39 (39 in rep 0) data={'Task': 'LDT', 'TrialType': 'Target', 'Stimuli': 'kang', 'StimulusType': 'nonword', 'CorrectResponse': 'a', 'Trialnumb': 162, 'thisN': 39, 'thisTrialN': 39, 'thisRepN': 0}>
114.9161 	EXP 	LDT_fix_text: autoDraw = False
114.9161 	EXP 	LDT_stim_text: autoDraw = False
114.9161 	EXP 	LDT_break_text: autoDraw = False
114.9161 	EXP 	LDT_stim_text: height = np.float64(0.1)
114.9161 	EXP 	LDT_stim_text: height = np.float64(0.1)
114.9161 	EXP 	LDT_stim_text: height = np.float64(0.1)
114.9161 	EXP 	LDT_stim_text: text = 'kang'
114.9161 	EXP 	LDT_fix_text: autoDraw = True
114.9166 	DATA 	Keypress: a
115.0248 	EXP 	Device response: <KeyPress from None: t=114.90759650000109, value=a, duration=0.11038360000020475>
115.3998 	EXP 	LDT_stim_text: autoDraw = True
115.4081 	EXP 	LDT_fix_text: autoDraw = False
116.2677 	EXP 	Device response: <KeyPress from None: t=116.26642400000128, value=a, duration=None>
116.2679 	EXP 	New trial (rep=0, index=40): <Trial 40 (40 in rep 0) data={'Task': 'LDT', 'TrialType': 'Target', 'Stimuli': 'yell', 'StimulusType': 'word', 'CorrectResponse': 'l', 'Trialnumb': 101, 'thisN': 40, 'thisTrialN': 40, 'thisRepN': 0}>
116.2758 	EXP 	LDT_fix_text: autoDraw = False
116.2758 	EXP 	LDT_stim_text: autoDraw = False
116.2758 	EXP 	LDT_break_text: autoDraw = False
116.2758 	EXP 	LDT_stim_text: height = np.float64(0.1)
116.2758 	EXP 	LDT_stim_text: height = np.float64(0.1)
116.2758 	EXP 	LDT_stim_text: height = np.float64(0.1)
116.2758 	EXP 	LDT_stim_text: text = 'yell'
116.2758 	EXP 	LDT_fix_text: autoDraw = True
116.2763 	DATA 	Keypress: a
116.4094 	EXP 	Device response: <KeyPress from None: t=116.26642400000128, value=a, duration=0.1362195999972755>
116.7595 	EXP 	LDT_stim_text: autoDraw = True
116.7679 	EXP 	LDT_fix_text: autoDraw = False
117.7525 	EXP 	Device response: <KeyPress from None: t=117.746690699998, value=l, duration=None>
117.7527 	EXP 	New trial (rep=0, index=41): <Trial 41 (41 in rep 0) data={'Task': 'LDT', 'TrialType': 'Target', 'Stimuli': 'sish', 'StimulusType': 'nonword', 'CorrectResponse': 'a', 'Trialnumb': 193, 'thisN': 41, 'thisTrialN': 41, 'thisRepN': 0}>
117.7605 	EXP 	LDT_fix_text: autoDraw = False
117.7605 	EXP 	LDT_stim_text: autoDraw = False
117.7605 	EXP 	LDT_break_text: autoDraw = False
117.7605 	EXP 	LDT_stim_text: height = np.float64(0.1)
117.7605 	EXP 	LDT_stim_text: height = np.float64(0.1)
117.7605 	EXP 	LDT_stim_text: height = np.float64(0.1)
117.7605 	EXP 	LDT_stim_text: text = 'sish'
117.7605 	EXP 	LDT_fix_text: autoDraw = True
117.7611 	DATA 	Keypress: l
117.8360 	EXP 	Device response: <KeyPress from None: t=117.746690699998, value=l, duration=0.08802560000185622>
118.2443 	EXP 	LDT_stim_text: autoDraw = True
118.2527 	EXP 	LDT_fix_text: autoDraw = False
119.0371 	EXP 	Device response: <KeyPress from None: t=119.03385490000073, value=a, duration=None>
119.0373 	EXP 	New trial (rep=0, index=42): <Trial 42 (42 in rep 0) data={'Task': 'LDT', 'TrialType': 'Target', 'Stimuli': 'herl', 'StimulusType': 'nonword', 'CorrectResponse': 'a', 'Trialnumb': 152, 'thisN': 42, 'thisTrialN': 42, 'thisRepN': 0}>
119.0451 	EXP 	LDT_fix_text: autoDraw = False
119.0451 	EXP 	LDT_stim_text: autoDraw = False
119.0451 	EXP 	LDT_break_text: autoDraw = False
119.0451 	EXP 	LDT_stim_text: height = np.float64(0.1)
119.0451 	EXP 	LDT_stim_text: height = np.float64(0.1)
119.0451 	EXP 	LDT_stim_text: height = np.float64(0.1)
119.0451 	EXP 	LDT_stim_text: text = 'herl'
119.0451 	EXP 	LDT_fix_text: autoDraw = True
119.0456 	DATA 	Keypress: a
119.1538 	EXP 	Device response: <KeyPress from None: t=119.03385490000073, value=a, duration=0.11233820000052219>
119.5289 	EXP 	LDT_stim_text: autoDraw = True
119.5373 	EXP 	LDT_fix_text: autoDraw = False
120.4219 	EXP 	Device response: <KeyPress from None: t=120.41865319999852, value=a, duration=None>
120.4222 	EXP 	New trial (rep=0, index=43): <Trial 43 (43 in rep 0) data={'Task': 'LDT', 'TrialType': 'Target', 'Stimuli': 'gaft', 'StimulusType': 'nonword', 'CorrectResponse': 'a', 'Trialnumb': 144, 'thisN': 43, 'thisTrialN': 43, 'thisRepN': 0}>
120.4298 	EXP 	LDT_fix_text: autoDraw = False
120.4298 	EXP 	LDT_stim_text: autoDraw = False
120.4298 	EXP 	LDT_break_text: autoDraw = False
120.4298 	EXP 	LDT_stim_text: height = np.float64(0.1)
120.4298 	EXP 	LDT_stim_text: height = np.float64(0.1)
120.4298 	EXP 	LDT_stim_text: height = np.float64(0.1)
120.4298 	EXP 	LDT_stim_text: text = 'gaft'
120.4298 	EXP 	LDT_fix_text: autoDraw = True
120.4303 	DATA 	Keypress: a
120.5720 	EXP 	Device response: <KeyPress from None: t=120.41865319999852, value=a, duration=0.15175509999971837>
120.9136 	EXP 	LDT_stim_text: autoDraw = True
120.9220 	EXP 	LDT_fix_text: autoDraw = False
121.5147 	EXP 	Device response: <KeyPress from None: t=121.51419850000093, value=a, duration=None>
121.5149 	EXP 	New trial (rep=0, index=44): <Trial 44 (44 in rep 0) data={'Task': 'LDT', 'TrialType': 'Target', 'Stimuli': 'nind', 'StimulusType': 'nonword', 'CorrectResponse': 'a', 'Trialnumb': 177, 'thisN': 44, 'thisTrialN': 44, 'thisRepN': 0}>
121.5226 	EXP 	LDT_fix_text: autoDraw = False
121.5226 	EXP 	LDT_stim_text: autoDraw = False
121.5226 	EXP 	LDT_break_text: autoDraw = False
121.5226 	EXP 	LDT_stim_text: height = np.float64(0.1)
121.5226 	EXP 	LDT_stim_text: height = np.float64(0.1)
121.5226 	EXP 	LDT_stim_text: height = np.float64(0.1)
121.5226 	EXP 	LDT_stim_text: text = 'nind'
121.5226 	EXP 	LDT_fix_text: autoDraw = True
121.5231 	DATA 	Keypress: a
121.6563 	EXP 	Device response: <KeyPress from None: t=121.51419850000093, value=a, duration=0.13558460000058403>
122.0064 	EXP 	LDT_stim_text: autoDraw = True
122.0148 	EXP 	LDT_fix_text: autoDraw = False
122.7324 	EXP 	Device response: <KeyPress from None: t=122.73134840000057, value=a, duration=None>
122.7327 	EXP 	New trial (rep=0, index=45): <Trial 45 (45 in rep 0) data={'Task': 'LDT', 'TrialType': 'Target', 'Stimuli': 'dass', 'StimulusType': 'nonword', 'CorrectResponse': 'a', 'Trialnumb': 135, 'thisN': 45, 'thisTrialN': 45, 'thisRepN': 0}>
122.7404 	EXP 	LDT_fix_text: autoDraw = False
122.7404 	EXP 	LDT_stim_text: autoDraw = False
122.7404 	EXP 	LDT_break_text: autoDraw = False
122.7404 	EXP 	LDT_stim_text: height = np.float64(0.1)
122.7404 	EXP 	LDT_stim_text: height = np.float64(0.1)
122.7404 	EXP 	LDT_stim_text: height = np.float64(0.1)
122.7404 	EXP 	LDT_stim_text: text = 'dass'
122.7404 	EXP 	LDT_fix_text: autoDraw = True
122.7409 	DATA 	Keypress: a
122.8494 	EXP 	Device response: <KeyPress from None: t=122.73134840000057, value=a, duration=0.11093769999934011>
123.2243 	EXP 	LDT_stim_text: autoDraw = True
123.2326 	EXP 	LDT_fix_text: autoDraw = False
123.9586 	EXP 	Device response: <KeyPress from None: t=123.95377699999881, value=a, duration=None>
123.9589 	EXP 	New trial (rep=0, index=46): <Trial 46 (46 in rep 0) data={'Task': 'LDT', 'TrialType': 'Target', 'Stimuli': 'lay', 'StimulusType': 'word', 'CorrectResponse': 'l', 'Trialnumb': 71, 'thisN': 46, 'thisTrialN': 46, 'thisRepN': 0}>
123.9667 	EXP 	LDT_fix_text: autoDraw = False
123.9667 	EXP 	LDT_stim_text: autoDraw = False
123.9667 	EXP 	LDT_break_text: autoDraw = False
123.9667 	EXP 	LDT_stim_text: height = np.float64(0.1)
123.9667 	EXP 	LDT_stim_text: height = np.float64(0.1)
123.9667 	EXP 	LDT_stim_text: height = np.float64(0.1)
123.9667 	EXP 	LDT_stim_text: text = 'lay'
123.9667 	EXP 	LDT_fix_text: autoDraw = True
123.9671 	DATA 	Keypress: a
124.0671 	EXP 	Device response: <KeyPress from None: t=123.95377699999881, value=a, duration=0.11198540000259527>
124.4505 	EXP 	LDT_stim_text: autoDraw = True
124.4588 	EXP 	LDT_fix_text: autoDraw = False
125.1599 	EXP 	Device response: <KeyPress from None: t=125.15516940000089, value=l, duration=None>
125.1601 	EXP 	New trial (rep=0, index=47): <Trial 47 (47 in rep 0) data={'Task': 'LDT', 'TrialType': 'Target', 'Stimuli': 'coss', 'StimulusType': 'nonword', 'CorrectResponse': 'a', 'Trialnumb': 133, 'thisN': 47, 'thisTrialN': 47, 'thisRepN': 0}>
125.1679 	EXP 	LDT_fix_text: autoDraw = False
125.1679 	EXP 	LDT_stim_text: autoDraw = False
125.1679 	EXP 	LDT_break_text: autoDraw = False
125.1679 	EXP 	LDT_stim_text: height = np.float64(0.1)
125.1679 	EXP 	LDT_stim_text: height = np.float64(0.1)
125.1679 	EXP 	LDT_stim_text: height = np.float64(0.1)
125.1679 	EXP 	LDT_stim_text: text = 'coss'
125.1679 	EXP 	LDT_fix_text: autoDraw = True
125.1685 	DATA 	Keypress: l
125.3017 	EXP 	Device response: <KeyPress from None: t=125.15516940000089, value=l, duration=0.1433985000003304>
125.6517 	EXP 	LDT_stim_text: autoDraw = True
125.6600 	EXP 	LDT_fix_text: autoDraw = False
126.3360 	EXP 	Device response: <KeyPress from None: t=126.3315995999983, value=a, duration=None>
126.3362 	EXP 	New trial (rep=0, index=48): <Trial 48 (48 in rep 0) data={'Task': 'LDT', 'TrialType': 'Target', 'Stimuli': 'mina', 'StimulusType': 'nonword', 'CorrectResponse': 'a', 'Trialnumb': 173, 'thisN': 48, 'thisTrialN': 48, 'thisRepN': 0}>
126.3441 	EXP 	LDT_fix_text: autoDraw = False
126.3441 	EXP 	LDT_stim_text: autoDraw = False
126.3441 	EXP 	LDT_break_text: autoDraw = False
126.3441 	EXP 	LDT_stim_text: height = np.float64(0.1)
126.3441 	EXP 	LDT_stim_text: height = np.float64(0.1)
126.3441 	EXP 	LDT_stim_text: height = np.float64(0.1)
126.3441 	EXP 	LDT_stim_text: text = 'mina'
126.3441 	EXP 	LDT_fix_text: autoDraw = True
126.3446 	DATA 	Keypress: a
126.4362 	EXP 	Device response: <KeyPress from None: t=126.3315995999983, value=a, duration=0.10305960000187042>
126.8279 	EXP 	LDT_stim_text: autoDraw = True
126.8362 	EXP 	LDT_fix_text: autoDraw = False
127.5790 	EXP 	Device response: <KeyPress from None: t=127.57872570000109, value=a, duration=None>
127.5792 	EXP 	New trial (rep=0, index=49): <Trial 49 (49 in rep 0) data={'Task': 'LDT', 'TrialType': 'Target', 'Stimuli': 'zall', 'StimulusType': 'nonword', 'CorrectResponse': 'a', 'Trialnumb': 221, 'thisN': 49, 'thisTrialN': 49, 'thisRepN': 0}>
127.5870 	EXP 	LDT_fix_text: autoDraw = False
127.5870 	EXP 	LDT_stim_text: autoDraw = False
127.5870 	EXP 	LDT_break_text: autoDraw = False
127.5870 	EXP 	LDT_stim_text: height = np.float64(0.1)
127.5870 	EXP 	LDT_stim_text: height = np.float64(0.1)
127.5870 	EXP 	LDT_stim_text: height = np.float64(0.1)
127.5870 	EXP 	LDT_stim_text: text = 'zall'
127.5870 	EXP 	LDT_fix_text: autoDraw = True
127.5876 	DATA 	Keypress: a
127.6957 	EXP 	Device response: <KeyPress from None: t=127.57872570000109, value=a, duration=0.11112839999987045>
128.0708 	EXP 	LDT_stim_text: autoDraw = True
128.0793 	EXP 	LDT_fix_text: autoDraw = False
129.4057 	EXP 	Device response: <KeyPress from None: t=129.40181369999846, value=a, duration=None>
129.4060 	EXP 	New trial (rep=0, index=50): <Trial 50 (50 in rep 0) data={'Task': 'LDT', 'TrialType': 'Target', 'Stimuli': 'trick', 'StimulusType': 'word', 'CorrectResponse': 'l', 'Trialnumb': 75, 'thisN': 50, 'thisTrialN': 50, 'thisRepN': 0}>
129.4140 	EXP 	LDT_fix_text: autoDraw = False
129.4140 	EXP 	LDT_stim_text: autoDraw = False
129.4140 	EXP 	LDT_break_text: autoDraw = False
129.4140 	EXP 	LDT_stim_text: height = np.float64(0.1)
129.4140 	EXP 	LDT_stim_text: height = np.float64(0.1)
129.4140 	EXP 	LDT_stim_text: height = np.float64(0.1)
129.4140 	EXP 	LDT_stim_text: text = 'trick'
129.4140 	EXP 	LDT_fix_text: autoDraw = True
129.4145 	DATA 	Keypress: a
129.5141 	EXP 	Device response: <KeyPress from None: t=129.40181369999846, value=a, duration=0.10445160000017495>
129.8976 	EXP 	LDT_stim_text: autoDraw = True
129.9059 	EXP 	LDT_fix_text: autoDraw = False
130.5068 	EXP 	Device response: <KeyPress from None: t=130.50625619999846, value=l, duration=None>
130.5071 	EXP 	New trial (rep=0, index=51): <Trial 51 (51 in rep 0) data={'Task': 'LDT', 'TrialType': 'Target', 'Stimuli': 'hage', 'StimulusType': 'nonword', 'CorrectResponse': 'a', 'Trialnumb': 149, 'thisN': 51, 'thisTrialN': 51, 'thisRepN': 0}>
130.5149 	EXP 	LDT_fix_text: autoDraw = False
130.5149 	EXP 	LDT_stim_text: autoDraw = False
130.5149 	EXP 	LDT_break_text: autoDraw = False
130.5149 	EXP 	LDT_stim_text: height = np.float64(0.1)
130.5149 	EXP 	LDT_stim_text: height = np.float64(0.1)
130.5149 	EXP 	LDT_stim_text: height = np.float64(0.1)
130.5149 	EXP 	LDT_stim_text: text = 'hage'
130.5149 	EXP 	LDT_fix_text: autoDraw = True
130.5154 	DATA 	Keypress: l
130.5986 	EXP 	Device response: <KeyPress from None: t=130.50625619999846, value=l, duration=0.08818830000018352>
130.9987 	EXP 	LDT_stim_text: autoDraw = True
131.0070 	EXP 	LDT_fix_text: autoDraw = False
132.1751 	EXP 	Device response: <KeyPress from None: t=132.16986980000001, value=a, duration=None>
132.1754 	EXP 	New trial (rep=0, index=52): <Trial 52 (52 in rep 0) data={'Task': 'LDT', 'TrialType': 'Target', 'Stimuli': 'kear', 'StimulusType': 'nonword', 'CorrectResponse': 'a', 'Trialnumb': 163, 'thisN': 52, 'thisTrialN': 52, 'thisRepN': 0}>
132.1832 	EXP 	LDT_fix_text: autoDraw = False
132.1832 	EXP 	LDT_stim_text: autoDraw = False
132.1832 	EXP 	LDT_break_text: autoDraw = False
132.1832 	EXP 	LDT_stim_text: height = np.float64(0.1)
132.1832 	EXP 	LDT_stim_text: height = np.float64(0.1)
132.1832 	EXP 	LDT_stim_text: height = np.float64(0.1)
132.1832 	EXP 	LDT_stim_text: text = 'kear'
132.1832 	EXP 	LDT_fix_text: autoDraw = True
132.1837 	DATA 	Keypress: a
132.3087 	EXP 	Device response: <KeyPress from None: t=132.16986980000001, value=a, duration=0.13760869999896386>
132.6671 	EXP 	LDT_stim_text: autoDraw = True
132.6754 	EXP 	LDT_fix_text: autoDraw = False
133.3013 	EXP 	Device response: <KeyPress from None: t=133.29842009999993, value=a, duration=None>
133.3015 	EXP 	New trial (rep=0, index=53): <Trial 53 (53 in rep 0) data={'Task': 'LDT', 'TrialType': 'Target', 'Stimuli': 'half', 'StimulusType': 'word', 'CorrectResponse': 'l', 'Trialnumb': 51, 'thisN': 53, 'thisTrialN': 53, 'thisRepN': 0}>
133.3093 	EXP 	LDT_fix_text: autoDraw = False
133.3093 	EXP 	LDT_stim_text: autoDraw = False
133.3093 	EXP 	LDT_break_text: autoDraw = False
133.3093 	EXP 	LDT_stim_text: height = np.float64(0.1)
133.3093 	EXP 	LDT_stim_text: height = np.float64(0.1)
133.3093 	EXP 	LDT_stim_text: height = np.float64(0.1)
133.3093 	EXP 	LDT_stim_text: text = 'half'
133.3093 	EXP 	LDT_fix_text: autoDraw = True
133.3098 	DATA 	Keypress: a
133.4264 	EXP 	Device response: <KeyPress from None: t=133.29842009999993, value=a, duration=0.12008309999873745>
133.7931 	EXP 	LDT_stim_text: autoDraw = True
133.8015 	EXP 	LDT_fix_text: autoDraw = False
134.4858 	EXP 	Device response: <KeyPress from None: t=134.48276609999812, value=l, duration=None>
134.4860 	EXP 	New trial (rep=0, index=54): <Trial 54 (54 in rep 0) data={'Task': 'LDT', 'TrialType': 'Target', 'Stimuli': 'yeep', 'StimulusType': 'nonword', 'CorrectResponse': 'a', 'Trialnumb': 219, 'thisN': 54, 'thisTrialN': 54, 'thisRepN': 0}>
134.4938 	EXP 	LDT_fix_text: autoDraw = False
134.4938 	EXP 	LDT_stim_text: autoDraw = False
134.4938 	EXP 	LDT_break_text: autoDraw = False
134.4938 	EXP 	LDT_stim_text: height = np.float64(0.1)
134.4938 	EXP 	LDT_stim_text: height = np.float64(0.1)
134.4938 	EXP 	LDT_stim_text: height = np.float64(0.1)
134.4938 	EXP 	LDT_stim_text: text = 'yeep'
134.4938 	EXP 	LDT_fix_text: autoDraw = True
134.4943 	DATA 	Keypress: l
134.5942 	EXP 	Device response: <KeyPress from None: t=134.48276609999812, value=l, duration=0.10382230000323034>
134.9777 	EXP 	LDT_stim_text: autoDraw = True
134.9861 	EXP 	LDT_fix_text: autoDraw = False
136.4127 	EXP 	Device response: <KeyPress from None: t=136.411494699998, value=l, duration=None>
136.4129 	EXP 	New trial (rep=0, index=55): <Trial 55 (55 in rep 0) data={'Task': 'LDT', 'TrialType': 'Target', 'Stimuli': 'slim', 'StimulusType': 'word', 'CorrectResponse': 'l', 'Trialnumb': 111, 'thisN': 55, 'thisTrialN': 55, 'thisRepN': 0}>
136.4208 	EXP 	LDT_fix_text: autoDraw = False
136.4208 	EXP 	LDT_stim_text: autoDraw = False
136.4208 	EXP 	LDT_break_text: autoDraw = False
136.4208 	EXP 	LDT_stim_text: height = np.float64(0.1)
136.4208 	EXP 	LDT_stim_text: height = np.float64(0.1)
136.4208 	EXP 	LDT_stim_text: height = np.float64(0.1)
136.4208 	EXP 	LDT_stim_text: text = 'slim'
136.4208 	EXP 	LDT_fix_text: autoDraw = True
136.4214 	DATA 	Keypress: l
136.5462 	EXP 	Device response: <KeyPress from None: t=136.411494699998, value=l, duration=0.12743820000105188>
136.9046 	EXP 	LDT_stim_text: autoDraw = True
136.9129 	EXP 	LDT_fix_text: autoDraw = False
137.5722 	EXP 	Device response: <KeyPress from None: t=137.5701212999993, value=l, duration=None>
137.5724 	EXP 	New trial (rep=0, index=56): <Trial 56 (56 in rep 0) data={'Task': 'LDT', 'TrialType': 'Target', 'Stimuli': 'sarry', 'StimulusType': 'nonword', 'CorrectResponse': 'a', 'Trialnumb': 186, 'thisN': 56, 'thisTrialN': 56, 'thisRepN': 0}>
137.5803 	EXP 	LDT_fix_text: autoDraw = False
137.5803 	EXP 	LDT_stim_text: autoDraw = False
137.5803 	EXP 	LDT_break_text: autoDraw = False
137.5803 	EXP 	LDT_stim_text: height = np.float64(0.1)
137.5803 	EXP 	LDT_stim_text: height = np.float64(0.1)
137.5803 	EXP 	LDT_stim_text: height = np.float64(0.1)
137.5803 	EXP 	LDT_stim_text: text = 'sarry'
137.5803 	EXP 	LDT_fix_text: autoDraw = True
137.5808 	DATA 	Keypress: l
137.6806 	EXP 	Device response: <KeyPress from None: t=137.5701212999993, value=l, duration=0.10371320000194828>
138.0641 	EXP 	LDT_stim_text: autoDraw = True
138.0724 	EXP 	LDT_fix_text: autoDraw = False
138.8485 	EXP 	Device response: <KeyPress from None: t=138.84210299999904, value=a, duration=None>
138.8487 	EXP 	New trial (rep=0, index=57): <Trial 57 (57 in rep 0) data={'Task': 'LDT', 'TrialType': 'Target', 'Stimuli': 'trag', 'StimulusType': 'nonword', 'CorrectResponse': 'a', 'Trialnumb': 205, 'thisN': 57, 'thisTrialN': 57, 'thisRepN': 0}>
138.8566 	EXP 	LDT_fix_text: autoDraw = False
138.8566 	EXP 	LDT_stim_text: autoDraw = False
138.8566 	EXP 	LDT_break_text: autoDraw = False
138.8566 	EXP 	LDT_stim_text: height = np.float64(0.1)
138.8566 	EXP 	LDT_stim_text: height = np.float64(0.1)
138.8566 	EXP 	LDT_stim_text: height = np.float64(0.1)
138.8566 	EXP 	LDT_stim_text: text = 'trag'
138.8566 	EXP 	LDT_fix_text: autoDraw = True
138.8571 	DATA 	Keypress: a
138.9485 	EXP 	Device response: <KeyPress from None: t=138.84210299999904, value=a, duration=0.10414909999963129>
139.3403 	EXP 	LDT_stim_text: autoDraw = True
139.3487 	EXP 	LDT_fix_text: autoDraw = False
140.1082 	EXP 	Device response: <KeyPress from None: t=140.1067852999986, value=a, duration=None>
140.1084 	EXP 	New trial (rep=0, index=58): <Trial 58 (58 in rep 0) data={'Task': 'LDT', 'TrialType': 'Target', 'Stimuli': 'cing', 'StimulusType': 'nonword', 'CorrectResponse': 'a', 'Trialnumb': 127, 'thisN': 58, 'thisTrialN': 58, 'thisRepN': 0}>
140.1161 	EXP 	LDT_fix_text: autoDraw = False
140.1161 	EXP 	LDT_stim_text: autoDraw = False
140.1161 	EXP 	LDT_break_text: autoDraw = False
140.1161 	EXP 	LDT_stim_text: height = np.float64(0.1)
140.1161 	EXP 	LDT_stim_text: height = np.float64(0.1)
140.1161 	EXP 	LDT_stim_text: height = np.float64(0.1)
140.1161 	EXP 	LDT_stim_text: text = 'cing'
140.1161 	EXP 	LDT_fix_text: autoDraw = True
140.1167 	DATA 	Keypress: a
140.2415 	EXP 	Device response: <KeyPress from None: t=140.1067852999986, value=a, duration=0.12696520000099554>
140.5999 	EXP 	LDT_stim_text: autoDraw = True
140.6083 	EXP 	LDT_fix_text: autoDraw = False
141.3843 	EXP 	Device response: <KeyPress from None: t=141.3778330999994, value=a, duration=None>
141.3845 	EXP 	New trial (rep=0, index=59): <Trial 59 (59 in rep 0) data={'Task': 'LDT', 'TrialType': 'Target', 'Stimuli': 'buy', 'StimulusType': 'word', 'CorrectResponse': 'l', 'Trialnumb': 25, 'thisN': 59, 'thisTrialN': 59, 'thisRepN': 0}>
141.3925 	EXP 	LDT_fix_text: autoDraw = False
141.3925 	EXP 	LDT_stim_text: autoDraw = False
141.3925 	EXP 	LDT_break_text: autoDraw = False
141.3925 	EXP 	LDT_stim_text: height = np.float64(0.1)
141.3925 	EXP 	LDT_stim_text: height = np.float64(0.1)
141.3925 	EXP 	LDT_stim_text: height = np.float64(0.1)
141.3925 	EXP 	LDT_stim_text: text = 'buy'
141.3925 	EXP 	LDT_fix_text: autoDraw = True
141.3930 	DATA 	Keypress: a
141.4845 	EXP 	Device response: <KeyPress from None: t=141.3778330999994, value=a, duration=0.10458089999883668>
141.8762 	EXP 	LDT_stim_text: autoDraw = True
141.8845 	EXP 	LDT_fix_text: autoDraw = False
142.5355 	EXP 	Device response: <KeyPress from None: t=142.52984350000042, value=l, duration=None>
142.5357 	EXP 	New trial (rep=0, index=60): <Trial 60 (60 in rep 0) data={'Task': 'LDT', 'TrialType': 'Target', 'Stimuli': 'hoal', 'StimulusType': 'nonword', 'CorrectResponse': 'a', 'Trialnumb': 154, 'thisN': 60, 'thisTrialN': 60, 'thisRepN': 0}>
142.5437 	EXP 	LDT_fix_text: autoDraw = False
142.5437 	EXP 	LDT_stim_text: autoDraw = False
142.5437 	EXP 	LDT_break_text: autoDraw = False
142.5437 	EXP 	LDT_stim_text: height = np.float64(0.1)
142.5437 	EXP 	LDT_stim_text: height = np.float64(0.1)
142.5437 	EXP 	LDT_stim_text: height = np.float64(0.1)
142.5437 	EXP 	LDT_stim_text: text = 'hoal'
142.5437 	EXP 	LDT_fix_text: autoDraw = True
142.5442 	DATA 	Keypress: l
142.6856 	EXP 	Device response: <KeyPress from None: t=142.52984350000042, value=l, duration=0.15256869999939227>
143.0273 	EXP 	LDT_stim_text: autoDraw = True
143.0357 	EXP 	LDT_fix_text: autoDraw = False
144.6543 	EXP 	Device response: <KeyPress from None: t=144.65161729999818, value=l, duration=None>
144.6546 	EXP 	New trial (rep=0, index=61): <Trial 61 (61 in rep 0) data={'Task': 'LDT', 'TrialType': 'Target', 'Stimuli': 'basp', 'StimulusType': 'nonword', 'CorrectResponse': 'a', 'Trialnumb': 118, 'thisN': 61, 'thisTrialN': 61, 'thisRepN': 0}>
144.6623 	EXP 	LDT_fix_text: autoDraw = False
144.6623 	EXP 	LDT_stim_text: autoDraw = False
144.6623 	EXP 	LDT_break_text: autoDraw = False
144.6623 	EXP 	LDT_stim_text: height = np.float64(0.1)
144.6623 	EXP 	LDT_stim_text: height = np.float64(0.1)
144.6623 	EXP 	LDT_stim_text: height = np.float64(0.1)
144.6623 	EXP 	LDT_stim_text: text = 'basp'
144.6623 	EXP 	LDT_fix_text: autoDraw = True
144.6628 	DATA 	Keypress: l
144.7628 	EXP 	Device response: <KeyPress from None: t=144.65161729999818, value=l, duration=0.11074920000100974>
145.1462 	EXP 	LDT_stim_text: autoDraw = True
145.1545 	EXP 	LDT_fix_text: autoDraw = False
145.9138 	EXP 	Device response: <KeyPress from None: t=145.90602539999963, value=a, duration=None>
145.9141 	EXP 	New trial (rep=0, index=62): <Trial 62 (62 in rep 0) data={'Task': 'LDT', 'TrialType': 'Target', 'Stimuli': 'live', 'StimulusType': 'word', 'CorrectResponse': 'l', 'Trialnumb': 24, 'thisN': 62, 'thisTrialN': 62, 'thisRepN': 0}>
145.9219 	EXP 	LDT_fix_text: autoDraw = False
145.9219 	EXP 	LDT_stim_text: autoDraw = False
145.9219 	EXP 	LDT_break_text: autoDraw = False
145.9219 	EXP 	LDT_stim_text: height = np.float64(0.1)
145.9219 	EXP 	LDT_stim_text: height = np.float64(0.1)
145.9219 	EXP 	LDT_stim_text: height = np.float64(0.1)
145.9219 	EXP 	LDT_stim_text: text = 'live'
145.9219 	EXP 	LDT_fix_text: autoDraw = True
145.9223 	DATA 	Keypress: a
146.0557 	EXP 	Device response: <KeyPress from None: t=145.90602539999963, value=a, duration=0.14426929999899585>
146.4057 	EXP 	LDT_stim_text: autoDraw = True
146.4141 	EXP 	LDT_fix_text: autoDraw = False
146.9233 	EXP 	Device response: <KeyPress from None: t=146.9228590999992, value=l, duration=None>
146.9235 	EXP 	New trial (rep=0, index=63): <Trial 63 (63 in rep 0) data={'Task': 'LDT', 'TrialType': 'Target', 'Stimuli': 'trip', 'StimulusType': 'word', 'CorrectResponse': 'l', 'Trialnumb': 35, 'thisN': 63, 'thisTrialN': 63, 'thisRepN': 0}>
146.9313 	EXP 	LDT_fix_text: autoDraw = False
146.9313 	EXP 	LDT_stim_text: autoDraw = False
146.9313 	EXP 	LDT_break_text: autoDraw = False
146.9313 	EXP 	LDT_stim_text: height = np.float64(0.1)
146.9313 	EXP 	LDT_stim_text: height = np.float64(0.1)
146.9313 	EXP 	LDT_stim_text: height = np.float64(0.1)
146.9313 	EXP 	LDT_stim_text: text = 'trip'
146.9313 	EXP 	LDT_fix_text: autoDraw = True
146.9318 	DATA 	Keypress: l
147.0484 	EXP 	Device response: <KeyPress from None: t=146.9228590999992, value=l, duration=0.11982210000132909>
147.4151 	EXP 	LDT_stim_text: autoDraw = True
147.4234 	EXP 	LDT_fix_text: autoDraw = False
148.1328 	EXP 	Device response: <KeyPress from None: t=148.1317237000003, value=l, duration=None>
148.1331 	EXP 	New trial (rep=0, index=64): <Trial 64 (64 in rep 0) data={'Task': 'LDT', 'TrialType': 'Target', 'Stimuli': 'rorn', 'StimulusType': 'nonword', 'CorrectResponse': 'a', 'Trialnumb': 185, 'thisN': 64, 'thisTrialN': 64, 'thisRepN': 0}>
148.1408 	EXP 	LDT_fix_text: autoDraw = False
148.1408 	EXP 	LDT_stim_text: autoDraw = False
148.1408 	EXP 	LDT_break_text: autoDraw = False
148.1408 	EXP 	LDT_stim_text: height = np.float64(0.1)
148.1408 	EXP 	LDT_stim_text: height = np.float64(0.1)
148.1408 	EXP 	LDT_stim_text: height = np.float64(0.1)
148.1408 	EXP 	LDT_stim_text: text = 'rorn'
148.1408 	EXP 	LDT_fix_text: autoDraw = True
148.1412 	DATA 	Keypress: l
148.2829 	EXP 	Device response: <KeyPress from None: t=148.1317237000003, value=l, duration=0.14274319999822183>
148.6246 	EXP 	LDT_stim_text: autoDraw = True
148.6329 	EXP 	LDT_fix_text: autoDraw = False
149.4925 	EXP 	Device response: <KeyPress from None: t=149.49081619999924, value=a, duration=None>
149.4927 	EXP 	New trial (rep=0, index=65): <Trial 65 (65 in rep 0) data={'Task': 'LDT', 'TrialType': 'Target', 'Stimuli': 'talm', 'StimulusType': 'nonword', 'CorrectResponse': 'a', 'Trialnumb': 202, 'thisN': 65, 'thisTrialN': 65, 'thisRepN': 0}>
149.5005 	EXP 	LDT_fix_text: autoDraw = False
149.5005 	EXP 	LDT_stim_text: autoDraw = False
149.5005 	EXP 	LDT_break_text: autoDraw = False
149.5005 	EXP 	LDT_stim_text: height = np.float64(0.1)
149.5005 	EXP 	LDT_stim_text: height = np.float64(0.1)
149.5005 	EXP 	LDT_stim_text: height = np.float64(0.1)
149.5005 	EXP 	LDT_stim_text: text = 'talm'
149.5005 	EXP 	LDT_fix_text: autoDraw = True
149.5010 	DATA 	Keypress: a
149.5926 	EXP 	Device response: <KeyPress from None: t=149.49081619999924, value=a, duration=0.09539000000222586>
149.9843 	EXP 	LDT_stim_text: autoDraw = True
149.9926 	EXP 	LDT_fix_text: autoDraw = False
150.6936 	EXP 	Device response: <KeyPress from None: t=150.6899827999987, value=a, duration=None>
150.6938 	EXP 	New trial (rep=0, index=66): <Trial 66 (66 in rep 0) data={'Task': 'LDT', 'TrialType': 'Target', 'Stimuli': 'rap', 'StimulusType': 'word', 'CorrectResponse': 'l', 'Trialnumb': 109, 'thisN': 66, 'thisTrialN': 66, 'thisRepN': 0}>
150.7017 	EXP 	LDT_fix_text: autoDraw = False
150.7017 	EXP 	LDT_stim_text: autoDraw = False
150.7017 	EXP 	LDT_break_text: autoDraw = False
150.7017 	EXP 	LDT_stim_text: height = np.float64(0.1)
150.7017 	EXP 	LDT_stim_text: height = np.float64(0.1)
150.7017 	EXP 	LDT_stim_text: height = np.float64(0.1)
150.7017 	EXP 	LDT_stim_text: text = 'rap'
150.7017 	EXP 	LDT_fix_text: autoDraw = True
150.7022 	DATA 	Keypress: a
150.8023 	EXP 	Device response: <KeyPress from None: t=150.6899827999987, value=a, duration=0.11178160000054049>
151.1855 	EXP 	LDT_stim_text: autoDraw = True
151.1938 	EXP 	LDT_fix_text: autoDraw = False
151.9366 	EXP 	Device response: <KeyPress from None: t=151.9307551999991, value=a, duration=None>
151.9368 	EXP 	New trial (rep=0, index=67): <Trial 67 (67 in rep 0) data={'Task': 'LDT', 'TrialType': 'Target', 'Stimuli': 'read', 'StimulusType': 'word', 'CorrectResponse': 'l', 'Trialnumb': 31, 'thisN': 67, 'thisTrialN': 67, 'thisRepN': 0}>
151.9446 	EXP 	LDT_fix_text: autoDraw = False
151.9446 	EXP 	LDT_stim_text: autoDraw = False
151.9446 	EXP 	LDT_break_text: autoDraw = False
151.9446 	EXP 	LDT_stim_text: height = np.float64(0.1)
151.9446 	EXP 	LDT_stim_text: height = np.float64(0.1)
151.9446 	EXP 	LDT_stim_text: height = np.float64(0.1)
151.9446 	EXP 	LDT_stim_text: text = 'read'
151.9446 	EXP 	LDT_fix_text: autoDraw = True
151.9451 	DATA 	Keypress: a
152.0367 	EXP 	Device response: <KeyPress from None: t=151.9307551999991, value=a, duration=0.10446240000237594>
152.4284 	EXP 	LDT_stim_text: autoDraw = True
152.4367 	EXP 	LDT_fix_text: autoDraw = False
153.0626 	EXP 	Device response: <KeyPress from None: t=153.05959489999805, value=l, duration=None>
153.0629 	EXP 	New trial (rep=0, index=68): <Trial 68 (68 in rep 0) data={'Task': 'LDT', 'TrialType': 'Target', 'Stimuli': 'spin', 'StimulusType': 'word', 'CorrectResponse': 'l', 'Trialnumb': 107, 'thisN': 68, 'thisTrialN': 68, 'thisRepN': 0}>
153.0707 	EXP 	LDT_fix_text: autoDraw = False
153.0707 	EXP 	LDT_stim_text: autoDraw = False
153.0707 	EXP 	LDT_break_text: autoDraw = False
153.0707 	EXP 	LDT_stim_text: height = np.float64(0.1)
153.0707 	EXP 	LDT_stim_text: height = np.float64(0.1)
153.0707 	EXP 	LDT_stim_text: height = np.float64(0.1)
153.0707 	EXP 	LDT_stim_text: text = 'spin'
153.0707 	EXP 	LDT_fix_text: autoDraw = True
153.0713 	DATA 	Keypress: l
153.1627 	EXP 	Device response: <KeyPress from None: t=153.05959489999805, value=l, duration=0.0950667000033718>
153.5545 	EXP 	LDT_stim_text: autoDraw = True
153.5628 	EXP 	LDT_fix_text: autoDraw = False
154.3055 	EXP 	Device response: <KeyPress from None: t=154.29837979999866, value=l, duration=None>
154.3058 	EXP 	New trial (rep=0, index=69): <Trial 69 (69 in rep 0) data={'Task': 'LDT', 'TrialType': 'Target', 'Stimuli': 'sad', 'StimulusType': 'word', 'CorrectResponse': 'l', 'Trialnumb': 69, 'thisN': 69, 'thisTrialN': 69, 'thisRepN': 0}>
154.3136 	EXP 	LDT_fix_text: autoDraw = False
154.3136 	EXP 	LDT_stim_text: autoDraw = False
154.3136 	EXP 	LDT_break_text: autoDraw = False
154.3136 	EXP 	LDT_stim_text: height = np.float64(0.1)
154.3136 	EXP 	LDT_stim_text: height = np.float64(0.1)
154.3136 	EXP 	LDT_stim_text: height = np.float64(0.1)
154.3136 	EXP 	LDT_stim_text: text = 'sad'
154.3136 	EXP 	LDT_fix_text: autoDraw = True
154.3141 	DATA 	Keypress: l
154.4308 	EXP 	Device response: <KeyPress from None: t=154.29837979999866, value=l, duration=0.1290900000021793>
154.7974 	EXP 	LDT_stim_text: autoDraw = True
154.8058 	EXP 	LDT_fix_text: autoDraw = False
155.2815 	EXP 	Device response: <KeyPress from None: t=155.27455259999988, value=l, duration=None>
155.2818 	EXP 	New trial (rep=0, index=70): <Trial 70 (70 in rep 0) data={'Task': 'LDT', 'TrialType': 'Target', 'Stimuli': 'art', 'StimulusType': 'word', 'CorrectResponse': 'l', 'Trialnumb': 15, 'thisN': 70, 'thisTrialN': 70, 'thisRepN': 0}>
155.2897 	EXP 	LDT_fix_text: autoDraw = False
155.2897 	EXP 	LDT_stim_text: autoDraw = False
155.2897 	EXP 	LDT_break_text: autoDraw = False
155.2897 	EXP 	LDT_stim_text: height = np.float64(0.1)
155.2897 	EXP 	LDT_stim_text: height = np.float64(0.1)
155.2897 	EXP 	LDT_stim_text: height = np.float64(0.1)
155.2897 	EXP 	LDT_stim_text: text = 'art'
155.2897 	EXP 	LDT_fix_text: autoDraw = True
155.2903 	DATA 	Keypress: l
155.4067 	EXP 	Device response: <KeyPress from None: t=155.27455259999988, value=l, duration=0.12794729999950505>
155.7734 	EXP 	LDT_stim_text: autoDraw = True
155.7818 	EXP 	LDT_fix_text: autoDraw = False
156.2742 	EXP 	Device response: <KeyPress from None: t=156.2663051999989, value=l, duration=None>
156.2745 	EXP 	New trial (rep=0, index=71): <Trial 71 (71 in rep 0) data={'Task': 'LDT', 'TrialType': 'Target', 'Stimuli': 'frow', 'StimulusType': 'nonword', 'CorrectResponse': 'a', 'Trialnumb': 142, 'thisN': 71, 'thisTrialN': 71, 'thisRepN': 0}>
156.2824 	EXP 	LDT_fix_text: autoDraw = False
156.2824 	EXP 	LDT_stim_text: autoDraw = False
156.2824 	EXP 	LDT_break_text: autoDraw = False
156.2824 	EXP 	LDT_stim_text: height = np.float64(0.1)
156.2824 	EXP 	LDT_stim_text: height = np.float64(0.1)
156.2824 	EXP 	LDT_stim_text: height = np.float64(0.1)
156.2824 	EXP 	LDT_stim_text: text = 'frow'
156.2824 	EXP 	LDT_fix_text: autoDraw = True
156.2829 	DATA 	Keypress: l
156.4159 	EXP 	Device response: <KeyPress from None: t=156.2663051999989, value=l, duration=0.1440202000012505>
156.7660 	EXP 	LDT_stim_text: autoDraw = True
156.7744 	EXP 	LDT_fix_text: autoDraw = False
157.8758 	EXP 	Device response: <KeyPress from None: t=157.87471259999802, value=a, duration=None>
157.8760 	EXP 	New trial (rep=0, index=72): <Trial 72 (72 in rep 0) data={'Task': 'LDT', 'TrialType': 'Target', 'Stimuli': 'chase', 'StimulusType': 'word', 'CorrectResponse': 'l', 'Trialnumb': 86, 'thisN': 72, 'thisTrialN': 72, 'thisRepN': 0}>
157.8839 	EXP 	LDT_fix_text: autoDraw = False
157.8839 	EXP 	LDT_stim_text: autoDraw = False
157.8839 	EXP 	LDT_break_text: autoDraw = False
157.8839 	EXP 	LDT_stim_text: height = np.float64(0.1)
157.8839 	EXP 	LDT_stim_text: height = np.float64(0.1)
157.8839 	EXP 	LDT_stim_text: height = np.float64(0.1)
157.8839 	EXP 	LDT_stim_text: text = 'chase'
157.8839 	EXP 	LDT_fix_text: autoDraw = True
157.8844 	DATA 	Keypress: a
158.0093 	EXP 	Device response: <KeyPress from None: t=157.87471259999802, value=a, duration=0.1278788000017812>
158.3676 	EXP 	LDT_stim_text: autoDraw = True
158.3760 	EXP 	LDT_fix_text: autoDraw = False
159.5692 	EXP 	Device response: <KeyPress from None: t=159.56278259999817, value=l, duration=None>
159.5694 	EXP 	New trial (rep=0, index=73): <Trial 73 (73 in rep 0) data={'Task': 'LDT', 'TrialType': 'Target', 'Stimuli': 'pair', 'StimulusType': 'word', 'CorrectResponse': 'l', 'Trialnumb': 81, 'thisN': 73, 'thisTrialN': 73, 'thisRepN': 0}>
159.5771 	EXP 	LDT_fix_text: autoDraw = False
159.5771 	EXP 	LDT_stim_text: autoDraw = False
159.5771 	EXP 	LDT_break_text: autoDraw = False
159.5771 	EXP 	LDT_stim_text: height = np.float64(0.1)
159.5771 	EXP 	LDT_stim_text: height = np.float64(0.1)
159.5771 	EXP 	LDT_stim_text: height = np.float64(0.1)
159.5771 	EXP 	LDT_stim_text: text = 'pair'
159.5771 	EXP 	LDT_fix_text: autoDraw = True
159.5777 	DATA 	Keypress: l
159.7277 	EXP 	Device response: <KeyPress from None: t=159.56278259999817, value=l, duration=0.15918520000195713>
160.0610 	EXP 	LDT_stim_text: autoDraw = True
160.0693 	EXP 	LDT_fix_text: autoDraw = False
161.3961 	EXP 	Device response: <KeyPress from None: t=161.39477039999838, value=l, duration=None>
161.3963 	EXP 	New trial (rep=0, index=74): <Trial 74 (74 in rep 0) data={'Task': 'LDT', 'TrialType': 'Target', 'Stimuli': 'toas', 'StimulusType': 'nonword', 'CorrectResponse': 'a', 'Trialnumb': 203, 'thisN': 74, 'thisTrialN': 74, 'thisRepN': 0}>
161.4040 	EXP 	LDT_fix_text: autoDraw = False
161.4040 	EXP 	LDT_stim_text: autoDraw = False
161.4040 	EXP 	LDT_break_text: autoDraw = False
161.4040 	EXP 	LDT_stim_text: height = np.float64(0.1)
161.4040 	EXP 	LDT_stim_text: height = np.float64(0.1)
161.4040 	EXP 	LDT_stim_text: height = np.float64(0.1)
161.4040 	EXP 	LDT_stim_text: text = 'toas'
161.4040 	EXP 	LDT_fix_text: autoDraw = True
161.4045 	DATA 	Keypress: l
161.5210 	EXP 	Device response: <KeyPress from None: t=161.39477039999838, value=l, duration=0.11912460000166902>
161.8878 	EXP 	LDT_stim_text: autoDraw = True
161.8962 	EXP 	LDT_fix_text: autoDraw = False
162.7640 	EXP 	Device response: <KeyPress from None: t=162.76223290000053, value=a, duration=None>
162.7643 	EXP 	New trial (rep=0, index=75): <Trial 75 (75 in rep 0) data={'Task': 'LDT', 'TrialType': 'Target', 'Stimuli': 'still', 'StimulusType': 'word', 'CorrectResponse': 'l', 'Trialnumb': 14, 'thisN': 75, 'thisTrialN': 75, 'thisRepN': 0}>
162.7722 	EXP 	LDT_fix_text: autoDraw = False
162.7722 	EXP 	LDT_stim_text: autoDraw = False
162.7722 	EXP 	LDT_break_text: autoDraw = False
162.7722 	EXP 	LDT_stim_text: height = np.float64(0.1)
162.7722 	EXP 	LDT_stim_text: height = np.float64(0.1)
162.7722 	EXP 	LDT_stim_text: height = np.float64(0.1)
162.7722 	EXP 	LDT_stim_text: text = 'still'
162.7722 	EXP 	LDT_fix_text: autoDraw = True
162.7727 	DATA 	Keypress: a
162.8975 	EXP 	Device response: <KeyPress from None: t=162.76223290000053, value=a, duration=0.12780510000084178>
163.2558 	EXP 	LDT_stim_text: autoDraw = True
163.2642 	EXP 	LDT_fix_text: autoDraw = False
163.9903 	EXP 	Device response: <KeyPress from None: t=163.98643570000058, value=l, duration=None>
163.9905 	EXP 	New trial (rep=0, index=76): <Trial 76 (76 in rep 0) data={'Task': 'LDT', 'TrialType': 'Target', 'Stimuli': 'spag', 'StimulusType': 'nonword', 'CorrectResponse': 'a', 'Trialnumb': 197, 'thisN': 76, 'thisTrialN': 76, 'thisRepN': 0}>
163.9983 	EXP 	LDT_fix_text: autoDraw = False
163.9983 	EXP 	LDT_stim_text: autoDraw = False
163.9983 	EXP 	LDT_break_text: autoDraw = False
163.9983 	EXP 	LDT_stim_text: height = np.float64(0.1)
163.9983 	EXP 	LDT_stim_text: height = np.float64(0.1)
163.9983 	EXP 	LDT_stim_text: height = np.float64(0.1)
163.9983 	EXP 	LDT_stim_text: text = 'spag'
163.9983 	EXP 	LDT_fix_text: autoDraw = True
163.9988 	DATA 	Keypress: l
164.0903 	EXP 	Device response: <KeyPress from None: t=163.98643570000058, value=l, duration=0.09576670000024023>
164.4820 	EXP 	LDT_stim_text: autoDraw = True
164.4904 	EXP 	LDT_fix_text: autoDraw = False
165.5001 	EXP 	Device response: <KeyPress from None: t=165.49850739999965, value=a, duration=None>
165.5003 	EXP 	New trial (rep=0, index=77): <Trial 77 (77 in rep 0) data={'Task': 'LDT', 'TrialType': 'Target', 'Stimuli': 'gord', 'StimulusType': 'nonword', 'CorrectResponse': 'a', 'Trialnumb': 148, 'thisN': 77, 'thisTrialN': 77, 'thisRepN': 0}>
165.5081 	EXP 	LDT_fix_text: autoDraw = False
165.5081 	EXP 	LDT_stim_text: autoDraw = False
165.5081 	EXP 	LDT_break_text: autoDraw = False
165.5081 	EXP 	LDT_stim_text: height = np.float64(0.1)
165.5081 	EXP 	LDT_stim_text: height = np.float64(0.1)
165.5081 	EXP 	LDT_stim_text: height = np.float64(0.1)
165.5081 	EXP 	LDT_stim_text: text = 'gord'
165.5081 	EXP 	LDT_fix_text: autoDraw = True
165.5085 	DATA 	Keypress: a
165.6084 	EXP 	Device response: <KeyPress from None: t=165.49850739999965, value=a, duration=0.10330379999868455>
165.9919 	EXP 	LDT_stim_text: autoDraw = True
166.0003 	EXP 	LDT_fix_text: autoDraw = False
166.7263 	EXP 	Device response: <KeyPress from None: t=166.7220438000004, value=a, duration=None>
166.7265 	EXP 	New trial (rep=0, index=78): <Trial 78 (78 in rep 0) data={'Task': 'LDT', 'TrialType': 'Target', 'Stimuli': 'part', 'StimulusType': 'word', 'CorrectResponse': 'l', 'Trialnumb': 17, 'thisN': 78, 'thisTrialN': 78, 'thisRepN': 0}>
166.7343 	EXP 	LDT_fix_text: autoDraw = False
166.7343 	EXP 	LDT_stim_text: autoDraw = False
166.7343 	EXP 	LDT_break_text: autoDraw = False
166.7343 	EXP 	LDT_stim_text: height = np.float64(0.1)
166.7343 	EXP 	LDT_stim_text: height = np.float64(0.1)
166.7343 	EXP 	LDT_stim_text: height = np.float64(0.1)
166.7343 	EXP 	LDT_stim_text: text = 'part'
166.7343 	EXP 	LDT_fix_text: autoDraw = True
166.7348 	DATA 	Keypress: a
166.8348 	EXP 	Device response: <KeyPress from None: t=166.7220438000004, value=a, duration=0.11234089999925345>
167.2181 	EXP 	LDT_stim_text: autoDraw = True
167.2265 	EXP 	LDT_fix_text: autoDraw = False
167.7773 	EXP 	Device response: <KeyPress from None: t=167.77007039999808, value=l, duration=None>
167.7775 	EXP 	New trial (rep=0, index=79): <Trial 79 (79 in rep 0) data={'Task': 'LDT', 'TrialType': 'Target', 'Stimuli': 'veek', 'StimulusType': 'nonword', 'CorrectResponse': 'a', 'Trialnumb': 211, 'thisN': 79, 'thisTrialN': 79, 'thisRepN': 0}>
167.7854 	EXP 	LDT_fix_text: autoDraw = False
167.7854 	EXP 	LDT_stim_text: autoDraw = False
167.7854 	EXP 	LDT_break_text: autoDraw = False
167.7854 	EXP 	LDT_stim_text: height = np.float64(0.1)
167.7854 	EXP 	LDT_stim_text: height = np.float64(0.1)
167.7854 	EXP 	LDT_stim_text: height = np.float64(0.1)
167.7854 	EXP 	LDT_stim_text: text = 'veek'
167.7854 	EXP 	LDT_fix_text: autoDraw = True
167.7859 	DATA 	Keypress: l
167.9025 	EXP 	Device response: <KeyPress from None: t=167.77007039999808, value=l, duration=0.1284032000003208>
168.2691 	EXP 	LDT_stim_text: autoDraw = True
168.2775 	EXP 	LDT_fix_text: autoDraw = False
168.8368 	EXP 	Device response: <KeyPress from None: t=168.83550259999902, value=a, duration=None>
168.8370 	EXP 	New trial (rep=0, index=80): <Trial 80 (80 in rep 0) data={'Task': 'LDT', 'TrialType': 'Target', 'Stimuli': 'year', 'StimulusType': 'word', 'CorrectResponse': 'l', 'Trialnumb': 10, 'thisN': 80, 'thisTrialN': 80, 'thisRepN': 0}>
168.8448 	EXP 	LDT_fix_text: autoDraw = False
168.8448 	EXP 	LDT_stim_text: autoDraw = False
168.8448 	EXP 	LDT_break_text: autoDraw = False
168.8448 	EXP 	LDT_stim_text: height = np.float64(0.1)
168.8448 	EXP 	LDT_stim_text: height = np.float64(0.1)
168.8448 	EXP 	LDT_stim_text: height = np.float64(0.1)
168.8448 	EXP 	LDT_stim_text: text = 'year'
168.8448 	EXP 	LDT_fix_text: autoDraw = True
168.8453 	DATA 	Keypress: a
168.9785 	EXP 	Device response: <KeyPress from None: t=168.83550259999902, value=a, duration=0.134645800000726>
169.3286 	EXP 	LDT_stim_text: autoDraw = True
169.3369 	EXP 	LDT_fix_text: autoDraw = False
169.9378 	EXP 	Device response: <KeyPress from None: t=169.9305917999991, value=l, duration=None>
169.9381 	EXP 	New trial (rep=0, index=81): <Trial 81 (81 in rep 0) data={'Task': 'LDT', 'TrialType': 'Target', 'Stimuli': 'hirs', 'StimulusType': 'nonword', 'CorrectResponse': 'a', 'Trialnumb': 153, 'thisN': 81, 'thisTrialN': 81, 'thisRepN': 0}>
169.9458 	EXP 	LDT_fix_text: autoDraw = False
169.9458 	EXP 	LDT_stim_text: autoDraw = False
169.9458 	EXP 	LDT_break_text: autoDraw = False
169.9458 	EXP 	LDT_stim_text: height = np.float64(0.1)
169.9458 	EXP 	LDT_stim_text: height = np.float64(0.1)
169.9458 	EXP 	LDT_stim_text: height = np.float64(0.1)
169.9458 	EXP 	LDT_stim_text: text = 'hirs'
169.9458 	EXP 	LDT_fix_text: autoDraw = True
169.9464 	DATA 	Keypress: l
170.0795 	EXP 	Device response: <KeyPress from None: t=169.9305917999991, value=l, duration=0.14331750000201282>
170.4296 	EXP 	LDT_stim_text: autoDraw = True
170.4380 	EXP 	LDT_fix_text: autoDraw = False
171.0889 	EXP 	Device response: <KeyPress from None: t=171.08254029999807, value=a, duration=None>
171.0891 	EXP 	New trial (rep=0, index=82): <Trial 82 (82 in rep 0) data={'Task': 'LDT', 'TrialType': 'Target', 'Stimuli': 'suck', 'StimulusType': 'word', 'CorrectResponse': 'l', 'Trialnumb': 83, 'thisN': 82, 'thisTrialN': 82, 'thisRepN': 0}>
171.0970 	EXP 	LDT_fix_text: autoDraw = False
171.0970 	EXP 	LDT_stim_text: autoDraw = False
171.0970 	EXP 	LDT_break_text: autoDraw = False
171.0970 	EXP 	LDT_stim_text: height = np.float64(0.1)
171.0970 	EXP 	LDT_stim_text: height = np.float64(0.1)
171.0970 	EXP 	LDT_stim_text: height = np.float64(0.1)
171.0970 	EXP 	LDT_stim_text: text = 'suck'
171.0970 	EXP 	LDT_fix_text: autoDraw = True
171.0975 	DATA 	Keypress: a
171.2225 	EXP 	Device response: <KeyPress from None: t=171.08254029999807, value=a, duration=0.13570880000042962>
171.5809 	EXP 	LDT_stim_text: autoDraw = True
171.5891 	EXP 	LDT_fix_text: autoDraw = False
172.6405 	EXP 	Device response: <KeyPress from None: t=172.63406029999896, value=a, duration=None>
172.6407 	EXP 	New trial (rep=0, index=83): <Trial 83 (83 in rep 0) data={'Task': 'LDT', 'TrialType': 'Target', 'Stimuli': 'strip', 'StimulusType': 'word', 'CorrectResponse': 'l', 'Trialnumb': 104, 'thisN': 83, 'thisTrialN': 83, 'thisRepN': 0}>
172.6485 	EXP 	LDT_fix_text: autoDraw = False
172.6485 	EXP 	LDT_stim_text: autoDraw = False
172.6485 	EXP 	LDT_break_text: autoDraw = False
172.6485 	EXP 	LDT_stim_text: height = np.float64(0.1)
172.6485 	EXP 	LDT_stim_text: height = np.float64(0.1)
172.6485 	EXP 	LDT_stim_text: height = np.float64(0.1)
172.6485 	EXP 	LDT_stim_text: text = 'strip'
172.6485 	EXP 	LDT_fix_text: autoDraw = True
172.6491 	DATA 	Keypress: a
172.7906 	EXP 	Device response: <KeyPress from None: t=172.63406029999896, value=a, duration=0.15233559999978752>
173.1324 	EXP 	LDT_stim_text: autoDraw = True
173.1407 	EXP 	LDT_fix_text: autoDraw = False
173.7917 	EXP 	Device response: <KeyPress from None: t=173.7867253000004, value=l, duration=None>
173.7920 	EXP 	New trial (rep=0, index=84): <Trial 84 (84 in rep 0) data={'Task': 'LDT', 'TrialType': 'Target', 'Stimuli': 'toop', 'StimulusType': 'nonword', 'CorrectResponse': 'a', 'Trialnumb': 204, 'thisN': 84, 'thisTrialN': 84, 'thisRepN': 0}>
173.7997 	EXP 	LDT_fix_text: autoDraw = False
173.7997 	EXP 	LDT_stim_text: autoDraw = False
173.7997 	EXP 	LDT_break_text: autoDraw = False
173.7997 	EXP 	LDT_stim_text: height = np.float64(0.1)
173.7997 	EXP 	LDT_stim_text: height = np.float64(0.1)
173.7997 	EXP 	LDT_stim_text: height = np.float64(0.1)
173.7997 	EXP 	LDT_stim_text: text = 'toop'
173.7997 	EXP 	LDT_fix_text: autoDraw = True
173.8002 	DATA 	Keypress: l
173.9085 	EXP 	Device response: <KeyPress from None: t=173.7867253000004, value=l, duration=0.11977269999988494>
174.2835 	EXP 	LDT_stim_text: autoDraw = True
174.2918 	EXP 	LDT_fix_text: autoDraw = False
174.8427 	EXP 	Device response: <KeyPress from None: t=174.8422122000011, value=a, duration=None>
174.8429 	EXP 	New trial (rep=0, index=85): <Trial 85 (85 in rep 0) data={'Task': 'LDT', 'TrialType': 'Target', 'Stimuli': 'saos', 'StimulusType': 'nonword', 'CorrectResponse': 'a', 'Trialnumb': 115, 'thisN': 85, 'thisTrialN': 85, 'thisRepN': 0}>
174.8509 	EXP 	LDT_fix_text: autoDraw = False
174.8509 	EXP 	LDT_stim_text: autoDraw = False
174.8509 	EXP 	LDT_break_text: autoDraw = False
174.8509 	EXP 	LDT_stim_text: height = np.float64(0.1)
174.8509 	EXP 	LDT_stim_text: height = np.float64(0.1)
174.8509 	EXP 	LDT_stim_text: height = np.float64(0.1)
174.8509 	EXP 	LDT_stim_text: text = 'saos'
174.8509 	EXP 	LDT_fix_text: autoDraw = True
174.8514 	DATA 	Keypress: a
174.9844 	EXP 	Device response: <KeyPress from None: t=174.8422122000011, value=a, duration=0.13660989999698359>
175.3345 	EXP 	LDT_stim_text: autoDraw = True
175.3429 	EXP 	LDT_fix_text: autoDraw = False
175.9187 	EXP 	Device response: <KeyPress from None: t=175.91404010000042, value=a, duration=None>
175.9190 	EXP 	New trial (rep=0, index=86): <Trial 86 (86 in rep 0) data={'Task': 'LDT', 'TrialType': 'Target', 'Stimuli': 'seft', 'StimulusType': 'nonword', 'CorrectResponse': 'a', 'Trialnumb': 188, 'thisN': 86, 'thisTrialN': 86, 'thisRepN': 0}>
175.9268 	EXP 	LDT_fix_text: autoDraw = False
175.9268 	EXP 	LDT_stim_text: autoDraw = False
175.9268 	EXP 	LDT_break_text: autoDraw = False
175.9268 	EXP 	LDT_stim_text: height = np.float64(0.1)
175.9268 	EXP 	LDT_stim_text: height = np.float64(0.1)
175.9268 	EXP 	LDT_stim_text: height = np.float64(0.1)
175.9268 	EXP 	LDT_stim_text: text = 'seft'
175.9268 	EXP 	LDT_fix_text: autoDraw = True
175.9274 	DATA 	Keypress: a
176.0356 	EXP 	Device response: <KeyPress from None: t=175.91404010000042, value=a, duration=0.11994169999888982>
176.4106 	EXP 	LDT_stim_text: autoDraw = True
176.4190 	EXP 	LDT_fix_text: autoDraw = False
177.0699 	EXP 	Device response: <KeyPress from None: t=177.06626409999808, value=a, duration=None>
177.0702 	EXP 	New trial (rep=0, index=87): <Trial 87 (87 in rep 0) data={'Task': 'LDT', 'TrialType': 'Target', 'Stimuli': 'sloy', 'StimulusType': 'nonword', 'CorrectResponse': 'a', 'Trialnumb': 194, 'thisN': 87, 'thisTrialN': 87, 'thisRepN': 0}>
177.0782 	EXP 	LDT_fix_text: autoDraw = False
177.0782 	EXP 	LDT_stim_text: autoDraw = False
177.0782 	EXP 	LDT_break_text: autoDraw = False
177.0782 	EXP 	LDT_stim_text: height = np.float64(0.1)
177.0782 	EXP 	LDT_stim_text: height = np.float64(0.1)
177.0782 	EXP 	LDT_stim_text: height = np.float64(0.1)
177.0782 	EXP 	LDT_stim_text: text = 'sloy'
177.0782 	EXP 	LDT_fix_text: autoDraw = True
177.0786 	DATA 	Keypress: a
177.1951 	EXP 	Device response: <KeyPress from None: t=177.06626409999808, value=a, duration=0.1279305000025488>
177.5618 	EXP 	LDT_stim_text: autoDraw = True
177.5701 	EXP 	LDT_fix_text: autoDraw = False
178.2293 	EXP 	Device response: <KeyPress from None: t=178.22614199999953, value=a, duration=None>
178.2296 	EXP 	New trial (rep=0, index=88): <Trial 88 (88 in rep 0) data={'Task': 'LDT', 'TrialType': 'Target', 'Stimuli': 'left', 'StimulusType': 'word', 'CorrectResponse': 'l', 'Trialnumb': 27, 'thisN': 88, 'thisTrialN': 88, 'thisRepN': 0}>
178.2374 	EXP 	LDT_fix_text: autoDraw = False
178.2374 	EXP 	LDT_stim_text: autoDraw = False
178.2374 	EXP 	LDT_break_text: autoDraw = False
178.2374 	EXP 	LDT_stim_text: height = np.float64(0.1)
178.2374 	EXP 	LDT_stim_text: height = np.float64(0.1)
178.2374 	EXP 	LDT_stim_text: height = np.float64(0.1)
178.2374 	EXP 	LDT_stim_text: text = 'left'
178.2374 	EXP 	LDT_fix_text: autoDraw = True
178.2379 	DATA 	Keypress: a
178.3544 	EXP 	Device response: <KeyPress from None: t=178.22614199999953, value=a, duration=0.12032950000138953>
178.7213 	EXP 	LDT_stim_text: autoDraw = True
178.7296 	EXP 	LDT_fix_text: autoDraw = False
179.2805 	EXP 	Device response: <KeyPress from None: t=179.27554070000042, value=l, duration=None>
179.2807 	EXP 	New trial (rep=0, index=89): <Trial 89 (89 in rep 0) data={'Task': 'LDT', 'TrialType': 'Target', 'Stimuli': 'full', 'StimulusType': 'word', 'CorrectResponse': 'l', 'Trialnumb': 43, 'thisN': 89, 'thisTrialN': 89, 'thisRepN': 0}>
179.2885 	EXP 	LDT_fix_text: autoDraw = False
179.2885 	EXP 	LDT_stim_text: autoDraw = False
179.2885 	EXP 	LDT_break_text: autoDraw = False
179.2885 	EXP 	LDT_stim_text: height = np.float64(0.1)
179.2885 	EXP 	LDT_stim_text: height = np.float64(0.1)
179.2885 	EXP 	LDT_stim_text: height = np.float64(0.1)
179.2885 	EXP 	LDT_stim_text: text = 'full'
179.2885 	EXP 	LDT_fix_text: autoDraw = True
179.2890 	DATA 	Keypress: l
179.3972 	EXP 	Device response: <KeyPress from None: t=179.27554070000042, value=l, duration=0.11910150000039721>
179.7723 	EXP 	LDT_stim_text: autoDraw = True
179.7806 	EXP 	LDT_fix_text: autoDraw = False
180.4565 	EXP 	Device response: <KeyPress from None: t=180.45019350000075, value=l, duration=None>
180.4568 	EXP 	New trial (rep=0, index=90): <Trial 90 (90 in rep 0) data={'Task': 'LDT', 'TrialType': 'Target', 'Stimuli': 'tour', 'StimulusType': 'word', 'CorrectResponse': 'l', 'Trialnumb': 88, 'thisN': 90, 'thisTrialN': 90, 'thisRepN': 0}>
180.4647 	EXP 	LDT_fix_text: autoDraw = False
180.4647 	EXP 	LDT_stim_text: autoDraw = False
180.4647 	EXP 	LDT_break_text: autoDraw = False
180.4647 	EXP 	LDT_stim_text: height = np.float64(0.1)
180.4647 	EXP 	LDT_stim_text: height = np.float64(0.1)
180.4647 	EXP 	LDT_stim_text: height = np.float64(0.1)
180.4647 	EXP 	LDT_stim_text: text = 'tour'
180.4647 	EXP 	LDT_fix_text: autoDraw = True
180.4652 	DATA 	Keypress: l
180.5568 	EXP 	Device response: <KeyPress from None: t=180.45019350000075, value=l, duration=0.10389279999799328>
180.9485 	EXP 	LDT_stim_text: autoDraw = True
180.9568 	EXP 	LDT_fix_text: autoDraw = False
181.4828 	EXP 	Device response: <KeyPress from None: t=181.48230279999916, value=l, duration=None>
181.4830 	EXP 	New trial (rep=0, index=91): <Trial 91 (91 in rep 0) data={'Task': 'LDT', 'TrialType': 'Target', 'Stimuli': 'mize', 'StimulusType': 'nonword', 'CorrectResponse': 'a', 'Trialnumb': 174, 'thisN': 91, 'thisTrialN': 91, 'thisRepN': 0}>
181.4907 	EXP 	LDT_fix_text: autoDraw = False
181.4907 	EXP 	LDT_stim_text: autoDraw = False
181.4907 	EXP 	LDT_break_text: autoDraw = False
181.4907 	EXP 	LDT_stim_text: height = np.float64(0.1)
181.4907 	EXP 	LDT_stim_text: height = np.float64(0.1)
181.4907 	EXP 	LDT_stim_text: height = np.float64(0.1)
181.4907 	EXP 	LDT_stim_text: text = 'mize'
181.4907 	EXP 	LDT_fix_text: autoDraw = True
181.4912 	DATA 	Keypress: l
181.6162 	EXP 	Device response: <KeyPress from None: t=181.48230279999916, value=l, duration=0.1279108000017004>
181.9745 	EXP 	LDT_stim_text: autoDraw = True
181.9828 	EXP 	LDT_fix_text: autoDraw = False
182.8256 	EXP 	Device response: <KeyPress from None: t=182.81786550000106, value=l, duration=None>
182.8258 	EXP 	New trial (rep=0, index=92): <Trial 92 (92 in rep 0) data={'Task': 'LDT', 'TrialType': 'Target', 'Stimuli': 'pack', 'StimulusType': 'word', 'CorrectResponse': 'l', 'Trialnumb': 76, 'thisN': 92, 'thisTrialN': 92, 'thisRepN': 0}>
182.8337 	EXP 	LDT_fix_text: autoDraw = False
182.8337 	EXP 	LDT_stim_text: autoDraw = False
182.8337 	EXP 	LDT_break_text: autoDraw = False
182.8337 	EXP 	LDT_stim_text: height = np.float64(0.1)
182.8337 	EXP 	LDT_stim_text: height = np.float64(0.1)
182.8337 	EXP 	LDT_stim_text: height = np.float64(0.1)
182.8337 	EXP 	LDT_stim_text: text = 'pack'
182.8337 	EXP 	LDT_fix_text: autoDraw = True
182.8342 	DATA 	Keypress: l
182.9174 	EXP 	Device response: <KeyPress from None: t=182.81786550000106, value=l, duration=0.0968412999973225>
183.3175 	EXP 	LDT_stim_text: autoDraw = True
183.3258 	EXP 	LDT_fix_text: autoDraw = False
183.8767 	EXP 	Device response: <KeyPress from None: t=183.87401500000124, value=l, duration=None>
183.8769 	EXP 	New trial (rep=0, index=93): <Trial 93 (93 in rep 0) data={'Task': 'LDT', 'TrialType': 'Target', 'Stimuli': 'vour', 'StimulusType': 'nonword', 'CorrectResponse': 'a', 'Trialnumb': 214, 'thisN': 93, 'thisTrialN': 93, 'thisRepN': 0}>
183.8847 	EXP 	LDT_fix_text: autoDraw = False
183.8847 	EXP 	LDT_stim_text: autoDraw = False
183.8847 	EXP 	LDT_break_text: autoDraw = False
183.8847 	EXP 	LDT_stim_text: height = np.float64(0.1)
183.8847 	EXP 	LDT_stim_text: height = np.float64(0.1)
183.8847 	EXP 	LDT_stim_text: height = np.float64(0.1)
183.8847 	EXP 	LDT_stim_text: text = 'vour'
183.8847 	EXP 	LDT_fix_text: autoDraw = True
183.8853 	DATA 	Keypress: l
184.0018 	EXP 	Device response: <KeyPress from None: t=183.87401500000124, value=l, duration=0.11973359999683453>
184.3686 	EXP 	LDT_stim_text: autoDraw = True
184.3769 	EXP 	LDT_fix_text: autoDraw = False
185.1363 	EXP 	Device response: <KeyPress from None: t=185.13164049999978, value=a, duration=None>
185.1366 	EXP 	New trial (rep=0, index=94): <Trial 94 (94 in rep 0) data={'Task': 'LDT', 'TrialType': 'Target', 'Stimuli': 'wass', 'StimulusType': 'nonword', 'CorrectResponse': 'a', 'Trialnumb': 215, 'thisN': 94, 'thisTrialN': 94, 'thisRepN': 0}>
185.1443 	EXP 	LDT_fix_text: autoDraw = False
185.1443 	EXP 	LDT_stim_text: autoDraw = False
185.1443 	EXP 	LDT_break_text: autoDraw = False
185.1443 	EXP 	LDT_stim_text: height = np.float64(0.1)
185.1443 	EXP 	LDT_stim_text: height = np.float64(0.1)
185.1443 	EXP 	LDT_stim_text: height = np.float64(0.1)
185.1443 	EXP 	LDT_stim_text: text = 'wass'
185.1443 	EXP 	LDT_fix_text: autoDraw = True
185.1449 	DATA 	Keypress: a
185.2782 	EXP 	Device response: <KeyPress from None: t=185.13164049999978, value=a, duration=0.14326300000175252>
185.6281 	EXP 	LDT_stim_text: autoDraw = True
185.6364 	EXP 	LDT_fix_text: autoDraw = False
186.2373 	EXP 	Device response: <KeyPress from None: t=186.2344363000011, value=a, duration=None>
186.2376 	EXP 	New trial (rep=0, index=95): <Trial 95 (95 in rep 0) data={'Task': 'LDT', 'TrialType': 'Target', 'Stimuli': 'word', 'StimulusType': 'word', 'CorrectResponse': 'l', 'Trialnumb': 47, 'thisN': 95, 'thisTrialN': 95, 'thisRepN': 0}>
186.2454 	EXP 	LDT_fix_text: autoDraw = False
186.2454 	EXP 	LDT_stim_text: autoDraw = False
186.2454 	EXP 	LDT_break_text: autoDraw = False
186.2454 	EXP 	LDT_stim_text: height = np.float64(0.1)
186.2454 	EXP 	LDT_stim_text: height = np.float64(0.1)
186.2454 	EXP 	LDT_stim_text: height = np.float64(0.1)
186.2454 	EXP 	LDT_stim_text: text = 'word'
186.2454 	EXP 	LDT_fix_text: autoDraw = True
186.2459 	DATA 	Keypress: a
186.3708 	EXP 	Device response: <KeyPress from None: t=186.2344363000011, value=a, duration=0.13532479999776115>
186.7292 	EXP 	LDT_stim_text: autoDraw = True
186.7376 	EXP 	LDT_fix_text: autoDraw = False
187.3301 	EXP 	Device response: <KeyPress from None: t=187.3218670999995, value=l, duration=None>
187.3304 	EXP 	New trial (rep=0, index=96): <Trial 96 (96 in rep 0) data={'Task': 'LDT', 'TrialType': 'Target', 'Stimuli': 'anto', 'StimulusType': 'nonword', 'CorrectResponse': 'a', 'Trialnumb': 117, 'thisN': 96, 'thisTrialN': 96, 'thisRepN': 0}>
187.3316 	DATA 	Keypress: l
187.3381 	EXP 	LDT_fix_text: autoDraw = False
187.3381 	EXP 	LDT_stim_text: autoDraw = False
187.3381 	EXP 	LDT_break_text: autoDraw = False
187.3381 	EXP 	LDT_stim_text: height = np.float64(0.1)
187.3381 	EXP 	LDT_stim_text: height = np.float64(0.1)
187.3381 	EXP 	LDT_stim_text: height = np.float64(0.1)
187.3381 	EXP 	LDT_stim_text: text = 'anto'
187.3381 	EXP 	LDT_fix_text: autoDraw = True
187.4302 	EXP 	Device response: <KeyPress from None: t=187.3218670999995, value=l, duration=0.10406860000148299>
187.8220 	EXP 	LDT_stim_text: autoDraw = True
187.8303 	EXP 	LDT_fix_text: autoDraw = False
188.7732 	EXP 	Device response: <KeyPress from None: t=188.77058889999898, value=a, duration=None>
188.7734 	EXP 	New trial (rep=0, index=97): <Trial 97 (97 in rep 0) data={'Task': 'LDT', 'TrialType': 'Target', 'Stimuli': 'high', 'StimulusType': 'word', 'CorrectResponse': 'l', 'Trialnumb': 16, 'thisN': 97, 'thisTrialN': 97, 'thisRepN': 0}>
188.7813 	EXP 	LDT_fix_text: autoDraw = False
188.7813 	EXP 	LDT_stim_text: autoDraw = False
188.7813 	EXP 	LDT_break_text: autoDraw = False
188.7813 	EXP 	LDT_stim_text: height = np.float64(0.1)
188.7813 	EXP 	LDT_stim_text: height = np.float64(0.1)
188.7813 	EXP 	LDT_stim_text: height = np.float64(0.1)
188.7813 	EXP 	LDT_stim_text: text = 'high'
188.7813 	EXP 	LDT_fix_text: autoDraw = True
188.7818 	DATA 	Keypress: a
188.9067 	EXP 	Device response: <KeyPress from None: t=188.77058889999898, value=a, duration=0.12888830000156304>
189.2651 	EXP 	LDT_stim_text: autoDraw = True
189.2734 	EXP 	LDT_fix_text: autoDraw = False
190.0080 	EXP 	Device response: <KeyPress from None: t=190.00294779999967, value=l, duration=None>
190.0083 	EXP 	New trial (rep=0, index=98): <Trial 98 (98 in rep 0) data={'Task': 'LDT', 'TrialType': 'Target', 'Stimuli': 'peaf', 'StimulusType': 'nonword', 'CorrectResponse': 'a', 'Trialnumb': 179, 'thisN': 98, 'thisTrialN': 98, 'thisRepN': 0}>
190.0159 	EXP 	LDT_fix_text: autoDraw = False
190.0159 	EXP 	LDT_stim_text: autoDraw = False
190.0159 	EXP 	LDT_break_text: autoDraw = False
190.0159 	EXP 	LDT_stim_text: height = np.float64(0.1)
190.0159 	EXP 	LDT_stim_text: height = np.float64(0.1)
190.0159 	EXP 	LDT_stim_text: height = np.float64(0.1)
190.0159 	EXP 	LDT_stim_text: text = 'peaf'
190.0159 	EXP 	LDT_fix_text: autoDraw = True
190.0166 	DATA 	Keypress: l
190.0995 	EXP 	Device response: <KeyPress from None: t=190.00294779999967, value=l, duration=0.09504740000193124>
190.4997 	EXP 	LDT_stim_text: autoDraw = True
190.5080 	EXP 	LDT_fix_text: autoDraw = False
191.2341 	EXP 	Device response: <KeyPress from None: t=191.22579269999915, value=a, duration=None>
191.2344 	EXP 	New trial (rep=0, index=99): <Trial 99 (99 in rep 0) data={'Task': 'LDT', 'TrialType': 'Target', 'Stimuli': 'sell', 'StimulusType': 'word', 'CorrectResponse': 'l', 'Trialnumb': 65, 'thisN': 99, 'thisTrialN': 99, 'thisRepN': 0}>
191.2355 	DATA 	Keypress: a
191.2421 	EXP 	LDT_fix_text: autoDraw = False
191.2421 	EXP 	LDT_stim_text: autoDraw = False
191.2421 	EXP 	LDT_break_text: autoDraw = False
191.2421 	EXP 	LDT_stim_text: height = np.float64(0.1)
191.2421 	EXP 	LDT_stim_text: height = np.float64(0.1)
191.2421 	EXP 	LDT_stim_text: height = np.float64(0.1)
191.2421 	EXP 	LDT_stim_text: text = 'sell'
191.2421 	EXP 	LDT_fix_text: autoDraw = True
191.3508 	EXP 	Device response: <KeyPress from None: t=191.22579269999915, value=a, duration=0.12179810000088764>
191.7259 	EXP 	LDT_stim_text: autoDraw = True
191.7342 	EXP 	LDT_fix_text: autoDraw = False
192.2684 	EXP 	Device response: <KeyPress from None: t=192.26618139999846, value=l, duration=None>
192.2687 	EXP 	New trial (rep=0, index=100): <Trial 100 (100 in rep 0) data={'Task': 'LDT', 'TrialType': 'Target', 'Stimuli': 'fall', 'StimulusType': 'word', 'CorrectResponse': 'l', 'Trialnumb': 62, 'thisN': 100, 'thisTrialN': 100, 'thisRepN': 0}>
192.2764 	EXP 	LDT_fix_text: autoDraw = False
192.2764 	EXP 	LDT_stim_text: autoDraw = False
192.2764 	EXP 	LDT_break_text: autoDraw = False
192.2764 	EXP 	LDT_stim_text: height = np.float64(0.1)
192.2764 	EXP 	LDT_stim_text: height = np.float64(0.1)
192.2764 	EXP 	LDT_stim_text: height = np.float64(0.1)
192.2764 	EXP 	LDT_stim_text: text = 'fall'
192.2764 	EXP 	LDT_fix_text: autoDraw = True
192.2770 	DATA 	Keypress: l
192.4102 	EXP 	Device response: <KeyPress from None: t=192.26618139999846, value=l, duration=0.13610170000174548>
192.7603 	EXP 	LDT_stim_text: autoDraw = True
192.7686 	EXP 	LDT_fix_text: autoDraw = False
193.3360 	EXP 	Device response: <KeyPress from None: t=193.33122609999918, value=l, duration=None>
193.3362 	EXP 	New trial (rep=0, index=101): <Trial 101 (101 in rep 0) data={'Task': 'LDT', 'TrialType': 'Target', 'Stimuli': 'side', 'StimulusType': 'word', 'CorrectResponse': 'l', 'Trialnumb': 48, 'thisN': 101, 'thisTrialN': 101, 'thisRepN': 0}>
193.3442 	EXP 	LDT_fix_text: autoDraw = False
193.3442 	EXP 	LDT_stim_text: autoDraw = False
193.3442 	EXP 	LDT_break_text: autoDraw = False
193.3442 	EXP 	LDT_stim_text: height = np.float64(0.1)
193.3442 	EXP 	LDT_stim_text: height = np.float64(0.1)
193.3442 	EXP 	LDT_stim_text: height = np.float64(0.1)
193.3442 	EXP 	LDT_stim_text: text = 'side'
193.3442 	EXP 	LDT_fix_text: autoDraw = True
193.3448 	DATA 	Keypress: l
193.4695 	EXP 	Device response: <KeyPress from None: t=193.33122609999918, value=l, duration=0.13480210000125226>
193.8280 	EXP 	LDT_stim_text: autoDraw = True
193.8363 	EXP 	LDT_fix_text: autoDraw = False
194.3204 	EXP 	Device response: <KeyPress from None: t=194.31403399999908, value=l, duration=None>
194.3206 	EXP 	New trial (rep=0, index=102): <Trial 102 (102 in rep 0) data={'Task': 'LDT', 'TrialType': 'Target', 'Stimuli': 'ate', 'StimulusType': 'word', 'CorrectResponse': 'l', 'Trialnumb': 85, 'thisN': 102, 'thisTrialN': 102, 'thisRepN': 0}>
194.3284 	EXP 	LDT_fix_text: autoDraw = False
194.3284 	EXP 	LDT_stim_text: autoDraw = False
194.3284 	EXP 	LDT_break_text: autoDraw = False
194.3284 	EXP 	LDT_stim_text: height = np.float64(0.1)
194.3284 	EXP 	LDT_stim_text: height = np.float64(0.1)
194.3284 	EXP 	LDT_stim_text: height = np.float64(0.1)
194.3284 	EXP 	LDT_stim_text: text = 'ate'
194.3284 	EXP 	LDT_fix_text: autoDraw = True
194.3289 	DATA 	Keypress: l
194.4288 	EXP 	Device response: <KeyPress from None: t=194.31403399999908, value=l, duration=0.11249170000155573>
194.8123 	EXP 	LDT_stim_text: autoDraw = True
194.8206 	EXP 	LDT_fix_text: autoDraw = False
195.3715 	EXP 	Device response: <KeyPress from None: t=195.37016399999993, value=a, duration=None>
195.3717 	EXP 	New trial (rep=0, index=103): <Trial 103 (103 in rep 0) data={'Task': 'LDT', 'TrialType': 'Target', 'Stimuli': 'berm', 'StimulusType': 'nonword', 'CorrectResponse': 'a', 'Trialnumb': 121, 'thisN': 103, 'thisTrialN': 103, 'thisRepN': 0}>
195.3795 	EXP 	LDT_fix_text: autoDraw = False
195.3795 	EXP 	LDT_stim_text: autoDraw = False
195.3795 	EXP 	LDT_break_text: autoDraw = False
195.3795 	EXP 	LDT_stim_text: height = np.float64(0.1)
195.3795 	EXP 	LDT_stim_text: height = np.float64(0.1)
195.3795 	EXP 	LDT_stim_text: height = np.float64(0.1)
195.3795 	EXP 	LDT_stim_text: text = 'berm'
195.3795 	EXP 	LDT_fix_text: autoDraw = True
195.3800 	DATA 	Keypress: a
195.4882 	EXP 	Device response: <KeyPress from None: t=195.37016399999993, value=a, duration=0.11221699999805423>
195.8633 	EXP 	LDT_stim_text: autoDraw = True
195.8717 	EXP 	LDT_fix_text: autoDraw = False
197.1150 	EXP 	Device response: <KeyPress from None: t=197.11402349999844, value=a, duration=None>
197.1152 	EXP 	New trial (rep=0, index=104): <Trial 104 (104 in rep 0) data={'Task': 'LDT', 'TrialType': 'Target', 'Stimuli': 'gali', 'StimulusType': 'nonword', 'CorrectResponse': 'a', 'Trialnumb': 113, 'thisN': 104, 'thisTrialN': 104, 'thisRepN': 0}>
197.1229 	EXP 	LDT_fix_text: autoDraw = False
197.1229 	EXP 	LDT_stim_text: autoDraw = False
197.1229 	EXP 	LDT_break_text: autoDraw = False
197.1229 	EXP 	LDT_stim_text: height = np.float64(0.1)
197.1229 	EXP 	LDT_stim_text: height = np.float64(0.1)
197.1229 	EXP 	LDT_stim_text: height = np.float64(0.1)
197.1229 	EXP 	LDT_stim_text: text = 'gali'
197.1229 	EXP 	LDT_fix_text: autoDraw = True
197.1234 	DATA 	Keypress: a
197.2484 	EXP 	Device response: <KeyPress from None: t=197.11402349999844, value=a, duration=0.12880940000104601>
197.6067 	EXP 	LDT_stim_text: autoDraw = True
197.6151 	EXP 	LDT_fix_text: autoDraw = False
198.3161 	EXP 	Device response: <KeyPress from None: t=198.31380770000032, value=a, duration=None>
198.3163 	EXP 	New trial (rep=0, index=105): <Trial 105 (105 in rep 0) data={'Task': 'LDT', 'TrialType': 'Target', 'Stimuli': 'hide', 'StimulusType': 'word', 'CorrectResponse': 'l', 'Trialnumb': 68, 'thisN': 105, 'thisTrialN': 105, 'thisRepN': 0}>
198.3241 	EXP 	LDT_fix_text: autoDraw = False
198.3241 	EXP 	LDT_stim_text: autoDraw = False
198.3241 	EXP 	LDT_break_text: autoDraw = False
198.3241 	EXP 	LDT_stim_text: height = np.float64(0.1)
198.3241 	EXP 	LDT_stim_text: height = np.float64(0.1)
198.3241 	EXP 	LDT_stim_text: height = np.float64(0.1)
198.3241 	EXP 	LDT_stim_text: text = 'hide'
198.3241 	EXP 	LDT_fix_text: autoDraw = True
198.3246 	DATA 	Keypress: a
198.4579 	EXP 	Device response: <KeyPress from None: t=198.31380770000032, value=a, duration=0.13671569999860367>
198.8079 	EXP 	LDT_stim_text: autoDraw = True
198.8163 	EXP 	LDT_fix_text: autoDraw = False
199.4005 	EXP 	Device response: <KeyPress from None: t=199.39434170000095, value=l, duration=None>
199.4008 	EXP 	New trial (rep=0, index=106): <Trial 106 (106 in rep 0) data={'Task': 'LDT', 'TrialType': 'Target', 'Stimuli': 'vome', 'StimulusType': 'nonword', 'CorrectResponse': 'a', 'Trialnumb': 213, 'thisN': 106, 'thisTrialN': 106, 'thisRepN': 0}>
199.4085 	EXP 	LDT_fix_text: autoDraw = False
199.4085 	EXP 	LDT_stim_text: autoDraw = False
199.4085 	EXP 	LDT_break_text: autoDraw = False
199.4085 	EXP 	LDT_stim_text: height = np.float64(0.1)
199.4085 	EXP 	LDT_stim_text: height = np.float64(0.1)
199.4085 	EXP 	LDT_stim_text: height = np.float64(0.1)
199.4085 	EXP 	LDT_stim_text: text = 'vome'
199.4085 	EXP 	LDT_fix_text: autoDraw = True
199.4091 	DATA 	Keypress: l
199.5339 	EXP 	Device response: <KeyPress from None: t=199.39434170000095, value=l, duration=0.13605719999759458>
199.8924 	EXP 	LDT_stim_text: autoDraw = True
199.9007 	EXP 	LDT_fix_text: autoDraw = False
200.5099 	EXP 	Device response: <KeyPress from None: t=200.50713090000136, value=a, duration=None>
200.5101 	EXP 	New trial (rep=0, index=107): <Trial 107 (107 in rep 0) data={'Task': 'LDT', 'TrialType': 'Target', 'Stimuli': 'here', 'StimulusType': 'word', 'CorrectResponse': 'l', 'Trialnumb': 4, 'thisN': 107, 'thisTrialN': 107, 'thisRepN': 0}>
200.5180 	EXP 	LDT_fix_text: autoDraw = False
200.5180 	EXP 	LDT_stim_text: autoDraw = False
200.5180 	EXP 	LDT_break_text: autoDraw = False
200.5180 	EXP 	LDT_stim_text: height = np.float64(0.1)
200.5180 	EXP 	LDT_stim_text: height = np.float64(0.1)
200.5180 	EXP 	LDT_stim_text: height = np.float64(0.1)
200.5180 	EXP 	LDT_stim_text: text = 'here'
200.5180 	EXP 	LDT_fix_text: autoDraw = True
200.5184 	DATA 	Keypress: a
200.6353 	EXP 	Device response: <KeyPress from None: t=200.50713090000136, value=a, duration=0.12761929999760468>
201.0018 	EXP 	LDT_stim_text: autoDraw = True
201.0101 	EXP 	LDT_fix_text: autoDraw = False
201.7863 	EXP 	Device response: <KeyPress from None: t=201.77836580000076, value=l, duration=None>
201.7865 	EXP 	New trial (rep=0, index=108): <Trial 108 (108 in rep 0) data={'Task': 'LDT', 'TrialType': 'Target', 'Stimuli': 'flat', 'StimulusType': 'word', 'CorrectResponse': 'l', 'Trialnumb': 92, 'thisN': 108, 'thisTrialN': 108, 'thisRepN': 0}>
201.7942 	EXP 	LDT_fix_text: autoDraw = False
201.7942 	EXP 	LDT_stim_text: autoDraw = False
201.7942 	EXP 	LDT_break_text: autoDraw = False
201.7942 	EXP 	LDT_stim_text: height = np.float64(0.1)
201.7942 	EXP 	LDT_stim_text: height = np.float64(0.1)
201.7942 	EXP 	LDT_stim_text: height = np.float64(0.1)
201.7942 	EXP 	LDT_stim_text: text = 'flat'
201.7942 	EXP 	LDT_fix_text: autoDraw = True
201.7948 	DATA 	Keypress: l
201.8864 	EXP 	Device response: <KeyPress from None: t=201.77836580000076, value=l, duration=0.10355200000049081>
202.2781 	EXP 	LDT_stim_text: autoDraw = True
202.2864 	EXP 	LDT_fix_text: autoDraw = False
202.7872 	EXP 	Device response: <KeyPress from None: t=202.78659200000038, value=l, duration=None>
202.7874 	EXP 	New trial (rep=0, index=109): <Trial 109 (109 in rep 0) data={'Task': 'LDT', 'TrialType': 'Target', 'Stimuli': 'show', 'StimulusType': 'word', 'CorrectResponse': 'l', 'Trialnumb': 21, 'thisN': 109, 'thisTrialN': 109, 'thisRepN': 0}>
202.7953 	EXP 	LDT_fix_text: autoDraw = False
202.7953 	EXP 	LDT_stim_text: autoDraw = False
202.7953 	EXP 	LDT_break_text: autoDraw = False
202.7953 	EXP 	LDT_stim_text: height = np.float64(0.1)
202.7953 	EXP 	LDT_stim_text: height = np.float64(0.1)
202.7953 	EXP 	LDT_stim_text: height = np.float64(0.1)
202.7953 	EXP 	LDT_stim_text: text = 'show'
202.7953 	EXP 	LDT_fix_text: autoDraw = True
202.7958 	DATA 	Keypress: l
202.9457 	EXP 	Device response: <KeyPress from None: t=202.78659200000038, value=l, duration=0.15170339999895077>
203.2790 	EXP 	LDT_stim_text: autoDraw = True
203.2874 	EXP 	LDT_fix_text: autoDraw = False
203.8466 	EXP 	Device response: <KeyPress from None: t=203.8422169000005, value=l, duration=None>
203.8468 	EXP 	New trial (rep=0, index=110): <Trial 110 (110 in rep 0) data={'Task': 'LDT', 'TrialType': 'Target', 'Stimuli': 'short', 'StimulusType': 'word', 'CorrectResponse': 'l', 'Trialnumb': 50, 'thisN': 110, 'thisTrialN': 110, 'thisRepN': 0}>
203.8547 	EXP 	LDT_fix_text: autoDraw = False
203.8547 	EXP 	LDT_stim_text: autoDraw = False
203.8547 	EXP 	LDT_break_text: autoDraw = False
203.8547 	EXP 	LDT_stim_text: height = np.float64(0.1)
203.8547 	EXP 	LDT_stim_text: height = np.float64(0.1)
203.8547 	EXP 	LDT_stim_text: height = np.float64(0.1)
203.8547 	EXP 	LDT_stim_text: text = 'short'
203.8547 	EXP 	LDT_fix_text: autoDraw = True
203.8552 	DATA 	Keypress: l
203.9884 	EXP 	Device response: <KeyPress from None: t=203.8422169000005, value=l, duration=0.14396499999929802>
204.3385 	EXP 	LDT_stim_text: autoDraw = True
204.3468 	EXP 	LDT_fix_text: autoDraw = False
205.0561 	EXP 	Device response: <KeyPress from None: t=205.050454799999, value=l, duration=None>
205.0564 	EXP 	New trial (rep=0, index=111): <Trial 111 (111 in rep 0) data={'Task': 'LDT', 'TrialType': 'Target', 'Stimuli': 'party', 'StimulusType': 'word', 'CorrectResponse': 'l', 'Trialnumb': 59, 'thisN': 111, 'thisTrialN': 111, 'thisRepN': 0}>
205.0642 	EXP 	LDT_fix_text: autoDraw = False
205.0642 	EXP 	LDT_stim_text: autoDraw = False
205.0642 	EXP 	LDT_break_text: autoDraw = False
205.0642 	EXP 	LDT_stim_text: height = np.float64(0.1)
205.0642 	EXP 	LDT_stim_text: height = np.float64(0.1)
205.0642 	EXP 	LDT_stim_text: height = np.float64(0.1)
205.0642 	EXP 	LDT_stim_text: text = 'party'
205.0642 	EXP 	LDT_fix_text: autoDraw = True
205.0646 	DATA 	Keypress: l
205.1646 	EXP 	Device response: <KeyPress from None: t=205.050454799999, value=l, duration=0.11179690000062692>
205.5480 	EXP 	LDT_stim_text: autoDraw = True
205.5563 	EXP 	LDT_fix_text: autoDraw = False
206.1155 	EXP 	Device response: <KeyPress from None: t=206.1141263999998, value=l, duration=None>
206.1158 	EXP 	New trial (rep=0, index=112): <Trial 112 (112 in rep 0) data={'Task': 'LDT', 'TrialType': 'Target', 'Stimuli': 'pahe', 'StimulusType': 'nonword', 'CorrectResponse': 'a', 'Trialnumb': 178, 'thisN': 112, 'thisTrialN': 112, 'thisRepN': 0}>
206.1235 	EXP 	LDT_fix_text: autoDraw = False
206.1235 	EXP 	LDT_stim_text: autoDraw = False
206.1235 	EXP 	LDT_break_text: autoDraw = False
206.1235 	EXP 	LDT_stim_text: height = np.float64(0.1)
206.1235 	EXP 	LDT_stim_text: height = np.float64(0.1)
206.1235 	EXP 	LDT_stim_text: height = np.float64(0.1)
206.1235 	EXP 	LDT_stim_text: text = 'pahe'
206.1235 	EXP 	LDT_fix_text: autoDraw = True
206.1241 	DATA 	Keypress: l
206.2572 	EXP 	Device response: <KeyPress from None: t=206.1141263999998, value=l, duration=0.1358394999988377>
206.6073 	EXP 	LDT_stim_text: autoDraw = True
206.6157 	EXP 	LDT_fix_text: autoDraw = False
207.3250 	EXP 	Device response: <KeyPress from None: t=207.3219758999985, value=a, duration=None>
207.3253 	EXP 	New trial (rep=0, index=113): <Trial 113 (113 in rep 0) data={'Task': 'LDT', 'TrialType': 'Target', 'Stimuli': 'mears', 'StimulusType': 'nonword', 'CorrectResponse': 'a', 'Trialnumb': 172, 'thisN': 113, 'thisTrialN': 113, 'thisRepN': 0}>
207.3331 	EXP 	LDT_fix_text: autoDraw = False
207.3331 	EXP 	LDT_stim_text: autoDraw = False
207.3331 	EXP 	LDT_break_text: autoDraw = False
207.3331 	EXP 	LDT_stim_text: height = np.float64(0.1)
207.3331 	EXP 	LDT_stim_text: height = np.float64(0.1)
207.3331 	EXP 	LDT_stim_text: height = np.float64(0.1)
207.3331 	EXP 	LDT_stim_text: text = 'mears'
207.3331 	EXP 	LDT_fix_text: autoDraw = True
207.3336 	DATA 	Keypress: a
207.4503 	EXP 	Device response: <KeyPress from None: t=207.3219758999985, value=a, duration=0.12789909999992233>
207.8169 	EXP 	LDT_stim_text: autoDraw = True
207.8253 	EXP 	LDT_fix_text: autoDraw = False
208.7098 	EXP 	Device response: <KeyPress from None: t=208.70653740000125, value=a, duration=None>
208.7100 	EXP 	New trial (rep=0, index=114): <Trial 114 (114 in rep 0) data={'Task': 'LDT', 'TrialType': 'Target', 'Stimuli': 'virus', 'StimulusType': 'word', 'CorrectResponse': 'l', 'Trialnumb': 100, 'thisN': 114, 'thisTrialN': 114, 'thisRepN': 0}>
208.7179 	EXP 	LDT_fix_text: autoDraw = False
208.7179 	EXP 	LDT_stim_text: autoDraw = False
208.7179 	EXP 	LDT_break_text: autoDraw = False
208.7179 	EXP 	LDT_stim_text: height = np.float64(0.1)
208.7179 	EXP 	LDT_stim_text: height = np.float64(0.1)
208.7179 	EXP 	LDT_stim_text: height = np.float64(0.1)
208.7179 	EXP 	LDT_stim_text: text = 'virus'
208.7179 	EXP 	LDT_fix_text: autoDraw = True
208.7184 	DATA 	Keypress: a
208.8432 	EXP 	Device response: <KeyPress from None: t=208.70653740000125, value=a, duration=0.1352530999974988>
209.2016 	EXP 	LDT_stim_text: autoDraw = True
209.2100 	EXP 	LDT_fix_text: autoDraw = False
209.8276 	EXP 	Device response: <KeyPress from None: t=209.8267068999994, value=l, duration=None>
209.8278 	EXP 	New trial (rep=0, index=115): <Trial 115 (115 in rep 0) data={'Task': 'LDT', 'TrialType': 'Target', 'Stimuli': 'hard', 'StimulusType': 'word', 'CorrectResponse': 'l', 'Trialnumb': 22, 'thisN': 115, 'thisTrialN': 115, 'thisRepN': 0}>
209.8356 	EXP 	LDT_fix_text: autoDraw = False
209.8356 	EXP 	LDT_stim_text: autoDraw = False
209.8356 	EXP 	LDT_break_text: autoDraw = False
209.8356 	EXP 	LDT_stim_text: height = np.float64(0.1)
209.8356 	EXP 	LDT_stim_text: height = np.float64(0.1)
209.8356 	EXP 	LDT_stim_text: height = np.float64(0.1)
209.8356 	EXP 	LDT_stim_text: text = 'hard'
209.8356 	EXP 	LDT_fix_text: autoDraw = True
209.8361 	DATA 	Keypress: l
209.9527 	EXP 	Device response: <KeyPress from None: t=209.8267068999994, value=l, duration=0.11923419999948237>
210.3194 	EXP 	LDT_stim_text: autoDraw = True
210.3277 	EXP 	LDT_fix_text: autoDraw = False
210.8953 	EXP 	Device response: <KeyPress from None: t=210.89005309999993, value=l, duration=None>
210.8955 	EXP 	New trial (rep=0, index=116): <Trial 116 (116 in rep 0) data={'Task': 'LDT', 'TrialType': 'Target', 'Stimuli': 'rent', 'StimulusType': 'word', 'CorrectResponse': 'l', 'Trialnumb': 84, 'thisN': 116, 'thisTrialN': 116, 'thisRepN': 0}>
210.9033 	EXP 	LDT_fix_text: autoDraw = False
210.9033 	EXP 	LDT_stim_text: autoDraw = False
210.9033 	EXP 	LDT_break_text: autoDraw = False
210.9033 	EXP 	LDT_stim_text: height = np.float64(0.1)
210.9033 	EXP 	LDT_stim_text: height = np.float64(0.1)
210.9033 	EXP 	LDT_stim_text: height = np.float64(0.1)
210.9033 	EXP 	LDT_stim_text: text = 'rent'
210.9033 	EXP 	LDT_fix_text: autoDraw = True
210.9040 	DATA 	Keypress: l
210.9871 	EXP 	Device response: <KeyPress from None: t=210.89005309999993, value=l, duration=0.09599330000128248>
211.3871 	EXP 	LDT_stim_text: autoDraw = True
211.3955 	EXP 	LDT_fix_text: autoDraw = False
212.0882 	EXP 	Device response: <KeyPress from None: t=212.08229479999864, value=l, duration=None>
212.0884 	EXP 	New trial (rep=0, index=117): <Trial 117 (117 in rep 0) data={'Task': 'LDT', 'TrialType': 'Target', 'Stimuli': 'set', 'StimulusType': 'word', 'CorrectResponse': 'l', 'Trialnumb': 36, 'thisN': 117, 'thisTrialN': 117, 'thisRepN': 0}>
212.0961 	EXP 	LDT_fix_text: autoDraw = False
212.0961 	EXP 	LDT_stim_text: autoDraw = False
212.0961 	EXP 	LDT_break_text: autoDraw = False
212.0961 	EXP 	LDT_stim_text: height = np.float64(0.1)
212.0961 	EXP 	LDT_stim_text: height = np.float64(0.1)
212.0961 	EXP 	LDT_stim_text: height = np.float64(0.1)
212.0961 	EXP 	LDT_stim_text: text = 'set'
212.0961 	EXP 	LDT_fix_text: autoDraw = True
212.0967 	DATA 	Keypress: l
212.1799 	EXP 	Device response: <KeyPress from None: t=212.08229479999864, value=l, duration=0.09592049999992014>
212.5800 	EXP 	LDT_stim_text: autoDraw = True
212.5883 	EXP 	LDT_fix_text: autoDraw = False
213.1143 	EXP 	Device response: <KeyPress from None: t=213.113813699998, value=l, duration=None>
213.1145 	EXP 	New trial (rep=0, index=118): <Trial 118 (118 in rep 0) data={'Task': 'LDT', 'TrialType': 'Target', 'Stimuli': 'sife', 'StimulusType': 'nonword', 'CorrectResponse': 'a', 'Trialnumb': 192, 'thisN': 118, 'thisTrialN': 118, 'thisRepN': 0}>
213.1222 	EXP 	LDT_fix_text: autoDraw = False
213.1222 	EXP 	LDT_stim_text: autoDraw = False
213.1222 	EXP 	LDT_break_text: autoDraw = False
213.1222 	EXP 	LDT_stim_text: height = np.float64(0.1)
213.1222 	EXP 	LDT_stim_text: height = np.float64(0.1)
213.1222 	EXP 	LDT_stim_text: height = np.float64(0.1)
213.1222 	EXP 	LDT_stim_text: text = 'sife'
213.1222 	EXP 	LDT_fix_text: autoDraw = True
213.1228 	DATA 	Keypress: l
213.2226 	EXP 	Device response: <KeyPress from None: t=213.113813699998, value=l, duration=0.10426030000235187>
213.6061 	EXP 	LDT_stim_text: autoDraw = True
213.6143 	EXP 	LDT_fix_text: autoDraw = False
214.3237 	EXP 	Device response: <KeyPress from None: t=214.32284530000106, value=a, duration=None>
214.3239 	EXP 	New trial (rep=0, index=119): <Trial 119 (119 in rep 0) data={'Task': 'LDT', 'TrialType': 'Target', 'Stimuli': 'water', 'StimulusType': 'word', 'CorrectResponse': 'l', 'Trialnumb': 3, 'thisN': 119, 'thisTrialN': 119, 'thisRepN': 0}>
214.3318 	EXP 	LDT_fix_text: autoDraw = False
214.3318 	EXP 	LDT_stim_text: autoDraw = False
214.3318 	EXP 	LDT_break_text: autoDraw = False
214.3318 	EXP 	LDT_stim_text: height = np.float64(0.1)
214.3318 	EXP 	LDT_stim_text: height = np.float64(0.1)
214.3318 	EXP 	LDT_stim_text: height = np.float64(0.1)
214.3318 	EXP 	LDT_stim_text: text = 'water'
214.3318 	EXP 	LDT_fix_text: autoDraw = True
214.3323 	DATA 	Keypress: a
214.4823 	EXP 	Device response: <KeyPress from None: t=214.32284530000106, value=a, duration=0.15118529999745078>
214.8156 	EXP 	LDT_stim_text: autoDraw = True
214.8239 	EXP 	LDT_fix_text: autoDraw = False
215.4749 	EXP 	Device response: <KeyPress from None: t=215.46697109999877, value=l, duration=None>
215.4829 	EXP 	LDT_fix_text: autoDraw = False
215.4829 	EXP 	LDT_stim_text: autoDraw = False
215.4829 	EXP 	LDT_break_text: autoDraw = True
215.4835 	DATA 	Keypress: l
215.5583 	EXP 	Device response: <KeyPress from None: t=215.46697109999877, value=l, duration=0.08692340000197873>
237.6887 	EXP 	Device response: <KeyPress from None: t=237.68226069999946, value=space, duration=None>
237.6889 	EXP 	New trial (rep=0, index=120): <Trial 120 (120 in rep 0) data={'Task': 'LDT', 'TrialType': 'Target', 'Stimuli': 'brone', 'StimulusType': 'nonword', 'CorrectResponse': 'a', 'Trialnumb': 125, 'thisN': 120, 'thisTrialN': 120, 'thisRepN': 0}>
237.6967 	EXP 	LDT_break_text: autoDraw = False
237.6967 	EXP 	LDT_stim_text: height = np.float64(0.1)
237.6967 	EXP 	LDT_stim_text: height = np.float64(0.1)
237.6967 	EXP 	LDT_stim_text: height = np.float64(0.1)
237.6967 	EXP 	LDT_stim_text: text = 'brone'
237.6967 	EXP 	LDT_fix_text: autoDraw = True
237.6972 	DATA 	Keypress: space
237.8304 	EXP 	Device response: <KeyPress from None: t=237.68226069999946, value=space, duration=0.14367879999917932>
238.1805 	EXP 	LDT_stim_text: autoDraw = True
238.1889 	EXP 	LDT_fix_text: autoDraw = False
238.7731 	EXP 	Device response: <KeyPress from None: t=238.7699778999995, value=l, duration=None>
238.7733 	EXP 	New trial (rep=0, index=121): <Trial 121 (121 in rep 0) data={'Task': 'LDT', 'TrialType': 'Target', 'Stimuli': 'tuke', 'StimulusType': 'nonword', 'CorrectResponse': 'a', 'Trialnumb': 208, 'thisN': 121, 'thisTrialN': 121, 'thisRepN': 0}>
238.7811 	EXP 	LDT_fix_text: autoDraw = False
238.7811 	EXP 	LDT_stim_text: autoDraw = False
238.7811 	EXP 	LDT_break_text: autoDraw = False
238.7811 	EXP 	LDT_stim_text: height = np.float64(0.1)
238.7811 	EXP 	LDT_stim_text: height = np.float64(0.1)
238.7811 	EXP 	LDT_stim_text: height = np.float64(0.1)
238.7811 	EXP 	LDT_stim_text: text = 'tuke'
238.7811 	EXP 	LDT_fix_text: autoDraw = True
238.7816 	DATA 	Keypress: l
238.9065 	EXP 	Device response: <KeyPress from None: t=238.7699778999995, value=l, duration=0.12849130000176956>
239.2649 	EXP 	LDT_stim_text: autoDraw = True
239.2733 	EXP 	LDT_fix_text: autoDraw = False
240.1328 	EXP 	Device response: <KeyPress from None: t=240.13044589999845, value=l, duration=None>
240.1331 	EXP 	New trial (rep=0, index=122): <Trial 122 (122 in rep 0) data={'Task': 'LDT', 'TrialType': 'Target', 'Stimuli': 'club', 'StimulusType': 'word', 'CorrectResponse': 'l', 'Trialnumb': 64, 'thisN': 122, 'thisTrialN': 122, 'thisRepN': 0}>
240.1408 	EXP 	LDT_fix_text: autoDraw = False
240.1408 	EXP 	LDT_stim_text: autoDraw = False
240.1408 	EXP 	LDT_break_text: autoDraw = False
240.1408 	EXP 	LDT_stim_text: height = np.float64(0.1)
240.1408 	EXP 	LDT_stim_text: height = np.float64(0.1)
240.1408 	EXP 	LDT_stim_text: height = np.float64(0.1)
240.1408 	EXP 	LDT_stim_text: text = 'club'
240.1408 	EXP 	LDT_fix_text: autoDraw = True
240.1413 	DATA 	Keypress: l
240.2662 	EXP 	Device response: <KeyPress from None: t=240.13044589999845, value=l, duration=0.12775390000024345>
240.6246 	EXP 	LDT_stim_text: autoDraw = True
240.6329 	EXP 	LDT_fix_text: autoDraw = False
241.1339 	EXP 	Device response: <KeyPress from None: t=241.13082329999816, value=l, duration=None>
241.1342 	EXP 	New trial (rep=0, index=123): <Trial 123 (123 in rep 0) data={'Task': 'LDT', 'TrialType': 'Target', 'Stimuli': 'pay', 'StimulusType': 'word', 'CorrectResponse': 'l', 'Trialnumb': 42, 'thisN': 123, 'thisTrialN': 123, 'thisRepN': 0}>
241.1418 	EXP 	LDT_fix_text: autoDraw = False
241.1418 	EXP 	LDT_stim_text: autoDraw = False
241.1418 	EXP 	LDT_break_text: autoDraw = False
241.1418 	EXP 	LDT_stim_text: height = np.float64(0.1)
241.1418 	EXP 	LDT_stim_text: height = np.float64(0.1)
241.1418 	EXP 	LDT_stim_text: height = np.float64(0.1)
241.1418 	EXP 	LDT_stim_text: text = 'pay'
241.1418 	EXP 	LDT_fix_text: autoDraw = True
241.1423 	DATA 	Keypress: l
241.2589 	EXP 	Device response: <KeyPress from None: t=241.13082329999816, value=l, duration=0.12703220000184956>
241.6256 	EXP 	LDT_stim_text: autoDraw = True
241.6339 	EXP 	LDT_fix_text: autoDraw = False
242.0182 	EXP 	Device response: <KeyPress from None: t=242.017928199999, value=l, duration=None>
242.0265 	EXP 	New trial (rep=0, index=124): <Trial 124 (124 in rep 0) data={'Task': 'LDT', 'TrialType': 'Target', 'Stimuli': 'seon', 'StimulusType': 'nonword', 'CorrectResponse': 'a', 'Trialnumb': 189, 'thisN': 124, 'thisTrialN': 124, 'thisRepN': 0}>
242.0278 	DATA 	Keypress: l
242.0343 	EXP 	LDT_fix_text: autoDraw = False
242.0343 	EXP 	LDT_stim_text: autoDraw = False
242.0343 	EXP 	LDT_break_text: autoDraw = False
242.0343 	EXP 	LDT_stim_text: height = np.float64(0.1)
242.0343 	EXP 	LDT_stim_text: height = np.float64(0.1)
242.0343 	EXP 	LDT_stim_text: height = np.float64(0.1)
242.0343 	EXP 	LDT_stim_text: text = 'seon'
242.0343 	EXP 	LDT_fix_text: autoDraw = True
242.1347 	EXP 	Device response: <KeyPress from None: t=242.017928199999, value=l, duration=0.11247550000189221>
242.5182 	EXP 	LDT_stim_text: autoDraw = True
242.5265 	EXP 	LDT_fix_text: autoDraw = False
243.1274 	EXP 	Device response: <KeyPress from None: t=243.12261020000005, value=a, duration=None>
243.1277 	EXP 	New trial (rep=0, index=125): <Trial 125 (125 in rep 0) data={'Task': 'LDT', 'TrialType': 'Target', 'Stimuli': 'wost', 'StimulusType': 'nonword', 'CorrectResponse': 'a', 'Trialnumb': 217, 'thisN': 125, 'thisTrialN': 125, 'thisRepN': 0}>
243.1354 	EXP 	LDT_fix_text: autoDraw = False
243.1354 	EXP 	LDT_stim_text: autoDraw = False
243.1354 	EXP 	LDT_break_text: autoDraw = False
243.1354 	EXP 	LDT_stim_text: height = np.float64(0.1)
243.1354 	EXP 	LDT_stim_text: height = np.float64(0.1)
243.1354 	EXP 	LDT_stim_text: height = np.float64(0.1)
243.1354 	EXP 	LDT_stim_text: text = 'wost'
243.1354 	EXP 	LDT_fix_text: autoDraw = True
243.1359 	DATA 	Keypress: a
243.2359 	EXP 	Device response: <KeyPress from None: t=243.12261020000005, value=a, duration=0.11162310000145226>
243.6193 	EXP 	LDT_stim_text: autoDraw = True
243.6276 	EXP 	LDT_fix_text: autoDraw = False
244.3787 	EXP 	Device response: <KeyPress from None: t=244.37825689999954, value=a, duration=None>
244.3789 	EXP 	New trial (rep=0, index=126): <Trial 126 (126 in rep 0) data={'Task': 'LDT', 'TrialType': 'Target', 'Stimuli': 'end', 'StimulusType': 'word', 'CorrectResponse': 'l', 'Trialnumb': 33, 'thisN': 126, 'thisTrialN': 126, 'thisRepN': 0}>
244.3867 	EXP 	LDT_fix_text: autoDraw = False
244.3867 	EXP 	LDT_stim_text: autoDraw = False
244.3867 	EXP 	LDT_break_text: autoDraw = False
244.3867 	EXP 	LDT_stim_text: height = np.float64(0.1)
244.3867 	EXP 	LDT_stim_text: height = np.float64(0.1)
244.3867 	EXP 	LDT_stim_text: height = np.float64(0.1)
244.3867 	EXP 	LDT_stim_text: text = 'end'
244.3867 	EXP 	LDT_fix_text: autoDraw = True
244.3873 	DATA 	Keypress: a
244.4954 	EXP 	Device response: <KeyPress from None: t=244.37825689999954, value=a, duration=0.11250039999868022>
244.8705 	EXP 	LDT_stim_text: autoDraw = True
244.8788 	EXP 	LDT_fix_text: autoDraw = False
245.3630 	EXP 	Device response: <KeyPress from None: t=245.36185530000148, value=l, duration=None>
245.3632 	EXP 	New trial (rep=0, index=127): <Trial 127 (127 in rep 0) data={'Task': 'LDT', 'TrialType': 'Target', 'Stimuli': 'sere', 'StimulusType': 'nonword', 'CorrectResponse': 'a', 'Trialnumb': 190, 'thisN': 127, 'thisTrialN': 127, 'thisRepN': 0}>
245.3710 	EXP 	LDT_fix_text: autoDraw = False
245.3710 	EXP 	LDT_stim_text: autoDraw = False
245.3710 	EXP 	LDT_break_text: autoDraw = False
245.3710 	EXP 	LDT_stim_text: height = np.float64(0.1)
245.3710 	EXP 	LDT_stim_text: height = np.float64(0.1)
245.3710 	EXP 	LDT_stim_text: height = np.float64(0.1)
245.3710 	EXP 	LDT_stim_text: text = 'sere'
245.3710 	EXP 	LDT_fix_text: autoDraw = True
245.3717 	DATA 	Keypress: l
245.4799 	EXP 	Device response: <KeyPress from None: t=245.36185530000148, value=l, duration=0.11267269999734708>
245.8548 	EXP 	LDT_stim_text: autoDraw = True
245.8632 	EXP 	LDT_fix_text: autoDraw = False
246.5224 	EXP 	Device response: <KeyPress from None: t=246.514975099999, value=a, duration=None>
246.5228 	EXP 	New trial (rep=0, index=128): <Trial 128 (128 in rep 0) data={'Task': 'LDT', 'TrialType': 'Target', 'Stimuli': 'dilt', 'StimulusType': 'nonword', 'CorrectResponse': 'a', 'Trialnumb': 137, 'thisN': 128, 'thisTrialN': 128, 'thisRepN': 0}>
246.5305 	EXP 	LDT_fix_text: autoDraw = False
246.5305 	EXP 	LDT_stim_text: autoDraw = False
246.5305 	EXP 	LDT_break_text: autoDraw = False
246.5305 	EXP 	LDT_stim_text: height = np.float64(0.1)
246.5305 	EXP 	LDT_stim_text: height = np.float64(0.1)
246.5305 	EXP 	LDT_stim_text: height = np.float64(0.1)
246.5305 	EXP 	LDT_stim_text: text = 'dilt'
246.5305 	EXP 	LDT_fix_text: autoDraw = True
246.5310 	DATA 	Keypress: a
246.6726 	EXP 	Device response: <KeyPress from None: t=246.514975099999, value=a, duration=0.15084420000130194>
247.0143 	EXP 	LDT_stim_text: autoDraw = True
247.0227 	EXP 	LDT_fix_text: autoDraw = False
247.5901 	EXP 	Device response: <KeyPress from None: t=247.58647679999922, value=a, duration=None>
247.5904 	EXP 	New trial (rep=0, index=129): <Trial 129 (129 in rep 0) data={'Task': 'LDT', 'TrialType': 'Target', 'Stimuli': 'hold', 'StimulusType': 'word', 'CorrectResponse': 'l', 'Trialnumb': 54, 'thisN': 129, 'thisTrialN': 129, 'thisRepN': 0}>
247.5983 	EXP 	LDT_fix_text: autoDraw = False
247.5983 	EXP 	LDT_stim_text: autoDraw = False
247.5983 	EXP 	LDT_break_text: autoDraw = False
247.5983 	EXP 	LDT_stim_text: height = np.float64(0.1)
247.5983 	EXP 	LDT_stim_text: height = np.float64(0.1)
247.5983 	EXP 	LDT_stim_text: height = np.float64(0.1)
247.5983 	EXP 	LDT_stim_text: text = 'hold'
247.5983 	EXP 	LDT_fix_text: autoDraw = True
247.5988 	DATA 	Keypress: a
247.7320 	EXP 	Device response: <KeyPress from None: t=247.58647679999922, value=a, duration=0.14407240000218735>
248.0820 	EXP 	LDT_stim_text: autoDraw = True
248.0904 	EXP 	LDT_fix_text: autoDraw = False
248.7414 	EXP 	Device response: <KeyPress from None: t=248.738067899998, value=l, duration=None>
248.7416 	EXP 	New trial (rep=0, index=130): <Trial 130 (130 in rep 0) data={'Task': 'LDT', 'TrialType': 'Target', 'Stimuli': 'air', 'StimulusType': 'word', 'CorrectResponse': 'l', 'Trialnumb': 34, 'thisN': 130, 'thisTrialN': 130, 'thisRepN': 0}>
248.7493 	EXP 	LDT_fix_text: autoDraw = False
248.7493 	EXP 	LDT_stim_text: autoDraw = False
248.7493 	EXP 	LDT_break_text: autoDraw = False
248.7493 	EXP 	LDT_stim_text: height = np.float64(0.1)
248.7493 	EXP 	LDT_stim_text: height = np.float64(0.1)
248.7493 	EXP 	LDT_stim_text: height = np.float64(0.1)
248.7493 	EXP 	LDT_stim_text: text = 'air'
248.7493 	EXP 	LDT_fix_text: autoDraw = True
248.7498 	DATA 	Keypress: l
248.8664 	EXP 	Device response: <KeyPress from None: t=248.738067899998, value=l, duration=0.12056730000040261>
249.2332 	EXP 	LDT_stim_text: autoDraw = True
249.2415 	EXP 	LDT_fix_text: autoDraw = False
249.7089 	EXP 	Device response: <KeyPress from None: t=249.706092299999, value=l, duration=None>
249.7092 	EXP 	New trial (rep=0, index=131): <Trial 131 (131 in rep 0) data={'Task': 'LDT', 'TrialType': 'Target', 'Stimuli': 'man', 'StimulusType': 'word', 'CorrectResponse': 'l', 'Trialnumb': 12, 'thisN': 131, 'thisTrialN': 131, 'thisRepN': 0}>
249.7170 	EXP 	LDT_fix_text: autoDraw = False
249.7170 	EXP 	LDT_stim_text: autoDraw = False
249.7170 	EXP 	LDT_break_text: autoDraw = False
249.7170 	EXP 	LDT_stim_text: height = np.float64(0.1)
249.7170 	EXP 	LDT_stim_text: height = np.float64(0.1)
249.7170 	EXP 	LDT_stim_text: height = np.float64(0.1)
249.7170 	EXP 	LDT_stim_text: text = 'man'
249.7170 	EXP 	LDT_fix_text: autoDraw = True
249.7176 	DATA 	Keypress: l
249.8509 	EXP 	Device response: <KeyPress from None: t=249.706092299999, value=l, duration=0.13656489999993937>
250.2008 	EXP 	LDT_stim_text: autoDraw = True
250.2092 	EXP 	LDT_fix_text: autoDraw = False
250.6433 	EXP 	Device response: <KeyPress from None: t=250.63501819999874, value=l, duration=None>
250.6435 	EXP 	New trial (rep=0, index=132): <Trial 132 (132 in rep 0) data={'Task': 'LDT', 'TrialType': 'Target', 'Stimuli': 'lals', 'StimulusType': 'nonword', 'CorrectResponse': 'a', 'Trialnumb': 167, 'thisN': 132, 'thisTrialN': 132, 'thisRepN': 0}>
250.6450 	DATA 	Keypress: l
250.6513 	EXP 	LDT_fix_text: autoDraw = False
250.6513 	EXP 	LDT_stim_text: autoDraw = False
250.6513 	EXP 	LDT_break_text: autoDraw = False
250.6513 	EXP 	LDT_stim_text: height = np.float64(0.1)
250.6513 	EXP 	LDT_stim_text: height = np.float64(0.1)
250.6513 	EXP 	LDT_stim_text: height = np.float64(0.1)
250.6513 	EXP 	LDT_stim_text: text = 'lals'
250.6513 	EXP 	LDT_fix_text: autoDraw = True
250.7516 	EXP 	Device response: <KeyPress from None: t=250.63501819999874, value=l, duration=0.11223009999957867>
251.1351 	EXP 	LDT_stim_text: autoDraw = True
251.1434 	EXP 	LDT_fix_text: autoDraw = False
251.6609 	EXP 	Device response: <KeyPress from None: t=251.65966800000024, value=a, duration=None>
251.6612 	EXP 	New trial (rep=0, index=133): <Trial 133 (133 in rep 0) data={'Task': 'LDT', 'TrialType': 'Target', 'Stimuli': 'tran', 'StimulusType': 'nonword', 'CorrectResponse': 'a', 'Trialnumb': 206, 'thisN': 133, 'thisTrialN': 133, 'thisRepN': 0}>
251.6690 	EXP 	LDT_fix_text: autoDraw = False
251.6690 	EXP 	LDT_stim_text: autoDraw = False
251.6690 	EXP 	LDT_break_text: autoDraw = False
251.6690 	EXP 	LDT_stim_text: height = np.float64(0.1)
251.6690 	EXP 	LDT_stim_text: height = np.float64(0.1)
251.6690 	EXP 	LDT_stim_text: height = np.float64(0.1)
251.6690 	EXP 	LDT_stim_text: text = 'tran'
251.6690 	EXP 	LDT_fix_text: autoDraw = True
251.6696 	DATA 	Keypress: a
251.7860 	EXP 	Device response: <KeyPress from None: t=251.65966800000024, value=a, duration=0.11893240000063088>
252.1527 	EXP 	LDT_stim_text: autoDraw = True
252.1611 	EXP 	LDT_fix_text: autoDraw = False
252.7203 	EXP 	Device response: <KeyPress from None: t=252.71396710000045, value=l, duration=None>
252.7206 	EXP 	New trial (rep=0, index=134): <Trial 134 (134 in rep 0) data={'Task': 'LDT', 'TrialType': 'Target', 'Stimuli': 'haro', 'StimulusType': 'nonword', 'CorrectResponse': 'a', 'Trialnumb': 150, 'thisN': 134, 'thisTrialN': 134, 'thisRepN': 0}>
252.7284 	EXP 	LDT_fix_text: autoDraw = False
252.7284 	EXP 	LDT_stim_text: autoDraw = False
252.7284 	EXP 	LDT_break_text: autoDraw = False
252.7284 	EXP 	LDT_stim_text: height = np.float64(0.1)
252.7284 	EXP 	LDT_stim_text: height = np.float64(0.1)
252.7284 	EXP 	LDT_stim_text: height = np.float64(0.1)
252.7284 	EXP 	LDT_stim_text: text = 'haro'
252.7284 	EXP 	LDT_fix_text: autoDraw = True
252.7290 	DATA 	Keypress: l
252.8370 	EXP 	Device response: <KeyPress from None: t=252.71396710000045, value=l, duration=0.12091149999832851>
253.2121 	EXP 	LDT_stim_text: autoDraw = True
253.2205 	EXP 	LDT_fix_text: autoDraw = False
254.2551 	EXP 	Device response: <KeyPress from None: t=254.2500962999984, value=a, duration=None>
254.2554 	EXP 	New trial (rep=0, index=135): <Trial 135 (135 in rep 0) data={'Task': 'LDT', 'TrialType': 'Target', 'Stimuli': 'mass', 'StimulusType': 'word', 'CorrectResponse': 'l', 'Trialnumb': 102, 'thisN': 135, 'thisTrialN': 135, 'thisRepN': 0}>
254.2632 	EXP 	LDT_fix_text: autoDraw = False
254.2632 	EXP 	LDT_stim_text: autoDraw = False
254.2632 	EXP 	LDT_break_text: autoDraw = False
254.2632 	EXP 	LDT_stim_text: height = np.float64(0.1)
254.2632 	EXP 	LDT_stim_text: height = np.float64(0.1)
254.2632 	EXP 	LDT_stim_text: height = np.float64(0.1)
254.2632 	EXP 	LDT_stim_text: text = 'mass'
254.2632 	EXP 	LDT_fix_text: autoDraw = True
254.2636 	DATA 	Keypress: a
254.3636 	EXP 	Device response: <KeyPress from None: t=254.2500962999984, value=a, duration=0.1129510000027949>
254.7470 	EXP 	LDT_stim_text: autoDraw = True
254.7554 	EXP 	LDT_fix_text: autoDraw = False
255.2311 	EXP 	Device response: <KeyPress from None: t=255.22627590000047, value=l, duration=None>
255.2314 	EXP 	New trial (rep=0, index=136): <Trial 136 (136 in rep 0) data={'Task': 'LDT', 'TrialType': 'Target', 'Stimuli': 'plue', 'StimulusType': 'nonword', 'CorrectResponse': 'a', 'Trialnumb': 181, 'thisN': 136, 'thisTrialN': 136, 'thisRepN': 0}>
255.2393 	EXP 	LDT_fix_text: autoDraw = False
255.2393 	EXP 	LDT_stim_text: autoDraw = False
255.2393 	EXP 	LDT_break_text: autoDraw = False
255.2393 	EXP 	LDT_stim_text: height = np.float64(0.1)
255.2393 	EXP 	LDT_stim_text: height = np.float64(0.1)
255.2393 	EXP 	LDT_stim_text: height = np.float64(0.1)
255.2393 	EXP 	LDT_stim_text: text = 'plue'
255.2393 	EXP 	LDT_fix_text: autoDraw = True
255.2399 	DATA 	Keypress: l
255.3312 	EXP 	Device response: <KeyPress from None: t=255.22627590000047, value=l, duration=0.10405750000063563>
255.7230 	EXP 	LDT_stim_text: autoDraw = True
255.7313 	EXP 	LDT_fix_text: autoDraw = False
256.4824 	EXP 	Device response: <KeyPress from None: t=256.47513600000093, value=a, duration=None>
256.4827 	EXP 	New trial (rep=0, index=137): <Trial 137 (137 in rep 0) data={'Task': 'LDT', 'TrialType': 'Target', 'Stimuli': 'war', 'StimulusType': 'word', 'CorrectResponse': 'l', 'Trialnumb': 55, 'thisN': 137, 'thisTrialN': 137, 'thisRepN': 0}>
256.4904 	EXP 	LDT_fix_text: autoDraw = False
256.4904 	EXP 	LDT_stim_text: autoDraw = False
256.4904 	EXP 	LDT_break_text: autoDraw = False
256.4904 	EXP 	LDT_stim_text: height = np.float64(0.1)
256.4904 	EXP 	LDT_stim_text: height = np.float64(0.1)
256.4904 	EXP 	LDT_stim_text: height = np.float64(0.1)
256.4904 	EXP 	LDT_stim_text: text = 'war'
256.4904 	EXP 	LDT_fix_text: autoDraw = True
256.4910 	DATA 	Keypress: a
256.6158 	EXP 	Device response: <KeyPress from None: t=256.47513600000093, value=a, duration=0.13469249999980093>
256.9742 	EXP 	LDT_stim_text: autoDraw = True
256.9826 	EXP 	LDT_fix_text: autoDraw = False
257.4667 	EXP 	Device response: <KeyPress from None: t=257.46618500000113, value=l, duration=None>
257.4669 	EXP 	New trial (rep=0, index=138): <Trial 138 (138 in rep 0) data={'Task': 'LDT', 'TrialType': 'Target', 'Stimuli': 'tight', 'StimulusType': 'word', 'CorrectResponse': 'l', 'Trialnumb': 74, 'thisN': 138, 'thisTrialN': 138, 'thisRepN': 0}>
257.4748 	EXP 	LDT_fix_text: autoDraw = False
257.4748 	EXP 	LDT_stim_text: autoDraw = False
257.4748 	EXP 	LDT_break_text: autoDraw = False
257.4748 	EXP 	LDT_stim_text: height = np.float64(0.1)
257.4748 	EXP 	LDT_stim_text: height = np.float64(0.1)
257.4748 	EXP 	LDT_stim_text: height = np.float64(0.1)
257.4748 	EXP 	LDT_stim_text: text = 'tight'
257.4748 	EXP 	LDT_fix_text: autoDraw = True
257.4753 	DATA 	Keypress: l
257.5751 	EXP 	Device response: <KeyPress from None: t=257.46618500000113, value=l, duration=0.1040352999989409>
257.9585 	EXP 	LDT_stim_text: autoDraw = True
257.9669 	EXP 	LDT_fix_text: autoDraw = False
258.6012 	EXP 	Device response: <KeyPress from None: t=258.5939838999984, value=l, duration=None>
258.6015 	EXP 	New trial (rep=0, index=139): <Trial 139 (139 in rep 0) data={'Task': 'LDT', 'TrialType': 'Target', 'Stimuli': 'beah', 'StimulusType': 'nonword', 'CorrectResponse': 'a', 'Trialnumb': 119, 'thisN': 139, 'thisTrialN': 139, 'thisRepN': 0}>
258.6092 	EXP 	LDT_fix_text: autoDraw = False
258.6092 	EXP 	LDT_stim_text: autoDraw = False
258.6092 	EXP 	LDT_break_text: autoDraw = False
258.6092 	EXP 	LDT_stim_text: height = np.float64(0.1)
258.6092 	EXP 	LDT_stim_text: height = np.float64(0.1)
258.6092 	EXP 	LDT_stim_text: height = np.float64(0.1)
258.6092 	EXP 	LDT_stim_text: text = 'beah'
258.6092 	EXP 	LDT_fix_text: autoDraw = True
258.6097 	DATA 	Keypress: l
258.7596 	EXP 	Device response: <KeyPress from None: t=258.5939838999984, value=l, duration=0.15998400000171387>
259.0930 	EXP 	LDT_stim_text: autoDraw = True
259.1014 	EXP 	LDT_fix_text: autoDraw = False
259.8608 	EXP 	Device response: <KeyPress from None: t=259.858305400001, value=a, duration=None>
259.8610 	EXP 	New trial (rep=0, index=140): <Trial 140 (140 in rep 0) data={'Task': 'LDT', 'TrialType': 'Target', 'Stimuli': 'daste', 'StimulusType': 'nonword', 'CorrectResponse': 'a', 'Trialnumb': 136, 'thisN': 140, 'thisTrialN': 140, 'thisRepN': 0}>
259.8689 	EXP 	LDT_fix_text: autoDraw = False
259.8689 	EXP 	LDT_stim_text: autoDraw = False
259.8689 	EXP 	LDT_break_text: autoDraw = False
259.8689 	EXP 	LDT_stim_text: height = np.float64(0.1)
259.8689 	EXP 	LDT_stim_text: height = np.float64(0.1)
259.8689 	EXP 	LDT_stim_text: height = np.float64(0.1)
259.8689 	EXP 	LDT_stim_text: text = 'daste'
259.8689 	EXP 	LDT_fix_text: autoDraw = True
259.8695 	DATA 	Keypress: a
259.9859 	EXP 	Device response: <KeyPress from None: t=259.858305400001, value=a, duration=0.12035950000063167>
260.3526 	EXP 	LDT_stim_text: autoDraw = True
260.3609 	EXP 	LDT_fix_text: autoDraw = False
261.0869 	EXP 	Device response: <KeyPress from None: t=261.0826038000014, value=a, duration=None>
261.0872 	EXP 	New trial (rep=0, index=141): <Trial 141 (141 in rep 0) data={'Task': 'LDT', 'TrialType': 'Target', 'Stimuli': 'area', 'StimulusType': 'word', 'CorrectResponse': 'l', 'Trialnumb': 49, 'thisN': 141, 'thisTrialN': 141, 'thisRepN': 0}>
261.0950 	EXP 	LDT_fix_text: autoDraw = False
261.0950 	EXP 	LDT_stim_text: autoDraw = False
261.0950 	EXP 	LDT_break_text: autoDraw = False
261.0950 	EXP 	LDT_stim_text: height = np.float64(0.1)
261.0950 	EXP 	LDT_stim_text: height = np.float64(0.1)
261.0950 	EXP 	LDT_stim_text: height = np.float64(0.1)
261.0950 	EXP 	LDT_stim_text: text = 'area'
261.0950 	EXP 	LDT_fix_text: autoDraw = True
261.0955 	DATA 	Keypress: a
261.2037 	EXP 	Device response: <KeyPress from None: t=261.0826038000014, value=a, duration=0.12009239999679266>
261.5788 	EXP 	LDT_stim_text: autoDraw = True
261.5872 	EXP 	LDT_fix_text: autoDraw = False
262.2049 	EXP 	Device response: <KeyPress from None: t=262.20268009999927, value=l, duration=None>
262.2052 	EXP 	New trial (rep=0, index=142): <Trial 142 (142 in rep 0) data={'Task': 'LDT', 'TrialType': 'Target', 'Stimuli': 'stort', 'StimulusType': 'nonword', 'CorrectResponse': 'a', 'Trialnumb': 201, 'thisN': 142, 'thisTrialN': 142, 'thisRepN': 0}>
262.2129 	EXP 	LDT_fix_text: autoDraw = False
262.2129 	EXP 	LDT_stim_text: autoDraw = False
262.2129 	EXP 	LDT_break_text: autoDraw = False
262.2129 	EXP 	LDT_stim_text: height = np.float64(0.1)
262.2129 	EXP 	LDT_stim_text: height = np.float64(0.1)
262.2129 	EXP 	LDT_stim_text: height = np.float64(0.1)
262.2129 	EXP 	LDT_stim_text: text = 'stort'
262.2129 	EXP 	LDT_fix_text: autoDraw = True
262.2135 	DATA 	Keypress: l
262.3382 	EXP 	Device response: <KeyPress from None: t=262.20268009999927, value=l, duration=0.12815880000198376>
262.6966 	EXP 	LDT_stim_text: autoDraw = True
262.7050 	EXP 	LDT_fix_text: autoDraw = False
263.4811 	EXP 	Device response: <KeyPress from None: t=263.47387270000036, value=a, duration=None>
263.4813 	EXP 	New trial (rep=0, index=143): <Trial 143 (143 in rep 0) data={'Task': 'LDT', 'TrialType': 'Target', 'Stimuli': 'raise', 'StimulusType': 'word', 'CorrectResponse': 'l', 'Trialnumb': 73, 'thisN': 143, 'thisTrialN': 143, 'thisRepN': 0}>
263.4890 	EXP 	LDT_fix_text: autoDraw = False
263.4890 	EXP 	LDT_stim_text: autoDraw = False
263.4890 	EXP 	LDT_break_text: autoDraw = False
263.4890 	EXP 	LDT_stim_text: height = np.float64(0.1)
263.4890 	EXP 	LDT_stim_text: height = np.float64(0.1)
263.4890 	EXP 	LDT_stim_text: height = np.float64(0.1)
263.4890 	EXP 	LDT_stim_text: text = 'raise'
263.4890 	EXP 	LDT_fix_text: autoDraw = True
263.4895 	DATA 	Keypress: a
263.6061 	EXP 	Device response: <KeyPress from None: t=263.47387270000036, value=a, duration=0.12852299999940442>
263.9729 	EXP 	LDT_stim_text: autoDraw = True
263.9812 	EXP 	LDT_fix_text: autoDraw = False
264.4820 	EXP 	Device response: <KeyPress from None: t=264.4752493999986, value=l, duration=None>
264.4822 	EXP 	New trial (rep=0, index=144): <Trial 144 (144 in rep 0) data={'Task': 'LDT', 'TrialType': 'Target', 'Stimuli': 'long', 'StimulusType': 'word', 'CorrectResponse': 'l', 'Trialnumb': 6, 'thisN': 144, 'thisTrialN': 144, 'thisRepN': 0}>
264.4900 	EXP 	LDT_fix_text: autoDraw = False
264.4900 	EXP 	LDT_stim_text: autoDraw = False
264.4900 	EXP 	LDT_break_text: autoDraw = False
264.4900 	EXP 	LDT_stim_text: height = np.float64(0.1)
264.4900 	EXP 	LDT_stim_text: height = np.float64(0.1)
264.4900 	EXP 	LDT_stim_text: height = np.float64(0.1)
264.4900 	EXP 	LDT_stim_text: text = 'long'
264.4900 	EXP 	LDT_fix_text: autoDraw = True
264.4906 	DATA 	Keypress: l
264.5989 	EXP 	Device response: <KeyPress from None: t=264.4752493999986, value=l, duration=0.11874660000103177>
264.9739 	EXP 	LDT_stim_text: autoDraw = True
264.9822 	EXP 	LDT_fix_text: autoDraw = False
265.4997 	EXP 	Device response: <KeyPress from None: t=265.49853299999813, value=l, duration=None>
265.4999 	EXP 	New trial (rep=0, index=145): <Trial 145 (145 in rep 0) data={'Task': 'LDT', 'TrialType': 'Target', 'Stimuli': 'juck', 'StimulusType': 'nonword', 'CorrectResponse': 'a', 'Trialnumb': 161, 'thisN': 145, 'thisTrialN': 145, 'thisRepN': 0}>
265.5078 	EXP 	LDT_fix_text: autoDraw = False
265.5078 	EXP 	LDT_stim_text: autoDraw = False
265.5078 	EXP 	LDT_break_text: autoDraw = False
265.5078 	EXP 	LDT_stim_text: height = np.float64(0.1)
265.5078 	EXP 	LDT_stim_text: height = np.float64(0.1)
265.5078 	EXP 	LDT_stim_text: height = np.float64(0.1)
265.5078 	EXP 	LDT_stim_text: text = 'juck'
265.5078 	EXP 	LDT_fix_text: autoDraw = True
265.5082 	DATA 	Keypress: l
265.6499 	EXP 	Device response: <KeyPress from None: t=265.49853299999813, value=l, duration=0.14393290000225534>
265.9916 	EXP 	LDT_stim_text: autoDraw = True
265.9999 	EXP 	LDT_fix_text: autoDraw = False
266.6592 	EXP 	Device response: <KeyPress from None: t=266.6580369000003, value=a, duration=None>
266.6595 	EXP 	New trial (rep=0, index=146): <Trial 146 (146 in rep 0) data={'Task': 'LDT', 'TrialType': 'Target', 'Stimuli': 'pess', 'StimulusType': 'nonword', 'CorrectResponse': 'a', 'Trialnumb': 180, 'thisN': 146, 'thisTrialN': 146, 'thisRepN': 0}>
266.6672 	EXP 	LDT_fix_text: autoDraw = False
266.6672 	EXP 	LDT_stim_text: autoDraw = False
266.6672 	EXP 	LDT_break_text: autoDraw = False
266.6672 	EXP 	LDT_stim_text: height = np.float64(0.1)
266.6672 	EXP 	LDT_stim_text: height = np.float64(0.1)
266.6672 	EXP 	LDT_stim_text: height = np.float64(0.1)
266.6672 	EXP 	LDT_stim_text: text = 'pess'
266.6672 	EXP 	LDT_fix_text: autoDraw = True
266.6678 	DATA 	Keypress: a
266.7759 	EXP 	Device response: <KeyPress from None: t=266.6580369000003, value=a, duration=0.1123446999990847>
267.1511 	EXP 	LDT_stim_text: autoDraw = True
267.1594 	EXP 	LDT_fix_text: autoDraw = False
267.6101 	EXP 	Device response: <KeyPress from None: t=267.6020209999988, value=l, duration=None>
267.6104 	EXP 	New trial (rep=0, index=147): <Trial 147 (147 in rep 0) data={'Task': 'LDT', 'TrialType': 'Target', 'Stimuli': 'few', 'StimulusType': 'word', 'CorrectResponse': 'l', 'Trialnumb': 18, 'thisN': 147, 'thisTrialN': 147, 'thisRepN': 0}>
267.6182 	EXP 	LDT_fix_text: autoDraw = False
267.6182 	EXP 	LDT_stim_text: autoDraw = False
267.6182 	EXP 	LDT_break_text: autoDraw = False
267.6182 	EXP 	LDT_stim_text: height = np.float64(0.1)
267.6182 	EXP 	LDT_stim_text: height = np.float64(0.1)
267.6182 	EXP 	LDT_stim_text: height = np.float64(0.1)
267.6182 	EXP 	LDT_stim_text: text = 'few'
267.6182 	EXP 	LDT_fix_text: autoDraw = True
267.6188 	DATA 	Keypress: l
267.7018 	EXP 	Device response: <KeyPress from None: t=267.6020209999988, value=l, duration=0.09578040000269539>
268.1020 	EXP 	LDT_stim_text: autoDraw = True
268.1103 	EXP 	LDT_fix_text: autoDraw = False
268.8448 	EXP 	Device response: <KeyPress from None: t=268.8421917000014, value=l, duration=None>
268.8450 	EXP 	New trial (rep=0, index=148): <Trial 148 (148 in rep 0) data={'Task': 'LDT', 'TrialType': 'Target', 'Stimuli': 'gips', 'StimulusType': 'nonword', 'CorrectResponse': 'a', 'Trialnumb': 147, 'thisN': 148, 'thisTrialN': 148, 'thisRepN': 0}>
268.8528 	EXP 	LDT_fix_text: autoDraw = False
268.8528 	EXP 	LDT_stim_text: autoDraw = False
268.8528 	EXP 	LDT_break_text: autoDraw = False
268.8528 	EXP 	LDT_stim_text: height = np.float64(0.1)
268.8528 	EXP 	LDT_stim_text: height = np.float64(0.1)
268.8528 	EXP 	LDT_stim_text: height = np.float64(0.1)
268.8528 	EXP 	LDT_stim_text: text = 'gips'
268.8528 	EXP 	LDT_fix_text: autoDraw = True
268.8532 	DATA 	Keypress: l
268.9614 	EXP 	Device response: <KeyPress from None: t=268.8421917000014, value=l, duration=0.11159889999908046>
269.3365 	EXP 	LDT_stim_text: autoDraw = True
269.3449 	EXP 	LDT_fix_text: autoDraw = False
270.2212 	EXP 	Device response: <KeyPress from None: t=270.2181539999983, value=l, duration=None>
270.2215 	EXP 	New trial (rep=0, index=149): <Trial 149 (149 in rep 0) data={'Task': 'LDT', 'TrialType': 'Target', 'Stimuli': 'name', 'StimulusType': 'word', 'CorrectResponse': 'l', 'Trialnumb': 32, 'thisN': 149, 'thisTrialN': 149, 'thisRepN': 0}>
270.2291 	EXP 	LDT_fix_text: autoDraw = False
270.2291 	EXP 	LDT_stim_text: autoDraw = False
270.2291 	EXP 	LDT_break_text: autoDraw = False
270.2291 	EXP 	LDT_stim_text: height = np.float64(0.1)
270.2291 	EXP 	LDT_stim_text: height = np.float64(0.1)
270.2291 	EXP 	LDT_stim_text: height = np.float64(0.1)
270.2291 	EXP 	LDT_stim_text: text = 'name'
270.2291 	EXP 	LDT_fix_text: autoDraw = True
270.2296 	DATA 	Keypress: l
270.3378 	EXP 	Device response: <KeyPress from None: t=270.2181539999983, value=l, duration=0.11245640000197454>
270.7130 	EXP 	LDT_stim_text: autoDraw = True
270.7213 	EXP 	LDT_fix_text: autoDraw = False
271.1971 	EXP 	Device response: <KeyPress from None: t=271.1954837999983, value=l, duration=None>
271.1973 	EXP 	New trial (rep=0, index=150): <Trial 150 (150 in rep 0) data={'Task': 'LDT', 'TrialType': 'Target', 'Stimuli': 'host', 'StimulusType': 'word', 'CorrectResponse': 'l', 'Trialnumb': 106, 'thisN': 150, 'thisTrialN': 150, 'thisRepN': 0}>
271.2051 	EXP 	LDT_fix_text: autoDraw = False
271.2051 	EXP 	LDT_stim_text: autoDraw = False
271.2051 	EXP 	LDT_break_text: autoDraw = False
271.2051 	EXP 	LDT_stim_text: height = np.float64(0.1)
271.2051 	EXP 	LDT_stim_text: height = np.float64(0.1)
271.2051 	EXP 	LDT_stim_text: height = np.float64(0.1)
271.2051 	EXP 	LDT_stim_text: text = 'host'
271.2051 	EXP 	LDT_fix_text: autoDraw = True
271.2056 	DATA 	Keypress: l
271.3388 	EXP 	Device response: <KeyPress from None: t=271.1954837999983, value=l, duration=0.1349859000001743>
271.6889 	EXP 	LDT_stim_text: autoDraw = True
271.6973 	EXP 	LDT_fix_text: autoDraw = False
272.1397 	EXP 	Device response: <KeyPress from None: t=272.1393104999988, value=l, duration=None>
272.1399 	EXP 	New trial (rep=0, index=151): <Trial 151 (151 in rep 0) data={'Task': 'LDT', 'TrialType': 'Target', 'Stimuli': 'werd', 'StimulusType': 'nonword', 'CorrectResponse': 'a', 'Trialnumb': 216, 'thisN': 151, 'thisTrialN': 151, 'thisRepN': 0}>
272.1478 	EXP 	LDT_fix_text: autoDraw = False
272.1478 	EXP 	LDT_stim_text: autoDraw = False
272.1478 	EXP 	LDT_break_text: autoDraw = False
272.1478 	EXP 	LDT_stim_text: height = np.float64(0.1)
272.1478 	EXP 	LDT_stim_text: height = np.float64(0.1)
272.1478 	EXP 	LDT_stim_text: height = np.float64(0.1)
272.1478 	EXP 	LDT_stim_text: text = 'werd'
272.1478 	EXP 	LDT_fix_text: autoDraw = True
272.1484 	DATA 	Keypress: l
272.3065 	EXP 	Device response: <KeyPress from None: t=272.1393104999988, value=l, duration=0.16666260000056354>
272.6315 	EXP 	LDT_stim_text: autoDraw = True
272.6399 	EXP 	LDT_fix_text: autoDraw = False
273.7579 	EXP 	Device response: <KeyPress from None: t=273.7547052000009, value=l, duration=None>
273.7582 	EXP 	New trial (rep=0, index=152): <Trial 152 (152 in rep 0) data={'Task': 'LDT', 'TrialType': 'Target', 'Stimuli': 'judge', 'StimulusType': 'word', 'CorrectResponse': 'l', 'Trialnumb': 67, 'thisN': 152, 'thisTrialN': 152, 'thisRepN': 0}>
273.7661 	EXP 	LDT_fix_text: autoDraw = False
273.7661 	EXP 	LDT_stim_text: autoDraw = False
273.7661 	EXP 	LDT_break_text: autoDraw = False
273.7661 	EXP 	LDT_stim_text: height = np.float64(0.1)
273.7661 	EXP 	LDT_stim_text: height = np.float64(0.1)
273.7661 	EXP 	LDT_stim_text: height = np.float64(0.1)
273.7661 	EXP 	LDT_stim_text: text = 'judge'
273.7661 	EXP 	LDT_fix_text: autoDraw = True
273.7667 	DATA 	Keypress: l
273.8997 	EXP 	Device response: <KeyPress from None: t=273.7547052000009, value=l, duration=0.1439329999993788>
274.2498 	EXP 	LDT_stim_text: autoDraw = True
274.2581 	EXP 	LDT_fix_text: autoDraw = False
275.0594 	EXP 	Device response: <KeyPress from None: t=275.05888349999805, value=l, duration=None>
275.0596 	EXP 	New trial (rep=0, index=153): <Trial 153 (153 in rep 0) data={'Task': 'LDT', 'TrialType': 'Target', 'Stimuli': 'junk', 'StimulusType': 'word', 'CorrectResponse': 'l', 'Trialnumb': 105, 'thisN': 153, 'thisTrialN': 153, 'thisRepN': 0}>
275.0673 	EXP 	LDT_fix_text: autoDraw = False
275.0673 	EXP 	LDT_stim_text: autoDraw = False
275.0673 	EXP 	LDT_break_text: autoDraw = False
275.0673 	EXP 	LDT_stim_text: height = np.float64(0.1)
275.0673 	EXP 	LDT_stim_text: height = np.float64(0.1)
275.0673 	EXP 	LDT_stim_text: height = np.float64(0.1)
275.0673 	EXP 	LDT_stim_text: text = 'junk'
275.0673 	EXP 	LDT_fix_text: autoDraw = True
275.0677 	DATA 	Keypress: l
275.1927 	EXP 	Device response: <KeyPress from None: t=275.05888349999805, value=l, duration=0.1271667000000889>
275.5511 	EXP 	LDT_stim_text: autoDraw = True
275.5594 	EXP 	LDT_fix_text: autoDraw = False
276.2772 	EXP 	Device response: <KeyPress from None: t=276.2745805000013, value=a, duration=None>
276.2775 	EXP 	New trial (rep=0, index=154): <Trial 154 (154 in rep 0) data={'Task': 'LDT', 'TrialType': 'Target', 'Stimuli': 'burz', 'StimulusType': 'nonword', 'CorrectResponse': 'a', 'Trialnumb': 112, 'thisN': 154, 'thisTrialN': 154, 'thisRepN': 0}>
276.2851 	EXP 	LDT_fix_text: autoDraw = False
276.2851 	EXP 	LDT_stim_text: autoDraw = False
276.2851 	EXP 	LDT_break_text: autoDraw = False
276.2851 	EXP 	LDT_stim_text: height = np.float64(0.1)
276.2851 	EXP 	LDT_stim_text: height = np.float64(0.1)
276.2851 	EXP 	LDT_stim_text: height = np.float64(0.1)
276.2851 	EXP 	LDT_stim_text: text = 'burz'
276.2851 	EXP 	LDT_fix_text: autoDraw = True
276.2856 	DATA 	Keypress: a
276.4189 	EXP 	Device response: <KeyPress from None: t=276.2745805000013, value=a, duration=0.13594149999698857>
276.7690 	EXP 	LDT_stim_text: autoDraw = True
276.7773 	EXP 	LDT_fix_text: autoDraw = False
277.4950 	EXP 	Device response: <KeyPress from None: t=277.48983249999947, value=a, duration=None>
277.4953 	EXP 	New trial (rep=0, index=155): <Trial 155 (155 in rep 0) data={'Task': 'LDT', 'TrialType': 'Target', 'Stimuli': 'data', 'StimulusType': 'word', 'CorrectResponse': 'l', 'Trialnumb': 41, 'thisN': 155, 'thisTrialN': 155, 'thisRepN': 0}>
277.5030 	EXP 	LDT_fix_text: autoDraw = False
277.5030 	EXP 	LDT_stim_text: autoDraw = False
277.5030 	EXP 	LDT_break_text: autoDraw = False
277.5030 	EXP 	LDT_stim_text: height = np.float64(0.1)
277.5030 	EXP 	LDT_stim_text: height = np.float64(0.1)
277.5030 	EXP 	LDT_stim_text: height = np.float64(0.1)
277.5030 	EXP 	LDT_stim_text: text = 'data'
277.5030 	EXP 	LDT_fix_text: autoDraw = True
277.5035 	DATA 	Keypress: a
277.6285 	EXP 	Device response: <KeyPress from None: t=277.48983249999947, value=a, duration=0.13618440000209375>
277.9868 	EXP 	LDT_stim_text: autoDraw = True
277.9952 	EXP 	LDT_fix_text: autoDraw = False
278.5627 	EXP 	Device response: <KeyPress from None: t=278.5622188000016, value=l, duration=None>
278.5629 	EXP 	New trial (rep=0, index=156): <Trial 156 (156 in rep 0) data={'Task': 'LDT', 'TrialType': 'Target', 'Stimuli': 'shoa', 'StimulusType': 'nonword', 'CorrectResponse': 'a', 'Trialnumb': 191, 'thisN': 156, 'thisTrialN': 156, 'thisRepN': 0}>
278.5707 	EXP 	LDT_fix_text: autoDraw = False
278.5707 	EXP 	LDT_stim_text: autoDraw = False
278.5707 	EXP 	LDT_break_text: autoDraw = False
278.5707 	EXP 	LDT_stim_text: height = np.float64(0.1)
278.5707 	EXP 	LDT_stim_text: height = np.float64(0.1)
278.5707 	EXP 	LDT_stim_text: height = np.float64(0.1)
278.5707 	EXP 	LDT_stim_text: text = 'shoa'
278.5707 	EXP 	LDT_fix_text: autoDraw = True
278.5713 	DATA 	Keypress: l
278.6545 	EXP 	Device response: <KeyPress from None: t=278.5622188000016, value=l, duration=0.08780759999717702>
279.0546 	EXP 	LDT_stim_text: autoDraw = True
279.0629 	EXP 	LDT_fix_text: autoDraw = False
279.7722 	EXP 	Device response: <KeyPress from None: t=279.7701072999989, value=a, duration=None>
279.7725 	EXP 	New trial (rep=0, index=157): <Trial 157 (157 in rep 0) data={'Task': 'LDT', 'TrialType': 'Target', 'Stimuli': 'grew', 'StimulusType': 'word', 'CorrectResponse': 'l', 'Trialnumb': 89, 'thisN': 157, 'thisTrialN': 157, 'thisRepN': 0}>
279.7804 	EXP 	LDT_fix_text: autoDraw = False
279.7804 	EXP 	LDT_stim_text: autoDraw = False
279.7804 	EXP 	LDT_break_text: autoDraw = False
279.7804 	EXP 	LDT_stim_text: height = np.float64(0.1)
279.7804 	EXP 	LDT_stim_text: height = np.float64(0.1)
279.7804 	EXP 	LDT_stim_text: height = np.float64(0.1)
279.7804 	EXP 	LDT_stim_text: text = 'grew'
279.7804 	EXP 	LDT_fix_text: autoDraw = True
279.7808 	DATA 	Keypress: a
279.9140 	EXP 	Device response: <KeyPress from None: t=279.7701072999989, value=a, duration=0.13577690000238363>
280.2641 	EXP 	LDT_stim_text: autoDraw = True
280.2725 	EXP 	LDT_fix_text: autoDraw = False
280.8903 	EXP 	Device response: <KeyPress from None: t=280.88997089999975, value=l, duration=None>
280.8986 	EXP 	New trial (rep=0, index=158): <Trial 158 (158 in rep 0) data={'Task': 'LDT', 'TrialType': 'Target', 'Stimuli': 'snan', 'StimulusType': 'nonword', 'CorrectResponse': 'a', 'Trialnumb': 196, 'thisN': 158, 'thisTrialN': 158, 'thisRepN': 0}>
280.8999 	DATA 	Keypress: l
280.9065 	EXP 	LDT_fix_text: autoDraw = False
280.9065 	EXP 	LDT_stim_text: autoDraw = False
280.9065 	EXP 	LDT_break_text: autoDraw = False
280.9065 	EXP 	LDT_stim_text: height = np.float64(0.1)
280.9065 	EXP 	LDT_stim_text: height = np.float64(0.1)
280.9065 	EXP 	LDT_stim_text: height = np.float64(0.1)
280.9065 	EXP 	LDT_stim_text: text = 'snan'
280.9065 	EXP 	LDT_fix_text: autoDraw = True
281.0402 	EXP 	Device response: <KeyPress from None: t=280.88997089999975, value=l, duration=0.1440309999998135>
281.3902 	EXP 	LDT_stim_text: autoDraw = True
281.3986 	EXP 	LDT_fix_text: autoDraw = False
282.1579 	EXP 	Device response: <KeyPress from None: t=282.1544623000009, value=a, duration=None>
282.1582 	EXP 	New trial (rep=0, index=159): <Trial 159 (159 in rep 0) data={'Task': 'LDT', 'TrialType': 'Target', 'Stimuli': 'zeer', 'StimulusType': 'nonword', 'CorrectResponse': 'a', 'Trialnumb': 222, 'thisN': 159, 'thisTrialN': 159, 'thisRepN': 0}>
282.1660 	EXP 	LDT_fix_text: autoDraw = False
282.1660 	EXP 	LDT_stim_text: autoDraw = False
282.1660 	EXP 	LDT_break_text: autoDraw = False
282.1660 	EXP 	LDT_stim_text: height = np.float64(0.1)
282.1660 	EXP 	LDT_stim_text: height = np.float64(0.1)
282.1660 	EXP 	LDT_stim_text: height = np.float64(0.1)
282.1660 	EXP 	LDT_stim_text: text = 'zeer'
282.1660 	EXP 	LDT_fix_text: autoDraw = True
282.1666 	DATA 	Keypress: a
282.2999 	EXP 	Device response: <KeyPress from None: t=282.1544623000009, value=a, duration=0.14415480000025127>
282.6498 	EXP 	LDT_stim_text: autoDraw = True
282.6582 	EXP 	LDT_fix_text: autoDraw = False
283.2340 	EXP 	Device response: <KeyPress from None: t=283.2258030999983, value=a, duration=None>
283.2342 	EXP 	New trial (rep=0, index=160): <Trial 160 (160 in rep 0) data={'Task': 'LDT', 'TrialType': 'Target', 'Stimuli': 'wake', 'StimulusType': 'word', 'CorrectResponse': 'l', 'Trialnumb': 63, 'thisN': 160, 'thisTrialN': 160, 'thisRepN': 0}>
283.2421 	EXP 	LDT_fix_text: autoDraw = False
283.2421 	EXP 	LDT_stim_text: autoDraw = False
283.2421 	EXP 	LDT_break_text: autoDraw = False
283.2421 	EXP 	LDT_stim_text: height = np.float64(0.1)
283.2421 	EXP 	LDT_stim_text: height = np.float64(0.1)
283.2421 	EXP 	LDT_stim_text: height = np.float64(0.1)
283.2421 	EXP 	LDT_stim_text: text = 'wake'
283.2421 	EXP 	LDT_fix_text: autoDraw = True
283.2426 	DATA 	Keypress: a
283.3509 	EXP 	Device response: <KeyPress from None: t=283.2258030999983, value=a, duration=0.12019960000179708>
283.7259 	EXP 	LDT_stim_text: autoDraw = True
283.7342 	EXP 	LDT_fix_text: autoDraw = False
284.3352 	EXP 	Device response: <KeyPress from None: t=284.3304605000012, value=l, duration=None>
284.3354 	EXP 	New trial (rep=0, index=161): <Trial 161 (161 in rep 0) data={'Task': 'LDT', 'TrialType': 'Target', 'Stimuli': 'heat', 'StimulusType': 'word', 'CorrectResponse': 'l', 'Trialnumb': 79, 'thisN': 161, 'thisTrialN': 161, 'thisRepN': 0}>
284.3432 	EXP 	LDT_fix_text: autoDraw = False
284.3432 	EXP 	LDT_stim_text: autoDraw = False
284.3432 	EXP 	LDT_break_text: autoDraw = False
284.3432 	EXP 	LDT_stim_text: height = np.float64(0.1)
284.3432 	EXP 	LDT_stim_text: height = np.float64(0.1)
284.3432 	EXP 	LDT_stim_text: height = np.float64(0.1)
284.3432 	EXP 	LDT_stim_text: text = 'heat'
284.3432 	EXP 	LDT_fix_text: autoDraw = True
284.3436 	DATA 	Keypress: l
284.4186 	EXP 	Device response: <KeyPress from None: t=284.3304605000012, value=l, duration=0.08773819999987609>
284.8271 	EXP 	LDT_stim_text: autoDraw = True
284.8354 	EXP 	LDT_fix_text: autoDraw = False
285.3862 	EXP 	Device response: <KeyPress from None: t=285.3788805000004, value=l, duration=None>
285.3864 	EXP 	New trial (rep=0, index=162): <Trial 162 (162 in rep 0) data={'Task': 'LDT', 'TrialType': 'Target', 'Stimuli': 'cona', 'StimulusType': 'nonword', 'CorrectResponse': 'a', 'Trialnumb': 132, 'thisN': 162, 'thisTrialN': 162, 'thisRepN': 0}>
285.3942 	EXP 	LDT_fix_text: autoDraw = False
285.3942 	EXP 	LDT_stim_text: autoDraw = False
285.3942 	EXP 	LDT_break_text: autoDraw = False
285.3942 	EXP 	LDT_stim_text: height = np.float64(0.1)
285.3942 	EXP 	LDT_stim_text: height = np.float64(0.1)
285.3942 	EXP 	LDT_stim_text: height = np.float64(0.1)
285.3942 	EXP 	LDT_stim_text: text = 'cona'
285.3942 	EXP 	LDT_fix_text: autoDraw = True
285.3948 	DATA 	Keypress: l
285.5197 	EXP 	Device response: <KeyPress from None: t=285.3788805000004, value=l, duration=0.13562919999822043>
285.8780 	EXP 	LDT_stim_text: autoDraw = True
285.8864 	EXP 	LDT_fix_text: autoDraw = False
286.5791 	EXP 	Device response: <KeyPress from None: t=286.5786862999994, value=a, duration=None>
286.5794 	EXP 	New trial (rep=0, index=163): <Trial 163 (163 in rep 0) data={'Task': 'LDT', 'TrialType': 'Target', 'Stimuli': 'look', 'StimulusType': 'word', 'CorrectResponse': 'l', 'Trialnumb': 2, 'thisN': 163, 'thisTrialN': 163, 'thisRepN': 0}>
286.5872 	EXP 	LDT_fix_text: autoDraw = False
286.5872 	EXP 	LDT_stim_text: autoDraw = False
286.5872 	EXP 	LDT_break_text: autoDraw = False
286.5872 	EXP 	LDT_stim_text: height = np.float64(0.1)
286.5872 	EXP 	LDT_stim_text: height = np.float64(0.1)
286.5872 	EXP 	LDT_stim_text: height = np.float64(0.1)
286.5872 	EXP 	LDT_stim_text: text = 'look'
286.5872 	EXP 	LDT_fix_text: autoDraw = True
286.5877 	DATA 	Keypress: a
286.7208 	EXP 	Device response: <KeyPress from None: t=286.5786862999994, value=a, duration=0.13594910000028904>
287.0709 	EXP 	LDT_stim_text: autoDraw = True
287.0792 	EXP 	LDT_fix_text: autoDraw = False
287.5551 	EXP 	Device response: <KeyPress from None: t=287.55467339999814, value=l, duration=None>
287.5553 	EXP 	New trial (rep=0, index=164): <Trial 164 (164 in rep 0) data={'Task': 'LDT', 'TrialType': 'Target', 'Stimuli': 'kild', 'StimulusType': 'nonword', 'CorrectResponse': 'a', 'Trialnumb': 165, 'thisN': 164, 'thisTrialN': 164, 'thisRepN': 0}>
287.5630 	EXP 	LDT_fix_text: autoDraw = False
287.5630 	EXP 	LDT_stim_text: autoDraw = False
287.5630 	EXP 	LDT_break_text: autoDraw = False
287.5630 	EXP 	LDT_stim_text: height = np.float64(0.1)
287.5630 	EXP 	LDT_stim_text: height = np.float64(0.1)
287.5630 	EXP 	LDT_stim_text: height = np.float64(0.1)
287.5630 	EXP 	LDT_stim_text: text = 'kild'
287.5630 	EXP 	LDT_fix_text: autoDraw = True
287.5635 	DATA 	Keypress: l
287.6467 	EXP 	Device response: <KeyPress from None: t=287.55467339999814, value=l, duration=0.08839630000147736>
288.0469 	EXP 	LDT_stim_text: autoDraw = True
288.0552 	EXP 	LDT_fix_text: autoDraw = False
288.7229 	EXP 	Device response: <KeyPress from None: t=288.7225021000013, value=l, duration=None>
288.7231 	EXP 	New trial (rep=0, index=165): <Trial 165 (165 in rep 0) data={'Task': 'LDT', 'TrialType': 'Target', 'Stimuli': 'trin', 'StimulusType': 'nonword', 'CorrectResponse': 'a', 'Trialnumb': 207, 'thisN': 165, 'thisTrialN': 165, 'thisRepN': 0}>
288.7309 	EXP 	LDT_fix_text: autoDraw = False
288.7309 	EXP 	LDT_stim_text: autoDraw = False
288.7309 	EXP 	LDT_break_text: autoDraw = False
288.7309 	EXP 	LDT_stim_text: height = np.float64(0.1)
288.7309 	EXP 	LDT_stim_text: height = np.float64(0.1)
288.7309 	EXP 	LDT_stim_text: height = np.float64(0.1)
288.7309 	EXP 	LDT_stim_text: text = 'trin'
288.7309 	EXP 	LDT_fix_text: autoDraw = True
288.7314 	DATA 	Keypress: l
288.8146 	EXP 	Device response: <KeyPress from None: t=288.7225021000013, value=l, duration=0.08793909999803873>
289.2147 	EXP 	LDT_stim_text: autoDraw = True
289.2231 	EXP 	LDT_fix_text: autoDraw = False
289.8657 	EXP 	Device response: <KeyPress from None: t=289.85803640000086, value=a, duration=None>
289.8659 	EXP 	New trial (rep=0, index=166): <Trial 166 (166 in rep 0) data={'Task': 'LDT', 'TrialType': 'Target', 'Stimuli': 'serve', 'StimulusType': 'word', 'CorrectResponse': 'l', 'Trialnumb': 80, 'thisN': 166, 'thisTrialN': 166, 'thisRepN': 0}>
289.8737 	EXP 	LDT_fix_text: autoDraw = False
289.8737 	EXP 	LDT_stim_text: autoDraw = False
289.8737 	EXP 	LDT_break_text: autoDraw = False
289.8737 	EXP 	LDT_stim_text: height = np.float64(0.1)
289.8737 	EXP 	LDT_stim_text: height = np.float64(0.1)
289.8737 	EXP 	LDT_stim_text: height = np.float64(0.1)
289.8737 	EXP 	LDT_stim_text: text = 'serve'
289.8737 	EXP 	LDT_fix_text: autoDraw = True
289.8742 	DATA 	Keypress: a
290.0158 	EXP 	Device response: <KeyPress from None: t=289.85803640000086, value=a, duration=0.15265939999881084>
290.3576 	EXP 	LDT_stim_text: autoDraw = True
290.3658 	EXP 	LDT_fix_text: autoDraw = False
291.4088 	EXP 	Device response: <KeyPress from None: t=291.4022681999995, value=l, duration=None>
291.4091 	EXP 	New trial (rep=0, index=167): <Trial 167 (167 in rep 0) data={'Task': 'LDT', 'TrialType': 'Target', 'Stimuli': 'cire', 'StimulusType': 'nonword', 'CorrectResponse': 'a', 'Trialnumb': 129, 'thisN': 167, 'thisTrialN': 167, 'thisRepN': 0}>
291.4169 	EXP 	LDT_fix_text: autoDraw = False
291.4169 	EXP 	LDT_stim_text: autoDraw = False
291.4169 	EXP 	LDT_break_text: autoDraw = False
291.4169 	EXP 	LDT_stim_text: height = np.float64(0.1)
291.4169 	EXP 	LDT_stim_text: height = np.float64(0.1)
291.4169 	EXP 	LDT_stim_text: height = np.float64(0.1)
291.4169 	EXP 	LDT_stim_text: text = 'cire'
291.4169 	EXP 	LDT_fix_text: autoDraw = True
291.4174 	DATA 	Keypress: l
291.5006 	EXP 	Device response: <KeyPress from None: t=291.4022681999995, value=l, duration=0.09578830000100425>
291.9007 	EXP 	LDT_stim_text: autoDraw = True
291.9090 	EXP 	LDT_fix_text: autoDraw = False
292.6351 	EXP 	Device response: <KeyPress from None: t=292.63397410000107, value=a, duration=None>
292.6353 	EXP 	New trial (rep=0, index=168): <Trial 168 (168 in rep 0) data={'Task': 'LDT', 'TrialType': 'Target', 'Stimuli': 'pook', 'StimulusType': 'nonword', 'CorrectResponse': 'a', 'Trialnumb': 182, 'thisN': 168, 'thisTrialN': 168, 'thisRepN': 0}>
292.6432 	EXP 	LDT_fix_text: autoDraw = False
292.6432 	EXP 	LDT_stim_text: autoDraw = False
292.6432 	EXP 	LDT_break_text: autoDraw = False
292.6432 	EXP 	LDT_stim_text: height = np.float64(0.1)
292.6432 	EXP 	LDT_stim_text: height = np.float64(0.1)
292.6432 	EXP 	LDT_stim_text: height = np.float64(0.1)
292.6432 	EXP 	LDT_stim_text: text = 'pook'
292.6432 	EXP 	LDT_fix_text: autoDraw = True
292.6438 	DATA 	Keypress: a
292.7686 	EXP 	Device response: <KeyPress from None: t=292.63397410000107, value=a, duration=0.12807759999850532>
293.1269 	EXP 	LDT_stim_text: autoDraw = True
293.1353 	EXP 	LDT_fix_text: autoDraw = False
293.8282 	EXP 	Device response: <KeyPress from None: t=293.8258410999988, value=a, duration=None>
293.8285 	EXP 	New trial (rep=0, index=169): <Trial 169 (169 in rep 0) data={'Task': 'LDT', 'TrialType': 'Target', 'Stimuli': 'gray', 'StimulusType': 'word', 'CorrectResponse': 'l', 'Trialnumb': 98, 'thisN': 169, 'thisTrialN': 169, 'thisRepN': 0}>
293.8360 	EXP 	LDT_fix_text: autoDraw = False
293.8360 	EXP 	LDT_stim_text: autoDraw = False
293.8360 	EXP 	LDT_break_text: autoDraw = False
293.8360 	EXP 	LDT_stim_text: height = np.float64(0.1)
293.8360 	EXP 	LDT_stim_text: height = np.float64(0.1)
293.8360 	EXP 	LDT_stim_text: height = np.float64(0.1)
293.8360 	EXP 	LDT_stim_text: text = 'gray'
293.8360 	EXP 	LDT_fix_text: autoDraw = True
293.8365 	DATA 	Keypress: a
293.9780 	EXP 	Device response: <KeyPress from None: t=293.8258410999988, value=a, duration=0.1443226000010327>
294.3198 	EXP 	LDT_stim_text: autoDraw = True
294.3282 	EXP 	LDT_fix_text: autoDraw = False
295.0542 	EXP 	Device response: <KeyPress from None: t=295.0497899000002, value=l, duration=None>
295.0544 	EXP 	New trial (rep=0, index=170): <Trial 170 (170 in rep 0) data={'Task': 'LDT', 'TrialType': 'Target', 'Stimuli': 'neep', 'StimulusType': 'nonword', 'CorrectResponse': 'a', 'Trialnumb': 176, 'thisN': 170, 'thisTrialN': 170, 'thisRepN': 0}>
295.0622 	EXP 	LDT_fix_text: autoDraw = False
295.0622 	EXP 	LDT_stim_text: autoDraw = False
295.0622 	EXP 	LDT_break_text: autoDraw = False
295.0622 	EXP 	LDT_stim_text: height = np.float64(0.1)
295.0622 	EXP 	LDT_stim_text: height = np.float64(0.1)
295.0622 	EXP 	LDT_stim_text: height = np.float64(0.1)
295.0622 	EXP 	LDT_stim_text: text = 'neep'
295.0622 	EXP 	LDT_fix_text: autoDraw = True
295.0627 	DATA 	Keypress: l
295.1627 	EXP 	Device response: <KeyPress from None: t=295.0497899000002, value=l, duration=0.1044393999982276>
295.5460 	EXP 	LDT_stim_text: autoDraw = True
295.5544 	EXP 	LDT_fix_text: autoDraw = False
296.1720 	EXP 	Device response: <KeyPress from None: t=296.1699066000001, value=l, duration=None>
296.1722 	EXP 	New trial (rep=0, index=171): <Trial 171 (171 in rep 0) data={'Task': 'LDT', 'TrialType': 'Target', 'Stimuli': 'media', 'StimulusType': 'word', 'CorrectResponse': 'l', 'Trialnumb': 46, 'thisN': 171, 'thisTrialN': 171, 'thisRepN': 0}>
296.1800 	EXP 	LDT_fix_text: autoDraw = False
296.1800 	EXP 	LDT_stim_text: autoDraw = False
296.1800 	EXP 	LDT_break_text: autoDraw = False
296.1800 	EXP 	LDT_stim_text: height = np.float64(0.1)
296.1800 	EXP 	LDT_stim_text: height = np.float64(0.1)
296.1800 	EXP 	LDT_stim_text: height = np.float64(0.1)
296.1800 	EXP 	LDT_stim_text: text = 'media'
296.1800 	EXP 	LDT_fix_text: autoDraw = True
296.1806 	DATA 	Keypress: l
296.3137 	EXP 	Device response: <KeyPress from None: t=296.1699066000001, value=l, duration=0.1365683000003628>
296.6638 	EXP 	LDT_stim_text: autoDraw = True
296.6721 	EXP 	LDT_fix_text: autoDraw = False
297.3147 	EXP 	Device response: <KeyPress from None: t=297.3072385000014, value=l, duration=None>
297.3149 	EXP 	New trial (rep=0, index=172): <Trial 172 (172 in rep 0) data={'Task': 'LDT', 'TrialType': 'Target', 'Stimuli': 'week', 'StimulusType': 'word', 'CorrectResponse': 'l', 'Trialnumb': 28, 'thisN': 172, 'thisTrialN': 172, 'thisRepN': 0}>
297.3229 	EXP 	LDT_fix_text: autoDraw = False
297.3229 	EXP 	LDT_stim_text: autoDraw = False
297.3229 	EXP 	LDT_break_text: autoDraw = False
297.3229 	EXP 	LDT_stim_text: height = np.float64(0.1)
297.3229 	EXP 	LDT_stim_text: height = np.float64(0.1)
297.3229 	EXP 	LDT_stim_text: height = np.float64(0.1)
297.3229 	EXP 	LDT_stim_text: text = 'week'
297.3229 	EXP 	LDT_fix_text: autoDraw = True
297.3234 	DATA 	Keypress: l
297.4565 	EXP 	Device response: <KeyPress from None: t=297.3072385000014, value=l, duration=0.14274539999678382>
297.8066 	EXP 	LDT_stim_text: autoDraw = True
297.8150 	EXP 	LDT_fix_text: autoDraw = False
298.2490 	EXP 	Device response: <KeyPress from None: t=298.2418347999992, value=l, duration=None>
298.2492 	EXP 	New trial (rep=0, index=173): <Trial 173 (173 in rep 0) data={'Task': 'LDT', 'TrialType': 'Target', 'Stimuli': 'group', 'StimulusType': 'word', 'CorrectResponse': 'l', 'Trialnumb': 20, 'thisN': 173, 'thisTrialN': 173, 'thisRepN': 0}>
298.2570 	EXP 	LDT_fix_text: autoDraw = False
298.2570 	EXP 	LDT_stim_text: autoDraw = False
298.2570 	EXP 	LDT_break_text: autoDraw = False
298.2570 	EXP 	LDT_stim_text: height = np.float64(0.1)
298.2570 	EXP 	LDT_stim_text: height = np.float64(0.1)
298.2570 	EXP 	LDT_stim_text: height = np.float64(0.1)
298.2570 	EXP 	LDT_stim_text: text = 'group'
298.2570 	EXP 	LDT_fix_text: autoDraw = True
298.2575 	DATA 	Keypress: l
298.3824 	EXP 	Device response: <KeyPress from None: t=298.2418347999992, value=l, duration=0.1369157000008272>
298.7409 	EXP 	LDT_stim_text: autoDraw = True
298.7492 	EXP 	LDT_fix_text: autoDraw = False
299.3669 	EXP 	Device response: <KeyPress from None: t=299.36233210000137, value=l, duration=None>
299.3671 	EXP 	New trial (rep=0, index=174): <Trial 174 (174 in rep 0) data={'Task': 'LDT', 'TrialType': 'Target', 'Stimuli': 'rear', 'StimulusType': 'word', 'CorrectResponse': 'l', 'Trialnumb': 110, 'thisN': 174, 'thisTrialN': 174, 'thisRepN': 0}>
299.3748 	EXP 	LDT_fix_text: autoDraw = False
299.3748 	EXP 	LDT_stim_text: autoDraw = False
299.3748 	EXP 	LDT_break_text: autoDraw = False
299.3748 	EXP 	LDT_stim_text: height = np.float64(0.1)
299.3748 	EXP 	LDT_stim_text: height = np.float64(0.1)
299.3748 	EXP 	LDT_stim_text: height = np.float64(0.1)
299.3748 	EXP 	LDT_stim_text: text = 'rear'
299.3748 	EXP 	LDT_fix_text: autoDraw = True
299.3754 	DATA 	Keypress: l
299.4753 	EXP 	Device response: <KeyPress from None: t=299.36233210000137, value=l, duration=0.11175989999901503>
299.8586 	EXP 	LDT_stim_text: autoDraw = True
299.8670 	EXP 	LDT_fix_text: autoDraw = False
301.7108 	EXP 	Device response: <KeyPress from None: t=301.7064286999994, value=l, duration=None>
301.7111 	EXP 	New trial (rep=0, index=175): <Trial 175 (175 in rep 0) data={'Task': 'LDT', 'TrialType': 'Target', 'Stimuli': 'chat', 'StimulusType': 'word', 'CorrectResponse': 'l', 'Trialnumb': 103, 'thisN': 175, 'thisTrialN': 175, 'thisRepN': 0}>
301.7188 	EXP 	LDT_fix_text: autoDraw = False
301.7188 	EXP 	LDT_stim_text: autoDraw = False
301.7188 	EXP 	LDT_break_text: autoDraw = False
301.7188 	EXP 	LDT_stim_text: height = np.float64(0.1)
301.7188 	EXP 	LDT_stim_text: height = np.float64(0.1)
301.7188 	EXP 	LDT_stim_text: height = np.float64(0.1)
301.7188 	EXP 	LDT_stim_text: text = 'chat'
301.7188 	EXP 	LDT_fix_text: autoDraw = True
301.7194 	DATA 	Keypress: l
301.8360 	EXP 	Device response: <KeyPress from None: t=301.7064286999994, value=l, duration=0.1291495000004943>
302.2026 	EXP 	LDT_stim_text: autoDraw = True
302.2110 	EXP 	LDT_fix_text: autoDraw = False
302.9119 	EXP 	Device response: <KeyPress from None: t=302.9062042000005, value=l, duration=None>
302.9122 	EXP 	New trial (rep=0, index=176): <Trial 176 (176 in rep 0) data={'Task': 'LDT', 'TrialType': 'Target', 'Stimuli': 'cips', 'StimulusType': 'nonword', 'CorrectResponse': 'a', 'Trialnumb': 128, 'thisN': 176, 'thisTrialN': 176, 'thisRepN': 0}>
302.9200 	EXP 	LDT_fix_text: autoDraw = False
302.9200 	EXP 	LDT_stim_text: autoDraw = False
302.9200 	EXP 	LDT_break_text: autoDraw = False
302.9200 	EXP 	LDT_stim_text: height = np.float64(0.1)
302.9200 	EXP 	LDT_stim_text: height = np.float64(0.1)
302.9200 	EXP 	LDT_stim_text: height = np.float64(0.1)
302.9200 	EXP 	LDT_stim_text: text = 'cips'
302.9200 	EXP 	LDT_fix_text: autoDraw = True
302.9206 	DATA 	Keypress: l
303.0039 	EXP 	Device response: <KeyPress from None: t=302.9062042000005, value=l, duration=0.09572399999888148>
303.4039 	EXP 	LDT_stim_text: autoDraw = True
303.4122 	EXP 	LDT_fix_text: autoDraw = False
304.0216 	EXP 	Device response: <KeyPress from None: t=304.01854209999874, value=a, duration=None>
304.0218 	EXP 	New trial (rep=0, index=177): <Trial 177 (177 in rep 0) data={'Task': 'LDT', 'TrialType': 'Target', 'Stimuli': 'stap', 'StimulusType': 'nonword', 'CorrectResponse': 'a', 'Trialnumb': 199, 'thisN': 177, 'thisTrialN': 177, 'thisRepN': 0}>
304.0296 	EXP 	LDT_fix_text: autoDraw = False
304.0296 	EXP 	LDT_stim_text: autoDraw = False
304.0296 	EXP 	LDT_break_text: autoDraw = False
304.0296 	EXP 	LDT_stim_text: height = np.float64(0.1)
304.0296 	EXP 	LDT_stim_text: height = np.float64(0.1)
304.0296 	EXP 	LDT_stim_text: height = np.float64(0.1)
304.0296 	EXP 	LDT_stim_text: text = 'stap'
304.0296 	EXP 	LDT_fix_text: autoDraw = True
304.0302 	DATA 	Keypress: a
304.1466 	EXP 	Device response: <KeyPress from None: t=304.01854209999874, value=a, duration=0.12767540000277222>
304.5133 	EXP 	LDT_stim_text: autoDraw = True
304.5216 	EXP 	LDT_fix_text: autoDraw = False
305.0642 	EXP 	Device response: <KeyPress from None: t=305.0596235000012, value=l, duration=None>
305.0644 	EXP 	New trial (rep=0, index=178): <Trial 178 (178 in rep 0) data={'Task': 'LDT', 'TrialType': 'Target', 'Stimuli': 'under', 'StimulusType': 'word', 'CorrectResponse': 'l', 'Trialnumb': 39, 'thisN': 178, 'thisTrialN': 178, 'thisRepN': 0}>
305.0722 	EXP 	LDT_fix_text: autoDraw = False
305.0722 	EXP 	LDT_stim_text: autoDraw = False
305.0722 	EXP 	LDT_break_text: autoDraw = False
305.0722 	EXP 	LDT_stim_text: height = np.float64(0.1)
305.0722 	EXP 	LDT_stim_text: height = np.float64(0.1)
305.0722 	EXP 	LDT_stim_text: height = np.float64(0.1)
305.0722 	EXP 	LDT_stim_text: text = 'under'
305.0722 	EXP 	LDT_fix_text: autoDraw = True
305.0727 	DATA 	Keypress: l
305.2060 	EXP 	Device response: <KeyPress from None: t=305.0596235000012, value=l, duration=0.1429150000003574>
305.5560 	EXP 	LDT_stim_text: autoDraw = True
305.5643 	EXP 	LDT_fix_text: autoDraw = False
306.2070 	EXP 	Device response: <KeyPress from None: t=306.202715899999, value=l, duration=None>
306.2073 	EXP 	New trial (rep=0, index=179): <Trial 179 (179 in rep 0) data={'Task': 'LDT', 'TrialType': 'Target', 'Stimuli': 'flow', 'StimulusType': 'word', 'CorrectResponse': 'l', 'Trialnumb': 108, 'thisN': 179, 'thisTrialN': 179, 'thisRepN': 0}>
306.2150 	EXP 	LDT_fix_text: autoDraw = False
306.2150 	EXP 	LDT_stim_text: autoDraw = False
306.2150 	EXP 	LDT_break_text: autoDraw = False
306.2150 	EXP 	LDT_stim_text: height = np.float64(0.1)
306.2150 	EXP 	LDT_stim_text: height = np.float64(0.1)
306.2150 	EXP 	LDT_stim_text: height = np.float64(0.1)
306.2150 	EXP 	LDT_stim_text: text = 'flow'
306.2150 	EXP 	LDT_fix_text: autoDraw = True
306.2155 	DATA 	Keypress: l
306.3071 	EXP 	Device response: <KeyPress from None: t=306.202715899999, value=l, duration=0.10377220000009402>
306.6988 	EXP 	LDT_stim_text: autoDraw = True
306.7071 	EXP 	LDT_fix_text: autoDraw = False
307.1246 	EXP 	Device response: <KeyPress from None: t=307.12285859999974, value=l, duration=None>
307.1248 	EXP 	New trial (rep=0, index=180): <Trial 180 (180 in rep 0) data={'Task': 'LDT', 'TrialType': 'Target', 'Stimuli': 'vead', 'StimulusType': 'nonword', 'CorrectResponse': 'a', 'Trialnumb': 210, 'thisN': 180, 'thisTrialN': 180, 'thisRepN': 0}>
307.1326 	EXP 	LDT_fix_text: autoDraw = False
307.1326 	EXP 	LDT_stim_text: autoDraw = False
307.1326 	EXP 	LDT_break_text: autoDraw = False
307.1326 	EXP 	LDT_stim_text: height = np.float64(0.1)
307.1326 	EXP 	LDT_stim_text: height = np.float64(0.1)
307.1326 	EXP 	LDT_stim_text: height = np.float64(0.1)
307.1326 	EXP 	LDT_stim_text: text = 'vead'
307.1326 	EXP 	LDT_fix_text: autoDraw = True
307.1331 	DATA 	Keypress: l
307.2581 	EXP 	Device response: <KeyPress from None: t=307.12285859999974, value=l, duration=0.12717020000127377>
307.6164 	EXP 	LDT_stim_text: autoDraw = True
307.6247 	EXP 	LDT_fix_text: autoDraw = False
308.6512 	EXP 	Device response: <KeyPress from None: t=308.65082750000147, value=a, duration=None>
308.6515 	EXP 	New trial (rep=0, index=181): <Trial 181 (181 in rep 0) data={'Task': 'LDT', 'TrialType': 'Target', 'Stimuli': 'space', 'StimulusType': 'word', 'CorrectResponse': 'l', 'Trialnumb': 30, 'thisN': 181, 'thisTrialN': 181, 'thisRepN': 0}>
308.6592 	EXP 	LDT_fix_text: autoDraw = False
308.6592 	EXP 	LDT_stim_text: autoDraw = False
308.6592 	EXP 	LDT_break_text: autoDraw = False
308.6592 	EXP 	LDT_stim_text: height = np.float64(0.1)
308.6592 	EXP 	LDT_stim_text: height = np.float64(0.1)
308.6592 	EXP 	LDT_stim_text: height = np.float64(0.1)
308.6592 	EXP 	LDT_stim_text: text = 'space'
308.6592 	EXP 	LDT_fix_text: autoDraw = True
308.6598 	DATA 	Keypress: a
308.7762 	EXP 	Device response: <KeyPress from None: t=308.65082750000147, value=a, duration=0.1206964999983029>
309.1429 	EXP 	LDT_stim_text: autoDraw = True
309.1512 	EXP 	LDT_fix_text: autoDraw = False
309.7355 	EXP 	Device response: <KeyPress from None: t=309.7299748000005, value=l, duration=None>
309.7357 	EXP 	New trial (rep=0, index=182): <Trial 182 (182 in rep 0) data={'Task': 'LDT', 'TrialType': 'Target', 'Stimuli': 'price', 'StimulusType': 'word', 'CorrectResponse': 'l', 'Trialnumb': 52, 'thisN': 182, 'thisTrialN': 182, 'thisRepN': 0}>
309.7435 	EXP 	LDT_fix_text: autoDraw = False
309.7435 	EXP 	LDT_stim_text: autoDraw = False
309.7435 	EXP 	LDT_break_text: autoDraw = False
309.7435 	EXP 	LDT_stim_text: height = np.float64(0.1)
309.7435 	EXP 	LDT_stim_text: height = np.float64(0.1)
309.7435 	EXP 	LDT_stim_text: height = np.float64(0.1)
309.7435 	EXP 	LDT_stim_text: text = 'price'
309.7435 	EXP 	LDT_fix_text: autoDraw = True
309.7441 	DATA 	Keypress: l
309.8022 	EXP 	Device response: <KeyPress from None: t=309.7299748000005, value=l, duration=0.06474719999823719>
310.2273 	EXP 	LDT_stim_text: autoDraw = True
310.2357 	EXP 	LDT_fix_text: autoDraw = False
310.7698 	EXP 	Device response: <KeyPress from None: t=310.7618211000008, value=l, duration=None>
310.7701 	EXP 	New trial (rep=0, index=183): <Trial 183 (183 in rep 0) data={'Task': 'LDT', 'TrialType': 'Target', 'Stimuli': 'jite', 'StimulusType': 'nonword', 'CorrectResponse': 'a', 'Trialnumb': 160, 'thisN': 183, 'thisTrialN': 183, 'thisRepN': 0}>
310.7779 	EXP 	LDT_fix_text: autoDraw = False
310.7779 	EXP 	LDT_stim_text: autoDraw = False
310.7779 	EXP 	LDT_break_text: autoDraw = False
310.7779 	EXP 	LDT_stim_text: height = np.float64(0.1)
310.7779 	EXP 	LDT_stim_text: height = np.float64(0.1)
310.7779 	EXP 	LDT_stim_text: height = np.float64(0.1)
310.7779 	EXP 	LDT_stim_text: text = 'jite'
310.7779 	EXP 	LDT_fix_text: autoDraw = True
310.7785 	DATA 	Keypress: l
310.8699 	EXP 	Device response: <KeyPress from None: t=310.7618211000008, value=l, duration=0.10464940000019851>
311.2617 	EXP 	LDT_stim_text: autoDraw = True
311.2700 	EXP 	LDT_fix_text: autoDraw = False
311.8542 	EXP 	Device response: <KeyPress from None: t=311.8506257000008, value=a, duration=None>
311.8544 	EXP 	New trial (rep=0, index=184): <Trial 184 (184 in rep 0) data={'Task': 'LDT', 'TrialType': 'Target', 'Stimuli': 'hear', 'StimulusType': 'word', 'CorrectResponse': 'l', 'Trialnumb': 37, 'thisN': 184, 'thisTrialN': 184, 'thisRepN': 0}>
311.8623 	EXP 	LDT_fix_text: autoDraw = False
311.8623 	EXP 	LDT_stim_text: autoDraw = False
311.8623 	EXP 	LDT_break_text: autoDraw = False
311.8623 	EXP 	LDT_stim_text: height = np.float64(0.1)
311.8623 	EXP 	LDT_stim_text: height = np.float64(0.1)
311.8623 	EXP 	LDT_stim_text: height = np.float64(0.1)
311.8623 	EXP 	LDT_stim_text: text = 'hear'
311.8623 	EXP 	LDT_fix_text: autoDraw = True
311.8627 	DATA 	Keypress: a
311.9877 	EXP 	Device response: <KeyPress from None: t=311.8506257000008, value=a, duration=0.13606559999971068>
312.3461 	EXP 	LDT_stim_text: autoDraw = True
312.3544 	EXP 	LDT_fix_text: autoDraw = False
312.8302 	EXP 	Device response: <KeyPress from None: t=312.82634999999937, value=l, duration=None>
312.8304 	EXP 	New trial (rep=0, index=185): <Trial 185 (185 in rep 0) data={'Task': 'LDT', 'TrialType': 'Target', 'Stimuli': 'smat', 'StimulusType': 'nonword', 'CorrectResponse': 'a', 'Trialnumb': 195, 'thisN': 185, 'thisTrialN': 185, 'thisRepN': 0}>
312.8382 	EXP 	LDT_fix_text: autoDraw = False
312.8382 	EXP 	LDT_stim_text: autoDraw = False
312.8382 	EXP 	LDT_break_text: autoDraw = False
312.8382 	EXP 	LDT_stim_text: height = np.float64(0.1)
312.8382 	EXP 	LDT_stim_text: height = np.float64(0.1)
312.8382 	EXP 	LDT_stim_text: height = np.float64(0.1)
312.8382 	EXP 	LDT_stim_text: text = 'smat'
312.8382 	EXP 	LDT_fix_text: autoDraw = True
312.8388 	DATA 	Keypress: l
312.9553 	EXP 	Device response: <KeyPress from None: t=312.82634999999937, value=l, duration=0.12767689999964205>
313.3220 	EXP 	LDT_stim_text: autoDraw = True
313.3304 	EXP 	LDT_fix_text: autoDraw = False
313.8479 	EXP 	Device response: <KeyPress from None: t=313.8427378999986, value=l, duration=None>
313.8481 	EXP 	New trial (rep=0, index=186): <Trial 186 (186 in rep 0) data={'Task': 'LDT', 'TrialType': 'Target', 'Stimuli': 'stip', 'StimulusType': 'nonword', 'CorrectResponse': 'a', 'Trialnumb': 200, 'thisN': 186, 'thisTrialN': 186, 'thisRepN': 0}>
313.8559 	EXP 	LDT_fix_text: autoDraw = False
313.8559 	EXP 	LDT_stim_text: autoDraw = False
313.8559 	EXP 	LDT_break_text: autoDraw = False
313.8559 	EXP 	LDT_stim_text: height = np.float64(0.1)
313.8559 	EXP 	LDT_stim_text: height = np.float64(0.1)
313.8559 	EXP 	LDT_stim_text: height = np.float64(0.1)
313.8559 	EXP 	LDT_stim_text: text = 'stip'
313.8559 	EXP 	LDT_fix_text: autoDraw = True
313.8564 	DATA 	Keypress: l
313.9897 	EXP 	Device response: <KeyPress from None: t=313.8427378999986, value=l, duration=0.1432903000022634>
314.3397 	EXP 	LDT_stim_text: autoDraw = True
314.3481 	EXP 	LDT_fix_text: autoDraw = False
315.4745 	EXP 	Device response: <KeyPress from None: t=315.4666369000006, value=l, duration=None>
315.4747 	EXP 	New trial (rep=0, index=187): <Trial 187 (187 in rep 0) data={'Task': 'LDT', 'TrialType': 'Target', 'Stimuli': 'ill', 'StimulusType': 'word', 'CorrectResponse': 'l', 'Trialnumb': 97, 'thisN': 187, 'thisTrialN': 187, 'thisRepN': 0}>
315.4826 	EXP 	LDT_fix_text: autoDraw = False
315.4826 	EXP 	LDT_stim_text: autoDraw = False
315.4826 	EXP 	LDT_break_text: autoDraw = False
315.4826 	EXP 	LDT_stim_text: height = np.float64(0.1)
315.4826 	EXP 	LDT_stim_text: height = np.float64(0.1)
315.4826 	EXP 	LDT_stim_text: height = np.float64(0.1)
315.4826 	EXP 	LDT_stim_text: text = 'ill'
315.4826 	EXP 	LDT_fix_text: autoDraw = True
315.4831 	DATA 	Keypress: l
315.5663 	EXP 	Device response: <KeyPress from None: t=315.4666369000006, value=l, duration=0.09550689999741735>
315.9664 	EXP 	LDT_stim_text: autoDraw = True
315.9747 	EXP 	LDT_fix_text: autoDraw = False
316.6340 	EXP 	Device response: <KeyPress from None: t=316.62675859999945, value=l, duration=None>
316.6343 	EXP 	New trial (rep=0, index=188): <Trial 188 (188 in rep 0) data={'Task': 'LDT', 'TrialType': 'Target', 'Stimuli': 'yast', 'StimulusType': 'nonword', 'CorrectResponse': 'a', 'Trialnumb': 218, 'thisN': 188, 'thisTrialN': 188, 'thisRepN': 0}>
316.6420 	EXP 	LDT_fix_text: autoDraw = False
316.6420 	EXP 	LDT_stim_text: autoDraw = False
316.6420 	EXP 	LDT_break_text: autoDraw = False
316.6420 	EXP 	LDT_stim_text: height = np.float64(0.1)
316.6420 	EXP 	LDT_stim_text: height = np.float64(0.1)
316.6420 	EXP 	LDT_stim_text: height = np.float64(0.1)
316.6420 	EXP 	LDT_stim_text: text = 'yast'
316.6420 	EXP 	LDT_fix_text: autoDraw = True
316.6426 	DATA 	Keypress: l
316.7257 	EXP 	Device response: <KeyPress from None: t=316.62675859999945, value=l, duration=0.09515689999898314>
317.1258 	EXP 	LDT_stim_text: autoDraw = True
317.1342 	EXP 	LDT_fix_text: autoDraw = False
317.7434 	EXP 	Device response: <KeyPress from None: t=317.73805789999824, value=a, duration=None>
317.7436 	EXP 	New trial (rep=0, index=189): <Trial 189 (189 in rep 0) data={'Task': 'LDT', 'TrialType': 'Target', 'Stimuli': 'sale', 'StimulusType': 'word', 'CorrectResponse': 'l', 'Trialnumb': 93, 'thisN': 189, 'thisTrialN': 189, 'thisRepN': 0}>
317.7515 	EXP 	LDT_fix_text: autoDraw = False
317.7515 	EXP 	LDT_stim_text: autoDraw = False
317.7515 	EXP 	LDT_break_text: autoDraw = False
317.7515 	EXP 	LDT_stim_text: height = np.float64(0.1)
317.7515 	EXP 	LDT_stim_text: height = np.float64(0.1)
317.7515 	EXP 	LDT_stim_text: height = np.float64(0.1)
317.7515 	EXP 	LDT_stim_text: text = 'sale'
317.7515 	EXP 	LDT_fix_text: autoDraw = True
317.7520 	DATA 	Keypress: a
317.8770 	EXP 	Device response: <KeyPress from None: t=317.73805789999824, value=a, duration=0.13712840000152937>
318.2353 	EXP 	LDT_stim_text: autoDraw = True
318.2436 	EXP 	LDT_fix_text: autoDraw = False
318.8612 	EXP 	Device response: <KeyPress from None: t=318.8581693999986, value=l, duration=None>
318.8615 	EXP 	New trial (rep=0, index=190): <Trial 190 (190 in rep 0) data={'Task': 'LDT', 'TrialType': 'Target', 'Stimuli': 'come', 'StimulusType': 'word', 'CorrectResponse': 'l', 'Trialnumb': 7, 'thisN': 190, 'thisTrialN': 190, 'thisRepN': 0}>
318.8693 	EXP 	LDT_fix_text: autoDraw = False
318.8693 	EXP 	LDT_stim_text: autoDraw = False
318.8693 	EXP 	LDT_break_text: autoDraw = False
318.8693 	EXP 	LDT_stim_text: height = np.float64(0.1)
318.8693 	EXP 	LDT_stim_text: height = np.float64(0.1)
318.8693 	EXP 	LDT_stim_text: height = np.float64(0.1)
318.8693 	EXP 	LDT_stim_text: text = 'come'
318.8693 	EXP 	LDT_fix_text: autoDraw = True
318.8699 	DATA 	Keypress: l
318.9946 	EXP 	Device response: <KeyPress from None: t=318.8581693999986, value=l, duration=0.1283118999999715>
319.3531 	EXP 	LDT_stim_text: autoDraw = True
319.3614 	EXP 	LDT_fix_text: autoDraw = False
319.9625 	EXP 	Device response: <KeyPress from None: t=319.9546971999989, value=l, duration=None>
319.9627 	EXP 	New trial (rep=0, index=191): <Trial 191 (191 in rep 0) data={'Task': 'LDT', 'TrialType': 'Target', 'Stimuli': 'flen', 'StimulusType': 'nonword', 'CorrectResponse': 'a', 'Trialnumb': 141, 'thisN': 191, 'thisTrialN': 191, 'thisRepN': 0}>
319.9704 	EXP 	LDT_fix_text: autoDraw = False
319.9704 	EXP 	LDT_stim_text: autoDraw = False
319.9704 	EXP 	LDT_break_text: autoDraw = False
319.9704 	EXP 	LDT_stim_text: height = np.float64(0.1)
319.9704 	EXP 	LDT_stim_text: height = np.float64(0.1)
319.9704 	EXP 	LDT_stim_text: height = np.float64(0.1)
319.9704 	EXP 	LDT_stim_text: text = 'flen'
319.9704 	EXP 	LDT_fix_text: autoDraw = True
319.9709 	DATA 	Keypress: l
320.1375 	EXP 	Device response: <KeyPress from None: t=319.9546971999989, value=l, duration=0.17510129999936908>
320.4542 	EXP 	LDT_stim_text: autoDraw = True
320.4625 	EXP 	LDT_fix_text: autoDraw = False
321.1218 	EXP 	Device response: <KeyPress from None: t=321.11454740000045, value=a, duration=None>
321.1220 	EXP 	New trial (rep=0, index=192): <Trial 192 (192 in rep 0) data={'Task': 'LDT', 'TrialType': 'Target', 'Stimuli': 'ugly', 'StimulusType': 'word', 'CorrectResponse': 'l', 'Trialnumb': 78, 'thisN': 192, 'thisTrialN': 192, 'thisRepN': 0}>
321.1298 	EXP 	LDT_fix_text: autoDraw = False
321.1298 	EXP 	LDT_stim_text: autoDraw = False
321.1298 	EXP 	LDT_break_text: autoDraw = False
321.1298 	EXP 	LDT_stim_text: height = np.float64(0.1)
321.1298 	EXP 	LDT_stim_text: height = np.float64(0.1)
321.1298 	EXP 	LDT_stim_text: height = np.float64(0.1)
321.1298 	EXP 	LDT_stim_text: text = 'ugly'
321.1298 	EXP 	LDT_fix_text: autoDraw = True
321.1304 	DATA 	Keypress: a
321.2553 	EXP 	Device response: <KeyPress from None: t=321.11454740000045, value=a, duration=0.1356697000010172>
321.6137 	EXP 	LDT_stim_text: autoDraw = True
321.6220 	EXP 	LDT_fix_text: autoDraw = False
322.6316 	EXP 	Device response: <KeyPress from None: t=322.62711760000093, value=l, duration=None>
322.6319 	EXP 	New trial (rep=0, index=193): <Trial 193 (193 in rep 0) data={'Task': 'LDT', 'TrialType': 'Target', 'Stimuli': 'food', 'StimulusType': 'word', 'CorrectResponse': 'l', 'Trialnumb': 5, 'thisN': 193, 'thisTrialN': 193, 'thisRepN': 0}>
322.6397 	EXP 	LDT_fix_text: autoDraw = False
322.6397 	EXP 	LDT_stim_text: autoDraw = False
322.6397 	EXP 	LDT_break_text: autoDraw = False
322.6397 	EXP 	LDT_stim_text: height = np.float64(0.1)
322.6397 	EXP 	LDT_stim_text: height = np.float64(0.1)
322.6397 	EXP 	LDT_stim_text: height = np.float64(0.1)
322.6397 	EXP 	LDT_stim_text: text = 'food'
322.6397 	EXP 	LDT_fix_text: autoDraw = True
322.6402 	DATA 	Keypress: l
322.7235 	EXP 	Device response: <KeyPress from None: t=322.62711760000093, value=l, duration=0.09575099999710801>
323.1235 	EXP 	LDT_stim_text: autoDraw = True
323.1319 	EXP 	LDT_fix_text: autoDraw = False
323.5910 	EXP 	Device response: <KeyPress from None: t=323.58677779999925, value=l, duration=None>
323.5912 	EXP 	New trial (rep=0, index=194): <Trial 194 (194 in rep 0) data={'Task': 'LDT', 'TrialType': 'Target', 'Stimuli': 'huge', 'StimulusType': 'word', 'CorrectResponse': 'l', 'Trialnumb': 56, 'thisN': 194, 'thisTrialN': 194, 'thisRepN': 0}>
323.5990 	EXP 	LDT_fix_text: autoDraw = False
323.5990 	EXP 	LDT_stim_text: autoDraw = False
323.5990 	EXP 	LDT_break_text: autoDraw = False
323.5990 	EXP 	LDT_stim_text: height = np.float64(0.1)
323.5990 	EXP 	LDT_stim_text: height = np.float64(0.1)
323.5990 	EXP 	LDT_stim_text: height = np.float64(0.1)
323.5990 	EXP 	LDT_stim_text: text = 'huge'
323.5990 	EXP 	LDT_fix_text: autoDraw = True
323.5995 	DATA 	Keypress: l
323.6994 	EXP 	Device response: <KeyPress from None: t=323.58677779999925, value=l, duration=0.1122231000008469>
324.0828 	EXP 	LDT_stim_text: autoDraw = True
324.0911 	EXP 	LDT_fix_text: autoDraw = False
324.6419 	EXP 	Device response: <KeyPress from None: t=324.63384159999987, value=l, duration=None>
324.6422 	EXP 	New trial (rep=0, index=195): <Trial 195 (195 in rep 0) data={'Task': 'LDT', 'TrialType': 'Target', 'Stimuli': 'gied', 'StimulusType': 'nonword', 'CorrectResponse': 'a', 'Trialnumb': 146, 'thisN': 195, 'thisTrialN': 195, 'thisRepN': 0}>
324.6500 	EXP 	LDT_fix_text: autoDraw = False
324.6500 	EXP 	LDT_stim_text: autoDraw = False
324.6500 	EXP 	LDT_break_text: autoDraw = False
324.6500 	EXP 	LDT_stim_text: height = np.float64(0.1)
324.6500 	EXP 	LDT_stim_text: height = np.float64(0.1)
324.6500 	EXP 	LDT_stim_text: height = np.float64(0.1)
324.6500 	EXP 	LDT_stim_text: text = 'gied'
324.6500 	EXP 	LDT_fix_text: autoDraw = True
324.6504 	DATA 	Keypress: l
324.7671 	EXP 	Device response: <KeyPress from None: t=324.63384159999987, value=l, duration=0.12865569999848958>
325.1338 	EXP 	LDT_stim_text: autoDraw = True
325.1422 	EXP 	LDT_fix_text: autoDraw = False
326.6191 	EXP 	Device response: <KeyPress from None: t=326.61799149999933, value=a, duration=None>
326.6193 	EXP 	New trial (rep=0, index=196): <Trial 196 (196 in rep 0) data={'Task': 'LDT', 'TrialType': 'Target', 'Stimuli': 'spy', 'StimulusType': 'word', 'CorrectResponse': 'l', 'Trialnumb': 99, 'thisN': 196, 'thisTrialN': 196, 'thisRepN': 0}>
326.6271 	EXP 	LDT_fix_text: autoDraw = False
326.6271 	EXP 	LDT_stim_text: autoDraw = False
326.6271 	EXP 	LDT_break_text: autoDraw = False
326.6271 	EXP 	LDT_stim_text: height = np.float64(0.1)
326.6271 	EXP 	LDT_stim_text: height = np.float64(0.1)
326.6271 	EXP 	LDT_stim_text: height = np.float64(0.1)
326.6271 	EXP 	LDT_stim_text: text = 'spy'
326.6271 	EXP 	LDT_fix_text: autoDraw = True
326.6276 	DATA 	Keypress: a
326.7607 	EXP 	Device response: <KeyPress from None: t=326.61799149999933, value=a, duration=0.13657750000129454>
327.1108 	EXP 	LDT_stim_text: autoDraw = True
327.1191 	EXP 	LDT_fix_text: autoDraw = False
327.6533 	EXP 	Device response: <KeyPress from None: t=327.6507539999984, value=l, duration=None>
327.6536 	EXP 	New trial (rep=0, index=197): <Trial 197 (197 in rep 0) data={'Task': 'LDT', 'TrialType': 'Target', 'Stimuli': 'boom', 'StimulusType': 'word', 'CorrectResponse': 'l', 'Trialnumb': 96, 'thisN': 197, 'thisTrialN': 197, 'thisRepN': 0}>
327.6613 	EXP 	LDT_fix_text: autoDraw = False
327.6613 	EXP 	LDT_stim_text: autoDraw = False
327.6613 	EXP 	LDT_break_text: autoDraw = False
327.6613 	EXP 	LDT_stim_text: height = np.float64(0.1)
327.6613 	EXP 	LDT_stim_text: height = np.float64(0.1)
327.6613 	EXP 	LDT_stim_text: height = np.float64(0.1)
327.6613 	EXP 	LDT_stim_text: text = 'boom'
327.6613 	EXP 	LDT_fix_text: autoDraw = True
327.6618 	DATA 	Keypress: l
327.7619 	EXP 	Device response: <KeyPress from None: t=327.6507539999984, value=l, duration=0.10362860000168439>
328.1452 	EXP 	LDT_stim_text: autoDraw = True
328.1535 	EXP 	LDT_fix_text: autoDraw = False
328.6626 	EXP 	Device response: <KeyPress from None: t=328.6583715000015, value=l, duration=None>
328.6628 	EXP 	New trial (rep=0, index=198): <Trial 198 (198 in rep 0) data={'Task': 'LDT', 'TrialType': 'Target', 'Stimuli': 'plan', 'StimulusType': 'word', 'CorrectResponse': 'l', 'Trialnumb': 53, 'thisN': 198, 'thisTrialN': 198, 'thisRepN': 0}>
328.6708 	EXP 	LDT_fix_text: autoDraw = False
328.6708 	EXP 	LDT_stim_text: autoDraw = False
328.6708 	EXP 	LDT_break_text: autoDraw = False
328.6708 	EXP 	LDT_stim_text: height = np.float64(0.1)
328.6708 	EXP 	LDT_stim_text: height = np.float64(0.1)
328.6708 	EXP 	LDT_stim_text: height = np.float64(0.1)
328.6708 	EXP 	LDT_stim_text: text = 'plan'
328.6708 	EXP 	LDT_fix_text: autoDraw = True
328.6713 	DATA 	Keypress: l
328.7878 	EXP 	Device response: <KeyPress from None: t=328.6583715000015, value=l, duration=0.12786859999687294>
329.1545 	EXP 	LDT_stim_text: autoDraw = True
329.1629 	EXP 	LDT_fix_text: autoDraw = False
329.7888 	EXP 	Device response: <KeyPress from None: t=329.78656670000055, value=l, duration=None>
329.7891 	EXP 	New trial (rep=0, index=199): <Trial 199 (199 in rep 0) data={'Task': 'LDT', 'TrialType': 'Target', 'Stimuli': 'yine', 'StimulusType': 'nonword', 'CorrectResponse': 'a', 'Trialnumb': 220, 'thisN': 199, 'thisTrialN': 199, 'thisRepN': 0}>
329.7968 	EXP 	LDT_fix_text: autoDraw = False
329.7968 	EXP 	LDT_stim_text: autoDraw = False
329.7968 	EXP 	LDT_break_text: autoDraw = False
329.7968 	EXP 	LDT_stim_text: height = np.float64(0.1)
329.7968 	EXP 	LDT_stim_text: height = np.float64(0.1)
329.7968 	EXP 	LDT_stim_text: height = np.float64(0.1)
329.7968 	EXP 	LDT_stim_text: text = 'yine'
329.7968 	EXP 	LDT_fix_text: autoDraw = True
329.7973 	DATA 	Keypress: l
329.9472 	EXP 	Device response: <KeyPress from None: t=329.78656670000055, value=l, duration=0.16017699999792967>
330.2807 	EXP 	LDT_stim_text: autoDraw = True
330.2890 	EXP 	LDT_fix_text: autoDraw = False
330.9149 	EXP 	Device response: <KeyPress from None: t=330.91399190000084, value=a, duration=None>
330.9151 	EXP 	New trial (rep=0, index=200): <Trial 200 (200 in rep 0) data={'Task': 'LDT', 'TrialType': 'Target', 'Stimuli': 'mutch', 'StimulusType': 'nonword', 'CorrectResponse': 'a', 'Trialnumb': 175, 'thisN': 200, 'thisTrialN': 200, 'thisRepN': 0}>
330.9230 	EXP 	LDT_fix_text: autoDraw = False
330.9230 	EXP 	LDT_stim_text: autoDraw = False
330.9230 	EXP 	LDT_break_text: autoDraw = False
330.9230 	EXP 	LDT_stim_text: height = np.float64(0.1)
330.9230 	EXP 	LDT_stim_text: height = np.float64(0.1)
330.9230 	EXP 	LDT_stim_text: height = np.float64(0.1)
330.9230 	EXP 	LDT_stim_text: text = 'mutch'
330.9230 	EXP 	LDT_fix_text: autoDraw = True
330.9235 	DATA 	Keypress: a
331.0484 	EXP 	Device response: <KeyPress from None: t=330.91399190000084, value=a, duration=0.12842019999879994>
331.4068 	EXP 	LDT_stim_text: autoDraw = True
331.4151 	EXP 	LDT_fix_text: autoDraw = False
332.0660 	EXP 	Device response: <KeyPress from None: t=332.05821809999907, value=a, duration=None>
332.0663 	EXP 	New trial (rep=0, index=201): <Trial 201 (201 in rep 0) data={'Task': 'LDT', 'TrialType': 'Target', 'Stimuli': 'fere', 'StimulusType': 'nonword', 'CorrectResponse': 'a', 'Trialnumb': 140, 'thisN': 201, 'thisTrialN': 201, 'thisRepN': 0}>
332.0741 	EXP 	LDT_fix_text: autoDraw = False
332.0741 	EXP 	LDT_stim_text: autoDraw = False
332.0741 	EXP 	LDT_break_text: autoDraw = False
332.0741 	EXP 	LDT_stim_text: height = np.float64(0.1)
332.0741 	EXP 	LDT_stim_text: height = np.float64(0.1)
332.0741 	EXP 	LDT_stim_text: height = np.float64(0.1)
332.0741 	EXP 	LDT_stim_text: text = 'fere'
332.0741 	EXP 	LDT_fix_text: autoDraw = True
332.0746 	DATA 	Keypress: a
332.1912 	EXP 	Device response: <KeyPress from None: t=332.05821809999907, value=a, duration=0.12833020000107354>
332.5579 	EXP 	LDT_stim_text: autoDraw = True
332.5662 	EXP 	LDT_fix_text: autoDraw = False
333.2422 	EXP 	Device response: <KeyPress from None: t=333.23401300000114, value=l, duration=None>
333.2424 	EXP 	New trial (rep=0, index=202): <Trial 202 (202 in rep 0) data={'Task': 'LDT', 'TrialType': 'Target', 'Stimuli': 'large', 'StimulusType': 'word', 'CorrectResponse': 'l', 'Trialnumb': 29, 'thisN': 202, 'thisTrialN': 202, 'thisRepN': 0}>
333.2438 	DATA 	Keypress: l
333.2503 	EXP 	LDT_fix_text: autoDraw = False
333.2503 	EXP 	LDT_stim_text: autoDraw = False
333.2503 	EXP 	LDT_break_text: autoDraw = False
333.2503 	EXP 	LDT_stim_text: height = np.float64(0.1)
333.2503 	EXP 	LDT_stim_text: height = np.float64(0.1)
333.2503 	EXP 	LDT_stim_text: height = np.float64(0.1)
333.2503 	EXP 	LDT_stim_text: text = 'large'
333.2503 	EXP 	LDT_fix_text: autoDraw = True
333.3590 	EXP 	Device response: <KeyPress from None: t=333.23401300000114, value=l, duration=0.12112749999869266>
333.7340 	EXP 	LDT_stim_text: autoDraw = True
333.7424 	EXP 	LDT_fix_text: autoDraw = False
334.4185 	EXP 	Device response: <KeyPress from None: t=334.41018619999886, value=l, duration=None>
334.4187 	EXP 	New trial (rep=0, index=203): <Trial 203 (203 in rep 0) data={'Task': 'LDT', 'TrialType': 'Target', 'Stimuli': 'rees', 'StimulusType': 'nonword', 'CorrectResponse': 'a', 'Trialnumb': 184, 'thisN': 203, 'thisTrialN': 203, 'thisRepN': 0}>
334.4206 	DATA 	Keypress: l
334.4265 	EXP 	LDT_fix_text: autoDraw = False
334.4265 	EXP 	LDT_stim_text: autoDraw = False
334.4265 	EXP 	LDT_break_text: autoDraw = False
334.4265 	EXP 	LDT_stim_text: height = np.float64(0.1)
334.4265 	EXP 	LDT_stim_text: height = np.float64(0.1)
334.4265 	EXP 	LDT_stim_text: height = np.float64(0.1)
334.4265 	EXP 	LDT_stim_text: text = 'rees'
334.4265 	EXP 	LDT_fix_text: autoDraw = True
334.5102 	EXP 	Device response: <KeyPress from None: t=334.41018619999886, value=l, duration=0.09645590000218363>
334.9102 	EXP 	LDT_stim_text: autoDraw = True
334.9186 	EXP 	LDT_fix_text: autoDraw = False
335.5528 	EXP 	Device response: <KeyPress from None: t=335.5465942999981, value=a, duration=None>
335.5531 	EXP 	New trial (rep=0, index=204): <Trial 204 (204 in rep 0) data={'Task': 'LDT', 'TrialType': 'Target', 'Stimuli': 'hork', 'StimulusType': 'nonword', 'CorrectResponse': 'a', 'Trialnumb': 156, 'thisN': 204, 'thisTrialN': 204, 'thisRepN': 0}>
335.5610 	EXP 	LDT_fix_text: autoDraw = False
335.5610 	EXP 	LDT_stim_text: autoDraw = False
335.5610 	EXP 	LDT_break_text: autoDraw = False
335.5610 	EXP 	LDT_stim_text: height = np.float64(0.1)
335.5610 	EXP 	LDT_stim_text: height = np.float64(0.1)
335.5610 	EXP 	LDT_stim_text: height = np.float64(0.1)
335.5610 	EXP 	LDT_stim_text: text = 'hork'
335.5610 	EXP 	LDT_fix_text: autoDraw = True
335.5616 	DATA 	Keypress: a
335.6946 	EXP 	Device response: <KeyPress from None: t=335.5465942999981, value=a, duration=0.14363930000035907>
336.0447 	EXP 	LDT_stim_text: autoDraw = True
336.0531 	EXP 	LDT_fix_text: autoDraw = False
336.7624 	EXP 	Device response: <KeyPress from None: t=336.7541052999986, value=a, duration=None>
336.7626 	EXP 	New trial (rep=0, index=205): <Trial 205 (205 in rep 0) data={'Task': 'LDT', 'TrialType': 'Target', 'Stimuli': 'drove', 'StimulusType': 'word', 'CorrectResponse': 'l', 'Trialnumb': 90, 'thisN': 205, 'thisTrialN': 205, 'thisRepN': 0}>
336.7704 	EXP 	LDT_fix_text: autoDraw = False
336.7704 	EXP 	LDT_stim_text: autoDraw = False
336.7704 	EXP 	LDT_break_text: autoDraw = False
336.7704 	EXP 	LDT_stim_text: height = np.float64(0.1)
336.7704 	EXP 	LDT_stim_text: height = np.float64(0.1)
336.7704 	EXP 	LDT_stim_text: height = np.float64(0.1)
336.7704 	EXP 	LDT_stim_text: text = 'drove'
336.7704 	EXP 	LDT_fix_text: autoDraw = True
336.7709 	DATA 	Keypress: a
336.8875 	EXP 	Device response: <KeyPress from None: t=336.7541052999986, value=a, duration=0.12817340000037802>
337.2542 	EXP 	LDT_stim_text: autoDraw = True
337.2626 	EXP 	LDT_fix_text: autoDraw = False
337.8968 	EXP 	Device response: <KeyPress from None: t=337.8903218000014, value=a, duration=None>
337.8971 	EXP 	New trial (rep=0, index=206): <Trial 206 (206 in rep 0) data={'Task': 'LDT', 'TrialType': 'Target', 'Stimuli': 'seef', 'StimulusType': 'nonword', 'CorrectResponse': 'a', 'Trialnumb': 187, 'thisN': 206, 'thisTrialN': 206, 'thisRepN': 0}>
337.9049 	EXP 	LDT_fix_text: autoDraw = False
337.9049 	EXP 	LDT_stim_text: autoDraw = False
337.9049 	EXP 	LDT_break_text: autoDraw = False
337.9049 	EXP 	LDT_stim_text: height = np.float64(0.1)
337.9049 	EXP 	LDT_stim_text: height = np.float64(0.1)
337.9049 	EXP 	LDT_stim_text: height = np.float64(0.1)
337.9049 	EXP 	LDT_stim_text: text = 'seef'
337.9049 	EXP 	LDT_fix_text: autoDraw = True
337.9053 	DATA 	Keypress: a
338.0387 	EXP 	Device response: <KeyPress from None: t=337.8903218000014, value=a, duration=0.1450269999986631>
338.3887 	EXP 	LDT_stim_text: autoDraw = True
338.3970 	EXP 	LDT_fix_text: autoDraw = False
339.0229 	EXP 	Device response: <KeyPress from None: t=339.01875550000113, value=a, duration=None>
339.0231 	EXP 	New trial (rep=0, index=207): <Trial 207 (207 in rep 0) data={'Task': 'LDT', 'TrialType': 'Target', 'Stimuli': 'eall', 'StimulusType': 'nonword', 'CorrectResponse': 'a', 'Trialnumb': 138, 'thisN': 207, 'thisTrialN': 207, 'thisRepN': 0}>
339.0310 	EXP 	LDT_fix_text: autoDraw = False
339.0310 	EXP 	LDT_stim_text: autoDraw = False
339.0310 	EXP 	LDT_break_text: autoDraw = False
339.0310 	EXP 	LDT_stim_text: height = np.float64(0.1)
339.0310 	EXP 	LDT_stim_text: height = np.float64(0.1)
339.0310 	EXP 	LDT_stim_text: height = np.float64(0.1)
339.0310 	EXP 	LDT_stim_text: text = 'eall'
339.0310 	EXP 	LDT_fix_text: autoDraw = True
339.0315 	DATA 	Keypress: a
339.1398 	EXP 	Device response: <KeyPress from None: t=339.01875550000113, value=a, duration=0.12065589999838267>
339.5149 	EXP 	LDT_stim_text: autoDraw = True
339.5232 	EXP 	LDT_fix_text: autoDraw = False
340.0490 	EXP 	Device response: <KeyPress from None: t=340.04269170000043, value=a, duration=None>
340.0493 	EXP 	New trial (rep=0, index=208): <Trial 208 (208 in rep 0) data={'Task': 'LDT', 'TrialType': 'Target', 'Stimuli': 'stop', 'StimulusType': 'word', 'CorrectResponse': 'l', 'Trialnumb': 44, 'thisN': 208, 'thisTrialN': 208, 'thisRepN': 0}>
340.0570 	EXP 	LDT_fix_text: autoDraw = False
340.0570 	EXP 	LDT_stim_text: autoDraw = False
340.0570 	EXP 	LDT_break_text: autoDraw = False
340.0570 	EXP 	LDT_stim_text: height = np.float64(0.1)
340.0570 	EXP 	LDT_stim_text: height = np.float64(0.1)
340.0570 	EXP 	LDT_stim_text: height = np.float64(0.1)
340.0570 	EXP 	LDT_stim_text: text = 'stop'
340.0570 	EXP 	LDT_fix_text: autoDraw = True
340.0576 	DATA 	Keypress: a
340.1825 	EXP 	Device response: <KeyPress from None: t=340.04269170000043, value=a, duration=0.13549799999964307>
340.5409 	EXP 	LDT_stim_text: autoDraw = True
340.5492 	EXP 	LDT_fix_text: autoDraw = False
341.1251 	EXP 	Device response: <KeyPress from None: t=341.1217413999984, value=l, duration=None>
341.1253 	EXP 	New trial (rep=0, index=209): <Trial 209 (209 in rep 0) data={'Task': 'LDT', 'TrialType': 'Target', 'Stimuli': 'ient', 'StimulusType': 'nonword', 'CorrectResponse': 'a', 'Trialnumb': 157, 'thisN': 209, 'thisTrialN': 209, 'thisRepN': 0}>
341.1332 	EXP 	LDT_fix_text: autoDraw = False
341.1332 	EXP 	LDT_stim_text: autoDraw = False
341.1332 	EXP 	LDT_break_text: autoDraw = False
341.1332 	EXP 	LDT_stim_text: height = np.float64(0.1)
341.1332 	EXP 	LDT_stim_text: height = np.float64(0.1)
341.1332 	EXP 	LDT_stim_text: height = np.float64(0.1)
341.1332 	EXP 	LDT_stim_text: text = 'ient'
341.1332 	EXP 	LDT_fix_text: autoDraw = True
341.1337 	DATA 	Keypress: l
341.2502 	EXP 	Device response: <KeyPress from None: t=341.1217413999984, value=l, duration=0.12084810000305879>
341.6169 	EXP 	LDT_stim_text: autoDraw = True
341.6253 	EXP 	LDT_fix_text: autoDraw = False
342.5099 	EXP 	Device response: <KeyPress from None: t=342.5057694999996, value=a, duration=None>
342.5102 	EXP 	New trial (rep=0, index=210): <Trial 210 (210 in rep 0) data={'Task': 'LDT', 'TrialType': 'Target', 'Stimuli': 'beon', 'StimulusType': 'nonword', 'CorrectResponse': 'a', 'Trialnumb': 120, 'thisN': 210, 'thisTrialN': 210, 'thisRepN': 0}>
342.5178 	EXP 	LDT_fix_text: autoDraw = False
342.5178 	EXP 	LDT_stim_text: autoDraw = False
342.5178 	EXP 	LDT_break_text: autoDraw = False
342.5178 	EXP 	LDT_stim_text: height = np.float64(0.1)
342.5178 	EXP 	LDT_stim_text: height = np.float64(0.1)
342.5178 	EXP 	LDT_stim_text: height = np.float64(0.1)
342.5178 	EXP 	LDT_stim_text: text = 'beon'
342.5178 	EXP 	LDT_fix_text: autoDraw = True
342.5184 	DATA 	Keypress: a
342.6600 	EXP 	Device response: <KeyPress from None: t=342.5057694999996, value=a, duration=0.15278749999924912>
343.0016 	EXP 	LDT_stim_text: autoDraw = True
343.0099 	EXP 	LDT_fix_text: autoDraw = False
343.7026 	EXP 	Device response: <KeyPress from None: t=343.697795600001, value=a, duration=None>
343.7028 	EXP 	New trial (rep=0, index=211): <Trial 211 (211 in rep 0) data={'Task': 'LDT', 'TrialType': 'Target', 'Stimuli': 'spum', 'StimulusType': 'nonword', 'CorrectResponse': 'a', 'Trialnumb': 198, 'thisN': 211, 'thisTrialN': 211, 'thisRepN': 0}>
343.7107 	EXP 	LDT_fix_text: autoDraw = False
343.7107 	EXP 	LDT_stim_text: autoDraw = False
343.7107 	EXP 	LDT_break_text: autoDraw = False
343.7107 	EXP 	LDT_stim_text: height = np.float64(0.1)
343.7107 	EXP 	LDT_stim_text: height = np.float64(0.1)
343.7107 	EXP 	LDT_stim_text: height = np.float64(0.1)
343.7107 	EXP 	LDT_stim_text: text = 'spum'
343.7107 	EXP 	LDT_fix_text: autoDraw = True
343.7112 	DATA 	Keypress: a
343.8528 	EXP 	Device response: <KeyPress from None: t=343.697795600001, value=a, duration=0.15271779999966384>
344.1945 	EXP 	LDT_stim_text: autoDraw = True
344.2028 	EXP 	LDT_fix_text: autoDraw = False
344.8955 	EXP 	Device response: <KeyPress from None: t=344.8901530000003, value=a, duration=None>
344.8957 	EXP 	New trial (rep=0, index=212): <Trial 212 (212 in rep 0) data={'Task': 'LDT', 'TrialType': 'Target', 'Stimuli': 'biss', 'StimulusType': 'nonword', 'CorrectResponse': 'a', 'Trialnumb': 123, 'thisN': 212, 'thisTrialN': 212, 'thisRepN': 0}>
344.9036 	EXP 	LDT_fix_text: autoDraw = False
344.9036 	EXP 	LDT_stim_text: autoDraw = False
344.9036 	EXP 	LDT_break_text: autoDraw = False
344.9036 	EXP 	LDT_stim_text: height = np.float64(0.1)
344.9036 	EXP 	LDT_stim_text: height = np.float64(0.1)
344.9036 	EXP 	LDT_stim_text: height = np.float64(0.1)
344.9036 	EXP 	LDT_stim_text: text = 'biss'
344.9036 	EXP 	LDT_fix_text: autoDraw = True
344.9042 	DATA 	Keypress: a
345.0373 	EXP 	Device response: <KeyPress from None: t=344.8901530000003, value=a, duration=0.14540470000065397>
345.3873 	EXP 	LDT_stim_text: autoDraw = True
345.3957 	EXP 	LDT_fix_text: autoDraw = False
345.9967 	EXP 	Device response: <KeyPress from None: t=345.99430070000017, value=a, duration=None>
345.9970 	EXP 	New trial (rep=0, index=213): <Trial 213 (213 in rep 0) data={'Task': 'LDT', 'TrialType': 'Target', 'Stimuli': 'ranny', 'StimulusType': 'nonword', 'CorrectResponse': 'a', 'Trialnumb': 114, 'thisN': 213, 'thisTrialN': 213, 'thisRepN': 0}>
346.0046 	EXP 	LDT_fix_text: autoDraw = False
346.0046 	EXP 	LDT_stim_text: autoDraw = False
346.0046 	EXP 	LDT_break_text: autoDraw = False
346.0046 	EXP 	LDT_stim_text: height = np.float64(0.1)
346.0046 	EXP 	LDT_stim_text: height = np.float64(0.1)
346.0046 	EXP 	LDT_stim_text: height = np.float64(0.1)
346.0046 	EXP 	LDT_stim_text: text = 'ranny'
346.0046 	EXP 	LDT_fix_text: autoDraw = True
346.0051 	DATA 	Keypress: a
346.1718 	EXP 	Device response: <KeyPress from None: t=345.99430070000017, value=a, duration=0.17593639999904553>
346.4884 	EXP 	LDT_stim_text: autoDraw = True
346.4968 	EXP 	LDT_fix_text: autoDraw = False
347.1226 	EXP 	Device response: <KeyPress from None: t=347.1146931000003, value=a, duration=None>
347.1229 	EXP 	New trial (rep=0, index=214): <Trial 214 (214 in rep 0) data={'Task': 'LDT', 'TrialType': 'Target', 'Stimuli': 'news', 'StimulusType': 'word', 'CorrectResponse': 'l', 'Trialnumb': 45, 'thisN': 214, 'thisTrialN': 214, 'thisRepN': 0}>
347.1308 	EXP 	LDT_fix_text: autoDraw = False
347.1308 	EXP 	LDT_stim_text: autoDraw = False
347.1308 	EXP 	LDT_break_text: autoDraw = False
347.1308 	EXP 	LDT_stim_text: height = np.float64(0.1)
347.1308 	EXP 	LDT_stim_text: height = np.float64(0.1)
347.1308 	EXP 	LDT_stim_text: height = np.float64(0.1)
347.1308 	EXP 	LDT_stim_text: text = 'news'
347.1308 	EXP 	LDT_fix_text: autoDraw = True
347.1313 	DATA 	Keypress: a
347.2645 	EXP 	Device response: <KeyPress from None: t=347.1146931000003, value=a, duration=0.1434016999992309>
347.6146 	EXP 	LDT_stim_text: autoDraw = True
347.6229 	EXP 	LDT_fix_text: autoDraw = False
348.2989 	EXP 	Device response: <KeyPress from None: t=348.29138859999875, value=l, duration=None>
348.2992 	EXP 	New trial (rep=0, index=215): <Trial 215 (215 in rep 0) data={'Task': 'LDT', 'TrialType': 'Target', 'Stimuli': 'class', 'StimulusType': 'word', 'CorrectResponse': 'l', 'Trialnumb': 19, 'thisN': 215, 'thisTrialN': 215, 'thisRepN': 0}>
348.3070 	EXP 	LDT_fix_text: autoDraw = False
348.3070 	EXP 	LDT_stim_text: autoDraw = False
348.3070 	EXP 	LDT_break_text: autoDraw = False
348.3070 	EXP 	LDT_stim_text: height = np.float64(0.1)
348.3070 	EXP 	LDT_stim_text: height = np.float64(0.1)
348.3070 	EXP 	LDT_stim_text: height = np.float64(0.1)
348.3070 	EXP 	LDT_stim_text: text = 'class'
348.3070 	EXP 	LDT_fix_text: autoDraw = True
348.3075 	DATA 	Keypress: l
348.4073 	EXP 	Device response: <KeyPress from None: t=348.29138859999875, value=l, duration=0.11039639999944484>
348.7907 	EXP 	LDT_stim_text: autoDraw = True
348.7991 	EXP 	LDT_fix_text: autoDraw = False
349.3583 	EXP 	Device response: <KeyPress from None: t=349.35494929999913, value=l, duration=None>
349.3585 	EXP 	New trial (rep=0, index=216): <Trial 216 (216 in rep 0) data={'Task': 'LDT', 'TrialType': 'Target', 'Stimuli': 'work', 'StimulusType': 'word', 'CorrectResponse': 'l', 'Trialnumb': 1, 'thisN': 216, 'thisTrialN': 216, 'thisRepN': 0}>
349.3663 	EXP 	LDT_fix_text: autoDraw = False
349.3663 	EXP 	LDT_stim_text: autoDraw = False
349.3663 	EXP 	LDT_break_text: autoDraw = False
349.3663 	EXP 	LDT_stim_text: height = np.float64(0.1)
349.3663 	EXP 	LDT_stim_text: height = np.float64(0.1)
349.3663 	EXP 	LDT_stim_text: height = np.float64(0.1)
349.3663 	EXP 	LDT_stim_text: text = 'work'
349.3663 	EXP 	LDT_fix_text: autoDraw = True
349.3668 	DATA 	Keypress: l
349.5001 	EXP 	Device response: <KeyPress from None: t=349.35494929999913, value=l, duration=0.14337399999931222>
349.8501 	EXP 	LDT_stim_text: autoDraw = True
349.8585 	EXP 	LDT_fix_text: autoDraw = False
350.3426 	EXP 	Device response: <KeyPress from None: t=350.33942169999864, value=l, duration=None>
350.3428 	EXP 	New trial (rep=0, index=217): <Trial 217 (217 in rep 0) data={'Task': 'LDT', 'TrialType': 'Target', 'Stimuli': 'loak', 'StimulusType': 'nonword', 'CorrectResponse': 'a', 'Trialnumb': 169, 'thisN': 217, 'thisTrialN': 217, 'thisRepN': 0}>
350.3506 	EXP 	LDT_fix_text: autoDraw = False
350.3506 	EXP 	LDT_stim_text: autoDraw = False
350.3506 	EXP 	LDT_break_text: autoDraw = False
350.3506 	EXP 	LDT_stim_text: height = np.float64(0.1)
350.3506 	EXP 	LDT_stim_text: height = np.float64(0.1)
350.3506 	EXP 	LDT_stim_text: height = np.float64(0.1)
350.3506 	EXP 	LDT_stim_text: text = 'loak'
350.3506 	EXP 	LDT_fix_text: autoDraw = True
350.3511 	DATA 	Keypress: l
350.4593 	EXP 	Device response: <KeyPress from None: t=350.33942169999864, value=l, duration=0.11897339999995893>
350.8344 	EXP 	LDT_stim_text: autoDraw = True
350.8428 	EXP 	LDT_fix_text: autoDraw = False
351.5437 	EXP 	Device response: <KeyPress from None: t=351.5379334999998, value=a, duration=None>
351.5440 	EXP 	New trial (rep=0, index=218): <Trial 218 (218 in rep 0) data={'Task': 'LDT', 'TrialType': 'Target', 'Stimuli': 'stad', 'StimulusType': 'nonword', 'CorrectResponse': 'a', 'Trialnumb': 116, 'thisN': 218, 'thisTrialN': 218, 'thisRepN': 0}>
351.5520 	EXP 	LDT_fix_text: autoDraw = False
351.5520 	EXP 	LDT_stim_text: autoDraw = False
351.5520 	EXP 	LDT_break_text: autoDraw = False
351.5520 	EXP 	LDT_stim_text: height = np.float64(0.1)
351.5520 	EXP 	LDT_stim_text: height = np.float64(0.1)
351.5520 	EXP 	LDT_stim_text: height = np.float64(0.1)
351.5520 	EXP 	LDT_stim_text: text = 'stad'
351.5520 	EXP 	LDT_fix_text: autoDraw = True
351.5525 	DATA 	Keypress: a
351.6774 	EXP 	Device response: <KeyPress from None: t=351.5379334999998, value=a, duration=0.13583959999959916>
352.0357 	EXP 	LDT_stim_text: autoDraw = True
352.0440 	EXP 	LDT_fix_text: autoDraw = False
353.1871 	EXP 	Device response: <KeyPress from None: t=353.18663730000117, value=a, duration=None>
353.1873 	EXP 	New trial (rep=0, index=219): <Trial 219 (219 in rep 0) data={'Task': 'LDT', 'TrialType': 'Target', 'Stimuli': 'dry', 'StimulusType': 'word', 'CorrectResponse': 'l', 'Trialnumb': 77, 'thisN': 219, 'thisTrialN': 219, 'thisRepN': 0}>
353.1951 	EXP 	LDT_fix_text: autoDraw = False
353.1951 	EXP 	LDT_stim_text: autoDraw = False
353.1951 	EXP 	LDT_break_text: autoDraw = False
353.1951 	EXP 	LDT_stim_text: height = np.float64(0.1)
353.1951 	EXP 	LDT_stim_text: height = np.float64(0.1)
353.1951 	EXP 	LDT_stim_text: height = np.float64(0.1)
353.1951 	EXP 	LDT_stim_text: text = 'dry'
353.1951 	EXP 	LDT_fix_text: autoDraw = True
353.1957 	DATA 	Keypress: a
353.3289 	EXP 	Device response: <KeyPress from None: t=353.18663730000117, value=a, duration=0.13568449999729637>
353.6790 	EXP 	LDT_stim_text: autoDraw = True
353.6873 	EXP 	LDT_fix_text: autoDraw = False
354.2882 	EXP 	Device response: <KeyPress from None: t=354.28337399999873, value=l, duration=None>
354.2885 	EXP 	New trial (rep=0, index=220): <Trial 220 (220 in rep 0) data={'Task': 'LDT', 'TrialType': 'Target', 'Stimuli': 'hoon', 'StimulusType': 'nonword', 'CorrectResponse': 'a', 'Trialnumb': 155, 'thisN': 220, 'thisTrialN': 220, 'thisRepN': 0}>
354.2962 	EXP 	LDT_fix_text: autoDraw = False
354.2962 	EXP 	LDT_stim_text: autoDraw = False
354.2962 	EXP 	LDT_break_text: autoDraw = False
354.2962 	EXP 	LDT_stim_text: height = np.float64(0.1)
354.2962 	EXP 	LDT_stim_text: height = np.float64(0.1)
354.2962 	EXP 	LDT_stim_text: height = np.float64(0.1)
354.2962 	EXP 	LDT_stim_text: text = 'hoon'
354.2962 	EXP 	LDT_fix_text: autoDraw = True
354.2968 	DATA 	Keypress: l
354.4217 	EXP 	Device response: <KeyPress from None: t=354.28337399999873, value=l, duration=0.13524650000181282>
354.7801 	EXP 	LDT_stim_text: autoDraw = True
354.7884 	EXP 	LDT_fix_text: autoDraw = False
355.4477 	EXP 	Device response: <KeyPress from None: t=355.4420628000007, value=a, duration=None>
355.4479 	EXP 	New trial (rep=0, index=221): <Trial 221 (221 in rep 0) data={'Task': 'LDT', 'TrialType': 'Target', 'Stimuli': 'hass', 'StimulusType': 'nonword', 'CorrectResponse': 'a', 'Trialnumb': 151, 'thisN': 221, 'thisTrialN': 221, 'thisRepN': 0}>
355.4557 	EXP 	LDT_fix_text: autoDraw = False
355.4557 	EXP 	LDT_stim_text: autoDraw = False
355.4557 	EXP 	LDT_break_text: autoDraw = False
355.4557 	EXP 	LDT_stim_text: height = np.float64(0.1)
355.4557 	EXP 	LDT_stim_text: height = np.float64(0.1)
355.4557 	EXP 	LDT_stim_text: height = np.float64(0.1)
355.4557 	EXP 	LDT_stim_text: text = 'hass'
355.4557 	EXP 	LDT_fix_text: autoDraw = True
355.4562 	DATA 	Keypress: a
355.5811 	EXP 	Device response: <KeyPress from None: t=355.4420628000007, value=a, duration=0.13615659999777563>
355.9395 	EXP 	LDT_stim_text: autoDraw = True
355.9479 	EXP 	LDT_fix_text: autoDraw = False
356.6822 	EXP 	Device response: <KeyPress from None: t=356.67437829999835, value=a, duration=None>
356.6903 	EXP 	LDT_fix_text: autoDraw = False
356.6903 	EXP 	LDT_stim_text: autoDraw = False
356.6903 	EXP 	LDT_break_text: autoDraw = False
356.6903 	EXP 	end_text: autoDraw = True
356.6909 	DATA 	Keypress: a
356.8490 	EXP 	Device response: <KeyPress from None: t=356.67437829999835, value=a, duration=0.1676779000008537>
357.5915 	EXP 	Device response: <KeyPress from None: t=357.5864115000004, value=space, duration=None>
357.6000 	DATA 	Keypress: space
357.7082 	EXP 	Device response: <KeyPress from None: t=357.5864115000004, value=space, duration=0.11977750000005472>
359.6849 	EXP 	end_text: autoDraw = False
359.6849 	EXP 	end_text: autoDraw = False
359.6850 	EXP 	online_LDT&KRT: status = STOPPED
