0.8204 	WARNING 	We strongly recommend you activate the PTB sound engine in PsychoPy prefs as the preferred audio engine. Its timing is vastly superior. Your prefs are currently set to use ['sounddevice', 'PTB', 'pyo', 'pygame'] (in that order).
1.5792 	WARNING 	Font Manager failed to load file C:\Users\user\AppData\Local\Microsoft\Windows\Fonts\210 하얀바람L.ttf
1.5799 	WARNING 	Font Manager failed to load file C:\Users\user\AppData\Local\Microsoft\Windows\Fonts\a고딕10.ttf
1.5826 	WARNING 	Font Manager failed to load file C:\Users\user\AppData\Local\Microsoft\Windows\Fonts\210 나무고딕R.ttf
1.5857 	WARNING 	Font Manager failed to load file C:\Users\user\AppData\Local\Microsoft\Windows\Fonts\210 나무고딕EB.ttf
1.5863 	WARNING 	Font Manager failed to load file C:\Users\user\AppData\Local\Microsoft\Windows\Fonts\a고딕14.ttf
1.5864 	WARNING 	Font Manager failed to load file C:\Users\user\AppData\Local\Microsoft\Windows\Fonts\210 카툰스토리R.ttf
1.5893 	WARNING 	Font Manager failed to load file C:\Users\user\AppData\Local\Microsoft\Windows\Fonts\210 하얀바람B.ttf
1.5895 	WARNING 	Font Manager failed to load file C:\Users\user\AppData\Local\Microsoft\Windows\Fonts\210 동화책L.ttf
1.5917 	WARNING 	Font Manager failed to load file C:\Users\user\AppData\Local\Microsoft\Windows\Fonts\210 씨앗B.ttf
1.5964 	WARNING 	Font Manager failed to load file C:\Users\user\AppData\Local\Microsoft\Windows\Fonts\아리따-돋움(TTF)-Medium.ttf
1.5967 	WARNING 	Font Manager failed to load file C:\Users\user\AppData\Local\Microsoft\Windows\Fonts\210 콤퓨타세탁B.ttf
1.5974 	WARNING 	Font Manager failed to load file C:\Users\user\AppData\Local\Microsoft\Windows\Fonts\a고딕16.ttf
1.5995 	WARNING 	Font Manager failed to load file C:\Users\user\AppData\Local\Microsoft\Windows\Fonts\210 나무고딕B.ttf
1.5996 	WARNING 	Font Manager failed to load file C:\Users\user\AppData\Local\Microsoft\Windows\Fonts\210 맨발의청춘R.ttf
1.6011 	WARNING 	Font Manager failed to load file C:\Users\user\AppData\Local\Microsoft\Windows\Fonts\a고딕11.ttf
1.6017 	WARNING 	Font Manager failed to load file C:\Users\user\AppData\Local\Microsoft\Windows\Fonts\a뉴굴림2.ttf
1.6018 	WARNING 	Font Manager failed to load file C:\Users\user\AppData\Local\Microsoft\Windows\Fonts\서울남산 장체M.ttf
1.6026 	WARNING 	Font Manager failed to load file C:\Users\user\AppData\Local\Microsoft\Windows\Fonts\210 동화책B.ttf
1.6101 	WARNING 	Font Manager failed to load file C:\Users\user\AppData\Local\Microsoft\Windows\Fonts\아리따-돋움(TTF)-Thin.ttf
1.6122 	WARNING 	Font Manager failed to load file C:\Users\user\AppData\Local\Microsoft\Windows\Fonts\210 씨앗R.ttf
1.6143 	WARNING 	Font Manager failed to load file C:\Users\user\AppData\Local\Microsoft\Windows\Fonts\아리따-돋움(TTF)-Light.ttf
1.6166 	WARNING 	Font Manager failed to load file C:\Users\user\AppData\Local\Microsoft\Windows\Fonts\210 나무고딕L.ttf
1.6167 	WARNING 	Font Manager failed to load file C:\Users\user\AppData\Local\Microsoft\Windows\Fonts\210 카툰스토리L.ttf
1.6184 	WARNING 	Font Manager failed to load file C:\Users\user\AppData\Local\Microsoft\Windows\Fonts\a고딕15.ttf
1.6189 	WARNING 	Font Manager failed to load file C:\Users\user\AppData\Local\Microsoft\Windows\Fonts\210 씨앗L.ttf
1.6194 	WARNING 	Font Manager failed to load file C:\Users\user\AppData\Local\Microsoft\Windows\Fonts\a뉴굴림4.ttf
1.6218 	WARNING 	Font Manager failed to load file C:\Users\user\AppData\Local\Microsoft\Windows\Fonts\서울남산 장체EB.ttf
1.6231 	WARNING 	Font Manager failed to load file C:\Users\user\AppData\Local\Microsoft\Windows\Fonts\a뉴굴림3.ttf
1.6232 	WARNING 	Font Manager failed to load file C:\Users\user\AppData\Local\Microsoft\Windows\Fonts\210 상상공작소R.ttf
1.6247 	WARNING 	Font Manager failed to load file C:\Users\user\AppData\Local\Microsoft\Windows\Fonts\210 상상공작소L.ttf
1.6262 	WARNING 	Font Manager failed to load file C:\Users\user\AppData\Local\Microsoft\Windows\Fonts\210 하얀바람R.ttf
1.6338 	WARNING 	Font Manager failed to load file C:\Users\user\AppData\Local\Microsoft\Windows\Fonts\서울남산 장체BL.ttf
1.6394 	WARNING 	Font Manager failed to load file C:\Users\user\AppData\Local\Microsoft\Windows\Fonts\210 동화책R.ttf
1.6403 	WARNING 	Font Manager failed to load file C:\Users\user\AppData\Local\Microsoft\Windows\Fonts\나눔고딕L.ttf
1.6414 	WARNING 	Font Manager failed to load file C:\Users\user\AppData\Local\Microsoft\Windows\Fonts\210 콤퓨타세탁L.ttf
1.6419 	WARNING 	Font Manager failed to load file C:\Users\user\AppData\Local\Microsoft\Windows\Fonts\아리따-돋움(TTF)-SemiBold.ttf
1.6453 	WARNING 	Font Manager failed to load file C:\Users\user\AppData\Local\Microsoft\Windows\Fonts\a시나리오.ttf
1.6490 	WARNING 	Font Manager failed to load file C:\Users\user\AppData\Local\Microsoft\Windows\Fonts\아리따-돋움(TTF)-Bold.ttf
1.6499 	WARNING 	Font Manager failed to load file C:\Users\user\AppData\Local\Microsoft\Windows\Fonts\a고딕12.ttf
1.6543 	WARNING 	Font Manager failed to load file C:\Users\user\AppData\Local\Microsoft\Windows\Fonts\210 맨발의청춘B.ttf
1.6547 	WARNING 	Font Manager failed to load file C:\Users\user\AppData\Local\Microsoft\Windows\Fonts\서울남산 장체L.ttf
1.6550 	WARNING 	Font Manager failed to load file C:\Users\user\AppData\Local\Microsoft\Windows\Fonts\210 맨발의청춘L.ttf
1.6560 	WARNING 	Font Manager failed to load file C:\Users\user\AppData\Local\Microsoft\Windows\Fonts\210 콤퓨타세탁R.ttf
1.6597 	WARNING 	Font Manager failed to load file C:\Users\user\AppData\Local\Microsoft\Windows\Fonts\a고딕13.ttf
1.6609 	WARNING 	Font Manager failed to load file C:\Users\user\AppData\Local\Microsoft\Windows\Fonts\210 상상공작소B.ttf
1.6616 	WARNING 	Font Manager failed to load file C:\Users\user\AppData\Local\Microsoft\Windows\Fonts\서울남산 장체B.ttf
1.6636 	WARNING 	Font Manager failed to load file C:\Users\user\AppData\Local\Microsoft\Windows\Fonts\a뉴굴림1.ttf
1.6662 	WARNING 	Font Manager failed to load file C:\Users\user\AppData\Local\Microsoft\Windows\Fonts\210 카툰스토리B.ttf
1.8759 	WARNING 	Font Manager failed to load file C:\Users\user\AppData\Local\Microsoft\Windows\Fonts\210 하얀바람L.ttf
1.8766 	WARNING 	Font Manager failed to load file C:\Users\user\AppData\Local\Microsoft\Windows\Fonts\a고딕10.ttf
1.8793 	WARNING 	Font Manager failed to load file C:\Users\user\AppData\Local\Microsoft\Windows\Fonts\210 나무고딕R.ttf
1.8823 	WARNING 	Font Manager failed to load file C:\Users\user\AppData\Local\Microsoft\Windows\Fonts\210 나무고딕EB.ttf
1.8828 	WARNING 	Font Manager failed to load file C:\Users\user\AppData\Local\Microsoft\Windows\Fonts\a고딕14.ttf
1.8829 	WARNING 	Font Manager failed to load file C:\Users\user\AppData\Local\Microsoft\Windows\Fonts\210 카툰스토리R.ttf
1.8859 	WARNING 	Font Manager failed to load file C:\Users\user\AppData\Local\Microsoft\Windows\Fonts\210 하얀바람B.ttf
1.8860 	WARNING 	Font Manager failed to load file C:\Users\user\AppData\Local\Microsoft\Windows\Fonts\210 동화책L.ttf
1.8883 	WARNING 	Font Manager failed to load file C:\Users\user\AppData\Local\Microsoft\Windows\Fonts\210 씨앗B.ttf
1.8929 	WARNING 	Font Manager failed to load file C:\Users\user\AppData\Local\Microsoft\Windows\Fonts\아리따-돋움(TTF)-Medium.ttf
1.8932 	WARNING 	Font Manager failed to load file C:\Users\user\AppData\Local\Microsoft\Windows\Fonts\210 콤퓨타세탁B.ttf
1.8939 	WARNING 	Font Manager failed to load file C:\Users\user\AppData\Local\Microsoft\Windows\Fonts\a고딕16.ttf
1.8960 	WARNING 	Font Manager failed to load file C:\Users\user\AppData\Local\Microsoft\Windows\Fonts\210 나무고딕B.ttf
1.8961 	WARNING 	Font Manager failed to load file C:\Users\user\AppData\Local\Microsoft\Windows\Fonts\210 맨발의청춘R.ttf
1.8975 	WARNING 	Font Manager failed to load file C:\Users\user\AppData\Local\Microsoft\Windows\Fonts\a고딕11.ttf
1.8981 	WARNING 	Font Manager failed to load file C:\Users\user\AppData\Local\Microsoft\Windows\Fonts\a뉴굴림2.ttf
1.8982 	WARNING 	Font Manager failed to load file C:\Users\user\AppData\Local\Microsoft\Windows\Fonts\서울남산 장체M.ttf
1.8990 	WARNING 	Font Manager failed to load file C:\Users\user\AppData\Local\Microsoft\Windows\Fonts\210 동화책B.ttf
1.9067 	WARNING 	Font Manager failed to load file C:\Users\user\AppData\Local\Microsoft\Windows\Fonts\아리따-돋움(TTF)-Thin.ttf
1.9087 	WARNING 	Font Manager failed to load file C:\Users\user\AppData\Local\Microsoft\Windows\Fonts\210 씨앗R.ttf
1.9107 	WARNING 	Font Manager failed to load file C:\Users\user\AppData\Local\Microsoft\Windows\Fonts\아리따-돋움(TTF)-Light.ttf
1.9129 	WARNING 	Font Manager failed to load file C:\Users\user\AppData\Local\Microsoft\Windows\Fonts\210 나무고딕L.ttf
1.9131 	WARNING 	Font Manager failed to load file C:\Users\user\AppData\Local\Microsoft\Windows\Fonts\210 카툰스토리L.ttf
1.9148 	WARNING 	Font Manager failed to load file C:\Users\user\AppData\Local\Microsoft\Windows\Fonts\a고딕15.ttf
1.9153 	WARNING 	Font Manager failed to load file C:\Users\user\AppData\Local\Microsoft\Windows\Fonts\210 씨앗L.ttf
1.9158 	WARNING 	Font Manager failed to load file C:\Users\user\AppData\Local\Microsoft\Windows\Fonts\a뉴굴림4.ttf
1.9182 	WARNING 	Font Manager failed to load file C:\Users\user\AppData\Local\Microsoft\Windows\Fonts\서울남산 장체EB.ttf
1.9195 	WARNING 	Font Manager failed to load file C:\Users\user\AppData\Local\Microsoft\Windows\Fonts\a뉴굴림3.ttf
1.9196 	WARNING 	Font Manager failed to load file C:\Users\user\AppData\Local\Microsoft\Windows\Fonts\210 상상공작소R.ttf
1.9211 	WARNING 	Font Manager failed to load file C:\Users\user\AppData\Local\Microsoft\Windows\Fonts\210 상상공작소L.ttf
1.9220 	WARNING 	Font Manager failed to load file C:\Users\user\AppData\Local\Microsoft\Windows\Fonts\210 하얀바람R.ttf
1.9295 	WARNING 	Font Manager failed to load file C:\Users\user\AppData\Local\Microsoft\Windows\Fonts\서울남산 장체BL.ttf
1.9350 	WARNING 	Font Manager failed to load file C:\Users\user\AppData\Local\Microsoft\Windows\Fonts\210 동화책R.ttf
1.9359 	WARNING 	Font Manager failed to load file C:\Users\user\AppData\Local\Microsoft\Windows\Fonts\나눔고딕L.ttf
1.9370 	WARNING 	Font Manager failed to load file C:\Users\user\AppData\Local\Microsoft\Windows\Fonts\210 콤퓨타세탁L.ttf
1.9376 	WARNING 	Font Manager failed to load file C:\Users\user\AppData\Local\Microsoft\Windows\Fonts\아리따-돋움(TTF)-SemiBold.ttf
1.9409 	WARNING 	Font Manager failed to load file C:\Users\user\AppData\Local\Microsoft\Windows\Fonts\a시나리오.ttf
1.9444 	WARNING 	Font Manager failed to load file C:\Users\user\AppData\Local\Microsoft\Windows\Fonts\아리따-돋움(TTF)-Bold.ttf
1.9453 	WARNING 	Font Manager failed to load file C:\Users\user\AppData\Local\Microsoft\Windows\Fonts\a고딕12.ttf
1.9496 	WARNING 	Font Manager failed to load file C:\Users\user\AppData\Local\Microsoft\Windows\Fonts\210 맨발의청춘B.ttf
1.9499 	WARNING 	Font Manager failed to load file C:\Users\user\AppData\Local\Microsoft\Windows\Fonts\서울남산 장체L.ttf
1.9503 	WARNING 	Font Manager failed to load file C:\Users\user\AppData\Local\Microsoft\Windows\Fonts\210 맨발의청춘L.ttf
1.9513 	WARNING 	Font Manager failed to load file C:\Users\user\AppData\Local\Microsoft\Windows\Fonts\210 콤퓨타세탁R.ttf
1.9550 	WARNING 	Font Manager failed to load file C:\Users\user\AppData\Local\Microsoft\Windows\Fonts\a고딕13.ttf
1.9562 	WARNING 	Font Manager failed to load file C:\Users\user\AppData\Local\Microsoft\Windows\Fonts\210 상상공작소B.ttf
1.9569 	WARNING 	Font Manager failed to load file C:\Users\user\AppData\Local\Microsoft\Windows\Fonts\서울남산 장체B.ttf
1.9589 	WARNING 	Font Manager failed to load file C:\Users\user\AppData\Local\Microsoft\Windows\Fonts\a뉴굴림1.ttf
1.9614 	WARNING 	Font Manager failed to load file C:\Users\user\AppData\Local\Microsoft\Windows\Fonts\210 카툰스토리B.ttf
7.9228 	EXP 	Created window1 = Window(allowGUI=False, allowStencil=False, autoLog=True, backendConf=UNKNOWN, backgroundFit=<method-wrapper '__getattribute__' of attributeSetter object at 0x0000018A5703F280>, backgroundImage=<method-wrapper '__getattribute__' of attributeSetter object at 0x0000018A5703F220>, bitsMode=UNKNOWN, blendMode='avg', bpc=(8, 8, 8), color=array([-1., -1., -1.]), colorSpace='rgb', depthBits=8, fullscr=True, gamma=None, gammaErrorPolicy='raise', infoMsg=UNKNOWN, lms=UNKNOWN, monitor=<psychopy.monitors.calibTools.Monitor object at 0x0000018A573105E0>, multiSample=False, name='window1', numSamples=2, pos=[np.float64(0.0), np.float64(0.0)], screen=0, size=array([1920, 1080]), stencilBits=0, stereo=False, title='PsychoPy', units='height', useFBO=True, useRetina=False, viewOri=0.0, viewPos=None, viewScale=None, waitBlanking=True, winType='pyglet')
7.9228 	EXP 	window1: backgroundImage = ''
7.9228 	EXP 	window1: backgroundFit = 'none'
8.1810 	EXP 	window1: Attempting to measure frame rate of screen (0) ...
8.1811 	EXP 	window1: recordFrameIntervals = False
8.3150 	EXP 	window1: recordFrameIntervals = True
8.4061 	EXP 	Screen (0) actual frame rate measured at 120.94Hz
8.4061 	EXP 	window1: recordFrameIntervals = False
9.5882 	EXP 	online_LDT&KRT: status = STARTED
9.6780 	EXP 	Created intro_text = TextStim(__class__=<class 'psychopy.visual.text.TextStim'>, alignHoriz=method-wrapper(...), alignText='center', alignVert=method-wrapper(...), anchorHoriz='center', anchorVert='center', antialias=True, autoDraw=False, autoLog=True, bold=False, color=array([1., 1., 1.]), colorSpace='rgb', contrast=1.0, depth=0.0, draggable=False, flipHoriz=False, flipVert=False, font='NanumGothic', fontFiles=[], height=np.float64(0.03), italic=False, languageStyle='LTR', name='intro_text', opacity=1, ori=0.0, pos=array([0., 0.]), rgb=UNKNOWN, text=str(...), units='height', win=Window(...), wrapWidth=1)
9.6983 	EXP 	Created LDT_intro_instr = TextStim(__class__=<class 'psychopy.visual.text.TextStim'>, alignHoriz=method-wrapper(...), alignText='center', alignVert=method-wrapper(...), anchorHoriz='center', anchorVert='center', antialias=True, autoDraw=False, autoLog=True, bold=False, color=array([1., 1., 1.]), colorSpace='rgb', contrast=1.0, depth=0.0, draggable=False, flipHoriz=False, flipVert=False, font='NanumGothic', fontFiles=[], height=np.float64(0.03), italic=False, languageStyle='LTR', name='LDT_intro_instr', opacity=1, ori=0.0, pos=array([0. , 0.2]), rgb=UNKNOWN, text=str(...), units='height', win=Window(...), wrapWidth=1)
9.7100 	EXP 	Created keyboard_LDT = ImageStim(__class__=<class 'psychopy.visual.image.ImageStim'>, anchor=('center', 'center'), autoLog=True, color=array([1., 1., 1.]), colorSpace='rgb', contrast=1.0, depth=-2.0, draggable=False, flipHoriz=np.False_, flipVert=np.False_, image='keyboard_LDT_RR.png', interpolate=True, mask=None, maskParams=None, name='keyboard_LDT', opacity=1, ori=0.0, pos=array([ 0. , -0.2]), size=array([0.6 , 0.35]), texRes=128.0, units='height', win=Window(...))
9.7128 	EXP 	Created LDT_prac_fix_text = TextStim(__class__=<class 'psychopy.visual.text.TextStim'>, alignHoriz=method-wrapper(...), alignText='center', alignVert=method-wrapper(...), anchorHoriz='center', anchorVert='center', antialias=True, autoDraw=False, autoLog=True, bold=False, color=array([1., 1., 1.]), colorSpace='rgb', contrast=1.0, depth=0.0, draggable=False, flipHoriz=False, flipVert=False, font='NanumGothic', fontFiles=[], height=np.float64(0.1), italic=False, languageStyle='LTR', name='LDT_prac_fix_text', opacity=1, ori=0, pos=array([0., 0.]), rgb=UNKNOWN, text='+', units='height', win=Window(...), wrapWidth=1)
9.7132 	EXP 	Created LDT_prac_stim_text = TextStim(__class__=<class 'psychopy.visual.text.TextStim'>, alignHoriz=method-wrapper(...), alignText='center', alignVert=method-wrapper(...), anchorHoriz='center', anchorVert='center', antialias=True, autoDraw=False, autoLog=True, bold=False, color=array([1., 1., 1.]), colorSpace='rgb', contrast=1.0, depth=-1.0, draggable=False, flipHoriz=False, flipVert=False, font='NanumGothic', fontFiles=[], height=0.1, italic=False, languageStyle='LTR', name='LDT_prac_stim_text', opacity=1, ori=0, pos=array([0., 0.]), rgb=UNKNOWN, text='', units='height', win=Window(...), wrapWidth=1)
9.7139 	EXP 	Created LDT_feedback_text = TextStim(__class__=<class 'psychopy.visual.text.TextStim'>, alignHoriz=method-wrapper(...), alignText='center', alignVert=method-wrapper(...), anchorHoriz='center', anchorVert='center', antialias=True, autoDraw=False, autoLog=True, bold=False, color=array([1., 1., 1.]), colorSpace='rgb', contrast=1.0, depth=-1.0, draggable=False, flipHoriz=False, flipVert=False, font='NanumGothic', fontFiles=[], height=0.05, italic=False, languageStyle='LTR', name='LDT_feedback_text', opacity=1, ori=0, pos=array([0., 0.]), rgb=UNKNOWN, text='', units='height', win=Window(...), wrapWidth=1)
9.7274 	EXP 	Created LDT_instr_text = TextStim(__class__=<class 'psychopy.visual.text.TextStim'>, alignHoriz=method-wrapper(...), alignText='center', alignVert=method-wrapper(...), anchorHoriz='center', anchorVert='center', antialias=True, autoDraw=False, autoLog=True, bold=False, color=array([1., 1., 1.]), colorSpace='rgb', contrast=1.0, depth=0.0, draggable=False, flipHoriz=False, flipVert=False, font='NanumGothic', fontFiles=[], height=np.float64(0.03), italic=False, languageStyle='LTR', name='LDT_instr_text', opacity=1, ori=0, pos=array([0., 0.]), rgb=UNKNOWN, text=str(...), units='height', win=Window(...), wrapWidth=1)
9.7288 	EXP 	Created LDT_fix_text = TextStim(__class__=<class 'psychopy.visual.text.TextStim'>, alignHoriz=method-wrapper(...), alignText='center', alignVert=method-wrapper(...), anchorHoriz='center', anchorVert='center', antialias=True, autoDraw=False, autoLog=True, bold=False, color=array([1., 1., 1.]), colorSpace='rgb', contrast=1.0, depth=0.0, draggable=False, flipHoriz=False, flipVert=False, font='NanumGothic', fontFiles=[], height=np.float64(0.1), italic=False, languageStyle='LTR', name='LDT_fix_text', opacity=1, ori=0, pos=array([0., 0.]), rgb=UNKNOWN, text='+', units='height', win=Window(...), wrapWidth=1)
9.7292 	EXP 	Created LDT_stim_text = TextStim(__class__=<class 'psychopy.visual.text.TextStim'>, alignHoriz=method-wrapper(...), alignText='center', alignVert=method-wrapper(...), anchorHoriz='center', anchorVert='center', antialias=True, autoDraw=False, autoLog=True, bold=False, color=array([1., 1., 1.]), colorSpace='rgb', contrast=1.0, depth=-1.0, draggable=False, flipHoriz=False, flipVert=False, font='NanumGothic', fontFiles=[], height=0.1, italic=False, languageStyle='LTR', name='LDT_stim_text', opacity=1, ori=0, pos=array([0., 0.]), rgb=UNKNOWN, text='', units='height', win=Window(...), wrapWidth=1)
9.7348 	EXP 	Created LDT_break_text = TextStim(__class__=<class 'psychopy.visual.text.TextStim'>, alignHoriz=method-wrapper(...), alignText='center', alignVert=method-wrapper(...), anchorHoriz='center', anchorVert='center', antialias=True, autoDraw=False, autoLog=True, bold=False, color=array([1., 1., 1.]), colorSpace='rgb', contrast=1.0, depth=-1.0, draggable=False, flipHoriz=False, flipVert=False, font='NanumGothic', fontFiles=[], height=np.float64(0.03), italic=False, languageStyle='LTR', name='LDT_break_text', opacity=1, ori=0.0, pos=array([0., 0.]), rgb=UNKNOWN, text=str(...), units='height', win=Window(...), wrapWidth=1)
9.7402 	EXP 	Created end_text = TextStim(__class__=<class 'psychopy.visual.text.TextStim'>, alignHoriz=method-wrapper(...), alignText='center', alignVert=method-wrapper(...), anchorHoriz='center', anchorVert='center', antialias=True, autoDraw=False, autoLog=True, bold=False, color=array([1., 1., 1.]), colorSpace='rgb', contrast=1.0, depth=0.0, draggable=False, flipHoriz=False, flipVert=False, font='NanumGothic', fontFiles=[], height=np.float64(0.03), italic=False, languageStyle='LTR', name='end_text', opacity=1, ori=0, pos=array([0., 0.]), rgb=UNKNOWN, text='실험이 종료되었습니다. \n\n실험에 참여해 주셔서 감사합니다.\n\n', units='height', win=Window(...), wrapWidth=1)
0.0169 	EXP 	intro_text: autoDraw = True
2.0983 	EXP 	Device response: <KeyPress from None: t=2.090272900008131, value=space, duration=None>
2.1107 	EXP 	intro_text: autoDraw = False
2.1107 	EXP 	LDT_intro_instr: autoDraw = True
2.1107 	EXP 	keyboard_LDT: autoDraw = True
2.1114 	DATA 	Keypress: space
2.2444 	EXP 	Device response: <KeyPress from None: t=2.090272900008131, value=space, duration=0.1523637999780476>
14.2981 	EXP 	Device response: <KeyPress from None: t=14.290108799992595, value=space, duration=None>
14.3025 	EXP 	Imported LDT_pracStim.xlsx as conditions, 10 conditions, 5 params
14.3027 	EXP 	New trial (rep=0, index=0): <Trial 0 (0 in rep 0) data={'Task': 'LDT', 'TrialType': 'Practice', 'Stimuli': 'huftuk', 'CorrectResponse': 'a', 'StimulusType': 'nonword', 'thisN': 0, 'thisTrialN': 0, 'thisRepN': 0}>
14.3146 	EXP 	LDT_intro_instr: autoDraw = False
14.3146 	EXP 	keyboard_LDT: autoDraw = False
14.3146 	EXP 	LDT_prac_stim_text: height = np.float64(0.1)
14.3146 	EXP 	LDT_prac_stim_text: height = np.float64(0.1)
14.3146 	EXP 	LDT_prac_stim_text: height = np.float64(0.1)
14.3146 	EXP 	LDT_prac_stim_text: text = 'huftuk'
14.3146 	EXP 	LDT_prac_fix_text: autoDraw = True
14.3151 	DATA 	Keypress: space
14.4401 	EXP 	Device response: <KeyPress from None: t=14.290108799992595, value=space, duration=0.14408080000430346>
14.7900 	EXP 	LDT_prac_stim_text: autoDraw = True
14.8067 	EXP 	LDT_prac_fix_text: autoDraw = False
16.9007 	EXP 	Device response: <KeyPress from None: t=16.898760000010952, value=a, duration=None>
16.9081 	EXP 	LDT_prac_fix_text: autoDraw = False
16.9081 	EXP 	LDT_prac_stim_text: autoDraw = False
16.9081 	EXP 	LDT_feedback_text: height = np.float64(0.05)
16.9081 	EXP 	LDT_feedback_text: height = np.float64(0.05)
16.9081 	EXP 	LDT_feedback_text: height = np.float64(0.05)
16.9081 	EXP 	LDT_feedback_text: text = '정답입니다!'
16.9081 	EXP 	LDT_feedback_text: autoDraw = True
16.9085 	DATA 	Keypress: a
16.9925 	EXP 	Device response: <KeyPress from None: t=16.898760000010952, value=a, duration=0.0879352999618277>
17.8934 	EXP 	New trial (rep=0, index=1): <Trial 1 (1 in rep 0) data={'Task': 'LDT', 'TrialType': 'Practice', 'Stimuli': 'concept', 'CorrectResponse': 'l', 'StimulusType': 'word', 'thisN': 1, 'thisTrialN': 1, 'thisRepN': 0}>
17.9018 	EXP 	LDT_feedback_text: autoDraw = False
17.9018 	EXP 	LDT_feedback_text: autoDraw = False
17.9018 	EXP 	LDT_prac_stim_text: height = np.float64(0.1)
17.9018 	EXP 	LDT_prac_stim_text: height = np.float64(0.1)
17.9018 	EXP 	LDT_prac_stim_text: height = np.float64(0.1)
17.9018 	EXP 	LDT_prac_stim_text: text = 'concept'
17.9018 	EXP 	LDT_prac_fix_text: autoDraw = True
18.3936 	EXP 	LDT_prac_fix_text: autoDraw = False
18.3936 	EXP 	LDT_prac_stim_text: autoDraw = True
19.0529 	EXP 	Device response: <KeyPress from None: t=19.050596899993252, value=l, duration=None>
19.0609 	EXP 	LDT_prac_fix_text: autoDraw = False
19.0609 	EXP 	LDT_prac_stim_text: autoDraw = False
19.0609 	EXP 	LDT_feedback_text: text = '정답입니다!'
19.0609 	EXP 	LDT_feedback_text: autoDraw = True
19.0615 	DATA 	Keypress: l
19.1529 	EXP 	Device response: <KeyPress from None: t=19.050596899993252, value=l, duration=0.09605940000619739>
20.0455 	EXP 	New trial (rep=0, index=2): <Trial 2 (2 in rep 0) data={'Task': 'LDT', 'TrialType': 'Practice', 'Stimuli': 'cucumber', 'CorrectResponse': 'l', 'StimulusType': 'word', 'thisN': 2, 'thisTrialN': 2, 'thisRepN': 0}>
20.0537 	EXP 	LDT_feedback_text: autoDraw = False
20.0537 	EXP 	LDT_feedback_text: autoDraw = False
20.0537 	EXP 	LDT_prac_stim_text: height = np.float64(0.1)
20.0537 	EXP 	LDT_prac_stim_text: height = np.float64(0.1)
20.0537 	EXP 	LDT_prac_stim_text: height = np.float64(0.1)
20.0537 	EXP 	LDT_prac_stim_text: text = 'cucumber'
20.0537 	EXP 	LDT_prac_fix_text: autoDraw = True
20.5457 	EXP 	LDT_prac_fix_text: autoDraw = False
20.5457 	EXP 	LDT_prac_stim_text: autoDraw = True
21.5470 	EXP 	Device response: <KeyPress from None: t=21.54653250001138, value=l, duration=None>
21.5551 	EXP 	LDT_prac_fix_text: autoDraw = False
21.5551 	EXP 	LDT_prac_stim_text: autoDraw = False
21.5551 	EXP 	LDT_feedback_text: text = '정답입니다!'
21.5551 	EXP 	LDT_feedback_text: autoDraw = True
21.5557 	DATA 	Keypress: l
21.6389 	EXP 	Device response: <KeyPress from None: t=21.54653250001138, value=l, duration=0.08751789998495951>
22.5396 	EXP 	New trial (rep=0, index=3): <Trial 3 (3 in rep 0) data={'Task': 'LDT', 'TrialType': 'Practice', 'Stimuli': 'yami', 'CorrectResponse': 'a', 'StimulusType': 'nonword', 'thisN': 3, 'thisTrialN': 3, 'thisRepN': 0}>
22.5477 	EXP 	LDT_feedback_text: autoDraw = False
22.5477 	EXP 	LDT_feedback_text: autoDraw = False
22.5477 	EXP 	LDT_prac_stim_text: height = np.float64(0.1)
22.5477 	EXP 	LDT_prac_stim_text: height = np.float64(0.1)
22.5477 	EXP 	LDT_prac_stim_text: height = np.float64(0.1)
22.5477 	EXP 	LDT_prac_stim_text: text = 'yami'
22.5477 	EXP 	LDT_prac_fix_text: autoDraw = True
23.0398 	EXP 	LDT_prac_fix_text: autoDraw = False
23.0398 	EXP 	LDT_prac_stim_text: autoDraw = True
24.1996 	EXP 	Device response: <KeyPress from None: t=24.194802100013476, value=a, duration=None>
24.2077 	EXP 	LDT_prac_fix_text: autoDraw = False
24.2077 	EXP 	LDT_prac_stim_text: autoDraw = False
24.2077 	EXP 	LDT_feedback_text: text = '정답입니다!'
24.2077 	EXP 	LDT_feedback_text: autoDraw = True
24.2083 	DATA 	Keypress: a
24.2830 	EXP 	Device response: <KeyPress from None: t=24.194802100013476, value=a, duration=0.07988799997838214>
25.1923 	EXP 	New trial (rep=0, index=4): <Trial 4 (4 in rep 0) data={'Task': 'LDT', 'TrialType': 'Practice', 'Stimuli': 'format', 'CorrectResponse': 'l', 'StimulusType': 'word', 'thisN': 4, 'thisTrialN': 4, 'thisRepN': 0}>
25.2005 	EXP 	LDT_feedback_text: autoDraw = False
25.2005 	EXP 	LDT_feedback_text: autoDraw = False
25.2005 	EXP 	LDT_prac_stim_text: height = np.float64(0.1)
25.2005 	EXP 	LDT_prac_stim_text: height = np.float64(0.1)
25.2005 	EXP 	LDT_prac_stim_text: height = np.float64(0.1)
25.2005 	EXP 	LDT_prac_stim_text: text = 'format'
25.2005 	EXP 	LDT_prac_fix_text: autoDraw = True
25.6925 	EXP 	LDT_prac_fix_text: autoDraw = False
25.6925 	EXP 	LDT_prac_stim_text: autoDraw = True
26.6104 	EXP 	Device response: <KeyPress from None: t=26.602984600001946, value=l, duration=None>
26.6184 	EXP 	LDT_prac_fix_text: autoDraw = False
26.6184 	EXP 	LDT_prac_stim_text: autoDraw = False
26.6184 	EXP 	LDT_feedback_text: text = '정답입니다!'
26.6184 	EXP 	LDT_feedback_text: autoDraw = True
26.6190 	DATA 	Keypress: l
26.7105 	EXP 	Device response: <KeyPress from None: t=26.602984600001946, value=l, duration=0.10315270000137389>
27.6030 	EXP 	New trial (rep=0, index=5): <Trial 5 (5 in rep 0) data={'Task': 'LDT', 'TrialType': 'Practice', 'Stimuli': 'truck', 'CorrectResponse': 'l', 'StimulusType': 'word', 'thisN': 5, 'thisTrialN': 5, 'thisRepN': 0}>
27.6111 	EXP 	LDT_feedback_text: autoDraw = False
27.6111 	EXP 	LDT_feedback_text: autoDraw = False
27.6111 	EXP 	LDT_prac_stim_text: height = np.float64(0.1)
27.6111 	EXP 	LDT_prac_stim_text: height = np.float64(0.1)
27.6111 	EXP 	LDT_prac_stim_text: height = np.float64(0.1)
27.6111 	EXP 	LDT_prac_stim_text: text = 'truck'
27.6111 	EXP 	LDT_prac_fix_text: autoDraw = True
28.1032 	EXP 	LDT_prac_fix_text: autoDraw = False
28.1032 	EXP 	LDT_prac_stim_text: autoDraw = True
28.7709 	EXP 	Device response: <KeyPress from None: t=28.770395300001837, value=l, duration=None>
28.7789 	EXP 	LDT_prac_fix_text: autoDraw = False
28.7789 	EXP 	LDT_prac_stim_text: autoDraw = False
28.7789 	EXP 	LDT_feedback_text: text = '정답입니다!'
28.7789 	EXP 	LDT_feedback_text: autoDraw = True
28.7794 	DATA 	Keypress: l
28.8543 	EXP 	Device response: <KeyPress from None: t=28.770395300001837, value=l, duration=0.07965169998351485>
29.7635 	EXP 	New trial (rep=0, index=6): <Trial 6 (6 in rep 0) data={'Task': 'LDT', 'TrialType': 'Practice', 'Stimuli': 'cluerk', 'CorrectResponse': 'a', 'StimulusType': 'nonword', 'thisN': 6, 'thisTrialN': 6, 'thisRepN': 0}>
29.7716 	EXP 	LDT_feedback_text: autoDraw = False
29.7716 	EXP 	LDT_feedback_text: autoDraw = False
29.7716 	EXP 	LDT_prac_stim_text: height = np.float64(0.1)
29.7716 	EXP 	LDT_prac_stim_text: height = np.float64(0.1)
29.7716 	EXP 	LDT_prac_stim_text: height = np.float64(0.1)
29.7716 	EXP 	LDT_prac_stim_text: text = 'cluerk'
29.7716 	EXP 	LDT_prac_fix_text: autoDraw = True
30.2637 	EXP 	LDT_prac_fix_text: autoDraw = False
30.2637 	EXP 	LDT_prac_stim_text: autoDraw = True
31.5236 	EXP 	Device response: <KeyPress from None: t=31.52209210000001, value=a, duration=None>
31.5317 	EXP 	LDT_prac_fix_text: autoDraw = False
31.5317 	EXP 	LDT_prac_stim_text: autoDraw = False
31.5317 	EXP 	LDT_feedback_text: text = '정답입니다!'
31.5317 	EXP 	LDT_feedback_text: autoDraw = True
31.5322 	DATA 	Keypress: a
31.6153 	EXP 	Device response: <KeyPress from None: t=31.52209210000001, value=a, duration=0.0880213999771513>
32.5162 	EXP 	New trial (rep=0, index=7): <Trial 7 (7 in rep 0) data={'Task': 'LDT', 'TrialType': 'Practice', 'Stimuli': 'jeong', 'CorrectResponse': 'a', 'StimulusType': 'nonword', 'thisN': 7, 'thisTrialN': 7, 'thisRepN': 0}>
32.5244 	EXP 	LDT_feedback_text: autoDraw = False
32.5244 	EXP 	LDT_feedback_text: autoDraw = False
32.5244 	EXP 	LDT_prac_stim_text: height = np.float64(0.1)
32.5244 	EXP 	LDT_prac_stim_text: height = np.float64(0.1)
32.5244 	EXP 	LDT_prac_stim_text: height = np.float64(0.1)
32.5244 	EXP 	LDT_prac_stim_text: text = 'jeong'
32.5244 	EXP 	LDT_prac_fix_text: autoDraw = True
33.0165 	EXP 	LDT_prac_fix_text: autoDraw = False
33.0165 	EXP 	LDT_prac_stim_text: autoDraw = True
33.8510 	EXP 	Device response: <KeyPress from None: t=33.84308189997682, value=a, duration=None>
33.8590 	EXP 	LDT_prac_fix_text: autoDraw = False
33.8590 	EXP 	LDT_prac_stim_text: autoDraw = False
33.8590 	EXP 	LDT_feedback_text: text = '정답입니다!'
33.8590 	EXP 	LDT_feedback_text: autoDraw = True
33.8595 	DATA 	Keypress: a
33.9594 	EXP 	Device response: <KeyPress from None: t=33.84308189997682, value=a, duration=0.11089320003520697>
34.8436 	EXP 	New trial (rep=0, index=8): <Trial 8 (8 in rep 0) data={'Task': 'LDT', 'TrialType': 'Practice', 'Stimuli': 'baseball', 'CorrectResponse': 'l', 'StimulusType': 'word', 'thisN': 8, 'thisTrialN': 8, 'thisRepN': 0}>
34.8518 	EXP 	LDT_feedback_text: autoDraw = False
34.8518 	EXP 	LDT_feedback_text: autoDraw = False
34.8518 	EXP 	LDT_prac_stim_text: height = np.float64(0.1)
34.8518 	EXP 	LDT_prac_stim_text: height = np.float64(0.1)
34.8518 	EXP 	LDT_prac_stim_text: height = np.float64(0.1)
34.8518 	EXP 	LDT_prac_stim_text: text = 'baseball'
34.8518 	EXP 	LDT_prac_fix_text: autoDraw = True
35.3438 	EXP 	LDT_prac_fix_text: autoDraw = False
35.3438 	EXP 	LDT_prac_stim_text: autoDraw = True
36.4535 	EXP 	Device response: <KeyPress from None: t=36.45034330000635, value=l, duration=None>
36.4616 	EXP 	LDT_prac_fix_text: autoDraw = False
36.4616 	EXP 	LDT_prac_stim_text: autoDraw = False
36.4616 	EXP 	LDT_feedback_text: text = '정답입니다!'
36.4616 	EXP 	LDT_feedback_text: autoDraw = True
36.4622 	DATA 	Keypress: l
36.5453 	EXP 	Device response: <KeyPress from None: t=36.45034330000635, value=l, duration=0.08954539999831468>
37.4462 	EXP 	New trial (rep=0, index=9): <Trial 9 (9 in rep 0) data={'Task': 'LDT', 'TrialType': 'Practice', 'Stimuli': 'lankua', 'CorrectResponse': 'a', 'StimulusType': 'nonword', 'thisN': 9, 'thisTrialN': 9, 'thisRepN': 0}>
37.4544 	EXP 	LDT_feedback_text: autoDraw = False
37.4544 	EXP 	LDT_feedback_text: autoDraw = False
37.4544 	EXP 	LDT_prac_stim_text: height = np.float64(0.1)
37.4544 	EXP 	LDT_prac_stim_text: height = np.float64(0.1)
37.4544 	EXP 	LDT_prac_stim_text: height = np.float64(0.1)
37.4544 	EXP 	LDT_prac_stim_text: text = 'lankua'
37.4544 	EXP 	LDT_prac_fix_text: autoDraw = True
37.9464 	EXP 	LDT_prac_fix_text: autoDraw = False
37.9464 	EXP 	LDT_prac_stim_text: autoDraw = True
38.8976 	EXP 	Device response: <KeyPress from None: t=38.89017839997541, value=a, duration=None>
38.9057 	EXP 	LDT_prac_fix_text: autoDraw = False
38.9057 	EXP 	LDT_prac_stim_text: autoDraw = False
38.9057 	EXP 	LDT_feedback_text: text = '정답입니다!'
38.9057 	EXP 	LDT_feedback_text: autoDraw = True
38.9063 	DATA 	Keypress: a
38.9727 	EXP 	Device response: <KeyPress from None: t=38.89017839997541, value=a, duration=0.08011780004017055>
39.8983 	EXP 	LDT_feedback_text: autoDraw = False
39.8983 	EXP 	LDT_feedback_text: autoDraw = False
39.8983 	EXP 	LDT_instr_text: autoDraw = True
54.7635 	EXP 	Device response: <KeyPress from None: t=54.7626273999922, value=space, duration=None>
54.7826 	EXP 	Imported LDT_Stim.xlsx as conditions, 222 conditions, 6 params
54.7836 	EXP 	New trial (rep=0, index=0): <Trial 0 (0 in rep 0) data={'Task': 'LDT', 'TrialType': 'Target', 'Stimuli': 'hoal', 'StimulusType': 'nonword', 'CorrectResponse': 'a', 'Trialnumb': 154, 'thisN': 0, 'thisTrialN': 0, 'thisRepN': 0}>
54.7885 	EXP 	LDT_instr_text: autoDraw = False
54.7885 	EXP 	LDT_stim_text: height = np.float64(0.1)
54.7885 	EXP 	LDT_stim_text: height = np.float64(0.1)
54.7885 	EXP 	LDT_stim_text: height = np.float64(0.1)
54.7885 	EXP 	LDT_stim_text: text = 'hoal'
54.7885 	EXP 	LDT_fix_text: autoDraw = True
54.7891 	DATA 	Keypress: space
54.8969 	EXP 	Device response: <KeyPress from None: t=54.7626273999922, value=space, duration=0.12760309997247532>
55.2553 	EXP 	LDT_stim_text: autoDraw = True
55.2803 	EXP 	LDT_fix_text: autoDraw = False
56.3734 	EXP 	Device response: <KeyPress from None: t=56.369994700013194, value=a, duration=None>
56.3737 	EXP 	New trial (rep=0, index=1): <Trial 1 (1 in rep 0) data={'Task': 'LDT', 'TrialType': 'Target', 'Stimuli': 'cled', 'StimulusType': 'nonword', 'CorrectResponse': 'a', 'Trialnumb': 130, 'thisN': 1, 'thisTrialN': 1, 'thisRepN': 0}>
56.3815 	EXP 	LDT_fix_text: autoDraw = False
56.3815 	EXP 	LDT_stim_text: autoDraw = False
56.3815 	EXP 	LDT_break_text: autoDraw = False
56.3815 	EXP 	LDT_stim_text: height = np.float64(0.1)
56.3815 	EXP 	LDT_stim_text: height = np.float64(0.1)
56.3815 	EXP 	LDT_stim_text: height = np.float64(0.1)
56.3815 	EXP 	LDT_stim_text: text = 'cled'
56.3815 	EXP 	LDT_fix_text: autoDraw = True
56.3821 	DATA 	Keypress: a
56.4734 	EXP 	Device response: <KeyPress from None: t=56.369994700013194, value=a, duration=0.09612989996094257>
56.8652 	EXP 	LDT_stim_text: autoDraw = True
56.8736 	EXP 	LDT_fix_text: autoDraw = False
57.5329 	EXP 	Device response: <KeyPress from None: t=57.53131290001329, value=a, duration=None>
57.5332 	EXP 	New trial (rep=0, index=2): <Trial 2 (2 in rep 0) data={'Task': 'LDT', 'TrialType': 'Target', 'Stimuli': 'pick', 'StimulusType': 'word', 'CorrectResponse': 'l', 'Trialnumb': 58, 'thisN': 2, 'thisTrialN': 2, 'thisRepN': 0}>
57.5409 	EXP 	LDT_fix_text: autoDraw = False
57.5409 	EXP 	LDT_stim_text: autoDraw = False
57.5409 	EXP 	LDT_break_text: autoDraw = False
57.5409 	EXP 	LDT_stim_text: height = np.float64(0.1)
57.5409 	EXP 	LDT_stim_text: height = np.float64(0.1)
57.5409 	EXP 	LDT_stim_text: height = np.float64(0.1)
57.5409 	EXP 	LDT_stim_text: text = 'pick'
57.5409 	EXP 	LDT_fix_text: autoDraw = True
57.5415 	DATA 	Keypress: a
57.6413 	EXP 	Device response: <KeyPress from None: t=57.53131290001329, value=a, duration=0.10413519997382537>
58.0247 	EXP 	LDT_stim_text: autoDraw = True
58.0331 	EXP 	LDT_fix_text: autoDraw = False
58.5672 	EXP 	Device response: <KeyPress from None: t=58.56270249997033, value=l, duration=None>
58.5675 	EXP 	New trial (rep=0, index=3): <Trial 3 (3 in rep 0) data={'Task': 'LDT', 'TrialType': 'Target', 'Stimuli': 'ugly', 'StimulusType': 'word', 'CorrectResponse': 'l', 'Trialnumb': 78, 'thisN': 3, 'thisTrialN': 3, 'thisRepN': 0}>
58.5753 	EXP 	LDT_fix_text: autoDraw = False
58.5753 	EXP 	LDT_stim_text: autoDraw = False
58.5753 	EXP 	LDT_break_text: autoDraw = False
58.5753 	EXP 	LDT_stim_text: height = np.float64(0.1)
58.5753 	EXP 	LDT_stim_text: height = np.float64(0.1)
58.5753 	EXP 	LDT_stim_text: height = np.float64(0.1)
58.5753 	EXP 	LDT_stim_text: text = 'ugly'
58.5753 	EXP 	LDT_fix_text: autoDraw = True
58.5759 	DATA 	Keypress: l
58.6675 	EXP 	Device response: <KeyPress from None: t=58.56270249997033, value=l, duration=0.103325100033544>
59.0591 	EXP 	LDT_stim_text: autoDraw = True
59.0675 	EXP 	LDT_fix_text: autoDraw = False
59.6850 	EXP 	Device response: <KeyPress from None: t=59.682068899972364, value=l, duration=None>
59.6853 	EXP 	New trial (rep=0, index=4): <Trial 4 (4 in rep 0) data={'Task': 'LDT', 'TrialType': 'Target', 'Stimuli': 'strip', 'StimulusType': 'word', 'CorrectResponse': 'l', 'Trialnumb': 104, 'thisN': 4, 'thisTrialN': 4, 'thisRepN': 0}>
59.6931 	EXP 	LDT_fix_text: autoDraw = False
59.6931 	EXP 	LDT_stim_text: autoDraw = False
59.6931 	EXP 	LDT_break_text: autoDraw = False
59.6931 	EXP 	LDT_stim_text: height = np.float64(0.1)
59.6931 	EXP 	LDT_stim_text: height = np.float64(0.1)
59.6931 	EXP 	LDT_stim_text: height = np.float64(0.1)
59.6931 	EXP 	LDT_stim_text: text = 'strip'
59.6931 	EXP 	LDT_fix_text: autoDraw = True
59.6936 	DATA 	Keypress: l
59.8102 	EXP 	Device response: <KeyPress from None: t=59.682068899972364, value=l, duration=0.12022380001144484>
60.1769 	EXP 	LDT_stim_text: autoDraw = True
60.1852 	EXP 	LDT_fix_text: autoDraw = False
60.6694 	EXP 	Device response: <KeyPress from None: t=60.66666789998999, value=l, duration=None>
60.6696 	EXP 	New trial (rep=0, index=5): <Trial 5 (5 in rep 0) data={'Task': 'LDT', 'TrialType': 'Target', 'Stimuli': 'pack', 'StimulusType': 'word', 'CorrectResponse': 'l', 'Trialnumb': 76, 'thisN': 5, 'thisTrialN': 5, 'thisRepN': 0}>
60.6775 	EXP 	LDT_fix_text: autoDraw = False
60.6775 	EXP 	LDT_stim_text: autoDraw = False
60.6775 	EXP 	LDT_break_text: autoDraw = False
60.6775 	EXP 	LDT_stim_text: height = np.float64(0.1)
60.6775 	EXP 	LDT_stim_text: height = np.float64(0.1)
60.6775 	EXP 	LDT_stim_text: height = np.float64(0.1)
60.6775 	EXP 	LDT_stim_text: text = 'pack'
60.6775 	EXP 	LDT_fix_text: autoDraw = True
60.6781 	DATA 	Keypress: l
60.7777 	EXP 	Device response: <KeyPress from None: t=60.66666789998999, value=l, duration=0.10431510000489652>
61.1612 	EXP 	LDT_stim_text: autoDraw = True
61.1695 	EXP 	LDT_fix_text: autoDraw = False
61.7705 	EXP 	Device response: <KeyPress from None: t=61.76208010001574, value=l, duration=None>
61.7707 	EXP 	New trial (rep=0, index=6): <Trial 6 (6 in rep 0) data={'Task': 'LDT', 'TrialType': 'Target', 'Stimuli': 'down', 'StimulusType': 'word', 'CorrectResponse': 'l', 'Trialnumb': 9, 'thisN': 6, 'thisTrialN': 6, 'thisRepN': 0}>
61.7730 	DATA 	Keypress: l
61.7785 	EXP 	LDT_fix_text: autoDraw = False
61.7785 	EXP 	LDT_stim_text: autoDraw = False
61.7785 	EXP 	LDT_break_text: autoDraw = False
61.7785 	EXP 	LDT_stim_text: height = np.float64(0.1)
61.7785 	EXP 	LDT_stim_text: height = np.float64(0.1)
61.7785 	EXP 	LDT_stim_text: height = np.float64(0.1)
61.7785 	EXP 	LDT_stim_text: text = 'down'
61.7785 	EXP 	LDT_fix_text: autoDraw = True
61.8622 	EXP 	Device response: <KeyPress from None: t=61.76208010001574, value=l, duration=0.09654369996860623>
62.2623 	EXP 	LDT_stim_text: autoDraw = True
62.2706 	EXP 	LDT_fix_text: autoDraw = False
62.8882 	EXP 	Device response: <KeyPress from None: t=62.88282479997724, value=l, duration=None>
62.8885 	EXP 	New trial (rep=0, index=7): <Trial 7 (7 in rep 0) data={'Task': 'LDT', 'TrialType': 'Target', 'Stimuli': 'club', 'StimulusType': 'word', 'CorrectResponse': 'l', 'Trialnumb': 64, 'thisN': 7, 'thisTrialN': 7, 'thisRepN': 0}>
62.8962 	EXP 	LDT_fix_text: autoDraw = False
62.8962 	EXP 	LDT_stim_text: autoDraw = False
62.8962 	EXP 	LDT_break_text: autoDraw = False
62.8962 	EXP 	LDT_stim_text: height = np.float64(0.1)
62.8962 	EXP 	LDT_stim_text: height = np.float64(0.1)
62.8962 	EXP 	LDT_stim_text: height = np.float64(0.1)
62.8962 	EXP 	LDT_stim_text: text = 'club'
62.8962 	EXP 	LDT_fix_text: autoDraw = True
62.8968 	DATA 	Keypress: l
62.9633 	EXP 	Device response: <KeyPress from None: t=62.88282479997724, value=l, duration=0.07992220000596717>
63.3801 	EXP 	LDT_stim_text: autoDraw = True
63.3884 	EXP 	LDT_fix_text: autoDraw = False
63.8891 	EXP 	Device response: <KeyPress from None: t=63.88266629999271, value=l, duration=None>
63.8894 	EXP 	New trial (rep=0, index=8): <Trial 8 (8 in rep 0) data={'Task': 'LDT', 'TrialType': 'Target', 'Stimuli': 'cire', 'StimulusType': 'nonword', 'CorrectResponse': 'a', 'Trialnumb': 129, 'thisN': 8, 'thisTrialN': 8, 'thisRepN': 0}>
63.8973 	EXP 	LDT_fix_text: autoDraw = False
63.8973 	EXP 	LDT_stim_text: autoDraw = False
63.8973 	EXP 	LDT_break_text: autoDraw = False
63.8973 	EXP 	LDT_stim_text: height = np.float64(0.1)
63.8973 	EXP 	LDT_stim_text: height = np.float64(0.1)
63.8973 	EXP 	LDT_stim_text: height = np.float64(0.1)
63.8973 	EXP 	LDT_stim_text: text = 'cire'
63.8973 	EXP 	LDT_fix_text: autoDraw = True
63.8978 	DATA 	Keypress: l
63.9810 	EXP 	Device response: <KeyPress from None: t=63.88266629999271, value=l, duration=0.09641669999109581>
64.3811 	EXP 	LDT_stim_text: autoDraw = True
64.3894 	EXP 	LDT_fix_text: autoDraw = False
65.4074 	EXP 	Device response: <KeyPress from None: t=65.40204069996253, value=l, duration=None>
65.4076 	EXP 	New trial (rep=0, index=9): <Trial 9 (9 in rep 0) data={'Task': 'LDT', 'TrialType': 'Target', 'Stimuli': 'rorn', 'StimulusType': 'nonword', 'CorrectResponse': 'a', 'Trialnumb': 185, 'thisN': 9, 'thisTrialN': 9, 'thisRepN': 0}>
65.4155 	EXP 	LDT_fix_text: autoDraw = False
65.4155 	EXP 	LDT_stim_text: autoDraw = False
65.4155 	EXP 	LDT_break_text: autoDraw = False
65.4155 	EXP 	LDT_stim_text: height = np.float64(0.1)
65.4155 	EXP 	LDT_stim_text: height = np.float64(0.1)
65.4155 	EXP 	LDT_stim_text: height = np.float64(0.1)
65.4155 	EXP 	LDT_stim_text: text = 'rorn'
65.4155 	EXP 	LDT_fix_text: autoDraw = True
65.4161 	DATA 	Keypress: l
65.5158 	EXP 	Device response: <KeyPress from None: t=65.40204069996253, value=l, duration=0.11245350004173815>
65.8992 	EXP 	LDT_stim_text: autoDraw = True
65.9076 	EXP 	LDT_fix_text: autoDraw = False
66.6753 	EXP 	Device response: <KeyPress from None: t=66.66695619997336, value=a, duration=None>
66.6756 	EXP 	New trial (rep=0, index=10): <Trial 10 (10 in rep 0) data={'Task': 'LDT', 'TrialType': 'Target', 'Stimuli': 'tuse', 'StimulusType': 'nonword', 'CorrectResponse': 'a', 'Trialnumb': 209, 'thisN': 10, 'thisTrialN': 10, 'thisRepN': 0}>
66.6771 	DATA 	Keypress: a
66.6833 	EXP 	LDT_fix_text: autoDraw = False
66.6833 	EXP 	LDT_stim_text: autoDraw = False
66.6833 	EXP 	LDT_break_text: autoDraw = False
66.6833 	EXP 	LDT_stim_text: height = np.float64(0.1)
66.6833 	EXP 	LDT_stim_text: height = np.float64(0.1)
66.6833 	EXP 	LDT_stim_text: height = np.float64(0.1)
66.6833 	EXP 	LDT_stim_text: text = 'tuse'
66.6833 	EXP 	LDT_fix_text: autoDraw = True
66.7755 	EXP 	Device response: <KeyPress from None: t=66.66695619997336, value=a, duration=0.10383129998808727>
67.1672 	EXP 	LDT_stim_text: autoDraw = True
67.1755 	EXP 	LDT_fix_text: autoDraw = False
67.9016 	EXP 	Device response: <KeyPress from None: t=67.89850859995931, value=a, duration=None>
67.9018 	EXP 	New trial (rep=0, index=11): <Trial 11 (11 in rep 0) data={'Task': 'LDT', 'TrialType': 'Target', 'Stimuli': 'coss', 'StimulusType': 'nonword', 'CorrectResponse': 'a', 'Trialnumb': 133, 'thisN': 11, 'thisTrialN': 11, 'thisRepN': 0}>
67.9097 	EXP 	LDT_fix_text: autoDraw = False
67.9097 	EXP 	LDT_stim_text: autoDraw = False
67.9097 	EXP 	LDT_break_text: autoDraw = False
67.9097 	EXP 	LDT_stim_text: height = np.float64(0.1)
67.9097 	EXP 	LDT_stim_text: height = np.float64(0.1)
67.9097 	EXP 	LDT_stim_text: height = np.float64(0.1)
67.9097 	EXP 	LDT_stim_text: text = 'coss'
67.9097 	EXP 	LDT_fix_text: autoDraw = True
67.9102 	DATA 	Keypress: a
68.0017 	EXP 	Device response: <KeyPress from None: t=67.89850859995931, value=a, duration=0.09575220005353913>
68.3934 	EXP 	LDT_stim_text: autoDraw = True
68.4017 	EXP 	LDT_fix_text: autoDraw = False
69.2529 	EXP 	Device response: <KeyPress from None: t=69.25033750000875, value=l, duration=None>
69.2532 	EXP 	New trial (rep=0, index=12): <Trial 12 (12 in rep 0) data={'Task': 'LDT', 'TrialType': 'Target', 'Stimuli': 'fump', 'StimulusType': 'nonword', 'CorrectResponse': 'a', 'Trialnumb': 143, 'thisN': 12, 'thisTrialN': 12, 'thisRepN': 0}>
69.2609 	EXP 	LDT_fix_text: autoDraw = False
69.2609 	EXP 	LDT_stim_text: autoDraw = False
69.2609 	EXP 	LDT_break_text: autoDraw = False
69.2609 	EXP 	LDT_stim_text: height = np.float64(0.1)
69.2609 	EXP 	LDT_stim_text: height = np.float64(0.1)
69.2609 	EXP 	LDT_stim_text: height = np.float64(0.1)
69.2609 	EXP 	LDT_stim_text: text = 'fump'
69.2609 	EXP 	LDT_fix_text: autoDraw = True
69.2615 	DATA 	Keypress: l
69.3364 	EXP 	Device response: <KeyPress from None: t=69.25033750000875, value=l, duration=0.08063619997119531>
69.7447 	EXP 	LDT_stim_text: autoDraw = True
69.7531 	EXP 	LDT_fix_text: autoDraw = False
70.2706 	EXP 	Device response: <KeyPress from None: t=70.26668100000825, value=l, duration=None>
70.2708 	EXP 	New trial (rep=0, index=13): <Trial 13 (13 in rep 0) data={'Task': 'LDT', 'TrialType': 'Target', 'Stimuli': 'eall', 'StimulusType': 'nonword', 'CorrectResponse': 'a', 'Trialnumb': 138, 'thisN': 13, 'thisTrialN': 13, 'thisRepN': 0}>
70.2786 	EXP 	LDT_fix_text: autoDraw = False
70.2786 	EXP 	LDT_stim_text: autoDraw = False
70.2786 	EXP 	LDT_break_text: autoDraw = False
70.2786 	EXP 	LDT_stim_text: height = np.float64(0.1)
70.2786 	EXP 	LDT_stim_text: height = np.float64(0.1)
70.2786 	EXP 	LDT_stim_text: height = np.float64(0.1)
70.2786 	EXP 	LDT_stim_text: text = 'eall'
70.2786 	EXP 	LDT_fix_text: autoDraw = True
70.2791 	DATA 	Keypress: l
70.3790 	EXP 	Device response: <KeyPress from None: t=70.26668100000825, value=l, duration=0.11179900000570342>
70.7624 	EXP 	LDT_stim_text: autoDraw = True
70.7708 	EXP 	LDT_fix_text: autoDraw = False
71.5385 	EXP 	Device response: <KeyPress from None: t=71.53097670001443, value=a, duration=None>
71.5387 	EXP 	New trial (rep=0, index=14): <Trial 14 (14 in rep 0) data={'Task': 'LDT', 'TrialType': 'Target', 'Stimuli': 'short', 'StimulusType': 'word', 'CorrectResponse': 'l', 'Trialnumb': 50, 'thisN': 14, 'thisTrialN': 14, 'thisRepN': 0}>
71.5465 	EXP 	LDT_fix_text: autoDraw = False
71.5465 	EXP 	LDT_stim_text: autoDraw = False
71.5465 	EXP 	LDT_break_text: autoDraw = False
71.5465 	EXP 	LDT_stim_text: height = np.float64(0.1)
71.5465 	EXP 	LDT_stim_text: height = np.float64(0.1)
71.5465 	EXP 	LDT_stim_text: height = np.float64(0.1)
71.5465 	EXP 	LDT_stim_text: text = 'short'
71.5465 	EXP 	LDT_fix_text: autoDraw = True
71.5470 	DATA 	Keypress: a
71.6553 	EXP 	Device response: <KeyPress from None: t=71.53097670001443, value=a, duration=0.11920649994863197>
72.0303 	EXP 	LDT_stim_text: autoDraw = True
72.0387 	EXP 	LDT_fix_text: autoDraw = False
72.5396 	EXP 	Device response: <KeyPress from None: t=72.53118769999128, value=l, duration=None>
72.5399 	EXP 	New trial (rep=0, index=15): <Trial 15 (15 in rep 0) data={'Task': 'LDT', 'TrialType': 'Target', 'Stimuli': 'pahe', 'StimulusType': 'nonword', 'CorrectResponse': 'a', 'Trialnumb': 178, 'thisN': 15, 'thisTrialN': 15, 'thisRepN': 0}>
72.5477 	EXP 	LDT_fix_text: autoDraw = False
72.5477 	EXP 	LDT_stim_text: autoDraw = False
72.5477 	EXP 	LDT_break_text: autoDraw = False
72.5477 	EXP 	LDT_stim_text: height = np.float64(0.1)
72.5477 	EXP 	LDT_stim_text: height = np.float64(0.1)
72.5477 	EXP 	LDT_stim_text: height = np.float64(0.1)
72.5477 	EXP 	LDT_stim_text: text = 'pahe'
72.5477 	EXP 	LDT_fix_text: autoDraw = True
72.5484 	DATA 	Keypress: l
72.6480 	EXP 	Device response: <KeyPress from None: t=72.53118769999128, value=l, duration=0.11150130000896752>
73.0313 	EXP 	LDT_stim_text: autoDraw = True
73.0397 	EXP 	LDT_fix_text: autoDraw = False
73.6406 	EXP 	Device response: <KeyPress from None: t=73.63486270001158, value=a, duration=None>
73.6410 	EXP 	New trial (rep=0, index=16): <Trial 16 (16 in rep 0) data={'Task': 'LDT', 'TrialType': 'Target', 'Stimuli': 'news', 'StimulusType': 'word', 'CorrectResponse': 'l', 'Trialnumb': 45, 'thisN': 16, 'thisTrialN': 16, 'thisRepN': 0}>
73.6486 	EXP 	LDT_fix_text: autoDraw = False
73.6486 	EXP 	LDT_stim_text: autoDraw = False
73.6486 	EXP 	LDT_break_text: autoDraw = False
73.6486 	EXP 	LDT_stim_text: height = np.float64(0.1)
73.6486 	EXP 	LDT_stim_text: height = np.float64(0.1)
73.6486 	EXP 	LDT_stim_text: height = np.float64(0.1)
73.6486 	EXP 	LDT_stim_text: text = 'news'
73.6486 	EXP 	LDT_fix_text: autoDraw = True
73.6491 	DATA 	Keypress: a
73.7573 	EXP 	Device response: <KeyPress from None: t=73.63486270001158, value=a, duration=0.11968559998786077>
74.1325 	EXP 	LDT_stim_text: autoDraw = True
74.1408 	EXP 	LDT_fix_text: autoDraw = False
74.6666 	EXP 	Device response: <KeyPress from None: t=74.6589999999851, value=l, duration=None>
74.6669 	EXP 	New trial (rep=0, index=17): <Trial 17 (17 in rep 0) data={'Task': 'LDT', 'TrialType': 'Target', 'Stimuli': 'wake', 'StimulusType': 'word', 'CorrectResponse': 'l', 'Trialnumb': 63, 'thisN': 17, 'thisTrialN': 17, 'thisRepN': 0}>
74.6747 	EXP 	LDT_fix_text: autoDraw = False
74.6747 	EXP 	LDT_stim_text: autoDraw = False
74.6747 	EXP 	LDT_break_text: autoDraw = False
74.6747 	EXP 	LDT_stim_text: height = np.float64(0.1)
74.6747 	EXP 	LDT_stim_text: height = np.float64(0.1)
74.6747 	EXP 	LDT_stim_text: height = np.float64(0.1)
74.6747 	EXP 	LDT_stim_text: text = 'wake'
74.6747 	EXP 	LDT_fix_text: autoDraw = True
74.6751 	DATA 	Keypress: l
74.7584 	EXP 	Device response: <KeyPress from None: t=74.6589999999851, value=l, duration=0.0951078999787569>
75.1585 	EXP 	LDT_stim_text: autoDraw = True
75.1668 	EXP 	LDT_fix_text: autoDraw = False
75.6760 	EXP 	Device response: <KeyPress from None: t=75.66778759995941, value=l, duration=None>
75.6762 	EXP 	New trial (rep=0, index=18): <Trial 18 (18 in rep 0) data={'Task': 'LDT', 'TrialType': 'Target', 'Stimuli': 'burz', 'StimulusType': 'nonword', 'CorrectResponse': 'a', 'Trialnumb': 112, 'thisN': 18, 'thisTrialN': 18, 'thisRepN': 0}>
75.6786 	DATA 	Keypress: l
75.6840 	EXP 	LDT_fix_text: autoDraw = False
75.6840 	EXP 	LDT_stim_text: autoDraw = False
75.6840 	EXP 	LDT_break_text: autoDraw = False
75.6840 	EXP 	LDT_stim_text: height = np.float64(0.1)
75.6840 	EXP 	LDT_stim_text: height = np.float64(0.1)
75.6840 	EXP 	LDT_stim_text: height = np.float64(0.1)
75.6840 	EXP 	LDT_stim_text: text = 'burz'
75.6840 	EXP 	LDT_fix_text: autoDraw = True
75.7844 	EXP 	Device response: <KeyPress from None: t=75.66778759995941, value=l, duration=0.1102068000473082>
76.1678 	EXP 	LDT_stim_text: autoDraw = True
76.1761 	EXP 	LDT_fix_text: autoDraw = False
76.8605 	EXP 	Device response: <KeyPress from None: t=76.85804759996245, value=a, duration=None>
76.8608 	EXP 	New trial (rep=0, index=19): <Trial 19 (19 in rep 0) data={'Task': 'LDT', 'TrialType': 'Target', 'Stimuli': 'saos', 'StimulusType': 'nonword', 'CorrectResponse': 'a', 'Trialnumb': 115, 'thisN': 19, 'thisTrialN': 19, 'thisRepN': 0}>
76.8686 	EXP 	LDT_fix_text: autoDraw = False
76.8686 	EXP 	LDT_stim_text: autoDraw = False
76.8686 	EXP 	LDT_break_text: autoDraw = False
76.8686 	EXP 	LDT_stim_text: height = np.float64(0.1)
76.8686 	EXP 	LDT_stim_text: height = np.float64(0.1)
76.8686 	EXP 	LDT_stim_text: height = np.float64(0.1)
76.8686 	EXP 	LDT_stim_text: text = 'saos'
76.8686 	EXP 	LDT_fix_text: autoDraw = True
76.8691 	DATA 	Keypress: a
76.9856 	EXP 	Device response: <KeyPress from None: t=76.85804759996245, value=a, duration=0.12070930004119873>
77.3523 	EXP 	LDT_stim_text: autoDraw = True
77.3607 	EXP 	LDT_fix_text: autoDraw = False
78.0116 	EXP 	Device response: <KeyPress from None: t=78.01025930000469, value=a, duration=None>
78.0119 	EXP 	New trial (rep=0, index=20): <Trial 20 (20 in rep 0) data={'Task': 'LDT', 'TrialType': 'Target', 'Stimuli': 'judge', 'StimulusType': 'word', 'CorrectResponse': 'l', 'Trialnumb': 67, 'thisN': 20, 'thisTrialN': 20, 'thisRepN': 0}>
78.0197 	EXP 	LDT_fix_text: autoDraw = False
78.0197 	EXP 	LDT_stim_text: autoDraw = False
78.0197 	EXP 	LDT_break_text: autoDraw = False
78.0197 	EXP 	LDT_stim_text: height = np.float64(0.1)
78.0197 	EXP 	LDT_stim_text: height = np.float64(0.1)
78.0197 	EXP 	LDT_stim_text: height = np.float64(0.1)
78.0197 	EXP 	LDT_stim_text: text = 'judge'
78.0197 	EXP 	LDT_fix_text: autoDraw = True
78.0202 	DATA 	Keypress: a
78.1200 	EXP 	Device response: <KeyPress from None: t=78.01025930000469, value=a, duration=0.1039710000040941>
78.5035 	EXP 	LDT_stim_text: autoDraw = True
78.5118 	EXP 	LDT_fix_text: autoDraw = False
79.0543 	EXP 	Device response: <KeyPress from None: t=79.0509079999756, value=a, duration=None>
79.0545 	EXP 	New trial (rep=0, index=21): <Trial 21 (21 in rep 0) data={'Task': 'LDT', 'TrialType': 'Target', 'Stimuli': 'here', 'StimulusType': 'word', 'CorrectResponse': 'l', 'Trialnumb': 4, 'thisN': 21, 'thisTrialN': 21, 'thisRepN': 0}>
79.0624 	EXP 	LDT_fix_text: autoDraw = False
79.0624 	EXP 	LDT_stim_text: autoDraw = False
79.0624 	EXP 	LDT_break_text: autoDraw = False
79.0624 	EXP 	LDT_stim_text: height = np.float64(0.1)
79.0624 	EXP 	LDT_stim_text: height = np.float64(0.1)
79.0624 	EXP 	LDT_stim_text: height = np.float64(0.1)
79.0624 	EXP 	LDT_stim_text: text = 'here'
79.0624 	EXP 	LDT_fix_text: autoDraw = True
79.0629 	DATA 	Keypress: a
79.1627 	EXP 	Device response: <KeyPress from None: t=79.0509079999756, value=a, duration=0.10342850000597537>
79.5462 	EXP 	LDT_stim_text: autoDraw = True
79.5545 	EXP 	LDT_fix_text: autoDraw = False
80.0804 	EXP 	Device response: <KeyPress from None: t=80.07442610000726, value=l, duration=None>
80.0806 	EXP 	New trial (rep=0, index=22): <Trial 22 (22 in rep 0) data={'Task': 'LDT', 'TrialType': 'Target', 'Stimuli': 'loil', 'StimulusType': 'nonword', 'CorrectResponse': 'a', 'Trialnumb': 170, 'thisN': 22, 'thisTrialN': 22, 'thisRepN': 0}>
80.0885 	EXP 	LDT_fix_text: autoDraw = False
80.0885 	EXP 	LDT_stim_text: autoDraw = False
80.0885 	EXP 	LDT_break_text: autoDraw = False
80.0885 	EXP 	LDT_stim_text: height = np.float64(0.1)
80.0885 	EXP 	LDT_stim_text: height = np.float64(0.1)
80.0885 	EXP 	LDT_stim_text: height = np.float64(0.1)
80.0885 	EXP 	LDT_stim_text: text = 'loil'
80.0885 	EXP 	LDT_fix_text: autoDraw = True
80.0890 	DATA 	Keypress: l
80.1804 	EXP 	Device response: <KeyPress from None: t=80.07442610000726, value=l, duration=0.10382499999832362>
80.5722 	EXP 	LDT_stim_text: autoDraw = True
80.5805 	EXP 	LDT_fix_text: autoDraw = False
81.0729 	EXP 	Device response: <KeyPress from None: t=81.06639920000453, value=l, duration=None>
81.0732 	EXP 	New trial (rep=0, index=23): <Trial 23 (23 in rep 0) data={'Task': 'LDT', 'TrialType': 'Target', 'Stimuli': 'hear', 'StimulusType': 'word', 'CorrectResponse': 'l', 'Trialnumb': 37, 'thisN': 23, 'thisTrialN': 23, 'thisRepN': 0}>
81.0811 	EXP 	LDT_fix_text: autoDraw = False
81.0811 	EXP 	LDT_stim_text: autoDraw = False
81.0811 	EXP 	LDT_break_text: autoDraw = False
81.0811 	EXP 	LDT_stim_text: height = np.float64(0.1)
81.0811 	EXP 	LDT_stim_text: height = np.float64(0.1)
81.0811 	EXP 	LDT_stim_text: height = np.float64(0.1)
81.0811 	EXP 	LDT_stim_text: text = 'hear'
81.0811 	EXP 	LDT_fix_text: autoDraw = True
81.0817 	DATA 	Keypress: l
81.1564 	EXP 	Device response: <KeyPress from None: t=81.06639920000453, value=l, duration=0.08768429997144267>
81.5649 	EXP 	LDT_stim_text: autoDraw = True
81.5732 	EXP 	LDT_fix_text: autoDraw = False
82.4160 	EXP 	Device response: <KeyPress from None: t=82.410638500005, value=l, duration=None>
82.4162 	EXP 	New trial (rep=0, index=24): <Trial 24 (24 in rep 0) data={'Task': 'LDT', 'TrialType': 'Target', 'Stimuli': 'mize', 'StimulusType': 'nonword', 'CorrectResponse': 'a', 'Trialnumb': 174, 'thisN': 24, 'thisTrialN': 24, 'thisRepN': 0}>
82.4242 	EXP 	LDT_fix_text: autoDraw = False
82.4242 	EXP 	LDT_stim_text: autoDraw = False
82.4242 	EXP 	LDT_break_text: autoDraw = False
82.4242 	EXP 	LDT_stim_text: height = np.float64(0.1)
82.4242 	EXP 	LDT_stim_text: height = np.float64(0.1)
82.4242 	EXP 	LDT_stim_text: height = np.float64(0.1)
82.4242 	EXP 	LDT_stim_text: text = 'mize'
82.4242 	EXP 	LDT_fix_text: autoDraw = True
82.4247 	DATA 	Keypress: l
82.5245 	EXP 	Device response: <KeyPress from None: t=82.410638500005, value=l, duration=0.11154179996810853>
82.9079 	EXP 	LDT_stim_text: autoDraw = True
82.9162 	EXP 	LDT_fix_text: autoDraw = False
83.5171 	EXP 	Device response: <KeyPress from None: t=83.51459829998203, value=a, duration=None>
83.5174 	EXP 	New trial (rep=0, index=25): <Trial 25 (25 in rep 0) data={'Task': 'LDT', 'TrialType': 'Target', 'Stimuli': 'tour', 'StimulusType': 'word', 'CorrectResponse': 'l', 'Trialnumb': 88, 'thisN': 25, 'thisTrialN': 25, 'thisRepN': 0}>
83.5251 	EXP 	LDT_fix_text: autoDraw = False
83.5251 	EXP 	LDT_stim_text: autoDraw = False
83.5251 	EXP 	LDT_break_text: autoDraw = False
83.5251 	EXP 	LDT_stim_text: height = np.float64(0.1)
83.5251 	EXP 	LDT_stim_text: height = np.float64(0.1)
83.5251 	EXP 	LDT_stim_text: height = np.float64(0.1)
83.5251 	EXP 	LDT_stim_text: text = 'tour'
83.5251 	EXP 	LDT_fix_text: autoDraw = True
83.5256 	DATA 	Keypress: a
83.6338 	EXP 	Device response: <KeyPress from None: t=83.51459829998203, value=a, duration=0.11186760000418872>
84.0089 	EXP 	LDT_stim_text: autoDraw = True
84.0173 	EXP 	LDT_fix_text: autoDraw = False
84.5098 	EXP 	Device response: <KeyPress from None: t=84.5071323000011, value=l, duration=None>
84.5100 	EXP 	New trial (rep=0, index=26): <Trial 26 (26 in rep 0) data={'Task': 'LDT', 'TrialType': 'Target', 'Stimuli': 'name', 'StimulusType': 'word', 'CorrectResponse': 'l', 'Trialnumb': 32, 'thisN': 26, 'thisTrialN': 26, 'thisRepN': 0}>
84.5178 	EXP 	LDT_fix_text: autoDraw = False
84.5178 	EXP 	LDT_stim_text: autoDraw = False
84.5178 	EXP 	LDT_break_text: autoDraw = False
84.5178 	EXP 	LDT_stim_text: height = np.float64(0.1)
84.5178 	EXP 	LDT_stim_text: height = np.float64(0.1)
84.5178 	EXP 	LDT_stim_text: height = np.float64(0.1)
84.5178 	EXP 	LDT_stim_text: text = 'name'
84.5178 	EXP 	LDT_fix_text: autoDraw = True
84.5183 	DATA 	Keypress: l
84.6432 	EXP 	Device response: <KeyPress from None: t=84.5071323000011, value=l, duration=0.13513559999410063>
85.0016 	EXP 	LDT_stim_text: autoDraw = True
85.0099 	EXP 	LDT_fix_text: autoDraw = False
85.4608 	EXP 	Device response: <KeyPress from None: t=85.46017179999035, value=l, duration=None>
85.4610 	EXP 	New trial (rep=0, index=27): <Trial 27 (27 in rep 0) data={'Task': 'LDT', 'TrialType': 'Target', 'Stimuli': 'trick', 'StimulusType': 'word', 'CorrectResponse': 'l', 'Trialnumb': 75, 'thisN': 27, 'thisTrialN': 27, 'thisRepN': 0}>
85.4687 	EXP 	LDT_fix_text: autoDraw = False
85.4687 	EXP 	LDT_stim_text: autoDraw = False
85.4687 	EXP 	LDT_break_text: autoDraw = False
85.4687 	EXP 	LDT_stim_text: height = np.float64(0.1)
85.4687 	EXP 	LDT_stim_text: height = np.float64(0.1)
85.4687 	EXP 	LDT_stim_text: height = np.float64(0.1)
85.4687 	EXP 	LDT_stim_text: text = 'trick'
85.4687 	EXP 	LDT_fix_text: autoDraw = True
85.4693 	DATA 	Keypress: l
85.5608 	EXP 	Device response: <KeyPress from None: t=85.46017179999035, value=l, duration=0.09423029999015853>
85.9526 	EXP 	LDT_stim_text: autoDraw = True
85.9609 	EXP 	LDT_fix_text: autoDraw = False
86.4451 	EXP 	Device response: <KeyPress from None: t=86.44268470001407, value=l, duration=None>
86.4453 	EXP 	New trial (rep=0, index=28): <Trial 28 (28 in rep 0) data={'Task': 'LDT', 'TrialType': 'Target', 'Stimuli': 'kild', 'StimulusType': 'nonword', 'CorrectResponse': 'a', 'Trialnumb': 165, 'thisN': 28, 'thisTrialN': 28, 'thisRepN': 0}>
86.4531 	EXP 	LDT_fix_text: autoDraw = False
86.4531 	EXP 	LDT_stim_text: autoDraw = False
86.4531 	EXP 	LDT_break_text: autoDraw = False
86.4531 	EXP 	LDT_stim_text: height = np.float64(0.1)
86.4531 	EXP 	LDT_stim_text: height = np.float64(0.1)
86.4531 	EXP 	LDT_stim_text: height = np.float64(0.1)
86.4531 	EXP 	LDT_stim_text: text = 'kild'
86.4531 	EXP 	LDT_fix_text: autoDraw = True
86.4536 	DATA 	Keypress: l
86.5535 	EXP 	Device response: <KeyPress from None: t=86.44268470001407, value=l, duration=0.10384779999731109>
86.9369 	EXP 	LDT_stim_text: autoDraw = True
86.9452 	EXP 	LDT_fix_text: autoDraw = False
87.7713 	EXP 	Device response: <KeyPress from None: t=87.7635036999709, value=l, duration=None>
87.7716 	EXP 	New trial (rep=0, index=29): <Trial 29 (29 in rep 0) data={'Task': 'LDT', 'TrialType': 'Target', 'Stimuli': 'yeep', 'StimulusType': 'nonword', 'CorrectResponse': 'a', 'Trialnumb': 219, 'thisN': 29, 'thisTrialN': 29, 'thisRepN': 0}>
87.7794 	EXP 	LDT_fix_text: autoDraw = False
87.7794 	EXP 	LDT_stim_text: autoDraw = False
87.7794 	EXP 	LDT_break_text: autoDraw = False
87.7794 	EXP 	LDT_stim_text: height = np.float64(0.1)
87.7794 	EXP 	LDT_stim_text: height = np.float64(0.1)
87.7794 	EXP 	LDT_stim_text: height = np.float64(0.1)
87.7794 	EXP 	LDT_stim_text: text = 'yeep'
87.7794 	EXP 	LDT_fix_text: autoDraw = True
87.7799 	DATA 	Keypress: l
87.8881 	EXP 	Device response: <KeyPress from None: t=87.7635036999709, value=l, duration=0.11923320003552362>
88.2632 	EXP 	LDT_stim_text: autoDraw = True
88.2715 	EXP 	LDT_fix_text: autoDraw = False
88.7390 	EXP 	Device response: <KeyPress from None: t=88.73064929997781, value=l, duration=None>
88.7393 	EXP 	New trial (rep=0, index=30): <Trial 30 (30 in rep 0) data={'Task': 'LDT', 'TrialType': 'Target', 'Stimuli': 'ient', 'StimulusType': 'nonword', 'CorrectResponse': 'a', 'Trialnumb': 157, 'thisN': 30, 'thisTrialN': 30, 'thisRepN': 0}>
88.7408 	DATA 	Keypress: l
88.7470 	EXP 	LDT_fix_text: autoDraw = False
88.7470 	EXP 	LDT_stim_text: autoDraw = False
88.7470 	EXP 	LDT_break_text: autoDraw = False
88.7470 	EXP 	LDT_stim_text: height = np.float64(0.1)
88.7470 	EXP 	LDT_stim_text: height = np.float64(0.1)
88.7470 	EXP 	LDT_stim_text: height = np.float64(0.1)
88.7470 	EXP 	LDT_stim_text: text = 'ient'
88.7470 	EXP 	LDT_fix_text: autoDraw = True
88.8225 	EXP 	Device response: <KeyPress from None: t=88.73064929997781, value=l, duration=0.08787240000674501>
89.2308 	EXP 	LDT_stim_text: autoDraw = True
89.2392 	EXP 	LDT_fix_text: autoDraw = False
89.9736 	EXP 	Device response: <KeyPress from None: t=89.97093820001464, value=a, duration=None>
89.9738 	EXP 	New trial (rep=0, index=31): <Trial 31 (31 in rep 0) data={'Task': 'LDT', 'TrialType': 'Target', 'Stimuli': 'peaf', 'StimulusType': 'nonword', 'CorrectResponse': 'a', 'Trialnumb': 179, 'thisN': 31, 'thisTrialN': 31, 'thisRepN': 0}>
89.9816 	EXP 	LDT_fix_text: autoDraw = False
89.9816 	EXP 	LDT_stim_text: autoDraw = False
89.9816 	EXP 	LDT_break_text: autoDraw = False
89.9816 	EXP 	LDT_stim_text: height = np.float64(0.1)
89.9816 	EXP 	LDT_stim_text: height = np.float64(0.1)
89.9816 	EXP 	LDT_stim_text: height = np.float64(0.1)
89.9816 	EXP 	LDT_stim_text: text = 'peaf'
89.9816 	EXP 	LDT_fix_text: autoDraw = True
89.9821 	DATA 	Keypress: a
90.0987 	EXP 	Device response: <KeyPress from None: t=89.97093820001464, value=a, duration=0.12718369998037815>
90.4654 	EXP 	LDT_stim_text: autoDraw = True
90.4737 	EXP 	LDT_fix_text: autoDraw = False
91.9506 	EXP 	Device response: <KeyPress from None: t=91.94621530000586, value=l, duration=None>
91.9508 	EXP 	New trial (rep=0, index=32): <Trial 32 (32 in rep 0) data={'Task': 'LDT', 'TrialType': 'Target', 'Stimuli': 'gied', 'StimulusType': 'nonword', 'CorrectResponse': 'a', 'Trialnumb': 146, 'thisN': 32, 'thisTrialN': 32, 'thisRepN': 0}>
91.9585 	EXP 	LDT_fix_text: autoDraw = False
91.9585 	EXP 	LDT_stim_text: autoDraw = False
91.9585 	EXP 	LDT_break_text: autoDraw = False
91.9585 	EXP 	LDT_stim_text: height = np.float64(0.1)
91.9585 	EXP 	LDT_stim_text: height = np.float64(0.1)
91.9585 	EXP 	LDT_stim_text: height = np.float64(0.1)
91.9585 	EXP 	LDT_stim_text: text = 'gied'
91.9585 	EXP 	LDT_fix_text: autoDraw = True
91.9591 	DATA 	Keypress: l
92.0591 	EXP 	Device response: <KeyPress from None: t=91.94621530000586, value=l, duration=0.1124215999734588>
92.4423 	EXP 	LDT_stim_text: autoDraw = True
92.4507 	EXP 	LDT_fix_text: autoDraw = False
93.1184 	EXP 	Device response: <KeyPress from None: t=93.11471930000698, value=a, duration=None>
93.1186 	EXP 	New trial (rep=0, index=33): <Trial 33 (33 in rep 0) data={'Task': 'LDT', 'TrialType': 'Target', 'Stimuli': 'sere', 'StimulusType': 'nonword', 'CorrectResponse': 'a', 'Trialnumb': 190, 'thisN': 33, 'thisTrialN': 33, 'thisRepN': 0}>
93.1264 	EXP 	LDT_fix_text: autoDraw = False
93.1264 	EXP 	LDT_stim_text: autoDraw = False
93.1264 	EXP 	LDT_break_text: autoDraw = False
93.1264 	EXP 	LDT_stim_text: height = np.float64(0.1)
93.1264 	EXP 	LDT_stim_text: height = np.float64(0.1)
93.1264 	EXP 	LDT_stim_text: height = np.float64(0.1)
93.1264 	EXP 	LDT_stim_text: text = 'sere'
93.1264 	EXP 	LDT_fix_text: autoDraw = True
93.1269 	DATA 	Keypress: a
93.2184 	EXP 	Device response: <KeyPress from None: t=93.11471930000698, value=a, duration=0.09614779998082668>
93.6102 	EXP 	LDT_stim_text: autoDraw = True
93.6185 	EXP 	LDT_fix_text: autoDraw = False
94.3529 	EXP 	Device response: <KeyPress from None: t=94.34649369999534, value=a, duration=None>
94.3531 	EXP 	New trial (rep=0, index=34): <Trial 34 (34 in rep 0) data={'Task': 'LDT', 'TrialType': 'Target', 'Stimuli': 'feek', 'StimulusType': 'nonword', 'CorrectResponse': 'a', 'Trialnumb': 139, 'thisN': 34, 'thisTrialN': 34, 'thisRepN': 0}>
94.3610 	EXP 	LDT_fix_text: autoDraw = False
94.3610 	EXP 	LDT_stim_text: autoDraw = False
94.3610 	EXP 	LDT_break_text: autoDraw = False
94.3610 	EXP 	LDT_stim_text: height = np.float64(0.1)
94.3610 	EXP 	LDT_stim_text: height = np.float64(0.1)
94.3610 	EXP 	LDT_stim_text: height = np.float64(0.1)
94.3610 	EXP 	LDT_stim_text: text = 'feek'
94.3610 	EXP 	LDT_fix_text: autoDraw = True
94.3615 	DATA 	Keypress: a
94.4529 	EXP 	Device response: <KeyPress from None: t=94.34649369999534, value=a, duration=0.1036350000067614>
94.8448 	EXP 	LDT_stim_text: autoDraw = True
94.8531 	EXP 	LDT_fix_text: autoDraw = False
95.6125 	EXP 	Device response: <KeyPress from None: t=95.60417750000488, value=l, duration=None>
95.6128 	EXP 	New trial (rep=0, index=35): <Trial 35 (35 in rep 0) data={'Task': 'LDT', 'TrialType': 'Target', 'Stimuli': 'fere', 'StimulusType': 'nonword', 'CorrectResponse': 'a', 'Trialnumb': 140, 'thisN': 35, 'thisTrialN': 35, 'thisRepN': 0}>
95.6141 	DATA 	Keypress: l
95.6205 	EXP 	LDT_fix_text: autoDraw = False
95.6205 	EXP 	LDT_stim_text: autoDraw = False
95.6205 	EXP 	LDT_break_text: autoDraw = False
95.6205 	EXP 	LDT_stim_text: height = np.float64(0.1)
95.6205 	EXP 	LDT_stim_text: height = np.float64(0.1)
95.6205 	EXP 	LDT_stim_text: height = np.float64(0.1)
95.6205 	EXP 	LDT_stim_text: text = 'fere'
95.6205 	EXP 	LDT_fix_text: autoDraw = True
95.6792 	EXP 	Device response: <KeyPress from None: t=95.60417750000488, value=l, duration=0.07052589999511838>
96.1043 	EXP 	LDT_stim_text: autoDraw = True
96.1127 	EXP 	LDT_fix_text: autoDraw = False
96.8220 	EXP 	Device response: <KeyPress from None: t=96.81949869997334, value=a, duration=None>
96.8223 	EXP 	New trial (rep=0, index=36): <Trial 36 (36 in rep 0) data={'Task': 'LDT', 'TrialType': 'Target', 'Stimuli': 'jight', 'StimulusType': 'nonword', 'CorrectResponse': 'a', 'Trialnumb': 159, 'thisN': 36, 'thisTrialN': 36, 'thisRepN': 0}>
96.8301 	EXP 	LDT_fix_text: autoDraw = False
96.8301 	EXP 	LDT_stim_text: autoDraw = False
96.8301 	EXP 	LDT_break_text: autoDraw = False
96.8301 	EXP 	LDT_stim_text: height = np.float64(0.1)
96.8301 	EXP 	LDT_stim_text: height = np.float64(0.1)
96.8301 	EXP 	LDT_stim_text: height = np.float64(0.1)
96.8301 	EXP 	LDT_stim_text: text = 'jight'
96.8301 	EXP 	LDT_fix_text: autoDraw = True
96.8306 	DATA 	Keypress: a
96.9138 	EXP 	Device response: <KeyPress from None: t=96.81949869997334, value=a, duration=0.08788180002011359>
97.3139 	EXP 	LDT_stim_text: autoDraw = True
97.3222 	EXP 	LDT_fix_text: autoDraw = False
97.9649 	EXP 	Device response: <KeyPress from None: t=97.96229180000955, value=a, duration=None>
97.9651 	EXP 	New trial (rep=0, index=37): <Trial 37 (37 in rep 0) data={'Task': 'LDT', 'TrialType': 'Target', 'Stimuli': 'stip', 'StimulusType': 'nonword', 'CorrectResponse': 'a', 'Trialnumb': 200, 'thisN': 37, 'thisTrialN': 37, 'thisRepN': 0}>
97.9728 	EXP 	LDT_fix_text: autoDraw = False
97.9728 	EXP 	LDT_stim_text: autoDraw = False
97.9728 	EXP 	LDT_break_text: autoDraw = False
97.9728 	EXP 	LDT_stim_text: height = np.float64(0.1)
97.9728 	EXP 	LDT_stim_text: height = np.float64(0.1)
97.9728 	EXP 	LDT_stim_text: height = np.float64(0.1)
97.9728 	EXP 	LDT_stim_text: text = 'stip'
97.9728 	EXP 	LDT_fix_text: autoDraw = True
97.9733 	DATA 	Keypress: a
98.0484 	EXP 	Device response: <KeyPress from None: t=97.96229180000955, value=a, duration=0.08016879996284842>
98.4568 	EXP 	LDT_stim_text: autoDraw = True
98.4650 	EXP 	LDT_fix_text: autoDraw = False
98.9325 	EXP 	Device response: <KeyPress from None: t=98.9301337999641, value=l, duration=None>
98.9328 	EXP 	New trial (rep=0, index=38): <Trial 38 (38 in rep 0) data={'Task': 'LDT', 'TrialType': 'Target', 'Stimuli': 'art', 'StimulusType': 'word', 'CorrectResponse': 'l', 'Trialnumb': 15, 'thisN': 38, 'thisTrialN': 38, 'thisRepN': 0}>
98.9406 	EXP 	LDT_fix_text: autoDraw = False
98.9406 	EXP 	LDT_stim_text: autoDraw = False
98.9406 	EXP 	LDT_break_text: autoDraw = False
98.9406 	EXP 	LDT_stim_text: height = np.float64(0.1)
98.9406 	EXP 	LDT_stim_text: height = np.float64(0.1)
98.9406 	EXP 	LDT_stim_text: height = np.float64(0.1)
98.9406 	EXP 	LDT_stim_text: text = 'art'
98.9406 	EXP 	LDT_fix_text: autoDraw = True
98.9411 	DATA 	Keypress: l
99.0159 	EXP 	Device response: <KeyPress from None: t=98.9301337999641, value=l, duration=0.08096230000955984>
99.4243 	EXP 	LDT_stim_text: autoDraw = True
99.4327 	EXP 	LDT_fix_text: autoDraw = False
100.0419 	EXP 	Device response: <KeyPress from None: t=100.03404940001201, value=l, duration=None>
100.0421 	EXP 	New trial (rep=0, index=39): <Trial 39 (39 in rep 0) data={'Task': 'LDT', 'TrialType': 'Target', 'Stimuli': 'boss', 'StimulusType': 'word', 'CorrectResponse': 'l', 'Trialnumb': 61, 'thisN': 39, 'thisTrialN': 39, 'thisRepN': 0}>
100.0499 	EXP 	LDT_fix_text: autoDraw = False
100.0499 	EXP 	LDT_stim_text: autoDraw = False
100.0499 	EXP 	LDT_break_text: autoDraw = False
100.0499 	EXP 	LDT_stim_text: height = np.float64(0.1)
100.0499 	EXP 	LDT_stim_text: height = np.float64(0.1)
100.0499 	EXP 	LDT_stim_text: height = np.float64(0.1)
100.0499 	EXP 	LDT_stim_text: text = 'boss'
100.0499 	EXP 	LDT_fix_text: autoDraw = True
100.0505 	DATA 	Keypress: l
100.1003 	EXP 	Device response: <KeyPress from None: t=100.03404940001201, value=l, duration=0.06393299996852875>
100.5337 	EXP 	LDT_stim_text: autoDraw = True
100.5421 	EXP 	LDT_fix_text: autoDraw = False
101.0179 	EXP 	Device response: <KeyPress from None: t=101.01041230000556, value=l, duration=None>
101.0182 	EXP 	New trial (rep=0, index=40): <Trial 40 (40 in rep 0) data={'Task': 'LDT', 'TrialType': 'Target', 'Stimuli': 'hass', 'StimulusType': 'nonword', 'CorrectResponse': 'a', 'Trialnumb': 151, 'thisN': 40, 'thisTrialN': 40, 'thisRepN': 0}>
101.0260 	EXP 	LDT_fix_text: autoDraw = False
101.0260 	EXP 	LDT_stim_text: autoDraw = False
101.0260 	EXP 	LDT_break_text: autoDraw = False
101.0260 	EXP 	LDT_stim_text: height = np.float64(0.1)
101.0260 	EXP 	LDT_stim_text: height = np.float64(0.1)
101.0260 	EXP 	LDT_stim_text: height = np.float64(0.1)
101.0260 	EXP 	LDT_stim_text: text = 'hass'
101.0260 	EXP 	LDT_fix_text: autoDraw = True
101.0265 	DATA 	Keypress: l
101.0763 	EXP 	Device response: <KeyPress from None: t=101.01041230000556, value=l, duration=0.06498759996611625>
101.5097 	EXP 	LDT_stim_text: autoDraw = True
101.5181 	EXP 	LDT_fix_text: autoDraw = False
101.9938 	EXP 	Device response: <KeyPress from None: t=101.98599929996999, value=l, duration=None>
101.9941 	EXP 	New trial (rep=0, index=41): <Trial 41 (41 in rep 0) data={'Task': 'LDT', 'TrialType': 'Target', 'Stimuli': 'kell', 'StimulusType': 'nonword', 'CorrectResponse': 'a', 'Trialnumb': 164, 'thisN': 41, 'thisTrialN': 41, 'thisRepN': 0}>
102.0019 	EXP 	LDT_fix_text: autoDraw = False
102.0019 	EXP 	LDT_stim_text: autoDraw = False
102.0019 	EXP 	LDT_break_text: autoDraw = False
102.0019 	EXP 	LDT_stim_text: height = np.float64(0.1)
102.0019 	EXP 	LDT_stim_text: height = np.float64(0.1)
102.0019 	EXP 	LDT_stim_text: height = np.float64(0.1)
102.0019 	EXP 	LDT_stim_text: text = 'kell'
102.0019 	EXP 	LDT_fix_text: autoDraw = True
102.0024 	DATA 	Keypress: l
102.0523 	EXP 	Device response: <KeyPress from None: t=101.98599929996999, value=l, duration=0.06430120003642514>
102.4857 	EXP 	LDT_stim_text: autoDraw = True
102.4940 	EXP 	LDT_fix_text: autoDraw = False
103.7708 	EXP 	Device response: <KeyPress from None: t=103.77050410001539, value=a, duration=None>
103.7791 	EXP 	New trial (rep=0, index=42): <Trial 42 (42 in rep 0) data={'Task': 'LDT', 'TrialType': 'Target', 'Stimuli': 'lals', 'StimulusType': 'nonword', 'CorrectResponse': 'a', 'Trialnumb': 167, 'thisN': 42, 'thisTrialN': 42, 'thisRepN': 0}>
103.7804 	DATA 	Keypress: a
103.7871 	EXP 	LDT_fix_text: autoDraw = False
103.7871 	EXP 	LDT_stim_text: autoDraw = False
103.7871 	EXP 	LDT_break_text: autoDraw = False
103.7871 	EXP 	LDT_stim_text: height = np.float64(0.1)
103.7871 	EXP 	LDT_stim_text: height = np.float64(0.1)
103.7871 	EXP 	LDT_stim_text: height = np.float64(0.1)
103.7871 	EXP 	LDT_stim_text: text = 'lals'
103.7871 	EXP 	LDT_fix_text: autoDraw = True
103.9124 	EXP 	Device response: <KeyPress from None: t=103.77050410001539, value=a, duration=0.1368145999731496>
104.2708 	EXP 	LDT_stim_text: autoDraw = True
104.2792 	EXP 	LDT_fix_text: autoDraw = False
104.8467 	EXP 	Device response: <KeyPress from None: t=104.8421401999658, value=a, duration=None>
104.8469 	EXP 	New trial (rep=0, index=43): <Trial 43 (43 in rep 0) data={'Task': 'LDT', 'TrialType': 'Target', 'Stimuli': 'hork', 'StimulusType': 'nonword', 'CorrectResponse': 'a', 'Trialnumb': 156, 'thisN': 43, 'thisTrialN': 43, 'thisRepN': 0}>
104.8547 	EXP 	LDT_fix_text: autoDraw = False
104.8547 	EXP 	LDT_stim_text: autoDraw = False
104.8547 	EXP 	LDT_break_text: autoDraw = False
104.8547 	EXP 	LDT_stim_text: height = np.float64(0.1)
104.8547 	EXP 	LDT_stim_text: height = np.float64(0.1)
104.8547 	EXP 	LDT_stim_text: height = np.float64(0.1)
104.8547 	EXP 	LDT_stim_text: text = 'hork'
104.8547 	EXP 	LDT_fix_text: autoDraw = True
104.8553 	DATA 	Keypress: a
104.9719 	EXP 	Device response: <KeyPress from None: t=104.8421401999658, value=a, duration=0.12802850001025945>
105.3385 	EXP 	LDT_stim_text: autoDraw = True
105.3469 	EXP 	LDT_fix_text: autoDraw = False
106.2147 	EXP 	Device response: <KeyPress from None: t=106.21138870000141, value=a, duration=None>
106.2149 	EXP 	New trial (rep=0, index=44): <Trial 44 (44 in rep 0) data={'Task': 'LDT', 'TrialType': 'Target', 'Stimuli': 'rap', 'StimulusType': 'word', 'CorrectResponse': 'l', 'Trialnumb': 109, 'thisN': 44, 'thisTrialN': 44, 'thisRepN': 0}>
106.2228 	EXP 	LDT_fix_text: autoDraw = False
106.2228 	EXP 	LDT_stim_text: autoDraw = False
106.2228 	EXP 	LDT_break_text: autoDraw = False
106.2228 	EXP 	LDT_stim_text: height = np.float64(0.1)
106.2228 	EXP 	LDT_stim_text: height = np.float64(0.1)
106.2228 	EXP 	LDT_stim_text: height = np.float64(0.1)
106.2228 	EXP 	LDT_stim_text: text = 'rap'
106.2228 	EXP 	LDT_fix_text: autoDraw = True
106.2233 	DATA 	Keypress: a
106.3315 	EXP 	Device response: <KeyPress from None: t=106.21138870000141, value=a, duration=0.11906519997864962>
106.7066 	EXP 	LDT_stim_text: autoDraw = True
106.7149 	EXP 	LDT_fix_text: autoDraw = False
107.3243 	EXP 	Device response: <KeyPress from None: t=107.32275130000198, value=l, duration=None>
107.3245 	EXP 	New trial (rep=0, index=45): <Trial 45 (45 in rep 0) data={'Task': 'LDT', 'TrialType': 'Target', 'Stimuli': 'chase', 'StimulusType': 'word', 'CorrectResponse': 'l', 'Trialnumb': 86, 'thisN': 45, 'thisTrialN': 45, 'thisRepN': 0}>
107.3323 	EXP 	LDT_fix_text: autoDraw = False
107.3323 	EXP 	LDT_stim_text: autoDraw = False
107.3323 	EXP 	LDT_break_text: autoDraw = False
107.3323 	EXP 	LDT_stim_text: height = np.float64(0.1)
107.3323 	EXP 	LDT_stim_text: height = np.float64(0.1)
107.3323 	EXP 	LDT_stim_text: height = np.float64(0.1)
107.3323 	EXP 	LDT_stim_text: text = 'chase'
107.3323 	EXP 	LDT_fix_text: autoDraw = True
107.3328 	DATA 	Keypress: l
107.4326 	EXP 	Device response: <KeyPress from None: t=107.32275130000198, value=l, duration=0.10396269999910146>
107.8160 	EXP 	LDT_stim_text: autoDraw = True
107.8244 	EXP 	LDT_fix_text: autoDraw = False
108.6338 	EXP 	Device response: <KeyPress from None: t=108.62643369997386, value=a, duration=None>
108.6340 	EXP 	New trial (rep=0, index=46): <Trial 46 (46 in rep 0) data={'Task': 'LDT', 'TrialType': 'Target', 'Stimuli': 'cing', 'StimulusType': 'nonword', 'CorrectResponse': 'a', 'Trialnumb': 127, 'thisN': 46, 'thisTrialN': 46, 'thisRepN': 0}>
108.6418 	EXP 	LDT_fix_text: autoDraw = False
108.6418 	EXP 	LDT_stim_text: autoDraw = False
108.6418 	EXP 	LDT_break_text: autoDraw = False
108.6418 	EXP 	LDT_stim_text: height = np.float64(0.1)
108.6418 	EXP 	LDT_stim_text: height = np.float64(0.1)
108.6418 	EXP 	LDT_stim_text: height = np.float64(0.1)
108.6418 	EXP 	LDT_stim_text: text = 'cing'
108.6418 	EXP 	LDT_fix_text: autoDraw = True
108.6423 	DATA 	Keypress: a
108.7674 	EXP 	Device response: <KeyPress from None: t=108.62643369997386, value=a, duration=0.13628289999905974>
109.1257 	EXP 	LDT_stim_text: autoDraw = True
109.1340 	EXP 	LDT_fix_text: autoDraw = False
110.1103 	EXP 	Device response: <KeyPress from None: t=110.10659159999341, value=l, duration=None>
110.1106 	EXP 	New trial (rep=0, index=47): <Trial 47 (47 in rep 0) data={'Task': 'LDT', 'TrialType': 'Target', 'Stimuli': 'kear', 'StimulusType': 'nonword', 'CorrectResponse': 'a', 'Trialnumb': 163, 'thisN': 47, 'thisTrialN': 47, 'thisRepN': 0}>
110.1183 	EXP 	LDT_fix_text: autoDraw = False
110.1183 	EXP 	LDT_stim_text: autoDraw = False
110.1183 	EXP 	LDT_break_text: autoDraw = False
110.1183 	EXP 	LDT_stim_text: height = np.float64(0.1)
110.1183 	EXP 	LDT_stim_text: height = np.float64(0.1)
110.1183 	EXP 	LDT_stim_text: height = np.float64(0.1)
110.1183 	EXP 	LDT_stim_text: text = 'kear'
110.1183 	EXP 	LDT_fix_text: autoDraw = True
110.1189 	DATA 	Keypress: l
110.1854 	EXP 	Device response: <KeyPress from None: t=110.10659159999341, value=l, duration=0.07215269998414442>
110.6021 	EXP 	LDT_stim_text: autoDraw = True
110.6105 	EXP 	LDT_fix_text: autoDraw = False
111.2114 	EXP 	Device response: <KeyPress from None: t=111.21013929997571, value=a, duration=None>
111.2117 	EXP 	New trial (rep=0, index=48): <Trial 48 (48 in rep 0) data={'Task': 'LDT', 'TrialType': 'Target', 'Stimuli': 'virus', 'StimulusType': 'word', 'CorrectResponse': 'l', 'Trialnumb': 100, 'thisN': 48, 'thisTrialN': 48, 'thisRepN': 0}>
111.2194 	EXP 	LDT_fix_text: autoDraw = False
111.2194 	EXP 	LDT_stim_text: autoDraw = False
111.2194 	EXP 	LDT_break_text: autoDraw = False
111.2194 	EXP 	LDT_stim_text: height = np.float64(0.1)
111.2194 	EXP 	LDT_stim_text: height = np.float64(0.1)
111.2194 	EXP 	LDT_stim_text: height = np.float64(0.1)
111.2194 	EXP 	LDT_stim_text: text = 'virus'
111.2194 	EXP 	LDT_fix_text: autoDraw = True
111.2198 	DATA 	Keypress: a
111.3532 	EXP 	Device response: <KeyPress from None: t=111.21013929997571, value=a, duration=0.13589129998581484>
111.7032 	EXP 	LDT_stim_text: autoDraw = True
111.7115 	EXP 	LDT_fix_text: autoDraw = False
112.6045 	EXP 	Device response: <KeyPress from None: t=112.60203959996579, value=l, duration=None>
112.6047 	EXP 	New trial (rep=0, index=49): <Trial 49 (49 in rep 0) data={'Task': 'LDT', 'TrialType': 'Target', 'Stimuli': 'green', 'StimulusType': 'word', 'CorrectResponse': 'l', 'Trialnumb': 38, 'thisN': 49, 'thisTrialN': 49, 'thisRepN': 0}>
112.6125 	EXP 	LDT_fix_text: autoDraw = False
112.6125 	EXP 	LDT_stim_text: autoDraw = False
112.6125 	EXP 	LDT_break_text: autoDraw = False
112.6125 	EXP 	LDT_stim_text: height = np.float64(0.1)
112.6125 	EXP 	LDT_stim_text: height = np.float64(0.1)
112.6125 	EXP 	LDT_stim_text: height = np.float64(0.1)
112.6125 	EXP 	LDT_stim_text: text = 'green'
112.6125 	EXP 	LDT_fix_text: autoDraw = True
112.6131 	DATA 	Keypress: l
112.7212 	EXP 	Device response: <KeyPress from None: t=112.60203959996579, value=l, duration=0.1137569000129588>
113.0963 	EXP 	LDT_stim_text: autoDraw = True
113.1046 	EXP 	LDT_fix_text: autoDraw = False
113.6972 	EXP 	Device response: <KeyPress from None: t=113.69052969996119, value=l, duration=None>
113.6974 	EXP 	New trial (rep=0, index=50): <Trial 50 (50 in rep 0) data={'Task': 'LDT', 'TrialType': 'Target', 'Stimuli': 'data', 'StimulusType': 'word', 'CorrectResponse': 'l', 'Trialnumb': 41, 'thisN': 50, 'thisTrialN': 50, 'thisRepN': 0}>
113.7053 	EXP 	LDT_fix_text: autoDraw = False
113.7053 	EXP 	LDT_stim_text: autoDraw = False
113.7053 	EXP 	LDT_break_text: autoDraw = False
113.7053 	EXP 	LDT_stim_text: height = np.float64(0.1)
113.7053 	EXP 	LDT_stim_text: height = np.float64(0.1)
113.7053 	EXP 	LDT_stim_text: height = np.float64(0.1)
113.7053 	EXP 	LDT_stim_text: text = 'data'
113.7053 	EXP 	LDT_fix_text: autoDraw = True
113.7058 	DATA 	Keypress: l
113.7807 	EXP 	Device response: <KeyPress from None: t=113.69052969996119, value=l, duration=0.08880430000135675>
114.1890 	EXP 	LDT_stim_text: autoDraw = True
114.1974 	EXP 	LDT_fix_text: autoDraw = False
114.6900 	EXP 	Device response: <KeyPress from None: t=114.68245099997148, value=l, duration=None>
114.6903 	EXP 	New trial (rep=0, index=51): <Trial 51 (51 in rep 0) data={'Task': 'LDT', 'TrialType': 'Target', 'Stimuli': 'team', 'StimulusType': 'word', 'CorrectResponse': 'l', 'Trialnumb': 23, 'thisN': 51, 'thisTrialN': 51, 'thisRepN': 0}>
114.6979 	EXP 	LDT_fix_text: autoDraw = False
114.6979 	EXP 	LDT_stim_text: autoDraw = False
114.6979 	EXP 	LDT_break_text: autoDraw = False
114.6979 	EXP 	LDT_stim_text: height = np.float64(0.1)
114.6979 	EXP 	LDT_stim_text: height = np.float64(0.1)
114.6979 	EXP 	LDT_stim_text: height = np.float64(0.1)
114.6979 	EXP 	LDT_stim_text: text = 'team'
114.6979 	EXP 	LDT_fix_text: autoDraw = True
114.6984 	DATA 	Keypress: l
114.7817 	EXP 	Device response: <KeyPress from None: t=114.68245099997148, value=l, duration=0.09572650003246963>
115.1817 	EXP 	LDT_stim_text: autoDraw = True
115.1900 	EXP 	LDT_fix_text: autoDraw = False
115.7242 	EXP 	Device response: <KeyPress from None: t=115.72238829999696, value=l, duration=None>
115.7244 	EXP 	New trial (rep=0, index=52): <Trial 52 (52 in rep 0) data={'Task': 'LDT', 'TrialType': 'Target', 'Stimuli': 'side', 'StimulusType': 'word', 'CorrectResponse': 'l', 'Trialnumb': 48, 'thisN': 52, 'thisTrialN': 52, 'thisRepN': 0}>
115.7323 	EXP 	LDT_fix_text: autoDraw = False
115.7323 	EXP 	LDT_stim_text: autoDraw = False
115.7323 	EXP 	LDT_break_text: autoDraw = False
115.7323 	EXP 	LDT_stim_text: height = np.float64(0.1)
115.7323 	EXP 	LDT_stim_text: height = np.float64(0.1)
115.7323 	EXP 	LDT_stim_text: height = np.float64(0.1)
115.7323 	EXP 	LDT_stim_text: text = 'side'
115.7323 	EXP 	LDT_fix_text: autoDraw = True
115.7329 	DATA 	Keypress: l
115.8577 	EXP 	Device response: <KeyPress from None: t=115.72238829999696, value=l, duration=0.1279171999776736>
116.2160 	EXP 	LDT_stim_text: autoDraw = True
116.2244 	EXP 	LDT_fix_text: autoDraw = False
116.8088 	EXP 	Device response: <KeyPress from None: t=116.80321579996962, value=l, duration=None>
116.8090 	EXP 	New trial (rep=0, index=53): <Trial 53 (53 in rep 0) data={'Task': 'LDT', 'TrialType': 'Target', 'Stimuli': 'gaft', 'StimulusType': 'nonword', 'CorrectResponse': 'a', 'Trialnumb': 144, 'thisN': 53, 'thisTrialN': 53, 'thisRepN': 0}>
116.8167 	EXP 	LDT_fix_text: autoDraw = False
116.8167 	EXP 	LDT_stim_text: autoDraw = False
116.8167 	EXP 	LDT_break_text: autoDraw = False
116.8167 	EXP 	LDT_stim_text: height = np.float64(0.1)
116.8167 	EXP 	LDT_stim_text: height = np.float64(0.1)
116.8167 	EXP 	LDT_stim_text: height = np.float64(0.1)
116.8167 	EXP 	LDT_stim_text: text = 'gaft'
116.8167 	EXP 	LDT_fix_text: autoDraw = True
116.8172 	DATA 	Keypress: l
116.8920 	EXP 	Device response: <KeyPress from None: t=116.80321579996962, value=l, duration=0.08750040002632886>
117.3005 	EXP 	LDT_stim_text: autoDraw = True
117.3088 	EXP 	LDT_fix_text: autoDraw = False
117.9515 	EXP 	Device response: <KeyPress from None: t=117.94706569996197, value=a, duration=None>
117.9517 	EXP 	New trial (rep=0, index=54): <Trial 54 (54 in rep 0) data={'Task': 'LDT', 'TrialType': 'Target', 'Stimuli': 'junk', 'StimulusType': 'word', 'CorrectResponse': 'l', 'Trialnumb': 105, 'thisN': 54, 'thisTrialN': 54, 'thisRepN': 0}>
117.9596 	EXP 	LDT_fix_text: autoDraw = False
117.9596 	EXP 	LDT_stim_text: autoDraw = False
117.9596 	EXP 	LDT_break_text: autoDraw = False
117.9596 	EXP 	LDT_stim_text: height = np.float64(0.1)
117.9596 	EXP 	LDT_stim_text: height = np.float64(0.1)
117.9596 	EXP 	LDT_stim_text: height = np.float64(0.1)
117.9596 	EXP 	LDT_stim_text: text = 'junk'
117.9596 	EXP 	LDT_fix_text: autoDraw = True
117.9600 	DATA 	Keypress: a
118.0599 	EXP 	Device response: <KeyPress from None: t=117.94706569996197, value=a, duration=0.1044172000256367>
118.4432 	EXP 	LDT_stim_text: autoDraw = True
118.4516 	EXP 	LDT_fix_text: autoDraw = False
119.4279 	EXP 	Device response: <KeyPress from None: t=119.42646980000427, value=l, duration=None>
119.4282 	EXP 	New trial (rep=0, index=55): <Trial 55 (55 in rep 0) data={'Task': 'LDT', 'TrialType': 'Target', 'Stimuli': 'gips', 'StimulusType': 'nonword', 'CorrectResponse': 'a', 'Trialnumb': 147, 'thisN': 55, 'thisTrialN': 55, 'thisRepN': 0}>
119.4359 	EXP 	LDT_fix_text: autoDraw = False
119.4359 	EXP 	LDT_stim_text: autoDraw = False
119.4359 	EXP 	LDT_break_text: autoDraw = False
119.4359 	EXP 	LDT_stim_text: height = np.float64(0.1)
119.4359 	EXP 	LDT_stim_text: height = np.float64(0.1)
119.4359 	EXP 	LDT_stim_text: height = np.float64(0.1)
119.4359 	EXP 	LDT_stim_text: text = 'gips'
119.4359 	EXP 	LDT_fix_text: autoDraw = True
119.4365 	DATA 	Keypress: l
119.5279 	EXP 	Device response: <KeyPress from None: t=119.42646980000427, value=l, duration=0.0966591999749653>
119.9197 	EXP 	LDT_stim_text: autoDraw = True
119.9281 	EXP 	LDT_fix_text: autoDraw = False
120.6375 	EXP 	Device response: <KeyPress from None: t=120.63555489998544, value=a, duration=None>
120.6377 	EXP 	New trial (rep=0, index=56): <Trial 56 (56 in rep 0) data={'Task': 'LDT', 'TrialType': 'Target', 'Stimuli': 'vour', 'StimulusType': 'nonword', 'CorrectResponse': 'a', 'Trialnumb': 214, 'thisN': 56, 'thisTrialN': 56, 'thisRepN': 0}>
120.6454 	EXP 	LDT_fix_text: autoDraw = False
120.6454 	EXP 	LDT_stim_text: autoDraw = False
120.6454 	EXP 	LDT_break_text: autoDraw = False
120.6454 	EXP 	LDT_stim_text: height = np.float64(0.1)
120.6454 	EXP 	LDT_stim_text: height = np.float64(0.1)
120.6454 	EXP 	LDT_stim_text: height = np.float64(0.1)
120.6454 	EXP 	LDT_stim_text: text = 'vour'
120.6454 	EXP 	LDT_fix_text: autoDraw = True
120.6460 	DATA 	Keypress: a
120.7625 	EXP 	Device response: <KeyPress from None: t=120.63555489998544, value=a, duration=0.11898149998160079>
121.1293 	EXP 	LDT_stim_text: autoDraw = True
121.1376 	EXP 	LDT_fix_text: autoDraw = False
121.7552 	EXP 	Device response: <KeyPress from None: t=121.74684049998177, value=a, duration=None>
121.7555 	EXP 	New trial (rep=0, index=57): <Trial 57 (57 in rep 0) data={'Task': 'LDT', 'TrialType': 'Target', 'Stimuli': 'space', 'StimulusType': 'word', 'CorrectResponse': 'l', 'Trialnumb': 30, 'thisN': 57, 'thisTrialN': 57, 'thisRepN': 0}>
121.7569 	DATA 	Keypress: a
121.7632 	EXP 	LDT_fix_text: autoDraw = False
121.7632 	EXP 	LDT_stim_text: autoDraw = False
121.7632 	EXP 	LDT_break_text: autoDraw = False
121.7632 	EXP 	LDT_stim_text: height = np.float64(0.1)
121.7632 	EXP 	LDT_stim_text: height = np.float64(0.1)
121.7632 	EXP 	LDT_stim_text: height = np.float64(0.1)
121.7632 	EXP 	LDT_stim_text: text = 'space'
121.7632 	EXP 	LDT_fix_text: autoDraw = True
121.8637 	EXP 	Device response: <KeyPress from None: t=121.74684049998177, value=a, duration=0.1117641000309959>
122.2471 	EXP 	LDT_stim_text: autoDraw = True
122.2554 	EXP 	LDT_fix_text: autoDraw = False
122.8397 	EXP 	Device response: <KeyPress from None: t=122.83508360001724, value=l, duration=None>
122.8399 	EXP 	New trial (rep=0, index=58): <Trial 58 (58 in rep 0) data={'Task': 'LDT', 'TrialType': 'Target', 'Stimuli': 'haro', 'StimulusType': 'nonword', 'CorrectResponse': 'a', 'Trialnumb': 150, 'thisN': 58, 'thisTrialN': 58, 'thisRepN': 0}>
122.8477 	EXP 	LDT_fix_text: autoDraw = False
122.8477 	EXP 	LDT_stim_text: autoDraw = False
122.8477 	EXP 	LDT_break_text: autoDraw = False
122.8477 	EXP 	LDT_stim_text: height = np.float64(0.1)
122.8477 	EXP 	LDT_stim_text: height = np.float64(0.1)
122.8477 	EXP 	LDT_stim_text: height = np.float64(0.1)
122.8477 	EXP 	LDT_stim_text: text = 'haro'
122.8477 	EXP 	LDT_fix_text: autoDraw = True
122.8483 	DATA 	Keypress: l
122.9314 	EXP 	Device response: <KeyPress from None: t=122.83508360001724, value=l, duration=0.09492459998000413>
123.3315 	EXP 	LDT_stim_text: autoDraw = True
123.3398 	EXP 	LDT_fix_text: autoDraw = False
124.0241 	EXP 	Device response: <KeyPress from None: t=124.0188564999844, value=a, duration=None>
124.0244 	EXP 	New trial (rep=0, index=59): <Trial 59 (59 in rep 0) data={'Task': 'LDT', 'TrialType': 'Target', 'Stimuli': 'sharp', 'StimulusType': 'word', 'CorrectResponse': 'l', 'Trialnumb': 94, 'thisN': 59, 'thisTrialN': 59, 'thisRepN': 0}>
124.0322 	EXP 	LDT_fix_text: autoDraw = False
124.0322 	EXP 	LDT_stim_text: autoDraw = False
124.0322 	EXP 	LDT_break_text: autoDraw = False
124.0322 	EXP 	LDT_stim_text: height = np.float64(0.1)
124.0322 	EXP 	LDT_stim_text: height = np.float64(0.1)
124.0322 	EXP 	LDT_stim_text: height = np.float64(0.1)
124.0322 	EXP 	LDT_stim_text: text = 'sharp'
124.0322 	EXP 	LDT_fix_text: autoDraw = True
124.0326 	DATA 	Keypress: a
124.1242 	EXP 	Device response: <KeyPress from None: t=124.0188564999844, value=a, duration=0.10392540000611916>
124.5160 	EXP 	LDT_stim_text: autoDraw = True
124.5243 	EXP 	LDT_fix_text: autoDraw = False
125.2503 	EXP 	Device response: <KeyPress from None: t=125.24304540001322, value=a, duration=None>
125.2506 	EXP 	New trial (rep=0, index=60): <Trial 60 (60 in rep 0) data={'Task': 'LDT', 'TrialType': 'Target', 'Stimuli': 'gord', 'StimulusType': 'nonword', 'CorrectResponse': 'a', 'Trialnumb': 148, 'thisN': 60, 'thisTrialN': 60, 'thisRepN': 0}>
125.2584 	EXP 	LDT_fix_text: autoDraw = False
125.2584 	EXP 	LDT_stim_text: autoDraw = False
125.2584 	EXP 	LDT_break_text: autoDraw = False
125.2584 	EXP 	LDT_stim_text: height = np.float64(0.1)
125.2584 	EXP 	LDT_stim_text: height = np.float64(0.1)
125.2584 	EXP 	LDT_stim_text: height = np.float64(0.1)
125.2584 	EXP 	LDT_stim_text: text = 'gord'
125.2584 	EXP 	LDT_fix_text: autoDraw = True
125.2589 	DATA 	Keypress: a
125.3338 	EXP 	Device response: <KeyPress from None: t=125.24304540001322, value=a, duration=0.08700079994741827>
125.7422 	EXP 	LDT_stim_text: autoDraw = True
125.7506 	EXP 	LDT_fix_text: autoDraw = False
126.3182 	EXP 	Device response: <KeyPress from None: t=126.31494149996433, value=l, duration=None>
126.3184 	EXP 	New trial (rep=0, index=61): <Trial 61 (61 in rep 0) data={'Task': 'LDT', 'TrialType': 'Target', 'Stimuli': 'kang', 'StimulusType': 'nonword', 'CorrectResponse': 'a', 'Trialnumb': 162, 'thisN': 61, 'thisTrialN': 61, 'thisRepN': 0}>
126.3261 	EXP 	LDT_fix_text: autoDraw = False
126.3261 	EXP 	LDT_stim_text: autoDraw = False
126.3261 	EXP 	LDT_break_text: autoDraw = False
126.3261 	EXP 	LDT_stim_text: height = np.float64(0.1)
126.3261 	EXP 	LDT_stim_text: height = np.float64(0.1)
126.3261 	EXP 	LDT_stim_text: height = np.float64(0.1)
126.3261 	EXP 	LDT_stim_text: text = 'kang'
126.3261 	EXP 	LDT_fix_text: autoDraw = True
126.3267 	DATA 	Keypress: l
126.4016 	EXP 	Device response: <KeyPress from None: t=126.31494149996433, value=l, duration=0.0797391000087373>
126.8099 	EXP 	LDT_stim_text: autoDraw = True
126.8183 	EXP 	LDT_fix_text: autoDraw = False
127.5026 	EXP 	Device response: <KeyPress from None: t=127.49854599998798, value=a, duration=None>
127.5029 	EXP 	New trial (rep=0, index=62): <Trial 62 (62 in rep 0) data={'Task': 'LDT', 'TrialType': 'Target', 'Stimuli': 'toop', 'StimulusType': 'nonword', 'CorrectResponse': 'a', 'Trialnumb': 204, 'thisN': 62, 'thisTrialN': 62, 'thisRepN': 0}>
127.5107 	EXP 	LDT_fix_text: autoDraw = False
127.5107 	EXP 	LDT_stim_text: autoDraw = False
127.5107 	EXP 	LDT_break_text: autoDraw = False
127.5107 	EXP 	LDT_stim_text: height = np.float64(0.1)
127.5107 	EXP 	LDT_stim_text: height = np.float64(0.1)
127.5107 	EXP 	LDT_stim_text: height = np.float64(0.1)
127.5107 	EXP 	LDT_stim_text: text = 'toop'
127.5107 	EXP 	LDT_fix_text: autoDraw = True
127.5112 	DATA 	Keypress: a
127.6445 	EXP 	Device response: <KeyPress from None: t=127.49854599998798, value=a, duration=0.14404709998052567>
127.9945 	EXP 	LDT_stim_text: autoDraw = True
128.0028 	EXP 	LDT_fix_text: autoDraw = False
128.8291 	EXP 	Device response: <KeyPress from None: t=128.8284559000167, value=l, duration=None>
128.8294 	EXP 	New trial (rep=0, index=63): <Trial 63 (63 in rep 0) data={'Task': 'LDT', 'TrialType': 'Target', 'Stimuli': 'toas', 'StimulusType': 'nonword', 'CorrectResponse': 'a', 'Trialnumb': 203, 'thisN': 63, 'thisTrialN': 63, 'thisRepN': 0}>
128.8369 	EXP 	LDT_fix_text: autoDraw = False
128.8369 	EXP 	LDT_stim_text: autoDraw = False
128.8369 	EXP 	LDT_break_text: autoDraw = False
128.8369 	EXP 	LDT_stim_text: height = np.float64(0.1)
128.8369 	EXP 	LDT_stim_text: height = np.float64(0.1)
128.8369 	EXP 	LDT_stim_text: height = np.float64(0.1)
128.8369 	EXP 	LDT_stim_text: text = 'toas'
128.8369 	EXP 	LDT_fix_text: autoDraw = True
128.8374 	DATA 	Keypress: l
128.9374 	EXP 	Device response: <KeyPress from None: t=128.8284559000167, value=l, duration=0.10336899996036664>
129.3208 	EXP 	LDT_stim_text: autoDraw = True
129.3291 	EXP 	LDT_fix_text: autoDraw = False
130.1636 	EXP 	Device response: <KeyPress from None: t=130.1626456999802, value=a, duration=None>
130.1638 	EXP 	New trial (rep=0, index=64): <Trial 64 (64 in rep 0) data={'Task': 'LDT', 'TrialType': 'Target', 'Stimuli': 'food', 'StimulusType': 'word', 'CorrectResponse': 'l', 'Trialnumb': 5, 'thisN': 64, 'thisTrialN': 64, 'thisRepN': 0}>
130.1716 	EXP 	LDT_fix_text: autoDraw = False
130.1716 	EXP 	LDT_stim_text: autoDraw = False
130.1716 	EXP 	LDT_break_text: autoDraw = False
130.1716 	EXP 	LDT_stim_text: height = np.float64(0.1)
130.1716 	EXP 	LDT_stim_text: height = np.float64(0.1)
130.1716 	EXP 	LDT_stim_text: height = np.float64(0.1)
130.1716 	EXP 	LDT_stim_text: text = 'food'
130.1716 	EXP 	LDT_fix_text: autoDraw = True
130.1721 	DATA 	Keypress: a
130.3388 	EXP 	Device response: <KeyPress from None: t=130.1626456999802, value=a, duration=0.16773169999942183>
130.6554 	EXP 	LDT_stim_text: autoDraw = True
130.6638 	EXP 	LDT_fix_text: autoDraw = False
131.1564 	EXP 	Device response: <KeyPress from None: t=131.15482299996074, value=l, duration=None>
131.1566 	EXP 	New trial (rep=0, index=65): <Trial 65 (65 in rep 0) data={'Task': 'LDT', 'TrialType': 'Target', 'Stimuli': 'hage', 'StimulusType': 'nonword', 'CorrectResponse': 'a', 'Trialnumb': 149, 'thisN': 65, 'thisTrialN': 65, 'thisRepN': 0}>
131.1643 	EXP 	LDT_fix_text: autoDraw = False
131.1643 	EXP 	LDT_stim_text: autoDraw = False
131.1643 	EXP 	LDT_break_text: autoDraw = False
131.1643 	EXP 	LDT_stim_text: height = np.float64(0.1)
131.1643 	EXP 	LDT_stim_text: height = np.float64(0.1)
131.1643 	EXP 	LDT_stim_text: height = np.float64(0.1)
131.1643 	EXP 	LDT_stim_text: text = 'hage'
131.1643 	EXP 	LDT_fix_text: autoDraw = True
131.1647 	DATA 	Keypress: l
131.2564 	EXP 	Device response: <KeyPress from None: t=131.15482299996074, value=l, duration=0.09605790005298331>
131.6481 	EXP 	LDT_stim_text: autoDraw = True
131.6565 	EXP 	LDT_fix_text: autoDraw = False
132.4744 	EXP 	Device response: <KeyPress from None: t=132.4741270999657, value=a, duration=None>
132.4746 	EXP 	New trial (rep=0, index=66): <Trial 66 (66 in rep 0) data={'Task': 'LDT', 'TrialType': 'Target', 'Stimuli': 'flen', 'StimulusType': 'nonword', 'CorrectResponse': 'a', 'Trialnumb': 141, 'thisN': 66, 'thisTrialN': 66, 'thisRepN': 0}>
132.4823 	EXP 	LDT_fix_text: autoDraw = False
132.4823 	EXP 	LDT_stim_text: autoDraw = False
132.4823 	EXP 	LDT_break_text: autoDraw = False
132.4823 	EXP 	LDT_stim_text: height = np.float64(0.1)
132.4823 	EXP 	LDT_stim_text: height = np.float64(0.1)
132.4823 	EXP 	LDT_stim_text: height = np.float64(0.1)
132.4823 	EXP 	LDT_stim_text: text = 'flen'
132.4823 	EXP 	LDT_fix_text: autoDraw = True
132.4828 	DATA 	Keypress: a
132.6161 	EXP 	Device response: <KeyPress from None: t=132.4741270999657, value=a, duration=0.13621650001732633>
132.9661 	EXP 	LDT_stim_text: autoDraw = True
132.9744 	EXP 	LDT_fix_text: autoDraw = False
133.5587 	EXP 	Device response: <KeyPress from None: t=133.55581739998888, value=a, duration=None>
133.5590 	EXP 	New trial (rep=0, index=67): <Trial 67 (67 in rep 0) data={'Task': 'LDT', 'TrialType': 'Target', 'Stimuli': 'set', 'StimulusType': 'word', 'CorrectResponse': 'l', 'Trialnumb': 36, 'thisN': 67, 'thisTrialN': 67, 'thisRepN': 0}>
133.5667 	EXP 	LDT_fix_text: autoDraw = False
133.5667 	EXP 	LDT_stim_text: autoDraw = False
133.5667 	EXP 	LDT_break_text: autoDraw = False
133.5667 	EXP 	LDT_stim_text: height = np.float64(0.1)
133.5667 	EXP 	LDT_stim_text: height = np.float64(0.1)
133.5667 	EXP 	LDT_stim_text: height = np.float64(0.1)
133.5667 	EXP 	LDT_stim_text: text = 'set'
133.5667 	EXP 	LDT_fix_text: autoDraw = True
133.5673 	DATA 	Keypress: a
133.6838 	EXP 	Device response: <KeyPress from None: t=133.55581739998888, value=a, duration=0.12752520001959056>
134.0505 	EXP 	LDT_stim_text: autoDraw = True
134.0588 	EXP 	LDT_fix_text: autoDraw = False
134.6430 	EXP 	Device response: <KeyPress from None: t=134.63495029998012, value=l, duration=None>
134.6433 	EXP 	New trial (rep=0, index=68): <Trial 68 (68 in rep 0) data={'Task': 'LDT', 'TrialType': 'Target', 'Stimuli': 'spag', 'StimulusType': 'nonword', 'CorrectResponse': 'a', 'Trialnumb': 197, 'thisN': 68, 'thisTrialN': 68, 'thisRepN': 0}>
134.6511 	EXP 	LDT_fix_text: autoDraw = False
134.6511 	EXP 	LDT_stim_text: autoDraw = False
134.6511 	EXP 	LDT_break_text: autoDraw = False
134.6511 	EXP 	LDT_stim_text: height = np.float64(0.1)
134.6511 	EXP 	LDT_stim_text: height = np.float64(0.1)
134.6511 	EXP 	LDT_stim_text: height = np.float64(0.1)
134.6511 	EXP 	LDT_stim_text: text = 'spag'
134.6511 	EXP 	LDT_fix_text: autoDraw = True
134.6516 	DATA 	Keypress: l
134.7181 	EXP 	Device response: <KeyPress from None: t=134.63495029998012, value=l, duration=0.07978999998886138>
135.1349 	EXP 	LDT_stim_text: autoDraw = True
135.1432 	EXP 	LDT_fix_text: autoDraw = False
135.9110 	EXP 	Device response: <KeyPress from None: t=135.90658389998134, value=a, duration=None>
135.9112 	EXP 	New trial (rep=0, index=69): <Trial 69 (69 in rep 0) data={'Task': 'LDT', 'TrialType': 'Target', 'Stimuli': 'end', 'StimulusType': 'word', 'CorrectResponse': 'l', 'Trialnumb': 33, 'thisN': 69, 'thisTrialN': 69, 'thisRepN': 0}>
135.9191 	EXP 	LDT_fix_text: autoDraw = False
135.9191 	EXP 	LDT_stim_text: autoDraw = False
135.9191 	EXP 	LDT_break_text: autoDraw = False
135.9191 	EXP 	LDT_stim_text: height = np.float64(0.1)
135.9191 	EXP 	LDT_stim_text: height = np.float64(0.1)
135.9191 	EXP 	LDT_stim_text: height = np.float64(0.1)
135.9191 	EXP 	LDT_stim_text: text = 'end'
135.9191 	EXP 	LDT_fix_text: autoDraw = True
135.9197 	DATA 	Keypress: a
136.0194 	EXP 	Device response: <KeyPress from None: t=135.90658389998134, value=a, duration=0.11141070001758635>
136.4028 	EXP 	LDT_stim_text: autoDraw = True
136.4112 	EXP 	LDT_fix_text: autoDraw = False
136.9120 	EXP 	Device response: <KeyPress from None: t=136.9065759999794, value=l, duration=None>
136.9122 	EXP 	New trial (rep=0, index=70): <Trial 70 (70 in rep 0) data={'Task': 'LDT', 'TrialType': 'Target', 'Stimuli': 'raise', 'StimulusType': 'word', 'CorrectResponse': 'l', 'Trialnumb': 73, 'thisN': 70, 'thisTrialN': 70, 'thisRepN': 0}>
136.9200 	EXP 	LDT_fix_text: autoDraw = False
136.9200 	EXP 	LDT_stim_text: autoDraw = False
136.9200 	EXP 	LDT_break_text: autoDraw = False
136.9200 	EXP 	LDT_stim_text: height = np.float64(0.1)
136.9200 	EXP 	LDT_stim_text: height = np.float64(0.1)
136.9200 	EXP 	LDT_stim_text: height = np.float64(0.1)
136.9200 	EXP 	LDT_stim_text: text = 'raise'
136.9200 	EXP 	LDT_fix_text: autoDraw = True
136.9206 	DATA 	Keypress: l
137.0204 	EXP 	Device response: <KeyPress from None: t=136.9065759999794, value=l, duration=0.1118694000178948>
137.4038 	EXP 	LDT_stim_text: autoDraw = True
137.4122 	EXP 	LDT_fix_text: autoDraw = False
138.1132 	EXP 	Device response: <KeyPress from None: t=138.1070064000087, value=l, duration=None>
138.1134 	EXP 	New trial (rep=0, index=71): <Trial 71 (71 in rep 0) data={'Task': 'LDT', 'TrialType': 'Target', 'Stimuli': 'stort', 'StimulusType': 'nonword', 'CorrectResponse': 'a', 'Trialnumb': 201, 'thisN': 71, 'thisTrialN': 71, 'thisRepN': 0}>
138.1212 	EXP 	LDT_fix_text: autoDraw = False
138.1212 	EXP 	LDT_stim_text: autoDraw = False
138.1212 	EXP 	LDT_break_text: autoDraw = False
138.1212 	EXP 	LDT_stim_text: height = np.float64(0.1)
138.1212 	EXP 	LDT_stim_text: height = np.float64(0.1)
138.1212 	EXP 	LDT_stim_text: height = np.float64(0.1)
138.1212 	EXP 	LDT_stim_text: text = 'stort'
138.1212 	EXP 	LDT_fix_text: autoDraw = True
138.1218 	DATA 	Keypress: l
138.2216 	EXP 	Device response: <KeyPress from None: t=138.1070064000087, value=l, duration=0.11148029996547848>
138.6050 	EXP 	LDT_stim_text: autoDraw = True
138.6134 	EXP 	LDT_fix_text: autoDraw = False
139.1058 	EXP 	Device response: <KeyPress from None: t=139.0987480999902, value=l, duration=None>
139.1061 	EXP 	New trial (rep=0, index=72): <Trial 72 (72 in rep 0) data={'Task': 'LDT', 'TrialType': 'Target', 'Stimuli': 'spin', 'StimulusType': 'word', 'CorrectResponse': 'l', 'Trialnumb': 107, 'thisN': 72, 'thisTrialN': 72, 'thisRepN': 0}>
139.1139 	EXP 	LDT_fix_text: autoDraw = False
139.1139 	EXP 	LDT_stim_text: autoDraw = False
139.1139 	EXP 	LDT_break_text: autoDraw = False
139.1139 	EXP 	LDT_stim_text: height = np.float64(0.1)
139.1139 	EXP 	LDT_stim_text: height = np.float64(0.1)
139.1139 	EXP 	LDT_stim_text: height = np.float64(0.1)
139.1139 	EXP 	LDT_stim_text: text = 'spin'
139.1139 	EXP 	LDT_fix_text: autoDraw = True
139.1144 	DATA 	Keypress: l
139.1809 	EXP 	Device response: <KeyPress from None: t=139.0987480999902, value=l, duration=0.08014879998518154>
139.5977 	EXP 	LDT_stim_text: autoDraw = True
139.6060 	EXP 	LDT_fix_text: autoDraw = False
140.1069 	EXP 	Device response: <KeyPress from None: t=140.10613619996002, value=l, duration=None>
140.1072 	EXP 	New trial (rep=0, index=73): <Trial 73 (73 in rep 0) data={'Task': 'LDT', 'TrialType': 'Target', 'Stimuli': 'zall', 'StimulusType': 'nonword', 'CorrectResponse': 'a', 'Trialnumb': 221, 'thisN': 73, 'thisTrialN': 73, 'thisRepN': 0}>
140.1149 	EXP 	LDT_fix_text: autoDraw = False
140.1149 	EXP 	LDT_stim_text: autoDraw = False
140.1149 	EXP 	LDT_break_text: autoDraw = False
140.1149 	EXP 	LDT_stim_text: height = np.float64(0.1)
140.1149 	EXP 	LDT_stim_text: height = np.float64(0.1)
140.1149 	EXP 	LDT_stim_text: height = np.float64(0.1)
140.1149 	EXP 	LDT_stim_text: text = 'zall'
140.1149 	EXP 	LDT_fix_text: autoDraw = True
140.1154 	DATA 	Keypress: l
140.1987 	EXP 	Device response: <KeyPress from None: t=140.10613619996002, value=l, duration=0.08803540002554655>
140.5987 	EXP 	LDT_stim_text: autoDraw = True
140.6070 	EXP 	LDT_fix_text: autoDraw = False
141.2580 	EXP 	Device response: <KeyPress from None: t=141.2502201999887, value=a, duration=None>
141.2584 	EXP 	New trial (rep=0, index=74): <Trial 74 (74 in rep 0) data={'Task': 'LDT', 'TrialType': 'Target', 'Stimuli': 'plue', 'StimulusType': 'nonword', 'CorrectResponse': 'a', 'Trialnumb': 181, 'thisN': 74, 'thisTrialN': 74, 'thisRepN': 0}>
141.2660 	EXP 	LDT_fix_text: autoDraw = False
141.2660 	EXP 	LDT_stim_text: autoDraw = False
141.2660 	EXP 	LDT_break_text: autoDraw = False
141.2660 	EXP 	LDT_stim_text: height = np.float64(0.1)
141.2660 	EXP 	LDT_stim_text: height = np.float64(0.1)
141.2660 	EXP 	LDT_stim_text: height = np.float64(0.1)
141.2660 	EXP 	LDT_stim_text: text = 'plue'
141.2660 	EXP 	LDT_fix_text: autoDraw = True
141.2666 	DATA 	Keypress: a
141.3331 	EXP 	Device response: <KeyPress from None: t=141.2502201999887, value=a, duration=0.07987690001027659>
141.7498 	EXP 	LDT_stim_text: autoDraw = True
141.7582 	EXP 	LDT_fix_text: autoDraw = False
142.4508 	EXP 	Device response: <KeyPress from None: t=142.44300199998543, value=a, duration=None>
142.4511 	EXP 	New trial (rep=0, index=75): <Trial 75 (75 in rep 0) data={'Task': 'LDT', 'TrialType': 'Target', 'Stimuli': 'stap', 'StimulusType': 'nonword', 'CorrectResponse': 'a', 'Trialnumb': 199, 'thisN': 75, 'thisTrialN': 75, 'thisRepN': 0}>
142.4589 	EXP 	LDT_fix_text: autoDraw = False
142.4589 	EXP 	LDT_stim_text: autoDraw = False
142.4589 	EXP 	LDT_break_text: autoDraw = False
142.4589 	EXP 	LDT_stim_text: height = np.float64(0.1)
142.4589 	EXP 	LDT_stim_text: height = np.float64(0.1)
142.4589 	EXP 	LDT_stim_text: height = np.float64(0.1)
142.4589 	EXP 	LDT_stim_text: text = 'stap'
142.4589 	EXP 	LDT_fix_text: autoDraw = True
142.4594 	DATA 	Keypress: a
142.5425 	EXP 	Device response: <KeyPress from None: t=142.44300199998543, value=a, duration=0.09577720001107082>
142.9427 	EXP 	LDT_stim_text: autoDraw = True
142.9510 	EXP 	LDT_fix_text: autoDraw = False
143.5019 	EXP 	Device response: <KeyPress from None: t=143.49886799999513, value=l, duration=None>
143.5021 	EXP 	New trial (rep=0, index=76): <Trial 76 (76 in rep 0) data={'Task': 'LDT', 'TrialType': 'Target', 'Stimuli': 'cean', 'StimulusType': 'nonword', 'CorrectResponse': 'a', 'Trialnumb': 126, 'thisN': 76, 'thisTrialN': 76, 'thisRepN': 0}>
143.5099 	EXP 	LDT_fix_text: autoDraw = False
143.5099 	EXP 	LDT_stim_text: autoDraw = False
143.5099 	EXP 	LDT_break_text: autoDraw = False
143.5099 	EXP 	LDT_stim_text: height = np.float64(0.1)
143.5099 	EXP 	LDT_stim_text: height = np.float64(0.1)
143.5099 	EXP 	LDT_stim_text: height = np.float64(0.1)
143.5099 	EXP 	LDT_stim_text: text = 'cean'
143.5099 	EXP 	LDT_fix_text: autoDraw = True
143.5104 	DATA 	Keypress: l
143.6103 	EXP 	Device response: <KeyPress from None: t=143.49886799999513, value=l, duration=0.10360169998602942>
143.9937 	EXP 	LDT_stim_text: autoDraw = True
144.0021 	EXP 	LDT_fix_text: autoDraw = False
144.6280 	EXP 	Device response: <KeyPress from None: t=144.62599939998472, value=a, duration=None>
144.6283 	EXP 	New trial (rep=0, index=77): <Trial 77 (77 in rep 0) data={'Task': 'LDT', 'TrialType': 'Target', 'Stimuli': 'mears', 'StimulusType': 'nonword', 'CorrectResponse': 'a', 'Trialnumb': 172, 'thisN': 77, 'thisTrialN': 77, 'thisRepN': 0}>
144.6360 	EXP 	LDT_fix_text: autoDraw = False
144.6360 	EXP 	LDT_stim_text: autoDraw = False
144.6360 	EXP 	LDT_break_text: autoDraw = False
144.6360 	EXP 	LDT_stim_text: height = np.float64(0.1)
144.6360 	EXP 	LDT_stim_text: height = np.float64(0.1)
144.6360 	EXP 	LDT_stim_text: height = np.float64(0.1)
144.6360 	EXP 	LDT_stim_text: text = 'mears'
144.6360 	EXP 	LDT_fix_text: autoDraw = True
144.6366 	DATA 	Keypress: a
144.7364 	EXP 	Device response: <KeyPress from None: t=144.62599939998472, value=a, duration=0.1041432999772951>
145.1198 	EXP 	LDT_stim_text: autoDraw = True
145.1282 	EXP 	LDT_fix_text: autoDraw = False
145.6707 	EXP 	Device response: <KeyPress from None: t=145.66609989997232, value=a, duration=None>
145.6710 	EXP 	New trial (rep=0, index=78): <Trial 78 (78 in rep 0) data={'Task': 'LDT', 'TrialType': 'Target', 'Stimuli': 'flat', 'StimulusType': 'word', 'CorrectResponse': 'l', 'Trialnumb': 92, 'thisN': 78, 'thisTrialN': 78, 'thisRepN': 0}>
145.6787 	EXP 	LDT_fix_text: autoDraw = False
145.6787 	EXP 	LDT_stim_text: autoDraw = False
145.6787 	EXP 	LDT_break_text: autoDraw = False
145.6787 	EXP 	LDT_stim_text: height = np.float64(0.1)
145.6787 	EXP 	LDT_stim_text: height = np.float64(0.1)
145.6787 	EXP 	LDT_stim_text: height = np.float64(0.1)
145.6787 	EXP 	LDT_stim_text: text = 'flat'
145.6787 	EXP 	LDT_fix_text: autoDraw = True
145.6793 	DATA 	Keypress: a
145.8125 	EXP 	Device response: <KeyPress from None: t=145.66609989997232, value=a, duration=0.14496010000584647>
146.1626 	EXP 	LDT_stim_text: autoDraw = True
146.1709 	EXP 	LDT_fix_text: autoDraw = False
146.7718 	EXP 	Device response: <KeyPress from None: t=146.7709275999805, value=l, duration=None>
146.7720 	EXP 	New trial (rep=0, index=79): <Trial 79 (79 in rep 0) data={'Task': 'LDT', 'TrialType': 'Target', 'Stimuli': 'snan', 'StimulusType': 'nonword', 'CorrectResponse': 'a', 'Trialnumb': 196, 'thisN': 79, 'thisTrialN': 79, 'thisRepN': 0}>
146.7799 	EXP 	LDT_fix_text: autoDraw = False
146.7799 	EXP 	LDT_stim_text: autoDraw = False
146.7799 	EXP 	LDT_break_text: autoDraw = False
146.7799 	EXP 	LDT_stim_text: height = np.float64(0.1)
146.7799 	EXP 	LDT_stim_text: height = np.float64(0.1)
146.7799 	EXP 	LDT_stim_text: height = np.float64(0.1)
146.7799 	EXP 	LDT_stim_text: text = 'snan'
146.7799 	EXP 	LDT_fix_text: autoDraw = True
146.7804 	DATA 	Keypress: l
146.8552 	EXP 	Device response: <KeyPress from None: t=146.7709275999805, value=l, duration=0.07903959997929633>
147.2637 	EXP 	LDT_stim_text: autoDraw = True
147.2720 	EXP 	LDT_fix_text: autoDraw = False
147.8145 	EXP 	Device response: <KeyPress from None: t=147.81093310000142, value=a, duration=None>
147.8147 	EXP 	New trial (rep=0, index=80): <Trial 80 (80 in rep 0) data={'Task': 'LDT', 'TrialType': 'Target', 'Stimuli': 'sish', 'StimulusType': 'nonword', 'CorrectResponse': 'a', 'Trialnumb': 193, 'thisN': 80, 'thisTrialN': 80, 'thisRepN': 0}>
147.8225 	EXP 	LDT_fix_text: autoDraw = False
147.8225 	EXP 	LDT_stim_text: autoDraw = False
147.8225 	EXP 	LDT_break_text: autoDraw = False
147.8225 	EXP 	LDT_stim_text: height = np.float64(0.1)
147.8225 	EXP 	LDT_stim_text: height = np.float64(0.1)
147.8225 	EXP 	LDT_stim_text: height = np.float64(0.1)
147.8225 	EXP 	LDT_stim_text: text = 'sish'
147.8225 	EXP 	LDT_fix_text: autoDraw = True
147.8231 	DATA 	Keypress: a
147.9230 	EXP 	Device response: <KeyPress from None: t=147.81093310000142, value=a, duration=0.11184029997093603>
148.3063 	EXP 	LDT_stim_text: autoDraw = True
148.3147 	EXP 	LDT_fix_text: autoDraw = False
148.8656 	EXP 	Device response: <KeyPress from None: t=148.85870079998858, value=a, duration=None>
148.8658 	EXP 	New trial (rep=0, index=81): <Trial 81 (81 in rep 0) data={'Task': 'LDT', 'TrialType': 'Target', 'Stimuli': 'gray', 'StimulusType': 'word', 'CorrectResponse': 'l', 'Trialnumb': 98, 'thisN': 81, 'thisTrialN': 81, 'thisRepN': 0}>
148.8737 	EXP 	LDT_fix_text: autoDraw = False
148.8737 	EXP 	LDT_stim_text: autoDraw = False
148.8737 	EXP 	LDT_break_text: autoDraw = False
148.8737 	EXP 	LDT_stim_text: height = np.float64(0.1)
148.8737 	EXP 	LDT_stim_text: height = np.float64(0.1)
148.8737 	EXP 	LDT_stim_text: height = np.float64(0.1)
148.8737 	EXP 	LDT_stim_text: text = 'gray'
148.8737 	EXP 	LDT_fix_text: autoDraw = True
148.8742 	DATA 	Keypress: a
148.9573 	EXP 	Device response: <KeyPress from None: t=148.85870079998858, value=a, duration=0.09618250001221895>
149.3574 	EXP 	LDT_stim_text: autoDraw = True
149.3658 	EXP 	LDT_fix_text: autoDraw = False
149.9082 	EXP 	Device response: <KeyPress from None: t=149.90734759997576, value=a, duration=None>
149.9085 	EXP 	New trial (rep=0, index=82): <Trial 82 (82 in rep 0) data={'Task': 'LDT', 'TrialType': 'Target', 'Stimuli': 'loje', 'StimulusType': 'nonword', 'CorrectResponse': 'a', 'Trialnumb': 171, 'thisN': 82, 'thisTrialN': 82, 'thisRepN': 0}>
149.9163 	EXP 	LDT_fix_text: autoDraw = False
149.9163 	EXP 	LDT_stim_text: autoDraw = False
149.9163 	EXP 	LDT_break_text: autoDraw = False
149.9163 	EXP 	LDT_stim_text: height = np.float64(0.1)
149.9163 	EXP 	LDT_stim_text: height = np.float64(0.1)
149.9163 	EXP 	LDT_stim_text: height = np.float64(0.1)
149.9163 	EXP 	LDT_stim_text: text = 'loje'
149.9163 	EXP 	LDT_fix_text: autoDraw = True
149.9169 	DATA 	Keypress: a
150.0000 	EXP 	Device response: <KeyPress from None: t=149.90734759997576, value=a, duration=0.0885691000148654>
150.4001 	EXP 	LDT_stim_text: autoDraw = True
150.4085 	EXP 	LDT_fix_text: autoDraw = False
150.9760 	EXP 	Device response: <KeyPress from None: t=150.9715382999857, value=a, duration=None>
150.9762 	EXP 	New trial (rep=0, index=83): <Trial 83 (83 in rep 0) data={'Task': 'LDT', 'TrialType': 'Target', 'Stimuli': 'stop', 'StimulusType': 'word', 'CorrectResponse': 'l', 'Trialnumb': 44, 'thisN': 83, 'thisTrialN': 83, 'thisRepN': 0}>
150.9840 	EXP 	LDT_fix_text: autoDraw = False
150.9840 	EXP 	LDT_stim_text: autoDraw = False
150.9840 	EXP 	LDT_break_text: autoDraw = False
150.9840 	EXP 	LDT_stim_text: height = np.float64(0.1)
150.9840 	EXP 	LDT_stim_text: height = np.float64(0.1)
150.9840 	EXP 	LDT_stim_text: height = np.float64(0.1)
150.9840 	EXP 	LDT_stim_text: text = 'stop'
150.9840 	EXP 	LDT_fix_text: autoDraw = True
150.9846 	DATA 	Keypress: a
151.1178 	EXP 	Device response: <KeyPress from None: t=150.9715382999857, value=a, duration=0.14275679999263957>
151.4679 	EXP 	LDT_stim_text: autoDraw = True
151.4762 	EXP 	LDT_fix_text: autoDraw = False
151.9770 	EXP 	Device response: <KeyPress from None: t=151.9700640999945, value=l, duration=None>
151.9772 	EXP 	New trial (rep=0, index=84): <Trial 84 (84 in rep 0) data={'Task': 'LDT', 'TrialType': 'Target', 'Stimuli': 'dass', 'StimulusType': 'nonword', 'CorrectResponse': 'a', 'Trialnumb': 135, 'thisN': 84, 'thisTrialN': 84, 'thisRepN': 0}>
151.9850 	EXP 	LDT_fix_text: autoDraw = False
151.9850 	EXP 	LDT_stim_text: autoDraw = False
151.9850 	EXP 	LDT_break_text: autoDraw = False
151.9850 	EXP 	LDT_stim_text: height = np.float64(0.1)
151.9850 	EXP 	LDT_stim_text: height = np.float64(0.1)
151.9850 	EXP 	LDT_stim_text: height = np.float64(0.1)
151.9850 	EXP 	LDT_stim_text: text = 'dass'
151.9850 	EXP 	LDT_fix_text: autoDraw = True
151.9855 	DATA 	Keypress: l
152.1021 	EXP 	Device response: <KeyPress from None: t=151.9700640999945, value=l, duration=0.12872280000010505>
152.4688 	EXP 	LDT_stim_text: autoDraw = True
152.4772 	EXP 	LDT_fix_text: autoDraw = False
153.0115 	EXP 	Device response: <KeyPress from None: t=153.01102659996832, value=l, duration=None>
153.0117 	EXP 	New trial (rep=0, index=85): <Trial 85 (85 in rep 0) data={'Task': 'LDT', 'TrialType': 'Target', 'Stimuli': 'high', 'StimulusType': 'word', 'CorrectResponse': 'l', 'Trialnumb': 16, 'thisN': 85, 'thisTrialN': 85, 'thisRepN': 0}>
153.0195 	EXP 	LDT_fix_text: autoDraw = False
153.0195 	EXP 	LDT_stim_text: autoDraw = False
153.0195 	EXP 	LDT_break_text: autoDraw = False
153.0195 	EXP 	LDT_stim_text: height = np.float64(0.1)
153.0195 	EXP 	LDT_stim_text: height = np.float64(0.1)
153.0195 	EXP 	LDT_stim_text: height = np.float64(0.1)
153.0195 	EXP 	LDT_stim_text: text = 'high'
153.0195 	EXP 	LDT_fix_text: autoDraw = True
153.0200 	DATA 	Keypress: l
153.0948 	EXP 	Device response: <KeyPress from None: t=153.01102659996832, value=l, duration=0.08035390003351495>
153.5032 	EXP 	LDT_stim_text: autoDraw = True
153.5116 	EXP 	LDT_fix_text: autoDraw = False
154.1042 	EXP 	Device response: <KeyPress from None: t=154.09892309998395, value=l, duration=None>
154.1044 	EXP 	New trial (rep=0, index=86): <Trial 86 (86 in rep 0) data={'Task': 'LDT', 'TrialType': 'Target', 'Stimuli': 'mass', 'StimulusType': 'word', 'CorrectResponse': 'l', 'Trialnumb': 102, 'thisN': 86, 'thisTrialN': 86, 'thisRepN': 0}>
154.1122 	EXP 	LDT_fix_text: autoDraw = False
154.1122 	EXP 	LDT_stim_text: autoDraw = False
154.1122 	EXP 	LDT_break_text: autoDraw = False
154.1122 	EXP 	LDT_stim_text: height = np.float64(0.1)
154.1122 	EXP 	LDT_stim_text: height = np.float64(0.1)
154.1122 	EXP 	LDT_stim_text: height = np.float64(0.1)
154.1122 	EXP 	LDT_stim_text: text = 'mass'
154.1122 	EXP 	LDT_fix_text: autoDraw = True
154.1127 	DATA 	Keypress: l
154.1959 	EXP 	Device response: <KeyPress from None: t=154.09892309998395, value=l, duration=0.09504370001377538>
154.5959 	EXP 	LDT_stim_text: autoDraw = True
154.6043 	EXP 	LDT_fix_text: autoDraw = False
155.3303 	EXP 	Device response: <KeyPress from None: t=155.32293799996842, value=l, duration=None>
155.3306 	EXP 	New trial (rep=0, index=87): <Trial 87 (87 in rep 0) data={'Task': 'LDT', 'TrialType': 'Target', 'Stimuli': 'live', 'StimulusType': 'word', 'CorrectResponse': 'l', 'Trialnumb': 24, 'thisN': 87, 'thisTrialN': 87, 'thisRepN': 0}>
155.3384 	EXP 	LDT_fix_text: autoDraw = False
155.3384 	EXP 	LDT_stim_text: autoDraw = False
155.3384 	EXP 	LDT_break_text: autoDraw = False
155.3384 	EXP 	LDT_stim_text: height = np.float64(0.1)
155.3384 	EXP 	LDT_stim_text: height = np.float64(0.1)
155.3384 	EXP 	LDT_stim_text: height = np.float64(0.1)
155.3384 	EXP 	LDT_stim_text: text = 'live'
155.3384 	EXP 	LDT_fix_text: autoDraw = True
155.3388 	DATA 	Keypress: l
155.4054 	EXP 	Device response: <KeyPress from None: t=155.32293799996842, value=l, duration=0.0796266000252217>
155.8222 	EXP 	LDT_stim_text: autoDraw = True
155.8305 	EXP 	LDT_fix_text: autoDraw = False
156.4064 	EXP 	Device response: <KeyPress from None: t=156.40207089995965, value=l, duration=None>
156.4067 	EXP 	New trial (rep=0, index=88): <Trial 88 (88 in rep 0) data={'Task': 'LDT', 'TrialType': 'Target', 'Stimuli': 'media', 'StimulusType': 'word', 'CorrectResponse': 'l', 'Trialnumb': 46, 'thisN': 88, 'thisTrialN': 88, 'thisRepN': 0}>
156.4144 	EXP 	LDT_fix_text: autoDraw = False
156.4144 	EXP 	LDT_stim_text: autoDraw = False
156.4144 	EXP 	LDT_break_text: autoDraw = False
156.4144 	EXP 	LDT_stim_text: height = np.float64(0.1)
156.4144 	EXP 	LDT_stim_text: height = np.float64(0.1)
156.4144 	EXP 	LDT_stim_text: height = np.float64(0.1)
156.4144 	EXP 	LDT_stim_text: text = 'media'
156.4144 	EXP 	LDT_fix_text: autoDraw = True
156.4150 	DATA 	Keypress: l
156.4983 	EXP 	Device response: <KeyPress from None: t=156.40207089995965, value=l, duration=0.09589370002504438>
156.8982 	EXP 	LDT_stim_text: autoDraw = True
156.9066 	EXP 	LDT_fix_text: autoDraw = False
157.7077 	EXP 	Device response: <KeyPress from None: t=157.70623700000579, value=l, duration=None>
157.7080 	EXP 	New trial (rep=0, index=89): <Trial 89 (89 in rep 0) data={'Task': 'LDT', 'TrialType': 'Target', 'Stimuli': 'berm', 'StimulusType': 'nonword', 'CorrectResponse': 'a', 'Trialnumb': 121, 'thisN': 89, 'thisTrialN': 89, 'thisRepN': 0}>
157.7157 	EXP 	LDT_fix_text: autoDraw = False
157.7157 	EXP 	LDT_stim_text: autoDraw = False
157.7157 	EXP 	LDT_break_text: autoDraw = False
157.7157 	EXP 	LDT_stim_text: height = np.float64(0.1)
157.7157 	EXP 	LDT_stim_text: height = np.float64(0.1)
157.7157 	EXP 	LDT_stim_text: height = np.float64(0.1)
157.7157 	EXP 	LDT_stim_text: text = 'berm'
157.7157 	EXP 	LDT_fix_text: autoDraw = True
157.7163 	DATA 	Keypress: l
157.8161 	EXP 	Device response: <KeyPress from None: t=157.70623700000579, value=l, duration=0.10403930000029504>
158.1995 	EXP 	LDT_stim_text: autoDraw = True
158.2079 	EXP 	LDT_fix_text: autoDraw = False
158.8505 	EXP 	Device response: <KeyPress from None: t=158.84292679995997, value=a, duration=None>
158.8508 	EXP 	New trial (rep=0, index=90): <Trial 90 (90 in rep 0) data={'Task': 'LDT', 'TrialType': 'Target', 'Stimuli': 'water', 'StimulusType': 'word', 'CorrectResponse': 'l', 'Trialnumb': 3, 'thisN': 90, 'thisTrialN': 90, 'thisRepN': 0}>
158.8586 	EXP 	LDT_fix_text: autoDraw = False
158.8586 	EXP 	LDT_stim_text: autoDraw = False
158.8586 	EXP 	LDT_break_text: autoDraw = False
158.8586 	EXP 	LDT_stim_text: height = np.float64(0.1)
158.8586 	EXP 	LDT_stim_text: height = np.float64(0.1)
158.8586 	EXP 	LDT_stim_text: height = np.float64(0.1)
158.8586 	EXP 	LDT_stim_text: text = 'water'
158.8586 	EXP 	LDT_fix_text: autoDraw = True
158.8592 	DATA 	Keypress: a
158.9256 	EXP 	Device response: <KeyPress from None: t=158.84292679995997, value=a, duration=0.07999360002577305>
159.3424 	EXP 	LDT_stim_text: autoDraw = True
159.3507 	EXP 	LDT_fix_text: autoDraw = False
159.9099 	EXP 	Device response: <KeyPress from None: t=159.90692979999585, value=l, duration=None>
159.9102 	EXP 	New trial (rep=0, index=91): <Trial 91 (91 in rep 0) data={'Task': 'LDT', 'TrialType': 'Target', 'Stimuli': 'bust', 'StimulusType': 'word', 'CorrectResponse': 'l', 'Trialnumb': 91, 'thisN': 91, 'thisTrialN': 91, 'thisRepN': 0}>
159.9179 	EXP 	LDT_fix_text: autoDraw = False
159.9179 	EXP 	LDT_stim_text: autoDraw = False
159.9179 	EXP 	LDT_break_text: autoDraw = False
159.9179 	EXP 	LDT_stim_text: height = np.float64(0.1)
159.9179 	EXP 	LDT_stim_text: height = np.float64(0.1)
159.9179 	EXP 	LDT_stim_text: height = np.float64(0.1)
159.9179 	EXP 	LDT_stim_text: text = 'bust'
159.9179 	EXP 	LDT_fix_text: autoDraw = True
159.9185 	DATA 	Keypress: l
160.0017 	EXP 	Device response: <KeyPress from None: t=159.90692979999585, value=l, duration=0.08732009999221191>
160.4017 	EXP 	LDT_stim_text: autoDraw = True
160.4101 	EXP 	LDT_fix_text: autoDraw = False
161.1194 	EXP 	Device response: <KeyPress from None: t=161.1149582999642, value=a, duration=None>
161.1196 	EXP 	New trial (rep=0, index=92): <Trial 92 (92 in rep 0) data={'Task': 'LDT', 'TrialType': 'Target', 'Stimuli': 'ate', 'StimulusType': 'word', 'CorrectResponse': 'l', 'Trialnumb': 85, 'thisN': 92, 'thisTrialN': 92, 'thisRepN': 0}>
161.1276 	EXP 	LDT_fix_text: autoDraw = False
161.1276 	EXP 	LDT_stim_text: autoDraw = False
161.1276 	EXP 	LDT_break_text: autoDraw = False
161.1276 	EXP 	LDT_stim_text: height = np.float64(0.1)
161.1276 	EXP 	LDT_stim_text: height = np.float64(0.1)
161.1276 	EXP 	LDT_stim_text: height = np.float64(0.1)
161.1276 	EXP 	LDT_stim_text: text = 'ate'
161.1276 	EXP 	LDT_fix_text: autoDraw = True
161.1281 	DATA 	Keypress: a
161.2364 	EXP 	Device response: <KeyPress from None: t=161.1149582999642, value=a, duration=0.12072090001311153>
161.6113 	EXP 	LDT_stim_text: autoDraw = True
161.6196 	EXP 	LDT_fix_text: autoDraw = False
162.1121 	EXP 	Device response: <KeyPress from None: t=162.1063262000098, value=l, duration=None>
162.1123 	EXP 	New trial (rep=0, index=93): <Trial 93 (93 in rep 0) data={'Task': 'LDT', 'TrialType': 'Target', 'Stimuli': 'yell', 'StimulusType': 'word', 'CorrectResponse': 'l', 'Trialnumb': 101, 'thisN': 93, 'thisTrialN': 93, 'thisRepN': 0}>
162.1202 	EXP 	LDT_fix_text: autoDraw = False
162.1202 	EXP 	LDT_stim_text: autoDraw = False
162.1202 	EXP 	LDT_break_text: autoDraw = False
162.1202 	EXP 	LDT_stim_text: height = np.float64(0.1)
162.1202 	EXP 	LDT_stim_text: height = np.float64(0.1)
162.1202 	EXP 	LDT_stim_text: height = np.float64(0.1)
162.1202 	EXP 	LDT_stim_text: text = 'yell'
162.1202 	EXP 	LDT_fix_text: autoDraw = True
162.1208 	DATA 	Keypress: l
162.2622 	EXP 	Device response: <KeyPress from None: t=162.1063262000098, value=l, duration=0.1520357999834232>
162.6039 	EXP 	LDT_stim_text: autoDraw = True
162.6123 	EXP 	LDT_fix_text: autoDraw = False
163.1381 	EXP 	Device response: <KeyPress from None: t=163.13002919999417, value=l, duration=None>
163.1383 	EXP 	New trial (rep=0, index=94): <Trial 94 (94 in rep 0) data={'Task': 'LDT', 'TrialType': 'Target', 'Stimuli': 'spum', 'StimulusType': 'nonword', 'CorrectResponse': 'a', 'Trialnumb': 198, 'thisN': 94, 'thisTrialN': 94, 'thisRepN': 0}>
163.1461 	EXP 	LDT_fix_text: autoDraw = False
163.1461 	EXP 	LDT_stim_text: autoDraw = False
163.1461 	EXP 	LDT_break_text: autoDraw = False
163.1461 	EXP 	LDT_stim_text: height = np.float64(0.1)
163.1461 	EXP 	LDT_stim_text: height = np.float64(0.1)
163.1461 	EXP 	LDT_stim_text: height = np.float64(0.1)
163.1461 	EXP 	LDT_stim_text: text = 'spum'
163.1461 	EXP 	LDT_fix_text: autoDraw = True
163.1466 	DATA 	Keypress: l
163.2299 	EXP 	Device response: <KeyPress from None: t=163.13002919999417, value=l, duration=0.096492099983152>
163.6300 	EXP 	LDT_stim_text: autoDraw = True
163.6383 	EXP 	LDT_fix_text: autoDraw = False
164.3810 	EXP 	Device response: <KeyPress from None: t=164.37877139996272, value=a, duration=None>
164.3812 	EXP 	New trial (rep=0, index=95): <Trial 95 (95 in rep 0) data={'Task': 'LDT', 'TrialType': 'Target', 'Stimuli': 'gali', 'StimulusType': 'nonword', 'CorrectResponse': 'a', 'Trialnumb': 113, 'thisN': 95, 'thisTrialN': 95, 'thisRepN': 0}>
164.3892 	EXP 	LDT_fix_text: autoDraw = False
164.3892 	EXP 	LDT_stim_text: autoDraw = False
164.3892 	EXP 	LDT_break_text: autoDraw = False
164.3892 	EXP 	LDT_stim_text: height = np.float64(0.1)
164.3892 	EXP 	LDT_stim_text: height = np.float64(0.1)
164.3892 	EXP 	LDT_stim_text: height = np.float64(0.1)
164.3892 	EXP 	LDT_stim_text: text = 'gali'
164.3892 	EXP 	LDT_fix_text: autoDraw = True
164.3897 	DATA 	Keypress: a
164.5228 	EXP 	Device response: <KeyPress from None: t=164.37877139996272, value=a, duration=0.1435291000525467>
164.8729 	EXP 	LDT_stim_text: autoDraw = True
164.8812 	EXP 	LDT_fix_text: autoDraw = False
165.5738 	EXP 	Device response: <KeyPress from None: t=165.57061369996518, value=a, duration=None>
165.5741 	EXP 	New trial (rep=0, index=96): <Trial 96 (96 in rep 0) data={'Task': 'LDT', 'TrialType': 'Target', 'Stimuli': 'last', 'StimulusType': 'word', 'CorrectResponse': 'l', 'Trialnumb': 11, 'thisN': 96, 'thisTrialN': 96, 'thisRepN': 0}>
165.5819 	EXP 	LDT_fix_text: autoDraw = False
165.5819 	EXP 	LDT_stim_text: autoDraw = False
165.5819 	EXP 	LDT_break_text: autoDraw = False
165.5819 	EXP 	LDT_stim_text: height = np.float64(0.1)
165.5819 	EXP 	LDT_stim_text: height = np.float64(0.1)
165.5819 	EXP 	LDT_stim_text: height = np.float64(0.1)
165.5819 	EXP 	LDT_stim_text: text = 'last'
165.5819 	EXP 	LDT_fix_text: autoDraw = True
165.5824 	DATA 	Keypress: a
165.6908 	EXP 	Device response: <KeyPress from None: t=165.57061369996518, value=a, duration=0.11192830000072718>
166.0657 	EXP 	LDT_stim_text: autoDraw = True
166.0742 	EXP 	LDT_fix_text: autoDraw = False
166.5498 	EXP 	Device response: <KeyPress from None: t=166.54622829996515, value=l, duration=None>
166.5501 	EXP 	New trial (rep=0, index=97): <Trial 97 (97 in rep 0) data={'Task': 'LDT', 'TrialType': 'Target', 'Stimuli': 'show', 'StimulusType': 'word', 'CorrectResponse': 'l', 'Trialnumb': 21, 'thisN': 97, 'thisTrialN': 97, 'thisRepN': 0}>
166.5579 	EXP 	LDT_fix_text: autoDraw = False
166.5579 	EXP 	LDT_stim_text: autoDraw = False
166.5579 	EXP 	LDT_break_text: autoDraw = False
166.5579 	EXP 	LDT_stim_text: height = np.float64(0.1)
166.5579 	EXP 	LDT_stim_text: height = np.float64(0.1)
166.5579 	EXP 	LDT_stim_text: height = np.float64(0.1)
166.5579 	EXP 	LDT_stim_text: text = 'show'
166.5579 	EXP 	LDT_fix_text: autoDraw = True
166.5584 	DATA 	Keypress: l
166.6416 	EXP 	Device response: <KeyPress from None: t=166.54622829996515, value=l, duration=0.08849029999691993>
167.0417 	EXP 	LDT_stim_text: autoDraw = True
167.0502 	EXP 	LDT_fix_text: autoDraw = False
167.5508 	EXP 	Device response: <KeyPress from None: t=167.54619949997868, value=l, duration=None>
167.5510 	EXP 	New trial (rep=0, index=98): <Trial 98 (98 in rep 0) data={'Task': 'LDT', 'TrialType': 'Target', 'Stimuli': 'juck', 'StimulusType': 'nonword', 'CorrectResponse': 'a', 'Trialnumb': 161, 'thisN': 98, 'thisTrialN': 98, 'thisRepN': 0}>
167.5591 	EXP 	LDT_fix_text: autoDraw = False
167.5591 	EXP 	LDT_stim_text: autoDraw = False
167.5591 	EXP 	LDT_break_text: autoDraw = False
167.5591 	EXP 	LDT_stim_text: height = np.float64(0.1)
167.5591 	EXP 	LDT_stim_text: height = np.float64(0.1)
167.5591 	EXP 	LDT_stim_text: height = np.float64(0.1)
167.5591 	EXP 	LDT_stim_text: text = 'juck'
167.5591 	EXP 	LDT_fix_text: autoDraw = True
167.5596 	DATA 	Keypress: l
167.6342 	EXP 	Device response: <KeyPress from None: t=167.54619949997868, value=l, duration=0.0806268000160344>
168.0427 	EXP 	LDT_stim_text: autoDraw = True
168.0510 	EXP 	LDT_fix_text: autoDraw = False
168.5853 	EXP 	Device response: <KeyPress from None: t=168.5783660999732, value=l, duration=None>
168.5856 	EXP 	New trial (rep=0, index=99): <Trial 99 (99 in rep 0) data={'Task': 'LDT', 'TrialType': 'Target', 'Stimuli': 'long', 'StimulusType': 'word', 'CorrectResponse': 'l', 'Trialnumb': 6, 'thisN': 99, 'thisTrialN': 99, 'thisRepN': 0}>
168.5933 	EXP 	LDT_fix_text: autoDraw = False
168.5933 	EXP 	LDT_stim_text: autoDraw = False
168.5933 	EXP 	LDT_break_text: autoDraw = False
168.5933 	EXP 	LDT_stim_text: height = np.float64(0.1)
168.5933 	EXP 	LDT_stim_text: height = np.float64(0.1)
168.5933 	EXP 	LDT_stim_text: height = np.float64(0.1)
168.5933 	EXP 	LDT_stim_text: text = 'long'
168.5933 	EXP 	LDT_fix_text: autoDraw = True
168.5939 	DATA 	Keypress: l
168.6686 	EXP 	Device response: <KeyPress from None: t=168.5783660999732, value=l, duration=0.08837499999208376>
169.0771 	EXP 	LDT_stim_text: autoDraw = True
169.0854 	EXP 	LDT_fix_text: autoDraw = False
169.5695 	EXP 	Device response: <KeyPress from None: t=169.5627633999684, value=l, duration=None>
169.5697 	EXP 	New trial (rep=0, index=100): <Trial 100 (100 in rep 0) data={'Task': 'LDT', 'TrialType': 'Target', 'Stimuli': 'neep', 'StimulusType': 'nonword', 'CorrectResponse': 'a', 'Trialnumb': 176, 'thisN': 100, 'thisTrialN': 100, 'thisRepN': 0}>
169.5775 	EXP 	LDT_fix_text: autoDraw = False
169.5775 	EXP 	LDT_stim_text: autoDraw = False
169.5775 	EXP 	LDT_break_text: autoDraw = False
169.5775 	EXP 	LDT_stim_text: height = np.float64(0.1)
169.5775 	EXP 	LDT_stim_text: height = np.float64(0.1)
169.5775 	EXP 	LDT_stim_text: height = np.float64(0.1)
169.5775 	EXP 	LDT_stim_text: text = 'neep'
169.5775 	EXP 	LDT_fix_text: autoDraw = True
169.5781 	DATA 	Keypress: l
169.6529 	EXP 	Device response: <KeyPress from None: t=169.5627633999684, value=l, duration=0.08805510000092909>
170.0614 	EXP 	LDT_stim_text: autoDraw = True
170.0697 	EXP 	LDT_fix_text: autoDraw = False
170.5872 	EXP 	Device response: <KeyPress from None: t=170.578872699989, value=l, duration=None>
170.5874 	EXP 	New trial (rep=0, index=101): <Trial 101 (101 in rep 0) data={'Task': 'LDT', 'TrialType': 'Target', 'Stimuli': 'word', 'StimulusType': 'word', 'CorrectResponse': 'l', 'Trialnumb': 47, 'thisN': 101, 'thisTrialN': 101, 'thisRepN': 0}>
170.5954 	EXP 	LDT_fix_text: autoDraw = False
170.5954 	EXP 	LDT_stim_text: autoDraw = False
170.5954 	EXP 	LDT_break_text: autoDraw = False
170.5954 	EXP 	LDT_stim_text: height = np.float64(0.1)
170.5954 	EXP 	LDT_stim_text: height = np.float64(0.1)
170.5954 	EXP 	LDT_stim_text: height = np.float64(0.1)
170.5954 	EXP 	LDT_stim_text: text = 'word'
170.5954 	EXP 	LDT_fix_text: autoDraw = True
170.5958 	DATA 	Keypress: l
170.6540 	EXP 	Device response: <KeyPress from None: t=170.578872699989, value=l, duration=0.07197210000595078>
171.0790 	EXP 	LDT_stim_text: autoDraw = True
171.0874 	EXP 	LDT_fix_text: autoDraw = False
171.6132 	EXP 	Device response: <KeyPress from None: t=171.61022370000137, value=l, duration=None>
171.6135 	EXP 	New trial (rep=0, index=102): <Trial 102 (102 in rep 0) data={'Task': 'LDT', 'TrialType': 'Target', 'Stimuli': 'biss', 'StimulusType': 'nonword', 'CorrectResponse': 'a', 'Trialnumb': 123, 'thisN': 102, 'thisTrialN': 102, 'thisRepN': 0}>
171.6213 	EXP 	LDT_fix_text: autoDraw = False
171.6213 	EXP 	LDT_stim_text: autoDraw = False
171.6213 	EXP 	LDT_break_text: autoDraw = False
171.6213 	EXP 	LDT_stim_text: height = np.float64(0.1)
171.6213 	EXP 	LDT_stim_text: height = np.float64(0.1)
171.6213 	EXP 	LDT_stim_text: height = np.float64(0.1)
171.6213 	EXP 	LDT_stim_text: text = 'biss'
171.6213 	EXP 	LDT_fix_text: autoDraw = True
171.6218 	DATA 	Keypress: l
171.6968 	EXP 	Device response: <KeyPress from None: t=171.61022370000137, value=l, duration=0.08027410000795498>
172.1051 	EXP 	LDT_stim_text: autoDraw = True
172.1134 	EXP 	LDT_fix_text: autoDraw = False
172.8061 	EXP 	Device response: <KeyPress from None: t=172.80231719999574, value=a, duration=None>
172.8063 	EXP 	New trial (rep=0, index=103): <Trial 103 (103 in rep 0) data={'Task': 'LDT', 'TrialType': 'Target', 'Stimuli': 'slim', 'StimulusType': 'word', 'CorrectResponse': 'l', 'Trialnumb': 111, 'thisN': 103, 'thisTrialN': 103, 'thisRepN': 0}>
172.8141 	EXP 	LDT_fix_text: autoDraw = False
172.8141 	EXP 	LDT_stim_text: autoDraw = False
172.8141 	EXP 	LDT_break_text: autoDraw = False
172.8141 	EXP 	LDT_stim_text: height = np.float64(0.1)
172.8141 	EXP 	LDT_stim_text: height = np.float64(0.1)
172.8141 	EXP 	LDT_stim_text: height = np.float64(0.1)
172.8141 	EXP 	LDT_stim_text: text = 'slim'
172.8141 	EXP 	LDT_fix_text: autoDraw = True
172.8146 	DATA 	Keypress: a
172.9479 	EXP 	Device response: <KeyPress from None: t=172.80231719999574, value=a, duration=0.14506249997066334>
173.2979 	EXP 	LDT_stim_text: autoDraw = True
173.3063 	EXP 	LDT_fix_text: autoDraw = False
173.8822 	EXP 	Device response: <KeyPress from None: t=173.87403559999075, value=a, duration=None>
173.8825 	EXP 	New trial (rep=0, index=104): <Trial 104 (104 in rep 0) data={'Task': 'LDT', 'TrialType': 'Target', 'Stimuli': 'part', 'StimulusType': 'word', 'CorrectResponse': 'l', 'Trialnumb': 17, 'thisN': 104, 'thisTrialN': 104, 'thisRepN': 0}>
173.8902 	EXP 	LDT_fix_text: autoDraw = False
173.8902 	EXP 	LDT_stim_text: autoDraw = False
173.8902 	EXP 	LDT_break_text: autoDraw = False
173.8902 	EXP 	LDT_stim_text: height = np.float64(0.1)
173.8902 	EXP 	LDT_stim_text: height = np.float64(0.1)
173.8902 	EXP 	LDT_stim_text: height = np.float64(0.1)
173.8902 	EXP 	LDT_stim_text: text = 'part'
173.8902 	EXP 	LDT_fix_text: autoDraw = True
173.8908 	DATA 	Keypress: a
174.0074 	EXP 	Device response: <KeyPress from None: t=173.87403559999075, value=a, duration=0.12920399999711663>
174.3741 	EXP 	LDT_stim_text: autoDraw = True
174.3823 	EXP 	LDT_fix_text: autoDraw = False
174.8832 	EXP 	Device response: <KeyPress from None: t=174.88196769997012, value=l, duration=None>
174.8835 	EXP 	New trial (rep=0, index=105): <Trial 105 (105 in rep 0) data={'Task': 'LDT', 'TrialType': 'Target', 'Stimuli': 'rear', 'StimulusType': 'word', 'CorrectResponse': 'l', 'Trialnumb': 110, 'thisN': 105, 'thisTrialN': 105, 'thisRepN': 0}>
174.8912 	EXP 	LDT_fix_text: autoDraw = False
174.8912 	EXP 	LDT_stim_text: autoDraw = False
174.8912 	EXP 	LDT_break_text: autoDraw = False
174.8912 	EXP 	LDT_stim_text: height = np.float64(0.1)
174.8912 	EXP 	LDT_stim_text: height = np.float64(0.1)
174.8912 	EXP 	LDT_stim_text: height = np.float64(0.1)
174.8912 	EXP 	LDT_stim_text: text = 'rear'
174.8912 	EXP 	LDT_fix_text: autoDraw = True
174.8917 	DATA 	Keypress: l
174.9584 	EXP 	Device response: <KeyPress from None: t=174.88196769997012, value=l, duration=0.07341670000459999>
175.3750 	EXP 	LDT_stim_text: autoDraw = True
175.3833 	EXP 	LDT_fix_text: autoDraw = False
176.1177 	EXP 	Device response: <KeyPress from None: t=176.11443580000196, value=l, duration=None>
176.1179 	EXP 	New trial (rep=0, index=106): <Trial 106 (106 in rep 0) data={'Task': 'LDT', 'TrialType': 'Target', 'Stimuli': 'lill', 'StimulusType': 'nonword', 'CorrectResponse': 'a', 'Trialnumb': 168, 'thisN': 106, 'thisTrialN': 106, 'thisRepN': 0}>
176.1257 	EXP 	LDT_fix_text: autoDraw = False
176.1257 	EXP 	LDT_stim_text: autoDraw = False
176.1257 	EXP 	LDT_break_text: autoDraw = False
176.1257 	EXP 	LDT_stim_text: height = np.float64(0.1)
176.1257 	EXP 	LDT_stim_text: height = np.float64(0.1)
176.1257 	EXP 	LDT_stim_text: height = np.float64(0.1)
176.1257 	EXP 	LDT_stim_text: text = 'lill'
176.1257 	EXP 	LDT_fix_text: autoDraw = True
176.1262 	DATA 	Keypress: l
176.2012 	EXP 	Device response: <KeyPress from None: t=176.11443580000196, value=l, duration=0.07987759995739907>
176.6096 	EXP 	LDT_stim_text: autoDraw = True
176.6179 	EXP 	LDT_fix_text: autoDraw = False
177.0938 	EXP 	Device response: <KeyPress from None: t=177.09136729995953, value=a, duration=None>
177.0941 	EXP 	New trial (rep=0, index=107): <Trial 107 (107 in rep 0) data={'Task': 'LDT', 'TrialType': 'Target', 'Stimuli': 'buy', 'StimulusType': 'word', 'CorrectResponse': 'l', 'Trialnumb': 25, 'thisN': 107, 'thisTrialN': 107, 'thisRepN': 0}>
177.1017 	EXP 	LDT_fix_text: autoDraw = False
177.1017 	EXP 	LDT_stim_text: autoDraw = False
177.1017 	EXP 	LDT_break_text: autoDraw = False
177.1017 	EXP 	LDT_stim_text: height = np.float64(0.1)
177.1017 	EXP 	LDT_stim_text: height = np.float64(0.1)
177.1017 	EXP 	LDT_stim_text: height = np.float64(0.1)
177.1017 	EXP 	LDT_stim_text: text = 'buy'
177.1017 	EXP 	LDT_fix_text: autoDraw = True
177.1022 	DATA 	Keypress: a
177.2356 	EXP 	Device response: <KeyPress from None: t=177.09136729995953, value=a, duration=0.14329910004744306>
177.5855 	EXP 	LDT_stim_text: autoDraw = True
177.5939 	EXP 	LDT_fix_text: autoDraw = False
178.1281 	EXP 	Device response: <KeyPress from None: t=178.1237395000062, value=l, duration=None>
178.1283 	EXP 	New trial (rep=0, index=108): <Trial 108 (108 in rep 0) data={'Task': 'LDT', 'TrialType': 'Target', 'Stimuli': 'week', 'StimulusType': 'word', 'CorrectResponse': 'l', 'Trialnumb': 28, 'thisN': 108, 'thisTrialN': 108, 'thisRepN': 0}>
178.1361 	EXP 	LDT_fix_text: autoDraw = False
178.1361 	EXP 	LDT_stim_text: autoDraw = False
178.1361 	EXP 	LDT_break_text: autoDraw = False
178.1361 	EXP 	LDT_stim_text: height = np.float64(0.1)
178.1361 	EXP 	LDT_stim_text: height = np.float64(0.1)
178.1361 	EXP 	LDT_stim_text: height = np.float64(0.1)
178.1361 	EXP 	LDT_stim_text: text = 'week'
178.1361 	EXP 	LDT_fix_text: autoDraw = True
178.1367 	DATA 	Keypress: l
178.2198 	EXP 	Device response: <KeyPress from None: t=178.1237395000062, value=l, duration=0.09489549999125302>
178.6199 	EXP 	LDT_stim_text: autoDraw = True
178.6283 	EXP 	LDT_fix_text: autoDraw = False
179.0623 	EXP 	Device response: <KeyPress from None: t=179.05991189996712, value=l, duration=None>
179.0626 	EXP 	New trial (rep=0, index=109): <Trial 109 (109 in rep 0) data={'Task': 'LDT', 'TrialType': 'Target', 'Stimuli': 'host', 'StimulusType': 'word', 'CorrectResponse': 'l', 'Trialnumb': 106, 'thisN': 109, 'thisTrialN': 109, 'thisRepN': 0}>
179.0704 	EXP 	LDT_fix_text: autoDraw = False
179.0704 	EXP 	LDT_stim_text: autoDraw = False
179.0704 	EXP 	LDT_break_text: autoDraw = False
179.0704 	EXP 	LDT_stim_text: height = np.float64(0.1)
179.0704 	EXP 	LDT_stim_text: height = np.float64(0.1)
179.0704 	EXP 	LDT_stim_text: height = np.float64(0.1)
179.0704 	EXP 	LDT_stim_text: text = 'host'
179.0704 	EXP 	LDT_fix_text: autoDraw = True
179.0710 	DATA 	Keypress: l
179.1458 	EXP 	Device response: <KeyPress from None: t=179.05991189996712, value=l, duration=0.07896549999713898>
179.5542 	EXP 	LDT_stim_text: autoDraw = True
179.5625 	EXP 	LDT_fix_text: autoDraw = False
180.0633 	EXP 	Device response: <KeyPress from None: t=180.05841870000586, value=l, duration=None>
180.0636 	EXP 	New trial (rep=0, index=110): <Trial 110 (110 in rep 0) data={'Task': 'LDT', 'TrialType': 'Target', 'Stimuli': 'left', 'StimulusType': 'word', 'CorrectResponse': 'l', 'Trialnumb': 27, 'thisN': 110, 'thisTrialN': 110, 'thisRepN': 0}>
180.0716 	EXP 	LDT_fix_text: autoDraw = False
180.0716 	EXP 	LDT_stim_text: autoDraw = False
180.0716 	EXP 	LDT_break_text: autoDraw = False
180.0716 	EXP 	LDT_stim_text: height = np.float64(0.1)
180.0716 	EXP 	LDT_stim_text: height = np.float64(0.1)
180.0716 	EXP 	LDT_stim_text: height = np.float64(0.1)
180.0716 	EXP 	LDT_stim_text: text = 'left'
180.0716 	EXP 	LDT_fix_text: autoDraw = True
180.0722 	DATA 	Keypress: l
180.1635 	EXP 	Device response: <KeyPress from None: t=180.05841870000586, value=l, duration=0.10457389999646693>
180.5552 	EXP 	LDT_stim_text: autoDraw = True
180.5635 	EXP 	LDT_fix_text: autoDraw = False
181.0560 	EXP 	Device response: <KeyPress from None: t=181.05108740000287, value=l, duration=None>
181.0562 	EXP 	New trial (rep=0, index=111): <Trial 111 (111 in rep 0) data={'Task': 'LDT', 'TrialType': 'Target', 'Stimuli': 'trag', 'StimulusType': 'nonword', 'CorrectResponse': 'a', 'Trialnumb': 205, 'thisN': 111, 'thisTrialN': 111, 'thisRepN': 0}>
181.0641 	EXP 	LDT_fix_text: autoDraw = False
181.0641 	EXP 	LDT_stim_text: autoDraw = False
181.0641 	EXP 	LDT_break_text: autoDraw = False
181.0641 	EXP 	LDT_stim_text: height = np.float64(0.1)
181.0641 	EXP 	LDT_stim_text: height = np.float64(0.1)
181.0641 	EXP 	LDT_stim_text: height = np.float64(0.1)
181.0641 	EXP 	LDT_stim_text: text = 'trag'
181.0641 	EXP 	LDT_fix_text: autoDraw = True
181.0646 	DATA 	Keypress: l
181.1478 	EXP 	Device response: <KeyPress from None: t=181.05108740000287, value=l, duration=0.09494819998508319>
181.5480 	EXP 	LDT_stim_text: autoDraw = True
181.5562 	EXP 	LDT_fix_text: autoDraw = False
182.3155 	EXP 	Device response: <KeyPress from None: t=182.31451100000413, value=a, duration=None>
182.3158 	EXP 	New trial (rep=0, index=112): <Trial 112 (112 in rep 0) data={'Task': 'LDT', 'TrialType': 'Target', 'Stimuli': 'basp', 'StimulusType': 'nonword', 'CorrectResponse': 'a', 'Trialnumb': 118, 'thisN': 112, 'thisTrialN': 112, 'thisRepN': 0}>
182.3236 	EXP 	LDT_fix_text: autoDraw = False
182.3236 	EXP 	LDT_stim_text: autoDraw = False
182.3236 	EXP 	LDT_break_text: autoDraw = False
182.3236 	EXP 	LDT_stim_text: height = np.float64(0.1)
182.3236 	EXP 	LDT_stim_text: height = np.float64(0.1)
182.3236 	EXP 	LDT_stim_text: height = np.float64(0.1)
182.3236 	EXP 	LDT_stim_text: text = 'basp'
182.3236 	EXP 	LDT_fix_text: autoDraw = True
182.3242 	DATA 	Keypress: a
182.4407 	EXP 	Device response: <KeyPress from None: t=182.31451100000413, value=a, duration=0.12029990000883117>
182.8074 	EXP 	LDT_stim_text: autoDraw = True
182.8157 	EXP 	LDT_fix_text: autoDraw = False
183.4416 	EXP 	Device response: <KeyPress from None: t=183.4341371000046, value=a, duration=None>
183.4419 	EXP 	New trial (rep=0, index=113): <Trial 113 (113 in rep 0) data={'Task': 'LDT', 'TrialType': 'Target', 'Stimuli': 'read', 'StimulusType': 'word', 'CorrectResponse': 'l', 'Trialnumb': 31, 'thisN': 113, 'thisTrialN': 113, 'thisRepN': 0}>
183.4498 	EXP 	LDT_fix_text: autoDraw = False
183.4498 	EXP 	LDT_stim_text: autoDraw = False
183.4498 	EXP 	LDT_break_text: autoDraw = False
183.4498 	EXP 	LDT_stim_text: height = np.float64(0.1)
183.4498 	EXP 	LDT_stim_text: height = np.float64(0.1)
183.4498 	EXP 	LDT_stim_text: height = np.float64(0.1)
183.4498 	EXP 	LDT_stim_text: text = 'read'
183.4498 	EXP 	LDT_fix_text: autoDraw = True
183.4503 	DATA 	Keypress: a
183.5418 	EXP 	Device response: <KeyPress from None: t=183.4341371000046, value=a, duration=0.10479479999048635>
183.9335 	EXP 	LDT_stim_text: autoDraw = True
183.9419 	EXP 	LDT_fix_text: autoDraw = False
184.5261 	EXP 	Device response: <KeyPress from None: t=184.5221797999693, value=l, duration=None>
184.5263 	EXP 	New trial (rep=0, index=114): <Trial 114 (114 in rep 0) data={'Task': 'LDT', 'TrialType': 'Target', 'Stimuli': 'crap', 'StimulusType': 'word', 'CorrectResponse': 'l', 'Trialnumb': 70, 'thisN': 114, 'thisTrialN': 114, 'thisRepN': 0}>
184.5342 	EXP 	LDT_fix_text: autoDraw = False
184.5342 	EXP 	LDT_stim_text: autoDraw = False
184.5342 	EXP 	LDT_break_text: autoDraw = False
184.5342 	EXP 	LDT_stim_text: height = np.float64(0.1)
184.5342 	EXP 	LDT_stim_text: height = np.float64(0.1)
184.5342 	EXP 	LDT_stim_text: height = np.float64(0.1)
184.5342 	EXP 	LDT_stim_text: text = 'crap'
184.5342 	EXP 	LDT_fix_text: autoDraw = True
184.5347 	DATA 	Keypress: l
184.6179 	EXP 	Device response: <KeyPress from None: t=184.5221797999693, value=l, duration=0.08832650003023446>
185.0180 	EXP 	LDT_stim_text: autoDraw = True
185.0263 	EXP 	LDT_fix_text: autoDraw = False
185.5104 	EXP 	Device response: <KeyPress from None: t=185.50754379999125, value=l, duration=None>
185.5106 	EXP 	New trial (rep=0, index=115): <Trial 115 (115 in rep 0) data={'Task': 'LDT', 'TrialType': 'Target', 'Stimuli': 'back', 'StimulusType': 'word', 'CorrectResponse': 'l', 'Trialnumb': 8, 'thisN': 115, 'thisTrialN': 115, 'thisRepN': 0}>
185.5185 	EXP 	LDT_fix_text: autoDraw = False
185.5185 	EXP 	LDT_stim_text: autoDraw = False
185.5185 	EXP 	LDT_break_text: autoDraw = False
185.5185 	EXP 	LDT_stim_text: height = np.float64(0.1)
185.5185 	EXP 	LDT_stim_text: height = np.float64(0.1)
185.5185 	EXP 	LDT_stim_text: height = np.float64(0.1)
185.5185 	EXP 	LDT_stim_text: text = 'back'
185.5185 	EXP 	LDT_fix_text: autoDraw = True
185.5191 	DATA 	Keypress: l
185.6106 	EXP 	Device response: <KeyPress from None: t=185.50754379999125, value=l, duration=0.10242140002083033>
186.0023 	EXP 	LDT_stim_text: autoDraw = True
186.0106 	EXP 	LDT_fix_text: autoDraw = False
186.4530 	EXP 	Device response: <KeyPress from None: t=186.4507491000113, value=l, duration=None>
186.4532 	EXP 	New trial (rep=0, index=116): <Trial 116 (116 in rep 0) data={'Task': 'LDT', 'TrialType': 'Target', 'Stimuli': 'few', 'StimulusType': 'word', 'CorrectResponse': 'l', 'Trialnumb': 18, 'thisN': 116, 'thisTrialN': 116, 'thisRepN': 0}>
186.4610 	EXP 	LDT_fix_text: autoDraw = False
186.4610 	EXP 	LDT_stim_text: autoDraw = False
186.4610 	EXP 	LDT_break_text: autoDraw = False
186.4610 	EXP 	LDT_stim_text: height = np.float64(0.1)
186.4610 	EXP 	LDT_stim_text: height = np.float64(0.1)
186.4610 	EXP 	LDT_stim_text: height = np.float64(0.1)
186.4610 	EXP 	LDT_stim_text: text = 'few'
186.4610 	EXP 	LDT_fix_text: autoDraw = True
186.4615 	DATA 	Keypress: l
186.5531 	EXP 	Device response: <KeyPress from None: t=186.4507491000113, value=l, duration=0.09659039997495711>
186.9449 	EXP 	LDT_stim_text: autoDraw = True
186.9532 	EXP 	LDT_fix_text: autoDraw = False
187.5957 	EXP 	Device response: <KeyPress from None: t=187.59528649999993, value=l, duration=None>
187.5960 	EXP 	New trial (rep=0, index=117): <Trial 117 (117 in rep 0) data={'Task': 'LDT', 'TrialType': 'Target', 'Stimuli': 'area', 'StimulusType': 'word', 'CorrectResponse': 'l', 'Trialnumb': 49, 'thisN': 117, 'thisTrialN': 117, 'thisRepN': 0}>
187.6039 	EXP 	LDT_fix_text: autoDraw = False
187.6039 	EXP 	LDT_stim_text: autoDraw = False
187.6039 	EXP 	LDT_break_text: autoDraw = False
187.6039 	EXP 	LDT_stim_text: height = np.float64(0.1)
187.6039 	EXP 	LDT_stim_text: height = np.float64(0.1)
187.6039 	EXP 	LDT_stim_text: height = np.float64(0.1)
187.6039 	EXP 	LDT_stim_text: text = 'area'
187.6039 	EXP 	LDT_fix_text: autoDraw = True
187.6045 	DATA 	Keypress: l
187.6876 	EXP 	Device response: <KeyPress from None: t=187.59528649999993, value=l, duration=0.08789289998821914>
188.0877 	EXP 	LDT_stim_text: autoDraw = True
188.0960 	EXP 	LDT_fix_text: autoDraw = False
188.5386 	EXP 	Device response: <KeyPress from None: t=188.5382717999746, value=l, duration=None>
188.5388 	EXP 	New trial (rep=0, index=118): <Trial 118 (118 in rep 0) data={'Task': 'LDT', 'TrialType': 'Target', 'Stimuli': 'borm', 'StimulusType': 'nonword', 'CorrectResponse': 'a', 'Trialnumb': 124, 'thisN': 118, 'thisTrialN': 118, 'thisRepN': 0}>
188.5465 	EXP 	LDT_fix_text: autoDraw = False
188.5465 	EXP 	LDT_stim_text: autoDraw = False
188.5465 	EXP 	LDT_break_text: autoDraw = False
188.5465 	EXP 	LDT_stim_text: height = np.float64(0.1)
188.5465 	EXP 	LDT_stim_text: height = np.float64(0.1)
188.5465 	EXP 	LDT_stim_text: height = np.float64(0.1)
188.5465 	EXP 	LDT_stim_text: text = 'borm'
188.5465 	EXP 	LDT_fix_text: autoDraw = True
188.5470 	DATA 	Keypress: l
188.6385 	EXP 	Device response: <KeyPress from None: t=188.5382717999746, value=l, duration=0.09643550001783296>
189.0303 	EXP 	LDT_stim_text: autoDraw = True
189.0386 	EXP 	LDT_fix_text: autoDraw = False
189.7563 	EXP 	Device response: <KeyPress from None: t=189.75492310000118, value=a, duration=None>
189.7566 	EXP 	New trial (rep=0, index=119): <Trial 119 (119 in rep 0) data={'Task': 'LDT', 'TrialType': 'Target', 'Stimuli': 'vome', 'StimulusType': 'nonword', 'CorrectResponse': 'a', 'Trialnumb': 213, 'thisN': 119, 'thisTrialN': 119, 'thisRepN': 0}>
189.7643 	EXP 	LDT_fix_text: autoDraw = False
189.7643 	EXP 	LDT_stim_text: autoDraw = False
189.7643 	EXP 	LDT_break_text: autoDraw = False
189.7643 	EXP 	LDT_stim_text: height = np.float64(0.1)
189.7643 	EXP 	LDT_stim_text: height = np.float64(0.1)
189.7643 	EXP 	LDT_stim_text: height = np.float64(0.1)
189.7643 	EXP 	LDT_stim_text: text = 'vome'
189.7643 	EXP 	LDT_fix_text: autoDraw = True
189.7648 	DATA 	Keypress: a
189.8397 	EXP 	Device response: <KeyPress from None: t=189.75492310000118, value=a, duration=0.07913899997947738>
190.2482 	EXP 	LDT_stim_text: autoDraw = True
190.2565 	EXP 	LDT_fix_text: autoDraw = False
190.9659 	EXP 	Device response: <KeyPress from None: t=190.96255699999165, value=a, duration=None>
190.9739 	EXP 	LDT_fix_text: autoDraw = False
190.9739 	EXP 	LDT_stim_text: autoDraw = False
190.9739 	EXP 	LDT_break_text: autoDraw = True
190.9746 	DATA 	Keypress: a
191.0659 	EXP 	Device response: <KeyPress from None: t=190.96255699999165, value=a, duration=0.09606000001076609>
192.0169 	EXP 	Device response: <KeyPress from None: t=192.0100473999628, value=space, duration=None>
192.0171 	EXP 	New trial (rep=0, index=120): <Trial 120 (120 in rep 0) data={'Task': 'LDT', 'TrialType': 'Target', 'Stimuli': 'price', 'StimulusType': 'word', 'CorrectResponse': 'l', 'Trialnumb': 52, 'thisN': 120, 'thisTrialN': 120, 'thisRepN': 0}>
192.0250 	EXP 	LDT_break_text: autoDraw = False
192.0250 	EXP 	LDT_stim_text: height = np.float64(0.1)
192.0250 	EXP 	LDT_stim_text: height = np.float64(0.1)
192.0250 	EXP 	LDT_stim_text: height = np.float64(0.1)
192.0250 	EXP 	LDT_stim_text: text = 'price'
192.0250 	EXP 	LDT_fix_text: autoDraw = True
192.0256 	DATA 	Keypress: space
192.1087 	EXP 	Device response: <KeyPress from None: t=192.0100473999628, value=space, duration=0.09635760000674054>
192.5087 	EXP 	LDT_stim_text: autoDraw = True
192.5171 	EXP 	LDT_fix_text: autoDraw = False
193.1263 	EXP 	Device response: <KeyPress from None: t=193.1223689999897, value=l, duration=None>
193.1266 	EXP 	New trial (rep=0, index=121): <Trial 121 (121 in rep 0) data={'Task': 'LDT', 'TrialType': 'Target', 'Stimuli': 'suck', 'StimulusType': 'word', 'CorrectResponse': 'l', 'Trialnumb': 83, 'thisN': 121, 'thisTrialN': 121, 'thisRepN': 0}>
193.1344 	EXP 	LDT_fix_text: autoDraw = False
193.1344 	EXP 	LDT_stim_text: autoDraw = False
193.1344 	EXP 	LDT_break_text: autoDraw = False
193.1344 	EXP 	LDT_stim_text: height = np.float64(0.1)
193.1344 	EXP 	LDT_stim_text: height = np.float64(0.1)
193.1344 	EXP 	LDT_stim_text: height = np.float64(0.1)
193.1344 	EXP 	LDT_stim_text: text = 'suck'
193.1344 	EXP 	LDT_fix_text: autoDraw = True
193.1348 	DATA 	Keypress: l
193.2181 	EXP 	Device response: <KeyPress from None: t=193.1223689999897, value=l, duration=0.08816889999434352>
193.6182 	EXP 	LDT_stim_text: autoDraw = True
193.6265 	EXP 	LDT_fix_text: autoDraw = False
194.1107 	EXP 	Device response: <KeyPress from None: t=194.10672139999224, value=l, duration=None>
194.1110 	EXP 	New trial (rep=0, index=122): <Trial 122 (122 in rep 0) data={'Task': 'LDT', 'TrialType': 'Target', 'Stimuli': 'pulk', 'StimulusType': 'nonword', 'CorrectResponse': 'a', 'Trialnumb': 183, 'thisN': 122, 'thisTrialN': 122, 'thisRepN': 0}>
194.1187 	EXP 	LDT_fix_text: autoDraw = False
194.1187 	EXP 	LDT_stim_text: autoDraw = False
194.1187 	EXP 	LDT_break_text: autoDraw = False
194.1187 	EXP 	LDT_stim_text: height = np.float64(0.1)
194.1187 	EXP 	LDT_stim_text: height = np.float64(0.1)
194.1187 	EXP 	LDT_stim_text: height = np.float64(0.1)
194.1187 	EXP 	LDT_stim_text: text = 'pulk'
194.1187 	EXP 	LDT_fix_text: autoDraw = True
194.1192 	DATA 	Keypress: l
194.2023 	EXP 	Device response: <KeyPress from None: t=194.10672139999224, value=l, duration=0.08724199997959659>
194.6025 	EXP 	LDT_stim_text: autoDraw = True
194.6108 	EXP 	LDT_fix_text: autoDraw = False
195.2034 	EXP 	Device response: <KeyPress from None: t=195.20241949998308, value=a, duration=None>
195.2037 	EXP 	New trial (rep=0, index=123): <Trial 123 (123 in rep 0) data={'Task': 'LDT', 'TrialType': 'Target', 'Stimuli': 'tuke', 'StimulusType': 'nonword', 'CorrectResponse': 'a', 'Trialnumb': 208, 'thisN': 123, 'thisTrialN': 123, 'thisRepN': 0}>
195.2115 	EXP 	LDT_fix_text: autoDraw = False
195.2115 	EXP 	LDT_stim_text: autoDraw = False
195.2115 	EXP 	LDT_break_text: autoDraw = False
195.2115 	EXP 	LDT_stim_text: height = np.float64(0.1)
195.2115 	EXP 	LDT_stim_text: height = np.float64(0.1)
195.2115 	EXP 	LDT_stim_text: height = np.float64(0.1)
195.2115 	EXP 	LDT_stim_text: text = 'tuke'
195.2115 	EXP 	LDT_fix_text: autoDraw = True
195.2120 	DATA 	Keypress: a
195.3035 	EXP 	Device response: <KeyPress from None: t=195.20241949998308, value=a, duration=0.09621530002914369>
195.6953 	EXP 	LDT_stim_text: autoDraw = True
195.7036 	EXP 	LDT_fix_text: autoDraw = False
196.0960 	EXP 	Device response: <KeyPress from None: t=196.0902888000128, value=l, duration=None>
196.0963 	EXP 	New trial (rep=0, index=124): <Trial 124 (124 in rep 0) data={'Task': 'LDT', 'TrialType': 'Target', 'Stimuli': 'chat', 'StimulusType': 'word', 'CorrectResponse': 'l', 'Trialnumb': 103, 'thisN': 124, 'thisTrialN': 124, 'thisRepN': 0}>
196.1040 	EXP 	LDT_fix_text: autoDraw = False
196.1040 	EXP 	LDT_stim_text: autoDraw = False
196.1040 	EXP 	LDT_break_text: autoDraw = False
196.1040 	EXP 	LDT_stim_text: height = np.float64(0.1)
196.1040 	EXP 	LDT_stim_text: height = np.float64(0.1)
196.1040 	EXP 	LDT_stim_text: height = np.float64(0.1)
196.1040 	EXP 	LDT_stim_text: text = 'chat'
196.1040 	EXP 	LDT_fix_text: autoDraw = True
196.1045 	DATA 	Keypress: l
196.1629 	EXP 	Device response: <KeyPress from None: t=196.0902888000128, value=l, duration=0.07225279998965561>
196.5878 	EXP 	LDT_stim_text: autoDraw = True
196.5961 	EXP 	LDT_fix_text: autoDraw = False
197.0469 	EXP 	Device response: <KeyPress from None: t=197.04374110000208, value=l, duration=None>
197.0472 	EXP 	New trial (rep=0, index=125): <Trial 125 (125 in rep 0) data={'Task': 'LDT', 'TrialType': 'Target', 'Stimuli': 'pess', 'StimulusType': 'nonword', 'CorrectResponse': 'a', 'Trialnumb': 180, 'thisN': 125, 'thisTrialN': 125, 'thisRepN': 0}>
197.0550 	EXP 	LDT_fix_text: autoDraw = False
197.0550 	EXP 	LDT_stim_text: autoDraw = False
197.0550 	EXP 	LDT_break_text: autoDraw = False
197.0550 	EXP 	LDT_stim_text: height = np.float64(0.1)
197.0550 	EXP 	LDT_stim_text: height = np.float64(0.1)
197.0550 	EXP 	LDT_stim_text: height = np.float64(0.1)
197.0550 	EXP 	LDT_stim_text: text = 'pess'
197.0550 	EXP 	LDT_fix_text: autoDraw = True
197.0555 	DATA 	Keypress: l
197.1553 	EXP 	Device response: <KeyPress from None: t=197.04374110000208, value=l, duration=0.10343399998964742>
197.5388 	EXP 	LDT_stim_text: autoDraw = True
197.5471 	EXP 	LDT_fix_text: autoDraw = False
198.1063 	EXP 	Device response: <KeyPress from None: t=198.09827319998294, value=a, duration=None>
198.1065 	EXP 	New trial (rep=0, index=126): <Trial 126 (126 in rep 0) data={'Task': 'LDT', 'TrialType': 'Target', 'Stimuli': 'darb', 'StimulusType': 'nonword', 'CorrectResponse': 'a', 'Trialnumb': 134, 'thisN': 126, 'thisTrialN': 126, 'thisRepN': 0}>
198.1144 	EXP 	LDT_fix_text: autoDraw = False
198.1144 	EXP 	LDT_stim_text: autoDraw = False
198.1144 	EXP 	LDT_break_text: autoDraw = False
198.1144 	EXP 	LDT_stim_text: height = np.float64(0.1)
198.1144 	EXP 	LDT_stim_text: height = np.float64(0.1)
198.1144 	EXP 	LDT_stim_text: height = np.float64(0.1)
198.1144 	EXP 	LDT_stim_text: text = 'darb'
198.1144 	EXP 	LDT_fix_text: autoDraw = True
198.1150 	DATA 	Keypress: a
198.2065 	EXP 	Device response: <KeyPress from None: t=198.09827319998294, value=a, duration=0.10522720002336428>
198.5981 	EXP 	LDT_stim_text: autoDraw = True
198.6065 	EXP 	LDT_fix_text: autoDraw = False
199.0989 	EXP 	Device response: <KeyPress from None: t=199.09058069996536, value=a, duration=None>
199.0992 	EXP 	New trial (rep=0, index=127): <Trial 127 (127 in rep 0) data={'Task': 'LDT', 'TrialType': 'Target', 'Stimuli': 'half', 'StimulusType': 'word', 'CorrectResponse': 'l', 'Trialnumb': 51, 'thisN': 127, 'thisTrialN': 127, 'thisRepN': 0}>
199.1006 	DATA 	Keypress: a
199.1070 	EXP 	LDT_fix_text: autoDraw = False
199.1070 	EXP 	LDT_stim_text: autoDraw = False
199.1070 	EXP 	LDT_break_text: autoDraw = False
199.1070 	EXP 	LDT_stim_text: height = np.float64(0.1)
199.1070 	EXP 	LDT_stim_text: height = np.float64(0.1)
199.1070 	EXP 	LDT_stim_text: height = np.float64(0.1)
199.1070 	EXP 	LDT_stim_text: text = 'half'
199.1070 	EXP 	LDT_fix_text: autoDraw = True
199.1991 	EXP 	Device response: <KeyPress from None: t=199.09058069996536, value=a, duration=0.10459550004452467>
199.5908 	EXP 	LDT_stim_text: autoDraw = True
199.5991 	EXP 	LDT_fix_text: autoDraw = False
200.0415 	EXP 	Device response: <KeyPress from None: t=200.03400689997943, value=a, duration=None>
200.0418 	EXP 	New trial (rep=0, index=128): <Trial 128 (128 in rep 0) data={'Task': 'LDT', 'TrialType': 'Target', 'Stimuli': 'war', 'StimulusType': 'word', 'CorrectResponse': 'l', 'Trialnumb': 55, 'thisN': 128, 'thisTrialN': 128, 'thisRepN': 0}>
200.0497 	EXP 	LDT_fix_text: autoDraw = False
200.0497 	EXP 	LDT_stim_text: autoDraw = False
200.0497 	EXP 	LDT_break_text: autoDraw = False
200.0497 	EXP 	LDT_stim_text: height = np.float64(0.1)
200.0497 	EXP 	LDT_stim_text: height = np.float64(0.1)
200.0497 	EXP 	LDT_stim_text: height = np.float64(0.1)
200.0497 	EXP 	LDT_stim_text: text = 'war'
200.0497 	EXP 	LDT_fix_text: autoDraw = True
200.0501 	DATA 	Keypress: a
200.2084 	EXP 	Device response: <KeyPress from None: t=200.03400689997943, value=a, duration=0.1690519999829121>
200.5334 	EXP 	LDT_stim_text: autoDraw = True
200.5418 	EXP 	LDT_fix_text: autoDraw = False
201.1009 	EXP 	Device response: <KeyPress from None: t=201.09903330000816, value=l, duration=None>
201.1012 	EXP 	New trial (rep=0, index=129): <Trial 129 (129 in rep 0) data={'Task': 'LDT', 'TrialType': 'Target', 'Stimuli': 'warm', 'StimulusType': 'word', 'CorrectResponse': 'l', 'Trialnumb': 60, 'thisN': 129, 'thisTrialN': 129, 'thisRepN': 0}>
201.1090 	EXP 	LDT_fix_text: autoDraw = False
201.1090 	EXP 	LDT_stim_text: autoDraw = False
201.1090 	EXP 	LDT_break_text: autoDraw = False
201.1090 	EXP 	LDT_stim_text: height = np.float64(0.1)
201.1090 	EXP 	LDT_stim_text: height = np.float64(0.1)
201.1090 	EXP 	LDT_stim_text: height = np.float64(0.1)
201.1090 	EXP 	LDT_stim_text: text = 'warm'
201.1090 	EXP 	LDT_fix_text: autoDraw = True
201.1095 	DATA 	Keypress: l
201.1760 	EXP 	Device response: <KeyPress from None: t=201.09903330000816, value=l, duration=0.07110840000677854>
201.5928 	EXP 	LDT_stim_text: autoDraw = True
201.6011 	EXP 	LDT_fix_text: autoDraw = False
202.0769 	EXP 	Device response: <KeyPress from None: t=202.0746882999665, value=l, duration=None>
202.0771 	EXP 	New trial (rep=0, index=130): <Trial 130 (130 in rep 0) data={'Task': 'LDT', 'TrialType': 'Target', 'Stimuli': 'yast', 'StimulusType': 'nonword', 'CorrectResponse': 'a', 'Trialnumb': 218, 'thisN': 130, 'thisTrialN': 130, 'thisRepN': 0}>
202.0849 	EXP 	LDT_fix_text: autoDraw = False
202.0849 	EXP 	LDT_stim_text: autoDraw = False
202.0849 	EXP 	LDT_break_text: autoDraw = False
202.0849 	EXP 	LDT_stim_text: height = np.float64(0.1)
202.0849 	EXP 	LDT_stim_text: height = np.float64(0.1)
202.0849 	EXP 	LDT_stim_text: height = np.float64(0.1)
202.0849 	EXP 	LDT_stim_text: text = 'yast'
202.0849 	EXP 	LDT_fix_text: autoDraw = True
202.0854 	DATA 	Keypress: l
202.1687 	EXP 	Device response: <KeyPress from None: t=202.0746882999665, value=l, duration=0.0891465000458993>
202.5689 	EXP 	LDT_stim_text: autoDraw = True
202.5771 	EXP 	LDT_fix_text: autoDraw = False
203.2196 	EXP 	Device response: <KeyPress from None: t=203.21203609998338, value=a, duration=None>
203.2198 	EXP 	New trial (rep=0, index=131): <Trial 131 (131 in rep 0) data={'Task': 'LDT', 'TrialType': 'Target', 'Stimuli': 'wost', 'StimulusType': 'nonword', 'CorrectResponse': 'a', 'Trialnumb': 217, 'thisN': 131, 'thisTrialN': 131, 'thisRepN': 0}>
203.2278 	EXP 	LDT_fix_text: autoDraw = False
203.2278 	EXP 	LDT_stim_text: autoDraw = False
203.2278 	EXP 	LDT_break_text: autoDraw = False
203.2278 	EXP 	LDT_stim_text: height = np.float64(0.1)
203.2278 	EXP 	LDT_stim_text: height = np.float64(0.1)
203.2278 	EXP 	LDT_stim_text: height = np.float64(0.1)
203.2278 	EXP 	LDT_stim_text: text = 'wost'
203.2278 	EXP 	LDT_fix_text: autoDraw = True
203.2283 	DATA 	Keypress: a
203.3865 	EXP 	Device response: <KeyPress from None: t=203.21203609998338, value=a, duration=0.16632239997852594>
203.7116 	EXP 	LDT_stim_text: autoDraw = True
203.7199 	EXP 	LDT_fix_text: autoDraw = False
204.2541 	EXP 	Device response: <KeyPress from None: t=204.25172269996256, value=a, duration=None>
204.2543 	EXP 	New trial (rep=0, index=132): <Trial 132 (132 in rep 0) data={'Task': 'LDT', 'TrialType': 'Target', 'Stimuli': 'class', 'StimulusType': 'word', 'CorrectResponse': 'l', 'Trialnumb': 19, 'thisN': 132, 'thisTrialN': 132, 'thisRepN': 0}>
204.2623 	EXP 	LDT_fix_text: autoDraw = False
204.2623 	EXP 	LDT_stim_text: autoDraw = False
204.2623 	EXP 	LDT_break_text: autoDraw = False
204.2623 	EXP 	LDT_stim_text: height = np.float64(0.1)
204.2623 	EXP 	LDT_stim_text: height = np.float64(0.1)
204.2623 	EXP 	LDT_stim_text: height = np.float64(0.1)
204.2623 	EXP 	LDT_stim_text: text = 'class'
204.2623 	EXP 	LDT_fix_text: autoDraw = True
204.2628 	DATA 	Keypress: a
204.3710 	EXP 	Device response: <KeyPress from None: t=204.25172269996256, value=a, duration=0.1186034000129439>
204.7459 	EXP 	LDT_stim_text: autoDraw = True
204.7543 	EXP 	LDT_fix_text: autoDraw = False
205.2801 	EXP 	Device response: <KeyPress from None: t=205.27501849998953, value=l, duration=None>
205.2804 	EXP 	New trial (rep=0, index=133): <Trial 133 (133 in rep 0) data={'Task': 'LDT', 'TrialType': 'Target', 'Stimuli': 'brone', 'StimulusType': 'nonword', 'CorrectResponse': 'a', 'Trialnumb': 125, 'thisN': 133, 'thisTrialN': 133, 'thisRepN': 0}>
205.2881 	EXP 	LDT_fix_text: autoDraw = False
205.2881 	EXP 	LDT_stim_text: autoDraw = False
205.2881 	EXP 	LDT_break_text: autoDraw = False
205.2881 	EXP 	LDT_stim_text: height = np.float64(0.1)
205.2881 	EXP 	LDT_stim_text: height = np.float64(0.1)
205.2881 	EXP 	LDT_stim_text: height = np.float64(0.1)
205.2881 	EXP 	LDT_stim_text: text = 'brone'
205.2881 	EXP 	LDT_fix_text: autoDraw = True
205.2887 	DATA 	Keypress: l
205.3719 	EXP 	Device response: <KeyPress from None: t=205.27501849998953, value=l, duration=0.09551870002178475>
205.7720 	EXP 	LDT_stim_text: autoDraw = True
205.7803 	EXP 	LDT_fix_text: autoDraw = False
206.3479 	EXP 	Device response: <KeyPress from None: t=206.34667559998343, value=a, duration=None>
206.3482 	EXP 	New trial (rep=0, index=134): <Trial 134 (134 in rep 0) data={'Task': 'LDT', 'TrialType': 'Target', 'Stimuli': 'yine', 'StimulusType': 'nonword', 'CorrectResponse': 'a', 'Trialnumb': 220, 'thisN': 134, 'thisTrialN': 134, 'thisRepN': 0}>
206.3559 	EXP 	LDT_fix_text: autoDraw = False
206.3559 	EXP 	LDT_stim_text: autoDraw = False
206.3559 	EXP 	LDT_break_text: autoDraw = False
206.3559 	EXP 	LDT_stim_text: height = np.float64(0.1)
206.3559 	EXP 	LDT_stim_text: height = np.float64(0.1)
206.3559 	EXP 	LDT_stim_text: height = np.float64(0.1)
206.3559 	EXP 	LDT_stim_text: text = 'yine'
206.3559 	EXP 	LDT_fix_text: autoDraw = True
206.3564 	DATA 	Keypress: a
206.4479 	EXP 	Device response: <KeyPress from None: t=206.34667559998343, value=a, duration=0.09653719997731969>
206.8397 	EXP 	LDT_stim_text: autoDraw = True
206.8480 	EXP 	LDT_fix_text: autoDraw = False
207.4324 	EXP 	Device response: <KeyPress from None: t=207.42607689998113, value=a, duration=None>
207.4327 	EXP 	New trial (rep=0, index=135): <Trial 135 (135 in rep 0) data={'Task': 'LDT', 'TrialType': 'Target', 'Stimuli': 'hide', 'StimulusType': 'word', 'CorrectResponse': 'l', 'Trialnumb': 68, 'thisN': 135, 'thisTrialN': 135, 'thisRepN': 0}>
207.4403 	EXP 	LDT_fix_text: autoDraw = False
207.4403 	EXP 	LDT_stim_text: autoDraw = False
207.4403 	EXP 	LDT_break_text: autoDraw = False
207.4403 	EXP 	LDT_stim_text: height = np.float64(0.1)
207.4403 	EXP 	LDT_stim_text: height = np.float64(0.1)
207.4403 	EXP 	LDT_stim_text: height = np.float64(0.1)
207.4403 	EXP 	LDT_stim_text: text = 'hide'
207.4403 	EXP 	LDT_fix_text: autoDraw = True
207.4409 	DATA 	Keypress: a
207.5324 	EXP 	Device response: <KeyPress from None: t=207.42607689998113, value=a, duration=0.10446930001489818>
207.9241 	EXP 	LDT_stim_text: autoDraw = True
207.9325 	EXP 	LDT_fix_text: autoDraw = False
208.5000 	EXP 	Device response: <KeyPress from None: t=208.49872839997988, value=l, duration=None>
208.5002 	EXP 	New trial (rep=0, index=136): <Trial 136 (136 in rep 0) data={'Task': 'LDT', 'TrialType': 'Target', 'Stimuli': 'gead', 'StimulusType': 'nonword', 'CorrectResponse': 'a', 'Trialnumb': 145, 'thisN': 136, 'thisTrialN': 136, 'thisRepN': 0}>
208.5080 	EXP 	LDT_fix_text: autoDraw = False
208.5080 	EXP 	LDT_stim_text: autoDraw = False
208.5080 	EXP 	LDT_break_text: autoDraw = False
208.5080 	EXP 	LDT_stim_text: height = np.float64(0.1)
208.5080 	EXP 	LDT_stim_text: height = np.float64(0.1)
208.5080 	EXP 	LDT_stim_text: height = np.float64(0.1)
208.5080 	EXP 	LDT_stim_text: text = 'gead'
208.5080 	EXP 	LDT_fix_text: autoDraw = True
208.5085 	DATA 	Keypress: l
208.5834 	EXP 	Device response: <KeyPress from None: t=208.49872839997988, value=l, duration=0.07987080002203584>
208.9918 	EXP 	LDT_stim_text: autoDraw = True
209.0002 	EXP 	LDT_fix_text: autoDraw = False
209.5427 	EXP 	Device response: <KeyPress from None: t=209.53929499996593, value=a, duration=None>
209.5429 	EXP 	New trial (rep=0, index=137): <Trial 137 (137 in rep 0) data={'Task': 'LDT', 'TrialType': 'Target', 'Stimuli': 'spy', 'StimulusType': 'word', 'CorrectResponse': 'l', 'Trialnumb': 99, 'thisN': 137, 'thisTrialN': 137, 'thisRepN': 0}>
209.5509 	EXP 	LDT_fix_text: autoDraw = False
209.5509 	EXP 	LDT_stim_text: autoDraw = False
209.5509 	EXP 	LDT_break_text: autoDraw = False
209.5509 	EXP 	LDT_stim_text: height = np.float64(0.1)
209.5509 	EXP 	LDT_stim_text: height = np.float64(0.1)
209.5509 	EXP 	LDT_stim_text: height = np.float64(0.1)
209.5509 	EXP 	LDT_stim_text: text = 'spy'
209.5509 	EXP 	LDT_fix_text: autoDraw = True
209.5514 	DATA 	Keypress: a
209.6512 	EXP 	Device response: <KeyPress from None: t=209.53929499996593, value=a, duration=0.10337790002813563>
210.0345 	EXP 	LDT_stim_text: autoDraw = True
210.0429 	EXP 	LDT_fix_text: autoDraw = False
210.6188 	EXP 	Device response: <KeyPress from None: t=210.61802960000932, value=a, duration=None>
210.6190 	EXP 	New trial (rep=0, index=138): <Trial 138 (138 in rep 0) data={'Task': 'LDT', 'TrialType': 'Target', 'Stimuli': 'cona', 'StimulusType': 'nonword', 'CorrectResponse': 'a', 'Trialnumb': 132, 'thisN': 138, 'thisTrialN': 138, 'thisRepN': 0}>
210.6269 	EXP 	LDT_fix_text: autoDraw = False
210.6269 	EXP 	LDT_stim_text: autoDraw = False
210.6269 	EXP 	LDT_break_text: autoDraw = False
210.6269 	EXP 	LDT_stim_text: height = np.float64(0.1)
210.6269 	EXP 	LDT_stim_text: height = np.float64(0.1)
210.6269 	EXP 	LDT_stim_text: height = np.float64(0.1)
210.6269 	EXP 	LDT_stim_text: text = 'cona'
210.6269 	EXP 	LDT_fix_text: autoDraw = True
210.6274 	DATA 	Keypress: a
210.7189 	EXP 	Device response: <KeyPress from None: t=210.61802960000932, value=a, duration=0.09773619996849447>
211.1106 	EXP 	LDT_stim_text: autoDraw = True
211.1190 	EXP 	LDT_fix_text: autoDraw = False
211.6114 	EXP 	Device response: <KeyPress from None: t=211.610208099999, value=a, duration=None>
211.6116 	EXP 	New trial (rep=0, index=139): <Trial 139 (139 in rep 0) data={'Task': 'LDT', 'TrialType': 'Target', 'Stimuli': 'sarry', 'StimulusType': 'nonword', 'CorrectResponse': 'a', 'Trialnumb': 186, 'thisN': 139, 'thisTrialN': 139, 'thisRepN': 0}>
211.6195 	EXP 	LDT_fix_text: autoDraw = False
211.6195 	EXP 	LDT_stim_text: autoDraw = False
211.6195 	EXP 	LDT_break_text: autoDraw = False
211.6195 	EXP 	LDT_stim_text: height = np.float64(0.1)
211.6195 	EXP 	LDT_stim_text: height = np.float64(0.1)
211.6195 	EXP 	LDT_stim_text: height = np.float64(0.1)
211.6195 	EXP 	LDT_stim_text: text = 'sarry'
211.6195 	EXP 	LDT_fix_text: autoDraw = True
211.6200 	DATA 	Keypress: a
211.7198 	EXP 	Device response: <KeyPress from None: t=211.610208099999, value=a, duration=0.10408479999750853>
212.1033 	EXP 	LDT_stim_text: autoDraw = True
212.1116 	EXP 	LDT_fix_text: autoDraw = False
212.7793 	EXP 	Device response: <KeyPress from None: t=212.7785951999831, value=a, duration=None>
212.7796 	EXP 	New trial (rep=0, index=140): <Trial 140 (140 in rep 0) data={'Task': 'LDT', 'TrialType': 'Target', 'Stimuli': 'sound', 'StimulusType': 'word', 'CorrectResponse': 'l', 'Trialnumb': 40, 'thisN': 140, 'thisTrialN': 140, 'thisRepN': 0}>
212.7873 	EXP 	LDT_fix_text: autoDraw = False
212.7873 	EXP 	LDT_stim_text: autoDraw = False
212.7873 	EXP 	LDT_break_text: autoDraw = False
212.7873 	EXP 	LDT_stim_text: height = np.float64(0.1)
212.7873 	EXP 	LDT_stim_text: height = np.float64(0.1)
212.7873 	EXP 	LDT_stim_text: height = np.float64(0.1)
212.7873 	EXP 	LDT_stim_text: text = 'sound'
212.7873 	EXP 	LDT_fix_text: autoDraw = True
212.7878 	DATA 	Keypress: a
212.8793 	EXP 	Device response: <KeyPress from None: t=212.7785951999831, value=a, duration=0.09547190001467243>
213.2712 	EXP 	LDT_stim_text: autoDraw = True
213.2794 	EXP 	LDT_fix_text: autoDraw = False
213.8303 	EXP 	Device response: <KeyPress from None: t=213.82790109998314, value=l, duration=None>
213.8305 	EXP 	New trial (rep=0, index=141): <Trial 141 (141 in rep 0) data={'Task': 'LDT', 'TrialType': 'Target', 'Stimuli': 'daste', 'StimulusType': 'nonword', 'CorrectResponse': 'a', 'Trialnumb': 136, 'thisN': 141, 'thisTrialN': 141, 'thisRepN': 0}>
213.8383 	EXP 	LDT_fix_text: autoDraw = False
213.8383 	EXP 	LDT_stim_text: autoDraw = False
213.8383 	EXP 	LDT_break_text: autoDraw = False
213.8383 	EXP 	LDT_stim_text: height = np.float64(0.1)
213.8383 	EXP 	LDT_stim_text: height = np.float64(0.1)
213.8383 	EXP 	LDT_stim_text: height = np.float64(0.1)
213.8383 	EXP 	LDT_stim_text: text = 'daste'
213.8383 	EXP 	LDT_fix_text: autoDraw = True
213.8388 	DATA 	Keypress: l
213.9138 	EXP 	Device response: <KeyPress from None: t=213.82790109998314, value=l, duration=0.07881779997842386>
214.3221 	EXP 	LDT_stim_text: autoDraw = True
214.3305 	EXP 	LDT_fix_text: autoDraw = False
214.9732 	EXP 	Device response: <KeyPress from None: t=214.97082459996454, value=a, duration=None>
214.9734 	EXP 	New trial (rep=0, index=142): <Trial 142 (142 in rep 0) data={'Task': 'LDT', 'TrialType': 'Target', 'Stimuli': 'vead', 'StimulusType': 'nonword', 'CorrectResponse': 'a', 'Trialnumb': 210, 'thisN': 142, 'thisTrialN': 142, 'thisRepN': 0}>
214.9811 	EXP 	LDT_fix_text: autoDraw = False
214.9811 	EXP 	LDT_stim_text: autoDraw = False
214.9811 	EXP 	LDT_break_text: autoDraw = False
214.9811 	EXP 	LDT_stim_text: height = np.float64(0.1)
214.9811 	EXP 	LDT_stim_text: height = np.float64(0.1)
214.9811 	EXP 	LDT_stim_text: height = np.float64(0.1)
214.9811 	EXP 	LDT_stim_text: text = 'vead'
214.9811 	EXP 	LDT_fix_text: autoDraw = True
214.9817 	DATA 	Keypress: a
215.0565 	EXP 	Device response: <KeyPress from None: t=214.97082459996454, value=a, duration=0.08028300001751631>
215.4649 	EXP 	LDT_stim_text: autoDraw = True
215.4733 	EXP 	LDT_fix_text: autoDraw = False
216.1076 	EXP 	Device response: <KeyPress from None: t=216.10615519998828, value=a, duration=None>
216.1078 	EXP 	New trial (rep=0, index=143): <Trial 143 (143 in rep 0) data={'Task': 'LDT', 'TrialType': 'Target', 'Stimuli': 'jeed', 'StimulusType': 'nonword', 'CorrectResponse': 'a', 'Trialnumb': 158, 'thisN': 143, 'thisTrialN': 143, 'thisRepN': 0}>
216.1157 	EXP 	LDT_fix_text: autoDraw = False
216.1157 	EXP 	LDT_stim_text: autoDraw = False
216.1157 	EXP 	LDT_break_text: autoDraw = False
216.1157 	EXP 	LDT_stim_text: height = np.float64(0.1)
216.1157 	EXP 	LDT_stim_text: height = np.float64(0.1)
216.1157 	EXP 	LDT_stim_text: height = np.float64(0.1)
216.1157 	EXP 	LDT_stim_text: text = 'jeed'
216.1157 	EXP 	LDT_fix_text: autoDraw = True
216.1162 	DATA 	Keypress: a
216.2243 	EXP 	Device response: <KeyPress from None: t=216.10615519998828, value=a, duration=0.11214430001564324>
216.5994 	EXP 	LDT_stim_text: autoDraw = True
216.6078 	EXP 	LDT_fix_text: autoDraw = False
217.0586 	EXP 	Device response: <KeyPress from None: t=217.0502070999937, value=a, duration=None>
217.0588 	EXP 	New trial (rep=0, index=144): <Trial 144 (144 in rep 0) data={'Task': 'LDT', 'TrialType': 'Target', 'Stimuli': 'still', 'StimulusType': 'word', 'CorrectResponse': 'l', 'Trialnumb': 14, 'thisN': 144, 'thisTrialN': 144, 'thisRepN': 0}>
217.0604 	DATA 	Keypress: a
217.0665 	EXP 	LDT_fix_text: autoDraw = False
217.0665 	EXP 	LDT_stim_text: autoDraw = False
217.0665 	EXP 	LDT_break_text: autoDraw = False
217.0665 	EXP 	LDT_stim_text: height = np.float64(0.1)
217.0665 	EXP 	LDT_stim_text: height = np.float64(0.1)
217.0665 	EXP 	LDT_stim_text: height = np.float64(0.1)
217.0665 	EXP 	LDT_stim_text: text = 'still'
217.0665 	EXP 	LDT_fix_text: autoDraw = True
217.1670 	EXP 	Device response: <KeyPress from None: t=217.0502070999937, value=a, duration=0.11247579997871071>
217.5504 	EXP 	LDT_stim_text: autoDraw = True
217.5589 	EXP 	LDT_fix_text: autoDraw = False
218.0347 	EXP 	Device response: <KeyPress from None: t=218.03448649996426, value=a, duration=None>
218.0430 	EXP 	New trial (rep=0, index=145): <Trial 145 (145 in rep 0) data={'Task': 'LDT', 'TrialType': 'Target', 'Stimuli': 'kire', 'StimulusType': 'nonword', 'CorrectResponse': 'a', 'Trialnumb': 166, 'thisN': 145, 'thisTrialN': 145, 'thisRepN': 0}>
218.0443 	DATA 	Keypress: a
218.0509 	EXP 	LDT_fix_text: autoDraw = False
218.0509 	EXP 	LDT_stim_text: autoDraw = False
218.0509 	EXP 	LDT_break_text: autoDraw = False
218.0509 	EXP 	LDT_stim_text: height = np.float64(0.1)
218.0509 	EXP 	LDT_stim_text: height = np.float64(0.1)
218.0509 	EXP 	LDT_stim_text: height = np.float64(0.1)
218.0509 	EXP 	LDT_stim_text: text = 'kire'
218.0509 	EXP 	LDT_fix_text: autoDraw = True
218.1596 	EXP 	Device response: <KeyPress from None: t=218.03448649996426, value=a, duration=0.12016079999739304>
218.5347 	EXP 	LDT_stim_text: autoDraw = True
218.5430 	EXP 	LDT_fix_text: autoDraw = False
219.0439 	EXP 	Device response: <KeyPress from None: t=219.0423035999993, value=a, duration=None>
219.0442 	EXP 	New trial (rep=0, index=146): <Trial 146 (146 in rep 0) data={'Task': 'LDT', 'TrialType': 'Target', 'Stimuli': 'come', 'StimulusType': 'word', 'CorrectResponse': 'l', 'Trialnumb': 7, 'thisN': 146, 'thisTrialN': 146, 'thisRepN': 0}>
219.0518 	EXP 	LDT_fix_text: autoDraw = False
219.0518 	EXP 	LDT_stim_text: autoDraw = False
219.0518 	EXP 	LDT_break_text: autoDraw = False
219.0518 	EXP 	LDT_stim_text: height = np.float64(0.1)
219.0518 	EXP 	LDT_stim_text: height = np.float64(0.1)
219.0518 	EXP 	LDT_stim_text: height = np.float64(0.1)
219.0518 	EXP 	LDT_stim_text: text = 'come'
219.0518 	EXP 	LDT_fix_text: autoDraw = True
219.0524 	DATA 	Keypress: a
219.1856 	EXP 	Device response: <KeyPress from None: t=219.0423035999993, value=a, duration=0.13572059996658936>
219.5357 	EXP 	LDT_stim_text: autoDraw = True
219.5440 	EXP 	LDT_fix_text: autoDraw = False
220.2116 	EXP 	Device response: <KeyPress from None: t=220.20411039999453, value=l, duration=None>
220.2119 	EXP 	New trial (rep=0, index=147): <Trial 147 (147 in rep 0) data={'Task': 'LDT', 'TrialType': 'Target', 'Stimuli': 'serve', 'StimulusType': 'word', 'CorrectResponse': 'l', 'Trialnumb': 80, 'thisN': 147, 'thisTrialN': 147, 'thisRepN': 0}>
220.2197 	EXP 	LDT_fix_text: autoDraw = False
220.2197 	EXP 	LDT_stim_text: autoDraw = False
220.2197 	EXP 	LDT_break_text: autoDraw = False
220.2197 	EXP 	LDT_stim_text: height = np.float64(0.1)
220.2197 	EXP 	LDT_stim_text: height = np.float64(0.1)
220.2197 	EXP 	LDT_stim_text: height = np.float64(0.1)
220.2197 	EXP 	LDT_stim_text: text = 'serve'
220.2197 	EXP 	LDT_fix_text: autoDraw = True
220.2202 	DATA 	Keypress: l
220.2700 	EXP 	Device response: <KeyPress from None: t=220.20411039999453, value=l, duration=0.06351200002245605>
220.7035 	EXP 	LDT_stim_text: autoDraw = True
220.7118 	EXP 	LDT_fix_text: autoDraw = False
221.4129 	EXP 	Device response: <KeyPress from None: t=221.41078219999326, value=l, duration=None>
221.4131 	EXP 	New trial (rep=0, index=148): <Trial 148 (148 in rep 0) data={'Task': 'LDT', 'TrialType': 'Target', 'Stimuli': 'loak', 'StimulusType': 'nonword', 'CorrectResponse': 'a', 'Trialnumb': 169, 'thisN': 148, 'thisTrialN': 148, 'thisRepN': 0}>
221.4209 	EXP 	LDT_fix_text: autoDraw = False
221.4209 	EXP 	LDT_stim_text: autoDraw = False
221.4209 	EXP 	LDT_break_text: autoDraw = False
221.4209 	EXP 	LDT_stim_text: height = np.float64(0.1)
221.4209 	EXP 	LDT_stim_text: height = np.float64(0.1)
221.4209 	EXP 	LDT_stim_text: height = np.float64(0.1)
221.4209 	EXP 	LDT_stim_text: text = 'loak'
221.4209 	EXP 	LDT_fix_text: autoDraw = True
221.4215 	DATA 	Keypress: l
221.5046 	EXP 	Device response: <KeyPress from None: t=221.41078219999326, value=l, duration=0.08804529998451471>
221.9047 	EXP 	LDT_stim_text: autoDraw = True
221.9130 	EXP 	LDT_fix_text: autoDraw = False
222.5890 	EXP 	Device response: <KeyPress from None: t=222.5861656999914, value=a, duration=None>
222.5893 	EXP 	New trial (rep=0, index=149): <Trial 149 (149 in rep 0) data={'Task': 'LDT', 'TrialType': 'Target', 'Stimuli': 'fall', 'StimulusType': 'word', 'CorrectResponse': 'l', 'Trialnumb': 62, 'thisN': 149, 'thisTrialN': 149, 'thisRepN': 0}>
222.5970 	EXP 	LDT_fix_text: autoDraw = False
222.5970 	EXP 	LDT_stim_text: autoDraw = False
222.5970 	EXP 	LDT_break_text: autoDraw = False
222.5970 	EXP 	LDT_stim_text: height = np.float64(0.1)
222.5970 	EXP 	LDT_stim_text: height = np.float64(0.1)
222.5970 	EXP 	LDT_stim_text: height = np.float64(0.1)
222.5970 	EXP 	LDT_stim_text: text = 'fall'
222.5970 	EXP 	LDT_fix_text: autoDraw = True
222.5976 	DATA 	Keypress: a
222.6974 	EXP 	Device response: <KeyPress from None: t=222.5861656999914, value=a, duration=0.10544870002195239>
223.0809 	EXP 	LDT_stim_text: autoDraw = True
223.0892 	EXP 	LDT_fix_text: autoDraw = False
223.5901 	EXP 	Device response: <KeyPress from None: t=223.5865494000027, value=l, duration=None>
223.5904 	EXP 	New trial (rep=0, index=150): <Trial 150 (150 in rep 0) data={'Task': 'LDT', 'TrialType': 'Target', 'Stimuli': 'sell', 'StimulusType': 'word', 'CorrectResponse': 'l', 'Trialnumb': 65, 'thisN': 150, 'thisTrialN': 150, 'thisRepN': 0}>
223.5981 	EXP 	LDT_fix_text: autoDraw = False
223.5981 	EXP 	LDT_stim_text: autoDraw = False
223.5981 	EXP 	LDT_break_text: autoDraw = False
223.5981 	EXP 	LDT_stim_text: height = np.float64(0.1)
223.5981 	EXP 	LDT_stim_text: height = np.float64(0.1)
223.5981 	EXP 	LDT_stim_text: height = np.float64(0.1)
223.5981 	EXP 	LDT_stim_text: text = 'sell'
223.5981 	EXP 	LDT_fix_text: autoDraw = True
223.5986 	DATA 	Keypress: l
223.6817 	EXP 	Device response: <KeyPress from None: t=223.5865494000027, value=l, duration=0.0882139999885112>
224.0819 	EXP 	LDT_stim_text: autoDraw = True
224.0902 	EXP 	LDT_fix_text: autoDraw = False
224.7161 	EXP 	Device response: <KeyPress from None: t=224.71398890001, value=l, duration=None>
224.7164 	EXP 	New trial (rep=0, index=151): <Trial 151 (151 in rep 0) data={'Task': 'LDT', 'TrialType': 'Target', 'Stimuli': 'huge', 'StimulusType': 'word', 'CorrectResponse': 'l', 'Trialnumb': 56, 'thisN': 151, 'thisTrialN': 151, 'thisRepN': 0}>
224.7242 	EXP 	LDT_fix_text: autoDraw = False
224.7242 	EXP 	LDT_stim_text: autoDraw = False
224.7242 	EXP 	LDT_break_text: autoDraw = False
224.7242 	EXP 	LDT_stim_text: height = np.float64(0.1)
224.7242 	EXP 	LDT_stim_text: height = np.float64(0.1)
224.7242 	EXP 	LDT_stim_text: height = np.float64(0.1)
224.7242 	EXP 	LDT_stim_text: text = 'huge'
224.7242 	EXP 	LDT_fix_text: autoDraw = True
224.7247 	DATA 	Keypress: l
224.7912 	EXP 	Device response: <KeyPress from None: t=224.71398890001, value=l, duration=0.07277450000401586>
225.2080 	EXP 	LDT_stim_text: autoDraw = True
225.2163 	EXP 	LDT_fix_text: autoDraw = False
225.6838 	EXP 	Device response: <KeyPress from None: t=225.6827352999826, value=l, duration=None>
225.6841 	EXP 	New trial (rep=0, index=152): <Trial 152 (152 in rep 0) data={'Task': 'LDT', 'TrialType': 'Target', 'Stimuli': 'job', 'StimulusType': 'word', 'CorrectResponse': 'l', 'Trialnumb': 26, 'thisN': 152, 'thisTrialN': 152, 'thisRepN': 0}>
225.6918 	EXP 	LDT_fix_text: autoDraw = False
225.6918 	EXP 	LDT_stim_text: autoDraw = False
225.6918 	EXP 	LDT_break_text: autoDraw = False
225.6918 	EXP 	LDT_stim_text: height = np.float64(0.1)
225.6918 	EXP 	LDT_stim_text: height = np.float64(0.1)
225.6918 	EXP 	LDT_stim_text: height = np.float64(0.1)
225.6918 	EXP 	LDT_stim_text: text = 'job'
225.6918 	EXP 	LDT_fix_text: autoDraw = True
225.6923 	DATA 	Keypress: l
225.7755 	EXP 	Device response: <KeyPress from None: t=225.6827352999826, value=l, duration=0.0881533999927342>
226.1756 	EXP 	LDT_stim_text: autoDraw = True
226.1840 	EXP 	LDT_fix_text: autoDraw = False
226.7015 	EXP 	Device response: <KeyPress from None: t=226.69799000001512, value=l, duration=None>
226.7017 	EXP 	New trial (rep=0, index=153): <Trial 153 (153 in rep 0) data={'Task': 'LDT', 'TrialType': 'Target', 'Stimuli': 'sloy', 'StimulusType': 'nonword', 'CorrectResponse': 'a', 'Trialnumb': 194, 'thisN': 153, 'thisTrialN': 153, 'thisRepN': 0}>
226.7095 	EXP 	LDT_fix_text: autoDraw = False
226.7095 	EXP 	LDT_stim_text: autoDraw = False
226.7095 	EXP 	LDT_break_text: autoDraw = False
226.7095 	EXP 	LDT_stim_text: height = np.float64(0.1)
226.7095 	EXP 	LDT_stim_text: height = np.float64(0.1)
226.7095 	EXP 	LDT_stim_text: height = np.float64(0.1)
226.7095 	EXP 	LDT_stim_text: text = 'sloy'
226.7095 	EXP 	LDT_fix_text: autoDraw = True
226.7100 	DATA 	Keypress: l
226.8099 	EXP 	Device response: <KeyPress from None: t=226.69799000001512, value=l, duration=0.10414509999100119>
227.1933 	EXP 	LDT_stim_text: autoDraw = True
227.2016 	EXP 	LDT_fix_text: autoDraw = False
227.9861 	EXP 	Device response: <KeyPress from None: t=227.97871180000948, value=a, duration=None>
227.9863 	EXP 	New trial (rep=0, index=154): <Trial 154 (154 in rep 0) data={'Task': 'LDT', 'TrialType': 'Target', 'Stimuli': 'work', 'StimulusType': 'word', 'CorrectResponse': 'l', 'Trialnumb': 1, 'thisN': 154, 'thisTrialN': 154, 'thisRepN': 0}>
227.9941 	EXP 	LDT_fix_text: autoDraw = False
227.9941 	EXP 	LDT_stim_text: autoDraw = False
227.9941 	EXP 	LDT_break_text: autoDraw = False
227.9941 	EXP 	LDT_stim_text: height = np.float64(0.1)
227.9941 	EXP 	LDT_stim_text: height = np.float64(0.1)
227.9941 	EXP 	LDT_stim_text: height = np.float64(0.1)
227.9941 	EXP 	LDT_stim_text: text = 'work'
227.9941 	EXP 	LDT_fix_text: autoDraw = True
227.9947 	DATA 	Keypress: a
228.0862 	EXP 	Device response: <KeyPress from None: t=227.97871180000948, value=a, duration=0.10403669998049736>
228.4779 	EXP 	LDT_stim_text: autoDraw = True
228.4863 	EXP 	LDT_fix_text: autoDraw = False
228.9791 	EXP 	Device response: <KeyPress from None: t=228.97874990000855, value=l, duration=None>
228.9874 	EXP 	New trial (rep=0, index=155): <Trial 155 (155 in rep 0) data={'Task': 'LDT', 'TrialType': 'Target', 'Stimuli': 'tight', 'StimulusType': 'word', 'CorrectResponse': 'l', 'Trialnumb': 74, 'thisN': 155, 'thisTrialN': 155, 'thisRepN': 0}>
228.9888 	DATA 	Keypress: l
228.9951 	EXP 	LDT_fix_text: autoDraw = False
228.9951 	EXP 	LDT_stim_text: autoDraw = False
228.9951 	EXP 	LDT_break_text: autoDraw = False
228.9951 	EXP 	LDT_stim_text: height = np.float64(0.1)
228.9951 	EXP 	LDT_stim_text: height = np.float64(0.1)
228.9951 	EXP 	LDT_stim_text: height = np.float64(0.1)
228.9951 	EXP 	LDT_stim_text: text = 'tight'
228.9951 	EXP 	LDT_fix_text: autoDraw = True
229.0705 	EXP 	Device response: <KeyPress from None: t=228.97874990000855, value=l, duration=0.08743590000085533>
229.4789 	EXP 	LDT_stim_text: autoDraw = True
229.4872 	EXP 	LDT_fix_text: autoDraw = False
230.1382 	EXP 	Device response: <KeyPress from None: t=230.13037149998127, value=l, duration=None>
230.1385 	EXP 	New trial (rep=0, index=156): <Trial 156 (156 in rep 0) data={'Task': 'LDT', 'TrialType': 'Target', 'Stimuli': 'frow', 'StimulusType': 'nonword', 'CorrectResponse': 'a', 'Trialnumb': 142, 'thisN': 156, 'thisTrialN': 156, 'thisRepN': 0}>
230.1463 	EXP 	LDT_fix_text: autoDraw = False
230.1463 	EXP 	LDT_stim_text: autoDraw = False
230.1463 	EXP 	LDT_break_text: autoDraw = False
230.1463 	EXP 	LDT_stim_text: height = np.float64(0.1)
230.1463 	EXP 	LDT_stim_text: height = np.float64(0.1)
230.1463 	EXP 	LDT_stim_text: height = np.float64(0.1)
230.1463 	EXP 	LDT_stim_text: text = 'frow'
230.1463 	EXP 	LDT_fix_text: autoDraw = True
230.1468 	DATA 	Keypress: l
230.2050 	EXP 	Device response: <KeyPress from None: t=230.13037149998127, value=l, duration=0.07195160002447665>
230.6301 	EXP 	LDT_stim_text: autoDraw = True
230.6384 	EXP 	LDT_fix_text: autoDraw = False
231.4229 	EXP 	Device response: <KeyPress from None: t=231.41850530001102, value=a, duration=None>
231.4231 	EXP 	New trial (rep=0, index=157): <Trial 157 (157 in rep 0) data={'Task': 'LDT', 'TrialType': 'Target', 'Stimuli': 'look', 'StimulusType': 'word', 'CorrectResponse': 'l', 'Trialnumb': 2, 'thisN': 157, 'thisTrialN': 157, 'thisRepN': 0}>
231.4309 	EXP 	LDT_fix_text: autoDraw = False
231.4309 	EXP 	LDT_stim_text: autoDraw = False
231.4309 	EXP 	LDT_break_text: autoDraw = False
231.4309 	EXP 	LDT_stim_text: height = np.float64(0.1)
231.4309 	EXP 	LDT_stim_text: height = np.float64(0.1)
231.4309 	EXP 	LDT_stim_text: height = np.float64(0.1)
231.4309 	EXP 	LDT_stim_text: text = 'look'
231.4309 	EXP 	LDT_fix_text: autoDraw = True
231.4314 	DATA 	Keypress: a
231.5396 	EXP 	Device response: <KeyPress from None: t=231.41850530001102, value=a, duration=0.12038709997432306>
231.9147 	EXP 	LDT_stim_text: autoDraw = True
231.9230 	EXP 	LDT_fix_text: autoDraw = False
232.3654 	EXP 	Device response: <KeyPress from None: t=232.3626460999949, value=l, duration=None>
232.3656 	EXP 	New trial (rep=0, index=158): <Trial 158 (158 in rep 0) data={'Task': 'LDT', 'TrialType': 'Target', 'Stimuli': 'ill', 'StimulusType': 'word', 'CorrectResponse': 'l', 'Trialnumb': 97, 'thisN': 158, 'thisTrialN': 158, 'thisRepN': 0}>
232.3735 	EXP 	LDT_fix_text: autoDraw = False
232.3735 	EXP 	LDT_stim_text: autoDraw = False
232.3735 	EXP 	LDT_break_text: autoDraw = False
232.3735 	EXP 	LDT_stim_text: height = np.float64(0.1)
232.3735 	EXP 	LDT_stim_text: height = np.float64(0.1)
232.3735 	EXP 	LDT_stim_text: height = np.float64(0.1)
232.3735 	EXP 	LDT_stim_text: text = 'ill'
232.3735 	EXP 	LDT_fix_text: autoDraw = True
232.3741 	DATA 	Keypress: l
232.4655 	EXP 	Device response: <KeyPress from None: t=232.3626460999949, value=l, duration=0.0954753999831155>
232.8573 	EXP 	LDT_stim_text: autoDraw = True
232.8656 	EXP 	LDT_fix_text: autoDraw = False
233.4665 	EXP 	Device response: <KeyPress from None: t=233.45828749996144, value=a, duration=None>
233.4667 	EXP 	New trial (rep=0, index=159): <Trial 159 (159 in rep 0) data={'Task': 'LDT', 'TrialType': 'Target', 'Stimuli': 'reach', 'StimulusType': 'word', 'CorrectResponse': 'l', 'Trialnumb': 72, 'thisN': 159, 'thisTrialN': 159, 'thisRepN': 0}>
233.4681 	DATA 	Keypress: a
233.4746 	EXP 	LDT_fix_text: autoDraw = False
233.4746 	EXP 	LDT_stim_text: autoDraw = False
233.4746 	EXP 	LDT_break_text: autoDraw = False
233.4746 	EXP 	LDT_stim_text: height = np.float64(0.1)
233.4746 	EXP 	LDT_stim_text: height = np.float64(0.1)
233.4746 	EXP 	LDT_stim_text: height = np.float64(0.1)
233.4746 	EXP 	LDT_stim_text: text = 'reach'
233.4746 	EXP 	LDT_fix_text: autoDraw = True
233.5917 	EXP 	Device response: <KeyPress from None: t=233.45828749996144, value=a, duration=0.1278310000197962>
233.9584 	EXP 	LDT_stim_text: autoDraw = True
233.9667 	EXP 	LDT_fix_text: autoDraw = False
234.5092 	EXP 	Device response: <KeyPress from None: t=234.50664129998768, value=l, duration=None>
234.5095 	EXP 	New trial (rep=0, index=160): <Trial 160 (160 in rep 0) data={'Task': 'LDT', 'TrialType': 'Target', 'Stimuli': 'seft', 'StimulusType': 'nonword', 'CorrectResponse': 'a', 'Trialnumb': 188, 'thisN': 160, 'thisTrialN': 160, 'thisRepN': 0}>
234.5173 	EXP 	LDT_fix_text: autoDraw = False
234.5173 	EXP 	LDT_stim_text: autoDraw = False
234.5173 	EXP 	LDT_break_text: autoDraw = False
234.5173 	EXP 	LDT_stim_text: height = np.float64(0.1)
234.5173 	EXP 	LDT_stim_text: height = np.float64(0.1)
234.5173 	EXP 	LDT_stim_text: height = np.float64(0.1)
234.5173 	EXP 	LDT_stim_text: text = 'seft'
234.5173 	EXP 	LDT_fix_text: autoDraw = True
234.5178 	DATA 	Keypress: l
234.6094 	EXP 	Device response: <KeyPress from None: t=234.50664129998768, value=l, duration=0.09601650002878159>
235.0011 	EXP 	LDT_stim_text: autoDraw = True
235.0094 	EXP 	LDT_fix_text: autoDraw = False
236.1525 	EXP 	Device response: <KeyPress from None: t=236.14741510001477, value=l, duration=None>
236.1528 	EXP 	New trial (rep=0, index=161): <Trial 161 (161 in rep 0) data={'Task': 'LDT', 'TrialType': 'Target', 'Stimuli': 'vink', 'StimulusType': 'nonword', 'CorrectResponse': 'a', 'Trialnumb': 212, 'thisN': 161, 'thisTrialN': 161, 'thisRepN': 0}>
236.1606 	EXP 	LDT_fix_text: autoDraw = False
236.1606 	EXP 	LDT_stim_text: autoDraw = False
236.1606 	EXP 	LDT_break_text: autoDraw = False
236.1606 	EXP 	LDT_stim_text: height = np.float64(0.1)
236.1606 	EXP 	LDT_stim_text: height = np.float64(0.1)
236.1606 	EXP 	LDT_stim_text: height = np.float64(0.1)
236.1606 	EXP 	LDT_stim_text: text = 'vink'
236.1606 	EXP 	LDT_fix_text: autoDraw = True
236.1611 	DATA 	Keypress: l
236.2609 	EXP 	Device response: <KeyPress from None: t=236.14741510001477, value=l, duration=0.11124689999269322>
236.6444 	EXP 	LDT_stim_text: autoDraw = True
236.6528 	EXP 	LDT_fix_text: autoDraw = False
237.2202 	EXP 	Device response: <KeyPress from None: t=237.2184540000162, value=l, duration=None>
237.2205 	EXP 	New trial (rep=0, index=162): <Trial 162 (162 in rep 0) data={'Task': 'LDT', 'TrialType': 'Target', 'Stimuli': 'bint', 'StimulusType': 'nonword', 'CorrectResponse': 'a', 'Trialnumb': 122, 'thisN': 162, 'thisTrialN': 162, 'thisRepN': 0}>
237.2283 	EXP 	LDT_fix_text: autoDraw = False
237.2283 	EXP 	LDT_stim_text: autoDraw = False
237.2283 	EXP 	LDT_break_text: autoDraw = False
237.2283 	EXP 	LDT_stim_text: height = np.float64(0.1)
237.2283 	EXP 	LDT_stim_text: height = np.float64(0.1)
237.2283 	EXP 	LDT_stim_text: height = np.float64(0.1)
237.2283 	EXP 	LDT_stim_text: text = 'bint'
237.2283 	EXP 	LDT_fix_text: autoDraw = True
237.2289 	DATA 	Keypress: l
237.2869 	EXP 	Device response: <KeyPress from None: t=237.2184540000162, value=l, duration=0.064249099988956>
237.7121 	EXP 	LDT_stim_text: autoDraw = True
237.7205 	EXP 	LDT_fix_text: autoDraw = False
238.6051 	EXP 	Device response: <KeyPress from None: t=238.60311669996008, value=a, duration=None>
238.6054 	EXP 	New trial (rep=0, index=163): <Trial 163 (163 in rep 0) data={'Task': 'LDT', 'TrialType': 'Target', 'Stimuli': 'ran', 'StimulusType': 'word', 'CorrectResponse': 'l', 'Trialnumb': 66, 'thisN': 163, 'thisTrialN': 163, 'thisRepN': 0}>
238.6130 	EXP 	LDT_fix_text: autoDraw = False
238.6130 	EXP 	LDT_stim_text: autoDraw = False
238.6130 	EXP 	LDT_break_text: autoDraw = False
238.6130 	EXP 	LDT_stim_text: height = np.float64(0.1)
238.6130 	EXP 	LDT_stim_text: height = np.float64(0.1)
238.6130 	EXP 	LDT_stim_text: height = np.float64(0.1)
238.6130 	EXP 	LDT_stim_text: text = 'ran'
238.6130 	EXP 	LDT_fix_text: autoDraw = True
238.6136 	DATA 	Keypress: a
238.7134 	EXP 	Device response: <KeyPress from None: t=238.60311669996008, value=a, duration=0.10333200002787635>
239.0968 	EXP 	LDT_stim_text: autoDraw = True
239.1053 	EXP 	LDT_fix_text: autoDraw = False
239.6811 	EXP 	Device response: <KeyPress from None: t=239.6745515000075, value=l, duration=None>
239.6814 	EXP 	New trial (rep=0, index=164): <Trial 164 (164 in rep 0) data={'Task': 'LDT', 'TrialType': 'Target', 'Stimuli': 'year', 'StimulusType': 'word', 'CorrectResponse': 'l', 'Trialnumb': 10, 'thisN': 164, 'thisTrialN': 164, 'thisRepN': 0}>
239.6891 	EXP 	LDT_fix_text: autoDraw = False
239.6891 	EXP 	LDT_stim_text: autoDraw = False
239.6891 	EXP 	LDT_break_text: autoDraw = False
239.6891 	EXP 	LDT_stim_text: height = np.float64(0.1)
239.6891 	EXP 	LDT_stim_text: height = np.float64(0.1)
239.6891 	EXP 	LDT_stim_text: height = np.float64(0.1)
239.6891 	EXP 	LDT_stim_text: text = 'year'
239.6891 	EXP 	LDT_fix_text: autoDraw = True
239.6896 	DATA 	Keypress: l
239.7645 	EXP 	Device response: <KeyPress from None: t=239.6745515000075, value=l, duration=0.08152829995378852>
240.1729 	EXP 	LDT_stim_text: autoDraw = True
240.1812 	EXP 	LDT_fix_text: autoDraw = False
240.7237 	EXP 	Device response: <KeyPress from None: t=240.71574349998264, value=l, duration=None>
240.7240 	EXP 	New trial (rep=0, index=165): <Trial 165 (165 in rep 0) data={'Task': 'LDT', 'TrialType': 'Target', 'Stimuli': 'cast', 'StimulusType': 'word', 'CorrectResponse': 'l', 'Trialnumb': 95, 'thisN': 165, 'thisTrialN': 165, 'thisRepN': 0}>
240.7319 	EXP 	LDT_fix_text: autoDraw = False
240.7319 	EXP 	LDT_stim_text: autoDraw = False
240.7319 	EXP 	LDT_break_text: autoDraw = False
240.7319 	EXP 	LDT_stim_text: height = np.float64(0.1)
240.7319 	EXP 	LDT_stim_text: height = np.float64(0.1)
240.7319 	EXP 	LDT_stim_text: height = np.float64(0.1)
240.7319 	EXP 	LDT_stim_text: text = 'cast'
240.7319 	EXP 	LDT_fix_text: autoDraw = True
240.7325 	DATA 	Keypress: l
240.8072 	EXP 	Device response: <KeyPress from None: t=240.71574349998264, value=l, duration=0.08702009997796267>
241.2157 	EXP 	LDT_stim_text: autoDraw = True
241.2239 	EXP 	LDT_fix_text: autoDraw = False
242.0754 	EXP 	Device response: <KeyPress from None: t=242.075065299985, value=l, duration=None>
242.0837 	EXP 	New trial (rep=0, index=166): <Trial 166 (166 in rep 0) data={'Task': 'LDT', 'TrialType': 'Target', 'Stimuli': 'large', 'StimulusType': 'word', 'CorrectResponse': 'l', 'Trialnumb': 29, 'thisN': 166, 'thisTrialN': 166, 'thisRepN': 0}>
242.0853 	DATA 	Keypress: l
242.0915 	EXP 	LDT_fix_text: autoDraw = False
242.0915 	EXP 	LDT_stim_text: autoDraw = False
242.0915 	EXP 	LDT_break_text: autoDraw = False
242.0915 	EXP 	LDT_stim_text: height = np.float64(0.1)
242.0915 	EXP 	LDT_stim_text: height = np.float64(0.1)
242.0915 	EXP 	LDT_stim_text: height = np.float64(0.1)
242.0915 	EXP 	LDT_stim_text: text = 'large'
242.0915 	EXP 	LDT_fix_text: autoDraw = True
242.1585 	EXP 	Device response: <KeyPress from None: t=242.075065299985, value=l, duration=0.07959510001819581>
242.5753 	EXP 	LDT_stim_text: autoDraw = True
242.5836 	EXP 	LDT_fix_text: autoDraw = False
243.1178 	EXP 	Device response: <KeyPress from None: t=243.11445079999976, value=l, duration=None>
243.1181 	EXP 	New trial (rep=0, index=167): <Trial 167 (167 in rep 0) data={'Task': 'LDT', 'TrialType': 'Target', 'Stimuli': 'pair', 'StimulusType': 'word', 'CorrectResponse': 'l', 'Trialnumb': 81, 'thisN': 167, 'thisTrialN': 167, 'thisRepN': 0}>
243.1259 	EXP 	LDT_fix_text: autoDraw = False
243.1259 	EXP 	LDT_stim_text: autoDraw = False
243.1259 	EXP 	LDT_break_text: autoDraw = False
243.1259 	EXP 	LDT_stim_text: height = np.float64(0.1)
243.1259 	EXP 	LDT_stim_text: height = np.float64(0.1)
243.1259 	EXP 	LDT_stim_text: height = np.float64(0.1)
243.1259 	EXP 	LDT_stim_text: text = 'pair'
243.1259 	EXP 	LDT_fix_text: autoDraw = True
243.1265 	DATA 	Keypress: l
243.2179 	EXP 	Device response: <KeyPress from None: t=243.11445079999976, value=l, duration=0.09608009998919442>
243.6097 	EXP 	LDT_stim_text: autoDraw = True
243.6180 	EXP 	LDT_fix_text: autoDraw = False
244.3441 	EXP 	Device response: <KeyPress from None: t=244.33883580000838, value=l, duration=None>
244.3443 	EXP 	New trial (rep=0, index=168): <Trial 168 (168 in rep 0) data={'Task': 'LDT', 'TrialType': 'Target', 'Stimuli': 'zeer', 'StimulusType': 'nonword', 'CorrectResponse': 'a', 'Trialnumb': 222, 'thisN': 168, 'thisTrialN': 168, 'thisRepN': 0}>
244.3521 	EXP 	LDT_fix_text: autoDraw = False
244.3521 	EXP 	LDT_stim_text: autoDraw = False
244.3521 	EXP 	LDT_break_text: autoDraw = False
244.3521 	EXP 	LDT_stim_text: height = np.float64(0.1)
244.3521 	EXP 	LDT_stim_text: height = np.float64(0.1)
244.3521 	EXP 	LDT_stim_text: height = np.float64(0.1)
244.3521 	EXP 	LDT_stim_text: text = 'zeer'
244.3521 	EXP 	LDT_fix_text: autoDraw = True
244.3526 	DATA 	Keypress: l
244.4107 	EXP 	Device response: <KeyPress from None: t=244.33883580000838, value=l, duration=0.06409090000670403>
244.8359 	EXP 	LDT_stim_text: autoDraw = True
244.8442 	EXP 	LDT_fix_text: autoDraw = False
245.4368 	EXP 	Device response: <KeyPress from None: t=245.4345663000131, value=a, duration=None>
245.4371 	EXP 	New trial (rep=0, index=169): <Trial 169 (169 in rep 0) data={'Task': 'LDT', 'TrialType': 'Target', 'Stimuli': 'music', 'StimulusType': 'word', 'CorrectResponse': 'l', 'Trialnumb': 13, 'thisN': 169, 'thisTrialN': 169, 'thisRepN': 0}>
245.4448 	EXP 	LDT_fix_text: autoDraw = False
245.4448 	EXP 	LDT_stim_text: autoDraw = False
245.4448 	EXP 	LDT_break_text: autoDraw = False
245.4448 	EXP 	LDT_stim_text: height = np.float64(0.1)
245.4448 	EXP 	LDT_stim_text: height = np.float64(0.1)
245.4448 	EXP 	LDT_stim_text: height = np.float64(0.1)
245.4448 	EXP 	LDT_stim_text: text = 'music'
245.4448 	EXP 	LDT_fix_text: autoDraw = True
245.4453 	DATA 	Keypress: a
245.5536 	EXP 	Device response: <KeyPress from None: t=245.4345663000131, value=a, duration=0.1120799999916926>
245.9286 	EXP 	LDT_stim_text: autoDraw = True
245.9370 	EXP 	LDT_fix_text: autoDraw = False
246.4295 	EXP 	Device response: <KeyPress from None: t=246.42641499999445, value=l, duration=None>
246.4297 	EXP 	New trial (rep=0, index=170): <Trial 170 (170 in rep 0) data={'Task': 'LDT', 'TrialType': 'Target', 'Stimuli': 'boom', 'StimulusType': 'word', 'CorrectResponse': 'l', 'Trialnumb': 96, 'thisN': 170, 'thisTrialN': 170, 'thisRepN': 0}>
246.4375 	EXP 	LDT_fix_text: autoDraw = False
246.4375 	EXP 	LDT_stim_text: autoDraw = False
246.4375 	EXP 	LDT_break_text: autoDraw = False
246.4375 	EXP 	LDT_stim_text: height = np.float64(0.1)
246.4375 	EXP 	LDT_stim_text: height = np.float64(0.1)
246.4375 	EXP 	LDT_stim_text: height = np.float64(0.1)
246.4375 	EXP 	LDT_stim_text: text = 'boom'
246.4375 	EXP 	LDT_fix_text: autoDraw = True
246.4379 	DATA 	Keypress: l
246.5295 	EXP 	Device response: <KeyPress from None: t=246.42641499999445, value=l, duration=0.0957602999988012>
246.9213 	EXP 	LDT_stim_text: autoDraw = True
246.9296 	EXP 	LDT_fix_text: autoDraw = False
247.5223 	EXP 	Device response: <KeyPress from None: t=247.51503889996093, value=l, duration=None>
247.5225 	EXP 	New trial (rep=0, index=171): <Trial 171 (171 in rep 0) data={'Task': 'LDT', 'TrialType': 'Target', 'Stimuli': 'talm', 'StimulusType': 'nonword', 'CorrectResponse': 'a', 'Trialnumb': 202, 'thisN': 171, 'thisTrialN': 171, 'thisRepN': 0}>
247.5302 	EXP 	LDT_fix_text: autoDraw = False
247.5302 	EXP 	LDT_stim_text: autoDraw = False
247.5302 	EXP 	LDT_break_text: autoDraw = False
247.5302 	EXP 	LDT_stim_text: height = np.float64(0.1)
247.5302 	EXP 	LDT_stim_text: height = np.float64(0.1)
247.5302 	EXP 	LDT_stim_text: height = np.float64(0.1)
247.5302 	EXP 	LDT_stim_text: text = 'talm'
247.5302 	EXP 	LDT_fix_text: autoDraw = True
247.5308 	DATA 	Keypress: l
247.5973 	EXP 	Device response: <KeyPress from None: t=247.51503889996093, value=l, duration=0.07891710003605112>
248.0140 	EXP 	LDT_stim_text: autoDraw = True
248.0224 	EXP 	LDT_fix_text: autoDraw = False
248.6234 	EXP 	Device response: <KeyPress from None: t=248.61856579995947, value=a, duration=None>
248.6236 	EXP 	New trial (rep=0, index=172): <Trial 172 (172 in rep 0) data={'Task': 'LDT', 'TrialType': 'Target', 'Stimuli': 'ranny', 'StimulusType': 'nonword', 'CorrectResponse': 'a', 'Trialnumb': 114, 'thisN': 172, 'thisTrialN': 172, 'thisRepN': 0}>
248.6313 	EXP 	LDT_fix_text: autoDraw = False
248.6313 	EXP 	LDT_stim_text: autoDraw = False
248.6313 	EXP 	LDT_break_text: autoDraw = False
248.6313 	EXP 	LDT_stim_text: height = np.float64(0.1)
248.6313 	EXP 	LDT_stim_text: height = np.float64(0.1)
248.6313 	EXP 	LDT_stim_text: height = np.float64(0.1)
248.6313 	EXP 	LDT_stim_text: text = 'ranny'
248.6313 	EXP 	LDT_fix_text: autoDraw = True
248.6318 	DATA 	Keypress: a
248.7068 	EXP 	Device response: <KeyPress from None: t=248.61856579995947, value=a, duration=0.08799750002799556>
249.1151 	EXP 	LDT_stim_text: autoDraw = True
249.1235 	EXP 	LDT_fix_text: autoDraw = False
249.7828 	EXP 	Device response: <KeyPress from None: t=249.77955909998855, value=a, duration=None>
249.7831 	EXP 	New trial (rep=0, index=173): <Trial 173 (173 in rep 0) data={'Task': 'LDT', 'TrialType': 'Target', 'Stimuli': 'plan', 'StimulusType': 'word', 'CorrectResponse': 'l', 'Trialnumb': 53, 'thisN': 173, 'thisTrialN': 173, 'thisRepN': 0}>
249.7909 	EXP 	LDT_fix_text: autoDraw = False
249.7909 	EXP 	LDT_stim_text: autoDraw = False
249.7909 	EXP 	LDT_break_text: autoDraw = False
249.7909 	EXP 	LDT_stim_text: height = np.float64(0.1)
249.7909 	EXP 	LDT_stim_text: height = np.float64(0.1)
249.7909 	EXP 	LDT_stim_text: height = np.float64(0.1)
249.7909 	EXP 	LDT_stim_text: text = 'plan'
249.7909 	EXP 	LDT_fix_text: autoDraw = True
249.7914 	DATA 	Keypress: a
249.9079 	EXP 	Device response: <KeyPress from None: t=249.77955909998855, value=a, duration=0.12739739997778088>
250.2747 	EXP 	LDT_stim_text: autoDraw = True
250.2830 	EXP 	LDT_fix_text: autoDraw = False
250.7838 	EXP 	Device response: <KeyPress from None: t=250.77815789997112, value=l, duration=None>
250.7841 	EXP 	New trial (rep=0, index=174): <Trial 174 (174 in rep 0) data={'Task': 'LDT', 'TrialType': 'Target', 'Stimuli': 'shoa', 'StimulusType': 'nonword', 'CorrectResponse': 'a', 'Trialnumb': 191, 'thisN': 174, 'thisTrialN': 174, 'thisRepN': 0}>
250.7918 	EXP 	LDT_fix_text: autoDraw = False
250.7918 	EXP 	LDT_stim_text: autoDraw = False
250.7918 	EXP 	LDT_break_text: autoDraw = False
250.7918 	EXP 	LDT_stim_text: height = np.float64(0.1)
250.7918 	EXP 	LDT_stim_text: height = np.float64(0.1)
250.7918 	EXP 	LDT_stim_text: height = np.float64(0.1)
250.7918 	EXP 	LDT_stim_text: text = 'shoa'
250.7918 	EXP 	LDT_fix_text: autoDraw = True
250.7925 	DATA 	Keypress: l
250.8923 	EXP 	Device response: <KeyPress from None: t=250.77815789997112, value=l, duration=0.11230400000931695>
251.2756 	EXP 	LDT_stim_text: autoDraw = True
251.2840 	EXP 	LDT_fix_text: autoDraw = False
251.8850 	EXP 	Device response: <KeyPress from None: t=251.88211900001625, value=a, duration=None>
251.8852 	EXP 	New trial (rep=0, index=175): <Trial 175 (175 in rep 0) data={'Task': 'LDT', 'TrialType': 'Target', 'Stimuli': 'beon', 'StimulusType': 'nonword', 'CorrectResponse': 'a', 'Trialnumb': 120, 'thisN': 175, 'thisTrialN': 175, 'thisRepN': 0}>
251.8929 	EXP 	LDT_fix_text: autoDraw = False
251.8929 	EXP 	LDT_stim_text: autoDraw = False
251.8929 	EXP 	LDT_break_text: autoDraw = False
251.8929 	EXP 	LDT_stim_text: height = np.float64(0.1)
251.8929 	EXP 	LDT_stim_text: height = np.float64(0.1)
251.8929 	EXP 	LDT_stim_text: height = np.float64(0.1)
251.8929 	EXP 	LDT_stim_text: text = 'beon'
251.8929 	EXP 	LDT_fix_text: autoDraw = True
251.8934 	DATA 	Keypress: a
252.0517 	EXP 	Device response: <KeyPress from None: t=251.88211900001625, value=a, duration=0.16121029999339953>
252.3767 	EXP 	LDT_stim_text: autoDraw = True
252.3851 	EXP 	LDT_fix_text: autoDraw = False
252.9026 	EXP 	Device response: <KeyPress from None: t=252.89796420000494, value=a, duration=None>
252.9028 	EXP 	New trial (rep=0, index=176): <Trial 176 (176 in rep 0) data={'Task': 'LDT', 'TrialType': 'Target', 'Stimuli': 'trin', 'StimulusType': 'nonword', 'CorrectResponse': 'a', 'Trialnumb': 207, 'thisN': 176, 'thisTrialN': 176, 'thisRepN': 0}>
252.9107 	EXP 	LDT_fix_text: autoDraw = False
252.9107 	EXP 	LDT_stim_text: autoDraw = False
252.9107 	EXP 	LDT_break_text: autoDraw = False
252.9107 	EXP 	LDT_stim_text: height = np.float64(0.1)
252.9107 	EXP 	LDT_stim_text: height = np.float64(0.1)
252.9107 	EXP 	LDT_stim_text: height = np.float64(0.1)
252.9107 	EXP 	LDT_stim_text: text = 'trin'
252.9107 	EXP 	LDT_fix_text: autoDraw = True
252.9112 	DATA 	Keypress: a
253.0027 	EXP 	Device response: <KeyPress from None: t=252.89796420000494, value=a, duration=0.10434580000583082>
253.3944 	EXP 	LDT_stim_text: autoDraw = True
253.4028 	EXP 	LDT_fix_text: autoDraw = False
253.8619 	EXP 	Device response: <KeyPress from None: t=253.85839359997772, value=a, duration=None>
253.8621 	EXP 	New trial (rep=0, index=177): <Trial 177 (177 in rep 0) data={'Task': 'LDT', 'TrialType': 'Target', 'Stimuli': 'under', 'StimulusType': 'word', 'CorrectResponse': 'l', 'Trialnumb': 39, 'thisN': 177, 'thisTrialN': 177, 'thisRepN': 0}>
253.8699 	EXP 	LDT_fix_text: autoDraw = False
253.8699 	EXP 	LDT_stim_text: autoDraw = False
253.8699 	EXP 	LDT_break_text: autoDraw = False
253.8699 	EXP 	LDT_stim_text: height = np.float64(0.1)
253.8699 	EXP 	LDT_stim_text: height = np.float64(0.1)
253.8699 	EXP 	LDT_stim_text: height = np.float64(0.1)
253.8699 	EXP 	LDT_stim_text: text = 'under'
253.8699 	EXP 	LDT_fix_text: autoDraw = True
253.8704 	DATA 	Keypress: a
253.9703 	EXP 	Device response: <KeyPress from None: t=253.85839359997772, value=a, duration=0.10391890001483262>
254.3537 	EXP 	LDT_stim_text: autoDraw = True
254.3620 	EXP 	LDT_fix_text: autoDraw = False
254.9630 	EXP 	Device response: <KeyPress from None: t=254.96244599996135, value=l, duration=None>
254.9633 	EXP 	New trial (rep=0, index=178): <Trial 178 (178 in rep 0) data={'Task': 'LDT', 'TrialType': 'Target', 'Stimuli': 'sad', 'StimulusType': 'word', 'CorrectResponse': 'l', 'Trialnumb': 69, 'thisN': 178, 'thisTrialN': 178, 'thisRepN': 0}>
254.9710 	EXP 	LDT_fix_text: autoDraw = False
254.9710 	EXP 	LDT_stim_text: autoDraw = False
254.9710 	EXP 	LDT_break_text: autoDraw = False
254.9710 	EXP 	LDT_stim_text: height = np.float64(0.1)
254.9710 	EXP 	LDT_stim_text: height = np.float64(0.1)
254.9710 	EXP 	LDT_stim_text: height = np.float64(0.1)
254.9710 	EXP 	LDT_stim_text: text = 'sad'
254.9710 	EXP 	LDT_fix_text: autoDraw = True
254.9714 	DATA 	Keypress: l
255.0797 	EXP 	Device response: <KeyPress from None: t=254.96244599996135, value=l, duration=0.11287420004373416>
255.4548 	EXP 	LDT_stim_text: autoDraw = True
255.4631 	EXP 	LDT_fix_text: autoDraw = False
255.9722 	EXP 	Device response: <KeyPress from None: t=255.96424020000268, value=l, duration=None>
255.9725 	EXP 	New trial (rep=0, index=179): <Trial 179 (179 in rep 0) data={'Task': 'LDT', 'TrialType': 'Target', 'Stimuli': 'sale', 'StimulusType': 'word', 'CorrectResponse': 'l', 'Trialnumb': 93, 'thisN': 179, 'thisTrialN': 179, 'thisRepN': 0}>
255.9804 	EXP 	LDT_fix_text: autoDraw = False
255.9804 	EXP 	LDT_stim_text: autoDraw = False
255.9804 	EXP 	LDT_break_text: autoDraw = False
255.9804 	EXP 	LDT_stim_text: height = np.float64(0.1)
255.9804 	EXP 	LDT_stim_text: height = np.float64(0.1)
255.9804 	EXP 	LDT_stim_text: height = np.float64(0.1)
255.9804 	EXP 	LDT_stim_text: text = 'sale'
255.9804 	EXP 	LDT_fix_text: autoDraw = True
255.9809 	DATA 	Keypress: l
256.0390 	EXP 	Device response: <KeyPress from None: t=255.96424020000268, value=l, duration=0.07119549997150898>
256.4642 	EXP 	LDT_stim_text: autoDraw = True
256.4725 	EXP 	LDT_fix_text: autoDraw = False
256.9232 	EXP 	Device response: <KeyPress from None: t=256.92279929999495, value=l, duration=None>
256.9234 	EXP 	New trial (rep=0, index=180): <Trial 180 (180 in rep 0) data={'Task': 'LDT', 'TrialType': 'Target', 'Stimuli': 'blue', 'StimulusType': 'word', 'CorrectResponse': 'l', 'Trialnumb': 57, 'thisN': 180, 'thisTrialN': 180, 'thisRepN': 0}>
256.9313 	EXP 	LDT_fix_text: autoDraw = False
256.9313 	EXP 	LDT_stim_text: autoDraw = False
256.9313 	EXP 	LDT_break_text: autoDraw = False
256.9313 	EXP 	LDT_stim_text: height = np.float64(0.1)
256.9313 	EXP 	LDT_stim_text: height = np.float64(0.1)
256.9313 	EXP 	LDT_stim_text: height = np.float64(0.1)
256.9313 	EXP 	LDT_stim_text: text = 'blue'
256.9313 	EXP 	LDT_fix_text: autoDraw = True
256.9319 	DATA 	Keypress: l
257.0317 	EXP 	Device response: <KeyPress from None: t=256.92279929999495, value=l, duration=0.10457570001017302>
257.4151 	EXP 	LDT_stim_text: autoDraw = True
257.4234 	EXP 	LDT_fix_text: autoDraw = False
257.9326 	EXP 	Device response: <KeyPress from None: t=257.9303181999712, value=l, duration=None>
257.9328 	EXP 	New trial (rep=0, index=181): <Trial 181 (181 in rep 0) data={'Task': 'LDT', 'TrialType': 'Target', 'Stimuli': 'full', 'StimulusType': 'word', 'CorrectResponse': 'l', 'Trialnumb': 43, 'thisN': 181, 'thisTrialN': 181, 'thisRepN': 0}>
257.9407 	EXP 	LDT_fix_text: autoDraw = False
257.9407 	EXP 	LDT_stim_text: autoDraw = False
257.9407 	EXP 	LDT_break_text: autoDraw = False
257.9407 	EXP 	LDT_stim_text: height = np.float64(0.1)
257.9407 	EXP 	LDT_stim_text: height = np.float64(0.1)
257.9407 	EXP 	LDT_stim_text: height = np.float64(0.1)
257.9407 	EXP 	LDT_stim_text: text = 'full'
257.9407 	EXP 	LDT_fix_text: autoDraw = True
257.9411 	DATA 	Keypress: l
258.0243 	EXP 	Device response: <KeyPress from None: t=257.9303181999712, value=l, duration=0.08765729999868199>
258.4245 	EXP 	LDT_stim_text: autoDraw = True
258.4328 	EXP 	LDT_fix_text: autoDraw = False
258.8668 	EXP 	Device response: <KeyPress from None: t=258.8660519999685, value=l, duration=None>
258.8671 	EXP 	New trial (rep=0, index=182): <Trial 182 (182 in rep 0) data={'Task': 'LDT', 'TrialType': 'Target', 'Stimuli': 'wass', 'StimulusType': 'nonword', 'CorrectResponse': 'a', 'Trialnumb': 215, 'thisN': 182, 'thisTrialN': 182, 'thisRepN': 0}>
258.8751 	EXP 	LDT_fix_text: autoDraw = False
258.8751 	EXP 	LDT_stim_text: autoDraw = False
258.8751 	EXP 	LDT_break_text: autoDraw = False
258.8751 	EXP 	LDT_stim_text: height = np.float64(0.1)
258.8751 	EXP 	LDT_stim_text: height = np.float64(0.1)
258.8751 	EXP 	LDT_stim_text: height = np.float64(0.1)
258.8751 	EXP 	LDT_stim_text: text = 'wass'
258.8751 	EXP 	LDT_fix_text: autoDraw = True
258.8756 	DATA 	Keypress: l
258.9421 	EXP 	Device response: <KeyPress from None: t=258.8660519999685, value=l, duration=0.07301180000649765>
259.3587 	EXP 	LDT_stim_text: autoDraw = True
259.3670 	EXP 	LDT_fix_text: autoDraw = False
260.1599 	EXP 	Device response: <KeyPress from None: t=260.1542723000166, value=a, duration=None>
260.1601 	EXP 	New trial (rep=0, index=183): <Trial 183 (183 in rep 0) data={'Task': 'LDT', 'TrialType': 'Target', 'Stimuli': 'dilt', 'StimulusType': 'nonword', 'CorrectResponse': 'a', 'Trialnumb': 137, 'thisN': 183, 'thisTrialN': 183, 'thisRepN': 0}>
260.1678 	EXP 	LDT_fix_text: autoDraw = False
260.1678 	EXP 	LDT_stim_text: autoDraw = False
260.1678 	EXP 	LDT_break_text: autoDraw = False
260.1678 	EXP 	LDT_stim_text: height = np.float64(0.1)
260.1678 	EXP 	LDT_stim_text: height = np.float64(0.1)
260.1678 	EXP 	LDT_stim_text: height = np.float64(0.1)
260.1678 	EXP 	LDT_stim_text: text = 'dilt'
260.1678 	EXP 	LDT_fix_text: autoDraw = True
260.1684 	DATA 	Keypress: a
260.2766 	EXP 	Device response: <KeyPress from None: t=260.1542723000166, value=a, duration=0.12125189998187125>
260.6516 	EXP 	LDT_stim_text: autoDraw = True
260.6600 	EXP 	LDT_fix_text: autoDraw = False
261.1774 	EXP 	Device response: <KeyPress from None: t=261.1705107999733, value=a, duration=None>
261.1777 	EXP 	New trial (rep=0, index=184): <Trial 184 (184 in rep 0) data={'Task': 'LDT', 'TrialType': 'Target', 'Stimuli': 'colo', 'StimulusType': 'nonword', 'CorrectResponse': 'a', 'Trialnumb': 131, 'thisN': 184, 'thisTrialN': 184, 'thisRepN': 0}>
261.1856 	EXP 	LDT_fix_text: autoDraw = False
261.1856 	EXP 	LDT_stim_text: autoDraw = False
261.1856 	EXP 	LDT_break_text: autoDraw = False
261.1856 	EXP 	LDT_stim_text: height = np.float64(0.1)
261.1856 	EXP 	LDT_stim_text: height = np.float64(0.1)
261.1856 	EXP 	LDT_stim_text: height = np.float64(0.1)
261.1856 	EXP 	LDT_stim_text: text = 'colo'
261.1856 	EXP 	LDT_fix_text: autoDraw = True
261.1861 	DATA 	Keypress: a
261.2776 	EXP 	Device response: <KeyPress from None: t=261.1705107999733, value=a, duration=0.10408150003058836>
261.6693 	EXP 	LDT_stim_text: autoDraw = True
261.6777 	EXP 	LDT_fix_text: autoDraw = False
262.1118 	EXP 	Device response: <KeyPress from None: t=262.1073561999947, value=a, duration=None>
262.1121 	EXP 	New trial (rep=0, index=185): <Trial 185 (185 in rep 0) data={'Task': 'LDT', 'TrialType': 'Target', 'Stimuli': 'cips', 'StimulusType': 'nonword', 'CorrectResponse': 'a', 'Trialnumb': 128, 'thisN': 185, 'thisTrialN': 185, 'thisRepN': 0}>
262.1198 	EXP 	LDT_fix_text: autoDraw = False
262.1198 	EXP 	LDT_stim_text: autoDraw = False
262.1198 	EXP 	LDT_break_text: autoDraw = False
262.1198 	EXP 	LDT_stim_text: height = np.float64(0.1)
262.1198 	EXP 	LDT_stim_text: height = np.float64(0.1)
262.1198 	EXP 	LDT_stim_text: height = np.float64(0.1)
262.1198 	EXP 	LDT_stim_text: text = 'cips'
262.1198 	EXP 	LDT_fix_text: autoDraw = True
262.1203 	DATA 	Keypress: a
262.2453 	EXP 	Device response: <KeyPress from None: t=262.1073561999947, value=a, duration=0.1352130000013858>
262.6036 	EXP 	LDT_stim_text: autoDraw = True
262.6119 	EXP 	LDT_fix_text: autoDraw = False
263.0627 	EXP 	Device response: <KeyPress from None: t=263.0592663999996, value=a, duration=None>
263.0630 	EXP 	New trial (rep=0, index=186): <Trial 186 (186 in rep 0) data={'Task': 'LDT', 'TrialType': 'Target', 'Stimuli': 'hard', 'StimulusType': 'word', 'CorrectResponse': 'l', 'Trialnumb': 22, 'thisN': 186, 'thisTrialN': 186, 'thisRepN': 0}>
263.0707 	EXP 	LDT_fix_text: autoDraw = False
263.0707 	EXP 	LDT_stim_text: autoDraw = False
263.0707 	EXP 	LDT_break_text: autoDraw = False
263.0707 	EXP 	LDT_stim_text: height = np.float64(0.1)
263.0707 	EXP 	LDT_stim_text: height = np.float64(0.1)
263.0707 	EXP 	LDT_stim_text: height = np.float64(0.1)
263.0707 	EXP 	LDT_stim_text: text = 'hard'
263.0707 	EXP 	LDT_fix_text: autoDraw = True
263.0713 	DATA 	Keypress: a
263.1878 	EXP 	Device response: <KeyPress from None: t=263.0592663999996, value=a, duration=0.12808930000755936>
263.5547 	EXP 	LDT_stim_text: autoDraw = True
263.5629 	EXP 	LDT_fix_text: autoDraw = False
264.1053 	EXP 	Device response: <KeyPress from None: t=264.09808119997615, value=l, duration=None>
264.1056 	EXP 	New trial (rep=0, index=187): <Trial 187 (187 in rep 0) data={'Task': 'LDT', 'TrialType': 'Target', 'Stimuli': 'seon', 'StimulusType': 'nonword', 'CorrectResponse': 'a', 'Trialnumb': 189, 'thisN': 187, 'thisTrialN': 187, 'thisRepN': 0}>
264.1134 	EXP 	LDT_fix_text: autoDraw = False
264.1134 	EXP 	LDT_stim_text: autoDraw = False
264.1134 	EXP 	LDT_break_text: autoDraw = False
264.1134 	EXP 	LDT_stim_text: height = np.float64(0.1)
264.1134 	EXP 	LDT_stim_text: height = np.float64(0.1)
264.1134 	EXP 	LDT_stim_text: height = np.float64(0.1)
264.1134 	EXP 	LDT_stim_text: text = 'seon'
264.1134 	EXP 	LDT_fix_text: autoDraw = True
264.1140 	DATA 	Keypress: l
264.1639 	EXP 	Device response: <KeyPress from None: t=264.09808119997615, value=l, duration=0.0644363000174053>
264.5972 	EXP 	LDT_stim_text: autoDraw = True
264.6057 	EXP 	LDT_fix_text: autoDraw = False
265.2648 	EXP 	Device response: <KeyPress from None: t=265.25847259996226, value=a, duration=None>
265.2651 	EXP 	New trial (rep=0, index=188): <Trial 188 (188 in rep 0) data={'Task': 'LDT', 'TrialType': 'Target', 'Stimuli': 'werd', 'StimulusType': 'nonword', 'CorrectResponse': 'a', 'Trialnumb': 216, 'thisN': 188, 'thisTrialN': 188, 'thisRepN': 0}>
265.2729 	EXP 	LDT_fix_text: autoDraw = False
265.2729 	EXP 	LDT_stim_text: autoDraw = False
265.2729 	EXP 	LDT_break_text: autoDraw = False
265.2729 	EXP 	LDT_stim_text: height = np.float64(0.1)
265.2729 	EXP 	LDT_stim_text: height = np.float64(0.1)
265.2729 	EXP 	LDT_stim_text: height = np.float64(0.1)
265.2729 	EXP 	LDT_stim_text: text = 'werd'
265.2729 	EXP 	LDT_fix_text: autoDraw = True
265.2734 	DATA 	Keypress: a
265.3817 	EXP 	Device response: <KeyPress from None: t=265.25847259996226, value=a, duration=0.11987880000378937>
265.7567 	EXP 	LDT_stim_text: autoDraw = True
265.7651 	EXP 	LDT_fix_text: autoDraw = False
266.1741 	EXP 	Device response: <KeyPress from None: t=266.1704166000127, value=a, duration=None>
266.1744 	EXP 	New trial (rep=0, index=189): <Trial 189 (189 in rep 0) data={'Task': 'LDT', 'TrialType': 'Target', 'Stimuli': 'pay', 'StimulusType': 'word', 'CorrectResponse': 'l', 'Trialnumb': 42, 'thisN': 189, 'thisTrialN': 189, 'thisRepN': 0}>
266.1822 	EXP 	LDT_fix_text: autoDraw = False
266.1822 	EXP 	LDT_stim_text: autoDraw = False
266.1822 	EXP 	LDT_break_text: autoDraw = False
266.1822 	EXP 	LDT_stim_text: height = np.float64(0.1)
266.1822 	EXP 	LDT_stim_text: height = np.float64(0.1)
266.1822 	EXP 	LDT_stim_text: height = np.float64(0.1)
266.1822 	EXP 	LDT_stim_text: text = 'pay'
266.1822 	EXP 	LDT_fix_text: autoDraw = True
266.1827 	DATA 	Keypress: a
266.2825 	EXP 	Device response: <KeyPress from None: t=266.1704166000127, value=a, duration=0.1042730999761261>
266.6660 	EXP 	LDT_stim_text: autoDraw = True
266.6743 	EXP 	LDT_fix_text: autoDraw = False
267.1835 	EXP 	Device response: <KeyPress from None: t=267.1784714999958, value=l, duration=None>
267.1837 	EXP 	New trial (rep=0, index=190): <Trial 190 (190 in rep 0) data={'Task': 'LDT', 'TrialType': 'Target', 'Stimuli': 'anto', 'StimulusType': 'nonword', 'CorrectResponse': 'a', 'Trialnumb': 117, 'thisN': 190, 'thisTrialN': 190, 'thisRepN': 0}>
267.1915 	EXP 	LDT_fix_text: autoDraw = False
267.1915 	EXP 	LDT_stim_text: autoDraw = False
267.1915 	EXP 	LDT_break_text: autoDraw = False
267.1915 	EXP 	LDT_stim_text: height = np.float64(0.1)
267.1915 	EXP 	LDT_stim_text: height = np.float64(0.1)
267.1915 	EXP 	LDT_stim_text: height = np.float64(0.1)
267.1915 	EXP 	LDT_stim_text: text = 'anto'
267.1915 	EXP 	LDT_fix_text: autoDraw = True
267.1920 	DATA 	Keypress: l
267.2753 	EXP 	Device response: <KeyPress from None: t=267.1784714999958, value=l, duration=0.09609130001626909>
267.6753 	EXP 	LDT_stim_text: autoDraw = True
267.6837 	EXP 	LDT_fix_text: autoDraw = False
268.3012 	EXP 	Device response: <KeyPress from None: t=268.2980197999859, value=a, duration=None>
268.3015 	EXP 	New trial (rep=0, index=191): <Trial 191 (191 in rep 0) data={'Task': 'LDT', 'TrialType': 'Target', 'Stimuli': 'veek', 'StimulusType': 'nonword', 'CorrectResponse': 'a', 'Trialnumb': 211, 'thisN': 191, 'thisTrialN': 191, 'thisRepN': 0}>
268.3093 	EXP 	LDT_fix_text: autoDraw = False
268.3093 	EXP 	LDT_stim_text: autoDraw = False
268.3093 	EXP 	LDT_break_text: autoDraw = False
268.3093 	EXP 	LDT_stim_text: height = np.float64(0.1)
268.3093 	EXP 	LDT_stim_text: height = np.float64(0.1)
268.3093 	EXP 	LDT_stim_text: height = np.float64(0.1)
268.3093 	EXP 	LDT_stim_text: text = 'veek'
268.3093 	EXP 	LDT_fix_text: autoDraw = True
268.3099 	DATA 	Keypress: a
268.4348 	EXP 	Device response: <KeyPress from None: t=268.2980197999859, value=a, duration=0.12886860000435263>
268.7931 	EXP 	LDT_stim_text: autoDraw = True
268.8015 	EXP 	LDT_fix_text: autoDraw = False
269.4106 	EXP 	Device response: <KeyPress from None: t=269.4028962000157, value=a, duration=None>
269.4109 	EXP 	New trial (rep=0, index=192): <Trial 192 (192 in rep 0) data={'Task': 'LDT', 'TrialType': 'Target', 'Stimuli': 'pook', 'StimulusType': 'nonword', 'CorrectResponse': 'a', 'Trialnumb': 182, 'thisN': 192, 'thisTrialN': 192, 'thisRepN': 0}>
269.4187 	EXP 	LDT_fix_text: autoDraw = False
269.4187 	EXP 	LDT_stim_text: autoDraw = False
269.4187 	EXP 	LDT_break_text: autoDraw = False
269.4187 	EXP 	LDT_stim_text: height = np.float64(0.1)
269.4187 	EXP 	LDT_stim_text: height = np.float64(0.1)
269.4187 	EXP 	LDT_stim_text: height = np.float64(0.1)
269.4187 	EXP 	LDT_stim_text: text = 'pook'
269.4187 	EXP 	LDT_fix_text: autoDraw = True
269.4192 	DATA 	Keypress: a
269.5442 	EXP 	Device response: <KeyPress from None: t=269.4028962000157, value=a, duration=0.1368438999634236>
269.9026 	EXP 	LDT_stim_text: autoDraw = True
269.9109 	EXP 	LDT_fix_text: autoDraw = False
270.4367 	EXP 	Device response: <KeyPress from None: t=270.4341524000047, value=a, duration=None>
270.4370 	EXP 	New trial (rep=0, index=193): <Trial 193 (193 in rep 0) data={'Task': 'LDT', 'TrialType': 'Target', 'Stimuli': 'mina', 'StimulusType': 'nonword', 'CorrectResponse': 'a', 'Trialnumb': 173, 'thisN': 193, 'thisTrialN': 193, 'thisRepN': 0}>
270.4448 	EXP 	LDT_fix_text: autoDraw = False
270.4448 	EXP 	LDT_stim_text: autoDraw = False
270.4448 	EXP 	LDT_break_text: autoDraw = False
270.4448 	EXP 	LDT_stim_text: height = np.float64(0.1)
270.4448 	EXP 	LDT_stim_text: height = np.float64(0.1)
270.4448 	EXP 	LDT_stim_text: height = np.float64(0.1)
270.4448 	EXP 	LDT_stim_text: text = 'mina'
270.4448 	EXP 	LDT_fix_text: autoDraw = True
270.4453 	DATA 	Keypress: a
270.5785 	EXP 	Device response: <KeyPress from None: t=270.4341524000047, value=a, duration=0.13687649997882545>
270.9286 	EXP 	LDT_stim_text: autoDraw = True
270.9369 	EXP 	LDT_fix_text: autoDraw = False
271.4044 	EXP 	Device response: <KeyPress from None: t=271.395984200004, value=a, duration=None>
271.4046 	EXP 	New trial (rep=0, index=194): <Trial 194 (194 in rep 0) data={'Task': 'LDT', 'TrialType': 'Target', 'Stimuli': 'trip', 'StimulusType': 'word', 'CorrectResponse': 'l', 'Trialnumb': 35, 'thisN': 194, 'thisTrialN': 194, 'thisRepN': 0}>
271.4059 	DATA 	Keypress: a
271.4124 	EXP 	LDT_fix_text: autoDraw = False
271.4124 	EXP 	LDT_stim_text: autoDraw = False
271.4124 	EXP 	LDT_break_text: autoDraw = False
271.4124 	EXP 	LDT_stim_text: height = np.float64(0.1)
271.4124 	EXP 	LDT_stim_text: height = np.float64(0.1)
271.4124 	EXP 	LDT_stim_text: height = np.float64(0.1)
271.4124 	EXP 	LDT_stim_text: text = 'trip'
271.4124 	EXP 	LDT_fix_text: autoDraw = True
271.5211 	EXP 	Device response: <KeyPress from None: t=271.395984200004, value=a, duration=0.11876209999900311>
271.8962 	EXP 	LDT_stim_text: autoDraw = True
271.9045 	EXP 	LDT_fix_text: autoDraw = False
272.4220 	EXP 	Device response: <KeyPress from None: t=272.4187335000024, value=l, duration=None>
272.4222 	EXP 	New trial (rep=0, index=195): <Trial 195 (195 in rep 0) data={'Task': 'LDT', 'TrialType': 'Target', 'Stimuli': 'lay', 'StimulusType': 'word', 'CorrectResponse': 'l', 'Trialnumb': 71, 'thisN': 195, 'thisTrialN': 195, 'thisRepN': 0}>
272.4301 	EXP 	LDT_fix_text: autoDraw = False
272.4301 	EXP 	LDT_stim_text: autoDraw = False
272.4301 	EXP 	LDT_break_text: autoDraw = False
272.4301 	EXP 	LDT_stim_text: height = np.float64(0.1)
272.4301 	EXP 	LDT_stim_text: height = np.float64(0.1)
272.4301 	EXP 	LDT_stim_text: height = np.float64(0.1)
272.4301 	EXP 	LDT_stim_text: text = 'lay'
272.4301 	EXP 	LDT_fix_text: autoDraw = True
272.4306 	DATA 	Keypress: l
272.5054 	EXP 	Device response: <KeyPress from None: t=272.4187335000024, value=l, duration=0.07932309998432174>
272.9139 	EXP 	LDT_stim_text: autoDraw = True
272.9222 	EXP 	LDT_fix_text: autoDraw = False
273.4565 	EXP 	Device response: <KeyPress from None: t=273.4500468999613, value=l, duration=None>
273.4568 	EXP 	New trial (rep=0, index=196): <Trial 196 (196 in rep 0) data={'Task': 'LDT', 'TrialType': 'Target', 'Stimuli': 'rent', 'StimulusType': 'word', 'CorrectResponse': 'l', 'Trialnumb': 84, 'thisN': 196, 'thisTrialN': 196, 'thisRepN': 0}>
273.4646 	EXP 	LDT_fix_text: autoDraw = False
273.4646 	EXP 	LDT_stim_text: autoDraw = False
273.4646 	EXP 	LDT_break_text: autoDraw = False
273.4646 	EXP 	LDT_stim_text: height = np.float64(0.1)
273.4646 	EXP 	LDT_stim_text: height = np.float64(0.1)
273.4646 	EXP 	LDT_stim_text: height = np.float64(0.1)
273.4646 	EXP 	LDT_stim_text: text = 'rent'
273.4646 	EXP 	LDT_fix_text: autoDraw = True
273.4650 	DATA 	Keypress: l
273.5398 	EXP 	Device response: <KeyPress from None: t=273.4500468999613, value=l, duration=0.08868890005396679>
273.9482 	EXP 	LDT_stim_text: autoDraw = True
273.9566 	EXP 	LDT_fix_text: autoDraw = False
274.6743 	EXP 	Device response: <KeyPress from None: t=274.66785969998455, value=l, duration=None>
274.6746 	EXP 	New trial (rep=0, index=197): <Trial 197 (197 in rep 0) data={'Task': 'LDT', 'TrialType': 'Target', 'Stimuli': 'unit', 'StimulusType': 'word', 'CorrectResponse': 'l', 'Trialnumb': 82, 'thisN': 197, 'thisTrialN': 197, 'thisRepN': 0}>
274.6824 	EXP 	LDT_fix_text: autoDraw = False
274.6824 	EXP 	LDT_stim_text: autoDraw = False
274.6824 	EXP 	LDT_break_text: autoDraw = False
274.6824 	EXP 	LDT_stim_text: height = np.float64(0.1)
274.6824 	EXP 	LDT_stim_text: height = np.float64(0.1)
274.6824 	EXP 	LDT_stim_text: height = np.float64(0.1)
274.6824 	EXP 	LDT_stim_text: text = 'unit'
274.6824 	EXP 	LDT_fix_text: autoDraw = True
274.6830 	DATA 	Keypress: l
274.7577 	EXP 	Device response: <KeyPress from None: t=274.66785969998455, value=l, duration=0.08748109999578446>
275.1661 	EXP 	LDT_stim_text: autoDraw = True
275.1745 	EXP 	LDT_fix_text: autoDraw = False
275.5918 	EXP 	Device response: <KeyPress from None: t=275.5863903000136, value=l, duration=None>
275.5921 	EXP 	New trial (rep=0, index=198): <Trial 198 (198 in rep 0) data={'Task': 'LDT', 'TrialType': 'Target', 'Stimuli': 'sife', 'StimulusType': 'nonword', 'CorrectResponse': 'a', 'Trialnumb': 192, 'thisN': 198, 'thisTrialN': 198, 'thisRepN': 0}>
275.5999 	EXP 	LDT_fix_text: autoDraw = False
275.5999 	EXP 	LDT_stim_text: autoDraw = False
275.5999 	EXP 	LDT_break_text: autoDraw = False
275.5999 	EXP 	LDT_stim_text: height = np.float64(0.1)
275.5999 	EXP 	LDT_stim_text: height = np.float64(0.1)
275.5999 	EXP 	LDT_stim_text: height = np.float64(0.1)
275.5999 	EXP 	LDT_stim_text: text = 'sife'
275.5999 	EXP 	LDT_fix_text: autoDraw = True
275.6005 	DATA 	Keypress: l
275.6585 	EXP 	Device response: <KeyPress from None: t=275.5863903000136, value=l, duration=0.06437999999616295>
276.0837 	EXP 	LDT_stim_text: autoDraw = True
276.0920 	EXP 	LDT_fix_text: autoDraw = False
276.5428 	EXP 	Device response: <KeyPress from None: t=276.5379605999915, value=l, duration=None>
276.5431 	EXP 	New trial (rep=0, index=199): <Trial 199 (199 in rep 0) data={'Task': 'LDT', 'TrialType': 'Target', 'Stimuli': 'nind', 'StimulusType': 'nonword', 'CorrectResponse': 'a', 'Trialnumb': 177, 'thisN': 199, 'thisTrialN': 199, 'thisRepN': 0}>
276.5509 	EXP 	LDT_fix_text: autoDraw = False
276.5509 	EXP 	LDT_stim_text: autoDraw = False
276.5509 	EXP 	LDT_break_text: autoDraw = False
276.5509 	EXP 	LDT_stim_text: height = np.float64(0.1)
276.5509 	EXP 	LDT_stim_text: height = np.float64(0.1)
276.5509 	EXP 	LDT_stim_text: height = np.float64(0.1)
276.5509 	EXP 	LDT_stim_text: text = 'nind'
276.5509 	EXP 	LDT_fix_text: autoDraw = True
276.5513 	DATA 	Keypress: l
276.6261 	EXP 	Device response: <KeyPress from None: t=276.5379605999915, value=l, duration=0.08059019997017458>
277.0346 	EXP 	LDT_stim_text: autoDraw = True
277.0430 	EXP 	LDT_fix_text: autoDraw = False
277.6772 	EXP 	Device response: <KeyPress from None: t=277.6741233000066, value=a, duration=None>
277.6775 	EXP 	New trial (rep=0, index=200): <Trial 200 (200 in rep 0) data={'Task': 'LDT', 'TrialType': 'Target', 'Stimuli': 'jite', 'StimulusType': 'nonword', 'CorrectResponse': 'a', 'Trialnumb': 160, 'thisN': 200, 'thisTrialN': 200, 'thisRepN': 0}>
277.6853 	EXP 	LDT_fix_text: autoDraw = False
277.6853 	EXP 	LDT_stim_text: autoDraw = False
277.6853 	EXP 	LDT_break_text: autoDraw = False
277.6853 	EXP 	LDT_stim_text: height = np.float64(0.1)
277.6853 	EXP 	LDT_stim_text: height = np.float64(0.1)
277.6853 	EXP 	LDT_stim_text: height = np.float64(0.1)
277.6853 	EXP 	LDT_stim_text: text = 'jite'
277.6853 	EXP 	LDT_fix_text: autoDraw = True
277.6859 	DATA 	Keypress: a
277.8274 	EXP 	Device response: <KeyPress from None: t=277.6741233000066, value=a, duration=0.1527308999793604>
278.1691 	EXP 	LDT_stim_text: autoDraw = True
278.1774 	EXP 	LDT_fix_text: autoDraw = False
278.6365 	EXP 	Device response: <KeyPress from None: t=278.6343041000073, value=a, duration=None>
278.6368 	EXP 	New trial (rep=0, index=201): <Trial 201 (201 in rep 0) data={'Task': 'LDT', 'TrialType': 'Target', 'Stimuli': 'beah', 'StimulusType': 'nonword', 'CorrectResponse': 'a', 'Trialnumb': 119, 'thisN': 201, 'thisTrialN': 201, 'thisRepN': 0}>
278.6446 	EXP 	LDT_fix_text: autoDraw = False
278.6446 	EXP 	LDT_stim_text: autoDraw = False
278.6446 	EXP 	LDT_break_text: autoDraw = False
278.6446 	EXP 	LDT_stim_text: height = np.float64(0.1)
278.6446 	EXP 	LDT_stim_text: height = np.float64(0.1)
278.6446 	EXP 	LDT_stim_text: height = np.float64(0.1)
278.6446 	EXP 	LDT_stim_text: text = 'beah'
278.6446 	EXP 	LDT_fix_text: autoDraw = True
278.6450 	DATA 	Keypress: a
278.7368 	EXP 	Device response: <KeyPress from None: t=278.6343041000073, value=a, duration=0.09601229999680072>
279.1284 	EXP 	LDT_stim_text: autoDraw = True
279.1367 	EXP 	LDT_fix_text: autoDraw = False
279.7546 	EXP 	Device response: <KeyPress from None: t=279.75430169998435, value=l, duration=None>
279.7628 	EXP 	New trial (rep=0, index=202): <Trial 202 (202 in rep 0) data={'Task': 'LDT', 'TrialType': 'Target', 'Stimuli': 'drove', 'StimulusType': 'word', 'CorrectResponse': 'l', 'Trialnumb': 90, 'thisN': 202, 'thisTrialN': 202, 'thisRepN': 0}>
279.7643 	DATA 	Keypress: l
279.7708 	EXP 	LDT_fix_text: autoDraw = False
279.7708 	EXP 	LDT_stim_text: autoDraw = False
279.7708 	EXP 	LDT_break_text: autoDraw = False
279.7708 	EXP 	LDT_stim_text: height = np.float64(0.1)
279.7708 	EXP 	LDT_stim_text: height = np.float64(0.1)
279.7708 	EXP 	LDT_stim_text: height = np.float64(0.1)
279.7708 	EXP 	LDT_stim_text: text = 'drove'
279.7708 	EXP 	LDT_fix_text: autoDraw = True
279.8378 	EXP 	Device response: <KeyPress from None: t=279.75430169998435, value=l, duration=0.08015819999855012>
280.2545 	EXP 	LDT_stim_text: autoDraw = True
280.2629 	EXP 	LDT_fix_text: autoDraw = False
280.9639 	EXP 	Device response: <KeyPress from None: t=280.9633655999787, value=l, duration=None>
280.9641 	EXP 	New trial (rep=0, index=203): <Trial 203 (203 in rep 0) data={'Task': 'LDT', 'TrialType': 'Target', 'Stimuli': 'party', 'StimulusType': 'word', 'CorrectResponse': 'l', 'Trialnumb': 59, 'thisN': 203, 'thisTrialN': 203, 'thisRepN': 0}>
280.9719 	EXP 	LDT_fix_text: autoDraw = False
280.9719 	EXP 	LDT_stim_text: autoDraw = False
280.9719 	EXP 	LDT_break_text: autoDraw = False
280.9719 	EXP 	LDT_stim_text: height = np.float64(0.1)
280.9719 	EXP 	LDT_stim_text: height = np.float64(0.1)
280.9719 	EXP 	LDT_stim_text: height = np.float64(0.1)
280.9719 	EXP 	LDT_stim_text: text = 'party'
280.9719 	EXP 	LDT_fix_text: autoDraw = True
280.9725 	DATA 	Keypress: l
281.0473 	EXP 	Device response: <KeyPress from None: t=280.9633655999787, value=l, duration=0.0790009000338614>
281.4557 	EXP 	LDT_stim_text: autoDraw = True
281.4641 	EXP 	LDT_fix_text: autoDraw = False
281.9315 	EXP 	Device response: <KeyPress from None: t=281.9302062999923, value=l, duration=None>
281.9318 	EXP 	New trial (rep=0, index=204): <Trial 204 (204 in rep 0) data={'Task': 'LDT', 'TrialType': 'Target', 'Stimuli': 'herl', 'StimulusType': 'nonword', 'CorrectResponse': 'a', 'Trialnumb': 152, 'thisN': 204, 'thisTrialN': 204, 'thisRepN': 0}>
281.9396 	EXP 	LDT_fix_text: autoDraw = False
281.9396 	EXP 	LDT_stim_text: autoDraw = False
281.9396 	EXP 	LDT_break_text: autoDraw = False
281.9396 	EXP 	LDT_stim_text: height = np.float64(0.1)
281.9396 	EXP 	LDT_stim_text: height = np.float64(0.1)
281.9396 	EXP 	LDT_stim_text: height = np.float64(0.1)
281.9396 	EXP 	LDT_stim_text: text = 'herl'
281.9396 	EXP 	LDT_fix_text: autoDraw = True
281.9401 	DATA 	Keypress: l
282.0149 	EXP 	Device response: <KeyPress from None: t=281.9302062999923, value=l, duration=0.08033979998435825>
282.4233 	EXP 	LDT_stim_text: autoDraw = True
282.4317 	EXP 	LDT_fix_text: autoDraw = False
282.9408 	EXP 	Device response: <KeyPress from None: t=282.93893090001075, value=a, duration=None>
282.9410 	EXP 	New trial (rep=0, index=205): <Trial 205 (205 in rep 0) data={'Task': 'LDT', 'TrialType': 'Target', 'Stimuli': 'seef', 'StimulusType': 'nonword', 'CorrectResponse': 'a', 'Trialnumb': 187, 'thisN': 205, 'thisTrialN': 205, 'thisRepN': 0}>
282.9489 	EXP 	LDT_fix_text: autoDraw = False
282.9489 	EXP 	LDT_stim_text: autoDraw = False
282.9489 	EXP 	LDT_break_text: autoDraw = False
282.9489 	EXP 	LDT_stim_text: height = np.float64(0.1)
282.9489 	EXP 	LDT_stim_text: height = np.float64(0.1)
282.9489 	EXP 	LDT_stim_text: height = np.float64(0.1)
282.9489 	EXP 	LDT_stim_text: text = 'seef'
282.9489 	EXP 	LDT_fix_text: autoDraw = True
282.9495 	DATA 	Keypress: a
283.0743 	EXP 	Device response: <KeyPress from None: t=282.93893090001075, value=a, duration=0.13506559998495504>
283.4327 	EXP 	LDT_stim_text: autoDraw = True
283.4410 	EXP 	LDT_fix_text: autoDraw = False
283.9252 	EXP 	Device response: <KeyPress from None: t=283.92240159999346, value=l, duration=None>
283.9254 	EXP 	New trial (rep=0, index=206): <Trial 206 (206 in rep 0) data={'Task': 'LDT', 'TrialType': 'Target', 'Stimuli': 'smat', 'StimulusType': 'nonword', 'CorrectResponse': 'a', 'Trialnumb': 195, 'thisN': 206, 'thisTrialN': 206, 'thisRepN': 0}>
283.9332 	EXP 	LDT_fix_text: autoDraw = False
283.9332 	EXP 	LDT_stim_text: autoDraw = False
283.9332 	EXP 	LDT_break_text: autoDraw = False
283.9332 	EXP 	LDT_stim_text: height = np.float64(0.1)
283.9332 	EXP 	LDT_stim_text: height = np.float64(0.1)
283.9332 	EXP 	LDT_stim_text: height = np.float64(0.1)
283.9332 	EXP 	LDT_stim_text: text = 'smat'
283.9332 	EXP 	LDT_fix_text: autoDraw = True
283.9337 	DATA 	Keypress: l
284.0253 	EXP 	Device response: <KeyPress from None: t=283.92240159999346, value=l, duration=0.09734859998570755>
284.4170 	EXP 	LDT_stim_text: autoDraw = True
284.4253 	EXP 	LDT_fix_text: autoDraw = False
284.9262 	EXP 	Device response: <KeyPress from None: t=284.92325260001235, value=l, duration=None>
284.9264 	EXP 	New trial (rep=0, index=207): <Trial 207 (207 in rep 0) data={'Task': 'LDT', 'TrialType': 'Target', 'Stimuli': 'air', 'StimulusType': 'word', 'CorrectResponse': 'l', 'Trialnumb': 34, 'thisN': 207, 'thisTrialN': 207, 'thisRepN': 0}>
284.9342 	EXP 	LDT_fix_text: autoDraw = False
284.9342 	EXP 	LDT_stim_text: autoDraw = False
284.9342 	EXP 	LDT_break_text: autoDraw = False
284.9342 	EXP 	LDT_stim_text: height = np.float64(0.1)
284.9342 	EXP 	LDT_stim_text: height = np.float64(0.1)
284.9342 	EXP 	LDT_stim_text: height = np.float64(0.1)
284.9342 	EXP 	LDT_stim_text: text = 'air'
284.9342 	EXP 	LDT_fix_text: autoDraw = True
284.9348 	DATA 	Keypress: l
285.0178 	EXP 	Device response: <KeyPress from None: t=284.92325260001235, value=l, duration=0.08744209998985752>
285.4180 	EXP 	LDT_stim_text: autoDraw = True
285.4264 	EXP 	LDT_fix_text: autoDraw = False
285.9021 	EXP 	Device response: <KeyPress from None: t=285.89799749996746, value=l, duration=None>
285.9024 	EXP 	New trial (rep=0, index=208): <Trial 208 (208 in rep 0) data={'Task': 'LDT', 'TrialType': 'Target', 'Stimuli': 'grew', 'StimulusType': 'word', 'CorrectResponse': 'l', 'Trialnumb': 89, 'thisN': 208, 'thisTrialN': 208, 'thisRepN': 0}>
285.9103 	EXP 	LDT_fix_text: autoDraw = False
285.9103 	EXP 	LDT_stim_text: autoDraw = False
285.9103 	EXP 	LDT_break_text: autoDraw = False
285.9103 	EXP 	LDT_stim_text: height = np.float64(0.1)
285.9103 	EXP 	LDT_stim_text: height = np.float64(0.1)
285.9103 	EXP 	LDT_stim_text: height = np.float64(0.1)
285.9103 	EXP 	LDT_stim_text: text = 'grew'
285.9103 	EXP 	LDT_fix_text: autoDraw = True
285.9107 	DATA 	Keypress: l
286.0022 	EXP 	Device response: <KeyPress from None: t=285.89799749996746, value=l, duration=0.0969098000205122>
286.3940 	EXP 	LDT_stim_text: autoDraw = True
286.4023 	EXP 	LDT_fix_text: autoDraw = False
287.3285 	EXP 	Device response: <KeyPress from None: t=287.32271410000976, value=l, duration=None>
287.3288 	EXP 	New trial (rep=0, index=209): <Trial 209 (209 in rep 0) data={'Task': 'LDT', 'TrialType': 'Target', 'Stimuli': 'man', 'StimulusType': 'word', 'CorrectResponse': 'l', 'Trialnumb': 12, 'thisN': 209, 'thisTrialN': 209, 'thisRepN': 0}>
287.3366 	EXP 	LDT_fix_text: autoDraw = False
287.3366 	EXP 	LDT_stim_text: autoDraw = False
287.3366 	EXP 	LDT_break_text: autoDraw = False
287.3366 	EXP 	LDT_stim_text: height = np.float64(0.1)
287.3366 	EXP 	LDT_stim_text: height = np.float64(0.1)
287.3366 	EXP 	LDT_stim_text: height = np.float64(0.1)
287.3366 	EXP 	LDT_stim_text: text = 'man'
287.3366 	EXP 	LDT_fix_text: autoDraw = True
287.3371 	DATA 	Keypress: l
287.4203 	EXP 	Device response: <KeyPress from None: t=287.32271410000976, value=l, duration=0.09540449996711686>
287.8204 	EXP 	LDT_stim_text: autoDraw = True
287.8287 	EXP 	LDT_fix_text: autoDraw = False
288.4213 	EXP 	Device response: <KeyPress from None: t=288.41802729998017, value=l, duration=None>
288.4215 	EXP 	New trial (rep=0, index=210): <Trial 210 (210 in rep 0) data={'Task': 'LDT', 'TrialType': 'Target', 'Stimuli': 'bond', 'StimulusType': 'word', 'CorrectResponse': 'l', 'Trialnumb': 87, 'thisN': 210, 'thisTrialN': 210, 'thisRepN': 0}>
288.4293 	EXP 	LDT_fix_text: autoDraw = False
288.4293 	EXP 	LDT_stim_text: autoDraw = False
288.4293 	EXP 	LDT_break_text: autoDraw = False
288.4293 	EXP 	LDT_stim_text: height = np.float64(0.1)
288.4293 	EXP 	LDT_stim_text: height = np.float64(0.1)
288.4293 	EXP 	LDT_stim_text: height = np.float64(0.1)
288.4293 	EXP 	LDT_stim_text: text = 'bond'
288.4293 	EXP 	LDT_fix_text: autoDraw = True
288.4298 	DATA 	Keypress: l
288.5297 	EXP 	Device response: <KeyPress from None: t=288.41802729998017, value=l, duration=0.10529720003250986>
288.9131 	EXP 	LDT_stim_text: autoDraw = True
288.9215 	EXP 	LDT_fix_text: autoDraw = False
289.4473 	EXP 	Device response: <KeyPress from None: t=289.44202519999817, value=l, duration=None>
289.4475 	EXP 	New trial (rep=0, index=211): <Trial 211 (211 in rep 0) data={'Task': 'LDT', 'TrialType': 'Target', 'Stimuli': 'stad', 'StimulusType': 'nonword', 'CorrectResponse': 'a', 'Trialnumb': 116, 'thisN': 211, 'thisTrialN': 211, 'thisRepN': 0}>
289.4554 	EXP 	LDT_fix_text: autoDraw = False
289.4554 	EXP 	LDT_stim_text: autoDraw = False
289.4554 	EXP 	LDT_break_text: autoDraw = False
289.4554 	EXP 	LDT_stim_text: height = np.float64(0.1)
289.4554 	EXP 	LDT_stim_text: height = np.float64(0.1)
289.4554 	EXP 	LDT_stim_text: height = np.float64(0.1)
289.4554 	EXP 	LDT_stim_text: text = 'stad'
289.4554 	EXP 	LDT_fix_text: autoDraw = True
289.4559 	DATA 	Keypress: l
289.5558 	EXP 	Device response: <KeyPress from None: t=289.44202519999817, value=l, duration=0.11247829999774694>
289.9392 	EXP 	LDT_stim_text: autoDraw = True
289.9475 	EXP 	LDT_fix_text: autoDraw = False
290.5484 	EXP 	Device response: <KeyPress from None: t=290.54644589999225, value=a, duration=None>
290.5487 	EXP 	New trial (rep=0, index=212): <Trial 212 (212 in rep 0) data={'Task': 'LDT', 'TrialType': 'Target', 'Stimuli': 'rees', 'StimulusType': 'nonword', 'CorrectResponse': 'a', 'Trialnumb': 184, 'thisN': 212, 'thisTrialN': 212, 'thisRepN': 0}>
290.5564 	EXP 	LDT_fix_text: autoDraw = False
290.5564 	EXP 	LDT_stim_text: autoDraw = False
290.5564 	EXP 	LDT_break_text: autoDraw = False
290.5564 	EXP 	LDT_stim_text: height = np.float64(0.1)
290.5564 	EXP 	LDT_stim_text: height = np.float64(0.1)
290.5564 	EXP 	LDT_stim_text: height = np.float64(0.1)
290.5564 	EXP 	LDT_stim_text: text = 'rees'
290.5564 	EXP 	LDT_fix_text: autoDraw = True
290.5570 	DATA 	Keypress: a
290.6902 	EXP 	Device response: <KeyPress from None: t=290.54644589999225, value=a, duration=0.13601570000173524>
291.0403 	EXP 	LDT_stim_text: autoDraw = True
291.0486 	EXP 	LDT_fix_text: autoDraw = False
291.5744 	EXP 	Device response: <KeyPress from None: t=291.5718668999616, value=a, duration=None>
291.5746 	EXP 	New trial (rep=0, index=213): <Trial 213 (213 in rep 0) data={'Task': 'LDT', 'TrialType': 'Target', 'Stimuli': 'flow', 'StimulusType': 'word', 'CorrectResponse': 'l', 'Trialnumb': 108, 'thisN': 213, 'thisTrialN': 213, 'thisRepN': 0}>
291.5825 	EXP 	LDT_fix_text: autoDraw = False
291.5825 	EXP 	LDT_stim_text: autoDraw = False
291.5825 	EXP 	LDT_break_text: autoDraw = False
291.5825 	EXP 	LDT_stim_text: height = np.float64(0.1)
291.5825 	EXP 	LDT_stim_text: height = np.float64(0.1)
291.5825 	EXP 	LDT_stim_text: height = np.float64(0.1)
291.5825 	EXP 	LDT_stim_text: text = 'flow'
291.5825 	EXP 	LDT_fix_text: autoDraw = True
291.5831 	DATA 	Keypress: a
291.7080 	EXP 	Device response: <KeyPress from None: t=291.5718668999616, value=a, duration=0.13549380004405975>
292.0663 	EXP 	LDT_stim_text: autoDraw = True
292.0746 	EXP 	LDT_fix_text: autoDraw = False
292.5921 	EXP 	Device response: <KeyPress from None: t=292.5864924999769, value=l, duration=None>
292.5923 	EXP 	New trial (rep=0, index=214): <Trial 214 (214 in rep 0) data={'Task': 'LDT', 'TrialType': 'Target', 'Stimuli': 'hoon', 'StimulusType': 'nonword', 'CorrectResponse': 'a', 'Trialnumb': 155, 'thisN': 214, 'thisTrialN': 214, 'thisRepN': 0}>
292.6002 	EXP 	LDT_fix_text: autoDraw = False
292.6002 	EXP 	LDT_stim_text: autoDraw = False
292.6002 	EXP 	LDT_break_text: autoDraw = False
292.6002 	EXP 	LDT_stim_text: height = np.float64(0.1)
292.6002 	EXP 	LDT_stim_text: height = np.float64(0.1)
292.6002 	EXP 	LDT_stim_text: height = np.float64(0.1)
292.6002 	EXP 	LDT_stim_text: text = 'hoon'
292.6002 	EXP 	LDT_fix_text: autoDraw = True
292.6007 	DATA 	Keypress: l
292.7005 	EXP 	Device response: <KeyPress from None: t=292.5864924999769, value=l, duration=0.11229820002336055>
293.0840 	EXP 	LDT_stim_text: autoDraw = True
293.0923 	EXP 	LDT_fix_text: autoDraw = False
294.9362 	EXP 	Device response: <KeyPress from None: t=294.93125369999325, value=a, duration=None>
294.9364 	EXP 	New trial (rep=0, index=215): <Trial 215 (215 in rep 0) data={'Task': 'LDT', 'TrialType': 'Target', 'Stimuli': 'dry', 'StimulusType': 'word', 'CorrectResponse': 'l', 'Trialnumb': 77, 'thisN': 215, 'thisTrialN': 215, 'thisRepN': 0}>
294.9442 	EXP 	LDT_fix_text: autoDraw = False
294.9442 	EXP 	LDT_stim_text: autoDraw = False
294.9442 	EXP 	LDT_break_text: autoDraw = False
294.9442 	EXP 	LDT_stim_text: height = np.float64(0.1)
294.9442 	EXP 	LDT_stim_text: height = np.float64(0.1)
294.9442 	EXP 	LDT_stim_text: height = np.float64(0.1)
294.9442 	EXP 	LDT_stim_text: text = 'dry'
294.9442 	EXP 	LDT_fix_text: autoDraw = True
294.9448 	DATA 	Keypress: a
295.0863 	EXP 	Device response: <KeyPress from None: t=294.93125369999325, value=a, duration=0.15158060000976548>
295.4280 	EXP 	LDT_stim_text: autoDraw = True
295.4363 	EXP 	LDT_fix_text: autoDraw = False
295.9955 	EXP 	Device response: <KeyPress from None: t=295.9882160999696, value=l, duration=None>
295.9958 	EXP 	New trial (rep=0, index=216): <Trial 216 (216 in rep 0) data={'Task': 'LDT', 'TrialType': 'Target', 'Stimuli': 'hirs', 'StimulusType': 'nonword', 'CorrectResponse': 'a', 'Trialnumb': 153, 'thisN': 216, 'thisTrialN': 216, 'thisRepN': 0}>
296.0036 	EXP 	LDT_fix_text: autoDraw = False
296.0036 	EXP 	LDT_stim_text: autoDraw = False
296.0036 	EXP 	LDT_break_text: autoDraw = False
296.0036 	EXP 	LDT_stim_text: height = np.float64(0.1)
296.0036 	EXP 	LDT_stim_text: height = np.float64(0.1)
296.0036 	EXP 	LDT_stim_text: height = np.float64(0.1)
296.0036 	EXP 	LDT_stim_text: text = 'hirs'
296.0036 	EXP 	LDT_fix_text: autoDraw = True
296.0042 	DATA 	Keypress: l
296.0956 	EXP 	Device response: <KeyPress from None: t=295.9882160999696, value=l, duration=0.10249030002159998>
296.4874 	EXP 	LDT_stim_text: autoDraw = True
296.4957 	EXP 	LDT_fix_text: autoDraw = False
297.0382 	EXP 	Device response: <KeyPress from None: t=297.03463090001605, value=a, duration=None>
297.0385 	EXP 	New trial (rep=0, index=217): <Trial 217 (217 in rep 0) data={'Task': 'LDT', 'TrialType': 'Target', 'Stimuli': 'mutch', 'StimulusType': 'nonword', 'CorrectResponse': 'a', 'Trialnumb': 175, 'thisN': 217, 'thisTrialN': 217, 'thisRepN': 0}>
297.0463 	EXP 	LDT_fix_text: autoDraw = False
297.0463 	EXP 	LDT_stim_text: autoDraw = False
297.0463 	EXP 	LDT_break_text: autoDraw = False
297.0463 	EXP 	LDT_stim_text: height = np.float64(0.1)
297.0463 	EXP 	LDT_stim_text: height = np.float64(0.1)
297.0463 	EXP 	LDT_stim_text: height = np.float64(0.1)
297.0463 	EXP 	LDT_stim_text: text = 'mutch'
297.0463 	EXP 	LDT_fix_text: autoDraw = True
297.0467 	DATA 	Keypress: a
297.1466 	EXP 	Device response: <KeyPress from None: t=297.03463090001605, value=a, duration=0.11141799995675683>
297.5301 	EXP 	LDT_stim_text: autoDraw = True
297.5384 	EXP 	LDT_fix_text: autoDraw = False
298.1309 	EXP 	Device response: <KeyPress from None: t=298.1227540000109, value=l, duration=None>
298.1312 	EXP 	New trial (rep=0, index=218): <Trial 218 (218 in rep 0) data={'Task': 'LDT', 'TrialType': 'Target', 'Stimuli': 'heat', 'StimulusType': 'word', 'CorrectResponse': 'l', 'Trialnumb': 79, 'thisN': 218, 'thisTrialN': 218, 'thisRepN': 0}>
298.1325 	DATA 	Keypress: l
298.1390 	EXP 	LDT_fix_text: autoDraw = False
298.1390 	EXP 	LDT_stim_text: autoDraw = False
298.1390 	EXP 	LDT_break_text: autoDraw = False
298.1390 	EXP 	LDT_stim_text: height = np.float64(0.1)
298.1390 	EXP 	LDT_stim_text: height = np.float64(0.1)
298.1390 	EXP 	LDT_stim_text: height = np.float64(0.1)
298.1390 	EXP 	LDT_stim_text: text = 'heat'
298.1390 	EXP 	LDT_fix_text: autoDraw = True
298.2144 	EXP 	Device response: <KeyPress from None: t=298.1227540000109, value=l, duration=0.08756549999816343>
298.6228 	EXP 	LDT_stim_text: autoDraw = True
298.6312 	EXP 	LDT_fix_text: autoDraw = False
299.1319 	EXP 	Device response: <KeyPress from None: t=299.13144189998275, value=l, duration=None>
299.1322 	EXP 	New trial (rep=0, index=219): <Trial 219 (219 in rep 0) data={'Task': 'LDT', 'TrialType': 'Target', 'Stimuli': 'tran', 'StimulusType': 'nonword', 'CorrectResponse': 'a', 'Trialnumb': 206, 'thisN': 219, 'thisTrialN': 219, 'thisRepN': 0}>
299.1400 	EXP 	LDT_fix_text: autoDraw = False
299.1400 	EXP 	LDT_stim_text: autoDraw = False
299.1400 	EXP 	LDT_break_text: autoDraw = False
299.1400 	EXP 	LDT_stim_text: height = np.float64(0.1)
299.1400 	EXP 	LDT_stim_text: height = np.float64(0.1)
299.1400 	EXP 	LDT_stim_text: height = np.float64(0.1)
299.1400 	EXP 	LDT_stim_text: text = 'tran'
299.1400 	EXP 	LDT_fix_text: autoDraw = True
299.1405 	DATA 	Keypress: l
299.2238 	EXP 	Device response: <KeyPress from None: t=299.13144189998275, value=l, duration=0.0872343999799341>
299.6238 	EXP 	LDT_stim_text: autoDraw = True
299.6322 	EXP 	LDT_fix_text: autoDraw = False
300.5250 	EXP 	Device response: <KeyPress from None: t=300.52243070001714, value=a, duration=None>
300.5253 	EXP 	New trial (rep=0, index=220): <Trial 220 (220 in rep 0) data={'Task': 'LDT', 'TrialType': 'Target', 'Stimuli': 'hold', 'StimulusType': 'word', 'CorrectResponse': 'l', 'Trialnumb': 54, 'thisN': 220, 'thisTrialN': 220, 'thisRepN': 0}>
300.5331 	EXP 	LDT_fix_text: autoDraw = False
300.5331 	EXP 	LDT_stim_text: autoDraw = False
300.5331 	EXP 	LDT_break_text: autoDraw = False
300.5331 	EXP 	LDT_stim_text: height = np.float64(0.1)
300.5331 	EXP 	LDT_stim_text: height = np.float64(0.1)
300.5331 	EXP 	LDT_stim_text: height = np.float64(0.1)
300.5331 	EXP 	LDT_stim_text: text = 'hold'
300.5331 	EXP 	LDT_fix_text: autoDraw = True
300.5335 	DATA 	Keypress: a
300.6669 	EXP 	Device response: <KeyPress from None: t=300.52243070001714, value=a, duration=0.14420679997419938>
301.0169 	EXP 	LDT_stim_text: autoDraw = True
301.0252 	EXP 	LDT_fix_text: autoDraw = False
301.7013 	EXP 	Device response: <KeyPress from None: t=301.6984125999734, value=l, duration=None>
301.7015 	EXP 	New trial (rep=0, index=221): <Trial 221 (221 in rep 0) data={'Task': 'LDT', 'TrialType': 'Target', 'Stimuli': 'group', 'StimulusType': 'word', 'CorrectResponse': 'l', 'Trialnumb': 20, 'thisN': 221, 'thisTrialN': 221, 'thisRepN': 0}>
301.7092 	EXP 	LDT_fix_text: autoDraw = False
301.7092 	EXP 	LDT_stim_text: autoDraw = False
301.7092 	EXP 	LDT_break_text: autoDraw = False
301.7092 	EXP 	LDT_stim_text: height = np.float64(0.1)
301.7092 	EXP 	LDT_stim_text: height = np.float64(0.1)
301.7092 	EXP 	LDT_stim_text: height = np.float64(0.1)
301.7092 	EXP 	LDT_stim_text: text = 'group'
301.7092 	EXP 	LDT_fix_text: autoDraw = True
301.7098 	DATA 	Keypress: l
301.7846 	EXP 	Device response: <KeyPress from None: t=301.6984125999734, value=l, duration=0.08034929999848828>
302.1930 	EXP 	LDT_stim_text: autoDraw = True
302.2014 	EXP 	LDT_fix_text: autoDraw = False
302.7022 	EXP 	Device response: <KeyPress from None: t=302.6987966999877, value=l, duration=None>
302.7104 	EXP 	LDT_fix_text: autoDraw = False
302.7104 	EXP 	LDT_stim_text: autoDraw = False
302.7104 	EXP 	LDT_break_text: autoDraw = False
302.7104 	EXP 	end_text: autoDraw = True
302.7109 	DATA 	Keypress: l
302.7940 	EXP 	Device response: <KeyPress from None: t=302.6987966999877, value=l, duration=0.0878126000170596>
305.7049 	EXP 	end_text: autoDraw = False
305.7049 	EXP 	end_text: autoDraw = False
305.7049 	EXP 	online_LDT&KRT: status = STOPPED
