0.8420 	WARNING 	We strongly recommend you activate the PTB sound engine in PsychoPy prefs as the preferred audio engine. Its timing is vastly superior. Your prefs are currently set to use ['sounddevice', 'PTB', 'pyo', 'pygame'] (in that order).
1.6240 	WARNING 	Font Manager failed to load file C:\Users\user\AppData\Local\Microsoft\Windows\Fonts\a시나리오.ttf
1.6247 	WARNING 	Font Manager failed to load file C:\Users\user\AppData\Local\Microsoft\Windows\Fonts\a뉴굴림3.ttf
1.6256 	WARNING 	Font Manager failed to load file C:\Users\user\AppData\Local\Microsoft\Windows\Fonts\210 동화책R.ttf
1.6258 	WARNING 	Font Manager failed to load file C:\Users\user\AppData\Local\Microsoft\Windows\Fonts\a고딕16.ttf
1.6261 	WARNING 	Font Manager failed to load file C:\Users\user\AppData\Local\Microsoft\Windows\Fonts\210 콤퓨타세탁B.ttf
1.6299 	WARNING 	Font Manager failed to load file C:\Users\user\AppData\Local\Microsoft\Windows\Fonts\210 동화책L.ttf
1.6314 	WARNING 	Font Manager failed to load file C:\Users\user\AppData\Local\Microsoft\Windows\Fonts\서울남산 장체L.ttf
1.6349 	WARNING 	Font Manager failed to load file C:\Users\user\AppData\Local\Microsoft\Windows\Fonts\서울남산 장체BL.ttf
1.6366 	WARNING 	Font Manager failed to load file C:\Users\user\AppData\Local\Microsoft\Windows\Fonts\아리따-돋움(TTF)-Bold.ttf
1.6385 	WARNING 	Font Manager failed to load file C:\Users\user\AppData\Local\Microsoft\Windows\Fonts\a고딕11.ttf
1.6386 	WARNING 	Font Manager failed to load file C:\Users\user\AppData\Local\Microsoft\Windows\Fonts\210 맨발의청춘B.ttf
1.6396 	WARNING 	Font Manager failed to load file C:\Users\user\AppData\Local\Microsoft\Windows\Fonts\a고딕14.ttf
1.6434 	WARNING 	Font Manager failed to load file C:\Users\user\AppData\Local\Microsoft\Windows\Fonts\서울남산 장체EB.ttf
1.6453 	WARNING 	Font Manager failed to load file C:\Users\user\AppData\Local\Microsoft\Windows\Fonts\서울남산 장체M.ttf
1.6455 	WARNING 	Font Manager failed to load file C:\Users\user\AppData\Local\Microsoft\Windows\Fonts\아리따-돋움(TTF)-Medium.ttf
1.6466 	WARNING 	Font Manager failed to load file C:\Users\user\AppData\Local\Microsoft\Windows\Fonts\나눔고딕L.ttf
1.6556 	WARNING 	Font Manager failed to load file C:\Users\user\AppData\Local\Microsoft\Windows\Fonts\a고딕13.ttf
1.6575 	WARNING 	Font Manager failed to load file C:\Users\user\AppData\Local\Microsoft\Windows\Fonts\210 나무고딕R.ttf
1.6587 	WARNING 	Font Manager failed to load file C:\Users\user\AppData\Local\Microsoft\Windows\Fonts\210 콤퓨타세탁R.ttf
1.6595 	WARNING 	Font Manager failed to load file C:\Users\user\AppData\Local\Microsoft\Windows\Fonts\210 나무고딕L.ttf
1.6613 	WARNING 	Font Manager failed to load file C:\Users\user\AppData\Local\Microsoft\Windows\Fonts\a고딕10.ttf
1.6629 	WARNING 	Font Manager failed to load file C:\Users\user\AppData\Local\Microsoft\Windows\Fonts\210 씨앗B.ttf
1.6658 	WARNING 	Font Manager failed to load file C:\Users\user\AppData\Local\Microsoft\Windows\Fonts\210 씨앗L.ttf
1.6671 	WARNING 	Font Manager failed to load file C:\Users\user\AppData\Local\Microsoft\Windows\Fonts\210 상상공작소R.ttf
1.6719 	WARNING 	Font Manager failed to load file C:\Users\user\AppData\Local\Microsoft\Windows\Fonts\아리따-돋움(TTF)-SemiBold.ttf
1.6723 	WARNING 	Font Manager failed to load file C:\Users\user\AppData\Local\Microsoft\Windows\Fonts\210 나무고딕B.ttf
1.6795 	WARNING 	Font Manager failed to load file C:\Users\user\AppData\Local\Microsoft\Windows\Fonts\210 콤퓨타세탁L.ttf
1.6880 	WARNING 	Font Manager failed to load file C:\Users\user\AppData\Local\Microsoft\Windows\Fonts\210 나무고딕EB.ttf
1.6886 	WARNING 	Font Manager failed to load file C:\Users\user\AppData\Local\Microsoft\Windows\Fonts\210 상상공작소L.ttf
1.6933 	WARNING 	Font Manager failed to load file C:\Users\user\AppData\Local\Microsoft\Windows\Fonts\210 하얀바람B.ttf
1.6959 	WARNING 	Font Manager failed to load file C:\Users\user\AppData\Local\Microsoft\Windows\Fonts\210 동화책B.ttf
1.6992 	WARNING 	Font Manager failed to load file C:\Users\user\AppData\Local\Microsoft\Windows\Fonts\210 하얀바람R.ttf
1.6997 	WARNING 	Font Manager failed to load file C:\Users\user\AppData\Local\Microsoft\Windows\Fonts\210 맨발의청춘R.ttf
1.7019 	WARNING 	Font Manager failed to load file C:\Users\user\AppData\Local\Microsoft\Windows\Fonts\210 카툰스토리B.ttf
1.7033 	WARNING 	Font Manager failed to load file C:\Users\user\AppData\Local\Microsoft\Windows\Fonts\서울남산 장체B.ttf
1.7042 	WARNING 	Font Manager failed to load file C:\Users\user\AppData\Local\Microsoft\Windows\Fonts\a뉴굴림1.ttf
1.7067 	WARNING 	Font Manager failed to load file C:\Users\user\AppData\Local\Microsoft\Windows\Fonts\210 카툰스토리R.ttf
1.7076 	WARNING 	Font Manager failed to load file C:\Users\user\AppData\Local\Microsoft\Windows\Fonts\210 씨앗R.ttf
1.7100 	WARNING 	Font Manager failed to load file C:\Users\user\AppData\Local\Microsoft\Windows\Fonts\a고딕15.ttf
1.7103 	WARNING 	Font Manager failed to load file C:\Users\user\AppData\Local\Microsoft\Windows\Fonts\a고딕12.ttf
1.7113 	WARNING 	Font Manager failed to load file C:\Users\user\AppData\Local\Microsoft\Windows\Fonts\210 맨발의청춘L.ttf
1.7125 	WARNING 	Font Manager failed to load file C:\Users\user\AppData\Local\Microsoft\Windows\Fonts\a뉴굴림4.ttf
1.7150 	WARNING 	Font Manager failed to load file C:\Users\user\AppData\Local\Microsoft\Windows\Fonts\아리따-돋움(TTF)-Light.ttf
1.7156 	WARNING 	Font Manager failed to load file C:\Users\user\AppData\Local\Microsoft\Windows\Fonts\210 카툰스토리L.ttf
1.7174 	WARNING 	Font Manager failed to load file C:\Users\user\AppData\Local\Microsoft\Windows\Fonts\210 하얀바람L.ttf
1.7191 	WARNING 	Font Manager failed to load file C:\Users\user\AppData\Local\Microsoft\Windows\Fonts\210 상상공작소B.ttf
1.7202 	WARNING 	Font Manager failed to load file C:\Users\user\AppData\Local\Microsoft\Windows\Fonts\아리따-돋움(TTF)-Thin.ttf
1.7204 	WARNING 	Font Manager failed to load file C:\Users\user\AppData\Local\Microsoft\Windows\Fonts\a뉴굴림2.ttf
1.9332 	WARNING 	Font Manager failed to load file C:\Users\user\AppData\Local\Microsoft\Windows\Fonts\a시나리오.ttf
1.9339 	WARNING 	Font Manager failed to load file C:\Users\user\AppData\Local\Microsoft\Windows\Fonts\a뉴굴림3.ttf
1.9348 	WARNING 	Font Manager failed to load file C:\Users\user\AppData\Local\Microsoft\Windows\Fonts\210 동화책R.ttf
1.9349 	WARNING 	Font Manager failed to load file C:\Users\user\AppData\Local\Microsoft\Windows\Fonts\a고딕16.ttf
1.9353 	WARNING 	Font Manager failed to load file C:\Users\user\AppData\Local\Microsoft\Windows\Fonts\210 콤퓨타세탁B.ttf
1.9384 	WARNING 	Font Manager failed to load file C:\Users\user\AppData\Local\Microsoft\Windows\Fonts\210 동화책L.ttf
1.9397 	WARNING 	Font Manager failed to load file C:\Users\user\AppData\Local\Microsoft\Windows\Fonts\서울남산 장체L.ttf
1.9429 	WARNING 	Font Manager failed to load file C:\Users\user\AppData\Local\Microsoft\Windows\Fonts\서울남산 장체BL.ttf
1.9445 	WARNING 	Font Manager failed to load file C:\Users\user\AppData\Local\Microsoft\Windows\Fonts\아리따-돋움(TTF)-Bold.ttf
1.9464 	WARNING 	Font Manager failed to load file C:\Users\user\AppData\Local\Microsoft\Windows\Fonts\a고딕11.ttf
1.9465 	WARNING 	Font Manager failed to load file C:\Users\user\AppData\Local\Microsoft\Windows\Fonts\210 맨발의청춘B.ttf
1.9473 	WARNING 	Font Manager failed to load file C:\Users\user\AppData\Local\Microsoft\Windows\Fonts\a고딕14.ttf
1.9506 	WARNING 	Font Manager failed to load file C:\Users\user\AppData\Local\Microsoft\Windows\Fonts\서울남산 장체EB.ttf
1.9521 	WARNING 	Font Manager failed to load file C:\Users\user\AppData\Local\Microsoft\Windows\Fonts\서울남산 장체M.ttf
1.9522 	WARNING 	Font Manager failed to load file C:\Users\user\AppData\Local\Microsoft\Windows\Fonts\아리따-돋움(TTF)-Medium.ttf
1.9532 	WARNING 	Font Manager failed to load file C:\Users\user\AppData\Local\Microsoft\Windows\Fonts\나눔고딕L.ttf
1.9615 	WARNING 	Font Manager failed to load file C:\Users\user\AppData\Local\Microsoft\Windows\Fonts\a고딕13.ttf
1.9630 	WARNING 	Font Manager failed to load file C:\Users\user\AppData\Local\Microsoft\Windows\Fonts\210 나무고딕R.ttf
1.9642 	WARNING 	Font Manager failed to load file C:\Users\user\AppData\Local\Microsoft\Windows\Fonts\210 콤퓨타세탁R.ttf
1.9650 	WARNING 	Font Manager failed to load file C:\Users\user\AppData\Local\Microsoft\Windows\Fonts\210 나무고딕L.ttf
1.9667 	WARNING 	Font Manager failed to load file C:\Users\user\AppData\Local\Microsoft\Windows\Fonts\a고딕10.ttf
1.9684 	WARNING 	Font Manager failed to load file C:\Users\user\AppData\Local\Microsoft\Windows\Fonts\210 씨앗B.ttf
1.9713 	WARNING 	Font Manager failed to load file C:\Users\user\AppData\Local\Microsoft\Windows\Fonts\210 씨앗L.ttf
1.9728 	WARNING 	Font Manager failed to load file C:\Users\user\AppData\Local\Microsoft\Windows\Fonts\210 상상공작소R.ttf
1.9781 	WARNING 	Font Manager failed to load file C:\Users\user\AppData\Local\Microsoft\Windows\Fonts\아리따-돋움(TTF)-SemiBold.ttf
1.9785 	WARNING 	Font Manager failed to load file C:\Users\user\AppData\Local\Microsoft\Windows\Fonts\210 나무고딕B.ttf
1.9846 	WARNING 	Font Manager failed to load file C:\Users\user\AppData\Local\Microsoft\Windows\Fonts\210 콤퓨타세탁L.ttf
1.9927 	WARNING 	Font Manager failed to load file C:\Users\user\AppData\Local\Microsoft\Windows\Fonts\210 나무고딕EB.ttf
1.9932 	WARNING 	Font Manager failed to load file C:\Users\user\AppData\Local\Microsoft\Windows\Fonts\210 상상공작소L.ttf
1.9973 	WARNING 	Font Manager failed to load file C:\Users\user\AppData\Local\Microsoft\Windows\Fonts\210 하얀바람B.ttf
1.9999 	WARNING 	Font Manager failed to load file C:\Users\user\AppData\Local\Microsoft\Windows\Fonts\210 동화책B.ttf
2.0029 	WARNING 	Font Manager failed to load file C:\Users\user\AppData\Local\Microsoft\Windows\Fonts\210 하얀바람R.ttf
2.0033 	WARNING 	Font Manager failed to load file C:\Users\user\AppData\Local\Microsoft\Windows\Fonts\210 맨발의청춘R.ttf
2.0057 	WARNING 	Font Manager failed to load file C:\Users\user\AppData\Local\Microsoft\Windows\Fonts\210 카툰스토리B.ttf
2.0070 	WARNING 	Font Manager failed to load file C:\Users\user\AppData\Local\Microsoft\Windows\Fonts\서울남산 장체B.ttf
2.0079 	WARNING 	Font Manager failed to load file C:\Users\user\AppData\Local\Microsoft\Windows\Fonts\a뉴굴림1.ttf
2.0101 	WARNING 	Font Manager failed to load file C:\Users\user\AppData\Local\Microsoft\Windows\Fonts\210 카툰스토리R.ttf
2.0109 	WARNING 	Font Manager failed to load file C:\Users\user\AppData\Local\Microsoft\Windows\Fonts\210 씨앗R.ttf
2.0132 	WARNING 	Font Manager failed to load file C:\Users\user\AppData\Local\Microsoft\Windows\Fonts\a고딕15.ttf
2.0135 	WARNING 	Font Manager failed to load file C:\Users\user\AppData\Local\Microsoft\Windows\Fonts\a고딕12.ttf
2.0144 	WARNING 	Font Manager failed to load file C:\Users\user\AppData\Local\Microsoft\Windows\Fonts\210 맨발의청춘L.ttf
2.0156 	WARNING 	Font Manager failed to load file C:\Users\user\AppData\Local\Microsoft\Windows\Fonts\a뉴굴림4.ttf
2.0180 	WARNING 	Font Manager failed to load file C:\Users\user\AppData\Local\Microsoft\Windows\Fonts\아리따-돋움(TTF)-Light.ttf
2.0186 	WARNING 	Font Manager failed to load file C:\Users\user\AppData\Local\Microsoft\Windows\Fonts\210 카툰스토리L.ttf
2.0204 	WARNING 	Font Manager failed to load file C:\Users\user\AppData\Local\Microsoft\Windows\Fonts\210 하얀바람L.ttf
2.0221 	WARNING 	Font Manager failed to load file C:\Users\user\AppData\Local\Microsoft\Windows\Fonts\210 상상공작소B.ttf
2.0233 	WARNING 	Font Manager failed to load file C:\Users\user\AppData\Local\Microsoft\Windows\Fonts\아리따-돋움(TTF)-Thin.ttf
2.0234 	WARNING 	Font Manager failed to load file C:\Users\user\AppData\Local\Microsoft\Windows\Fonts\a뉴굴림2.ttf
8.5644 	EXP 	Created window1 = Window(allowGUI=False, allowStencil=False, autoLog=True, backendConf=UNKNOWN, backgroundFit=<method-wrapper '__getattribute__' of attributeSetter object at 0x000001CED98C7280>, backgroundImage=<method-wrapper '__getattribute__' of attributeSetter object at 0x000001CED98C7220>, bitsMode=UNKNOWN, blendMode='avg', bpc=(8, 8, 8), color=array([-1., -1., -1.]), colorSpace='rgb', depthBits=8, fullscr=True, gamma=None, gammaErrorPolicy='raise', infoMsg=UNKNOWN, lms=UNKNOWN, monitor=<psychopy.monitors.calibTools.Monitor object at 0x000001CED9B905E0>, multiSample=False, name='window1', numSamples=2, pos=[np.float64(0.0), np.float64(0.0)], screen=0, size=array([1920, 1080]), stencilBits=0, stereo=False, title='PsychoPy', units='height', useFBO=True, useRetina=False, viewOri=0.0, viewPos=None, viewScale=None, waitBlanking=True, winType='pyglet')
8.5644 	EXP 	window1: backgroundImage = ''
8.5644 	EXP 	window1: backgroundFit = 'none'
8.8240 	EXP 	window1: Attempting to measure frame rate of screen (0) ...
8.8240 	EXP 	window1: recordFrameIntervals = False
8.9395 	EXP 	window1: recordFrameIntervals = True
9.0305 	EXP 	Screen (0) actual frame rate measured at 120.81Hz
9.0305 	EXP 	window1: recordFrameIntervals = False
10.1132 	EXP 	online_LDT&KRT: status = STARTED
10.2003 	EXP 	Created intro_text = TextStim(__class__=<class 'psychopy.visual.text.TextStim'>, alignHoriz=method-wrapper(...), alignText='center', alignVert=method-wrapper(...), anchorHoriz='center', anchorVert='center', antialias=True, autoDraw=False, autoLog=True, bold=False, color=array([1., 1., 1.]), colorSpace='rgb', contrast=1.0, depth=0.0, draggable=False, flipHoriz=False, flipVert=False, font='NanumGothic', fontFiles=[], height=np.float64(0.03), italic=False, languageStyle='LTR', name='intro_text', opacity=1, ori=0.0, pos=array([0., 0.]), rgb=UNKNOWN, text=str(...), units='height', win=Window(...), wrapWidth=1)
10.2240 	EXP 	Created LDT_intro_instr = TextStim(__class__=<class 'psychopy.visual.text.TextStim'>, alignHoriz=method-wrapper(...), alignText='center', alignVert=method-wrapper(...), anchorHoriz='center', anchorVert='center', antialias=True, autoDraw=False, autoLog=True, bold=False, color=array([1., 1., 1.]), colorSpace='rgb', contrast=1.0, depth=0.0, draggable=False, flipHoriz=False, flipVert=False, font='NanumGothic', fontFiles=[], height=np.float64(0.03), italic=False, languageStyle='LTR', name='LDT_intro_instr', opacity=1, ori=0.0, pos=array([0. , 0.2]), rgb=UNKNOWN, text=str(...), units='height', win=Window(...), wrapWidth=1)
10.2357 	EXP 	Created keyboard_LDT = ImageStim(__class__=<class 'psychopy.visual.image.ImageStim'>, anchor=('center', 'center'), autoLog=True, color=array([1., 1., 1.]), colorSpace='rgb', contrast=1.0, depth=-2.0, draggable=False, flipHoriz=np.False_, flipVert=np.False_, image='keyboard_LDT_RR.png', interpolate=True, mask=None, maskParams=None, name='keyboard_LDT', opacity=1, ori=0.0, pos=array([ 0. , -0.2]), size=array([0.6 , 0.35]), texRes=128.0, units='height', win=Window(...))
10.2386 	EXP 	Created LDT_prac_fix_text = TextStim(__class__=<class 'psychopy.visual.text.TextStim'>, alignHoriz=method-wrapper(...), alignText='center', alignVert=method-wrapper(...), anchorHoriz='center', anchorVert='center', antialias=True, autoDraw=False, autoLog=True, bold=False, color=array([1., 1., 1.]), colorSpace='rgb', contrast=1.0, depth=0.0, draggable=False, flipHoriz=False, flipVert=False, font='NanumGothic', fontFiles=[], height=np.float64(0.1), italic=False, languageStyle='LTR', name='LDT_prac_fix_text', opacity=1, ori=0, pos=array([0., 0.]), rgb=UNKNOWN, text='+', units='height', win=Window(...), wrapWidth=1)
10.2390 	EXP 	Created LDT_prac_stim_text = TextStim(__class__=<class 'psychopy.visual.text.TextStim'>, alignHoriz=method-wrapper(...), alignText='center', alignVert=method-wrapper(...), anchorHoriz='center', anchorVert='center', antialias=True, autoDraw=False, autoLog=True, bold=False, color=array([1., 1., 1.]), colorSpace='rgb', contrast=1.0, depth=-1.0, draggable=False, flipHoriz=False, flipVert=False, font='NanumGothic', fontFiles=[], height=0.1, italic=False, languageStyle='LTR', name='LDT_prac_stim_text', opacity=1, ori=0, pos=array([0., 0.]), rgb=UNKNOWN, text='', units='height', win=Window(...), wrapWidth=1)
10.2396 	EXP 	Created LDT_feedback_text = TextStim(__class__=<class 'psychopy.visual.text.TextStim'>, alignHoriz=method-wrapper(...), alignText='center', alignVert=method-wrapper(...), anchorHoriz='center', anchorVert='center', antialias=True, autoDraw=False, autoLog=True, bold=False, color=array([1., 1., 1.]), colorSpace='rgb', contrast=1.0, depth=-1.0, draggable=False, flipHoriz=False, flipVert=False, font='NanumGothic', fontFiles=[], height=0.05, italic=False, languageStyle='LTR', name='LDT_feedback_text', opacity=1, ori=0, pos=array([0., 0.]), rgb=UNKNOWN, text='', units='height', win=Window(...), wrapWidth=1)
10.2517 	EXP 	Created LDT_instr_text = TextStim(__class__=<class 'psychopy.visual.text.TextStim'>, alignHoriz=method-wrapper(...), alignText='center', alignVert=method-wrapper(...), anchorHoriz='center', anchorVert='center', antialias=True, autoDraw=False, autoLog=True, bold=False, color=array([1., 1., 1.]), colorSpace='rgb', contrast=1.0, depth=0.0, draggable=False, flipHoriz=False, flipVert=False, font='NanumGothic', fontFiles=[], height=np.float64(0.03), italic=False, languageStyle='LTR', name='LDT_instr_text', opacity=1, ori=0, pos=array([0., 0.]), rgb=UNKNOWN, text=str(...), units='height', win=Window(...), wrapWidth=1)
10.2531 	EXP 	Created LDT_fix_text = TextStim(__class__=<class 'psychopy.visual.text.TextStim'>, alignHoriz=method-wrapper(...), alignText='center', alignVert=method-wrapper(...), anchorHoriz='center', anchorVert='center', antialias=True, autoDraw=False, autoLog=True, bold=False, color=array([1., 1., 1.]), colorSpace='rgb', contrast=1.0, depth=0.0, draggable=False, flipHoriz=False, flipVert=False, font='NanumGothic', fontFiles=[], height=np.float64(0.1), italic=False, languageStyle='LTR', name='LDT_fix_text', opacity=1, ori=0, pos=array([0., 0.]), rgb=UNKNOWN, text='+', units='height', win=Window(...), wrapWidth=1)
10.2535 	EXP 	Created LDT_stim_text = TextStim(__class__=<class 'psychopy.visual.text.TextStim'>, alignHoriz=method-wrapper(...), alignText='center', alignVert=method-wrapper(...), anchorHoriz='center', anchorVert='center', antialias=True, autoDraw=False, autoLog=True, bold=False, color=array([1., 1., 1.]), colorSpace='rgb', contrast=1.0, depth=-1.0, draggable=False, flipHoriz=False, flipVert=False, font='NanumGothic', fontFiles=[], height=0.1, italic=False, languageStyle='LTR', name='LDT_stim_text', opacity=1, ori=0, pos=array([0., 0.]), rgb=UNKNOWN, text='', units='height', win=Window(...), wrapWidth=1)
10.2589 	EXP 	Created LDT_break_text = TextStim(__class__=<class 'psychopy.visual.text.TextStim'>, alignHoriz=method-wrapper(...), alignText='center', alignVert=method-wrapper(...), anchorHoriz='center', anchorVert='center', antialias=True, autoDraw=False, autoLog=True, bold=False, color=array([1., 1., 1.]), colorSpace='rgb', contrast=1.0, depth=-1.0, draggable=False, flipHoriz=False, flipVert=False, font='NanumGothic', fontFiles=[], height=np.float64(0.03), italic=False, languageStyle='LTR', name='LDT_break_text', opacity=1, ori=0.0, pos=array([0., 0.]), rgb=UNKNOWN, text=str(...), units='height', win=Window(...), wrapWidth=1)
10.2642 	EXP 	Created end_text = TextStim(__class__=<class 'psychopy.visual.text.TextStim'>, alignHoriz=method-wrapper(...), alignText='center', alignVert=method-wrapper(...), anchorHoriz='center', anchorVert='center', antialias=True, autoDraw=False, autoLog=True, bold=False, color=array([1., 1., 1.]), colorSpace='rgb', contrast=1.0, depth=0.0, draggable=False, flipHoriz=False, flipVert=False, font='NanumGothic', fontFiles=[], height=np.float64(0.03), italic=False, languageStyle='LTR', name='end_text', opacity=1, ori=0, pos=array([0., 0.]), rgb=UNKNOWN, text='실험이 종료되었습니다. \n\n실험에 참여해 주셔서 감사합니다.\n\n', units='height', win=Window(...), wrapWidth=1)
0.0175 	EXP 	intro_text: autoDraw = True
0.7221 	EXP 	Device response: <KeyPress from None: t=0.7180164000019431, value=space, duration=None>
0.7347 	EXP 	intro_text: autoDraw = False
0.7347 	EXP 	LDT_intro_instr: autoDraw = True
0.7347 	EXP 	keyboard_LDT: autoDraw = True
0.7354 	DATA 	Keypress: space
0.8272 	EXP 	Device response: <KeyPress from None: t=0.7180164000019431, value=space, duration=0.10351610003272071>
17.8855 	EXP 	Device response: <KeyPress from None: t=17.877121400029864, value=space, duration=None>
17.8900 	EXP 	Imported LDT_pracStim.xlsx as conditions, 10 conditions, 5 params
17.8902 	EXP 	New trial (rep=0, index=0): <Trial 0 (0 in rep 0) data={'Task': 'LDT', 'TrialType': 'Practice', 'Stimuli': 'cucumber', 'CorrectResponse': 'l', 'StimulusType': 'word', 'thisN': 0, 'thisTrialN': 0, 'thisRepN': 0}>
17.8950 	DATA 	Keypress: space
17.9018 	EXP 	LDT_intro_instr: autoDraw = False
17.9018 	EXP 	keyboard_LDT: autoDraw = False
17.9018 	EXP 	LDT_prac_stim_text: height = np.float64(0.1)
17.9018 	EXP 	LDT_prac_stim_text: height = np.float64(0.1)
17.9018 	EXP 	LDT_prac_stim_text: height = np.float64(0.1)
17.9018 	EXP 	LDT_prac_stim_text: text = 'cucumber'
17.9018 	EXP 	LDT_prac_fix_text: autoDraw = True
17.9774 	EXP 	Device response: <KeyPress from None: t=17.877121400029864, value=space, duration=0.0957048999844119>
18.3773 	EXP 	LDT_prac_stim_text: autoDraw = True
18.3940 	EXP 	LDT_prac_fix_text: autoDraw = False
22.2983 	EXP 	Device response: <KeyPress from None: t=22.292880700028036, value=l, duration=None>
22.3055 	EXP 	LDT_prac_fix_text: autoDraw = False
22.3055 	EXP 	LDT_prac_stim_text: autoDraw = False
22.3055 	EXP 	LDT_feedback_text: height = np.float64(0.05)
22.3055 	EXP 	LDT_feedback_text: height = np.float64(0.05)
22.3055 	EXP 	LDT_feedback_text: height = np.float64(0.05)
22.3055 	EXP 	LDT_feedback_text: text = '정답입니다!'
22.3055 	EXP 	LDT_feedback_text: autoDraw = True
22.3060 	DATA 	Keypress: l
22.4650 	EXP 	Device response: <KeyPress from None: t=22.292880700028036, value=l, duration=0.16905969998333603>
23.2909 	EXP 	New trial (rep=0, index=1): <Trial 1 (1 in rep 0) data={'Task': 'LDT', 'TrialType': 'Practice', 'Stimuli': 'yami', 'CorrectResponse': 'a', 'StimulusType': 'nonword', 'thisN': 1, 'thisTrialN': 1, 'thisRepN': 0}>
23.2988 	EXP 	LDT_feedback_text: autoDraw = False
23.2988 	EXP 	LDT_feedback_text: autoDraw = False
23.2988 	EXP 	LDT_prac_stim_text: height = np.float64(0.1)
23.2988 	EXP 	LDT_prac_stim_text: height = np.float64(0.1)
23.2988 	EXP 	LDT_prac_stim_text: height = np.float64(0.1)
23.2988 	EXP 	LDT_prac_stim_text: text = 'yami'
23.2988 	EXP 	LDT_prac_fix_text: autoDraw = True
23.7910 	EXP 	LDT_prac_fix_text: autoDraw = False
23.7910 	EXP 	LDT_prac_stim_text: autoDraw = True
24.8008 	EXP 	Device response: <KeyPress from None: t=24.79734190000454, value=a, duration=None>
24.8088 	EXP 	LDT_prac_fix_text: autoDraw = False
24.8088 	EXP 	LDT_prac_stim_text: autoDraw = False
24.8088 	EXP 	LDT_feedback_text: text = '정답입니다!'
24.8088 	EXP 	LDT_feedback_text: autoDraw = True
24.8094 	DATA 	Keypress: a
24.9341 	EXP 	Device response: <KeyPress from None: t=24.79734190000454, value=a, duration=0.13601369998650625>
25.7933 	EXP 	New trial (rep=0, index=2): <Trial 2 (2 in rep 0) data={'Task': 'LDT', 'TrialType': 'Practice', 'Stimuli': 'format', 'CorrectResponse': 'l', 'StimulusType': 'word', 'thisN': 2, 'thisTrialN': 2, 'thisRepN': 0}>
25.8014 	EXP 	LDT_feedback_text: autoDraw = False
25.8014 	EXP 	LDT_feedback_text: autoDraw = False
25.8014 	EXP 	LDT_prac_stim_text: height = np.float64(0.1)
25.8014 	EXP 	LDT_prac_stim_text: height = np.float64(0.1)
25.8014 	EXP 	LDT_prac_stim_text: height = np.float64(0.1)
25.8014 	EXP 	LDT_prac_stim_text: text = 'format'
25.8014 	EXP 	LDT_prac_fix_text: autoDraw = True
26.2935 	EXP 	LDT_prac_fix_text: autoDraw = False
26.2935 	EXP 	LDT_prac_stim_text: autoDraw = True
26.9529 	EXP 	Device response: <KeyPress from None: t=26.95038709999062, value=l, duration=None>
26.9609 	EXP 	LDT_prac_fix_text: autoDraw = False
26.9609 	EXP 	LDT_prac_stim_text: autoDraw = False
26.9609 	EXP 	LDT_feedback_text: text = '정답입니다!'
26.9609 	EXP 	LDT_feedback_text: autoDraw = True
26.9614 	DATA 	Keypress: l
27.1030 	EXP 	Device response: <KeyPress from None: t=26.95038709999062, value=l, duration=0.1504799000103958>
27.9454 	EXP 	New trial (rep=0, index=3): <Trial 3 (3 in rep 0) data={'Task': 'LDT', 'TrialType': 'Practice', 'Stimuli': 'huftuk', 'CorrectResponse': 'a', 'StimulusType': 'nonword', 'thisN': 3, 'thisTrialN': 3, 'thisRepN': 0}>
27.9536 	EXP 	LDT_feedback_text: autoDraw = False
27.9536 	EXP 	LDT_feedback_text: autoDraw = False
27.9536 	EXP 	LDT_prac_stim_text: height = np.float64(0.1)
27.9536 	EXP 	LDT_prac_stim_text: height = np.float64(0.1)
27.9536 	EXP 	LDT_prac_stim_text: height = np.float64(0.1)
27.9536 	EXP 	LDT_prac_stim_text: text = 'huftuk'
27.9536 	EXP 	LDT_prac_fix_text: autoDraw = True
28.4456 	EXP 	LDT_prac_fix_text: autoDraw = False
28.4456 	EXP 	LDT_prac_stim_text: autoDraw = True
29.1467 	EXP 	Device response: <KeyPress from None: t=29.140854900004342, value=a, duration=None>
29.1547 	EXP 	LDT_prac_fix_text: autoDraw = False
29.1547 	EXP 	LDT_prac_stim_text: autoDraw = False
29.1547 	EXP 	LDT_feedback_text: text = '정답입니다!'
29.1547 	EXP 	LDT_feedback_text: autoDraw = True
29.1552 	DATA 	Keypress: a
29.2467 	EXP 	Device response: <KeyPress from None: t=29.140854900004342, value=a, duration=0.09758609998971224>
30.1393 	EXP 	New trial (rep=0, index=4): <Trial 4 (4 in rep 0) data={'Task': 'LDT', 'TrialType': 'Practice', 'Stimuli': 'truck', 'CorrectResponse': 'l', 'StimulusType': 'word', 'thisN': 4, 'thisTrialN': 4, 'thisRepN': 0}>
30.1473 	EXP 	LDT_feedback_text: autoDraw = False
30.1473 	EXP 	LDT_feedback_text: autoDraw = False
30.1473 	EXP 	LDT_prac_stim_text: height = np.float64(0.1)
30.1473 	EXP 	LDT_prac_stim_text: height = np.float64(0.1)
30.1473 	EXP 	LDT_prac_stim_text: height = np.float64(0.1)
30.1473 	EXP 	LDT_prac_stim_text: text = 'truck'
30.1473 	EXP 	LDT_prac_fix_text: autoDraw = True
30.6395 	EXP 	LDT_prac_fix_text: autoDraw = False
30.6395 	EXP 	LDT_prac_stim_text: autoDraw = True
31.2405 	EXP 	Device response: <KeyPress from None: t=31.23671430000104, value=l, duration=None>
31.2486 	EXP 	LDT_prac_fix_text: autoDraw = False
31.2486 	EXP 	LDT_prac_stim_text: autoDraw = False
31.2486 	EXP 	LDT_feedback_text: text = '정답입니다!'
31.2486 	EXP 	LDT_feedback_text: autoDraw = True
31.2491 	DATA 	Keypress: l
31.3739 	EXP 	Device response: <KeyPress from None: t=31.23671430000104, value=l, duration=0.13661300000967458>
32.2331 	EXP 	New trial (rep=0, index=5): <Trial 5 (5 in rep 0) data={'Task': 'LDT', 'TrialType': 'Practice', 'Stimuli': 'lankua', 'CorrectResponse': 'a', 'StimulusType': 'nonword', 'thisN': 5, 'thisTrialN': 5, 'thisRepN': 0}>
32.2412 	EXP 	LDT_feedback_text: autoDraw = False
32.2412 	EXP 	LDT_feedback_text: autoDraw = False
32.2412 	EXP 	LDT_prac_stim_text: height = np.float64(0.1)
32.2412 	EXP 	LDT_prac_stim_text: height = np.float64(0.1)
32.2412 	EXP 	LDT_prac_stim_text: height = np.float64(0.1)
32.2412 	EXP 	LDT_prac_stim_text: text = 'lankua'
32.2412 	EXP 	LDT_prac_fix_text: autoDraw = True
32.7332 	EXP 	LDT_prac_fix_text: autoDraw = False
32.7332 	EXP 	LDT_prac_stim_text: autoDraw = True
33.4260 	EXP 	Device response: <KeyPress from None: t=33.42240049998509, value=a, duration=None>
33.4340 	EXP 	LDT_prac_fix_text: autoDraw = False
33.4340 	EXP 	LDT_prac_stim_text: autoDraw = False
33.4340 	EXP 	LDT_feedback_text: text = '정답입니다!'
33.4340 	EXP 	LDT_feedback_text: autoDraw = True
33.4345 	DATA 	Keypress: a
33.5678 	EXP 	Device response: <KeyPress from None: t=33.42240049998509, value=a, duration=0.14311140001518652>
34.4186 	EXP 	New trial (rep=0, index=6): <Trial 6 (6 in rep 0) data={'Task': 'LDT', 'TrialType': 'Practice', 'Stimuli': 'cluerk', 'CorrectResponse': 'a', 'StimulusType': 'nonword', 'thisN': 6, 'thisTrialN': 6, 'thisRepN': 0}>
34.4266 	EXP 	LDT_feedback_text: autoDraw = False
34.4266 	EXP 	LDT_feedback_text: autoDraw = False
34.4266 	EXP 	LDT_prac_stim_text: height = np.float64(0.1)
34.4266 	EXP 	LDT_prac_stim_text: height = np.float64(0.1)
34.4266 	EXP 	LDT_prac_stim_text: height = np.float64(0.1)
34.4266 	EXP 	LDT_prac_stim_text: text = 'cluerk'
34.4266 	EXP 	LDT_prac_fix_text: autoDraw = True
34.9188 	EXP 	LDT_prac_fix_text: autoDraw = False
34.9188 	EXP 	LDT_prac_stim_text: autoDraw = True
35.6781 	EXP 	Device response: <KeyPress from None: t=35.67678869998781, value=a, duration=None>
35.6863 	EXP 	LDT_prac_fix_text: autoDraw = False
35.6863 	EXP 	LDT_prac_stim_text: autoDraw = False
35.6863 	EXP 	LDT_feedback_text: text = '정답입니다!'
35.6863 	EXP 	LDT_feedback_text: autoDraw = True
35.6868 	DATA 	Keypress: a
35.8450 	EXP 	Device response: <KeyPress from None: t=35.67678869998781, value=a, duration=0.16026810003677383>
36.6708 	EXP 	New trial (rep=0, index=7): <Trial 7 (7 in rep 0) data={'Task': 'LDT', 'TrialType': 'Practice', 'Stimuli': 'baseball', 'CorrectResponse': 'l', 'StimulusType': 'word', 'thisN': 7, 'thisTrialN': 7, 'thisRepN': 0}>
36.6789 	EXP 	LDT_feedback_text: autoDraw = False
36.6789 	EXP 	LDT_feedback_text: autoDraw = False
36.6789 	EXP 	LDT_prac_stim_text: height = np.float64(0.1)
36.6789 	EXP 	LDT_prac_stim_text: height = np.float64(0.1)
36.6789 	EXP 	LDT_prac_stim_text: height = np.float64(0.1)
36.6789 	EXP 	LDT_prac_stim_text: text = 'baseball'
36.6789 	EXP 	LDT_prac_fix_text: autoDraw = True
37.1710 	EXP 	LDT_prac_fix_text: autoDraw = False
37.1710 	EXP 	LDT_prac_stim_text: autoDraw = True
37.9554 	EXP 	Device response: <KeyPress from None: t=37.94892840000102, value=l, duration=None>
37.9635 	EXP 	LDT_prac_fix_text: autoDraw = False
37.9635 	EXP 	LDT_prac_stim_text: autoDraw = False
37.9635 	EXP 	LDT_feedback_text: text = '정답입니다!'
37.9635 	EXP 	LDT_feedback_text: autoDraw = True
37.9640 	DATA 	Keypress: l
38.0972 	EXP 	Device response: <KeyPress from None: t=37.94892840000102, value=l, duration=0.1437959999893792>
38.9481 	EXP 	New trial (rep=0, index=8): <Trial 8 (8 in rep 0) data={'Task': 'LDT', 'TrialType': 'Practice', 'Stimuli': 'concept', 'CorrectResponse': 'l', 'StimulusType': 'word', 'thisN': 8, 'thisTrialN': 8, 'thisRepN': 0}>
38.9562 	EXP 	LDT_feedback_text: autoDraw = False
38.9562 	EXP 	LDT_feedback_text: autoDraw = False
38.9562 	EXP 	LDT_prac_stim_text: height = np.float64(0.1)
38.9562 	EXP 	LDT_prac_stim_text: height = np.float64(0.1)
38.9562 	EXP 	LDT_prac_stim_text: height = np.float64(0.1)
38.9562 	EXP 	LDT_prac_stim_text: text = 'concept'
38.9562 	EXP 	LDT_prac_fix_text: autoDraw = True
39.4483 	EXP 	LDT_prac_fix_text: autoDraw = False
39.4483 	EXP 	LDT_prac_stim_text: autoDraw = True
40.1159 	EXP 	Device response: <KeyPress from None: t=40.110545000003185, value=l, duration=None>
40.1240 	EXP 	LDT_prac_fix_text: autoDraw = False
40.1240 	EXP 	LDT_prac_stim_text: autoDraw = False
40.1240 	EXP 	LDT_feedback_text: text = '정답입니다!'
40.1240 	EXP 	LDT_feedback_text: autoDraw = True
40.1245 	DATA 	Keypress: l
40.2411 	EXP 	Device response: <KeyPress from None: t=40.110545000003185, value=l, duration=0.12676379998447374>
41.1085 	EXP 	New trial (rep=0, index=9): <Trial 9 (9 in rep 0) data={'Task': 'LDT', 'TrialType': 'Practice', 'Stimuli': 'jeong', 'CorrectResponse': 'a', 'StimulusType': 'nonword', 'thisN': 9, 'thisTrialN': 9, 'thisRepN': 0}>
41.1166 	EXP 	LDT_feedback_text: autoDraw = False
41.1166 	EXP 	LDT_feedback_text: autoDraw = False
41.1166 	EXP 	LDT_prac_stim_text: height = np.float64(0.1)
41.1166 	EXP 	LDT_prac_stim_text: height = np.float64(0.1)
41.1166 	EXP 	LDT_prac_stim_text: height = np.float64(0.1)
41.1166 	EXP 	LDT_prac_stim_text: text = 'jeong'
41.1166 	EXP 	LDT_prac_fix_text: autoDraw = True
41.6088 	EXP 	LDT_prac_fix_text: autoDraw = False
41.6088 	EXP 	LDT_prac_stim_text: autoDraw = True
42.4182 	EXP 	Device response: <KeyPress from None: t=42.41304280003533, value=a, duration=None>
42.4262 	EXP 	LDT_prac_fix_text: autoDraw = False
42.4262 	EXP 	LDT_prac_stim_text: autoDraw = False
42.4262 	EXP 	LDT_feedback_text: text = '정답입니다!'
42.4262 	EXP 	LDT_feedback_text: autoDraw = True
42.4268 	DATA 	Keypress: a
42.5433 	EXP 	Device response: <KeyPress from None: t=42.41304280003533, value=a, duration=0.1281149999704212>
43.4189 	EXP 	LDT_feedback_text: autoDraw = False
43.4189 	EXP 	LDT_feedback_text: autoDraw = False
43.4189 	EXP 	LDT_instr_text: autoDraw = True
49.3919 	EXP 	Device response: <KeyPress from None: t=49.38892689999193, value=space, duration=None>
49.4113 	EXP 	Imported LDT_Stim.xlsx as conditions, 222 conditions, 6 params
49.4123 	EXP 	New trial (rep=0, index=0): <Trial 0 (0 in rep 0) data={'Task': 'LDT', 'TrialType': 'Target', 'Stimuli': 'read', 'StimulusType': 'word', 'CorrectResponse': 'l', 'Trialnumb': 31, 'thisN': 0, 'thisTrialN': 0, 'thisRepN': 0}>
49.4250 	EXP 	LDT_instr_text: autoDraw = False
49.4250 	EXP 	LDT_stim_text: height = np.float64(0.1)
49.4250 	EXP 	LDT_stim_text: height = np.float64(0.1)
49.4250 	EXP 	LDT_stim_text: height = np.float64(0.1)
49.4250 	EXP 	LDT_stim_text: text = 'read'
49.4250 	EXP 	LDT_fix_text: autoDraw = True
49.4255 	DATA 	Keypress: space
49.5171 	EXP 	Device response: <KeyPress from None: t=49.38892689999193, value=space, duration=0.12782230001175776>
49.8838 	EXP 	LDT_stim_text: autoDraw = True
49.9170 	EXP 	LDT_fix_text: autoDraw = False
50.6430 	EXP 	Device response: <KeyPress from None: t=50.63705530000152, value=l, duration=None>
50.6433 	EXP 	New trial (rep=0, index=1): <Trial 1 (1 in rep 0) data={'Task': 'LDT', 'TrialType': 'Target', 'Stimuli': 'stop', 'StimulusType': 'word', 'CorrectResponse': 'l', 'Trialnumb': 44, 'thisN': 1, 'thisTrialN': 1, 'thisRepN': 0}>
50.6511 	EXP 	LDT_fix_text: autoDraw = False
50.6511 	EXP 	LDT_stim_text: autoDraw = False
50.6511 	EXP 	LDT_break_text: autoDraw = False
50.6511 	EXP 	LDT_stim_text: height = np.float64(0.1)
50.6511 	EXP 	LDT_stim_text: height = np.float64(0.1)
50.6511 	EXP 	LDT_stim_text: height = np.float64(0.1)
50.6511 	EXP 	LDT_stim_text: text = 'stop'
50.6511 	EXP 	LDT_fix_text: autoDraw = True
50.6516 	DATA 	Keypress: l
50.7599 	EXP 	Device response: <KeyPress from None: t=50.63705530000152, value=l, duration=0.12009759998181835>
51.1349 	EXP 	LDT_stim_text: autoDraw = True
51.1433 	EXP 	LDT_fix_text: autoDraw = False
51.7025 	EXP 	Device response: <KeyPress from None: t=51.70099730003858, value=l, duration=None>
51.7028 	EXP 	New trial (rep=0, index=2): <Trial 2 (2 in rep 0) data={'Task': 'LDT', 'TrialType': 'Target', 'Stimuli': 'gead', 'StimulusType': 'nonword', 'CorrectResponse': 'a', 'Trialnumb': 145, 'thisN': 2, 'thisTrialN': 2, 'thisRepN': 0}>
51.7106 	EXP 	LDT_fix_text: autoDraw = False
51.7106 	EXP 	LDT_stim_text: autoDraw = False
51.7106 	EXP 	LDT_break_text: autoDraw = False
51.7106 	EXP 	LDT_stim_text: height = np.float64(0.1)
51.7106 	EXP 	LDT_stim_text: height = np.float64(0.1)
51.7106 	EXP 	LDT_stim_text: height = np.float64(0.1)
51.7106 	EXP 	LDT_stim_text: text = 'gead'
51.7106 	EXP 	LDT_fix_text: autoDraw = True
51.7110 	DATA 	Keypress: l
51.8359 	EXP 	Device response: <KeyPress from None: t=51.70099730003858, value=l, duration=0.12848559999838471>
52.1943 	EXP 	LDT_stim_text: autoDraw = True
52.2026 	EXP 	LDT_fix_text: autoDraw = False
52.9288 	EXP 	Device response: <KeyPress from None: t=52.92495140002575, value=a, duration=None>
52.9290 	EXP 	New trial (rep=0, index=3): <Trial 3 (3 in rep 0) data={'Task': 'LDT', 'TrialType': 'Target', 'Stimuli': 'pay', 'StimulusType': 'word', 'CorrectResponse': 'l', 'Trialnumb': 42, 'thisN': 3, 'thisTrialN': 3, 'thisRepN': 0}>
52.9367 	EXP 	LDT_fix_text: autoDraw = False
52.9367 	EXP 	LDT_stim_text: autoDraw = False
52.9367 	EXP 	LDT_break_text: autoDraw = False
52.9367 	EXP 	LDT_stim_text: height = np.float64(0.1)
52.9367 	EXP 	LDT_stim_text: height = np.float64(0.1)
52.9367 	EXP 	LDT_stim_text: height = np.float64(0.1)
52.9367 	EXP 	LDT_stim_text: text = 'pay'
52.9367 	EXP 	LDT_fix_text: autoDraw = True
52.9372 	DATA 	Keypress: a
53.0371 	EXP 	Device response: <KeyPress from None: t=52.92495140002575, value=a, duration=0.11171669996110722>
53.4205 	EXP 	LDT_stim_text: autoDraw = True
53.4289 	EXP 	LDT_fix_text: autoDraw = False
53.9631 	EXP 	Device response: <KeyPress from None: t=53.95757269999012, value=l, duration=None>
53.9633 	EXP 	New trial (rep=0, index=4): <Trial 4 (4 in rep 0) data={'Task': 'LDT', 'TrialType': 'Target', 'Stimuli': 'mina', 'StimulusType': 'nonword', 'CorrectResponse': 'a', 'Trialnumb': 173, 'thisN': 4, 'thisTrialN': 4, 'thisRepN': 0}>
53.9711 	EXP 	LDT_fix_text: autoDraw = False
53.9711 	EXP 	LDT_stim_text: autoDraw = False
53.9711 	EXP 	LDT_break_text: autoDraw = False
53.9711 	EXP 	LDT_stim_text: height = np.float64(0.1)
53.9711 	EXP 	LDT_stim_text: height = np.float64(0.1)
53.9711 	EXP 	LDT_stim_text: height = np.float64(0.1)
53.9711 	EXP 	LDT_stim_text: text = 'mina'
53.9711 	EXP 	LDT_fix_text: autoDraw = True
53.9717 	DATA 	Keypress: l
54.0882 	EXP 	Device response: <KeyPress from None: t=53.95757269999012, value=l, duration=0.12727320002159104>
54.4549 	EXP 	LDT_stim_text: autoDraw = True
54.4634 	EXP 	LDT_fix_text: autoDraw = False
55.1143 	EXP 	Device response: <KeyPress from None: t=55.1090560000157, value=a, duration=None>
55.1146 	EXP 	New trial (rep=0, index=5): <Trial 5 (5 in rep 0) data={'Task': 'LDT', 'TrialType': 'Target', 'Stimuli': 'gaft', 'StimulusType': 'nonword', 'CorrectResponse': 'a', 'Trialnumb': 144, 'thisN': 5, 'thisTrialN': 5, 'thisRepN': 0}>
55.1223 	EXP 	LDT_fix_text: autoDraw = False
55.1223 	EXP 	LDT_stim_text: autoDraw = False
55.1223 	EXP 	LDT_break_text: autoDraw = False
55.1223 	EXP 	LDT_stim_text: height = np.float64(0.1)
55.1223 	EXP 	LDT_stim_text: height = np.float64(0.1)
55.1223 	EXP 	LDT_stim_text: height = np.float64(0.1)
55.1223 	EXP 	LDT_stim_text: text = 'gaft'
55.1223 	EXP 	LDT_fix_text: autoDraw = True
55.1228 	DATA 	Keypress: a
55.2310 	EXP 	Device response: <KeyPress from None: t=55.1090560000157, value=a, duration=0.11986540001817048>
55.6060 	EXP 	LDT_stim_text: autoDraw = True
55.6145 	EXP 	LDT_fix_text: autoDraw = False
56.3572 	EXP 	Device response: <KeyPress from None: t=56.35692480002763, value=a, duration=None>
56.3575 	EXP 	New trial (rep=0, index=6): <Trial 6 (6 in rep 0) data={'Task': 'LDT', 'TrialType': 'Target', 'Stimuli': 'vour', 'StimulusType': 'nonword', 'CorrectResponse': 'a', 'Trialnumb': 214, 'thisN': 6, 'thisTrialN': 6, 'thisRepN': 0}>
56.3654 	EXP 	LDT_fix_text: autoDraw = False
56.3654 	EXP 	LDT_stim_text: autoDraw = False
56.3654 	EXP 	LDT_break_text: autoDraw = False
56.3654 	EXP 	LDT_stim_text: height = np.float64(0.1)
56.3654 	EXP 	LDT_stim_text: height = np.float64(0.1)
56.3654 	EXP 	LDT_stim_text: height = np.float64(0.1)
56.3654 	EXP 	LDT_stim_text: text = 'vour'
56.3654 	EXP 	LDT_fix_text: autoDraw = True
56.3660 	DATA 	Keypress: a
56.4740 	EXP 	Device response: <KeyPress from None: t=56.35692480002763, value=a, duration=0.11186669999733567>
56.8489 	EXP 	LDT_stim_text: autoDraw = True
56.8573 	EXP 	LDT_fix_text: autoDraw = False
57.8837 	EXP 	Device response: <KeyPress from None: t=57.877442500030156, value=a, duration=None>
57.8840 	EXP 	New trial (rep=0, index=7): <Trial 7 (7 in rep 0) data={'Task': 'LDT', 'TrialType': 'Target', 'Stimuli': 'rees', 'StimulusType': 'nonword', 'CorrectResponse': 'a', 'Trialnumb': 184, 'thisN': 7, 'thisTrialN': 7, 'thisRepN': 0}>
57.8917 	EXP 	LDT_fix_text: autoDraw = False
57.8917 	EXP 	LDT_stim_text: autoDraw = False
57.8917 	EXP 	LDT_break_text: autoDraw = False
57.8917 	EXP 	LDT_stim_text: height = np.float64(0.1)
57.8917 	EXP 	LDT_stim_text: height = np.float64(0.1)
57.8917 	EXP 	LDT_stim_text: height = np.float64(0.1)
57.8917 	EXP 	LDT_stim_text: text = 'rees'
57.8917 	EXP 	LDT_fix_text: autoDraw = True
57.8923 	DATA 	Keypress: a
58.0171 	EXP 	Device response: <KeyPress from None: t=57.877442500030156, value=a, duration=0.13613569998415187>
58.3756 	EXP 	LDT_stim_text: autoDraw = True
58.3838 	EXP 	LDT_fix_text: autoDraw = False
59.1432 	EXP 	Device response: <KeyPress from None: t=59.14183929999126, value=a, duration=None>
59.1435 	EXP 	New trial (rep=0, index=8): <Trial 8 (8 in rep 0) data={'Task': 'LDT', 'TrialType': 'Target', 'Stimuli': 'dry', 'StimulusType': 'word', 'CorrectResponse': 'l', 'Trialnumb': 77, 'thisN': 8, 'thisTrialN': 8, 'thisRepN': 0}>
59.1513 	EXP 	LDT_fix_text: autoDraw = False
59.1513 	EXP 	LDT_stim_text: autoDraw = False
59.1513 	EXP 	LDT_break_text: autoDraw = False
59.1513 	EXP 	LDT_stim_text: height = np.float64(0.1)
59.1513 	EXP 	LDT_stim_text: height = np.float64(0.1)
59.1513 	EXP 	LDT_stim_text: height = np.float64(0.1)
59.1513 	EXP 	LDT_stim_text: text = 'dry'
59.1513 	EXP 	LDT_fix_text: autoDraw = True
59.1519 	DATA 	Keypress: a
59.2516 	EXP 	Device response: <KeyPress from None: t=59.14183929999126, value=a, duration=0.10303610004484653>
59.6351 	EXP 	LDT_stim_text: autoDraw = True
59.6434 	EXP 	LDT_fix_text: autoDraw = False
60.2193 	EXP 	Device response: <KeyPress from None: t=60.213375099992845, value=l, duration=None>
60.2195 	EXP 	New trial (rep=0, index=9): <Trial 9 (9 in rep 0) data={'Task': 'LDT', 'TrialType': 'Target', 'Stimuli': 'week', 'StimulusType': 'word', 'CorrectResponse': 'l', 'Trialnumb': 28, 'thisN': 9, 'thisTrialN': 9, 'thisRepN': 0}>
60.2273 	EXP 	LDT_fix_text: autoDraw = False
60.2273 	EXP 	LDT_stim_text: autoDraw = False
60.2273 	EXP 	LDT_break_text: autoDraw = False
60.2273 	EXP 	LDT_stim_text: height = np.float64(0.1)
60.2273 	EXP 	LDT_stim_text: height = np.float64(0.1)
60.2273 	EXP 	LDT_stim_text: height = np.float64(0.1)
60.2273 	EXP 	LDT_stim_text: text = 'week'
60.2273 	EXP 	LDT_fix_text: autoDraw = True
60.2278 	DATA 	Keypress: l
60.3444 	EXP 	Device response: <KeyPress from None: t=60.213375099992845, value=l, duration=0.1277562000323087>
60.7112 	EXP 	LDT_stim_text: autoDraw = True
60.7195 	EXP 	LDT_fix_text: autoDraw = False
61.2203 	EXP 	Device response: <KeyPress from None: t=61.21278890001122, value=l, duration=None>
61.2205 	EXP 	New trial (rep=0, index=10): <Trial 10 (10 in rep 0) data={'Task': 'LDT', 'TrialType': 'Target', 'Stimuli': 'group', 'StimulusType': 'word', 'CorrectResponse': 'l', 'Trialnumb': 20, 'thisN': 10, 'thisTrialN': 10, 'thisRepN': 0}>
61.2283 	EXP 	LDT_fix_text: autoDraw = False
61.2283 	EXP 	LDT_stim_text: autoDraw = False
61.2283 	EXP 	LDT_break_text: autoDraw = False
61.2283 	EXP 	LDT_stim_text: height = np.float64(0.1)
61.2283 	EXP 	LDT_stim_text: height = np.float64(0.1)
61.2283 	EXP 	LDT_stim_text: height = np.float64(0.1)
61.2283 	EXP 	LDT_stim_text: text = 'group'
61.2283 	EXP 	LDT_fix_text: autoDraw = True
61.2289 	DATA 	Keypress: l
61.3454 	EXP 	Device response: <KeyPress from None: t=61.21278890001122, value=l, duration=0.12787859997479245>
61.7121 	EXP 	LDT_stim_text: autoDraw = True
61.7205 	EXP 	LDT_fix_text: autoDraw = False
62.2129 	EXP 	Device response: <KeyPress from None: t=62.20488000003388, value=l, duration=None>
62.2132 	EXP 	New trial (rep=0, index=11): <Trial 11 (11 in rep 0) data={'Task': 'LDT', 'TrialType': 'Target', 'Stimuli': 'buy', 'StimulusType': 'word', 'CorrectResponse': 'l', 'Trialnumb': 25, 'thisN': 11, 'thisTrialN': 11, 'thisRepN': 0}>
62.2210 	EXP 	LDT_fix_text: autoDraw = False
62.2210 	EXP 	LDT_stim_text: autoDraw = False
62.2210 	EXP 	LDT_break_text: autoDraw = False
62.2210 	EXP 	LDT_stim_text: height = np.float64(0.1)
62.2210 	EXP 	LDT_stim_text: height = np.float64(0.1)
62.2210 	EXP 	LDT_stim_text: height = np.float64(0.1)
62.2210 	EXP 	LDT_stim_text: text = 'buy'
62.2210 	EXP 	LDT_fix_text: autoDraw = True
62.2216 	DATA 	Keypress: l
62.3381 	EXP 	Device response: <KeyPress from None: t=62.20488000003388, value=l, duration=0.12879180000163615>
62.7048 	EXP 	LDT_stim_text: autoDraw = True
62.7131 	EXP 	LDT_fix_text: autoDraw = False
63.2057 	EXP 	Device response: <KeyPress from None: t=63.20522649999475, value=l, duration=None>
63.2059 	EXP 	New trial (rep=0, index=12): <Trial 12 (12 in rep 0) data={'Task': 'LDT', 'TrialType': 'Target', 'Stimuli': 'shoa', 'StimulusType': 'nonword', 'CorrectResponse': 'a', 'Trialnumb': 191, 'thisN': 12, 'thisTrialN': 12, 'thisRepN': 0}>
63.2136 	EXP 	LDT_fix_text: autoDraw = False
63.2136 	EXP 	LDT_stim_text: autoDraw = False
63.2136 	EXP 	LDT_break_text: autoDraw = False
63.2136 	EXP 	LDT_stim_text: height = np.float64(0.1)
63.2136 	EXP 	LDT_stim_text: height = np.float64(0.1)
63.2136 	EXP 	LDT_stim_text: height = np.float64(0.1)
63.2136 	EXP 	LDT_stim_text: text = 'shoa'
63.2136 	EXP 	LDT_fix_text: autoDraw = True
63.2142 	DATA 	Keypress: l
63.3308 	EXP 	Device response: <KeyPress from None: t=63.20522649999475, value=l, duration=0.12020010000560433>
63.6974 	EXP 	LDT_stim_text: autoDraw = True
63.7058 	EXP 	LDT_fix_text: autoDraw = False
64.3901 	EXP 	Device response: <KeyPress from None: t=64.38875720003853, value=a, duration=None>
64.3904 	EXP 	New trial (rep=0, index=13): <Trial 13 (13 in rep 0) data={'Task': 'LDT', 'TrialType': 'Target', 'Stimuli': 'hold', 'StimulusType': 'word', 'CorrectResponse': 'l', 'Trialnumb': 54, 'thisN': 13, 'thisTrialN': 13, 'thisRepN': 0}>
64.3982 	EXP 	LDT_fix_text: autoDraw = False
64.3982 	EXP 	LDT_stim_text: autoDraw = False
64.3982 	EXP 	LDT_break_text: autoDraw = False
64.3982 	EXP 	LDT_stim_text: height = np.float64(0.1)
64.3982 	EXP 	LDT_stim_text: height = np.float64(0.1)
64.3982 	EXP 	LDT_stim_text: height = np.float64(0.1)
64.3982 	EXP 	LDT_stim_text: text = 'hold'
64.3982 	EXP 	LDT_fix_text: autoDraw = True
64.3987 	DATA 	Keypress: a
64.5237 	EXP 	Device response: <KeyPress from None: t=64.38875720003853, value=a, duration=0.12832149997120723>
64.8820 	EXP 	LDT_stim_text: autoDraw = True
64.8903 	EXP 	LDT_fix_text: autoDraw = False
65.4496 	EXP 	Device response: <KeyPress from None: t=65.44515510002384, value=l, duration=None>
65.4498 	EXP 	New trial (rep=0, index=14): <Trial 14 (14 in rep 0) data={'Task': 'LDT', 'TrialType': 'Target', 'Stimuli': 'down', 'StimulusType': 'word', 'CorrectResponse': 'l', 'Trialnumb': 9, 'thisN': 14, 'thisTrialN': 14, 'thisRepN': 0}>
65.4576 	EXP 	LDT_fix_text: autoDraw = False
65.4576 	EXP 	LDT_stim_text: autoDraw = False
65.4576 	EXP 	LDT_break_text: autoDraw = False
65.4576 	EXP 	LDT_stim_text: height = np.float64(0.1)
65.4576 	EXP 	LDT_stim_text: height = np.float64(0.1)
65.4576 	EXP 	LDT_stim_text: height = np.float64(0.1)
65.4576 	EXP 	LDT_stim_text: text = 'down'
65.4576 	EXP 	LDT_fix_text: autoDraw = True
65.4581 	DATA 	Keypress: l
65.5915 	EXP 	Device response: <KeyPress from None: t=65.44515510002384, value=l, duration=0.14450150000629947>
65.9413 	EXP 	LDT_stim_text: autoDraw = True
65.9497 	EXP 	LDT_fix_text: autoDraw = False
66.5172 	EXP 	Device response: <KeyPress from None: t=66.50895680004032, value=l, duration=None>
66.5175 	EXP 	New trial (rep=0, index=15): <Trial 15 (15 in rep 0) data={'Task': 'LDT', 'TrialType': 'Target', 'Stimuli': 'sarry', 'StimulusType': 'nonword', 'CorrectResponse': 'a', 'Trialnumb': 186, 'thisN': 15, 'thisTrialN': 15, 'thisRepN': 0}>
66.5188 	DATA 	Keypress: l
66.5253 	EXP 	LDT_fix_text: autoDraw = False
66.5253 	EXP 	LDT_stim_text: autoDraw = False
66.5253 	EXP 	LDT_break_text: autoDraw = False
66.5253 	EXP 	LDT_stim_text: height = np.float64(0.1)
66.5253 	EXP 	LDT_stim_text: height = np.float64(0.1)
66.5253 	EXP 	LDT_stim_text: height = np.float64(0.1)
66.5253 	EXP 	LDT_stim_text: text = 'sarry'
66.5253 	EXP 	LDT_fix_text: autoDraw = True
66.6340 	EXP 	Device response: <KeyPress from None: t=66.50895680004032, value=l, duration=0.12022909999359399>
67.0092 	EXP 	LDT_stim_text: autoDraw = True
67.0175 	EXP 	LDT_fix_text: autoDraw = False
67.6434 	EXP 	Device response: <KeyPress from None: t=67.63771660003113, value=a, duration=None>
67.6436 	EXP 	New trial (rep=0, index=16): <Trial 16 (16 in rep 0) data={'Task': 'LDT', 'TrialType': 'Target', 'Stimuli': 'spin', 'StimulusType': 'word', 'CorrectResponse': 'l', 'Trialnumb': 107, 'thisN': 16, 'thisTrialN': 16, 'thisRepN': 0}>
67.6514 	EXP 	LDT_fix_text: autoDraw = False
67.6514 	EXP 	LDT_stim_text: autoDraw = False
67.6514 	EXP 	LDT_break_text: autoDraw = False
67.6514 	EXP 	LDT_stim_text: height = np.float64(0.1)
67.6514 	EXP 	LDT_stim_text: height = np.float64(0.1)
67.6514 	EXP 	LDT_stim_text: height = np.float64(0.1)
67.6514 	EXP 	LDT_stim_text: text = 'spin'
67.6514 	EXP 	LDT_fix_text: autoDraw = True
67.6518 	DATA 	Keypress: a
67.7685 	EXP 	Device response: <KeyPress from None: t=67.63771660003113, value=a, duration=0.12711800000397488>
68.1352 	EXP 	LDT_stim_text: autoDraw = True
68.1435 	EXP 	LDT_fix_text: autoDraw = False
68.8362 	EXP 	Device response: <KeyPress from None: t=68.82883509999374, value=l, duration=None>
68.8365 	EXP 	New trial (rep=0, index=17): <Trial 17 (17 in rep 0) data={'Task': 'LDT', 'TrialType': 'Target', 'Stimuli': 'plue', 'StimulusType': 'nonword', 'CorrectResponse': 'a', 'Trialnumb': 181, 'thisN': 17, 'thisTrialN': 17, 'thisRepN': 0}>
68.8442 	EXP 	LDT_fix_text: autoDraw = False
68.8442 	EXP 	LDT_stim_text: autoDraw = False
68.8442 	EXP 	LDT_break_text: autoDraw = False
68.8442 	EXP 	LDT_stim_text: height = np.float64(0.1)
68.8442 	EXP 	LDT_stim_text: height = np.float64(0.1)
68.8442 	EXP 	LDT_stim_text: height = np.float64(0.1)
68.8442 	EXP 	LDT_stim_text: text = 'plue'
68.8442 	EXP 	LDT_fix_text: autoDraw = True
68.8448 	DATA 	Keypress: l
68.9613 	EXP 	Device response: <KeyPress from None: t=68.82883509999374, value=l, duration=0.12908969999989495>
69.3280 	EXP 	LDT_stim_text: autoDraw = True
69.3364 	EXP 	LDT_fix_text: autoDraw = False
70.0875 	EXP 	Device response: <KeyPress from None: t=70.08509760000743, value=a, duration=None>
70.0877 	EXP 	New trial (rep=0, index=18): <Trial 18 (18 in rep 0) data={'Task': 'LDT', 'TrialType': 'Target', 'Stimuli': 'fall', 'StimulusType': 'word', 'CorrectResponse': 'l', 'Trialnumb': 62, 'thisN': 18, 'thisTrialN': 18, 'thisRepN': 0}>
70.0955 	EXP 	LDT_fix_text: autoDraw = False
70.0955 	EXP 	LDT_stim_text: autoDraw = False
70.0955 	EXP 	LDT_break_text: autoDraw = False
70.0955 	EXP 	LDT_stim_text: height = np.float64(0.1)
70.0955 	EXP 	LDT_stim_text: height = np.float64(0.1)
70.0955 	EXP 	LDT_stim_text: height = np.float64(0.1)
70.0955 	EXP 	LDT_stim_text: text = 'fall'
70.0955 	EXP 	LDT_fix_text: autoDraw = True
70.0960 	DATA 	Keypress: a
70.2210 	EXP 	Device response: <KeyPress from None: t=70.08509760000743, value=a, duration=0.12799760000780225>
70.5793 	EXP 	LDT_stim_text: autoDraw = True
70.5876 	EXP 	LDT_fix_text: autoDraw = False
71.2138 	EXP 	Device response: <KeyPress from None: t=71.21345330000622, value=l, duration=None>
71.2221 	EXP 	New trial (rep=0, index=19): <Trial 19 (19 in rep 0) data={'Task': 'LDT', 'TrialType': 'Target', 'Stimuli': 'club', 'StimulusType': 'word', 'CorrectResponse': 'l', 'Trialnumb': 64, 'thisN': 19, 'thisTrialN': 19, 'thisRepN': 0}>
71.2234 	DATA 	Keypress: l
71.2300 	EXP 	LDT_fix_text: autoDraw = False
71.2300 	EXP 	LDT_stim_text: autoDraw = False
71.2300 	EXP 	LDT_break_text: autoDraw = False
71.2300 	EXP 	LDT_stim_text: height = np.float64(0.1)
71.2300 	EXP 	LDT_stim_text: height = np.float64(0.1)
71.2300 	EXP 	LDT_stim_text: height = np.float64(0.1)
71.2300 	EXP 	LDT_stim_text: text = 'club'
71.2300 	EXP 	LDT_fix_text: autoDraw = True
71.3303 	EXP 	Device response: <KeyPress from None: t=71.21345330000622, value=l, duration=0.11207149998517707>
71.7138 	EXP 	LDT_stim_text: autoDraw = True
71.7221 	EXP 	LDT_fix_text: autoDraw = False
72.2731 	EXP 	Device response: <KeyPress from None: t=72.26891690003686, value=l, duration=None>
72.2734 	EXP 	New trial (rep=0, index=20): <Trial 20 (20 in rep 0) data={'Task': 'LDT', 'TrialType': 'Target', 'Stimuli': 'cled', 'StimulusType': 'nonword', 'CorrectResponse': 'a', 'Trialnumb': 130, 'thisN': 20, 'thisTrialN': 20, 'thisRepN': 0}>
72.2811 	EXP 	LDT_fix_text: autoDraw = False
72.2811 	EXP 	LDT_stim_text: autoDraw = False
72.2811 	EXP 	LDT_break_text: autoDraw = False
72.2811 	EXP 	LDT_stim_text: height = np.float64(0.1)
72.2811 	EXP 	LDT_stim_text: height = np.float64(0.1)
72.2811 	EXP 	LDT_stim_text: height = np.float64(0.1)
72.2811 	EXP 	LDT_stim_text: text = 'cled'
72.2811 	EXP 	LDT_fix_text: autoDraw = True
72.2816 	DATA 	Keypress: l
72.3813 	EXP 	Device response: <KeyPress from None: t=72.26891690003686, value=l, duration=0.10448029998224229>
72.7648 	EXP 	LDT_stim_text: autoDraw = True
72.7732 	EXP 	LDT_fix_text: autoDraw = False
73.3573 	EXP 	Device response: <KeyPress from None: t=73.34948360000271, value=a, duration=None>
73.3576 	EXP 	New trial (rep=0, index=21): <Trial 21 (21 in rep 0) data={'Task': 'LDT', 'TrialType': 'Target', 'Stimuli': 'hide', 'StimulusType': 'word', 'CorrectResponse': 'l', 'Trialnumb': 68, 'thisN': 21, 'thisTrialN': 21, 'thisRepN': 0}>
73.3655 	EXP 	LDT_fix_text: autoDraw = False
73.3655 	EXP 	LDT_stim_text: autoDraw = False
73.3655 	EXP 	LDT_break_text: autoDraw = False
73.3655 	EXP 	LDT_stim_text: height = np.float64(0.1)
73.3655 	EXP 	LDT_stim_text: height = np.float64(0.1)
73.3655 	EXP 	LDT_stim_text: height = np.float64(0.1)
73.3655 	EXP 	LDT_stim_text: text = 'hide'
73.3655 	EXP 	LDT_fix_text: autoDraw = True
73.3660 	DATA 	Keypress: a
73.4492 	EXP 	Device response: <KeyPress from None: t=73.34948360000271, value=a, duration=0.09575420001056045>
73.8492 	EXP 	LDT_stim_text: autoDraw = True
73.8576 	EXP 	LDT_fix_text: autoDraw = False
74.4501 	EXP 	Device response: <KeyPress from None: t=74.44560989999445, value=l, duration=None>
74.4504 	EXP 	New trial (rep=0, index=22): <Trial 22 (22 in rep 0) data={'Task': 'LDT', 'TrialType': 'Target', 'Stimuli': 'ranny', 'StimulusType': 'nonword', 'CorrectResponse': 'a', 'Trialnumb': 114, 'thisN': 22, 'thisTrialN': 22, 'thisRepN': 0}>
74.4582 	EXP 	LDT_fix_text: autoDraw = False
74.4582 	EXP 	LDT_stim_text: autoDraw = False
74.4582 	EXP 	LDT_break_text: autoDraw = False
74.4582 	EXP 	LDT_stim_text: height = np.float64(0.1)
74.4582 	EXP 	LDT_stim_text: height = np.float64(0.1)
74.4582 	EXP 	LDT_stim_text: height = np.float64(0.1)
74.4582 	EXP 	LDT_stim_text: text = 'ranny'
74.4582 	EXP 	LDT_fix_text: autoDraw = True
74.4588 	DATA 	Keypress: l
74.5669 	EXP 	Device response: <KeyPress from None: t=74.44560989999445, value=l, duration=0.12077620002673939>
74.9420 	EXP 	LDT_stim_text: autoDraw = True
74.9503 	EXP 	LDT_fix_text: autoDraw = False
75.6013 	EXP 	Device response: <KeyPress from None: t=75.59674910001922, value=a, duration=None>
75.6016 	EXP 	New trial (rep=0, index=23): <Trial 23 (23 in rep 0) data={'Task': 'LDT', 'TrialType': 'Target', 'Stimuli': 'spum', 'StimulusType': 'nonword', 'CorrectResponse': 'a', 'Trialnumb': 198, 'thisN': 23, 'thisTrialN': 23, 'thisRepN': 0}>
75.6094 	EXP 	LDT_fix_text: autoDraw = False
75.6094 	EXP 	LDT_stim_text: autoDraw = False
75.6094 	EXP 	LDT_break_text: autoDraw = False
75.6094 	EXP 	LDT_stim_text: height = np.float64(0.1)
75.6094 	EXP 	LDT_stim_text: height = np.float64(0.1)
75.6094 	EXP 	LDT_stim_text: height = np.float64(0.1)
75.6094 	EXP 	LDT_stim_text: text = 'spum'
75.6094 	EXP 	LDT_fix_text: autoDraw = True
75.6100 	DATA 	Keypress: a
75.7180 	EXP 	Device response: <KeyPress from None: t=75.59674910001922, value=a, duration=0.119925000006333>
76.0933 	EXP 	LDT_stim_text: autoDraw = True
76.1015 	EXP 	LDT_fix_text: autoDraw = False
76.7691 	EXP 	Device response: <KeyPress from None: t=76.7664242000319, value=a, duration=None>
76.7694 	EXP 	New trial (rep=0, index=24): <Trial 24 (24 in rep 0) data={'Task': 'LDT', 'TrialType': 'Target', 'Stimuli': 'kild', 'StimulusType': 'nonword', 'CorrectResponse': 'a', 'Trialnumb': 165, 'thisN': 24, 'thisTrialN': 24, 'thisRepN': 0}>
76.7771 	EXP 	LDT_fix_text: autoDraw = False
76.7771 	EXP 	LDT_stim_text: autoDraw = False
76.7771 	EXP 	LDT_break_text: autoDraw = False
76.7771 	EXP 	LDT_stim_text: height = np.float64(0.1)
76.7771 	EXP 	LDT_stim_text: height = np.float64(0.1)
76.7771 	EXP 	LDT_stim_text: height = np.float64(0.1)
76.7771 	EXP 	LDT_stim_text: text = 'kild'
76.7771 	EXP 	LDT_fix_text: autoDraw = True
76.7777 	DATA 	Keypress: a
76.9026 	EXP 	Device response: <KeyPress from None: t=76.7664242000319, value=a, duration=0.13511959998868406>
77.2609 	EXP 	LDT_stim_text: autoDraw = True
77.2693 	EXP 	LDT_fix_text: autoDraw = False
78.0120 	EXP 	Device response: <KeyPress from None: t=78.00499960000161, value=a, duration=None>
78.0122 	EXP 	New trial (rep=0, index=25): <Trial 25 (25 in rep 0) data={'Task': 'LDT', 'TrialType': 'Target', 'Stimuli': 'toop', 'StimulusType': 'nonword', 'CorrectResponse': 'a', 'Trialnumb': 204, 'thisN': 25, 'thisTrialN': 25, 'thisRepN': 0}>
78.0201 	EXP 	LDT_fix_text: autoDraw = False
78.0201 	EXP 	LDT_stim_text: autoDraw = False
78.0201 	EXP 	LDT_break_text: autoDraw = False
78.0201 	EXP 	LDT_stim_text: height = np.float64(0.1)
78.0201 	EXP 	LDT_stim_text: height = np.float64(0.1)
78.0201 	EXP 	LDT_stim_text: height = np.float64(0.1)
78.0201 	EXP 	LDT_stim_text: text = 'toop'
78.0201 	EXP 	LDT_fix_text: autoDraw = True
78.0207 	DATA 	Keypress: a
78.1622 	EXP 	Device response: <KeyPress from None: t=78.00499960000161, value=a, duration=0.15205089998198673>
78.5038 	EXP 	LDT_stim_text: autoDraw = True
78.5122 	EXP 	LDT_fix_text: autoDraw = False
79.2716 	EXP 	Device response: <KeyPress from None: t=79.26926279999316, value=a, duration=None>
79.2719 	EXP 	New trial (rep=0, index=26): <Trial 26 (26 in rep 0) data={'Task': 'LDT', 'TrialType': 'Target', 'Stimuli': 'art', 'StimulusType': 'word', 'CorrectResponse': 'l', 'Trialnumb': 15, 'thisN': 26, 'thisTrialN': 26, 'thisRepN': 0}>
79.2796 	EXP 	LDT_fix_text: autoDraw = False
79.2796 	EXP 	LDT_stim_text: autoDraw = False
79.2796 	EXP 	LDT_break_text: autoDraw = False
79.2796 	EXP 	LDT_stim_text: height = np.float64(0.1)
79.2796 	EXP 	LDT_stim_text: height = np.float64(0.1)
79.2796 	EXP 	LDT_stim_text: height = np.float64(0.1)
79.2796 	EXP 	LDT_stim_text: text = 'art'
79.2796 	EXP 	LDT_fix_text: autoDraw = True
79.2802 	DATA 	Keypress: a
79.4384 	EXP 	Device response: <KeyPress from None: t=79.26926279999316, value=a, duration=0.161582000029739>
79.7635 	EXP 	LDT_stim_text: autoDraw = True
79.7718 	EXP 	LDT_fix_text: autoDraw = False
80.5812 	EXP 	Device response: <KeyPress from None: t=80.58070699998643, value=l, duration=None>
80.5815 	EXP 	New trial (rep=0, index=27): <Trial 27 (27 in rep 0) data={'Task': 'LDT', 'TrialType': 'Target', 'Stimuli': 'warm', 'StimulusType': 'word', 'CorrectResponse': 'l', 'Trialnumb': 60, 'thisN': 27, 'thisTrialN': 27, 'thisRepN': 0}>
80.5893 	EXP 	LDT_fix_text: autoDraw = False
80.5893 	EXP 	LDT_stim_text: autoDraw = False
80.5893 	EXP 	LDT_break_text: autoDraw = False
80.5893 	EXP 	LDT_stim_text: height = np.float64(0.1)
80.5893 	EXP 	LDT_stim_text: height = np.float64(0.1)
80.5893 	EXP 	LDT_stim_text: height = np.float64(0.1)
80.5893 	EXP 	LDT_stim_text: text = 'warm'
80.5893 	EXP 	LDT_fix_text: autoDraw = True
80.5898 	DATA 	Keypress: l
80.7231 	EXP 	Device response: <KeyPress from None: t=80.58070699998643, value=l, duration=0.13617420004447922>
81.0731 	EXP 	LDT_stim_text: autoDraw = True
81.0815 	EXP 	LDT_fix_text: autoDraw = False
81.8074 	EXP 	Device response: <KeyPress from None: t=81.80471250001574, value=l, duration=None>
81.8077 	EXP 	New trial (rep=0, index=28): <Trial 28 (28 in rep 0) data={'Task': 'LDT', 'TrialType': 'Target', 'Stimuli': 'music', 'StimulusType': 'word', 'CorrectResponse': 'l', 'Trialnumb': 13, 'thisN': 28, 'thisTrialN': 28, 'thisRepN': 0}>
81.8156 	EXP 	LDT_fix_text: autoDraw = False
81.8156 	EXP 	LDT_stim_text: autoDraw = False
81.8156 	EXP 	LDT_break_text: autoDraw = False
81.8156 	EXP 	LDT_stim_text: height = np.float64(0.1)
81.8156 	EXP 	LDT_stim_text: height = np.float64(0.1)
81.8156 	EXP 	LDT_stim_text: height = np.float64(0.1)
81.8156 	EXP 	LDT_stim_text: text = 'music'
81.8156 	EXP 	LDT_fix_text: autoDraw = True
81.8161 	DATA 	Keypress: l
81.9409 	EXP 	Device response: <KeyPress from None: t=81.80471250001574, value=l, duration=0.12831619998905808>
82.2993 	EXP 	LDT_stim_text: autoDraw = True
82.3076 	EXP 	LDT_fix_text: autoDraw = False
82.8252 	EXP 	Device response: <KeyPress from None: t=82.82080210000277, value=l, duration=None>
82.8254 	EXP 	New trial (rep=0, index=29): <Trial 29 (29 in rep 0) data={'Task': 'LDT', 'TrialType': 'Target', 'Stimuli': 'kell', 'StimulusType': 'nonword', 'CorrectResponse': 'a', 'Trialnumb': 164, 'thisN': 29, 'thisTrialN': 29, 'thisRepN': 0}>
82.8332 	EXP 	LDT_fix_text: autoDraw = False
82.8332 	EXP 	LDT_stim_text: autoDraw = False
82.8332 	EXP 	LDT_break_text: autoDraw = False
82.8332 	EXP 	LDT_stim_text: height = np.float64(0.1)
82.8332 	EXP 	LDT_stim_text: height = np.float64(0.1)
82.8332 	EXP 	LDT_stim_text: height = np.float64(0.1)
82.8332 	EXP 	LDT_stim_text: text = 'kell'
82.8332 	EXP 	LDT_fix_text: autoDraw = True
82.8337 	DATA 	Keypress: l
82.9503 	EXP 	Device response: <KeyPress from None: t=82.82080210000277, value=l, duration=0.1282964000129141>
83.3170 	EXP 	LDT_stim_text: autoDraw = True
83.3253 	EXP 	LDT_fix_text: autoDraw = False
83.9345 	EXP 	Device response: <KeyPress from None: t=83.93312450003577, value=a, duration=None>
83.9348 	EXP 	New trial (rep=0, index=30): <Trial 30 (30 in rep 0) data={'Task': 'LDT', 'TrialType': 'Target', 'Stimuli': 'dass', 'StimulusType': 'nonword', 'CorrectResponse': 'a', 'Trialnumb': 135, 'thisN': 30, 'thisTrialN': 30, 'thisRepN': 0}>
83.9426 	EXP 	LDT_fix_text: autoDraw = False
83.9426 	EXP 	LDT_stim_text: autoDraw = False
83.9426 	EXP 	LDT_break_text: autoDraw = False
83.9426 	EXP 	LDT_stim_text: height = np.float64(0.1)
83.9426 	EXP 	LDT_stim_text: height = np.float64(0.1)
83.9426 	EXP 	LDT_stim_text: height = np.float64(0.1)
83.9426 	EXP 	LDT_stim_text: text = 'dass'
83.9426 	EXP 	LDT_fix_text: autoDraw = True
83.9431 	DATA 	Keypress: a
84.0598 	EXP 	Device response: <KeyPress from None: t=83.93312450003577, value=a, duration=0.12121899996418506>
84.4264 	EXP 	LDT_stim_text: autoDraw = True
84.4348 	EXP 	LDT_fix_text: autoDraw = False
85.0857 	EXP 	Device response: <KeyPress from None: t=85.07739819999551, value=a, duration=None>
85.0859 	EXP 	New trial (rep=0, index=31): <Trial 31 (31 in rep 0) data={'Task': 'LDT', 'TrialType': 'Target', 'Stimuli': 'work', 'StimulusType': 'word', 'CorrectResponse': 'l', 'Trialnumb': 1, 'thisN': 31, 'thisTrialN': 31, 'thisRepN': 0}>
85.0873 	DATA 	Keypress: a
85.0938 	EXP 	LDT_fix_text: autoDraw = False
85.0938 	EXP 	LDT_stim_text: autoDraw = False
85.0938 	EXP 	LDT_break_text: autoDraw = False
85.0938 	EXP 	LDT_stim_text: height = np.float64(0.1)
85.0938 	EXP 	LDT_stim_text: height = np.float64(0.1)
85.0938 	EXP 	LDT_stim_text: height = np.float64(0.1)
85.0938 	EXP 	LDT_stim_text: text = 'work'
85.0938 	EXP 	LDT_fix_text: autoDraw = True
85.2108 	EXP 	Device response: <KeyPress from None: t=85.07739819999551, value=a, duration=0.1274645000230521>
85.5776 	EXP 	LDT_stim_text: autoDraw = True
85.5859 	EXP 	LDT_fix_text: autoDraw = False
86.1284 	EXP 	Device response: <KeyPress from None: t=86.12518450000789, value=l, duration=None>
86.1287 	EXP 	New trial (rep=0, index=32): <Trial 32 (32 in rep 0) data={'Task': 'LDT', 'TrialType': 'Target', 'Stimuli': 'under', 'StimulusType': 'word', 'CorrectResponse': 'l', 'Trialnumb': 39, 'thisN': 32, 'thisTrialN': 32, 'thisRepN': 0}>
86.1365 	EXP 	LDT_fix_text: autoDraw = False
86.1365 	EXP 	LDT_stim_text: autoDraw = False
86.1365 	EXP 	LDT_break_text: autoDraw = False
86.1365 	EXP 	LDT_stim_text: height = np.float64(0.1)
86.1365 	EXP 	LDT_stim_text: height = np.float64(0.1)
86.1365 	EXP 	LDT_stim_text: height = np.float64(0.1)
86.1365 	EXP 	LDT_stim_text: text = 'under'
86.1365 	EXP 	LDT_fix_text: autoDraw = True
86.1370 	DATA 	Keypress: l
86.2619 	EXP 	Device response: <KeyPress from None: t=86.12518450000789, value=l, duration=0.12868810002692044>
86.6203 	EXP 	LDT_stim_text: autoDraw = True
86.6286 	EXP 	LDT_fix_text: autoDraw = False
87.2212 	EXP 	Device response: <KeyPress from None: t=87.21319660003064, value=l, duration=None>
87.2214 	EXP 	New trial (rep=0, index=33): <Trial 33 (33 in rep 0) data={'Task': 'LDT', 'TrialType': 'Target', 'Stimuli': 'tour', 'StimulusType': 'word', 'CorrectResponse': 'l', 'Trialnumb': 88, 'thisN': 33, 'thisTrialN': 33, 'thisRepN': 0}>
87.2292 	EXP 	LDT_fix_text: autoDraw = False
87.2292 	EXP 	LDT_stim_text: autoDraw = False
87.2292 	EXP 	LDT_break_text: autoDraw = False
87.2292 	EXP 	LDT_stim_text: height = np.float64(0.1)
87.2292 	EXP 	LDT_stim_text: height = np.float64(0.1)
87.2292 	EXP 	LDT_stim_text: height = np.float64(0.1)
87.2292 	EXP 	LDT_stim_text: text = 'tour'
87.2292 	EXP 	LDT_fix_text: autoDraw = True
87.2298 	DATA 	Keypress: l
87.3463 	EXP 	Device response: <KeyPress from None: t=87.21319660003064, value=l, duration=0.1283073999802582>
87.7130 	EXP 	LDT_stim_text: autoDraw = True
87.7214 	EXP 	LDT_fix_text: autoDraw = False
88.2889 	EXP 	Device response: <KeyPress from None: t=88.28536280000117, value=l, duration=None>
88.2891 	EXP 	New trial (rep=0, index=34): <Trial 34 (34 in rep 0) data={'Task': 'LDT', 'TrialType': 'Target', 'Stimuli': 'trick', 'StimulusType': 'word', 'CorrectResponse': 'l', 'Trialnumb': 75, 'thisN': 34, 'thisTrialN': 34, 'thisRepN': 0}>
88.2970 	EXP 	LDT_fix_text: autoDraw = False
88.2970 	EXP 	LDT_stim_text: autoDraw = False
88.2970 	EXP 	LDT_break_text: autoDraw = False
88.2970 	EXP 	LDT_stim_text: height = np.float64(0.1)
88.2970 	EXP 	LDT_stim_text: height = np.float64(0.1)
88.2970 	EXP 	LDT_stim_text: height = np.float64(0.1)
88.2970 	EXP 	LDT_stim_text: text = 'trick'
88.2970 	EXP 	LDT_fix_text: autoDraw = True
88.2976 	DATA 	Keypress: l
88.3890 	EXP 	Device response: <KeyPress from None: t=88.28536280000117, value=l, duration=0.09583970002131537>
88.7808 	EXP 	LDT_stim_text: autoDraw = True
88.7891 	EXP 	LDT_fix_text: autoDraw = False
89.3483 	EXP 	Device response: <KeyPress from None: t=89.34129270003177, value=l, duration=None>
89.3486 	EXP 	New trial (rep=0, index=35): <Trial 35 (35 in rep 0) data={'Task': 'LDT', 'TrialType': 'Target', 'Stimuli': 'crap', 'StimulusType': 'word', 'CorrectResponse': 'l', 'Trialnumb': 70, 'thisN': 35, 'thisTrialN': 35, 'thisRepN': 0}>
89.3564 	EXP 	LDT_fix_text: autoDraw = False
89.3564 	EXP 	LDT_stim_text: autoDraw = False
89.3564 	EXP 	LDT_break_text: autoDraw = False
89.3564 	EXP 	LDT_stim_text: height = np.float64(0.1)
89.3564 	EXP 	LDT_stim_text: height = np.float64(0.1)
89.3564 	EXP 	LDT_stim_text: height = np.float64(0.1)
89.3564 	EXP 	LDT_stim_text: text = 'crap'
89.3564 	EXP 	LDT_fix_text: autoDraw = True
89.3569 	DATA 	Keypress: l
89.4400 	EXP 	Device response: <KeyPress from None: t=89.34129270003177, value=l, duration=0.09549679997144267>
89.8402 	EXP 	LDT_stim_text: autoDraw = True
89.8485 	EXP 	LDT_fix_text: autoDraw = False
90.3744 	EXP 	Device response: <KeyPress from None: t=90.36601540003903, value=l, duration=None>
90.3746 	EXP 	New trial (rep=0, index=36): <Trial 36 (36 in rep 0) data={'Task': 'LDT', 'TrialType': 'Target', 'Stimuli': 'pulk', 'StimulusType': 'nonword', 'CorrectResponse': 'a', 'Trialnumb': 183, 'thisN': 36, 'thisTrialN': 36, 'thisRepN': 0}>
90.3758 	DATA 	Keypress: l
90.3824 	EXP 	LDT_fix_text: autoDraw = False
90.3824 	EXP 	LDT_stim_text: autoDraw = False
90.3824 	EXP 	LDT_break_text: autoDraw = False
90.3824 	EXP 	LDT_stim_text: height = np.float64(0.1)
90.3824 	EXP 	LDT_stim_text: height = np.float64(0.1)
90.3824 	EXP 	LDT_stim_text: height = np.float64(0.1)
90.3824 	EXP 	LDT_stim_text: text = 'pulk'
90.3824 	EXP 	LDT_fix_text: autoDraw = True
90.4661 	EXP 	Device response: <KeyPress from None: t=90.36601540003903, value=l, duration=0.09566319995792583>
90.8662 	EXP 	LDT_stim_text: autoDraw = True
90.8746 	EXP 	LDT_fix_text: autoDraw = False
91.5254 	EXP 	Device response: <KeyPress from None: t=91.51790560001973, value=a, duration=None>
91.5257 	EXP 	New trial (rep=0, index=37): <Trial 37 (37 in rep 0) data={'Task': 'LDT', 'TrialType': 'Target', 'Stimuli': 'trin', 'StimulusType': 'nonword', 'CorrectResponse': 'a', 'Trialnumb': 207, 'thisN': 37, 'thisTrialN': 37, 'thisRepN': 0}>
91.5335 	EXP 	LDT_fix_text: autoDraw = False
91.5335 	EXP 	LDT_stim_text: autoDraw = False
91.5335 	EXP 	LDT_break_text: autoDraw = False
91.5335 	EXP 	LDT_stim_text: height = np.float64(0.1)
91.5335 	EXP 	LDT_stim_text: height = np.float64(0.1)
91.5335 	EXP 	LDT_stim_text: height = np.float64(0.1)
91.5335 	EXP 	LDT_stim_text: text = 'trin'
91.5335 	EXP 	LDT_fix_text: autoDraw = True
91.5341 	DATA 	Keypress: a
91.6339 	EXP 	Device response: <KeyPress from None: t=91.51790560001973, value=a, duration=0.11234819999663159>
92.0173 	EXP 	LDT_stim_text: autoDraw = True
92.0257 	EXP 	LDT_fix_text: autoDraw = False
92.7600 	EXP 	Device response: <KeyPress from None: t=92.7571146999835, value=a, duration=None>
92.7602 	EXP 	New trial (rep=0, index=38): <Trial 38 (38 in rep 0) data={'Task': 'LDT', 'TrialType': 'Target', 'Stimuli': 'mize', 'StimulusType': 'nonword', 'CorrectResponse': 'a', 'Trialnumb': 174, 'thisN': 38, 'thisTrialN': 38, 'thisRepN': 0}>
92.7681 	EXP 	LDT_fix_text: autoDraw = False
92.7681 	EXP 	LDT_stim_text: autoDraw = False
92.7681 	EXP 	LDT_break_text: autoDraw = False
92.7681 	EXP 	LDT_stim_text: height = np.float64(0.1)
92.7681 	EXP 	LDT_stim_text: height = np.float64(0.1)
92.7681 	EXP 	LDT_stim_text: height = np.float64(0.1)
92.7681 	EXP 	LDT_stim_text: text = 'mize'
92.7681 	EXP 	LDT_fix_text: autoDraw = True
92.7687 	DATA 	Keypress: a
92.8851 	EXP 	Device response: <KeyPress from None: t=92.7571146999835, value=a, duration=0.12088370003039017>
93.2519 	EXP 	LDT_stim_text: autoDraw = True
93.2602 	EXP 	LDT_fix_text: autoDraw = False
93.8861 	EXP 	Device response: <KeyPress from None: t=93.88549499999499, value=a, duration=None>
93.8864 	EXP 	New trial (rep=0, index=39): <Trial 39 (39 in rep 0) data={'Task': 'LDT', 'TrialType': 'Target', 'Stimuli': 'come', 'StimulusType': 'word', 'CorrectResponse': 'l', 'Trialnumb': 7, 'thisN': 39, 'thisTrialN': 39, 'thisRepN': 0}>
93.8943 	EXP 	LDT_fix_text: autoDraw = False
93.8943 	EXP 	LDT_stim_text: autoDraw = False
93.8943 	EXP 	LDT_break_text: autoDraw = False
93.8943 	EXP 	LDT_stim_text: height = np.float64(0.1)
93.8943 	EXP 	LDT_stim_text: height = np.float64(0.1)
93.8943 	EXP 	LDT_stim_text: height = np.float64(0.1)
93.8943 	EXP 	LDT_stim_text: text = 'come'
93.8943 	EXP 	LDT_fix_text: autoDraw = True
93.8948 	DATA 	Keypress: a
94.0195 	EXP 	Device response: <KeyPress from None: t=93.88549499999499, value=a, duration=0.12795140000525862>
94.3780 	EXP 	LDT_stim_text: autoDraw = True
94.3863 	EXP 	LDT_fix_text: autoDraw = False
94.8705 	EXP 	Device response: <KeyPress from None: t=94.86913380003534, value=l, duration=None>
94.8707 	EXP 	New trial (rep=0, index=40): <Trial 40 (40 in rep 0) data={'Task': 'LDT', 'TrialType': 'Target', 'Stimuli': 'vink', 'StimulusType': 'nonword', 'CorrectResponse': 'a', 'Trialnumb': 212, 'thisN': 40, 'thisTrialN': 40, 'thisRepN': 0}>
94.8785 	EXP 	LDT_fix_text: autoDraw = False
94.8785 	EXP 	LDT_stim_text: autoDraw = False
94.8785 	EXP 	LDT_break_text: autoDraw = False
94.8785 	EXP 	LDT_stim_text: height = np.float64(0.1)
94.8785 	EXP 	LDT_stim_text: height = np.float64(0.1)
94.8785 	EXP 	LDT_stim_text: height = np.float64(0.1)
94.8785 	EXP 	LDT_stim_text: text = 'vink'
94.8785 	EXP 	LDT_fix_text: autoDraw = True
94.8791 	DATA 	Keypress: l
94.9789 	EXP 	Device response: <KeyPress from None: t=94.86913380003534, value=l, duration=0.10425229999236763>
95.3623 	EXP 	LDT_stim_text: autoDraw = True
95.3707 	EXP 	LDT_fix_text: autoDraw = False
95.9634 	EXP 	Device response: <KeyPress from None: t=95.95705600001384, value=a, duration=None>
95.9637 	EXP 	New trial (rep=0, index=41): <Trial 41 (41 in rep 0) data={'Task': 'LDT', 'TrialType': 'Target', 'Stimuli': 'green', 'StimulusType': 'word', 'CorrectResponse': 'l', 'Trialnumb': 38, 'thisN': 41, 'thisTrialN': 41, 'thisRepN': 0}>
95.9713 	EXP 	LDT_fix_text: autoDraw = False
95.9713 	EXP 	LDT_stim_text: autoDraw = False
95.9713 	EXP 	LDT_break_text: autoDraw = False
95.9713 	EXP 	LDT_stim_text: height = np.float64(0.1)
95.9713 	EXP 	LDT_stim_text: height = np.float64(0.1)
95.9713 	EXP 	LDT_stim_text: height = np.float64(0.1)
95.9713 	EXP 	LDT_stim_text: text = 'green'
95.9713 	EXP 	LDT_fix_text: autoDraw = True
95.9718 	DATA 	Keypress: a
96.0633 	EXP 	Device response: <KeyPress from None: t=95.95705600001384, value=a, duration=0.10523119999561459>
96.4551 	EXP 	LDT_stim_text: autoDraw = True
96.4635 	EXP 	LDT_fix_text: autoDraw = False
97.0060 	EXP 	Device response: <KeyPress from None: t=97.00545130000683, value=l, duration=None>
97.0063 	EXP 	New trial (rep=0, index=42): <Trial 42 (42 in rep 0) data={'Task': 'LDT', 'TrialType': 'Target', 'Stimuli': 'vome', 'StimulusType': 'nonword', 'CorrectResponse': 'a', 'Trialnumb': 213, 'thisN': 42, 'thisTrialN': 42, 'thisRepN': 0}>
97.0141 	EXP 	LDT_fix_text: autoDraw = False
97.0141 	EXP 	LDT_stim_text: autoDraw = False
97.0141 	EXP 	LDT_break_text: autoDraw = False
97.0141 	EXP 	LDT_stim_text: height = np.float64(0.1)
97.0141 	EXP 	LDT_stim_text: height = np.float64(0.1)
97.0141 	EXP 	LDT_stim_text: height = np.float64(0.1)
97.0141 	EXP 	LDT_stim_text: text = 'vome'
97.0141 	EXP 	LDT_fix_text: autoDraw = True
97.0146 	DATA 	Keypress: l
97.1144 	EXP 	Device response: <KeyPress from None: t=97.00545130000683, value=l, duration=0.10353319998830557>
97.4978 	EXP 	LDT_stim_text: autoDraw = True
97.5061 	EXP 	LDT_fix_text: autoDraw = False
98.1738 	EXP 	Device response: <KeyPress from None: t=98.17306430003373, value=a, duration=None>
98.1741 	EXP 	New trial (rep=0, index=43): <Trial 43 (43 in rep 0) data={'Task': 'LDT', 'TrialType': 'Target', 'Stimuli': 'here', 'StimulusType': 'word', 'CorrectResponse': 'l', 'Trialnumb': 4, 'thisN': 43, 'thisTrialN': 43, 'thisRepN': 0}>
98.1818 	EXP 	LDT_fix_text: autoDraw = False
98.1818 	EXP 	LDT_stim_text: autoDraw = False
98.1818 	EXP 	LDT_break_text: autoDraw = False
98.1818 	EXP 	LDT_stim_text: height = np.float64(0.1)
98.1818 	EXP 	LDT_stim_text: height = np.float64(0.1)
98.1818 	EXP 	LDT_stim_text: height = np.float64(0.1)
98.1818 	EXP 	LDT_stim_text: text = 'here'
98.1818 	EXP 	LDT_fix_text: autoDraw = True
98.1823 	DATA 	Keypress: a
98.2738 	EXP 	Device response: <KeyPress from None: t=98.17306430003373, value=a, duration=0.09607909998157993>
98.6656 	EXP 	LDT_stim_text: autoDraw = True
98.6740 	EXP 	LDT_fix_text: autoDraw = False
99.1247 	EXP 	Device response: <KeyPress from None: t=99.11697949998779, value=l, duration=None>
99.1250 	EXP 	New trial (rep=0, index=44): <Trial 44 (44 in rep 0) data={'Task': 'LDT', 'TrialType': 'Target', 'Stimuli': 'kear', 'StimulusType': 'nonword', 'CorrectResponse': 'a', 'Trialnumb': 163, 'thisN': 44, 'thisTrialN': 44, 'thisRepN': 0}>
99.1327 	EXP 	LDT_fix_text: autoDraw = False
99.1327 	EXP 	LDT_stim_text: autoDraw = False
99.1327 	EXP 	LDT_break_text: autoDraw = False
99.1327 	EXP 	LDT_stim_text: height = np.float64(0.1)
99.1327 	EXP 	LDT_stim_text: height = np.float64(0.1)
99.1327 	EXP 	LDT_stim_text: height = np.float64(0.1)
99.1327 	EXP 	LDT_stim_text: text = 'kear'
99.1327 	EXP 	LDT_fix_text: autoDraw = True
99.1334 	DATA 	Keypress: l
99.2332 	EXP 	Device response: <KeyPress from None: t=99.11697949998779, value=l, duration=0.11246670002583414>
99.6166 	EXP 	LDT_stim_text: autoDraw = True
99.6249 	EXP 	LDT_fix_text: autoDraw = False
100.1925 	EXP 	Device response: <KeyPress from None: t=100.19062080001459, value=a, duration=None>
100.1928 	EXP 	New trial (rep=0, index=45): <Trial 45 (45 in rep 0) data={'Task': 'LDT', 'TrialType': 'Target', 'Stimuli': 'pess', 'StimulusType': 'nonword', 'CorrectResponse': 'a', 'Trialnumb': 180, 'thisN': 45, 'thisTrialN': 45, 'thisRepN': 0}>
100.2005 	EXP 	LDT_fix_text: autoDraw = False
100.2005 	EXP 	LDT_stim_text: autoDraw = False
100.2005 	EXP 	LDT_break_text: autoDraw = False
100.2005 	EXP 	LDT_stim_text: height = np.float64(0.1)
100.2005 	EXP 	LDT_stim_text: height = np.float64(0.1)
100.2005 	EXP 	LDT_stim_text: height = np.float64(0.1)
100.2005 	EXP 	LDT_stim_text: text = 'pess'
100.2005 	EXP 	LDT_fix_text: autoDraw = True
100.2009 	DATA 	Keypress: a
100.3259 	EXP 	Device response: <KeyPress from None: t=100.19062080001459, value=a, duration=0.13478869997197762>
100.6843 	EXP 	LDT_stim_text: autoDraw = True
100.6926 	EXP 	LDT_fix_text: autoDraw = False
101.2935 	EXP 	Device response: <KeyPress from None: t=101.28551339998376, value=a, duration=None>
101.2937 	EXP 	New trial (rep=0, index=46): <Trial 46 (46 in rep 0) data={'Task': 'LDT', 'TrialType': 'Target', 'Stimuli': 'huge', 'StimulusType': 'word', 'CorrectResponse': 'l', 'Trialnumb': 56, 'thisN': 46, 'thisTrialN': 46, 'thisRepN': 0}>
101.3016 	EXP 	LDT_fix_text: autoDraw = False
101.3016 	EXP 	LDT_stim_text: autoDraw = False
101.3016 	EXP 	LDT_break_text: autoDraw = False
101.3016 	EXP 	LDT_stim_text: height = np.float64(0.1)
101.3016 	EXP 	LDT_stim_text: height = np.float64(0.1)
101.3016 	EXP 	LDT_stim_text: height = np.float64(0.1)
101.3016 	EXP 	LDT_stim_text: text = 'huge'
101.3016 	EXP 	LDT_fix_text: autoDraw = True
101.3021 	DATA 	Keypress: a
101.3687 	EXP 	Device response: <KeyPress from None: t=101.28551339998376, value=a, duration=0.0791999000357464>
101.7854 	EXP 	LDT_stim_text: autoDraw = True
101.7937 	EXP 	LDT_fix_text: autoDraw = False
102.5449 	EXP 	Device response: <KeyPress from None: t=102.5414508000249, value=l, duration=None>
102.5451 	EXP 	New trial (rep=0, index=47): <Trial 47 (47 in rep 0) data={'Task': 'LDT', 'TrialType': 'Target', 'Stimuli': 'fump', 'StimulusType': 'nonword', 'CorrectResponse': 'a', 'Trialnumb': 143, 'thisN': 47, 'thisTrialN': 47, 'thisRepN': 0}>
102.5528 	EXP 	LDT_fix_text: autoDraw = False
102.5528 	EXP 	LDT_stim_text: autoDraw = False
102.5528 	EXP 	LDT_break_text: autoDraw = False
102.5528 	EXP 	LDT_stim_text: height = np.float64(0.1)
102.5528 	EXP 	LDT_stim_text: height = np.float64(0.1)
102.5528 	EXP 	LDT_stim_text: height = np.float64(0.1)
102.5528 	EXP 	LDT_stim_text: text = 'fump'
102.5528 	EXP 	LDT_fix_text: autoDraw = True
102.5534 	DATA 	Keypress: l
102.6532 	EXP 	Device response: <KeyPress from None: t=102.5414508000249, value=l, duration=0.103740899998229>
103.0367 	EXP 	LDT_stim_text: autoDraw = True
103.0450 	EXP 	LDT_fix_text: autoDraw = False
103.5792 	EXP 	Device response: <KeyPress from None: t=103.57280890003312, value=a, duration=None>
103.5795 	EXP 	New trial (rep=0, index=48): <Trial 48 (48 in rep 0) data={'Task': 'LDT', 'TrialType': 'Target', 'Stimuli': 'host', 'StimulusType': 'word', 'CorrectResponse': 'l', 'Trialnumb': 106, 'thisN': 48, 'thisTrialN': 48, 'thisRepN': 0}>
103.5872 	EXP 	LDT_fix_text: autoDraw = False
103.5872 	EXP 	LDT_stim_text: autoDraw = False
103.5872 	EXP 	LDT_break_text: autoDraw = False
103.5872 	EXP 	LDT_stim_text: height = np.float64(0.1)
103.5872 	EXP 	LDT_stim_text: height = np.float64(0.1)
103.5872 	EXP 	LDT_stim_text: height = np.float64(0.1)
103.5872 	EXP 	LDT_stim_text: text = 'host'
103.5872 	EXP 	LDT_fix_text: autoDraw = True
103.5877 	DATA 	Keypress: a
103.6875 	EXP 	Device response: <KeyPress from None: t=103.57280890003312, value=a, duration=0.11238159995991737>
104.0710 	EXP 	LDT_stim_text: autoDraw = True
104.0793 	EXP 	LDT_fix_text: autoDraw = False
104.5301 	EXP 	Device response: <KeyPress from None: t=104.52504720003344, value=l, duration=None>
104.5303 	EXP 	New trial (rep=0, index=49): <Trial 49 (49 in rep 0) data={'Task': 'LDT', 'TrialType': 'Target', 'Stimuli': 'toas', 'StimulusType': 'nonword', 'CorrectResponse': 'a', 'Trialnumb': 203, 'thisN': 49, 'thisTrialN': 49, 'thisRepN': 0}>
104.5381 	EXP 	LDT_fix_text: autoDraw = False
104.5381 	EXP 	LDT_stim_text: autoDraw = False
104.5381 	EXP 	LDT_break_text: autoDraw = False
104.5381 	EXP 	LDT_stim_text: height = np.float64(0.1)
104.5381 	EXP 	LDT_stim_text: height = np.float64(0.1)
104.5381 	EXP 	LDT_stim_text: height = np.float64(0.1)
104.5381 	EXP 	LDT_stim_text: text = 'toas'
104.5381 	EXP 	LDT_fix_text: autoDraw = True
104.5386 	DATA 	Keypress: l
104.6804 	EXP 	Device response: <KeyPress from None: t=104.52504720003344, value=l, duration=0.15183829999295995>
105.0219 	EXP 	LDT_stim_text: autoDraw = True
105.0303 	EXP 	LDT_fix_text: autoDraw = False
105.5395 	EXP 	Device response: <KeyPress from None: t=105.53407649998553, value=a, duration=None>
105.5398 	EXP 	New trial (rep=0, index=50): <Trial 50 (50 in rep 0) data={'Task': 'LDT', 'TrialType': 'Target', 'Stimuli': 'look', 'StimulusType': 'word', 'CorrectResponse': 'l', 'Trialnumb': 2, 'thisN': 50, 'thisTrialN': 50, 'thisRepN': 0}>
105.5475 	EXP 	LDT_fix_text: autoDraw = False
105.5475 	EXP 	LDT_stim_text: autoDraw = False
105.5475 	EXP 	LDT_break_text: autoDraw = False
105.5475 	EXP 	LDT_stim_text: height = np.float64(0.1)
105.5475 	EXP 	LDT_stim_text: height = np.float64(0.1)
105.5475 	EXP 	LDT_stim_text: height = np.float64(0.1)
105.5475 	EXP 	LDT_stim_text: text = 'look'
105.5475 	EXP 	LDT_fix_text: autoDraw = True
105.5480 	DATA 	Keypress: a
105.6646 	EXP 	Device response: <KeyPress from None: t=105.53407649998553, value=a, duration=0.12780940002994612>
106.0313 	EXP 	LDT_stim_text: autoDraw = True
106.0396 	EXP 	LDT_fix_text: autoDraw = False
106.5573 	EXP 	Device response: <KeyPress from None: t=106.55696160002844, value=l, duration=None>
106.5575 	EXP 	New trial (rep=0, index=51): <Trial 51 (51 in rep 0) data={'Task': 'LDT', 'TrialType': 'Target', 'Stimuli': 'fere', 'StimulusType': 'nonword', 'CorrectResponse': 'a', 'Trialnumb': 140, 'thisN': 51, 'thisTrialN': 51, 'thisRepN': 0}>
106.5651 	EXP 	LDT_fix_text: autoDraw = False
106.5651 	EXP 	LDT_stim_text: autoDraw = False
106.5651 	EXP 	LDT_break_text: autoDraw = False
106.5651 	EXP 	LDT_stim_text: height = np.float64(0.1)
106.5651 	EXP 	LDT_stim_text: height = np.float64(0.1)
106.5651 	EXP 	LDT_stim_text: height = np.float64(0.1)
106.5651 	EXP 	LDT_stim_text: text = 'fere'
106.5651 	EXP 	LDT_fix_text: autoDraw = True
106.5656 	DATA 	Keypress: l
106.6905 	EXP 	Device response: <KeyPress from None: t=106.55696160002844, value=l, duration=0.12881699996069074>
107.0490 	EXP 	LDT_stim_text: autoDraw = True
107.0574 	EXP 	LDT_fix_text: autoDraw = False
107.6582 	EXP 	Device response: <KeyPress from None: t=107.65324870002223, value=a, duration=None>
107.6585 	EXP 	New trial (rep=0, index=52): <Trial 52 (52 in rep 0) data={'Task': 'LDT', 'TrialType': 'Target', 'Stimuli': 'gord', 'StimulusType': 'nonword', 'CorrectResponse': 'a', 'Trialnumb': 148, 'thisN': 52, 'thisTrialN': 52, 'thisRepN': 0}>
107.6663 	EXP 	LDT_fix_text: autoDraw = False
107.6663 	EXP 	LDT_stim_text: autoDraw = False
107.6663 	EXP 	LDT_break_text: autoDraw = False
107.6663 	EXP 	LDT_stim_text: height = np.float64(0.1)
107.6663 	EXP 	LDT_stim_text: height = np.float64(0.1)
107.6663 	EXP 	LDT_stim_text: height = np.float64(0.1)
107.6663 	EXP 	LDT_stim_text: text = 'gord'
107.6663 	EXP 	LDT_fix_text: autoDraw = True
107.6669 	DATA 	Keypress: a
107.7750 	EXP 	Device response: <KeyPress from None: t=107.65324870002223, value=a, duration=0.12018829997396097>
108.1501 	EXP 	LDT_stim_text: autoDraw = True
108.1584 	EXP 	LDT_fix_text: autoDraw = False
108.9928 	EXP 	Device response: <KeyPress from None: t=108.98946890002117, value=a, duration=None>
108.9931 	EXP 	New trial (rep=0, index=53): <Trial 53 (53 in rep 0) data={'Task': 'LDT', 'TrialType': 'Target', 'Stimuli': 'hoal', 'StimulusType': 'nonword', 'CorrectResponse': 'a', 'Trialnumb': 154, 'thisN': 53, 'thisTrialN': 53, 'thisRepN': 0}>
109.0009 	EXP 	LDT_fix_text: autoDraw = False
109.0009 	EXP 	LDT_stim_text: autoDraw = False
109.0009 	EXP 	LDT_break_text: autoDraw = False
109.0009 	EXP 	LDT_stim_text: height = np.float64(0.1)
109.0009 	EXP 	LDT_stim_text: height = np.float64(0.1)
109.0009 	EXP 	LDT_stim_text: height = np.float64(0.1)
109.0009 	EXP 	LDT_stim_text: text = 'hoal'
109.0009 	EXP 	LDT_fix_text: autoDraw = True
109.0015 	DATA 	Keypress: a
109.1015 	EXP 	Device response: <KeyPress from None: t=108.98946890002117, value=a, duration=0.10382459999527782>
109.4847 	EXP 	LDT_stim_text: autoDraw = True
109.4931 	EXP 	LDT_fix_text: autoDraw = False
110.1940 	EXP 	Device response: <KeyPress from None: t=110.18928039999446, value=a, duration=None>
110.1943 	EXP 	New trial (rep=0, index=54): <Trial 54 (54 in rep 0) data={'Task': 'LDT', 'TrialType': 'Target', 'Stimuli': 'spy', 'StimulusType': 'word', 'CorrectResponse': 'l', 'Trialnumb': 99, 'thisN': 54, 'thisTrialN': 54, 'thisRepN': 0}>
110.2022 	EXP 	LDT_fix_text: autoDraw = False
110.2022 	EXP 	LDT_stim_text: autoDraw = False
110.2022 	EXP 	LDT_break_text: autoDraw = False
110.2022 	EXP 	LDT_stim_text: height = np.float64(0.1)
110.2022 	EXP 	LDT_stim_text: height = np.float64(0.1)
110.2022 	EXP 	LDT_stim_text: height = np.float64(0.1)
110.2022 	EXP 	LDT_stim_text: text = 'spy'
110.2022 	EXP 	LDT_fix_text: autoDraw = True
110.2026 	DATA 	Keypress: a
110.3109 	EXP 	Device response: <KeyPress from None: t=110.18928039999446, value=a, duration=0.1199437000323087>
110.6859 	EXP 	LDT_stim_text: autoDraw = True
110.6943 	EXP 	LDT_fix_text: autoDraw = False
111.2117 	EXP 	Device response: <KeyPress from None: t=111.20475790003547, value=l, duration=None>
111.2121 	EXP 	New trial (rep=0, index=55): <Trial 55 (55 in rep 0) data={'Task': 'LDT', 'TrialType': 'Target', 'Stimuli': 'pick', 'StimulusType': 'word', 'CorrectResponse': 'l', 'Trialnumb': 58, 'thisN': 55, 'thisTrialN': 55, 'thisRepN': 0}>
111.2198 	EXP 	LDT_fix_text: autoDraw = False
111.2198 	EXP 	LDT_stim_text: autoDraw = False
111.2198 	EXP 	LDT_break_text: autoDraw = False
111.2198 	EXP 	LDT_stim_text: height = np.float64(0.1)
111.2198 	EXP 	LDT_stim_text: height = np.float64(0.1)
111.2198 	EXP 	LDT_stim_text: height = np.float64(0.1)
111.2198 	EXP 	LDT_stim_text: text = 'pick'
111.2198 	EXP 	LDT_fix_text: autoDraw = True
111.2203 	DATA 	Keypress: l
111.2785 	EXP 	Device response: <KeyPress from None: t=111.20475790003547, value=l, duration=0.07199009996838868>
111.7036 	EXP 	LDT_stim_text: autoDraw = True
111.7119 	EXP 	LDT_fix_text: autoDraw = False
112.3129 	EXP 	Device response: <KeyPress from None: t=112.30879740003729, value=l, duration=None>
112.3131 	EXP 	New trial (rep=0, index=56): <Trial 56 (56 in rep 0) data={'Task': 'LDT', 'TrialType': 'Target', 'Stimuli': 'hage', 'StimulusType': 'nonword', 'CorrectResponse': 'a', 'Trialnumb': 149, 'thisN': 56, 'thisTrialN': 56, 'thisRepN': 0}>
112.3209 	EXP 	LDT_fix_text: autoDraw = False
112.3209 	EXP 	LDT_stim_text: autoDraw = False
112.3209 	EXP 	LDT_break_text: autoDraw = False
112.3209 	EXP 	LDT_stim_text: height = np.float64(0.1)
112.3209 	EXP 	LDT_stim_text: height = np.float64(0.1)
112.3209 	EXP 	LDT_stim_text: height = np.float64(0.1)
112.3209 	EXP 	LDT_stim_text: text = 'hage'
112.3209 	EXP 	LDT_fix_text: autoDraw = True
112.3214 	DATA 	Keypress: l
112.3713 	EXP 	Device response: <KeyPress from None: t=112.30879740003729, value=l, duration=0.05656169995199889>
112.8047 	EXP 	LDT_stim_text: autoDraw = True
112.8130 	EXP 	LDT_fix_text: autoDraw = False
113.3639 	EXP 	Device response: <KeyPress from None: t=113.35731590003707, value=a, duration=None>
113.3642 	EXP 	New trial (rep=0, index=57): <Trial 57 (57 in rep 0) data={'Task': 'LDT', 'TrialType': 'Target', 'Stimuli': 'boom', 'StimulusType': 'word', 'CorrectResponse': 'l', 'Trialnumb': 96, 'thisN': 57, 'thisTrialN': 57, 'thisRepN': 0}>
113.3719 	EXP 	LDT_fix_text: autoDraw = False
113.3719 	EXP 	LDT_stim_text: autoDraw = False
113.3719 	EXP 	LDT_break_text: autoDraw = False
113.3719 	EXP 	LDT_stim_text: height = np.float64(0.1)
113.3719 	EXP 	LDT_stim_text: height = np.float64(0.1)
113.3719 	EXP 	LDT_stim_text: height = np.float64(0.1)
113.3719 	EXP 	LDT_stim_text: text = 'boom'
113.3719 	EXP 	LDT_fix_text: autoDraw = True
113.3725 	DATA 	Keypress: a
113.4557 	EXP 	Device response: <KeyPress from None: t=113.35731590003707, value=a, duration=0.0965102999471128>
113.8557 	EXP 	LDT_stim_text: autoDraw = True
113.8641 	EXP 	LDT_fix_text: autoDraw = False
114.4316 	EXP 	Device response: <KeyPress from None: t=114.42963030003011, value=l, duration=None>
114.4319 	EXP 	New trial (rep=0, index=58): <Trial 58 (58 in rep 0) data={'Task': 'LDT', 'TrialType': 'Target', 'Stimuli': 'gips', 'StimulusType': 'nonword', 'CorrectResponse': 'a', 'Trialnumb': 147, 'thisN': 58, 'thisTrialN': 58, 'thisRepN': 0}>
114.4397 	EXP 	LDT_fix_text: autoDraw = False
114.4397 	EXP 	LDT_stim_text: autoDraw = False
114.4397 	EXP 	LDT_break_text: autoDraw = False
114.4397 	EXP 	LDT_stim_text: height = np.float64(0.1)
114.4397 	EXP 	LDT_stim_text: height = np.float64(0.1)
114.4397 	EXP 	LDT_stim_text: height = np.float64(0.1)
114.4397 	EXP 	LDT_stim_text: text = 'gips'
114.4397 	EXP 	LDT_fix_text: autoDraw = True
114.4404 	DATA 	Keypress: l
114.5151 	EXP 	Device response: <KeyPress from None: t=114.42963030003011, value=l, duration=0.07993519998854026>
114.9236 	EXP 	LDT_stim_text: autoDraw = True
114.9318 	EXP 	LDT_fix_text: autoDraw = False
115.5411 	EXP 	Device response: <KeyPress from None: t=115.53328919998603, value=a, duration=None>
115.5414 	EXP 	New trial (rep=0, index=59): <Trial 59 (59 in rep 0) data={'Task': 'LDT', 'TrialType': 'Target', 'Stimuli': 'snan', 'StimulusType': 'nonword', 'CorrectResponse': 'a', 'Trialnumb': 196, 'thisN': 59, 'thisTrialN': 59, 'thisRepN': 0}>
115.5491 	EXP 	LDT_fix_text: autoDraw = False
115.5491 	EXP 	LDT_stim_text: autoDraw = False
115.5491 	EXP 	LDT_break_text: autoDraw = False
115.5491 	EXP 	LDT_stim_text: height = np.float64(0.1)
115.5491 	EXP 	LDT_stim_text: height = np.float64(0.1)
115.5491 	EXP 	LDT_stim_text: height = np.float64(0.1)
115.5491 	EXP 	LDT_stim_text: text = 'snan'
115.5491 	EXP 	LDT_fix_text: autoDraw = True
115.5497 	DATA 	Keypress: a
115.6995 	EXP 	Device response: <KeyPress from None: t=115.53328919998603, value=a, duration=0.15938070003176108>
116.0329 	EXP 	LDT_stim_text: autoDraw = True
116.0412 	EXP 	LDT_fix_text: autoDraw = False
116.6922 	EXP 	Device response: <KeyPress from None: t=116.68541400000686, value=a, duration=None>
116.6924 	EXP 	New trial (rep=0, index=60): <Trial 60 (60 in rep 0) data={'Task': 'LDT', 'TrialType': 'Target', 'Stimuli': 'few', 'StimulusType': 'word', 'CorrectResponse': 'l', 'Trialnumb': 18, 'thisN': 60, 'thisTrialN': 60, 'thisRepN': 0}>
116.7002 	EXP 	LDT_fix_text: autoDraw = False
116.7002 	EXP 	LDT_stim_text: autoDraw = False
116.7002 	EXP 	LDT_break_text: autoDraw = False
116.7002 	EXP 	LDT_stim_text: height = np.float64(0.1)
116.7002 	EXP 	LDT_stim_text: height = np.float64(0.1)
116.7002 	EXP 	LDT_stim_text: height = np.float64(0.1)
116.7002 	EXP 	LDT_stim_text: text = 'few'
116.7002 	EXP 	LDT_fix_text: autoDraw = True
116.7008 	DATA 	Keypress: a
116.7839 	EXP 	Device response: <KeyPress from None: t=116.68541400000686, value=a, duration=0.09647869999753311>
117.1841 	EXP 	LDT_stim_text: autoDraw = True
117.1924 	EXP 	LDT_fix_text: autoDraw = False
117.7685 	EXP 	Device response: <KeyPress from None: t=117.76547799998662, value=l, duration=None>
117.7688 	EXP 	New trial (rep=0, index=61): <Trial 61 (61 in rep 0) data={'Task': 'LDT', 'TrialType': 'Target', 'Stimuli': 'colo', 'StimulusType': 'nonword', 'CorrectResponse': 'a', 'Trialnumb': 131, 'thisN': 61, 'thisTrialN': 61, 'thisRepN': 0}>
117.7763 	EXP 	LDT_fix_text: autoDraw = False
117.7763 	EXP 	LDT_stim_text: autoDraw = False
117.7763 	EXP 	LDT_break_text: autoDraw = False
117.7763 	EXP 	LDT_stim_text: height = np.float64(0.1)
117.7763 	EXP 	LDT_stim_text: height = np.float64(0.1)
117.7763 	EXP 	LDT_stim_text: height = np.float64(0.1)
117.7763 	EXP 	LDT_stim_text: text = 'colo'
117.7763 	EXP 	LDT_fix_text: autoDraw = True
117.7768 	DATA 	Keypress: l
117.8767 	EXP 	Device response: <KeyPress from None: t=117.76547799998662, value=l, duration=0.10413430002517998>
118.2601 	EXP 	LDT_stim_text: autoDraw = True
118.2685 	EXP 	LDT_fix_text: autoDraw = False
118.9945 	EXP 	Device response: <KeyPress from None: t=118.98900659999344, value=a, duration=None>
118.9947 	EXP 	New trial (rep=0, index=62): <Trial 62 (62 in rep 0) data={'Task': 'LDT', 'TrialType': 'Target', 'Stimuli': 'kire', 'StimulusType': 'nonword', 'CorrectResponse': 'a', 'Trialnumb': 166, 'thisN': 62, 'thisTrialN': 62, 'thisRepN': 0}>
119.0026 	EXP 	LDT_fix_text: autoDraw = False
119.0026 	EXP 	LDT_stim_text: autoDraw = False
119.0026 	EXP 	LDT_break_text: autoDraw = False
119.0026 	EXP 	LDT_stim_text: height = np.float64(0.1)
119.0026 	EXP 	LDT_stim_text: height = np.float64(0.1)
119.0026 	EXP 	LDT_stim_text: height = np.float64(0.1)
119.0026 	EXP 	LDT_stim_text: text = 'kire'
119.0026 	EXP 	LDT_fix_text: autoDraw = True
119.0032 	DATA 	Keypress: a
119.1113 	EXP 	Device response: <KeyPress from None: t=118.98900659999344, value=a, duration=0.11979590001283213>
119.4864 	EXP 	LDT_stim_text: autoDraw = True
119.4947 	EXP 	LDT_fix_text: autoDraw = False
120.1457 	EXP 	Device response: <KeyPress from None: t=120.14133600000059, value=a, duration=None>
120.1459 	EXP 	New trial (rep=0, index=63): <Trial 63 (63 in rep 0) data={'Task': 'LDT', 'TrialType': 'Target', 'Stimuli': 'berm', 'StimulusType': 'nonword', 'CorrectResponse': 'a', 'Trialnumb': 121, 'thisN': 63, 'thisTrialN': 63, 'thisRepN': 0}>
120.1537 	EXP 	LDT_fix_text: autoDraw = False
120.1537 	EXP 	LDT_stim_text: autoDraw = False
120.1537 	EXP 	LDT_break_text: autoDraw = False
120.1537 	EXP 	LDT_stim_text: height = np.float64(0.1)
120.1537 	EXP 	LDT_stim_text: height = np.float64(0.1)
120.1537 	EXP 	LDT_stim_text: height = np.float64(0.1)
120.1537 	EXP 	LDT_stim_text: text = 'berm'
120.1537 	EXP 	LDT_fix_text: autoDraw = True
120.1542 	DATA 	Keypress: a
120.2207 	EXP 	Device response: <KeyPress from None: t=120.14133600000059, value=a, duration=0.07134329999098554>
120.6375 	EXP 	LDT_stim_text: autoDraw = True
120.6459 	EXP 	LDT_fix_text: autoDraw = False
121.1883 	EXP 	Device response: <KeyPress from None: t=121.18095380003797, value=a, duration=None>
121.1887 	EXP 	New trial (rep=0, index=64): <Trial 64 (64 in rep 0) data={'Task': 'LDT', 'TrialType': 'Target', 'Stimuli': 'pahe', 'StimulusType': 'nonword', 'CorrectResponse': 'a', 'Trialnumb': 178, 'thisN': 64, 'thisTrialN': 64, 'thisRepN': 0}>
121.1965 	EXP 	LDT_fix_text: autoDraw = False
121.1965 	EXP 	LDT_stim_text: autoDraw = False
121.1965 	EXP 	LDT_break_text: autoDraw = False
121.1965 	EXP 	LDT_stim_text: height = np.float64(0.1)
121.1965 	EXP 	LDT_stim_text: height = np.float64(0.1)
121.1965 	EXP 	LDT_stim_text: height = np.float64(0.1)
121.1965 	EXP 	LDT_stim_text: text = 'pahe'
121.1965 	EXP 	LDT_fix_text: autoDraw = True
121.1970 	DATA 	Keypress: a
121.3385 	EXP 	Device response: <KeyPress from None: t=121.18095380003797, value=a, duration=0.15180039999540895>
121.6802 	EXP 	LDT_stim_text: autoDraw = True
121.6886 	EXP 	LDT_fix_text: autoDraw = False
122.1894 	EXP 	Device response: <KeyPress from None: t=122.18097660003696, value=a, duration=None>
122.1896 	EXP 	New trial (rep=0, index=65): <Trial 65 (65 in rep 0) data={'Task': 'LDT', 'TrialType': 'Target', 'Stimuli': 'man', 'StimulusType': 'word', 'CorrectResponse': 'l', 'Trialnumb': 12, 'thisN': 65, 'thisTrialN': 65, 'thisRepN': 0}>
122.1909 	DATA 	Keypress: a
122.1974 	EXP 	LDT_fix_text: autoDraw = False
122.1974 	EXP 	LDT_stim_text: autoDraw = False
122.1974 	EXP 	LDT_break_text: autoDraw = False
122.1974 	EXP 	LDT_stim_text: height = np.float64(0.1)
122.1974 	EXP 	LDT_stim_text: height = np.float64(0.1)
122.1974 	EXP 	LDT_stim_text: height = np.float64(0.1)
122.1974 	EXP 	LDT_stim_text: text = 'man'
122.1974 	EXP 	LDT_fix_text: autoDraw = True
122.3228 	EXP 	Device response: <KeyPress from None: t=122.18097660003696, value=a, duration=0.1366470999782905>
122.6812 	EXP 	LDT_stim_text: autoDraw = True
122.6896 	EXP 	LDT_fix_text: autoDraw = False
123.2740 	EXP 	Device response: <KeyPress from None: t=123.26882170001045, value=l, duration=None>
123.2743 	EXP 	New trial (rep=0, index=66): <Trial 66 (66 in rep 0) data={'Task': 'LDT', 'TrialType': 'Target', 'Stimuli': 'coss', 'StimulusType': 'nonword', 'CorrectResponse': 'a', 'Trialnumb': 133, 'thisN': 66, 'thisTrialN': 66, 'thisRepN': 0}>
123.2819 	EXP 	LDT_fix_text: autoDraw = False
123.2819 	EXP 	LDT_stim_text: autoDraw = False
123.2819 	EXP 	LDT_break_text: autoDraw = False
123.2819 	EXP 	LDT_stim_text: height = np.float64(0.1)
123.2819 	EXP 	LDT_stim_text: height = np.float64(0.1)
123.2819 	EXP 	LDT_stim_text: height = np.float64(0.1)
123.2819 	EXP 	LDT_stim_text: text = 'coss'
123.2819 	EXP 	LDT_fix_text: autoDraw = True
123.2827 	DATA 	Keypress: l
123.3238 	EXP 	Device response: <KeyPress from None: t=123.26882170001045, value=l, duration=0.04799500002991408>
123.7656 	EXP 	LDT_stim_text: autoDraw = True
123.7740 	EXP 	LDT_fix_text: autoDraw = False
124.3165 	EXP 	Device response: <KeyPress from None: t=124.30943999998271, value=a, duration=None>
124.3168 	EXP 	New trial (rep=0, index=67): <Trial 67 (67 in rep 0) data={'Task': 'LDT', 'TrialType': 'Target', 'Stimuli': 'party', 'StimulusType': 'word', 'CorrectResponse': 'l', 'Trialnumb': 59, 'thisN': 67, 'thisTrialN': 67, 'thisRepN': 0}>
124.3245 	EXP 	LDT_fix_text: autoDraw = False
124.3245 	EXP 	LDT_stim_text: autoDraw = False
124.3245 	EXP 	LDT_break_text: autoDraw = False
124.3245 	EXP 	LDT_stim_text: height = np.float64(0.1)
124.3245 	EXP 	LDT_stim_text: height = np.float64(0.1)
124.3245 	EXP 	LDT_stim_text: height = np.float64(0.1)
124.3245 	EXP 	LDT_stim_text: text = 'party'
124.3245 	EXP 	LDT_fix_text: autoDraw = True
124.3250 	DATA 	Keypress: a
124.4166 	EXP 	Device response: <KeyPress from None: t=124.30943999998271, value=a, duration=0.1034687000210397>
124.8084 	EXP 	LDT_stim_text: autoDraw = True
124.8167 	EXP 	LDT_fix_text: autoDraw = False
125.3342 	EXP 	Device response: <KeyPress from None: t=125.33281910000369, value=l, duration=None>
125.3345 	EXP 	New trial (rep=0, index=68): <Trial 68 (68 in rep 0) data={'Task': 'LDT', 'TrialType': 'Target', 'Stimuli': 'vead', 'StimulusType': 'nonword', 'CorrectResponse': 'a', 'Trialnumb': 210, 'thisN': 68, 'thisTrialN': 68, 'thisRepN': 0}>
125.3422 	EXP 	LDT_fix_text: autoDraw = False
125.3422 	EXP 	LDT_stim_text: autoDraw = False
125.3422 	EXP 	LDT_break_text: autoDraw = False
125.3422 	EXP 	LDT_stim_text: height = np.float64(0.1)
125.3422 	EXP 	LDT_stim_text: height = np.float64(0.1)
125.3422 	EXP 	LDT_stim_text: height = np.float64(0.1)
125.3422 	EXP 	LDT_stim_text: text = 'vead'
125.3422 	EXP 	LDT_fix_text: autoDraw = True
125.3427 	DATA 	Keypress: l
125.4426 	EXP 	Device response: <KeyPress from None: t=125.33281910000369, value=l, duration=0.1045783000299707>
125.8260 	EXP 	LDT_stim_text: autoDraw = True
125.8344 	EXP 	LDT_fix_text: autoDraw = False
126.6437 	EXP 	Device response: <KeyPress from None: t=126.63757690001512, value=a, duration=None>
126.6440 	EXP 	New trial (rep=0, index=69): <Trial 69 (69 in rep 0) data={'Task': 'LDT', 'TrialType': 'Target', 'Stimuli': 'class', 'StimulusType': 'word', 'CorrectResponse': 'l', 'Trialnumb': 19, 'thisN': 69, 'thisTrialN': 69, 'thisRepN': 0}>
126.6518 	EXP 	LDT_fix_text: autoDraw = False
126.6518 	EXP 	LDT_stim_text: autoDraw = False
126.6518 	EXP 	LDT_break_text: autoDraw = False
126.6518 	EXP 	LDT_stim_text: height = np.float64(0.1)
126.6518 	EXP 	LDT_stim_text: height = np.float64(0.1)
126.6518 	EXP 	LDT_stim_text: height = np.float64(0.1)
126.6518 	EXP 	LDT_stim_text: text = 'class'
126.6518 	EXP 	LDT_fix_text: autoDraw = True
126.6524 	DATA 	Keypress: a
126.7773 	EXP 	Device response: <KeyPress from None: t=126.63757690001512, value=a, duration=0.1358217999804765>
127.1357 	EXP 	LDT_stim_text: autoDraw = True
127.1440 	EXP 	LDT_fix_text: autoDraw = False
127.6448 	EXP 	Device response: <KeyPress from None: t=127.63691930001369, value=l, duration=None>
127.6450 	EXP 	New trial (rep=0, index=70): <Trial 70 (70 in rep 0) data={'Task': 'LDT', 'TrialType': 'Target', 'Stimuli': 'chase', 'StimulusType': 'word', 'CorrectResponse': 'l', 'Trialnumb': 86, 'thisN': 70, 'thisTrialN': 70, 'thisRepN': 0}>
127.6528 	EXP 	LDT_fix_text: autoDraw = False
127.6528 	EXP 	LDT_stim_text: autoDraw = False
127.6528 	EXP 	LDT_break_text: autoDraw = False
127.6528 	EXP 	LDT_stim_text: height = np.float64(0.1)
127.6528 	EXP 	LDT_stim_text: height = np.float64(0.1)
127.6528 	EXP 	LDT_stim_text: height = np.float64(0.1)
127.6528 	EXP 	LDT_stim_text: text = 'chase'
127.6528 	EXP 	LDT_fix_text: autoDraw = True
127.6533 	DATA 	Keypress: l
127.7449 	EXP 	Device response: <KeyPress from None: t=127.63691930001369, value=l, duration=0.10537200001999736>
128.1366 	EXP 	LDT_stim_text: autoDraw = True
128.1450 	EXP 	LDT_fix_text: autoDraw = False
128.7959 	EXP 	Device response: <KeyPress from None: t=128.78926910000155, value=l, duration=None>
128.7962 	EXP 	New trial (rep=0, index=71): <Trial 71 (71 in rep 0) data={'Task': 'LDT', 'TrialType': 'Target', 'Stimuli': 'yell', 'StimulusType': 'word', 'CorrectResponse': 'l', 'Trialnumb': 101, 'thisN': 71, 'thisTrialN': 71, 'thisRepN': 0}>
128.8041 	EXP 	LDT_fix_text: autoDraw = False
128.8041 	EXP 	LDT_stim_text: autoDraw = False
128.8041 	EXP 	LDT_break_text: autoDraw = False
128.8041 	EXP 	LDT_stim_text: height = np.float64(0.1)
128.8041 	EXP 	LDT_stim_text: height = np.float64(0.1)
128.8041 	EXP 	LDT_stim_text: height = np.float64(0.1)
128.8041 	EXP 	LDT_stim_text: text = 'yell'
128.8041 	EXP 	LDT_fix_text: autoDraw = True
128.8046 	DATA 	Keypress: l
128.8877 	EXP 	Device response: <KeyPress from None: t=128.78926910000155, value=l, duration=0.09614270000020042>
129.2879 	EXP 	LDT_stim_text: autoDraw = True
129.2961 	EXP 	LDT_fix_text: autoDraw = False
129.8470 	EXP 	Device response: <KeyPress from None: t=129.8453465999919, value=l, duration=None>
129.8473 	EXP 	New trial (rep=0, index=72): <Trial 72 (72 in rep 0) data={'Task': 'LDT', 'TrialType': 'Target', 'Stimuli': 'stap', 'StimulusType': 'nonword', 'CorrectResponse': 'a', 'Trialnumb': 199, 'thisN': 72, 'thisTrialN': 72, 'thisRepN': 0}>
129.8550 	EXP 	LDT_fix_text: autoDraw = False
129.8550 	EXP 	LDT_stim_text: autoDraw = False
129.8550 	EXP 	LDT_break_text: autoDraw = False
129.8550 	EXP 	LDT_stim_text: height = np.float64(0.1)
129.8550 	EXP 	LDT_stim_text: height = np.float64(0.1)
129.8550 	EXP 	LDT_stim_text: height = np.float64(0.1)
129.8550 	EXP 	LDT_stim_text: text = 'stap'
129.8550 	EXP 	LDT_fix_text: autoDraw = True
129.8555 	DATA 	Keypress: l
129.9637 	EXP 	Device response: <KeyPress from None: t=129.8453465999919, value=l, duration=0.11209020001115277>
130.3390 	EXP 	LDT_stim_text: autoDraw = True
130.3472 	EXP 	LDT_fix_text: autoDraw = False
131.0148 	EXP 	Device response: <KeyPress from None: t=131.00645889999578, value=a, duration=None>
131.0150 	EXP 	New trial (rep=0, index=73): <Trial 73 (73 in rep 0) data={'Task': 'LDT', 'TrialType': 'Target', 'Stimuli': 'large', 'StimulusType': 'word', 'CorrectResponse': 'l', 'Trialnumb': 29, 'thisN': 73, 'thisTrialN': 73, 'thisRepN': 0}>
131.0165 	DATA 	Keypress: a
131.0228 	EXP 	LDT_fix_text: autoDraw = False
131.0228 	EXP 	LDT_stim_text: autoDraw = False
131.0228 	EXP 	LDT_break_text: autoDraw = False
131.0228 	EXP 	LDT_stim_text: height = np.float64(0.1)
131.0228 	EXP 	LDT_stim_text: height = np.float64(0.1)
131.0228 	EXP 	LDT_stim_text: height = np.float64(0.1)
131.0228 	EXP 	LDT_stim_text: text = 'large'
131.0228 	EXP 	LDT_fix_text: autoDraw = True
131.1399 	EXP 	Device response: <KeyPress from None: t=131.00645889999578, value=a, duration=0.12665410002227873>
131.5067 	EXP 	LDT_stim_text: autoDraw = True
131.5150 	EXP 	LDT_fix_text: autoDraw = False
132.2243 	EXP 	Device response: <KeyPress from None: t=132.2216413000133, value=l, duration=None>
132.2246 	EXP 	New trial (rep=0, index=74): <Trial 74 (74 in rep 0) data={'Task': 'LDT', 'TrialType': 'Target', 'Stimuli': 'price', 'StimulusType': 'word', 'CorrectResponse': 'l', 'Trialnumb': 52, 'thisN': 74, 'thisTrialN': 74, 'thisRepN': 0}>
132.2324 	EXP 	LDT_fix_text: autoDraw = False
132.2324 	EXP 	LDT_stim_text: autoDraw = False
132.2324 	EXP 	LDT_break_text: autoDraw = False
132.2324 	EXP 	LDT_stim_text: height = np.float64(0.1)
132.2324 	EXP 	LDT_stim_text: height = np.float64(0.1)
132.2324 	EXP 	LDT_stim_text: height = np.float64(0.1)
132.2324 	EXP 	LDT_stim_text: text = 'price'
132.2324 	EXP 	LDT_fix_text: autoDraw = True
132.2330 	DATA 	Keypress: l
132.2994 	EXP 	Device response: <KeyPress from None: t=132.2216413000133, value=l, duration=0.07139810000080615>
132.7162 	EXP 	LDT_stim_text: autoDraw = True
132.7246 	EXP 	LDT_fix_text: autoDraw = False
133.2671 	EXP 	Device response: <KeyPress from None: t=133.2618750000256, value=l, duration=None>
133.2674 	EXP 	New trial (rep=0, index=75): <Trial 75 (75 in rep 0) data={'Task': 'LDT', 'TrialType': 'Target', 'Stimuli': 'cona', 'StimulusType': 'nonword', 'CorrectResponse': 'a', 'Trialnumb': 132, 'thisN': 75, 'thisTrialN': 75, 'thisRepN': 0}>
133.2751 	EXP 	LDT_fix_text: autoDraw = False
133.2751 	EXP 	LDT_stim_text: autoDraw = False
133.2751 	EXP 	LDT_break_text: autoDraw = False
133.2751 	EXP 	LDT_stim_text: height = np.float64(0.1)
133.2751 	EXP 	LDT_stim_text: height = np.float64(0.1)
133.2751 	EXP 	LDT_stim_text: height = np.float64(0.1)
133.2751 	EXP 	LDT_stim_text: text = 'cona'
133.2751 	EXP 	LDT_fix_text: autoDraw = True
133.2757 	DATA 	Keypress: l
133.3755 	EXP 	Device response: <KeyPress from None: t=133.2618750000256, value=l, duration=0.11221479997038841>
133.7589 	EXP 	LDT_stim_text: autoDraw = True
133.7673 	EXP 	LDT_fix_text: autoDraw = False
134.4350 	EXP 	Device response: <KeyPress from None: t=134.42955860000802, value=a, duration=None>
134.4352 	EXP 	New trial (rep=0, index=76): <Trial 76 (76 in rep 0) data={'Task': 'LDT', 'TrialType': 'Target', 'Stimuli': 'wost', 'StimulusType': 'nonword', 'CorrectResponse': 'a', 'Trialnumb': 217, 'thisN': 76, 'thisTrialN': 76, 'thisRepN': 0}>
134.4429 	EXP 	LDT_fix_text: autoDraw = False
134.4429 	EXP 	LDT_stim_text: autoDraw = False
134.4429 	EXP 	LDT_break_text: autoDraw = False
134.4429 	EXP 	LDT_stim_text: height = np.float64(0.1)
134.4429 	EXP 	LDT_stim_text: height = np.float64(0.1)
134.4429 	EXP 	LDT_stim_text: height = np.float64(0.1)
134.4429 	EXP 	LDT_stim_text: text = 'wost'
134.4429 	EXP 	LDT_fix_text: autoDraw = True
134.4435 	DATA 	Keypress: a
134.5433 	EXP 	Device response: <KeyPress from None: t=134.42955860000802, value=a, duration=0.11175350000848994>
134.9268 	EXP 	LDT_stim_text: autoDraw = True
134.9351 	EXP 	LDT_fix_text: autoDraw = False
135.4277 	EXP 	Device response: <KeyPress from None: t=135.4225388999912, value=l, duration=None>
135.4281 	EXP 	New trial (rep=0, index=77): <Trial 77 (77 in rep 0) data={'Task': 'LDT', 'TrialType': 'Target', 'Stimuli': 'part', 'StimulusType': 'word', 'CorrectResponse': 'l', 'Trialnumb': 17, 'thisN': 77, 'thisTrialN': 77, 'thisRepN': 0}>
135.4357 	EXP 	LDT_fix_text: autoDraw = False
135.4357 	EXP 	LDT_stim_text: autoDraw = False
135.4357 	EXP 	LDT_break_text: autoDraw = False
135.4357 	EXP 	LDT_stim_text: height = np.float64(0.1)
135.4357 	EXP 	LDT_stim_text: height = np.float64(0.1)
135.4357 	EXP 	LDT_stim_text: height = np.float64(0.1)
135.4357 	EXP 	LDT_stim_text: text = 'part'
135.4357 	EXP 	LDT_fix_text: autoDraw = True
135.4363 	DATA 	Keypress: l
135.5277 	EXP 	Device response: <KeyPress from None: t=135.4225388999912, value=l, duration=0.1030272000352852>
135.9196 	EXP 	LDT_stim_text: autoDraw = True
135.9277 	EXP 	LDT_fix_text: autoDraw = False
136.5787 	EXP 	Device response: <KeyPress from None: t=136.57333540002583, value=l, duration=None>
136.5789 	EXP 	New trial (rep=0, index=78): <Trial 78 (78 in rep 0) data={'Task': 'LDT', 'TrialType': 'Target', 'Stimuli': 'hass', 'StimulusType': 'nonword', 'CorrectResponse': 'a', 'Trialnumb': 151, 'thisN': 78, 'thisTrialN': 78, 'thisRepN': 0}>
136.5869 	EXP 	LDT_fix_text: autoDraw = False
136.5869 	EXP 	LDT_stim_text: autoDraw = False
136.5869 	EXP 	LDT_break_text: autoDraw = False
136.5869 	EXP 	LDT_stim_text: height = np.float64(0.1)
136.5869 	EXP 	LDT_stim_text: height = np.float64(0.1)
136.5869 	EXP 	LDT_stim_text: height = np.float64(0.1)
136.5869 	EXP 	LDT_stim_text: text = 'hass'
136.5869 	EXP 	LDT_fix_text: autoDraw = True
136.5874 	DATA 	Keypress: l
136.6954 	EXP 	Device response: <KeyPress from None: t=136.57333540002583, value=l, duration=0.11950490000890568>
137.0705 	EXP 	LDT_stim_text: autoDraw = True
137.0789 	EXP 	LDT_fix_text: autoDraw = False
137.7382 	EXP 	Device response: <KeyPress from None: t=137.73279229999753, value=a, duration=None>
137.7385 	EXP 	New trial (rep=0, index=79): <Trial 79 (79 in rep 0) data={'Task': 'LDT', 'TrialType': 'Target', 'Stimuli': 'left', 'StimulusType': 'word', 'CorrectResponse': 'l', 'Trialnumb': 27, 'thisN': 79, 'thisTrialN': 79, 'thisRepN': 0}>
137.7463 	EXP 	LDT_fix_text: autoDraw = False
137.7463 	EXP 	LDT_stim_text: autoDraw = False
137.7463 	EXP 	LDT_break_text: autoDraw = False
137.7463 	EXP 	LDT_stim_text: height = np.float64(0.1)
137.7463 	EXP 	LDT_stim_text: height = np.float64(0.1)
137.7463 	EXP 	LDT_stim_text: height = np.float64(0.1)
137.7463 	EXP 	LDT_stim_text: text = 'left'
137.7463 	EXP 	LDT_fix_text: autoDraw = True
137.7468 	DATA 	Keypress: a
137.8550 	EXP 	Device response: <KeyPress from None: t=137.73279229999753, value=a, duration=0.12039679998997599>
138.2300 	EXP 	LDT_stim_text: autoDraw = True
138.2384 	EXP 	LDT_fix_text: autoDraw = False
138.7642 	EXP 	Device response: <KeyPress from None: t=138.75683910003863, value=l, duration=None>
138.7645 	EXP 	New trial (rep=0, index=80): <Trial 80 (80 in rep 0) data={'Task': 'LDT', 'TrialType': 'Target', 'Stimuli': 'sell', 'StimulusType': 'word', 'CorrectResponse': 'l', 'Trialnumb': 65, 'thisN': 80, 'thisTrialN': 80, 'thisRepN': 0}>
138.7722 	EXP 	LDT_fix_text: autoDraw = False
138.7722 	EXP 	LDT_stim_text: autoDraw = False
138.7722 	EXP 	LDT_break_text: autoDraw = False
138.7722 	EXP 	LDT_stim_text: height = np.float64(0.1)
138.7722 	EXP 	LDT_stim_text: height = np.float64(0.1)
138.7722 	EXP 	LDT_stim_text: height = np.float64(0.1)
138.7722 	EXP 	LDT_stim_text: text = 'sell'
138.7722 	EXP 	LDT_fix_text: autoDraw = True
138.7728 	DATA 	Keypress: l
138.8811 	EXP 	Device response: <KeyPress from None: t=138.75683910003863, value=l, duration=0.12036269996315241>
139.2560 	EXP 	LDT_stim_text: autoDraw = True
139.2644 	EXP 	LDT_fix_text: autoDraw = False
139.8072 	EXP 	Device response: <KeyPress from None: t=139.8069146000198, value=l, duration=None>
139.8154 	EXP 	New trial (rep=0, index=81): <Trial 81 (81 in rep 0) data={'Task': 'LDT', 'TrialType': 'Target', 'Stimuli': 'pook', 'StimulusType': 'nonword', 'CorrectResponse': 'a', 'Trialnumb': 182, 'thisN': 81, 'thisTrialN': 81, 'thisRepN': 0}>
139.8167 	DATA 	Keypress: l
139.8233 	EXP 	LDT_fix_text: autoDraw = False
139.8233 	EXP 	LDT_stim_text: autoDraw = False
139.8233 	EXP 	LDT_break_text: autoDraw = False
139.8233 	EXP 	LDT_stim_text: height = np.float64(0.1)
139.8233 	EXP 	LDT_stim_text: height = np.float64(0.1)
139.8233 	EXP 	LDT_stim_text: height = np.float64(0.1)
139.8233 	EXP 	LDT_stim_text: text = 'pook'
139.8233 	EXP 	LDT_fix_text: autoDraw = True
139.9155 	EXP 	Device response: <KeyPress from None: t=139.8069146000198, value=l, duration=0.10175400000298396>
140.3071 	EXP 	LDT_stim_text: autoDraw = True
140.3155 	EXP 	LDT_fix_text: autoDraw = False
140.9330 	EXP 	Device response: <KeyPress from None: t=140.92553170002066, value=a, duration=None>
140.9332 	EXP 	New trial (rep=0, index=82): <Trial 82 (82 in rep 0) data={'Task': 'LDT', 'TrialType': 'Target', 'Stimuli': 'biss', 'StimulusType': 'nonword', 'CorrectResponse': 'a', 'Trialnumb': 123, 'thisN': 82, 'thisTrialN': 82, 'thisRepN': 0}>
140.9411 	EXP 	LDT_fix_text: autoDraw = False
140.9411 	EXP 	LDT_stim_text: autoDraw = False
140.9411 	EXP 	LDT_break_text: autoDraw = False
140.9411 	EXP 	LDT_stim_text: height = np.float64(0.1)
140.9411 	EXP 	LDT_stim_text: height = np.float64(0.1)
140.9411 	EXP 	LDT_stim_text: height = np.float64(0.1)
140.9411 	EXP 	LDT_stim_text: text = 'biss'
140.9411 	EXP 	LDT_fix_text: autoDraw = True
140.9416 	DATA 	Keypress: a
141.0500 	EXP 	Device response: <KeyPress from None: t=140.92553170002066, value=a, duration=0.1194344999967143>
141.4249 	EXP 	LDT_stim_text: autoDraw = True
141.4332 	EXP 	LDT_fix_text: autoDraw = False
142.1009 	EXP 	Device response: <KeyPress from None: t=142.09330220002448, value=a, duration=None>
142.1011 	EXP 	New trial (rep=0, index=83): <Trial 83 (83 in rep 0) data={'Task': 'LDT', 'TrialType': 'Target', 'Stimuli': 'short', 'StimulusType': 'word', 'CorrectResponse': 'l', 'Trialnumb': 50, 'thisN': 83, 'thisTrialN': 83, 'thisRepN': 0}>
142.1090 	EXP 	LDT_fix_text: autoDraw = False
142.1090 	EXP 	LDT_stim_text: autoDraw = False
142.1090 	EXP 	LDT_break_text: autoDraw = False
142.1090 	EXP 	LDT_stim_text: height = np.float64(0.1)
142.1090 	EXP 	LDT_stim_text: height = np.float64(0.1)
142.1090 	EXP 	LDT_stim_text: height = np.float64(0.1)
142.1090 	EXP 	LDT_stim_text: text = 'short'
142.1090 	EXP 	LDT_fix_text: autoDraw = True
142.1095 	DATA 	Keypress: a
142.2009 	EXP 	Device response: <KeyPress from None: t=142.09330220002448, value=a, duration=0.10372989997267723>
142.5927 	EXP 	LDT_stim_text: autoDraw = True
142.6011 	EXP 	LDT_fix_text: autoDraw = False
143.1519 	EXP 	Device response: <KeyPress from None: t=143.14936989999842, value=l, duration=None>
143.1522 	EXP 	New trial (rep=0, index=84): <Trial 84 (84 in rep 0) data={'Task': 'LDT', 'TrialType': 'Target', 'Stimuli': 'cean', 'StimulusType': 'nonword', 'CorrectResponse': 'a', 'Trialnumb': 126, 'thisN': 84, 'thisTrialN': 84, 'thisRepN': 0}>
143.1600 	EXP 	LDT_fix_text: autoDraw = False
143.1600 	EXP 	LDT_stim_text: autoDraw = False
143.1600 	EXP 	LDT_break_text: autoDraw = False
143.1600 	EXP 	LDT_stim_text: height = np.float64(0.1)
143.1600 	EXP 	LDT_stim_text: height = np.float64(0.1)
143.1600 	EXP 	LDT_stim_text: height = np.float64(0.1)
143.1600 	EXP 	LDT_stim_text: text = 'cean'
143.1600 	EXP 	LDT_fix_text: autoDraw = True
143.1606 	DATA 	Keypress: l
143.2437 	EXP 	Device response: <KeyPress from None: t=143.14936989999842, value=l, duration=0.08794510003644973>
143.6438 	EXP 	LDT_stim_text: autoDraw = True
143.6521 	EXP 	LDT_fix_text: autoDraw = False
144.1946 	EXP 	Device response: <KeyPress from None: t=144.18912950000959, value=a, duration=None>
144.1948 	EXP 	New trial (rep=0, index=85): <Trial 85 (85 in rep 0) data={'Task': 'LDT', 'TrialType': 'Target', 'Stimuli': 'mutch', 'StimulusType': 'nonword', 'CorrectResponse': 'a', 'Trialnumb': 175, 'thisN': 85, 'thisTrialN': 85, 'thisRepN': 0}>
144.2027 	EXP 	LDT_fix_text: autoDraw = False
144.2027 	EXP 	LDT_stim_text: autoDraw = False
144.2027 	EXP 	LDT_break_text: autoDraw = False
144.2027 	EXP 	LDT_stim_text: height = np.float64(0.1)
144.2027 	EXP 	LDT_stim_text: height = np.float64(0.1)
144.2027 	EXP 	LDT_stim_text: height = np.float64(0.1)
144.2027 	EXP 	LDT_stim_text: text = 'mutch'
144.2027 	EXP 	LDT_fix_text: autoDraw = True
144.2032 	DATA 	Keypress: a
144.3281 	EXP 	Device response: <KeyPress from None: t=144.18912950000959, value=a, duration=0.1364674000069499>
144.6865 	EXP 	LDT_stim_text: autoDraw = True
144.6948 	EXP 	LDT_fix_text: autoDraw = False
145.2540 	EXP 	Device response: <KeyPress from None: t=145.25333700003102, value=a, duration=None>
145.2542 	EXP 	New trial (rep=0, index=86): <Trial 86 (86 in rep 0) data={'Task': 'LDT', 'TrialType': 'Target', 'Stimuli': 'mass', 'StimulusType': 'word', 'CorrectResponse': 'l', 'Trialnumb': 102, 'thisN': 86, 'thisTrialN': 86, 'thisRepN': 0}>
145.2621 	EXP 	LDT_fix_text: autoDraw = False
145.2621 	EXP 	LDT_stim_text: autoDraw = False
145.2621 	EXP 	LDT_break_text: autoDraw = False
145.2621 	EXP 	LDT_stim_text: height = np.float64(0.1)
145.2621 	EXP 	LDT_stim_text: height = np.float64(0.1)
145.2621 	EXP 	LDT_stim_text: height = np.float64(0.1)
145.2621 	EXP 	LDT_stim_text: text = 'mass'
145.2621 	EXP 	LDT_fix_text: autoDraw = True
145.2626 	DATA 	Keypress: a
145.3875 	EXP 	Device response: <KeyPress from None: t=145.25333700003102, value=a, duration=0.12805820000357926>
145.7459 	EXP 	LDT_stim_text: autoDraw = True
145.7542 	EXP 	LDT_fix_text: autoDraw = False
146.3469 	EXP 	Device response: <KeyPress from None: t=146.34109070000704, value=a, duration=None>
146.3471 	EXP 	New trial (rep=0, index=87): <Trial 87 (87 in rep 0) data={'Task': 'LDT', 'TrialType': 'Target', 'Stimuli': 'peaf', 'StimulusType': 'nonword', 'CorrectResponse': 'a', 'Trialnumb': 179, 'thisN': 87, 'thisTrialN': 87, 'thisRepN': 0}>
146.3548 	EXP 	LDT_fix_text: autoDraw = False
146.3548 	EXP 	LDT_stim_text: autoDraw = False
146.3548 	EXP 	LDT_break_text: autoDraw = False
146.3548 	EXP 	LDT_stim_text: height = np.float64(0.1)
146.3548 	EXP 	LDT_stim_text: height = np.float64(0.1)
146.3548 	EXP 	LDT_stim_text: height = np.float64(0.1)
146.3548 	EXP 	LDT_stim_text: text = 'peaf'
146.3548 	EXP 	LDT_fix_text: autoDraw = True
146.3553 	DATA 	Keypress: a
146.4969 	EXP 	Device response: <KeyPress from None: t=146.34109070000704, value=a, duration=0.15193950000684708>
146.8386 	EXP 	LDT_stim_text: autoDraw = True
146.8470 	EXP 	LDT_fix_text: autoDraw = False
147.5731 	EXP 	Device response: <KeyPress from None: t=147.5658671000274, value=a, duration=None>
147.5735 	EXP 	New trial (rep=0, index=88): <Trial 88 (88 in rep 0) data={'Task': 'LDT', 'TrialType': 'Target', 'Stimuli': 'media', 'StimulusType': 'word', 'CorrectResponse': 'l', 'Trialnumb': 46, 'thisN': 88, 'thisTrialN': 88, 'thisRepN': 0}>
147.5811 	EXP 	LDT_fix_text: autoDraw = False
147.5811 	EXP 	LDT_stim_text: autoDraw = False
147.5811 	EXP 	LDT_break_text: autoDraw = False
147.5811 	EXP 	LDT_stim_text: height = np.float64(0.1)
147.5811 	EXP 	LDT_stim_text: height = np.float64(0.1)
147.5811 	EXP 	LDT_stim_text: height = np.float64(0.1)
147.5811 	EXP 	LDT_stim_text: text = 'media'
147.5811 	EXP 	LDT_fix_text: autoDraw = True
147.5817 	DATA 	Keypress: a
147.7064 	EXP 	Device response: <KeyPress from None: t=147.5658671000274, value=a, duration=0.13526099995942786>
148.0649 	EXP 	LDT_stim_text: autoDraw = True
148.0732 	EXP 	LDT_fix_text: autoDraw = False
148.6407 	EXP 	Device response: <KeyPress from None: t=148.6366988000227, value=l, duration=None>
148.6410 	EXP 	New trial (rep=0, index=89): <Trial 89 (89 in rep 0) data={'Task': 'LDT', 'TrialType': 'Target', 'Stimuli': 'rear', 'StimulusType': 'word', 'CorrectResponse': 'l', 'Trialnumb': 110, 'thisN': 89, 'thisTrialN': 89, 'thisRepN': 0}>
148.6488 	EXP 	LDT_fix_text: autoDraw = False
148.6488 	EXP 	LDT_stim_text: autoDraw = False
148.6488 	EXP 	LDT_break_text: autoDraw = False
148.6488 	EXP 	LDT_stim_text: height = np.float64(0.1)
148.6488 	EXP 	LDT_stim_text: height = np.float64(0.1)
148.6488 	EXP 	LDT_stim_text: height = np.float64(0.1)
148.6488 	EXP 	LDT_stim_text: text = 'rear'
148.6488 	EXP 	LDT_fix_text: autoDraw = True
148.6494 	DATA 	Keypress: l
148.7742 	EXP 	Device response: <KeyPress from None: t=148.6366988000227, value=l, duration=0.13662309997016564>
149.1326 	EXP 	LDT_stim_text: autoDraw = True
149.1409 	EXP 	LDT_fix_text: autoDraw = False
149.7585 	EXP 	Device response: <KeyPress from None: t=149.75721030001296, value=l, duration=None>
149.7588 	EXP 	New trial (rep=0, index=90): <Trial 90 (90 in rep 0) data={'Task': 'LDT', 'TrialType': 'Target', 'Stimuli': 'cing', 'StimulusType': 'nonword', 'CorrectResponse': 'a', 'Trialnumb': 127, 'thisN': 90, 'thisTrialN': 90, 'thisRepN': 0}>
149.7666 	EXP 	LDT_fix_text: autoDraw = False
149.7666 	EXP 	LDT_stim_text: autoDraw = False
149.7666 	EXP 	LDT_break_text: autoDraw = False
149.7666 	EXP 	LDT_stim_text: height = np.float64(0.1)
149.7666 	EXP 	LDT_stim_text: height = np.float64(0.1)
149.7666 	EXP 	LDT_stim_text: height = np.float64(0.1)
149.7666 	EXP 	LDT_stim_text: text = 'cing'
149.7666 	EXP 	LDT_fix_text: autoDraw = True
149.7671 	DATA 	Keypress: l
149.8920 	EXP 	Device response: <KeyPress from None: t=149.75721030001296, value=l, duration=0.12755259999539703>
150.2504 	EXP 	LDT_stim_text: autoDraw = True
150.2587 	EXP 	LDT_fix_text: autoDraw = False
150.9180 	EXP 	Device response: <KeyPress from None: t=150.9096215000027, value=a, duration=None>
150.9182 	EXP 	New trial (rep=0, index=91): <Trial 91 (91 in rep 0) data={'Task': 'LDT', 'TrialType': 'Target', 'Stimuli': 'juck', 'StimulusType': 'nonword', 'CorrectResponse': 'a', 'Trialnumb': 161, 'thisN': 91, 'thisTrialN': 91, 'thisRepN': 0}>
150.9194 	DATA 	Keypress: a
150.9260 	EXP 	LDT_fix_text: autoDraw = False
150.9260 	EXP 	LDT_stim_text: autoDraw = False
150.9260 	EXP 	LDT_break_text: autoDraw = False
150.9260 	EXP 	LDT_stim_text: height = np.float64(0.1)
150.9260 	EXP 	LDT_stim_text: height = np.float64(0.1)
150.9260 	EXP 	LDT_stim_text: height = np.float64(0.1)
150.9260 	EXP 	LDT_stim_text: text = 'juck'
150.9260 	EXP 	LDT_fix_text: autoDraw = True
151.0348 	EXP 	Device response: <KeyPress from None: t=150.9096215000027, value=a, duration=0.11967079999158159>
151.4098 	EXP 	LDT_stim_text: autoDraw = True
151.4182 	EXP 	LDT_fix_text: autoDraw = False
151.9524 	EXP 	Device response: <KeyPress from None: t=151.94948640000075, value=a, duration=None>
151.9527 	EXP 	New trial (rep=0, index=92): <Trial 92 (92 in rep 0) data={'Task': 'LDT', 'TrialType': 'Target', 'Stimuli': 'name', 'StimulusType': 'word', 'CorrectResponse': 'l', 'Trialnumb': 32, 'thisN': 92, 'thisTrialN': 92, 'thisRepN': 0}>
151.9604 	EXP 	LDT_fix_text: autoDraw = False
151.9604 	EXP 	LDT_stim_text: autoDraw = False
151.9604 	EXP 	LDT_break_text: autoDraw = False
151.9604 	EXP 	LDT_stim_text: height = np.float64(0.1)
151.9604 	EXP 	LDT_stim_text: height = np.float64(0.1)
151.9604 	EXP 	LDT_stim_text: height = np.float64(0.1)
151.9604 	EXP 	LDT_stim_text: text = 'name'
151.9604 	EXP 	LDT_fix_text: autoDraw = True
151.9610 	DATA 	Keypress: a
152.0858 	EXP 	Device response: <KeyPress from None: t=151.94948640000075, value=a, duration=0.13523860002169386>
152.4442 	EXP 	LDT_stim_text: autoDraw = True
152.4525 	EXP 	LDT_fix_text: autoDraw = False
152.9784 	EXP 	Device response: <KeyPress from None: t=152.97296970000025, value=l, duration=None>
152.9787 	EXP 	New trial (rep=0, index=93): <Trial 93 (93 in rep 0) data={'Task': 'LDT', 'TrialType': 'Target', 'Stimuli': 'daste', 'StimulusType': 'nonword', 'CorrectResponse': 'a', 'Trialnumb': 136, 'thisN': 93, 'thisTrialN': 93, 'thisRepN': 0}>
152.9865 	EXP 	LDT_fix_text: autoDraw = False
152.9865 	EXP 	LDT_stim_text: autoDraw = False
152.9865 	EXP 	LDT_break_text: autoDraw = False
152.9865 	EXP 	LDT_stim_text: height = np.float64(0.1)
152.9865 	EXP 	LDT_stim_text: height = np.float64(0.1)
152.9865 	EXP 	LDT_stim_text: height = np.float64(0.1)
152.9865 	EXP 	LDT_stim_text: text = 'daste'
152.9865 	EXP 	LDT_fix_text: autoDraw = True
152.9870 	DATA 	Keypress: l
153.0870 	EXP 	Device response: <KeyPress from None: t=152.97296970000025, value=l, duration=0.1123228000360541>
153.4702 	EXP 	LDT_stim_text: autoDraw = True
153.4786 	EXP 	LDT_fix_text: autoDraw = False
154.0378 	EXP 	Device response: <KeyPress from None: t=154.03684320003958, value=a, duration=None>
154.0381 	EXP 	New trial (rep=0, index=94): <Trial 94 (94 in rep 0) data={'Task': 'LDT', 'TrialType': 'Target', 'Stimuli': 'smat', 'StimulusType': 'nonword', 'CorrectResponse': 'a', 'Trialnumb': 195, 'thisN': 94, 'thisTrialN': 94, 'thisRepN': 0}>
154.0459 	EXP 	LDT_fix_text: autoDraw = False
154.0459 	EXP 	LDT_stim_text: autoDraw = False
154.0459 	EXP 	LDT_break_text: autoDraw = False
154.0459 	EXP 	LDT_stim_text: height = np.float64(0.1)
154.0459 	EXP 	LDT_stim_text: height = np.float64(0.1)
154.0459 	EXP 	LDT_stim_text: height = np.float64(0.1)
154.0459 	EXP 	LDT_stim_text: text = 'smat'
154.0459 	EXP 	LDT_fix_text: autoDraw = True
154.0465 	DATA 	Keypress: a
154.1712 	EXP 	Device response: <KeyPress from None: t=154.03684320003958, value=a, duration=0.1279956999933347>
154.5296 	EXP 	LDT_stim_text: autoDraw = True
154.5380 	EXP 	LDT_fix_text: autoDraw = False
155.4308 	EXP 	Device response: <KeyPress from None: t=155.42931999999564, value=a, duration=None>
155.4310 	EXP 	New trial (rep=0, index=95): <Trial 95 (95 in rep 0) data={'Task': 'LDT', 'TrialType': 'Target', 'Stimuli': 'sharp', 'StimulusType': 'word', 'CorrectResponse': 'l', 'Trialnumb': 94, 'thisN': 95, 'thisTrialN': 95, 'thisRepN': 0}>
155.4389 	EXP 	LDT_fix_text: autoDraw = False
155.4389 	EXP 	LDT_stim_text: autoDraw = False
155.4389 	EXP 	LDT_break_text: autoDraw = False
155.4389 	EXP 	LDT_stim_text: height = np.float64(0.1)
155.4389 	EXP 	LDT_stim_text: height = np.float64(0.1)
155.4389 	EXP 	LDT_stim_text: height = np.float64(0.1)
155.4389 	EXP 	LDT_stim_text: text = 'sharp'
155.4389 	EXP 	LDT_fix_text: autoDraw = True
155.4395 	DATA 	Keypress: a
155.5726 	EXP 	Device response: <KeyPress from None: t=155.42931999999564, value=a, duration=0.13546090002637357>
155.9227 	EXP 	LDT_stim_text: autoDraw = True
155.9310 	EXP 	LDT_fix_text: autoDraw = False
156.5069 	EXP 	Device response: <KeyPress from None: t=156.5009463999886, value=l, duration=None>
156.5071 	EXP 	New trial (rep=0, index=96): <Trial 96 (96 in rep 0) data={'Task': 'LDT', 'TrialType': 'Target', 'Stimuli': 'war', 'StimulusType': 'word', 'CorrectResponse': 'l', 'Trialnumb': 55, 'thisN': 96, 'thisTrialN': 96, 'thisRepN': 0}>
156.5149 	EXP 	LDT_fix_text: autoDraw = False
156.5149 	EXP 	LDT_stim_text: autoDraw = False
156.5149 	EXP 	LDT_break_text: autoDraw = False
156.5149 	EXP 	LDT_stim_text: height = np.float64(0.1)
156.5149 	EXP 	LDT_stim_text: height = np.float64(0.1)
156.5149 	EXP 	LDT_stim_text: height = np.float64(0.1)
156.5149 	EXP 	LDT_stim_text: text = 'war'
156.5149 	EXP 	LDT_fix_text: autoDraw = True
156.5154 	DATA 	Keypress: l
156.6069 	EXP 	Device response: <KeyPress from None: t=156.5009463999886, value=l, duration=0.10464030003640801>
156.9987 	EXP 	LDT_stim_text: autoDraw = True
157.0071 	EXP 	LDT_fix_text: autoDraw = False
157.5079 	EXP 	Device response: <KeyPress from None: t=157.50102880003396, value=l, duration=None>
157.5082 	EXP 	New trial (rep=0, index=97): <Trial 97 (97 in rep 0) data={'Task': 'LDT', 'TrialType': 'Target', 'Stimuli': 'gray', 'StimulusType': 'word', 'CorrectResponse': 'l', 'Trialnumb': 98, 'thisN': 97, 'thisTrialN': 97, 'thisRepN': 0}>
157.5160 	EXP 	LDT_fix_text: autoDraw = False
157.5160 	EXP 	LDT_stim_text: autoDraw = False
157.5160 	EXP 	LDT_break_text: autoDraw = False
157.5160 	EXP 	LDT_stim_text: height = np.float64(0.1)
157.5160 	EXP 	LDT_stim_text: height = np.float64(0.1)
157.5160 	EXP 	LDT_stim_text: height = np.float64(0.1)
157.5160 	EXP 	LDT_stim_text: text = 'gray'
157.5160 	EXP 	LDT_fix_text: autoDraw = True
157.5165 	DATA 	Keypress: l
157.5996 	EXP 	Device response: <KeyPress from None: t=157.50102880003396, value=l, duration=0.09659209998790175>
157.9998 	EXP 	LDT_stim_text: autoDraw = True
158.0081 	EXP 	LDT_fix_text: autoDraw = False
158.5257 	EXP 	Device response: <KeyPress from None: t=158.5254151999834, value=l, duration=None>
158.5260 	EXP 	New trial (rep=0, index=98): <Trial 98 (98 in rep 0) data={'Task': 'LDT', 'TrialType': 'Target', 'Stimuli': 'jight', 'StimulusType': 'nonword', 'CorrectResponse': 'a', 'Trialnumb': 159, 'thisN': 98, 'thisTrialN': 98, 'thisRepN': 0}>
158.5336 	EXP 	LDT_fix_text: autoDraw = False
158.5336 	EXP 	LDT_stim_text: autoDraw = False
158.5336 	EXP 	LDT_break_text: autoDraw = False
158.5336 	EXP 	LDT_stim_text: height = np.float64(0.1)
158.5336 	EXP 	LDT_stim_text: height = np.float64(0.1)
158.5336 	EXP 	LDT_stim_text: height = np.float64(0.1)
158.5336 	EXP 	LDT_stim_text: text = 'jight'
158.5336 	EXP 	LDT_fix_text: autoDraw = True
158.5342 	DATA 	Keypress: l
158.6423 	EXP 	Device response: <KeyPress from None: t=158.5254151999834, value=l, duration=0.11211910005658865>
159.0174 	EXP 	LDT_stim_text: autoDraw = True
159.0258 	EXP 	LDT_fix_text: autoDraw = False
159.6017 	EXP 	Device response: <KeyPress from None: t=159.59702879999531, value=a, duration=None>
159.6019 	EXP 	New trial (rep=0, index=99): <Trial 99 (99 in rep 0) data={'Task': 'LDT', 'TrialType': 'Target', 'Stimuli': 'wass', 'StimulusType': 'nonword', 'CorrectResponse': 'a', 'Trialnumb': 215, 'thisN': 99, 'thisTrialN': 99, 'thisRepN': 0}>
159.6097 	EXP 	LDT_fix_text: autoDraw = False
159.6097 	EXP 	LDT_stim_text: autoDraw = False
159.6097 	EXP 	LDT_break_text: autoDraw = False
159.6097 	EXP 	LDT_stim_text: height = np.float64(0.1)
159.6097 	EXP 	LDT_stim_text: height = np.float64(0.1)
159.6097 	EXP 	LDT_stim_text: height = np.float64(0.1)
159.6097 	EXP 	LDT_stim_text: text = 'wass'
159.6097 	EXP 	LDT_fix_text: autoDraw = True
159.6102 	DATA 	Keypress: a
159.7353 	EXP 	Device response: <KeyPress from None: t=159.59702879999531, value=a, duration=0.13658130000112578>
160.0935 	EXP 	LDT_stim_text: autoDraw = True
160.1019 	EXP 	LDT_fix_text: autoDraw = False
160.7694 	EXP 	Device response: <KeyPress from None: t=160.76504939998267, value=a, duration=None>
160.7697 	EXP 	New trial (rep=0, index=100): <Trial 100 (100 in rep 0) data={'Task': 'LDT', 'TrialType': 'Target', 'Stimuli': 'side', 'StimulusType': 'word', 'CorrectResponse': 'l', 'Trialnumb': 48, 'thisN': 100, 'thisTrialN': 100, 'thisRepN': 0}>
160.7775 	EXP 	LDT_fix_text: autoDraw = False
160.7775 	EXP 	LDT_stim_text: autoDraw = False
160.7775 	EXP 	LDT_break_text: autoDraw = False
160.7775 	EXP 	LDT_stim_text: height = np.float64(0.1)
160.7775 	EXP 	LDT_stim_text: height = np.float64(0.1)
160.7775 	EXP 	LDT_stim_text: height = np.float64(0.1)
160.7775 	EXP 	LDT_stim_text: text = 'side'
160.7775 	EXP 	LDT_fix_text: autoDraw = True
160.7780 	DATA 	Keypress: a
160.8946 	EXP 	Device response: <KeyPress from None: t=160.76504939998267, value=a, duration=0.12902089999988675>
161.2613 	EXP 	LDT_stim_text: autoDraw = True
161.2697 	EXP 	LDT_fix_text: autoDraw = False
161.8288 	EXP 	Device response: <KeyPress from None: t=161.82172519998858, value=l, duration=None>
161.8291 	EXP 	New trial (rep=0, index=101): <Trial 101 (101 in rep 0) data={'Task': 'LDT', 'TrialType': 'Target', 'Stimuli': 'flen', 'StimulusType': 'nonword', 'CorrectResponse': 'a', 'Trialnumb': 141, 'thisN': 101, 'thisTrialN': 101, 'thisRepN': 0}>
161.8369 	EXP 	LDT_fix_text: autoDraw = False
161.8369 	EXP 	LDT_stim_text: autoDraw = False
161.8369 	EXP 	LDT_break_text: autoDraw = False
161.8369 	EXP 	LDT_stim_text: height = np.float64(0.1)
161.8369 	EXP 	LDT_stim_text: height = np.float64(0.1)
161.8369 	EXP 	LDT_stim_text: height = np.float64(0.1)
161.8369 	EXP 	LDT_stim_text: text = 'flen'
161.8369 	EXP 	LDT_fix_text: autoDraw = True
161.8374 	DATA 	Keypress: l
161.9457 	EXP 	Device response: <KeyPress from None: t=161.82172519998858, value=l, duration=0.11938829999417067>
162.3207 	EXP 	LDT_stim_text: autoDraw = True
162.3291 	EXP 	LDT_fix_text: autoDraw = False
162.9469 	EXP 	Device response: <KeyPress from None: t=162.94091150001623, value=a, duration=None>
162.9471 	EXP 	New trial (rep=0, index=102): <Trial 102 (102 in rep 0) data={'Task': 'LDT', 'TrialType': 'Target', 'Stimuli': 'herl', 'StimulusType': 'nonword', 'CorrectResponse': 'a', 'Trialnumb': 152, 'thisN': 102, 'thisTrialN': 102, 'thisRepN': 0}>
162.9548 	EXP 	LDT_fix_text: autoDraw = False
162.9548 	EXP 	LDT_stim_text: autoDraw = False
162.9548 	EXP 	LDT_break_text: autoDraw = False
162.9548 	EXP 	LDT_stim_text: height = np.float64(0.1)
162.9548 	EXP 	LDT_stim_text: height = np.float64(0.1)
162.9548 	EXP 	LDT_stim_text: height = np.float64(0.1)
162.9548 	EXP 	LDT_stim_text: text = 'herl'
162.9548 	EXP 	LDT_fix_text: autoDraw = True
162.9553 	DATA 	Keypress: a
163.0885 	EXP 	Device response: <KeyPress from None: t=162.94091150001623, value=a, duration=0.143802999984473>
163.4385 	EXP 	LDT_stim_text: autoDraw = True
163.4469 	EXP 	LDT_fix_text: autoDraw = False
164.1645 	EXP 	Device response: <KeyPress from None: t=164.1571949000354, value=a, duration=None>
164.1647 	EXP 	New trial (rep=0, index=103): <Trial 103 (103 in rep 0) data={'Task': 'LDT', 'TrialType': 'Target', 'Stimuli': 'year', 'StimulusType': 'word', 'CorrectResponse': 'l', 'Trialnumb': 10, 'thisN': 103, 'thisTrialN': 103, 'thisRepN': 0}>
164.1727 	EXP 	LDT_fix_text: autoDraw = False
164.1727 	EXP 	LDT_stim_text: autoDraw = False
164.1727 	EXP 	LDT_break_text: autoDraw = False
164.1727 	EXP 	LDT_stim_text: height = np.float64(0.1)
164.1727 	EXP 	LDT_stim_text: height = np.float64(0.1)
164.1727 	EXP 	LDT_stim_text: height = np.float64(0.1)
164.1727 	EXP 	LDT_stim_text: text = 'year'
164.1727 	EXP 	LDT_fix_text: autoDraw = True
164.1733 	DATA 	Keypress: a
164.2896 	EXP 	Device response: <KeyPress from None: t=164.1571949000354, value=a, duration=0.12826239998685196>
164.6564 	EXP 	LDT_stim_text: autoDraw = True
164.6647 	EXP 	LDT_fix_text: autoDraw = False
165.2740 	EXP 	Device response: <KeyPress from None: t=165.2693421000149, value=l, duration=None>
165.2743 	EXP 	New trial (rep=0, index=104): <Trial 104 (104 in rep 0) data={'Task': 'LDT', 'TrialType': 'Target', 'Stimuli': 'full', 'StimulusType': 'word', 'CorrectResponse': 'l', 'Trialnumb': 43, 'thisN': 104, 'thisTrialN': 104, 'thisRepN': 0}>
165.2820 	EXP 	LDT_fix_text: autoDraw = False
165.2820 	EXP 	LDT_stim_text: autoDraw = False
165.2820 	EXP 	LDT_break_text: autoDraw = False
165.2820 	EXP 	LDT_stim_text: height = np.float64(0.1)
165.2820 	EXP 	LDT_stim_text: height = np.float64(0.1)
165.2820 	EXP 	LDT_stim_text: height = np.float64(0.1)
165.2820 	EXP 	LDT_stim_text: text = 'full'
165.2820 	EXP 	LDT_fix_text: autoDraw = True
165.2825 	DATA 	Keypress: l
165.3908 	EXP 	Device response: <KeyPress from None: t=165.2693421000149, value=l, duration=0.12018690002150834>
165.7658 	EXP 	LDT_stim_text: autoDraw = True
165.7741 	EXP 	LDT_fix_text: autoDraw = False
166.5085 	EXP 	Device response: <KeyPress from None: t=166.5010379999876, value=l, duration=None>
166.5088 	EXP 	New trial (rep=0, index=105): <Trial 105 (105 in rep 0) data={'Task': 'LDT', 'TrialType': 'Target', 'Stimuli': 'yine', 'StimulusType': 'nonword', 'CorrectResponse': 'a', 'Trialnumb': 220, 'thisN': 105, 'thisTrialN': 105, 'thisRepN': 0}>
166.5166 	EXP 	LDT_fix_text: autoDraw = False
166.5166 	EXP 	LDT_stim_text: autoDraw = False
166.5166 	EXP 	LDT_break_text: autoDraw = False
166.5166 	EXP 	LDT_stim_text: height = np.float64(0.1)
166.5166 	EXP 	LDT_stim_text: height = np.float64(0.1)
166.5166 	EXP 	LDT_stim_text: height = np.float64(0.1)
166.5166 	EXP 	LDT_stim_text: text = 'yine'
166.5166 	EXP 	LDT_fix_text: autoDraw = True
166.5172 	DATA 	Keypress: l
166.6170 	EXP 	Device response: <KeyPress from None: t=166.5010379999876, value=l, duration=0.11252370005240664>
167.0004 	EXP 	LDT_stim_text: autoDraw = True
167.0087 	EXP 	LDT_fix_text: autoDraw = False
167.6346 	EXP 	Device response: <KeyPress from None: t=167.62896230001934, value=a, duration=None>
167.6349 	EXP 	New trial (rep=0, index=106): <Trial 106 (106 in rep 0) data={'Task': 'LDT', 'TrialType': 'Target', 'Stimuli': 'bond', 'StimulusType': 'word', 'CorrectResponse': 'l', 'Trialnumb': 87, 'thisN': 106, 'thisTrialN': 106, 'thisRepN': 0}>
167.6428 	EXP 	LDT_fix_text: autoDraw = False
167.6428 	EXP 	LDT_stim_text: autoDraw = False
167.6428 	EXP 	LDT_break_text: autoDraw = False
167.6428 	EXP 	LDT_stim_text: height = np.float64(0.1)
167.6428 	EXP 	LDT_stim_text: height = np.float64(0.1)
167.6428 	EXP 	LDT_stim_text: height = np.float64(0.1)
167.6428 	EXP 	LDT_stim_text: text = 'bond'
167.6428 	EXP 	LDT_fix_text: autoDraw = True
167.6433 	DATA 	Keypress: a
167.8099 	EXP 	Device response: <KeyPress from None: t=167.62896230001934, value=a, duration=0.17637489998014644>
168.1265 	EXP 	LDT_stim_text: autoDraw = True
168.1348 	EXP 	LDT_fix_text: autoDraw = False
168.6608 	EXP 	Device response: <KeyPress from None: t=168.6534529000055, value=l, duration=None>
168.6610 	EXP 	New trial (rep=0, index=107): <Trial 107 (107 in rep 0) data={'Task': 'LDT', 'TrialType': 'Target', 'Stimuli': 'ill', 'StimulusType': 'word', 'CorrectResponse': 'l', 'Trialnumb': 97, 'thisN': 107, 'thisTrialN': 107, 'thisRepN': 0}>
168.6687 	EXP 	LDT_fix_text: autoDraw = False
168.6687 	EXP 	LDT_stim_text: autoDraw = False
168.6687 	EXP 	LDT_break_text: autoDraw = False
168.6687 	EXP 	LDT_stim_text: height = np.float64(0.1)
168.6687 	EXP 	LDT_stim_text: height = np.float64(0.1)
168.6687 	EXP 	LDT_stim_text: height = np.float64(0.1)
168.6687 	EXP 	LDT_stim_text: text = 'ill'
168.6687 	EXP 	LDT_fix_text: autoDraw = True
168.6693 	DATA 	Keypress: l
168.7858 	EXP 	Device response: <KeyPress from None: t=168.6534529000055, value=l, duration=0.12793770001735538>
169.1525 	EXP 	LDT_stim_text: autoDraw = True
169.1609 	EXP 	LDT_fix_text: autoDraw = False
169.6950 	EXP 	Device response: <KeyPress from None: t=169.69371110002976, value=a, duration=None>
169.6952 	EXP 	New trial (rep=0, index=108): <Trial 108 (108 in rep 0) data={'Task': 'LDT', 'TrialType': 'Target', 'Stimuli': 'food', 'StimulusType': 'word', 'CorrectResponse': 'l', 'Trialnumb': 5, 'thisN': 108, 'thisTrialN': 108, 'thisRepN': 0}>
169.7031 	EXP 	LDT_fix_text: autoDraw = False
169.7031 	EXP 	LDT_stim_text: autoDraw = False
169.7031 	EXP 	LDT_break_text: autoDraw = False
169.7031 	EXP 	LDT_stim_text: height = np.float64(0.1)
169.7031 	EXP 	LDT_stim_text: height = np.float64(0.1)
169.7031 	EXP 	LDT_stim_text: height = np.float64(0.1)
169.7031 	EXP 	LDT_stim_text: text = 'food'
169.7031 	EXP 	LDT_fix_text: autoDraw = True
169.7037 	DATA 	Keypress: a
169.7701 	EXP 	Device response: <KeyPress from None: t=169.69371110002976, value=a, duration=0.07140049996087328>
170.1869 	EXP 	LDT_stim_text: autoDraw = True
170.1952 	EXP 	LDT_fix_text: autoDraw = False
170.8379 	EXP 	Device response: <KeyPress from None: t=170.8372040000395, value=l, duration=None>
170.8381 	EXP 	New trial (rep=0, index=109): <Trial 109 (109 in rep 0) data={'Task': 'LDT', 'TrialType': 'Target', 'Stimuli': 'brone', 'StimulusType': 'nonword', 'CorrectResponse': 'a', 'Trialnumb': 125, 'thisN': 109, 'thisTrialN': 109, 'thisRepN': 0}>
170.8459 	EXP 	LDT_fix_text: autoDraw = False
170.8459 	EXP 	LDT_stim_text: autoDraw = False
170.8459 	EXP 	LDT_break_text: autoDraw = False
170.8459 	EXP 	LDT_stim_text: height = np.float64(0.1)
170.8459 	EXP 	LDT_stim_text: height = np.float64(0.1)
170.8459 	EXP 	LDT_stim_text: height = np.float64(0.1)
170.8459 	EXP 	LDT_stim_text: text = 'brone'
170.8459 	EXP 	LDT_fix_text: autoDraw = True
170.8464 	DATA 	Keypress: l
170.9546 	EXP 	Device response: <KeyPress from None: t=170.8372040000395, value=l, duration=0.11183029995299876>
171.3297 	EXP 	LDT_stim_text: autoDraw = True
171.3380 	EXP 	LDT_fix_text: autoDraw = False
171.9973 	EXP 	Device response: <KeyPress from None: t=171.98898830002872, value=a, duration=None>
171.9975 	EXP 	New trial (rep=0, index=110): <Trial 110 (110 in rep 0) data={'Task': 'LDT', 'TrialType': 'Target', 'Stimuli': 'area', 'StimulusType': 'word', 'CorrectResponse': 'l', 'Trialnumb': 49, 'thisN': 110, 'thisTrialN': 110, 'thisRepN': 0}>
172.0053 	EXP 	LDT_fix_text: autoDraw = False
172.0053 	EXP 	LDT_stim_text: autoDraw = False
172.0053 	EXP 	LDT_break_text: autoDraw = False
172.0053 	EXP 	LDT_stim_text: height = np.float64(0.1)
172.0053 	EXP 	LDT_stim_text: height = np.float64(0.1)
172.0053 	EXP 	LDT_stim_text: height = np.float64(0.1)
172.0053 	EXP 	LDT_stim_text: text = 'area'
172.0053 	EXP 	LDT_fix_text: autoDraw = True
172.0059 	DATA 	Keypress: a
172.1058 	EXP 	Device response: <KeyPress from None: t=171.98898830002872, value=a, duration=0.1118203999940306>
172.4892 	EXP 	LDT_stim_text: autoDraw = True
172.4975 	EXP 	LDT_fix_text: autoDraw = False
173.3070 	EXP 	Device response: <KeyPress from None: t=173.3015489000245, value=l, duration=None>
173.3072 	EXP 	New trial (rep=0, index=111): <Trial 111 (111 in rep 0) data={'Task': 'LDT', 'TrialType': 'Target', 'Stimuli': 'space', 'StimulusType': 'word', 'CorrectResponse': 'l', 'Trialnumb': 30, 'thisN': 111, 'thisTrialN': 111, 'thisRepN': 0}>
173.3151 	EXP 	LDT_fix_text: autoDraw = False
173.3151 	EXP 	LDT_stim_text: autoDraw = False
173.3151 	EXP 	LDT_break_text: autoDraw = False
173.3151 	EXP 	LDT_stim_text: height = np.float64(0.1)
173.3151 	EXP 	LDT_stim_text: height = np.float64(0.1)
173.3151 	EXP 	LDT_stim_text: height = np.float64(0.1)
173.3151 	EXP 	LDT_stim_text: text = 'space'
173.3151 	EXP 	LDT_fix_text: autoDraw = True
173.3156 	DATA 	Keypress: l
173.4071 	EXP 	Device response: <KeyPress from None: t=173.3015489000245, value=l, duration=0.10416230000555515>
173.7988 	EXP 	LDT_stim_text: autoDraw = True
173.8071 	EXP 	LDT_fix_text: autoDraw = False
174.4665 	EXP 	Device response: <KeyPress from None: t=174.4611843000166, value=l, duration=None>
174.4667 	EXP 	New trial (rep=0, index=112): <Trial 112 (112 in rep 0) data={'Task': 'LDT', 'TrialType': 'Target', 'Stimuli': 'cast', 'StimulusType': 'word', 'CorrectResponse': 'l', 'Trialnumb': 95, 'thisN': 112, 'thisTrialN': 112, 'thisRepN': 0}>
174.4745 	EXP 	LDT_fix_text: autoDraw = False
174.4745 	EXP 	LDT_stim_text: autoDraw = False
174.4745 	EXP 	LDT_break_text: autoDraw = False
174.4745 	EXP 	LDT_stim_text: height = np.float64(0.1)
174.4745 	EXP 	LDT_stim_text: height = np.float64(0.1)
174.4745 	EXP 	LDT_stim_text: height = np.float64(0.1)
174.4745 	EXP 	LDT_stim_text: text = 'cast'
174.4745 	EXP 	LDT_fix_text: autoDraw = True
174.4750 	DATA 	Keypress: l
174.5749 	EXP 	Device response: <KeyPress from None: t=174.4611843000166, value=l, duration=0.10569719999330118>
174.9583 	EXP 	LDT_stim_text: autoDraw = True
174.9666 	EXP 	LDT_fix_text: autoDraw = False
175.8262 	EXP 	Device response: <KeyPress from None: t=175.8208054000279, value=l, duration=None>
175.8265 	EXP 	New trial (rep=0, index=113): <Trial 113 (113 in rep 0) data={'Task': 'LDT', 'TrialType': 'Target', 'Stimuli': 'half', 'StimulusType': 'word', 'CorrectResponse': 'l', 'Trialnumb': 51, 'thisN': 113, 'thisTrialN': 113, 'thisRepN': 0}>
175.8342 	EXP 	LDT_fix_text: autoDraw = False
175.8342 	EXP 	LDT_stim_text: autoDraw = False
175.8342 	EXP 	LDT_break_text: autoDraw = False
175.8342 	EXP 	LDT_stim_text: height = np.float64(0.1)
175.8342 	EXP 	LDT_stim_text: height = np.float64(0.1)
175.8342 	EXP 	LDT_stim_text: height = np.float64(0.1)
175.8342 	EXP 	LDT_stim_text: text = 'half'
175.8342 	EXP 	LDT_fix_text: autoDraw = True
175.8347 	DATA 	Keypress: l
175.9596 	EXP 	Device response: <KeyPress from None: t=175.8208054000279, value=l, duration=0.1359148999908939>
176.3181 	EXP 	LDT_stim_text: autoDraw = True
176.3264 	EXP 	LDT_fix_text: autoDraw = False
176.8938 	EXP 	Device response: <KeyPress from None: t=176.88581489998614, value=l, duration=None>
176.8941 	EXP 	New trial (rep=0, index=114): <Trial 114 (114 in rep 0) data={'Task': 'LDT', 'TrialType': 'Target', 'Stimuli': 'saos', 'StimulusType': 'nonword', 'CorrectResponse': 'a', 'Trialnumb': 115, 'thisN': 114, 'thisTrialN': 114, 'thisRepN': 0}>
176.9021 	EXP 	LDT_fix_text: autoDraw = False
176.9021 	EXP 	LDT_stim_text: autoDraw = False
176.9021 	EXP 	LDT_break_text: autoDraw = False
176.9021 	EXP 	LDT_stim_text: height = np.float64(0.1)
176.9021 	EXP 	LDT_stim_text: height = np.float64(0.1)
176.9021 	EXP 	LDT_stim_text: height = np.float64(0.1)
176.9021 	EXP 	LDT_stim_text: text = 'saos'
176.9021 	EXP 	LDT_fix_text: autoDraw = True
176.9026 	DATA 	Keypress: l
177.0024 	EXP 	Device response: <KeyPress from None: t=176.88581489998614, value=l, duration=0.11109469999792054>
177.3858 	EXP 	LDT_stim_text: autoDraw = True
177.3941 	EXP 	LDT_fix_text: autoDraw = False
177.9866 	EXP 	Device response: <KeyPress from None: t=177.98154770000838, value=a, duration=None>
177.9868 	EXP 	New trial (rep=0, index=115): <Trial 115 (115 in rep 0) data={'Task': 'LDT', 'TrialType': 'Target', 'Stimuli': 'pack', 'StimulusType': 'word', 'CorrectResponse': 'l', 'Trialnumb': 76, 'thisN': 115, 'thisTrialN': 115, 'thisRepN': 0}>
177.9950 	EXP 	LDT_fix_text: autoDraw = False
177.9950 	EXP 	LDT_stim_text: autoDraw = False
177.9950 	EXP 	LDT_break_text: autoDraw = False
177.9950 	EXP 	LDT_stim_text: height = np.float64(0.1)
177.9950 	EXP 	LDT_stim_text: height = np.float64(0.1)
177.9950 	EXP 	LDT_stim_text: height = np.float64(0.1)
177.9950 	EXP 	LDT_stim_text: text = 'pack'
177.9950 	EXP 	LDT_fix_text: autoDraw = True
177.9955 	DATA 	Keypress: a
178.0868 	EXP 	Device response: <KeyPress from None: t=177.98154770000838, value=a, duration=0.10371529997792095>
178.4785 	EXP 	LDT_stim_text: autoDraw = True
178.4868 	EXP 	LDT_fix_text: autoDraw = False
179.1296 	EXP 	Device response: <KeyPress from None: t=179.12522650003666, value=l, duration=None>
179.1300 	EXP 	New trial (rep=0, index=116): <Trial 116 (116 in rep 0) data={'Task': 'LDT', 'TrialType': 'Target', 'Stimuli': 'sere', 'StimulusType': 'nonword', 'CorrectResponse': 'a', 'Trialnumb': 190, 'thisN': 116, 'thisTrialN': 116, 'thisRepN': 0}>
179.1375 	EXP 	LDT_fix_text: autoDraw = False
179.1375 	EXP 	LDT_stim_text: autoDraw = False
179.1375 	EXP 	LDT_break_text: autoDraw = False
179.1375 	EXP 	LDT_stim_text: height = np.float64(0.1)
179.1375 	EXP 	LDT_stim_text: height = np.float64(0.1)
179.1375 	EXP 	LDT_stim_text: height = np.float64(0.1)
179.1375 	EXP 	LDT_stim_text: text = 'sere'
179.1375 	EXP 	LDT_fix_text: autoDraw = True
179.1380 	DATA 	Keypress: l
179.2461 	EXP 	Device response: <KeyPress from None: t=179.12522650003666, value=l, duration=0.1134129999554716>
179.6213 	EXP 	LDT_stim_text: autoDraw = True
179.6296 	EXP 	LDT_fix_text: autoDraw = False
180.2306 	EXP 	Device response: <KeyPress from None: t=180.22902179998346, value=a, duration=None>
180.2308 	EXP 	New trial (rep=0, index=117): <Trial 117 (117 in rep 0) data={'Task': 'LDT', 'TrialType': 'Target', 'Stimuli': 'ate', 'StimulusType': 'word', 'CorrectResponse': 'l', 'Trialnumb': 85, 'thisN': 117, 'thisTrialN': 117, 'thisRepN': 0}>
180.2386 	EXP 	LDT_fix_text: autoDraw = False
180.2386 	EXP 	LDT_stim_text: autoDraw = False
180.2386 	EXP 	LDT_break_text: autoDraw = False
180.2386 	EXP 	LDT_stim_text: height = np.float64(0.1)
180.2386 	EXP 	LDT_stim_text: height = np.float64(0.1)
180.2386 	EXP 	LDT_stim_text: height = np.float64(0.1)
180.2386 	EXP 	LDT_stim_text: text = 'ate'
180.2386 	EXP 	LDT_fix_text: autoDraw = True
180.2391 	DATA 	Keypress: a
180.3389 	EXP 	Device response: <KeyPress from None: t=180.22902179998346, value=a, duration=0.10443960002157837>
180.7224 	EXP 	LDT_stim_text: autoDraw = True
180.7307 	EXP 	LDT_fix_text: autoDraw = False
181.2232 	EXP 	Device response: <KeyPress from None: t=181.22115759999724, value=l, duration=None>
181.2235 	EXP 	New trial (rep=0, index=118): <Trial 118 (118 in rep 0) data={'Task': 'LDT', 'TrialType': 'Target', 'Stimuli': 'bust', 'StimulusType': 'word', 'CorrectResponse': 'l', 'Trialnumb': 91, 'thisN': 118, 'thisTrialN': 118, 'thisRepN': 0}>
181.2312 	EXP 	LDT_fix_text: autoDraw = False
181.2312 	EXP 	LDT_stim_text: autoDraw = False
181.2312 	EXP 	LDT_break_text: autoDraw = False
181.2312 	EXP 	LDT_stim_text: height = np.float64(0.1)
181.2312 	EXP 	LDT_stim_text: height = np.float64(0.1)
181.2312 	EXP 	LDT_stim_text: height = np.float64(0.1)
181.2312 	EXP 	LDT_stim_text: text = 'bust'
181.2312 	EXP 	LDT_fix_text: autoDraw = True
181.2318 	DATA 	Keypress: l
181.3567 	EXP 	Device response: <KeyPress from None: t=181.22115759999724, value=l, duration=0.1282018999918364>
181.7150 	EXP 	LDT_stim_text: autoDraw = True
181.7235 	EXP 	LDT_fix_text: autoDraw = False
182.1659 	EXP 	Device response: <KeyPress from None: t=182.16483990004053, value=l, duration=None>
182.1662 	EXP 	New trial (rep=0, index=119): <Trial 119 (119 in rep 0) data={'Task': 'LDT', 'TrialType': 'Target', 'Stimuli': 'slim', 'StimulusType': 'word', 'CorrectResponse': 'l', 'Trialnumb': 111, 'thisN': 119, 'thisTrialN': 119, 'thisRepN': 0}>
182.1740 	EXP 	LDT_fix_text: autoDraw = False
182.1740 	EXP 	LDT_stim_text: autoDraw = False
182.1740 	EXP 	LDT_break_text: autoDraw = False
182.1740 	EXP 	LDT_stim_text: height = np.float64(0.1)
182.1740 	EXP 	LDT_stim_text: height = np.float64(0.1)
182.1740 	EXP 	LDT_stim_text: height = np.float64(0.1)
182.1740 	EXP 	LDT_stim_text: text = 'slim'
182.1740 	EXP 	LDT_fix_text: autoDraw = True
182.1745 	DATA 	Keypress: l
182.3076 	EXP 	Device response: <KeyPress from None: t=182.16483990004053, value=l, duration=0.13601929997093976>
182.6577 	EXP 	LDT_stim_text: autoDraw = True
182.6660 	EXP 	LDT_fix_text: autoDraw = False
183.1335 	EXP 	Device response: <KeyPress from None: t=183.13273250003112, value=l, duration=None>
183.1415 	EXP 	LDT_fix_text: autoDraw = False
183.1415 	EXP 	LDT_stim_text: autoDraw = False
183.1415 	EXP 	LDT_break_text: autoDraw = True
183.1420 	DATA 	Keypress: l
183.2585 	EXP 	Device response: <KeyPress from None: t=183.13273250003112, value=l, duration=0.12002539995592088>
184.8771 	EXP 	Device response: <KeyPress from None: t=184.8768570999964, value=space, duration=None>
184.8853 	EXP 	New trial (rep=0, index=120): <Trial 120 (120 in rep 0) data={'Task': 'LDT', 'TrialType': 'Target', 'Stimuli': 'stort', 'StimulusType': 'nonword', 'CorrectResponse': 'a', 'Trialnumb': 201, 'thisN': 120, 'thisTrialN': 120, 'thisRepN': 0}>
184.8866 	DATA 	Keypress: space
184.8932 	EXP 	LDT_break_text: autoDraw = False
184.8932 	EXP 	LDT_stim_text: height = np.float64(0.1)
184.8932 	EXP 	LDT_stim_text: height = np.float64(0.1)
184.8932 	EXP 	LDT_stim_text: height = np.float64(0.1)
184.8932 	EXP 	LDT_stim_text: text = 'stort'
184.8932 	EXP 	LDT_fix_text: autoDraw = True
184.9770 	EXP 	Device response: <KeyPress from None: t=184.8768570999964, value=space, duration=0.09666720003588125>
185.3771 	EXP 	LDT_stim_text: autoDraw = True
185.3854 	EXP 	LDT_fix_text: autoDraw = False
186.1365 	EXP 	Device response: <KeyPress from None: t=186.13449259998742, value=a, duration=None>
186.1367 	EXP 	New trial (rep=0, index=121): <Trial 121 (121 in rep 0) data={'Task': 'LDT', 'TrialType': 'Target', 'Stimuli': 'wake', 'StimulusType': 'word', 'CorrectResponse': 'l', 'Trialnumb': 63, 'thisN': 121, 'thisTrialN': 121, 'thisRepN': 0}>
186.1446 	EXP 	LDT_fix_text: autoDraw = False
186.1446 	EXP 	LDT_stim_text: autoDraw = False
186.1446 	EXP 	LDT_break_text: autoDraw = False
186.1446 	EXP 	LDT_stim_text: height = np.float64(0.1)
186.1446 	EXP 	LDT_stim_text: height = np.float64(0.1)
186.1446 	EXP 	LDT_stim_text: height = np.float64(0.1)
186.1446 	EXP 	LDT_stim_text: text = 'wake'
186.1446 	EXP 	LDT_fix_text: autoDraw = True
186.1452 	DATA 	Keypress: a
186.2533 	EXP 	Device response: <KeyPress from None: t=186.13449259998742, value=a, duration=0.11824750003870577>
186.6283 	EXP 	LDT_stim_text: autoDraw = True
186.6366 	EXP 	LDT_fix_text: autoDraw = False
187.0875 	EXP 	Device response: <KeyPress from None: t=187.0851745000109, value=l, duration=None>
187.0878 	EXP 	New trial (rep=0, index=122): <Trial 122 (122 in rep 0) data={'Task': 'LDT', 'TrialType': 'Target', 'Stimuli': 'burz', 'StimulusType': 'nonword', 'CorrectResponse': 'a', 'Trialnumb': 112, 'thisN': 122, 'thisTrialN': 122, 'thisRepN': 0}>
187.0954 	EXP 	LDT_fix_text: autoDraw = False
187.0954 	EXP 	LDT_stim_text: autoDraw = False
187.0954 	EXP 	LDT_break_text: autoDraw = False
187.0954 	EXP 	LDT_stim_text: height = np.float64(0.1)
187.0954 	EXP 	LDT_stim_text: height = np.float64(0.1)
187.0954 	EXP 	LDT_stim_text: height = np.float64(0.1)
187.0954 	EXP 	LDT_stim_text: text = 'burz'
187.0954 	EXP 	LDT_fix_text: autoDraw = True
187.0959 	DATA 	Keypress: l
187.2043 	EXP 	Device response: <KeyPress from None: t=187.0851745000109, value=l, duration=0.1122486999956891>
187.5792 	EXP 	LDT_stim_text: autoDraw = True
187.5876 	EXP 	LDT_fix_text: autoDraw = False
188.1885 	EXP 	Device response: <KeyPress from None: t=188.18162099999608, value=a, duration=None>
188.1887 	EXP 	New trial (rep=0, index=123): <Trial 123 (123 in rep 0) data={'Task': 'LDT', 'TrialType': 'Target', 'Stimuli': 'eall', 'StimulusType': 'nonword', 'CorrectResponse': 'a', 'Trialnumb': 138, 'thisN': 123, 'thisTrialN': 123, 'thisRepN': 0}>
188.1966 	EXP 	LDT_fix_text: autoDraw = False
188.1966 	EXP 	LDT_stim_text: autoDraw = False
188.1966 	EXP 	LDT_break_text: autoDraw = False
188.1966 	EXP 	LDT_stim_text: height = np.float64(0.1)
188.1966 	EXP 	LDT_stim_text: height = np.float64(0.1)
188.1966 	EXP 	LDT_stim_text: height = np.float64(0.1)
188.1966 	EXP 	LDT_stim_text: text = 'eall'
188.1966 	EXP 	LDT_fix_text: autoDraw = True
188.1971 	DATA 	Keypress: a
188.2802 	EXP 	Device response: <KeyPress from None: t=188.18162099999608, value=a, duration=0.09531599999172613>
188.6803 	EXP 	LDT_stim_text: autoDraw = True
188.6887 	EXP 	LDT_fix_text: autoDraw = False
189.2729 	EXP 	Device response: <KeyPress from None: t=189.27027520001866, value=a, duration=None>
189.2731 	EXP 	New trial (rep=0, index=124): <Trial 124 (124 in rep 0) data={'Task': 'LDT', 'TrialType': 'Target', 'Stimuli': 'flow', 'StimulusType': 'word', 'CorrectResponse': 'l', 'Trialnumb': 108, 'thisN': 124, 'thisTrialN': 124, 'thisRepN': 0}>
189.2809 	EXP 	LDT_fix_text: autoDraw = False
189.2809 	EXP 	LDT_stim_text: autoDraw = False
189.2809 	EXP 	LDT_break_text: autoDraw = False
189.2809 	EXP 	LDT_stim_text: height = np.float64(0.1)
189.2809 	EXP 	LDT_stim_text: height = np.float64(0.1)
189.2809 	EXP 	LDT_stim_text: height = np.float64(0.1)
189.2809 	EXP 	LDT_stim_text: text = 'flow'
189.2809 	EXP 	LDT_fix_text: autoDraw = True
189.2814 	DATA 	Keypress: a
189.3813 	EXP 	Device response: <KeyPress from None: t=189.27027520001866, value=a, duration=0.10267280001426116>
189.7647 	EXP 	LDT_stim_text: autoDraw = True
189.7731 	EXP 	LDT_fix_text: autoDraw = False
190.2488 	EXP 	Device response: <KeyPress from None: t=190.2450506000314, value=l, duration=None>
190.2490 	EXP 	New trial (rep=0, index=125): <Trial 125 (125 in rep 0) data={'Task': 'LDT', 'TrialType': 'Target', 'Stimuli': 'flat', 'StimulusType': 'word', 'CorrectResponse': 'l', 'Trialnumb': 92, 'thisN': 125, 'thisTrialN': 125, 'thisRepN': 0}>
190.2569 	EXP 	LDT_fix_text: autoDraw = False
190.2569 	EXP 	LDT_stim_text: autoDraw = False
190.2569 	EXP 	LDT_break_text: autoDraw = False
190.2569 	EXP 	LDT_stim_text: height = np.float64(0.1)
190.2569 	EXP 	LDT_stim_text: height = np.float64(0.1)
190.2569 	EXP 	LDT_stim_text: height = np.float64(0.1)
190.2569 	EXP 	LDT_stim_text: text = 'flat'
190.2569 	EXP 	LDT_fix_text: autoDraw = True
190.2575 	DATA 	Keypress: l
190.3907 	EXP 	Device response: <KeyPress from None: t=190.2450506000314, value=l, duration=0.13723269995534793>
190.7407 	EXP 	LDT_stim_text: autoDraw = True
190.7491 	EXP 	LDT_fix_text: autoDraw = False
191.4500 	EXP 	Device response: <KeyPress from None: t=191.4455326999887, value=l, duration=None>
191.4503 	EXP 	New trial (rep=0, index=126): <Trial 126 (126 in rep 0) data={'Task': 'LDT', 'TrialType': 'Target', 'Stimuli': 'tuke', 'StimulusType': 'nonword', 'CorrectResponse': 'a', 'Trialnumb': 208, 'thisN': 126, 'thisTrialN': 126, 'thisRepN': 0}>
191.4582 	EXP 	LDT_fix_text: autoDraw = False
191.4582 	EXP 	LDT_stim_text: autoDraw = False
191.4582 	EXP 	LDT_break_text: autoDraw = False
191.4582 	EXP 	LDT_stim_text: height = np.float64(0.1)
191.4582 	EXP 	LDT_stim_text: height = np.float64(0.1)
191.4582 	EXP 	LDT_stim_text: height = np.float64(0.1)
191.4582 	EXP 	LDT_stim_text: text = 'tuke'
191.4582 	EXP 	LDT_fix_text: autoDraw = True
191.4588 	DATA 	Keypress: l
191.5751 	EXP 	Device response: <KeyPress from None: t=191.4455326999887, value=l, duration=0.12713190005160868>
191.9419 	EXP 	LDT_stim_text: autoDraw = True
191.9502 	EXP 	LDT_fix_text: autoDraw = False
192.5429 	EXP 	Device response: <KeyPress from None: t=192.54124869999941, value=a, duration=None>
192.5431 	EXP 	New trial (rep=0, index=127): <Trial 127 (127 in rep 0) data={'Task': 'LDT', 'TrialType': 'Target', 'Stimuli': 'anto', 'StimulusType': 'nonword', 'CorrectResponse': 'a', 'Trialnumb': 117, 'thisN': 127, 'thisTrialN': 127, 'thisRepN': 0}>
192.5508 	EXP 	LDT_fix_text: autoDraw = False
192.5508 	EXP 	LDT_stim_text: autoDraw = False
192.5508 	EXP 	LDT_break_text: autoDraw = False
192.5508 	EXP 	LDT_stim_text: height = np.float64(0.1)
192.5508 	EXP 	LDT_stim_text: height = np.float64(0.1)
192.5508 	EXP 	LDT_stim_text: height = np.float64(0.1)
192.5508 	EXP 	LDT_stim_text: text = 'anto'
192.5508 	EXP 	LDT_fix_text: autoDraw = True
192.5513 	DATA 	Keypress: a
192.6597 	EXP 	Device response: <KeyPress from None: t=192.54124869999941, value=a, duration=0.11146119999466464>
193.0347 	EXP 	LDT_stim_text: autoDraw = True
193.0430 	EXP 	LDT_fix_text: autoDraw = False
193.6605 	EXP 	Device response: <KeyPress from None: t=193.65274879999924, value=a, duration=None>
193.6607 	EXP 	New trial (rep=0, index=128): <Trial 128 (128 in rep 0) data={'Task': 'LDT', 'TrialType': 'Target', 'Stimuli': 'stip', 'StimulusType': 'nonword', 'CorrectResponse': 'a', 'Trialnumb': 200, 'thisN': 128, 'thisTrialN': 128, 'thisRepN': 0}>
193.6687 	EXP 	LDT_fix_text: autoDraw = False
193.6687 	EXP 	LDT_stim_text: autoDraw = False
193.6687 	EXP 	LDT_break_text: autoDraw = False
193.6687 	EXP 	LDT_stim_text: height = np.float64(0.1)
193.6687 	EXP 	LDT_stim_text: height = np.float64(0.1)
193.6687 	EXP 	LDT_stim_text: height = np.float64(0.1)
193.6687 	EXP 	LDT_stim_text: text = 'stip'
193.6687 	EXP 	LDT_fix_text: autoDraw = True
193.6692 	DATA 	Keypress: a
193.7857 	EXP 	Device response: <KeyPress from None: t=193.65274879999924, value=a, duration=0.1287253000191413>
194.1524 	EXP 	LDT_stim_text: autoDraw = True
194.1608 	EXP 	LDT_fix_text: autoDraw = False
194.7117 	EXP 	Device response: <KeyPress from None: t=194.70888550003292, value=a, duration=None>
194.7119 	EXP 	New trial (rep=0, index=129): <Trial 129 (129 in rep 0) data={'Task': 'LDT', 'TrialType': 'Target', 'Stimuli': 'blue', 'StimulusType': 'word', 'CorrectResponse': 'l', 'Trialnumb': 57, 'thisN': 129, 'thisTrialN': 129, 'thisRepN': 0}>
194.7197 	EXP 	LDT_fix_text: autoDraw = False
194.7197 	EXP 	LDT_stim_text: autoDraw = False
194.7197 	EXP 	LDT_break_text: autoDraw = False
194.7197 	EXP 	LDT_stim_text: height = np.float64(0.1)
194.7197 	EXP 	LDT_stim_text: height = np.float64(0.1)
194.7197 	EXP 	LDT_stim_text: height = np.float64(0.1)
194.7197 	EXP 	LDT_stim_text: text = 'blue'
194.7197 	EXP 	LDT_fix_text: autoDraw = True
194.7202 	DATA 	Keypress: a
194.8285 	EXP 	Device response: <KeyPress from None: t=194.70888550003292, value=a, duration=0.11223799997242168>
195.2035 	EXP 	LDT_stim_text: autoDraw = True
195.2118 	EXP 	LDT_fix_text: autoDraw = False
195.7126 	EXP 	Device response: <KeyPress from None: t=195.70955710002454, value=l, duration=None>
195.7129 	EXP 	New trial (rep=0, index=130): <Trial 130 (130 in rep 0) data={'Task': 'LDT', 'TrialType': 'Target', 'Stimuli': 'virus', 'StimulusType': 'word', 'CorrectResponse': 'l', 'Trialnumb': 100, 'thisN': 130, 'thisTrialN': 130, 'thisRepN': 0}>
195.7208 	EXP 	LDT_fix_text: autoDraw = False
195.7208 	EXP 	LDT_stim_text: autoDraw = False
195.7208 	EXP 	LDT_break_text: autoDraw = False
195.7208 	EXP 	LDT_stim_text: height = np.float64(0.1)
195.7208 	EXP 	LDT_stim_text: height = np.float64(0.1)
195.7208 	EXP 	LDT_stim_text: height = np.float64(0.1)
195.7208 	EXP 	LDT_stim_text: text = 'virus'
195.7208 	EXP 	LDT_fix_text: autoDraw = True
195.7213 	DATA 	Keypress: l
195.8377 	EXP 	Device response: <KeyPress from None: t=195.70955710002454, value=l, duration=0.12068339996039867>
196.2045 	EXP 	LDT_stim_text: autoDraw = True
196.2128 	EXP 	LDT_fix_text: autoDraw = False
196.7303 	EXP 	Device response: <KeyPress from None: t=196.7250570000033, value=l, duration=None>
196.7306 	EXP 	New trial (rep=0, index=131): <Trial 131 (131 in rep 0) data={'Task': 'LDT', 'TrialType': 'Target', 'Stimuli': 'set', 'StimulusType': 'word', 'CorrectResponse': 'l', 'Trialnumb': 36, 'thisN': 131, 'thisTrialN': 131, 'thisRepN': 0}>
196.7383 	EXP 	LDT_fix_text: autoDraw = False
196.7383 	EXP 	LDT_stim_text: autoDraw = False
196.7383 	EXP 	LDT_break_text: autoDraw = False
196.7383 	EXP 	LDT_stim_text: height = np.float64(0.1)
196.7383 	EXP 	LDT_stim_text: height = np.float64(0.1)
196.7383 	EXP 	LDT_stim_text: height = np.float64(0.1)
196.7383 	EXP 	LDT_stim_text: text = 'set'
196.7383 	EXP 	LDT_fix_text: autoDraw = True
196.7389 	DATA 	Keypress: l
196.8555 	EXP 	Device response: <KeyPress from None: t=196.7250570000033, value=l, duration=0.12770230002934113>
197.2222 	EXP 	LDT_stim_text: autoDraw = True
197.2305 	EXP 	LDT_fix_text: autoDraw = False
197.6646 	EXP 	Device response: <KeyPress from None: t=197.6622032999876, value=l, duration=None>
197.6648 	EXP 	New trial (rep=0, index=132): <Trial 132 (132 in rep 0) data={'Task': 'LDT', 'TrialType': 'Target', 'Stimuli': 'talm', 'StimulusType': 'nonword', 'CorrectResponse': 'a', 'Trialnumb': 202, 'thisN': 132, 'thisTrialN': 132, 'thisRepN': 0}>
197.6726 	EXP 	LDT_fix_text: autoDraw = False
197.6726 	EXP 	LDT_stim_text: autoDraw = False
197.6726 	EXP 	LDT_break_text: autoDraw = False
197.6726 	EXP 	LDT_stim_text: height = np.float64(0.1)
197.6726 	EXP 	LDT_stim_text: height = np.float64(0.1)
197.6726 	EXP 	LDT_stim_text: height = np.float64(0.1)
197.6726 	EXP 	LDT_stim_text: text = 'talm'
197.6726 	EXP 	LDT_fix_text: autoDraw = True
197.6731 	DATA 	Keypress: l
197.7731 	EXP 	Device response: <KeyPress from None: t=197.6622032999876, value=l, duration=0.11061430000700057>
198.1564 	EXP 	LDT_stim_text: autoDraw = True
198.1648 	EXP 	LDT_fix_text: autoDraw = False
198.7240 	EXP 	Device response: <KeyPress from None: t=198.71694529999513, value=a, duration=None>
198.7243 	EXP 	New trial (rep=0, index=133): <Trial 133 (133 in rep 0) data={'Task': 'LDT', 'TrialType': 'Target', 'Stimuli': 'veek', 'StimulusType': 'nonword', 'CorrectResponse': 'a', 'Trialnumb': 211, 'thisN': 133, 'thisTrialN': 133, 'thisRepN': 0}>
198.7320 	EXP 	LDT_fix_text: autoDraw = False
198.7320 	EXP 	LDT_stim_text: autoDraw = False
198.7320 	EXP 	LDT_break_text: autoDraw = False
198.7320 	EXP 	LDT_stim_text: height = np.float64(0.1)
198.7320 	EXP 	LDT_stim_text: height = np.float64(0.1)
198.7320 	EXP 	LDT_stim_text: height = np.float64(0.1)
198.7320 	EXP 	LDT_stim_text: text = 'veek'
198.7320 	EXP 	LDT_fix_text: autoDraw = True
198.7325 	DATA 	Keypress: a
198.8574 	EXP 	Device response: <KeyPress from None: t=198.71694529999513, value=a, duration=0.1358606000430882>
199.2158 	EXP 	LDT_stim_text: autoDraw = True
199.2242 	EXP 	LDT_fix_text: autoDraw = False
199.8167 	EXP 	Device response: <KeyPress from None: t=199.8129970000009, value=a, duration=None>
199.8170 	EXP 	New trial (rep=0, index=134): <Trial 134 (134 in rep 0) data={'Task': 'LDT', 'TrialType': 'Target', 'Stimuli': 'neep', 'StimulusType': 'nonword', 'CorrectResponse': 'a', 'Trialnumb': 176, 'thisN': 134, 'thisTrialN': 134, 'thisRepN': 0}>
199.8247 	EXP 	LDT_fix_text: autoDraw = False
199.8247 	EXP 	LDT_stim_text: autoDraw = False
199.8247 	EXP 	LDT_break_text: autoDraw = False
199.8247 	EXP 	LDT_stim_text: height = np.float64(0.1)
199.8247 	EXP 	LDT_stim_text: height = np.float64(0.1)
199.8247 	EXP 	LDT_stim_text: height = np.float64(0.1)
199.8247 	EXP 	LDT_stim_text: text = 'neep'
199.8247 	EXP 	LDT_fix_text: autoDraw = True
199.8253 	DATA 	Keypress: a
199.9419 	EXP 	Device response: <KeyPress from None: t=199.8129970000009, value=a, duration=0.12807969999266788>
200.3086 	EXP 	LDT_stim_text: autoDraw = True
200.3170 	EXP 	LDT_fix_text: autoDraw = False
201.0096 	EXP 	Device response: <KeyPress from None: t=201.00650509999832, value=a, duration=None>
201.0098 	EXP 	New trial (rep=0, index=135): <Trial 135 (135 in rep 0) data={'Task': 'LDT', 'TrialType': 'Target', 'Stimuli': 'unit', 'StimulusType': 'word', 'CorrectResponse': 'l', 'Trialnumb': 82, 'thisN': 135, 'thisTrialN': 135, 'thisRepN': 0}>
201.0176 	EXP 	LDT_fix_text: autoDraw = False
201.0176 	EXP 	LDT_stim_text: autoDraw = False
201.0176 	EXP 	LDT_break_text: autoDraw = False
201.0176 	EXP 	LDT_stim_text: height = np.float64(0.1)
201.0176 	EXP 	LDT_stim_text: height = np.float64(0.1)
201.0176 	EXP 	LDT_stim_text: height = np.float64(0.1)
201.0176 	EXP 	LDT_stim_text: text = 'unit'
201.0176 	EXP 	LDT_fix_text: autoDraw = True
201.0181 	DATA 	Keypress: a
201.1181 	EXP 	Device response: <KeyPress from None: t=201.00650509999832, value=a, duration=0.11058770003728569>
201.5015 	EXP 	LDT_stim_text: autoDraw = True
201.5098 	EXP 	LDT_fix_text: autoDraw = False
202.1273 	EXP 	Device response: <KeyPress from None: t=202.1260547999991, value=l, duration=None>
202.1276 	EXP 	New trial (rep=0, index=136): <Trial 136 (136 in rep 0) data={'Task': 'LDT', 'TrialType': 'Target', 'Stimuli': 'sloy', 'StimulusType': 'nonword', 'CorrectResponse': 'a', 'Trialnumb': 194, 'thisN': 136, 'thisTrialN': 136, 'thisRepN': 0}>
202.1355 	EXP 	LDT_fix_text: autoDraw = False
202.1355 	EXP 	LDT_stim_text: autoDraw = False
202.1355 	EXP 	LDT_break_text: autoDraw = False
202.1355 	EXP 	LDT_stim_text: height = np.float64(0.1)
202.1355 	EXP 	LDT_stim_text: height = np.float64(0.1)
202.1355 	EXP 	LDT_stim_text: height = np.float64(0.1)
202.1355 	EXP 	LDT_stim_text: text = 'sloy'
202.1355 	EXP 	LDT_fix_text: autoDraw = True
202.1360 	DATA 	Keypress: l
202.2525 	EXP 	Device response: <KeyPress from None: t=202.1260547999991, value=l, duration=0.11896560003515333>
202.6192 	EXP 	LDT_stim_text: autoDraw = True
202.6275 	EXP 	LDT_fix_text: autoDraw = False
203.2786 	EXP 	Device response: <KeyPress from None: t=203.2777753000264, value=a, duration=None>
203.2788 	EXP 	New trial (rep=0, index=137): <Trial 137 (137 in rep 0) data={'Task': 'LDT', 'TrialType': 'Target', 'Stimuli': 'yeep', 'StimulusType': 'nonword', 'CorrectResponse': 'a', 'Trialnumb': 219, 'thisN': 137, 'thisTrialN': 137, 'thisRepN': 0}>
203.2867 	EXP 	LDT_fix_text: autoDraw = False
203.2867 	EXP 	LDT_stim_text: autoDraw = False
203.2867 	EXP 	LDT_break_text: autoDraw = False
203.2867 	EXP 	LDT_stim_text: height = np.float64(0.1)
203.2867 	EXP 	LDT_stim_text: height = np.float64(0.1)
203.2867 	EXP 	LDT_stim_text: height = np.float64(0.1)
203.2867 	EXP 	LDT_stim_text: text = 'yeep'
203.2867 	EXP 	LDT_fix_text: autoDraw = True
203.2873 	DATA 	Keypress: a
203.4036 	EXP 	Device response: <KeyPress from None: t=203.2777753000264, value=a, duration=0.1206131000071764>
203.7703 	EXP 	LDT_stim_text: autoDraw = True
203.7787 	EXP 	LDT_fix_text: autoDraw = False
204.4631 	EXP 	Device response: <KeyPress from None: t=204.46169490000466, value=a, duration=None>
204.4634 	EXP 	New trial (rep=0, index=138): <Trial 138 (138 in rep 0) data={'Task': 'LDT', 'TrialType': 'Target', 'Stimuli': 'yast', 'StimulusType': 'nonword', 'CorrectResponse': 'a', 'Trialnumb': 218, 'thisN': 138, 'thisTrialN': 138, 'thisRepN': 0}>
204.4711 	EXP 	LDT_fix_text: autoDraw = False
204.4711 	EXP 	LDT_stim_text: autoDraw = False
204.4711 	EXP 	LDT_break_text: autoDraw = False
204.4711 	EXP 	LDT_stim_text: height = np.float64(0.1)
204.4711 	EXP 	LDT_stim_text: height = np.float64(0.1)
204.4711 	EXP 	LDT_stim_text: height = np.float64(0.1)
204.4711 	EXP 	LDT_stim_text: text = 'yast'
204.4711 	EXP 	LDT_fix_text: autoDraw = True
204.4716 	DATA 	Keypress: a
204.5881 	EXP 	Device response: <KeyPress from None: t=204.46169490000466, value=a, duration=0.11900170001899824>
204.9549 	EXP 	LDT_stim_text: autoDraw = True
204.9632 	EXP 	LDT_fix_text: autoDraw = False
205.5558 	EXP 	Device response: <KeyPress from None: t=205.54991679999512, value=a, duration=None>
205.5561 	EXP 	New trial (rep=0, index=139): <Trial 139 (139 in rep 0) data={'Task': 'LDT', 'TrialType': 'Target', 'Stimuli': 'back', 'StimulusType': 'word', 'CorrectResponse': 'l', 'Trialnumb': 8, 'thisN': 139, 'thisTrialN': 139, 'thisRepN': 0}>
205.5638 	EXP 	LDT_fix_text: autoDraw = False
205.5638 	EXP 	LDT_stim_text: autoDraw = False
205.5638 	EXP 	LDT_break_text: autoDraw = False
205.5638 	EXP 	LDT_stim_text: height = np.float64(0.1)
205.5638 	EXP 	LDT_stim_text: height = np.float64(0.1)
205.5638 	EXP 	LDT_stim_text: height = np.float64(0.1)
205.5638 	EXP 	LDT_stim_text: text = 'back'
205.5638 	EXP 	LDT_fix_text: autoDraw = True
205.5643 	DATA 	Keypress: a
205.6642 	EXP 	Device response: <KeyPress from None: t=205.54991679999512, value=a, duration=0.1115350000327453>
206.0476 	EXP 	LDT_stim_text: autoDraw = True
206.0560 	EXP 	LDT_fix_text: autoDraw = False
206.4734 	EXP 	Device response: <KeyPress from None: t=206.4687156000291, value=l, duration=None>
206.4737 	EXP 	New trial (rep=0, index=140): <Trial 140 (140 in rep 0) data={'Task': 'LDT', 'TrialType': 'Target', 'Stimuli': 'sale', 'StimulusType': 'word', 'CorrectResponse': 'l', 'Trialnumb': 93, 'thisN': 140, 'thisTrialN': 140, 'thisRepN': 0}>
206.4814 	EXP 	LDT_fix_text: autoDraw = False
206.4814 	EXP 	LDT_stim_text: autoDraw = False
206.4814 	EXP 	LDT_break_text: autoDraw = False
206.4814 	EXP 	LDT_stim_text: height = np.float64(0.1)
206.4814 	EXP 	LDT_stim_text: height = np.float64(0.1)
206.4814 	EXP 	LDT_stim_text: height = np.float64(0.1)
206.4814 	EXP 	LDT_stim_text: text = 'sale'
206.4814 	EXP 	LDT_fix_text: autoDraw = True
206.4820 	DATA 	Keypress: l
206.5736 	EXP 	Device response: <KeyPress from None: t=206.4687156000291, value=l, duration=0.10461699997540563>
206.9652 	EXP 	LDT_stim_text: autoDraw = True
206.9736 	EXP 	LDT_fix_text: autoDraw = False
207.5160 	EXP 	Device response: <KeyPress from None: t=207.5100841000094, value=l, duration=None>
207.5163 	EXP 	New trial (rep=0, index=141): <Trial 141 (141 in rep 0) data={'Task': 'LDT', 'TrialType': 'Target', 'Stimuli': 'cire', 'StimulusType': 'nonword', 'CorrectResponse': 'a', 'Trialnumb': 129, 'thisN': 141, 'thisTrialN': 141, 'thisRepN': 0}>
207.5241 	EXP 	LDT_fix_text: autoDraw = False
207.5241 	EXP 	LDT_stim_text: autoDraw = False
207.5241 	EXP 	LDT_break_text: autoDraw = False
207.5241 	EXP 	LDT_stim_text: height = np.float64(0.1)
207.5241 	EXP 	LDT_stim_text: height = np.float64(0.1)
207.5241 	EXP 	LDT_stim_text: height = np.float64(0.1)
207.5241 	EXP 	LDT_stim_text: text = 'cire'
207.5241 	EXP 	LDT_fix_text: autoDraw = True
207.5247 	DATA 	Keypress: l
207.6078 	EXP 	Device response: <KeyPress from None: t=207.5100841000094, value=l, duration=0.09616439999081194>
208.0079 	EXP 	LDT_stim_text: autoDraw = True
208.0162 	EXP 	LDT_fix_text: autoDraw = False
208.5171 	EXP 	Device response: <KeyPress from None: t=208.50905340001918, value=a, duration=None>
208.5173 	EXP 	New trial (rep=0, index=142): <Trial 142 (142 in rep 0) data={'Task': 'LDT', 'TrialType': 'Target', 'Stimuli': 'zeer', 'StimulusType': 'nonword', 'CorrectResponse': 'a', 'Trialnumb': 222, 'thisN': 142, 'thisTrialN': 142, 'thisRepN': 0}>
208.5251 	EXP 	LDT_fix_text: autoDraw = False
208.5251 	EXP 	LDT_stim_text: autoDraw = False
208.5251 	EXP 	LDT_break_text: autoDraw = False
208.5251 	EXP 	LDT_stim_text: height = np.float64(0.1)
208.5251 	EXP 	LDT_stim_text: height = np.float64(0.1)
208.5251 	EXP 	LDT_stim_text: height = np.float64(0.1)
208.5251 	EXP 	LDT_stim_text: text = 'zeer'
208.5251 	EXP 	LDT_fix_text: autoDraw = True
208.5256 	DATA 	Keypress: a
208.6589 	EXP 	Device response: <KeyPress from None: t=208.50905340001918, value=a, duration=0.14413480000803247>
209.0089 	EXP 	LDT_stim_text: autoDraw = True
209.0172 	EXP 	LDT_fix_text: autoDraw = False
209.5932 	EXP 	Device response: <KeyPress from None: t=209.58980379998684, value=a, duration=None>
209.5934 	EXP 	New trial (rep=0, index=143): <Trial 143 (143 in rep 0) data={'Task': 'LDT', 'TrialType': 'Target', 'Stimuli': 'hard', 'StimulusType': 'word', 'CorrectResponse': 'l', 'Trialnumb': 22, 'thisN': 143, 'thisTrialN': 143, 'thisRepN': 0}>
209.6012 	EXP 	LDT_fix_text: autoDraw = False
209.6012 	EXP 	LDT_stim_text: autoDraw = False
209.6012 	EXP 	LDT_break_text: autoDraw = False
209.6012 	EXP 	LDT_stim_text: height = np.float64(0.1)
209.6012 	EXP 	LDT_stim_text: height = np.float64(0.1)
209.6012 	EXP 	LDT_stim_text: height = np.float64(0.1)
209.6012 	EXP 	LDT_stim_text: text = 'hard'
209.6012 	EXP 	LDT_fix_text: autoDraw = True
209.6018 	DATA 	Keypress: a
209.7350 	EXP 	Device response: <KeyPress from None: t=209.58980379998684, value=a, duration=0.14429110003402457>
210.0850 	EXP 	LDT_stim_text: autoDraw = True
210.0935 	EXP 	LDT_fix_text: autoDraw = False
210.5859 	EXP 	Device response: <KeyPress from None: t=210.58132920000935, value=l, duration=None>
210.5862 	EXP 	New trial (rep=0, index=144): <Trial 144 (144 in rep 0) data={'Task': 'LDT', 'TrialType': 'Target', 'Stimuli': 'still', 'StimulusType': 'word', 'CorrectResponse': 'l', 'Trialnumb': 14, 'thisN': 144, 'thisTrialN': 144, 'thisRepN': 0}>
210.5938 	EXP 	LDT_fix_text: autoDraw = False
210.5938 	EXP 	LDT_stim_text: autoDraw = False
210.5938 	EXP 	LDT_break_text: autoDraw = False
210.5938 	EXP 	LDT_stim_text: height = np.float64(0.1)
210.5938 	EXP 	LDT_stim_text: height = np.float64(0.1)
210.5938 	EXP 	LDT_stim_text: height = np.float64(0.1)
210.5938 	EXP 	LDT_stim_text: text = 'still'
210.5938 	EXP 	LDT_fix_text: autoDraw = True
210.5944 	DATA 	Keypress: l
210.6858 	EXP 	Device response: <KeyPress from None: t=210.58132920000935, value=l, duration=0.09630340000148863>
211.0777 	EXP 	LDT_stim_text: autoDraw = True
211.0860 	EXP 	LDT_fix_text: autoDraw = False
211.6537 	EXP 	Device response: <KeyPress from None: t=211.65333850000752, value=l, duration=None>
211.6539 	EXP 	New trial (rep=0, index=145): <Trial 145 (145 in rep 0) data={'Task': 'LDT', 'TrialType': 'Target', 'Stimuli': 'gali', 'StimulusType': 'nonword', 'CorrectResponse': 'a', 'Trialnumb': 113, 'thisN': 145, 'thisTrialN': 145, 'thisRepN': 0}>
211.6616 	EXP 	LDT_fix_text: autoDraw = False
211.6616 	EXP 	LDT_stim_text: autoDraw = False
211.6616 	EXP 	LDT_break_text: autoDraw = False
211.6616 	EXP 	LDT_stim_text: height = np.float64(0.1)
211.6616 	EXP 	LDT_stim_text: height = np.float64(0.1)
211.6616 	EXP 	LDT_stim_text: height = np.float64(0.1)
211.6616 	EXP 	LDT_stim_text: text = 'gali'
211.6616 	EXP 	LDT_fix_text: autoDraw = True
211.6622 	DATA 	Keypress: l
211.8036 	EXP 	Device response: <KeyPress from None: t=211.65333850000752, value=l, duration=0.14447010000003502>
212.1454 	EXP 	LDT_stim_text: autoDraw = True
212.1537 	EXP 	LDT_fix_text: autoDraw = False
212.6629 	EXP 	Device response: <KeyPress from None: t=212.66121970000677, value=a, duration=None>
212.6632 	EXP 	New trial (rep=0, index=146): <Trial 146 (146 in rep 0) data={'Task': 'LDT', 'TrialType': 'Target', 'Stimuli': 'basp', 'StimulusType': 'nonword', 'CorrectResponse': 'a', 'Trialnumb': 118, 'thisN': 146, 'thisTrialN': 146, 'thisRepN': 0}>
212.6710 	EXP 	LDT_fix_text: autoDraw = False
212.6710 	EXP 	LDT_stim_text: autoDraw = False
212.6710 	EXP 	LDT_break_text: autoDraw = False
212.6710 	EXP 	LDT_stim_text: height = np.float64(0.1)
212.6710 	EXP 	LDT_stim_text: height = np.float64(0.1)
212.6710 	EXP 	LDT_stim_text: height = np.float64(0.1)
212.6710 	EXP 	LDT_stim_text: text = 'basp'
212.6710 	EXP 	LDT_fix_text: autoDraw = True
212.6715 	DATA 	Keypress: a
212.7629 	EXP 	Device response: <KeyPress from None: t=212.66121970000677, value=a, duration=0.09677609999198467>
213.1547 	EXP 	LDT_stim_text: autoDraw = True
213.1630 	EXP 	LDT_fix_text: autoDraw = False
213.8807 	EXP 	Device response: <KeyPress from None: t=213.8771591000259, value=a, duration=None>
213.8810 	EXP 	New trial (rep=0, index=147): <Trial 147 (147 in rep 0) data={'Task': 'LDT', 'TrialType': 'Target', 'Stimuli': 'tuse', 'StimulusType': 'nonword', 'CorrectResponse': 'a', 'Trialnumb': 209, 'thisN': 147, 'thisTrialN': 147, 'thisRepN': 0}>
213.8888 	EXP 	LDT_fix_text: autoDraw = False
213.8888 	EXP 	LDT_stim_text: autoDraw = False
213.8888 	EXP 	LDT_break_text: autoDraw = False
213.8888 	EXP 	LDT_stim_text: height = np.float64(0.1)
213.8888 	EXP 	LDT_stim_text: height = np.float64(0.1)
213.8888 	EXP 	LDT_stim_text: height = np.float64(0.1)
213.8888 	EXP 	LDT_stim_text: text = 'tuse'
213.8888 	EXP 	LDT_fix_text: autoDraw = True
213.8893 	DATA 	Keypress: a
214.0142 	EXP 	Device response: <KeyPress from None: t=213.8771591000259, value=a, duration=0.135945999994874>
214.3726 	EXP 	LDT_stim_text: autoDraw = True
214.3809 	EXP 	LDT_fix_text: autoDraw = False
214.9652 	EXP 	Device response: <KeyPress from None: t=214.95701589999953, value=a, duration=None>
214.9655 	EXP 	New trial (rep=0, index=148): <Trial 148 (148 in rep 0) data={'Task': 'LDT', 'TrialType': 'Target', 'Stimuli': 'hirs', 'StimulusType': 'nonword', 'CorrectResponse': 'a', 'Trialnumb': 153, 'thisN': 148, 'thisTrialN': 148, 'thisRepN': 0}>
214.9732 	EXP 	LDT_fix_text: autoDraw = False
214.9732 	EXP 	LDT_stim_text: autoDraw = False
214.9732 	EXP 	LDT_break_text: autoDraw = False
214.9732 	EXP 	LDT_stim_text: height = np.float64(0.1)
214.9732 	EXP 	LDT_stim_text: height = np.float64(0.1)
214.9732 	EXP 	LDT_stim_text: height = np.float64(0.1)
214.9732 	EXP 	LDT_stim_text: text = 'hirs'
214.9732 	EXP 	LDT_fix_text: autoDraw = True
214.9738 	DATA 	Keypress: a
215.0568 	EXP 	Device response: <KeyPress from None: t=214.95701589999953, value=a, duration=0.09632890002103522>
215.4570 	EXP 	LDT_stim_text: autoDraw = True
215.4654 	EXP 	LDT_fix_text: autoDraw = False
216.0162 	EXP 	Device response: <KeyPress from None: t=216.0131596000283, value=a, duration=None>
216.0165 	EXP 	New trial (rep=0, index=149): <Trial 149 (149 in rep 0) data={'Task': 'LDT', 'TrialType': 'Target', 'Stimuli': 'loil', 'StimulusType': 'nonword', 'CorrectResponse': 'a', 'Trialnumb': 170, 'thisN': 149, 'thisTrialN': 149, 'thisRepN': 0}>
216.0242 	EXP 	LDT_fix_text: autoDraw = False
216.0242 	EXP 	LDT_stim_text: autoDraw = False
216.0242 	EXP 	LDT_break_text: autoDraw = False
216.0242 	EXP 	LDT_stim_text: height = np.float64(0.1)
216.0242 	EXP 	LDT_stim_text: height = np.float64(0.1)
216.0242 	EXP 	LDT_stim_text: height = np.float64(0.1)
216.0242 	EXP 	LDT_stim_text: text = 'loil'
216.0242 	EXP 	LDT_fix_text: autoDraw = True
216.0247 	DATA 	Keypress: a
216.1496 	EXP 	Device response: <KeyPress from None: t=216.0131596000283, value=a, duration=0.1288910000002943>
216.5080 	EXP 	LDT_stim_text: autoDraw = True
216.5164 	EXP 	LDT_fix_text: autoDraw = False
217.1176 	EXP 	Device response: <KeyPress from None: t=217.1173173999996, value=a, duration=None>
217.1260 	EXP 	New trial (rep=0, index=150): <Trial 150 (150 in rep 0) data={'Task': 'LDT', 'TrialType': 'Target', 'Stimuli': 'chat', 'StimulusType': 'word', 'CorrectResponse': 'l', 'Trialnumb': 103, 'thisN': 150, 'thisTrialN': 150, 'thisRepN': 0}>
217.1273 	DATA 	Keypress: a
217.1337 	EXP 	LDT_fix_text: autoDraw = False
217.1337 	EXP 	LDT_stim_text: autoDraw = False
217.1337 	EXP 	LDT_break_text: autoDraw = False
217.1337 	EXP 	LDT_stim_text: height = np.float64(0.1)
217.1337 	EXP 	LDT_stim_text: height = np.float64(0.1)
217.1337 	EXP 	LDT_stim_text: height = np.float64(0.1)
217.1337 	EXP 	LDT_stim_text: text = 'chat'
217.1337 	EXP 	LDT_fix_text: autoDraw = True
217.2341 	EXP 	Device response: <KeyPress from None: t=217.1173173999996, value=a, duration=0.11239730002125725>
217.6175 	EXP 	LDT_stim_text: autoDraw = True
217.6258 	EXP 	LDT_fix_text: autoDraw = False
218.1267 	EXP 	Device response: <KeyPress from None: t=218.1251445999951, value=l, duration=None>
218.1269 	EXP 	New trial (rep=0, index=151): <Trial 151 (151 in rep 0) data={'Task': 'LDT', 'TrialType': 'Target', 'Stimuli': 'hork', 'StimulusType': 'nonword', 'CorrectResponse': 'a', 'Trialnumb': 156, 'thisN': 151, 'thisTrialN': 151, 'thisRepN': 0}>
218.1347 	EXP 	LDT_fix_text: autoDraw = False
218.1347 	EXP 	LDT_stim_text: autoDraw = False
218.1347 	EXP 	LDT_break_text: autoDraw = False
218.1347 	EXP 	LDT_stim_text: height = np.float64(0.1)
218.1347 	EXP 	LDT_stim_text: height = np.float64(0.1)
218.1347 	EXP 	LDT_stim_text: height = np.float64(0.1)
218.1347 	EXP 	LDT_stim_text: text = 'hork'
218.1347 	EXP 	LDT_fix_text: autoDraw = True
218.1352 	DATA 	Keypress: l
218.2185 	EXP 	Device response: <KeyPress from None: t=218.1251445999951, value=l, duration=0.08800660003907979>
218.6185 	EXP 	LDT_stim_text: autoDraw = True
218.6268 	EXP 	LDT_fix_text: autoDraw = False
219.2028 	EXP 	Device response: <KeyPress from None: t=219.19834050000645, value=l, duration=None>
219.2030 	EXP 	New trial (rep=0, index=152): <Trial 152 (152 in rep 0) data={'Task': 'LDT', 'TrialType': 'Target', 'Stimuli': 'stad', 'StimulusType': 'nonword', 'CorrectResponse': 'a', 'Trialnumb': 116, 'thisN': 152, 'thisTrialN': 152, 'thisRepN': 0}>
219.2107 	EXP 	LDT_fix_text: autoDraw = False
219.2107 	EXP 	LDT_stim_text: autoDraw = False
219.2107 	EXP 	LDT_break_text: autoDraw = False
219.2107 	EXP 	LDT_stim_text: height = np.float64(0.1)
219.2107 	EXP 	LDT_stim_text: height = np.float64(0.1)
219.2107 	EXP 	LDT_stim_text: height = np.float64(0.1)
219.2107 	EXP 	LDT_stim_text: text = 'stad'
219.2107 	EXP 	LDT_fix_text: autoDraw = True
219.2114 	DATA 	Keypress: l
219.2944 	EXP 	Device response: <KeyPress from None: t=219.19834050000645, value=l, duration=0.09478959999978542>
219.6946 	EXP 	LDT_stim_text: autoDraw = True
219.7029 	EXP 	LDT_fix_text: autoDraw = False
220.4623 	EXP 	Device response: <KeyPress from None: t=220.46170500002336, value=a, duration=None>
220.4626 	EXP 	New trial (rep=0, index=153): <Trial 153 (153 in rep 0) data={'Task': 'LDT', 'TrialType': 'Target', 'Stimuli': 'haro', 'StimulusType': 'nonword', 'CorrectResponse': 'a', 'Trialnumb': 150, 'thisN': 153, 'thisTrialN': 153, 'thisRepN': 0}>
220.4704 	EXP 	LDT_fix_text: autoDraw = False
220.4704 	EXP 	LDT_stim_text: autoDraw = False
220.4704 	EXP 	LDT_break_text: autoDraw = False
220.4704 	EXP 	LDT_stim_text: height = np.float64(0.1)
220.4704 	EXP 	LDT_stim_text: height = np.float64(0.1)
220.4704 	EXP 	LDT_stim_text: height = np.float64(0.1)
220.4704 	EXP 	LDT_stim_text: text = 'haro'
220.4704 	EXP 	LDT_fix_text: autoDraw = True
220.4709 	DATA 	Keypress: a
220.5624 	EXP 	Device response: <KeyPress from None: t=220.46170500002336, value=a, duration=0.0953014999977313>
220.9541 	EXP 	LDT_stim_text: autoDraw = True
220.9625 	EXP 	LDT_fix_text: autoDraw = False
221.6635 	EXP 	Device response: <KeyPress from None: t=221.66207540000323, value=a, duration=None>
221.6638 	EXP 	New trial (rep=0, index=154): <Trial 154 (154 in rep 0) data={'Task': 'LDT', 'TrialType': 'Target', 'Stimuli': 'rap', 'StimulusType': 'word', 'CorrectResponse': 'l', 'Trialnumb': 109, 'thisN': 154, 'thisTrialN': 154, 'thisRepN': 0}>
221.6716 	EXP 	LDT_fix_text: autoDraw = False
221.6716 	EXP 	LDT_stim_text: autoDraw = False
221.6716 	EXP 	LDT_break_text: autoDraw = False
221.6716 	EXP 	LDT_stim_text: height = np.float64(0.1)
221.6716 	EXP 	LDT_stim_text: height = np.float64(0.1)
221.6716 	EXP 	LDT_stim_text: height = np.float64(0.1)
221.6716 	EXP 	LDT_stim_text: text = 'rap'
221.6716 	EXP 	LDT_fix_text: autoDraw = True
221.6722 	DATA 	Keypress: a
221.7969 	EXP 	Device response: <KeyPress from None: t=221.66207540000323, value=a, duration=0.12741280003683642>
222.1554 	EXP 	LDT_stim_text: autoDraw = True
222.1637 	EXP 	LDT_fix_text: autoDraw = False
222.6395 	EXP 	Device response: <KeyPress from None: t=222.63731399999233, value=l, duration=None>
222.6398 	EXP 	New trial (rep=0, index=155): <Trial 155 (155 in rep 0) data={'Task': 'LDT', 'TrialType': 'Target', 'Stimuli': 'loak', 'StimulusType': 'nonword', 'CorrectResponse': 'a', 'Trialnumb': 169, 'thisN': 155, 'thisTrialN': 155, 'thisRepN': 0}>
222.6476 	EXP 	LDT_fix_text: autoDraw = False
222.6476 	EXP 	LDT_stim_text: autoDraw = False
222.6476 	EXP 	LDT_break_text: autoDraw = False
222.6476 	EXP 	LDT_stim_text: height = np.float64(0.1)
222.6476 	EXP 	LDT_stim_text: height = np.float64(0.1)
222.6476 	EXP 	LDT_stim_text: height = np.float64(0.1)
222.6476 	EXP 	LDT_stim_text: text = 'loak'
222.6476 	EXP 	LDT_fix_text: autoDraw = True
222.6482 	DATA 	Keypress: l
222.7562 	EXP 	Device response: <KeyPress from None: t=222.63731399999233, value=l, duration=0.1131419000448659>
223.1313 	EXP 	LDT_stim_text: autoDraw = True
223.1397 	EXP 	LDT_fix_text: autoDraw = False
223.7656 	EXP 	Device response: <KeyPress from None: t=223.75759009999456, value=a, duration=None>
223.7659 	EXP 	New trial (rep=0, index=156): <Trial 156 (156 in rep 0) data={'Task': 'LDT', 'TrialType': 'Target', 'Stimuli': 'reach', 'StimulusType': 'word', 'CorrectResponse': 'l', 'Trialnumb': 72, 'thisN': 156, 'thisTrialN': 156, 'thisRepN': 0}>
223.7736 	EXP 	LDT_fix_text: autoDraw = False
223.7736 	EXP 	LDT_stim_text: autoDraw = False
223.7736 	EXP 	LDT_break_text: autoDraw = False
223.7736 	EXP 	LDT_stim_text: height = np.float64(0.1)
223.7736 	EXP 	LDT_stim_text: height = np.float64(0.1)
223.7736 	EXP 	LDT_stim_text: height = np.float64(0.1)
223.7736 	EXP 	LDT_stim_text: text = 'reach'
223.7736 	EXP 	LDT_fix_text: autoDraw = True
223.7742 	DATA 	Keypress: a
223.8824 	EXP 	Device response: <KeyPress from None: t=223.75759009999456, value=a, duration=0.11944129999028519>
224.2575 	EXP 	LDT_stim_text: autoDraw = True
224.2658 	EXP 	LDT_fix_text: autoDraw = False
224.7750 	EXP 	Device response: <KeyPress from None: t=224.77292349998606, value=l, duration=None>
224.7752 	EXP 	New trial (rep=0, index=157): <Trial 157 (157 in rep 0) data={'Task': 'LDT', 'TrialType': 'Target', 'Stimuli': 'feek', 'StimulusType': 'nonword', 'CorrectResponse': 'a', 'Trialnumb': 139, 'thisN': 157, 'thisTrialN': 157, 'thisRepN': 0}>
224.7830 	EXP 	LDT_fix_text: autoDraw = False
224.7830 	EXP 	LDT_stim_text: autoDraw = False
224.7830 	EXP 	LDT_break_text: autoDraw = False
224.7830 	EXP 	LDT_stim_text: height = np.float64(0.1)
224.7830 	EXP 	LDT_stim_text: height = np.float64(0.1)
224.7830 	EXP 	LDT_stim_text: height = np.float64(0.1)
224.7830 	EXP 	LDT_stim_text: text = 'feek'
224.7830 	EXP 	LDT_fix_text: autoDraw = True
224.7835 	DATA 	Keypress: l
224.8917 	EXP 	Device response: <KeyPress from None: t=224.77292349998606, value=l, duration=0.11256720003439113>
225.2668 	EXP 	LDT_stim_text: autoDraw = True
225.2751 	EXP 	LDT_fix_text: autoDraw = False
226.0932 	EXP 	Device response: <KeyPress from None: t=226.09293310000794, value=a, duration=None>
226.1014 	EXP 	New trial (rep=0, index=158): <Trial 158 (158 in rep 0) data={'Task': 'LDT', 'TrialType': 'Target', 'Stimuli': 'judge', 'StimulusType': 'word', 'CorrectResponse': 'l', 'Trialnumb': 67, 'thisN': 158, 'thisTrialN': 158, 'thisRepN': 0}>
226.1032 	DATA 	Keypress: a
226.1093 	EXP 	LDT_fix_text: autoDraw = False
226.1093 	EXP 	LDT_stim_text: autoDraw = False
226.1093 	EXP 	LDT_break_text: autoDraw = False
226.1093 	EXP 	LDT_stim_text: height = np.float64(0.1)
226.1093 	EXP 	LDT_stim_text: height = np.float64(0.1)
226.1093 	EXP 	LDT_stim_text: height = np.float64(0.1)
226.1093 	EXP 	LDT_stim_text: text = 'judge'
226.1093 	EXP 	LDT_fix_text: autoDraw = True
226.2264 	EXP 	Device response: <KeyPress from None: t=226.09293310000794, value=a, duration=0.12939110002480447>
226.5931 	EXP 	LDT_stim_text: autoDraw = True
226.6014 	EXP 	LDT_fix_text: autoDraw = False
227.2692 	EXP 	Device response: <KeyPress from None: t=227.26873760001035, value=l, duration=None>
227.2694 	EXP 	New trial (rep=0, index=159): <Trial 159 (159 in rep 0) data={'Task': 'LDT', 'TrialType': 'Target', 'Stimuli': 'sound', 'StimulusType': 'word', 'CorrectResponse': 'l', 'Trialnumb': 40, 'thisN': 159, 'thisTrialN': 159, 'thisRepN': 0}>
227.2771 	EXP 	LDT_fix_text: autoDraw = False
227.2771 	EXP 	LDT_stim_text: autoDraw = False
227.2771 	EXP 	LDT_break_text: autoDraw = False
227.2771 	EXP 	LDT_stim_text: height = np.float64(0.1)
227.2771 	EXP 	LDT_stim_text: height = np.float64(0.1)
227.2771 	EXP 	LDT_stim_text: height = np.float64(0.1)
227.2771 	EXP 	LDT_stim_text: text = 'sound'
227.2771 	EXP 	LDT_fix_text: autoDraw = True
227.2777 	DATA 	Keypress: l
227.3776 	EXP 	Device response: <KeyPress from None: t=227.26873760001035, value=l, duration=0.1051799000124447>
227.7609 	EXP 	LDT_stim_text: autoDraw = True
227.7693 	EXP 	LDT_fix_text: autoDraw = False
228.2951 	EXP 	Device response: <KeyPress from None: t=228.29457580001326, value=l, duration=None>
228.2954 	EXP 	New trial (rep=0, index=160): <Trial 160 (160 in rep 0) data={'Task': 'LDT', 'TrialType': 'Target', 'Stimuli': 'nind', 'StimulusType': 'nonword', 'CorrectResponse': 'a', 'Trialnumb': 177, 'thisN': 160, 'thisTrialN': 160, 'thisRepN': 0}>
228.3031 	EXP 	LDT_fix_text: autoDraw = False
228.3031 	EXP 	LDT_stim_text: autoDraw = False
228.3031 	EXP 	LDT_break_text: autoDraw = False
228.3031 	EXP 	LDT_stim_text: height = np.float64(0.1)
228.3031 	EXP 	LDT_stim_text: height = np.float64(0.1)
228.3031 	EXP 	LDT_stim_text: height = np.float64(0.1)
228.3031 	EXP 	LDT_stim_text: text = 'nind'
228.3031 	EXP 	LDT_fix_text: autoDraw = True
228.3036 	DATA 	Keypress: l
228.3701 	EXP 	Device response: <KeyPress from None: t=228.29457580001326, value=l, duration=0.0717274000053294>
228.7871 	EXP 	LDT_stim_text: autoDraw = True
228.7953 	EXP 	LDT_fix_text: autoDraw = False
229.3885 	EXP 	Device response: <KeyPress from None: t=229.38076269999146, value=a, duration=None>
229.3888 	EXP 	New trial (rep=0, index=161): <Trial 161 (161 in rep 0) data={'Task': 'LDT', 'TrialType': 'Target', 'Stimuli': 'jeed', 'StimulusType': 'nonword', 'CorrectResponse': 'a', 'Trialnumb': 158, 'thisN': 161, 'thisTrialN': 161, 'thisRepN': 0}>
229.3959 	EXP 	LDT_fix_text: autoDraw = False
229.3959 	EXP 	LDT_stim_text: autoDraw = False
229.3959 	EXP 	LDT_break_text: autoDraw = False
229.3959 	EXP 	LDT_stim_text: height = np.float64(0.1)
229.3959 	EXP 	LDT_stim_text: height = np.float64(0.1)
229.3959 	EXP 	LDT_stim_text: height = np.float64(0.1)
229.3959 	EXP 	LDT_stim_text: text = 'jeed'
229.3959 	EXP 	LDT_fix_text: autoDraw = True
229.3969 	DATA 	Keypress: a
229.4632 	EXP 	Device response: <KeyPress from None: t=229.38076269999146, value=a, duration=0.07998470001621172>
229.8797 	EXP 	LDT_stim_text: autoDraw = True
229.8880 	EXP 	LDT_fix_text: autoDraw = False
230.4723 	EXP 	Device response: <KeyPress from None: t=230.4690346000134, value=a, duration=None>
230.4725 	EXP 	New trial (rep=0, index=162): <Trial 162 (162 in rep 0) data={'Task': 'LDT', 'TrialType': 'Target', 'Stimuli': 'tight', 'StimulusType': 'word', 'CorrectResponse': 'l', 'Trialnumb': 74, 'thisN': 162, 'thisTrialN': 162, 'thisRepN': 0}>
230.4803 	EXP 	LDT_fix_text: autoDraw = False
230.4803 	EXP 	LDT_stim_text: autoDraw = False
230.4803 	EXP 	LDT_break_text: autoDraw = False
230.4803 	EXP 	LDT_stim_text: height = np.float64(0.1)
230.4803 	EXP 	LDT_stim_text: height = np.float64(0.1)
230.4803 	EXP 	LDT_stim_text: height = np.float64(0.1)
230.4803 	EXP 	LDT_stim_text: text = 'tight'
230.4803 	EXP 	LDT_fix_text: autoDraw = True
230.4809 	DATA 	Keypress: a
230.5724 	EXP 	Device response: <KeyPress from None: t=230.4690346000134, value=a, duration=0.0963192000053823>
230.9641 	EXP 	LDT_stim_text: autoDraw = True
230.9725 	EXP 	LDT_fix_text: autoDraw = False
231.4565 	EXP 	Device response: <KeyPress from None: t=231.45335820002947, value=l, duration=None>
231.4568 	EXP 	New trial (rep=0, index=163): <Trial 163 (163 in rep 0) data={'Task': 'LDT', 'TrialType': 'Target', 'Stimuli': 'water', 'StimulusType': 'word', 'CorrectResponse': 'l', 'Trialnumb': 3, 'thisN': 163, 'thisTrialN': 163, 'thisRepN': 0}>
231.4646 	EXP 	LDT_fix_text: autoDraw = False
231.4646 	EXP 	LDT_stim_text: autoDraw = False
231.4646 	EXP 	LDT_break_text: autoDraw = False
231.4646 	EXP 	LDT_stim_text: height = np.float64(0.1)
231.4646 	EXP 	LDT_stim_text: height = np.float64(0.1)
231.4646 	EXP 	LDT_stim_text: height = np.float64(0.1)
231.4646 	EXP 	LDT_stim_text: text = 'water'
231.4646 	EXP 	LDT_fix_text: autoDraw = True
231.4652 	DATA 	Keypress: l
231.5567 	EXP 	Device response: <KeyPress from None: t=231.45335820002947, value=l, duration=0.0954813999705948>
231.9485 	EXP 	LDT_stim_text: autoDraw = True
231.9568 	EXP 	LDT_fix_text: autoDraw = False
232.4743 	EXP 	Device response: <KeyPress from None: t=232.46904719999293, value=l, duration=None>
232.4745 	EXP 	New trial (rep=0, index=164): <Trial 164 (164 in rep 0) data={'Task': 'LDT', 'TrialType': 'Target', 'Stimuli': 'data', 'StimulusType': 'word', 'CorrectResponse': 'l', 'Trialnumb': 41, 'thisN': 164, 'thisTrialN': 164, 'thisRepN': 0}>
232.4823 	EXP 	LDT_fix_text: autoDraw = False
232.4823 	EXP 	LDT_stim_text: autoDraw = False
232.4823 	EXP 	LDT_break_text: autoDraw = False
232.4823 	EXP 	LDT_stim_text: height = np.float64(0.1)
232.4823 	EXP 	LDT_stim_text: height = np.float64(0.1)
232.4823 	EXP 	LDT_stim_text: height = np.float64(0.1)
232.4823 	EXP 	LDT_stim_text: text = 'data'
232.4823 	EXP 	LDT_fix_text: autoDraw = True
232.4828 	DATA 	Keypress: l
232.5745 	EXP 	Device response: <KeyPress from None: t=232.46904719999293, value=l, duration=0.10426059999736026>
232.9661 	EXP 	LDT_stim_text: autoDraw = True
232.9745 	EXP 	LDT_fix_text: autoDraw = False
233.4336 	EXP 	Device response: <KeyPress from None: t=233.43060140003217, value=l, duration=None>
233.4338 	EXP 	New trial (rep=0, index=165): <Trial 165 (165 in rep 0) data={'Task': 'LDT', 'TrialType': 'Target', 'Stimuli': 'lals', 'StimulusType': 'nonword', 'CorrectResponse': 'a', 'Trialnumb': 167, 'thisN': 165, 'thisTrialN': 165, 'thisRepN': 0}>
233.4416 	EXP 	LDT_fix_text: autoDraw = False
233.4416 	EXP 	LDT_stim_text: autoDraw = False
233.4416 	EXP 	LDT_break_text: autoDraw = False
233.4416 	EXP 	LDT_stim_text: height = np.float64(0.1)
233.4416 	EXP 	LDT_stim_text: height = np.float64(0.1)
233.4416 	EXP 	LDT_stim_text: height = np.float64(0.1)
233.4416 	EXP 	LDT_stim_text: text = 'lals'
233.4416 	EXP 	LDT_fix_text: autoDraw = True
233.4421 	DATA 	Keypress: l
233.5420 	EXP 	Device response: <KeyPress from None: t=233.43060140003217, value=l, duration=0.11005669995211065>
233.9254 	EXP 	LDT_stim_text: autoDraw = True
233.9338 	EXP 	LDT_fix_text: autoDraw = False
234.4095 	EXP 	Device response: <KeyPress from None: t=234.40473970002495, value=a, duration=None>
234.4097 	EXP 	New trial (rep=0, index=166): <Trial 166 (166 in rep 0) data={'Task': 'LDT', 'TrialType': 'Target', 'Stimuli': 'serve', 'StimulusType': 'word', 'CorrectResponse': 'l', 'Trialnumb': 80, 'thisN': 166, 'thisTrialN': 166, 'thisRepN': 0}>
234.4176 	EXP 	LDT_fix_text: autoDraw = False
234.4176 	EXP 	LDT_stim_text: autoDraw = False
234.4176 	EXP 	LDT_break_text: autoDraw = False
234.4176 	EXP 	LDT_stim_text: height = np.float64(0.1)
234.4176 	EXP 	LDT_stim_text: height = np.float64(0.1)
234.4176 	EXP 	LDT_stim_text: height = np.float64(0.1)
234.4176 	EXP 	LDT_stim_text: text = 'serve'
234.4176 	EXP 	LDT_fix_text: autoDraw = True
234.4181 	DATA 	Keypress: a
234.5180 	EXP 	Device response: <KeyPress from None: t=234.40473970002495, value=a, duration=0.11218960001133382>
234.9014 	EXP 	LDT_stim_text: autoDraw = True
234.9097 	EXP 	LDT_fix_text: autoDraw = False
235.5523 	EXP 	Device response: <KeyPress from None: t=235.54903140000533, value=l, duration=None>
235.5526 	EXP 	New trial (rep=0, index=167): <Trial 167 (167 in rep 0) data={'Task': 'LDT', 'TrialType': 'Target', 'Stimuli': 'rorn', 'StimulusType': 'nonword', 'CorrectResponse': 'a', 'Trialnumb': 185, 'thisN': 167, 'thisTrialN': 167, 'thisRepN': 0}>
235.5604 	EXP 	LDT_fix_text: autoDraw = False
235.5604 	EXP 	LDT_stim_text: autoDraw = False
235.5604 	EXP 	LDT_break_text: autoDraw = False
235.5604 	EXP 	LDT_stim_text: height = np.float64(0.1)
235.5604 	EXP 	LDT_stim_text: height = np.float64(0.1)
235.5604 	EXP 	LDT_stim_text: height = np.float64(0.1)
235.5604 	EXP 	LDT_stim_text: text = 'rorn'
235.5604 	EXP 	LDT_fix_text: autoDraw = True
235.5609 	DATA 	Keypress: l
235.6858 	EXP 	Device response: <KeyPress from None: t=235.54903140000533, value=l, duration=0.1284212000318803>
236.0442 	EXP 	LDT_stim_text: autoDraw = True
236.0525 	EXP 	LDT_fix_text: autoDraw = False
236.7786 	EXP 	Device response: <KeyPress from None: t=236.7735992000089, value=a, duration=None>
236.7788 	EXP 	New trial (rep=0, index=168): <Trial 168 (168 in rep 0) data={'Task': 'LDT', 'TrialType': 'Target', 'Stimuli': 'pair', 'StimulusType': 'word', 'CorrectResponse': 'l', 'Trialnumb': 81, 'thisN': 168, 'thisTrialN': 168, 'thisRepN': 0}>
236.7866 	EXP 	LDT_fix_text: autoDraw = False
236.7866 	EXP 	LDT_stim_text: autoDraw = False
236.7866 	EXP 	LDT_break_text: autoDraw = False
236.7866 	EXP 	LDT_stim_text: height = np.float64(0.1)
236.7866 	EXP 	LDT_stim_text: height = np.float64(0.1)
236.7866 	EXP 	LDT_stim_text: height = np.float64(0.1)
236.7866 	EXP 	LDT_stim_text: text = 'pair'
236.7866 	EXP 	LDT_fix_text: autoDraw = True
236.7872 	DATA 	Keypress: a
236.8787 	EXP 	Device response: <KeyPress from None: t=236.7735992000089, value=a, duration=0.10473870002897456>
237.2704 	EXP 	LDT_stim_text: autoDraw = True
237.2787 	EXP 	LDT_fix_text: autoDraw = False
237.7711 	EXP 	Device response: <KeyPress from None: t=237.76482690003468, value=l, duration=None>
237.7714 	EXP 	New trial (rep=0, index=169): <Trial 169 (169 in rep 0) data={'Task': 'LDT', 'TrialType': 'Target', 'Stimuli': 'darb', 'StimulusType': 'nonword', 'CorrectResponse': 'a', 'Trialnumb': 134, 'thisN': 169, 'thisTrialN': 169, 'thisRepN': 0}>
237.7794 	EXP 	LDT_fix_text: autoDraw = False
237.7794 	EXP 	LDT_stim_text: autoDraw = False
237.7794 	EXP 	LDT_break_text: autoDraw = False
237.7794 	EXP 	LDT_stim_text: height = np.float64(0.1)
237.7794 	EXP 	LDT_stim_text: height = np.float64(0.1)
237.7794 	EXP 	LDT_stim_text: height = np.float64(0.1)
237.7794 	EXP 	LDT_stim_text: text = 'darb'
237.7794 	EXP 	LDT_fix_text: autoDraw = True
237.7800 	DATA 	Keypress: l
237.8546 	EXP 	Device response: <KeyPress from None: t=237.76482690003468, value=l, duration=0.08854199998313561>
238.2630 	EXP 	LDT_stim_text: autoDraw = True
238.2714 	EXP 	LDT_fix_text: autoDraw = False
239.0475 	EXP 	Device response: <KeyPress from None: t=239.04470269999, value=a, duration=None>
239.0477 	EXP 	New trial (rep=0, index=170): <Trial 170 (170 in rep 0) data={'Task': 'LDT', 'TrialType': 'Target', 'Stimuli': 'junk', 'StimulusType': 'word', 'CorrectResponse': 'l', 'Trialnumb': 105, 'thisN': 170, 'thisTrialN': 170, 'thisRepN': 0}>
239.0556 	EXP 	LDT_fix_text: autoDraw = False
239.0556 	EXP 	LDT_stim_text: autoDraw = False
239.0556 	EXP 	LDT_break_text: autoDraw = False
239.0556 	EXP 	LDT_stim_text: height = np.float64(0.1)
239.0556 	EXP 	LDT_stim_text: height = np.float64(0.1)
239.0556 	EXP 	LDT_stim_text: height = np.float64(0.1)
239.0556 	EXP 	LDT_stim_text: text = 'junk'
239.0556 	EXP 	LDT_fix_text: autoDraw = True
239.0562 	DATA 	Keypress: a
239.1725 	EXP 	Device response: <KeyPress from None: t=239.04470269999, value=a, duration=0.12005690002115443>
239.5393 	EXP 	LDT_stim_text: autoDraw = True
239.5477 	EXP 	LDT_fix_text: autoDraw = False
240.1903 	EXP 	Device response: <KeyPress from None: t=240.1888590999879, value=l, duration=None>
240.1905 	EXP 	New trial (rep=0, index=171): <Trial 171 (171 in rep 0) data={'Task': 'LDT', 'TrialType': 'Target', 'Stimuli': 'strip', 'StimulusType': 'word', 'CorrectResponse': 'l', 'Trialnumb': 104, 'thisN': 171, 'thisTrialN': 171, 'thisRepN': 0}>
240.1983 	EXP 	LDT_fix_text: autoDraw = False
240.1983 	EXP 	LDT_stim_text: autoDraw = False
240.1983 	EXP 	LDT_break_text: autoDraw = False
240.1983 	EXP 	LDT_stim_text: height = np.float64(0.1)
240.1983 	EXP 	LDT_stim_text: height = np.float64(0.1)
240.1983 	EXP 	LDT_stim_text: height = np.float64(0.1)
240.1983 	EXP 	LDT_stim_text: text = 'strip'
240.1983 	EXP 	LDT_fix_text: autoDraw = True
240.1988 	DATA 	Keypress: l
240.2820 	EXP 	Device response: <KeyPress from None: t=240.1888590999879, value=l, duration=0.08863970002857968>
240.6821 	EXP 	LDT_stim_text: autoDraw = True
240.6905 	EXP 	LDT_fix_text: autoDraw = False
241.1662 	EXP 	Device response: <KeyPress from None: t=241.15791070001433, value=l, duration=None>
241.1665 	EXP 	New trial (rep=0, index=172): <Trial 172 (172 in rep 0) data={'Task': 'LDT', 'TrialType': 'Target', 'Stimuli': 'sish', 'StimulusType': 'nonword', 'CorrectResponse': 'a', 'Trialnumb': 193, 'thisN': 172, 'thisTrialN': 172, 'thisRepN': 0}>
241.1680 	DATA 	Keypress: l
241.1743 	EXP 	LDT_fix_text: autoDraw = False
241.1743 	EXP 	LDT_stim_text: autoDraw = False
241.1743 	EXP 	LDT_break_text: autoDraw = False
241.1743 	EXP 	LDT_stim_text: height = np.float64(0.1)
241.1743 	EXP 	LDT_stim_text: height = np.float64(0.1)
241.1743 	EXP 	LDT_stim_text: height = np.float64(0.1)
241.1743 	EXP 	LDT_stim_text: text = 'sish'
241.1743 	EXP 	LDT_fix_text: autoDraw = True
241.2747 	EXP 	Device response: <KeyPress from None: t=241.15791070001433, value=l, duration=0.11140120000345632>
241.6581 	EXP 	LDT_stim_text: autoDraw = True
241.6664 	EXP 	LDT_fix_text: autoDraw = False
242.2506 	EXP 	Device response: <KeyPress from None: t=242.24636889999965, value=a, duration=None>
242.2509 	EXP 	New trial (rep=0, index=173): <Trial 173 (173 in rep 0) data={'Task': 'LDT', 'TrialType': 'Target', 'Stimuli': 'werd', 'StimulusType': 'nonword', 'CorrectResponse': 'a', 'Trialnumb': 216, 'thisN': 173, 'thisTrialN': 173, 'thisRepN': 0}>
242.2588 	EXP 	LDT_fix_text: autoDraw = False
242.2588 	EXP 	LDT_stim_text: autoDraw = False
242.2588 	EXP 	LDT_break_text: autoDraw = False
242.2588 	EXP 	LDT_stim_text: height = np.float64(0.1)
242.2588 	EXP 	LDT_stim_text: height = np.float64(0.1)
242.2588 	EXP 	LDT_stim_text: height = np.float64(0.1)
242.2588 	EXP 	LDT_stim_text: text = 'werd'
242.2588 	EXP 	LDT_fix_text: autoDraw = True
242.2593 	DATA 	Keypress: a
242.3425 	EXP 	Device response: <KeyPress from None: t=242.24636889999965, value=a, duration=0.09468480001669377>
242.7425 	EXP 	LDT_stim_text: autoDraw = True
242.7509 	EXP 	LDT_fix_text: autoDraw = False
243.4021 	EXP 	Device response: <KeyPress from None: t=243.39762890001293, value=a, duration=None>
243.4024 	EXP 	New trial (rep=0, index=174): <Trial 174 (174 in rep 0) data={'Task': 'LDT', 'TrialType': 'Target', 'Stimuli': 'long', 'StimulusType': 'word', 'CorrectResponse': 'l', 'Trialnumb': 6, 'thisN': 174, 'thisTrialN': 174, 'thisRepN': 0}>
243.4099 	EXP 	LDT_fix_text: autoDraw = False
243.4099 	EXP 	LDT_stim_text: autoDraw = False
243.4099 	EXP 	LDT_break_text: autoDraw = False
243.4099 	EXP 	LDT_stim_text: height = np.float64(0.1)
243.4099 	EXP 	LDT_stim_text: height = np.float64(0.1)
243.4099 	EXP 	LDT_stim_text: height = np.float64(0.1)
243.4099 	EXP 	LDT_stim_text: text = 'long'
243.4099 	EXP 	LDT_fix_text: autoDraw = True
243.4105 	DATA 	Keypress: a
243.5437 	EXP 	Device response: <KeyPress from None: t=243.39762890001293, value=a, duration=0.1437273999908939>
243.8937 	EXP 	LDT_stim_text: autoDraw = True
243.9021 	EXP 	LDT_fix_text: autoDraw = False
244.5029 	EXP 	Device response: <KeyPress from None: t=244.49454849999165, value=l, duration=None>
244.5031 	EXP 	New trial (rep=0, index=175): <Trial 175 (175 in rep 0) data={'Task': 'LDT', 'TrialType': 'Target', 'Stimuli': 'suck', 'StimulusType': 'word', 'CorrectResponse': 'l', 'Trialnumb': 83, 'thisN': 175, 'thisTrialN': 175, 'thisRepN': 0}>
244.5043 	DATA 	Keypress: l
244.5110 	EXP 	LDT_fix_text: autoDraw = False
244.5110 	EXP 	LDT_stim_text: autoDraw = False
244.5110 	EXP 	LDT_break_text: autoDraw = False
244.5110 	EXP 	LDT_stim_text: height = np.float64(0.1)
244.5110 	EXP 	LDT_stim_text: height = np.float64(0.1)
244.5110 	EXP 	LDT_stim_text: height = np.float64(0.1)
244.5110 	EXP 	LDT_stim_text: text = 'suck'
244.5110 	EXP 	LDT_fix_text: autoDraw = True
244.5779 	EXP 	Device response: <KeyPress from None: t=244.49454849999165, value=l, duration=0.07888540002750233>
244.9948 	EXP 	LDT_stim_text: autoDraw = True
245.0031 	EXP 	LDT_fix_text: autoDraw = False
245.5875 	EXP 	Device response: <KeyPress from None: t=245.58087230002275, value=l, duration=None>
245.5878 	EXP 	New trial (rep=0, index=176): <Trial 176 (176 in rep 0) data={'Task': 'LDT', 'TrialType': 'Target', 'Stimuli': 'gied', 'StimulusType': 'nonword', 'CorrectResponse': 'a', 'Trialnumb': 146, 'thisN': 176, 'thisTrialN': 176, 'thisRepN': 0}>
245.5954 	EXP 	LDT_fix_text: autoDraw = False
245.5954 	EXP 	LDT_stim_text: autoDraw = False
245.5954 	EXP 	LDT_break_text: autoDraw = False
245.5954 	EXP 	LDT_stim_text: height = np.float64(0.1)
245.5954 	EXP 	LDT_stim_text: height = np.float64(0.1)
245.5954 	EXP 	LDT_stim_text: height = np.float64(0.1)
245.5954 	EXP 	LDT_stim_text: text = 'gied'
245.5954 	EXP 	LDT_fix_text: autoDraw = True
245.5960 	DATA 	Keypress: l
245.6458 	EXP 	Device response: <KeyPress from None: t=245.58087230002275, value=l, duration=0.06394169997656718>
246.0792 	EXP 	LDT_stim_text: autoDraw = True
246.0875 	EXP 	LDT_fix_text: autoDraw = False
246.6052 	EXP 	Device response: <KeyPress from None: t=246.6047799999942, value=a, duration=None>
246.6054 	EXP 	New trial (rep=0, index=177): <Trial 177 (177 in rep 0) data={'Task': 'LDT', 'TrialType': 'Target', 'Stimuli': 'rent', 'StimulusType': 'word', 'CorrectResponse': 'l', 'Trialnumb': 84, 'thisN': 177, 'thisTrialN': 177, 'thisRepN': 0}>
246.6131 	EXP 	LDT_fix_text: autoDraw = False
246.6131 	EXP 	LDT_stim_text: autoDraw = False
246.6131 	EXP 	LDT_break_text: autoDraw = False
246.6131 	EXP 	LDT_stim_text: height = np.float64(0.1)
246.6131 	EXP 	LDT_stim_text: height = np.float64(0.1)
246.6131 	EXP 	LDT_stim_text: height = np.float64(0.1)
246.6131 	EXP 	LDT_stim_text: text = 'rent'
246.6131 	EXP 	LDT_fix_text: autoDraw = True
246.6136 	DATA 	Keypress: a
246.7551 	EXP 	Device response: <KeyPress from None: t=246.6047799999942, value=a, duration=0.14437689998885617>
247.0969 	EXP 	LDT_stim_text: autoDraw = True
247.1052 	EXP 	LDT_fix_text: autoDraw = False
247.7311 	EXP 	Device response: <KeyPress from None: t=247.72485330002382, value=l, duration=None>
247.7314 	EXP 	New trial (rep=0, index=178): <Trial 178 (178 in rep 0) data={'Task': 'LDT', 'TrialType': 'Target', 'Stimuli': 'air', 'StimulusType': 'word', 'CorrectResponse': 'l', 'Trialnumb': 34, 'thisN': 178, 'thisTrialN': 178, 'thisRepN': 0}>
247.7392 	EXP 	LDT_fix_text: autoDraw = False
247.7392 	EXP 	LDT_stim_text: autoDraw = False
247.7392 	EXP 	LDT_break_text: autoDraw = False
247.7392 	EXP 	LDT_stim_text: height = np.float64(0.1)
247.7392 	EXP 	LDT_stim_text: height = np.float64(0.1)
247.7392 	EXP 	LDT_stim_text: height = np.float64(0.1)
247.7392 	EXP 	LDT_stim_text: text = 'air'
247.7392 	EXP 	LDT_fix_text: autoDraw = True
247.7397 	DATA 	Keypress: l
247.8229 	EXP 	Device response: <KeyPress from None: t=247.72485330002382, value=l, duration=0.09749839996220544>
248.2230 	EXP 	LDT_stim_text: autoDraw = True
248.2314 	EXP 	LDT_fix_text: autoDraw = False
248.6822 	EXP 	Device response: <KeyPress from None: t=248.67857180000283, value=l, duration=None>
248.6824 	EXP 	New trial (rep=0, index=179): <Trial 179 (179 in rep 0) data={'Task': 'LDT', 'TrialType': 'Target', 'Stimuli': 'hear', 'StimulusType': 'word', 'CorrectResponse': 'l', 'Trialnumb': 37, 'thisN': 179, 'thisTrialN': 179, 'thisRepN': 0}>
248.6901 	EXP 	LDT_fix_text: autoDraw = False
248.6901 	EXP 	LDT_stim_text: autoDraw = False
248.6901 	EXP 	LDT_break_text: autoDraw = False
248.6901 	EXP 	LDT_stim_text: height = np.float64(0.1)
248.6901 	EXP 	LDT_stim_text: height = np.float64(0.1)
248.6901 	EXP 	LDT_stim_text: height = np.float64(0.1)
248.6901 	EXP 	LDT_stim_text: text = 'hear'
248.6901 	EXP 	LDT_fix_text: autoDraw = True
248.6906 	DATA 	Keypress: l
248.7740 	EXP 	Device response: <KeyPress from None: t=248.67857180000283, value=l, duration=0.09449280000990257>
249.1739 	EXP 	LDT_stim_text: autoDraw = True
249.1823 	EXP 	LDT_fix_text: autoDraw = False
249.7498 	EXP 	Device response: <KeyPress from None: t=249.74153689999366, value=a, duration=None>
249.7500 	EXP 	New trial (rep=0, index=180): <Trial 180 (180 in rep 0) data={'Task': 'LDT', 'TrialType': 'Target', 'Stimuli': 'frow', 'StimulusType': 'nonword', 'CorrectResponse': 'a', 'Trialnumb': 142, 'thisN': 180, 'thisTrialN': 180, 'thisRepN': 0}>
249.7580 	EXP 	LDT_fix_text: autoDraw = False
249.7580 	EXP 	LDT_stim_text: autoDraw = False
249.7580 	EXP 	LDT_break_text: autoDraw = False
249.7580 	EXP 	LDT_stim_text: height = np.float64(0.1)
249.7580 	EXP 	LDT_stim_text: height = np.float64(0.1)
249.7580 	EXP 	LDT_stim_text: height = np.float64(0.1)
249.7580 	EXP 	LDT_stim_text: text = 'frow'
249.7580 	EXP 	LDT_fix_text: autoDraw = True
249.7586 	DATA 	Keypress: a
249.8332 	EXP 	Device response: <KeyPress from None: t=249.74153689999366, value=a, duration=0.08739699999568984>
250.2416 	EXP 	LDT_stim_text: autoDraw = True
250.2500 	EXP 	LDT_fix_text: autoDraw = False
251.0927 	EXP 	Device response: <KeyPress from None: t=251.08526670001447, value=a, duration=None>
251.0930 	EXP 	New trial (rep=0, index=181): <Trial 181 (181 in rep 0) data={'Task': 'LDT', 'TrialType': 'Target', 'Stimuli': 'kang', 'StimulusType': 'nonword', 'CorrectResponse': 'a', 'Trialnumb': 162, 'thisN': 181, 'thisTrialN': 181, 'thisRepN': 0}>
251.1011 	EXP 	LDT_fix_text: autoDraw = False
251.1011 	EXP 	LDT_stim_text: autoDraw = False
251.1011 	EXP 	LDT_break_text: autoDraw = False
251.1011 	EXP 	LDT_stim_text: height = np.float64(0.1)
251.1011 	EXP 	LDT_stim_text: height = np.float64(0.1)
251.1011 	EXP 	LDT_stim_text: height = np.float64(0.1)
251.1011 	EXP 	LDT_stim_text: text = 'kang'
251.1011 	EXP 	LDT_fix_text: autoDraw = True
251.1016 	DATA 	Keypress: a
251.2264 	EXP 	Device response: <KeyPress from None: t=251.08526670001447, value=a, duration=0.13665579998632893>
251.5847 	EXP 	LDT_stim_text: autoDraw = True
251.5930 	EXP 	LDT_fix_text: autoDraw = False
252.2023 	EXP 	Device response: <KeyPress from None: t=252.19684300001245, value=a, duration=None>
252.2026 	EXP 	New trial (rep=0, index=182): <Trial 182 (182 in rep 0) data={'Task': 'LDT', 'TrialType': 'Target', 'Stimuli': 'lay', 'StimulusType': 'word', 'CorrectResponse': 'l', 'Trialnumb': 71, 'thisN': 182, 'thisTrialN': 182, 'thisRepN': 0}>
252.2104 	EXP 	LDT_fix_text: autoDraw = False
252.2104 	EXP 	LDT_stim_text: autoDraw = False
252.2104 	EXP 	LDT_break_text: autoDraw = False
252.2104 	EXP 	LDT_stim_text: height = np.float64(0.1)
252.2104 	EXP 	LDT_stim_text: height = np.float64(0.1)
252.2104 	EXP 	LDT_stim_text: height = np.float64(0.1)
252.2104 	EXP 	LDT_stim_text: text = 'lay'
252.2104 	EXP 	LDT_fix_text: autoDraw = True
252.2111 	DATA 	Keypress: a
252.3025 	EXP 	Device response: <KeyPress from None: t=252.19684300001245, value=a, duration=0.10478400002466515>
252.6941 	EXP 	LDT_stim_text: autoDraw = True
252.7024 	EXP 	LDT_fix_text: autoDraw = False
253.2616 	EXP 	Device response: <KeyPress from None: t=253.25357649999205, value=l, duration=None>
253.2619 	EXP 	New trial (rep=0, index=183): <Trial 183 (183 in rep 0) data={'Task': 'LDT', 'TrialType': 'Target', 'Stimuli': 'raise', 'StimulusType': 'word', 'CorrectResponse': 'l', 'Trialnumb': 73, 'thisN': 183, 'thisTrialN': 183, 'thisRepN': 0}>
253.2697 	EXP 	LDT_fix_text: autoDraw = False
253.2697 	EXP 	LDT_stim_text: autoDraw = False
253.2697 	EXP 	LDT_break_text: autoDraw = False
253.2697 	EXP 	LDT_stim_text: height = np.float64(0.1)
253.2697 	EXP 	LDT_stim_text: height = np.float64(0.1)
253.2697 	EXP 	LDT_stim_text: height = np.float64(0.1)
253.2697 	EXP 	LDT_stim_text: text = 'raise'
253.2697 	EXP 	LDT_fix_text: autoDraw = True
253.2703 	DATA 	Keypress: l
253.3367 	EXP 	Device response: <KeyPress from None: t=253.25357649999205, value=l, duration=0.07938060001470149>
253.7535 	EXP 	LDT_stim_text: autoDraw = True
253.7618 	EXP 	LDT_fix_text: autoDraw = False
254.2294 	EXP 	Device response: <KeyPress from None: t=254.22902140003862, value=l, duration=None>
254.2296 	EXP 	New trial (rep=0, index=184): <Trial 184 (184 in rep 0) data={'Task': 'LDT', 'TrialType': 'Target', 'Stimuli': 'sife', 'StimulusType': 'nonword', 'CorrectResponse': 'a', 'Trialnumb': 192, 'thisN': 184, 'thisTrialN': 184, 'thisRepN': 0}>
254.2374 	EXP 	LDT_fix_text: autoDraw = False
254.2374 	EXP 	LDT_stim_text: autoDraw = False
254.2374 	EXP 	LDT_break_text: autoDraw = False
254.2374 	EXP 	LDT_stim_text: height = np.float64(0.1)
254.2374 	EXP 	LDT_stim_text: height = np.float64(0.1)
254.2374 	EXP 	LDT_stim_text: height = np.float64(0.1)
254.2374 	EXP 	LDT_stim_text: text = 'sife'
254.2374 	EXP 	LDT_fix_text: autoDraw = True
254.2379 	DATA 	Keypress: l
254.3711 	EXP 	Device response: <KeyPress from None: t=254.22902140003862, value=l, duration=0.13662479998311028>
254.7212 	EXP 	LDT_stim_text: autoDraw = True
254.7295 	EXP 	LDT_fix_text: autoDraw = False
255.3303 	EXP 	Device response: <KeyPress from None: t=255.3265570999938, value=a, duration=None>
255.3306 	EXP 	New trial (rep=0, index=185): <Trial 185 (185 in rep 0) data={'Task': 'LDT', 'TrialType': 'Target', 'Stimuli': 'beon', 'StimulusType': 'nonword', 'CorrectResponse': 'a', 'Trialnumb': 120, 'thisN': 185, 'thisTrialN': 185, 'thisRepN': 0}>
255.3385 	EXP 	LDT_fix_text: autoDraw = False
255.3385 	EXP 	LDT_stim_text: autoDraw = False
255.3385 	EXP 	LDT_break_text: autoDraw = False
255.3385 	EXP 	LDT_stim_text: height = np.float64(0.1)
255.3385 	EXP 	LDT_stim_text: height = np.float64(0.1)
255.3385 	EXP 	LDT_stim_text: height = np.float64(0.1)
255.3385 	EXP 	LDT_stim_text: text = 'beon'
255.3385 	EXP 	LDT_fix_text: autoDraw = True
255.3390 	DATA 	Keypress: a
255.4138 	EXP 	Device response: <KeyPress from None: t=255.3265570999938, value=a, duration=0.08646670001326129>
255.8223 	EXP 	LDT_stim_text: autoDraw = True
255.8306 	EXP 	LDT_fix_text: autoDraw = False
256.5318 	EXP 	Device response: <KeyPress from None: t=256.52524769998854, value=a, duration=None>
256.5320 	EXP 	New trial (rep=0, index=186): <Trial 186 (186 in rep 0) data={'Task': 'LDT', 'TrialType': 'Target', 'Stimuli': 'end', 'StimulusType': 'word', 'CorrectResponse': 'l', 'Trialnumb': 33, 'thisN': 186, 'thisTrialN': 186, 'thisRepN': 0}>
256.5396 	EXP 	LDT_fix_text: autoDraw = False
256.5396 	EXP 	LDT_stim_text: autoDraw = False
256.5396 	EXP 	LDT_break_text: autoDraw = False
256.5396 	EXP 	LDT_stim_text: height = np.float64(0.1)
256.5396 	EXP 	LDT_stim_text: height = np.float64(0.1)
256.5396 	EXP 	LDT_stim_text: height = np.float64(0.1)
256.5396 	EXP 	LDT_stim_text: text = 'end'
256.5396 	EXP 	LDT_fix_text: autoDraw = True
256.5402 	DATA 	Keypress: a
256.6150 	EXP 	Device response: <KeyPress from None: t=256.52524769998854, value=a, duration=0.0879856999963522>
257.0234 	EXP 	LDT_stim_text: autoDraw = True
257.0318 	EXP 	LDT_fix_text: autoDraw = False
257.6327 	EXP 	Device response: <KeyPress from None: t=257.63002360000974, value=l, duration=None>
257.6329 	EXP 	New trial (rep=0, index=187): <Trial 187 (187 in rep 0) data={'Task': 'LDT', 'TrialType': 'Target', 'Stimuli': 'ran', 'StimulusType': 'word', 'CorrectResponse': 'l', 'Trialnumb': 66, 'thisN': 187, 'thisTrialN': 187, 'thisRepN': 0}>
257.6407 	EXP 	LDT_fix_text: autoDraw = False
257.6407 	EXP 	LDT_stim_text: autoDraw = False
257.6407 	EXP 	LDT_break_text: autoDraw = False
257.6407 	EXP 	LDT_stim_text: height = np.float64(0.1)
257.6407 	EXP 	LDT_stim_text: height = np.float64(0.1)
257.6407 	EXP 	LDT_stim_text: height = np.float64(0.1)
257.6407 	EXP 	LDT_stim_text: text = 'ran'
257.6407 	EXP 	LDT_fix_text: autoDraw = True
257.6413 	DATA 	Keypress: l
257.7578 	EXP 	Device response: <KeyPress from None: t=257.63002360000974, value=l, duration=0.1193844000226818>
258.1245 	EXP 	LDT_stim_text: autoDraw = True
258.1329 	EXP 	LDT_fix_text: autoDraw = False
258.7338 	EXP 	Device response: <KeyPress from None: t=258.732989799988, value=l, duration=None>
258.7340 	EXP 	New trial (rep=0, index=188): <Trial 188 (188 in rep 0) data={'Task': 'LDT', 'TrialType': 'Target', 'Stimuli': 'borm', 'StimulusType': 'nonword', 'CorrectResponse': 'a', 'Trialnumb': 124, 'thisN': 188, 'thisTrialN': 188, 'thisRepN': 0}>
258.7419 	EXP 	LDT_fix_text: autoDraw = False
258.7419 	EXP 	LDT_stim_text: autoDraw = False
258.7419 	EXP 	LDT_break_text: autoDraw = False
258.7419 	EXP 	LDT_stim_text: height = np.float64(0.1)
258.7419 	EXP 	LDT_stim_text: height = np.float64(0.1)
258.7419 	EXP 	LDT_stim_text: height = np.float64(0.1)
258.7419 	EXP 	LDT_stim_text: text = 'borm'
258.7419 	EXP 	LDT_fix_text: autoDraw = True
258.7424 	DATA 	Keypress: l
258.8506 	EXP 	Device response: <KeyPress from None: t=258.732989799988, value=l, duration=0.11194970004726201>
259.2256 	EXP 	LDT_stim_text: autoDraw = True
259.2340 	EXP 	LDT_fix_text: autoDraw = False
259.8849 	EXP 	Device response: <KeyPress from None: t=259.8775397000136, value=a, duration=None>
259.8851 	EXP 	New trial (rep=0, index=189): <Trial 189 (189 in rep 0) data={'Task': 'LDT', 'TrialType': 'Target', 'Stimuli': 'grew', 'StimulusType': 'word', 'CorrectResponse': 'l', 'Trialnumb': 89, 'thisN': 189, 'thisTrialN': 189, 'thisRepN': 0}>
259.8929 	EXP 	LDT_fix_text: autoDraw = False
259.8929 	EXP 	LDT_stim_text: autoDraw = False
259.8929 	EXP 	LDT_break_text: autoDraw = False
259.8929 	EXP 	LDT_stim_text: height = np.float64(0.1)
259.8929 	EXP 	LDT_stim_text: height = np.float64(0.1)
259.8929 	EXP 	LDT_stim_text: height = np.float64(0.1)
259.8929 	EXP 	LDT_stim_text: text = 'grew'
259.8929 	EXP 	LDT_fix_text: autoDraw = True
259.8935 	DATA 	Keypress: a
259.9516 	EXP 	Device response: <KeyPress from None: t=259.8775397000136, value=a, duration=0.07132779998937622>
260.3768 	EXP 	LDT_stim_text: autoDraw = True
260.3851 	EXP 	LDT_fix_text: autoDraw = False
260.9777 	EXP 	Device response: <KeyPress from None: t=260.9735087000299, value=l, duration=None>
260.9779 	EXP 	New trial (rep=0, index=190): <Trial 190 (190 in rep 0) data={'Task': 'LDT', 'TrialType': 'Target', 'Stimuli': 'beah', 'StimulusType': 'nonword', 'CorrectResponse': 'a', 'Trialnumb': 119, 'thisN': 190, 'thisTrialN': 190, 'thisRepN': 0}>
260.9857 	EXP 	LDT_fix_text: autoDraw = False
260.9857 	EXP 	LDT_stim_text: autoDraw = False
260.9857 	EXP 	LDT_break_text: autoDraw = False
260.9857 	EXP 	LDT_stim_text: height = np.float64(0.1)
260.9857 	EXP 	LDT_stim_text: height = np.float64(0.1)
260.9857 	EXP 	LDT_stim_text: height = np.float64(0.1)
260.9857 	EXP 	LDT_stim_text: text = 'beah'
260.9857 	EXP 	LDT_fix_text: autoDraw = True
260.9862 	DATA 	Keypress: l
261.1446 	EXP 	Device response: <KeyPress from None: t=260.9735087000299, value=l, duration=0.1671449999557808>
261.4695 	EXP 	LDT_stim_text: autoDraw = True
261.4779 	EXP 	LDT_fix_text: autoDraw = False
262.2039 	EXP 	Device response: <KeyPress from None: t=262.19736659998307, value=a, duration=None>
262.2041 	EXP 	New trial (rep=0, index=191): <Trial 191 (191 in rep 0) data={'Task': 'LDT', 'TrialType': 'Target', 'Stimuli': 'tran', 'StimulusType': 'nonword', 'CorrectResponse': 'a', 'Trialnumb': 206, 'thisN': 191, 'thisTrialN': 191, 'thisRepN': 0}>
262.2122 	EXP 	LDT_fix_text: autoDraw = False
262.2122 	EXP 	LDT_stim_text: autoDraw = False
262.2122 	EXP 	LDT_break_text: autoDraw = False
262.2122 	EXP 	LDT_stim_text: height = np.float64(0.1)
262.2122 	EXP 	LDT_stim_text: height = np.float64(0.1)
262.2122 	EXP 	LDT_stim_text: height = np.float64(0.1)
262.2122 	EXP 	LDT_stim_text: text = 'tran'
262.2122 	EXP 	LDT_fix_text: autoDraw = True
262.2127 	DATA 	Keypress: a
262.3457 	EXP 	Device response: <KeyPress from None: t=262.19736659998307, value=a, duration=0.14374370005680248>
262.6958 	EXP 	LDT_stim_text: autoDraw = True
262.7041 	EXP 	LDT_fix_text: autoDraw = False
263.3216 	EXP 	Device response: <KeyPress from None: t=263.3171662000241, value=a, duration=None>
263.3219 	EXP 	New trial (rep=0, index=192): <Trial 192 (192 in rep 0) data={'Task': 'LDT', 'TrialType': 'Target', 'Stimuli': 'sad', 'StimulusType': 'word', 'CorrectResponse': 'l', 'Trialnumb': 69, 'thisN': 192, 'thisTrialN': 192, 'thisRepN': 0}>
263.3298 	EXP 	LDT_fix_text: autoDraw = False
263.3298 	EXP 	LDT_stim_text: autoDraw = False
263.3298 	EXP 	LDT_break_text: autoDraw = False
263.3298 	EXP 	LDT_stim_text: height = np.float64(0.1)
263.3298 	EXP 	LDT_stim_text: height = np.float64(0.1)
263.3298 	EXP 	LDT_stim_text: height = np.float64(0.1)
263.3298 	EXP 	LDT_stim_text: text = 'sad'
263.3298 	EXP 	LDT_fix_text: autoDraw = True
263.3303 	DATA 	Keypress: a
263.4387 	EXP 	Device response: <KeyPress from None: t=263.3171662000241, value=a, duration=0.12082469998858869>
263.8135 	EXP 	LDT_stim_text: autoDraw = True
263.8219 	EXP 	LDT_fix_text: autoDraw = False
264.3059 	EXP 	Device response: <KeyPress from None: t=264.30257100000745, value=l, duration=None>
264.3062 	EXP 	New trial (rep=0, index=193): <Trial 193 (193 in rep 0) data={'Task': 'LDT', 'TrialType': 'Target', 'Stimuli': 'live', 'StimulusType': 'word', 'CorrectResponse': 'l', 'Trialnumb': 24, 'thisN': 193, 'thisTrialN': 193, 'thisRepN': 0}>
264.3140 	EXP 	LDT_fix_text: autoDraw = False
264.3140 	EXP 	LDT_stim_text: autoDraw = False
264.3140 	EXP 	LDT_break_text: autoDraw = False
264.3140 	EXP 	LDT_stim_text: height = np.float64(0.1)
264.3140 	EXP 	LDT_stim_text: height = np.float64(0.1)
264.3140 	EXP 	LDT_stim_text: height = np.float64(0.1)
264.3140 	EXP 	LDT_stim_text: text = 'live'
264.3140 	EXP 	LDT_fix_text: autoDraw = True
264.3147 	DATA 	Keypress: l
264.4228 	EXP 	Device response: <KeyPress from None: t=264.30257100000745, value=l, duration=0.11900140001671389>
264.7978 	EXP 	LDT_stim_text: autoDraw = True
264.8063 	EXP 	LDT_fix_text: autoDraw = False
265.2572 	EXP 	Device response: <KeyPress from None: t=265.2539763000095, value=l, duration=None>
265.2575 	EXP 	New trial (rep=0, index=194): <Trial 194 (194 in rep 0) data={'Task': 'LDT', 'TrialType': 'Target', 'Stimuli': 'news', 'StimulusType': 'word', 'CorrectResponse': 'l', 'Trialnumb': 45, 'thisN': 194, 'thisTrialN': 194, 'thisRepN': 0}>
265.2650 	EXP 	LDT_fix_text: autoDraw = False
265.2650 	EXP 	LDT_stim_text: autoDraw = False
265.2650 	EXP 	LDT_break_text: autoDraw = False
265.2650 	EXP 	LDT_stim_text: height = np.float64(0.1)
265.2650 	EXP 	LDT_stim_text: height = np.float64(0.1)
265.2650 	EXP 	LDT_stim_text: height = np.float64(0.1)
265.2650 	EXP 	LDT_stim_text: text = 'news'
265.2650 	EXP 	LDT_fix_text: autoDraw = True
265.2655 	DATA 	Keypress: l
265.3654 	EXP 	Device response: <KeyPress from None: t=265.2539763000095, value=l, duration=0.10405379999428988>
265.7488 	EXP 	LDT_stim_text: autoDraw = True
265.7571 	EXP 	LDT_fix_text: autoDraw = False
266.2079 	EXP 	Device response: <KeyPress from None: t=266.20488939998904, value=l, duration=None>
266.2081 	EXP 	New trial (rep=0, index=195): <Trial 195 (195 in rep 0) data={'Task': 'LDT', 'TrialType': 'Target', 'Stimuli': 'word', 'StimulusType': 'word', 'CorrectResponse': 'l', 'Trialnumb': 47, 'thisN': 195, 'thisTrialN': 195, 'thisRepN': 0}>
266.2159 	EXP 	LDT_fix_text: autoDraw = False
266.2159 	EXP 	LDT_stim_text: autoDraw = False
266.2159 	EXP 	LDT_break_text: autoDraw = False
266.2159 	EXP 	LDT_stim_text: height = np.float64(0.1)
266.2159 	EXP 	LDT_stim_text: height = np.float64(0.1)
266.2159 	EXP 	LDT_stim_text: height = np.float64(0.1)
266.2159 	EXP 	LDT_stim_text: text = 'word'
266.2159 	EXP 	LDT_fix_text: autoDraw = True
266.2165 	DATA 	Keypress: l
266.2996 	EXP 	Device response: <KeyPress from None: t=266.20488939998904, value=l, duration=0.0878985000308603>
266.6997 	EXP 	LDT_stim_text: autoDraw = True
266.7081 	EXP 	LDT_fix_text: autoDraw = False
267.1755 	EXP 	Device response: <KeyPress from None: t=267.1732064000098, value=l, duration=None>
267.1758 	EXP 	New trial (rep=0, index=196): <Trial 196 (196 in rep 0) data={'Task': 'LDT', 'TrialType': 'Target', 'Stimuli': 'bint', 'StimulusType': 'nonword', 'CorrectResponse': 'a', 'Trialnumb': 122, 'thisN': 196, 'thisTrialN': 196, 'thisRepN': 0}>
267.1836 	EXP 	LDT_fix_text: autoDraw = False
267.1836 	EXP 	LDT_stim_text: autoDraw = False
267.1836 	EXP 	LDT_break_text: autoDraw = False
267.1836 	EXP 	LDT_stim_text: height = np.float64(0.1)
267.1836 	EXP 	LDT_stim_text: height = np.float64(0.1)
267.1836 	EXP 	LDT_stim_text: height = np.float64(0.1)
267.1836 	EXP 	LDT_stim_text: text = 'bint'
267.1836 	EXP 	LDT_fix_text: autoDraw = True
267.1841 	DATA 	Keypress: l
267.3089 	EXP 	Device response: <KeyPress from None: t=267.1732064000098, value=l, duration=0.12792009999975562>
267.6674 	EXP 	LDT_stim_text: autoDraw = True
267.6757 	EXP 	LDT_fix_text: autoDraw = False
268.3351 	EXP 	Device response: <KeyPress from None: t=268.332863299991, value=a, duration=None>
268.3353 	EXP 	New trial (rep=0, index=197): <Trial 197 (197 in rep 0) data={'Task': 'LDT', 'TrialType': 'Target', 'Stimuli': 'cips', 'StimulusType': 'nonword', 'CorrectResponse': 'a', 'Trialnumb': 128, 'thisN': 197, 'thisTrialN': 197, 'thisRepN': 0}>
268.3430 	EXP 	LDT_fix_text: autoDraw = False
268.3430 	EXP 	LDT_stim_text: autoDraw = False
268.3430 	EXP 	LDT_break_text: autoDraw = False
268.3430 	EXP 	LDT_stim_text: height = np.float64(0.1)
268.3430 	EXP 	LDT_stim_text: height = np.float64(0.1)
268.3430 	EXP 	LDT_stim_text: height = np.float64(0.1)
268.3430 	EXP 	LDT_stim_text: text = 'cips'
268.3430 	EXP 	LDT_fix_text: autoDraw = True
268.3435 	DATA 	Keypress: a
268.4936 	EXP 	Device response: <KeyPress from None: t=268.332863299991, value=a, duration=0.16021669999463484>
268.8269 	EXP 	LDT_stim_text: autoDraw = True
268.8352 	EXP 	LDT_fix_text: autoDraw = False
269.3694 	EXP 	Device response: <KeyPress from None: t=269.36547180003254, value=a, duration=None>
269.3697 	EXP 	New trial (rep=0, index=198): <Trial 198 (198 in rep 0) data={'Task': 'LDT', 'TrialType': 'Target', 'Stimuli': 'trag', 'StimulusType': 'nonword', 'CorrectResponse': 'a', 'Trialnumb': 205, 'thisN': 198, 'thisTrialN': 198, 'thisRepN': 0}>
269.3774 	EXP 	LDT_fix_text: autoDraw = False
269.3774 	EXP 	LDT_stim_text: autoDraw = False
269.3774 	EXP 	LDT_break_text: autoDraw = False
269.3774 	EXP 	LDT_stim_text: height = np.float64(0.1)
269.3774 	EXP 	LDT_stim_text: height = np.float64(0.1)
269.3774 	EXP 	LDT_stim_text: height = np.float64(0.1)
269.3774 	EXP 	LDT_stim_text: text = 'trag'
269.3774 	EXP 	LDT_fix_text: autoDraw = True
269.3780 	DATA 	Keypress: a
269.4528 	EXP 	Device response: <KeyPress from None: t=269.36547180003254, value=a, duration=0.0794772999943234>
269.8612 	EXP 	LDT_stim_text: autoDraw = True
269.8696 	EXP 	LDT_fix_text: autoDraw = False
271.1712 	EXP 	Device response: <KeyPress from None: t=271.1649261999992, value=a, duration=None>
271.1715 	EXP 	New trial (rep=0, index=199): <Trial 199 (199 in rep 0) data={'Task': 'LDT', 'TrialType': 'Target', 'Stimuli': 'seon', 'StimulusType': 'nonword', 'CorrectResponse': 'a', 'Trialnumb': 189, 'thisN': 199, 'thisTrialN': 199, 'thisRepN': 0}>
271.1793 	EXP 	LDT_fix_text: autoDraw = False
271.1793 	EXP 	LDT_stim_text: autoDraw = False
271.1793 	EXP 	LDT_break_text: autoDraw = False
271.1793 	EXP 	LDT_stim_text: height = np.float64(0.1)
271.1793 	EXP 	LDT_stim_text: height = np.float64(0.1)
271.1793 	EXP 	LDT_stim_text: height = np.float64(0.1)
271.1793 	EXP 	LDT_stim_text: text = 'seon'
271.1793 	EXP 	LDT_fix_text: autoDraw = True
271.1798 	DATA 	Keypress: a
271.2963 	EXP 	Device response: <KeyPress from None: t=271.1649261999992, value=a, duration=0.1279486999846995>
271.6630 	EXP 	LDT_stim_text: autoDraw = True
271.6714 	EXP 	LDT_fix_text: autoDraw = False
272.2556 	EXP 	Device response: <KeyPress from None: t=272.25265229999786, value=a, duration=None>
272.2558 	EXP 	New trial (rep=0, index=200): <Trial 200 (200 in rep 0) data={'Task': 'LDT', 'TrialType': 'Target', 'Stimuli': 'plan', 'StimulusType': 'word', 'CorrectResponse': 'l', 'Trialnumb': 53, 'thisN': 200, 'thisTrialN': 200, 'thisRepN': 0}>
272.2636 	EXP 	LDT_fix_text: autoDraw = False
272.2636 	EXP 	LDT_stim_text: autoDraw = False
272.2636 	EXP 	LDT_break_text: autoDraw = False
272.2636 	EXP 	LDT_stim_text: height = np.float64(0.1)
272.2636 	EXP 	LDT_stim_text: height = np.float64(0.1)
272.2636 	EXP 	LDT_stim_text: height = np.float64(0.1)
272.2636 	EXP 	LDT_stim_text: text = 'plan'
272.2636 	EXP 	LDT_fix_text: autoDraw = True
272.2643 	DATA 	Keypress: a
272.4057 	EXP 	Device response: <KeyPress from None: t=272.25265229999786, value=a, duration=0.14490670000668615>
272.7474 	EXP 	LDT_stim_text: autoDraw = True
272.7559 	EXP 	LDT_fix_text: autoDraw = False
273.3233 	EXP 	Device response: <KeyPress from None: t=273.3175224000006, value=l, duration=None>
273.3236 	EXP 	New trial (rep=0, index=201): <Trial 201 (201 in rep 0) data={'Task': 'LDT', 'TrialType': 'Target', 'Stimuli': 'zall', 'StimulusType': 'nonword', 'CorrectResponse': 'a', 'Trialnumb': 221, 'thisN': 201, 'thisTrialN': 201, 'thisRepN': 0}>
273.3313 	EXP 	LDT_fix_text: autoDraw = False
273.3313 	EXP 	LDT_stim_text: autoDraw = False
273.3313 	EXP 	LDT_break_text: autoDraw = False
273.3313 	EXP 	LDT_stim_text: height = np.float64(0.1)
273.3313 	EXP 	LDT_stim_text: height = np.float64(0.1)
273.3313 	EXP 	LDT_stim_text: height = np.float64(0.1)
273.3313 	EXP 	LDT_stim_text: text = 'zall'
273.3313 	EXP 	LDT_fix_text: autoDraw = True
273.3318 	DATA 	Keypress: l
273.4567 	EXP 	Device response: <KeyPress from None: t=273.3175224000006, value=l, duration=0.1361462000058964>
273.8151 	EXP 	LDT_stim_text: autoDraw = True
273.8235 	EXP 	LDT_fix_text: autoDraw = False
274.2993 	EXP 	Device response: <KeyPress from None: t=274.2934515000088, value=a, duration=None>
274.2995 	EXP 	New trial (rep=0, index=202): <Trial 202 (202 in rep 0) data={'Task': 'LDT', 'TrialType': 'Target', 'Stimuli': 'spag', 'StimulusType': 'nonword', 'CorrectResponse': 'a', 'Trialnumb': 197, 'thisN': 202, 'thisTrialN': 202, 'thisRepN': 0}>
274.3073 	EXP 	LDT_fix_text: autoDraw = False
274.3073 	EXP 	LDT_stim_text: autoDraw = False
274.3073 	EXP 	LDT_break_text: autoDraw = False
274.3073 	EXP 	LDT_stim_text: height = np.float64(0.1)
274.3073 	EXP 	LDT_stim_text: height = np.float64(0.1)
274.3073 	EXP 	LDT_stim_text: height = np.float64(0.1)
274.3073 	EXP 	LDT_stim_text: text = 'spag'
274.3073 	EXP 	LDT_fix_text: autoDraw = True
274.3079 	DATA 	Keypress: a
274.4495 	EXP 	Device response: <KeyPress from None: t=274.2934515000088, value=a, duration=0.15209950000280514>
274.7911 	EXP 	LDT_stim_text: autoDraw = True
274.7995 	EXP 	LDT_fix_text: autoDraw = False
275.3922 	EXP 	Device response: <KeyPress from None: t=275.39017289999174, value=a, duration=None>
275.3924 	EXP 	New trial (rep=0, index=203): <Trial 203 (203 in rep 0) data={'Task': 'LDT', 'TrialType': 'Target', 'Stimuli': 'loje', 'StimulusType': 'nonword', 'CorrectResponse': 'a', 'Trialnumb': 171, 'thisN': 203, 'thisTrialN': 203, 'thisRepN': 0}>
275.4001 	EXP 	LDT_fix_text: autoDraw = False
275.4001 	EXP 	LDT_stim_text: autoDraw = False
275.4001 	EXP 	LDT_break_text: autoDraw = False
275.4001 	EXP 	LDT_stim_text: height = np.float64(0.1)
275.4001 	EXP 	LDT_stim_text: height = np.float64(0.1)
275.4001 	EXP 	LDT_stim_text: height = np.float64(0.1)
275.4001 	EXP 	LDT_stim_text: text = 'loje'
275.4001 	EXP 	LDT_fix_text: autoDraw = True
275.4005 	DATA 	Keypress: a
275.5505 	EXP 	Device response: <KeyPress from None: t=275.39017289999174, value=a, duration=0.15935309999622405>
275.8839 	EXP 	LDT_stim_text: autoDraw = True
275.8922 	EXP 	LDT_fix_text: autoDraw = False
276.4848 	EXP 	Device response: <KeyPress from None: t=276.47714159998577, value=a, duration=None>
276.4850 	EXP 	New trial (rep=0, index=204): <Trial 204 (204 in rep 0) data={'Task': 'LDT', 'TrialType': 'Target', 'Stimuli': 'show', 'StimulusType': 'word', 'CorrectResponse': 'l', 'Trialnumb': 21, 'thisN': 204, 'thisTrialN': 204, 'thisRepN': 0}>
276.4928 	EXP 	LDT_fix_text: autoDraw = False
276.4928 	EXP 	LDT_stim_text: autoDraw = False
276.4928 	EXP 	LDT_break_text: autoDraw = False
276.4928 	EXP 	LDT_stim_text: height = np.float64(0.1)
276.4928 	EXP 	LDT_stim_text: height = np.float64(0.1)
276.4928 	EXP 	LDT_stim_text: height = np.float64(0.1)
276.4928 	EXP 	LDT_stim_text: text = 'show'
276.4928 	EXP 	LDT_fix_text: autoDraw = True
276.4934 	DATA 	Keypress: a
276.6349 	EXP 	Device response: <KeyPress from None: t=276.47714159998577, value=a, duration=0.15243170002941042>
276.9767 	EXP 	LDT_stim_text: autoDraw = True
276.9850 	EXP 	LDT_fix_text: autoDraw = False
277.4942 	EXP 	Device response: <KeyPress from None: t=277.493633200007, value=l, duration=None>
277.4944 	EXP 	New trial (rep=0, index=205): <Trial 205 (205 in rep 0) data={'Task': 'LDT', 'TrialType': 'Target', 'Stimuli': 'last', 'StimulusType': 'word', 'CorrectResponse': 'l', 'Trialnumb': 11, 'thisN': 205, 'thisTrialN': 205, 'thisRepN': 0}>
277.5023 	EXP 	LDT_fix_text: autoDraw = False
277.5023 	EXP 	LDT_stim_text: autoDraw = False
277.5023 	EXP 	LDT_break_text: autoDraw = False
277.5023 	EXP 	LDT_stim_text: height = np.float64(0.1)
277.5023 	EXP 	LDT_stim_text: height = np.float64(0.1)
277.5023 	EXP 	LDT_stim_text: height = np.float64(0.1)
277.5023 	EXP 	LDT_stim_text: text = 'last'
277.5023 	EXP 	LDT_fix_text: autoDraw = True
277.5028 	DATA 	Keypress: l
277.6026 	EXP 	Device response: <KeyPress from None: t=277.493633200007, value=l, duration=0.10366949997842312>
277.9861 	EXP 	LDT_stim_text: autoDraw = True
277.9943 	EXP 	LDT_fix_text: autoDraw = False
278.7120 	EXP 	Device response: <KeyPress from None: t=278.70866649999516, value=l, duration=None>
278.7123 	EXP 	New trial (rep=0, index=206): <Trial 206 (206 in rep 0) data={'Task': 'LDT', 'TrialType': 'Target', 'Stimuli': 'trip', 'StimulusType': 'word', 'CorrectResponse': 'l', 'Trialnumb': 35, 'thisN': 206, 'thisTrialN': 206, 'thisRepN': 0}>
278.7201 	EXP 	LDT_fix_text: autoDraw = False
278.7201 	EXP 	LDT_stim_text: autoDraw = False
278.7201 	EXP 	LDT_break_text: autoDraw = False
278.7201 	EXP 	LDT_stim_text: height = np.float64(0.1)
278.7201 	EXP 	LDT_stim_text: height = np.float64(0.1)
278.7201 	EXP 	LDT_stim_text: height = np.float64(0.1)
278.7201 	EXP 	LDT_stim_text: text = 'trip'
278.7201 	EXP 	LDT_fix_text: autoDraw = True
278.7207 	DATA 	Keypress: l
278.8288 	EXP 	Device response: <KeyPress from None: t=278.70866649999516, value=l, duration=0.11228739999933168>
279.2039 	EXP 	LDT_stim_text: autoDraw = True
279.2122 	EXP 	LDT_fix_text: autoDraw = False
279.8214 	EXP 	Device response: <KeyPress from None: t=279.81315060000634, value=l, duration=None>
279.8217 	EXP 	New trial (rep=0, index=207): <Trial 207 (207 in rep 0) data={'Task': 'LDT', 'TrialType': 'Target', 'Stimuli': 'boss', 'StimulusType': 'word', 'CorrectResponse': 'l', 'Trialnumb': 61, 'thisN': 207, 'thisTrialN': 207, 'thisRepN': 0}>
279.8230 	DATA 	Keypress: l
279.8295 	EXP 	LDT_fix_text: autoDraw = False
279.8295 	EXP 	LDT_stim_text: autoDraw = False
279.8295 	EXP 	LDT_break_text: autoDraw = False
279.8295 	EXP 	LDT_stim_text: height = np.float64(0.1)
279.8295 	EXP 	LDT_stim_text: height = np.float64(0.1)
279.8295 	EXP 	LDT_stim_text: height = np.float64(0.1)
279.8295 	EXP 	LDT_stim_text: text = 'boss'
279.8295 	EXP 	LDT_fix_text: autoDraw = True
279.9132 	EXP 	Device response: <KeyPress from None: t=279.81315060000634, value=l, duration=0.09606710000662133>
280.3133 	EXP 	LDT_stim_text: autoDraw = True
280.3216 	EXP 	LDT_fix_text: autoDraw = False
280.8226 	EXP 	Device response: <KeyPress from None: t=280.82098200003384, value=l, duration=None>
280.8229 	EXP 	New trial (rep=0, index=208): <Trial 208 (208 in rep 0) data={'Task': 'LDT', 'TrialType': 'Target', 'Stimuli': 'hoon', 'StimulusType': 'nonword', 'CorrectResponse': 'a', 'Trialnumb': 155, 'thisN': 208, 'thisTrialN': 208, 'thisRepN': 0}>
280.8305 	EXP 	LDT_fix_text: autoDraw = False
280.8305 	EXP 	LDT_stim_text: autoDraw = False
280.8305 	EXP 	LDT_break_text: autoDraw = False
280.8305 	EXP 	LDT_stim_text: height = np.float64(0.1)
280.8305 	EXP 	LDT_stim_text: height = np.float64(0.1)
280.8305 	EXP 	LDT_stim_text: height = np.float64(0.1)
280.8305 	EXP 	LDT_stim_text: text = 'hoon'
280.8305 	EXP 	LDT_fix_text: autoDraw = True
280.8310 	DATA 	Keypress: l
280.9309 	EXP 	Device response: <KeyPress from None: t=280.82098200003384, value=l, duration=0.10502989997621626>
281.3143 	EXP 	LDT_stim_text: autoDraw = True
281.3226 	EXP 	LDT_fix_text: autoDraw = False
281.7901 	EXP 	Device response: <KeyPress from None: t=281.78179710003315, value=a, duration=None>
281.7904 	EXP 	New trial (rep=0, index=209): <Trial 209 (209 in rep 0) data={'Task': 'LDT', 'TrialType': 'Target', 'Stimuli': 'team', 'StimulusType': 'word', 'CorrectResponse': 'l', 'Trialnumb': 23, 'thisN': 209, 'thisTrialN': 209, 'thisRepN': 0}>
281.7918 	DATA 	Keypress: a
281.7981 	EXP 	LDT_fix_text: autoDraw = False
281.7981 	EXP 	LDT_stim_text: autoDraw = False
281.7981 	EXP 	LDT_break_text: autoDraw = False
281.7981 	EXP 	LDT_stim_text: height = np.float64(0.1)
281.7981 	EXP 	LDT_stim_text: height = np.float64(0.1)
281.7981 	EXP 	LDT_stim_text: height = np.float64(0.1)
281.7981 	EXP 	LDT_stim_text: text = 'team'
281.7981 	EXP 	LDT_fix_text: autoDraw = True
281.8902 	EXP 	Device response: <KeyPress from None: t=281.78179710003315, value=a, duration=0.10345649998635054>
282.2819 	EXP 	LDT_stim_text: autoDraw = True
282.2903 	EXP 	LDT_fix_text: autoDraw = False
282.7494 	EXP 	Device response: <KeyPress from None: t=282.7413242000039, value=l, duration=None>
282.7496 	EXP 	New trial (rep=0, index=210): <Trial 210 (210 in rep 0) data={'Task': 'LDT', 'TrialType': 'Target', 'Stimuli': 'jite', 'StimulusType': 'nonword', 'CorrectResponse': 'a', 'Trialnumb': 160, 'thisN': 210, 'thisTrialN': 210, 'thisRepN': 0}>
282.7575 	EXP 	LDT_fix_text: autoDraw = False
282.7575 	EXP 	LDT_stim_text: autoDraw = False
282.7575 	EXP 	LDT_break_text: autoDraw = False
282.7575 	EXP 	LDT_stim_text: height = np.float64(0.1)
282.7575 	EXP 	LDT_stim_text: height = np.float64(0.1)
282.7575 	EXP 	LDT_stim_text: height = np.float64(0.1)
282.7575 	EXP 	LDT_stim_text: text = 'jite'
282.7575 	EXP 	LDT_fix_text: autoDraw = True
282.7581 	DATA 	Keypress: l
282.8578 	EXP 	Device response: <KeyPress from None: t=282.7413242000039, value=l, duration=0.11169540003174916>
283.2412 	EXP 	LDT_stim_text: autoDraw = True
283.2496 	EXP 	LDT_fix_text: autoDraw = False
283.7254 	EXP 	Device response: <KeyPress from None: t=283.71709400002146, value=a, duration=None>
283.7256 	EXP 	New trial (rep=0, index=211): <Trial 211 (211 in rep 0) data={'Task': 'LDT', 'TrialType': 'Target', 'Stimuli': 'drove', 'StimulusType': 'word', 'CorrectResponse': 'l', 'Trialnumb': 90, 'thisN': 211, 'thisTrialN': 211, 'thisRepN': 0}>
283.7270 	DATA 	Keypress: a
283.7334 	EXP 	LDT_fix_text: autoDraw = False
283.7334 	EXP 	LDT_stim_text: autoDraw = False
283.7334 	EXP 	LDT_break_text: autoDraw = False
283.7334 	EXP 	LDT_stim_text: height = np.float64(0.1)
283.7334 	EXP 	LDT_stim_text: height = np.float64(0.1)
283.7334 	EXP 	LDT_stim_text: height = np.float64(0.1)
283.7334 	EXP 	LDT_stim_text: text = 'drove'
283.7334 	EXP 	LDT_fix_text: autoDraw = True
283.8838 	EXP 	Device response: <KeyPress from None: t=283.71709400002146, value=a, duration=0.16030699998373166>
284.2172 	EXP 	LDT_stim_text: autoDraw = True
284.2256 	EXP 	LDT_fix_text: autoDraw = False
284.7097 	EXP 	Device response: <KeyPress from None: t=284.7093079999904, value=l, duration=None>
284.7100 	EXP 	New trial (rep=0, index=212): <Trial 212 (212 in rep 0) data={'Task': 'LDT', 'TrialType': 'Target', 'Stimuli': 'job', 'StimulusType': 'word', 'CorrectResponse': 'l', 'Trialnumb': 26, 'thisN': 212, 'thisTrialN': 212, 'thisRepN': 0}>
284.7177 	EXP 	LDT_fix_text: autoDraw = False
284.7177 	EXP 	LDT_stim_text: autoDraw = False
284.7177 	EXP 	LDT_break_text: autoDraw = False
284.7177 	EXP 	LDT_stim_text: height = np.float64(0.1)
284.7177 	EXP 	LDT_stim_text: height = np.float64(0.1)
284.7177 	EXP 	LDT_stim_text: height = np.float64(0.1)
284.7177 	EXP 	LDT_stim_text: text = 'job'
284.7177 	EXP 	LDT_fix_text: autoDraw = True
284.7182 	DATA 	Keypress: l
284.7847 	EXP 	Device response: <KeyPress from None: t=284.7093079999904, value=l, duration=0.07153090002248064>
285.2015 	EXP 	LDT_stim_text: autoDraw = True
285.2098 	EXP 	LDT_fix_text: autoDraw = False
285.6773 	EXP 	Device response: <KeyPress from None: t=285.66942990000825, value=l, duration=None>
285.6775 	EXP 	New trial (rep=0, index=213): <Trial 213 (213 in rep 0) data={'Task': 'LDT', 'TrialType': 'Target', 'Stimuli': 'seef', 'StimulusType': 'nonword', 'CorrectResponse': 'a', 'Trialnumb': 187, 'thisN': 213, 'thisTrialN': 213, 'thisRepN': 0}>
285.6854 	EXP 	LDT_fix_text: autoDraw = False
285.6854 	EXP 	LDT_stim_text: autoDraw = False
285.6854 	EXP 	LDT_break_text: autoDraw = False
285.6854 	EXP 	LDT_stim_text: height = np.float64(0.1)
285.6854 	EXP 	LDT_stim_text: height = np.float64(0.1)
285.6854 	EXP 	LDT_stim_text: height = np.float64(0.1)
285.6854 	EXP 	LDT_stim_text: text = 'seef'
285.6854 	EXP 	LDT_fix_text: autoDraw = True
285.6859 	DATA 	Keypress: l
285.7858 	EXP 	Device response: <KeyPress from None: t=285.66942990000825, value=l, duration=0.11288700002478436>
286.1692 	EXP 	LDT_stim_text: autoDraw = True
286.1775 	EXP 	LDT_fix_text: autoDraw = False
286.7284 	EXP 	Device response: <KeyPress from None: t=286.72545140003785, value=a, duration=None>
286.7287 	EXP 	New trial (rep=0, index=214): <Trial 214 (214 in rep 0) data={'Task': 'LDT', 'TrialType': 'Target', 'Stimuli': 'seft', 'StimulusType': 'nonword', 'CorrectResponse': 'a', 'Trialnumb': 188, 'thisN': 214, 'thisTrialN': 214, 'thisRepN': 0}>
286.7364 	EXP 	LDT_fix_text: autoDraw = False
286.7364 	EXP 	LDT_stim_text: autoDraw = False
286.7364 	EXP 	LDT_break_text: autoDraw = False
286.7364 	EXP 	LDT_stim_text: height = np.float64(0.1)
286.7364 	EXP 	LDT_stim_text: height = np.float64(0.1)
286.7364 	EXP 	LDT_stim_text: height = np.float64(0.1)
286.7364 	EXP 	LDT_stim_text: text = 'seft'
286.7364 	EXP 	LDT_fix_text: autoDraw = True
286.7369 	DATA 	Keypress: a
286.8367 	EXP 	Device response: <KeyPress from None: t=286.72545140003785, value=a, duration=0.1033426999929361>
287.2202 	EXP 	LDT_stim_text: autoDraw = True
287.2285 	EXP 	LDT_fix_text: autoDraw = False
287.8294 	EXP 	Device response: <KeyPress from None: t=287.8216762000229, value=a, duration=None>
287.8296 	EXP 	New trial (rep=0, index=215): <Trial 215 (215 in rep 0) data={'Task': 'LDT', 'TrialType': 'Target', 'Stimuli': 'ugly', 'StimulusType': 'word', 'CorrectResponse': 'l', 'Trialnumb': 78, 'thisN': 215, 'thisTrialN': 215, 'thisRepN': 0}>
287.8375 	EXP 	LDT_fix_text: autoDraw = False
287.8375 	EXP 	LDT_stim_text: autoDraw = False
287.8375 	EXP 	LDT_break_text: autoDraw = False
287.8375 	EXP 	LDT_stim_text: height = np.float64(0.1)
287.8375 	EXP 	LDT_stim_text: height = np.float64(0.1)
287.8375 	EXP 	LDT_stim_text: height = np.float64(0.1)
287.8375 	EXP 	LDT_stim_text: text = 'ugly'
287.8375 	EXP 	LDT_fix_text: autoDraw = True
287.8382 	DATA 	Keypress: a
287.9713 	EXP 	Device response: <KeyPress from None: t=287.8216762000229, value=a, duration=0.143230699992273>
288.3213 	EXP 	LDT_stim_text: autoDraw = True
288.3296 	EXP 	LDT_fix_text: autoDraw = False
288.9055 	EXP 	Device response: <KeyPress from None: t=288.90135350002674, value=l, duration=None>
288.9058 	EXP 	New trial (rep=0, index=216): <Trial 216 (216 in rep 0) data={'Task': 'LDT', 'TrialType': 'Target', 'Stimuli': 'heat', 'StimulusType': 'word', 'CorrectResponse': 'l', 'Trialnumb': 79, 'thisN': 216, 'thisTrialN': 216, 'thisRepN': 0}>
288.9135 	EXP 	LDT_fix_text: autoDraw = False
288.9135 	EXP 	LDT_stim_text: autoDraw = False
288.9135 	EXP 	LDT_break_text: autoDraw = False
288.9135 	EXP 	LDT_stim_text: height = np.float64(0.1)
288.9135 	EXP 	LDT_stim_text: height = np.float64(0.1)
288.9135 	EXP 	LDT_stim_text: height = np.float64(0.1)
288.9135 	EXP 	LDT_stim_text: text = 'heat'
288.9135 	EXP 	LDT_fix_text: autoDraw = True
288.9141 	DATA 	Keypress: l
288.9891 	EXP 	Device response: <KeyPress from None: t=288.90135350002674, value=l, duration=0.08741709997411817>
289.3973 	EXP 	LDT_stim_text: autoDraw = True
289.4057 	EXP 	LDT_fix_text: autoDraw = False
289.8649 	EXP 	Device response: <KeyPress from None: t=289.86133260000497, value=l, duration=None>
289.8651 	EXP 	New trial (rep=0, index=217): <Trial 217 (217 in rep 0) data={'Task': 'LDT', 'TrialType': 'Target', 'Stimuli': 'high', 'StimulusType': 'word', 'CorrectResponse': 'l', 'Trialnumb': 16, 'thisN': 217, 'thisTrialN': 217, 'thisRepN': 0}>
289.8728 	EXP 	LDT_fix_text: autoDraw = False
289.8728 	EXP 	LDT_stim_text: autoDraw = False
289.8728 	EXP 	LDT_break_text: autoDraw = False
289.8728 	EXP 	LDT_stim_text: height = np.float64(0.1)
289.8728 	EXP 	LDT_stim_text: height = np.float64(0.1)
289.8728 	EXP 	LDT_stim_text: height = np.float64(0.1)
289.8728 	EXP 	LDT_stim_text: text = 'high'
289.8728 	EXP 	LDT_fix_text: autoDraw = True
289.8734 	DATA 	Keypress: l
289.9649 	EXP 	Device response: <KeyPress from None: t=289.86133260000497, value=l, duration=0.09615180001128465>
290.3566 	EXP 	LDT_stim_text: autoDraw = True
290.3650 	EXP 	LDT_fix_text: autoDraw = False
290.8324 	EXP 	Device response: <KeyPress from None: t=290.82927899999777, value=l, duration=None>
290.8327 	EXP 	New trial (rep=0, index=218): <Trial 218 (218 in rep 0) data={'Task': 'LDT', 'TrialType': 'Target', 'Stimuli': 'lill', 'StimulusType': 'nonword', 'CorrectResponse': 'a', 'Trialnumb': 168, 'thisN': 218, 'thisTrialN': 218, 'thisRepN': 0}>
290.8406 	EXP 	LDT_fix_text: autoDraw = False
290.8406 	EXP 	LDT_stim_text: autoDraw = False
290.8406 	EXP 	LDT_break_text: autoDraw = False
290.8406 	EXP 	LDT_stim_text: height = np.float64(0.1)
290.8406 	EXP 	LDT_stim_text: height = np.float64(0.1)
290.8406 	EXP 	LDT_stim_text: height = np.float64(0.1)
290.8406 	EXP 	LDT_stim_text: text = 'lill'
290.8406 	EXP 	LDT_fix_text: autoDraw = True
290.8411 	DATA 	Keypress: l
290.9575 	EXP 	Device response: <KeyPress from None: t=290.82927899999777, value=l, duration=0.11992970004212111>
291.3243 	EXP 	LDT_stim_text: autoDraw = True
291.3326 	EXP 	LDT_fix_text: autoDraw = False
292.3757 	EXP 	Device response: <KeyPress from None: t=292.3729829000076, value=a, duration=None>
292.3760 	EXP 	New trial (rep=0, index=219): <Trial 219 (219 in rep 0) data={'Task': 'LDT', 'TrialType': 'Target', 'Stimuli': 'ient', 'StimulusType': 'nonword', 'CorrectResponse': 'a', 'Trialnumb': 157, 'thisN': 219, 'thisTrialN': 219, 'thisRepN': 0}>
292.3836 	EXP 	LDT_fix_text: autoDraw = False
292.3836 	EXP 	LDT_stim_text: autoDraw = False
292.3836 	EXP 	LDT_break_text: autoDraw = False
292.3836 	EXP 	LDT_stim_text: height = np.float64(0.1)
292.3836 	EXP 	LDT_stim_text: height = np.float64(0.1)
292.3836 	EXP 	LDT_stim_text: height = np.float64(0.1)
292.3836 	EXP 	LDT_stim_text: text = 'ient'
292.3836 	EXP 	LDT_fix_text: autoDraw = True
292.3842 	DATA 	Keypress: a
292.5174 	EXP 	Device response: <KeyPress from None: t=292.3729829000076, value=a, duration=0.14389970002230257>
292.8675 	EXP 	LDT_stim_text: autoDraw = True
292.8758 	EXP 	LDT_fix_text: autoDraw = False
293.6602 	EXP 	Device response: <KeyPress from None: t=293.6534242000198, value=a, duration=None>
293.6604 	EXP 	New trial (rep=0, index=220): <Trial 220 (220 in rep 0) data={'Task': 'LDT', 'TrialType': 'Target', 'Stimuli': 'mears', 'StimulusType': 'nonword', 'CorrectResponse': 'a', 'Trialnumb': 172, 'thisN': 220, 'thisTrialN': 220, 'thisRepN': 0}>
293.6684 	EXP 	LDT_fix_text: autoDraw = False
293.6684 	EXP 	LDT_stim_text: autoDraw = False
293.6684 	EXP 	LDT_break_text: autoDraw = False
293.6684 	EXP 	LDT_stim_text: height = np.float64(0.1)
293.6684 	EXP 	LDT_stim_text: height = np.float64(0.1)
293.6684 	EXP 	LDT_stim_text: height = np.float64(0.1)
293.6684 	EXP 	LDT_stim_text: text = 'mears'
293.6684 	EXP 	LDT_fix_text: autoDraw = True
293.6689 	DATA 	Keypress: a
293.8188 	EXP 	Device response: <KeyPress from None: t=293.6534242000198, value=a, duration=0.15993670001626015>
294.1521 	EXP 	LDT_stim_text: autoDraw = True
294.1604 	EXP 	LDT_fix_text: autoDraw = False
294.8114 	EXP 	Device response: <KeyPress from None: t=294.8052750999923, value=a, duration=None>
294.8116 	EXP 	New trial (rep=0, index=221): <Trial 221 (221 in rep 0) data={'Task': 'LDT', 'TrialType': 'Target', 'Stimuli': 'dilt', 'StimulusType': 'nonword', 'CorrectResponse': 'a', 'Trialnumb': 137, 'thisN': 221, 'thisTrialN': 221, 'thisRepN': 0}>
294.8194 	EXP 	LDT_fix_text: autoDraw = False
294.8194 	EXP 	LDT_stim_text: autoDraw = False
294.8194 	EXP 	LDT_break_text: autoDraw = False
294.8194 	EXP 	LDT_stim_text: height = np.float64(0.1)
294.8194 	EXP 	LDT_stim_text: height = np.float64(0.1)
294.8194 	EXP 	LDT_stim_text: height = np.float64(0.1)
294.8194 	EXP 	LDT_stim_text: text = 'dilt'
294.8194 	EXP 	LDT_fix_text: autoDraw = True
294.8199 	DATA 	Keypress: a
294.9783 	EXP 	Device response: <KeyPress from None: t=294.8052750999923, value=a, duration=0.16810519999125972>
295.3032 	EXP 	LDT_stim_text: autoDraw = True
295.3117 	EXP 	LDT_fix_text: autoDraw = False
295.9542 	EXP 	Device response: <KeyPress from None: t=295.9487031000317, value=a, duration=None>
295.9623 	EXP 	LDT_fix_text: autoDraw = False
295.9623 	EXP 	LDT_stim_text: autoDraw = False
295.9623 	EXP 	LDT_break_text: autoDraw = False
295.9623 	EXP 	end_text: autoDraw = True
295.9628 	DATA 	Keypress: a
296.0961 	EXP 	Device response: <KeyPress from None: t=295.9487031000317, value=a, duration=0.1444840999902226>
298.9569 	EXP 	end_text: autoDraw = False
298.9569 	EXP 	end_text: autoDraw = False
298.9569 	EXP 	online_LDT&KRT: status = STOPPED
