0.8249 	WARNING 	We strongly recommend you activate the PTB sound engine in PsychoPy prefs as the preferred audio engine. Its timing is vastly superior. Your prefs are currently set to use ['sounddevice', 'PTB', 'pyo', 'pygame'] (in that order).
2.0716 	WARNING 	Font Manager failed to load file C:\Users\user\AppData\Local\Microsoft\Windows\Fonts\나눔고딕L.ttf
2.0730 	WARNING 	Font Manager failed to load file C:\Users\user\AppData\Local\Microsoft\Windows\Fonts\a시나리오.ttf
2.0758 	WARNING 	Font Manager failed to load file C:\Users\user\AppData\Local\Microsoft\Windows\Fonts\210 콤퓨타세탁B.ttf
2.0762 	WARNING 	Font Manager failed to load file C:\Users\user\AppData\Local\Microsoft\Windows\Fonts\210 콤퓨타세탁L.ttf
2.0799 	WARNING 	Font Manager failed to load file C:\Users\user\AppData\Local\Microsoft\Windows\Fonts\210 동화책R.ttf
2.0820 	WARNING 	Font Manager failed to load file C:\Users\user\AppData\Local\Microsoft\Windows\Fonts\서울남산 장체BL.ttf
2.0826 	WARNING 	Font Manager failed to load file C:\Users\user\AppData\Local\Microsoft\Windows\Fonts\a고딕13.ttf
2.0837 	WARNING 	Font Manager failed to load file C:\Users\user\AppData\Local\Microsoft\Windows\Fonts\서울남산 장체B.ttf
2.0855 	WARNING 	Font Manager failed to load file C:\Users\user\AppData\Local\Microsoft\Windows\Fonts\210 나무고딕B.ttf
2.0881 	WARNING 	Font Manager failed to load file C:\Users\user\AppData\Local\Microsoft\Windows\Fonts\210 하얀바람L.ttf
2.0887 	WARNING 	Font Manager failed to load file C:\Users\user\AppData\Local\Microsoft\Windows\Fonts\210 동화책L.ttf
2.0912 	WARNING 	Font Manager failed to load file C:\Users\user\AppData\Local\Microsoft\Windows\Fonts\210 카툰스토리R.ttf
2.0929 	WARNING 	Font Manager failed to load file C:\Users\user\AppData\Local\Microsoft\Windows\Fonts\아리따-돋움(TTF)-Light.ttf
2.0952 	WARNING 	Font Manager failed to load file C:\Users\user\AppData\Local\Microsoft\Windows\Fonts\서울남산 장체M.ttf
2.0960 	WARNING 	Font Manager failed to load file C:\Users\user\AppData\Local\Microsoft\Windows\Fonts\210 상상공작소R.ttf
2.1052 	WARNING 	Font Manager failed to load file C:\Users\user\AppData\Local\Microsoft\Windows\Fonts\210 동화책B.ttf
2.1100 	WARNING 	Font Manager failed to load file C:\Users\user\AppData\Local\Microsoft\Windows\Fonts\a고딕11.ttf
2.1103 	WARNING 	Font Manager failed to load file C:\Users\user\AppData\Local\Microsoft\Windows\Fonts\a뉴굴림4.ttf
2.1119 	WARNING 	Font Manager failed to load file C:\Users\user\AppData\Local\Microsoft\Windows\Fonts\a뉴굴림2.ttf
2.1176 	WARNING 	Font Manager failed to load file C:\Users\user\AppData\Local\Microsoft\Windows\Fonts\210 씨앗B.ttf
2.1186 	WARNING 	Font Manager failed to load file C:\Users\user\AppData\Local\Microsoft\Windows\Fonts\a뉴굴림1.ttf
2.1191 	WARNING 	Font Manager failed to load file C:\Users\user\AppData\Local\Microsoft\Windows\Fonts\서울남산 장체EB.ttf
2.1194 	WARNING 	Font Manager failed to load file C:\Users\user\AppData\Local\Microsoft\Windows\Fonts\210 하얀바람B.ttf
2.1200 	WARNING 	Font Manager failed to load file C:\Users\user\AppData\Local\Microsoft\Windows\Fonts\a고딕10.ttf
2.1218 	WARNING 	Font Manager failed to load file C:\Users\user\AppData\Local\Microsoft\Windows\Fonts\아리따-돋움(TTF)-Thin.ttf
2.1242 	WARNING 	Font Manager failed to load file C:\Users\user\AppData\Local\Microsoft\Windows\Fonts\210 씨앗R.ttf
2.1252 	WARNING 	Font Manager failed to load file C:\Users\user\AppData\Local\Microsoft\Windows\Fonts\210 하얀바람R.ttf
2.1298 	WARNING 	Font Manager failed to load file C:\Users\user\AppData\Local\Microsoft\Windows\Fonts\210 맨발의청춘B.ttf
2.1324 	WARNING 	Font Manager failed to load file C:\Users\user\AppData\Local\Microsoft\Windows\Fonts\210 상상공작소L.ttf
2.1337 	WARNING 	Font Manager failed to load file C:\Users\user\AppData\Local\Microsoft\Windows\Fonts\아리따-돋움(TTF)-Medium.ttf
2.1340 	WARNING 	Font Manager failed to load file C:\Users\user\AppData\Local\Microsoft\Windows\Fonts\a고딕15.ttf
2.1349 	WARNING 	Font Manager failed to load file C:\Users\user\AppData\Local\Microsoft\Windows\Fonts\210 맨발의청춘L.ttf
2.1386 	WARNING 	Font Manager failed to load file C:\Users\user\AppData\Local\Microsoft\Windows\Fonts\a고딕16.ttf
2.1427 	WARNING 	Font Manager failed to load file C:\Users\user\AppData\Local\Microsoft\Windows\Fonts\210 씨앗L.ttf
2.1459 	WARNING 	Font Manager failed to load file C:\Users\user\AppData\Local\Microsoft\Windows\Fonts\210 카툰스토리L.ttf
2.1460 	WARNING 	Font Manager failed to load file C:\Users\user\AppData\Local\Microsoft\Windows\Fonts\210 나무고딕EB.ttf
2.1475 	WARNING 	Font Manager failed to load file C:\Users\user\AppData\Local\Microsoft\Windows\Fonts\210 맨발의청춘R.ttf
2.1498 	WARNING 	Font Manager failed to load file C:\Users\user\AppData\Local\Microsoft\Windows\Fonts\a고딕12.ttf
2.1515 	WARNING 	Font Manager failed to load file C:\Users\user\AppData\Local\Microsoft\Windows\Fonts\아리따-돋움(TTF)-SemiBold.ttf
2.1516 	WARNING 	Font Manager failed to load file C:\Users\user\AppData\Local\Microsoft\Windows\Fonts\서울남산 장체L.ttf
2.1561 	WARNING 	Font Manager failed to load file C:\Users\user\AppData\Local\Microsoft\Windows\Fonts\a뉴굴림3.ttf
2.1584 	WARNING 	Font Manager failed to load file C:\Users\user\AppData\Local\Microsoft\Windows\Fonts\210 콤퓨타세탁R.ttf
2.1591 	WARNING 	Font Manager failed to load file C:\Users\user\AppData\Local\Microsoft\Windows\Fonts\a고딕14.ttf
2.1592 	WARNING 	Font Manager failed to load file C:\Users\user\AppData\Local\Microsoft\Windows\Fonts\210 나무고딕L.ttf
2.1656 	WARNING 	Font Manager failed to load file C:\Users\user\AppData\Local\Microsoft\Windows\Fonts\210 카툰스토리B.ttf
2.1665 	WARNING 	Font Manager failed to load file C:\Users\user\AppData\Local\Microsoft\Windows\Fonts\아리따-돋움(TTF)-Bold.ttf
2.1670 	WARNING 	Font Manager failed to load file C:\Users\user\AppData\Local\Microsoft\Windows\Fonts\210 나무고딕R.ttf
2.1671 	WARNING 	Font Manager failed to load file C:\Users\user\AppData\Local\Microsoft\Windows\Fonts\210 상상공작소B.ttf
2.3778 	WARNING 	Font Manager failed to load file C:\Users\user\AppData\Local\Microsoft\Windows\Fonts\나눔고딕L.ttf
2.3792 	WARNING 	Font Manager failed to load file C:\Users\user\AppData\Local\Microsoft\Windows\Fonts\a시나리오.ttf
2.3819 	WARNING 	Font Manager failed to load file C:\Users\user\AppData\Local\Microsoft\Windows\Fonts\210 콤퓨타세탁B.ttf
2.3822 	WARNING 	Font Manager failed to load file C:\Users\user\AppData\Local\Microsoft\Windows\Fonts\210 콤퓨타세탁L.ttf
2.3855 	WARNING 	Font Manager failed to load file C:\Users\user\AppData\Local\Microsoft\Windows\Fonts\210 동화책R.ttf
2.3874 	WARNING 	Font Manager failed to load file C:\Users\user\AppData\Local\Microsoft\Windows\Fonts\서울남산 장체BL.ttf
2.3879 	WARNING 	Font Manager failed to load file C:\Users\user\AppData\Local\Microsoft\Windows\Fonts\a고딕13.ttf
2.3890 	WARNING 	Font Manager failed to load file C:\Users\user\AppData\Local\Microsoft\Windows\Fonts\서울남산 장체B.ttf
2.3907 	WARNING 	Font Manager failed to load file C:\Users\user\AppData\Local\Microsoft\Windows\Fonts\210 나무고딕B.ttf
2.3933 	WARNING 	Font Manager failed to load file C:\Users\user\AppData\Local\Microsoft\Windows\Fonts\210 하얀바람L.ttf
2.3938 	WARNING 	Font Manager failed to load file C:\Users\user\AppData\Local\Microsoft\Windows\Fonts\210 동화책L.ttf
2.3963 	WARNING 	Font Manager failed to load file C:\Users\user\AppData\Local\Microsoft\Windows\Fonts\210 카툰스토리R.ttf
2.3979 	WARNING 	Font Manager failed to load file C:\Users\user\AppData\Local\Microsoft\Windows\Fonts\아리따-돋움(TTF)-Light.ttf
2.3999 	WARNING 	Font Manager failed to load file C:\Users\user\AppData\Local\Microsoft\Windows\Fonts\서울남산 장체M.ttf
2.4006 	WARNING 	Font Manager failed to load file C:\Users\user\AppData\Local\Microsoft\Windows\Fonts\210 상상공작소R.ttf
2.4093 	WARNING 	Font Manager failed to load file C:\Users\user\AppData\Local\Microsoft\Windows\Fonts\210 동화책B.ttf
2.4137 	WARNING 	Font Manager failed to load file C:\Users\user\AppData\Local\Microsoft\Windows\Fonts\a고딕11.ttf
2.4140 	WARNING 	Font Manager failed to load file C:\Users\user\AppData\Local\Microsoft\Windows\Fonts\a뉴굴림4.ttf
2.4153 	WARNING 	Font Manager failed to load file C:\Users\user\AppData\Local\Microsoft\Windows\Fonts\a뉴굴림2.ttf
2.4209 	WARNING 	Font Manager failed to load file C:\Users\user\AppData\Local\Microsoft\Windows\Fonts\210 씨앗B.ttf
2.4218 	WARNING 	Font Manager failed to load file C:\Users\user\AppData\Local\Microsoft\Windows\Fonts\a뉴굴림1.ttf
2.4223 	WARNING 	Font Manager failed to load file C:\Users\user\AppData\Local\Microsoft\Windows\Fonts\서울남산 장체EB.ttf
2.4226 	WARNING 	Font Manager failed to load file C:\Users\user\AppData\Local\Microsoft\Windows\Fonts\210 하얀바람B.ttf
2.4231 	WARNING 	Font Manager failed to load file C:\Users\user\AppData\Local\Microsoft\Windows\Fonts\a고딕10.ttf
2.4250 	WARNING 	Font Manager failed to load file C:\Users\user\AppData\Local\Microsoft\Windows\Fonts\아리따-돋움(TTF)-Thin.ttf
2.4266 	WARNING 	Font Manager failed to load file C:\Users\user\AppData\Local\Microsoft\Windows\Fonts\210 씨앗R.ttf
2.4275 	WARNING 	Font Manager failed to load file C:\Users\user\AppData\Local\Microsoft\Windows\Fonts\210 하얀바람R.ttf
2.4317 	WARNING 	Font Manager failed to load file C:\Users\user\AppData\Local\Microsoft\Windows\Fonts\210 맨발의청춘B.ttf
2.4338 	WARNING 	Font Manager failed to load file C:\Users\user\AppData\Local\Microsoft\Windows\Fonts\210 상상공작소L.ttf
2.4350 	WARNING 	Font Manager failed to load file C:\Users\user\AppData\Local\Microsoft\Windows\Fonts\아리따-돋움(TTF)-Medium.ttf
2.4354 	WARNING 	Font Manager failed to load file C:\Users\user\AppData\Local\Microsoft\Windows\Fonts\a고딕15.ttf
2.4362 	WARNING 	Font Manager failed to load file C:\Users\user\AppData\Local\Microsoft\Windows\Fonts\210 맨발의청춘L.ttf
2.4401 	WARNING 	Font Manager failed to load file C:\Users\user\AppData\Local\Microsoft\Windows\Fonts\a고딕16.ttf
2.4442 	WARNING 	Font Manager failed to load file C:\Users\user\AppData\Local\Microsoft\Windows\Fonts\210 씨앗L.ttf
2.4472 	WARNING 	Font Manager failed to load file C:\Users\user\AppData\Local\Microsoft\Windows\Fonts\210 카툰스토리L.ttf
2.4474 	WARNING 	Font Manager failed to load file C:\Users\user\AppData\Local\Microsoft\Windows\Fonts\210 나무고딕EB.ttf
2.4487 	WARNING 	Font Manager failed to load file C:\Users\user\AppData\Local\Microsoft\Windows\Fonts\210 맨발의청춘R.ttf
2.4506 	WARNING 	Font Manager failed to load file C:\Users\user\AppData\Local\Microsoft\Windows\Fonts\a고딕12.ttf
2.4523 	WARNING 	Font Manager failed to load file C:\Users\user\AppData\Local\Microsoft\Windows\Fonts\아리따-돋움(TTF)-SemiBold.ttf
2.4524 	WARNING 	Font Manager failed to load file C:\Users\user\AppData\Local\Microsoft\Windows\Fonts\서울남산 장체L.ttf
2.4566 	WARNING 	Font Manager failed to load file C:\Users\user\AppData\Local\Microsoft\Windows\Fonts\a뉴굴림3.ttf
2.4589 	WARNING 	Font Manager failed to load file C:\Users\user\AppData\Local\Microsoft\Windows\Fonts\210 콤퓨타세탁R.ttf
2.4595 	WARNING 	Font Manager failed to load file C:\Users\user\AppData\Local\Microsoft\Windows\Fonts\a고딕14.ttf
2.4597 	WARNING 	Font Manager failed to load file C:\Users\user\AppData\Local\Microsoft\Windows\Fonts\210 나무고딕L.ttf
2.4656 	WARNING 	Font Manager failed to load file C:\Users\user\AppData\Local\Microsoft\Windows\Fonts\210 카툰스토리B.ttf
2.4665 	WARNING 	Font Manager failed to load file C:\Users\user\AppData\Local\Microsoft\Windows\Fonts\아리따-돋움(TTF)-Bold.ttf
2.4670 	WARNING 	Font Manager failed to load file C:\Users\user\AppData\Local\Microsoft\Windows\Fonts\210 나무고딕R.ttf
2.4672 	WARNING 	Font Manager failed to load file C:\Users\user\AppData\Local\Microsoft\Windows\Fonts\210 상상공작소B.ttf
9.5692 	EXP 	Created window1 = Window(allowGUI=False, allowStencil=False, autoLog=True, backendConf=UNKNOWN, backgroundFit=<method-wrapper '__getattribute__' of attributeSetter object at 0x00000229BA8AF280>, backgroundImage=<method-wrapper '__getattribute__' of attributeSetter object at 0x00000229BA8AF220>, bitsMode=UNKNOWN, blendMode='avg', bpc=(8, 8, 8), color=array([-1., -1., -1.]), colorSpace='rgb', depthBits=8, fullscr=True, gamma=None, gammaErrorPolicy='raise', infoMsg=UNKNOWN, lms=UNKNOWN, monitor=<psychopy.monitors.calibTools.Monitor object at 0x00000229BAB845E0>, multiSample=False, name='window1', numSamples=2, pos=[np.float64(0.0), np.float64(0.0)], screen=0, size=array([1920, 1080]), stencilBits=0, stereo=False, title='PsychoPy', units='height', useFBO=True, useRetina=False, viewOri=0.0, viewPos=None, viewScale=None, waitBlanking=True, winType='pyglet')
9.5692 	EXP 	window1: backgroundImage = ''
9.5692 	EXP 	window1: backgroundFit = 'none'
9.8260 	EXP 	window1: Attempting to measure frame rate of screen (0) ...
9.8261 	EXP 	window1: recordFrameIntervals = False
9.9468 	EXP 	window1: recordFrameIntervals = True
10.0378 	EXP 	Screen (0) actual frame rate measured at 121.08Hz
10.0378 	EXP 	window1: recordFrameIntervals = False
11.2194 	EXP 	online_LDT&KRT: status = STARTED
11.3202 	EXP 	Created intro_text = TextStim(__class__=<class 'psychopy.visual.text.TextStim'>, alignHoriz=method-wrapper(...), alignText='center', alignVert=method-wrapper(...), anchorHoriz='center', anchorVert='center', antialias=True, autoDraw=False, autoLog=True, bold=False, color=array([1., 1., 1.]), colorSpace='rgb', contrast=1.0, depth=0.0, draggable=False, flipHoriz=False, flipVert=False, font='NanumGothic', fontFiles=[], height=np.float64(0.03), italic=False, languageStyle='LTR', name='intro_text', opacity=1, ori=0.0, pos=array([0., 0.]), rgb=UNKNOWN, text=str(...), units='height', win=Window(...), wrapWidth=1)
11.3410 	EXP 	Created LDT_intro_instr = TextStim(__class__=<class 'psychopy.visual.text.TextStim'>, alignHoriz=method-wrapper(...), alignText='center', alignVert=method-wrapper(...), anchorHoriz='center', anchorVert='center', antialias=True, autoDraw=False, autoLog=True, bold=False, color=array([1., 1., 1.]), colorSpace='rgb', contrast=1.0, depth=0.0, draggable=False, flipHoriz=False, flipVert=False, font='NanumGothic', fontFiles=[], height=np.float64(0.03), italic=False, languageStyle='LTR', name='LDT_intro_instr', opacity=1, ori=0.0, pos=array([0. , 0.2]), rgb=UNKNOWN, text=str(...), units='height', win=Window(...), wrapWidth=1)
11.3542 	EXP 	Created keyboard_LDT = ImageStim(__class__=<class 'psychopy.visual.image.ImageStim'>, anchor=('center', 'center'), autoLog=True, color=array([1., 1., 1.]), colorSpace='rgb', contrast=1.0, depth=-2.0, draggable=False, flipHoriz=np.False_, flipVert=np.False_, image='keyboard_LDT_RR.png', interpolate=True, mask=None, maskParams=None, name='keyboard_LDT', opacity=1, ori=0.0, pos=array([ 0. , -0.2]), size=array([0.6 , 0.35]), texRes=128.0, units='height', win=Window(...))
11.3572 	EXP 	Created LDT_prac_fix_text = TextStim(__class__=<class 'psychopy.visual.text.TextStim'>, alignHoriz=method-wrapper(...), alignText='center', alignVert=method-wrapper(...), anchorHoriz='center', anchorVert='center', antialias=True, autoDraw=False, autoLog=True, bold=False, color=array([1., 1., 1.]), colorSpace='rgb', contrast=1.0, depth=0.0, draggable=False, flipHoriz=False, flipVert=False, font='NanumGothic', fontFiles=[], height=np.float64(0.1), italic=False, languageStyle='LTR', name='LDT_prac_fix_text', opacity=1, ori=0, pos=array([0., 0.]), rgb=UNKNOWN, text='+', units='height', win=Window(...), wrapWidth=1)
11.3576 	EXP 	Created LDT_prac_stim_text = TextStim(__class__=<class 'psychopy.visual.text.TextStim'>, alignHoriz=method-wrapper(...), alignText='center', alignVert=method-wrapper(...), anchorHoriz='center', anchorVert='center', antialias=True, autoDraw=False, autoLog=True, bold=False, color=array([1., 1., 1.]), colorSpace='rgb', contrast=1.0, depth=-1.0, draggable=False, flipHoriz=False, flipVert=False, font='NanumGothic', fontFiles=[], height=0.1, italic=False, languageStyle='LTR', name='LDT_prac_stim_text', opacity=1, ori=0, pos=array([0., 0.]), rgb=UNKNOWN, text='', units='height', win=Window(...), wrapWidth=1)
11.3583 	EXP 	Created LDT_feedback_text = TextStim(__class__=<class 'psychopy.visual.text.TextStim'>, alignHoriz=method-wrapper(...), alignText='center', alignVert=method-wrapper(...), anchorHoriz='center', anchorVert='center', antialias=True, autoDraw=False, autoLog=True, bold=False, color=array([1., 1., 1.]), colorSpace='rgb', contrast=1.0, depth=-1.0, draggable=False, flipHoriz=False, flipVert=False, font='NanumGothic', fontFiles=[], height=0.05, italic=False, languageStyle='LTR', name='LDT_feedback_text', opacity=1, ori=0, pos=array([0., 0.]), rgb=UNKNOWN, text='', units='height', win=Window(...), wrapWidth=1)
11.3738 	EXP 	Created LDT_instr_text = TextStim(__class__=<class 'psychopy.visual.text.TextStim'>, alignHoriz=method-wrapper(...), alignText='center', alignVert=method-wrapper(...), anchorHoriz='center', anchorVert='center', antialias=True, autoDraw=False, autoLog=True, bold=False, color=array([1., 1., 1.]), colorSpace='rgb', contrast=1.0, depth=0.0, draggable=False, flipHoriz=False, flipVert=False, font='NanumGothic', fontFiles=[], height=np.float64(0.03), italic=False, languageStyle='LTR', name='LDT_instr_text', opacity=1, ori=0, pos=array([0., 0.]), rgb=UNKNOWN, text=str(...), units='height', win=Window(...), wrapWidth=1)
11.3752 	EXP 	Created LDT_fix_text = TextStim(__class__=<class 'psychopy.visual.text.TextStim'>, alignHoriz=method-wrapper(...), alignText='center', alignVert=method-wrapper(...), anchorHoriz='center', anchorVert='center', antialias=True, autoDraw=False, autoLog=True, bold=False, color=array([1., 1., 1.]), colorSpace='rgb', contrast=1.0, depth=0.0, draggable=False, flipHoriz=False, flipVert=False, font='NanumGothic', fontFiles=[], height=np.float64(0.1), italic=False, languageStyle='LTR', name='LDT_fix_text', opacity=1, ori=0, pos=array([0., 0.]), rgb=UNKNOWN, text='+', units='height', win=Window(...), wrapWidth=1)
11.3756 	EXP 	Created LDT_stim_text = TextStim(__class__=<class 'psychopy.visual.text.TextStim'>, alignHoriz=method-wrapper(...), alignText='center', alignVert=method-wrapper(...), anchorHoriz='center', anchorVert='center', antialias=True, autoDraw=False, autoLog=True, bold=False, color=array([1., 1., 1.]), colorSpace='rgb', contrast=1.0, depth=-1.0, draggable=False, flipHoriz=False, flipVert=False, font='NanumGothic', fontFiles=[], height=0.1, italic=False, languageStyle='LTR', name='LDT_stim_text', opacity=1, ori=0, pos=array([0., 0.]), rgb=UNKNOWN, text='', units='height', win=Window(...), wrapWidth=1)
11.3819 	EXP 	Created LDT_break_text = TextStim(__class__=<class 'psychopy.visual.text.TextStim'>, alignHoriz=method-wrapper(...), alignText='center', alignVert=method-wrapper(...), anchorHoriz='center', anchorVert='center', antialias=True, autoDraw=False, autoLog=True, bold=False, color=array([1., 1., 1.]), colorSpace='rgb', contrast=1.0, depth=-1.0, draggable=False, flipHoriz=False, flipVert=False, font='NanumGothic', fontFiles=[], height=np.float64(0.03), italic=False, languageStyle='LTR', name='LDT_break_text', opacity=1, ori=0.0, pos=array([0., 0.]), rgb=UNKNOWN, text=str(...), units='height', win=Window(...), wrapWidth=1)
11.3880 	EXP 	Created end_text = TextStim(__class__=<class 'psychopy.visual.text.TextStim'>, alignHoriz=method-wrapper(...), alignText='center', alignVert=method-wrapper(...), anchorHoriz='center', anchorVert='center', antialias=True, autoDraw=False, autoLog=True, bold=False, color=array([1., 1., 1.]), colorSpace='rgb', contrast=1.0, depth=0.0, draggable=False, flipHoriz=False, flipVert=False, font='NanumGothic', fontFiles=[], height=np.float64(0.03), italic=False, languageStyle='LTR', name='end_text', opacity=1, ori=0, pos=array([0., 0.]), rgb=UNKNOWN, text='실험이 종료되었습니다. \n\n실험에 참여해 주셔서 감사합니다.\n\n', units='height', win=Window(...), wrapWidth=1)
0.0178 	EXP 	intro_text: autoDraw = True
1.2010 	EXP 	Device response: <KeyPress from None: t=1.1189104000000043, value=space, duration=None>
1.2108 	EXP 	intro_text: autoDraw = False
1.2108 	EXP 	LDT_intro_instr: autoDraw = True
1.2108 	EXP 	keyboard_LDT: autoDraw = True
1.2116 	DATA 	Keypress: space
1.2610 	EXP 	Device response: <KeyPress from None: t=1.1189104000000043, value=space, duration=0.13557090000017524>
27.0865 	EXP 	Device response: <KeyPress from None: t=27.079253100000187, value=space, duration=None>
27.0910 	EXP 	Imported LDT_pracStim.xlsx as conditions, 10 conditions, 5 params
27.0912 	EXP 	New trial (rep=0, index=0): <Trial 0 (0 in rep 0) data={'Task': 'LDT', 'TrialType': 'Practice', 'Stimuli': 'baseball', 'CorrectResponse': 'l', 'StimulusType': 'word', 'thisN': 0, 'thisTrialN': 0, 'thisRepN': 0}>
27.1030 	EXP 	LDT_intro_instr: autoDraw = False
27.1030 	EXP 	keyboard_LDT: autoDraw = False
27.1030 	EXP 	LDT_prac_stim_text: height = np.float64(0.1)
27.1030 	EXP 	LDT_prac_stim_text: height = np.float64(0.1)
27.1030 	EXP 	LDT_prac_stim_text: height = np.float64(0.1)
27.1030 	EXP 	LDT_prac_stim_text: text = 'baseball'
27.1030 	EXP 	LDT_prac_fix_text: autoDraw = True
27.1036 	DATA 	Keypress: space
27.2367 	EXP 	Device response: <KeyPress from None: t=27.079253100000187, value=space, duration=0.1511703999999554>
27.5785 	EXP 	LDT_prac_stim_text: autoDraw = True
27.5951 	EXP 	LDT_prac_fix_text: autoDraw = False
28.5964 	EXP 	Device response: <KeyPress from None: t=28.591028600000072, value=l, duration=None>
28.6038 	EXP 	LDT_prac_fix_text: autoDraw = False
28.6038 	EXP 	LDT_prac_stim_text: autoDraw = False
28.6038 	EXP 	LDT_feedback_text: height = np.float64(0.05)
28.6038 	EXP 	LDT_feedback_text: height = np.float64(0.05)
28.6038 	EXP 	LDT_feedback_text: height = np.float64(0.05)
28.6038 	EXP 	LDT_feedback_text: text = '정답입니다!'
28.6038 	EXP 	LDT_feedback_text: autoDraw = True
28.6043 	DATA 	Keypress: l
28.7299 	EXP 	Device response: <KeyPress from None: t=28.591028600000072, value=l, duration=0.13555459999997765>
29.5890 	EXP 	New trial (rep=0, index=1): <Trial 1 (1 in rep 0) data={'Task': 'LDT', 'TrialType': 'Practice', 'Stimuli': 'yami', 'CorrectResponse': 'a', 'StimulusType': 'nonword', 'thisN': 1, 'thisTrialN': 1, 'thisRepN': 0}>
29.5972 	EXP 	LDT_feedback_text: autoDraw = False
29.5972 	EXP 	LDT_feedback_text: autoDraw = False
29.5972 	EXP 	LDT_prac_stim_text: height = np.float64(0.1)
29.5972 	EXP 	LDT_prac_stim_text: height = np.float64(0.1)
29.5972 	EXP 	LDT_prac_stim_text: height = np.float64(0.1)
29.5972 	EXP 	LDT_prac_stim_text: text = 'yami'
29.5972 	EXP 	LDT_prac_fix_text: autoDraw = True
30.0893 	EXP 	LDT_prac_fix_text: autoDraw = False
30.0893 	EXP 	LDT_prac_stim_text: autoDraw = True
31.3492 	EXP 	Device response: <KeyPress from None: t=31.342762700000094, value=a, duration=None>
31.3572 	EXP 	LDT_prac_fix_text: autoDraw = False
31.3572 	EXP 	LDT_prac_stim_text: autoDraw = False
31.3572 	EXP 	LDT_feedback_text: text = '정답입니다!'
31.3572 	EXP 	LDT_feedback_text: autoDraw = True
31.3577 	DATA 	Keypress: a
31.4659 	EXP 	Device response: <KeyPress from None: t=31.342762700000094, value=a, duration=0.11963170000012724>
32.3418 	EXP 	New trial (rep=0, index=2): <Trial 2 (2 in rep 0) data={'Task': 'LDT', 'TrialType': 'Practice', 'Stimuli': 'cucumber', 'CorrectResponse': 'l', 'StimulusType': 'word', 'thisN': 2, 'thisTrialN': 2, 'thisRepN': 0}>
32.3499 	EXP 	LDT_feedback_text: autoDraw = False
32.3499 	EXP 	LDT_feedback_text: autoDraw = False
32.3499 	EXP 	LDT_prac_stim_text: height = np.float64(0.1)
32.3499 	EXP 	LDT_prac_stim_text: height = np.float64(0.1)
32.3499 	EXP 	LDT_prac_stim_text: height = np.float64(0.1)
32.3499 	EXP 	LDT_prac_stim_text: text = 'cucumber'
32.3499 	EXP 	LDT_prac_fix_text: autoDraw = True
32.8420 	EXP 	LDT_prac_fix_text: autoDraw = False
32.8420 	EXP 	LDT_prac_stim_text: autoDraw = True
34.0852 	EXP 	Device response: <KeyPress from None: t=34.07883970000012, value=l, duration=None>
34.0933 	EXP 	LDT_prac_fix_text: autoDraw = False
34.0933 	EXP 	LDT_prac_stim_text: autoDraw = False
34.0933 	EXP 	LDT_feedback_text: text = '정답입니다!'
34.0933 	EXP 	LDT_feedback_text: autoDraw = True
34.0939 	DATA 	Keypress: l
34.2103 	EXP 	Device response: <KeyPress from None: t=34.07883970000012, value=l, duration=0.1277393000000302>
35.0778 	EXP 	New trial (rep=0, index=3): <Trial 3 (3 in rep 0) data={'Task': 'LDT', 'TrialType': 'Practice', 'Stimuli': 'huftuk', 'CorrectResponse': 'a', 'StimulusType': 'nonword', 'thisN': 3, 'thisTrialN': 3, 'thisRepN': 0}>
35.0860 	EXP 	LDT_feedback_text: autoDraw = False
35.0860 	EXP 	LDT_feedback_text: autoDraw = False
35.0860 	EXP 	LDT_prac_stim_text: height = np.float64(0.1)
35.0860 	EXP 	LDT_prac_stim_text: height = np.float64(0.1)
35.0860 	EXP 	LDT_prac_stim_text: height = np.float64(0.1)
35.0860 	EXP 	LDT_prac_stim_text: text = 'huftuk'
35.0860 	EXP 	LDT_prac_fix_text: autoDraw = True
35.5780 	EXP 	LDT_prac_fix_text: autoDraw = False
35.5780 	EXP 	LDT_prac_stim_text: autoDraw = True
36.8547 	EXP 	Device response: <KeyPress from None: t=36.84723360000021, value=a, duration=None>
36.8626 	EXP 	LDT_prac_fix_text: autoDraw = False
36.8626 	EXP 	LDT_prac_stim_text: autoDraw = False
36.8626 	EXP 	LDT_feedback_text: text = '정답입니다!'
36.8626 	EXP 	LDT_feedback_text: autoDraw = True
36.8632 	DATA 	Keypress: a
37.0047 	EXP 	Device response: <KeyPress from None: t=36.84723360000021, value=a, duration=0.1516858999998476>
37.8473 	EXP 	New trial (rep=0, index=4): <Trial 4 (4 in rep 0) data={'Task': 'LDT', 'TrialType': 'Practice', 'Stimuli': 'lankua', 'CorrectResponse': 'a', 'StimulusType': 'nonword', 'thisN': 4, 'thisTrialN': 4, 'thisRepN': 0}>
37.8553 	EXP 	LDT_feedback_text: autoDraw = False
37.8553 	EXP 	LDT_feedback_text: autoDraw = False
37.8553 	EXP 	LDT_prac_stim_text: height = np.float64(0.1)
37.8553 	EXP 	LDT_prac_stim_text: height = np.float64(0.1)
37.8553 	EXP 	LDT_prac_stim_text: height = np.float64(0.1)
37.8553 	EXP 	LDT_prac_stim_text: text = 'lankua'
37.8553 	EXP 	LDT_prac_fix_text: autoDraw = True
38.3475 	EXP 	LDT_prac_fix_text: autoDraw = False
38.3475 	EXP 	LDT_prac_stim_text: autoDraw = True
39.5990 	EXP 	Device response: <KeyPress from None: t=39.5909666, value=a, duration=None>
39.6071 	EXP 	LDT_prac_fix_text: autoDraw = False
39.6071 	EXP 	LDT_prac_stim_text: autoDraw = False
39.6071 	EXP 	LDT_feedback_text: text = '정답입니다!'
39.6071 	EXP 	LDT_feedback_text: autoDraw = True
39.6076 	DATA 	Keypress: a
39.7241 	EXP 	Device response: <KeyPress from None: t=39.5909666, value=a, duration=0.1276729000001069>
40.5916 	EXP 	New trial (rep=0, index=5): <Trial 5 (5 in rep 0) data={'Task': 'LDT', 'TrialType': 'Practice', 'Stimuli': 'jeong', 'CorrectResponse': 'a', 'StimulusType': 'nonword', 'thisN': 5, 'thisTrialN': 5, 'thisRepN': 0}>
40.5998 	EXP 	LDT_feedback_text: autoDraw = False
40.5998 	EXP 	LDT_feedback_text: autoDraw = False
40.5998 	EXP 	LDT_prac_stim_text: height = np.float64(0.1)
40.5998 	EXP 	LDT_prac_stim_text: height = np.float64(0.1)
40.5998 	EXP 	LDT_prac_stim_text: height = np.float64(0.1)
40.5998 	EXP 	LDT_prac_stim_text: text = 'jeong'
40.5998 	EXP 	LDT_prac_fix_text: autoDraw = True
41.0919 	EXP 	LDT_prac_fix_text: autoDraw = False
41.0919 	EXP 	LDT_prac_stim_text: autoDraw = True
42.2600 	EXP 	Device response: <KeyPress from None: t=42.25494810000009, value=a, duration=None>
42.2681 	EXP 	LDT_prac_fix_text: autoDraw = False
42.2681 	EXP 	LDT_prac_stim_text: autoDraw = False
42.2681 	EXP 	LDT_feedback_text: text = '정답입니다!'
42.2681 	EXP 	LDT_feedback_text: autoDraw = True
42.2685 	DATA 	Keypress: a
42.3768 	EXP 	Device response: <KeyPress from None: t=42.25494810000009, value=a, duration=0.12036609999995562>
43.2526 	EXP 	New trial (rep=0, index=6): <Trial 6 (6 in rep 0) data={'Task': 'LDT', 'TrialType': 'Practice', 'Stimuli': 'cluerk', 'CorrectResponse': 'a', 'StimulusType': 'nonword', 'thisN': 6, 'thisTrialN': 6, 'thisRepN': 0}>
43.2607 	EXP 	LDT_feedback_text: autoDraw = False
43.2607 	EXP 	LDT_feedback_text: autoDraw = False
43.2607 	EXP 	LDT_prac_stim_text: height = np.float64(0.1)
43.2607 	EXP 	LDT_prac_stim_text: height = np.float64(0.1)
43.2607 	EXP 	LDT_prac_stim_text: height = np.float64(0.1)
43.2607 	EXP 	LDT_prac_stim_text: text = 'cluerk'
43.2607 	EXP 	LDT_prac_fix_text: autoDraw = True
43.7529 	EXP 	LDT_prac_fix_text: autoDraw = False
43.7529 	EXP 	LDT_prac_stim_text: autoDraw = True
44.8459 	EXP 	Device response: <KeyPress from None: t=44.83852220000017, value=a, duration=None>
44.8539 	EXP 	LDT_prac_fix_text: autoDraw = False
44.8539 	EXP 	LDT_prac_stim_text: autoDraw = False
44.8539 	EXP 	LDT_feedback_text: text = '정답입니다!'
44.8539 	EXP 	LDT_feedback_text: autoDraw = True
44.8544 	DATA 	Keypress: a
44.9627 	EXP 	Device response: <KeyPress from None: t=44.83852220000017, value=a, duration=0.1203226000000086>
45.8385 	EXP 	New trial (rep=0, index=7): <Trial 7 (7 in rep 0) data={'Task': 'LDT', 'TrialType': 'Practice', 'Stimuli': 'concept', 'CorrectResponse': 'l', 'StimulusType': 'word', 'thisN': 7, 'thisTrialN': 7, 'thisRepN': 0}>
45.8466 	EXP 	LDT_feedback_text: autoDraw = False
45.8466 	EXP 	LDT_feedback_text: autoDraw = False
45.8466 	EXP 	LDT_prac_stim_text: height = np.float64(0.1)
45.8466 	EXP 	LDT_prac_stim_text: height = np.float64(0.1)
45.8466 	EXP 	LDT_prac_stim_text: height = np.float64(0.1)
45.8466 	EXP 	LDT_prac_stim_text: text = 'concept'
45.8466 	EXP 	LDT_prac_fix_text: autoDraw = True
46.3388 	EXP 	LDT_prac_fix_text: autoDraw = False
46.3388 	EXP 	LDT_prac_stim_text: autoDraw = True
47.3651 	EXP 	Device response: <KeyPress from None: t=47.35871350000002, value=l, duration=None>
47.3732 	EXP 	LDT_prac_fix_text: autoDraw = False
47.3732 	EXP 	LDT_prac_stim_text: autoDraw = False
47.3732 	EXP 	LDT_feedback_text: text = '정답입니다!'
47.3732 	EXP 	LDT_feedback_text: autoDraw = True
47.3737 	DATA 	Keypress: l
47.4818 	EXP 	Device response: <KeyPress from None: t=47.35871350000002, value=l, duration=0.12039930000014465>
48.3577 	EXP 	New trial (rep=0, index=8): <Trial 8 (8 in rep 0) data={'Task': 'LDT', 'TrialType': 'Practice', 'Stimuli': 'format', 'CorrectResponse': 'l', 'StimulusType': 'word', 'thisN': 8, 'thisTrialN': 8, 'thisRepN': 0}>
48.3659 	EXP 	LDT_feedback_text: autoDraw = False
48.3659 	EXP 	LDT_feedback_text: autoDraw = False
48.3659 	EXP 	LDT_prac_stim_text: height = np.float64(0.1)
48.3659 	EXP 	LDT_prac_stim_text: height = np.float64(0.1)
48.3659 	EXP 	LDT_prac_stim_text: height = np.float64(0.1)
48.3659 	EXP 	LDT_prac_stim_text: text = 'format'
48.3659 	EXP 	LDT_prac_fix_text: autoDraw = True
48.8580 	EXP 	LDT_prac_fix_text: autoDraw = False
48.8580 	EXP 	LDT_prac_stim_text: autoDraw = True
49.9676 	EXP 	Device response: <KeyPress from None: t=49.95968280000011, value=l, duration=None>
49.9757 	EXP 	LDT_prac_fix_text: autoDraw = False
49.9757 	EXP 	LDT_prac_stim_text: autoDraw = False
49.9757 	EXP 	LDT_feedback_text: text = '정답입니다!'
49.9757 	EXP 	LDT_feedback_text: autoDraw = True
49.9762 	DATA 	Keypress: l
50.0428 	EXP 	Device response: <KeyPress from None: t=49.95968280000011, value=l, duration=0.07965530000001309>
50.9603 	EXP 	New trial (rep=0, index=9): <Trial 9 (9 in rep 0) data={'Task': 'LDT', 'TrialType': 'Practice', 'Stimuli': 'truck', 'CorrectResponse': 'l', 'StimulusType': 'word', 'thisN': 9, 'thisTrialN': 9, 'thisRepN': 0}>
50.9684 	EXP 	LDT_feedback_text: autoDraw = False
50.9684 	EXP 	LDT_feedback_text: autoDraw = False
50.9684 	EXP 	LDT_prac_stim_text: height = np.float64(0.1)
50.9684 	EXP 	LDT_prac_stim_text: height = np.float64(0.1)
50.9684 	EXP 	LDT_prac_stim_text: height = np.float64(0.1)
50.9684 	EXP 	LDT_prac_stim_text: text = 'truck'
50.9684 	EXP 	LDT_prac_fix_text: autoDraw = True
51.4605 	EXP 	LDT_prac_fix_text: autoDraw = False
51.4605 	EXP 	LDT_prac_stim_text: autoDraw = True
52.2533 	EXP 	Device response: <KeyPress from None: t=52.24816740000006, value=l, duration=None>
52.2613 	EXP 	LDT_prac_fix_text: autoDraw = False
52.2613 	EXP 	LDT_prac_stim_text: autoDraw = False
52.2613 	EXP 	LDT_feedback_text: text = '정답입니다!'
52.2613 	EXP 	LDT_feedback_text: autoDraw = True
52.2618 	DATA 	Keypress: l
52.3368 	EXP 	Device response: <KeyPress from None: t=52.24816740000006, value=l, duration=0.08676100000002407>
53.2540 	EXP 	LDT_feedback_text: autoDraw = False
53.2540 	EXP 	LDT_feedback_text: autoDraw = False
53.2540 	EXP 	LDT_instr_text: autoDraw = True
57.1331 	EXP 	Device response: <KeyPress from None: t=57.12800080000011, value=space, duration=None>
57.1523 	EXP 	Imported LDT_Stim.xlsx as conditions, 222 conditions, 6 params
57.1534 	EXP 	New trial (rep=0, index=0): <Trial 0 (0 in rep 0) data={'Task': 'LDT', 'TrialType': 'Target', 'Stimuli': 'tight', 'StimulusType': 'word', 'CorrectResponse': 'l', 'Trialnumb': 74, 'thisN': 0, 'thisTrialN': 0, 'thisRepN': 0}>
57.1662 	EXP 	LDT_instr_text: autoDraw = False
57.1662 	EXP 	LDT_stim_text: height = np.float64(0.1)
57.1662 	EXP 	LDT_stim_text: height = np.float64(0.1)
57.1662 	EXP 	LDT_stim_text: height = np.float64(0.1)
57.1662 	EXP 	LDT_stim_text: text = 'tight'
57.1662 	EXP 	LDT_fix_text: autoDraw = True
57.1667 	DATA 	Keypress: space
57.2666 	EXP 	Device response: <KeyPress from None: t=57.12800080000011, value=space, duration=0.13606669999990118>
57.6250 	EXP 	LDT_stim_text: autoDraw = True
57.6583 	EXP 	LDT_fix_text: autoDraw = False
58.4094 	EXP 	Device response: <KeyPress from None: t=58.40809360000003, value=l, duration=None>
58.4096 	EXP 	New trial (rep=0, index=1): <Trial 1 (1 in rep 0) data={'Task': 'LDT', 'TrialType': 'Target', 'Stimuli': 'bond', 'StimulusType': 'word', 'CorrectResponse': 'l', 'Trialnumb': 87, 'thisN': 1, 'thisTrialN': 1, 'thisRepN': 0}>
58.4175 	EXP 	LDT_fix_text: autoDraw = False
58.4175 	EXP 	LDT_stim_text: autoDraw = False
58.4175 	EXP 	LDT_break_text: autoDraw = False
58.4175 	EXP 	LDT_stim_text: height = np.float64(0.1)
58.4175 	EXP 	LDT_stim_text: height = np.float64(0.1)
58.4175 	EXP 	LDT_stim_text: height = np.float64(0.1)
58.4175 	EXP 	LDT_stim_text: text = 'bond'
58.4175 	EXP 	LDT_fix_text: autoDraw = True
58.4180 	DATA 	Keypress: l
58.4927 	EXP 	Device response: <KeyPress from None: t=58.40809360000003, value=l, duration=0.07908180000003995>
58.9012 	EXP 	LDT_stim_text: autoDraw = True
58.9096 	EXP 	LDT_fix_text: autoDraw = False
59.8776 	EXP 	Device response: <KeyPress from None: t=59.87126710000007, value=l, duration=None>
59.8778 	EXP 	New trial (rep=0, index=2): <Trial 2 (2 in rep 0) data={'Task': 'LDT', 'TrialType': 'Target', 'Stimuli': 'still', 'StimulusType': 'word', 'CorrectResponse': 'l', 'Trialnumb': 14, 'thisN': 2, 'thisTrialN': 2, 'thisRepN': 0}>
59.8856 	EXP 	LDT_fix_text: autoDraw = False
59.8856 	EXP 	LDT_stim_text: autoDraw = False
59.8856 	EXP 	LDT_break_text: autoDraw = False
59.8856 	EXP 	LDT_stim_text: height = np.float64(0.1)
59.8856 	EXP 	LDT_stim_text: height = np.float64(0.1)
59.8856 	EXP 	LDT_stim_text: height = np.float64(0.1)
59.8856 	EXP 	LDT_stim_text: text = 'still'
59.8856 	EXP 	LDT_fix_text: autoDraw = True
59.8861 	DATA 	Keypress: l
59.9860 	EXP 	Device response: <KeyPress from None: t=59.87126710000007, value=l, duration=0.11296779999997852>
60.3694 	EXP 	LDT_stim_text: autoDraw = True
60.3777 	EXP 	LDT_fix_text: autoDraw = False
61.0787 	EXP 	Device response: <KeyPress from None: t=61.07143250000013, value=l, duration=None>
61.0790 	EXP 	New trial (rep=0, index=3): <Trial 3 (3 in rep 0) data={'Task': 'LDT', 'TrialType': 'Target', 'Stimuli': 'seef', 'StimulusType': 'nonword', 'CorrectResponse': 'a', 'Trialnumb': 187, 'thisN': 3, 'thisTrialN': 3, 'thisRepN': 0}>
61.0867 	EXP 	LDT_fix_text: autoDraw = False
61.0867 	EXP 	LDT_stim_text: autoDraw = False
61.0867 	EXP 	LDT_break_text: autoDraw = False
61.0867 	EXP 	LDT_stim_text: height = np.float64(0.1)
61.0867 	EXP 	LDT_stim_text: height = np.float64(0.1)
61.0867 	EXP 	LDT_stim_text: height = np.float64(0.1)
61.0867 	EXP 	LDT_stim_text: text = 'seef'
61.0867 	EXP 	LDT_fix_text: autoDraw = True
61.0873 	DATA 	Keypress: l
61.1704 	EXP 	Device response: <KeyPress from None: t=61.07143250000013, value=l, duration=0.0950854000000163>
61.5706 	EXP 	LDT_stim_text: autoDraw = True
61.5789 	EXP 	LDT_fix_text: autoDraw = False
62.9139 	EXP 	Device response: <KeyPress from None: t=62.91039940000019, value=l, duration=None>
62.9141 	EXP 	New trial (rep=0, index=4): <Trial 4 (4 in rep 0) data={'Task': 'LDT', 'TrialType': 'Target', 'Stimuli': 'data', 'StimulusType': 'word', 'CorrectResponse': 'l', 'Trialnumb': 41, 'thisN': 4, 'thisTrialN': 4, 'thisRepN': 0}>
62.9220 	EXP 	LDT_fix_text: autoDraw = False
62.9220 	EXP 	LDT_stim_text: autoDraw = False
62.9220 	EXP 	LDT_break_text: autoDraw = False
62.9220 	EXP 	LDT_stim_text: height = np.float64(0.1)
62.9220 	EXP 	LDT_stim_text: height = np.float64(0.1)
62.9220 	EXP 	LDT_stim_text: height = np.float64(0.1)
62.9220 	EXP 	LDT_stim_text: text = 'data'
62.9220 	EXP 	LDT_fix_text: autoDraw = True
62.9225 	DATA 	Keypress: l
63.0390 	EXP 	Device response: <KeyPress from None: t=62.91039940000019, value=l, duration=0.12022109999998065>
63.4057 	EXP 	LDT_stim_text: autoDraw = True
63.4141 	EXP 	LDT_fix_text: autoDraw = False
64.1734 	EXP 	Device response: <KeyPress from None: t=64.16703980000011, value=l, duration=None>
64.1737 	EXP 	New trial (rep=0, index=5): <Trial 5 (5 in rep 0) data={'Task': 'LDT', 'TrialType': 'Target', 'Stimuli': 'pahe', 'StimulusType': 'nonword', 'CorrectResponse': 'a', 'Trialnumb': 178, 'thisN': 5, 'thisTrialN': 5, 'thisRepN': 0}>
64.1816 	EXP 	LDT_fix_text: autoDraw = False
64.1816 	EXP 	LDT_stim_text: autoDraw = False
64.1816 	EXP 	LDT_break_text: autoDraw = False
64.1816 	EXP 	LDT_stim_text: height = np.float64(0.1)
64.1816 	EXP 	LDT_stim_text: height = np.float64(0.1)
64.1816 	EXP 	LDT_stim_text: height = np.float64(0.1)
64.1816 	EXP 	LDT_stim_text: text = 'pahe'
64.1816 	EXP 	LDT_fix_text: autoDraw = True
64.1821 	DATA 	Keypress: l
64.2736 	EXP 	Device response: <KeyPress from None: t=64.16703980000011, value=l, duration=0.10439969999993082>
64.6653 	EXP 	LDT_stim_text: autoDraw = True
64.6737 	EXP 	LDT_fix_text: autoDraw = False
65.6499 	EXP 	Device response: <KeyPress from None: t=65.64705870000012, value=a, duration=None>
65.6502 	EXP 	New trial (rep=0, index=6): <Trial 6 (6 in rep 0) data={'Task': 'LDT', 'TrialType': 'Target', 'Stimuli': 'short', 'StimulusType': 'word', 'CorrectResponse': 'l', 'Trialnumb': 50, 'thisN': 6, 'thisTrialN': 6, 'thisRepN': 0}>
65.6581 	EXP 	LDT_fix_text: autoDraw = False
65.6581 	EXP 	LDT_stim_text: autoDraw = False
65.6581 	EXP 	LDT_break_text: autoDraw = False
65.6581 	EXP 	LDT_stim_text: height = np.float64(0.1)
65.6581 	EXP 	LDT_stim_text: height = np.float64(0.1)
65.6581 	EXP 	LDT_stim_text: height = np.float64(0.1)
65.6581 	EXP 	LDT_stim_text: text = 'short'
65.6581 	EXP 	LDT_fix_text: autoDraw = True
65.6587 	DATA 	Keypress: a
65.7750 	EXP 	Device response: <KeyPress from None: t=65.64705870000012, value=a, duration=0.12745719999998073>
66.1418 	EXP 	LDT_stim_text: autoDraw = True
66.1501 	EXP 	LDT_fix_text: autoDraw = False
66.7843 	EXP 	Device response: <KeyPress from None: t=66.77602910000019, value=l, duration=None>
66.7846 	EXP 	New trial (rep=0, index=7): <Trial 7 (7 in rep 0) data={'Task': 'LDT', 'TrialType': 'Target', 'Stimuli': 'few', 'StimulusType': 'word', 'CorrectResponse': 'l', 'Trialnumb': 18, 'thisN': 7, 'thisTrialN': 7, 'thisRepN': 0}>
66.7872 	DATA 	Keypress: l
66.7925 	EXP 	LDT_fix_text: autoDraw = False
66.7925 	EXP 	LDT_stim_text: autoDraw = False
66.7925 	EXP 	LDT_break_text: autoDraw = False
66.7925 	EXP 	LDT_stim_text: height = np.float64(0.1)
66.7925 	EXP 	LDT_stim_text: height = np.float64(0.1)
66.7925 	EXP 	LDT_stim_text: height = np.float64(0.1)
66.7925 	EXP 	LDT_stim_text: text = 'few'
66.7925 	EXP 	LDT_fix_text: autoDraw = True
66.9012 	EXP 	Device response: <KeyPress from None: t=66.77602910000019, value=l, duration=0.11974450000002435>
67.2762 	EXP 	LDT_stim_text: autoDraw = True
67.2846 	EXP 	LDT_fix_text: autoDraw = False
68.0191 	EXP 	Device response: <KeyPress from None: t=68.0147766, value=l, duration=None>
68.0193 	EXP 	New trial (rep=0, index=8): <Trial 8 (8 in rep 0) data={'Task': 'LDT', 'TrialType': 'Target', 'Stimuli': 'tran', 'StimulusType': 'nonword', 'CorrectResponse': 'a', 'Trialnumb': 206, 'thisN': 8, 'thisTrialN': 8, 'thisRepN': 0}>
68.0271 	EXP 	LDT_fix_text: autoDraw = False
68.0271 	EXP 	LDT_stim_text: autoDraw = False
68.0271 	EXP 	LDT_break_text: autoDraw = False
68.0271 	EXP 	LDT_stim_text: height = np.float64(0.1)
68.0271 	EXP 	LDT_stim_text: height = np.float64(0.1)
68.0271 	EXP 	LDT_stim_text: height = np.float64(0.1)
68.0271 	EXP 	LDT_stim_text: text = 'tran'
68.0271 	EXP 	LDT_fix_text: autoDraw = True
68.0277 	DATA 	Keypress: l
68.1357 	EXP 	Device response: <KeyPress from None: t=68.0147766, value=l, duration=0.1205253000000539>
68.5108 	EXP 	LDT_stim_text: autoDraw = True
68.5191 	EXP 	LDT_fix_text: autoDraw = False
69.4120 	EXP 	Device response: <KeyPress from None: t=69.4075514000001, value=a, duration=None>
69.4122 	EXP 	New trial (rep=0, index=9): <Trial 9 (9 in rep 0) data={'Task': 'LDT', 'TrialType': 'Target', 'Stimuli': 'pair', 'StimulusType': 'word', 'CorrectResponse': 'l', 'Trialnumb': 81, 'thisN': 9, 'thisTrialN': 9, 'thisRepN': 0}>
69.4200 	EXP 	LDT_fix_text: autoDraw = False
69.4200 	EXP 	LDT_stim_text: autoDraw = False
69.4200 	EXP 	LDT_break_text: autoDraw = False
69.4200 	EXP 	LDT_stim_text: height = np.float64(0.1)
69.4200 	EXP 	LDT_stim_text: height = np.float64(0.1)
69.4200 	EXP 	LDT_stim_text: height = np.float64(0.1)
69.4200 	EXP 	LDT_stim_text: text = 'pair'
69.4200 	EXP 	LDT_fix_text: autoDraw = True
69.4205 	DATA 	Keypress: a
69.5204 	EXP 	Device response: <KeyPress from None: t=69.4075514000001, value=a, duration=0.11113829999999325>
69.9039 	EXP 	LDT_stim_text: autoDraw = True
69.9122 	EXP 	LDT_fix_text: autoDraw = False
70.5214 	EXP 	Device response: <KeyPress from None: t=70.51892900000007, value=l, duration=None>
70.5217 	EXP 	New trial (rep=0, index=10): <Trial 10 (10 in rep 0) data={'Task': 'LDT', 'TrialType': 'Target', 'Stimuli': 'grew', 'StimulusType': 'word', 'CorrectResponse': 'l', 'Trialnumb': 89, 'thisN': 10, 'thisTrialN': 10, 'thisRepN': 0}>
70.5295 	EXP 	LDT_fix_text: autoDraw = False
70.5295 	EXP 	LDT_stim_text: autoDraw = False
70.5295 	EXP 	LDT_break_text: autoDraw = False
70.5295 	EXP 	LDT_stim_text: height = np.float64(0.1)
70.5295 	EXP 	LDT_stim_text: height = np.float64(0.1)
70.5295 	EXP 	LDT_stim_text: height = np.float64(0.1)
70.5295 	EXP 	LDT_stim_text: text = 'grew'
70.5295 	EXP 	LDT_fix_text: autoDraw = True
70.5299 	DATA 	Keypress: l
70.6466 	EXP 	Device response: <KeyPress from None: t=70.51892900000007, value=l, duration=0.12002159999997275>
71.0132 	EXP 	LDT_stim_text: autoDraw = True
71.0216 	EXP 	LDT_fix_text: autoDraw = False
71.7893 	EXP 	Device response: <KeyPress from None: t=71.7825792000001, value=l, duration=None>
71.7895 	EXP 	New trial (rep=0, index=11): <Trial 11 (11 in rep 0) data={'Task': 'LDT', 'TrialType': 'Target', 'Stimuli': 'rorn', 'StimulusType': 'nonword', 'CorrectResponse': 'a', 'Trialnumb': 185, 'thisN': 11, 'thisTrialN': 11, 'thisRepN': 0}>
71.7974 	EXP 	LDT_fix_text: autoDraw = False
71.7974 	EXP 	LDT_stim_text: autoDraw = False
71.7974 	EXP 	LDT_break_text: autoDraw = False
71.7974 	EXP 	LDT_stim_text: height = np.float64(0.1)
71.7974 	EXP 	LDT_stim_text: height = np.float64(0.1)
71.7974 	EXP 	LDT_stim_text: height = np.float64(0.1)
71.7974 	EXP 	LDT_stim_text: text = 'rorn'
71.7974 	EXP 	LDT_fix_text: autoDraw = True
71.7978 	DATA 	Keypress: l
71.8896 	EXP 	Device response: <KeyPress from None: t=71.7825792000001, value=l, duration=0.1040362000001096>
72.2812 	EXP 	LDT_stim_text: autoDraw = True
72.2895 	EXP 	LDT_fix_text: autoDraw = False
73.1490 	EXP 	Device response: <KeyPress from None: t=73.1441162000001, value=a, duration=None>
73.1492 	EXP 	New trial (rep=0, index=12): <Trial 12 (12 in rep 0) data={'Task': 'LDT', 'TrialType': 'Target', 'Stimuli': 'trag', 'StimulusType': 'nonword', 'CorrectResponse': 'a', 'Trialnumb': 205, 'thisN': 12, 'thisTrialN': 12, 'thisRepN': 0}>
73.1572 	EXP 	LDT_fix_text: autoDraw = False
73.1572 	EXP 	LDT_stim_text: autoDraw = False
73.1572 	EXP 	LDT_break_text: autoDraw = False
73.1572 	EXP 	LDT_stim_text: height = np.float64(0.1)
73.1572 	EXP 	LDT_stim_text: height = np.float64(0.1)
73.1572 	EXP 	LDT_stim_text: height = np.float64(0.1)
73.1572 	EXP 	LDT_stim_text: text = 'trag'
73.1572 	EXP 	LDT_fix_text: autoDraw = True
73.1577 	DATA 	Keypress: a
73.2659 	EXP 	Device response: <KeyPress from None: t=73.1441162000001, value=a, duration=0.11866030000010142>
73.6408 	EXP 	LDT_stim_text: autoDraw = True
73.6492 	EXP 	LDT_fix_text: autoDraw = False
74.7840 	EXP 	Device response: <KeyPress from None: t=74.78287880000016, value=l, duration=None>
74.7842 	EXP 	New trial (rep=0, index=13): <Trial 13 (13 in rep 0) data={'Task': 'LDT', 'TrialType': 'Target', 'Stimuli': 'serve', 'StimulusType': 'word', 'CorrectResponse': 'l', 'Trialnumb': 80, 'thisN': 13, 'thisTrialN': 13, 'thisRepN': 0}>
74.7920 	EXP 	LDT_fix_text: autoDraw = False
74.7920 	EXP 	LDT_stim_text: autoDraw = False
74.7920 	EXP 	LDT_break_text: autoDraw = False
74.7920 	EXP 	LDT_stim_text: height = np.float64(0.1)
74.7920 	EXP 	LDT_stim_text: height = np.float64(0.1)
74.7920 	EXP 	LDT_stim_text: height = np.float64(0.1)
74.7920 	EXP 	LDT_stim_text: text = 'serve'
74.7920 	EXP 	LDT_fix_text: autoDraw = True
74.7925 	DATA 	Keypress: l
74.8924 	EXP 	Device response: <KeyPress from None: t=74.78287880000016, value=l, duration=0.1038048999998864>
75.2758 	EXP 	LDT_stim_text: autoDraw = True
75.2841 	EXP 	LDT_fix_text: autoDraw = False
76.5107 	EXP 	Device response: <KeyPress from None: t=76.50262020000014, value=l, duration=None>
76.5110 	EXP 	New trial (rep=0, index=14): <Trial 14 (14 in rep 0) data={'Task': 'LDT', 'TrialType': 'Target', 'Stimuli': 'fall', 'StimulusType': 'word', 'CorrectResponse': 'l', 'Trialnumb': 62, 'thisN': 14, 'thisTrialN': 14, 'thisRepN': 0}>
76.5187 	EXP 	LDT_fix_text: autoDraw = False
76.5187 	EXP 	LDT_stim_text: autoDraw = False
76.5187 	EXP 	LDT_break_text: autoDraw = False
76.5187 	EXP 	LDT_stim_text: height = np.float64(0.1)
76.5187 	EXP 	LDT_stim_text: height = np.float64(0.1)
76.5187 	EXP 	LDT_stim_text: height = np.float64(0.1)
76.5187 	EXP 	LDT_stim_text: text = 'fall'
76.5187 	EXP 	LDT_fix_text: autoDraw = True
76.5193 	DATA 	Keypress: l
76.6441 	EXP 	Device response: <KeyPress from None: t=76.50262020000014, value=l, duration=0.13614719999986846>
77.0025 	EXP 	LDT_stim_text: autoDraw = True
77.0108 	EXP 	LDT_fix_text: autoDraw = False
77.6785 	EXP 	Device response: <KeyPress from None: t=77.67110060000005, value=l, duration=None>
77.6789 	EXP 	New trial (rep=0, index=15): <Trial 15 (15 in rep 0) data={'Task': 'LDT', 'TrialType': 'Target', 'Stimuli': 'hear', 'StimulusType': 'word', 'CorrectResponse': 'l', 'Trialnumb': 37, 'thisN': 15, 'thisTrialN': 15, 'thisRepN': 0}>
77.6866 	EXP 	LDT_fix_text: autoDraw = False
77.6866 	EXP 	LDT_stim_text: autoDraw = False
77.6866 	EXP 	LDT_break_text: autoDraw = False
77.6866 	EXP 	LDT_stim_text: height = np.float64(0.1)
77.6866 	EXP 	LDT_stim_text: height = np.float64(0.1)
77.6866 	EXP 	LDT_stim_text: height = np.float64(0.1)
77.6866 	EXP 	LDT_stim_text: text = 'hear'
77.6866 	EXP 	LDT_fix_text: autoDraw = True
77.6873 	DATA 	Keypress: l
77.7869 	EXP 	Device response: <KeyPress from None: t=77.67110060000005, value=l, duration=0.11202969999999368>
78.1704 	EXP 	LDT_stim_text: autoDraw = True
78.1787 	EXP 	LDT_fix_text: autoDraw = False
79.1466 	EXP 	Device response: <KeyPress from None: t=79.14238350000005, value=l, duration=None>
79.1469 	EXP 	New trial (rep=0, index=16): <Trial 16 (16 in rep 0) data={'Task': 'LDT', 'TrialType': 'Target', 'Stimuli': 'lals', 'StimulusType': 'nonword', 'CorrectResponse': 'a', 'Trialnumb': 167, 'thisN': 16, 'thisTrialN': 16, 'thisRepN': 0}>
79.1547 	EXP 	LDT_fix_text: autoDraw = False
79.1547 	EXP 	LDT_stim_text: autoDraw = False
79.1547 	EXP 	LDT_break_text: autoDraw = False
79.1547 	EXP 	LDT_stim_text: height = np.float64(0.1)
79.1547 	EXP 	LDT_stim_text: height = np.float64(0.1)
79.1547 	EXP 	LDT_stim_text: height = np.float64(0.1)
79.1547 	EXP 	LDT_stim_text: text = 'lals'
79.1547 	EXP 	LDT_fix_text: autoDraw = True
79.1551 	DATA 	Keypress: l
79.2551 	EXP 	Device response: <KeyPress from None: t=79.14238350000005, value=l, duration=0.11210449999998673>
79.6385 	EXP 	LDT_stim_text: autoDraw = True
79.6469 	EXP 	LDT_fix_text: autoDraw = False
80.6649 	EXP 	Device response: <KeyPress from None: t=80.66250320000017, value=a, duration=None>
80.6652 	EXP 	New trial (rep=0, index=17): <Trial 17 (17 in rep 0) data={'Task': 'LDT', 'TrialType': 'Target', 'Stimuli': 'frow', 'StimulusType': 'nonword', 'CorrectResponse': 'a', 'Trialnumb': 142, 'thisN': 17, 'thisTrialN': 17, 'thisRepN': 0}>
80.6728 	EXP 	LDT_fix_text: autoDraw = False
80.6728 	EXP 	LDT_stim_text: autoDraw = False
80.6728 	EXP 	LDT_break_text: autoDraw = False
80.6728 	EXP 	LDT_stim_text: height = np.float64(0.1)
80.6728 	EXP 	LDT_stim_text: height = np.float64(0.1)
80.6728 	EXP 	LDT_stim_text: height = np.float64(0.1)
80.6728 	EXP 	LDT_stim_text: text = 'frow'
80.6728 	EXP 	LDT_fix_text: autoDraw = True
80.6733 	DATA 	Keypress: a
80.7565 	EXP 	Device response: <KeyPress from None: t=80.66250320000017, value=a, duration=0.08868789999996807>
81.1567 	EXP 	LDT_stim_text: autoDraw = True
81.1650 	EXP 	LDT_fix_text: autoDraw = False
82.2583 	EXP 	Device response: <KeyPress from None: t=82.25487570000018, value=l, duration=None>
82.2585 	EXP 	New trial (rep=0, index=18): <Trial 18 (18 in rep 0) data={'Task': 'LDT', 'TrialType': 'Target', 'Stimuli': 'sloy', 'StimulusType': 'nonword', 'CorrectResponse': 'a', 'Trialnumb': 194, 'thisN': 18, 'thisTrialN': 18, 'thisRepN': 0}>
82.2662 	EXP 	LDT_fix_text: autoDraw = False
82.2662 	EXP 	LDT_stim_text: autoDraw = False
82.2662 	EXP 	LDT_break_text: autoDraw = False
82.2662 	EXP 	LDT_stim_text: height = np.float64(0.1)
82.2662 	EXP 	LDT_stim_text: height = np.float64(0.1)
82.2662 	EXP 	LDT_stim_text: height = np.float64(0.1)
82.2662 	EXP 	LDT_stim_text: text = 'sloy'
82.2662 	EXP 	LDT_fix_text: autoDraw = True
82.2666 	DATA 	Keypress: l
82.3831 	EXP 	Device response: <KeyPress from None: t=82.25487570000018, value=l, duration=0.12019529999997758>
82.7499 	EXP 	LDT_stim_text: autoDraw = True
82.7582 	EXP 	LDT_fix_text: autoDraw = False
84.0266 	EXP 	Device response: <KeyPress from None: t=84.0223390000001, value=a, duration=None>
84.0269 	EXP 	New trial (rep=0, index=19): <Trial 19 (19 in rep 0) data={'Task': 'LDT', 'TrialType': 'Target', 'Stimuli': 'juck', 'StimulusType': 'nonword', 'CorrectResponse': 'a', 'Trialnumb': 161, 'thisN': 19, 'thisTrialN': 19, 'thisRepN': 0}>
84.0345 	EXP 	LDT_fix_text: autoDraw = False
84.0345 	EXP 	LDT_stim_text: autoDraw = False
84.0345 	EXP 	LDT_break_text: autoDraw = False
84.0345 	EXP 	LDT_stim_text: height = np.float64(0.1)
84.0345 	EXP 	LDT_stim_text: height = np.float64(0.1)
84.0345 	EXP 	LDT_stim_text: height = np.float64(0.1)
84.0345 	EXP 	LDT_stim_text: text = 'juck'
84.0345 	EXP 	LDT_fix_text: autoDraw = True
84.0351 	DATA 	Keypress: a
84.1599 	EXP 	Device response: <KeyPress from None: t=84.0223390000001, value=a, duration=0.13695310000002792>
84.5183 	EXP 	LDT_stim_text: autoDraw = True
84.5267 	EXP 	LDT_fix_text: autoDraw = False
85.4945 	EXP 	Device response: <KeyPress from None: t=85.4872914, value=a, duration=None>
85.4948 	EXP 	New trial (rep=0, index=20): <Trial 20 (20 in rep 0) data={'Task': 'LDT', 'TrialType': 'Target', 'Stimuli': 'spin', 'StimulusType': 'word', 'CorrectResponse': 'l', 'Trialnumb': 107, 'thisN': 20, 'thisTrialN': 20, 'thisRepN': 0}>
85.5027 	EXP 	LDT_fix_text: autoDraw = False
85.5027 	EXP 	LDT_stim_text: autoDraw = False
85.5027 	EXP 	LDT_break_text: autoDraw = False
85.5027 	EXP 	LDT_stim_text: height = np.float64(0.1)
85.5027 	EXP 	LDT_stim_text: height = np.float64(0.1)
85.5027 	EXP 	LDT_stim_text: height = np.float64(0.1)
85.5027 	EXP 	LDT_stim_text: text = 'spin'
85.5027 	EXP 	LDT_fix_text: autoDraw = True
85.5033 	DATA 	Keypress: a
85.5947 	EXP 	Device response: <KeyPress from None: t=85.4872914, value=a, duration=0.10466380000002573>
85.9864 	EXP 	LDT_stim_text: autoDraw = True
85.9948 	EXP 	LDT_fix_text: autoDraw = False
87.0044 	EXP 	Device response: <KeyPress from None: t=86.99957260000019, value=l, duration=None>
87.0047 	EXP 	New trial (rep=0, index=21): <Trial 21 (21 in rep 0) data={'Task': 'LDT', 'TrialType': 'Target', 'Stimuli': 'smat', 'StimulusType': 'nonword', 'CorrectResponse': 'a', 'Trialnumb': 195, 'thisN': 21, 'thisTrialN': 21, 'thisRepN': 0}>
87.0125 	EXP 	LDT_fix_text: autoDraw = False
87.0125 	EXP 	LDT_stim_text: autoDraw = False
87.0125 	EXP 	LDT_break_text: autoDraw = False
87.0125 	EXP 	LDT_stim_text: height = np.float64(0.1)
87.0125 	EXP 	LDT_stim_text: height = np.float64(0.1)
87.0125 	EXP 	LDT_stim_text: height = np.float64(0.1)
87.0125 	EXP 	LDT_stim_text: text = 'smat'
87.0125 	EXP 	LDT_fix_text: autoDraw = True
87.0130 	DATA 	Keypress: l
87.1045 	EXP 	Device response: <KeyPress from None: t=86.99957260000019, value=l, duration=0.09657579999998234>
87.4963 	EXP 	LDT_stim_text: autoDraw = True
87.5046 	EXP 	LDT_fix_text: autoDraw = False
88.9314 	EXP 	Device response: <KeyPress from None: t=88.92700650000006, value=a, duration=None>
88.9317 	EXP 	New trial (rep=0, index=22): <Trial 22 (22 in rep 0) data={'Task': 'LDT', 'TrialType': 'Target', 'Stimuli': 'yast', 'StimulusType': 'nonword', 'CorrectResponse': 'a', 'Trialnumb': 218, 'thisN': 22, 'thisTrialN': 22, 'thisRepN': 0}>
88.9394 	EXP 	LDT_fix_text: autoDraw = False
88.9394 	EXP 	LDT_stim_text: autoDraw = False
88.9394 	EXP 	LDT_break_text: autoDraw = False
88.9394 	EXP 	LDT_stim_text: height = np.float64(0.1)
88.9394 	EXP 	LDT_stim_text: height = np.float64(0.1)
88.9394 	EXP 	LDT_stim_text: height = np.float64(0.1)
88.9394 	EXP 	LDT_stim_text: text = 'yast'
88.9394 	EXP 	LDT_fix_text: autoDraw = True
88.9398 	DATA 	Keypress: a
89.0231 	EXP 	Device response: <KeyPress from None: t=88.92700650000006, value=a, duration=0.08764110000015535>
89.4232 	EXP 	LDT_stim_text: autoDraw = True
89.4316 	EXP 	LDT_fix_text: autoDraw = False
90.3996 	EXP 	Device response: <KeyPress from None: t=90.3987019000001, value=a, duration=None>
90.3998 	EXP 	New trial (rep=0, index=23): <Trial 23 (23 in rep 0) data={'Task': 'LDT', 'TrialType': 'Target', 'Stimuli': 'warm', 'StimulusType': 'word', 'CorrectResponse': 'l', 'Trialnumb': 60, 'thisN': 23, 'thisTrialN': 23, 'thisRepN': 0}>
90.4075 	EXP 	LDT_fix_text: autoDraw = False
90.4075 	EXP 	LDT_stim_text: autoDraw = False
90.4075 	EXP 	LDT_break_text: autoDraw = False
90.4075 	EXP 	LDT_stim_text: height = np.float64(0.1)
90.4075 	EXP 	LDT_stim_text: height = np.float64(0.1)
90.4075 	EXP 	LDT_stim_text: height = np.float64(0.1)
90.4075 	EXP 	LDT_stim_text: text = 'warm'
90.4075 	EXP 	LDT_fix_text: autoDraw = True
90.4080 	DATA 	Keypress: a
90.4829 	EXP 	Device response: <KeyPress from None: t=90.3987019000001, value=a, duration=0.08156940000003488>
90.8913 	EXP 	LDT_stim_text: autoDraw = True
90.8997 	EXP 	LDT_fix_text: autoDraw = False
92.2763 	EXP 	Device response: <KeyPress from None: t=92.27130910000005, value=l, duration=None>
92.2766 	EXP 	New trial (rep=0, index=24): <Trial 24 (24 in rep 0) data={'Task': 'LDT', 'TrialType': 'Target', 'Stimuli': 'saos', 'StimulusType': 'nonword', 'CorrectResponse': 'a', 'Trialnumb': 115, 'thisN': 24, 'thisTrialN': 24, 'thisRepN': 0}>
92.2845 	EXP 	LDT_fix_text: autoDraw = False
92.2845 	EXP 	LDT_stim_text: autoDraw = False
92.2845 	EXP 	LDT_break_text: autoDraw = False
92.2845 	EXP 	LDT_stim_text: height = np.float64(0.1)
92.2845 	EXP 	LDT_stim_text: height = np.float64(0.1)
92.2845 	EXP 	LDT_stim_text: height = np.float64(0.1)
92.2845 	EXP 	LDT_stim_text: text = 'saos'
92.2845 	EXP 	LDT_fix_text: autoDraw = True
92.2849 	DATA 	Keypress: l
92.4016 	EXP 	Device response: <KeyPress from None: t=92.27130910000005, value=l, duration=0.1275362999999743>
92.7682 	EXP 	LDT_stim_text: autoDraw = True
92.7765 	EXP 	LDT_fix_text: autoDraw = False
93.5943 	EXP 	Device response: <KeyPress from None: t=93.59117610000021, value=a, duration=None>
93.5945 	EXP 	New trial (rep=0, index=25): <Trial 25 (25 in rep 0) data={'Task': 'LDT', 'TrialType': 'Target', 'Stimuli': 'jite', 'StimulusType': 'nonword', 'CorrectResponse': 'a', 'Trialnumb': 160, 'thisN': 25, 'thisTrialN': 25, 'thisRepN': 0}>
93.6023 	EXP 	LDT_fix_text: autoDraw = False
93.6023 	EXP 	LDT_stim_text: autoDraw = False
93.6023 	EXP 	LDT_break_text: autoDraw = False
93.6023 	EXP 	LDT_stim_text: height = np.float64(0.1)
93.6023 	EXP 	LDT_stim_text: height = np.float64(0.1)
93.6023 	EXP 	LDT_stim_text: height = np.float64(0.1)
93.6023 	EXP 	LDT_stim_text: text = 'jite'
93.6023 	EXP 	LDT_fix_text: autoDraw = True
93.6029 	DATA 	Keypress: a
93.7194 	EXP 	Device response: <KeyPress from None: t=93.59117610000021, value=a, duration=0.1274753000000146>
94.0862 	EXP 	LDT_stim_text: autoDraw = True
94.0946 	EXP 	LDT_fix_text: autoDraw = False
94.9791 	EXP 	Device response: <KeyPress from None: t=94.97465000000011, value=a, duration=None>
94.9794 	EXP 	New trial (rep=0, index=26): <Trial 26 (26 in rep 0) data={'Task': 'LDT', 'TrialType': 'Target', 'Stimuli': 'cona', 'StimulusType': 'nonword', 'CorrectResponse': 'a', 'Trialnumb': 132, 'thisN': 26, 'thisTrialN': 26, 'thisRepN': 0}>
94.9871 	EXP 	LDT_fix_text: autoDraw = False
94.9871 	EXP 	LDT_stim_text: autoDraw = False
94.9871 	EXP 	LDT_break_text: autoDraw = False
94.9871 	EXP 	LDT_stim_text: height = np.float64(0.1)
94.9871 	EXP 	LDT_stim_text: height = np.float64(0.1)
94.9871 	EXP 	LDT_stim_text: height = np.float64(0.1)
94.9871 	EXP 	LDT_stim_text: text = 'cona'
94.9871 	EXP 	LDT_fix_text: autoDraw = True
94.9875 	DATA 	Keypress: a
95.1375 	EXP 	Device response: <KeyPress from None: t=94.97465000000011, value=a, duration=0.1602015000000847>
95.4709 	EXP 	LDT_stim_text: autoDraw = True
95.4792 	EXP 	LDT_fix_text: autoDraw = False
96.6724 	EXP 	Device response: <KeyPress from None: t=96.67072280000002, value=a, duration=None>
96.6726 	EXP 	New trial (rep=0, index=27): <Trial 27 (27 in rep 0) data={'Task': 'LDT', 'TrialType': 'Target', 'Stimuli': 'tour', 'StimulusType': 'word', 'CorrectResponse': 'l', 'Trialnumb': 88, 'thisN': 27, 'thisTrialN': 27, 'thisRepN': 0}>
96.6805 	EXP 	LDT_fix_text: autoDraw = False
96.6805 	EXP 	LDT_stim_text: autoDraw = False
96.6805 	EXP 	LDT_break_text: autoDraw = False
96.6805 	EXP 	LDT_stim_text: height = np.float64(0.1)
96.6805 	EXP 	LDT_stim_text: height = np.float64(0.1)
96.6805 	EXP 	LDT_stim_text: height = np.float64(0.1)
96.6805 	EXP 	LDT_stim_text: text = 'tour'
96.6805 	EXP 	LDT_fix_text: autoDraw = True
96.6810 	DATA 	Keypress: a
96.8141 	EXP 	Device response: <KeyPress from None: t=96.67072280000002, value=a, duration=0.13620120000018687>
97.1642 	EXP 	LDT_stim_text: autoDraw = True
97.1726 	EXP 	LDT_fix_text: autoDraw = False
98.1739 	EXP 	Device response: <KeyPress from None: t=98.16694800000005, value=l, duration=None>
98.1741 	EXP 	New trial (rep=0, index=28): <Trial 28 (28 in rep 0) data={'Task': 'LDT', 'TrialType': 'Target', 'Stimuli': 'team', 'StimulusType': 'word', 'CorrectResponse': 'l', 'Trialnumb': 23, 'thisN': 28, 'thisTrialN': 28, 'thisRepN': 0}>
98.1820 	EXP 	LDT_fix_text: autoDraw = False
98.1820 	EXP 	LDT_stim_text: autoDraw = False
98.1820 	EXP 	LDT_break_text: autoDraw = False
98.1820 	EXP 	LDT_stim_text: height = np.float64(0.1)
98.1820 	EXP 	LDT_stim_text: height = np.float64(0.1)
98.1820 	EXP 	LDT_stim_text: height = np.float64(0.1)
98.1820 	EXP 	LDT_stim_text: text = 'team'
98.1820 	EXP 	LDT_fix_text: autoDraw = True
98.1825 	DATA 	Keypress: l
98.2906 	EXP 	Device response: <KeyPress from None: t=98.16694800000005, value=l, duration=0.11935650000009446>
98.6657 	EXP 	LDT_stim_text: autoDraw = True
98.6741 	EXP 	LDT_fix_text: autoDraw = False
99.4668 	EXP 	Device response: <KeyPress from None: t=99.4634265000002, value=l, duration=None>
99.4670 	EXP 	New trial (rep=0, index=29): <Trial 29 (29 in rep 0) data={'Task': 'LDT', 'TrialType': 'Target', 'Stimuli': 'sife', 'StimulusType': 'nonword', 'CorrectResponse': 'a', 'Trialnumb': 192, 'thisN': 29, 'thisTrialN': 29, 'thisRepN': 0}>
99.4749 	EXP 	LDT_fix_text: autoDraw = False
99.4749 	EXP 	LDT_stim_text: autoDraw = False
99.4749 	EXP 	LDT_break_text: autoDraw = False
99.4749 	EXP 	LDT_stim_text: height = np.float64(0.1)
99.4749 	EXP 	LDT_stim_text: height = np.float64(0.1)
99.4749 	EXP 	LDT_stim_text: height = np.float64(0.1)
99.4749 	EXP 	LDT_stim_text: text = 'sife'
99.4749 	EXP 	LDT_fix_text: autoDraw = True
99.4756 	DATA 	Keypress: l
99.6002 	EXP 	Device response: <KeyPress from None: t=99.4634265000002, value=l, duration=0.13492879999989782>
99.9587 	EXP 	LDT_stim_text: autoDraw = True
99.9670 	EXP 	LDT_fix_text: autoDraw = False
101.0767 	EXP 	Device response: <KeyPress from None: t=101.07142440000007, value=a, duration=None>
101.0770 	EXP 	New trial (rep=0, index=30): <Trial 30 (30 in rep 0) data={'Task': 'LDT', 'TrialType': 'Target', 'Stimuli': 'word', 'StimulusType': 'word', 'CorrectResponse': 'l', 'Trialnumb': 47, 'thisN': 30, 'thisTrialN': 30, 'thisRepN': 0}>
101.0848 	EXP 	LDT_fix_text: autoDraw = False
101.0848 	EXP 	LDT_stim_text: autoDraw = False
101.0848 	EXP 	LDT_break_text: autoDraw = False
101.0848 	EXP 	LDT_stim_text: height = np.float64(0.1)
101.0848 	EXP 	LDT_stim_text: height = np.float64(0.1)
101.0848 	EXP 	LDT_stim_text: height = np.float64(0.1)
101.0848 	EXP 	LDT_stim_text: text = 'word'
101.0848 	EXP 	LDT_fix_text: autoDraw = True
101.0853 	DATA 	Keypress: a
101.2686 	EXP 	Device response: <KeyPress from None: t=101.07142440000007, value=a, duration=0.19089320000011867>
101.5686 	EXP 	LDT_stim_text: autoDraw = True
101.5769 	EXP 	LDT_fix_text: autoDraw = False
102.8368 	EXP 	Device response: <KeyPress from None: t=102.83047760000022, value=l, duration=None>
102.8371 	EXP 	New trial (rep=0, index=31): <Trial 31 (31 in rep 0) data={'Task': 'LDT', 'TrialType': 'Target', 'Stimuli': 'slim', 'StimulusType': 'word', 'CorrectResponse': 'l', 'Trialnumb': 111, 'thisN': 31, 'thisTrialN': 31, 'thisRepN': 0}>
102.8449 	EXP 	LDT_fix_text: autoDraw = False
102.8449 	EXP 	LDT_stim_text: autoDraw = False
102.8449 	EXP 	LDT_break_text: autoDraw = False
102.8449 	EXP 	LDT_stim_text: height = np.float64(0.1)
102.8449 	EXP 	LDT_stim_text: height = np.float64(0.1)
102.8449 	EXP 	LDT_stim_text: height = np.float64(0.1)
102.8449 	EXP 	LDT_stim_text: text = 'slim'
102.8449 	EXP 	LDT_fix_text: autoDraw = True
102.8454 	DATA 	Keypress: l
102.9369 	EXP 	Device response: <KeyPress from None: t=102.83047760000022, value=l, duration=0.10411449999992328>
103.3287 	EXP 	LDT_stim_text: autoDraw = True
103.3370 	EXP 	LDT_fix_text: autoDraw = False
104.2884 	EXP 	Device response: <KeyPress from None: t=104.28700220000019, value=l, duration=None>
104.2886 	EXP 	New trial (rep=0, index=32): <Trial 32 (32 in rep 0) data={'Task': 'LDT', 'TrialType': 'Target', 'Stimuli': 'ate', 'StimulusType': 'word', 'CorrectResponse': 'l', 'Trialnumb': 85, 'thisN': 32, 'thisTrialN': 32, 'thisRepN': 0}>
104.2963 	EXP 	LDT_fix_text: autoDraw = False
104.2963 	EXP 	LDT_stim_text: autoDraw = False
104.2963 	EXP 	LDT_break_text: autoDraw = False
104.2963 	EXP 	LDT_stim_text: height = np.float64(0.1)
104.2963 	EXP 	LDT_stim_text: height = np.float64(0.1)
104.2963 	EXP 	LDT_stim_text: height = np.float64(0.1)
104.2963 	EXP 	LDT_stim_text: text = 'ate'
104.2963 	EXP 	LDT_fix_text: autoDraw = True
104.2968 	DATA 	Keypress: l
104.4384 	EXP 	Device response: <KeyPress from None: t=104.28700220000019, value=l, duration=0.1434151999999358>
104.7801 	EXP 	LDT_stim_text: autoDraw = True
104.7885 	EXP 	LDT_fix_text: autoDraw = False
105.5896 	EXP 	Device response: <KeyPress from None: t=105.58269140000016, value=l, duration=None>
105.5898 	EXP 	New trial (rep=0, index=33): <Trial 33 (33 in rep 0) data={'Task': 'LDT', 'TrialType': 'Target', 'Stimuli': 'bust', 'StimulusType': 'word', 'CorrectResponse': 'l', 'Trialnumb': 91, 'thisN': 33, 'thisTrialN': 33, 'thisRepN': 0}>
105.5977 	EXP 	LDT_fix_text: autoDraw = False
105.5977 	EXP 	LDT_stim_text: autoDraw = False
105.5977 	EXP 	LDT_break_text: autoDraw = False
105.5977 	EXP 	LDT_stim_text: height = np.float64(0.1)
105.5977 	EXP 	LDT_stim_text: height = np.float64(0.1)
105.5977 	EXP 	LDT_stim_text: height = np.float64(0.1)
105.5977 	EXP 	LDT_stim_text: text = 'bust'
105.5977 	EXP 	LDT_fix_text: autoDraw = True
105.5983 	DATA 	Keypress: l
105.7230 	EXP 	Device response: <KeyPress from None: t=105.58269140000016, value=l, duration=0.13659310000002733>
106.0814 	EXP 	LDT_stim_text: autoDraw = True
106.0898 	EXP 	LDT_fix_text: autoDraw = False
107.0577 	EXP 	Device response: <KeyPress from None: t=107.05591860000004, value=a, duration=None>
107.0580 	EXP 	New trial (rep=0, index=34): <Trial 34 (34 in rep 0) data={'Task': 'LDT', 'TrialType': 'Target', 'Stimuli': 'ugly', 'StimulusType': 'word', 'CorrectResponse': 'l', 'Trialnumb': 78, 'thisN': 34, 'thisTrialN': 34, 'thisRepN': 0}>
107.0657 	EXP 	LDT_fix_text: autoDraw = False
107.0657 	EXP 	LDT_stim_text: autoDraw = False
107.0657 	EXP 	LDT_break_text: autoDraw = False
107.0657 	EXP 	LDT_stim_text: height = np.float64(0.1)
107.0657 	EXP 	LDT_stim_text: height = np.float64(0.1)
107.0657 	EXP 	LDT_stim_text: height = np.float64(0.1)
107.0657 	EXP 	LDT_stim_text: text = 'ugly'
107.0657 	EXP 	LDT_fix_text: autoDraw = True
107.0662 	DATA 	Keypress: a
107.1494 	EXP 	Device response: <KeyPress from None: t=107.05591860000004, value=a, duration=0.08637829999997848>
107.5495 	EXP 	LDT_stim_text: autoDraw = True
107.5579 	EXP 	LDT_fix_text: autoDraw = False
108.7677 	EXP 	Device response: <KeyPress from None: t=108.75940420000006, value=a, duration=None>
108.7680 	EXP 	New trial (rep=0, index=35): <Trial 35 (35 in rep 0) data={'Task': 'LDT', 'TrialType': 'Target', 'Stimuli': 'suck', 'StimulusType': 'word', 'CorrectResponse': 'l', 'Trialnumb': 83, 'thisN': 35, 'thisTrialN': 35, 'thisRepN': 0}>
108.7693 	DATA 	Keypress: a
108.7758 	EXP 	LDT_fix_text: autoDraw = False
108.7758 	EXP 	LDT_stim_text: autoDraw = False
108.7758 	EXP 	LDT_break_text: autoDraw = False
108.7758 	EXP 	LDT_stim_text: height = np.float64(0.1)
108.7758 	EXP 	LDT_stim_text: height = np.float64(0.1)
108.7758 	EXP 	LDT_stim_text: height = np.float64(0.1)
108.7758 	EXP 	LDT_stim_text: text = 'suck'
108.7758 	EXP 	LDT_fix_text: autoDraw = True
108.9011 	EXP 	Device response: <KeyPress from None: t=108.75940420000006, value=a, duration=0.13494740000010097>
109.2596 	EXP 	LDT_stim_text: autoDraw = True
109.2679 	EXP 	LDT_fix_text: autoDraw = False
109.9523 	EXP 	Device response: <KeyPress from None: t=109.95050920000017, value=l, duration=None>
109.9525 	EXP 	New trial (rep=0, index=36): <Trial 36 (36 in rep 0) data={'Task': 'LDT', 'TrialType': 'Target', 'Stimuli': 'talm', 'StimulusType': 'nonword', 'CorrectResponse': 'a', 'Trialnumb': 202, 'thisN': 36, 'thisTrialN': 36, 'thisRepN': 0}>
109.9604 	EXP 	LDT_fix_text: autoDraw = False
109.9604 	EXP 	LDT_stim_text: autoDraw = False
109.9604 	EXP 	LDT_break_text: autoDraw = False
109.9604 	EXP 	LDT_stim_text: height = np.float64(0.1)
109.9604 	EXP 	LDT_stim_text: height = np.float64(0.1)
109.9604 	EXP 	LDT_stim_text: height = np.float64(0.1)
109.9604 	EXP 	LDT_stim_text: text = 'talm'
109.9604 	EXP 	LDT_fix_text: autoDraw = True
109.9608 	DATA 	Keypress: l
110.0773 	EXP 	Device response: <KeyPress from None: t=109.95050920000017, value=l, duration=0.1197797999998329>
110.4441 	EXP 	LDT_stim_text: autoDraw = True
110.4524 	EXP 	LDT_fix_text: autoDraw = False
111.4204 	EXP 	Device response: <KeyPress from None: t=111.41569760000016, value=a, duration=None>
111.4206 	EXP 	New trial (rep=0, index=37): <Trial 37 (37 in rep 0) data={'Task': 'LDT', 'TrialType': 'Target', 'Stimuli': 'plue', 'StimulusType': 'nonword', 'CorrectResponse': 'a', 'Trialnumb': 181, 'thisN': 37, 'thisTrialN': 37, 'thisRepN': 0}>
111.4284 	EXP 	LDT_fix_text: autoDraw = False
111.4284 	EXP 	LDT_stim_text: autoDraw = False
111.4284 	EXP 	LDT_break_text: autoDraw = False
111.4284 	EXP 	LDT_stim_text: height = np.float64(0.1)
111.4284 	EXP 	LDT_stim_text: height = np.float64(0.1)
111.4284 	EXP 	LDT_stim_text: height = np.float64(0.1)
111.4284 	EXP 	LDT_stim_text: text = 'plue'
111.4284 	EXP 	LDT_fix_text: autoDraw = True
111.4288 	DATA 	Keypress: a
111.4954 	EXP 	Device response: <KeyPress from None: t=111.41569760000016, value=a, duration=0.07919199999992088>
111.9122 	EXP 	LDT_stim_text: autoDraw = True
111.9205 	EXP 	LDT_fix_text: autoDraw = False
112.7801 	EXP 	Device response: <KeyPress from None: t=112.77497590000007, value=a, duration=None>
112.7804 	EXP 	New trial (rep=0, index=38): <Trial 38 (38 in rep 0) data={'Task': 'LDT', 'TrialType': 'Target', 'Stimuli': 'loje', 'StimulusType': 'nonword', 'CorrectResponse': 'a', 'Trialnumb': 171, 'thisN': 38, 'thisTrialN': 38, 'thisRepN': 0}>
112.7881 	EXP 	LDT_fix_text: autoDraw = False
112.7881 	EXP 	LDT_stim_text: autoDraw = False
112.7881 	EXP 	LDT_break_text: autoDraw = False
112.7881 	EXP 	LDT_stim_text: height = np.float64(0.1)
112.7881 	EXP 	LDT_stim_text: height = np.float64(0.1)
112.7881 	EXP 	LDT_stim_text: height = np.float64(0.1)
112.7881 	EXP 	LDT_stim_text: text = 'loje'
112.7881 	EXP 	LDT_fix_text: autoDraw = True
112.7887 	DATA 	Keypress: a
112.8801 	EXP 	Device response: <KeyPress from None: t=112.77497590000007, value=a, duration=0.10463449999997465>
113.2719 	EXP 	LDT_stim_text: autoDraw = True
113.2802 	EXP 	LDT_fix_text: autoDraw = False
114.1814 	EXP 	Device response: <KeyPress from None: t=114.17453450000016, value=a, duration=None>
114.1816 	EXP 	New trial (rep=0, index=39): <Trial 39 (39 in rep 0) data={'Task': 'LDT', 'TrialType': 'Target', 'Stimuli': 'group', 'StimulusType': 'word', 'CorrectResponse': 'l', 'Trialnumb': 20, 'thisN': 39, 'thisTrialN': 39, 'thisRepN': 0}>
114.1896 	EXP 	LDT_fix_text: autoDraw = False
114.1896 	EXP 	LDT_stim_text: autoDraw = False
114.1896 	EXP 	LDT_break_text: autoDraw = False
114.1896 	EXP 	LDT_stim_text: height = np.float64(0.1)
114.1896 	EXP 	LDT_stim_text: height = np.float64(0.1)
114.1896 	EXP 	LDT_stim_text: height = np.float64(0.1)
114.1896 	EXP 	LDT_stim_text: text = 'group'
114.1896 	EXP 	LDT_fix_text: autoDraw = True
114.1902 	DATA 	Keypress: a
114.2899 	EXP 	Device response: <KeyPress from None: t=114.17453450000016, value=a, duration=0.11204569999995329>
114.6733 	EXP 	LDT_stim_text: autoDraw = True
114.6817 	EXP 	LDT_fix_text: autoDraw = False
115.3492 	EXP 	Device response: <KeyPress from None: t=115.3427094000001, value=l, duration=None>
115.3495 	EXP 	New trial (rep=0, index=40): <Trial 40 (40 in rep 0) data={'Task': 'LDT', 'TrialType': 'Target', 'Stimuli': 'raise', 'StimulusType': 'word', 'CorrectResponse': 'l', 'Trialnumb': 73, 'thisN': 40, 'thisTrialN': 40, 'thisRepN': 0}>
115.3573 	EXP 	LDT_fix_text: autoDraw = False
115.3573 	EXP 	LDT_stim_text: autoDraw = False
115.3573 	EXP 	LDT_break_text: autoDraw = False
115.3573 	EXP 	LDT_stim_text: height = np.float64(0.1)
115.3573 	EXP 	LDT_stim_text: height = np.float64(0.1)
115.3573 	EXP 	LDT_stim_text: height = np.float64(0.1)
115.3573 	EXP 	LDT_stim_text: text = 'raise'
115.3573 	EXP 	LDT_fix_text: autoDraw = True
115.3578 	DATA 	Keypress: l
115.4660 	EXP 	Device response: <KeyPress from None: t=115.3427094000001, value=l, duration=0.12107670000000326>
115.8411 	EXP 	LDT_stim_text: autoDraw = True
115.8495 	EXP 	LDT_fix_text: autoDraw = False
116.9259 	EXP 	Device response: <KeyPress from None: t=116.91846420000002, value=l, duration=None>
116.9261 	EXP 	New trial (rep=0, index=41): <Trial 41 (41 in rep 0) data={'Task': 'LDT', 'TrialType': 'Target', 'Stimuli': 'club', 'StimulusType': 'word', 'CorrectResponse': 'l', 'Trialnumb': 64, 'thisN': 41, 'thisTrialN': 41, 'thisRepN': 0}>
116.9339 	EXP 	LDT_fix_text: autoDraw = False
116.9339 	EXP 	LDT_stim_text: autoDraw = False
116.9339 	EXP 	LDT_break_text: autoDraw = False
116.9339 	EXP 	LDT_stim_text: height = np.float64(0.1)
116.9339 	EXP 	LDT_stim_text: height = np.float64(0.1)
116.9339 	EXP 	LDT_stim_text: height = np.float64(0.1)
116.9339 	EXP 	LDT_stim_text: text = 'club'
116.9339 	EXP 	LDT_fix_text: autoDraw = True
116.9343 	DATA 	Keypress: l
117.0259 	EXP 	Device response: <KeyPress from None: t=116.91846420000002, value=l, duration=0.10396420000006401>
117.4177 	EXP 	LDT_stim_text: autoDraw = True
117.4260 	EXP 	LDT_fix_text: autoDraw = False
118.1187 	EXP 	Device response: <KeyPress from None: t=118.11831770000003, value=l, duration=None>
118.1189 	EXP 	New trial (rep=0, index=42): <Trial 42 (42 in rep 0) data={'Task': 'LDT', 'TrialType': 'Target', 'Stimuli': 'stip', 'StimulusType': 'nonword', 'CorrectResponse': 'a', 'Trialnumb': 200, 'thisN': 42, 'thisTrialN': 42, 'thisRepN': 0}>
118.1268 	EXP 	LDT_fix_text: autoDraw = False
118.1268 	EXP 	LDT_stim_text: autoDraw = False
118.1268 	EXP 	LDT_break_text: autoDraw = False
118.1268 	EXP 	LDT_stim_text: height = np.float64(0.1)
118.1268 	EXP 	LDT_stim_text: height = np.float64(0.1)
118.1268 	EXP 	LDT_stim_text: height = np.float64(0.1)
118.1268 	EXP 	LDT_stim_text: text = 'stip'
118.1268 	EXP 	LDT_fix_text: autoDraw = True
118.1274 	DATA 	Keypress: l
118.2688 	EXP 	Device response: <KeyPress from None: t=118.11831770000003, value=l, duration=0.14584899999999834>
118.6106 	EXP 	LDT_stim_text: autoDraw = True
118.6189 	EXP 	LDT_fix_text: autoDraw = False
119.6619 	EXP 	Device response: <KeyPress from None: t=119.65513050000004, value=a, duration=None>
119.6622 	EXP 	New trial (rep=0, index=43): <Trial 43 (43 in rep 0) data={'Task': 'LDT', 'TrialType': 'Target', 'Stimuli': 'green', 'StimulusType': 'word', 'CorrectResponse': 'l', 'Trialnumb': 38, 'thisN': 43, 'thisTrialN': 43, 'thisRepN': 0}>
119.6699 	EXP 	LDT_fix_text: autoDraw = False
119.6699 	EXP 	LDT_stim_text: autoDraw = False
119.6699 	EXP 	LDT_break_text: autoDraw = False
119.6699 	EXP 	LDT_stim_text: height = np.float64(0.1)
119.6699 	EXP 	LDT_stim_text: height = np.float64(0.1)
119.6699 	EXP 	LDT_stim_text: height = np.float64(0.1)
119.6699 	EXP 	LDT_stim_text: text = 'green'
119.6699 	EXP 	LDT_fix_text: autoDraw = True
119.6705 	DATA 	Keypress: a
119.7787 	EXP 	Device response: <KeyPress from None: t=119.65513050000004, value=a, duration=0.12067300000012438>
120.1537 	EXP 	LDT_stim_text: autoDraw = True
120.1621 	EXP 	LDT_fix_text: autoDraw = False
121.1633 	EXP 	Device response: <KeyPress from None: t=121.15833140000018, value=l, duration=None>
121.1636 	EXP 	New trial (rep=0, index=44): <Trial 44 (44 in rep 0) data={'Task': 'LDT', 'TrialType': 'Target', 'Stimuli': 'beon', 'StimulusType': 'nonword', 'CorrectResponse': 'a', 'Trialnumb': 120, 'thisN': 44, 'thisTrialN': 44, 'thisRepN': 0}>
121.1714 	EXP 	LDT_fix_text: autoDraw = False
121.1714 	EXP 	LDT_stim_text: autoDraw = False
121.1714 	EXP 	LDT_break_text: autoDraw = False
121.1714 	EXP 	LDT_stim_text: height = np.float64(0.1)
121.1714 	EXP 	LDT_stim_text: height = np.float64(0.1)
121.1714 	EXP 	LDT_stim_text: height = np.float64(0.1)
121.1714 	EXP 	LDT_stim_text: text = 'beon'
121.1714 	EXP 	LDT_fix_text: autoDraw = True
121.1720 	DATA 	Keypress: l
121.2885 	EXP 	Device response: <KeyPress from None: t=121.15833140000018, value=l, duration=0.12963869999998678>
121.6552 	EXP 	LDT_stim_text: autoDraw = True
121.6636 	EXP 	LDT_fix_text: autoDraw = False
122.6147 	EXP 	Device response: <KeyPress from None: t=122.60750140000005, value=a, duration=None>
122.6150 	EXP 	New trial (rep=0, index=45): <Trial 45 (45 in rep 0) data={'Task': 'LDT', 'TrialType': 'Target', 'Stimuli': 'mutch', 'StimulusType': 'nonword', 'CorrectResponse': 'a', 'Trialnumb': 175, 'thisN': 45, 'thisTrialN': 45, 'thisRepN': 0}>
122.6229 	EXP 	LDT_fix_text: autoDraw = False
122.6229 	EXP 	LDT_stim_text: autoDraw = False
122.6229 	EXP 	LDT_break_text: autoDraw = False
122.6229 	EXP 	LDT_stim_text: height = np.float64(0.1)
122.6229 	EXP 	LDT_stim_text: height = np.float64(0.1)
122.6229 	EXP 	LDT_stim_text: height = np.float64(0.1)
122.6229 	EXP 	LDT_stim_text: text = 'mutch'
122.6229 	EXP 	LDT_fix_text: autoDraw = True
122.6234 	DATA 	Keypress: a
122.7399 	EXP 	Device response: <KeyPress from None: t=122.60750140000005, value=a, duration=0.12710260000017115>
123.1067 	EXP 	LDT_stim_text: autoDraw = True
123.1150 	EXP 	LDT_fix_text: autoDraw = False
124.2332 	EXP 	Device response: <KeyPress from None: t=124.23034650000022, value=a, duration=None>
124.2335 	EXP 	New trial (rep=0, index=46): <Trial 46 (46 in rep 0) data={'Task': 'LDT', 'TrialType': 'Target', 'Stimuli': 'cing', 'StimulusType': 'nonword', 'CorrectResponse': 'a', 'Trialnumb': 127, 'thisN': 46, 'thisTrialN': 46, 'thisRepN': 0}>
124.2412 	EXP 	LDT_fix_text: autoDraw = False
124.2412 	EXP 	LDT_stim_text: autoDraw = False
124.2412 	EXP 	LDT_break_text: autoDraw = False
124.2412 	EXP 	LDT_stim_text: height = np.float64(0.1)
124.2412 	EXP 	LDT_stim_text: height = np.float64(0.1)
124.2412 	EXP 	LDT_stim_text: height = np.float64(0.1)
124.2412 	EXP 	LDT_stim_text: text = 'cing'
124.2412 	EXP 	LDT_fix_text: autoDraw = True
124.2417 	DATA 	Keypress: a
124.3752 	EXP 	Device response: <KeyPress from None: t=124.23034650000022, value=a, duration=0.14456889999996747>
124.7249 	EXP 	LDT_stim_text: autoDraw = True
124.7333 	EXP 	LDT_fix_text: autoDraw = False
125.4760 	EXP 	Device response: <KeyPress from None: t=125.47073320000004, value=a, duration=None>
125.4762 	EXP 	New trial (rep=0, index=47): <Trial 47 (47 in rep 0) data={'Task': 'LDT', 'TrialType': 'Target', 'Stimuli': 'week', 'StimulusType': 'word', 'CorrectResponse': 'l', 'Trialnumb': 28, 'thisN': 47, 'thisTrialN': 47, 'thisRepN': 0}>
125.4840 	EXP 	LDT_fix_text: autoDraw = False
125.4840 	EXP 	LDT_stim_text: autoDraw = False
125.4840 	EXP 	LDT_break_text: autoDraw = False
125.4840 	EXP 	LDT_stim_text: height = np.float64(0.1)
125.4840 	EXP 	LDT_stim_text: height = np.float64(0.1)
125.4840 	EXP 	LDT_stim_text: height = np.float64(0.1)
125.4840 	EXP 	LDT_stim_text: text = 'week'
125.4840 	EXP 	LDT_fix_text: autoDraw = True
125.4845 	DATA 	Keypress: a
125.5927 	EXP 	Device response: <KeyPress from None: t=125.47073320000004, value=a, duration=0.1209903999999824>
125.9679 	EXP 	LDT_stim_text: autoDraw = True
125.9762 	EXP 	LDT_fix_text: autoDraw = False
126.9108 	EXP 	Device response: <KeyPress from None: t=126.90335500000015, value=l, duration=None>
126.9110 	EXP 	New trial (rep=0, index=48): <Trial 48 (48 in rep 0) data={'Task': 'LDT', 'TrialType': 'Target', 'Stimuli': 'art', 'StimulusType': 'word', 'CorrectResponse': 'l', 'Trialnumb': 15, 'thisN': 48, 'thisTrialN': 48, 'thisRepN': 0}>
126.9189 	EXP 	LDT_fix_text: autoDraw = False
126.9189 	EXP 	LDT_stim_text: autoDraw = False
126.9189 	EXP 	LDT_break_text: autoDraw = False
126.9189 	EXP 	LDT_stim_text: height = np.float64(0.1)
126.9189 	EXP 	LDT_stim_text: height = np.float64(0.1)
126.9189 	EXP 	LDT_stim_text: height = np.float64(0.1)
126.9189 	EXP 	LDT_stim_text: text = 'art'
126.9189 	EXP 	LDT_fix_text: autoDraw = True
126.9193 	DATA 	Keypress: l
127.0109 	EXP 	Device response: <KeyPress from None: t=126.90335500000015, value=l, duration=0.10360999999988962>
127.4026 	EXP 	LDT_stim_text: autoDraw = True
127.4109 	EXP 	LDT_fix_text: autoDraw = False
128.5374 	EXP 	Device response: <KeyPress from None: t=128.5349894000001, value=l, duration=None>
128.5377 	EXP 	New trial (rep=0, index=49): <Trial 49 (49 in rep 0) data={'Task': 'LDT', 'TrialType': 'Target', 'Stimuli': 'hoon', 'StimulusType': 'nonword', 'CorrectResponse': 'a', 'Trialnumb': 155, 'thisN': 49, 'thisTrialN': 49, 'thisRepN': 0}>
128.5455 	EXP 	LDT_fix_text: autoDraw = False
128.5455 	EXP 	LDT_stim_text: autoDraw = False
128.5455 	EXP 	LDT_break_text: autoDraw = False
128.5455 	EXP 	LDT_stim_text: height = np.float64(0.1)
128.5455 	EXP 	LDT_stim_text: height = np.float64(0.1)
128.5455 	EXP 	LDT_stim_text: height = np.float64(0.1)
128.5455 	EXP 	LDT_stim_text: text = 'hoon'
128.5455 	EXP 	LDT_fix_text: autoDraw = True
128.5460 	DATA 	Keypress: l
128.6708 	EXP 	Device response: <KeyPress from None: t=128.5349894000001, value=l, duration=0.1283078999999816>
129.0293 	EXP 	LDT_stim_text: autoDraw = True
129.0376 	EXP 	LDT_fix_text: autoDraw = False
130.1222 	EXP 	Device response: <KeyPress from None: t=130.12019580000015, value=a, duration=None>
130.1225 	EXP 	New trial (rep=0, index=50): <Trial 50 (50 in rep 0) data={'Task': 'LDT', 'TrialType': 'Target', 'Stimuli': 'spag', 'StimulusType': 'nonword', 'CorrectResponse': 'a', 'Trialnumb': 197, 'thisN': 50, 'thisTrialN': 50, 'thisRepN': 0}>
130.1303 	EXP 	LDT_fix_text: autoDraw = False
130.1303 	EXP 	LDT_stim_text: autoDraw = False
130.1303 	EXP 	LDT_break_text: autoDraw = False
130.1303 	EXP 	LDT_stim_text: height = np.float64(0.1)
130.1303 	EXP 	LDT_stim_text: height = np.float64(0.1)
130.1303 	EXP 	LDT_stim_text: height = np.float64(0.1)
130.1303 	EXP 	LDT_stim_text: text = 'spag'
130.1303 	EXP 	LDT_fix_text: autoDraw = True
130.1308 	DATA 	Keypress: a
130.2223 	EXP 	Device response: <KeyPress from None: t=130.12019580000015, value=a, duration=0.09408039999993889>
130.6142 	EXP 	LDT_stim_text: autoDraw = True
130.6225 	EXP 	LDT_fix_text: autoDraw = False
131.7740 	EXP 	Device response: <KeyPress from None: t=131.76640810000004, value=a, duration=None>
131.7742 	EXP 	New trial (rep=0, index=51): <Trial 51 (51 in rep 0) data={'Task': 'LDT', 'TrialType': 'Target', 'Stimuli': 'ient', 'StimulusType': 'nonword', 'CorrectResponse': 'a', 'Trialnumb': 157, 'thisN': 51, 'thisTrialN': 51, 'thisRepN': 0}>
131.7820 	EXP 	LDT_fix_text: autoDraw = False
131.7820 	EXP 	LDT_stim_text: autoDraw = False
131.7820 	EXP 	LDT_break_text: autoDraw = False
131.7820 	EXP 	LDT_stim_text: height = np.float64(0.1)
131.7820 	EXP 	LDT_stim_text: height = np.float64(0.1)
131.7820 	EXP 	LDT_stim_text: height = np.float64(0.1)
131.7820 	EXP 	LDT_stim_text: text = 'ient'
131.7820 	EXP 	LDT_fix_text: autoDraw = True
131.7826 	DATA 	Keypress: a
131.8990 	EXP 	Device response: <KeyPress from None: t=131.76640810000004, value=a, duration=0.12885210000013103>
132.2658 	EXP 	LDT_stim_text: autoDraw = True
132.2741 	EXP 	LDT_fix_text: autoDraw = False
133.2504 	EXP 	Device response: <KeyPress from None: t=133.24718630000007, value=a, duration=None>
133.2506 	EXP 	New trial (rep=0, index=52): <Trial 52 (52 in rep 0) data={'Task': 'LDT', 'TrialType': 'Target', 'Stimuli': 'yeep', 'StimulusType': 'nonword', 'CorrectResponse': 'a', 'Trialnumb': 219, 'thisN': 52, 'thisTrialN': 52, 'thisRepN': 0}>
133.2584 	EXP 	LDT_fix_text: autoDraw = False
133.2584 	EXP 	LDT_stim_text: autoDraw = False
133.2584 	EXP 	LDT_break_text: autoDraw = False
133.2584 	EXP 	LDT_stim_text: height = np.float64(0.1)
133.2584 	EXP 	LDT_stim_text: height = np.float64(0.1)
133.2584 	EXP 	LDT_stim_text: height = np.float64(0.1)
133.2584 	EXP 	LDT_stim_text: text = 'yeep'
133.2584 	EXP 	LDT_fix_text: autoDraw = True
133.2589 	DATA 	Keypress: a
133.3672 	EXP 	Device response: <KeyPress from None: t=133.24718630000007, value=a, duration=0.1196308000000954>
133.7422 	EXP 	LDT_stim_text: autoDraw = True
133.7506 	EXP 	LDT_fix_text: autoDraw = False
134.8186 	EXP 	Device response: <KeyPress from None: t=134.8143388000001, value=a, duration=None>
134.8189 	EXP 	New trial (rep=0, index=53): <Trial 53 (53 in rep 0) data={'Task': 'LDT', 'TrialType': 'Target', 'Stimuli': 'trick', 'StimulusType': 'word', 'CorrectResponse': 'l', 'Trialnumb': 75, 'thisN': 53, 'thisTrialN': 53, 'thisRepN': 0}>
134.8267 	EXP 	LDT_fix_text: autoDraw = False
134.8267 	EXP 	LDT_stim_text: autoDraw = False
134.8267 	EXP 	LDT_break_text: autoDraw = False
134.8267 	EXP 	LDT_stim_text: height = np.float64(0.1)
134.8267 	EXP 	LDT_stim_text: height = np.float64(0.1)
134.8267 	EXP 	LDT_stim_text: height = np.float64(0.1)
134.8267 	EXP 	LDT_stim_text: text = 'trick'
134.8267 	EXP 	LDT_fix_text: autoDraw = True
134.8273 	DATA 	Keypress: a
134.9270 	EXP 	Device response: <KeyPress from None: t=134.8143388000001, value=a, duration=0.1043329999999969>
135.3105 	EXP 	LDT_stim_text: autoDraw = True
135.3188 	EXP 	LDT_fix_text: autoDraw = False
136.4454 	EXP 	Device response: <KeyPress from None: t=136.4384871000002, value=l, duration=None>
136.4456 	EXP 	New trial (rep=0, index=54): <Trial 54 (54 in rep 0) data={'Task': 'LDT', 'TrialType': 'Target', 'Stimuli': 'tuse', 'StimulusType': 'nonword', 'CorrectResponse': 'a', 'Trialnumb': 209, 'thisN': 54, 'thisTrialN': 54, 'thisRepN': 0}>
136.4533 	EXP 	LDT_fix_text: autoDraw = False
136.4533 	EXP 	LDT_stim_text: autoDraw = False
136.4533 	EXP 	LDT_break_text: autoDraw = False
136.4533 	EXP 	LDT_stim_text: height = np.float64(0.1)
136.4533 	EXP 	LDT_stim_text: height = np.float64(0.1)
136.4533 	EXP 	LDT_stim_text: height = np.float64(0.1)
136.4533 	EXP 	LDT_stim_text: text = 'tuse'
136.4533 	EXP 	LDT_fix_text: autoDraw = True
136.4537 	DATA 	Keypress: l
136.5370 	EXP 	Device response: <KeyPress from None: t=136.4384871000002, value=l, duration=0.0963905999999497>
136.9371 	EXP 	LDT_stim_text: autoDraw = True
136.9454 	EXP 	LDT_fix_text: autoDraw = False
137.9969 	EXP 	Device response: <KeyPress from None: t=137.9908101000001, value=a, duration=None>
137.9971 	EXP 	New trial (rep=0, index=55): <Trial 55 (55 in rep 0) data={'Task': 'LDT', 'TrialType': 'Target', 'Stimuli': 'herl', 'StimulusType': 'nonword', 'CorrectResponse': 'a', 'Trialnumb': 152, 'thisN': 55, 'thisTrialN': 55, 'thisRepN': 0}>
138.0048 	EXP 	LDT_fix_text: autoDraw = False
138.0048 	EXP 	LDT_stim_text: autoDraw = False
138.0048 	EXP 	LDT_break_text: autoDraw = False
138.0048 	EXP 	LDT_stim_text: height = np.float64(0.1)
138.0048 	EXP 	LDT_stim_text: height = np.float64(0.1)
138.0048 	EXP 	LDT_stim_text: height = np.float64(0.1)
138.0048 	EXP 	LDT_stim_text: text = 'herl'
138.0048 	EXP 	LDT_fix_text: autoDraw = True
138.0053 	DATA 	Keypress: a
138.1636 	EXP 	Device response: <KeyPress from None: t=137.9908101000001, value=a, duration=0.16742969999995694>
138.4886 	EXP 	LDT_stim_text: autoDraw = True
138.4970 	EXP 	LDT_fix_text: autoDraw = False
139.2397 	EXP 	Device response: <KeyPress from None: t=139.23914450000007, value=a, duration=None>
139.2399 	EXP 	New trial (rep=0, index=56): <Trial 56 (56 in rep 0) data={'Task': 'LDT', 'TrialType': 'Target', 'Stimuli': 'war', 'StimulusType': 'word', 'CorrectResponse': 'l', 'Trialnumb': 55, 'thisN': 56, 'thisTrialN': 56, 'thisRepN': 0}>
139.2478 	EXP 	LDT_fix_text: autoDraw = False
139.2478 	EXP 	LDT_stim_text: autoDraw = False
139.2478 	EXP 	LDT_break_text: autoDraw = False
139.2478 	EXP 	LDT_stim_text: height = np.float64(0.1)
139.2478 	EXP 	LDT_stim_text: height = np.float64(0.1)
139.2478 	EXP 	LDT_stim_text: height = np.float64(0.1)
139.2478 	EXP 	LDT_stim_text: text = 'war'
139.2478 	EXP 	LDT_fix_text: autoDraw = True
139.2484 	DATA 	Keypress: a
139.3480 	EXP 	Device response: <KeyPress from None: t=139.23914450000007, value=a, duration=0.10385150000001886>
139.7315 	EXP 	LDT_stim_text: autoDraw = True
139.7399 	EXP 	LDT_fix_text: autoDraw = False
140.7412 	EXP 	Device response: <KeyPress from None: t=140.73460630000022, value=l, duration=None>
140.7415 	EXP 	New trial (rep=0, index=57): <Trial 57 (57 in rep 0) data={'Task': 'LDT', 'TrialType': 'Target', 'Stimuli': 'hoal', 'StimulusType': 'nonword', 'CorrectResponse': 'a', 'Trialnumb': 154, 'thisN': 57, 'thisTrialN': 57, 'thisRepN': 0}>
140.7493 	EXP 	LDT_fix_text: autoDraw = False
140.7493 	EXP 	LDT_stim_text: autoDraw = False
140.7493 	EXP 	LDT_break_text: autoDraw = False
140.7493 	EXP 	LDT_stim_text: height = np.float64(0.1)
140.7493 	EXP 	LDT_stim_text: height = np.float64(0.1)
140.7493 	EXP 	LDT_stim_text: height = np.float64(0.1)
140.7493 	EXP 	LDT_stim_text: text = 'hoal'
140.7493 	EXP 	LDT_fix_text: autoDraw = True
140.7498 	DATA 	Keypress: l
140.8329 	EXP 	Device response: <KeyPress from None: t=140.73460630000022, value=l, duration=0.0959603999999672>
141.2332 	EXP 	LDT_stim_text: autoDraw = True
141.2415 	EXP 	LDT_fix_text: autoDraw = False
142.3345 	EXP 	Device response: <KeyPress from None: t=142.32719050000014, value=l, duration=None>
142.3347 	EXP 	New trial (rep=0, index=58): <Trial 58 (58 in rep 0) data={'Task': 'LDT', 'TrialType': 'Target', 'Stimuli': 'kell', 'StimulusType': 'nonword', 'CorrectResponse': 'a', 'Trialnumb': 164, 'thisN': 58, 'thisTrialN': 58, 'thisRepN': 0}>
142.3424 	EXP 	LDT_fix_text: autoDraw = False
142.3424 	EXP 	LDT_stim_text: autoDraw = False
142.3424 	EXP 	LDT_break_text: autoDraw = False
142.3424 	EXP 	LDT_stim_text: height = np.float64(0.1)
142.3424 	EXP 	LDT_stim_text: height = np.float64(0.1)
142.3424 	EXP 	LDT_stim_text: height = np.float64(0.1)
142.3424 	EXP 	LDT_stim_text: text = 'kell'
142.3424 	EXP 	LDT_fix_text: autoDraw = True
142.3429 	DATA 	Keypress: l
142.4261 	EXP 	Device response: <KeyPress from None: t=142.32719050000014, value=l, duration=0.0951382000000649>
142.8263 	EXP 	LDT_stim_text: autoDraw = True
142.8346 	EXP 	LDT_fix_text: autoDraw = False
143.9361 	EXP 	Device response: <KeyPress from None: t=143.9350026000002, value=a, duration=None>
143.9363 	EXP 	New trial (rep=0, index=59): <Trial 59 (59 in rep 0) data={'Task': 'LDT', 'TrialType': 'Target', 'Stimuli': 'gali', 'StimulusType': 'nonword', 'CorrectResponse': 'a', 'Trialnumb': 113, 'thisN': 59, 'thisTrialN': 59, 'thisRepN': 0}>
143.9440 	EXP 	LDT_fix_text: autoDraw = False
143.9440 	EXP 	LDT_stim_text: autoDraw = False
143.9440 	EXP 	LDT_break_text: autoDraw = False
143.9440 	EXP 	LDT_stim_text: height = np.float64(0.1)
143.9440 	EXP 	LDT_stim_text: height = np.float64(0.1)
143.9440 	EXP 	LDT_stim_text: height = np.float64(0.1)
143.9440 	EXP 	LDT_stim_text: text = 'gali'
143.9440 	EXP 	LDT_fix_text: autoDraw = True
143.9445 	DATA 	Keypress: a
144.0611 	EXP 	Device response: <KeyPress from None: t=143.9350026000002, value=a, duration=0.11958129999993616>
144.4280 	EXP 	LDT_stim_text: autoDraw = True
144.4362 	EXP 	LDT_fix_text: autoDraw = False
145.4792 	EXP 	Device response: <KeyPress from None: t=145.47894900000006, value=a, duration=None>
145.4795 	EXP 	New trial (rep=0, index=60): <Trial 60 (60 in rep 0) data={'Task': 'LDT', 'TrialType': 'Target', 'Stimuli': 'stap', 'StimulusType': 'nonword', 'CorrectResponse': 'a', 'Trialnumb': 199, 'thisN': 60, 'thisTrialN': 60, 'thisRepN': 0}>
145.4873 	EXP 	LDT_fix_text: autoDraw = False
145.4873 	EXP 	LDT_stim_text: autoDraw = False
145.4873 	EXP 	LDT_break_text: autoDraw = False
145.4873 	EXP 	LDT_stim_text: height = np.float64(0.1)
145.4873 	EXP 	LDT_stim_text: height = np.float64(0.1)
145.4873 	EXP 	LDT_stim_text: height = np.float64(0.1)
145.4873 	EXP 	LDT_stim_text: text = 'stap'
145.4873 	EXP 	LDT_fix_text: autoDraw = True
145.4878 	DATA 	Keypress: a
145.6379 	EXP 	Device response: <KeyPress from None: t=145.47894900000006, value=a, duration=0.15323669999997946>
145.9710 	EXP 	LDT_stim_text: autoDraw = True
145.9794 	EXP 	LDT_fix_text: autoDraw = False
147.9983 	EXP 	Device response: <KeyPress from None: t=147.99083470000005, value=a, duration=None>
147.9986 	EXP 	New trial (rep=0, index=61): <Trial 61 (61 in rep 0) data={'Task': 'LDT', 'TrialType': 'Target', 'Stimuli': 'mize', 'StimulusType': 'nonword', 'CorrectResponse': 'a', 'Trialnumb': 174, 'thisN': 61, 'thisTrialN': 61, 'thisRepN': 0}>
148.0065 	EXP 	LDT_fix_text: autoDraw = False
148.0065 	EXP 	LDT_stim_text: autoDraw = False
148.0065 	EXP 	LDT_break_text: autoDraw = False
148.0065 	EXP 	LDT_stim_text: height = np.float64(0.1)
148.0065 	EXP 	LDT_stim_text: height = np.float64(0.1)
148.0065 	EXP 	LDT_stim_text: height = np.float64(0.1)
148.0065 	EXP 	LDT_stim_text: text = 'mize'
148.0065 	EXP 	LDT_fix_text: autoDraw = True
148.0070 	DATA 	Keypress: a
148.1401 	EXP 	Device response: <KeyPress from None: t=147.99083470000005, value=a, duration=0.14400780000005398>
148.4902 	EXP 	LDT_stim_text: autoDraw = True
148.4986 	EXP 	LDT_fix_text: autoDraw = False
149.6249 	EXP 	Device response: <KeyPress from None: t=149.62282670000013, value=a, duration=None>
149.6252 	EXP 	New trial (rep=0, index=62): <Trial 62 (62 in rep 0) data={'Task': 'LDT', 'TrialType': 'Target', 'Stimuli': 'bint', 'StimulusType': 'nonword', 'CorrectResponse': 'a', 'Trialnumb': 122, 'thisN': 62, 'thisTrialN': 62, 'thisRepN': 0}>
149.6330 	EXP 	LDT_fix_text: autoDraw = False
149.6330 	EXP 	LDT_stim_text: autoDraw = False
149.6330 	EXP 	LDT_break_text: autoDraw = False
149.6330 	EXP 	LDT_stim_text: height = np.float64(0.1)
149.6330 	EXP 	LDT_stim_text: height = np.float64(0.1)
149.6330 	EXP 	LDT_stim_text: height = np.float64(0.1)
149.6330 	EXP 	LDT_stim_text: text = 'bint'
149.6330 	EXP 	LDT_fix_text: autoDraw = True
149.6336 	DATA 	Keypress: a
149.7751 	EXP 	Device response: <KeyPress from None: t=149.62282670000013, value=a, duration=0.1447972999999365>
150.1168 	EXP 	LDT_stim_text: autoDraw = True
150.1252 	EXP 	LDT_fix_text: autoDraw = False
151.0764 	EXP 	Device response: <KeyPress from None: t=151.07182810000018, value=l, duration=None>
151.0767 	EXP 	New trial (rep=0, index=63): <Trial 63 (63 in rep 0) data={'Task': 'LDT', 'TrialType': 'Target', 'Stimuli': 'basp', 'StimulusType': 'nonword', 'CorrectResponse': 'a', 'Trialnumb': 118, 'thisN': 63, 'thisTrialN': 63, 'thisRepN': 0}>
151.0845 	EXP 	LDT_fix_text: autoDraw = False
151.0845 	EXP 	LDT_stim_text: autoDraw = False
151.0845 	EXP 	LDT_break_text: autoDraw = False
151.0845 	EXP 	LDT_stim_text: height = np.float64(0.1)
151.0845 	EXP 	LDT_stim_text: height = np.float64(0.1)
151.0845 	EXP 	LDT_stim_text: height = np.float64(0.1)
151.0845 	EXP 	LDT_stim_text: text = 'basp'
151.0845 	EXP 	LDT_fix_text: autoDraw = True
151.0849 	DATA 	Keypress: l
151.1848 	EXP 	Device response: <KeyPress from None: t=151.07182810000018, value=l, duration=0.11108699999999772>
151.5683 	EXP 	LDT_stim_text: autoDraw = True
151.5767 	EXP 	LDT_fix_text: autoDraw = False
152.3777 	EXP 	Device response: <KeyPress from None: t=152.3744203000001, value=a, duration=None>
152.3779 	EXP 	New trial (rep=0, index=64): <Trial 64 (64 in rep 0) data={'Task': 'LDT', 'TrialType': 'Target', 'Stimuli': 'under', 'StimulusType': 'word', 'CorrectResponse': 'l', 'Trialnumb': 39, 'thisN': 64, 'thisTrialN': 64, 'thisRepN': 0}>
152.3858 	EXP 	LDT_fix_text: autoDraw = False
152.3858 	EXP 	LDT_stim_text: autoDraw = False
152.3858 	EXP 	LDT_break_text: autoDraw = False
152.3858 	EXP 	LDT_stim_text: height = np.float64(0.1)
152.3858 	EXP 	LDT_stim_text: height = np.float64(0.1)
152.3858 	EXP 	LDT_stim_text: height = np.float64(0.1)
152.3858 	EXP 	LDT_stim_text: text = 'under'
152.3858 	EXP 	LDT_fix_text: autoDraw = True
152.3863 	DATA 	Keypress: a
152.5195 	EXP 	Device response: <KeyPress from None: t=152.3744203000001, value=a, duration=0.14383829999997033>
152.8696 	EXP 	LDT_stim_text: autoDraw = True
152.8779 	EXP 	LDT_fix_text: autoDraw = False
154.1712 	EXP 	Device response: <KeyPress from None: t=154.16754830000013, value=l, duration=None>
154.1714 	EXP 	New trial (rep=0, index=65): <Trial 65 (65 in rep 0) data={'Task': 'LDT', 'TrialType': 'Target', 'Stimuli': 'year', 'StimulusType': 'word', 'CorrectResponse': 'l', 'Trialnumb': 10, 'thisN': 65, 'thisTrialN': 65, 'thisRepN': 0}>
154.1792 	EXP 	LDT_fix_text: autoDraw = False
154.1792 	EXP 	LDT_stim_text: autoDraw = False
154.1792 	EXP 	LDT_break_text: autoDraw = False
154.1792 	EXP 	LDT_stim_text: height = np.float64(0.1)
154.1792 	EXP 	LDT_stim_text: height = np.float64(0.1)
154.1792 	EXP 	LDT_stim_text: height = np.float64(0.1)
154.1792 	EXP 	LDT_stim_text: text = 'year'
154.1792 	EXP 	LDT_fix_text: autoDraw = True
154.1798 	DATA 	Keypress: l
154.2630 	EXP 	Device response: <KeyPress from None: t=154.16754830000013, value=l, duration=0.09489480000002004>
154.6630 	EXP 	LDT_stim_text: autoDraw = True
154.6714 	EXP 	LDT_fix_text: autoDraw = False
155.4390 	EXP 	Device response: <KeyPress from None: t=155.43083570000022, value=l, duration=None>
155.4393 	EXP 	New trial (rep=0, index=66): <Trial 66 (66 in rep 0) data={'Task': 'LDT', 'TrialType': 'Target', 'Stimuli': 'tuke', 'StimulusType': 'nonword', 'CorrectResponse': 'a', 'Trialnumb': 208, 'thisN': 66, 'thisTrialN': 66, 'thisRepN': 0}>
155.4406 	DATA 	Keypress: l
155.4471 	EXP 	LDT_fix_text: autoDraw = False
155.4471 	EXP 	LDT_stim_text: autoDraw = False
155.4471 	EXP 	LDT_break_text: autoDraw = False
155.4471 	EXP 	LDT_stim_text: height = np.float64(0.1)
155.4471 	EXP 	LDT_stim_text: height = np.float64(0.1)
155.4471 	EXP 	LDT_stim_text: height = np.float64(0.1)
155.4471 	EXP 	LDT_stim_text: text = 'tuke'
155.4471 	EXP 	LDT_fix_text: autoDraw = True
155.5642 	EXP 	Device response: <KeyPress from None: t=155.43083570000022, value=l, duration=0.12787669999988793>
155.9310 	EXP 	LDT_stim_text: autoDraw = True
155.9393 	EXP 	LDT_fix_text: autoDraw = False
156.8989 	EXP 	Device response: <KeyPress from None: t=156.8952121000002, value=a, duration=None>
156.8991 	EXP 	New trial (rep=0, index=67): <Trial 67 (67 in rep 0) data={'Task': 'LDT', 'TrialType': 'Target', 'Stimuli': 'wass', 'StimulusType': 'nonword', 'CorrectResponse': 'a', 'Trialnumb': 215, 'thisN': 67, 'thisTrialN': 67, 'thisRepN': 0}>
156.9070 	EXP 	LDT_fix_text: autoDraw = False
156.9070 	EXP 	LDT_stim_text: autoDraw = False
156.9070 	EXP 	LDT_break_text: autoDraw = False
156.9070 	EXP 	LDT_stim_text: height = np.float64(0.1)
156.9070 	EXP 	LDT_stim_text: height = np.float64(0.1)
156.9070 	EXP 	LDT_stim_text: height = np.float64(0.1)
156.9070 	EXP 	LDT_stim_text: text = 'wass'
156.9070 	EXP 	LDT_fix_text: autoDraw = True
156.9075 	DATA 	Keypress: a
157.0574 	EXP 	Device response: <KeyPress from None: t=156.8952121000002, value=a, duration=0.15918479999982083>
157.3907 	EXP 	LDT_stim_text: autoDraw = True
157.3991 	EXP 	LDT_fix_text: autoDraw = False
158.3670 	EXP 	Device response: <KeyPress from None: t=158.3664851000001, value=a, duration=None>
158.3672 	EXP 	New trial (rep=0, index=68): <Trial 68 (68 in rep 0) data={'Task': 'LDT', 'TrialType': 'Target', 'Stimuli': 'vour', 'StimulusType': 'nonword', 'CorrectResponse': 'a', 'Trialnumb': 214, 'thisN': 68, 'thisTrialN': 68, 'thisRepN': 0}>
158.3750 	EXP 	LDT_fix_text: autoDraw = False
158.3750 	EXP 	LDT_stim_text: autoDraw = False
158.3750 	EXP 	LDT_break_text: autoDraw = False
158.3750 	EXP 	LDT_stim_text: height = np.float64(0.1)
158.3750 	EXP 	LDT_stim_text: height = np.float64(0.1)
158.3750 	EXP 	LDT_stim_text: height = np.float64(0.1)
158.3750 	EXP 	LDT_stim_text: text = 'vour'
158.3750 	EXP 	LDT_fix_text: autoDraw = True
158.3756 	DATA 	Keypress: a
158.5089 	EXP 	Device response: <KeyPress from None: t=158.3664851000001, value=a, duration=0.1361076000000594>
158.8589 	EXP 	LDT_stim_text: autoDraw = True
158.8672 	EXP 	LDT_fix_text: autoDraw = False
159.9269 	EXP 	Device response: <KeyPress from None: t=159.9191740000001, value=a, duration=None>
159.9271 	EXP 	New trial (rep=0, index=69): <Trial 69 (69 in rep 0) data={'Task': 'LDT', 'TrialType': 'Target', 'Stimuli': 'long', 'StimulusType': 'word', 'CorrectResponse': 'l', 'Trialnumb': 6, 'thisN': 69, 'thisTrialN': 69, 'thisRepN': 0}>
159.9349 	EXP 	LDT_fix_text: autoDraw = False
159.9349 	EXP 	LDT_stim_text: autoDraw = False
159.9349 	EXP 	LDT_break_text: autoDraw = False
159.9349 	EXP 	LDT_stim_text: height = np.float64(0.1)
159.9349 	EXP 	LDT_stim_text: height = np.float64(0.1)
159.9349 	EXP 	LDT_stim_text: height = np.float64(0.1)
159.9349 	EXP 	LDT_stim_text: text = 'long'
159.9349 	EXP 	LDT_fix_text: autoDraw = True
159.9355 	DATA 	Keypress: a
160.0437 	EXP 	Device response: <KeyPress from None: t=159.9191740000001, value=a, duration=0.11946839999995973>
160.4187 	EXP 	LDT_stim_text: autoDraw = True
160.4271 	EXP 	LDT_fix_text: autoDraw = False
161.1282 	EXP 	Device response: <KeyPress from None: t=161.12756790000003, value=l, duration=None>
161.1284 	EXP 	New trial (rep=0, index=70): <Trial 70 (70 in rep 0) data={'Task': 'LDT', 'TrialType': 'Target', 'Stimuli': 'plan', 'StimulusType': 'word', 'CorrectResponse': 'l', 'Trialnumb': 53, 'thisN': 70, 'thisTrialN': 70, 'thisRepN': 0}>
161.1361 	EXP 	LDT_fix_text: autoDraw = False
161.1361 	EXP 	LDT_stim_text: autoDraw = False
161.1361 	EXP 	LDT_break_text: autoDraw = False
161.1361 	EXP 	LDT_stim_text: height = np.float64(0.1)
161.1361 	EXP 	LDT_stim_text: height = np.float64(0.1)
161.1361 	EXP 	LDT_stim_text: height = np.float64(0.1)
161.1361 	EXP 	LDT_stim_text: text = 'plan'
161.1361 	EXP 	LDT_fix_text: autoDraw = True
161.1367 	DATA 	Keypress: l
161.2532 	EXP 	Device response: <KeyPress from None: t=161.12756790000003, value=l, duration=0.1193385000001399>
161.6199 	EXP 	LDT_stim_text: autoDraw = True
161.6283 	EXP 	LDT_fix_text: autoDraw = False
162.4712 	EXP 	Device response: <KeyPress from None: t=162.47059950000016, value=l, duration=None>
162.4714 	EXP 	New trial (rep=0, index=71): <Trial 71 (71 in rep 0) data={'Task': 'LDT', 'TrialType': 'Target', 'Stimuli': 'huge', 'StimulusType': 'word', 'CorrectResponse': 'l', 'Trialnumb': 56, 'thisN': 71, 'thisTrialN': 71, 'thisRepN': 0}>
162.4792 	EXP 	LDT_fix_text: autoDraw = False
162.4792 	EXP 	LDT_stim_text: autoDraw = False
162.4792 	EXP 	LDT_break_text: autoDraw = False
162.4792 	EXP 	LDT_stim_text: height = np.float64(0.1)
162.4792 	EXP 	LDT_stim_text: height = np.float64(0.1)
162.4792 	EXP 	LDT_stim_text: height = np.float64(0.1)
162.4792 	EXP 	LDT_stim_text: text = 'huge'
162.4792 	EXP 	LDT_fix_text: autoDraw = True
162.4796 	DATA 	Keypress: l
162.6296 	EXP 	Device response: <KeyPress from None: t=162.47059950000016, value=l, duration=0.1516282999998566>
162.9629 	EXP 	LDT_stim_text: autoDraw = True
162.9713 	EXP 	LDT_fix_text: autoDraw = False
164.0810 	EXP 	Device response: <KeyPress from None: t=164.07890080000016, value=l, duration=None>
164.0812 	EXP 	New trial (rep=0, index=72): <Trial 72 (72 in rep 0) data={'Task': 'LDT', 'TrialType': 'Target', 'Stimuli': 'read', 'StimulusType': 'word', 'CorrectResponse': 'l', 'Trialnumb': 31, 'thisN': 72, 'thisTrialN': 72, 'thisRepN': 0}>
164.0891 	EXP 	LDT_fix_text: autoDraw = False
164.0891 	EXP 	LDT_stim_text: autoDraw = False
164.0891 	EXP 	LDT_break_text: autoDraw = False
164.0891 	EXP 	LDT_stim_text: height = np.float64(0.1)
164.0891 	EXP 	LDT_stim_text: height = np.float64(0.1)
164.0891 	EXP 	LDT_stim_text: height = np.float64(0.1)
164.0891 	EXP 	LDT_stim_text: text = 'read'
164.0891 	EXP 	LDT_fix_text: autoDraw = True
164.0896 	DATA 	Keypress: l
164.2395 	EXP 	Device response: <KeyPress from None: t=164.07890080000016, value=l, duration=0.1600837999999385>
164.5729 	EXP 	LDT_stim_text: autoDraw = True
164.5812 	EXP 	LDT_fix_text: autoDraw = False
165.5158 	EXP 	Device response: <KeyPress from None: t=165.51059640000017, value=l, duration=None>
165.5161 	EXP 	New trial (rep=0, index=73): <Trial 73 (73 in rep 0) data={'Task': 'LDT', 'TrialType': 'Target', 'Stimuli': 'wake', 'StimulusType': 'word', 'CorrectResponse': 'l', 'Trialnumb': 63, 'thisN': 73, 'thisTrialN': 73, 'thisRepN': 0}>
165.5239 	EXP 	LDT_fix_text: autoDraw = False
165.5239 	EXP 	LDT_stim_text: autoDraw = False
165.5239 	EXP 	LDT_break_text: autoDraw = False
165.5239 	EXP 	LDT_stim_text: height = np.float64(0.1)
165.5239 	EXP 	LDT_stim_text: height = np.float64(0.1)
165.5239 	EXP 	LDT_stim_text: height = np.float64(0.1)
165.5239 	EXP 	LDT_stim_text: text = 'wake'
165.5239 	EXP 	LDT_fix_text: autoDraw = True
165.5245 	DATA 	Keypress: l
165.6992 	EXP 	Device response: <KeyPress from None: t=165.51059640000017, value=l, duration=0.18465839999998934>
166.0076 	EXP 	LDT_stim_text: autoDraw = True
166.0160 	EXP 	LDT_fix_text: autoDraw = False
166.9422 	EXP 	Device response: <KeyPress from None: t=166.93476780000015, value=l, duration=None>
166.9424 	EXP 	New trial (rep=0, index=74): <Trial 74 (74 in rep 0) data={'Task': 'LDT', 'TrialType': 'Target', 'Stimuli': 'stort', 'StimulusType': 'nonword', 'CorrectResponse': 'a', 'Trialnumb': 201, 'thisN': 74, 'thisTrialN': 74, 'thisRepN': 0}>
166.9502 	EXP 	LDT_fix_text: autoDraw = False
166.9502 	EXP 	LDT_stim_text: autoDraw = False
166.9502 	EXP 	LDT_break_text: autoDraw = False
166.9502 	EXP 	LDT_stim_text: height = np.float64(0.1)
166.9502 	EXP 	LDT_stim_text: height = np.float64(0.1)
166.9502 	EXP 	LDT_stim_text: height = np.float64(0.1)
166.9502 	EXP 	LDT_stim_text: text = 'stort'
166.9502 	EXP 	LDT_fix_text: autoDraw = True
166.9508 	DATA 	Keypress: l
167.1090 	EXP 	Device response: <KeyPress from None: t=166.93476780000015, value=l, duration=0.16785679999998138>
167.4341 	EXP 	LDT_stim_text: autoDraw = True
167.4425 	EXP 	LDT_fix_text: autoDraw = False
168.4603 	EXP 	Device response: <KeyPress from None: t=168.4557983000002, value=l, duration=None>
168.4605 	EXP 	New trial (rep=0, index=75): <Trial 75 (75 in rep 0) data={'Task': 'LDT', 'TrialType': 'Target', 'Stimuli': 'sere', 'StimulusType': 'nonword', 'CorrectResponse': 'a', 'Trialnumb': 190, 'thisN': 75, 'thisTrialN': 75, 'thisRepN': 0}>
168.4684 	EXP 	LDT_fix_text: autoDraw = False
168.4684 	EXP 	LDT_stim_text: autoDraw = False
168.4684 	EXP 	LDT_break_text: autoDraw = False
168.4684 	EXP 	LDT_stim_text: height = np.float64(0.1)
168.4684 	EXP 	LDT_stim_text: height = np.float64(0.1)
168.4684 	EXP 	LDT_stim_text: height = np.float64(0.1)
168.4684 	EXP 	LDT_stim_text: text = 'sere'
168.4684 	EXP 	LDT_fix_text: autoDraw = True
168.4689 	DATA 	Keypress: l
168.5772 	EXP 	Device response: <KeyPress from None: t=168.4557983000002, value=l, duration=0.11888819999990119>
168.9522 	EXP 	LDT_stim_text: autoDraw = True
168.9606 	EXP 	LDT_fix_text: autoDraw = False
170.0453 	EXP 	Device response: <KeyPress from None: t=170.03895680000005, value=a, duration=None>
170.0455 	EXP 	New trial (rep=0, index=76): <Trial 76 (76 in rep 0) data={'Task': 'LDT', 'TrialType': 'Target', 'Stimuli': 'strip', 'StimulusType': 'word', 'CorrectResponse': 'l', 'Trialnumb': 104, 'thisN': 76, 'thisTrialN': 76, 'thisRepN': 0}>
170.0533 	EXP 	LDT_fix_text: autoDraw = False
170.0533 	EXP 	LDT_stim_text: autoDraw = False
170.0533 	EXP 	LDT_break_text: autoDraw = False
170.0533 	EXP 	LDT_stim_text: height = np.float64(0.1)
170.0533 	EXP 	LDT_stim_text: height = np.float64(0.1)
170.0533 	EXP 	LDT_stim_text: height = np.float64(0.1)
170.0533 	EXP 	LDT_stim_text: text = 'strip'
170.0533 	EXP 	LDT_fix_text: autoDraw = True
170.0538 	DATA 	Keypress: a
170.1620 	EXP 	Device response: <KeyPress from None: t=170.03895680000005, value=a, duration=0.12024790000009489>
170.5371 	EXP 	LDT_stim_text: autoDraw = True
170.5455 	EXP 	LDT_fix_text: autoDraw = False
171.9138 	EXP 	Device response: <KeyPress from None: t=171.91102760000012, value=l, duration=None>
171.9140 	EXP 	New trial (rep=0, index=77): <Trial 77 (77 in rep 0) data={'Task': 'LDT', 'TrialType': 'Target', 'Stimuli': 'judge', 'StimulusType': 'word', 'CorrectResponse': 'l', 'Trialnumb': 67, 'thisN': 77, 'thisTrialN': 77, 'thisRepN': 0}>
171.9219 	EXP 	LDT_fix_text: autoDraw = False
171.9219 	EXP 	LDT_stim_text: autoDraw = False
171.9219 	EXP 	LDT_break_text: autoDraw = False
171.9219 	EXP 	LDT_stim_text: height = np.float64(0.1)
171.9219 	EXP 	LDT_stim_text: height = np.float64(0.1)
171.9219 	EXP 	LDT_stim_text: height = np.float64(0.1)
171.9219 	EXP 	LDT_stim_text: text = 'judge'
171.9219 	EXP 	LDT_fix_text: autoDraw = True
171.9225 	DATA 	Keypress: l
172.0389 	EXP 	Device response: <KeyPress from None: t=171.91102760000012, value=l, duration=0.11951509999994414>
172.4058 	EXP 	LDT_stim_text: autoDraw = True
172.4140 	EXP 	LDT_fix_text: autoDraw = False
173.5072 	EXP 	Device response: <KeyPress from None: t=173.50252760000012, value=l, duration=None>
173.5074 	EXP 	New trial (rep=0, index=78): <Trial 78 (78 in rep 0) data={'Task': 'LDT', 'TrialType': 'Target', 'Stimuli': 'yell', 'StimulusType': 'word', 'CorrectResponse': 'l', 'Trialnumb': 101, 'thisN': 78, 'thisTrialN': 78, 'thisRepN': 0}>
173.5151 	EXP 	LDT_fix_text: autoDraw = False
173.5151 	EXP 	LDT_stim_text: autoDraw = False
173.5151 	EXP 	LDT_break_text: autoDraw = False
173.5151 	EXP 	LDT_stim_text: height = np.float64(0.1)
173.5151 	EXP 	LDT_stim_text: height = np.float64(0.1)
173.5151 	EXP 	LDT_stim_text: height = np.float64(0.1)
173.5151 	EXP 	LDT_stim_text: text = 'yell'
173.5151 	EXP 	LDT_fix_text: autoDraw = True
173.5156 	DATA 	Keypress: l
173.5989 	EXP 	Device response: <KeyPress from None: t=173.50252760000012, value=l, duration=0.09577919999992446>
173.9989 	EXP 	LDT_stim_text: autoDraw = True
174.0072 	EXP 	LDT_fix_text: autoDraw = False
174.8500 	EXP 	Device response: <KeyPress from None: t=174.84669280000003, value=l, duration=None>
174.8503 	EXP 	New trial (rep=0, index=79): <Trial 79 (79 in rep 0) data={'Task': 'LDT', 'TrialType': 'Target', 'Stimuli': 'cips', 'StimulusType': 'nonword', 'CorrectResponse': 'a', 'Trialnumb': 128, 'thisN': 79, 'thisTrialN': 79, 'thisRepN': 0}>
174.8582 	EXP 	LDT_fix_text: autoDraw = False
174.8582 	EXP 	LDT_stim_text: autoDraw = False
174.8582 	EXP 	LDT_break_text: autoDraw = False
174.8582 	EXP 	LDT_stim_text: height = np.float64(0.1)
174.8582 	EXP 	LDT_stim_text: height = np.float64(0.1)
174.8582 	EXP 	LDT_stim_text: height = np.float64(0.1)
174.8582 	EXP 	LDT_stim_text: text = 'cips'
174.8582 	EXP 	LDT_fix_text: autoDraw = True
174.8588 	DATA 	Keypress: l
174.9668 	EXP 	Device response: <KeyPress from None: t=174.84669280000003, value=l, duration=0.11180570000010448>
175.3419 	EXP 	LDT_stim_text: autoDraw = True
175.3503 	EXP 	LDT_fix_text: autoDraw = False
176.5518 	EXP 	Device response: <KeyPress from None: t=176.55029670000022, value=a, duration=None>
176.5521 	EXP 	New trial (rep=0, index=80): <Trial 80 (80 in rep 0) data={'Task': 'LDT', 'TrialType': 'Target', 'Stimuli': 'junk', 'StimulusType': 'word', 'CorrectResponse': 'l', 'Trialnumb': 105, 'thisN': 80, 'thisTrialN': 80, 'thisRepN': 0}>
176.5598 	EXP 	LDT_fix_text: autoDraw = False
176.5598 	EXP 	LDT_stim_text: autoDraw = False
176.5598 	EXP 	LDT_break_text: autoDraw = False
176.5598 	EXP 	LDT_stim_text: height = np.float64(0.1)
176.5598 	EXP 	LDT_stim_text: height = np.float64(0.1)
176.5598 	EXP 	LDT_stim_text: height = np.float64(0.1)
176.5598 	EXP 	LDT_stim_text: text = 'junk'
176.5598 	EXP 	LDT_fix_text: autoDraw = True
176.5603 	DATA 	Keypress: a
176.6936 	EXP 	Device response: <KeyPress from None: t=176.55029670000022, value=a, duration=0.1362915999998222>
177.0436 	EXP 	LDT_stim_text: autoDraw = True
177.0519 	EXP 	LDT_fix_text: autoDraw = False
177.9531 	EXP 	Device response: <KeyPress from None: t=177.95038610000006, value=l, duration=None>
177.9534 	EXP 	New trial (rep=0, index=81): <Trial 81 (81 in rep 0) data={'Task': 'LDT', 'TrialType': 'Target', 'Stimuli': 'cire', 'StimulusType': 'nonword', 'CorrectResponse': 'a', 'Trialnumb': 129, 'thisN': 81, 'thisTrialN': 81, 'thisRepN': 0}>
177.9613 	EXP 	LDT_fix_text: autoDraw = False
177.9613 	EXP 	LDT_stim_text: autoDraw = False
177.9613 	EXP 	LDT_break_text: autoDraw = False
177.9613 	EXP 	LDT_stim_text: height = np.float64(0.1)
177.9613 	EXP 	LDT_stim_text: height = np.float64(0.1)
177.9613 	EXP 	LDT_stim_text: height = np.float64(0.1)
177.9613 	EXP 	LDT_stim_text: text = 'cire'
177.9613 	EXP 	LDT_fix_text: autoDraw = True
177.9619 	DATA 	Keypress: l
178.0782 	EXP 	Device response: <KeyPress from None: t=177.95038610000006, value=l, duration=0.12062779999996565>
178.4450 	EXP 	LDT_stim_text: autoDraw = True
178.4533 	EXP 	LDT_fix_text: autoDraw = False
180.6642 	EXP 	Device response: <KeyPress from None: t=180.66263980000008, value=a, duration=None>
180.6644 	EXP 	New trial (rep=0, index=82): <Trial 82 (82 in rep 0) data={'Task': 'LDT', 'TrialType': 'Target', 'Stimuli': 'mass', 'StimulusType': 'word', 'CorrectResponse': 'l', 'Trialnumb': 102, 'thisN': 82, 'thisTrialN': 82, 'thisRepN': 0}>
180.6722 	EXP 	LDT_fix_text: autoDraw = False
180.6722 	EXP 	LDT_stim_text: autoDraw = False
180.6722 	EXP 	LDT_break_text: autoDraw = False
180.6722 	EXP 	LDT_stim_text: height = np.float64(0.1)
180.6722 	EXP 	LDT_stim_text: height = np.float64(0.1)
180.6722 	EXP 	LDT_stim_text: height = np.float64(0.1)
180.6722 	EXP 	LDT_stim_text: text = 'mass'
180.6722 	EXP 	LDT_fix_text: autoDraw = True
180.6728 	DATA 	Keypress: a
180.7643 	EXP 	Device response: <KeyPress from None: t=180.66263980000008, value=a, duration=0.09610569999995278>
181.1560 	EXP 	LDT_stim_text: autoDraw = True
181.1644 	EXP 	LDT_fix_text: autoDraw = False
182.1823 	EXP 	Device response: <KeyPress from None: t=182.1743203000001, value=l, duration=None>
182.1826 	EXP 	New trial (rep=0, index=83): <Trial 83 (83 in rep 0) data={'Task': 'LDT', 'TrialType': 'Target', 'Stimuli': 'rap', 'StimulusType': 'word', 'CorrectResponse': 'l', 'Trialnumb': 109, 'thisN': 83, 'thisTrialN': 83, 'thisRepN': 0}>
182.1904 	EXP 	LDT_fix_text: autoDraw = False
182.1904 	EXP 	LDT_stim_text: autoDraw = False
182.1904 	EXP 	LDT_break_text: autoDraw = False
182.1904 	EXP 	LDT_stim_text: height = np.float64(0.1)
182.1904 	EXP 	LDT_stim_text: height = np.float64(0.1)
182.1904 	EXP 	LDT_stim_text: height = np.float64(0.1)
182.1904 	EXP 	LDT_stim_text: text = 'rap'
182.1904 	EXP 	LDT_fix_text: autoDraw = True
182.1909 	DATA 	Keypress: l
182.2908 	EXP 	Device response: <KeyPress from None: t=182.1743203000001, value=l, duration=0.11194139999997788>
182.6742 	EXP 	LDT_stim_text: autoDraw = True
182.6825 	EXP 	LDT_fix_text: autoDraw = False
185.1937 	EXP 	Device response: <KeyPress from None: t=185.19113300000004, value=l, duration=None>
185.1939 	EXP 	New trial (rep=0, index=84): <Trial 84 (84 in rep 0) data={'Task': 'LDT', 'TrialType': 'Target', 'Stimuli': 'water', 'StimulusType': 'word', 'CorrectResponse': 'l', 'Trialnumb': 3, 'thisN': 84, 'thisTrialN': 84, 'thisRepN': 0}>
185.2018 	EXP 	LDT_fix_text: autoDraw = False
185.2018 	EXP 	LDT_stim_text: autoDraw = False
185.2018 	EXP 	LDT_break_text: autoDraw = False
185.2018 	EXP 	LDT_stim_text: height = np.float64(0.1)
185.2018 	EXP 	LDT_stim_text: height = np.float64(0.1)
185.2018 	EXP 	LDT_stim_text: height = np.float64(0.1)
185.2018 	EXP 	LDT_stim_text: text = 'water'
185.2018 	EXP 	LDT_fix_text: autoDraw = True
185.2024 	DATA 	Keypress: l
185.3188 	EXP 	Device response: <KeyPress from None: t=185.19113300000004, value=l, duration=0.12745510000013383>
185.6855 	EXP 	LDT_stim_text: autoDraw = True
185.6939 	EXP 	LDT_fix_text: autoDraw = False
186.2530 	EXP 	Device response: <KeyPress from None: t=186.2468232000001, value=l, duration=None>
186.2532 	EXP 	New trial (rep=0, index=85): <Trial 85 (85 in rep 0) data={'Task': 'LDT', 'TrialType': 'Target', 'Stimuli': 'dry', 'StimulusType': 'word', 'CorrectResponse': 'l', 'Trialnumb': 77, 'thisN': 85, 'thisTrialN': 85, 'thisRepN': 0}>
186.2611 	EXP 	LDT_fix_text: autoDraw = False
186.2611 	EXP 	LDT_stim_text: autoDraw = False
186.2611 	EXP 	LDT_break_text: autoDraw = False
186.2611 	EXP 	LDT_stim_text: height = np.float64(0.1)
186.2611 	EXP 	LDT_stim_text: height = np.float64(0.1)
186.2611 	EXP 	LDT_stim_text: height = np.float64(0.1)
186.2611 	EXP 	LDT_stim_text: text = 'dry'
186.2611 	EXP 	LDT_fix_text: autoDraw = True
186.2616 	DATA 	Keypress: l
186.3865 	EXP 	Device response: <KeyPress from None: t=186.2468232000001, value=l, duration=0.1356869999999617>
186.7449 	EXP 	LDT_stim_text: autoDraw = True
186.7532 	EXP 	LDT_fix_text: autoDraw = False
187.5377 	EXP 	Device response: <KeyPress from None: t=187.5353801000001, value=l, duration=None>
187.5379 	EXP 	New trial (rep=0, index=86): <Trial 86 (86 in rep 0) data={'Task': 'LDT', 'TrialType': 'Target', 'Stimuli': 'here', 'StimulusType': 'word', 'CorrectResponse': 'l', 'Trialnumb': 4, 'thisN': 86, 'thisTrialN': 86, 'thisRepN': 0}>
187.5458 	EXP 	LDT_fix_text: autoDraw = False
187.5458 	EXP 	LDT_stim_text: autoDraw = False
187.5458 	EXP 	LDT_break_text: autoDraw = False
187.5458 	EXP 	LDT_stim_text: height = np.float64(0.1)
187.5458 	EXP 	LDT_stim_text: height = np.float64(0.1)
187.5458 	EXP 	LDT_stim_text: height = np.float64(0.1)
187.5458 	EXP 	LDT_stim_text: text = 'here'
187.5458 	EXP 	LDT_fix_text: autoDraw = True
187.5463 	DATA 	Keypress: l
187.6961 	EXP 	Device response: <KeyPress from None: t=187.5353801000001, value=l, duration=0.15962889999991603>
188.0295 	EXP 	LDT_stim_text: autoDraw = True
188.0380 	EXP 	LDT_fix_text: autoDraw = False
188.7889 	EXP 	Device response: <KeyPress from None: t=188.78290700000002, value=l, duration=None>
188.7891 	EXP 	New trial (rep=0, index=87): <Trial 87 (87 in rep 0) data={'Task': 'LDT', 'TrialType': 'Target', 'Stimuli': 'hass', 'StimulusType': 'nonword', 'CorrectResponse': 'a', 'Trialnumb': 151, 'thisN': 87, 'thisTrialN': 87, 'thisRepN': 0}>
188.7970 	EXP 	LDT_fix_text: autoDraw = False
188.7970 	EXP 	LDT_stim_text: autoDraw = False
188.7970 	EXP 	LDT_break_text: autoDraw = False
188.7970 	EXP 	LDT_stim_text: height = np.float64(0.1)
188.7970 	EXP 	LDT_stim_text: height = np.float64(0.1)
188.7970 	EXP 	LDT_stim_text: height = np.float64(0.1)
188.7970 	EXP 	LDT_stim_text: text = 'hass'
188.7970 	EXP 	LDT_fix_text: autoDraw = True
188.7974 	DATA 	Keypress: l
188.8890 	EXP 	Device response: <KeyPress from None: t=188.78290700000002, value=l, duration=0.10342450000007375>
189.2808 	EXP 	LDT_stim_text: autoDraw = True
189.2891 	EXP 	LDT_fix_text: autoDraw = False
190.2236 	EXP 	Device response: <KeyPress from None: t=190.21529560000022, value=a, duration=None>
190.2239 	EXP 	New trial (rep=0, index=88): <Trial 88 (88 in rep 0) data={'Task': 'LDT', 'TrialType': 'Target', 'Stimuli': 'mears', 'StimulusType': 'nonword', 'CorrectResponse': 'a', 'Trialnumb': 172, 'thisN': 88, 'thisTrialN': 88, 'thisRepN': 0}>
190.2317 	EXP 	LDT_fix_text: autoDraw = False
190.2317 	EXP 	LDT_stim_text: autoDraw = False
190.2317 	EXP 	LDT_break_text: autoDraw = False
190.2317 	EXP 	LDT_stim_text: height = np.float64(0.1)
190.2317 	EXP 	LDT_stim_text: height = np.float64(0.1)
190.2317 	EXP 	LDT_stim_text: height = np.float64(0.1)
190.2317 	EXP 	LDT_stim_text: text = 'mears'
190.2317 	EXP 	LDT_fix_text: autoDraw = True
190.2322 	DATA 	Keypress: a
190.3821 	EXP 	Device response: <KeyPress from None: t=190.21529560000022, value=a, duration=0.1596431999998913>
190.7155 	EXP 	LDT_stim_text: autoDraw = True
190.7239 	EXP 	LDT_fix_text: autoDraw = False
192.0340 	EXP 	Device response: <KeyPress from None: t=192.03053880000016, value=a, duration=None>
192.0342 	EXP 	New trial (rep=0, index=89): <Trial 89 (89 in rep 0) data={'Task': 'LDT', 'TrialType': 'Target', 'Stimuli': 'music', 'StimulusType': 'word', 'CorrectResponse': 'l', 'Trialnumb': 13, 'thisN': 89, 'thisTrialN': 89, 'thisRepN': 0}>
192.0419 	EXP 	LDT_fix_text: autoDraw = False
192.0419 	EXP 	LDT_stim_text: autoDraw = False
192.0419 	EXP 	LDT_break_text: autoDraw = False
192.0419 	EXP 	LDT_stim_text: height = np.float64(0.1)
192.0419 	EXP 	LDT_stim_text: height = np.float64(0.1)
192.0419 	EXP 	LDT_stim_text: height = np.float64(0.1)
192.0419 	EXP 	LDT_stim_text: text = 'music'
192.0419 	EXP 	LDT_fix_text: autoDraw = True
192.0424 	DATA 	Keypress: a
192.1840 	EXP 	Device response: <KeyPress from None: t=192.03053880000016, value=a, duration=0.15237569999999323>
192.5256 	EXP 	LDT_stim_text: autoDraw = True
192.5340 	EXP 	LDT_fix_text: autoDraw = False
193.4436 	EXP 	Device response: <KeyPress from None: t=193.43828770000005, value=l, duration=None>
193.4438 	EXP 	New trial (rep=0, index=90): <Trial 90 (90 in rep 0) data={'Task': 'LDT', 'TrialType': 'Target', 'Stimuli': 'biss', 'StimulusType': 'nonword', 'CorrectResponse': 'a', 'Trialnumb': 123, 'thisN': 90, 'thisTrialN': 90, 'thisRepN': 0}>
193.4516 	EXP 	LDT_fix_text: autoDraw = False
193.4516 	EXP 	LDT_stim_text: autoDraw = False
193.4516 	EXP 	LDT_break_text: autoDraw = False
193.4516 	EXP 	LDT_stim_text: height = np.float64(0.1)
193.4516 	EXP 	LDT_stim_text: height = np.float64(0.1)
193.4516 	EXP 	LDT_stim_text: height = np.float64(0.1)
193.4516 	EXP 	LDT_stim_text: text = 'biss'
193.4516 	EXP 	LDT_fix_text: autoDraw = True
193.4521 	DATA 	Keypress: l
193.5853 	EXP 	Device response: <KeyPress from None: t=193.43828770000005, value=l, duration=0.1444774999999936>
193.9354 	EXP 	LDT_stim_text: autoDraw = True
193.9437 	EXP 	LDT_fix_text: autoDraw = False
194.9200 	EXP 	Device response: <KeyPress from None: t=194.91850480000016, value=a, duration=None>
194.9203 	EXP 	New trial (rep=0, index=91): <Trial 91 (91 in rep 0) data={'Task': 'LDT', 'TrialType': 'Target', 'Stimuli': 'sell', 'StimulusType': 'word', 'CorrectResponse': 'l', 'Trialnumb': 65, 'thisN': 91, 'thisTrialN': 91, 'thisRepN': 0}>
194.9282 	EXP 	LDT_fix_text: autoDraw = False
194.9282 	EXP 	LDT_stim_text: autoDraw = False
194.9282 	EXP 	LDT_break_text: autoDraw = False
194.9282 	EXP 	LDT_stim_text: height = np.float64(0.1)
194.9282 	EXP 	LDT_stim_text: height = np.float64(0.1)
194.9282 	EXP 	LDT_stim_text: height = np.float64(0.1)
194.9282 	EXP 	LDT_stim_text: text = 'sell'
194.9282 	EXP 	LDT_fix_text: autoDraw = True
194.9286 	DATA 	Keypress: a
195.0951 	EXP 	Device response: <KeyPress from None: t=194.91850480000016, value=a, duration=0.16858109999998305>
195.4119 	EXP 	LDT_stim_text: autoDraw = True
195.4202 	EXP 	LDT_fix_text: autoDraw = False
196.1712 	EXP 	Device response: <KeyPress from None: t=196.16786700000011, value=l, duration=None>
196.1715 	EXP 	New trial (rep=0, index=92): <Trial 92 (92 in rep 0) data={'Task': 'LDT', 'TrialType': 'Target', 'Stimuli': 'snan', 'StimulusType': 'nonword', 'CorrectResponse': 'a', 'Trialnumb': 196, 'thisN': 92, 'thisTrialN': 92, 'thisRepN': 0}>
196.1793 	EXP 	LDT_fix_text: autoDraw = False
196.1793 	EXP 	LDT_stim_text: autoDraw = False
196.1793 	EXP 	LDT_break_text: autoDraw = False
196.1793 	EXP 	LDT_stim_text: height = np.float64(0.1)
196.1793 	EXP 	LDT_stim_text: height = np.float64(0.1)
196.1793 	EXP 	LDT_stim_text: height = np.float64(0.1)
196.1793 	EXP 	LDT_stim_text: text = 'snan'
196.1793 	EXP 	LDT_fix_text: autoDraw = True
196.1799 	DATA 	Keypress: l
196.3130 	EXP 	Device response: <KeyPress from None: t=196.16786700000011, value=l, duration=0.14294549999999617>
196.6631 	EXP 	LDT_stim_text: autoDraw = True
196.6714 	EXP 	LDT_fix_text: autoDraw = False
197.4975 	EXP 	Device response: <KeyPress from None: t=197.49513570000022, value=a, duration=None>
197.4978 	EXP 	New trial (rep=0, index=93): <Trial 93 (93 in rep 0) data={'Task': 'LDT', 'TrialType': 'Target', 'Stimuli': 'kire', 'StimulusType': 'nonword', 'CorrectResponse': 'a', 'Trialnumb': 166, 'thisN': 93, 'thisTrialN': 93, 'thisRepN': 0}>
197.5057 	EXP 	LDT_fix_text: autoDraw = False
197.5057 	EXP 	LDT_stim_text: autoDraw = False
197.5057 	EXP 	LDT_break_text: autoDraw = False
197.5057 	EXP 	LDT_stim_text: height = np.float64(0.1)
197.5057 	EXP 	LDT_stim_text: height = np.float64(0.1)
197.5057 	EXP 	LDT_stim_text: height = np.float64(0.1)
197.5057 	EXP 	LDT_stim_text: text = 'kire'
197.5057 	EXP 	LDT_fix_text: autoDraw = True
197.5061 	DATA 	Keypress: a
197.6311 	EXP 	Device response: <KeyPress from None: t=197.49513570000022, value=a, duration=0.1354719999999361>
197.9894 	EXP 	LDT_stim_text: autoDraw = True
197.9978 	EXP 	LDT_fix_text: autoDraw = False
198.8322 	EXP 	Device response: <KeyPress from None: t=198.83039230000009, value=a, duration=None>
198.8325 	EXP 	New trial (rep=0, index=94): <Trial 94 (94 in rep 0) data={'Task': 'LDT', 'TrialType': 'Target', 'Stimuli': 'ranny', 'StimulusType': 'nonword', 'CorrectResponse': 'a', 'Trialnumb': 114, 'thisN': 94, 'thisTrialN': 94, 'thisRepN': 0}>
198.8403 	EXP 	LDT_fix_text: autoDraw = False
198.8403 	EXP 	LDT_stim_text: autoDraw = False
198.8403 	EXP 	LDT_break_text: autoDraw = False
198.8403 	EXP 	LDT_stim_text: height = np.float64(0.1)
198.8403 	EXP 	LDT_stim_text: height = np.float64(0.1)
198.8403 	EXP 	LDT_stim_text: height = np.float64(0.1)
198.8403 	EXP 	LDT_stim_text: text = 'ranny'
198.8403 	EXP 	LDT_fix_text: autoDraw = True
198.8409 	DATA 	Keypress: a
198.9993 	EXP 	Device response: <KeyPress from None: t=198.83039230000009, value=a, duration=0.16020049999997354>
199.3241 	EXP 	LDT_stim_text: autoDraw = True
199.3324 	EXP 	LDT_fix_text: autoDraw = False
201.0512 	EXP 	Device response: <KeyPress from None: t=201.04670210000018, value=a, duration=None>
201.0515 	EXP 	New trial (rep=0, index=95): <Trial 95 (95 in rep 0) data={'Task': 'LDT', 'TrialType': 'Target', 'Stimuli': 'werd', 'StimulusType': 'nonword', 'CorrectResponse': 'a', 'Trialnumb': 216, 'thisN': 95, 'thisTrialN': 95, 'thisRepN': 0}>
201.0591 	EXP 	LDT_fix_text: autoDraw = False
201.0591 	EXP 	LDT_stim_text: autoDraw = False
201.0591 	EXP 	LDT_break_text: autoDraw = False
201.0591 	EXP 	LDT_stim_text: height = np.float64(0.1)
201.0591 	EXP 	LDT_stim_text: height = np.float64(0.1)
201.0591 	EXP 	LDT_stim_text: height = np.float64(0.1)
201.0591 	EXP 	LDT_stim_text: text = 'werd'
201.0591 	EXP 	LDT_fix_text: autoDraw = True
201.0596 	DATA 	Keypress: a
201.2096 	EXP 	Device response: <KeyPress from None: t=201.04670210000018, value=a, duration=0.16009819999999308>
201.5429 	EXP 	LDT_stim_text: autoDraw = True
201.5513 	EXP 	LDT_fix_text: autoDraw = False
202.6278 	EXP 	Device response: <KeyPress from None: t=202.62233170000013, value=a, duration=None>
202.6281 	EXP 	New trial (rep=0, index=96): <Trial 96 (96 in rep 0) data={'Task': 'LDT', 'TrialType': 'Target', 'Stimuli': 'air', 'StimulusType': 'word', 'CorrectResponse': 'l', 'Trialnumb': 34, 'thisN': 96, 'thisTrialN': 96, 'thisRepN': 0}>
202.6357 	EXP 	LDT_fix_text: autoDraw = False
202.6357 	EXP 	LDT_stim_text: autoDraw = False
202.6357 	EXP 	LDT_break_text: autoDraw = False
202.6357 	EXP 	LDT_stim_text: height = np.float64(0.1)
202.6357 	EXP 	LDT_stim_text: height = np.float64(0.1)
202.6357 	EXP 	LDT_stim_text: height = np.float64(0.1)
202.6357 	EXP 	LDT_stim_text: text = 'air'
202.6357 	EXP 	LDT_fix_text: autoDraw = True
202.6363 	DATA 	Keypress: a
202.7779 	EXP 	Device response: <KeyPress from None: t=202.62233170000013, value=a, duration=0.15259880000007797>
203.1195 	EXP 	LDT_stim_text: autoDraw = True
203.1279 	EXP 	LDT_fix_text: autoDraw = False
204.1875 	EXP 	Device response: <KeyPress from None: t=204.18275350000022, value=l, duration=None>
204.1878 	EXP 	New trial (rep=0, index=97): <Trial 97 (97 in rep 0) data={'Task': 'LDT', 'TrialType': 'Target', 'Stimuli': 'virus', 'StimulusType': 'word', 'CorrectResponse': 'l', 'Trialnumb': 100, 'thisN': 97, 'thisTrialN': 97, 'thisRepN': 0}>
204.1956 	EXP 	LDT_fix_text: autoDraw = False
204.1956 	EXP 	LDT_stim_text: autoDraw = False
204.1956 	EXP 	LDT_break_text: autoDraw = False
204.1956 	EXP 	LDT_stim_text: height = np.float64(0.1)
204.1956 	EXP 	LDT_stim_text: height = np.float64(0.1)
204.1956 	EXP 	LDT_stim_text: height = np.float64(0.1)
204.1956 	EXP 	LDT_stim_text: text = 'virus'
204.1956 	EXP 	LDT_fix_text: autoDraw = True
204.1961 	DATA 	Keypress: l
204.3377 	EXP 	Device response: <KeyPress from None: t=204.18275350000022, value=l, duration=0.15334669999992911>
204.6794 	EXP 	LDT_stim_text: autoDraw = True
204.6877 	EXP 	LDT_fix_text: autoDraw = False
205.7142 	EXP 	Device response: <KeyPress from None: t=205.71119850000014, value=a, duration=None>
205.7145 	EXP 	New trial (rep=0, index=98): <Trial 98 (98 in rep 0) data={'Task': 'LDT', 'TrialType': 'Target', 'Stimuli': 'large', 'StimulusType': 'word', 'CorrectResponse': 'l', 'Trialnumb': 29, 'thisN': 98, 'thisTrialN': 98, 'thisRepN': 0}>
205.7221 	EXP 	LDT_fix_text: autoDraw = False
205.7221 	EXP 	LDT_stim_text: autoDraw = False
205.7221 	EXP 	LDT_break_text: autoDraw = False
205.7221 	EXP 	LDT_stim_text: height = np.float64(0.1)
205.7221 	EXP 	LDT_stim_text: height = np.float64(0.1)
205.7221 	EXP 	LDT_stim_text: height = np.float64(0.1)
205.7221 	EXP 	LDT_stim_text: text = 'large'
205.7221 	EXP 	LDT_fix_text: autoDraw = True
205.7226 	DATA 	Keypress: a
205.8892 	EXP 	Device response: <KeyPress from None: t=205.71119850000014, value=a, duration=0.17585299999996096>
206.2060 	EXP 	LDT_stim_text: autoDraw = True
206.2143 	EXP 	LDT_fix_text: autoDraw = False
208.7588 	EXP 	Device response: <KeyPress from None: t=208.7512623, value=l, duration=None>
208.7590 	EXP 	New trial (rep=0, index=99): <Trial 99 (99 in rep 0) data={'Task': 'LDT', 'TrialType': 'Target', 'Stimuli': 'cled', 'StimulusType': 'nonword', 'CorrectResponse': 'a', 'Trialnumb': 130, 'thisN': 99, 'thisTrialN': 99, 'thisRepN': 0}>
208.7668 	EXP 	LDT_fix_text: autoDraw = False
208.7668 	EXP 	LDT_stim_text: autoDraw = False
208.7668 	EXP 	LDT_break_text: autoDraw = False
208.7668 	EXP 	LDT_stim_text: height = np.float64(0.1)
208.7668 	EXP 	LDT_stim_text: height = np.float64(0.1)
208.7668 	EXP 	LDT_stim_text: height = np.float64(0.1)
208.7668 	EXP 	LDT_stim_text: text = 'cled'
208.7668 	EXP 	LDT_fix_text: autoDraw = True
208.7674 	DATA 	Keypress: l
208.8588 	EXP 	Device response: <KeyPress from None: t=208.7512623, value=l, duration=0.10358300000007148>
209.2506 	EXP 	LDT_stim_text: autoDraw = True
209.2591 	EXP 	LDT_fix_text: autoDraw = False
210.9027 	EXP 	Device response: <KeyPress from None: t=210.89455030000022, value=a, duration=None>
210.9030 	EXP 	New trial (rep=0, index=100): <Trial 100 (100 in rep 0) data={'Task': 'LDT', 'TrialType': 'Target', 'Stimuli': 'name', 'StimulusType': 'word', 'CorrectResponse': 'l', 'Trialnumb': 32, 'thisN': 100, 'thisTrialN': 100, 'thisRepN': 0}>
210.9106 	EXP 	LDT_fix_text: autoDraw = False
210.9106 	EXP 	LDT_stim_text: autoDraw = False
210.9106 	EXP 	LDT_break_text: autoDraw = False
210.9106 	EXP 	LDT_stim_text: height = np.float64(0.1)
210.9106 	EXP 	LDT_stim_text: height = np.float64(0.1)
210.9106 	EXP 	LDT_stim_text: height = np.float64(0.1)
210.9106 	EXP 	LDT_stim_text: text = 'name'
210.9106 	EXP 	LDT_fix_text: autoDraw = True
210.9111 	DATA 	Keypress: a
211.0277 	EXP 	Device response: <KeyPress from None: t=210.89455030000022, value=a, duration=0.1284842000000026>
211.3944 	EXP 	LDT_stim_text: autoDraw = True
211.4027 	EXP 	LDT_fix_text: autoDraw = False
212.0788 	EXP 	Device response: <KeyPress from None: t=212.0708000000002, value=l, duration=None>
212.0790 	EXP 	New trial (rep=0, index=101): <Trial 101 (101 in rep 0) data={'Task': 'LDT', 'TrialType': 'Target', 'Stimuli': 'part', 'StimulusType': 'word', 'CorrectResponse': 'l', 'Trialnumb': 17, 'thisN': 101, 'thisTrialN': 101, 'thisRepN': 0}>
212.0868 	EXP 	LDT_fix_text: autoDraw = False
212.0868 	EXP 	LDT_stim_text: autoDraw = False
212.0868 	EXP 	LDT_break_text: autoDraw = False
212.0868 	EXP 	LDT_stim_text: height = np.float64(0.1)
212.0868 	EXP 	LDT_stim_text: height = np.float64(0.1)
212.0868 	EXP 	LDT_stim_text: height = np.float64(0.1)
212.0868 	EXP 	LDT_stim_text: text = 'part'
212.0868 	EXP 	LDT_fix_text: autoDraw = True
212.0872 	DATA 	Keypress: l
212.1955 	EXP 	Device response: <KeyPress from None: t=212.0708000000002, value=l, duration=0.1195013999999901>
212.5706 	EXP 	LDT_stim_text: autoDraw = True
212.5789 	EXP 	LDT_fix_text: autoDraw = False
213.2299 	EXP 	Device response: <KeyPress from None: t=213.2223289000001, value=l, duration=None>
213.2302 	EXP 	New trial (rep=0, index=102): <Trial 102 (102 in rep 0) data={'Task': 'LDT', 'TrialType': 'Target', 'Stimuli': 'vome', 'StimulusType': 'nonword', 'CorrectResponse': 'a', 'Trialnumb': 213, 'thisN': 102, 'thisTrialN': 102, 'thisRepN': 0}>
213.2379 	EXP 	LDT_fix_text: autoDraw = False
213.2379 	EXP 	LDT_stim_text: autoDraw = False
213.2379 	EXP 	LDT_break_text: autoDraw = False
213.2379 	EXP 	LDT_stim_text: height = np.float64(0.1)
213.2379 	EXP 	LDT_stim_text: height = np.float64(0.1)
213.2379 	EXP 	LDT_stim_text: height = np.float64(0.1)
213.2379 	EXP 	LDT_stim_text: text = 'vome'
213.2379 	EXP 	LDT_fix_text: autoDraw = True
213.2384 	DATA 	Keypress: l
213.3299 	EXP 	Device response: <KeyPress from None: t=213.2223289000001, value=l, duration=0.10421229999997195>
213.7218 	EXP 	LDT_stim_text: autoDraw = True
213.7301 	EXP 	LDT_fix_text: autoDraw = False
214.9149 	EXP 	Device response: <KeyPress from None: t=214.91065240000012, value=a, duration=None>
214.9151 	EXP 	New trial (rep=0, index=103): <Trial 103 (103 in rep 0) data={'Task': 'LDT', 'TrialType': 'Target', 'Stimuli': 'toop', 'StimulusType': 'nonword', 'CorrectResponse': 'a', 'Trialnumb': 204, 'thisN': 103, 'thisTrialN': 103, 'thisRepN': 0}>
214.9229 	EXP 	LDT_fix_text: autoDraw = False
214.9229 	EXP 	LDT_stim_text: autoDraw = False
214.9229 	EXP 	LDT_break_text: autoDraw = False
214.9229 	EXP 	LDT_stim_text: height = np.float64(0.1)
214.9229 	EXP 	LDT_stim_text: height = np.float64(0.1)
214.9229 	EXP 	LDT_stim_text: height = np.float64(0.1)
214.9229 	EXP 	LDT_stim_text: text = 'toop'
214.9229 	EXP 	LDT_fix_text: autoDraw = True
214.9234 	DATA 	Keypress: a
215.0650 	EXP 	Device response: <KeyPress from None: t=214.91065240000012, value=a, duration=0.1520631000000776>
215.4067 	EXP 	LDT_stim_text: autoDraw = True
215.4151 	EXP 	LDT_fix_text: autoDraw = False
216.9753 	EXP 	Device response: <KeyPress from None: t=216.9745081000001, value=a, duration=None>
216.9755 	EXP 	New trial (rep=0, index=104): <Trial 104 (104 in rep 0) data={'Task': 'LDT', 'TrialType': 'Target', 'Stimuli': 'darb', 'StimulusType': 'nonword', 'CorrectResponse': 'a', 'Trialnumb': 134, 'thisN': 104, 'thisTrialN': 104, 'thisRepN': 0}>
216.9834 	EXP 	LDT_fix_text: autoDraw = False
216.9834 	EXP 	LDT_stim_text: autoDraw = False
216.9834 	EXP 	LDT_break_text: autoDraw = False
216.9834 	EXP 	LDT_stim_text: height = np.float64(0.1)
216.9834 	EXP 	LDT_stim_text: height = np.float64(0.1)
216.9834 	EXP 	LDT_stim_text: height = np.float64(0.1)
216.9834 	EXP 	LDT_stim_text: text = 'darb'
216.9834 	EXP 	LDT_fix_text: autoDraw = True
216.9839 	DATA 	Keypress: a
217.1337 	EXP 	Device response: <KeyPress from None: t=216.9745081000001, value=a, duration=0.1518914999999197>
217.4671 	EXP 	LDT_stim_text: autoDraw = True
217.4754 	EXP 	LDT_fix_text: autoDraw = False
218.6270 	EXP 	Device response: <KeyPress from None: t=218.62225890000013, value=a, duration=None>
218.6272 	EXP 	New trial (rep=0, index=105): <Trial 105 (105 in rep 0) data={'Task': 'LDT', 'TrialType': 'Target', 'Stimuli': 'burz', 'StimulusType': 'nonword', 'CorrectResponse': 'a', 'Trialnumb': 112, 'thisN': 105, 'thisTrialN': 105, 'thisRepN': 0}>
218.6350 	EXP 	LDT_fix_text: autoDraw = False
218.6350 	EXP 	LDT_stim_text: autoDraw = False
218.6350 	EXP 	LDT_break_text: autoDraw = False
218.6350 	EXP 	LDT_stim_text: height = np.float64(0.1)
218.6350 	EXP 	LDT_stim_text: height = np.float64(0.1)
218.6350 	EXP 	LDT_stim_text: height = np.float64(0.1)
218.6350 	EXP 	LDT_stim_text: text = 'burz'
218.6350 	EXP 	LDT_fix_text: autoDraw = True
218.6354 	DATA 	Keypress: a
218.7687 	EXP 	Device response: <KeyPress from None: t=218.62225890000013, value=a, duration=0.14515609999989465>
219.1187 	EXP 	LDT_stim_text: autoDraw = True
219.1271 	EXP 	LDT_fix_text: autoDraw = False
221.0710 	EXP 	Device response: <KeyPress from None: t=221.06351400000017, value=l, duration=None>
221.0712 	EXP 	New trial (rep=0, index=106): <Trial 106 (106 in rep 0) data={'Task': 'LDT', 'TrialType': 'Target', 'Stimuli': 'chat', 'StimulusType': 'word', 'CorrectResponse': 'l', 'Trialnumb': 103, 'thisN': 106, 'thisTrialN': 106, 'thisRepN': 0}>
221.0790 	EXP 	LDT_fix_text: autoDraw = False
221.0790 	EXP 	LDT_stim_text: autoDraw = False
221.0790 	EXP 	LDT_break_text: autoDraw = False
221.0790 	EXP 	LDT_stim_text: height = np.float64(0.1)
221.0790 	EXP 	LDT_stim_text: height = np.float64(0.1)
221.0790 	EXP 	LDT_stim_text: height = np.float64(0.1)
221.0790 	EXP 	LDT_stim_text: text = 'chat'
221.0790 	EXP 	LDT_fix_text: autoDraw = True
221.0796 	DATA 	Keypress: l
221.1711 	EXP 	Device response: <KeyPress from None: t=221.06351400000017, value=l, duration=0.10286859999996523>
221.5629 	EXP 	LDT_stim_text: autoDraw = True
221.5712 	EXP 	LDT_fix_text: autoDraw = False
222.4141 	EXP 	Device response: <KeyPress from None: t=222.40672320000022, value=l, duration=None>
222.4143 	EXP 	New trial (rep=0, index=107): <Trial 107 (107 in rep 0) data={'Task': 'LDT', 'TrialType': 'Target', 'Stimuli': 'media', 'StimulusType': 'word', 'CorrectResponse': 'l', 'Trialnumb': 46, 'thisN': 107, 'thisTrialN': 107, 'thisRepN': 0}>
222.4220 	EXP 	LDT_fix_text: autoDraw = False
222.4220 	EXP 	LDT_stim_text: autoDraw = False
222.4220 	EXP 	LDT_break_text: autoDraw = False
222.4220 	EXP 	LDT_stim_text: height = np.float64(0.1)
222.4220 	EXP 	LDT_stim_text: height = np.float64(0.1)
222.4220 	EXP 	LDT_stim_text: height = np.float64(0.1)
222.4220 	EXP 	LDT_stim_text: text = 'media'
222.4220 	EXP 	LDT_fix_text: autoDraw = True
222.4226 	DATA 	Keypress: l
222.5308 	EXP 	Device response: <KeyPress from None: t=222.40672320000022, value=l, duration=0.11949770000001081>
222.9059 	EXP 	LDT_stim_text: autoDraw = True
222.9142 	EXP 	LDT_fix_text: autoDraw = False
223.6820 	EXP 	Device response: <KeyPress from None: t=223.67875230000004, value=l, duration=None>
223.6823 	EXP 	New trial (rep=0, index=108): <Trial 108 (108 in rep 0) data={'Task': 'LDT', 'TrialType': 'Target', 'Stimuli': 'kild', 'StimulusType': 'nonword', 'CorrectResponse': 'a', 'Trialnumb': 165, 'thisN': 108, 'thisTrialN': 108, 'thisRepN': 0}>
223.6900 	EXP 	LDT_fix_text: autoDraw = False
223.6900 	EXP 	LDT_stim_text: autoDraw = False
223.6900 	EXP 	LDT_break_text: autoDraw = False
223.6900 	EXP 	LDT_stim_text: height = np.float64(0.1)
223.6900 	EXP 	LDT_stim_text: height = np.float64(0.1)
223.6900 	EXP 	LDT_stim_text: height = np.float64(0.1)
223.6900 	EXP 	LDT_stim_text: text = 'kild'
223.6900 	EXP 	LDT_fix_text: autoDraw = True
223.6906 	DATA 	Keypress: l
223.7989 	EXP 	Device response: <KeyPress from None: t=223.67875230000004, value=l, duration=0.1196380000001227>
224.1738 	EXP 	LDT_stim_text: autoDraw = True
224.1821 	EXP 	LDT_fix_text: autoDraw = False
225.5588 	EXP 	Device response: <KeyPress from None: t=225.55846100000008, value=a, duration=None>
225.5590 	EXP 	New trial (rep=0, index=109): <Trial 109 (109 in rep 0) data={'Task': 'LDT', 'TrialType': 'Target', 'Stimuli': 'hork', 'StimulusType': 'nonword', 'CorrectResponse': 'a', 'Trialnumb': 156, 'thisN': 109, 'thisTrialN': 109, 'thisRepN': 0}>
225.5668 	EXP 	LDT_fix_text: autoDraw = False
225.5668 	EXP 	LDT_stim_text: autoDraw = False
225.5668 	EXP 	LDT_break_text: autoDraw = False
225.5668 	EXP 	LDT_stim_text: height = np.float64(0.1)
225.5668 	EXP 	LDT_stim_text: height = np.float64(0.1)
225.5668 	EXP 	LDT_stim_text: height = np.float64(0.1)
225.5668 	EXP 	LDT_stim_text: text = 'hork'
225.5668 	EXP 	LDT_fix_text: autoDraw = True
225.5673 	DATA 	Keypress: a
225.7172 	EXP 	Device response: <KeyPress from None: t=225.55846100000008, value=a, duration=0.1517972000001464>
226.0506 	EXP 	LDT_stim_text: autoDraw = True
226.0591 	EXP 	LDT_fix_text: autoDraw = False
228.6785 	EXP 	Device response: <KeyPress from None: t=228.67107020000003, value=a, duration=None>
228.6788 	EXP 	New trial (rep=0, index=110): <Trial 110 (110 in rep 0) data={'Task': 'LDT', 'TrialType': 'Target', 'Stimuli': 'come', 'StimulusType': 'word', 'CorrectResponse': 'l', 'Trialnumb': 7, 'thisN': 110, 'thisTrialN': 110, 'thisRepN': 0}>
228.6866 	EXP 	LDT_fix_text: autoDraw = False
228.6866 	EXP 	LDT_stim_text: autoDraw = False
228.6866 	EXP 	LDT_break_text: autoDraw = False
228.6866 	EXP 	LDT_stim_text: height = np.float64(0.1)
228.6866 	EXP 	LDT_stim_text: height = np.float64(0.1)
228.6866 	EXP 	LDT_stim_text: height = np.float64(0.1)
228.6866 	EXP 	LDT_stim_text: text = 'come'
228.6866 	EXP 	LDT_fix_text: autoDraw = True
228.6871 	DATA 	Keypress: a
228.8370 	EXP 	Device response: <KeyPress from None: t=228.67107020000003, value=a, duration=0.1596225000000686>
229.1704 	EXP 	LDT_stim_text: autoDraw = True
229.1787 	EXP 	LDT_fix_text: autoDraw = False
230.2052 	EXP 	Device response: <KeyPress from None: t=230.19821610000008, value=l, duration=None>
230.2056 	EXP 	New trial (rep=0, index=111): <Trial 111 (111 in rep 0) data={'Task': 'LDT', 'TrialType': 'Target', 'Stimuli': 'colo', 'StimulusType': 'nonword', 'CorrectResponse': 'a', 'Trialnumb': 131, 'thisN': 111, 'thisTrialN': 111, 'thisRepN': 0}>
230.2132 	EXP 	LDT_fix_text: autoDraw = False
230.2132 	EXP 	LDT_stim_text: autoDraw = False
230.2132 	EXP 	LDT_break_text: autoDraw = False
230.2132 	EXP 	LDT_stim_text: height = np.float64(0.1)
230.2132 	EXP 	LDT_stim_text: height = np.float64(0.1)
230.2132 	EXP 	LDT_stim_text: height = np.float64(0.1)
230.2132 	EXP 	LDT_stim_text: text = 'colo'
230.2132 	EXP 	LDT_fix_text: autoDraw = True
230.2138 	DATA 	Keypress: l
230.3302 	EXP 	Device response: <KeyPress from None: t=230.19821610000008, value=l, duration=0.12828540000009525>
230.6969 	EXP 	LDT_stim_text: autoDraw = True
230.7053 	EXP 	LDT_fix_text: autoDraw = False
232.1236 	EXP 	Device response: <KeyPress from None: t=232.1184032000001, value=a, duration=None>
232.1238 	EXP 	New trial (rep=0, index=112): <Trial 112 (112 in rep 0) data={'Task': 'LDT', 'TrialType': 'Target', 'Stimuli': 'yine', 'StimulusType': 'nonword', 'CorrectResponse': 'a', 'Trialnumb': 220, 'thisN': 112, 'thisTrialN': 112, 'thisRepN': 0}>
232.1317 	EXP 	LDT_fix_text: autoDraw = False
232.1317 	EXP 	LDT_stim_text: autoDraw = False
232.1317 	EXP 	LDT_break_text: autoDraw = False
232.1317 	EXP 	LDT_stim_text: height = np.float64(0.1)
232.1317 	EXP 	LDT_stim_text: height = np.float64(0.1)
232.1317 	EXP 	LDT_stim_text: height = np.float64(0.1)
232.1317 	EXP 	LDT_stim_text: text = 'yine'
232.1317 	EXP 	LDT_fix_text: autoDraw = True
232.1321 	DATA 	Keypress: a
232.2739 	EXP 	Device response: <KeyPress from None: t=232.1184032000001, value=a, duration=0.15177519999997457>
232.6155 	EXP 	LDT_stim_text: autoDraw = True
232.6238 	EXP 	LDT_fix_text: autoDraw = False
233.5251 	EXP 	Device response: <KeyPress from None: t=233.5187645000001, value=a, duration=None>
233.5253 	EXP 	New trial (rep=0, index=113): <Trial 113 (113 in rep 0) data={'Task': 'LDT', 'TrialType': 'Target', 'Stimuli': 'drove', 'StimulusType': 'word', 'CorrectResponse': 'l', 'Trialnumb': 90, 'thisN': 113, 'thisTrialN': 113, 'thisRepN': 0}>
233.5331 	EXP 	LDT_fix_text: autoDraw = False
233.5331 	EXP 	LDT_stim_text: autoDraw = False
233.5331 	EXP 	LDT_break_text: autoDraw = False
233.5331 	EXP 	LDT_stim_text: height = np.float64(0.1)
233.5331 	EXP 	LDT_stim_text: height = np.float64(0.1)
233.5331 	EXP 	LDT_stim_text: height = np.float64(0.1)
233.5331 	EXP 	LDT_stim_text: text = 'drove'
233.5331 	EXP 	LDT_fix_text: autoDraw = True
233.5336 	DATA 	Keypress: a
233.6586 	EXP 	Device response: <KeyPress from None: t=233.5187645000001, value=a, duration=0.13621170000010352>
234.0169 	EXP 	LDT_stim_text: autoDraw = True
234.0253 	EXP 	LDT_fix_text: autoDraw = False
235.0849 	EXP 	Device response: <KeyPress from None: t=235.07867280000005, value=l, duration=None>
235.0852 	EXP 	New trial (rep=0, index=114): <Trial 114 (114 in rep 0) data={'Task': 'LDT', 'TrialType': 'Target', 'Stimuli': 'look', 'StimulusType': 'word', 'CorrectResponse': 'l', 'Trialnumb': 2, 'thisN': 114, 'thisTrialN': 114, 'thisRepN': 0}>
235.0930 	EXP 	LDT_fix_text: autoDraw = False
235.0930 	EXP 	LDT_stim_text: autoDraw = False
235.0930 	EXP 	LDT_break_text: autoDraw = False
235.0930 	EXP 	LDT_stim_text: height = np.float64(0.1)
235.0930 	EXP 	LDT_stim_text: height = np.float64(0.1)
235.0930 	EXP 	LDT_stim_text: height = np.float64(0.1)
235.0930 	EXP 	LDT_stim_text: text = 'look'
235.0930 	EXP 	LDT_fix_text: autoDraw = True
235.0935 	DATA 	Keypress: l
235.1850 	EXP 	Device response: <KeyPress from None: t=235.07867280000005, value=l, duration=0.10431630000016412>
235.5768 	EXP 	LDT_stim_text: autoDraw = True
235.5851 	EXP 	LDT_fix_text: autoDraw = False
236.5113 	EXP 	Device response: <KeyPress from None: t=236.50300270000002, value=l, duration=None>
236.5116 	EXP 	New trial (rep=0, index=115): <Trial 115 (115 in rep 0) data={'Task': 'LDT', 'TrialType': 'Target', 'Stimuli': 'sarry', 'StimulusType': 'nonword', 'CorrectResponse': 'a', 'Trialnumb': 186, 'thisN': 115, 'thisTrialN': 115, 'thisRepN': 0}>
236.5129 	DATA 	Keypress: l
236.5194 	EXP 	LDT_fix_text: autoDraw = False
236.5194 	EXP 	LDT_stim_text: autoDraw = False
236.5194 	EXP 	LDT_break_text: autoDraw = False
236.5194 	EXP 	LDT_stim_text: height = np.float64(0.1)
236.5194 	EXP 	LDT_stim_text: height = np.float64(0.1)
236.5194 	EXP 	LDT_stim_text: height = np.float64(0.1)
236.5194 	EXP 	LDT_stim_text: text = 'sarry'
236.5194 	EXP 	LDT_fix_text: autoDraw = True
236.6198 	EXP 	Device response: <KeyPress from None: t=236.50300270000002, value=l, duration=0.111618000000135>
237.0032 	EXP 	LDT_stim_text: autoDraw = True
237.0115 	EXP 	LDT_fix_text: autoDraw = False
237.8460 	EXP 	Device response: <KeyPress from None: t=237.83877850000022, value=a, duration=None>
237.8462 	EXP 	New trial (rep=0, index=116): <Trial 116 (116 in rep 0) data={'Task': 'LDT', 'TrialType': 'Target', 'Stimuli': 'news', 'StimulusType': 'word', 'CorrectResponse': 'l', 'Trialnumb': 45, 'thisN': 116, 'thisTrialN': 116, 'thisRepN': 0}>
237.8542 	EXP 	LDT_fix_text: autoDraw = False
237.8542 	EXP 	LDT_stim_text: autoDraw = False
237.8542 	EXP 	LDT_break_text: autoDraw = False
237.8542 	EXP 	LDT_stim_text: height = np.float64(0.1)
237.8542 	EXP 	LDT_stim_text: height = np.float64(0.1)
237.8542 	EXP 	LDT_stim_text: height = np.float64(0.1)
237.8542 	EXP 	LDT_stim_text: text = 'news'
237.8542 	EXP 	LDT_fix_text: autoDraw = True
237.8548 	DATA 	Keypress: a
237.9628 	EXP 	Device response: <KeyPress from None: t=237.83877850000022, value=a, duration=0.11975459999985105>
238.3379 	EXP 	LDT_stim_text: autoDraw = True
238.3462 	EXP 	LDT_fix_text: autoDraw = False
239.0221 	EXP 	Device response: <KeyPress from None: t=239.01411510000003, value=l, duration=None>
239.0224 	EXP 	New trial (rep=0, index=117): <Trial 117 (117 in rep 0) data={'Task': 'LDT', 'TrialType': 'Target', 'Stimuli': 'gips', 'StimulusType': 'nonword', 'CorrectResponse': 'a', 'Trialnumb': 147, 'thisN': 117, 'thisTrialN': 117, 'thisRepN': 0}>
239.0303 	EXP 	LDT_fix_text: autoDraw = False
239.0303 	EXP 	LDT_stim_text: autoDraw = False
239.0303 	EXP 	LDT_break_text: autoDraw = False
239.0303 	EXP 	LDT_stim_text: height = np.float64(0.1)
239.0303 	EXP 	LDT_stim_text: height = np.float64(0.1)
239.0303 	EXP 	LDT_stim_text: height = np.float64(0.1)
239.0303 	EXP 	LDT_stim_text: text = 'gips'
239.0303 	EXP 	LDT_fix_text: autoDraw = True
239.0308 	DATA 	Keypress: l
239.1474 	EXP 	Device response: <KeyPress from None: t=239.01411510000003, value=l, duration=0.12861270000007607>
239.5140 	EXP 	LDT_stim_text: autoDraw = True
239.5224 	EXP 	LDT_fix_text: autoDraw = False
241.1326 	EXP 	Device response: <KeyPress from None: t=241.1264767, value=l, duration=None>
241.1328 	EXP 	New trial (rep=0, index=118): <Trial 118 (118 in rep 0) data={'Task': 'LDT', 'TrialType': 'Target', 'Stimuli': 'wost', 'StimulusType': 'nonword', 'CorrectResponse': 'a', 'Trialnumb': 217, 'thisN': 118, 'thisTrialN': 118, 'thisRepN': 0}>
241.1407 	EXP 	LDT_fix_text: autoDraw = False
241.1407 	EXP 	LDT_stim_text: autoDraw = False
241.1407 	EXP 	LDT_break_text: autoDraw = False
241.1407 	EXP 	LDT_stim_text: height = np.float64(0.1)
241.1407 	EXP 	LDT_stim_text: height = np.float64(0.1)
241.1407 	EXP 	LDT_stim_text: height = np.float64(0.1)
241.1407 	EXP 	LDT_stim_text: text = 'wost'
241.1407 	EXP 	LDT_fix_text: autoDraw = True
241.1411 	DATA 	Keypress: l
241.2327 	EXP 	Device response: <KeyPress from None: t=241.1264767, value=l, duration=0.10568250000005719>
241.6245 	EXP 	LDT_stim_text: autoDraw = True
241.6328 	EXP 	LDT_fix_text: autoDraw = False
242.5840 	EXP 	Device response: <KeyPress from None: t=242.58285840000008, value=l, duration=None>
242.5843 	EXP 	New trial (rep=0, index=119): <Trial 119 (119 in rep 0) data={'Task': 'LDT', 'TrialType': 'Target', 'Stimuli': 'jeed', 'StimulusType': 'nonword', 'CorrectResponse': 'a', 'Trialnumb': 158, 'thisN': 119, 'thisTrialN': 119, 'thisRepN': 0}>
242.5921 	EXP 	LDT_fix_text: autoDraw = False
242.5921 	EXP 	LDT_stim_text: autoDraw = False
242.5921 	EXP 	LDT_break_text: autoDraw = False
242.5921 	EXP 	LDT_stim_text: height = np.float64(0.1)
242.5921 	EXP 	LDT_stim_text: height = np.float64(0.1)
242.5921 	EXP 	LDT_stim_text: height = np.float64(0.1)
242.5921 	EXP 	LDT_stim_text: text = 'jeed'
242.5921 	EXP 	LDT_fix_text: autoDraw = True
242.5925 	DATA 	Keypress: l
242.6757 	EXP 	Device response: <KeyPress from None: t=242.58285840000008, value=l, duration=0.08791289999999208>
243.0759 	EXP 	LDT_stim_text: autoDraw = True
243.0842 	EXP 	LDT_fix_text: autoDraw = False
244.0188 	EXP 	Device response: <KeyPress from None: t=244.01449060000004, value=a, duration=None>
244.0268 	EXP 	LDT_fix_text: autoDraw = False
244.0268 	EXP 	LDT_stim_text: autoDraw = False
244.0268 	EXP 	LDT_break_text: autoDraw = True
244.0275 	DATA 	Keypress: a
244.1189 	EXP 	Device response: <KeyPress from None: t=244.01449060000004, value=a, duration=0.09685460000014245>
250.2500 	EXP 	Device response: <KeyPress from None: t=250.24642790000007, value=space, duration=None>
250.2503 	EXP 	New trial (rep=0, index=120): <Trial 120 (120 in rep 0) data={'Task': 'LDT', 'TrialType': 'Target', 'Stimuli': 'dilt', 'StimulusType': 'nonword', 'CorrectResponse': 'a', 'Trialnumb': 137, 'thisN': 120, 'thisTrialN': 120, 'thisRepN': 0}>
250.2581 	EXP 	LDT_break_text: autoDraw = False
250.2581 	EXP 	LDT_stim_text: height = np.float64(0.1)
250.2581 	EXP 	LDT_stim_text: height = np.float64(0.1)
250.2581 	EXP 	LDT_stim_text: height = np.float64(0.1)
250.2581 	EXP 	LDT_stim_text: text = 'dilt'
250.2581 	EXP 	LDT_fix_text: autoDraw = True
250.2585 	DATA 	Keypress: space
250.3418 	EXP 	Device response: <KeyPress from None: t=250.24642790000007, value=space, duration=0.08863980000000993>
250.7419 	EXP 	LDT_stim_text: autoDraw = True
250.7502 	EXP 	LDT_fix_text: autoDraw = False
251.8266 	EXP 	Device response: <KeyPress from None: t=251.8221840000001, value=a, duration=None>
251.8268 	EXP 	New trial (rep=0, index=121): <Trial 121 (121 in rep 0) data={'Task': 'LDT', 'TrialType': 'Target', 'Stimuli': 'seon', 'StimulusType': 'nonword', 'CorrectResponse': 'a', 'Trialnumb': 189, 'thisN': 121, 'thisTrialN': 121, 'thisRepN': 0}>
251.8347 	EXP 	LDT_fix_text: autoDraw = False
251.8347 	EXP 	LDT_stim_text: autoDraw = False
251.8347 	EXP 	LDT_break_text: autoDraw = False
251.8347 	EXP 	LDT_stim_text: height = np.float64(0.1)
251.8347 	EXP 	LDT_stim_text: height = np.float64(0.1)
251.8347 	EXP 	LDT_stim_text: height = np.float64(0.1)
251.8347 	EXP 	LDT_stim_text: text = 'seon'
251.8347 	EXP 	LDT_fix_text: autoDraw = True
251.8353 	DATA 	Keypress: a
251.9600 	EXP 	Device response: <KeyPress from None: t=251.8221840000001, value=a, duration=0.13745339999991302>
252.3184 	EXP 	LDT_stim_text: autoDraw = True
252.3268 	EXP 	LDT_fix_text: autoDraw = False
253.2114 	EXP 	Device response: <KeyPress from None: t=253.20740060000003, value=a, duration=None>
253.2118 	EXP 	New trial (rep=0, index=122): <Trial 122 (122 in rep 0) data={'Task': 'LDT', 'TrialType': 'Target', 'Stimuli': 'loil', 'StimulusType': 'nonword', 'CorrectResponse': 'a', 'Trialnumb': 170, 'thisN': 122, 'thisTrialN': 122, 'thisRepN': 0}>
253.2194 	EXP 	LDT_fix_text: autoDraw = False
253.2194 	EXP 	LDT_stim_text: autoDraw = False
253.2194 	EXP 	LDT_break_text: autoDraw = False
253.2194 	EXP 	LDT_stim_text: height = np.float64(0.1)
253.2194 	EXP 	LDT_stim_text: height = np.float64(0.1)
253.2194 	EXP 	LDT_stim_text: height = np.float64(0.1)
253.2194 	EXP 	LDT_stim_text: text = 'loil'
253.2194 	EXP 	LDT_fix_text: autoDraw = True
253.2199 	DATA 	Keypress: a
253.3365 	EXP 	Device response: <KeyPress from None: t=253.20740060000003, value=a, duration=0.1271118000001934>
253.7031 	EXP 	LDT_stim_text: autoDraw = True
253.7115 	EXP 	LDT_fix_text: autoDraw = False
254.8129 	EXP 	Device response: <KeyPress from None: t=254.8063142000001, value=a, duration=None>
254.8132 	EXP 	New trial (rep=0, index=123): <Trial 123 (123 in rep 0) data={'Task': 'LDT', 'TrialType': 'Target', 'Stimuli': 'dass', 'StimulusType': 'nonword', 'CorrectResponse': 'a', 'Trialnumb': 135, 'thisN': 123, 'thisTrialN': 123, 'thisRepN': 0}>
254.8209 	EXP 	LDT_fix_text: autoDraw = False
254.8209 	EXP 	LDT_stim_text: autoDraw = False
254.8209 	EXP 	LDT_break_text: autoDraw = False
254.8209 	EXP 	LDT_stim_text: height = np.float64(0.1)
254.8209 	EXP 	LDT_stim_text: height = np.float64(0.1)
254.8209 	EXP 	LDT_stim_text: height = np.float64(0.1)
254.8209 	EXP 	LDT_stim_text: text = 'dass'
254.8209 	EXP 	LDT_fix_text: autoDraw = True
254.8215 	DATA 	Keypress: a
254.9880 	EXP 	Device response: <KeyPress from None: t=254.8063142000001, value=a, duration=0.17640610000012202>
255.3047 	EXP 	LDT_stim_text: autoDraw = True
255.3131 	EXP 	LDT_fix_text: autoDraw = False
256.1225 	EXP 	Device response: <KeyPress from None: t=256.11817040000005, value=a, duration=None>
256.1227 	EXP 	New trial (rep=0, index=124): <Trial 124 (124 in rep 0) data={'Task': 'LDT', 'TrialType': 'Target', 'Stimuli': 'rees', 'StimulusType': 'nonword', 'CorrectResponse': 'a', 'Trialnumb': 184, 'thisN': 124, 'thisTrialN': 124, 'thisRepN': 0}>
256.1305 	EXP 	LDT_fix_text: autoDraw = False
256.1305 	EXP 	LDT_stim_text: autoDraw = False
256.1305 	EXP 	LDT_break_text: autoDraw = False
256.1305 	EXP 	LDT_stim_text: height = np.float64(0.1)
256.1305 	EXP 	LDT_stim_text: height = np.float64(0.1)
256.1305 	EXP 	LDT_stim_text: height = np.float64(0.1)
256.1305 	EXP 	LDT_stim_text: text = 'rees'
256.1305 	EXP 	LDT_fix_text: autoDraw = True
256.1311 	DATA 	Keypress: a
256.2894 	EXP 	Device response: <KeyPress from None: t=256.11817040000005, value=a, duration=0.16870240000002923>
256.6144 	EXP 	LDT_stim_text: autoDraw = True
256.6227 	EXP 	LDT_fix_text: autoDraw = False
257.5156 	EXP 	Device response: <KeyPress from None: t=257.5105252000001, value=a, duration=None>
257.5158 	EXP 	New trial (rep=0, index=125): <Trial 125 (125 in rep 0) data={'Task': 'LDT', 'TrialType': 'Target', 'Stimuli': 'price', 'StimulusType': 'word', 'CorrectResponse': 'l', 'Trialnumb': 52, 'thisN': 125, 'thisTrialN': 125, 'thisRepN': 0}>
257.5236 	EXP 	LDT_fix_text: autoDraw = False
257.5236 	EXP 	LDT_stim_text: autoDraw = False
257.5236 	EXP 	LDT_break_text: autoDraw = False
257.5236 	EXP 	LDT_stim_text: height = np.float64(0.1)
257.5236 	EXP 	LDT_stim_text: height = np.float64(0.1)
257.5236 	EXP 	LDT_stim_text: height = np.float64(0.1)
257.5236 	EXP 	LDT_stim_text: text = 'price'
257.5236 	EXP 	LDT_fix_text: autoDraw = True
257.5242 	DATA 	Keypress: a
257.6575 	EXP 	Device response: <KeyPress from None: t=257.5105252000001, value=a, duration=0.1442732000000433>
258.0074 	EXP 	LDT_stim_text: autoDraw = True
258.0158 	EXP 	LDT_fix_text: autoDraw = False
258.7668 	EXP 	Device response: <KeyPress from None: t=258.7663180000002, value=l, duration=None>
258.7670 	EXP 	New trial (rep=0, index=126): <Trial 126 (126 in rep 0) data={'Task': 'LDT', 'TrialType': 'Target', 'Stimuli': 'eall', 'StimulusType': 'nonword', 'CorrectResponse': 'a', 'Trialnumb': 138, 'thisN': 126, 'thisTrialN': 126, 'thisRepN': 0}>
258.7748 	EXP 	LDT_fix_text: autoDraw = False
258.7748 	EXP 	LDT_stim_text: autoDraw = False
258.7748 	EXP 	LDT_break_text: autoDraw = False
258.7748 	EXP 	LDT_stim_text: height = np.float64(0.1)
258.7748 	EXP 	LDT_stim_text: height = np.float64(0.1)
258.7748 	EXP 	LDT_stim_text: height = np.float64(0.1)
258.7748 	EXP 	LDT_stim_text: text = 'eall'
258.7748 	EXP 	LDT_fix_text: autoDraw = True
258.7755 	DATA 	Keypress: l
258.9086 	EXP 	Device response: <KeyPress from None: t=258.7663180000002, value=l, duration=0.13592759999983173>
259.2587 	EXP 	LDT_stim_text: autoDraw = True
259.2670 	EXP 	LDT_fix_text: autoDraw = False
260.1433 	EXP 	Device response: <KeyPress from None: t=260.14303530000007, value=a, duration=None>
260.1518 	EXP 	New trial (rep=0, index=127): <Trial 127 (127 in rep 0) data={'Task': 'LDT', 'TrialType': 'Target', 'Stimuli': 'flat', 'StimulusType': 'word', 'CorrectResponse': 'l', 'Trialnumb': 92, 'thisN': 127, 'thisTrialN': 127, 'thisRepN': 0}>
260.1532 	DATA 	Keypress: a
260.1595 	EXP 	LDT_fix_text: autoDraw = False
260.1595 	EXP 	LDT_stim_text: autoDraw = False
260.1595 	EXP 	LDT_break_text: autoDraw = False
260.1595 	EXP 	LDT_stim_text: height = np.float64(0.1)
260.1595 	EXP 	LDT_stim_text: height = np.float64(0.1)
260.1595 	EXP 	LDT_stim_text: height = np.float64(0.1)
260.1595 	EXP 	LDT_stim_text: text = 'flat'
260.1595 	EXP 	LDT_fix_text: autoDraw = True
260.3268 	EXP 	Device response: <KeyPress from None: t=260.14303530000007, value=a, duration=0.18317060000003949>
260.6434 	EXP 	LDT_stim_text: autoDraw = True
260.6517 	EXP 	LDT_fix_text: autoDraw = False
261.4779 	EXP 	Device response: <KeyPress from None: t=261.47030760000007, value=l, duration=None>
261.4781 	EXP 	New trial (rep=0, index=128): <Trial 128 (128 in rep 0) data={'Task': 'LDT', 'TrialType': 'Target', 'Stimuli': 'hage', 'StimulusType': 'nonword', 'CorrectResponse': 'a', 'Trialnumb': 149, 'thisN': 128, 'thisTrialN': 128, 'thisRepN': 0}>
261.4859 	EXP 	LDT_fix_text: autoDraw = False
261.4859 	EXP 	LDT_stim_text: autoDraw = False
261.4859 	EXP 	LDT_break_text: autoDraw = False
261.4859 	EXP 	LDT_stim_text: height = np.float64(0.1)
261.4859 	EXP 	LDT_stim_text: height = np.float64(0.1)
261.4859 	EXP 	LDT_stim_text: height = np.float64(0.1)
261.4859 	EXP 	LDT_stim_text: text = 'hage'
261.4859 	EXP 	LDT_fix_text: autoDraw = True
261.4863 	DATA 	Keypress: l
261.6029 	EXP 	Device response: <KeyPress from None: t=261.47030760000007, value=l, duration=0.12959300000011353>
261.9697 	EXP 	LDT_stim_text: autoDraw = True
261.9781 	EXP 	LDT_fix_text: autoDraw = False
263.0126 	EXP 	Device response: <KeyPress from None: t=263.00767010000004, value=a, duration=None>
263.0129 	EXP 	New trial (rep=0, index=129): <Trial 129 (129 in rep 0) data={'Task': 'LDT', 'TrialType': 'Target', 'Stimuli': 'coss', 'StimulusType': 'nonword', 'CorrectResponse': 'a', 'Trialnumb': 133, 'thisN': 129, 'thisTrialN': 129, 'thisRepN': 0}>
263.0207 	EXP 	LDT_fix_text: autoDraw = False
263.0207 	EXP 	LDT_stim_text: autoDraw = False
263.0207 	EXP 	LDT_break_text: autoDraw = False
263.0207 	EXP 	LDT_stim_text: height = np.float64(0.1)
263.0207 	EXP 	LDT_stim_text: height = np.float64(0.1)
263.0207 	EXP 	LDT_stim_text: height = np.float64(0.1)
263.0207 	EXP 	LDT_stim_text: text = 'coss'
263.0207 	EXP 	LDT_fix_text: autoDraw = True
263.0213 	DATA 	Keypress: a
263.1963 	EXP 	Device response: <KeyPress from None: t=263.00767010000004, value=a, duration=0.18321869999999763>
263.5046 	EXP 	LDT_stim_text: autoDraw = True
263.5129 	EXP 	LDT_fix_text: autoDraw = False
264.4643 	EXP 	Device response: <KeyPress from None: t=264.4633162, value=a, duration=None>
264.4647 	EXP 	New trial (rep=0, index=130): <Trial 130 (130 in rep 0) data={'Task': 'LDT', 'TrialType': 'Target', 'Stimuli': 'fump', 'StimulusType': 'nonword', 'CorrectResponse': 'a', 'Trialnumb': 143, 'thisN': 130, 'thisTrialN': 130, 'thisRepN': 0}>
264.4723 	EXP 	LDT_fix_text: autoDraw = False
264.4723 	EXP 	LDT_stim_text: autoDraw = False
264.4723 	EXP 	LDT_break_text: autoDraw = False
264.4723 	EXP 	LDT_stim_text: height = np.float64(0.1)
264.4723 	EXP 	LDT_stim_text: height = np.float64(0.1)
264.4723 	EXP 	LDT_stim_text: height = np.float64(0.1)
264.4723 	EXP 	LDT_stim_text: text = 'fump'
264.4723 	EXP 	LDT_fix_text: autoDraw = True
264.4729 	DATA 	Keypress: a
264.6311 	EXP 	Device response: <KeyPress from None: t=264.4633162, value=a, duration=0.16748040000015862>
264.9560 	EXP 	LDT_stim_text: autoDraw = True
264.9643 	EXP 	LDT_fix_text: autoDraw = False
266.2075 	EXP 	Device response: <KeyPress from None: t=266.2062197, value=a, duration=None>
266.2077 	EXP 	New trial (rep=0, index=131): <Trial 131 (131 in rep 0) data={'Task': 'LDT', 'TrialType': 'Target', 'Stimuli': 'pack', 'StimulusType': 'word', 'CorrectResponse': 'l', 'Trialnumb': 76, 'thisN': 131, 'thisTrialN': 131, 'thisRepN': 0}>
266.2156 	EXP 	LDT_fix_text: autoDraw = False
266.2156 	EXP 	LDT_stim_text: autoDraw = False
266.2156 	EXP 	LDT_break_text: autoDraw = False
266.2156 	EXP 	LDT_stim_text: height = np.float64(0.1)
266.2156 	EXP 	LDT_stim_text: height = np.float64(0.1)
266.2156 	EXP 	LDT_stim_text: height = np.float64(0.1)
266.2156 	EXP 	LDT_stim_text: text = 'pack'
266.2156 	EXP 	LDT_fix_text: autoDraw = True
266.2161 	DATA 	Keypress: a
266.3745 	EXP 	Device response: <KeyPress from None: t=266.2062197, value=a, duration=0.16796940000017457>
266.6994 	EXP 	LDT_stim_text: autoDraw = True
266.7077 	EXP 	LDT_fix_text: autoDraw = False
268.0094 	EXP 	Device response: <KeyPress from None: t=268.00710500000014, value=l, duration=None>
268.0097 	EXP 	New trial (rep=0, index=132): <Trial 132 (132 in rep 0) data={'Task': 'LDT', 'TrialType': 'Target', 'Stimuli': 'seft', 'StimulusType': 'nonword', 'CorrectResponse': 'a', 'Trialnumb': 188, 'thisN': 132, 'thisTrialN': 132, 'thisRepN': 0}>
268.0175 	EXP 	LDT_fix_text: autoDraw = False
268.0175 	EXP 	LDT_stim_text: autoDraw = False
268.0175 	EXP 	LDT_break_text: autoDraw = False
268.0175 	EXP 	LDT_stim_text: height = np.float64(0.1)
268.0175 	EXP 	LDT_stim_text: height = np.float64(0.1)
268.0175 	EXP 	LDT_stim_text: height = np.float64(0.1)
268.0175 	EXP 	LDT_stim_text: text = 'seft'
268.0175 	EXP 	LDT_fix_text: autoDraw = True
268.0181 	DATA 	Keypress: l
268.1512 	EXP 	Device response: <KeyPress from None: t=268.00710500000014, value=l, duration=0.13568800000007286>
268.5012 	EXP 	LDT_stim_text: autoDraw = True
268.5095 	EXP 	LDT_fix_text: autoDraw = False
269.4274 	EXP 	Device response: <KeyPress from None: t=269.4230010000001, value=a, duration=None>
269.4276 	EXP 	New trial (rep=0, index=133): <Trial 133 (133 in rep 0) data={'Task': 'LDT', 'TrialType': 'Target', 'Stimuli': 'ill', 'StimulusType': 'word', 'CorrectResponse': 'l', 'Trialnumb': 97, 'thisN': 133, 'thisTrialN': 133, 'thisRepN': 0}>
269.4355 	EXP 	LDT_fix_text: autoDraw = False
269.4355 	EXP 	LDT_stim_text: autoDraw = False
269.4355 	EXP 	LDT_break_text: autoDraw = False
269.4355 	EXP 	LDT_stim_text: height = np.float64(0.1)
269.4355 	EXP 	LDT_stim_text: height = np.float64(0.1)
269.4355 	EXP 	LDT_stim_text: height = np.float64(0.1)
269.4355 	EXP 	LDT_stim_text: text = 'ill'
269.4355 	EXP 	LDT_fix_text: autoDraw = True
269.4360 	DATA 	Keypress: a
269.5859 	EXP 	Device response: <KeyPress from None: t=269.4230010000001, value=a, duration=0.1595471999999063>
269.9192 	EXP 	LDT_stim_text: autoDraw = True
269.9276 	EXP 	LDT_fix_text: autoDraw = False
270.7537 	EXP 	Device response: <KeyPress from None: t=270.75009590000013, value=l, duration=None>
270.7540 	EXP 	New trial (rep=0, index=134): <Trial 134 (134 in rep 0) data={'Task': 'LDT', 'TrialType': 'Target', 'Stimuli': 'peaf', 'StimulusType': 'nonword', 'CorrectResponse': 'a', 'Trialnumb': 179, 'thisN': 134, 'thisTrialN': 134, 'thisRepN': 0}>
270.7617 	EXP 	LDT_fix_text: autoDraw = False
270.7617 	EXP 	LDT_stim_text: autoDraw = False
270.7617 	EXP 	LDT_break_text: autoDraw = False
270.7617 	EXP 	LDT_stim_text: height = np.float64(0.1)
270.7617 	EXP 	LDT_stim_text: height = np.float64(0.1)
270.7617 	EXP 	LDT_stim_text: height = np.float64(0.1)
270.7617 	EXP 	LDT_stim_text: text = 'peaf'
270.7617 	EXP 	LDT_fix_text: autoDraw = True
270.7623 	DATA 	Keypress: l
270.9123 	EXP 	Device response: <KeyPress from None: t=270.75009590000013, value=l, duration=0.1608158999999887>
271.2456 	EXP 	LDT_stim_text: autoDraw = True
271.2539 	EXP 	LDT_fix_text: autoDraw = False
272.2219 	EXP 	Device response: <KeyPress from None: t=272.2145507, value=a, duration=None>
272.2221 	EXP 	New trial (rep=0, index=135): <Trial 135 (135 in rep 0) data={'Task': 'LDT', 'TrialType': 'Target', 'Stimuli': 'berm', 'StimulusType': 'nonword', 'CorrectResponse': 'a', 'Trialnumb': 121, 'thisN': 135, 'thisTrialN': 135, 'thisRepN': 0}>
272.2299 	EXP 	LDT_fix_text: autoDraw = False
272.2299 	EXP 	LDT_stim_text: autoDraw = False
272.2299 	EXP 	LDT_break_text: autoDraw = False
272.2299 	EXP 	LDT_stim_text: height = np.float64(0.1)
272.2299 	EXP 	LDT_stim_text: height = np.float64(0.1)
272.2299 	EXP 	LDT_stim_text: height = np.float64(0.1)
272.2299 	EXP 	LDT_stim_text: text = 'berm'
272.2299 	EXP 	LDT_fix_text: autoDraw = True
272.2304 	DATA 	Keypress: a
272.3469 	EXP 	Device response: <KeyPress from None: t=272.2145507, value=a, duration=0.1277009000000362>
272.7137 	EXP 	LDT_stim_text: autoDraw = True
272.7220 	EXP 	LDT_fix_text: autoDraw = False
273.6066 	EXP 	Device response: <KeyPress from None: t=273.5990389000001, value=a, duration=None>
273.6069 	EXP 	New trial (rep=0, index=136): <Trial 136 (136 in rep 0) data={'Task': 'LDT', 'TrialType': 'Target', 'Stimuli': 'trin', 'StimulusType': 'nonword', 'CorrectResponse': 'a', 'Trialnumb': 207, 'thisN': 136, 'thisTrialN': 136, 'thisRepN': 0}>
273.6147 	EXP 	LDT_fix_text: autoDraw = False
273.6147 	EXP 	LDT_stim_text: autoDraw = False
273.6147 	EXP 	LDT_break_text: autoDraw = False
273.6147 	EXP 	LDT_stim_text: height = np.float64(0.1)
273.6147 	EXP 	LDT_stim_text: height = np.float64(0.1)
273.6147 	EXP 	LDT_stim_text: height = np.float64(0.1)
273.6147 	EXP 	LDT_stim_text: text = 'trin'
273.6147 	EXP 	LDT_fix_text: autoDraw = True
273.6153 	DATA 	Keypress: a
273.7651 	EXP 	Device response: <KeyPress from None: t=273.5990389000001, value=a, duration=0.15965510000000904>
274.0984 	EXP 	LDT_stim_text: autoDraw = True
274.1067 	EXP 	LDT_fix_text: autoDraw = False
275.3249 	EXP 	Device response: <KeyPress from None: t=275.3186036000002, value=l, duration=None>
275.3252 	EXP 	New trial (rep=0, index=137): <Trial 137 (137 in rep 0) data={'Task': 'LDT', 'TrialType': 'Target', 'Stimuli': 'hard', 'StimulusType': 'word', 'CorrectResponse': 'l', 'Trialnumb': 22, 'thisN': 137, 'thisTrialN': 137, 'thisRepN': 0}>
275.3330 	EXP 	LDT_fix_text: autoDraw = False
275.3330 	EXP 	LDT_stim_text: autoDraw = False
275.3330 	EXP 	LDT_break_text: autoDraw = False
275.3330 	EXP 	LDT_stim_text: height = np.float64(0.1)
275.3330 	EXP 	LDT_stim_text: height = np.float64(0.1)
275.3330 	EXP 	LDT_stim_text: height = np.float64(0.1)
275.3330 	EXP 	LDT_stim_text: text = 'hard'
275.3330 	EXP 	LDT_fix_text: autoDraw = True
275.3337 	DATA 	Keypress: l
275.4586 	EXP 	Device response: <KeyPress from None: t=275.3186036000002, value=l, duration=0.13609309999992547>
275.8168 	EXP 	LDT_stim_text: autoDraw = True
275.8252 	EXP 	LDT_fix_text: autoDraw = False
276.8014 	EXP 	Device response: <KeyPress from None: t=276.7987122000002, value=l, duration=None>
276.8017 	EXP 	New trial (rep=0, index=138): <Trial 138 (138 in rep 0) data={'Task': 'LDT', 'TrialType': 'Target', 'Stimuli': 'heat', 'StimulusType': 'word', 'CorrectResponse': 'l', 'Trialnumb': 79, 'thisN': 138, 'thisTrialN': 138, 'thisRepN': 0}>
276.8094 	EXP 	LDT_fix_text: autoDraw = False
276.8094 	EXP 	LDT_stim_text: autoDraw = False
276.8094 	EXP 	LDT_break_text: autoDraw = False
276.8094 	EXP 	LDT_stim_text: height = np.float64(0.1)
276.8094 	EXP 	LDT_stim_text: height = np.float64(0.1)
276.8094 	EXP 	LDT_stim_text: height = np.float64(0.1)
276.8094 	EXP 	LDT_stim_text: text = 'heat'
276.8094 	EXP 	LDT_fix_text: autoDraw = True
276.8100 	DATA 	Keypress: l
276.9433 	EXP 	Device response: <KeyPress from None: t=276.7987122000002, value=l, duration=0.14392689999999675>
277.2932 	EXP 	LDT_stim_text: autoDraw = True
277.3016 	EXP 	LDT_fix_text: autoDraw = False
278.1027 	EXP 	Device response: <KeyPress from None: t=278.0949879000002, value=l, duration=None>
278.1029 	EXP 	New trial (rep=0, index=139): <Trial 139 (139 in rep 0) data={'Task': 'LDT', 'TrialType': 'Target', 'Stimuli': 'beah', 'StimulusType': 'nonword', 'CorrectResponse': 'a', 'Trialnumb': 119, 'thisN': 139, 'thisTrialN': 139, 'thisRepN': 0}>
278.1109 	EXP 	LDT_fix_text: autoDraw = False
278.1109 	EXP 	LDT_stim_text: autoDraw = False
278.1109 	EXP 	LDT_break_text: autoDraw = False
278.1109 	EXP 	LDT_stim_text: height = np.float64(0.1)
278.1109 	EXP 	LDT_stim_text: height = np.float64(0.1)
278.1109 	EXP 	LDT_stim_text: height = np.float64(0.1)
278.1109 	EXP 	LDT_stim_text: text = 'beah'
278.1109 	EXP 	LDT_fix_text: autoDraw = True
278.1114 	DATA 	Keypress: l
278.2446 	EXP 	Device response: <KeyPress from None: t=278.0949879000002, value=l, duration=0.14311179999981505>
278.5946 	EXP 	LDT_stim_text: autoDraw = True
278.6031 	EXP 	LDT_fix_text: autoDraw = False
280.4050 	EXP 	Device response: <KeyPress from None: t=280.3982202000002, value=a, duration=None>
280.4052 	EXP 	New trial (rep=0, index=140): <Trial 140 (140 in rep 0) data={'Task': 'LDT', 'TrialType': 'Target', 'Stimuli': 'lill', 'StimulusType': 'nonword', 'CorrectResponse': 'a', 'Trialnumb': 168, 'thisN': 140, 'thisTrialN': 140, 'thisRepN': 0}>
280.4130 	EXP 	LDT_fix_text: autoDraw = False
280.4130 	EXP 	LDT_stim_text: autoDraw = False
280.4130 	EXP 	LDT_break_text: autoDraw = False
280.4130 	EXP 	LDT_stim_text: height = np.float64(0.1)
280.4130 	EXP 	LDT_stim_text: height = np.float64(0.1)
280.4130 	EXP 	LDT_stim_text: height = np.float64(0.1)
280.4130 	EXP 	LDT_stim_text: text = 'lill'
280.4130 	EXP 	LDT_fix_text: autoDraw = True
280.4136 	DATA 	Keypress: a
280.5634 	EXP 	Device response: <KeyPress from None: t=280.3982202000002, value=a, duration=0.1598848999999518>
280.8968 	EXP 	LDT_stim_text: autoDraw = True
280.9052 	EXP 	LDT_fix_text: autoDraw = False
282.2318 	EXP 	Device response: <KeyPress from None: t=282.23056930000007, value=a, duration=None>
282.2321 	EXP 	New trial (rep=0, index=141): <Trial 141 (141 in rep 0) data={'Task': 'LDT', 'TrialType': 'Target', 'Stimuli': 'sad', 'StimulusType': 'word', 'CorrectResponse': 'l', 'Trialnumb': 69, 'thisN': 141, 'thisTrialN': 141, 'thisRepN': 0}>
282.2398 	EXP 	LDT_fix_text: autoDraw = False
282.2398 	EXP 	LDT_stim_text: autoDraw = False
282.2398 	EXP 	LDT_break_text: autoDraw = False
282.2398 	EXP 	LDT_stim_text: height = np.float64(0.1)
282.2398 	EXP 	LDT_stim_text: height = np.float64(0.1)
282.2398 	EXP 	LDT_stim_text: height = np.float64(0.1)
282.2398 	EXP 	LDT_stim_text: text = 'sad'
282.2398 	EXP 	LDT_fix_text: autoDraw = True
282.2404 	DATA 	Keypress: a
282.4153 	EXP 	Device response: <KeyPress from None: t=282.23056930000007, value=a, duration=0.18412000000012085>
282.7237 	EXP 	LDT_stim_text: autoDraw = True
282.7320 	EXP 	LDT_fix_text: autoDraw = False
284.0753 	EXP 	Device response: <KeyPress from None: t=284.07194330000016, value=l, duration=None>
284.0755 	EXP 	New trial (rep=0, index=142): <Trial 142 (142 in rep 0) data={'Task': 'LDT', 'TrialType': 'Target', 'Stimuli': 'daste', 'StimulusType': 'nonword', 'CorrectResponse': 'a', 'Trialnumb': 136, 'thisN': 142, 'thisTrialN': 142, 'thisRepN': 0}>
284.0833 	EXP 	LDT_fix_text: autoDraw = False
284.0833 	EXP 	LDT_stim_text: autoDraw = False
284.0833 	EXP 	LDT_break_text: autoDraw = False
284.0833 	EXP 	LDT_stim_text: height = np.float64(0.1)
284.0833 	EXP 	LDT_stim_text: height = np.float64(0.1)
284.0833 	EXP 	LDT_stim_text: height = np.float64(0.1)
284.0833 	EXP 	LDT_stim_text: text = 'daste'
284.0833 	EXP 	LDT_fix_text: autoDraw = True
284.0839 	DATA 	Keypress: l
284.1755 	EXP 	Device response: <KeyPress from None: t=284.07194330000016, value=l, duration=0.10220030000004954>
284.5672 	EXP 	LDT_stim_text: autoDraw = True
284.5755 	EXP 	LDT_fix_text: autoDraw = False
285.8687 	EXP 	Device response: <KeyPress from None: t=285.86234620000005, value=a, duration=None>
285.8690 	EXP 	New trial (rep=0, index=143): <Trial 143 (143 in rep 0) data={'Task': 'LDT', 'TrialType': 'Target', 'Stimuli': 'buy', 'StimulusType': 'word', 'CorrectResponse': 'l', 'Trialnumb': 25, 'thisN': 143, 'thisTrialN': 143, 'thisRepN': 0}>
285.8768 	EXP 	LDT_fix_text: autoDraw = False
285.8768 	EXP 	LDT_stim_text: autoDraw = False
285.8768 	EXP 	LDT_break_text: autoDraw = False
285.8768 	EXP 	LDT_stim_text: height = np.float64(0.1)
285.8768 	EXP 	LDT_stim_text: height = np.float64(0.1)
285.8768 	EXP 	LDT_stim_text: height = np.float64(0.1)
285.8768 	EXP 	LDT_stim_text: text = 'buy'
285.8768 	EXP 	LDT_fix_text: autoDraw = True
285.8773 	DATA 	Keypress: a
286.0523 	EXP 	Device response: <KeyPress from None: t=285.86234620000005, value=a, duration=0.18392480000011346>
286.3606 	EXP 	LDT_stim_text: autoDraw = True
286.3689 	EXP 	LDT_fix_text: autoDraw = False
287.4370 	EXP 	Device response: <KeyPress from None: t=287.43180000000007, value=l, duration=None>
287.4373 	EXP 	New trial (rep=0, index=144): <Trial 144 (144 in rep 0) data={'Task': 'LDT', 'TrialType': 'Target', 'Stimuli': 'rear', 'StimulusType': 'word', 'CorrectResponse': 'l', 'Trialnumb': 110, 'thisN': 144, 'thisTrialN': 144, 'thisRepN': 0}>
287.4451 	EXP 	LDT_fix_text: autoDraw = False
287.4451 	EXP 	LDT_stim_text: autoDraw = False
287.4451 	EXP 	LDT_break_text: autoDraw = False
287.4451 	EXP 	LDT_stim_text: height = np.float64(0.1)
287.4451 	EXP 	LDT_stim_text: height = np.float64(0.1)
287.4451 	EXP 	LDT_stim_text: height = np.float64(0.1)
287.4451 	EXP 	LDT_stim_text: text = 'rear'
287.4451 	EXP 	LDT_fix_text: autoDraw = True
287.4457 	DATA 	Keypress: l
287.5289 	EXP 	Device response: <KeyPress from None: t=287.43180000000007, value=l, duration=0.09466440000005605>
287.9288 	EXP 	LDT_stim_text: autoDraw = True
287.9372 	EXP 	LDT_fix_text: autoDraw = False
289.4307 	EXP 	Device response: <KeyPress from None: t=289.4223445, value=l, duration=None>
289.4309 	EXP 	New trial (rep=0, index=145): <Trial 145 (145 in rep 0) data={'Task': 'LDT', 'TrialType': 'Target', 'Stimuli': 'brone', 'StimulusType': 'nonword', 'CorrectResponse': 'a', 'Trialnumb': 125, 'thisN': 145, 'thisTrialN': 145, 'thisRepN': 0}>
289.4387 	EXP 	LDT_fix_text: autoDraw = False
289.4387 	EXP 	LDT_stim_text: autoDraw = False
289.4387 	EXP 	LDT_break_text: autoDraw = False
289.4387 	EXP 	LDT_stim_text: height = np.float64(0.1)
289.4387 	EXP 	LDT_stim_text: height = np.float64(0.1)
289.4387 	EXP 	LDT_stim_text: height = np.float64(0.1)
289.4387 	EXP 	LDT_stim_text: text = 'brone'
289.4387 	EXP 	LDT_fix_text: autoDraw = True
289.4391 	DATA 	Keypress: l
289.5807 	EXP 	Device response: <KeyPress from None: t=289.4223445, value=l, duration=0.15268120000018826>
289.9225 	EXP 	LDT_stim_text: autoDraw = True
289.9308 	EXP 	LDT_fix_text: autoDraw = False
290.6153 	EXP 	Device response: <KeyPress from None: t=290.6142748000002, value=l, duration=None>
290.6156 	EXP 	New trial (rep=0, index=146): <Trial 146 (146 in rep 0) data={'Task': 'LDT', 'TrialType': 'Target', 'Stimuli': 'high', 'StimulusType': 'word', 'CorrectResponse': 'l', 'Trialnumb': 16, 'thisN': 146, 'thisTrialN': 146, 'thisRepN': 0}>
290.6232 	EXP 	LDT_fix_text: autoDraw = False
290.6232 	EXP 	LDT_stim_text: autoDraw = False
290.6232 	EXP 	LDT_break_text: autoDraw = False
290.6232 	EXP 	LDT_stim_text: height = np.float64(0.1)
290.6232 	EXP 	LDT_stim_text: height = np.float64(0.1)
290.6232 	EXP 	LDT_stim_text: height = np.float64(0.1)
290.6232 	EXP 	LDT_stim_text: text = 'high'
290.6232 	EXP 	LDT_fix_text: autoDraw = True
290.6238 	DATA 	Keypress: l
290.7819 	EXP 	Device response: <KeyPress from None: t=290.6142748000002, value=l, duration=0.1603800999998839>
291.1070 	EXP 	LDT_stim_text: autoDraw = True
291.1153 	EXP 	LDT_fix_text: autoDraw = False
291.9832 	EXP 	Device response: <KeyPress from None: t=291.9824166000001, value=l, duration=None>
291.9835 	EXP 	New trial (rep=0, index=147): <Trial 147 (147 in rep 0) data={'Task': 'LDT', 'TrialType': 'Target', 'Stimuli': 'spum', 'StimulusType': 'nonword', 'CorrectResponse': 'a', 'Trialnumb': 198, 'thisN': 147, 'thisTrialN': 147, 'thisRepN': 0}>
291.9912 	EXP 	LDT_fix_text: autoDraw = False
291.9912 	EXP 	LDT_stim_text: autoDraw = False
291.9912 	EXP 	LDT_break_text: autoDraw = False
291.9912 	EXP 	LDT_stim_text: height = np.float64(0.1)
291.9912 	EXP 	LDT_stim_text: height = np.float64(0.1)
291.9912 	EXP 	LDT_stim_text: height = np.float64(0.1)
291.9912 	EXP 	LDT_stim_text: text = 'spum'
291.9912 	EXP 	LDT_fix_text: autoDraw = True
291.9918 	DATA 	Keypress: l
292.1417 	EXP 	Device response: <KeyPress from None: t=291.9824166000001, value=l, duration=0.15215220000004592>
292.4750 	EXP 	LDT_stim_text: autoDraw = True
292.4833 	EXP 	LDT_fix_text: autoDraw = False
293.6265 	EXP 	Device response: <KeyPress from None: t=293.6228970000002, value=a, duration=None>
293.6267 	EXP 	New trial (rep=0, index=148): <Trial 148 (148 in rep 0) data={'Task': 'LDT', 'TrialType': 'Target', 'Stimuli': 'unit', 'StimulusType': 'word', 'CorrectResponse': 'l', 'Trialnumb': 82, 'thisN': 148, 'thisTrialN': 148, 'thisRepN': 0}>
293.6345 	EXP 	LDT_fix_text: autoDraw = False
293.6345 	EXP 	LDT_stim_text: autoDraw = False
293.6345 	EXP 	LDT_break_text: autoDraw = False
293.6345 	EXP 	LDT_stim_text: height = np.float64(0.1)
293.6345 	EXP 	LDT_stim_text: height = np.float64(0.1)
293.6345 	EXP 	LDT_stim_text: height = np.float64(0.1)
293.6345 	EXP 	LDT_stim_text: text = 'unit'
293.6345 	EXP 	LDT_fix_text: autoDraw = True
293.6351 	DATA 	Keypress: a
293.7683 	EXP 	Device response: <KeyPress from None: t=293.6228970000002, value=a, duration=0.14405089999991105>
294.1183 	EXP 	LDT_stim_text: autoDraw = True
294.1267 	EXP 	LDT_fix_text: autoDraw = False
295.1780 	EXP 	Device response: <KeyPress from None: t=295.1746654000001, value=l, duration=None>
295.1783 	EXP 	New trial (rep=0, index=149): <Trial 149 (149 in rep 0) data={'Task': 'LDT', 'TrialType': 'Target', 'Stimuli': 'work', 'StimulusType': 'word', 'CorrectResponse': 'l', 'Trialnumb': 1, 'thisN': 149, 'thisTrialN': 149, 'thisRepN': 0}>
295.1860 	EXP 	LDT_fix_text: autoDraw = False
295.1860 	EXP 	LDT_stim_text: autoDraw = False
295.1860 	EXP 	LDT_break_text: autoDraw = False
295.1860 	EXP 	LDT_stim_text: height = np.float64(0.1)
295.1860 	EXP 	LDT_stim_text: height = np.float64(0.1)
295.1860 	EXP 	LDT_stim_text: height = np.float64(0.1)
295.1860 	EXP 	LDT_stim_text: text = 'work'
295.1860 	EXP 	LDT_fix_text: autoDraw = True
295.1865 	DATA 	Keypress: l
295.2947 	EXP 	Device response: <KeyPress from None: t=295.1746654000001, value=l, duration=0.11226450000003751>
295.6698 	EXP 	LDT_stim_text: autoDraw = True
295.6782 	EXP 	LDT_fix_text: autoDraw = False
296.6547 	EXP 	Device response: <KeyPress from None: t=296.6544336000002, value=l, duration=None>
296.6631 	EXP 	New trial (rep=0, index=150): <Trial 150 (150 in rep 0) data={'Task': 'LDT', 'TrialType': 'Target', 'Stimuli': 'stad', 'StimulusType': 'nonword', 'CorrectResponse': 'a', 'Trialnumb': 116, 'thisN': 150, 'thisTrialN': 150, 'thisRepN': 0}>
296.6645 	DATA 	Keypress: l
296.6709 	EXP 	LDT_fix_text: autoDraw = False
296.6709 	EXP 	LDT_stim_text: autoDraw = False
296.6709 	EXP 	LDT_break_text: autoDraw = False
296.6709 	EXP 	LDT_stim_text: height = np.float64(0.1)
296.6709 	EXP 	LDT_stim_text: height = np.float64(0.1)
296.6709 	EXP 	LDT_stim_text: height = np.float64(0.1)
296.6709 	EXP 	LDT_stim_text: text = 'stad'
296.6709 	EXP 	LDT_fix_text: autoDraw = True
296.7796 	EXP 	Device response: <KeyPress from None: t=296.6544336000002, value=l, duration=0.11984480000000985>
297.1547 	EXP 	LDT_stim_text: autoDraw = True
297.1630 	EXP 	LDT_fix_text: autoDraw = False
298.3562 	EXP 	Device response: <KeyPress from None: t=298.3508860000002, value=a, duration=None>
298.3565 	EXP 	New trial (rep=0, index=151): <Trial 151 (151 in rep 0) data={'Task': 'LDT', 'TrialType': 'Target', 'Stimuli': 'stop', 'StimulusType': 'word', 'CorrectResponse': 'l', 'Trialnumb': 44, 'thisN': 151, 'thisTrialN': 151, 'thisRepN': 0}>
298.3643 	EXP 	LDT_fix_text: autoDraw = False
298.3643 	EXP 	LDT_stim_text: autoDraw = False
298.3643 	EXP 	LDT_break_text: autoDraw = False
298.3643 	EXP 	LDT_stim_text: height = np.float64(0.1)
298.3643 	EXP 	LDT_stim_text: height = np.float64(0.1)
298.3643 	EXP 	LDT_stim_text: height = np.float64(0.1)
298.3643 	EXP 	LDT_stim_text: text = 'stop'
298.3643 	EXP 	LDT_fix_text: autoDraw = True
298.3649 	DATA 	Keypress: a
298.4897 	EXP 	Device response: <KeyPress from None: t=298.3508860000002, value=a, duration=0.13606740000000173>
298.8480 	EXP 	LDT_stim_text: autoDraw = True
298.8564 	EXP 	LDT_fix_text: autoDraw = False
299.7075 	EXP 	Device response: <KeyPress from None: t=299.70262320000006, value=l, duration=None>
299.7077 	EXP 	New trial (rep=0, index=152): <Trial 152 (152 in rep 0) data={'Task': 'LDT', 'TrialType': 'Target', 'Stimuli': 'pulk', 'StimulusType': 'nonword', 'CorrectResponse': 'a', 'Trialnumb': 183, 'thisN': 152, 'thisTrialN': 152, 'thisRepN': 0}>
299.7155 	EXP 	LDT_fix_text: autoDraw = False
299.7155 	EXP 	LDT_stim_text: autoDraw = False
299.7155 	EXP 	LDT_break_text: autoDraw = False
299.7155 	EXP 	LDT_stim_text: height = np.float64(0.1)
299.7155 	EXP 	LDT_stim_text: height = np.float64(0.1)
299.7155 	EXP 	LDT_stim_text: height = np.float64(0.1)
299.7155 	EXP 	LDT_stim_text: text = 'pulk'
299.7155 	EXP 	LDT_fix_text: autoDraw = True
299.7160 	DATA 	Keypress: l
299.8493 	EXP 	Device response: <KeyPress from None: t=299.70262320000006, value=l, duration=0.14526339999997617>
300.1994 	EXP 	LDT_stim_text: autoDraw = True
300.2077 	EXP 	LDT_fix_text: autoDraw = False
301.1339 	EXP 	Device response: <KeyPress from None: t=301.12654910000015, value=a, duration=None>
301.1342 	EXP 	New trial (rep=0, index=153): <Trial 153 (153 in rep 0) data={'Task': 'LDT', 'TrialType': 'Target', 'Stimuli': 'flow', 'StimulusType': 'word', 'CorrectResponse': 'l', 'Trialnumb': 108, 'thisN': 153, 'thisTrialN': 153, 'thisRepN': 0}>
301.1420 	EXP 	LDT_fix_text: autoDraw = False
301.1420 	EXP 	LDT_stim_text: autoDraw = False
301.1420 	EXP 	LDT_break_text: autoDraw = False
301.1420 	EXP 	LDT_stim_text: height = np.float64(0.1)
301.1420 	EXP 	LDT_stim_text: height = np.float64(0.1)
301.1420 	EXP 	LDT_stim_text: height = np.float64(0.1)
301.1420 	EXP 	LDT_stim_text: text = 'flow'
301.1420 	EXP 	LDT_fix_text: autoDraw = True
301.1425 	DATA 	Keypress: a
301.3007 	EXP 	Device response: <KeyPress from None: t=301.12654910000015, value=a, duration=0.16780810000000201>
301.6258 	EXP 	LDT_stim_text: autoDraw = True
301.6341 	EXP 	LDT_fix_text: autoDraw = False
302.3184 	EXP 	Device response: <KeyPress from None: t=302.3104072000001, value=l, duration=None>
302.3186 	EXP 	New trial (rep=0, index=154): <Trial 154 (154 in rep 0) data={'Task': 'LDT', 'TrialType': 'Target', 'Stimuli': 'toas', 'StimulusType': 'nonword', 'CorrectResponse': 'a', 'Trialnumb': 203, 'thisN': 154, 'thisTrialN': 154, 'thisRepN': 0}>
302.3265 	EXP 	LDT_fix_text: autoDraw = False
302.3265 	EXP 	LDT_stim_text: autoDraw = False
302.3265 	EXP 	LDT_break_text: autoDraw = False
302.3265 	EXP 	LDT_stim_text: height = np.float64(0.1)
302.3265 	EXP 	LDT_stim_text: height = np.float64(0.1)
302.3265 	EXP 	LDT_stim_text: height = np.float64(0.1)
302.3265 	EXP 	LDT_stim_text: text = 'toas'
302.3265 	EXP 	LDT_fix_text: autoDraw = True
302.3270 	DATA 	Keypress: l
302.4603 	EXP 	Device response: <KeyPress from None: t=302.3104072000001, value=l, duration=0.14422330000002148>
302.8103 	EXP 	LDT_stim_text: autoDraw = True
302.8186 	EXP 	LDT_fix_text: autoDraw = False
304.4205 	EXP 	Device response: <KeyPress from None: t=304.4140721000001, value=l, duration=None>
304.4208 	EXP 	New trial (rep=0, index=155): <Trial 155 (155 in rep 0) data={'Task': 'LDT', 'TrialType': 'Target', 'Stimuli': 'man', 'StimulusType': 'word', 'CorrectResponse': 'l', 'Trialnumb': 12, 'thisN': 155, 'thisTrialN': 155, 'thisRepN': 0}>
304.4286 	EXP 	LDT_fix_text: autoDraw = False
304.4286 	EXP 	LDT_stim_text: autoDraw = False
304.4286 	EXP 	LDT_break_text: autoDraw = False
304.4286 	EXP 	LDT_stim_text: height = np.float64(0.1)
304.4286 	EXP 	LDT_stim_text: height = np.float64(0.1)
304.4286 	EXP 	LDT_stim_text: height = np.float64(0.1)
304.4286 	EXP 	LDT_stim_text: text = 'man'
304.4286 	EXP 	LDT_fix_text: autoDraw = True
304.4292 	DATA 	Keypress: l
304.5123 	EXP 	Device response: <KeyPress from None: t=304.4140721000001, value=l, duration=0.09688669999991362>
304.9124 	EXP 	LDT_stim_text: autoDraw = True
304.9207 	EXP 	LDT_fix_text: autoDraw = False
306.0305 	EXP 	Device response: <KeyPress from None: t=306.0301572000001, value=l, duration=None>
306.0307 	EXP 	New trial (rep=0, index=156): <Trial 156 (156 in rep 0) data={'Task': 'LDT', 'TrialType': 'Target', 'Stimuli': 'back', 'StimulusType': 'word', 'CorrectResponse': 'l', 'Trialnumb': 8, 'thisN': 156, 'thisTrialN': 156, 'thisRepN': 0}>
306.0385 	EXP 	LDT_fix_text: autoDraw = False
306.0385 	EXP 	LDT_stim_text: autoDraw = False
306.0385 	EXP 	LDT_break_text: autoDraw = False
306.0385 	EXP 	LDT_stim_text: height = np.float64(0.1)
306.0385 	EXP 	LDT_stim_text: height = np.float64(0.1)
306.0385 	EXP 	LDT_stim_text: height = np.float64(0.1)
306.0385 	EXP 	LDT_stim_text: text = 'back'
306.0385 	EXP 	LDT_fix_text: autoDraw = True
306.0390 	DATA 	Keypress: l
306.1722 	EXP 	Device response: <KeyPress from None: t=306.0301572000001, value=l, duration=0.13610010000002148>
306.5223 	EXP 	LDT_stim_text: autoDraw = True
306.5306 	EXP 	LDT_fix_text: autoDraw = False
307.4152 	EXP 	Device response: <KeyPress from None: t=307.41425730000014, value=l, duration=None>
307.4154 	EXP 	New trial (rep=0, index=157): <Trial 157 (157 in rep 0) data={'Task': 'LDT', 'TrialType': 'Target', 'Stimuli': 'full', 'StimulusType': 'word', 'CorrectResponse': 'l', 'Trialnumb': 43, 'thisN': 157, 'thisTrialN': 157, 'thisRepN': 0}>
307.4232 	EXP 	LDT_fix_text: autoDraw = False
307.4232 	EXP 	LDT_stim_text: autoDraw = False
307.4232 	EXP 	LDT_break_text: autoDraw = False
307.4232 	EXP 	LDT_stim_text: height = np.float64(0.1)
307.4232 	EXP 	LDT_stim_text: height = np.float64(0.1)
307.4232 	EXP 	LDT_stim_text: height = np.float64(0.1)
307.4232 	EXP 	LDT_stim_text: text = 'full'
307.4232 	EXP 	LDT_fix_text: autoDraw = True
307.4238 	DATA 	Keypress: l
307.5737 	EXP 	Device response: <KeyPress from None: t=307.41425730000014, value=l, duration=0.1520405999999639>
307.9070 	EXP 	LDT_stim_text: autoDraw = True
307.9154 	EXP 	LDT_fix_text: autoDraw = False
308.8416 	EXP 	Device response: <KeyPress from None: t=308.83813250000003, value=l, duration=None>
308.8418 	EXP 	New trial (rep=0, index=158): <Trial 158 (158 in rep 0) data={'Task': 'LDT', 'TrialType': 'Target', 'Stimuli': 'job', 'StimulusType': 'word', 'CorrectResponse': 'l', 'Trialnumb': 26, 'thisN': 158, 'thisTrialN': 158, 'thisRepN': 0}>
308.8496 	EXP 	LDT_fix_text: autoDraw = False
308.8496 	EXP 	LDT_stim_text: autoDraw = False
308.8496 	EXP 	LDT_break_text: autoDraw = False
308.8496 	EXP 	LDT_stim_text: height = np.float64(0.1)
308.8496 	EXP 	LDT_stim_text: height = np.float64(0.1)
308.8496 	EXP 	LDT_stim_text: height = np.float64(0.1)
308.8496 	EXP 	LDT_stim_text: text = 'job'
308.8496 	EXP 	LDT_fix_text: autoDraw = True
308.8501 	DATA 	Keypress: l
308.9667 	EXP 	Device response: <KeyPress from None: t=308.83813250000003, value=l, duration=0.12022250000018175>
309.3334 	EXP 	LDT_stim_text: autoDraw = True
309.3418 	EXP 	LDT_fix_text: autoDraw = False
310.0261 	EXP 	Device response: <KeyPress from None: t=310.02322990000016, value=l, duration=None>
310.0264 	EXP 	New trial (rep=0, index=159): <Trial 159 (159 in rep 0) data={'Task': 'LDT', 'TrialType': 'Target', 'Stimuli': 'last', 'StimulusType': 'word', 'CorrectResponse': 'l', 'Trialnumb': 11, 'thisN': 159, 'thisTrialN': 159, 'thisRepN': 0}>
310.0341 	EXP 	LDT_fix_text: autoDraw = False
310.0341 	EXP 	LDT_stim_text: autoDraw = False
310.0341 	EXP 	LDT_break_text: autoDraw = False
310.0341 	EXP 	LDT_stim_text: height = np.float64(0.1)
310.0341 	EXP 	LDT_stim_text: height = np.float64(0.1)
310.0341 	EXP 	LDT_stim_text: height = np.float64(0.1)
310.0341 	EXP 	LDT_stim_text: text = 'last'
310.0341 	EXP 	LDT_fix_text: autoDraw = True
310.0347 	DATA 	Keypress: l
310.1429 	EXP 	Device response: <KeyPress from None: t=310.02322990000016, value=l, duration=0.11891509999986738>
310.5179 	EXP 	LDT_stim_text: autoDraw = True
310.5263 	EXP 	LDT_fix_text: autoDraw = False
311.3608 	EXP 	Device response: <KeyPress from None: t=311.3599796000001, value=l, duration=None>
311.3610 	EXP 	New trial (rep=0, index=160): <Trial 160 (160 in rep 0) data={'Task': 'LDT', 'TrialType': 'Target', 'Stimuli': 'haro', 'StimulusType': 'nonword', 'CorrectResponse': 'a', 'Trialnumb': 150, 'thisN': 160, 'thisTrialN': 160, 'thisRepN': 0}>
311.3688 	EXP 	LDT_fix_text: autoDraw = False
311.3688 	EXP 	LDT_stim_text: autoDraw = False
311.3688 	EXP 	LDT_break_text: autoDraw = False
311.3688 	EXP 	LDT_stim_text: height = np.float64(0.1)
311.3688 	EXP 	LDT_stim_text: height = np.float64(0.1)
311.3688 	EXP 	LDT_stim_text: height = np.float64(0.1)
311.3688 	EXP 	LDT_stim_text: text = 'haro'
311.3688 	EXP 	LDT_fix_text: autoDraw = True
311.3693 	DATA 	Keypress: l
311.5026 	EXP 	Device response: <KeyPress from None: t=311.3599796000001, value=l, duration=0.14204850000010083>
311.8526 	EXP 	LDT_stim_text: autoDraw = True
311.8609 	EXP 	LDT_fix_text: autoDraw = False
312.8873 	EXP 	Device response: <KeyPress from None: t=312.88651720000007, value=a, duration=None>
312.8876 	EXP 	New trial (rep=0, index=161): <Trial 161 (161 in rep 0) data={'Task': 'LDT', 'TrialType': 'Target', 'Stimuli': 'zall', 'StimulusType': 'nonword', 'CorrectResponse': 'a', 'Trialnumb': 221, 'thisN': 161, 'thisTrialN': 161, 'thisRepN': 0}>
312.8953 	EXP 	LDT_fix_text: autoDraw = False
312.8953 	EXP 	LDT_stim_text: autoDraw = False
312.8953 	EXP 	LDT_break_text: autoDraw = False
312.8953 	EXP 	LDT_stim_text: height = np.float64(0.1)
312.8953 	EXP 	LDT_stim_text: height = np.float64(0.1)
312.8953 	EXP 	LDT_stim_text: height = np.float64(0.1)
312.8953 	EXP 	LDT_stim_text: text = 'zall'
312.8953 	EXP 	LDT_fix_text: autoDraw = True
312.8958 	DATA 	Keypress: a
313.0374 	EXP 	Device response: <KeyPress from None: t=312.88651720000007, value=a, duration=0.14434430000005705>
313.3791 	EXP 	LDT_stim_text: autoDraw = True
313.3875 	EXP 	LDT_fix_text: autoDraw = False
314.1385 	EXP 	Device response: <KeyPress from None: t=314.1349004000001, value=a, duration=None>
314.1388 	EXP 	New trial (rep=0, index=162): <Trial 162 (162 in rep 0) data={'Task': 'LDT', 'TrialType': 'Target', 'Stimuli': 'side', 'StimulusType': 'word', 'CorrectResponse': 'l', 'Trialnumb': 48, 'thisN': 162, 'thisTrialN': 162, 'thisRepN': 0}>
314.1465 	EXP 	LDT_fix_text: autoDraw = False
314.1465 	EXP 	LDT_stim_text: autoDraw = False
314.1465 	EXP 	LDT_break_text: autoDraw = False
314.1465 	EXP 	LDT_stim_text: height = np.float64(0.1)
314.1465 	EXP 	LDT_stim_text: height = np.float64(0.1)
314.1465 	EXP 	LDT_stim_text: height = np.float64(0.1)
314.1465 	EXP 	LDT_stim_text: text = 'side'
314.1465 	EXP 	LDT_fix_text: autoDraw = True
314.1470 	DATA 	Keypress: a
314.2887 	EXP 	Device response: <KeyPress from None: t=314.1349004000001, value=a, duration=0.15110550000008516>
314.6304 	EXP 	LDT_stim_text: autoDraw = True
314.6387 	EXP 	LDT_fix_text: autoDraw = False
315.2064 	EXP 	Device response: <KeyPress from None: t=315.2062294000002, value=l, duration=None>
315.2149 	EXP 	New trial (rep=0, index=163): <Trial 163 (163 in rep 0) data={'Task': 'LDT', 'TrialType': 'Target', 'Stimuli': 'gord', 'StimulusType': 'nonword', 'CorrectResponse': 'a', 'Trialnumb': 148, 'thisN': 163, 'thisTrialN': 163, 'thisRepN': 0}>
315.2162 	DATA 	Keypress: l
315.2227 	EXP 	LDT_fix_text: autoDraw = False
315.2227 	EXP 	LDT_stim_text: autoDraw = False
315.2227 	EXP 	LDT_break_text: autoDraw = False
315.2227 	EXP 	LDT_stim_text: height = np.float64(0.1)
315.2227 	EXP 	LDT_stim_text: height = np.float64(0.1)
315.2227 	EXP 	LDT_stim_text: height = np.float64(0.1)
315.2227 	EXP 	LDT_stim_text: text = 'gord'
315.2227 	EXP 	LDT_fix_text: autoDraw = True
315.3732 	EXP 	Device response: <KeyPress from None: t=315.2062294000002, value=l, duration=0.16007669999999052>
315.7064 	EXP 	LDT_stim_text: autoDraw = True
315.7148 	EXP 	LDT_fix_text: autoDraw = False
316.7913 	EXP 	Device response: <KeyPress from None: t=316.7907421000002, value=a, duration=None>
316.7915 	EXP 	New trial (rep=0, index=164): <Trial 164 (164 in rep 0) data={'Task': 'LDT', 'TrialType': 'Target', 'Stimuli': 'hold', 'StimulusType': 'word', 'CorrectResponse': 'l', 'Trialnumb': 54, 'thisN': 164, 'thisTrialN': 164, 'thisRepN': 0}>
316.7992 	EXP 	LDT_fix_text: autoDraw = False
316.7992 	EXP 	LDT_stim_text: autoDraw = False
316.7992 	EXP 	LDT_break_text: autoDraw = False
316.7992 	EXP 	LDT_stim_text: height = np.float64(0.1)
316.7992 	EXP 	LDT_stim_text: height = np.float64(0.1)
316.7992 	EXP 	LDT_stim_text: height = np.float64(0.1)
316.7992 	EXP 	LDT_stim_text: text = 'hold'
316.7992 	EXP 	LDT_fix_text: autoDraw = True
316.7998 	DATA 	Keypress: a
316.9748 	EXP 	Device response: <KeyPress from None: t=316.7907421000002, value=a, duration=0.17640369999980976>
317.2830 	EXP 	LDT_stim_text: autoDraw = True
317.2914 	EXP 	LDT_fix_text: autoDraw = False
317.9339 	EXP 	Device response: <KeyPress from None: t=317.9265855000001, value=l, duration=None>
317.9341 	EXP 	New trial (rep=0, index=165): <Trial 165 (165 in rep 0) data={'Task': 'LDT', 'TrialType': 'Target', 'Stimuli': 'feek', 'StimulusType': 'nonword', 'CorrectResponse': 'a', 'Trialnumb': 139, 'thisN': 165, 'thisTrialN': 165, 'thisRepN': 0}>
317.9421 	EXP 	LDT_fix_text: autoDraw = False
317.9421 	EXP 	LDT_stim_text: autoDraw = False
317.9421 	EXP 	LDT_break_text: autoDraw = False
317.9421 	EXP 	LDT_stim_text: height = np.float64(0.1)
317.9421 	EXP 	LDT_stim_text: height = np.float64(0.1)
317.9421 	EXP 	LDT_stim_text: height = np.float64(0.1)
317.9421 	EXP 	LDT_stim_text: text = 'feek'
317.9421 	EXP 	LDT_fix_text: autoDraw = True
317.9426 	DATA 	Keypress: l
318.0674 	EXP 	Device response: <KeyPress from None: t=317.9265855000001, value=l, duration=0.1358216999999513>
318.4258 	EXP 	LDT_stim_text: autoDraw = True
318.4342 	EXP 	LDT_fix_text: autoDraw = False
319.3270 	EXP 	Device response: <KeyPress from None: t=319.3260527000002, value=a, duration=None>
319.3272 	EXP 	New trial (rep=0, index=166): <Trial 166 (166 in rep 0) data={'Task': 'LDT', 'TrialType': 'Target', 'Stimuli': 'jight', 'StimulusType': 'nonword', 'CorrectResponse': 'a', 'Trialnumb': 159, 'thisN': 166, 'thisTrialN': 166, 'thisRepN': 0}>
319.3350 	EXP 	LDT_fix_text: autoDraw = False
319.3350 	EXP 	LDT_stim_text: autoDraw = False
319.3350 	EXP 	LDT_break_text: autoDraw = False
319.3350 	EXP 	LDT_stim_text: height = np.float64(0.1)
319.3350 	EXP 	LDT_stim_text: height = np.float64(0.1)
319.3350 	EXP 	LDT_stim_text: height = np.float64(0.1)
319.3350 	EXP 	LDT_stim_text: text = 'jight'
319.3350 	EXP 	LDT_fix_text: autoDraw = True
319.3355 	DATA 	Keypress: a
319.5105 	EXP 	Device response: <KeyPress from None: t=319.3260527000002, value=a, duration=0.17608869999980925>
319.8188 	EXP 	LDT_stim_text: autoDraw = True
319.8272 	EXP 	LDT_fix_text: autoDraw = False
320.7951 	EXP 	Device response: <KeyPress from None: t=320.79079980000006, value=a, duration=None>
320.7953 	EXP 	New trial (rep=0, index=167): <Trial 167 (167 in rep 0) data={'Task': 'LDT', 'TrialType': 'Target', 'Stimuli': 'host', 'StimulusType': 'word', 'CorrectResponse': 'l', 'Trialnumb': 106, 'thisN': 167, 'thisTrialN': 167, 'thisRepN': 0}>
320.8032 	EXP 	LDT_fix_text: autoDraw = False
320.8032 	EXP 	LDT_stim_text: autoDraw = False
320.8032 	EXP 	LDT_break_text: autoDraw = False
320.8032 	EXP 	LDT_stim_text: height = np.float64(0.1)
320.8032 	EXP 	LDT_stim_text: height = np.float64(0.1)
320.8032 	EXP 	LDT_stim_text: height = np.float64(0.1)
320.8032 	EXP 	LDT_stim_text: text = 'host'
320.8032 	EXP 	LDT_fix_text: autoDraw = True
320.8038 	DATA 	Keypress: a
320.9786 	EXP 	Device response: <KeyPress from None: t=320.79079980000006, value=a, duration=0.18427889999998115>
321.2870 	EXP 	LDT_stim_text: autoDraw = True
321.2953 	EXP 	LDT_fix_text: autoDraw = False
322.5469 	EXP 	Device response: <KeyPress from None: t=322.543578, value=l, duration=None>
322.5472 	EXP 	New trial (rep=0, index=168): <Trial 168 (168 in rep 0) data={'Task': 'LDT', 'TrialType': 'Target', 'Stimuli': 'left', 'StimulusType': 'word', 'CorrectResponse': 'l', 'Trialnumb': 27, 'thisN': 168, 'thisTrialN': 168, 'thisRepN': 0}>
322.5549 	EXP 	LDT_fix_text: autoDraw = False
322.5549 	EXP 	LDT_stim_text: autoDraw = False
322.5549 	EXP 	LDT_break_text: autoDraw = False
322.5549 	EXP 	LDT_stim_text: height = np.float64(0.1)
322.5549 	EXP 	LDT_stim_text: height = np.float64(0.1)
322.5549 	EXP 	LDT_stim_text: height = np.float64(0.1)
322.5549 	EXP 	LDT_stim_text: text = 'left'
322.5549 	EXP 	LDT_fix_text: autoDraw = True
322.5555 	DATA 	Keypress: l
322.6720 	EXP 	Device response: <KeyPress from None: t=322.543578, value=l, duration=0.1266720000000987>
323.0387 	EXP 	LDT_stim_text: autoDraw = True
323.0471 	EXP 	LDT_fix_text: autoDraw = False
323.7398 	EXP 	Device response: <KeyPress from None: t=323.73468460000004, value=l, duration=None>
323.7401 	EXP 	New trial (rep=0, index=169): <Trial 169 (169 in rep 0) data={'Task': 'LDT', 'TrialType': 'Target', 'Stimuli': 'spy', 'StimulusType': 'word', 'CorrectResponse': 'l', 'Trialnumb': 99, 'thisN': 169, 'thisTrialN': 169, 'thisRepN': 0}>
323.7478 	EXP 	LDT_fix_text: autoDraw = False
323.7478 	EXP 	LDT_stim_text: autoDraw = False
323.7478 	EXP 	LDT_break_text: autoDraw = False
323.7478 	EXP 	LDT_stim_text: height = np.float64(0.1)
323.7478 	EXP 	LDT_stim_text: height = np.float64(0.1)
323.7478 	EXP 	LDT_stim_text: height = np.float64(0.1)
323.7478 	EXP 	LDT_stim_text: text = 'spy'
323.7478 	EXP 	LDT_fix_text: autoDraw = True
323.7482 	DATA 	Keypress: l
323.8732 	EXP 	Device response: <KeyPress from None: t=323.73468460000004, value=l, duration=0.135701200000085>
324.2316 	EXP 	LDT_stim_text: autoDraw = True
324.2400 	EXP 	LDT_fix_text: autoDraw = False
325.1244 	EXP 	Device response: <KeyPress from None: t=325.11863770000014, value=l, duration=None>
325.1246 	EXP 	New trial (rep=0, index=170): <Trial 170 (170 in rep 0) data={'Task': 'LDT', 'TrialType': 'Target', 'Stimuli': 'mina', 'StimulusType': 'nonword', 'CorrectResponse': 'a', 'Trialnumb': 173, 'thisN': 170, 'thisTrialN': 170, 'thisRepN': 0}>
325.1326 	EXP 	LDT_fix_text: autoDraw = False
325.1326 	EXP 	LDT_stim_text: autoDraw = False
325.1326 	EXP 	LDT_break_text: autoDraw = False
325.1326 	EXP 	LDT_stim_text: height = np.float64(0.1)
325.1326 	EXP 	LDT_stim_text: height = np.float64(0.1)
325.1326 	EXP 	LDT_stim_text: height = np.float64(0.1)
325.1326 	EXP 	LDT_stim_text: text = 'mina'
325.1326 	EXP 	LDT_fix_text: autoDraw = True
325.1332 	DATA 	Keypress: l
325.2162 	EXP 	Device response: <KeyPress from None: t=325.11863770000014, value=l, duration=0.09576240000001235>
325.6163 	EXP 	LDT_stim_text: autoDraw = True
325.6246 	EXP 	LDT_fix_text: autoDraw = False
327.6938 	EXP 	Device response: <KeyPress from None: t=327.6860965000001, value=l, duration=None>
327.6940 	EXP 	New trial (rep=0, index=171): <Trial 171 (171 in rep 0) data={'Task': 'LDT', 'TrialType': 'Target', 'Stimuli': 'chase', 'StimulusType': 'word', 'CorrectResponse': 'l', 'Trialnumb': 86, 'thisN': 171, 'thisTrialN': 171, 'thisRepN': 0}>
327.7017 	EXP 	LDT_fix_text: autoDraw = False
327.7017 	EXP 	LDT_stim_text: autoDraw = False
327.7017 	EXP 	LDT_break_text: autoDraw = False
327.7017 	EXP 	LDT_stim_text: height = np.float64(0.1)
327.7017 	EXP 	LDT_stim_text: height = np.float64(0.1)
327.7017 	EXP 	LDT_stim_text: height = np.float64(0.1)
327.7017 	EXP 	LDT_stim_text: text = 'chase'
327.7017 	EXP 	LDT_fix_text: autoDraw = True
327.7023 	DATA 	Keypress: l
327.8105 	EXP 	Device response: <KeyPress from None: t=327.6860965000001, value=l, duration=0.12033309999992525>
328.1855 	EXP 	LDT_stim_text: autoDraw = True
328.1939 	EXP 	LDT_fix_text: autoDraw = False
328.8365 	EXP 	Device response: <KeyPress from None: t=328.83047780000015, value=l, duration=None>
328.8368 	EXP 	New trial (rep=0, index=172): <Trial 172 (172 in rep 0) data={'Task': 'LDT', 'TrialType': 'Target', 'Stimuli': 'set', 'StimulusType': 'word', 'CorrectResponse': 'l', 'Trialnumb': 36, 'thisN': 172, 'thisTrialN': 172, 'thisRepN': 0}>
328.8446 	EXP 	LDT_fix_text: autoDraw = False
328.8446 	EXP 	LDT_stim_text: autoDraw = False
328.8446 	EXP 	LDT_break_text: autoDraw = False
328.8446 	EXP 	LDT_stim_text: height = np.float64(0.1)
328.8446 	EXP 	LDT_stim_text: height = np.float64(0.1)
328.8446 	EXP 	LDT_stim_text: height = np.float64(0.1)
328.8446 	EXP 	LDT_stim_text: text = 'set'
328.8446 	EXP 	LDT_fix_text: autoDraw = True
328.8451 	DATA 	Keypress: l
328.9615 	EXP 	Device response: <KeyPress from None: t=328.83047780000015, value=l, duration=0.12763300000005984>
329.3283 	EXP 	LDT_stim_text: autoDraw = True
329.3367 	EXP 	LDT_fix_text: autoDraw = False
329.9293 	EXP 	Device response: <KeyPress from None: t=329.9267184, value=l, duration=None>
329.9295 	EXP 	New trial (rep=0, index=173): <Trial 173 (173 in rep 0) data={'Task': 'LDT', 'TrialType': 'Target', 'Stimuli': 'party', 'StimulusType': 'word', 'CorrectResponse': 'l', 'Trialnumb': 59, 'thisN': 173, 'thisTrialN': 173, 'thisRepN': 0}>
329.9373 	EXP 	LDT_fix_text: autoDraw = False
329.9373 	EXP 	LDT_stim_text: autoDraw = False
329.9373 	EXP 	LDT_break_text: autoDraw = False
329.9373 	EXP 	LDT_stim_text: height = np.float64(0.1)
329.9373 	EXP 	LDT_stim_text: height = np.float64(0.1)
329.9373 	EXP 	LDT_stim_text: height = np.float64(0.1)
329.9373 	EXP 	LDT_stim_text: text = 'party'
329.9373 	EXP 	LDT_fix_text: autoDraw = True
329.9379 	DATA 	Keypress: l
330.0543 	EXP 	Device response: <KeyPress from None: t=329.9267184, value=l, duration=0.11928020000004835>
330.4211 	EXP 	LDT_stim_text: autoDraw = True
330.4294 	EXP 	LDT_fix_text: autoDraw = False
331.0888 	EXP 	Device response: <KeyPress from None: t=331.08034650000013, value=l, duration=None>
331.0892 	EXP 	New trial (rep=0, index=174): <Trial 174 (174 in rep 0) data={'Task': 'LDT', 'TrialType': 'Target', 'Stimuli': 'gied', 'StimulusType': 'nonword', 'CorrectResponse': 'a', 'Trialnumb': 146, 'thisN': 174, 'thisTrialN': 174, 'thisRepN': 0}>
331.0968 	EXP 	LDT_fix_text: autoDraw = False
331.0968 	EXP 	LDT_stim_text: autoDraw = False
331.0968 	EXP 	LDT_break_text: autoDraw = False
331.0968 	EXP 	LDT_stim_text: height = np.float64(0.1)
331.0968 	EXP 	LDT_stim_text: height = np.float64(0.1)
331.0968 	EXP 	LDT_stim_text: height = np.float64(0.1)
331.0968 	EXP 	LDT_stim_text: text = 'gied'
331.0968 	EXP 	LDT_fix_text: autoDraw = True
331.0972 	DATA 	Keypress: l
331.2388 	EXP 	Device response: <KeyPress from None: t=331.08034650000013, value=l, duration=0.1507050000000163>
331.5806 	EXP 	LDT_stim_text: autoDraw = True
331.5889 	EXP 	LDT_fix_text: autoDraw = False
332.4233 	EXP 	Device response: <KeyPress from None: t=332.4154596000001, value=a, duration=None>
332.4235 	EXP 	New trial (rep=0, index=175): <Trial 175 (175 in rep 0) data={'Task': 'LDT', 'TrialType': 'Target', 'Stimuli': 'boom', 'StimulusType': 'word', 'CorrectResponse': 'l', 'Trialnumb': 96, 'thisN': 175, 'thisTrialN': 175, 'thisRepN': 0}>
332.4315 	EXP 	LDT_fix_text: autoDraw = False
332.4315 	EXP 	LDT_stim_text: autoDraw = False
332.4315 	EXP 	LDT_break_text: autoDraw = False
332.4315 	EXP 	LDT_stim_text: height = np.float64(0.1)
332.4315 	EXP 	LDT_stim_text: height = np.float64(0.1)
332.4315 	EXP 	LDT_stim_text: height = np.float64(0.1)
332.4315 	EXP 	LDT_stim_text: text = 'boom'
332.4315 	EXP 	LDT_fix_text: autoDraw = True
332.4320 	DATA 	Keypress: a
332.5818 	EXP 	Device response: <KeyPress from None: t=332.4154596000001, value=a, duration=0.15852730000005977>
332.9152 	EXP 	LDT_stim_text: autoDraw = True
332.9236 	EXP 	LDT_fix_text: autoDraw = False
333.7246 	EXP 	Device response: <KeyPress from None: t=333.71842000000015, value=l, duration=None>
333.7248 	EXP 	New trial (rep=0, index=176): <Trial 176 (176 in rep 0) data={'Task': 'LDT', 'TrialType': 'Target', 'Stimuli': 'area', 'StimulusType': 'word', 'CorrectResponse': 'l', 'Trialnumb': 49, 'thisN': 176, 'thisTrialN': 176, 'thisRepN': 0}>
333.7329 	EXP 	LDT_fix_text: autoDraw = False
333.7329 	EXP 	LDT_stim_text: autoDraw = False
333.7329 	EXP 	LDT_break_text: autoDraw = False
333.7329 	EXP 	LDT_stim_text: height = np.float64(0.1)
333.7329 	EXP 	LDT_stim_text: height = np.float64(0.1)
333.7329 	EXP 	LDT_stim_text: height = np.float64(0.1)
333.7329 	EXP 	LDT_stim_text: text = 'area'
333.7329 	EXP 	LDT_fix_text: autoDraw = True
333.7333 	DATA 	Keypress: l
333.8666 	EXP 	Device response: <KeyPress from None: t=333.71842000000015, value=l, duration=0.14427290000003268>
334.2165 	EXP 	LDT_stim_text: autoDraw = True
334.2248 	EXP 	LDT_fix_text: autoDraw = False
335.3347 	EXP 	Device response: <KeyPress from None: t=335.3262380000001, value=l, duration=None>
335.3349 	EXP 	New trial (rep=0, index=177): <Trial 177 (177 in rep 0) data={'Task': 'LDT', 'TrialType': 'Target', 'Stimuli': 'sish', 'StimulusType': 'nonword', 'CorrectResponse': 'a', 'Trialnumb': 193, 'thisN': 177, 'thisTrialN': 177, 'thisRepN': 0}>
335.3362 	DATA 	Keypress: l
335.3426 	EXP 	LDT_fix_text: autoDraw = False
335.3426 	EXP 	LDT_stim_text: autoDraw = False
335.3426 	EXP 	LDT_break_text: autoDraw = False
335.3426 	EXP 	LDT_stim_text: height = np.float64(0.1)
335.3426 	EXP 	LDT_stim_text: height = np.float64(0.1)
335.3426 	EXP 	LDT_stim_text: height = np.float64(0.1)
335.3426 	EXP 	LDT_stim_text: text = 'sish'
335.3426 	EXP 	LDT_fix_text: autoDraw = True
335.4263 	EXP 	Device response: <KeyPress from None: t=335.3262380000001, value=l, duration=0.09723979999989751>
335.8264 	EXP 	LDT_stim_text: autoDraw = True
335.8348 	EXP 	LDT_fix_text: autoDraw = False
337.2197 	EXP 	Device response: <KeyPress from None: t=337.21422270000016, value=a, duration=None>
337.2200 	EXP 	New trial (rep=0, index=178): <Trial 178 (178 in rep 0) data={'Task': 'LDT', 'TrialType': 'Target', 'Stimuli': 'half', 'StimulusType': 'word', 'CorrectResponse': 'l', 'Trialnumb': 51, 'thisN': 178, 'thisTrialN': 178, 'thisRepN': 0}>
337.2278 	EXP 	LDT_fix_text: autoDraw = False
337.2278 	EXP 	LDT_stim_text: autoDraw = False
337.2278 	EXP 	LDT_break_text: autoDraw = False
337.2278 	EXP 	LDT_stim_text: height = np.float64(0.1)
337.2278 	EXP 	LDT_stim_text: height = np.float64(0.1)
337.2278 	EXP 	LDT_stim_text: height = np.float64(0.1)
337.2278 	EXP 	LDT_stim_text: text = 'half'
337.2278 	EXP 	LDT_fix_text: autoDraw = True
337.2283 	DATA 	Keypress: a
337.3866 	EXP 	Device response: <KeyPress from None: t=337.21422270000016, value=a, duration=0.16817909999986114>
337.7116 	EXP 	LDT_stim_text: autoDraw = True
337.7200 	EXP 	LDT_fix_text: autoDraw = False
338.4712 	EXP 	Device response: <KeyPress from None: t=338.4705815000002, value=l, duration=None>
338.4714 	EXP 	New trial (rep=0, index=179): <Trial 179 (179 in rep 0) data={'Task': 'LDT', 'TrialType': 'Target', 'Stimuli': 'show', 'StimulusType': 'word', 'CorrectResponse': 'l', 'Trialnumb': 21, 'thisN': 179, 'thisTrialN': 179, 'thisRepN': 0}>
338.4791 	EXP 	LDT_fix_text: autoDraw = False
338.4791 	EXP 	LDT_stim_text: autoDraw = False
338.4791 	EXP 	LDT_break_text: autoDraw = False
338.4791 	EXP 	LDT_stim_text: height = np.float64(0.1)
338.4791 	EXP 	LDT_stim_text: height = np.float64(0.1)
338.4791 	EXP 	LDT_stim_text: height = np.float64(0.1)
338.4791 	EXP 	LDT_stim_text: text = 'show'
338.4791 	EXP 	LDT_fix_text: autoDraw = True
338.4797 	DATA 	Keypress: l
338.5795 	EXP 	Device response: <KeyPress from None: t=338.4705815000002, value=l, duration=0.10387289999994209>
338.9629 	EXP 	LDT_stim_text: autoDraw = True
338.9712 	EXP 	LDT_fix_text: autoDraw = False
339.6055 	EXP 	Device response: <KeyPress from None: t=339.5985005, value=l, duration=None>
339.6058 	EXP 	New trial (rep=0, index=180): <Trial 180 (180 in rep 0) data={'Task': 'LDT', 'TrialType': 'Target', 'Stimuli': 'cean', 'StimulusType': 'nonword', 'CorrectResponse': 'a', 'Trialnumb': 126, 'thisN': 180, 'thisTrialN': 180, 'thisRepN': 0}>
339.6137 	EXP 	LDT_fix_text: autoDraw = False
339.6137 	EXP 	LDT_stim_text: autoDraw = False
339.6137 	EXP 	LDT_break_text: autoDraw = False
339.6137 	EXP 	LDT_stim_text: height = np.float64(0.1)
339.6137 	EXP 	LDT_stim_text: height = np.float64(0.1)
339.6137 	EXP 	LDT_stim_text: height = np.float64(0.1)
339.6137 	EXP 	LDT_stim_text: text = 'cean'
339.6137 	EXP 	LDT_fix_text: autoDraw = True
339.6142 	DATA 	Keypress: l
339.7390 	EXP 	Device response: <KeyPress from None: t=339.5985005, value=l, duration=0.13680630000021665>
340.0973 	EXP 	LDT_stim_text: autoDraw = True
340.1057 	EXP 	LDT_fix_text: autoDraw = False
341.5574 	EXP 	Device response: <KeyPress from None: t=341.5506679, value=a, duration=None>
341.5577 	EXP 	New trial (rep=0, index=181): <Trial 181 (181 in rep 0) data={'Task': 'LDT', 'TrialType': 'Target', 'Stimuli': 'borm', 'StimulusType': 'nonword', 'CorrectResponse': 'a', 'Trialnumb': 124, 'thisN': 181, 'thisTrialN': 181, 'thisRepN': 0}>
341.5655 	EXP 	LDT_fix_text: autoDraw = False
341.5655 	EXP 	LDT_stim_text: autoDraw = False
341.5655 	EXP 	LDT_break_text: autoDraw = False
341.5655 	EXP 	LDT_stim_text: height = np.float64(0.1)
341.5655 	EXP 	LDT_stim_text: height = np.float64(0.1)
341.5655 	EXP 	LDT_stim_text: height = np.float64(0.1)
341.5655 	EXP 	LDT_stim_text: text = 'borm'
341.5655 	EXP 	LDT_fix_text: autoDraw = True
341.5660 	DATA 	Keypress: a
341.7159 	EXP 	Device response: <KeyPress from None: t=341.5506679, value=a, duration=0.15940200000000004>
342.0493 	EXP 	LDT_stim_text: autoDraw = True
342.0576 	EXP 	LDT_fix_text: autoDraw = False
343.4510 	EXP 	Device response: <KeyPress from None: t=343.4464997, value=a, duration=None>
343.4513 	EXP 	New trial (rep=0, index=182): <Trial 182 (182 in rep 0) data={'Task': 'LDT', 'TrialType': 'Target', 'Stimuli': 'fere', 'StimulusType': 'nonword', 'CorrectResponse': 'a', 'Trialnumb': 140, 'thisN': 182, 'thisTrialN': 182, 'thisRepN': 0}>
343.4591 	EXP 	LDT_fix_text: autoDraw = False
343.4591 	EXP 	LDT_stim_text: autoDraw = False
343.4591 	EXP 	LDT_break_text: autoDraw = False
343.4591 	EXP 	LDT_stim_text: height = np.float64(0.1)
343.4591 	EXP 	LDT_stim_text: height = np.float64(0.1)
343.4591 	EXP 	LDT_stim_text: height = np.float64(0.1)
343.4591 	EXP 	LDT_stim_text: text = 'fere'
343.4591 	EXP 	LDT_fix_text: autoDraw = True
343.4597 	DATA 	Keypress: a
343.6262 	EXP 	Device response: <KeyPress from None: t=343.4464997, value=a, duration=0.17706300000008923>
343.9428 	EXP 	LDT_stim_text: autoDraw = True
343.9512 	EXP 	LDT_fix_text: autoDraw = False
345.6866 	EXP 	Device response: <KeyPress from None: t=345.6863942000002, value=a, duration=None>
345.6869 	EXP 	New trial (rep=0, index=183): <Trial 183 (183 in rep 0) data={'Task': 'LDT', 'TrialType': 'Target', 'Stimuli': 'trip', 'StimulusType': 'word', 'CorrectResponse': 'l', 'Trialnumb': 35, 'thisN': 183, 'thisTrialN': 183, 'thisRepN': 0}>
345.6947 	EXP 	LDT_fix_text: autoDraw = False
345.6947 	EXP 	LDT_stim_text: autoDraw = False
345.6947 	EXP 	LDT_break_text: autoDraw = False
345.6947 	EXP 	LDT_stim_text: height = np.float64(0.1)
345.6947 	EXP 	LDT_stim_text: height = np.float64(0.1)
345.6947 	EXP 	LDT_stim_text: height = np.float64(0.1)
345.6947 	EXP 	LDT_stim_text: text = 'trip'
345.6947 	EXP 	LDT_fix_text: autoDraw = True
345.6952 	DATA 	Keypress: a
345.8533 	EXP 	Device response: <KeyPress from None: t=345.6863942000002, value=a, duration=0.1602661999997963>
346.1784 	EXP 	LDT_stim_text: autoDraw = True
346.1867 	EXP 	LDT_fix_text: autoDraw = False
346.8794 	EXP 	Device response: <KeyPress from None: t=346.8710543000002, value=l, duration=None>
346.8796 	EXP 	New trial (rep=0, index=184): <Trial 184 (184 in rep 0) data={'Task': 'LDT', 'TrialType': 'Target', 'Stimuli': 'pick', 'StimulusType': 'word', 'CorrectResponse': 'l', 'Trialnumb': 58, 'thisN': 184, 'thisTrialN': 184, 'thisRepN': 0}>
346.8809 	DATA 	Keypress: l
346.8875 	EXP 	LDT_fix_text: autoDraw = False
346.8875 	EXP 	LDT_stim_text: autoDraw = False
346.8875 	EXP 	LDT_break_text: autoDraw = False
346.8875 	EXP 	LDT_stim_text: height = np.float64(0.1)
346.8875 	EXP 	LDT_stim_text: height = np.float64(0.1)
346.8875 	EXP 	LDT_stim_text: height = np.float64(0.1)
346.8875 	EXP 	LDT_stim_text: text = 'pick'
346.8875 	EXP 	LDT_fix_text: autoDraw = True
347.0128 	EXP 	Device response: <KeyPress from None: t=346.8710543000002, value=l, duration=0.13551779999988867>
347.3712 	EXP 	LDT_stim_text: autoDraw = True
347.3796 	EXP 	LDT_fix_text: autoDraw = False
348.3141 	EXP 	Device response: <KeyPress from None: t=348.3102629000002, value=l, duration=None>
348.3144 	EXP 	New trial (rep=0, index=185): <Trial 185 (185 in rep 0) data={'Task': 'LDT', 'TrialType': 'Target', 'Stimuli': 'cast', 'StimulusType': 'word', 'CorrectResponse': 'l', 'Trialnumb': 95, 'thisN': 185, 'thisTrialN': 185, 'thisRepN': 0}>
348.3222 	EXP 	LDT_fix_text: autoDraw = False
348.3222 	EXP 	LDT_stim_text: autoDraw = False
348.3222 	EXP 	LDT_break_text: autoDraw = False
348.3222 	EXP 	LDT_stim_text: height = np.float64(0.1)
348.3222 	EXP 	LDT_stim_text: height = np.float64(0.1)
348.3222 	EXP 	LDT_stim_text: height = np.float64(0.1)
348.3222 	EXP 	LDT_stim_text: text = 'cast'
348.3222 	EXP 	LDT_fix_text: autoDraw = True
348.3228 	DATA 	Keypress: l
348.4226 	EXP 	Device response: <KeyPress from None: t=348.3102629000002, value=l, duration=0.10443079999981819>
348.8060 	EXP 	LDT_stim_text: autoDraw = True
348.8144 	EXP 	LDT_fix_text: autoDraw = False
349.8240 	EXP 	Device response: <KeyPress from None: t=349.8232183, value=l, duration=None>
349.8243 	EXP 	New trial (rep=0, index=186): <Trial 186 (186 in rep 0) data={'Task': 'LDT', 'TrialType': 'Target', 'Stimuli': 'class', 'StimulusType': 'word', 'CorrectResponse': 'l', 'Trialnumb': 19, 'thisN': 186, 'thisTrialN': 186, 'thisRepN': 0}>
349.8321 	EXP 	LDT_fix_text: autoDraw = False
349.8321 	EXP 	LDT_stim_text: autoDraw = False
349.8321 	EXP 	LDT_break_text: autoDraw = False
349.8321 	EXP 	LDT_stim_text: height = np.float64(0.1)
349.8321 	EXP 	LDT_stim_text: height = np.float64(0.1)
349.8321 	EXP 	LDT_stim_text: height = np.float64(0.1)
349.8321 	EXP 	LDT_stim_text: text = 'class'
349.8321 	EXP 	LDT_fix_text: autoDraw = True
349.8327 	DATA 	Keypress: l
349.9824 	EXP 	Device response: <KeyPress from None: t=349.8232183, value=l, duration=0.15175680000015745>
350.3158 	EXP 	LDT_stim_text: autoDraw = True
350.3242 	EXP 	LDT_fix_text: autoDraw = False
351.2670 	EXP 	Device response: <KeyPress from None: t=351.26215850000017, value=l, duration=None>
351.2673 	EXP 	New trial (rep=0, index=187): <Trial 187 (187 in rep 0) data={'Task': 'LDT', 'TrialType': 'Target', 'Stimuli': 'rent', 'StimulusType': 'word', 'CorrectResponse': 'l', 'Trialnumb': 84, 'thisN': 187, 'thisTrialN': 187, 'thisRepN': 0}>
351.2751 	EXP 	LDT_fix_text: autoDraw = False
351.2751 	EXP 	LDT_stim_text: autoDraw = False
351.2751 	EXP 	LDT_break_text: autoDraw = False
351.2751 	EXP 	LDT_stim_text: height = np.float64(0.1)
351.2751 	EXP 	LDT_stim_text: height = np.float64(0.1)
351.2751 	EXP 	LDT_stim_text: height = np.float64(0.1)
351.2751 	EXP 	LDT_stim_text: text = 'rent'
351.2751 	EXP 	LDT_fix_text: autoDraw = True
351.2757 	DATA 	Keypress: l
351.3756 	EXP 	Device response: <KeyPress from None: t=351.26215850000017, value=l, duration=0.11194369999998344>
351.7589 	EXP 	LDT_stim_text: autoDraw = True
351.7673 	EXP 	LDT_fix_text: autoDraw = False
352.9271 	EXP 	Device response: <KeyPress from None: t=352.9266005000002, value=l, duration=None>
352.9274 	EXP 	New trial (rep=0, index=188): <Trial 188 (188 in rep 0) data={'Task': 'LDT', 'TrialType': 'Target', 'Stimuli': 'sound', 'StimulusType': 'word', 'CorrectResponse': 'l', 'Trialnumb': 40, 'thisN': 188, 'thisTrialN': 188, 'thisRepN': 0}>
352.9351 	EXP 	LDT_fix_text: autoDraw = False
352.9351 	EXP 	LDT_stim_text: autoDraw = False
352.9351 	EXP 	LDT_break_text: autoDraw = False
352.9351 	EXP 	LDT_stim_text: height = np.float64(0.1)
352.9351 	EXP 	LDT_stim_text: height = np.float64(0.1)
352.9351 	EXP 	LDT_stim_text: height = np.float64(0.1)
352.9351 	EXP 	LDT_stim_text: text = 'sound'
352.9351 	EXP 	LDT_fix_text: autoDraw = True
352.9356 	DATA 	Keypress: l
353.0271 	EXP 	Device response: <KeyPress from None: t=352.9266005000002, value=l, duration=0.09599719999982881>
353.4189 	EXP 	LDT_stim_text: autoDraw = True
353.4273 	EXP 	LDT_fix_text: autoDraw = False
354.1700 	EXP 	Device response: <KeyPress from None: t=354.16686960000015, value=l, duration=None>
354.1702 	EXP 	New trial (rep=0, index=189): <Trial 189 (189 in rep 0) data={'Task': 'LDT', 'TrialType': 'Target', 'Stimuli': 'boss', 'StimulusType': 'word', 'CorrectResponse': 'l', 'Trialnumb': 61, 'thisN': 189, 'thisTrialN': 189, 'thisRepN': 0}>
354.1780 	EXP 	LDT_fix_text: autoDraw = False
354.1780 	EXP 	LDT_stim_text: autoDraw = False
354.1780 	EXP 	LDT_break_text: autoDraw = False
354.1780 	EXP 	LDT_stim_text: height = np.float64(0.1)
354.1780 	EXP 	LDT_stim_text: height = np.float64(0.1)
354.1780 	EXP 	LDT_stim_text: height = np.float64(0.1)
354.1780 	EXP 	LDT_stim_text: text = 'boss'
354.1780 	EXP 	LDT_fix_text: autoDraw = True
354.1786 	DATA 	Keypress: l
354.3118 	EXP 	Device response: <KeyPress from None: t=354.16686960000015, value=l, duration=0.1431740999998965>
354.6618 	EXP 	LDT_stim_text: autoDraw = True
354.6702 	EXP 	LDT_fix_text: autoDraw = False
355.3045 	EXP 	Device response: <KeyPress from None: t=355.30230600000004, value=l, duration=None>
355.3047 	EXP 	New trial (rep=0, index=190): <Trial 190 (190 in rep 0) data={'Task': 'LDT', 'TrialType': 'Target', 'Stimuli': 'pess', 'StimulusType': 'nonword', 'CorrectResponse': 'a', 'Trialnumb': 180, 'thisN': 190, 'thisTrialN': 190, 'thisRepN': 0}>
355.3125 	EXP 	LDT_fix_text: autoDraw = False
355.3125 	EXP 	LDT_stim_text: autoDraw = False
355.3125 	EXP 	LDT_break_text: autoDraw = False
355.3125 	EXP 	LDT_stim_text: height = np.float64(0.1)
355.3125 	EXP 	LDT_stim_text: height = np.float64(0.1)
355.3125 	EXP 	LDT_stim_text: height = np.float64(0.1)
355.3125 	EXP 	LDT_stim_text: text = 'pess'
355.3125 	EXP 	LDT_fix_text: autoDraw = True
355.3129 	DATA 	Keypress: l
355.4295 	EXP 	Device response: <KeyPress from None: t=355.30230600000004, value=l, duration=0.12058079999997062>
355.7963 	EXP 	LDT_stim_text: autoDraw = True
355.8046 	EXP 	LDT_fix_text: autoDraw = False
357.3065 	EXP 	Device response: <KeyPress from None: t=357.3023071, value=l, duration=None>
357.3067 	EXP 	New trial (rep=0, index=191): <Trial 191 (191 in rep 0) data={'Task': 'LDT', 'TrialType': 'Target', 'Stimuli': 'pay', 'StimulusType': 'word', 'CorrectResponse': 'l', 'Trialnumb': 42, 'thisN': 191, 'thisTrialN': 191, 'thisRepN': 0}>
357.3145 	EXP 	LDT_fix_text: autoDraw = False
357.3145 	EXP 	LDT_stim_text: autoDraw = False
357.3145 	EXP 	LDT_break_text: autoDraw = False
357.3145 	EXP 	LDT_stim_text: height = np.float64(0.1)
357.3145 	EXP 	LDT_stim_text: height = np.float64(0.1)
357.3145 	EXP 	LDT_stim_text: height = np.float64(0.1)
357.3145 	EXP 	LDT_stim_text: text = 'pay'
357.3145 	EXP 	LDT_fix_text: autoDraw = True
357.3150 	DATA 	Keypress: l
357.3982 	EXP 	Device response: <KeyPress from None: t=357.3023071, value=l, duration=0.08795310000004974>
357.7983 	EXP 	LDT_stim_text: autoDraw = True
357.8066 	EXP 	LDT_fix_text: autoDraw = False
359.6171 	EXP 	Device response: <KeyPress from None: t=359.61521340000013, value=l, duration=None>
359.6173 	EXP 	New trial (rep=0, index=192): <Trial 192 (192 in rep 0) data={'Task': 'LDT', 'TrialType': 'Target', 'Stimuli': 'gead', 'StimulusType': 'nonword', 'CorrectResponse': 'a', 'Trialnumb': 145, 'thisN': 192, 'thisTrialN': 192, 'thisRepN': 0}>
359.6251 	EXP 	LDT_fix_text: autoDraw = False
359.6251 	EXP 	LDT_stim_text: autoDraw = False
359.6251 	EXP 	LDT_break_text: autoDraw = False
359.6251 	EXP 	LDT_stim_text: height = np.float64(0.1)
359.6251 	EXP 	LDT_stim_text: height = np.float64(0.1)
359.6251 	EXP 	LDT_stim_text: height = np.float64(0.1)
359.6251 	EXP 	LDT_stim_text: text = 'gead'
359.6251 	EXP 	LDT_fix_text: autoDraw = True
359.6256 	DATA 	Keypress: l
359.7254 	EXP 	Device response: <KeyPress from None: t=359.61521340000013, value=l, duration=0.10326800000007097>
360.1089 	EXP 	LDT_stim_text: autoDraw = True
360.1173 	EXP 	LDT_fix_text: autoDraw = False
361.1771 	EXP 	Device response: <KeyPress from None: t=361.17552380000006, value=a, duration=None>
361.1774 	EXP 	New trial (rep=0, index=193): <Trial 193 (193 in rep 0) data={'Task': 'LDT', 'TrialType': 'Target', 'Stimuli': 'neep', 'StimulusType': 'nonword', 'CorrectResponse': 'a', 'Trialnumb': 176, 'thisN': 193, 'thisTrialN': 193, 'thisRepN': 0}>
361.1850 	EXP 	LDT_fix_text: autoDraw = False
361.1850 	EXP 	LDT_stim_text: autoDraw = False
361.1850 	EXP 	LDT_break_text: autoDraw = False
361.1850 	EXP 	LDT_stim_text: height = np.float64(0.1)
361.1850 	EXP 	LDT_stim_text: height = np.float64(0.1)
361.1850 	EXP 	LDT_stim_text: height = np.float64(0.1)
361.1850 	EXP 	LDT_stim_text: text = 'neep'
361.1850 	EXP 	LDT_fix_text: autoDraw = True
361.1855 	DATA 	Keypress: a
361.3437 	EXP 	Device response: <KeyPress from None: t=361.17552380000006, value=a, duration=0.1669960000001538>
361.6689 	EXP 	LDT_stim_text: autoDraw = True
361.6771 	EXP 	LDT_fix_text: autoDraw = False
362.5866 	EXP 	Device response: <KeyPress from None: t=362.5832666000001, value=a, duration=None>
362.5869 	EXP 	New trial (rep=0, index=194): <Trial 194 (194 in rep 0) data={'Task': 'LDT', 'TrialType': 'Target', 'Stimuli': 'hirs', 'StimulusType': 'nonword', 'CorrectResponse': 'a', 'Trialnumb': 153, 'thisN': 194, 'thisTrialN': 194, 'thisRepN': 0}>
362.5948 	EXP 	LDT_fix_text: autoDraw = False
362.5948 	EXP 	LDT_stim_text: autoDraw = False
362.5948 	EXP 	LDT_break_text: autoDraw = False
362.5948 	EXP 	LDT_stim_text: height = np.float64(0.1)
362.5948 	EXP 	LDT_stim_text: height = np.float64(0.1)
362.5948 	EXP 	LDT_stim_text: height = np.float64(0.1)
362.5948 	EXP 	LDT_stim_text: text = 'hirs'
362.5948 	EXP 	LDT_fix_text: autoDraw = True
362.5954 	DATA 	Keypress: a
362.7285 	EXP 	Device response: <KeyPress from None: t=362.5832666000001, value=a, duration=0.1433067000000392>
363.0786 	EXP 	LDT_stim_text: autoDraw = True
363.0871 	EXP 	LDT_fix_text: autoDraw = False
364.3217 	EXP 	Device response: <KeyPress from None: t=364.3180611, value=a, duration=None>
364.3220 	EXP 	New trial (rep=0, index=195): <Trial 195 (195 in rep 0) data={'Task': 'LDT', 'TrialType': 'Target', 'Stimuli': 'vink', 'StimulusType': 'nonword', 'CorrectResponse': 'a', 'Trialnumb': 212, 'thisN': 195, 'thisTrialN': 195, 'thisRepN': 0}>
364.3298 	EXP 	LDT_fix_text: autoDraw = False
364.3298 	EXP 	LDT_stim_text: autoDraw = False
364.3298 	EXP 	LDT_break_text: autoDraw = False
364.3298 	EXP 	LDT_stim_text: height = np.float64(0.1)
364.3298 	EXP 	LDT_stim_text: height = np.float64(0.1)
364.3298 	EXP 	LDT_stim_text: height = np.float64(0.1)
364.3298 	EXP 	LDT_stim_text: text = 'vink'
364.3298 	EXP 	LDT_fix_text: autoDraw = True
364.3303 	DATA 	Keypress: a
364.4971 	EXP 	Device response: <KeyPress from None: t=364.3180611, value=a, duration=0.17779430000018692>
364.8136 	EXP 	LDT_stim_text: autoDraw = True
364.8220 	EXP 	LDT_fix_text: autoDraw = False
365.8483 	EXP 	Device response: <KeyPress from None: t=365.8472190000002, value=a, duration=None>
365.8486 	EXP 	New trial (rep=0, index=196): <Trial 196 (196 in rep 0) data={'Task': 'LDT', 'TrialType': 'Target', 'Stimuli': 'nind', 'StimulusType': 'nonword', 'CorrectResponse': 'a', 'Trialnumb': 177, 'thisN': 196, 'thisTrialN': 196, 'thisRepN': 0}>
365.8564 	EXP 	LDT_fix_text: autoDraw = False
365.8564 	EXP 	LDT_stim_text: autoDraw = False
365.8564 	EXP 	LDT_break_text: autoDraw = False
365.8564 	EXP 	LDT_stim_text: height = np.float64(0.1)
365.8564 	EXP 	LDT_stim_text: height = np.float64(0.1)
365.8564 	EXP 	LDT_stim_text: height = np.float64(0.1)
365.8564 	EXP 	LDT_stim_text: text = 'nind'
365.8564 	EXP 	LDT_fix_text: autoDraw = True
365.8568 	DATA 	Keypress: a
366.0067 	EXP 	Device response: <KeyPress from None: t=365.8472190000002, value=a, duration=0.1515263999999661>
366.3401 	EXP 	LDT_stim_text: autoDraw = True
366.3485 	EXP 	LDT_fix_text: autoDraw = False
367.3664 	EXP 	Device response: <KeyPress from None: t=367.3585825, value=a, duration=None>
367.3666 	EXP 	New trial (rep=0, index=197): <Trial 197 (197 in rep 0) data={'Task': 'LDT', 'TrialType': 'Target', 'Stimuli': 'vead', 'StimulusType': 'nonword', 'CorrectResponse': 'a', 'Trialnumb': 210, 'thisN': 197, 'thisTrialN': 197, 'thisRepN': 0}>
367.3745 	EXP 	LDT_fix_text: autoDraw = False
367.3745 	EXP 	LDT_stim_text: autoDraw = False
367.3745 	EXP 	LDT_break_text: autoDraw = False
367.3745 	EXP 	LDT_stim_text: height = np.float64(0.1)
367.3745 	EXP 	LDT_stim_text: height = np.float64(0.1)
367.3745 	EXP 	LDT_stim_text: height = np.float64(0.1)
367.3745 	EXP 	LDT_stim_text: text = 'vead'
367.3745 	EXP 	LDT_fix_text: autoDraw = True
367.3750 	DATA 	Keypress: a
367.5417 	EXP 	Device response: <KeyPress from None: t=367.3585825, value=a, duration=0.1763631000001169>
367.8583 	EXP 	LDT_stim_text: autoDraw = True
367.8666 	EXP 	LDT_fix_text: autoDraw = False
368.7345 	EXP 	Device response: <KeyPress from None: t=368.7268481000001, value=a, duration=None>
368.7347 	EXP 	New trial (rep=0, index=198): <Trial 198 (198 in rep 0) data={'Task': 'LDT', 'TrialType': 'Target', 'Stimuli': 'loak', 'StimulusType': 'nonword', 'CorrectResponse': 'a', 'Trialnumb': 169, 'thisN': 198, 'thisTrialN': 198, 'thisRepN': 0}>
368.7425 	EXP 	LDT_fix_text: autoDraw = False
368.7425 	EXP 	LDT_stim_text: autoDraw = False
368.7425 	EXP 	LDT_break_text: autoDraw = False
368.7425 	EXP 	LDT_stim_text: height = np.float64(0.1)
368.7425 	EXP 	LDT_stim_text: height = np.float64(0.1)
368.7425 	EXP 	LDT_stim_text: height = np.float64(0.1)
368.7425 	EXP 	LDT_stim_text: text = 'loak'
368.7425 	EXP 	LDT_fix_text: autoDraw = True
368.7431 	DATA 	Keypress: a
368.9013 	EXP 	Device response: <KeyPress from None: t=368.7268481000001, value=a, duration=0.16733419999991384>
369.2263 	EXP 	LDT_stim_text: autoDraw = True
369.2346 	EXP 	LDT_fix_text: autoDraw = False
371.0785 	EXP 	Device response: <KeyPress from None: t=371.07804450000003, value=l, duration=None>
371.0787 	EXP 	New trial (rep=0, index=199): <Trial 199 (199 in rep 0) data={'Task': 'LDT', 'TrialType': 'Target', 'Stimuli': 'veek', 'StimulusType': 'nonword', 'CorrectResponse': 'a', 'Trialnumb': 211, 'thisN': 199, 'thisTrialN': 199, 'thisRepN': 0}>
371.0866 	EXP 	LDT_fix_text: autoDraw = False
371.0866 	EXP 	LDT_stim_text: autoDraw = False
371.0866 	EXP 	LDT_break_text: autoDraw = False
371.0866 	EXP 	LDT_stim_text: height = np.float64(0.1)
371.0866 	EXP 	LDT_stim_text: height = np.float64(0.1)
371.0866 	EXP 	LDT_stim_text: height = np.float64(0.1)
371.0866 	EXP 	LDT_stim_text: text = 'veek'
371.0866 	EXP 	LDT_fix_text: autoDraw = True
371.0871 	DATA 	Keypress: l
371.2536 	EXP 	Device response: <KeyPress from None: t=371.07804450000003, value=l, duration=0.1680880999999772>
371.5703 	EXP 	LDT_stim_text: autoDraw = True
371.5786 	EXP 	LDT_fix_text: autoDraw = False
373.3223 	EXP 	Device response: <KeyPress from None: t=373.3195354000002, value=a, duration=None>
373.3227 	EXP 	New trial (rep=0, index=200): <Trial 200 (200 in rep 0) data={'Task': 'LDT', 'TrialType': 'Target', 'Stimuli': 'ran', 'StimulusType': 'word', 'CorrectResponse': 'l', 'Trialnumb': 66, 'thisN': 200, 'thisTrialN': 200, 'thisRepN': 0}>
373.3304 	EXP 	LDT_fix_text: autoDraw = False
373.3304 	EXP 	LDT_stim_text: autoDraw = False
373.3304 	EXP 	LDT_break_text: autoDraw = False
373.3304 	EXP 	LDT_stim_text: height = np.float64(0.1)
373.3304 	EXP 	LDT_stim_text: height = np.float64(0.1)
373.3304 	EXP 	LDT_stim_text: height = np.float64(0.1)
373.3304 	EXP 	LDT_stim_text: text = 'ran'
373.3304 	EXP 	LDT_fix_text: autoDraw = True
373.3309 	DATA 	Keypress: a
373.4308 	EXP 	Device response: <KeyPress from None: t=373.3195354000002, value=a, duration=0.1108500999998796>
373.8142 	EXP 	LDT_stim_text: autoDraw = True
373.8225 	EXP 	LDT_fix_text: autoDraw = False
374.8489 	EXP 	Device response: <KeyPress from None: t=374.84648730000004, value=l, duration=None>
374.8491 	EXP 	New trial (rep=0, index=201): <Trial 201 (201 in rep 0) data={'Task': 'LDT', 'TrialType': 'Target', 'Stimuli': 'hide', 'StimulusType': 'word', 'CorrectResponse': 'l', 'Trialnumb': 68, 'thisN': 201, 'thisTrialN': 201, 'thisRepN': 0}>
374.8570 	EXP 	LDT_fix_text: autoDraw = False
374.8570 	EXP 	LDT_stim_text: autoDraw = False
374.8570 	EXP 	LDT_break_text: autoDraw = False
374.8570 	EXP 	LDT_stim_text: height = np.float64(0.1)
374.8570 	EXP 	LDT_stim_text: height = np.float64(0.1)
374.8570 	EXP 	LDT_stim_text: height = np.float64(0.1)
374.8570 	EXP 	LDT_stim_text: text = 'hide'
374.8570 	EXP 	LDT_fix_text: autoDraw = True
374.8574 	DATA 	Keypress: l
374.9739 	EXP 	Device response: <KeyPress from None: t=374.84648730000004, value=l, duration=0.12015960000007908>
375.3407 	EXP 	LDT_stim_text: autoDraw = True
375.3491 	EXP 	LDT_fix_text: autoDraw = False
376.0001 	EXP 	Device response: <KeyPress from None: t=375.99962800000003, value=l, duration=None>
376.0003 	EXP 	New trial (rep=0, index=202): <Trial 202 (202 in rep 0) data={'Task': 'LDT', 'TrialType': 'Target', 'Stimuli': 'live', 'StimulusType': 'word', 'CorrectResponse': 'l', 'Trialnumb': 24, 'thisN': 202, 'thisTrialN': 202, 'thisRepN': 0}>
376.0080 	EXP 	LDT_fix_text: autoDraw = False
376.0080 	EXP 	LDT_stim_text: autoDraw = False
376.0080 	EXP 	LDT_break_text: autoDraw = False
376.0080 	EXP 	LDT_stim_text: height = np.float64(0.1)
376.0080 	EXP 	LDT_stim_text: height = np.float64(0.1)
376.0080 	EXP 	LDT_stim_text: height = np.float64(0.1)
376.0080 	EXP 	LDT_stim_text: text = 'live'
376.0080 	EXP 	LDT_fix_text: autoDraw = True
376.0085 	DATA 	Keypress: l
376.1251 	EXP 	Device response: <KeyPress from None: t=375.99962800000003, value=l, duration=0.1191243000000668>
376.4918 	EXP 	LDT_stim_text: autoDraw = True
376.5002 	EXP 	LDT_fix_text: autoDraw = False
377.2931 	EXP 	Device response: <KeyPress from None: t=377.2868126000001, value=l, duration=None>
377.2933 	EXP 	New trial (rep=0, index=203): <Trial 203 (203 in rep 0) data={'Task': 'LDT', 'TrialType': 'Target', 'Stimuli': 'down', 'StimulusType': 'word', 'CorrectResponse': 'l', 'Trialnumb': 9, 'thisN': 203, 'thisTrialN': 203, 'thisRepN': 0}>
377.3010 	EXP 	LDT_fix_text: autoDraw = False
377.3010 	EXP 	LDT_stim_text: autoDraw = False
377.3010 	EXP 	LDT_break_text: autoDraw = False
377.3010 	EXP 	LDT_stim_text: height = np.float64(0.1)
377.3010 	EXP 	LDT_stim_text: height = np.float64(0.1)
377.3010 	EXP 	LDT_stim_text: height = np.float64(0.1)
377.3010 	EXP 	LDT_stim_text: text = 'down'
377.3010 	EXP 	LDT_fix_text: autoDraw = True
377.3016 	DATA 	Keypress: l
377.4181 	EXP 	Device response: <KeyPress from None: t=377.2868126000001, value=l, duration=0.12800579999998263>
377.7848 	EXP 	LDT_stim_text: autoDraw = True
377.7932 	EXP 	LDT_fix_text: autoDraw = False
378.7112 	EXP 	Device response: <KeyPress from None: t=378.7105113, value=l, duration=None>
378.7114 	EXP 	New trial (rep=0, index=204): <Trial 204 (204 in rep 0) data={'Task': 'LDT', 'TrialType': 'Target', 'Stimuli': 'sharp', 'StimulusType': 'word', 'CorrectResponse': 'l', 'Trialnumb': 94, 'thisN': 204, 'thisTrialN': 204, 'thisRepN': 0}>
378.7191 	EXP 	LDT_fix_text: autoDraw = False
378.7191 	EXP 	LDT_stim_text: autoDraw = False
378.7191 	EXP 	LDT_break_text: autoDraw = False
378.7191 	EXP 	LDT_stim_text: height = np.float64(0.1)
378.7191 	EXP 	LDT_stim_text: height = np.float64(0.1)
378.7191 	EXP 	LDT_stim_text: height = np.float64(0.1)
378.7191 	EXP 	LDT_stim_text: text = 'sharp'
378.7191 	EXP 	LDT_fix_text: autoDraw = True
378.7196 	DATA 	Keypress: l
378.8946 	EXP 	Device response: <KeyPress from None: t=378.7105113, value=l, duration=0.17623410000010153>
379.2029 	EXP 	LDT_stim_text: autoDraw = True
379.2112 	EXP 	LDT_fix_text: autoDraw = False
380.2960 	EXP 	Device response: <KeyPress from None: t=380.2955178000002, value=l, duration=None>
380.2962 	EXP 	New trial (rep=0, index=205): <Trial 205 (205 in rep 0) data={'Task': 'LDT', 'TrialType': 'Target', 'Stimuli': 'reach', 'StimulusType': 'word', 'CorrectResponse': 'l', 'Trialnumb': 72, 'thisN': 205, 'thisTrialN': 205, 'thisRepN': 0}>
380.3040 	EXP 	LDT_fix_text: autoDraw = False
380.3040 	EXP 	LDT_stim_text: autoDraw = False
380.3040 	EXP 	LDT_break_text: autoDraw = False
380.3040 	EXP 	LDT_stim_text: height = np.float64(0.1)
380.3040 	EXP 	LDT_stim_text: height = np.float64(0.1)
380.3040 	EXP 	LDT_stim_text: height = np.float64(0.1)
380.3040 	EXP 	LDT_stim_text: text = 'reach'
380.3040 	EXP 	LDT_fix_text: autoDraw = True
380.3044 	DATA 	Keypress: l
380.4377 	EXP 	Device response: <KeyPress from None: t=380.2955178000002, value=l, duration=0.13585069999999178>
380.7878 	EXP 	LDT_stim_text: autoDraw = True
380.7961 	EXP 	LDT_fix_text: autoDraw = False
381.6139 	EXP 	Device response: <KeyPress from None: t=381.6065833, value=l, duration=None>
381.6142 	EXP 	New trial (rep=0, index=206): <Trial 206 (206 in rep 0) data={'Task': 'LDT', 'TrialType': 'Target', 'Stimuli': 'crap', 'StimulusType': 'word', 'CorrectResponse': 'l', 'Trialnumb': 70, 'thisN': 206, 'thisTrialN': 206, 'thisRepN': 0}>
381.6220 	EXP 	LDT_fix_text: autoDraw = False
381.6220 	EXP 	LDT_stim_text: autoDraw = False
381.6220 	EXP 	LDT_break_text: autoDraw = False
381.6220 	EXP 	LDT_stim_text: height = np.float64(0.1)
381.6220 	EXP 	LDT_stim_text: height = np.float64(0.1)
381.6220 	EXP 	LDT_stim_text: height = np.float64(0.1)
381.6220 	EXP 	LDT_stim_text: text = 'crap'
381.6220 	EXP 	LDT_fix_text: autoDraw = True
381.6225 	DATA 	Keypress: l
381.7225 	EXP 	Device response: <KeyPress from None: t=381.6065833, value=l, duration=0.11207110000009379>
382.1058 	EXP 	LDT_stim_text: autoDraw = True
382.1141 	EXP 	LDT_fix_text: autoDraw = False
384.6252 	EXP 	Device response: <KeyPress from None: t=384.62216320000016, value=l, duration=None>
384.6255 	EXP 	New trial (rep=0, index=207): <Trial 207 (207 in rep 0) data={'Task': 'LDT', 'TrialType': 'Target', 'Stimuli': 'flen', 'StimulusType': 'nonword', 'CorrectResponse': 'a', 'Trialnumb': 141, 'thisN': 207, 'thisTrialN': 207, 'thisRepN': 0}>
384.6333 	EXP 	LDT_fix_text: autoDraw = False
384.6333 	EXP 	LDT_stim_text: autoDraw = False
384.6333 	EXP 	LDT_break_text: autoDraw = False
384.6333 	EXP 	LDT_stim_text: height = np.float64(0.1)
384.6333 	EXP 	LDT_stim_text: height = np.float64(0.1)
384.6333 	EXP 	LDT_stim_text: height = np.float64(0.1)
384.6333 	EXP 	LDT_stim_text: text = 'flen'
384.6333 	EXP 	LDT_fix_text: autoDraw = True
384.6338 	DATA 	Keypress: l
384.7587 	EXP 	Device response: <KeyPress from None: t=384.62216320000016, value=l, duration=0.13603220000004512>
385.1171 	EXP 	LDT_stim_text: autoDraw = True
385.1254 	EXP 	LDT_fix_text: autoDraw = False
386.2101 	EXP 	Device response: <KeyPress from None: t=386.2061010000002, value=a, duration=None>
386.2104 	EXP 	New trial (rep=0, index=208): <Trial 208 (208 in rep 0) data={'Task': 'LDT', 'TrialType': 'Target', 'Stimuli': 'sale', 'StimulusType': 'word', 'CorrectResponse': 'l', 'Trialnumb': 93, 'thisN': 208, 'thisTrialN': 208, 'thisRepN': 0}>
386.2182 	EXP 	LDT_fix_text: autoDraw = False
386.2182 	EXP 	LDT_stim_text: autoDraw = False
386.2182 	EXP 	LDT_break_text: autoDraw = False
386.2182 	EXP 	LDT_stim_text: height = np.float64(0.1)
386.2182 	EXP 	LDT_stim_text: height = np.float64(0.1)
386.2182 	EXP 	LDT_stim_text: height = np.float64(0.1)
386.2182 	EXP 	LDT_stim_text: text = 'sale'
386.2182 	EXP 	LDT_fix_text: autoDraw = True
386.2188 	DATA 	Keypress: a
386.3019 	EXP 	Device response: <KeyPress from None: t=386.2061010000002, value=a, duration=0.08842189999995753>
386.7020 	EXP 	LDT_stim_text: autoDraw = True
386.7104 	EXP 	LDT_fix_text: autoDraw = False
387.4952 	EXP 	Device response: <KeyPress from None: t=387.4948197000001, value=l, duration=None>
387.4955 	EXP 	New trial (rep=0, index=209): <Trial 209 (209 in rep 0) data={'Task': 'LDT', 'TrialType': 'Target', 'Stimuli': 'gaft', 'StimulusType': 'nonword', 'CorrectResponse': 'a', 'Trialnumb': 144, 'thisN': 209, 'thisTrialN': 209, 'thisRepN': 0}>
387.5029 	EXP 	LDT_fix_text: autoDraw = False
387.5029 	EXP 	LDT_stim_text: autoDraw = False
387.5029 	EXP 	LDT_break_text: autoDraw = False
387.5029 	EXP 	LDT_stim_text: height = np.float64(0.1)
387.5029 	EXP 	LDT_stim_text: height = np.float64(0.1)
387.5029 	EXP 	LDT_stim_text: height = np.float64(0.1)
387.5029 	EXP 	LDT_stim_text: text = 'gaft'
387.5029 	EXP 	LDT_fix_text: autoDraw = True
387.5037 	DATA 	Keypress: l
387.6115 	EXP 	Device response: <KeyPress from None: t=387.4948197000001, value=l, duration=0.11110609999991539>
387.9866 	EXP 	LDT_stim_text: autoDraw = True
387.9950 	EXP 	LDT_fix_text: autoDraw = False
388.9796 	EXP 	Device response: <KeyPress from None: t=388.9747939000001, value=a, duration=None>
388.9798 	EXP 	New trial (rep=0, index=210): <Trial 210 (210 in rep 0) data={'Task': 'LDT', 'TrialType': 'Target', 'Stimuli': 'blue', 'StimulusType': 'word', 'CorrectResponse': 'l', 'Trialnumb': 57, 'thisN': 210, 'thisTrialN': 210, 'thisRepN': 0}>
388.9878 	EXP 	LDT_fix_text: autoDraw = False
388.9878 	EXP 	LDT_stim_text: autoDraw = False
388.9878 	EXP 	LDT_break_text: autoDraw = False
388.9878 	EXP 	LDT_stim_text: height = np.float64(0.1)
388.9878 	EXP 	LDT_stim_text: height = np.float64(0.1)
388.9878 	EXP 	LDT_stim_text: height = np.float64(0.1)
388.9878 	EXP 	LDT_stim_text: text = 'blue'
388.9878 	EXP 	LDT_fix_text: autoDraw = True
388.9882 	DATA 	Keypress: a
389.1130 	EXP 	Device response: <KeyPress from None: t=388.9747939000001, value=a, duration=0.13519330000008267>
389.4714 	EXP 	LDT_stim_text: autoDraw = True
389.4798 	EXP 	LDT_fix_text: autoDraw = False
390.0557 	EXP 	Device response: <KeyPress from None: t=390.0542488000001, value=l, duration=None>
390.0560 	EXP 	New trial (rep=0, index=211): <Trial 211 (211 in rep 0) data={'Task': 'LDT', 'TrialType': 'Target', 'Stimuli': 'space', 'StimulusType': 'word', 'CorrectResponse': 'l', 'Trialnumb': 30, 'thisN': 211, 'thisTrialN': 211, 'thisRepN': 0}>
390.0637 	EXP 	LDT_fix_text: autoDraw = False
390.0637 	EXP 	LDT_stim_text: autoDraw = False
390.0637 	EXP 	LDT_break_text: autoDraw = False
390.0637 	EXP 	LDT_stim_text: height = np.float64(0.1)
390.0637 	EXP 	LDT_stim_text: height = np.float64(0.1)
390.0637 	EXP 	LDT_stim_text: height = np.float64(0.1)
390.0637 	EXP 	LDT_stim_text: text = 'space'
390.0637 	EXP 	LDT_fix_text: autoDraw = True
390.0643 	DATA 	Keypress: l
390.1808 	EXP 	Device response: <KeyPress from None: t=390.0542488000001, value=l, duration=0.12073869999994713>
390.5475 	EXP 	LDT_stim_text: autoDraw = True
390.5558 	EXP 	LDT_fix_text: autoDraw = False
391.2986 	EXP 	Device response: <KeyPress from None: t=391.2943689000001, value=l, duration=None>
391.2989 	EXP 	New trial (rep=0, index=212): <Trial 212 (212 in rep 0) data={'Task': 'LDT', 'TrialType': 'Target', 'Stimuli': 'anto', 'StimulusType': 'nonword', 'CorrectResponse': 'a', 'Trialnumb': 117, 'thisN': 212, 'thisTrialN': 212, 'thisRepN': 0}>
391.3066 	EXP 	LDT_fix_text: autoDraw = False
391.3066 	EXP 	LDT_stim_text: autoDraw = False
391.3066 	EXP 	LDT_break_text: autoDraw = False
391.3066 	EXP 	LDT_stim_text: height = np.float64(0.1)
391.3066 	EXP 	LDT_stim_text: height = np.float64(0.1)
391.3066 	EXP 	LDT_stim_text: height = np.float64(0.1)
391.3066 	EXP 	LDT_stim_text: text = 'anto'
391.3066 	EXP 	LDT_fix_text: autoDraw = True
391.3071 	DATA 	Keypress: l
391.3988 	EXP 	Device response: <KeyPress from None: t=391.2943689000001, value=l, duration=0.10409230000004754>
391.7904 	EXP 	LDT_stim_text: autoDraw = True
391.7988 	EXP 	LDT_fix_text: autoDraw = False
393.2004 	EXP 	Device response: <KeyPress from None: t=393.1994023000002, value=a, duration=None>
393.2007 	EXP 	New trial (rep=0, index=213): <Trial 213 (213 in rep 0) data={'Task': 'LDT', 'TrialType': 'Target', 'Stimuli': 'lay', 'StimulusType': 'word', 'CorrectResponse': 'l', 'Trialnumb': 71, 'thisN': 213, 'thisTrialN': 213, 'thisRepN': 0}>
393.2085 	EXP 	LDT_fix_text: autoDraw = False
393.2085 	EXP 	LDT_stim_text: autoDraw = False
393.2085 	EXP 	LDT_break_text: autoDraw = False
393.2085 	EXP 	LDT_stim_text: height = np.float64(0.1)
393.2085 	EXP 	LDT_stim_text: height = np.float64(0.1)
393.2085 	EXP 	LDT_stim_text: height = np.float64(0.1)
393.2085 	EXP 	LDT_stim_text: text = 'lay'
393.2085 	EXP 	LDT_fix_text: autoDraw = True
393.2089 	DATA 	Keypress: a
393.3675 	EXP 	Device response: <KeyPress from None: t=393.1994023000002, value=a, duration=0.16649809999989884>
393.6923 	EXP 	LDT_stim_text: autoDraw = True
393.7007 	EXP 	LDT_fix_text: autoDraw = False
394.3849 	EXP 	Device response: <KeyPress from None: t=394.3830531000001, value=l, duration=None>
394.3852 	EXP 	New trial (rep=0, index=214): <Trial 214 (214 in rep 0) data={'Task': 'LDT', 'TrialType': 'Target', 'Stimuli': 'zeer', 'StimulusType': 'nonword', 'CorrectResponse': 'a', 'Trialnumb': 222, 'thisN': 214, 'thisTrialN': 214, 'thisRepN': 0}>
394.3931 	EXP 	LDT_fix_text: autoDraw = False
394.3931 	EXP 	LDT_stim_text: autoDraw = False
394.3931 	EXP 	LDT_break_text: autoDraw = False
394.3931 	EXP 	LDT_stim_text: height = np.float64(0.1)
394.3931 	EXP 	LDT_stim_text: height = np.float64(0.1)
394.3931 	EXP 	LDT_stim_text: height = np.float64(0.1)
394.3931 	EXP 	LDT_stim_text: text = 'zeer'
394.3931 	EXP 	LDT_fix_text: autoDraw = True
394.3937 	DATA 	Keypress: l
394.5352 	EXP 	Device response: <KeyPress from None: t=394.3830531000001, value=l, duration=0.14390769999999975>
394.8768 	EXP 	LDT_stim_text: autoDraw = True
394.8852 	EXP 	LDT_fix_text: autoDraw = False
395.7031 	EXP 	Device response: <KeyPress from None: t=395.7025202000002, value=a, duration=None>
395.7033 	EXP 	New trial (rep=0, index=215): <Trial 215 (215 in rep 0) data={'Task': 'LDT', 'TrialType': 'Target', 'Stimuli': 'gray', 'StimulusType': 'word', 'CorrectResponse': 'l', 'Trialnumb': 98, 'thisN': 215, 'thisTrialN': 215, 'thisRepN': 0}>
395.7110 	EXP 	LDT_fix_text: autoDraw = False
395.7110 	EXP 	LDT_stim_text: autoDraw = False
395.7110 	EXP 	LDT_break_text: autoDraw = False
395.7110 	EXP 	LDT_stim_text: height = np.float64(0.1)
395.7110 	EXP 	LDT_stim_text: height = np.float64(0.1)
395.7110 	EXP 	LDT_stim_text: height = np.float64(0.1)
395.7110 	EXP 	LDT_stim_text: text = 'gray'
395.7110 	EXP 	LDT_fix_text: autoDraw = True
395.7115 	DATA 	Keypress: a
395.8697 	EXP 	Device response: <KeyPress from None: t=395.7025202000002, value=a, duration=0.15982759999997143>
396.1948 	EXP 	LDT_stim_text: autoDraw = True
396.2031 	EXP 	LDT_fix_text: autoDraw = False
396.9377 	EXP 	Device response: <KeyPress from None: t=396.9340837000002, value=l, duration=None>
396.9380 	EXP 	New trial (rep=0, index=216): <Trial 216 (216 in rep 0) data={'Task': 'LDT', 'TrialType': 'Target', 'Stimuli': 'pook', 'StimulusType': 'nonword', 'CorrectResponse': 'a', 'Trialnumb': 182, 'thisN': 216, 'thisTrialN': 216, 'thisRepN': 0}>
396.9456 	EXP 	LDT_fix_text: autoDraw = False
396.9456 	EXP 	LDT_stim_text: autoDraw = False
396.9456 	EXP 	LDT_break_text: autoDraw = False
396.9456 	EXP 	LDT_stim_text: height = np.float64(0.1)
396.9456 	EXP 	LDT_stim_text: height = np.float64(0.1)
396.9456 	EXP 	LDT_stim_text: height = np.float64(0.1)
396.9456 	EXP 	LDT_stim_text: text = 'pook'
396.9456 	EXP 	LDT_fix_text: autoDraw = True
396.9462 	DATA 	Keypress: l
397.0544 	EXP 	Device response: <KeyPress from None: t=396.9340837000002, value=l, duration=0.1200228000000152>
397.4293 	EXP 	LDT_stim_text: autoDraw = True
397.4377 	EXP 	LDT_fix_text: autoDraw = False
398.7226 	EXP 	Device response: <KeyPress from None: t=398.71807260000014, value=a, duration=None>
398.7228 	EXP 	New trial (rep=0, index=217): <Trial 217 (217 in rep 0) data={'Task': 'LDT', 'TrialType': 'Target', 'Stimuli': 'shoa', 'StimulusType': 'nonword', 'CorrectResponse': 'a', 'Trialnumb': 191, 'thisN': 217, 'thisTrialN': 217, 'thisRepN': 0}>
398.7307 	EXP 	LDT_fix_text: autoDraw = False
398.7307 	EXP 	LDT_stim_text: autoDraw = False
398.7307 	EXP 	LDT_break_text: autoDraw = False
398.7307 	EXP 	LDT_stim_text: height = np.float64(0.1)
398.7307 	EXP 	LDT_stim_text: height = np.float64(0.1)
398.7307 	EXP 	LDT_stim_text: height = np.float64(0.1)
398.7307 	EXP 	LDT_stim_text: text = 'shoa'
398.7307 	EXP 	LDT_fix_text: autoDraw = True
398.7312 	DATA 	Keypress: a
398.8645 	EXP 	Device response: <KeyPress from None: t=398.71807260000014, value=a, duration=0.14491640000005646>
399.2144 	EXP 	LDT_stim_text: autoDraw = True
399.2228 	EXP 	LDT_fix_text: autoDraw = False
400.1991 	EXP 	Device response: <KeyPress from None: t=400.19807720000017, value=a, duration=None>
400.1993 	EXP 	New trial (rep=0, index=218): <Trial 218 (218 in rep 0) data={'Task': 'LDT', 'TrialType': 'Target', 'Stimuli': 'kear', 'StimulusType': 'nonword', 'CorrectResponse': 'a', 'Trialnumb': 163, 'thisN': 218, 'thisTrialN': 218, 'thisRepN': 0}>
400.2071 	EXP 	LDT_fix_text: autoDraw = False
400.2071 	EXP 	LDT_stim_text: autoDraw = False
400.2071 	EXP 	LDT_break_text: autoDraw = False
400.2071 	EXP 	LDT_stim_text: height = np.float64(0.1)
400.2071 	EXP 	LDT_stim_text: height = np.float64(0.1)
400.2071 	EXP 	LDT_stim_text: height = np.float64(0.1)
400.2071 	EXP 	LDT_stim_text: text = 'kear'
400.2071 	EXP 	LDT_fix_text: autoDraw = True
400.2076 	DATA 	Keypress: a
400.3659 	EXP 	Device response: <KeyPress from None: t=400.19807720000017, value=a, duration=0.15995039999984328>
400.6909 	EXP 	LDT_stim_text: autoDraw = True
400.6993 	EXP 	LDT_fix_text: autoDraw = False
401.4753 	EXP 	Device response: <KeyPress from None: t=401.46997950000014, value=a, duration=None>
401.4756 	EXP 	New trial (rep=0, index=219): <Trial 219 (219 in rep 0) data={'Task': 'LDT', 'TrialType': 'Target', 'Stimuli': 'food', 'StimulusType': 'word', 'CorrectResponse': 'l', 'Trialnumb': 5, 'thisN': 219, 'thisTrialN': 219, 'thisRepN': 0}>
401.4834 	EXP 	LDT_fix_text: autoDraw = False
401.4834 	EXP 	LDT_stim_text: autoDraw = False
401.4834 	EXP 	LDT_break_text: autoDraw = False
401.4834 	EXP 	LDT_stim_text: height = np.float64(0.1)
401.4834 	EXP 	LDT_stim_text: height = np.float64(0.1)
401.4834 	EXP 	LDT_stim_text: height = np.float64(0.1)
401.4834 	EXP 	LDT_stim_text: text = 'food'
401.4834 	EXP 	LDT_fix_text: autoDraw = True
401.4839 	DATA 	Keypress: a
401.6005 	EXP 	Device response: <KeyPress from None: t=401.46997950000014, value=a, duration=0.12866650000000845>
401.9672 	EXP 	LDT_stim_text: autoDraw = True
401.9756 	EXP 	LDT_fix_text: autoDraw = False
402.5347 	EXP 	Device response: <KeyPress from None: t=402.5263675000001, value=l, duration=None>
402.5349 	EXP 	New trial (rep=0, index=220): <Trial 220 (220 in rep 0) data={'Task': 'LDT', 'TrialType': 'Target', 'Stimuli': 'end', 'StimulusType': 'word', 'CorrectResponse': 'l', 'Trialnumb': 33, 'thisN': 220, 'thisTrialN': 220, 'thisRepN': 0}>
402.5362 	DATA 	Keypress: l
402.5428 	EXP 	LDT_fix_text: autoDraw = False
402.5428 	EXP 	LDT_stim_text: autoDraw = False
402.5428 	EXP 	LDT_break_text: autoDraw = False
402.5428 	EXP 	LDT_stim_text: height = np.float64(0.1)
402.5428 	EXP 	LDT_stim_text: height = np.float64(0.1)
402.5428 	EXP 	LDT_stim_text: height = np.float64(0.1)
402.5428 	EXP 	LDT_stim_text: text = 'end'
402.5428 	EXP 	LDT_fix_text: autoDraw = True
402.6265 	EXP 	Device response: <KeyPress from None: t=402.5263675000001, value=l, duration=0.09659390000001622>
403.0266 	EXP 	LDT_stim_text: autoDraw = True
403.0349 	EXP 	LDT_fix_text: autoDraw = False
403.6609 	EXP 	Device response: <KeyPress from None: t=403.65454350000005, value=l, duration=None>
403.6611 	EXP 	New trial (rep=0, index=221): <Trial 221 (221 in rep 0) data={'Task': 'LDT', 'TrialType': 'Target', 'Stimuli': 'kang', 'StimulusType': 'nonword', 'CorrectResponse': 'a', 'Trialnumb': 162, 'thisN': 221, 'thisTrialN': 221, 'thisRepN': 0}>
403.6689 	EXP 	LDT_fix_text: autoDraw = False
403.6689 	EXP 	LDT_stim_text: autoDraw = False
403.6689 	EXP 	LDT_break_text: autoDraw = False
403.6689 	EXP 	LDT_stim_text: height = np.float64(0.1)
403.6689 	EXP 	LDT_stim_text: height = np.float64(0.1)
403.6689 	EXP 	LDT_stim_text: height = np.float64(0.1)
403.6689 	EXP 	LDT_stim_text: text = 'kang'
403.6689 	EXP 	LDT_fix_text: autoDraw = True
403.6694 	DATA 	Keypress: l
403.7611 	EXP 	Device response: <KeyPress from None: t=403.65454350000005, value=l, duration=0.10394500000006701>
404.1527 	EXP 	LDT_stim_text: autoDraw = True
404.1610 	EXP 	LDT_fix_text: autoDraw = False
404.9872 	EXP 	Device response: <KeyPress from None: t=404.98200340000017, value=a, duration=None>
404.9953 	EXP 	LDT_fix_text: autoDraw = False
404.9953 	EXP 	LDT_stim_text: autoDraw = False
404.9953 	EXP 	LDT_break_text: autoDraw = False
404.9953 	EXP 	end_text: autoDraw = True
404.9958 	DATA 	Keypress: a
405.1456 	EXP 	Device response: <KeyPress from None: t=404.98200340000017, value=a, duration=0.16029019999996308>
406.5304 	EXP 	Device response: <KeyPress from None: t=406.5261587000002, value=space, duration=None>
406.5389 	DATA 	Keypress: space
406.6555 	EXP 	Device response: <KeyPress from None: t=406.5261587000002, value=space, duration=0.12775799999985793>
407.9898 	EXP 	end_text: autoDraw = False
407.9898 	EXP 	end_text: autoDraw = False
407.9899 	EXP 	online_LDT&KRT: status = STOPPED
