0.8395 	WARNING 	We strongly recommend you activate the PTB sound engine in PsychoPy prefs as the preferred audio engine. Its timing is vastly superior. Your prefs are currently set to use ['sounddevice', 'PTB', 'pyo', 'pygame'] (in that order).
1.5860 	WARNING 	Font Manager failed to load file C:\Users\user\AppData\Local\Microsoft\Windows\Fonts\210 나무고딕L.ttf
1.5866 	WARNING 	Font Manager failed to load file C:\Users\user\AppData\Local\Microsoft\Windows\Fonts\210 나무고딕B.ttf
1.5876 	WARNING 	Font Manager failed to load file C:\Users\user\AppData\Local\Microsoft\Windows\Fonts\210 맨발의청춘L.ttf
1.5879 	WARNING 	Font Manager failed to load file C:\Users\user\AppData\Local\Microsoft\Windows\Fonts\210 나무고딕R.ttf
1.5905 	WARNING 	Font Manager failed to load file C:\Users\user\AppData\Local\Microsoft\Windows\Fonts\a고딕13.ttf
1.5913 	WARNING 	Font Manager failed to load file C:\Users\user\AppData\Local\Microsoft\Windows\Fonts\서울남산 장체M.ttf
1.5919 	WARNING 	Font Manager failed to load file C:\Users\user\AppData\Local\Microsoft\Windows\Fonts\210 콤퓨타세탁R.ttf
1.5933 	WARNING 	Font Manager failed to load file C:\Users\user\AppData\Local\Microsoft\Windows\Fonts\210 하얀바람B.ttf
1.5955 	WARNING 	Font Manager failed to load file C:\Users\user\AppData\Local\Microsoft\Windows\Fonts\a뉴굴림2.ttf
1.6017 	WARNING 	Font Manager failed to load file C:\Users\user\AppData\Local\Microsoft\Windows\Fonts\아리따-돋움(TTF)-Thin.ttf
1.6044 	WARNING 	Font Manager failed to load file C:\Users\user\AppData\Local\Microsoft\Windows\Fonts\210 하얀바람L.ttf
1.6069 	WARNING 	Font Manager failed to load file C:\Users\user\AppData\Local\Microsoft\Windows\Fonts\210 상상공작소R.ttf
1.6087 	WARNING 	Font Manager failed to load file C:\Users\user\AppData\Local\Microsoft\Windows\Fonts\210 카툰스토리L.ttf
1.6103 	WARNING 	Font Manager failed to load file C:\Users\user\AppData\Local\Microsoft\Windows\Fonts\210 맨발의청춘R.ttf
1.6141 	WARNING 	Font Manager failed to load file C:\Users\user\AppData\Local\Microsoft\Windows\Fonts\a고딕11.ttf
1.6169 	WARNING 	Font Manager failed to load file C:\Users\user\AppData\Local\Microsoft\Windows\Fonts\210 씨앗B.ttf
1.6182 	WARNING 	Font Manager failed to load file C:\Users\user\AppData\Local\Microsoft\Windows\Fonts\아리따-돋움(TTF)-Bold.ttf
1.6191 	WARNING 	Font Manager failed to load file C:\Users\user\AppData\Local\Microsoft\Windows\Fonts\210 씨앗R.ttf
1.6192 	WARNING 	Font Manager failed to load file C:\Users\user\AppData\Local\Microsoft\Windows\Fonts\210 상상공작소B.ttf
1.6203 	WARNING 	Font Manager failed to load file C:\Users\user\AppData\Local\Microsoft\Windows\Fonts\210 카툰스토리R.ttf
1.6206 	WARNING 	Font Manager failed to load file C:\Users\user\AppData\Local\Microsoft\Windows\Fonts\a뉴굴림3.ttf
1.6220 	WARNING 	Font Manager failed to load file C:\Users\user\AppData\Local\Microsoft\Windows\Fonts\서울남산 장체BL.ttf
1.6243 	WARNING 	Font Manager failed to load file C:\Users\user\AppData\Local\Microsoft\Windows\Fonts\210 동화책L.ttf
1.6272 	WARNING 	Font Manager failed to load file C:\Users\user\AppData\Local\Microsoft\Windows\Fonts\210 상상공작소L.ttf
1.6281 	WARNING 	Font Manager failed to load file C:\Users\user\AppData\Local\Microsoft\Windows\Fonts\210 씨앗L.ttf
1.6286 	WARNING 	Font Manager failed to load file C:\Users\user\AppData\Local\Microsoft\Windows\Fonts\아리따-돋움(TTF)-SemiBold.ttf
1.6287 	WARNING 	Font Manager failed to load file C:\Users\user\AppData\Local\Microsoft\Windows\Fonts\210 동화책R.ttf
1.6336 	WARNING 	Font Manager failed to load file C:\Users\user\AppData\Local\Microsoft\Windows\Fonts\a시나리오.ttf
1.6339 	WARNING 	Font Manager failed to load file C:\Users\user\AppData\Local\Microsoft\Windows\Fonts\210 하얀바람R.ttf
1.6384 	WARNING 	Font Manager failed to load file C:\Users\user\AppData\Local\Microsoft\Windows\Fonts\a뉴굴림4.ttf
1.6391 	WARNING 	Font Manager failed to load file C:\Users\user\AppData\Local\Microsoft\Windows\Fonts\나눔고딕L.ttf
1.6408 	WARNING 	Font Manager failed to load file C:\Users\user\AppData\Local\Microsoft\Windows\Fonts\210 나무고딕EB.ttf
1.6427 	WARNING 	Font Manager failed to load file C:\Users\user\AppData\Local\Microsoft\Windows\Fonts\a고딕16.ttf
1.6455 	WARNING 	Font Manager failed to load file C:\Users\user\AppData\Local\Microsoft\Windows\Fonts\서울남산 장체B.ttf
1.6476 	WARNING 	Font Manager failed to load file C:\Users\user\AppData\Local\Microsoft\Windows\Fonts\아리따-돋움(TTF)-Light.ttf
1.6490 	WARNING 	Font Manager failed to load file C:\Users\user\AppData\Local\Microsoft\Windows\Fonts\a고딕14.ttf
1.6527 	WARNING 	Font Manager failed to load file C:\Users\user\AppData\Local\Microsoft\Windows\Fonts\210 맨발의청춘B.ttf
1.6626 	WARNING 	Font Manager failed to load file C:\Users\user\AppData\Local\Microsoft\Windows\Fonts\210 콤퓨타세탁L.ttf
1.6645 	WARNING 	Font Manager failed to load file C:\Users\user\AppData\Local\Microsoft\Windows\Fonts\아리따-돋움(TTF)-Medium.ttf
1.6658 	WARNING 	Font Manager failed to load file C:\Users\user\AppData\Local\Microsoft\Windows\Fonts\a뉴굴림1.ttf
1.6673 	WARNING 	Font Manager failed to load file C:\Users\user\AppData\Local\Microsoft\Windows\Fonts\a고딕15.ttf
1.6674 	WARNING 	Font Manager failed to load file C:\Users\user\AppData\Local\Microsoft\Windows\Fonts\210 콤퓨타세탁B.ttf
1.6681 	WARNING 	Font Manager failed to load file C:\Users\user\AppData\Local\Microsoft\Windows\Fonts\210 동화책B.ttf
1.6682 	WARNING 	Font Manager failed to load file C:\Users\user\AppData\Local\Microsoft\Windows\Fonts\서울남산 장체L.ttf
1.6685 	WARNING 	Font Manager failed to load file C:\Users\user\AppData\Local\Microsoft\Windows\Fonts\a고딕10.ttf
1.6697 	WARNING 	Font Manager failed to load file C:\Users\user\AppData\Local\Microsoft\Windows\Fonts\a고딕12.ttf
1.6710 	WARNING 	Font Manager failed to load file C:\Users\user\AppData\Local\Microsoft\Windows\Fonts\210 카툰스토리B.ttf
1.6758 	WARNING 	Font Manager failed to load file C:\Users\user\AppData\Local\Microsoft\Windows\Fonts\서울남산 장체EB.ttf
1.8907 	WARNING 	Font Manager failed to load file C:\Users\user\AppData\Local\Microsoft\Windows\Fonts\210 나무고딕L.ttf
1.8913 	WARNING 	Font Manager failed to load file C:\Users\user\AppData\Local\Microsoft\Windows\Fonts\210 나무고딕B.ttf
1.8922 	WARNING 	Font Manager failed to load file C:\Users\user\AppData\Local\Microsoft\Windows\Fonts\210 맨발의청춘L.ttf
1.8925 	WARNING 	Font Manager failed to load file C:\Users\user\AppData\Local\Microsoft\Windows\Fonts\210 나무고딕R.ttf
1.8952 	WARNING 	Font Manager failed to load file C:\Users\user\AppData\Local\Microsoft\Windows\Fonts\a고딕13.ttf
1.8960 	WARNING 	Font Manager failed to load file C:\Users\user\AppData\Local\Microsoft\Windows\Fonts\서울남산 장체M.ttf
1.8965 	WARNING 	Font Manager failed to load file C:\Users\user\AppData\Local\Microsoft\Windows\Fonts\210 콤퓨타세탁R.ttf
1.8978 	WARNING 	Font Manager failed to load file C:\Users\user\AppData\Local\Microsoft\Windows\Fonts\210 하얀바람B.ttf
1.9000 	WARNING 	Font Manager failed to load file C:\Users\user\AppData\Local\Microsoft\Windows\Fonts\a뉴굴림2.ttf
1.9062 	WARNING 	Font Manager failed to load file C:\Users\user\AppData\Local\Microsoft\Windows\Fonts\아리따-돋움(TTF)-Thin.ttf
1.9089 	WARNING 	Font Manager failed to load file C:\Users\user\AppData\Local\Microsoft\Windows\Fonts\210 하얀바람L.ttf
1.9113 	WARNING 	Font Manager failed to load file C:\Users\user\AppData\Local\Microsoft\Windows\Fonts\210 상상공작소R.ttf
1.9129 	WARNING 	Font Manager failed to load file C:\Users\user\AppData\Local\Microsoft\Windows\Fonts\210 카툰스토리L.ttf
1.9145 	WARNING 	Font Manager failed to load file C:\Users\user\AppData\Local\Microsoft\Windows\Fonts\210 맨발의청춘R.ttf
1.9182 	WARNING 	Font Manager failed to load file C:\Users\user\AppData\Local\Microsoft\Windows\Fonts\a고딕11.ttf
1.9210 	WARNING 	Font Manager failed to load file C:\Users\user\AppData\Local\Microsoft\Windows\Fonts\210 씨앗B.ttf
1.9224 	WARNING 	Font Manager failed to load file C:\Users\user\AppData\Local\Microsoft\Windows\Fonts\아리따-돋움(TTF)-Bold.ttf
1.9233 	WARNING 	Font Manager failed to load file C:\Users\user\AppData\Local\Microsoft\Windows\Fonts\210 씨앗R.ttf
1.9234 	WARNING 	Font Manager failed to load file C:\Users\user\AppData\Local\Microsoft\Windows\Fonts\210 상상공작소B.ttf
1.9245 	WARNING 	Font Manager failed to load file C:\Users\user\AppData\Local\Microsoft\Windows\Fonts\210 카툰스토리R.ttf
1.9250 	WARNING 	Font Manager failed to load file C:\Users\user\AppData\Local\Microsoft\Windows\Fonts\a뉴굴림3.ttf
1.9266 	WARNING 	Font Manager failed to load file C:\Users\user\AppData\Local\Microsoft\Windows\Fonts\서울남산 장체BL.ttf
1.9289 	WARNING 	Font Manager failed to load file C:\Users\user\AppData\Local\Microsoft\Windows\Fonts\210 동화책L.ttf
1.9317 	WARNING 	Font Manager failed to load file C:\Users\user\AppData\Local\Microsoft\Windows\Fonts\210 상상공작소L.ttf
1.9326 	WARNING 	Font Manager failed to load file C:\Users\user\AppData\Local\Microsoft\Windows\Fonts\210 씨앗L.ttf
1.9332 	WARNING 	Font Manager failed to load file C:\Users\user\AppData\Local\Microsoft\Windows\Fonts\아리따-돋움(TTF)-SemiBold.ttf
1.9333 	WARNING 	Font Manager failed to load file C:\Users\user\AppData\Local\Microsoft\Windows\Fonts\210 동화책R.ttf
1.9381 	WARNING 	Font Manager failed to load file C:\Users\user\AppData\Local\Microsoft\Windows\Fonts\a시나리오.ttf
1.9384 	WARNING 	Font Manager failed to load file C:\Users\user\AppData\Local\Microsoft\Windows\Fonts\210 하얀바람R.ttf
1.9423 	WARNING 	Font Manager failed to load file C:\Users\user\AppData\Local\Microsoft\Windows\Fonts\a뉴굴림4.ttf
1.9431 	WARNING 	Font Manager failed to load file C:\Users\user\AppData\Local\Microsoft\Windows\Fonts\나눔고딕L.ttf
1.9447 	WARNING 	Font Manager failed to load file C:\Users\user\AppData\Local\Microsoft\Windows\Fonts\210 나무고딕EB.ttf
1.9465 	WARNING 	Font Manager failed to load file C:\Users\user\AppData\Local\Microsoft\Windows\Fonts\a고딕16.ttf
1.9494 	WARNING 	Font Manager failed to load file C:\Users\user\AppData\Local\Microsoft\Windows\Fonts\서울남산 장체B.ttf
1.9514 	WARNING 	Font Manager failed to load file C:\Users\user\AppData\Local\Microsoft\Windows\Fonts\아리따-돋움(TTF)-Light.ttf
1.9528 	WARNING 	Font Manager failed to load file C:\Users\user\AppData\Local\Microsoft\Windows\Fonts\a고딕14.ttf
1.9565 	WARNING 	Font Manager failed to load file C:\Users\user\AppData\Local\Microsoft\Windows\Fonts\210 맨발의청춘B.ttf
1.9660 	WARNING 	Font Manager failed to load file C:\Users\user\AppData\Local\Microsoft\Windows\Fonts\210 콤퓨타세탁L.ttf
1.9679 	WARNING 	Font Manager failed to load file C:\Users\user\AppData\Local\Microsoft\Windows\Fonts\아리따-돋움(TTF)-Medium.ttf
1.9692 	WARNING 	Font Manager failed to load file C:\Users\user\AppData\Local\Microsoft\Windows\Fonts\a뉴굴림1.ttf
1.9707 	WARNING 	Font Manager failed to load file C:\Users\user\AppData\Local\Microsoft\Windows\Fonts\a고딕15.ttf
1.9708 	WARNING 	Font Manager failed to load file C:\Users\user\AppData\Local\Microsoft\Windows\Fonts\210 콤퓨타세탁B.ttf
1.9715 	WARNING 	Font Manager failed to load file C:\Users\user\AppData\Local\Microsoft\Windows\Fonts\210 동화책B.ttf
1.9716 	WARNING 	Font Manager failed to load file C:\Users\user\AppData\Local\Microsoft\Windows\Fonts\서울남산 장체L.ttf
1.9720 	WARNING 	Font Manager failed to load file C:\Users\user\AppData\Local\Microsoft\Windows\Fonts\a고딕10.ttf
1.9731 	WARNING 	Font Manager failed to load file C:\Users\user\AppData\Local\Microsoft\Windows\Fonts\a고딕12.ttf
1.9744 	WARNING 	Font Manager failed to load file C:\Users\user\AppData\Local\Microsoft\Windows\Fonts\210 카툰스토리B.ttf
1.9789 	WARNING 	Font Manager failed to load file C:\Users\user\AppData\Local\Microsoft\Windows\Fonts\서울남산 장체EB.ttf
13.3768 	EXP 	Created window1 = Window(allowGUI=False, allowStencil=False, autoLog=True, backendConf=UNKNOWN, backgroundFit=<method-wrapper '__getattribute__' of attributeSetter object at 0x0000020D76A5B280>, backgroundImage=<method-wrapper '__getattribute__' of attributeSetter object at 0x0000020D76A5B220>, bitsMode=UNKNOWN, blendMode='avg', bpc=(8, 8, 8), color=array([-1., -1., -1.]), colorSpace='rgb', depthBits=8, fullscr=True, gamma=None, gammaErrorPolicy='raise', infoMsg=UNKNOWN, lms=UNKNOWN, monitor=<psychopy.monitors.calibTools.Monitor object at 0x0000020D76D285E0>, multiSample=False, name='window1', numSamples=2, pos=[np.float64(0.0), np.float64(0.0)], screen=0, size=array([1920, 1080]), stencilBits=0, stereo=False, title='PsychoPy', units='height', useFBO=True, useRetina=False, viewOri=0.0, viewPos=None, viewScale=None, waitBlanking=True, winType='pyglet')
13.3769 	EXP 	window1: backgroundImage = ''
13.3769 	EXP 	window1: backgroundFit = 'none'
13.6328 	EXP 	window1: Attempting to measure frame rate of screen (0) ...
13.6328 	EXP 	window1: recordFrameIntervals = False
13.7525 	EXP 	window1: recordFrameIntervals = True
13.8436 	EXP 	Screen (0) actual frame rate measured at 120.85Hz
13.8437 	EXP 	window1: recordFrameIntervals = False
14.9206 	EXP 	online_LDT&KRT: status = STARTED
15.0061 	EXP 	Created intro_text = TextStim(__class__=<class 'psychopy.visual.text.TextStim'>, alignHoriz=method-wrapper(...), alignText='center', alignVert=method-wrapper(...), anchorHoriz='center', anchorVert='center', antialias=True, autoDraw=False, autoLog=True, bold=False, color=array([1., 1., 1.]), colorSpace='rgb', contrast=1.0, depth=0.0, draggable=False, flipHoriz=False, flipVert=False, font='NanumGothic', fontFiles=[], height=np.float64(0.03), italic=False, languageStyle='LTR', name='intro_text', opacity=1, ori=0.0, pos=array([0., 0.]), rgb=UNKNOWN, text=str(...), units='height', win=Window(...), wrapWidth=1)
15.0245 	EXP 	Created LDT_intro_instr = TextStim(__class__=<class 'psychopy.visual.text.TextStim'>, alignHoriz=method-wrapper(...), alignText='center', alignVert=method-wrapper(...), anchorHoriz='center', anchorVert='center', antialias=True, autoDraw=False, autoLog=True, bold=False, color=array([1., 1., 1.]), colorSpace='rgb', contrast=1.0, depth=0.0, draggable=False, flipHoriz=False, flipVert=False, font='NanumGothic', fontFiles=[], height=np.float64(0.03), italic=False, languageStyle='LTR', name='LDT_intro_instr', opacity=1, ori=0.0, pos=array([0. , 0.2]), rgb=UNKNOWN, text=str(...), units='height', win=Window(...), wrapWidth=1)
15.0371 	EXP 	Created keyboard_LDT = ImageStim(__class__=<class 'psychopy.visual.image.ImageStim'>, anchor=('center', 'center'), autoLog=True, color=array([1., 1., 1.]), colorSpace='rgb', contrast=1.0, depth=-2.0, draggable=False, flipHoriz=np.False_, flipVert=np.False_, image='keyboard_LDT_RR.png', interpolate=True, mask=None, maskParams=None, name='keyboard_LDT', opacity=1, ori=0.0, pos=array([ 0. , -0.2]), size=array([0.6 , 0.35]), texRes=128.0, units='height', win=Window(...))
15.0397 	EXP 	Created LDT_prac_fix_text = TextStim(__class__=<class 'psychopy.visual.text.TextStim'>, alignHoriz=method-wrapper(...), alignText='center', alignVert=method-wrapper(...), anchorHoriz='center', anchorVert='center', antialias=True, autoDraw=False, autoLog=True, bold=False, color=array([1., 1., 1.]), colorSpace='rgb', contrast=1.0, depth=0.0, draggable=False, flipHoriz=False, flipVert=False, font='NanumGothic', fontFiles=[], height=np.float64(0.1), italic=False, languageStyle='LTR', name='LDT_prac_fix_text', opacity=1, ori=0, pos=array([0., 0.]), rgb=UNKNOWN, text='+', units='height', win=Window(...), wrapWidth=1)
15.0401 	EXP 	Created LDT_prac_stim_text = TextStim(__class__=<class 'psychopy.visual.text.TextStim'>, alignHoriz=method-wrapper(...), alignText='center', alignVert=method-wrapper(...), anchorHoriz='center', anchorVert='center', antialias=True, autoDraw=False, autoLog=True, bold=False, color=array([1., 1., 1.]), colorSpace='rgb', contrast=1.0, depth=-1.0, draggable=False, flipHoriz=False, flipVert=False, font='NanumGothic', fontFiles=[], height=0.1, italic=False, languageStyle='LTR', name='LDT_prac_stim_text', opacity=1, ori=0, pos=array([0., 0.]), rgb=UNKNOWN, text='', units='height', win=Window(...), wrapWidth=1)
15.0407 	EXP 	Created LDT_feedback_text = TextStim(__class__=<class 'psychopy.visual.text.TextStim'>, alignHoriz=method-wrapper(...), alignText='center', alignVert=method-wrapper(...), anchorHoriz='center', anchorVert='center', antialias=True, autoDraw=False, autoLog=True, bold=False, color=array([1., 1., 1.]), colorSpace='rgb', contrast=1.0, depth=-1.0, draggable=False, flipHoriz=False, flipVert=False, font='NanumGothic', fontFiles=[], height=0.05, italic=False, languageStyle='LTR', name='LDT_feedback_text', opacity=1, ori=0, pos=array([0., 0.]), rgb=UNKNOWN, text='', units='height', win=Window(...), wrapWidth=1)
15.0538 	EXP 	Created LDT_instr_text = TextStim(__class__=<class 'psychopy.visual.text.TextStim'>, alignHoriz=method-wrapper(...), alignText='center', alignVert=method-wrapper(...), anchorHoriz='center', anchorVert='center', antialias=True, autoDraw=False, autoLog=True, bold=False, color=array([1., 1., 1.]), colorSpace='rgb', contrast=1.0, depth=0.0, draggable=False, flipHoriz=False, flipVert=False, font='NanumGothic', fontFiles=[], height=np.float64(0.03), italic=False, languageStyle='LTR', name='LDT_instr_text', opacity=1, ori=0, pos=array([0., 0.]), rgb=UNKNOWN, text=str(...), units='height', win=Window(...), wrapWidth=1)
15.0551 	EXP 	Created LDT_fix_text = TextStim(__class__=<class 'psychopy.visual.text.TextStim'>, alignHoriz=method-wrapper(...), alignText='center', alignVert=method-wrapper(...), anchorHoriz='center', anchorVert='center', antialias=True, autoDraw=False, autoLog=True, bold=False, color=array([1., 1., 1.]), colorSpace='rgb', contrast=1.0, depth=0.0, draggable=False, flipHoriz=False, flipVert=False, font='NanumGothic', fontFiles=[], height=np.float64(0.1), italic=False, languageStyle='LTR', name='LDT_fix_text', opacity=1, ori=0, pos=array([0., 0.]), rgb=UNKNOWN, text='+', units='height', win=Window(...), wrapWidth=1)
15.0555 	EXP 	Created LDT_stim_text = TextStim(__class__=<class 'psychopy.visual.text.TextStim'>, alignHoriz=method-wrapper(...), alignText='center', alignVert=method-wrapper(...), anchorHoriz='center', anchorVert='center', antialias=True, autoDraw=False, autoLog=True, bold=False, color=array([1., 1., 1.]), colorSpace='rgb', contrast=1.0, depth=-1.0, draggable=False, flipHoriz=False, flipVert=False, font='NanumGothic', fontFiles=[], height=0.1, italic=False, languageStyle='LTR', name='LDT_stim_text', opacity=1, ori=0, pos=array([0., 0.]), rgb=UNKNOWN, text='', units='height', win=Window(...), wrapWidth=1)
15.0607 	EXP 	Created LDT_break_text = TextStim(__class__=<class 'psychopy.visual.text.TextStim'>, alignHoriz=method-wrapper(...), alignText='center', alignVert=method-wrapper(...), anchorHoriz='center', anchorVert='center', antialias=True, autoDraw=False, autoLog=True, bold=False, color=array([1., 1., 1.]), colorSpace='rgb', contrast=1.0, depth=-1.0, draggable=False, flipHoriz=False, flipVert=False, font='NanumGothic', fontFiles=[], height=np.float64(0.03), italic=False, languageStyle='LTR', name='LDT_break_text', opacity=1, ori=0.0, pos=array([0., 0.]), rgb=UNKNOWN, text=str(...), units='height', win=Window(...), wrapWidth=1)
15.0658 	EXP 	Created end_text = TextStim(__class__=<class 'psychopy.visual.text.TextStim'>, alignHoriz=method-wrapper(...), alignText='center', alignVert=method-wrapper(...), anchorHoriz='center', anchorVert='center', antialias=True, autoDraw=False, autoLog=True, bold=False, color=array([1., 1., 1.]), colorSpace='rgb', contrast=1.0, depth=0.0, draggable=False, flipHoriz=False, flipVert=False, font='NanumGothic', fontFiles=[], height=np.float64(0.03), italic=False, languageStyle='LTR', name='end_text', opacity=1, ori=0, pos=array([0., 0.]), rgb=UNKNOWN, text='실험이 종료되었습니다. \n\n실험에 참여해 주셔서 감사합니다.\n\n', units='height', win=Window(...), wrapWidth=1)
0.0122 	EXP 	intro_text: autoDraw = True
10.0347 	EXP 	Device response: <KeyPress from None: t=10.002405699997325, value=hangul, duration=None>
10.0347 	EXP 	Device response: <KeyPress from None: t=10.00338739999279, value=rcmd, duration=None>
10.0351 	EXP 	Device response: <KeyPress from None: t=10.01185149999219, value=space, duration=None>
10.0352 	EXP 	Device response: <KeyPress from None: t=10.002405699997325, value=hangul, duration=0.024977900000521913>
10.0352 	EXP 	Device response: <KeyPress from None: t=10.00338739999279, value=rcmd, duration=0.03126410000550095>
10.0473 	EXP 	intro_text: autoDraw = False
10.0473 	EXP 	LDT_intro_instr: autoDraw = True
10.0473 	EXP 	keyboard_LDT: autoDraw = True
10.0477 	EXP 	Device response: <KeyPress from None: t=10.01185149999219, value=space, duration=0.030525800000759773>
10.0481 	DATA 	Keypress: rwindows
10.0977 	DATA 	Keypress: space
10.1645 	EXP 	Device response: <KeyPress from None: t=10.155904999992345, value=space, duration=None>
10.1690 	EXP 	Imported LDT_pracStim.xlsx as conditions, 10 conditions, 5 params
10.1692 	EXP 	New trial (rep=0, index=0): <Trial 0 (0 in rep 0) data={'Task': 'LDT', 'TrialType': 'Practice', 'Stimuli': 'cucumber', 'CorrectResponse': 'l', 'StimulusType': 'word', 'thisN': 0, 'thisTrialN': 0, 'thisRepN': 0}>
10.1747 	DATA 	Keypress: space
10.1808 	EXP 	LDT_intro_instr: autoDraw = False
10.1808 	EXP 	keyboard_LDT: autoDraw = False
10.1808 	EXP 	LDT_prac_stim_text: height = np.float64(0.1)
10.1808 	EXP 	LDT_prac_stim_text: height = np.float64(0.1)
10.1808 	EXP 	LDT_prac_stim_text: height = np.float64(0.1)
10.1808 	EXP 	LDT_prac_stim_text: text = 'cucumber'
10.1808 	EXP 	LDT_prac_fix_text: autoDraw = True
10.1894 	EXP 	Device response: <KeyPress from None: t=10.155904999992345, value=space, duration=0.030792600009590387>
10.6561 	EXP 	LDT_prac_stim_text: autoDraw = True
10.6728 	EXP 	LDT_prac_fix_text: autoDraw = False
22.8103 	EXP 	Device response: <KeyPress from None: t=22.80266539999866, value=l, duration=None>
22.8185 	EXP 	LDT_prac_fix_text: autoDraw = False
22.8185 	EXP 	LDT_prac_stim_text: autoDraw = False
22.8185 	EXP 	LDT_feedback_text: height = np.float64(0.05)
22.8185 	EXP 	LDT_feedback_text: height = np.float64(0.05)
22.8185 	EXP 	LDT_feedback_text: height = np.float64(0.05)
22.8185 	EXP 	LDT_feedback_text: text = '정답입니다!'
22.8185 	EXP 	LDT_feedback_text: autoDraw = True
22.8520 	EXP 	Device response: <KeyPress from None: t=22.80266539999866, value=l, duration=0.03982190000533592>
23.8029 	EXP 	New trial (rep=0, index=1): <Trial 1 (1 in rep 0) data={'Task': 'LDT', 'TrialType': 'Practice', 'Stimuli': 'concept', 'CorrectResponse': 'l', 'StimulusType': 'word', 'thisN': 1, 'thisTrialN': 1, 'thisRepN': 0}>
23.8109 	EXP 	LDT_feedback_text: autoDraw = False
23.8109 	EXP 	LDT_feedback_text: autoDraw = False
23.8109 	EXP 	LDT_prac_stim_text: height = np.float64(0.1)
23.8109 	EXP 	LDT_prac_stim_text: height = np.float64(0.1)
23.8109 	EXP 	LDT_prac_stim_text: height = np.float64(0.1)
23.8109 	EXP 	LDT_prac_stim_text: text = 'concept'
23.8109 	EXP 	LDT_prac_fix_text: autoDraw = True
24.3032 	EXP 	LDT_prac_fix_text: autoDraw = False
24.3032 	EXP 	LDT_prac_stim_text: autoDraw = True
25.0041 	EXP 	Device response: <KeyPress from None: t=25.002969499997562, value=l, duration=None>
25.0122 	EXP 	LDT_prac_fix_text: autoDraw = False
25.0122 	EXP 	LDT_prac_stim_text: autoDraw = False
25.0122 	EXP 	LDT_feedback_text: text = '정답입니다!'
25.0122 	EXP 	LDT_feedback_text: autoDraw = True
25.0171 	DATA 	KeyPress: ㅣ
25.0624 	EXP 	Device response: <KeyPress from None: t=25.002969499997562, value=l, duration=0.05570080000325106>
25.9967 	EXP 	New trial (rep=0, index=2): <Trial 2 (2 in rep 0) data={'Task': 'LDT', 'TrialType': 'Practice', 'Stimuli': 'jeong', 'CorrectResponse': 'a', 'StimulusType': 'nonword', 'thisN': 2, 'thisTrialN': 2, 'thisRepN': 0}>
26.0048 	EXP 	LDT_feedback_text: autoDraw = False
26.0048 	EXP 	LDT_feedback_text: autoDraw = False
26.0048 	EXP 	LDT_prac_stim_text: height = np.float64(0.1)
26.0048 	EXP 	LDT_prac_stim_text: height = np.float64(0.1)
26.0048 	EXP 	LDT_prac_stim_text: height = np.float64(0.1)
26.0048 	EXP 	LDT_prac_stim_text: text = 'jeong'
26.0048 	EXP 	LDT_prac_fix_text: autoDraw = True
26.4969 	EXP 	LDT_prac_fix_text: autoDraw = False
26.4969 	EXP 	LDT_prac_stim_text: autoDraw = True
27.6317 	EXP 	Device response: <KeyPress from None: t=27.62634170000092, value=a, duration=None>
27.6397 	EXP 	LDT_prac_fix_text: autoDraw = False
27.6397 	EXP 	LDT_prac_stim_text: autoDraw = False
27.6397 	EXP 	LDT_feedback_text: text = '정답입니다!'
27.6397 	EXP 	LDT_feedback_text: autoDraw = True
27.6443 	DATA 	KeyPress: ㅣ
27.7067 	EXP 	Device response: <KeyPress from None: t=27.62634170000092, value=a, duration=0.07263139999122359>
28.6243 	EXP 	New trial (rep=0, index=3): <Trial 3 (3 in rep 0) data={'Task': 'LDT', 'TrialType': 'Practice', 'Stimuli': 'huftuk', 'CorrectResponse': 'a', 'StimulusType': 'nonword', 'thisN': 3, 'thisTrialN': 3, 'thisRepN': 0}>
28.6324 	EXP 	LDT_feedback_text: autoDraw = False
28.6324 	EXP 	LDT_feedback_text: autoDraw = False
28.6324 	EXP 	LDT_prac_stim_text: height = np.float64(0.1)
28.6324 	EXP 	LDT_prac_stim_text: height = np.float64(0.1)
28.6324 	EXP 	LDT_prac_stim_text: height = np.float64(0.1)
28.6324 	EXP 	LDT_prac_stim_text: text = 'huftuk'
28.6324 	EXP 	LDT_prac_fix_text: autoDraw = True
29.1245 	EXP 	LDT_prac_fix_text: autoDraw = False
29.1245 	EXP 	LDT_prac_stim_text: autoDraw = True
29.8674 	EXP 	Device response: <KeyPress from None: t=29.86637809999229, value=a, duration=None>
29.8752 	EXP 	LDT_prac_fix_text: autoDraw = False
29.8752 	EXP 	LDT_prac_stim_text: autoDraw = False
29.8752 	EXP 	LDT_feedback_text: text = '정답입니다!'
29.8752 	EXP 	LDT_feedback_text: autoDraw = True
29.8796 	DATA 	KeyPress: ㅁ
29.9590 	EXP 	Device response: <KeyPress from None: t=29.86637809999229, value=a, duration=0.08820330000889953>
30.8599 	EXP 	New trial (rep=0, index=4): <Trial 4 (4 in rep 0) data={'Task': 'LDT', 'TrialType': 'Practice', 'Stimuli': 'format', 'CorrectResponse': 'l', 'StimulusType': 'word', 'thisN': 4, 'thisTrialN': 4, 'thisRepN': 0}>
30.8680 	EXP 	LDT_feedback_text: autoDraw = False
30.8680 	EXP 	LDT_feedback_text: autoDraw = False
30.8680 	EXP 	LDT_prac_stim_text: height = np.float64(0.1)
30.8680 	EXP 	LDT_prac_stim_text: height = np.float64(0.1)
30.8680 	EXP 	LDT_prac_stim_text: height = np.float64(0.1)
30.8680 	EXP 	LDT_prac_stim_text: text = 'format'
30.8680 	EXP 	LDT_prac_fix_text: autoDraw = True
31.3601 	EXP 	LDT_prac_fix_text: autoDraw = False
31.3601 	EXP 	LDT_prac_stim_text: autoDraw = True
31.9526 	EXP 	Device response: <KeyPress from None: t=31.94688319999841, value=l, duration=None>
31.9607 	EXP 	LDT_prac_fix_text: autoDraw = False
31.9607 	EXP 	LDT_prac_stim_text: autoDraw = False
31.9607 	EXP 	LDT_feedback_text: text = '정답입니다!'
31.9607 	EXP 	LDT_feedback_text: autoDraw = True
32.0110 	EXP 	Device response: <KeyPress from None: t=31.94688319999841, value=l, duration=0.05608409999695141>
32.9453 	EXP 	New trial (rep=0, index=5): <Trial 5 (5 in rep 0) data={'Task': 'LDT', 'TrialType': 'Practice', 'Stimuli': 'yami', 'CorrectResponse': 'a', 'StimulusType': 'nonword', 'thisN': 5, 'thisTrialN': 5, 'thisRepN': 0}>
32.9533 	EXP 	LDT_feedback_text: autoDraw = False
32.9533 	EXP 	LDT_feedback_text: autoDraw = False
32.9533 	EXP 	LDT_prac_stim_text: height = np.float64(0.1)
32.9533 	EXP 	LDT_prac_stim_text: height = np.float64(0.1)
32.9533 	EXP 	LDT_prac_stim_text: height = np.float64(0.1)
32.9533 	EXP 	LDT_prac_stim_text: text = 'yami'
32.9533 	EXP 	LDT_prac_fix_text: autoDraw = True
33.4455 	EXP 	LDT_prac_fix_text: autoDraw = False
33.4455 	EXP 	LDT_prac_stim_text: autoDraw = True
34.4884 	EXP 	Device response: <KeyPress from None: t=34.482923999996274, value=a, duration=None>
34.4965 	EXP 	LDT_prac_fix_text: autoDraw = False
34.4965 	EXP 	LDT_prac_stim_text: autoDraw = False
34.4965 	EXP 	LDT_feedback_text: text = '정답입니다!'
34.4965 	EXP 	LDT_feedback_text: autoDraw = True
34.5386 	EXP 	Device response: <KeyPress from None: t=34.482923999996274, value=a, duration=0.055411900000763126>
35.4811 	EXP 	New trial (rep=0, index=6): <Trial 6 (6 in rep 0) data={'Task': 'LDT', 'TrialType': 'Practice', 'Stimuli': 'cluerk', 'CorrectResponse': 'a', 'StimulusType': 'nonword', 'thisN': 6, 'thisTrialN': 6, 'thisRepN': 0}>
35.4892 	EXP 	LDT_feedback_text: autoDraw = False
35.4892 	EXP 	LDT_feedback_text: autoDraw = False
35.4892 	EXP 	LDT_prac_stim_text: height = np.float64(0.1)
35.4892 	EXP 	LDT_prac_stim_text: height = np.float64(0.1)
35.4892 	EXP 	LDT_prac_stim_text: height = np.float64(0.1)
35.4892 	EXP 	LDT_prac_stim_text: text = 'cluerk'
35.4892 	EXP 	LDT_prac_fix_text: autoDraw = True
35.9813 	EXP 	LDT_prac_fix_text: autoDraw = False
35.9813 	EXP 	LDT_prac_stim_text: autoDraw = True
36.6739 	EXP 	Device response: <KeyPress from None: t=36.6668886999978, value=a, duration=None>
36.6820 	EXP 	LDT_prac_fix_text: autoDraw = False
36.6820 	EXP 	LDT_prac_stim_text: autoDraw = False
36.6820 	EXP 	LDT_feedback_text: text = '정답입니다!'
36.6820 	EXP 	LDT_feedback_text: autoDraw = True
36.6868 	DATA 	KeyPress: 밈
36.7407 	EXP 	Device response: <KeyPress from None: t=36.6668886999978, value=a, duration=0.07158530000015162>
37.6666 	EXP 	New trial (rep=0, index=7): <Trial 7 (7 in rep 0) data={'Task': 'LDT', 'TrialType': 'Practice', 'Stimuli': 'truck', 'CorrectResponse': 'l', 'StimulusType': 'word', 'thisN': 7, 'thisTrialN': 7, 'thisRepN': 0}>
37.6747 	EXP 	LDT_feedback_text: autoDraw = False
37.6747 	EXP 	LDT_feedback_text: autoDraw = False
37.6747 	EXP 	LDT_prac_stim_text: height = np.float64(0.1)
37.6747 	EXP 	LDT_prac_stim_text: height = np.float64(0.1)
37.6747 	EXP 	LDT_prac_stim_text: height = np.float64(0.1)
37.6747 	EXP 	LDT_prac_stim_text: text = 'truck'
37.6747 	EXP 	LDT_prac_fix_text: autoDraw = True
38.1668 	EXP 	LDT_prac_fix_text: autoDraw = False
38.1668 	EXP 	LDT_prac_stim_text: autoDraw = True
38.7677 	EXP 	Device response: <KeyPress from None: t=38.76257419999456, value=l, duration=None>
38.7758 	EXP 	LDT_prac_fix_text: autoDraw = False
38.7758 	EXP 	LDT_prac_stim_text: autoDraw = False
38.7758 	EXP 	LDT_feedback_text: text = '정답입니다!'
38.7758 	EXP 	LDT_feedback_text: autoDraw = True
38.8514 	EXP 	Device response: <KeyPress from None: t=38.76257419999456, value=l, duration=0.08031970000592992>
39.7604 	EXP 	New trial (rep=0, index=8): <Trial 8 (8 in rep 0) data={'Task': 'LDT', 'TrialType': 'Practice', 'Stimuli': 'baseball', 'CorrectResponse': 'l', 'StimulusType': 'word', 'thisN': 8, 'thisTrialN': 8, 'thisRepN': 0}>
39.7684 	EXP 	LDT_feedback_text: autoDraw = False
39.7684 	EXP 	LDT_feedback_text: autoDraw = False
39.7684 	EXP 	LDT_prac_stim_text: height = np.float64(0.1)
39.7684 	EXP 	LDT_prac_stim_text: height = np.float64(0.1)
39.7684 	EXP 	LDT_prac_stim_text: height = np.float64(0.1)
39.7684 	EXP 	LDT_prac_stim_text: text = 'baseball'
39.7684 	EXP 	LDT_prac_fix_text: autoDraw = True
40.2606 	EXP 	LDT_prac_fix_text: autoDraw = False
40.2606 	EXP 	LDT_prac_stim_text: autoDraw = True
40.9283 	EXP 	Device response: <KeyPress from None: t=40.922739699992235, value=l, duration=None>
40.9362 	EXP 	LDT_prac_fix_text: autoDraw = False
40.9362 	EXP 	LDT_prac_stim_text: autoDraw = False
40.9362 	EXP 	LDT_feedback_text: text = '정답입니다!'
40.9362 	EXP 	LDT_feedback_text: autoDraw = True
40.9406 	DATA 	KeyPress: 미
41.0032 	EXP 	Device response: <KeyPress from None: t=40.922739699992235, value=l, duration=0.07298370001080912>
41.9208 	EXP 	New trial (rep=0, index=9): <Trial 9 (9 in rep 0) data={'Task': 'LDT', 'TrialType': 'Practice', 'Stimuli': 'lankua', 'CorrectResponse': 'a', 'StimulusType': 'nonword', 'thisN': 9, 'thisTrialN': 9, 'thisRepN': 0}>
41.9289 	EXP 	LDT_feedback_text: autoDraw = False
41.9289 	EXP 	LDT_feedback_text: autoDraw = False
41.9289 	EXP 	LDT_prac_stim_text: height = np.float64(0.1)
41.9289 	EXP 	LDT_prac_stim_text: height = np.float64(0.1)
41.9289 	EXP 	LDT_prac_stim_text: height = np.float64(0.1)
41.9289 	EXP 	LDT_prac_stim_text: text = 'lankua'
41.9289 	EXP 	LDT_prac_fix_text: autoDraw = True
42.4211 	EXP 	LDT_prac_fix_text: autoDraw = False
42.4211 	EXP 	LDT_prac_stim_text: autoDraw = True
43.3306 	EXP 	Device response: <KeyPress from None: t=43.3232616000023, value=a, duration=None>
43.3387 	EXP 	LDT_prac_fix_text: autoDraw = False
43.3387 	EXP 	LDT_prac_stim_text: autoDraw = False
43.3387 	EXP 	LDT_feedback_text: text = '정답입니다!'
43.3387 	EXP 	LDT_feedback_text: autoDraw = True
43.3434 	DATA 	KeyPress: ㅣ
43.3723 	EXP 	Device response: <KeyPress from None: t=43.3232616000023, value=a, duration=0.04847880000306759>
44.3313 	EXP 	LDT_feedback_text: autoDraw = False
44.3313 	EXP 	LDT_feedback_text: autoDraw = False
44.3313 	EXP 	LDT_instr_text: autoDraw = True
56.7857 	EXP 	Device response: <KeyPress from None: t=56.778149000005214, value=space, duration=None>
56.8054 	EXP 	Imported LDT_Stim.xlsx as conditions, 222 conditions, 6 params
56.8065 	EXP 	New trial (rep=0, index=0): <Trial 0 (0 in rep 0) data={'Task': 'LDT', 'TrialType': 'Target', 'Stimuli': 'vome', 'StimulusType': 'nonword', 'CorrectResponse': 'a', 'Trialnumb': 213, 'thisN': 0, 'thisTrialN': 0, 'thisRepN': 0}>
56.8187 	EXP 	LDT_instr_text: autoDraw = False
56.8187 	EXP 	LDT_stim_text: height = np.float64(0.1)
56.8187 	EXP 	LDT_stim_text: height = np.float64(0.1)
56.8187 	EXP 	LDT_stim_text: height = np.float64(0.1)
56.8187 	EXP 	LDT_stim_text: text = 'vome'
56.8187 	EXP 	LDT_fix_text: autoDraw = True
56.8203 	DATA 	Keypress: space
56.8608 	EXP 	Device response: <KeyPress from None: t=56.778149000005214, value=space, duration=0.07977779999782797>
57.2775 	EXP 	LDT_stim_text: autoDraw = True
57.3109 	EXP 	LDT_fix_text: autoDraw = False
57.9702 	EXP 	Device response: <KeyPress from None: t=57.96285379999608, value=a, duration=None>
57.9704 	EXP 	New trial (rep=0, index=1): <Trial 1 (1 in rep 0) data={'Task': 'LDT', 'TrialType': 'Target', 'Stimuli': 'kear', 'StimulusType': 'nonword', 'CorrectResponse': 'a', 'Trialnumb': 163, 'thisN': 1, 'thisTrialN': 1, 'thisRepN': 0}>
57.9782 	EXP 	LDT_fix_text: autoDraw = False
57.9782 	EXP 	LDT_stim_text: autoDraw = False
57.9782 	EXP 	LDT_break_text: autoDraw = False
57.9782 	EXP 	LDT_stim_text: height = np.float64(0.1)
57.9782 	EXP 	LDT_stim_text: height = np.float64(0.1)
57.9782 	EXP 	LDT_stim_text: height = np.float64(0.1)
57.9782 	EXP 	LDT_stim_text: text = 'kear'
57.9782 	EXP 	LDT_fix_text: autoDraw = True
58.0202 	EXP 	Device response: <KeyPress from None: t=57.96285379999608, value=a, duration=0.04895490000490099>
58.4620 	EXP 	LDT_stim_text: autoDraw = True
58.4705 	EXP 	LDT_fix_text: autoDraw = False
59.1213 	EXP 	Device response: <KeyPress from None: t=59.114782699994976, value=a, duration=None>
59.1215 	EXP 	New trial (rep=0, index=2): <Trial 2 (2 in rep 0) data={'Task': 'LDT', 'TrialType': 'Target', 'Stimuli': 'lay', 'StimulusType': 'word', 'CorrectResponse': 'l', 'Trialnumb': 71, 'thisN': 2, 'thisTrialN': 2, 'thisRepN': 0}>
59.1294 	EXP 	LDT_fix_text: autoDraw = False
59.1294 	EXP 	LDT_stim_text: autoDraw = False
59.1294 	EXP 	LDT_break_text: autoDraw = False
59.1294 	EXP 	LDT_stim_text: height = np.float64(0.1)
59.1294 	EXP 	LDT_stim_text: height = np.float64(0.1)
59.1294 	EXP 	LDT_stim_text: height = np.float64(0.1)
59.1294 	EXP 	LDT_stim_text: text = 'lay'
59.1294 	EXP 	LDT_fix_text: autoDraw = True
59.1341 	DATA 	KeyPress: ㅁ
59.1797 	EXP 	Device response: <KeyPress from None: t=59.114782699994976, value=a, duration=0.0638459000037983>
59.6132 	EXP 	LDT_stim_text: autoDraw = True
59.6215 	EXP 	LDT_fix_text: autoDraw = False
60.2142 	EXP 	Device response: <KeyPress from None: t=60.210918600001605, value=l, duration=None>
60.2144 	EXP 	New trial (rep=0, index=3): <Trial 3 (3 in rep 0) data={'Task': 'LDT', 'TrialType': 'Target', 'Stimuli': 'trip', 'StimulusType': 'word', 'CorrectResponse': 'l', 'Trialnumb': 35, 'thisN': 3, 'thisTrialN': 3, 'thisRepN': 0}>
60.2221 	EXP 	LDT_fix_text: autoDraw = False
60.2221 	EXP 	LDT_stim_text: autoDraw = False
60.2221 	EXP 	LDT_break_text: autoDraw = False
60.2221 	EXP 	LDT_stim_text: height = np.float64(0.1)
60.2221 	EXP 	LDT_stim_text: height = np.float64(0.1)
60.2221 	EXP 	LDT_stim_text: height = np.float64(0.1)
60.2221 	EXP 	LDT_stim_text: text = 'trip'
60.2221 	EXP 	LDT_fix_text: autoDraw = True
60.3308 	EXP 	Device response: <KeyPress from None: t=60.210918600001605, value=l, duration=0.11244899999292102>
60.7059 	EXP 	LDT_stim_text: autoDraw = True
60.7143 	EXP 	LDT_fix_text: autoDraw = False
61.2067 	EXP 	Device response: <KeyPress from None: t=61.20331609999994, value=l, duration=None>
61.2069 	EXP 	New trial (rep=0, index=4): <Trial 4 (4 in rep 0) data={'Task': 'LDT', 'TrialType': 'Target', 'Stimuli': 'stort', 'StimulusType': 'nonword', 'CorrectResponse': 'a', 'Trialnumb': 201, 'thisN': 4, 'thisTrialN': 4, 'thisRepN': 0}>
61.2148 	EXP 	LDT_fix_text: autoDraw = False
61.2148 	EXP 	LDT_stim_text: autoDraw = False
61.2148 	EXP 	LDT_break_text: autoDraw = False
61.2148 	EXP 	LDT_stim_text: height = np.float64(0.1)
61.2148 	EXP 	LDT_stim_text: height = np.float64(0.1)
61.2148 	EXP 	LDT_stim_text: height = np.float64(0.1)
61.2148 	EXP 	LDT_stim_text: text = 'stort'
61.2148 	EXP 	LDT_fix_text: autoDraw = True
61.2200 	DATA 	KeyPress: 미
61.3069 	EXP 	Device response: <KeyPress from None: t=61.20331609999994, value=l, duration=0.10329359999741428>
61.6986 	EXP 	LDT_stim_text: autoDraw = True
61.7069 	EXP 	LDT_fix_text: autoDraw = False
62.7666 	EXP 	Device response: <KeyPress from None: t=62.762100899999496, value=a, duration=None>
62.7668 	EXP 	New trial (rep=0, index=5): <Trial 5 (5 in rep 0) data={'Task': 'LDT', 'TrialType': 'Target', 'Stimuli': 'hide', 'StimulusType': 'word', 'CorrectResponse': 'l', 'Trialnumb': 68, 'thisN': 5, 'thisTrialN': 5, 'thisRepN': 0}>
62.7747 	EXP 	LDT_fix_text: autoDraw = False
62.7747 	EXP 	LDT_stim_text: autoDraw = False
62.7747 	EXP 	LDT_break_text: autoDraw = False
62.7747 	EXP 	LDT_stim_text: height = np.float64(0.1)
62.7747 	EXP 	LDT_stim_text: height = np.float64(0.1)
62.7747 	EXP 	LDT_stim_text: height = np.float64(0.1)
62.7747 	EXP 	LDT_stim_text: text = 'hide'
62.7747 	EXP 	LDT_fix_text: autoDraw = True
62.7794 	DATA 	KeyPress: ㅣ
62.8500 	EXP 	Device response: <KeyPress from None: t=62.762100899999496, value=a, duration=0.08031730000220705>
63.2585 	EXP 	LDT_stim_text: autoDraw = True
63.2668 	EXP 	LDT_fix_text: autoDraw = False
63.7176 	EXP 	Device response: <KeyPress from None: t=63.715081300004385, value=l, duration=None>
63.7178 	EXP 	New trial (rep=0, index=6): <Trial 6 (6 in rep 0) data={'Task': 'LDT', 'TrialType': 'Target', 'Stimuli': 'grew', 'StimulusType': 'word', 'CorrectResponse': 'l', 'Trialnumb': 89, 'thisN': 6, 'thisTrialN': 6, 'thisRepN': 0}>
63.7256 	EXP 	LDT_fix_text: autoDraw = False
63.7256 	EXP 	LDT_stim_text: autoDraw = False
63.7256 	EXP 	LDT_break_text: autoDraw = False
63.7256 	EXP 	LDT_stim_text: height = np.float64(0.1)
63.7256 	EXP 	LDT_stim_text: height = np.float64(0.1)
63.7256 	EXP 	LDT_stim_text: height = np.float64(0.1)
63.7256 	EXP 	LDT_stim_text: text = 'grew'
63.7256 	EXP 	LDT_fix_text: autoDraw = True
63.8093 	EXP 	Device response: <KeyPress from None: t=63.715081300004385, value=l, duration=0.08713390000048093>
64.2094 	EXP 	LDT_stim_text: autoDraw = True
64.2177 	EXP 	LDT_fix_text: autoDraw = False
65.3609 	EXP 	Device response: <KeyPress from None: t=65.35417649999727, value=l, duration=None>
65.3612 	EXP 	New trial (rep=0, index=7): <Trial 7 (7 in rep 0) data={'Task': 'LDT', 'TrialType': 'Target', 'Stimuli': 'jeed', 'StimulusType': 'nonword', 'CorrectResponse': 'a', 'Trialnumb': 158, 'thisN': 7, 'thisTrialN': 7, 'thisRepN': 0}>
65.3689 	EXP 	LDT_fix_text: autoDraw = False
65.3689 	EXP 	LDT_stim_text: autoDraw = False
65.3689 	EXP 	LDT_break_text: autoDraw = False
65.3689 	EXP 	LDT_stim_text: height = np.float64(0.1)
65.3689 	EXP 	LDT_stim_text: height = np.float64(0.1)
65.3689 	EXP 	LDT_stim_text: height = np.float64(0.1)
65.3689 	EXP 	LDT_stim_text: text = 'jeed'
65.3689 	EXP 	LDT_fix_text: autoDraw = True
65.3735 	DATA 	KeyPress: 미
65.4443 	EXP 	Device response: <KeyPress from None: t=65.35417649999727, value=l, duration=0.08793839999998454>
65.8527 	EXP 	LDT_stim_text: autoDraw = True
65.8611 	EXP 	LDT_fix_text: autoDraw = False
66.4286 	EXP 	Device response: <KeyPress from None: t=66.42768510000315, value=a, duration=None>
66.4289 	EXP 	New trial (rep=0, index=8): <Trial 8 (8 in rep 0) data={'Task': 'LDT', 'TrialType': 'Target', 'Stimuli': 'yeep', 'StimulusType': 'nonword', 'CorrectResponse': 'a', 'Trialnumb': 219, 'thisN': 8, 'thisTrialN': 8, 'thisRepN': 0}>
66.4367 	EXP 	LDT_fix_text: autoDraw = False
66.4367 	EXP 	LDT_stim_text: autoDraw = False
66.4367 	EXP 	LDT_break_text: autoDraw = False
66.4367 	EXP 	LDT_stim_text: height = np.float64(0.1)
66.4367 	EXP 	LDT_stim_text: height = np.float64(0.1)
66.4367 	EXP 	LDT_stim_text: height = np.float64(0.1)
66.4367 	EXP 	LDT_stim_text: text = 'yeep'
66.4367 	EXP 	LDT_fix_text: autoDraw = True
66.4413 	DATA 	KeyPress: ㅣ
66.5203 	EXP 	Device response: <KeyPress from None: t=66.42768510000315, value=a, duration=0.08791089999431279>
66.9204 	EXP 	LDT_stim_text: autoDraw = True
66.9288 	EXP 	LDT_fix_text: autoDraw = False
67.4796 	EXP 	Device response: <KeyPress from None: t=67.47390840000298, value=a, duration=None>
67.4798 	EXP 	New trial (rep=0, index=9): <Trial 9 (9 in rep 0) data={'Task': 'LDT', 'TrialType': 'Target', 'Stimuli': 'rap', 'StimulusType': 'word', 'CorrectResponse': 'l', 'Trialnumb': 109, 'thisN': 9, 'thisTrialN': 9, 'thisRepN': 0}>
67.4877 	EXP 	LDT_fix_text: autoDraw = False
67.4877 	EXP 	LDT_stim_text: autoDraw = False
67.4877 	EXP 	LDT_break_text: autoDraw = False
67.4877 	EXP 	LDT_stim_text: height = np.float64(0.1)
67.4877 	EXP 	LDT_stim_text: height = np.float64(0.1)
67.4877 	EXP 	LDT_stim_text: height = np.float64(0.1)
67.4877 	EXP 	LDT_stim_text: text = 'rap'
67.4877 	EXP 	LDT_fix_text: autoDraw = True
67.4923 	DATA 	KeyPress: ㅁ
67.5548 	EXP 	Device response: <KeyPress from None: t=67.47390840000298, value=a, duration=0.08062899998913053>
67.9715 	EXP 	LDT_stim_text: autoDraw = True
67.9798 	EXP 	LDT_fix_text: autoDraw = False
68.7643 	EXP 	Device response: <KeyPress from None: t=68.76272149999568, value=l, duration=None>
68.7645 	EXP 	New trial (rep=0, index=10): <Trial 10 (10 in rep 0) data={'Task': 'LDT', 'TrialType': 'Target', 'Stimuli': 'short', 'StimulusType': 'word', 'CorrectResponse': 'l', 'Trialnumb': 50, 'thisN': 10, 'thisTrialN': 10, 'thisRepN': 0}>
68.7723 	EXP 	LDT_fix_text: autoDraw = False
68.7723 	EXP 	LDT_stim_text: autoDraw = False
68.7723 	EXP 	LDT_break_text: autoDraw = False
68.7723 	EXP 	LDT_stim_text: height = np.float64(0.1)
68.7723 	EXP 	LDT_stim_text: height = np.float64(0.1)
68.7723 	EXP 	LDT_stim_text: height = np.float64(0.1)
68.7723 	EXP 	LDT_stim_text: text = 'short'
68.7723 	EXP 	LDT_fix_text: autoDraw = True
68.8560 	EXP 	Device response: <KeyPress from None: t=68.76272149999568, value=l, duration=0.08770450000884011>
69.2561 	EXP 	LDT_stim_text: autoDraw = True
69.2644 	EXP 	LDT_fix_text: autoDraw = False
69.7236 	EXP 	Device response: <KeyPress from None: t=69.71611939999275, value=l, duration=None>
69.7238 	EXP 	New trial (rep=0, index=11): <Trial 11 (11 in rep 0) data={'Task': 'LDT', 'TrialType': 'Target', 'Stimuli': 'anto', 'StimulusType': 'nonword', 'CorrectResponse': 'a', 'Trialnumb': 117, 'thisN': 11, 'thisTrialN': 11, 'thisRepN': 0}>
69.7316 	EXP 	LDT_fix_text: autoDraw = False
69.7316 	EXP 	LDT_stim_text: autoDraw = False
69.7316 	EXP 	LDT_break_text: autoDraw = False
69.7316 	EXP 	LDT_stim_text: height = np.float64(0.1)
69.7316 	EXP 	LDT_stim_text: height = np.float64(0.1)
69.7316 	EXP 	LDT_stim_text: height = np.float64(0.1)
69.7316 	EXP 	LDT_stim_text: text = 'anto'
69.7316 	EXP 	LDT_fix_text: autoDraw = True
69.7363 	DATA 	KeyPress: 미
69.8153 	EXP 	Device response: <KeyPress from None: t=69.71611939999275, value=l, duration=0.0942469000001438>
70.2154 	EXP 	LDT_stim_text: autoDraw = True
70.2237 	EXP 	LDT_fix_text: autoDraw = False
70.7413 	EXP 	Device response: <KeyPress from None: t=70.73868999999831, value=a, duration=None>
70.7416 	EXP 	New trial (rep=0, index=12): <Trial 12 (12 in rep 0) data={'Task': 'LDT', 'TrialType': 'Target', 'Stimuli': 'mutch', 'StimulusType': 'nonword', 'CorrectResponse': 'a', 'Trialnumb': 175, 'thisN': 12, 'thisTrialN': 12, 'thisRepN': 0}>
70.7492 	EXP 	LDT_fix_text: autoDraw = False
70.7492 	EXP 	LDT_stim_text: autoDraw = False
70.7492 	EXP 	LDT_break_text: autoDraw = False
70.7492 	EXP 	LDT_stim_text: height = np.float64(0.1)
70.7492 	EXP 	LDT_stim_text: height = np.float64(0.1)
70.7492 	EXP 	LDT_stim_text: height = np.float64(0.1)
70.7492 	EXP 	LDT_stim_text: text = 'mutch'
70.7492 	EXP 	LDT_fix_text: autoDraw = True
70.7538 	DATA 	KeyPress: ㅣ
70.8413 	EXP 	Device response: <KeyPress from None: t=70.73868999999831, value=a, duration=0.09545259999867994>
71.2331 	EXP 	LDT_stim_text: autoDraw = True
71.2414 	EXP 	LDT_fix_text: autoDraw = False
71.7340 	EXP 	Device response: <KeyPress from None: t=71.73143810000329, value=a, duration=None>
71.7342 	EXP 	New trial (rep=0, index=13): <Trial 13 (13 in rep 0) data={'Task': 'LDT', 'TrialType': 'Target', 'Stimuli': 'drove', 'StimulusType': 'word', 'CorrectResponse': 'l', 'Trialnumb': 90, 'thisN': 13, 'thisTrialN': 13, 'thisRepN': 0}>
71.7419 	EXP 	LDT_fix_text: autoDraw = False
71.7419 	EXP 	LDT_stim_text: autoDraw = False
71.7419 	EXP 	LDT_break_text: autoDraw = False
71.7419 	EXP 	LDT_stim_text: height = np.float64(0.1)
71.7419 	EXP 	LDT_stim_text: height = np.float64(0.1)
71.7419 	EXP 	LDT_stim_text: height = np.float64(0.1)
71.7419 	EXP 	LDT_stim_text: text = 'drove'
71.7419 	EXP 	LDT_fix_text: autoDraw = True
71.7465 	DATA 	KeyPress: ㅁ
71.8590 	EXP 	Device response: <KeyPress from None: t=71.73143810000329, value=a, duration=0.11915569999837317>
72.2257 	EXP 	LDT_stim_text: autoDraw = True
72.2340 	EXP 	LDT_fix_text: autoDraw = False
72.7765 	EXP 	Device response: <KeyPress from None: t=72.77018779999344, value=a, duration=None>
72.7768 	EXP 	New trial (rep=0, index=14): <Trial 14 (14 in rep 0) data={'Task': 'LDT', 'TrialType': 'Target', 'Stimuli': 'end', 'StimulusType': 'word', 'CorrectResponse': 'l', 'Trialnumb': 33, 'thisN': 14, 'thisTrialN': 14, 'thisRepN': 0}>
72.7847 	EXP 	LDT_fix_text: autoDraw = False
72.7847 	EXP 	LDT_stim_text: autoDraw = False
72.7847 	EXP 	LDT_break_text: autoDraw = False
72.7847 	EXP 	LDT_stim_text: height = np.float64(0.1)
72.7847 	EXP 	LDT_stim_text: height = np.float64(0.1)
72.7847 	EXP 	LDT_stim_text: height = np.float64(0.1)
72.7847 	EXP 	LDT_stim_text: text = 'end'
72.7847 	EXP 	LDT_fix_text: autoDraw = True
72.7895 	DATA 	KeyPress: ㅁ
72.8686 	EXP 	Device response: <KeyPress from None: t=72.77018779999344, value=a, duration=0.09706410000217147>
73.2684 	EXP 	LDT_stim_text: autoDraw = True
73.2768 	EXP 	LDT_fix_text: autoDraw = False
73.6691 	EXP 	Device response: <KeyPress from None: t=73.66777359999833, value=l, duration=None>
73.6693 	EXP 	New trial (rep=0, index=15): <Trial 15 (15 in rep 0) data={'Task': 'LDT', 'TrialType': 'Target', 'Stimuli': 'few', 'StimulusType': 'word', 'CorrectResponse': 'l', 'Trialnumb': 18, 'thisN': 15, 'thisTrialN': 15, 'thisRepN': 0}>
73.6772 	EXP 	LDT_fix_text: autoDraw = False
73.6772 	EXP 	LDT_stim_text: autoDraw = False
73.6772 	EXP 	LDT_break_text: autoDraw = False
73.6772 	EXP 	LDT_stim_text: height = np.float64(0.1)
73.6772 	EXP 	LDT_stim_text: height = np.float64(0.1)
73.6772 	EXP 	LDT_stim_text: height = np.float64(0.1)
73.6772 	EXP 	LDT_stim_text: text = 'few'
73.6772 	EXP 	LDT_fix_text: autoDraw = True
73.7775 	EXP 	Device response: <KeyPress from None: t=73.66777359999833, value=l, duration=0.10213949999888428>
74.1610 	EXP 	LDT_stim_text: autoDraw = True
74.1693 	EXP 	LDT_fix_text: autoDraw = False
74.7119 	EXP 	Device response: <KeyPress from None: t=74.70597799999814, value=l, duration=None>
74.7122 	EXP 	New trial (rep=0, index=16): <Trial 16 (16 in rep 0) data={'Task': 'LDT', 'TrialType': 'Target', 'Stimuli': 'wost', 'StimulusType': 'nonword', 'CorrectResponse': 'a', 'Trialnumb': 217, 'thisN': 16, 'thisTrialN': 16, 'thisRepN': 0}>
74.7198 	EXP 	LDT_fix_text: autoDraw = False
74.7198 	EXP 	LDT_stim_text: autoDraw = False
74.7198 	EXP 	LDT_break_text: autoDraw = False
74.7198 	EXP 	LDT_stim_text: height = np.float64(0.1)
74.7198 	EXP 	LDT_stim_text: height = np.float64(0.1)
74.7198 	EXP 	LDT_stim_text: height = np.float64(0.1)
74.7198 	EXP 	LDT_stim_text: text = 'wost'
74.7198 	EXP 	LDT_fix_text: autoDraw = True
74.7246 	DATA 	KeyPress: 미
74.7953 	EXP 	Device response: <KeyPress from None: t=74.70597799999814, value=l, duration=0.08860040000581648>
75.2037 	EXP 	LDT_stim_text: autoDraw = True
75.2120 	EXP 	LDT_fix_text: autoDraw = False
75.7880 	EXP 	Device response: <KeyPress from None: t=75.78648179999436, value=a, duration=None>
75.7883 	EXP 	New trial (rep=0, index=17): <Trial 17 (17 in rep 0) data={'Task': 'LDT', 'TrialType': 'Target', 'Stimuli': 'suck', 'StimulusType': 'word', 'CorrectResponse': 'l', 'Trialnumb': 83, 'thisN': 17, 'thisTrialN': 17, 'thisRepN': 0}>
75.7959 	EXP 	LDT_fix_text: autoDraw = False
75.7959 	EXP 	LDT_stim_text: autoDraw = False
75.7959 	EXP 	LDT_break_text: autoDraw = False
75.7959 	EXP 	LDT_stim_text: height = np.float64(0.1)
75.7959 	EXP 	LDT_stim_text: height = np.float64(0.1)
75.7959 	EXP 	LDT_stim_text: height = np.float64(0.1)
75.7959 	EXP 	LDT_stim_text: text = 'suck'
75.7959 	EXP 	LDT_fix_text: autoDraw = True
75.8005 	DATA 	KeyPress: ㅣ
75.9047 	EXP 	Device response: <KeyPress from None: t=75.78648179999436, value=a, duration=0.11208110000006855>
76.2799 	EXP 	LDT_stim_text: autoDraw = True
76.2881 	EXP 	LDT_fix_text: autoDraw = False
76.9557 	EXP 	Device response: <KeyPress from None: t=76.95468959999562, value=l, duration=None>
76.9560 	EXP 	New trial (rep=0, index=18): <Trial 18 (18 in rep 0) data={'Task': 'LDT', 'TrialType': 'Target', 'Stimuli': 'cire', 'StimulusType': 'nonword', 'CorrectResponse': 'a', 'Trialnumb': 129, 'thisN': 18, 'thisTrialN': 18, 'thisRepN': 0}>
76.9640 	EXP 	LDT_fix_text: autoDraw = False
76.9640 	EXP 	LDT_stim_text: autoDraw = False
76.9640 	EXP 	LDT_break_text: autoDraw = False
76.9640 	EXP 	LDT_stim_text: height = np.float64(0.1)
76.9640 	EXP 	LDT_stim_text: height = np.float64(0.1)
76.9640 	EXP 	LDT_stim_text: height = np.float64(0.1)
76.9640 	EXP 	LDT_stim_text: text = 'cire'
76.9640 	EXP 	LDT_fix_text: autoDraw = True
77.0726 	EXP 	Device response: <KeyPress from None: t=76.95468959999562, value=l, duration=0.11259240000799764>
77.4476 	EXP 	LDT_stim_text: autoDraw = True
77.4559 	EXP 	LDT_fix_text: autoDraw = False
78.1236 	EXP 	Device response: <KeyPress from None: t=78.11524509999435, value=a, duration=None>
78.1239 	EXP 	New trial (rep=0, index=19): <Trial 19 (19 in rep 0) data={'Task': 'LDT', 'TrialType': 'Target', 'Stimuli': 'pulk', 'StimulusType': 'nonword', 'CorrectResponse': 'a', 'Trialnumb': 183, 'thisN': 19, 'thisTrialN': 19, 'thisRepN': 0}>
78.1316 	EXP 	LDT_fix_text: autoDraw = False
78.1316 	EXP 	LDT_stim_text: autoDraw = False
78.1316 	EXP 	LDT_break_text: autoDraw = False
78.1316 	EXP 	LDT_stim_text: height = np.float64(0.1)
78.1316 	EXP 	LDT_stim_text: height = np.float64(0.1)
78.1316 	EXP 	LDT_stim_text: height = np.float64(0.1)
78.1316 	EXP 	LDT_stim_text: text = 'pulk'
78.1316 	EXP 	LDT_fix_text: autoDraw = True
78.1903 	EXP 	Device response: <KeyPress from None: t=78.11524509999435, value=a, duration=0.071463300002506>
78.6154 	EXP 	LDT_stim_text: autoDraw = True
78.6237 	EXP 	LDT_fix_text: autoDraw = False
79.0746 	EXP 	Device response: <KeyPress from None: t=79.07436050000251, value=a, duration=None>
79.0749 	EXP 	New trial (rep=0, index=20): <Trial 20 (20 in rep 0) data={'Task': 'LDT', 'TrialType': 'Target', 'Stimuli': 'stad', 'StimulusType': 'nonword', 'CorrectResponse': 'a', 'Trialnumb': 116, 'thisN': 20, 'thisTrialN': 20, 'thisRepN': 0}>
79.0825 	EXP 	LDT_fix_text: autoDraw = False
79.0825 	EXP 	LDT_stim_text: autoDraw = False
79.0825 	EXP 	LDT_break_text: autoDraw = False
79.0825 	EXP 	LDT_stim_text: height = np.float64(0.1)
79.0825 	EXP 	LDT_stim_text: height = np.float64(0.1)
79.0825 	EXP 	LDT_stim_text: height = np.float64(0.1)
79.0825 	EXP 	LDT_stim_text: text = 'stad'
79.0825 	EXP 	LDT_fix_text: autoDraw = True
79.0870 	DATA 	KeyPress: 밈
79.1829 	EXP 	Device response: <KeyPress from None: t=79.07436050000251, value=a, duration=0.10408959999040235>
79.5665 	EXP 	LDT_stim_text: autoDraw = True
79.5747 	EXP 	LDT_fix_text: autoDraw = False
80.0838 	EXP 	Device response: <KeyPress from None: t=80.08232380000118, value=a, duration=None>
80.0841 	EXP 	New trial (rep=0, index=21): <Trial 21 (21 in rep 0) data={'Task': 'LDT', 'TrialType': 'Target', 'Stimuli': 'jite', 'StimulusType': 'nonword', 'CorrectResponse': 'a', 'Trialnumb': 160, 'thisN': 21, 'thisTrialN': 21, 'thisRepN': 0}>
80.0919 	EXP 	LDT_fix_text: autoDraw = False
80.0919 	EXP 	LDT_stim_text: autoDraw = False
80.0919 	EXP 	LDT_break_text: autoDraw = False
80.0919 	EXP 	LDT_stim_text: height = np.float64(0.1)
80.0919 	EXP 	LDT_stim_text: height = np.float64(0.1)
80.0919 	EXP 	LDT_stim_text: height = np.float64(0.1)
80.0919 	EXP 	LDT_stim_text: text = 'jite'
80.0919 	EXP 	LDT_fix_text: autoDraw = True
80.0965 	DATA 	KeyPress: ㅁ
80.1756 	EXP 	Device response: <KeyPress from None: t=80.08232380000118, value=a, duration=0.08771429999615066>
80.5757 	EXP 	LDT_stim_text: autoDraw = True
80.5840 	EXP 	LDT_fix_text: autoDraw = False
81.0432 	EXP 	Device response: <KeyPress from None: t=81.04198959999485, value=a, duration=None>
81.0434 	EXP 	New trial (rep=0, index=22): <Trial 22 (22 in rep 0) data={'Task': 'LDT', 'TrialType': 'Target', 'Stimuli': 'tour', 'StimulusType': 'word', 'CorrectResponse': 'l', 'Trialnumb': 88, 'thisN': 22, 'thisTrialN': 22, 'thisRepN': 0}>
81.0511 	EXP 	LDT_fix_text: autoDraw = False
81.0511 	EXP 	LDT_stim_text: autoDraw = False
81.0511 	EXP 	LDT_break_text: autoDraw = False
81.0511 	EXP 	LDT_stim_text: height = np.float64(0.1)
81.0511 	EXP 	LDT_stim_text: height = np.float64(0.1)
81.0511 	EXP 	LDT_stim_text: height = np.float64(0.1)
81.0511 	EXP 	LDT_stim_text: text = 'tour'
81.0511 	EXP 	LDT_fix_text: autoDraw = True
81.0556 	DATA 	KeyPress: ㅁ
81.1348 	EXP 	Device response: <KeyPress from None: t=81.04198959999485, value=a, duration=0.08935080000082962>
81.5350 	EXP 	LDT_stim_text: autoDraw = True
81.5433 	EXP 	LDT_fix_text: autoDraw = False
82.0442 	EXP 	Device response: <KeyPress from None: t=82.04308760000276, value=l, duration=None>
82.0444 	EXP 	New trial (rep=0, index=23): <Trial 23 (23 in rep 0) data={'Task': 'LDT', 'TrialType': 'Target', 'Stimuli': 'sish', 'StimulusType': 'nonword', 'CorrectResponse': 'a', 'Trialnumb': 193, 'thisN': 23, 'thisTrialN': 23, 'thisRepN': 0}>
82.0522 	EXP 	LDT_fix_text: autoDraw = False
82.0522 	EXP 	LDT_stim_text: autoDraw = False
82.0522 	EXP 	LDT_break_text: autoDraw = False
82.0522 	EXP 	LDT_stim_text: height = np.float64(0.1)
82.0522 	EXP 	LDT_stim_text: height = np.float64(0.1)
82.0522 	EXP 	LDT_stim_text: height = np.float64(0.1)
82.0522 	EXP 	LDT_stim_text: text = 'sish'
82.0522 	EXP 	LDT_fix_text: autoDraw = True
82.1609 	EXP 	Device response: <KeyPress from None: t=82.04308760000276, value=l, duration=0.11154959999839775>
82.5360 	EXP 	LDT_stim_text: autoDraw = True
82.5443 	EXP 	LDT_fix_text: autoDraw = False
83.0952 	EXP 	Device response: <KeyPress from None: t=83.09061830000428, value=a, duration=None>
83.0954 	EXP 	New trial (rep=0, index=24): <Trial 24 (24 in rep 0) data={'Task': 'LDT', 'TrialType': 'Target', 'Stimuli': 'cast', 'StimulusType': 'word', 'CorrectResponse': 'l', 'Trialnumb': 95, 'thisN': 24, 'thisTrialN': 24, 'thisRepN': 0}>
83.1032 	EXP 	LDT_fix_text: autoDraw = False
83.1032 	EXP 	LDT_stim_text: autoDraw = False
83.1032 	EXP 	LDT_break_text: autoDraw = False
83.1032 	EXP 	LDT_stim_text: height = np.float64(0.1)
83.1032 	EXP 	LDT_stim_text: height = np.float64(0.1)
83.1032 	EXP 	LDT_stim_text: height = np.float64(0.1)
83.1032 	EXP 	LDT_stim_text: text = 'cast'
83.1032 	EXP 	LDT_fix_text: autoDraw = True
83.1953 	EXP 	Device response: <KeyPress from None: t=83.09061830000428, value=a, duration=0.10330119999707676>
83.5870 	EXP 	LDT_stim_text: autoDraw = True
83.5954 	EXP 	LDT_fix_text: autoDraw = False
84.1879 	EXP 	Device response: <KeyPress from None: t=84.18611369999417, value=l, duration=None>
84.1881 	EXP 	New trial (rep=0, index=25): <Trial 25 (25 in rep 0) data={'Task': 'LDT', 'TrialType': 'Target', 'Stimuli': 'tran', 'StimulusType': 'nonword', 'CorrectResponse': 'a', 'Trialnumb': 206, 'thisN': 25, 'thisTrialN': 25, 'thisRepN': 0}>
84.1959 	EXP 	LDT_fix_text: autoDraw = False
84.1959 	EXP 	LDT_stim_text: autoDraw = False
84.1959 	EXP 	LDT_break_text: autoDraw = False
84.1959 	EXP 	LDT_stim_text: height = np.float64(0.1)
84.1959 	EXP 	LDT_stim_text: height = np.float64(0.1)
84.1959 	EXP 	LDT_stim_text: height = np.float64(0.1)
84.1959 	EXP 	LDT_stim_text: text = 'tran'
84.1959 	EXP 	LDT_fix_text: autoDraw = True
84.2006 	DATA 	KeyPress: 미
84.2964 	EXP 	Device response: <KeyPress from None: t=84.18611369999417, value=l, duration=0.10483480000402778>
84.6798 	EXP 	LDT_stim_text: autoDraw = True
84.6882 	EXP 	LDT_fix_text: autoDraw = False
85.4225 	EXP 	Device response: <KeyPress from None: t=85.41867349999666, value=a, duration=None>
85.4227 	EXP 	New trial (rep=0, index=26): <Trial 26 (26 in rep 0) data={'Task': 'LDT', 'TrialType': 'Target', 'Stimuli': 'mina', 'StimulusType': 'nonword', 'CorrectResponse': 'a', 'Trialnumb': 173, 'thisN': 26, 'thisTrialN': 26, 'thisRepN': 0}>
85.4305 	EXP 	LDT_fix_text: autoDraw = False
85.4305 	EXP 	LDT_stim_text: autoDraw = False
85.4305 	EXP 	LDT_break_text: autoDraw = False
85.4305 	EXP 	LDT_stim_text: height = np.float64(0.1)
85.4305 	EXP 	LDT_stim_text: height = np.float64(0.1)
85.4305 	EXP 	LDT_stim_text: height = np.float64(0.1)
85.4305 	EXP 	LDT_stim_text: text = 'mina'
85.4305 	EXP 	LDT_fix_text: autoDraw = True
85.4892 	EXP 	Device response: <KeyPress from None: t=85.41867349999666, value=a, duration=0.0639804000093136>
85.9143 	EXP 	LDT_stim_text: autoDraw = True
85.9227 	EXP 	LDT_fix_text: autoDraw = False
86.6154 	EXP 	Device response: <KeyPress from None: t=86.60992659999465, value=a, duration=None>
86.6157 	EXP 	New trial (rep=0, index=27): <Trial 27 (27 in rep 0) data={'Task': 'LDT', 'TrialType': 'Target', 'Stimuli': 'dry', 'StimulusType': 'word', 'CorrectResponse': 'l', 'Trialnumb': 77, 'thisN': 27, 'thisTrialN': 27, 'thisRepN': 0}>
86.6234 	EXP 	LDT_fix_text: autoDraw = False
86.6234 	EXP 	LDT_stim_text: autoDraw = False
86.6234 	EXP 	LDT_break_text: autoDraw = False
86.6234 	EXP 	LDT_stim_text: height = np.float64(0.1)
86.6234 	EXP 	LDT_stim_text: height = np.float64(0.1)
86.6234 	EXP 	LDT_stim_text: height = np.float64(0.1)
86.6234 	EXP 	LDT_stim_text: text = 'dry'
86.6234 	EXP 	LDT_fix_text: autoDraw = True
86.6277 	DATA 	KeyPress: 밈
86.7070 	EXP 	Device response: <KeyPress from None: t=86.60992659999465, value=a, duration=0.08876820000295993>
87.1072 	EXP 	LDT_stim_text: autoDraw = True
87.1155 	EXP 	LDT_fix_text: autoDraw = False
87.8415 	EXP 	Device response: <KeyPress from None: t=87.83401959999173, value=l, duration=None>
87.8418 	EXP 	New trial (rep=0, index=28): <Trial 28 (28 in rep 0) data={'Task': 'LDT', 'TrialType': 'Target', 'Stimuli': 'sere', 'StimulusType': 'nonword', 'CorrectResponse': 'a', 'Trialnumb': 190, 'thisN': 28, 'thisTrialN': 28, 'thisRepN': 0}>
87.8496 	EXP 	LDT_fix_text: autoDraw = False
87.8496 	EXP 	LDT_stim_text: autoDraw = False
87.8496 	EXP 	LDT_break_text: autoDraw = False
87.8496 	EXP 	LDT_stim_text: height = np.float64(0.1)
87.8496 	EXP 	LDT_stim_text: height = np.float64(0.1)
87.8496 	EXP 	LDT_stim_text: height = np.float64(0.1)
87.8496 	EXP 	LDT_stim_text: text = 'sere'
87.8496 	EXP 	LDT_fix_text: autoDraw = True
87.9249 	EXP 	Device response: <KeyPress from None: t=87.83401959999173, value=l, duration=0.0886198000080185>
88.3334 	EXP 	LDT_stim_text: autoDraw = True
88.3417 	EXP 	LDT_fix_text: autoDraw = False
88.8342 	EXP 	Device response: <KeyPress from None: t=88.82694139999512, value=a, duration=None>
88.8345 	EXP 	New trial (rep=0, index=29): <Trial 29 (29 in rep 0) data={'Task': 'LDT', 'TrialType': 'Target', 'Stimuli': 'rent', 'StimulusType': 'word', 'CorrectResponse': 'l', 'Trialnumb': 84, 'thisN': 29, 'thisTrialN': 29, 'thisRepN': 0}>
88.8423 	EXP 	LDT_fix_text: autoDraw = False
88.8423 	EXP 	LDT_stim_text: autoDraw = False
88.8423 	EXP 	LDT_break_text: autoDraw = False
88.8423 	EXP 	LDT_stim_text: height = np.float64(0.1)
88.8423 	EXP 	LDT_stim_text: height = np.float64(0.1)
88.8423 	EXP 	LDT_stim_text: height = np.float64(0.1)
88.8423 	EXP 	LDT_stim_text: text = 'rent'
88.8423 	EXP 	LDT_fix_text: autoDraw = True
88.9426 	EXP 	Device response: <KeyPress from None: t=88.82694139999512, value=a, duration=0.11124369999743067>
89.3261 	EXP 	LDT_stim_text: autoDraw = True
89.3344 	EXP 	LDT_fix_text: autoDraw = False
89.9186 	EXP 	Device response: <KeyPress from None: t=89.91500540000561, value=l, duration=None>
89.9189 	EXP 	New trial (rep=0, index=30): <Trial 30 (30 in rep 0) data={'Task': 'LDT', 'TrialType': 'Target', 'Stimuli': 'still', 'StimulusType': 'word', 'CorrectResponse': 'l', 'Trialnumb': 14, 'thisN': 30, 'thisTrialN': 30, 'thisRepN': 0}>
89.9267 	EXP 	LDT_fix_text: autoDraw = False
89.9267 	EXP 	LDT_stim_text: autoDraw = False
89.9267 	EXP 	LDT_break_text: autoDraw = False
89.9267 	EXP 	LDT_stim_text: height = np.float64(0.1)
89.9267 	EXP 	LDT_stim_text: height = np.float64(0.1)
89.9267 	EXP 	LDT_stim_text: height = np.float64(0.1)
89.9267 	EXP 	LDT_stim_text: text = 'still'
89.9267 	EXP 	LDT_fix_text: autoDraw = True
89.9315 	DATA 	KeyPress: 미
90.0187 	EXP 	Device response: <KeyPress from None: t=89.91500540000561, value=l, duration=0.09588959999382496>
90.4106 	EXP 	LDT_stim_text: autoDraw = True
90.4188 	EXP 	LDT_fix_text: autoDraw = False
90.8946 	EXP 	Device response: <KeyPress from None: t=90.88990179999382, value=l, duration=None>
90.8949 	EXP 	New trial (rep=0, index=31): <Trial 31 (31 in rep 0) data={'Task': 'LDT', 'TrialType': 'Target', 'Stimuli': 'biss', 'StimulusType': 'nonword', 'CorrectResponse': 'a', 'Trialnumb': 123, 'thisN': 31, 'thisTrialN': 31, 'thisRepN': 0}>
90.9026 	EXP 	LDT_fix_text: autoDraw = False
90.9026 	EXP 	LDT_stim_text: autoDraw = False
90.9026 	EXP 	LDT_break_text: autoDraw = False
90.9026 	EXP 	LDT_stim_text: height = np.float64(0.1)
90.9026 	EXP 	LDT_stim_text: height = np.float64(0.1)
90.9026 	EXP 	LDT_stim_text: height = np.float64(0.1)
90.9026 	EXP 	LDT_stim_text: text = 'biss'
90.9026 	EXP 	LDT_fix_text: autoDraw = True
90.9074 	DATA 	KeyPress: 미
90.9780 	EXP 	Device response: <KeyPress from None: t=90.88990179999382, value=l, duration=0.08031160000246018>
91.3864 	EXP 	LDT_stim_text: autoDraw = True
91.3948 	EXP 	LDT_fix_text: autoDraw = False
91.9623 	EXP 	Device response: <KeyPress from None: t=91.95404310000595, value=a, duration=None>
91.9626 	EXP 	New trial (rep=0, index=32): <Trial 32 (32 in rep 0) data={'Task': 'LDT', 'TrialType': 'Target', 'Stimuli': 'seef', 'StimulusType': 'nonword', 'CorrectResponse': 'a', 'Trialnumb': 187, 'thisN': 32, 'thisTrialN': 32, 'thisRepN': 0}>
91.9704 	EXP 	LDT_fix_text: autoDraw = False
91.9704 	EXP 	LDT_stim_text: autoDraw = False
91.9704 	EXP 	LDT_break_text: autoDraw = False
91.9704 	EXP 	LDT_stim_text: height = np.float64(0.1)
91.9704 	EXP 	LDT_stim_text: height = np.float64(0.1)
91.9704 	EXP 	LDT_stim_text: height = np.float64(0.1)
91.9704 	EXP 	LDT_stim_text: text = 'seef'
91.9704 	EXP 	LDT_fix_text: autoDraw = True
91.9753 	DATA 	KeyPress: ㅣ
92.0375 	EXP 	Device response: <KeyPress from None: t=91.95404310000595, value=a, duration=0.08034659999248106>
92.4542 	EXP 	LDT_stim_text: autoDraw = True
92.4625 	EXP 	LDT_fix_text: autoDraw = False
93.0134 	EXP 	Device response: <KeyPress from None: t=93.01064700000279, value=a, duration=None>
93.0136 	EXP 	New trial (rep=0, index=33): <Trial 33 (33 in rep 0) data={'Task': 'LDT', 'TrialType': 'Target', 'Stimuli': 'vink', 'StimulusType': 'nonword', 'CorrectResponse': 'a', 'Trialnumb': 212, 'thisN': 33, 'thisTrialN': 33, 'thisRepN': 0}>
93.0215 	EXP 	LDT_fix_text: autoDraw = False
93.0215 	EXP 	LDT_stim_text: autoDraw = False
93.0215 	EXP 	LDT_break_text: autoDraw = False
93.0215 	EXP 	LDT_stim_text: height = np.float64(0.1)
93.0215 	EXP 	LDT_stim_text: height = np.float64(0.1)
93.0215 	EXP 	LDT_stim_text: height = np.float64(0.1)
93.0215 	EXP 	LDT_stim_text: text = 'vink'
93.0215 	EXP 	LDT_fix_text: autoDraw = True
93.0263 	DATA 	KeyPress: ㅁ
93.1135 	EXP 	Device response: <KeyPress from None: t=93.01064700000279, value=a, duration=0.08742479998909403>
93.5053 	EXP 	LDT_stim_text: autoDraw = True
93.5136 	EXP 	LDT_fix_text: autoDraw = False
94.0478 	EXP 	Device response: <KeyPress from None: t=94.04378379999253, value=a, duration=None>
94.0480 	EXP 	New trial (rep=0, index=34): <Trial 34 (34 in rep 0) data={'Task': 'LDT', 'TrialType': 'Target', 'Stimuli': 'beon', 'StimulusType': 'nonword', 'CorrectResponse': 'a', 'Trialnumb': 120, 'thisN': 34, 'thisTrialN': 34, 'thisRepN': 0}>
94.0558 	EXP 	LDT_fix_text: autoDraw = False
94.0558 	EXP 	LDT_stim_text: autoDraw = False
94.0558 	EXP 	LDT_break_text: autoDraw = False
94.0558 	EXP 	LDT_stim_text: height = np.float64(0.1)
94.0558 	EXP 	LDT_stim_text: height = np.float64(0.1)
94.0558 	EXP 	LDT_stim_text: height = np.float64(0.1)
94.0558 	EXP 	LDT_stim_text: text = 'beon'
94.0558 	EXP 	LDT_fix_text: autoDraw = True
94.0608 	DATA 	KeyPress: ㅁ
94.1563 	EXP 	Device response: <KeyPress from None: t=94.04378379999253, value=a, duration=0.11066160000336822>
94.5396 	EXP 	LDT_stim_text: autoDraw = True
94.5479 	EXP 	LDT_fix_text: autoDraw = False
94.9654 	EXP 	Device response: <KeyPress from None: t=94.96262669999851, value=a, duration=None>
94.9656 	EXP 	New trial (rep=0, index=35): <Trial 35 (35 in rep 0) data={'Task': 'LDT', 'TrialType': 'Target', 'Stimuli': 'junk', 'StimulusType': 'word', 'CorrectResponse': 'l', 'Trialnumb': 105, 'thisN': 35, 'thisTrialN': 35, 'thisRepN': 0}>
94.9733 	EXP 	LDT_fix_text: autoDraw = False
94.9733 	EXP 	LDT_stim_text: autoDraw = False
94.9733 	EXP 	LDT_break_text: autoDraw = False
94.9733 	EXP 	LDT_stim_text: height = np.float64(0.1)
94.9733 	EXP 	LDT_stim_text: height = np.float64(0.1)
94.9733 	EXP 	LDT_stim_text: height = np.float64(0.1)
94.9733 	EXP 	LDT_stim_text: text = 'junk'
94.9733 	EXP 	LDT_fix_text: autoDraw = True
94.9780 	DATA 	KeyPress: ㅁ
95.0904 	EXP 	Device response: <KeyPress from None: t=94.96262669999851, value=a, duration=0.11948500000289641>
95.4572 	EXP 	LDT_stim_text: autoDraw = True
95.4655 	EXP 	LDT_fix_text: autoDraw = False
95.9246 	EXP 	Device response: <KeyPress from None: t=95.9230319000053, value=a, duration=None>
95.9249 	EXP 	New trial (rep=0, index=36): <Trial 36 (36 in rep 0) data={'Task': 'LDT', 'TrialType': 'Target', 'Stimuli': 'work', 'StimulusType': 'word', 'CorrectResponse': 'l', 'Trialnumb': 1, 'thisN': 36, 'thisTrialN': 36, 'thisRepN': 0}>
95.9326 	EXP 	LDT_fix_text: autoDraw = False
95.9326 	EXP 	LDT_stim_text: autoDraw = False
95.9326 	EXP 	LDT_break_text: autoDraw = False
95.9326 	EXP 	LDT_stim_text: height = np.float64(0.1)
95.9326 	EXP 	LDT_stim_text: height = np.float64(0.1)
95.9326 	EXP 	LDT_stim_text: height = np.float64(0.1)
95.9326 	EXP 	LDT_stim_text: text = 'work'
95.9326 	EXP 	LDT_fix_text: autoDraw = True
95.9369 	DATA 	KeyPress: ㅁ
96.0247 	EXP 	Device response: <KeyPress from None: t=95.9230319000053, value=a, duration=0.09483219998946879>
96.4164 	EXP 	LDT_stim_text: autoDraw = True
96.4248 	EXP 	LDT_fix_text: autoDraw = False
96.8923 	EXP 	Device response: <KeyPress from None: t=96.89066780000576, value=l, duration=None>
96.8925 	EXP 	New trial (rep=0, index=37): <Trial 37 (37 in rep 0) data={'Task': 'LDT', 'TrialType': 'Target', 'Stimuli': 'kild', 'StimulusType': 'nonword', 'CorrectResponse': 'a', 'Trialnumb': 165, 'thisN': 37, 'thisTrialN': 37, 'thisRepN': 0}>
96.9003 	EXP 	LDT_fix_text: autoDraw = False
96.9003 	EXP 	LDT_stim_text: autoDraw = False
96.9003 	EXP 	LDT_break_text: autoDraw = False
96.9003 	EXP 	LDT_stim_text: height = np.float64(0.1)
96.9003 	EXP 	LDT_stim_text: height = np.float64(0.1)
96.9003 	EXP 	LDT_stim_text: height = np.float64(0.1)
96.9003 	EXP 	LDT_stim_text: text = 'kild'
96.9003 	EXP 	LDT_fix_text: autoDraw = True
96.9672 	EXP 	Device response: <KeyPress from None: t=96.89066780000576, value=l, duration=0.07306099998822901>
97.3841 	EXP 	LDT_stim_text: autoDraw = True
97.3924 	EXP 	LDT_fix_text: autoDraw = False
97.9683 	EXP 	Device response: <KeyPress from None: t=97.96275409999362, value=a, duration=None>
97.9686 	EXP 	New trial (rep=0, index=38): <Trial 38 (38 in rep 0) data={'Task': 'LDT', 'TrialType': 'Target', 'Stimuli': 'serve', 'StimulusType': 'word', 'CorrectResponse': 'l', 'Trialnumb': 80, 'thisN': 38, 'thisTrialN': 38, 'thisRepN': 0}>
97.9763 	EXP 	LDT_fix_text: autoDraw = False
97.9763 	EXP 	LDT_stim_text: autoDraw = False
97.9763 	EXP 	LDT_break_text: autoDraw = False
97.9763 	EXP 	LDT_stim_text: height = np.float64(0.1)
97.9763 	EXP 	LDT_stim_text: height = np.float64(0.1)
97.9763 	EXP 	LDT_stim_text: height = np.float64(0.1)
97.9763 	EXP 	LDT_stim_text: text = 'serve'
97.9763 	EXP 	LDT_fix_text: autoDraw = True
98.0517 	EXP 	Device response: <KeyPress from None: t=97.96275409999362, value=a, duration=0.08775420000893064>
98.4601 	EXP 	LDT_stim_text: autoDraw = True
98.4686 	EXP 	LDT_fix_text: autoDraw = False
98.9442 	EXP 	Device response: <KeyPress from None: t=98.93819839999196, value=l, duration=None>
98.9445 	EXP 	New trial (rep=0, index=39): <Trial 39 (39 in rep 0) data={'Task': 'LDT', 'TrialType': 'Target', 'Stimuli': 'team', 'StimulusType': 'word', 'CorrectResponse': 'l', 'Trialnumb': 23, 'thisN': 39, 'thisTrialN': 39, 'thisRepN': 0}>
98.9524 	EXP 	LDT_fix_text: autoDraw = False
98.9524 	EXP 	LDT_stim_text: autoDraw = False
98.9524 	EXP 	LDT_break_text: autoDraw = False
98.9524 	EXP 	LDT_stim_text: height = np.float64(0.1)
98.9524 	EXP 	LDT_stim_text: height = np.float64(0.1)
98.9524 	EXP 	LDT_stim_text: height = np.float64(0.1)
98.9524 	EXP 	LDT_stim_text: text = 'team'
98.9524 	EXP 	LDT_fix_text: autoDraw = True
98.9571 	DATA 	KeyPress: 미
99.0527 	EXP 	Device response: <KeyPress from None: t=98.93819839999196, value=l, duration=0.11253820000274573>
99.4361 	EXP 	LDT_stim_text: autoDraw = True
99.4445 	EXP 	LDT_fix_text: autoDraw = False
99.8870 	EXP 	Device response: <KeyPress from None: t=99.88282539999636, value=l, duration=None>
99.8872 	EXP 	New trial (rep=0, index=40): <Trial 40 (40 in rep 0) data={'Task': 'LDT', 'TrialType': 'Target', 'Stimuli': 'food', 'StimulusType': 'word', 'CorrectResponse': 'l', 'Trialnumb': 5, 'thisN': 40, 'thisTrialN': 40, 'thisRepN': 0}>
99.8949 	EXP 	LDT_fix_text: autoDraw = False
99.8949 	EXP 	LDT_stim_text: autoDraw = False
99.8949 	EXP 	LDT_break_text: autoDraw = False
99.8949 	EXP 	LDT_stim_text: height = np.float64(0.1)
99.8949 	EXP 	LDT_stim_text: height = np.float64(0.1)
99.8949 	EXP 	LDT_stim_text: height = np.float64(0.1)
99.8949 	EXP 	LDT_stim_text: text = 'food'
99.8949 	EXP 	LDT_fix_text: autoDraw = True
99.8997 	DATA 	KeyPress: 미
99.9787 	EXP 	Device response: <KeyPress from None: t=99.88282539999636, value=l, duration=0.09564280000631697>
100.3787 	EXP 	LDT_stim_text: autoDraw = True
100.3871 	EXP 	LDT_fix_text: autoDraw = False
100.8128 	EXP 	Device response: <KeyPress from None: t=100.8117321000027, value=l, duration=None>
100.8131 	EXP 	New trial (rep=0, index=41): <Trial 41 (41 in rep 0) data={'Task': 'LDT', 'TrialType': 'Target', 'Stimuli': 'veek', 'StimulusType': 'nonword', 'CorrectResponse': 'a', 'Trialnumb': 211, 'thisN': 41, 'thisTrialN': 41, 'thisRepN': 0}>
100.8209 	EXP 	LDT_fix_text: autoDraw = False
100.8209 	EXP 	LDT_stim_text: autoDraw = False
100.8209 	EXP 	LDT_break_text: autoDraw = False
100.8209 	EXP 	LDT_stim_text: height = np.float64(0.1)
100.8209 	EXP 	LDT_stim_text: height = np.float64(0.1)
100.8209 	EXP 	LDT_stim_text: height = np.float64(0.1)
100.8209 	EXP 	LDT_stim_text: text = 'veek'
100.8209 	EXP 	LDT_fix_text: autoDraw = True
100.8255 	DATA 	KeyPress: ㅣ
100.9129 	EXP 	Device response: <KeyPress from None: t=100.8117321000027, value=l, duration=0.09471550000307616>
101.3046 	EXP 	LDT_stim_text: autoDraw = True
101.3130 	EXP 	LDT_fix_text: autoDraw = False
101.9222 	EXP 	Device response: <KeyPress from None: t=101.91467290000583, value=a, duration=None>
101.9225 	EXP 	New trial (rep=0, index=42): <Trial 42 (42 in rep 0) data={'Task': 'LDT', 'TrialType': 'Target', 'Stimuli': 'green', 'StimulusType': 'word', 'CorrectResponse': 'l', 'Trialnumb': 38, 'thisN': 42, 'thisTrialN': 42, 'thisRepN': 0}>
101.9303 	EXP 	LDT_fix_text: autoDraw = False
101.9303 	EXP 	LDT_stim_text: autoDraw = False
101.9303 	EXP 	LDT_break_text: autoDraw = False
101.9303 	EXP 	LDT_stim_text: height = np.float64(0.1)
101.9303 	EXP 	LDT_stim_text: height = np.float64(0.1)
101.9303 	EXP 	LDT_stim_text: height = np.float64(0.1)
101.9303 	EXP 	LDT_stim_text: text = 'green'
101.9303 	EXP 	LDT_fix_text: autoDraw = True
101.9348 	DATA 	KeyPress: ㅣ
102.0057 	EXP 	Device response: <KeyPress from None: t=101.91467290000583, value=a, duration=0.08776239999860991>
102.4141 	EXP 	LDT_stim_text: autoDraw = True
102.4224 	EXP 	LDT_fix_text: autoDraw = False
102.9066 	EXP 	Device response: <KeyPress from None: t=102.90619239999796, value=l, duration=None>
102.9068 	EXP 	New trial (rep=0, index=43): <Trial 43 (43 in rep 0) data={'Task': 'LDT', 'TrialType': 'Target', 'Stimuli': 'hard', 'StimulusType': 'word', 'CorrectResponse': 'l', 'Trialnumb': 22, 'thisN': 43, 'thisTrialN': 43, 'thisRepN': 0}>
102.9146 	EXP 	LDT_fix_text: autoDraw = False
102.9146 	EXP 	LDT_stim_text: autoDraw = False
102.9146 	EXP 	LDT_break_text: autoDraw = False
102.9146 	EXP 	LDT_stim_text: height = np.float64(0.1)
102.9146 	EXP 	LDT_stim_text: height = np.float64(0.1)
102.9146 	EXP 	LDT_stim_text: height = np.float64(0.1)
102.9146 	EXP 	LDT_stim_text: text = 'hard'
102.9146 	EXP 	LDT_fix_text: autoDraw = True
103.0233 	EXP 	Device response: <KeyPress from None: t=102.90619239999796, value=l, duration=0.11244189999706578>
103.3984 	EXP 	LDT_stim_text: autoDraw = True
103.4067 	EXP 	LDT_fix_text: autoDraw = False
103.8826 	EXP 	Device response: <KeyPress from None: t=103.88194910000311, value=l, duration=None>
103.8829 	EXP 	New trial (rep=0, index=44): <Trial 44 (44 in rep 0) data={'Task': 'LDT', 'TrialType': 'Target', 'Stimuli': 'pess', 'StimulusType': 'nonword', 'CorrectResponse': 'a', 'Trialnumb': 180, 'thisN': 44, 'thisTrialN': 44, 'thisRepN': 0}>
103.8906 	EXP 	LDT_fix_text: autoDraw = False
103.8906 	EXP 	LDT_stim_text: autoDraw = False
103.8906 	EXP 	LDT_break_text: autoDraw = False
103.8906 	EXP 	LDT_stim_text: height = np.float64(0.1)
103.8906 	EXP 	LDT_stim_text: height = np.float64(0.1)
103.8906 	EXP 	LDT_stim_text: height = np.float64(0.1)
103.8906 	EXP 	LDT_stim_text: text = 'pess'
103.8906 	EXP 	LDT_fix_text: autoDraw = True
103.8954 	DATA 	KeyPress: 미
103.9495 	EXP 	Device response: <KeyPress from None: t=103.88194910000311, value=l, duration=0.06402549998892937>
104.3744 	EXP 	LDT_stim_text: autoDraw = True
104.3827 	EXP 	LDT_fix_text: autoDraw = False
104.9252 	EXP 	Device response: <KeyPress from None: t=104.92195889999857, value=a, duration=None>
104.9254 	EXP 	New trial (rep=0, index=45): <Trial 45 (45 in rep 0) data={'Task': 'LDT', 'TrialType': 'Target', 'Stimuli': 'stop', 'StimulusType': 'word', 'CorrectResponse': 'l', 'Trialnumb': 44, 'thisN': 45, 'thisTrialN': 45, 'thisRepN': 0}>
104.9333 	EXP 	LDT_fix_text: autoDraw = False
104.9333 	EXP 	LDT_stim_text: autoDraw = False
104.9333 	EXP 	LDT_break_text: autoDraw = False
104.9333 	EXP 	LDT_stim_text: height = np.float64(0.1)
104.9333 	EXP 	LDT_stim_text: height = np.float64(0.1)
104.9333 	EXP 	LDT_stim_text: height = np.float64(0.1)
104.9333 	EXP 	LDT_stim_text: text = 'stop'
104.9333 	EXP 	LDT_fix_text: autoDraw = True
104.9380 	DATA 	KeyPress: ㅣ
105.0253 	EXP 	Device response: <KeyPress from None: t=104.92195889999857, value=a, duration=0.09600059999502264>
105.4171 	EXP 	LDT_stim_text: autoDraw = True
105.4254 	EXP 	LDT_fix_text: autoDraw = False
105.8094 	EXP 	Device response: <KeyPress from None: t=105.80217199999606, value=l, duration=None>
105.8097 	EXP 	New trial (rep=0, index=46): <Trial 46 (46 in rep 0) data={'Task': 'LDT', 'TrialType': 'Target', 'Stimuli': 'cing', 'StimulusType': 'nonword', 'CorrectResponse': 'a', 'Trialnumb': 127, 'thisN': 46, 'thisTrialN': 46, 'thisRepN': 0}>
105.8175 	EXP 	LDT_fix_text: autoDraw = False
105.8175 	EXP 	LDT_stim_text: autoDraw = False
105.8175 	EXP 	LDT_break_text: autoDraw = False
105.8175 	EXP 	LDT_stim_text: height = np.float64(0.1)
105.8175 	EXP 	LDT_stim_text: height = np.float64(0.1)
105.8175 	EXP 	LDT_stim_text: height = np.float64(0.1)
105.8175 	EXP 	LDT_stim_text: text = 'cing'
105.8175 	EXP 	LDT_fix_text: autoDraw = True
105.9263 	EXP 	Device response: <KeyPress from None: t=105.80217199999606, value=l, duration=0.1205822000047192>
106.3013 	EXP 	LDT_stim_text: autoDraw = True
106.3096 	EXP 	LDT_fix_text: autoDraw = False
106.7937 	EXP 	Device response: <KeyPress from None: t=106.78636280000501, value=a, duration=None>
106.7939 	EXP 	New trial (rep=0, index=47): <Trial 47 (47 in rep 0) data={'Task': 'LDT', 'TrialType': 'Target', 'Stimuli': 'buy', 'StimulusType': 'word', 'CorrectResponse': 'l', 'Trialnumb': 25, 'thisN': 47, 'thisTrialN': 47, 'thisRepN': 0}>
106.8018 	EXP 	LDT_fix_text: autoDraw = False
106.8018 	EXP 	LDT_stim_text: autoDraw = False
106.8018 	EXP 	LDT_break_text: autoDraw = False
106.8018 	EXP 	LDT_stim_text: height = np.float64(0.1)
106.8018 	EXP 	LDT_stim_text: height = np.float64(0.1)
106.8018 	EXP 	LDT_stim_text: height = np.float64(0.1)
106.8018 	EXP 	LDT_stim_text: text = 'buy'
106.8018 	EXP 	LDT_fix_text: autoDraw = True
106.8856 	EXP 	Device response: <KeyPress from None: t=106.78636280000501, value=a, duration=0.095910099989851>
107.2856 	EXP 	LDT_stim_text: autoDraw = True
107.2939 	EXP 	LDT_fix_text: autoDraw = False
107.7196 	EXP 	Device response: <KeyPress from None: t=107.71528760000365, value=l, duration=None>
107.7199 	EXP 	New trial (rep=0, index=48): <Trial 48 (48 in rep 0) data={'Task': 'LDT', 'TrialType': 'Target', 'Stimuli': 'host', 'StimulusType': 'word', 'CorrectResponse': 'l', 'Trialnumb': 106, 'thisN': 48, 'thisTrialN': 48, 'thisRepN': 0}>
107.7278 	EXP 	LDT_fix_text: autoDraw = False
107.7278 	EXP 	LDT_stim_text: autoDraw = False
107.7278 	EXP 	LDT_break_text: autoDraw = False
107.7278 	EXP 	LDT_stim_text: height = np.float64(0.1)
107.7278 	EXP 	LDT_stim_text: height = np.float64(0.1)
107.7278 	EXP 	LDT_stim_text: height = np.float64(0.1)
107.7278 	EXP 	LDT_stim_text: text = 'host'
107.7278 	EXP 	LDT_fix_text: autoDraw = True
107.7324 	DATA 	KeyPress: 미
107.8197 	EXP 	Device response: <KeyPress from None: t=107.71528760000365, value=l, duration=0.09656609999365173>
108.2115 	EXP 	LDT_stim_text: autoDraw = True
108.2199 	EXP 	LDT_fix_text: autoDraw = False
108.7124 	EXP 	Device response: <KeyPress from None: t=108.70694220000587, value=l, duration=None>
108.7126 	EXP 	New trial (rep=0, index=49): <Trial 49 (49 in rep 0) data={'Task': 'LDT', 'TrialType': 'Target', 'Stimuli': 'week', 'StimulusType': 'word', 'CorrectResponse': 'l', 'Trialnumb': 28, 'thisN': 49, 'thisTrialN': 49, 'thisRepN': 0}>
108.7204 	EXP 	LDT_fix_text: autoDraw = False
108.7204 	EXP 	LDT_stim_text: autoDraw = False
108.7204 	EXP 	LDT_break_text: autoDraw = False
108.7204 	EXP 	LDT_stim_text: height = np.float64(0.1)
108.7204 	EXP 	LDT_stim_text: height = np.float64(0.1)
108.7204 	EXP 	LDT_stim_text: height = np.float64(0.1)
108.7204 	EXP 	LDT_stim_text: text = 'week'
108.7204 	EXP 	LDT_fix_text: autoDraw = True
108.7248 	DATA 	KeyPress: 미
108.8209 	EXP 	Device response: <KeyPress from None: t=108.70694220000587, value=l, duration=0.1111428000003798>
109.2042 	EXP 	LDT_stim_text: autoDraw = True
109.2125 	EXP 	LDT_fix_text: autoDraw = False
109.6632 	EXP 	Device response: <KeyPress from None: t=109.65885449999769, value=l, duration=None>
109.6635 	EXP 	New trial (rep=0, index=50): <Trial 50 (50 in rep 0) data={'Task': 'LDT', 'TrialType': 'Target', 'Stimuli': 'virus', 'StimulusType': 'word', 'CorrectResponse': 'l', 'Trialnumb': 100, 'thisN': 50, 'thisTrialN': 50, 'thisRepN': 0}>
109.6713 	EXP 	LDT_fix_text: autoDraw = False
109.6713 	EXP 	LDT_stim_text: autoDraw = False
109.6713 	EXP 	LDT_break_text: autoDraw = False
109.6713 	EXP 	LDT_stim_text: height = np.float64(0.1)
109.6713 	EXP 	LDT_stim_text: height = np.float64(0.1)
109.6713 	EXP 	LDT_stim_text: height = np.float64(0.1)
109.6713 	EXP 	LDT_stim_text: text = 'virus'
109.6713 	EXP 	LDT_fix_text: autoDraw = True
109.6760 	DATA 	KeyPress: ㅣ
109.7717 	EXP 	Device response: <KeyPress from None: t=109.65885449999769, value=l, duration=0.10446099999535363>
110.1551 	EXP 	LDT_stim_text: autoDraw = True
110.1635 	EXP 	LDT_fix_text: autoDraw = False
110.6642 	EXP 	Device response: <KeyPress from None: t=110.65798269999505, value=l, duration=None>
110.6644 	EXP 	New trial (rep=0, index=51): <Trial 51 (51 in rep 0) data={'Task': 'LDT', 'TrialType': 'Target', 'Stimuli': 'spum', 'StimulusType': 'nonword', 'CorrectResponse': 'a', 'Trialnumb': 198, 'thisN': 51, 'thisTrialN': 51, 'thisRepN': 0}>
110.6724 	EXP 	LDT_fix_text: autoDraw = False
110.6724 	EXP 	LDT_stim_text: autoDraw = False
110.6724 	EXP 	LDT_break_text: autoDraw = False
110.6724 	EXP 	LDT_stim_text: height = np.float64(0.1)
110.6724 	EXP 	LDT_stim_text: height = np.float64(0.1)
110.6724 	EXP 	LDT_stim_text: height = np.float64(0.1)
110.6724 	EXP 	LDT_stim_text: text = 'spum'
110.6724 	EXP 	LDT_fix_text: autoDraw = True
110.6769 	DATA 	KeyPress: ㅣ
110.7477 	EXP 	Device response: <KeyPress from None: t=110.65798269999505, value=l, duration=0.08829280000645667>
111.1561 	EXP 	LDT_stim_text: autoDraw = True
111.1645 	EXP 	LDT_fix_text: autoDraw = False
111.8571 	EXP 	Device response: <KeyPress from None: t=111.85074530000566, value=a, duration=None>
111.8573 	EXP 	New trial (rep=0, index=52): <Trial 52 (52 in rep 0) data={'Task': 'LDT', 'TrialType': 'Target', 'Stimuli': 'music', 'StimulusType': 'word', 'CorrectResponse': 'l', 'Trialnumb': 13, 'thisN': 52, 'thisTrialN': 52, 'thisRepN': 0}>
111.8652 	EXP 	LDT_fix_text: autoDraw = False
111.8652 	EXP 	LDT_stim_text: autoDraw = False
111.8652 	EXP 	LDT_break_text: autoDraw = False
111.8652 	EXP 	LDT_stim_text: height = np.float64(0.1)
111.8652 	EXP 	LDT_stim_text: height = np.float64(0.1)
111.8652 	EXP 	LDT_stim_text: height = np.float64(0.1)
111.8652 	EXP 	LDT_stim_text: text = 'music'
111.8652 	EXP 	LDT_fix_text: autoDraw = True
111.8699 	DATA 	KeyPress: ㅣ
111.9322 	EXP 	Device response: <KeyPress from None: t=111.85074530000566, value=a, duration=0.0805767999991076>
112.3490 	EXP 	LDT_stim_text: autoDraw = True
112.3573 	EXP 	LDT_fix_text: autoDraw = False
112.8330 	EXP 	Device response: <KeyPress from None: t=112.82628819999809, value=l, duration=None>
112.8333 	EXP 	New trial (rep=0, index=53): <Trial 53 (53 in rep 0) data={'Task': 'LDT', 'TrialType': 'Target', 'Stimuli': 'hage', 'StimulusType': 'nonword', 'CorrectResponse': 'a', 'Trialnumb': 149, 'thisN': 53, 'thisTrialN': 53, 'thisRepN': 0}>
112.8412 	EXP 	LDT_fix_text: autoDraw = False
112.8412 	EXP 	LDT_stim_text: autoDraw = False
112.8412 	EXP 	LDT_break_text: autoDraw = False
112.8412 	EXP 	LDT_stim_text: height = np.float64(0.1)
112.8412 	EXP 	LDT_stim_text: height = np.float64(0.1)
112.8412 	EXP 	LDT_stim_text: height = np.float64(0.1)
112.8412 	EXP 	LDT_stim_text: text = 'hage'
112.8412 	EXP 	LDT_fix_text: autoDraw = True
112.9165 	EXP 	Device response: <KeyPress from None: t=112.82628819999809, value=l, duration=0.0891669999982696>
113.3249 	EXP 	LDT_stim_text: autoDraw = True
113.3333 	EXP 	LDT_fix_text: autoDraw = False
113.9426 	EXP 	Device response: <KeyPress from None: t=113.93805850000354, value=a, duration=None>
113.9428 	EXP 	New trial (rep=0, index=54): <Trial 54 (54 in rep 0) data={'Task': 'LDT', 'TrialType': 'Target', 'Stimuli': 'hear', 'StimulusType': 'word', 'CorrectResponse': 'l', 'Trialnumb': 37, 'thisN': 54, 'thisTrialN': 54, 'thisRepN': 0}>
113.9506 	EXP 	LDT_fix_text: autoDraw = False
113.9506 	EXP 	LDT_stim_text: autoDraw = False
113.9506 	EXP 	LDT_break_text: autoDraw = False
113.9506 	EXP 	LDT_stim_text: height = np.float64(0.1)
113.9506 	EXP 	LDT_stim_text: height = np.float64(0.1)
113.9506 	EXP 	LDT_stim_text: height = np.float64(0.1)
113.9506 	EXP 	LDT_stim_text: text = 'hear'
113.9506 	EXP 	LDT_fix_text: autoDraw = True
114.0677 	EXP 	Device response: <KeyPress from None: t=113.93805850000354, value=a, duration=0.12854459999653045>
114.4344 	EXP 	LDT_stim_text: autoDraw = True
114.4427 	EXP 	LDT_fix_text: autoDraw = False
115.0687 	EXP 	Device response: <KeyPress from None: t=115.06759099999908, value=a, duration=None>
115.0690 	EXP 	New trial (rep=0, index=55): <Trial 55 (55 in rep 0) data={'Task': 'LDT', 'TrialType': 'Target', 'Stimuli': 'hork', 'StimulusType': 'nonword', 'CorrectResponse': 'a', 'Trialnumb': 156, 'thisN': 55, 'thisTrialN': 55, 'thisRepN': 0}>
115.0767 	EXP 	LDT_fix_text: autoDraw = False
115.0767 	EXP 	LDT_stim_text: autoDraw = False
115.0767 	EXP 	LDT_break_text: autoDraw = False
115.0767 	EXP 	LDT_stim_text: height = np.float64(0.1)
115.0767 	EXP 	LDT_stim_text: height = np.float64(0.1)
115.0767 	EXP 	LDT_stim_text: height = np.float64(0.1)
115.0767 	EXP 	LDT_stim_text: text = 'hork'
115.0767 	EXP 	LDT_fix_text: autoDraw = True
115.0813 	DATA 	KeyPress: 밈
115.1687 	EXP 	Device response: <KeyPress from None: t=115.06759099999908, value=a, duration=0.09474420000333339>
115.5605 	EXP 	LDT_stim_text: autoDraw = True
115.5688 	EXP 	LDT_fix_text: autoDraw = False
116.3199 	EXP 	Device response: <KeyPress from None: t=116.31438840000192, value=a, duration=None>
116.3201 	EXP 	New trial (rep=0, index=56): <Trial 56 (56 in rep 0) data={'Task': 'LDT', 'TrialType': 'Target', 'Stimuli': 'name', 'StimulusType': 'word', 'CorrectResponse': 'l', 'Trialnumb': 32, 'thisN': 56, 'thisTrialN': 56, 'thisRepN': 0}>
116.3280 	EXP 	LDT_fix_text: autoDraw = False
116.3280 	EXP 	LDT_stim_text: autoDraw = False
116.3280 	EXP 	LDT_break_text: autoDraw = False
116.3280 	EXP 	LDT_stim_text: height = np.float64(0.1)
116.3280 	EXP 	LDT_stim_text: height = np.float64(0.1)
116.3280 	EXP 	LDT_stim_text: height = np.float64(0.1)
116.3280 	EXP 	LDT_stim_text: text = 'name'
116.3280 	EXP 	LDT_fix_text: autoDraw = True
116.3328 	DATA 	KeyPress: ㅁ
116.4367 	EXP 	Device response: <KeyPress from None: t=116.31438840000192, value=a, duration=0.1212282999913441>
116.8117 	EXP 	LDT_stim_text: autoDraw = True
116.8201 	EXP 	LDT_fix_text: autoDraw = False
117.2375 	EXP 	Device response: <KeyPress from None: t=117.2338846000057, value=l, duration=None>
117.2377 	EXP 	New trial (rep=0, index=57): <Trial 57 (57 in rep 0) data={'Task': 'LDT', 'TrialType': 'Target', 'Stimuli': 'snan', 'StimulusType': 'nonword', 'CorrectResponse': 'a', 'Trialnumb': 196, 'thisN': 57, 'thisTrialN': 57, 'thisRepN': 0}>
117.2455 	EXP 	LDT_fix_text: autoDraw = False
117.2455 	EXP 	LDT_stim_text: autoDraw = False
117.2455 	EXP 	LDT_break_text: autoDraw = False
117.2455 	EXP 	LDT_stim_text: height = np.float64(0.1)
117.2455 	EXP 	LDT_stim_text: height = np.float64(0.1)
117.2455 	EXP 	LDT_stim_text: height = np.float64(0.1)
117.2455 	EXP 	LDT_stim_text: text = 'snan'
117.2455 	EXP 	LDT_fix_text: autoDraw = True
117.3375 	EXP 	Device response: <KeyPress from None: t=117.2338846000057, value=l, duration=0.09631979999539908>
117.7293 	EXP 	LDT_stim_text: autoDraw = True
117.7377 	EXP 	LDT_fix_text: autoDraw = False
119.5148 	EXP 	Device response: <KeyPress from None: t=119.50672439999471, value=a, duration=None>
119.5150 	EXP 	New trial (rep=0, index=58): <Trial 58 (58 in rep 0) data={'Task': 'LDT', 'TrialType': 'Target', 'Stimuli': 'sarry', 'StimulusType': 'nonword', 'CorrectResponse': 'a', 'Trialnumb': 186, 'thisN': 58, 'thisTrialN': 58, 'thisRepN': 0}>
119.5228 	EXP 	LDT_fix_text: autoDraw = False
119.5228 	EXP 	LDT_stim_text: autoDraw = False
119.5228 	EXP 	LDT_break_text: autoDraw = False
119.5228 	EXP 	LDT_stim_text: height = np.float64(0.1)
119.5228 	EXP 	LDT_stim_text: height = np.float64(0.1)
119.5228 	EXP 	LDT_stim_text: height = np.float64(0.1)
119.5228 	EXP 	LDT_stim_text: text = 'sarry'
119.5228 	EXP 	LDT_fix_text: autoDraw = True
119.5648 	EXP 	Device response: <KeyPress from None: t=119.50672439999471, value=a, duration=0.056347700010519475>
120.0066 	EXP 	LDT_stim_text: autoDraw = True
120.0149 	EXP 	LDT_fix_text: autoDraw = False
120.6241 	EXP 	Device response: <KeyPress from None: t=120.61858989999746, value=a, duration=None>
120.6244 	EXP 	New trial (rep=0, index=59): <Trial 59 (59 in rep 0) data={'Task': 'LDT', 'TrialType': 'Target', 'Stimuli': 'darb', 'StimulusType': 'nonword', 'CorrectResponse': 'a', 'Trialnumb': 134, 'thisN': 59, 'thisTrialN': 59, 'thisRepN': 0}>
120.6322 	EXP 	LDT_fix_text: autoDraw = False
120.6322 	EXP 	LDT_stim_text: autoDraw = False
120.6322 	EXP 	LDT_break_text: autoDraw = False
120.6322 	EXP 	LDT_stim_text: height = np.float64(0.1)
120.6322 	EXP 	LDT_stim_text: height = np.float64(0.1)
120.6322 	EXP 	LDT_stim_text: height = np.float64(0.1)
120.6322 	EXP 	LDT_stim_text: text = 'darb'
120.6322 	EXP 	LDT_fix_text: autoDraw = True
120.6370 	DATA 	KeyPress: 밈
120.7242 	EXP 	Device response: <KeyPress from None: t=120.61858989999746, value=a, duration=0.10334620000503492>
121.1160 	EXP 	LDT_stim_text: autoDraw = True
121.1244 	EXP 	LDT_fix_text: autoDraw = False
122.0756 	EXP 	Device response: <KeyPress from None: t=122.06772669999918, value=a, duration=None>
122.0758 	EXP 	New trial (rep=0, index=60): <Trial 60 (60 in rep 0) data={'Task': 'LDT', 'TrialType': 'Target', 'Stimuli': 'sale', 'StimulusType': 'word', 'CorrectResponse': 'l', 'Trialnumb': 93, 'thisN': 60, 'thisTrialN': 60, 'thisRepN': 0}>
122.0836 	EXP 	LDT_fix_text: autoDraw = False
122.0836 	EXP 	LDT_stim_text: autoDraw = False
122.0836 	EXP 	LDT_break_text: autoDraw = False
122.0836 	EXP 	LDT_stim_text: height = np.float64(0.1)
122.0836 	EXP 	LDT_stim_text: height = np.float64(0.1)
122.0836 	EXP 	LDT_stim_text: height = np.float64(0.1)
122.0836 	EXP 	LDT_stim_text: text = 'sale'
122.0836 	EXP 	LDT_fix_text: autoDraw = True
122.0883 	DATA 	KeyPress: ㅁ
122.1757 	EXP 	Device response: <KeyPress from None: t=122.06772669999918, value=a, duration=0.10265099999378435>
122.5675 	EXP 	LDT_stim_text: autoDraw = True
122.5758 	EXP 	LDT_fix_text: autoDraw = False
123.0265 	EXP 	Device response: <KeyPress from None: t=123.01879849999386, value=l, duration=None>
123.0268 	EXP 	New trial (rep=0, index=61): <Trial 61 (61 in rep 0) data={'Task': 'LDT', 'TrialType': 'Target', 'Stimuli': 'pack', 'StimulusType': 'word', 'CorrectResponse': 'l', 'Trialnumb': 76, 'thisN': 61, 'thisTrialN': 61, 'thisRepN': 0}>
123.0347 	EXP 	LDT_fix_text: autoDraw = False
123.0347 	EXP 	LDT_stim_text: autoDraw = False
123.0347 	EXP 	LDT_break_text: autoDraw = False
123.0347 	EXP 	LDT_stim_text: height = np.float64(0.1)
123.0347 	EXP 	LDT_stim_text: height = np.float64(0.1)
123.0347 	EXP 	LDT_stim_text: height = np.float64(0.1)
123.0347 	EXP 	LDT_stim_text: text = 'pack'
123.0347 	EXP 	LDT_fix_text: autoDraw = True
123.1350 	EXP 	Device response: <KeyPress from None: t=123.01879849999386, value=l, duration=0.11182510000071488>
123.5184 	EXP 	LDT_stim_text: autoDraw = True
123.5268 	EXP 	LDT_fix_text: autoDraw = False
124.5114 	EXP 	Device response: <KeyPress from None: t=124.50744960000156, value=l, duration=None>
124.5116 	EXP 	New trial (rep=0, index=62): <Trial 62 (62 in rep 0) data={'Task': 'LDT', 'TrialType': 'Target', 'Stimuli': 'mears', 'StimulusType': 'nonword', 'CorrectResponse': 'a', 'Trialnumb': 172, 'thisN': 62, 'thisTrialN': 62, 'thisRepN': 0}>
124.5194 	EXP 	LDT_fix_text: autoDraw = False
124.5194 	EXP 	LDT_stim_text: autoDraw = False
124.5194 	EXP 	LDT_break_text: autoDraw = False
124.5194 	EXP 	LDT_stim_text: height = np.float64(0.1)
124.5194 	EXP 	LDT_stim_text: height = np.float64(0.1)
124.5194 	EXP 	LDT_stim_text: height = np.float64(0.1)
124.5194 	EXP 	LDT_stim_text: text = 'mears'
124.5194 	EXP 	LDT_fix_text: autoDraw = True
124.5242 	DATA 	KeyPress: 미
124.6032 	EXP 	Device response: <KeyPress from None: t=124.50744960000156, value=l, duration=0.09512939999694936>
125.0032 	EXP 	LDT_stim_text: autoDraw = True
125.0116 	EXP 	LDT_fix_text: autoDraw = False
126.3383 	EXP 	Device response: <KeyPress from None: t=126.33013370000117, value=a, duration=None>
126.3386 	EXP 	New trial (rep=0, index=63): <Trial 63 (63 in rep 0) data={'Task': 'LDT', 'TrialType': 'Target', 'Stimuli': 'back', 'StimulusType': 'word', 'CorrectResponse': 'l', 'Trialnumb': 8, 'thisN': 63, 'thisTrialN': 63, 'thisRepN': 0}>
126.3445 	DATA 	KeyPress: ㅣ
126.3548 	EXP 	LDT_fix_text: autoDraw = False
126.3548 	EXP 	LDT_stim_text: autoDraw = False
126.3548 	EXP 	LDT_break_text: autoDraw = False
126.3548 	EXP 	LDT_stim_text: height = np.float64(0.1)
126.3548 	EXP 	LDT_stim_text: height = np.float64(0.1)
126.3548 	EXP 	LDT_stim_text: height = np.float64(0.1)
126.3548 	EXP 	LDT_stim_text: text = 'back'
126.3548 	EXP 	LDT_fix_text: autoDraw = True
126.4467 	EXP 	Device response: <KeyPress from None: t=126.33013370000117, value=a, duration=0.11225009999179747>
126.8300 	EXP 	LDT_stim_text: autoDraw = True
126.8467 	EXP 	LDT_fix_text: autoDraw = False
127.5978 	EXP 	Device response: <KeyPress from None: t=127.59453750000102, value=l, duration=None>
127.5980 	EXP 	New trial (rep=0, index=64): <Trial 64 (64 in rep 0) data={'Task': 'LDT', 'TrialType': 'Target', 'Stimuli': 'berm', 'StimulusType': 'nonword', 'CorrectResponse': 'a', 'Trialnumb': 121, 'thisN': 64, 'thisTrialN': 64, 'thisRepN': 0}>
127.6058 	EXP 	LDT_fix_text: autoDraw = False
127.6058 	EXP 	LDT_stim_text: autoDraw = False
127.6058 	EXP 	LDT_break_text: autoDraw = False
127.6058 	EXP 	LDT_stim_text: height = np.float64(0.1)
127.6058 	EXP 	LDT_stim_text: height = np.float64(0.1)
127.6058 	EXP 	LDT_stim_text: height = np.float64(0.1)
127.6058 	EXP 	LDT_stim_text: text = 'berm'
127.6058 	EXP 	LDT_fix_text: autoDraw = True
127.7229 	EXP 	Device response: <KeyPress from None: t=127.59453750000102, value=l, duration=0.12007550000271294>
128.0898 	EXP 	LDT_stim_text: autoDraw = True
128.0980 	EXP 	LDT_fix_text: autoDraw = False
129.0742 	EXP 	Device response: <KeyPress from None: t=129.06661860000168, value=a, duration=None>
129.0745 	EXP 	New trial (rep=0, index=65): <Trial 65 (65 in rep 0) data={'Task': 'LDT', 'TrialType': 'Target', 'Stimuli': 'neep', 'StimulusType': 'nonword', 'CorrectResponse': 'a', 'Trialnumb': 176, 'thisN': 65, 'thisTrialN': 65, 'thisRepN': 0}>
129.0823 	EXP 	LDT_fix_text: autoDraw = False
129.0823 	EXP 	LDT_stim_text: autoDraw = False
129.0823 	EXP 	LDT_break_text: autoDraw = False
129.0823 	EXP 	LDT_stim_text: height = np.float64(0.1)
129.0823 	EXP 	LDT_stim_text: height = np.float64(0.1)
129.0823 	EXP 	LDT_stim_text: height = np.float64(0.1)
129.0823 	EXP 	LDT_stim_text: text = 'neep'
129.0823 	EXP 	LDT_fix_text: autoDraw = True
129.1827 	EXP 	Device response: <KeyPress from None: t=129.06661860000168, value=a, duration=0.11194760000216775>
129.5664 	EXP 	LDT_stim_text: autoDraw = True
129.5744 	EXP 	LDT_fix_text: autoDraw = False
130.4341 	EXP 	Device response: <KeyPress from None: t=130.43382859999838, value=a, duration=None>
130.4425 	EXP 	New trial (rep=0, index=66): <Trial 66 (66 in rep 0) data={'Task': 'LDT', 'TrialType': 'Target', 'Stimuli': 'shoa', 'StimulusType': 'nonword', 'CorrectResponse': 'a', 'Trialnumb': 191, 'thisN': 66, 'thisTrialN': 66, 'thisRepN': 0}>
130.4483 	DATA 	KeyPress: 밈
130.4586 	EXP 	LDT_fix_text: autoDraw = False
130.4586 	EXP 	LDT_stim_text: autoDraw = False
130.4586 	EXP 	LDT_break_text: autoDraw = False
130.4586 	EXP 	LDT_stim_text: height = np.float64(0.1)
130.4586 	EXP 	LDT_stim_text: height = np.float64(0.1)
130.4586 	EXP 	LDT_stim_text: height = np.float64(0.1)
130.4586 	EXP 	LDT_stim_text: text = 'shoa'
130.4586 	EXP 	LDT_fix_text: autoDraw = True
130.5507 	EXP 	Device response: <KeyPress from None: t=130.43382859999838, value=a, duration=0.11203129999921657>
130.9341 	EXP 	LDT_stim_text: autoDraw = True
130.9508 	EXP 	LDT_fix_text: autoDraw = False
131.4516 	EXP 	Device response: <KeyPress from None: t=131.4501670000027, value=a, duration=None>
131.4518 	EXP 	New trial (rep=0, index=67): <Trial 67 (67 in rep 0) data={'Task': 'LDT', 'TrialType': 'Target', 'Stimuli': 'sad', 'StimulusType': 'word', 'CorrectResponse': 'l', 'Trialnumb': 69, 'thisN': 67, 'thisTrialN': 67, 'thisRepN': 0}>
131.4596 	EXP 	LDT_fix_text: autoDraw = False
131.4596 	EXP 	LDT_stim_text: autoDraw = False
131.4596 	EXP 	LDT_break_text: autoDraw = False
131.4596 	EXP 	LDT_stim_text: height = np.float64(0.1)
131.4596 	EXP 	LDT_stim_text: height = np.float64(0.1)
131.4596 	EXP 	LDT_stim_text: height = np.float64(0.1)
131.4596 	EXP 	LDT_stim_text: text = 'sad'
131.4596 	EXP 	LDT_fix_text: autoDraw = True
131.4643 	DATA 	KeyPress: ㅁ
131.5600 	EXP 	Device response: <KeyPress from None: t=131.4501670000027, value=a, duration=0.10383379999257158>
131.9435 	EXP 	LDT_stim_text: autoDraw = True
131.9518 	EXP 	LDT_fix_text: autoDraw = False
132.4028 	EXP 	Device response: <KeyPress from None: t=132.40224719999242, value=l, duration=None>
132.4030 	EXP 	New trial (rep=0, index=68): <Trial 68 (68 in rep 0) data={'Task': 'LDT', 'TrialType': 'Target', 'Stimuli': 'colo', 'StimulusType': 'nonword', 'CorrectResponse': 'a', 'Trialnumb': 131, 'thisN': 68, 'thisTrialN': 68, 'thisRepN': 0}>
132.4106 	EXP 	LDT_fix_text: autoDraw = False
132.4106 	EXP 	LDT_stim_text: autoDraw = False
132.4106 	EXP 	LDT_break_text: autoDraw = False
132.4106 	EXP 	LDT_stim_text: height = np.float64(0.1)
132.4106 	EXP 	LDT_stim_text: height = np.float64(0.1)
132.4106 	EXP 	LDT_stim_text: height = np.float64(0.1)
132.4106 	EXP 	LDT_stim_text: text = 'colo'
132.4106 	EXP 	LDT_fix_text: autoDraw = True
132.5026 	EXP 	Device response: <KeyPress from None: t=132.40224719999242, value=l, duration=0.09603080000670161>
132.8944 	EXP 	LDT_stim_text: autoDraw = True
132.9027 	EXP 	LDT_fix_text: autoDraw = False
133.6955 	EXP 	Device response: <KeyPress from None: t=133.69105150000541, value=a, duration=None>
133.6958 	EXP 	New trial (rep=0, index=69): <Trial 69 (69 in rep 0) data={'Task': 'LDT', 'TrialType': 'Target', 'Stimuli': 'gead', 'StimulusType': 'nonword', 'CorrectResponse': 'a', 'Trialnumb': 145, 'thisN': 69, 'thisTrialN': 69, 'thisRepN': 0}>
133.7036 	EXP 	LDT_fix_text: autoDraw = False
133.7036 	EXP 	LDT_stim_text: autoDraw = False
133.7036 	EXP 	LDT_break_text: autoDraw = False
133.7036 	EXP 	LDT_stim_text: height = np.float64(0.1)
133.7036 	EXP 	LDT_stim_text: height = np.float64(0.1)
133.7036 	EXP 	LDT_stim_text: height = np.float64(0.1)
133.7036 	EXP 	LDT_stim_text: text = 'gead'
133.7036 	EXP 	LDT_fix_text: autoDraw = True
133.8039 	EXP 	Device response: <KeyPress from None: t=133.69105150000541, value=a, duration=0.10449329999391921>
134.1874 	EXP 	LDT_stim_text: autoDraw = True
134.1957 	EXP 	LDT_fix_text: autoDraw = False
134.8133 	EXP 	Device response: <KeyPress from None: t=134.8098153000028, value=a, duration=None>
134.8136 	EXP 	New trial (rep=0, index=70): <Trial 70 (70 in rep 0) data={'Task': 'LDT', 'TrialType': 'Target', 'Stimuli': 'full', 'StimulusType': 'word', 'CorrectResponse': 'l', 'Trialnumb': 43, 'thisN': 70, 'thisTrialN': 70, 'thisRepN': 0}>
134.8213 	EXP 	LDT_fix_text: autoDraw = False
134.8213 	EXP 	LDT_stim_text: autoDraw = False
134.8213 	EXP 	LDT_break_text: autoDraw = False
134.8213 	EXP 	LDT_stim_text: height = np.float64(0.1)
134.8213 	EXP 	LDT_stim_text: height = np.float64(0.1)
134.8213 	EXP 	LDT_stim_text: height = np.float64(0.1)
134.8213 	EXP 	LDT_stim_text: text = 'full'
134.8213 	EXP 	LDT_fix_text: autoDraw = True
134.8262 	DATA 	KeyPress: 밈
134.9468 	EXP 	Device response: <KeyPress from None: t=134.8098153000028, value=a, duration=0.13647529999434482>
135.3052 	EXP 	LDT_stim_text: autoDraw = True
135.3135 	EXP 	LDT_fix_text: autoDraw = False
135.7643 	EXP 	Device response: <KeyPress from None: t=135.7618899999943, value=l, duration=None>
135.7645 	EXP 	New trial (rep=0, index=71): <Trial 71 (71 in rep 0) data={'Task': 'LDT', 'TrialType': 'Target', 'Stimuli': 'word', 'StimulusType': 'word', 'CorrectResponse': 'l', 'Trialnumb': 47, 'thisN': 71, 'thisTrialN': 71, 'thisRepN': 0}>
135.7723 	EXP 	LDT_fix_text: autoDraw = False
135.7723 	EXP 	LDT_stim_text: autoDraw = False
135.7723 	EXP 	LDT_break_text: autoDraw = False
135.7723 	EXP 	LDT_stim_text: height = np.float64(0.1)
135.7723 	EXP 	LDT_stim_text: height = np.float64(0.1)
135.7723 	EXP 	LDT_stim_text: height = np.float64(0.1)
135.7723 	EXP 	LDT_stim_text: text = 'word'
135.7723 	EXP 	LDT_fix_text: autoDraw = True
135.8643 	EXP 	Device response: <KeyPress from None: t=135.7618899999943, value=l, duration=0.09605050001118798>
136.2562 	EXP 	LDT_stim_text: autoDraw = True
136.2644 	EXP 	LDT_fix_text: autoDraw = False
136.6818 	EXP 	Device response: <KeyPress from None: t=136.6742813000019, value=l, duration=None>
136.6820 	EXP 	New trial (rep=0, index=72): <Trial 72 (72 in rep 0) data={'Task': 'LDT', 'TrialType': 'Target', 'Stimuli': 'rees', 'StimulusType': 'nonword', 'CorrectResponse': 'a', 'Trialnumb': 184, 'thisN': 72, 'thisTrialN': 72, 'thisRepN': 0}>
136.6899 	EXP 	LDT_fix_text: autoDraw = False
136.6899 	EXP 	LDT_stim_text: autoDraw = False
136.6899 	EXP 	LDT_break_text: autoDraw = False
136.6899 	EXP 	LDT_stim_text: height = np.float64(0.1)
136.6899 	EXP 	LDT_stim_text: height = np.float64(0.1)
136.6899 	EXP 	LDT_stim_text: height = np.float64(0.1)
136.6899 	EXP 	LDT_stim_text: text = 'rees'
136.6899 	EXP 	LDT_fix_text: autoDraw = True
136.6945 	DATA 	KeyPress: 미
136.8236 	EXP 	Device response: <KeyPress from None: t=136.6742813000019, value=l, duration=0.14399979999870993>
137.1736 	EXP 	LDT_stim_text: autoDraw = True
137.1820 	EXP 	LDT_fix_text: autoDraw = False
137.8247 	EXP 	Device response: <KeyPress from None: t=137.8182986000029, value=a, duration=None>
137.8250 	EXP 	New trial (rep=0, index=73): <Trial 73 (73 in rep 0) data={'Task': 'LDT', 'TrialType': 'Target', 'Stimuli': 'kell', 'StimulusType': 'nonword', 'CorrectResponse': 'a', 'Trialnumb': 164, 'thisN': 73, 'thisTrialN': 73, 'thisRepN': 0}>
137.8326 	EXP 	LDT_fix_text: autoDraw = False
137.8326 	EXP 	LDT_stim_text: autoDraw = False
137.8326 	EXP 	LDT_break_text: autoDraw = False
137.8326 	EXP 	LDT_stim_text: height = np.float64(0.1)
137.8326 	EXP 	LDT_stim_text: height = np.float64(0.1)
137.8326 	EXP 	LDT_stim_text: height = np.float64(0.1)
137.8326 	EXP 	LDT_stim_text: text = 'kell'
137.8326 	EXP 	LDT_fix_text: autoDraw = True
137.8373 	DATA 	KeyPress: ㅣ
137.9331 	EXP 	Device response: <KeyPress from None: t=137.8182986000029, value=a, duration=0.11212389999127481>
138.3165 	EXP 	LDT_stim_text: autoDraw = True
138.3248 	EXP 	LDT_fix_text: autoDraw = False
138.7840 	EXP 	Device response: <KeyPress from None: t=138.77828909999516, value=a, duration=None>
138.7843 	EXP 	New trial (rep=0, index=74): <Trial 74 (74 in rep 0) data={'Task': 'LDT', 'TrialType': 'Target', 'Stimuli': 'yine', 'StimulusType': 'nonword', 'CorrectResponse': 'a', 'Trialnumb': 220, 'thisN': 74, 'thisTrialN': 74, 'thisRepN': 0}>
138.7920 	EXP 	LDT_fix_text: autoDraw = False
138.7920 	EXP 	LDT_stim_text: autoDraw = False
138.7920 	EXP 	LDT_break_text: autoDraw = False
138.7920 	EXP 	LDT_stim_text: height = np.float64(0.1)
138.7920 	EXP 	LDT_stim_text: height = np.float64(0.1)
138.7920 	EXP 	LDT_stim_text: height = np.float64(0.1)
138.7920 	EXP 	LDT_stim_text: text = 'yine'
138.7920 	EXP 	LDT_fix_text: autoDraw = True
138.7966 	DATA 	KeyPress: ㅁ
138.8506 	EXP 	Device response: <KeyPress from None: t=138.77828909999516, value=a, duration=0.06420730000536423>
139.2758 	EXP 	LDT_stim_text: autoDraw = True
139.2841 	EXP 	LDT_fix_text: autoDraw = False
139.6597 	EXP 	Device response: <KeyPress from None: t=139.6579447999975, value=a, duration=None>
139.6600 	EXP 	New trial (rep=0, index=75): <Trial 75 (75 in rep 0) data={'Task': 'LDT', 'TrialType': 'Target', 'Stimuli': 'job', 'StimulusType': 'word', 'CorrectResponse': 'l', 'Trialnumb': 26, 'thisN': 75, 'thisTrialN': 75, 'thisRepN': 0}>
139.6680 	EXP 	LDT_fix_text: autoDraw = False
139.6680 	EXP 	LDT_stim_text: autoDraw = False
139.6680 	EXP 	LDT_break_text: autoDraw = False
139.6680 	EXP 	LDT_stim_text: height = np.float64(0.1)
139.6680 	EXP 	LDT_stim_text: height = np.float64(0.1)
139.6680 	EXP 	LDT_stim_text: height = np.float64(0.1)
139.6680 	EXP 	LDT_stim_text: text = 'job'
139.6680 	EXP 	LDT_fix_text: autoDraw = True
139.6725 	DATA 	KeyPress: ㅁ
139.7432 	EXP 	Device response: <KeyPress from None: t=139.6579447999975, value=a, duration=0.08061740000266582>
140.1517 	EXP 	LDT_stim_text: autoDraw = True
140.1600 	EXP 	LDT_fix_text: autoDraw = False
140.6024 	EXP 	Device response: <KeyPress from None: t=140.60186310000427, value=l, duration=None>
140.6026 	EXP 	New trial (rep=0, index=76): <Trial 76 (76 in rep 0) data={'Task': 'LDT', 'TrialType': 'Target', 'Stimuli': 'pair', 'StimulusType': 'word', 'CorrectResponse': 'l', 'Trialnumb': 81, 'thisN': 76, 'thisTrialN': 76, 'thisRepN': 0}>
140.6104 	EXP 	LDT_fix_text: autoDraw = False
140.6104 	EXP 	LDT_stim_text: autoDraw = False
140.6104 	EXP 	LDT_break_text: autoDraw = False
140.6104 	EXP 	LDT_stim_text: height = np.float64(0.1)
140.6104 	EXP 	LDT_stim_text: height = np.float64(0.1)
140.6104 	EXP 	LDT_stim_text: height = np.float64(0.1)
140.6104 	EXP 	LDT_stim_text: text = 'pair'
140.6104 	EXP 	LDT_fix_text: autoDraw = True
140.6941 	EXP 	Device response: <KeyPress from None: t=140.60186310000427, value=l, duration=0.08849729999201372>
141.0942 	EXP 	LDT_stim_text: autoDraw = True
141.1026 	EXP 	LDT_fix_text: autoDraw = False
142.1623 	EXP 	Device response: <KeyPress from None: t=142.15416760000517, value=l, duration=None>
142.1625 	EXP 	New trial (rep=0, index=77): <Trial 77 (77 in rep 0) data={'Task': 'LDT', 'TrialType': 'Target', 'Stimuli': 'trick', 'StimulusType': 'word', 'CorrectResponse': 'l', 'Trialnumb': 75, 'thisN': 77, 'thisTrialN': 77, 'thisRepN': 0}>
142.1703 	EXP 	LDT_fix_text: autoDraw = False
142.1703 	EXP 	LDT_stim_text: autoDraw = False
142.1703 	EXP 	LDT_break_text: autoDraw = False
142.1703 	EXP 	LDT_stim_text: height = np.float64(0.1)
142.1703 	EXP 	LDT_stim_text: height = np.float64(0.1)
142.1703 	EXP 	LDT_stim_text: height = np.float64(0.1)
142.1703 	EXP 	LDT_stim_text: text = 'trick'
142.1703 	EXP 	LDT_fix_text: autoDraw = True
142.1747 	DATA 	KeyPress: 미
142.2373 	EXP 	Device response: <KeyPress from None: t=142.15416760000517, value=l, duration=0.08136339999327902>
142.6541 	EXP 	LDT_stim_text: autoDraw = True
142.6625 	EXP 	LDT_fix_text: autoDraw = False
143.3134 	EXP 	Device response: <KeyPress from None: t=143.3062152999919, value=l, duration=None>
143.3136 	EXP 	New trial (rep=0, index=78): <Trial 78 (78 in rep 0) data={'Task': 'LDT', 'TrialType': 'Target', 'Stimuli': 'ient', 'StimulusType': 'nonword', 'CorrectResponse': 'a', 'Trialnumb': 157, 'thisN': 78, 'thisTrialN': 78, 'thisRepN': 0}>
143.3215 	EXP 	LDT_fix_text: autoDraw = False
143.3215 	EXP 	LDT_stim_text: autoDraw = False
143.3215 	EXP 	LDT_break_text: autoDraw = False
143.3215 	EXP 	LDT_stim_text: height = np.float64(0.1)
143.3215 	EXP 	LDT_stim_text: height = np.float64(0.1)
143.3215 	EXP 	LDT_stim_text: height = np.float64(0.1)
143.3215 	EXP 	LDT_stim_text: text = 'ient'
143.3215 	EXP 	LDT_fix_text: autoDraw = True
143.3261 	DATA 	KeyPress: ㅣ
143.4052 	EXP 	Device response: <KeyPress from None: t=143.3062152999919, value=l, duration=0.09647010000480805>
143.8054 	EXP 	LDT_stim_text: autoDraw = True
143.8136 	EXP 	LDT_fix_text: autoDraw = False
144.5063 	EXP 	Device response: <KeyPress from None: t=144.49870660000306, value=a, duration=None>
144.5065 	EXP 	New trial (rep=0, index=79): <Trial 79 (79 in rep 0) data={'Task': 'LDT', 'TrialType': 'Target', 'Stimuli': 'daste', 'StimulusType': 'nonword', 'CorrectResponse': 'a', 'Trialnumb': 136, 'thisN': 79, 'thisTrialN': 79, 'thisRepN': 0}>
144.5144 	EXP 	LDT_fix_text: autoDraw = False
144.5144 	EXP 	LDT_stim_text: autoDraw = False
144.5144 	EXP 	LDT_break_text: autoDraw = False
144.5144 	EXP 	LDT_stim_text: height = np.float64(0.1)
144.5144 	EXP 	LDT_stim_text: height = np.float64(0.1)
144.5144 	EXP 	LDT_stim_text: height = np.float64(0.1)
144.5144 	EXP 	LDT_stim_text: text = 'daste'
144.5144 	EXP 	LDT_fix_text: autoDraw = True
144.5195 	DATA 	KeyPress: ㅣ
144.6397 	EXP 	Device response: <KeyPress from None: t=144.49870660000306, value=a, duration=0.13550479999685194>
144.9981 	EXP 	LDT_stim_text: autoDraw = True
145.0065 	EXP 	LDT_fix_text: autoDraw = False
145.9327 	EXP 	Device response: <KeyPress from None: t=145.92982469999697, value=a, duration=None>
145.9330 	EXP 	New trial (rep=0, index=80): <Trial 80 (80 in rep 0) data={'Task': 'LDT', 'TrialType': 'Target', 'Stimuli': 'haro', 'StimulusType': 'nonword', 'CorrectResponse': 'a', 'Trialnumb': 150, 'thisN': 80, 'thisTrialN': 80, 'thisRepN': 0}>
145.9407 	EXP 	LDT_fix_text: autoDraw = False
145.9407 	EXP 	LDT_stim_text: autoDraw = False
145.9407 	EXP 	LDT_break_text: autoDraw = False
145.9407 	EXP 	LDT_stim_text: height = np.float64(0.1)
145.9407 	EXP 	LDT_stim_text: height = np.float64(0.1)
145.9407 	EXP 	LDT_stim_text: height = np.float64(0.1)
145.9407 	EXP 	LDT_stim_text: text = 'haro'
145.9407 	EXP 	LDT_fix_text: autoDraw = True
145.9451 	DATA 	KeyPress: ㅁ
146.0912 	EXP 	Device response: <KeyPress from None: t=145.92982469999697, value=a, duration=0.16068190000078175>
146.4245 	EXP 	LDT_stim_text: autoDraw = True
146.4329 	EXP 	LDT_fix_text: autoDraw = False
147.2006 	EXP 	Device response: <KeyPress from None: t=147.19439999999304, value=a, duration=None>
147.2008 	EXP 	New trial (rep=0, index=81): <Trial 81 (81 in rep 0) data={'Task': 'LDT', 'TrialType': 'Target', 'Stimuli': 'pahe', 'StimulusType': 'nonword', 'CorrectResponse': 'a', 'Trialnumb': 178, 'thisN': 81, 'thisTrialN': 81, 'thisRepN': 0}>
147.2087 	EXP 	LDT_fix_text: autoDraw = False
147.2087 	EXP 	LDT_stim_text: autoDraw = False
147.2087 	EXP 	LDT_break_text: autoDraw = False
147.2087 	EXP 	LDT_stim_text: height = np.float64(0.1)
147.2087 	EXP 	LDT_stim_text: height = np.float64(0.1)
147.2087 	EXP 	LDT_stim_text: height = np.float64(0.1)
147.2087 	EXP 	LDT_stim_text: text = 'pahe'
147.2087 	EXP 	LDT_fix_text: autoDraw = True
147.2133 	DATA 	KeyPress: ㅁ
147.2840 	EXP 	Device response: <KeyPress from None: t=147.19439999999304, value=a, duration=0.08818170000449754>
147.6924 	EXP 	LDT_stim_text: autoDraw = True
147.7008 	EXP 	LDT_fix_text: autoDraw = False
148.3519 	EXP 	Device response: <KeyPress from None: t=148.34684430000198, value=a, duration=None>
148.3521 	EXP 	New trial (rep=0, index=82): <Trial 82 (82 in rep 0) data={'Task': 'LDT', 'TrialType': 'Target', 'Stimuli': 'tuse', 'StimulusType': 'nonword', 'CorrectResponse': 'a', 'Trialnumb': 209, 'thisN': 82, 'thisTrialN': 82, 'thisRepN': 0}>
148.3599 	EXP 	LDT_fix_text: autoDraw = False
148.3599 	EXP 	LDT_stim_text: autoDraw = False
148.3599 	EXP 	LDT_break_text: autoDraw = False
148.3599 	EXP 	LDT_stim_text: height = np.float64(0.1)
148.3599 	EXP 	LDT_stim_text: height = np.float64(0.1)
148.3599 	EXP 	LDT_stim_text: height = np.float64(0.1)
148.3599 	EXP 	LDT_stim_text: text = 'tuse'
148.3599 	EXP 	LDT_fix_text: autoDraw = True
148.3645 	DATA 	KeyPress: ㅁ
148.4519 	EXP 	Device response: <KeyPress from None: t=148.34684430000198, value=a, duration=0.10348419999354519>
148.8436 	EXP 	LDT_stim_text: autoDraw = True
148.8520 	EXP 	LDT_fix_text: autoDraw = False
149.3944 	EXP 	Device response: <KeyPress from None: t=149.3864528999984, value=a, duration=None>
149.3946 	EXP 	New trial (rep=0, index=83): <Trial 83 (83 in rep 0) data={'Task': 'LDT', 'TrialType': 'Target', 'Stimuli': 'boss', 'StimulusType': 'word', 'CorrectResponse': 'l', 'Trialnumb': 61, 'thisN': 83, 'thisTrialN': 83, 'thisRepN': 0}>
149.4025 	EXP 	LDT_fix_text: autoDraw = False
149.4025 	EXP 	LDT_stim_text: autoDraw = False
149.4025 	EXP 	LDT_break_text: autoDraw = False
149.4025 	EXP 	LDT_stim_text: height = np.float64(0.1)
149.4025 	EXP 	LDT_stim_text: height = np.float64(0.1)
149.4025 	EXP 	LDT_stim_text: height = np.float64(0.1)
149.4025 	EXP 	LDT_stim_text: text = 'boss'
149.4025 	EXP 	LDT_fix_text: autoDraw = True
149.4074 	DATA 	KeyPress: ㅁ
149.5530 	EXP 	Device response: <KeyPress from None: t=149.3864528999984, value=a, duration=0.1596997000015108>
149.8864 	EXP 	LDT_stim_text: autoDraw = True
149.8946 	EXP 	LDT_fix_text: autoDraw = False
150.3871 	EXP 	Device response: <KeyPress from None: t=150.38616320000438, value=l, duration=None>
150.3873 	EXP 	New trial (rep=0, index=84): <Trial 84 (84 in rep 0) data={'Task': 'LDT', 'TrialType': 'Target', 'Stimuli': 'ate', 'StimulusType': 'word', 'CorrectResponse': 'l', 'Trialnumb': 85, 'thisN': 84, 'thisTrialN': 84, 'thisRepN': 0}>
150.3953 	EXP 	LDT_fix_text: autoDraw = False
150.3953 	EXP 	LDT_stim_text: autoDraw = False
150.3953 	EXP 	LDT_break_text: autoDraw = False
150.3953 	EXP 	LDT_stim_text: height = np.float64(0.1)
150.3953 	EXP 	LDT_stim_text: height = np.float64(0.1)
150.3953 	EXP 	LDT_stim_text: height = np.float64(0.1)
150.3953 	EXP 	LDT_stim_text: text = 'ate'
150.3953 	EXP 	LDT_fix_text: autoDraw = True
150.4872 	EXP 	Device response: <KeyPress from None: t=150.38616320000438, value=l, duration=0.09740959999908227>
150.8790 	EXP 	LDT_stim_text: autoDraw = True
150.8873 	EXP 	LDT_fix_text: autoDraw = False
151.4632 	EXP 	Device response: <KeyPress from None: t=151.4586505000043, value=l, duration=None>
151.4634 	EXP 	New trial (rep=0, index=85): <Trial 85 (85 in rep 0) data={'Task': 'LDT', 'TrialType': 'Target', 'Stimuli': 'kang', 'StimulusType': 'nonword', 'CorrectResponse': 'a', 'Trialnumb': 162, 'thisN': 85, 'thisTrialN': 85, 'thisRepN': 0}>
151.4712 	EXP 	LDT_fix_text: autoDraw = False
151.4712 	EXP 	LDT_stim_text: autoDraw = False
151.4712 	EXP 	LDT_break_text: autoDraw = False
151.4712 	EXP 	LDT_stim_text: height = np.float64(0.1)
151.4712 	EXP 	LDT_stim_text: height = np.float64(0.1)
151.4712 	EXP 	LDT_stim_text: height = np.float64(0.1)
151.4712 	EXP 	LDT_stim_text: text = 'kang'
151.4712 	EXP 	LDT_fix_text: autoDraw = True
151.4757 	DATA 	KeyPress: 미
151.5633 	EXP 	Device response: <KeyPress from None: t=151.4586505000043, value=l, duration=0.10413690000132192>
151.9550 	EXP 	LDT_stim_text: autoDraw = True
151.9634 	EXP 	LDT_fix_text: autoDraw = False
152.9146 	EXP 	Device response: <KeyPress from None: t=152.90659810000216, value=a, duration=None>
152.9149 	EXP 	New trial (rep=0, index=86): <Trial 86 (86 in rep 0) data={'Task': 'LDT', 'TrialType': 'Target', 'Stimuli': 'raise', 'StimulusType': 'word', 'CorrectResponse': 'l', 'Trialnumb': 73, 'thisN': 86, 'thisTrialN': 86, 'thisRepN': 0}>
152.9227 	EXP 	LDT_fix_text: autoDraw = False
152.9227 	EXP 	LDT_stim_text: autoDraw = False
152.9227 	EXP 	LDT_break_text: autoDraw = False
152.9227 	EXP 	LDT_stim_text: height = np.float64(0.1)
152.9227 	EXP 	LDT_stim_text: height = np.float64(0.1)
152.9227 	EXP 	LDT_stim_text: height = np.float64(0.1)
152.9227 	EXP 	LDT_stim_text: text = 'raise'
152.9227 	EXP 	LDT_fix_text: autoDraw = True
152.9275 	DATA 	KeyPress: ㅣ
152.9982 	EXP 	Device response: <KeyPress from None: t=152.90659810000216, value=a, duration=0.08726759999990463>
153.4065 	EXP 	LDT_stim_text: autoDraw = True
153.4148 	EXP 	LDT_fix_text: autoDraw = False
153.8739 	EXP 	Device response: <KeyPress from None: t=153.86655289999908, value=l, duration=None>
153.8741 	EXP 	New trial (rep=0, index=87): <Trial 87 (87 in rep 0) data={'Task': 'LDT', 'TrialType': 'Target', 'Stimuli': 'flow', 'StimulusType': 'word', 'CorrectResponse': 'l', 'Trialnumb': 108, 'thisN': 87, 'thisTrialN': 87, 'thisRepN': 0}>
153.8820 	EXP 	LDT_fix_text: autoDraw = False
153.8820 	EXP 	LDT_stim_text: autoDraw = False
153.8820 	EXP 	LDT_break_text: autoDraw = False
153.8820 	EXP 	LDT_stim_text: height = np.float64(0.1)
153.8820 	EXP 	LDT_stim_text: height = np.float64(0.1)
153.8820 	EXP 	LDT_stim_text: height = np.float64(0.1)
153.8820 	EXP 	LDT_stim_text: text = 'flow'
153.8820 	EXP 	LDT_fix_text: autoDraw = True
153.9490 	EXP 	Device response: <KeyPress from None: t=153.86655289999908, value=l, duration=0.07984120000037365>
154.3658 	EXP 	LDT_stim_text: autoDraw = True
154.3741 	EXP 	LDT_fix_text: autoDraw = False
154.8248 	EXP 	Device response: <KeyPress from None: t=154.81867949999287, value=l, duration=None>
154.8251 	EXP 	New trial (rep=0, index=88): <Trial 88 (88 in rep 0) data={'Task': 'LDT', 'TrialType': 'Target', 'Stimuli': 'spy', 'StimulusType': 'word', 'CorrectResponse': 'l', 'Trialnumb': 99, 'thisN': 88, 'thisTrialN': 88, 'thisRepN': 0}>
154.8329 	EXP 	LDT_fix_text: autoDraw = False
154.8329 	EXP 	LDT_stim_text: autoDraw = False
154.8329 	EXP 	LDT_break_text: autoDraw = False
154.8329 	EXP 	LDT_stim_text: height = np.float64(0.1)
154.8329 	EXP 	LDT_stim_text: height = np.float64(0.1)
154.8329 	EXP 	LDT_stim_text: height = np.float64(0.1)
154.8329 	EXP 	LDT_stim_text: text = 'spy'
154.8329 	EXP 	LDT_fix_text: autoDraw = True
154.8376 	DATA 	KeyPress: 미
154.8916 	EXP 	Device response: <KeyPress from None: t=154.81867949999287, value=l, duration=0.0721075000037672>
155.3167 	EXP 	LDT_stim_text: autoDraw = True
155.3251 	EXP 	LDT_fix_text: autoDraw = False
156.3347 	EXP 	Device response: <KeyPress from None: t=156.33100069999637, value=l, duration=None>
156.3349 	EXP 	New trial (rep=0, index=89): <Trial 89 (89 in rep 0) data={'Task': 'LDT', 'TrialType': 'Target', 'Stimuli': 'yell', 'StimulusType': 'word', 'CorrectResponse': 'l', 'Trialnumb': 101, 'thisN': 89, 'thisTrialN': 89, 'thisRepN': 0}>
156.3427 	EXP 	LDT_fix_text: autoDraw = False
156.3427 	EXP 	LDT_stim_text: autoDraw = False
156.3427 	EXP 	LDT_break_text: autoDraw = False
156.3427 	EXP 	LDT_stim_text: height = np.float64(0.1)
156.3427 	EXP 	LDT_stim_text: height = np.float64(0.1)
156.3427 	EXP 	LDT_stim_text: height = np.float64(0.1)
156.3427 	EXP 	LDT_stim_text: text = 'yell'
156.3427 	EXP 	LDT_fix_text: autoDraw = True
156.3471 	DATA 	KeyPress: ㅣ
156.4264 	EXP 	Device response: <KeyPress from None: t=156.33100069999637, value=l, duration=0.08705990000453312>
156.8265 	EXP 	LDT_stim_text: autoDraw = True
156.8349 	EXP 	LDT_fix_text: autoDraw = False
157.4941 	EXP 	Device response: <KeyPress from None: t=157.48978940000234, value=l, duration=None>
157.4944 	EXP 	New trial (rep=0, index=90): <Trial 90 (90 in rep 0) data={'Task': 'LDT', 'TrialType': 'Target', 'Stimuli': 'crap', 'StimulusType': 'word', 'CorrectResponse': 'l', 'Trialnumb': 70, 'thisN': 90, 'thisTrialN': 90, 'thisRepN': 0}>
157.5022 	EXP 	LDT_fix_text: autoDraw = False
157.5022 	EXP 	LDT_stim_text: autoDraw = False
157.5022 	EXP 	LDT_break_text: autoDraw = False
157.5022 	EXP 	LDT_stim_text: height = np.float64(0.1)
157.5022 	EXP 	LDT_stim_text: height = np.float64(0.1)
157.5022 	EXP 	LDT_stim_text: height = np.float64(0.1)
157.5022 	EXP 	LDT_stim_text: text = 'crap'
157.5022 	EXP 	LDT_fix_text: autoDraw = True
157.5070 	DATA 	KeyPress: ㅣ
157.5861 	EXP 	Device response: <KeyPress from None: t=157.48978940000234, value=l, duration=0.08865839999634773>
157.9860 	EXP 	LDT_stim_text: autoDraw = True
157.9944 	EXP 	LDT_fix_text: autoDraw = False
158.6205 	EXP 	Device response: <KeyPress from None: t=158.6190273999964, value=l, duration=None>
158.6207 	EXP 	New trial (rep=0, index=91): <Trial 91 (91 in rep 0) data={'Task': 'LDT', 'TrialType': 'Target', 'Stimuli': 'dass', 'StimulusType': 'nonword', 'CorrectResponse': 'a', 'Trialnumb': 135, 'thisN': 91, 'thisTrialN': 91, 'thisRepN': 0}>
158.6283 	EXP 	LDT_fix_text: autoDraw = False
158.6283 	EXP 	LDT_stim_text: autoDraw = False
158.6283 	EXP 	LDT_break_text: autoDraw = False
158.6283 	EXP 	LDT_stim_text: height = np.float64(0.1)
158.6283 	EXP 	LDT_stim_text: height = np.float64(0.1)
158.6283 	EXP 	LDT_stim_text: height = np.float64(0.1)
158.6283 	EXP 	LDT_stim_text: text = 'dass'
158.6283 	EXP 	LDT_fix_text: autoDraw = True
158.6335 	DATA 	KeyPress: ㅣ
158.7037 	EXP 	Device response: <KeyPress from None: t=158.6190273999964, value=l, duration=0.07892820000415668>
159.1122 	EXP 	LDT_stim_text: autoDraw = True
159.1205 	EXP 	LDT_fix_text: autoDraw = False
159.7381 	EXP 	Device response: <KeyPress from None: t=159.73081350000575, value=a, duration=None>
159.7383 	EXP 	New trial (rep=0, index=92): <Trial 92 (92 in rep 0) data={'Task': 'LDT', 'TrialType': 'Target', 'Stimuli': 'sloy', 'StimulusType': 'nonword', 'CorrectResponse': 'a', 'Trialnumb': 194, 'thisN': 92, 'thisTrialN': 92, 'thisRepN': 0}>
159.7461 	EXP 	LDT_fix_text: autoDraw = False
159.7461 	EXP 	LDT_stim_text: autoDraw = False
159.7461 	EXP 	LDT_break_text: autoDraw = False
159.7461 	EXP 	LDT_stim_text: height = np.float64(0.1)
159.7461 	EXP 	LDT_stim_text: height = np.float64(0.1)
159.7461 	EXP 	LDT_stim_text: height = np.float64(0.1)
159.7461 	EXP 	LDT_stim_text: text = 'sloy'
159.7461 	EXP 	LDT_fix_text: autoDraw = True
159.7505 	DATA 	KeyPress: ㅣ
159.8299 	EXP 	Device response: <KeyPress from None: t=159.73081350000575, value=a, duration=0.09650829999009147>
160.2299 	EXP 	LDT_stim_text: autoDraw = True
160.2383 	EXP 	LDT_fix_text: autoDraw = False
160.7641 	EXP 	Device response: <KeyPress from None: t=160.7626978000044, value=a, duration=None>
160.7645 	EXP 	New trial (rep=0, index=93): <Trial 93 (93 in rep 0) data={'Task': 'LDT', 'TrialType': 'Target', 'Stimuli': 'borm', 'StimulusType': 'nonword', 'CorrectResponse': 'a', 'Trialnumb': 124, 'thisN': 93, 'thisTrialN': 93, 'thisRepN': 0}>
160.7723 	EXP 	LDT_fix_text: autoDraw = False
160.7723 	EXP 	LDT_stim_text: autoDraw = False
160.7723 	EXP 	LDT_break_text: autoDraw = False
160.7723 	EXP 	LDT_stim_text: height = np.float64(0.1)
160.7723 	EXP 	LDT_stim_text: height = np.float64(0.1)
160.7723 	EXP 	LDT_stim_text: height = np.float64(0.1)
160.7723 	EXP 	LDT_stim_text: text = 'borm'
160.7723 	EXP 	LDT_fix_text: autoDraw = True
160.7770 	DATA 	KeyPress: ㅁ
160.8725 	EXP 	Device response: <KeyPress from None: t=160.7626978000044, value=a, duration=0.10402249998878688>
161.2559 	EXP 	LDT_stim_text: autoDraw = True
161.2643 	EXP 	LDT_fix_text: autoDraw = False
162.1154 	EXP 	Device response: <KeyPress from None: t=162.11473420000402, value=a, duration=None>
162.1157 	EXP 	New trial (rep=0, index=94): <Trial 94 (94 in rep 0) data={'Task': 'LDT', 'TrialType': 'Target', 'Stimuli': 'ugly', 'StimulusType': 'word', 'CorrectResponse': 'l', 'Trialnumb': 78, 'thisN': 94, 'thisTrialN': 94, 'thisRepN': 0}>
162.1236 	EXP 	LDT_fix_text: autoDraw = False
162.1236 	EXP 	LDT_stim_text: autoDraw = False
162.1236 	EXP 	LDT_break_text: autoDraw = False
162.1236 	EXP 	LDT_stim_text: height = np.float64(0.1)
162.1236 	EXP 	LDT_stim_text: height = np.float64(0.1)
162.1236 	EXP 	LDT_stim_text: height = np.float64(0.1)
162.1236 	EXP 	LDT_stim_text: text = 'ugly'
162.1236 	EXP 	LDT_fix_text: autoDraw = True
162.1283 	DATA 	KeyPress: ㅁ
162.2489 	EXP 	Device response: <KeyPress from None: t=162.11473420000402, value=a, duration=0.12710599999991246>
162.6073 	EXP 	LDT_stim_text: autoDraw = True
162.6156 	EXP 	LDT_fix_text: autoDraw = False
163.4501 	EXP 	Device response: <KeyPress from None: t=163.44200140000612, value=l, duration=None>
163.4505 	EXP 	New trial (rep=0, index=95): <Trial 95 (95 in rep 0) data={'Task': 'LDT', 'TrialType': 'Target', 'Stimuli': 'show', 'StimulusType': 'word', 'CorrectResponse': 'l', 'Trialnumb': 21, 'thisN': 95, 'thisTrialN': 95, 'thisRepN': 0}>
163.4582 	EXP 	LDT_fix_text: autoDraw = False
163.4582 	EXP 	LDT_stim_text: autoDraw = False
163.4582 	EXP 	LDT_break_text: autoDraw = False
163.4582 	EXP 	LDT_stim_text: height = np.float64(0.1)
163.4582 	EXP 	LDT_stim_text: height = np.float64(0.1)
163.4582 	EXP 	LDT_stim_text: height = np.float64(0.1)
163.4582 	EXP 	LDT_stim_text: text = 'show'
163.4582 	EXP 	LDT_fix_text: autoDraw = True
163.5335 	EXP 	Device response: <KeyPress from None: t=163.44200140000612, value=l, duration=0.08821739999984857>
163.9419 	EXP 	LDT_stim_text: autoDraw = True
163.9503 	EXP 	LDT_fix_text: autoDraw = False
164.4260 	EXP 	Device response: <KeyPress from None: t=164.41907590000483, value=l, duration=None>
164.4263 	EXP 	New trial (rep=0, index=96): <Trial 96 (96 in rep 0) data={'Task': 'LDT', 'TrialType': 'Target', 'Stimuli': 'toop', 'StimulusType': 'nonword', 'CorrectResponse': 'a', 'Trialnumb': 204, 'thisN': 96, 'thisTrialN': 96, 'thisRepN': 0}>
164.4342 	EXP 	LDT_fix_text: autoDraw = False
164.4342 	EXP 	LDT_stim_text: autoDraw = False
164.4342 	EXP 	LDT_break_text: autoDraw = False
164.4342 	EXP 	LDT_stim_text: height = np.float64(0.1)
164.4342 	EXP 	LDT_stim_text: height = np.float64(0.1)
164.4342 	EXP 	LDT_stim_text: height = np.float64(0.1)
164.4342 	EXP 	LDT_stim_text: text = 'toop'
164.4342 	EXP 	LDT_fix_text: autoDraw = True
164.4390 	DATA 	KeyPress: 미
164.5261 	EXP 	Device response: <KeyPress from None: t=164.41907590000483, value=l, duration=0.10283229999186005>
164.9179 	EXP 	LDT_stim_text: autoDraw = True
164.9263 	EXP 	LDT_fix_text: autoDraw = False
165.5605 	EXP 	Device response: <KeyPress from None: t=165.554223500003, value=a, duration=None>
165.5608 	EXP 	New trial (rep=0, index=97): <Trial 97 (97 in rep 0) data={'Task': 'LDT', 'TrialType': 'Target', 'Stimuli': 'plan', 'StimulusType': 'word', 'CorrectResponse': 'l', 'Trialnumb': 53, 'thisN': 97, 'thisTrialN': 97, 'thisRepN': 0}>
165.5686 	EXP 	LDT_fix_text: autoDraw = False
165.5686 	EXP 	LDT_stim_text: autoDraw = False
165.5686 	EXP 	LDT_break_text: autoDraw = False
165.5686 	EXP 	LDT_stim_text: height = np.float64(0.1)
165.5686 	EXP 	LDT_stim_text: height = np.float64(0.1)
165.5686 	EXP 	LDT_stim_text: height = np.float64(0.1)
165.5686 	EXP 	LDT_stim_text: text = 'plan'
165.5686 	EXP 	LDT_fix_text: autoDraw = True
165.5733 	DATA 	KeyPress: ㅣ
165.6690 	EXP 	Device response: <KeyPress from None: t=165.554223500003, value=a, duration=0.11233409999113064>
166.0524 	EXP 	LDT_stim_text: autoDraw = True
166.0607 	EXP 	LDT_fix_text: autoDraw = False
166.6700 	EXP 	Device response: <KeyPress from None: t=166.6668542999978, value=l, duration=None>
166.6702 	EXP 	New trial (rep=0, index=98): <Trial 98 (98 in rep 0) data={'Task': 'LDT', 'TrialType': 'Target', 'Stimuli': 'fere', 'StimulusType': 'nonword', 'CorrectResponse': 'a', 'Trialnumb': 140, 'thisN': 98, 'thisTrialN': 98, 'thisRepN': 0}>
166.6863 	EXP 	LDT_fix_text: autoDraw = False
166.6863 	EXP 	LDT_stim_text: autoDraw = False
166.6863 	EXP 	LDT_break_text: autoDraw = False
166.6863 	EXP 	LDT_stim_text: height = np.float64(0.1)
166.6863 	EXP 	LDT_stim_text: height = np.float64(0.1)
166.6863 	EXP 	LDT_stim_text: height = np.float64(0.1)
166.6863 	EXP 	LDT_stim_text: text = 'fere'
166.6863 	EXP 	LDT_fix_text: autoDraw = True
166.7701 	EXP 	Device response: <KeyPress from None: t=166.6668542999978, value=l, duration=0.09497049999481533>
167.1618 	EXP 	LDT_stim_text: autoDraw = True
167.1785 	EXP 	LDT_fix_text: autoDraw = False
167.7710 	EXP 	Device response: <KeyPress from None: t=167.7705672000011, value=a, duration=None>
167.7713 	EXP 	New trial (rep=0, index=99): <Trial 99 (99 in rep 0) data={'Task': 'LDT', 'TrialType': 'Target', 'Stimuli': 'yast', 'StimulusType': 'nonword', 'CorrectResponse': 'a', 'Trialnumb': 218, 'thisN': 99, 'thisTrialN': 99, 'thisRepN': 0}>
167.7792 	EXP 	LDT_fix_text: autoDraw = False
167.7792 	EXP 	LDT_stim_text: autoDraw = False
167.7792 	EXP 	LDT_break_text: autoDraw = False
167.7792 	EXP 	LDT_stim_text: height = np.float64(0.1)
167.7792 	EXP 	LDT_stim_text: height = np.float64(0.1)
167.7792 	EXP 	LDT_stim_text: height = np.float64(0.1)
167.7792 	EXP 	LDT_stim_text: text = 'yast'
167.7792 	EXP 	LDT_fix_text: autoDraw = True
167.8712 	EXP 	Device response: <KeyPress from None: t=167.7705672000011, value=a, duration=0.09570530000200961>
168.2629 	EXP 	LDT_stim_text: autoDraw = True
168.2713 	EXP 	LDT_fix_text: autoDraw = False
168.8639 	EXP 	Device response: <KeyPress from None: t=168.85841780000192, value=a, duration=None>
168.8642 	EXP 	New trial (rep=0, index=100): <Trial 100 (100 in rep 0) data={'Task': 'LDT', 'TrialType': 'Target', 'Stimuli': 'side', 'StimulusType': 'word', 'CorrectResponse': 'l', 'Trialnumb': 48, 'thisN': 100, 'thisTrialN': 100, 'thisRepN': 0}>
168.8720 	EXP 	LDT_fix_text: autoDraw = False
168.8720 	EXP 	LDT_stim_text: autoDraw = False
168.8720 	EXP 	LDT_break_text: autoDraw = False
168.8720 	EXP 	LDT_stim_text: height = np.float64(0.1)
168.8720 	EXP 	LDT_stim_text: height = np.float64(0.1)
168.8720 	EXP 	LDT_stim_text: height = np.float64(0.1)
168.8720 	EXP 	LDT_stim_text: text = 'side'
168.8720 	EXP 	LDT_fix_text: autoDraw = True
168.8766 	DATA 	KeyPress: 밈
168.9389 	EXP 	Device response: <KeyPress from None: t=168.85841780000192, value=a, duration=0.07969509999384172>
169.3557 	EXP 	LDT_stim_text: autoDraw = True
169.3641 	EXP 	LDT_fix_text: autoDraw = False
170.4989 	EXP 	Device response: <KeyPress from None: t=170.498239499997, value=a, duration=None>
170.4991 	EXP 	New trial (rep=0, index=101): <Trial 101 (101 in rep 0) data={'Task': 'LDT', 'TrialType': 'Target', 'Stimuli': 'area', 'StimulusType': 'word', 'CorrectResponse': 'l', 'Trialnumb': 49, 'thisN': 101, 'thisTrialN': 101, 'thisRepN': 0}>
170.5068 	EXP 	LDT_fix_text: autoDraw = False
170.5068 	EXP 	LDT_stim_text: autoDraw = False
170.5068 	EXP 	LDT_break_text: autoDraw = False
170.5068 	EXP 	LDT_stim_text: height = np.float64(0.1)
170.5068 	EXP 	LDT_stim_text: height = np.float64(0.1)
170.5068 	EXP 	LDT_stim_text: height = np.float64(0.1)
170.5068 	EXP 	LDT_stim_text: text = 'area'
170.5068 	EXP 	LDT_fix_text: autoDraw = True
170.5115 	DATA 	KeyPress: ㅁ
170.6072 	EXP 	Device response: <KeyPress from None: t=170.498239499997, value=a, duration=0.1042411000089487>
170.9906 	EXP 	LDT_stim_text: autoDraw = True
170.9990 	EXP 	LDT_fix_text: autoDraw = False
172.4675 	EXP 	Device response: <KeyPress from None: t=172.4662238000019, value=l, duration=None>
172.4677 	EXP 	New trial (rep=0, index=102): <Trial 102 (102 in rep 0) data={'Task': 'LDT', 'TrialType': 'Target', 'Stimuli': 'slim', 'StimulusType': 'word', 'CorrectResponse': 'l', 'Trialnumb': 111, 'thisN': 102, 'thisTrialN': 102, 'thisRepN': 0}>
172.4755 	EXP 	LDT_fix_text: autoDraw = False
172.4755 	EXP 	LDT_stim_text: autoDraw = False
172.4755 	EXP 	LDT_break_text: autoDraw = False
172.4755 	EXP 	LDT_stim_text: height = np.float64(0.1)
172.4755 	EXP 	LDT_stim_text: height = np.float64(0.1)
172.4755 	EXP 	LDT_stim_text: height = np.float64(0.1)
172.4755 	EXP 	LDT_stim_text: text = 'slim'
172.4755 	EXP 	LDT_fix_text: autoDraw = True
172.5425 	EXP 	Device response: <KeyPress from None: t=172.4662238000019, value=l, duration=0.07234329999482725>
172.9592 	EXP 	LDT_stim_text: autoDraw = True
172.9676 	EXP 	LDT_fix_text: autoDraw = False
173.8106 	EXP 	Device response: <KeyPress from None: t=173.8101319999987, value=l, duration=None>
173.8108 	EXP 	New trial (rep=0, index=103): <Trial 103 (103 in rep 0) data={'Task': 'LDT', 'TrialType': 'Target', 'Stimuli': 'man', 'StimulusType': 'word', 'CorrectResponse': 'l', 'Trialnumb': 12, 'thisN': 103, 'thisTrialN': 103, 'thisRepN': 0}>
173.8185 	EXP 	LDT_fix_text: autoDraw = False
173.8185 	EXP 	LDT_stim_text: autoDraw = False
173.8185 	EXP 	LDT_break_text: autoDraw = False
173.8185 	EXP 	LDT_stim_text: height = np.float64(0.1)
173.8185 	EXP 	LDT_stim_text: height = np.float64(0.1)
173.8185 	EXP 	LDT_stim_text: height = np.float64(0.1)
173.8185 	EXP 	LDT_stim_text: text = 'man'
173.8185 	EXP 	LDT_fix_text: autoDraw = True
173.8235 	DATA 	KeyPress: 미
173.9023 	EXP 	Device response: <KeyPress from None: t=173.8101319999987, value=l, duration=0.08772359999420587>
174.3023 	EXP 	LDT_stim_text: autoDraw = True
174.3106 	EXP 	LDT_fix_text: autoDraw = False
174.8114 	EXP 	Device response: <KeyPress from None: t=174.8030593000003, value=l, duration=None>
174.8116 	EXP 	New trial (rep=0, index=104): <Trial 104 (104 in rep 0) data={'Task': 'LDT', 'TrialType': 'Target', 'Stimuli': 'down', 'StimulusType': 'word', 'CorrectResponse': 'l', 'Trialnumb': 9, 'thisN': 104, 'thisTrialN': 104, 'thisRepN': 0}>
174.8168 	DATA 	KeyPress: ㅣ
174.8278 	EXP 	LDT_fix_text: autoDraw = False
174.8278 	EXP 	LDT_stim_text: autoDraw = False
174.8278 	EXP 	LDT_break_text: autoDraw = False
174.8278 	EXP 	LDT_stim_text: height = np.float64(0.1)
174.8278 	EXP 	LDT_stim_text: height = np.float64(0.1)
174.8278 	EXP 	LDT_stim_text: height = np.float64(0.1)
174.8278 	EXP 	LDT_stim_text: text = 'down'
174.8278 	EXP 	LDT_fix_text: autoDraw = True
174.9366 	EXP 	Device response: <KeyPress from None: t=174.8030593000003, value=l, duration=0.1278844000044046>
175.3033 	EXP 	LDT_stim_text: autoDraw = True
175.3199 	EXP 	LDT_fix_text: autoDraw = False
175.7790 	EXP 	Device response: <KeyPress from None: t=175.77799639999284, value=l, duration=None>
175.7793 	EXP 	New trial (rep=0, index=105): <Trial 105 (105 in rep 0) data={'Task': 'LDT', 'TrialType': 'Target', 'Stimuli': 'gips', 'StimulusType': 'nonword', 'CorrectResponse': 'a', 'Trialnumb': 147, 'thisN': 105, 'thisTrialN': 105, 'thisRepN': 0}>
175.7871 	EXP 	LDT_fix_text: autoDraw = False
175.7871 	EXP 	LDT_stim_text: autoDraw = False
175.7871 	EXP 	LDT_break_text: autoDraw = False
175.7871 	EXP 	LDT_stim_text: height = np.float64(0.1)
175.7871 	EXP 	LDT_stim_text: height = np.float64(0.1)
175.7871 	EXP 	LDT_stim_text: height = np.float64(0.1)
175.7871 	EXP 	LDT_stim_text: text = 'gips'
175.7871 	EXP 	LDT_fix_text: autoDraw = True
175.7917 	DATA 	KeyPress: ㅣ
175.8708 	EXP 	Device response: <KeyPress from None: t=175.77799639999284, value=l, duration=0.08916339999996126>
176.2709 	EXP 	LDT_stim_text: autoDraw = True
176.2792 	EXP 	LDT_fix_text: autoDraw = False
176.9718 	EXP 	Device response: <KeyPress from None: t=176.96351709999726, value=a, duration=None>
176.9721 	EXP 	New trial (rep=0, index=106): <Trial 106 (106 in rep 0) data={'Task': 'LDT', 'TrialType': 'Target', 'Stimuli': 'trag', 'StimulusType': 'nonword', 'CorrectResponse': 'a', 'Trialnumb': 205, 'thisN': 106, 'thisTrialN': 106, 'thisRepN': 0}>
176.9774 	DATA 	KeyPress: ㅣ
176.9883 	EXP 	LDT_fix_text: autoDraw = False
176.9883 	EXP 	LDT_stim_text: autoDraw = False
176.9883 	EXP 	LDT_break_text: autoDraw = False
176.9883 	EXP 	LDT_stim_text: height = np.float64(0.1)
176.9883 	EXP 	LDT_stim_text: height = np.float64(0.1)
176.9883 	EXP 	LDT_stim_text: height = np.float64(0.1)
176.9883 	EXP 	LDT_stim_text: text = 'trag'
176.9883 	EXP 	LDT_fix_text: autoDraw = True
177.0803 	EXP 	Device response: <KeyPress from None: t=176.96351709999726, value=a, duration=0.11102379999647383>
177.4637 	EXP 	LDT_stim_text: autoDraw = True
177.4804 	EXP 	LDT_fix_text: autoDraw = False
178.1483 	EXP 	Device response: <KeyPress from None: t=178.14806680000038, value=a, duration=None>
178.1565 	EXP 	New trial (rep=0, index=107): <Trial 107 (107 in rep 0) data={'Task': 'LDT', 'TrialType': 'Target', 'Stimuli': 'class', 'StimulusType': 'word', 'CorrectResponse': 'l', 'Trialnumb': 19, 'thisN': 107, 'thisTrialN': 107, 'thisRepN': 0}>
178.1621 	DATA 	KeyPress: ㅁ
178.1728 	EXP 	LDT_fix_text: autoDraw = False
178.1728 	EXP 	LDT_stim_text: autoDraw = False
178.1728 	EXP 	LDT_break_text: autoDraw = False
178.1728 	EXP 	LDT_stim_text: height = np.float64(0.1)
178.1728 	EXP 	LDT_stim_text: height = np.float64(0.1)
178.1728 	EXP 	LDT_stim_text: height = np.float64(0.1)
178.1728 	EXP 	LDT_stim_text: text = 'class'
178.1728 	EXP 	LDT_fix_text: autoDraw = True
178.2482 	EXP 	Device response: <KeyPress from None: t=178.14806680000038, value=a, duration=0.09567900000547525>
178.6483 	EXP 	LDT_stim_text: autoDraw = True
178.6649 	EXP 	LDT_fix_text: autoDraw = False
179.0825 	EXP 	Device response: <KeyPress from None: t=179.0822033000004, value=l, duration=None>
179.0827 	EXP 	New trial (rep=0, index=108): <Trial 108 (108 in rep 0) data={'Task': 'LDT', 'TrialType': 'Target', 'Stimuli': 'hirs', 'StimulusType': 'nonword', 'CorrectResponse': 'a', 'Trialnumb': 153, 'thisN': 108, 'thisTrialN': 108, 'thisRepN': 0}>
179.0905 	EXP 	LDT_fix_text: autoDraw = False
179.0905 	EXP 	LDT_stim_text: autoDraw = False
179.0905 	EXP 	LDT_break_text: autoDraw = False
179.0905 	EXP 	LDT_stim_text: height = np.float64(0.1)
179.0905 	EXP 	LDT_stim_text: height = np.float64(0.1)
179.0905 	EXP 	LDT_stim_text: height = np.float64(0.1)
179.0905 	EXP 	LDT_stim_text: text = 'hirs'
179.0905 	EXP 	LDT_fix_text: autoDraw = True
179.1574 	EXP 	Device response: <KeyPress from None: t=179.0822033000004, value=l, duration=0.07213919999776408>
179.5742 	EXP 	LDT_stim_text: autoDraw = True
179.5826 	EXP 	LDT_fix_text: autoDraw = False
180.1835 	EXP 	Device response: <KeyPress from None: t=180.17809679999482, value=a, duration=None>
180.1837 	EXP 	New trial (rep=0, index=109): <Trial 109 (109 in rep 0) data={'Task': 'LDT', 'TrialType': 'Target', 'Stimuli': 'gray', 'StimulusType': 'word', 'CorrectResponse': 'l', 'Trialnumb': 98, 'thisN': 109, 'thisTrialN': 109, 'thisRepN': 0}>
180.1915 	EXP 	LDT_fix_text: autoDraw = False
180.1915 	EXP 	LDT_stim_text: autoDraw = False
180.1915 	EXP 	LDT_break_text: autoDraw = False
180.1915 	EXP 	LDT_stim_text: height = np.float64(0.1)
180.1915 	EXP 	LDT_stim_text: height = np.float64(0.1)
180.1915 	EXP 	LDT_stim_text: height = np.float64(0.1)
180.1915 	EXP 	LDT_stim_text: text = 'gray'
180.1915 	EXP 	LDT_fix_text: autoDraw = True
180.2501 	EXP 	Device response: <KeyPress from None: t=180.17809679999482, value=a, duration=0.06409040000289679>
180.6753 	EXP 	LDT_stim_text: autoDraw = True
180.6836 	EXP 	LDT_fix_text: autoDraw = False
181.1344 	EXP 	Device response: <KeyPress from None: t=181.12989630000084, value=l, duration=None>
181.1346 	EXP 	New trial (rep=0, index=110): <Trial 110 (110 in rep 0) data={'Task': 'LDT', 'TrialType': 'Target', 'Stimuli': 'read', 'StimulusType': 'word', 'CorrectResponse': 'l', 'Trialnumb': 31, 'thisN': 110, 'thisTrialN': 110, 'thisRepN': 0}>
181.1424 	EXP 	LDT_fix_text: autoDraw = False
181.1424 	EXP 	LDT_stim_text: autoDraw = False
181.1424 	EXP 	LDT_break_text: autoDraw = False
181.1424 	EXP 	LDT_stim_text: height = np.float64(0.1)
181.1424 	EXP 	LDT_stim_text: height = np.float64(0.1)
181.1424 	EXP 	LDT_stim_text: height = np.float64(0.1)
181.1424 	EXP 	LDT_stim_text: text = 'read'
181.1424 	EXP 	LDT_fix_text: autoDraw = True
181.1469 	DATA 	KeyPress: 미
181.2345 	EXP 	Device response: <KeyPress from None: t=181.12989630000084, value=l, duration=0.0971129999961704>
181.6262 	EXP 	LDT_stim_text: autoDraw = True
181.6346 	EXP 	LDT_fix_text: autoDraw = False
182.0436 	EXP 	Device response: <KeyPress from None: t=182.04211949999444, value=l, duration=None>
182.0439 	EXP 	New trial (rep=0, index=111): <Trial 111 (111 in rep 0) data={'Task': 'LDT', 'TrialType': 'Target', 'Stimuli': 'cean', 'StimulusType': 'nonword', 'CorrectResponse': 'a', 'Trialnumb': 126, 'thisN': 111, 'thisTrialN': 111, 'thisRepN': 0}>
182.0517 	EXP 	LDT_fix_text: autoDraw = False
182.0517 	EXP 	LDT_stim_text: autoDraw = False
182.0517 	EXP 	LDT_break_text: autoDraw = False
182.0517 	EXP 	LDT_stim_text: height = np.float64(0.1)
182.0517 	EXP 	LDT_stim_text: height = np.float64(0.1)
182.0517 	EXP 	LDT_stim_text: height = np.float64(0.1)
182.0517 	EXP 	LDT_stim_text: text = 'cean'
182.0517 	EXP 	LDT_fix_text: autoDraw = True
182.0563 	DATA 	KeyPress: 미
182.1437 	EXP 	Device response: <KeyPress from None: t=182.04211949999444, value=l, duration=0.09703570000419859>
182.5355 	EXP 	LDT_stim_text: autoDraw = True
182.5438 	EXP 	LDT_fix_text: autoDraw = False
183.2781 	EXP 	Device response: <KeyPress from None: t=183.27385949999734, value=a, duration=None>
183.2784 	EXP 	New trial (rep=0, index=112): <Trial 112 (112 in rep 0) data={'Task': 'LDT', 'TrialType': 'Target', 'Stimuli': 'flat', 'StimulusType': 'word', 'CorrectResponse': 'l', 'Trialnumb': 92, 'thisN': 112, 'thisTrialN': 112, 'thisRepN': 0}>
183.2862 	EXP 	LDT_fix_text: autoDraw = False
183.2862 	EXP 	LDT_stim_text: autoDraw = False
183.2862 	EXP 	LDT_break_text: autoDraw = False
183.2862 	EXP 	LDT_stim_text: height = np.float64(0.1)
183.2862 	EXP 	LDT_stim_text: height = np.float64(0.1)
183.2862 	EXP 	LDT_stim_text: height = np.float64(0.1)
183.2862 	EXP 	LDT_stim_text: text = 'flat'
183.2862 	EXP 	LDT_fix_text: autoDraw = True
183.2907 	DATA 	KeyPress: ㅣ
183.3783 	EXP 	Device response: <KeyPress from None: t=183.27385949999734, value=a, duration=0.0970482999982778>
183.7700 	EXP 	LDT_stim_text: autoDraw = True
183.7784 	EXP 	LDT_fix_text: autoDraw = False
184.2874 	EXP 	Device response: <KeyPress from None: t=184.28253470000345, value=l, duration=None>
184.2877 	EXP 	New trial (rep=0, index=113): <Trial 113 (113 in rep 0) data={'Task': 'LDT', 'TrialType': 'Target', 'Stimuli': 'unit', 'StimulusType': 'word', 'CorrectResponse': 'l', 'Trialnumb': 82, 'thisN': 113, 'thisTrialN': 113, 'thisRepN': 0}>
184.2956 	EXP 	LDT_fix_text: autoDraw = False
184.2956 	EXP 	LDT_stim_text: autoDraw = False
184.2956 	EXP 	LDT_break_text: autoDraw = False
184.2956 	EXP 	LDT_stim_text: height = np.float64(0.1)
184.2956 	EXP 	LDT_stim_text: height = np.float64(0.1)
184.2956 	EXP 	LDT_stim_text: height = np.float64(0.1)
184.2956 	EXP 	LDT_stim_text: text = 'unit'
184.2956 	EXP 	LDT_fix_text: autoDraw = True
184.3876 	EXP 	Device response: <KeyPress from None: t=184.28253470000345, value=l, duration=0.09705789999861736>
184.7794 	EXP 	LDT_stim_text: autoDraw = True
184.7877 	EXP 	LDT_fix_text: autoDraw = False
185.2384 	EXP 	Device response: <KeyPress from None: t=185.23464409999724, value=l, duration=None>
185.2387 	EXP 	New trial (rep=0, index=114): <Trial 114 (114 in rep 0) data={'Task': 'LDT', 'TrialType': 'Target', 'Stimuli': 'frow', 'StimulusType': 'nonword', 'CorrectResponse': 'a', 'Trialnumb': 142, 'thisN': 114, 'thisTrialN': 114, 'thisRepN': 0}>
185.2465 	EXP 	LDT_fix_text: autoDraw = False
185.2465 	EXP 	LDT_stim_text: autoDraw = False
185.2465 	EXP 	LDT_break_text: autoDraw = False
185.2465 	EXP 	LDT_stim_text: height = np.float64(0.1)
185.2465 	EXP 	LDT_stim_text: height = np.float64(0.1)
185.2465 	EXP 	LDT_stim_text: height = np.float64(0.1)
185.2465 	EXP 	LDT_stim_text: text = 'frow'
185.2465 	EXP 	LDT_fix_text: autoDraw = True
185.2510 	DATA 	KeyPress: 미
185.3302 	EXP 	Device response: <KeyPress from None: t=185.23464409999724, value=l, duration=0.08778970000275876>
185.7303 	EXP 	LDT_stim_text: autoDraw = True
185.7387 	EXP 	LDT_fix_text: autoDraw = False
186.5314 	EXP 	Device response: <KeyPress from None: t=186.53077369999664, value=a, duration=None>
186.5317 	EXP 	New trial (rep=0, index=115): <Trial 115 (115 in rep 0) data={'Task': 'LDT', 'TrialType': 'Target', 'Stimuli': 'cips', 'StimulusType': 'nonword', 'CorrectResponse': 'a', 'Trialnumb': 128, 'thisN': 115, 'thisTrialN': 115, 'thisRepN': 0}>
186.5394 	EXP 	LDT_fix_text: autoDraw = False
186.5394 	EXP 	LDT_stim_text: autoDraw = False
186.5394 	EXP 	LDT_break_text: autoDraw = False
186.5394 	EXP 	LDT_stim_text: height = np.float64(0.1)
186.5394 	EXP 	LDT_stim_text: height = np.float64(0.1)
186.5394 	EXP 	LDT_stim_text: height = np.float64(0.1)
186.5394 	EXP 	LDT_stim_text: text = 'cips'
186.5394 	EXP 	LDT_fix_text: autoDraw = True
186.5437 	DATA 	KeyPress: ㅣ
186.6065 	EXP 	Device response: <KeyPress from None: t=186.53077369999664, value=a, duration=0.07185980000940617>
187.0233 	EXP 	LDT_stim_text: autoDraw = True
187.0316 	EXP 	LDT_fix_text: autoDraw = False
187.4823 	EXP 	Device response: <KeyPress from None: t=187.47452239999257, value=a, duration=None>
187.4826 	EXP 	New trial (rep=0, index=116): <Trial 116 (116 in rep 0) data={'Task': 'LDT', 'TrialType': 'Target', 'Stimuli': 'stap', 'StimulusType': 'nonword', 'CorrectResponse': 'a', 'Trialnumb': 199, 'thisN': 116, 'thisTrialN': 116, 'thisRepN': 0}>
187.4904 	EXP 	LDT_fix_text: autoDraw = False
187.4904 	EXP 	LDT_stim_text: autoDraw = False
187.4904 	EXP 	LDT_break_text: autoDraw = False
187.4904 	EXP 	LDT_stim_text: height = np.float64(0.1)
187.4904 	EXP 	LDT_stim_text: height = np.float64(0.1)
187.4904 	EXP 	LDT_stim_text: height = np.float64(0.1)
187.4904 	EXP 	LDT_stim_text: text = 'stap'
187.4904 	EXP 	LDT_fix_text: autoDraw = True
187.4948 	DATA 	KeyPress: ㅁ
187.5991 	EXP 	Device response: <KeyPress from None: t=187.47452239999257, value=a, duration=0.11927150000701658>
187.9742 	EXP 	LDT_stim_text: autoDraw = True
187.9825 	EXP 	LDT_fix_text: autoDraw = False
188.5668 	EXP 	Device response: <KeyPress from None: t=188.56192569999257, value=a, duration=None>
188.5670 	EXP 	New trial (rep=0, index=117): <Trial 117 (117 in rep 0) data={'Task': 'LDT', 'TrialType': 'Target', 'Stimuli': 'werd', 'StimulusType': 'nonword', 'CorrectResponse': 'a', 'Trialnumb': 216, 'thisN': 117, 'thisTrialN': 117, 'thisRepN': 0}>
188.5749 	EXP 	LDT_fix_text: autoDraw = False
188.5749 	EXP 	LDT_stim_text: autoDraw = False
188.5749 	EXP 	LDT_break_text: autoDraw = False
188.5749 	EXP 	LDT_stim_text: height = np.float64(0.1)
188.5749 	EXP 	LDT_stim_text: height = np.float64(0.1)
188.5749 	EXP 	LDT_stim_text: height = np.float64(0.1)
188.5749 	EXP 	LDT_stim_text: text = 'werd'
188.5749 	EXP 	LDT_fix_text: autoDraw = True
188.5793 	DATA 	KeyPress: ㅁ
188.6585 	EXP 	Device response: <KeyPress from None: t=188.56192569999257, value=a, duration=0.0881711000110954>
189.0586 	EXP 	LDT_stim_text: autoDraw = True
189.0670 	EXP 	LDT_fix_text: autoDraw = False
189.5010 	EXP 	Device response: <KeyPress from None: t=189.49850879999576, value=a, duration=None>
189.5013 	EXP 	New trial (rep=0, index=118): <Trial 118 (118 in rep 0) data={'Task': 'LDT', 'TrialType': 'Target', 'Stimuli': 'coss', 'StimulusType': 'nonword', 'CorrectResponse': 'a', 'Trialnumb': 133, 'thisN': 118, 'thisTrialN': 118, 'thisRepN': 0}>
189.5092 	EXP 	LDT_fix_text: autoDraw = False
189.5092 	EXP 	LDT_stim_text: autoDraw = False
189.5092 	EXP 	LDT_break_text: autoDraw = False
189.5092 	EXP 	LDT_stim_text: height = np.float64(0.1)
189.5092 	EXP 	LDT_stim_text: height = np.float64(0.1)
189.5092 	EXP 	LDT_stim_text: height = np.float64(0.1)
189.5092 	EXP 	LDT_stim_text: text = 'coss'
189.5092 	EXP 	LDT_fix_text: autoDraw = True
189.5137 	DATA 	KeyPress: ㅁ
189.6011 	EXP 	Device response: <KeyPress from None: t=189.49850879999576, value=a, duration=0.09526919999916572>
189.9929 	EXP 	LDT_stim_text: autoDraw = True
190.0012 	EXP 	LDT_fix_text: autoDraw = False
190.4019 	EXP 	Device response: <KeyPress from None: t=190.39452990000427, value=a, duration=None>
190.4022 	EXP 	New trial (rep=0, index=119): <Trial 119 (119 in rep 0) data={'Task': 'LDT', 'TrialType': 'Target', 'Stimuli': 'tight', 'StimulusType': 'word', 'CorrectResponse': 'l', 'Trialnumb': 74, 'thisN': 119, 'thisTrialN': 119, 'thisRepN': 0}>
190.4100 	EXP 	LDT_fix_text: autoDraw = False
190.4100 	EXP 	LDT_stim_text: autoDraw = False
190.4100 	EXP 	LDT_break_text: autoDraw = False
190.4100 	EXP 	LDT_stim_text: height = np.float64(0.1)
190.4100 	EXP 	LDT_stim_text: height = np.float64(0.1)
190.4100 	EXP 	LDT_stim_text: height = np.float64(0.1)
190.4100 	EXP 	LDT_stim_text: text = 'tight'
190.4100 	EXP 	LDT_fix_text: autoDraw = True
190.4143 	DATA 	KeyPress: ㅁ
190.5020 	EXP 	Device response: <KeyPress from None: t=190.39452990000427, value=a, duration=0.10368200000084471>
190.8938 	EXP 	LDT_stim_text: autoDraw = True
190.9021 	EXP 	LDT_fix_text: autoDraw = False
191.4113 	EXP 	Device response: <KeyPress from None: t=191.41073030000553, value=l, duration=None>
191.4193 	EXP 	LDT_fix_text: autoDraw = False
191.4193 	EXP 	LDT_stim_text: autoDraw = False
191.4193 	EXP 	LDT_break_text: autoDraw = True
191.4947 	EXP 	Device response: <KeyPress from None: t=191.41073030000553, value=l, duration=0.07997229999455158>
193.1379 	EXP 	Device response: <KeyPress from None: t=193.13016309999512, value=space, duration=None>
193.1382 	EXP 	New trial (rep=0, index=120): <Trial 120 (120 in rep 0) data={'Task': 'LDT', 'TrialType': 'Target', 'Stimuli': 'gaft', 'StimulusType': 'nonword', 'CorrectResponse': 'a', 'Trialnumb': 144, 'thisN': 120, 'thisTrialN': 120, 'thisRepN': 0}>
193.1460 	EXP 	LDT_break_text: autoDraw = False
193.1460 	EXP 	LDT_stim_text: height = np.float64(0.1)
193.1460 	EXP 	LDT_stim_text: height = np.float64(0.1)
193.1460 	EXP 	LDT_stim_text: height = np.float64(0.1)
193.1460 	EXP 	LDT_stim_text: text = 'gaft'
193.1460 	EXP 	LDT_fix_text: autoDraw = True
193.1475 	DATA 	KeyPress: 미
193.1475 	DATA 	Keypress: space
193.2047 	EXP 	Device response: <KeyPress from None: t=193.13016309999512, value=space, duration=0.07202190000680275>
193.6298 	EXP 	LDT_stim_text: autoDraw = True
193.6382 	EXP 	LDT_fix_text: autoDraw = False
194.2224 	EXP 	Device response: <KeyPress from None: t=194.21857860000455, value=a, duration=None>
194.2227 	EXP 	New trial (rep=0, index=121): <Trial 121 (121 in rep 0) data={'Task': 'LDT', 'TrialType': 'Target', 'Stimuli': 'seft', 'StimulusType': 'nonword', 'CorrectResponse': 'a', 'Trialnumb': 188, 'thisN': 121, 'thisTrialN': 121, 'thisRepN': 0}>
194.2304 	EXP 	LDT_fix_text: autoDraw = False
194.2304 	EXP 	LDT_stim_text: autoDraw = False
194.2304 	EXP 	LDT_break_text: autoDraw = False
194.2304 	EXP 	LDT_stim_text: height = np.float64(0.1)
194.2304 	EXP 	LDT_stim_text: height = np.float64(0.1)
194.2304 	EXP 	LDT_stim_text: height = np.float64(0.1)
194.2304 	EXP 	LDT_stim_text: text = 'seft'
194.2304 	EXP 	LDT_fix_text: autoDraw = True
194.3227 	EXP 	Device response: <KeyPress from None: t=194.21857860000455, value=a, duration=0.10374429999501444>
194.7142 	EXP 	LDT_stim_text: autoDraw = True
194.7226 	EXP 	LDT_fix_text: autoDraw = False
195.1316 	EXP 	Device response: <KeyPress from None: t=195.12998610000068, value=a, duration=None>
195.1319 	EXP 	New trial (rep=0, index=122): <Trial 122 (122 in rep 0) data={'Task': 'LDT', 'TrialType': 'Target', 'Stimuli': 'zeer', 'StimulusType': 'nonword', 'CorrectResponse': 'a', 'Trialnumb': 222, 'thisN': 122, 'thisTrialN': 122, 'thisRepN': 0}>
195.1397 	EXP 	LDT_fix_text: autoDraw = False
195.1397 	EXP 	LDT_stim_text: autoDraw = False
195.1397 	EXP 	LDT_break_text: autoDraw = False
195.1397 	EXP 	LDT_stim_text: height = np.float64(0.1)
195.1397 	EXP 	LDT_stim_text: height = np.float64(0.1)
195.1397 	EXP 	LDT_stim_text: height = np.float64(0.1)
195.1397 	EXP 	LDT_stim_text: text = 'zeer'
195.1397 	EXP 	LDT_fix_text: autoDraw = True
195.1441 	DATA 	KeyPress: ㅁ
195.2150 	EXP 	Device response: <KeyPress from None: t=195.12998610000068, value=a, duration=0.08026560000143945>
195.6235 	EXP 	LDT_stim_text: autoDraw = True
195.6318 	EXP 	LDT_fix_text: autoDraw = False
196.0743 	EXP 	Device response: <KeyPress from None: t=196.07390309999755, value=a, duration=None>
196.0746 	EXP 	New trial (rep=0, index=123): <Trial 123 (123 in rep 0) data={'Task': 'LDT', 'TrialType': 'Target', 'Stimuli': 'mass', 'StimulusType': 'word', 'CorrectResponse': 'l', 'Trialnumb': 102, 'thisN': 123, 'thisTrialN': 123, 'thisRepN': 0}>
196.0823 	EXP 	LDT_fix_text: autoDraw = False
196.0823 	EXP 	LDT_stim_text: autoDraw = False
196.0823 	EXP 	LDT_break_text: autoDraw = False
196.0823 	EXP 	LDT_stim_text: height = np.float64(0.1)
196.0823 	EXP 	LDT_stim_text: height = np.float64(0.1)
196.0823 	EXP 	LDT_stim_text: height = np.float64(0.1)
196.0823 	EXP 	LDT_stim_text: text = 'mass'
196.0823 	EXP 	LDT_fix_text: autoDraw = True
196.0867 	DATA 	KeyPress: ㅁ
196.1660 	EXP 	Device response: <KeyPress from None: t=196.07390309999755, value=a, duration=0.08788859999913257>
196.5661 	EXP 	LDT_stim_text: autoDraw = True
196.5744 	EXP 	LDT_fix_text: autoDraw = False
197.1671 	EXP 	Device response: <KeyPress from None: t=197.16176010000345, value=l, duration=None>
197.1674 	EXP 	New trial (rep=0, index=124): <Trial 124 (124 in rep 0) data={'Task': 'LDT', 'TrialType': 'Target', 'Stimuli': 'high', 'StimulusType': 'word', 'CorrectResponse': 'l', 'Trialnumb': 16, 'thisN': 124, 'thisTrialN': 124, 'thisRepN': 0}>
197.1750 	EXP 	LDT_fix_text: autoDraw = False
197.1750 	EXP 	LDT_stim_text: autoDraw = False
197.1750 	EXP 	LDT_break_text: autoDraw = False
197.1750 	EXP 	LDT_stim_text: height = np.float64(0.1)
197.1750 	EXP 	LDT_stim_text: height = np.float64(0.1)
197.1750 	EXP 	LDT_stim_text: height = np.float64(0.1)
197.1750 	EXP 	LDT_stim_text: text = 'high'
197.1750 	EXP 	LDT_fix_text: autoDraw = True
197.2338 	EXP 	Device response: <KeyPress from None: t=197.16176010000345, value=l, duration=0.06489949999377131>
197.6588 	EXP 	LDT_stim_text: autoDraw = True
197.6672 	EXP 	LDT_fix_text: autoDraw = False
199.5527 	EXP 	Device response: <KeyPress from None: t=199.54730649999692, value=l, duration=None>
199.5529 	EXP 	New trial (rep=0, index=125): <Trial 125 (125 in rep 0) data={'Task': 'LDT', 'TrialType': 'Target', 'Stimuli': 'boom', 'StimulusType': 'word', 'CorrectResponse': 'l', 'Trialnumb': 96, 'thisN': 125, 'thisTrialN': 125, 'thisRepN': 0}>
199.5608 	EXP 	LDT_fix_text: autoDraw = False
199.5608 	EXP 	LDT_stim_text: autoDraw = False
199.5608 	EXP 	LDT_break_text: autoDraw = False
199.5608 	EXP 	LDT_stim_text: height = np.float64(0.1)
199.5608 	EXP 	LDT_stim_text: height = np.float64(0.1)
199.5608 	EXP 	LDT_stim_text: height = np.float64(0.1)
199.5608 	EXP 	LDT_stim_text: text = 'boom'
199.5608 	EXP 	LDT_fix_text: autoDraw = True
199.5652 	DATA 	KeyPress: 미
199.6862 	EXP 	Device response: <KeyPress from None: t=199.54730649999692, value=l, duration=0.13459280000824947>
200.0445 	EXP 	LDT_stim_text: autoDraw = True
200.0529 	EXP 	LDT_fix_text: autoDraw = False
200.8956 	EXP 	Device response: <KeyPress from None: t=200.89035600000352, value=l, duration=None>
200.8959 	EXP 	New trial (rep=0, index=126): <Trial 126 (126 in rep 0) data={'Task': 'LDT', 'TrialType': 'Target', 'Stimuli': 'left', 'StimulusType': 'word', 'CorrectResponse': 'l', 'Trialnumb': 27, 'thisN': 126, 'thisTrialN': 126, 'thisRepN': 0}>
200.9038 	EXP 	LDT_fix_text: autoDraw = False
200.9038 	EXP 	LDT_stim_text: autoDraw = False
200.9038 	EXP 	LDT_break_text: autoDraw = False
200.9038 	EXP 	LDT_stim_text: height = np.float64(0.1)
200.9038 	EXP 	LDT_stim_text: height = np.float64(0.1)
200.9038 	EXP 	LDT_stim_text: height = np.float64(0.1)
200.9038 	EXP 	LDT_stim_text: text = 'left'
200.9038 	EXP 	LDT_fix_text: autoDraw = True
200.9083 	DATA 	KeyPress: ㅣ
201.0375 	EXP 	Device response: <KeyPress from None: t=200.89035600000352, value=l, duration=0.14425549999577925>
201.3876 	EXP 	LDT_stim_text: autoDraw = True
201.3959 	EXP 	LDT_fix_text: autoDraw = False
201.8883 	EXP 	Device response: <KeyPress from None: t=201.88204589999805, value=l, duration=None>
201.8886 	EXP 	New trial (rep=0, index=127): <Trial 127 (127 in rep 0) data={'Task': 'LDT', 'TrialType': 'Target', 'Stimuli': 'hold', 'StimulusType': 'word', 'CorrectResponse': 'l', 'Trialnumb': 54, 'thisN': 127, 'thisTrialN': 127, 'thisRepN': 0}>
201.8964 	EXP 	LDT_fix_text: autoDraw = False
201.8964 	EXP 	LDT_stim_text: autoDraw = False
201.8964 	EXP 	LDT_break_text: autoDraw = False
201.8964 	EXP 	LDT_stim_text: height = np.float64(0.1)
201.8964 	EXP 	LDT_stim_text: height = np.float64(0.1)
201.8964 	EXP 	LDT_stim_text: height = np.float64(0.1)
201.8964 	EXP 	LDT_stim_text: text = 'hold'
201.8964 	EXP 	LDT_fix_text: autoDraw = True
201.9007 	DATA 	KeyPress: ㅣ
201.9635 	EXP 	Device response: <KeyPress from None: t=201.88204589999805, value=l, duration=0.08032480000110809>
202.3802 	EXP 	LDT_stim_text: autoDraw = True
202.3885 	EXP 	LDT_fix_text: autoDraw = False
202.7975 	EXP 	Device response: <KeyPress from None: t=202.7938123000058, value=l, duration=None>
202.7978 	EXP 	New trial (rep=0, index=128): <Trial 128 (128 in rep 0) data={'Task': 'LDT', 'TrialType': 'Target', 'Stimuli': 'saos', 'StimulusType': 'nonword', 'CorrectResponse': 'a', 'Trialnumb': 115, 'thisN': 128, 'thisTrialN': 128, 'thisRepN': 0}>
202.8057 	EXP 	LDT_fix_text: autoDraw = False
202.8057 	EXP 	LDT_stim_text: autoDraw = False
202.8057 	EXP 	LDT_break_text: autoDraw = False
202.8057 	EXP 	LDT_stim_text: height = np.float64(0.1)
202.8057 	EXP 	LDT_stim_text: height = np.float64(0.1)
202.8057 	EXP 	LDT_stim_text: height = np.float64(0.1)
202.8057 	EXP 	LDT_stim_text: text = 'saos'
202.8057 	EXP 	LDT_fix_text: autoDraw = True
202.8100 	DATA 	KeyPress: ㅣ
202.8643 	EXP 	Device response: <KeyPress from None: t=202.7938123000058, value=l, duration=0.06452069999068044>
203.2894 	EXP 	LDT_stim_text: autoDraw = True
203.2978 	EXP 	LDT_fix_text: autoDraw = False
203.7402 	EXP 	Device response: <KeyPress from None: t=203.73803890000272, value=a, duration=None>
203.7405 	EXP 	New trial (rep=0, index=129): <Trial 129 (129 in rep 0) data={'Task': 'LDT', 'TrialType': 'Target', 'Stimuli': 'nind', 'StimulusType': 'nonword', 'CorrectResponse': 'a', 'Trialnumb': 177, 'thisN': 129, 'thisTrialN': 129, 'thisRepN': 0}>
203.7482 	EXP 	LDT_fix_text: autoDraw = False
203.7482 	EXP 	LDT_stim_text: autoDraw = False
203.7482 	EXP 	LDT_break_text: autoDraw = False
203.7482 	EXP 	LDT_stim_text: height = np.float64(0.1)
203.7482 	EXP 	LDT_stim_text: height = np.float64(0.1)
203.7482 	EXP 	LDT_stim_text: height = np.float64(0.1)
203.7482 	EXP 	LDT_stim_text: text = 'nind'
203.7482 	EXP 	LDT_fix_text: autoDraw = True
203.7527 	DATA 	KeyPress: ㅣ
203.8153 	EXP 	Device response: <KeyPress from None: t=203.73803890000272, value=a, duration=0.07190179999452084>
204.2320 	EXP 	LDT_stim_text: autoDraw = True
204.2404 	EXP 	LDT_fix_text: autoDraw = False
204.8579 	EXP 	Device response: <KeyPress from None: t=204.8507549999922, value=a, duration=None>
204.8582 	EXP 	New trial (rep=0, index=130): <Trial 130 (130 in rep 0) data={'Task': 'LDT', 'TrialType': 'Target', 'Stimuli': 'flen', 'StimulusType': 'nonword', 'CorrectResponse': 'a', 'Trialnumb': 141, 'thisN': 130, 'thisTrialN': 130, 'thisRepN': 0}>
204.8660 	EXP 	LDT_fix_text: autoDraw = False
204.8660 	EXP 	LDT_stim_text: autoDraw = False
204.8660 	EXP 	LDT_break_text: autoDraw = False
204.8660 	EXP 	LDT_stim_text: height = np.float64(0.1)
204.8660 	EXP 	LDT_stim_text: height = np.float64(0.1)
204.8660 	EXP 	LDT_stim_text: height = np.float64(0.1)
204.8660 	EXP 	LDT_stim_text: text = 'flen'
204.8660 	EXP 	LDT_fix_text: autoDraw = True
204.8703 	DATA 	KeyPress: ㅁ
204.9580 	EXP 	Device response: <KeyPress from None: t=204.8507549999922, value=a, duration=0.1031074000056833>
205.3498 	EXP 	LDT_stim_text: autoDraw = True
205.3582 	EXP 	LDT_fix_text: autoDraw = False
205.7255 	EXP 	Device response: <KeyPress from None: t=205.72208750000573, value=a, duration=None>
205.7257 	EXP 	New trial (rep=0, index=131): <Trial 131 (131 in rep 0) data={'Task': 'LDT', 'TrialType': 'Target', 'Stimuli': 'seon', 'StimulusType': 'nonword', 'CorrectResponse': 'a', 'Trialnumb': 189, 'thisN': 131, 'thisTrialN': 131, 'thisRepN': 0}>
205.7335 	EXP 	LDT_fix_text: autoDraw = False
205.7335 	EXP 	LDT_stim_text: autoDraw = False
205.7335 	EXP 	LDT_break_text: autoDraw = False
205.7335 	EXP 	LDT_stim_text: height = np.float64(0.1)
205.7335 	EXP 	LDT_stim_text: height = np.float64(0.1)
205.7335 	EXP 	LDT_stim_text: height = np.float64(0.1)
205.7335 	EXP 	LDT_stim_text: text = 'seon'
205.7335 	EXP 	LDT_fix_text: autoDraw = True
205.7378 	DATA 	KeyPress: ㅁ
205.8673 	EXP 	Device response: <KeyPress from None: t=205.72208750000573, value=a, duration=0.1440459000004921>
206.2174 	EXP 	LDT_stim_text: autoDraw = True
206.2257 	EXP 	LDT_fix_text: autoDraw = False
206.6097 	EXP 	Device response: <KeyPress from None: t=206.60249499999918, value=a, duration=None>
206.6100 	EXP 	New trial (rep=0, index=132): <Trial 132 (132 in rep 0) data={'Task': 'LDT', 'TrialType': 'Target', 'Stimuli': 'mize', 'StimulusType': 'nonword', 'CorrectResponse': 'a', 'Trialnumb': 174, 'thisN': 132, 'thisTrialN': 132, 'thisRepN': 0}>
206.6178 	EXP 	LDT_fix_text: autoDraw = False
206.6178 	EXP 	LDT_stim_text: autoDraw = False
206.6178 	EXP 	LDT_break_text: autoDraw = False
206.6178 	EXP 	LDT_stim_text: height = np.float64(0.1)
206.6178 	EXP 	LDT_stim_text: height = np.float64(0.1)
206.6178 	EXP 	LDT_stim_text: height = np.float64(0.1)
206.6178 	EXP 	LDT_stim_text: text = 'mize'
206.6178 	EXP 	LDT_fix_text: autoDraw = True
206.6221 	DATA 	KeyPress: ㅁ
206.7098 	EXP 	Device response: <KeyPress from None: t=206.60249499999918, value=a, duration=0.10399869999673683>
207.1016 	EXP 	LDT_stim_text: autoDraw = True
207.1099 	EXP 	LDT_fix_text: autoDraw = False
207.4773 	EXP 	Device response: <KeyPress from None: t=207.4738412000006, value=a, duration=None>
207.4775 	EXP 	New trial (rep=0, index=133): <Trial 133 (133 in rep 0) data={'Task': 'LDT', 'TrialType': 'Target', 'Stimuli': 'fall', 'StimulusType': 'word', 'CorrectResponse': 'l', 'Trialnumb': 62, 'thisN': 133, 'thisTrialN': 133, 'thisRepN': 0}>
207.4853 	EXP 	LDT_fix_text: autoDraw = False
207.4853 	EXP 	LDT_stim_text: autoDraw = False
207.4853 	EXP 	LDT_break_text: autoDraw = False
207.4853 	EXP 	LDT_stim_text: height = np.float64(0.1)
207.4853 	EXP 	LDT_stim_text: height = np.float64(0.1)
207.4853 	EXP 	LDT_stim_text: height = np.float64(0.1)
207.4853 	EXP 	LDT_stim_text: text = 'fall'
207.4853 	EXP 	LDT_fix_text: autoDraw = True
207.4896 	DATA 	KeyPress: ㅁ
207.5856 	EXP 	Device response: <KeyPress from None: t=207.4738412000006, value=a, duration=0.10399719999986701>
207.9691 	EXP 	LDT_stim_text: autoDraw = True
207.9775 	EXP 	LDT_fix_text: autoDraw = False
208.5199 	EXP 	Device response: <KeyPress from None: t=208.51552600000286, value=l, duration=None>
208.5202 	EXP 	New trial (rep=0, index=134): <Trial 134 (134 in rep 0) data={'Task': 'LDT', 'TrialType': 'Target', 'Stimuli': 'part', 'StimulusType': 'word', 'CorrectResponse': 'l', 'Trialnumb': 17, 'thisN': 134, 'thisTrialN': 134, 'thisRepN': 0}>
208.5281 	EXP 	LDT_fix_text: autoDraw = False
208.5281 	EXP 	LDT_stim_text: autoDraw = False
208.5281 	EXP 	LDT_break_text: autoDraw = False
208.5281 	EXP 	LDT_stim_text: height = np.float64(0.1)
208.5281 	EXP 	LDT_stim_text: height = np.float64(0.1)
208.5281 	EXP 	LDT_stim_text: height = np.float64(0.1)
208.5281 	EXP 	LDT_stim_text: text = 'part'
208.5281 	EXP 	LDT_fix_text: autoDraw = True
208.5951 	EXP 	Device response: <KeyPress from None: t=208.51552600000286, value=l, duration=0.07832879999477882>
209.0118 	EXP 	LDT_stim_text: autoDraw = True
209.0201 	EXP 	LDT_fix_text: autoDraw = False
209.3958 	EXP 	Device response: <KeyPress from None: t=209.3874797000026, value=l, duration=None>
209.3960 	EXP 	New trial (rep=0, index=135): <Trial 135 (135 in rep 0) data={'Task': 'LDT', 'TrialType': 'Target', 'Stimuli': 'beah', 'StimulusType': 'nonword', 'CorrectResponse': 'a', 'Trialnumb': 119, 'thisN': 135, 'thisTrialN': 135, 'thisRepN': 0}>
209.4012 	DATA 	KeyPress: 미
209.4122 	EXP 	LDT_fix_text: autoDraw = False
209.4122 	EXP 	LDT_stim_text: autoDraw = False
209.4122 	EXP 	LDT_break_text: autoDraw = False
209.4122 	EXP 	LDT_stim_text: height = np.float64(0.1)
209.4122 	EXP 	LDT_stim_text: height = np.float64(0.1)
209.4122 	EXP 	LDT_stim_text: height = np.float64(0.1)
209.4122 	EXP 	LDT_stim_text: text = 'beah'
209.4122 	EXP 	LDT_fix_text: autoDraw = True
209.4626 	EXP 	Device response: <KeyPress from None: t=209.3874797000026, value=l, duration=0.07056330000341404>
209.8877 	EXP 	LDT_stim_text: autoDraw = True
209.9044 	EXP 	LDT_fix_text: autoDraw = False
210.5136 	EXP 	Device response: <KeyPress from None: t=210.5063048000011, value=a, duration=None>
210.5138 	EXP 	New trial (rep=0, index=136): <Trial 136 (136 in rep 0) data={'Task': 'LDT', 'TrialType': 'Target', 'Stimuli': 'lals', 'StimulusType': 'nonword', 'CorrectResponse': 'a', 'Trialnumb': 167, 'thisN': 136, 'thisTrialN': 136, 'thisRepN': 0}>
210.5216 	EXP 	LDT_fix_text: autoDraw = False
210.5216 	EXP 	LDT_stim_text: autoDraw = False
210.5216 	EXP 	LDT_break_text: autoDraw = False
210.5216 	EXP 	LDT_stim_text: height = np.float64(0.1)
210.5216 	EXP 	LDT_stim_text: height = np.float64(0.1)
210.5216 	EXP 	LDT_stim_text: height = np.float64(0.1)
210.5216 	EXP 	LDT_stim_text: text = 'lals'
210.5216 	EXP 	LDT_fix_text: autoDraw = True
210.5260 	DATA 	KeyPress: ㅣ
210.6054 	EXP 	Device response: <KeyPress from None: t=210.5063048000011, value=a, duration=0.09722389999660663>
211.0055 	EXP 	LDT_stim_text: autoDraw = True
211.0138 	EXP 	LDT_fix_text: autoDraw = False
211.4395 	EXP 	Device response: <KeyPress from None: t=211.43467529999907, value=a, duration=None>
211.4397 	EXP 	New trial (rep=0, index=137): <Trial 137 (137 in rep 0) data={'Task': 'LDT', 'TrialType': 'Target', 'Stimuli': 'year', 'StimulusType': 'word', 'CorrectResponse': 'l', 'Trialnumb': 10, 'thisN': 137, 'thisTrialN': 137, 'thisRepN': 0}>
211.4476 	EXP 	LDT_fix_text: autoDraw = False
211.4476 	EXP 	LDT_stim_text: autoDraw = False
211.4476 	EXP 	LDT_break_text: autoDraw = False
211.4476 	EXP 	LDT_stim_text: height = np.float64(0.1)
211.4476 	EXP 	LDT_stim_text: height = np.float64(0.1)
211.4476 	EXP 	LDT_stim_text: height = np.float64(0.1)
211.4476 	EXP 	LDT_stim_text: text = 'year'
211.4476 	EXP 	LDT_fix_text: autoDraw = True
211.4521 	DATA 	KeyPress: ㅁ
211.5396 	EXP 	Device response: <KeyPress from None: t=211.43467529999907, value=a, duration=0.10439659999974538>
211.9314 	EXP 	LDT_stim_text: autoDraw = True
211.9397 	EXP 	LDT_fix_text: autoDraw = False
212.3988 	EXP 	Device response: <KeyPress from None: t=212.39539639999566, value=l, duration=None>
212.3990 	EXP 	New trial (rep=0, index=138): <Trial 138 (138 in rep 0) data={'Task': 'LDT', 'TrialType': 'Target', 'Stimuli': 'brone', 'StimulusType': 'nonword', 'CorrectResponse': 'a', 'Trialnumb': 125, 'thisN': 138, 'thisTrialN': 138, 'thisRepN': 0}>
212.4068 	EXP 	LDT_fix_text: autoDraw = False
212.4068 	EXP 	LDT_stim_text: autoDraw = False
212.4068 	EXP 	LDT_break_text: autoDraw = False
212.4068 	EXP 	LDT_stim_text: height = np.float64(0.1)
212.4068 	EXP 	LDT_stim_text: height = np.float64(0.1)
212.4068 	EXP 	LDT_stim_text: height = np.float64(0.1)
212.4068 	EXP 	LDT_stim_text: text = 'brone'
212.4068 	EXP 	LDT_fix_text: autoDraw = True
212.4738 	EXP 	Device response: <KeyPress from None: t=212.39539639999566, value=l, duration=0.07060170000477228>
212.8907 	EXP 	LDT_stim_text: autoDraw = True
212.8990 	EXP 	LDT_fix_text: autoDraw = False
213.4998 	EXP 	Device response: <KeyPress from None: t=213.4915703000006, value=a, duration=None>
213.5001 	EXP 	New trial (rep=0, index=139): <Trial 139 (139 in rep 0) data={'Task': 'LDT', 'TrialType': 'Target', 'Stimuli': 'basp', 'StimulusType': 'nonword', 'CorrectResponse': 'a', 'Trialnumb': 118, 'thisN': 139, 'thisTrialN': 139, 'thisRepN': 0}>
213.5080 	EXP 	LDT_fix_text: autoDraw = False
213.5080 	EXP 	LDT_stim_text: autoDraw = False
213.5080 	EXP 	LDT_break_text: autoDraw = False
213.5080 	EXP 	LDT_stim_text: height = np.float64(0.1)
213.5080 	EXP 	LDT_stim_text: height = np.float64(0.1)
213.5080 	EXP 	LDT_stim_text: height = np.float64(0.1)
213.5080 	EXP 	LDT_stim_text: text = 'basp'
213.5080 	EXP 	LDT_fix_text: autoDraw = True
213.5583 	EXP 	Device response: <KeyPress from None: t=213.4915703000006, value=a, duration=0.06213469999784138>
213.9918 	EXP 	LDT_stim_text: autoDraw = True
214.0001 	EXP 	LDT_fix_text: autoDraw = False
214.4008 	EXP 	Device response: <KeyPress from None: t=214.39397699999972, value=a, duration=None>
214.4010 	EXP 	New trial (rep=0, index=140): <Trial 140 (140 in rep 0) data={'Task': 'LDT', 'TrialType': 'Target', 'Stimuli': 'hass', 'StimulusType': 'nonword', 'CorrectResponse': 'a', 'Trialnumb': 151, 'thisN': 140, 'thisTrialN': 140, 'thisRepN': 0}>
214.4088 	EXP 	LDT_fix_text: autoDraw = False
214.4088 	EXP 	LDT_stim_text: autoDraw = False
214.4088 	EXP 	LDT_break_text: autoDraw = False
214.4088 	EXP 	LDT_stim_text: height = np.float64(0.1)
214.4088 	EXP 	LDT_stim_text: height = np.float64(0.1)
214.4088 	EXP 	LDT_stim_text: height = np.float64(0.1)
214.4088 	EXP 	LDT_stim_text: text = 'hass'
214.4088 	EXP 	LDT_fix_text: autoDraw = True
214.4133 	DATA 	KeyPress: 밈
214.5094 	EXP 	Device response: <KeyPress from None: t=214.39397699999972, value=a, duration=0.11258600000292063>
214.8927 	EXP 	LDT_stim_text: autoDraw = True
214.9010 	EXP 	LDT_fix_text: autoDraw = False
215.3434 	EXP 	Device response: <KeyPress from None: t=215.33814249999705, value=a, duration=None>
215.3436 	EXP 	New trial (rep=0, index=141): <Trial 141 (141 in rep 0) data={'Task': 'LDT', 'TrialType': 'Target', 'Stimuli': 'trin', 'StimulusType': 'nonword', 'CorrectResponse': 'a', 'Trialnumb': 207, 'thisN': 141, 'thisTrialN': 141, 'thisRepN': 0}>
215.3514 	EXP 	LDT_fix_text: autoDraw = False
215.3514 	EXP 	LDT_stim_text: autoDraw = False
215.3514 	EXP 	LDT_break_text: autoDraw = False
215.3514 	EXP 	LDT_stim_text: height = np.float64(0.1)
215.3514 	EXP 	LDT_stim_text: height = np.float64(0.1)
215.3514 	EXP 	LDT_stim_text: height = np.float64(0.1)
215.3514 	EXP 	LDT_stim_text: text = 'trin'
215.3514 	EXP 	LDT_fix_text: autoDraw = True
215.3559 	DATA 	KeyPress: ㅁ
215.4351 	EXP 	Device response: <KeyPress from None: t=215.33814249999705, value=a, duration=0.09649480000371113>
215.8353 	EXP 	LDT_stim_text: autoDraw = True
215.8436 	EXP 	LDT_fix_text: autoDraw = False
216.3611 	EXP 	Device response: <KeyPress from None: t=216.3538378999947, value=a, duration=None>
216.3614 	EXP 	New trial (rep=0, index=142): <Trial 142 (142 in rep 0) data={'Task': 'LDT', 'TrialType': 'Target', 'Stimuli': 'plue', 'StimulusType': 'nonword', 'CorrectResponse': 'a', 'Trialnumb': 181, 'thisN': 142, 'thisTrialN': 142, 'thisRepN': 0}>
216.3692 	EXP 	LDT_fix_text: autoDraw = False
216.3692 	EXP 	LDT_stim_text: autoDraw = False
216.3692 	EXP 	LDT_break_text: autoDraw = False
216.3692 	EXP 	LDT_stim_text: height = np.float64(0.1)
216.3692 	EXP 	LDT_stim_text: height = np.float64(0.1)
216.3692 	EXP 	LDT_stim_text: height = np.float64(0.1)
216.3692 	EXP 	LDT_stim_text: text = 'plue'
216.3692 	EXP 	LDT_fix_text: autoDraw = True
216.3735 	DATA 	KeyPress: ㅁ
216.4528 	EXP 	Device response: <KeyPress from None: t=216.3538378999947, value=a, duration=0.09669279999798164>
216.8529 	EXP 	LDT_stim_text: autoDraw = True
216.8613 	EXP 	LDT_fix_text: autoDraw = False
217.2619 	EXP 	Device response: <KeyPress from None: t=217.2585865000001, value=a, duration=None>
217.2622 	EXP 	New trial (rep=0, index=143): <Trial 143 (143 in rep 0) data={'Task': 'LDT', 'TrialType': 'Target', 'Stimuli': 'stip', 'StimulusType': 'nonword', 'CorrectResponse': 'a', 'Trialnumb': 200, 'thisN': 143, 'thisTrialN': 143, 'thisRepN': 0}>
217.2700 	EXP 	LDT_fix_text: autoDraw = False
217.2700 	EXP 	LDT_stim_text: autoDraw = False
217.2700 	EXP 	LDT_break_text: autoDraw = False
217.2700 	EXP 	LDT_stim_text: height = np.float64(0.1)
217.2700 	EXP 	LDT_stim_text: height = np.float64(0.1)
217.2700 	EXP 	LDT_stim_text: height = np.float64(0.1)
217.2700 	EXP 	LDT_stim_text: text = 'stip'
217.2700 	EXP 	LDT_fix_text: autoDraw = True
217.2744 	DATA 	KeyPress: ㅁ
217.3620 	EXP 	Device response: <KeyPress from None: t=217.2585865000001, value=a, duration=0.09619899999233894>
217.7538 	EXP 	LDT_stim_text: autoDraw = True
217.7622 	EXP 	LDT_fix_text: autoDraw = False
218.1712 	EXP 	Device response: <KeyPress from None: t=218.17033520000405, value=a, duration=None>
218.1715 	EXP 	New trial (rep=0, index=144): <Trial 144 (144 in rep 0) data={'Task': 'LDT', 'TrialType': 'Target', 'Stimuli': 'war', 'StimulusType': 'word', 'CorrectResponse': 'l', 'Trialnumb': 55, 'thisN': 144, 'thisTrialN': 144, 'thisRepN': 0}>
218.1794 	EXP 	LDT_fix_text: autoDraw = False
218.1794 	EXP 	LDT_stim_text: autoDraw = False
218.1794 	EXP 	LDT_break_text: autoDraw = False
218.1794 	EXP 	LDT_stim_text: height = np.float64(0.1)
218.1794 	EXP 	LDT_stim_text: height = np.float64(0.1)
218.1794 	EXP 	LDT_stim_text: height = np.float64(0.1)
218.1794 	EXP 	LDT_stim_text: text = 'war'
218.1794 	EXP 	LDT_fix_text: autoDraw = True
218.1837 	DATA 	KeyPress: ㅁ
218.2213 	EXP 	Device response: <KeyPress from None: t=218.17033520000405, value=a, duration=0.04793960000097286>
218.6631 	EXP 	LDT_stim_text: autoDraw = True
218.6714 	EXP 	LDT_fix_text: autoDraw = False
219.3724 	EXP 	Device response: <KeyPress from None: t=219.3718804999953, value=l, duration=None>
219.3726 	EXP 	New trial (rep=0, index=145): <Trial 145 (145 in rep 0) data={'Task': 'LDT', 'TrialType': 'Target', 'Stimuli': 'sell', 'StimulusType': 'word', 'CorrectResponse': 'l', 'Trialnumb': 65, 'thisN': 145, 'thisTrialN': 145, 'thisRepN': 0}>
219.3805 	EXP 	LDT_fix_text: autoDraw = False
219.3805 	EXP 	LDT_stim_text: autoDraw = False
219.3805 	EXP 	LDT_break_text: autoDraw = False
219.3805 	EXP 	LDT_stim_text: height = np.float64(0.1)
219.3805 	EXP 	LDT_stim_text: height = np.float64(0.1)
219.3805 	EXP 	LDT_stim_text: height = np.float64(0.1)
219.3805 	EXP 	LDT_stim_text: text = 'sell'
219.3805 	EXP 	LDT_fix_text: autoDraw = True
219.4724 	EXP 	Device response: <KeyPress from None: t=219.3718804999953, value=l, duration=0.09428950000437908>
219.8643 	EXP 	LDT_stim_text: autoDraw = True
219.8726 	EXP 	LDT_fix_text: autoDraw = False
220.5152 	EXP 	Device response: <KeyPress from None: t=220.51468829999794, value=a, duration=None>
220.5154 	EXP 	New trial (rep=0, index=146): <Trial 146 (146 in rep 0) data={'Task': 'LDT', 'TrialType': 'Target', 'Stimuli': 'hoon', 'StimulusType': 'nonword', 'CorrectResponse': 'a', 'Trialnumb': 155, 'thisN': 146, 'thisTrialN': 146, 'thisRepN': 0}>
220.5233 	EXP 	LDT_fix_text: autoDraw = False
220.5233 	EXP 	LDT_stim_text: autoDraw = False
220.5233 	EXP 	LDT_break_text: autoDraw = False
220.5233 	EXP 	LDT_stim_text: height = np.float64(0.1)
220.5233 	EXP 	LDT_stim_text: height = np.float64(0.1)
220.5233 	EXP 	LDT_stim_text: height = np.float64(0.1)
220.5233 	EXP 	LDT_stim_text: text = 'hoon'
220.5233 	EXP 	LDT_fix_text: autoDraw = True
220.5986 	EXP 	Device response: <KeyPress from None: t=220.51468829999794, value=a, duration=0.07958780000626575>
221.0071 	EXP 	LDT_stim_text: autoDraw = True
221.0156 	EXP 	LDT_fix_text: autoDraw = False
221.5497 	EXP 	Device response: <KeyPress from None: t=221.5459594999993, value=a, duration=None>
221.5500 	EXP 	New trial (rep=0, index=147): <Trial 147 (147 in rep 0) data={'Task': 'LDT', 'TrialType': 'Target', 'Stimuli': 'look', 'StimulusType': 'word', 'CorrectResponse': 'l', 'Trialnumb': 2, 'thisN': 147, 'thisTrialN': 147, 'thisRepN': 0}>
221.5577 	EXP 	LDT_fix_text: autoDraw = False
221.5577 	EXP 	LDT_stim_text: autoDraw = False
221.5577 	EXP 	LDT_break_text: autoDraw = False
221.5577 	EXP 	LDT_stim_text: height = np.float64(0.1)
221.5577 	EXP 	LDT_stim_text: height = np.float64(0.1)
221.5577 	EXP 	LDT_stim_text: height = np.float64(0.1)
221.5577 	EXP 	LDT_stim_text: text = 'look'
221.5577 	EXP 	LDT_fix_text: autoDraw = True
221.5620 	DATA 	KeyPress: 밈
221.6746 	EXP 	Device response: <KeyPress from None: t=221.5459594999993, value=a, duration=0.12063299999863375>
222.0415 	EXP 	LDT_stim_text: autoDraw = True
222.0498 	EXP 	LDT_fix_text: autoDraw = False
222.5756 	EXP 	Device response: <KeyPress from None: t=222.5711963999929, value=l, duration=None>
222.5759 	EXP 	New trial (rep=0, index=148): <Trial 148 (148 in rep 0) data={'Task': 'LDT', 'TrialType': 'Target', 'Stimuli': 'art', 'StimulusType': 'word', 'CorrectResponse': 'l', 'Trialnumb': 15, 'thisN': 148, 'thisTrialN': 148, 'thisRepN': 0}>
222.5836 	EXP 	LDT_fix_text: autoDraw = False
222.5836 	EXP 	LDT_stim_text: autoDraw = False
222.5836 	EXP 	LDT_break_text: autoDraw = False
222.5836 	EXP 	LDT_stim_text: height = np.float64(0.1)
222.5836 	EXP 	LDT_stim_text: height = np.float64(0.1)
222.5836 	EXP 	LDT_stim_text: height = np.float64(0.1)
222.5836 	EXP 	LDT_stim_text: text = 'art'
222.5836 	EXP 	LDT_fix_text: autoDraw = True
222.6674 	EXP 	Device response: <KeyPress from None: t=222.5711963999929, value=l, duration=0.09562460001325235>
223.0675 	EXP 	LDT_stim_text: autoDraw = True
223.0758 	EXP 	LDT_fix_text: autoDraw = False
223.4849 	EXP 	Device response: <KeyPress from None: t=223.48251069999242, value=l, duration=None>
223.4852 	EXP 	New trial (rep=0, index=149): <Trial 149 (149 in rep 0) data={'Task': 'LDT', 'TrialType': 'Target', 'Stimuli': 'pick', 'StimulusType': 'word', 'CorrectResponse': 'l', 'Trialnumb': 58, 'thisN': 149, 'thisTrialN': 149, 'thisRepN': 0}>
223.4929 	EXP 	LDT_fix_text: autoDraw = False
223.4929 	EXP 	LDT_stim_text: autoDraw = False
223.4929 	EXP 	LDT_break_text: autoDraw = False
223.4929 	EXP 	LDT_stim_text: height = np.float64(0.1)
223.4929 	EXP 	LDT_stim_text: height = np.float64(0.1)
223.4929 	EXP 	LDT_stim_text: height = np.float64(0.1)
223.4929 	EXP 	LDT_stim_text: text = 'pick'
223.4929 	EXP 	LDT_fix_text: autoDraw = True
223.4973 	DATA 	KeyPress: 미
223.5516 	EXP 	Device response: <KeyPress from None: t=223.48251069999242, value=l, duration=0.06342550000408664>
223.9767 	EXP 	LDT_stim_text: autoDraw = True
223.9851 	EXP 	LDT_fix_text: autoDraw = False
224.3941 	EXP 	Device response: <KeyPress from None: t=224.38572360000398, value=l, duration=None>
224.3944 	EXP 	New trial (rep=0, index=150): <Trial 150 (150 in rep 0) data={'Task': 'LDT', 'TrialType': 'Target', 'Stimuli': 'spin', 'StimulusType': 'word', 'CorrectResponse': 'l', 'Trialnumb': 107, 'thisN': 150, 'thisTrialN': 150, 'thisRepN': 0}>
224.3995 	DATA 	KeyPress: ㅣ
224.4104 	EXP 	LDT_fix_text: autoDraw = False
224.4104 	EXP 	LDT_stim_text: autoDraw = False
224.4104 	EXP 	LDT_break_text: autoDraw = False
224.4104 	EXP 	LDT_stim_text: height = np.float64(0.1)
224.4104 	EXP 	LDT_stim_text: height = np.float64(0.1)
224.4104 	EXP 	LDT_stim_text: height = np.float64(0.1)
224.4104 	EXP 	LDT_stim_text: text = 'spin'
224.4104 	EXP 	LDT_fix_text: autoDraw = True
224.4942 	EXP 	Device response: <KeyPress from None: t=224.38572360000398, value=l, duration=0.10490009999193717>
224.8859 	EXP 	LDT_stim_text: autoDraw = True
224.9026 	EXP 	LDT_fix_text: autoDraw = False
225.6120 	EXP 	Device response: <KeyPress from None: t=225.6106407000043, value=l, duration=None>
225.6122 	EXP 	New trial (rep=0, index=151): <Trial 151 (151 in rep 0) data={'Task': 'LDT', 'TrialType': 'Target', 'Stimuli': 'sife', 'StimulusType': 'nonword', 'CorrectResponse': 'a', 'Trialnumb': 192, 'thisN': 151, 'thisTrialN': 151, 'thisRepN': 0}>
225.6200 	EXP 	LDT_fix_text: autoDraw = False
225.6200 	EXP 	LDT_stim_text: autoDraw = False
225.6200 	EXP 	LDT_break_text: autoDraw = False
225.6200 	EXP 	LDT_stim_text: height = np.float64(0.1)
225.6200 	EXP 	LDT_stim_text: height = np.float64(0.1)
225.6200 	EXP 	LDT_stim_text: height = np.float64(0.1)
225.6200 	EXP 	LDT_stim_text: text = 'sife'
225.6200 	EXP 	LDT_fix_text: autoDraw = True
225.6244 	DATA 	KeyPress: ㅣ
225.6621 	EXP 	Device response: <KeyPress from None: t=225.6106407000043, value=l, duration=0.04845499999646563>
226.1038 	EXP 	LDT_stim_text: autoDraw = True
226.1122 	EXP 	LDT_fix_text: autoDraw = False
226.6463 	EXP 	Device response: <KeyPress from None: t=226.6417897999927, value=a, duration=None>
226.6466 	EXP 	New trial (rep=0, index=152): <Trial 152 (152 in rep 0) data={'Task': 'LDT', 'TrialType': 'Target', 'Stimuli': 'media', 'StimulusType': 'word', 'CorrectResponse': 'l', 'Trialnumb': 46, 'thisN': 152, 'thisTrialN': 152, 'thisRepN': 0}>
226.6544 	EXP 	LDT_fix_text: autoDraw = False
226.6544 	EXP 	LDT_stim_text: autoDraw = False
226.6544 	EXP 	LDT_break_text: autoDraw = False
226.6544 	EXP 	LDT_stim_text: height = np.float64(0.1)
226.6544 	EXP 	LDT_stim_text: height = np.float64(0.1)
226.6544 	EXP 	LDT_stim_text: height = np.float64(0.1)
226.6544 	EXP 	LDT_stim_text: text = 'media'
226.6544 	EXP 	LDT_fix_text: autoDraw = True
226.6587 	DATA 	KeyPress: ㅣ
226.7299 	EXP 	Device response: <KeyPress from None: t=226.6417897999927, value=a, duration=0.08061430000816472>
227.1382 	EXP 	LDT_stim_text: autoDraw = True
227.1465 	EXP 	LDT_fix_text: autoDraw = False
227.6723 	EXP 	Device response: <KeyPress from None: t=227.6658299999981, value=l, duration=None>
227.6726 	EXP 	New trial (rep=0, index=153): <Trial 153 (153 in rep 0) data={'Task': 'LDT', 'TrialType': 'Target', 'Stimuli': 'club', 'StimulusType': 'word', 'CorrectResponse': 'l', 'Trialnumb': 64, 'thisN': 153, 'thisTrialN': 153, 'thisRepN': 0}>
227.6804 	EXP 	LDT_fix_text: autoDraw = False
227.6804 	EXP 	LDT_stim_text: autoDraw = False
227.6804 	EXP 	LDT_break_text: autoDraw = False
227.6804 	EXP 	LDT_stim_text: height = np.float64(0.1)
227.6804 	EXP 	LDT_stim_text: height = np.float64(0.1)
227.6804 	EXP 	LDT_stim_text: height = np.float64(0.1)
227.6804 	EXP 	LDT_stim_text: text = 'club'
227.6804 	EXP 	LDT_fix_text: autoDraw = True
227.7475 	EXP 	Device response: <KeyPress from None: t=227.6658299999981, value=l, duration=0.08089149999432266>
228.1642 	EXP 	LDT_stim_text: autoDraw = True
228.1725 	EXP 	LDT_fix_text: autoDraw = False
228.5899 	EXP 	Device response: <KeyPress from None: t=228.58651140000438, value=l, duration=None>
228.5902 	EXP 	New trial (rep=0, index=154): <Trial 154 (154 in rep 0) data={'Task': 'LDT', 'TrialType': 'Target', 'Stimuli': 'ranny', 'StimulusType': 'nonword', 'CorrectResponse': 'a', 'Trialnumb': 114, 'thisN': 154, 'thisTrialN': 154, 'thisRepN': 0}>
228.5980 	EXP 	LDT_fix_text: autoDraw = False
228.5980 	EXP 	LDT_stim_text: autoDraw = False
228.5980 	EXP 	LDT_break_text: autoDraw = False
228.5980 	EXP 	LDT_stim_text: height = np.float64(0.1)
228.5980 	EXP 	LDT_stim_text: height = np.float64(0.1)
228.5980 	EXP 	LDT_stim_text: height = np.float64(0.1)
228.5980 	EXP 	LDT_stim_text: text = 'ranny'
228.5980 	EXP 	LDT_fix_text: autoDraw = True
228.6025 	DATA 	KeyPress: 미
228.6817 	EXP 	Device response: <KeyPress from None: t=228.58651140000438, value=l, duration=0.087872599993716>
229.0818 	EXP 	LDT_stim_text: autoDraw = True
229.0901 	EXP 	LDT_fix_text: autoDraw = False
229.9246 	EXP 	Device response: <KeyPress from None: t=229.92328079999425, value=a, duration=None>
229.9248 	EXP 	New trial (rep=0, index=155): <Trial 155 (155 in rep 0) data={'Task': 'LDT', 'TrialType': 'Target', 'Stimuli': 'juck', 'StimulusType': 'nonword', 'CorrectResponse': 'a', 'Trialnumb': 161, 'thisN': 155, 'thisTrialN': 155, 'thisRepN': 0}>
229.9327 	EXP 	LDT_fix_text: autoDraw = False
229.9327 	EXP 	LDT_stim_text: autoDraw = False
229.9327 	EXP 	LDT_break_text: autoDraw = False
229.9327 	EXP 	LDT_stim_text: height = np.float64(0.1)
229.9327 	EXP 	LDT_stim_text: height = np.float64(0.1)
229.9327 	EXP 	LDT_stim_text: height = np.float64(0.1)
229.9327 	EXP 	LDT_stim_text: text = 'juck'
229.9327 	EXP 	LDT_fix_text: autoDraw = True
229.9371 	DATA 	KeyPress: ㅣ
229.9913 	EXP 	Device response: <KeyPress from None: t=229.92328079999425, value=a, duration=0.06263929999840911>
230.4165 	EXP 	LDT_stim_text: autoDraw = True
230.4248 	EXP 	LDT_fix_text: autoDraw = False
230.9673 	EXP 	Device response: <KeyPress from None: t=230.96204050000233, value=a, duration=None>
230.9676 	EXP 	New trial (rep=0, index=156): <Trial 156 (156 in rep 0) data={'Task': 'LDT', 'TrialType': 'Target', 'Stimuli': 'space', 'StimulusType': 'word', 'CorrectResponse': 'l', 'Trialnumb': 30, 'thisN': 156, 'thisTrialN': 156, 'thisRepN': 0}>
230.9753 	EXP 	LDT_fix_text: autoDraw = False
230.9753 	EXP 	LDT_stim_text: autoDraw = False
230.9753 	EXP 	LDT_break_text: autoDraw = False
230.9753 	EXP 	LDT_stim_text: height = np.float64(0.1)
230.9753 	EXP 	LDT_stim_text: height = np.float64(0.1)
230.9753 	EXP 	LDT_stim_text: height = np.float64(0.1)
230.9753 	EXP 	LDT_stim_text: text = 'space'
230.9753 	EXP 	LDT_fix_text: autoDraw = True
230.9799 	DATA 	KeyPress: ㅁ
231.0507 	EXP 	Device response: <KeyPress from None: t=230.96204050000233, value=a, duration=0.08059309999225661>
231.4591 	EXP 	LDT_stim_text: autoDraw = True
231.4675 	EXP 	LDT_fix_text: autoDraw = False
232.6023 	EXP 	Device response: <KeyPress from None: t=232.60188629999175, value=l, duration=None>
232.6026 	EXP 	New trial (rep=0, index=157): <Trial 157 (157 in rep 0) data={'Task': 'LDT', 'TrialType': 'Target', 'Stimuli': 'large', 'StimulusType': 'word', 'CorrectResponse': 'l', 'Trialnumb': 29, 'thisN': 157, 'thisTrialN': 157, 'thisRepN': 0}>
232.6103 	EXP 	LDT_fix_text: autoDraw = False
232.6103 	EXP 	LDT_stim_text: autoDraw = False
232.6103 	EXP 	LDT_break_text: autoDraw = False
232.6103 	EXP 	LDT_stim_text: height = np.float64(0.1)
232.6103 	EXP 	LDT_stim_text: height = np.float64(0.1)
232.6103 	EXP 	LDT_stim_text: height = np.float64(0.1)
232.6103 	EXP 	LDT_stim_text: text = 'large'
232.6103 	EXP 	LDT_fix_text: autoDraw = True
232.7107 	EXP 	Device response: <KeyPress from None: t=232.60188629999175, value=l, duration=0.10416750000149477>
233.0941 	EXP 	LDT_stim_text: autoDraw = True
233.1024 	EXP 	LDT_fix_text: autoDraw = False
233.5615 	EXP 	Device response: <KeyPress from None: t=233.55369420000352, value=l, duration=None>
233.5618 	EXP 	New trial (rep=0, index=158): <Trial 158 (158 in rep 0) data={'Task': 'LDT', 'TrialType': 'Target', 'Stimuli': 'gali', 'StimulusType': 'nonword', 'CorrectResponse': 'a', 'Trialnumb': 113, 'thisN': 158, 'thisTrialN': 158, 'thisRepN': 0}>
233.5696 	EXP 	LDT_fix_text: autoDraw = False
233.5696 	EXP 	LDT_stim_text: autoDraw = False
233.5696 	EXP 	LDT_break_text: autoDraw = False
233.5696 	EXP 	LDT_stim_text: height = np.float64(0.1)
233.5696 	EXP 	LDT_stim_text: height = np.float64(0.1)
233.5696 	EXP 	LDT_stim_text: height = np.float64(0.1)
233.5696 	EXP 	LDT_stim_text: text = 'gali'
233.5696 	EXP 	LDT_fix_text: autoDraw = True
233.5741 	DATA 	KeyPress: 미
233.6617 	EXP 	Device response: <KeyPress from None: t=233.55369420000352, value=l, duration=0.10413169999083038>
234.0534 	EXP 	LDT_stim_text: autoDraw = True
234.0617 	EXP 	LDT_fix_text: autoDraw = False
234.9462 	EXP 	Device response: <KeyPress from None: t=234.93868769999244, value=a, duration=None>
234.9465 	EXP 	New trial (rep=0, index=159): <Trial 159 (159 in rep 0) data={'Task': 'LDT', 'TrialType': 'Target', 'Stimuli': 'cled', 'StimulusType': 'nonword', 'CorrectResponse': 'a', 'Trialnumb': 130, 'thisN': 159, 'thisTrialN': 159, 'thisRepN': 0}>
234.9543 	EXP 	LDT_fix_text: autoDraw = False
234.9543 	EXP 	LDT_stim_text: autoDraw = False
234.9543 	EXP 	LDT_break_text: autoDraw = False
234.9543 	EXP 	LDT_stim_text: height = np.float64(0.1)
234.9543 	EXP 	LDT_stim_text: height = np.float64(0.1)
234.9543 	EXP 	LDT_stim_text: height = np.float64(0.1)
234.9543 	EXP 	LDT_stim_text: text = 'cled'
234.9543 	EXP 	LDT_fix_text: autoDraw = True
234.9589 	DATA 	KeyPress: ㅣ
235.0880 	EXP 	Device response: <KeyPress from None: t=234.93868769999244, value=a, duration=0.14300170000933576>
235.4381 	EXP 	LDT_stim_text: autoDraw = True
235.4465 	EXP 	LDT_fix_text: autoDraw = False
236.1227 	EXP 	Device response: <KeyPress from None: t=236.12240890000248, value=a, duration=None>
236.1309 	EXP 	New trial (rep=0, index=160): <Trial 160 (160 in rep 0) data={'Task': 'LDT', 'TrialType': 'Target', 'Stimuli': 'tuke', 'StimulusType': 'nonword', 'CorrectResponse': 'a', 'Trialnumb': 208, 'thisN': 160, 'thisTrialN': 160, 'thisRepN': 0}>
236.1358 	DATA 	KeyPress: ㅁ
236.1474 	EXP 	LDT_fix_text: autoDraw = False
236.1474 	EXP 	LDT_stim_text: autoDraw = False
236.1474 	EXP 	LDT_break_text: autoDraw = False
236.1474 	EXP 	LDT_stim_text: height = np.float64(0.1)
236.1474 	EXP 	LDT_stim_text: height = np.float64(0.1)
236.1474 	EXP 	LDT_stim_text: height = np.float64(0.1)
236.1474 	EXP 	LDT_stim_text: text = 'tuke'
236.1474 	EXP 	LDT_fix_text: autoDraw = True
236.2558 	EXP 	Device response: <KeyPress from None: t=236.12240890000248, value=a, duration=0.12838909999118187>
236.6226 	EXP 	LDT_stim_text: autoDraw = True
236.6393 	EXP 	LDT_fix_text: autoDraw = False
237.0650 	EXP 	Device response: <KeyPress from None: t=237.05766619999486, value=a, duration=None>
237.0653 	EXP 	New trial (rep=0, index=161): <Trial 161 (161 in rep 0) data={'Task': 'LDT', 'TrialType': 'Target', 'Stimuli': 'chat', 'StimulusType': 'word', 'CorrectResponse': 'l', 'Trialnumb': 103, 'thisN': 161, 'thisTrialN': 161, 'thisRepN': 0}>
237.0731 	EXP 	LDT_fix_text: autoDraw = False
237.0731 	EXP 	LDT_stim_text: autoDraw = False
237.0731 	EXP 	LDT_break_text: autoDraw = False
237.0731 	EXP 	LDT_stim_text: height = np.float64(0.1)
237.0731 	EXP 	LDT_stim_text: height = np.float64(0.1)
237.0731 	EXP 	LDT_stim_text: height = np.float64(0.1)
237.0731 	EXP 	LDT_stim_text: text = 'chat'
237.0731 	EXP 	LDT_fix_text: autoDraw = True
237.0775 	DATA 	KeyPress: ㅁ
237.1651 	EXP 	Device response: <KeyPress from None: t=237.05766619999486, value=a, duration=0.1041347999998834>
237.5569 	EXP 	LDT_stim_text: autoDraw = True
237.5652 	EXP 	LDT_fix_text: autoDraw = False
237.9575 	EXP 	Device response: <KeyPress from None: t=237.95394779999333, value=a, duration=None>
237.9578 	EXP 	New trial (rep=0, index=162): <Trial 162 (162 in rep 0) data={'Task': 'LDT', 'TrialType': 'Target', 'Stimuli': 'wass', 'StimulusType': 'nonword', 'CorrectResponse': 'a', 'Trialnumb': 215, 'thisN': 162, 'thisTrialN': 162, 'thisRepN': 0}>
237.9656 	EXP 	LDT_fix_text: autoDraw = False
237.9656 	EXP 	LDT_stim_text: autoDraw = False
237.9656 	EXP 	LDT_break_text: autoDraw = False
237.9656 	EXP 	LDT_stim_text: height = np.float64(0.1)
237.9656 	EXP 	LDT_stim_text: height = np.float64(0.1)
237.9656 	EXP 	LDT_stim_text: height = np.float64(0.1)
237.9656 	EXP 	LDT_stim_text: text = 'wass'
237.9656 	EXP 	LDT_fix_text: autoDraw = True
237.9700 	DATA 	KeyPress: ㅁ
238.0661 	EXP 	Device response: <KeyPress from None: t=237.95394779999333, value=a, duration=0.1047378000075696>
238.4494 	EXP 	LDT_stim_text: autoDraw = True
238.4578 	EXP 	LDT_fix_text: autoDraw = False
238.9168 	EXP 	Device response: <KeyPress from None: t=238.91390230000252, value=l, duration=None>
238.9171 	EXP 	New trial (rep=0, index=163): <Trial 163 (163 in rep 0) data={'Task': 'LDT', 'TrialType': 'Target', 'Stimuli': 'toas', 'StimulusType': 'nonword', 'CorrectResponse': 'a', 'Trialnumb': 203, 'thisN': 163, 'thisTrialN': 163, 'thisRepN': 0}>
238.9249 	EXP 	LDT_fix_text: autoDraw = False
238.9249 	EXP 	LDT_stim_text: autoDraw = False
238.9249 	EXP 	LDT_break_text: autoDraw = False
238.9249 	EXP 	LDT_stim_text: height = np.float64(0.1)
238.9249 	EXP 	LDT_stim_text: height = np.float64(0.1)
238.9249 	EXP 	LDT_stim_text: height = np.float64(0.1)
238.9249 	EXP 	LDT_stim_text: text = 'toas'
238.9249 	EXP 	LDT_fix_text: autoDraw = True
239.0002 	EXP 	Device response: <KeyPress from None: t=238.91390230000252, value=l, duration=0.0799467999895569>
239.4087 	EXP 	LDT_stim_text: autoDraw = True
239.4171 	EXP 	LDT_fix_text: autoDraw = False
240.0013 	EXP 	Device response: <KeyPress from None: t=239.99409189999278, value=a, duration=None>
240.0016 	EXP 	New trial (rep=0, index=164): <Trial 164 (164 in rep 0) data={'Task': 'LDT', 'TrialType': 'Target', 'Stimuli': 'sound', 'StimulusType': 'word', 'CorrectResponse': 'l', 'Trialnumb': 40, 'thisN': 164, 'thisTrialN': 164, 'thisRepN': 0}>
240.0094 	EXP 	LDT_fix_text: autoDraw = False
240.0094 	EXP 	LDT_stim_text: autoDraw = False
240.0094 	EXP 	LDT_break_text: autoDraw = False
240.0094 	EXP 	LDT_stim_text: height = np.float64(0.1)
240.0094 	EXP 	LDT_stim_text: height = np.float64(0.1)
240.0094 	EXP 	LDT_stim_text: height = np.float64(0.1)
240.0094 	EXP 	LDT_stim_text: text = 'sound'
240.0094 	EXP 	LDT_fix_text: autoDraw = True
240.0930 	EXP 	Device response: <KeyPress from None: t=239.99409189999278, value=a, duration=0.09637720001046546>
240.4931 	EXP 	LDT_stim_text: autoDraw = True
240.5015 	EXP 	LDT_fix_text: autoDraw = False
240.9939 	EXP 	Device response: <KeyPress from None: t=240.98598250000214, value=l, duration=None>
240.9942 	EXP 	New trial (rep=0, index=165): <Trial 165 (165 in rep 0) data={'Task': 'LDT', 'TrialType': 'Target', 'Stimuli': 'lill', 'StimulusType': 'nonword', 'CorrectResponse': 'a', 'Trialnumb': 168, 'thisN': 165, 'thisTrialN': 165, 'thisRepN': 0}>
241.0020 	EXP 	LDT_fix_text: autoDraw = False
241.0020 	EXP 	LDT_stim_text: autoDraw = False
241.0020 	EXP 	LDT_break_text: autoDraw = False
241.0020 	EXP 	LDT_stim_text: height = np.float64(0.1)
241.0020 	EXP 	LDT_stim_text: height = np.float64(0.1)
241.0020 	EXP 	LDT_stim_text: height = np.float64(0.1)
241.0020 	EXP 	LDT_stim_text: text = 'lill'
241.0020 	EXP 	LDT_fix_text: autoDraw = True
241.0062 	DATA 	KeyPress: 미
241.0774 	EXP 	Device response: <KeyPress from None: t=240.98598250000214, value=l, duration=0.08855539999785833>
241.4858 	EXP 	LDT_stim_text: autoDraw = True
241.4941 	EXP 	LDT_fix_text: autoDraw = False
242.0699 	EXP 	Device response: <KeyPress from None: t=242.06626340000366, value=a, duration=None>
242.0702 	EXP 	New trial (rep=0, index=166): <Trial 166 (166 in rep 0) data={'Task': 'LDT', 'TrialType': 'Target', 'Stimuli': 'group', 'StimulusType': 'word', 'CorrectResponse': 'l', 'Trialnumb': 20, 'thisN': 166, 'thisTrialN': 166, 'thisRepN': 0}>
242.0781 	EXP 	LDT_fix_text: autoDraw = False
242.0781 	EXP 	LDT_stim_text: autoDraw = False
242.0781 	EXP 	LDT_break_text: autoDraw = False
242.0781 	EXP 	LDT_stim_text: height = np.float64(0.1)
242.0781 	EXP 	LDT_stim_text: height = np.float64(0.1)
242.0781 	EXP 	LDT_stim_text: height = np.float64(0.1)
242.0781 	EXP 	LDT_stim_text: text = 'group'
242.0781 	EXP 	LDT_fix_text: autoDraw = True
242.1700 	EXP 	Device response: <KeyPress from None: t=242.06626340000366, value=a, duration=0.09597319999011233>
242.5619 	EXP 	LDT_stim_text: autoDraw = True
242.5702 	EXP 	LDT_fix_text: autoDraw = False
243.1043 	EXP 	Device response: <KeyPress from None: t=243.0989539000002, value=l, duration=None>
243.1046 	EXP 	New trial (rep=0, index=167): <Trial 167 (167 in rep 0) data={'Task': 'LDT', 'TrialType': 'Target', 'Stimuli': 'news', 'StimulusType': 'word', 'CorrectResponse': 'l', 'Trialnumb': 45, 'thisN': 167, 'thisTrialN': 167, 'thisRepN': 0}>
243.1124 	EXP 	LDT_fix_text: autoDraw = False
243.1124 	EXP 	LDT_stim_text: autoDraw = False
243.1124 	EXP 	LDT_break_text: autoDraw = False
243.1124 	EXP 	LDT_stim_text: height = np.float64(0.1)
243.1124 	EXP 	LDT_stim_text: height = np.float64(0.1)
243.1124 	EXP 	LDT_stim_text: height = np.float64(0.1)
243.1124 	EXP 	LDT_stim_text: text = 'news'
243.1124 	EXP 	LDT_fix_text: autoDraw = True
243.1169 	DATA 	KeyPress: 미
243.1878 	EXP 	Device response: <KeyPress from None: t=243.0989539000002, value=l, duration=0.08848360000411049>
243.5962 	EXP 	LDT_stim_text: autoDraw = True
243.6046 	EXP 	LDT_fix_text: autoDraw = False
244.0803 	EXP 	Device response: <KeyPress from None: t=244.0740475999919, value=l, duration=None>
244.0806 	EXP 	New trial (rep=0, index=168): <Trial 168 (168 in rep 0) data={'Task': 'LDT', 'TrialType': 'Target', 'Stimuli': 'zall', 'StimulusType': 'nonword', 'CorrectResponse': 'a', 'Trialnumb': 221, 'thisN': 168, 'thisTrialN': 168, 'thisRepN': 0}>
244.0884 	EXP 	LDT_fix_text: autoDraw = False
244.0884 	EXP 	LDT_stim_text: autoDraw = False
244.0884 	EXP 	LDT_break_text: autoDraw = False
244.0884 	EXP 	LDT_stim_text: height = np.float64(0.1)
244.0884 	EXP 	LDT_stim_text: height = np.float64(0.1)
244.0884 	EXP 	LDT_stim_text: height = np.float64(0.1)
244.0884 	EXP 	LDT_stim_text: text = 'zall'
244.0884 	EXP 	LDT_fix_text: autoDraw = True
244.0929 	DATA 	KeyPress: 미
244.1555 	EXP 	Device response: <KeyPress from None: t=244.0740475999919, value=l, duration=0.08004340001207311>
244.5722 	EXP 	LDT_stim_text: autoDraw = True
244.5805 	EXP 	LDT_fix_text: autoDraw = False
245.0563 	EXP 	Device response: <KeyPress from None: t=245.0497000000032, value=a, duration=None>
245.0565 	EXP 	New trial (rep=0, index=169): <Trial 169 (169 in rep 0) data={'Task': 'LDT', 'TrialType': 'Target', 'Stimuli': 'warm', 'StimulusType': 'word', 'CorrectResponse': 'l', 'Trialnumb': 60, 'thisN': 169, 'thisTrialN': 169, 'thisRepN': 0}>
245.0643 	EXP 	LDT_fix_text: autoDraw = False
245.0643 	EXP 	LDT_stim_text: autoDraw = False
245.0643 	EXP 	LDT_break_text: autoDraw = False
245.0643 	EXP 	LDT_stim_text: height = np.float64(0.1)
245.0643 	EXP 	LDT_stim_text: height = np.float64(0.1)
245.0643 	EXP 	LDT_stim_text: height = np.float64(0.1)
245.0643 	EXP 	LDT_stim_text: text = 'warm'
245.0643 	EXP 	LDT_fix_text: autoDraw = True
245.0685 	DATA 	KeyPress: ㅣ
245.1398 	EXP 	Device response: <KeyPress from None: t=245.0497000000032, value=a, duration=0.0887110999901779>
245.5482 	EXP 	LDT_stim_text: autoDraw = True
245.5565 	EXP 	LDT_fix_text: autoDraw = False
246.0406 	EXP 	Device response: <KeyPress from None: t=246.0337209999998, value=l, duration=None>
246.0409 	EXP 	New trial (rep=0, index=170): <Trial 170 (170 in rep 0) data={'Task': 'LDT', 'TrialType': 'Target', 'Stimuli': 'dilt', 'StimulusType': 'nonword', 'CorrectResponse': 'a', 'Trialnumb': 137, 'thisN': 170, 'thisTrialN': 170, 'thisRepN': 0}>
246.0487 	EXP 	LDT_fix_text: autoDraw = False
246.0487 	EXP 	LDT_stim_text: autoDraw = False
246.0487 	EXP 	LDT_break_text: autoDraw = False
246.0487 	EXP 	LDT_stim_text: height = np.float64(0.1)
246.0487 	EXP 	LDT_stim_text: height = np.float64(0.1)
246.0487 	EXP 	LDT_stim_text: height = np.float64(0.1)
246.0487 	EXP 	LDT_stim_text: text = 'dilt'
246.0487 	EXP 	LDT_fix_text: autoDraw = True
246.1158 	EXP 	Device response: <KeyPress from None: t=246.0337209999998, value=l, duration=0.08073950000107288>
246.5325 	EXP 	LDT_stim_text: autoDraw = True
246.5408 	EXP 	LDT_fix_text: autoDraw = False
246.9916 	EXP 	Device response: <KeyPress from None: t=246.9866059000051, value=a, duration=None>
246.9918 	EXP 	New trial (rep=0, index=171): <Trial 171 (171 in rep 0) data={'Task': 'LDT', 'TrialType': 'Target', 'Stimuli': 'hoal', 'StimulusType': 'nonword', 'CorrectResponse': 'a', 'Trialnumb': 154, 'thisN': 171, 'thisTrialN': 171, 'thisRepN': 0}>
246.9997 	EXP 	LDT_fix_text: autoDraw = False
246.9997 	EXP 	LDT_stim_text: autoDraw = False
246.9997 	EXP 	LDT_break_text: autoDraw = False
246.9997 	EXP 	LDT_stim_text: height = np.float64(0.1)
246.9997 	EXP 	LDT_stim_text: height = np.float64(0.1)
246.9997 	EXP 	LDT_stim_text: height = np.float64(0.1)
246.9997 	EXP 	LDT_stim_text: text = 'hoal'
246.9997 	EXP 	LDT_fix_text: autoDraw = True
247.0917 	EXP 	Device response: <KeyPress from None: t=246.9866059000051, value=a, duration=0.10384339999291115>
247.4834 	EXP 	LDT_stim_text: autoDraw = True
247.4918 	EXP 	LDT_fix_text: autoDraw = False
247.9008 	EXP 	Device response: <KeyPress from None: t=247.89829579999787, value=a, duration=None>
247.9010 	EXP 	New trial (rep=0, index=172): <Trial 172 (172 in rep 0) data={'Task': 'LDT', 'TrialType': 'Target', 'Stimuli': 'bint', 'StimulusType': 'nonword', 'CorrectResponse': 'a', 'Trialnumb': 122, 'thisN': 172, 'thisTrialN': 172, 'thisRepN': 0}>
247.9088 	EXP 	LDT_fix_text: autoDraw = False
247.9088 	EXP 	LDT_stim_text: autoDraw = False
247.9088 	EXP 	LDT_break_text: autoDraw = False
247.9088 	EXP 	LDT_stim_text: height = np.float64(0.1)
247.9088 	EXP 	LDT_stim_text: height = np.float64(0.1)
247.9088 	EXP 	LDT_stim_text: height = np.float64(0.1)
247.9088 	EXP 	LDT_stim_text: text = 'bint'
247.9088 	EXP 	LDT_fix_text: autoDraw = True
247.9132 	DATA 	KeyPress: 밈
248.0343 	EXP 	Device response: <KeyPress from None: t=247.89829579999787, value=a, duration=0.13566860000719316>
248.3926 	EXP 	LDT_stim_text: autoDraw = True
248.4010 	EXP 	LDT_fix_text: autoDraw = False
248.7933 	EXP 	Device response: <KeyPress from None: t=248.78614219999872, value=a, duration=None>
248.7935 	EXP 	New trial (rep=0, index=173): <Trial 173 (173 in rep 0) data={'Task': 'LDT', 'TrialType': 'Target', 'Stimuli': 'kire', 'StimulusType': 'nonword', 'CorrectResponse': 'a', 'Trialnumb': 166, 'thisN': 173, 'thisTrialN': 173, 'thisRepN': 0}>
248.8014 	EXP 	LDT_fix_text: autoDraw = False
248.8014 	EXP 	LDT_stim_text: autoDraw = False
248.8014 	EXP 	LDT_break_text: autoDraw = False
248.8014 	EXP 	LDT_stim_text: height = np.float64(0.1)
248.8014 	EXP 	LDT_stim_text: height = np.float64(0.1)
248.8014 	EXP 	LDT_stim_text: height = np.float64(0.1)
248.8014 	EXP 	LDT_stim_text: text = 'kire'
248.8014 	EXP 	LDT_fix_text: autoDraw = True
248.8059 	DATA 	KeyPress: ㅁ
248.9101 	EXP 	Device response: <KeyPress from None: t=248.78614219999872, value=a, duration=0.11982500000158325>
249.2852 	EXP 	LDT_stim_text: autoDraw = True
249.2936 	EXP 	LDT_fix_text: autoDraw = False
249.6859 	EXP 	Device response: <KeyPress from None: t=249.68169359999592, value=a, duration=None>
249.6863 	EXP 	New trial (rep=0, index=174): <Trial 174 (174 in rep 0) data={'Task': 'LDT', 'TrialType': 'Target', 'Stimuli': 'loje', 'StimulusType': 'nonword', 'CorrectResponse': 'a', 'Trialnumb': 171, 'thisN': 174, 'thisTrialN': 174, 'thisRepN': 0}>
249.6939 	EXP 	LDT_fix_text: autoDraw = False
249.6939 	EXP 	LDT_stim_text: autoDraw = False
249.6939 	EXP 	LDT_break_text: autoDraw = False
249.6939 	EXP 	LDT_stim_text: height = np.float64(0.1)
249.6939 	EXP 	LDT_stim_text: height = np.float64(0.1)
249.6939 	EXP 	LDT_stim_text: height = np.float64(0.1)
249.6939 	EXP 	LDT_stim_text: text = 'loje'
249.6939 	EXP 	LDT_fix_text: autoDraw = True
249.6984 	DATA 	KeyPress: ㅁ
249.7943 	EXP 	Device response: <KeyPress from None: t=249.68169359999592, value=a, duration=0.10513300000457093>
250.1778 	EXP 	LDT_stim_text: autoDraw = True
250.1861 	EXP 	LDT_fix_text: autoDraw = False
250.5784 	EXP 	Device response: <KeyPress from None: t=250.57016499999736, value=a, duration=None>
250.5787 	EXP 	New trial (rep=0, index=175): <Trial 175 (175 in rep 0) data={'Task': 'LDT', 'TrialType': 'Target', 'Stimuli': 'set', 'StimulusType': 'word', 'CorrectResponse': 'l', 'Trialnumb': 36, 'thisN': 175, 'thisTrialN': 175, 'thisRepN': 0}>
250.5865 	EXP 	LDT_fix_text: autoDraw = False
250.5865 	EXP 	LDT_stim_text: autoDraw = False
250.5865 	EXP 	LDT_break_text: autoDraw = False
250.5865 	EXP 	LDT_stim_text: height = np.float64(0.1)
250.5865 	EXP 	LDT_stim_text: height = np.float64(0.1)
250.5865 	EXP 	LDT_stim_text: height = np.float64(0.1)
250.5865 	EXP 	LDT_stim_text: text = 'set'
250.5865 	EXP 	LDT_fix_text: autoDraw = True
250.5908 	DATA 	KeyPress: ㅁ
250.6785 	EXP 	Device response: <KeyPress from None: t=250.57016499999736, value=a, duration=0.10481679999793414>
251.0704 	EXP 	LDT_stim_text: autoDraw = True
251.0787 	EXP 	LDT_fix_text: autoDraw = False
251.6378 	EXP 	Device response: <KeyPress from None: t=251.63380310000503, value=l, duration=None>
251.6381 	EXP 	New trial (rep=0, index=176): <Trial 176 (176 in rep 0) data={'Task': 'LDT', 'TrialType': 'Target', 'Stimuli': 'rear', 'StimulusType': 'word', 'CorrectResponse': 'l', 'Trialnumb': 110, 'thisN': 176, 'thisTrialN': 176, 'thisRepN': 0}>
251.6459 	EXP 	LDT_fix_text: autoDraw = False
251.6459 	EXP 	LDT_stim_text: autoDraw = False
251.6459 	EXP 	LDT_break_text: autoDraw = False
251.6459 	EXP 	LDT_stim_text: height = np.float64(0.1)
251.6459 	EXP 	LDT_stim_text: height = np.float64(0.1)
251.6459 	EXP 	LDT_stim_text: height = np.float64(0.1)
251.6459 	EXP 	LDT_stim_text: text = 'rear'
251.6459 	EXP 	LDT_fix_text: autoDraw = True
251.7295 	EXP 	Device response: <KeyPress from None: t=251.63380310000503, value=l, duration=0.08794689999194816>
252.1297 	EXP 	LDT_stim_text: autoDraw = True
252.1380 	EXP 	LDT_fix_text: autoDraw = False
253.1978 	EXP 	Device response: <KeyPress from None: t=253.1951848000026, value=l, duration=None>
253.1980 	EXP 	New trial (rep=0, index=177): <Trial 177 (177 in rep 0) data={'Task': 'LDT', 'TrialType': 'Target', 'Stimuli': 'water', 'StimulusType': 'word', 'CorrectResponse': 'l', 'Trialnumb': 3, 'thisN': 177, 'thisTrialN': 177, 'thisRepN': 0}>
253.2058 	EXP 	LDT_fix_text: autoDraw = False
253.2058 	EXP 	LDT_stim_text: autoDraw = False
253.2058 	EXP 	LDT_break_text: autoDraw = False
253.2058 	EXP 	LDT_stim_text: height = np.float64(0.1)
253.2058 	EXP 	LDT_stim_text: height = np.float64(0.1)
253.2058 	EXP 	LDT_stim_text: height = np.float64(0.1)
253.2058 	EXP 	LDT_stim_text: text = 'water'
253.2058 	EXP 	LDT_fix_text: autoDraw = True
253.2102 	DATA 	KeyPress: 미
253.2978 	EXP 	Device response: <KeyPress from None: t=253.1951848000026, value=l, duration=0.09524609999789391>
253.6896 	EXP 	LDT_stim_text: autoDraw = True
253.6979 	EXP 	LDT_fix_text: autoDraw = False
254.1320 	EXP 	Device response: <KeyPress from None: t=254.1314682999946, value=l, duration=None>
254.1322 	EXP 	New trial (rep=0, index=178): <Trial 178 (178 in rep 0) data={'Task': 'LDT', 'TrialType': 'Target', 'Stimuli': 'air', 'StimulusType': 'word', 'CorrectResponse': 'l', 'Trialnumb': 34, 'thisN': 178, 'thisTrialN': 178, 'thisRepN': 0}>
254.1401 	EXP 	LDT_fix_text: autoDraw = False
254.1401 	EXP 	LDT_stim_text: autoDraw = False
254.1401 	EXP 	LDT_break_text: autoDraw = False
254.1401 	EXP 	LDT_stim_text: height = np.float64(0.1)
254.1401 	EXP 	LDT_stim_text: height = np.float64(0.1)
254.1401 	EXP 	LDT_stim_text: height = np.float64(0.1)
254.1401 	EXP 	LDT_stim_text: text = 'air'
254.1401 	EXP 	LDT_fix_text: autoDraw = True
254.1449 	DATA 	KeyPress: ㅣ
254.2238 	EXP 	Device response: <KeyPress from None: t=254.1314682999946, value=l, duration=0.08694090000062715>
254.6238 	EXP 	LDT_stim_text: autoDraw = True
254.6322 	EXP 	LDT_fix_text: autoDraw = False
255.0997 	EXP 	Device response: <KeyPress from None: t=255.09931340000185, value=l, duration=None>
255.1000 	EXP 	New trial (rep=0, index=179): <Trial 179 (179 in rep 0) data={'Task': 'LDT', 'TrialType': 'Target', 'Stimuli': 'heat', 'StimulusType': 'word', 'CorrectResponse': 'l', 'Trialnumb': 79, 'thisN': 179, 'thisTrialN': 179, 'thisRepN': 0}>
255.1077 	EXP 	LDT_fix_text: autoDraw = False
255.1077 	EXP 	LDT_stim_text: autoDraw = False
255.1077 	EXP 	LDT_break_text: autoDraw = False
255.1077 	EXP 	LDT_stim_text: height = np.float64(0.1)
255.1077 	EXP 	LDT_stim_text: height = np.float64(0.1)
255.1077 	EXP 	LDT_stim_text: height = np.float64(0.1)
255.1077 	EXP 	LDT_stim_text: text = 'heat'
255.1077 	EXP 	LDT_fix_text: autoDraw = True
255.1121 	DATA 	KeyPress: ㅣ
255.1747 	EXP 	Device response: <KeyPress from None: t=255.09931340000185, value=l, duration=0.07038249999459367>
255.5916 	EXP 	LDT_stim_text: autoDraw = True
255.5998 	EXP 	LDT_fix_text: autoDraw = False
256.0757 	EXP 	Device response: <KeyPress from None: t=256.0743509000022, value=l, duration=None>
256.0759 	EXP 	New trial (rep=0, index=180): <Trial 180 (180 in rep 0) data={'Task': 'LDT', 'TrialType': 'Target', 'Stimuli': 'feek', 'StimulusType': 'nonword', 'CorrectResponse': 'a', 'Trialnumb': 139, 'thisN': 180, 'thisTrialN': 180, 'thisRepN': 0}>
256.0836 	EXP 	LDT_fix_text: autoDraw = False
256.0836 	EXP 	LDT_stim_text: autoDraw = False
256.0836 	EXP 	LDT_break_text: autoDraw = False
256.0836 	EXP 	LDT_stim_text: height = np.float64(0.1)
256.0836 	EXP 	LDT_stim_text: height = np.float64(0.1)
256.0836 	EXP 	LDT_stim_text: height = np.float64(0.1)
256.0836 	EXP 	LDT_stim_text: text = 'feek'
256.0836 	EXP 	LDT_fix_text: autoDraw = True
256.0881 	DATA 	KeyPress: ㅣ
256.1507 	EXP 	Device response: <KeyPress from None: t=256.0743509000022, value=l, duration=0.07212240000080783>
256.5674 	EXP 	LDT_stim_text: autoDraw = True
256.5758 	EXP 	LDT_fix_text: autoDraw = False
257.1852 	EXP 	Device response: <KeyPress from None: t=257.17801319999853, value=a, duration=None>
257.1855 	EXP 	New trial (rep=0, index=181): <Trial 181 (181 in rep 0) data={'Task': 'LDT', 'TrialType': 'Target', 'Stimuli': 'data', 'StimulusType': 'word', 'CorrectResponse': 'l', 'Trialnumb': 41, 'thisN': 181, 'thisTrialN': 181, 'thisRepN': 0}>
257.1934 	EXP 	LDT_fix_text: autoDraw = False
257.1934 	EXP 	LDT_stim_text: autoDraw = False
257.1934 	EXP 	LDT_break_text: autoDraw = False
257.1934 	EXP 	LDT_stim_text: height = np.float64(0.1)
257.1934 	EXP 	LDT_stim_text: height = np.float64(0.1)
257.1934 	EXP 	LDT_stim_text: height = np.float64(0.1)
257.1934 	EXP 	LDT_stim_text: text = 'data'
257.1934 	EXP 	LDT_fix_text: autoDraw = True
257.1978 	DATA 	KeyPress: ㅣ
257.2518 	EXP 	Device response: <KeyPress from None: t=257.17801319999853, value=a, duration=0.07249669999873731>
257.6769 	EXP 	LDT_stim_text: autoDraw = True
257.6852 	EXP 	LDT_fix_text: autoDraw = False
258.1860 	EXP 	Device response: <KeyPress from None: t=258.1781762000028, value=l, duration=None>
258.1863 	EXP 	New trial (rep=0, index=182): <Trial 182 (182 in rep 0) data={'Task': 'LDT', 'TrialType': 'Target', 'Stimuli': 'vour', 'StimulusType': 'nonword', 'CorrectResponse': 'a', 'Trialnumb': 214, 'thisN': 182, 'thisTrialN': 182, 'thisRepN': 0}>
258.1941 	EXP 	LDT_fix_text: autoDraw = False
258.1941 	EXP 	LDT_stim_text: autoDraw = False
258.1941 	EXP 	LDT_break_text: autoDraw = False
258.1941 	EXP 	LDT_stim_text: height = np.float64(0.1)
258.1941 	EXP 	LDT_stim_text: height = np.float64(0.1)
258.1941 	EXP 	LDT_stim_text: height = np.float64(0.1)
258.1941 	EXP 	LDT_stim_text: text = 'vour'
258.1941 	EXP 	LDT_fix_text: autoDraw = True
258.2612 	EXP 	Device response: <KeyPress from None: t=258.1781762000028, value=l, duration=0.08019179999246262>
258.6779 	EXP 	LDT_stim_text: autoDraw = True
258.6862 	EXP 	LDT_fix_text: autoDraw = False
259.1621 	EXP 	Device response: <KeyPress from None: t=259.1546493999922, value=a, duration=None>
259.1623 	EXP 	New trial (rep=0, index=183): <Trial 183 (183 in rep 0) data={'Task': 'LDT', 'TrialType': 'Target', 'Stimuli': 'ran', 'StimulusType': 'word', 'CorrectResponse': 'l', 'Trialnumb': 66, 'thisN': 183, 'thisTrialN': 183, 'thisRepN': 0}>
259.1700 	EXP 	LDT_fix_text: autoDraw = False
259.1700 	EXP 	LDT_stim_text: autoDraw = False
259.1700 	EXP 	LDT_break_text: autoDraw = False
259.1700 	EXP 	LDT_stim_text: height = np.float64(0.1)
259.1700 	EXP 	LDT_stim_text: height = np.float64(0.1)
259.1700 	EXP 	LDT_stim_text: height = np.float64(0.1)
259.1700 	EXP 	LDT_stim_text: text = 'ran'
259.1700 	EXP 	LDT_fix_text: autoDraw = True
259.2455 	EXP 	Device response: <KeyPress from None: t=259.1546493999922, value=a, duration=0.0870512000110466>
259.6539 	EXP 	LDT_stim_text: autoDraw = True
259.6622 	EXP 	LDT_fix_text: autoDraw = False
261.1056 	EXP 	Device response: <KeyPress from None: t=261.0983227999968, value=l, duration=None>
261.1058 	EXP 	New trial (rep=0, index=184): <Trial 184 (184 in rep 0) data={'Task': 'LDT', 'TrialType': 'Target', 'Stimuli': 'talm', 'StimulusType': 'nonword', 'CorrectResponse': 'a', 'Trialnumb': 202, 'thisN': 184, 'thisTrialN': 184, 'thisRepN': 0}>
261.1136 	EXP 	LDT_fix_text: autoDraw = False
261.1136 	EXP 	LDT_stim_text: autoDraw = False
261.1136 	EXP 	LDT_break_text: autoDraw = False
261.1136 	EXP 	LDT_stim_text: height = np.float64(0.1)
261.1136 	EXP 	LDT_stim_text: height = np.float64(0.1)
261.1136 	EXP 	LDT_stim_text: height = np.float64(0.1)
261.1136 	EXP 	LDT_stim_text: text = 'talm'
261.1136 	EXP 	LDT_fix_text: autoDraw = True
261.1181 	DATA 	KeyPress: 미
261.1892 	EXP 	Device response: <KeyPress from None: t=261.0983227999968, value=l, duration=0.08761060000688303>
261.5975 	EXP 	LDT_stim_text: autoDraw = True
261.6058 	EXP 	LDT_fix_text: autoDraw = False
262.2567 	EXP 	Device response: <KeyPress from None: t=262.2503505999921, value=a, duration=None>
262.2570 	EXP 	New trial (rep=0, index=185): <Trial 185 (185 in rep 0) data={'Task': 'LDT', 'TrialType': 'Target', 'Stimuli': 'herl', 'StimulusType': 'nonword', 'CorrectResponse': 'a', 'Trialnumb': 152, 'thisN': 185, 'thisTrialN': 185, 'thisRepN': 0}>
262.2648 	EXP 	LDT_fix_text: autoDraw = False
262.2648 	EXP 	LDT_stim_text: autoDraw = False
262.2648 	EXP 	LDT_break_text: autoDraw = False
262.2648 	EXP 	LDT_stim_text: height = np.float64(0.1)
262.2648 	EXP 	LDT_stim_text: height = np.float64(0.1)
262.2648 	EXP 	LDT_stim_text: height = np.float64(0.1)
262.2648 	EXP 	LDT_stim_text: text = 'herl'
262.2648 	EXP 	LDT_fix_text: autoDraw = True
262.3401 	EXP 	Device response: <KeyPress from None: t=262.2503505999921, value=a, duration=0.08800290001090616>
262.7486 	EXP 	LDT_stim_text: autoDraw = True
262.7569 	EXP 	LDT_fix_text: autoDraw = False
263.2584 	EXP 	Device response: <KeyPress from None: t=263.25787950000085, value=a, duration=None>
263.2663 	EXP 	New trial (rep=0, index=186): <Trial 186 (186 in rep 0) data={'Task': 'LDT', 'TrialType': 'Target', 'Stimuli': 'jight', 'StimulusType': 'nonword', 'CorrectResponse': 'a', 'Trialnumb': 159, 'thisN': 186, 'thisTrialN': 186, 'thisRepN': 0}>
263.2716 	DATA 	KeyPress: 밈
263.2824 	EXP 	LDT_fix_text: autoDraw = False
263.2824 	EXP 	LDT_stim_text: autoDraw = False
263.2824 	EXP 	LDT_break_text: autoDraw = False
263.2824 	EXP 	LDT_stim_text: height = np.float64(0.1)
263.2824 	EXP 	LDT_stim_text: height = np.float64(0.1)
263.2824 	EXP 	LDT_stim_text: height = np.float64(0.1)
263.2824 	EXP 	LDT_stim_text: text = 'jight'
263.2824 	EXP 	LDT_fix_text: autoDraw = True
263.3578 	EXP 	Device response: <KeyPress from None: t=263.25787950000085, value=a, duration=0.09594129999459255>
263.7579 	EXP 	LDT_stim_text: autoDraw = True
263.7746 	EXP 	LDT_fix_text: autoDraw = False
264.5090 	EXP 	Device response: <KeyPress from None: t=264.50593389999995, value=a, duration=None>
264.5093 	EXP 	New trial (rep=0, index=187): <Trial 187 (187 in rep 0) data={'Task': 'LDT', 'TrialType': 'Target', 'Stimuli': 'bust', 'StimulusType': 'word', 'CorrectResponse': 'l', 'Trialnumb': 91, 'thisN': 187, 'thisTrialN': 187, 'thisRepN': 0}>
264.5170 	EXP 	LDT_fix_text: autoDraw = False
264.5170 	EXP 	LDT_stim_text: autoDraw = False
264.5170 	EXP 	LDT_break_text: autoDraw = False
264.5170 	EXP 	LDT_stim_text: height = np.float64(0.1)
264.5170 	EXP 	LDT_stim_text: height = np.float64(0.1)
264.5170 	EXP 	LDT_stim_text: height = np.float64(0.1)
264.5170 	EXP 	LDT_stim_text: text = 'bust'
264.5170 	EXP 	LDT_fix_text: autoDraw = True
264.5215 	DATA 	KeyPress: ㅁ
264.6341 	EXP 	Device response: <KeyPress from None: t=264.50593389999995, value=a, duration=0.12018369999714196>
265.0008 	EXP 	LDT_stim_text: autoDraw = True
265.0092 	EXP 	LDT_fix_text: autoDraw = False
265.9270 	EXP 	Device response: <KeyPress from None: t=265.9217998999957, value=l, duration=None>
265.9273 	EXP 	New trial (rep=0, index=188): <Trial 188 (188 in rep 0) data={'Task': 'LDT', 'TrialType': 'Target', 'Stimuli': 'pook', 'StimulusType': 'nonword', 'CorrectResponse': 'a', 'Trialnumb': 182, 'thisN': 188, 'thisTrialN': 188, 'thisRepN': 0}>
265.9352 	EXP 	LDT_fix_text: autoDraw = False
265.9352 	EXP 	LDT_stim_text: autoDraw = False
265.9352 	EXP 	LDT_break_text: autoDraw = False
265.9352 	EXP 	LDT_stim_text: height = np.float64(0.1)
265.9352 	EXP 	LDT_stim_text: height = np.float64(0.1)
265.9352 	EXP 	LDT_stim_text: height = np.float64(0.1)
265.9352 	EXP 	LDT_stim_text: text = 'pook'
265.9352 	EXP 	LDT_fix_text: autoDraw = True
266.0189 	EXP 	Device response: <KeyPress from None: t=265.9217998999957, value=l, duration=0.09670690000348259>
266.4189 	EXP 	LDT_stim_text: autoDraw = True
266.4273 	EXP 	LDT_fix_text: autoDraw = False
266.9114 	EXP 	Device response: <KeyPress from None: t=266.90703139999823, value=a, duration=None>
266.9116 	EXP 	New trial (rep=0, index=189): <Trial 189 (189 in rep 0) data={'Task': 'LDT', 'TrialType': 'Target', 'Stimuli': 'cona', 'StimulusType': 'nonword', 'CorrectResponse': 'a', 'Trialnumb': 132, 'thisN': 189, 'thisTrialN': 189, 'thisRepN': 0}>
266.9196 	EXP 	LDT_fix_text: autoDraw = False
266.9196 	EXP 	LDT_stim_text: autoDraw = False
266.9196 	EXP 	LDT_break_text: autoDraw = False
266.9196 	EXP 	LDT_stim_text: height = np.float64(0.1)
266.9196 	EXP 	LDT_stim_text: height = np.float64(0.1)
266.9196 	EXP 	LDT_stim_text: height = np.float64(0.1)
266.9196 	EXP 	LDT_stim_text: text = 'cona'
266.9196 	EXP 	LDT_fix_text: autoDraw = True
267.0031 	EXP 	Device response: <KeyPress from None: t=266.90703139999823, value=a, duration=0.09532150000450201>
267.4032 	EXP 	LDT_stim_text: autoDraw = True
267.4117 	EXP 	LDT_fix_text: autoDraw = False
267.9375 	EXP 	Device response: <KeyPress from None: t=267.930534900006, value=a, duration=None>
267.9377 	EXP 	New trial (rep=0, index=190): <Trial 190 (190 in rep 0) data={'Task': 'LDT', 'TrialType': 'Target', 'Stimuli': 'sharp', 'StimulusType': 'word', 'CorrectResponse': 'l', 'Trialnumb': 94, 'thisN': 190, 'thisTrialN': 190, 'thisRepN': 0}>
267.9454 	EXP 	LDT_fix_text: autoDraw = False
267.9454 	EXP 	LDT_stim_text: autoDraw = False
267.9454 	EXP 	LDT_break_text: autoDraw = False
267.9454 	EXP 	LDT_stim_text: height = np.float64(0.1)
267.9454 	EXP 	LDT_stim_text: height = np.float64(0.1)
267.9454 	EXP 	LDT_stim_text: height = np.float64(0.1)
267.9454 	EXP 	LDT_stim_text: text = 'sharp'
267.9454 	EXP 	LDT_fix_text: autoDraw = True
267.9497 	DATA 	KeyPress: 밈
268.0125 	EXP 	Device response: <KeyPress from None: t=267.930534900006, value=a, duration=0.07909609998750966>
268.4293 	EXP 	LDT_stim_text: autoDraw = True
268.4376 	EXP 	LDT_fix_text: autoDraw = False
268.9300 	EXP 	Device response: <KeyPress from None: t=268.9223314999981, value=l, duration=None>
268.9302 	EXP 	New trial (rep=0, index=191): <Trial 191 (191 in rep 0) data={'Task': 'LDT', 'TrialType': 'Target', 'Stimuli': 'judge', 'StimulusType': 'word', 'CorrectResponse': 'l', 'Trialnumb': 67, 'thisN': 191, 'thisTrialN': 191, 'thisRepN': 0}>
268.9381 	EXP 	LDT_fix_text: autoDraw = False
268.9381 	EXP 	LDT_stim_text: autoDraw = False
268.9381 	EXP 	LDT_break_text: autoDraw = False
268.9381 	EXP 	LDT_stim_text: height = np.float64(0.1)
268.9381 	EXP 	LDT_stim_text: height = np.float64(0.1)
268.9381 	EXP 	LDT_stim_text: height = np.float64(0.1)
268.9381 	EXP 	LDT_stim_text: text = 'judge'
268.9381 	EXP 	LDT_fix_text: autoDraw = True
269.0135 	EXP 	Device response: <KeyPress from None: t=268.9223314999981, value=l, duration=0.08807110000634566>
269.4219 	EXP 	LDT_stim_text: autoDraw = True
269.4303 	EXP 	LDT_fix_text: autoDraw = False
269.9143 	EXP 	Device response: <KeyPress from None: t=269.9068200000038, value=l, duration=None>
269.9145 	EXP 	New trial (rep=0, index=192): <Trial 192 (192 in rep 0) data={'Task': 'LDT', 'TrialType': 'Target', 'Stimuli': 'price', 'StimulusType': 'word', 'CorrectResponse': 'l', 'Trialnumb': 52, 'thisN': 192, 'thisTrialN': 192, 'thisRepN': 0}>
269.9225 	EXP 	LDT_fix_text: autoDraw = False
269.9225 	EXP 	LDT_stim_text: autoDraw = False
269.9225 	EXP 	LDT_break_text: autoDraw = False
269.9225 	EXP 	LDT_stim_text: height = np.float64(0.1)
269.9225 	EXP 	LDT_stim_text: height = np.float64(0.1)
269.9225 	EXP 	LDT_stim_text: height = np.float64(0.1)
269.9225 	EXP 	LDT_stim_text: text = 'price'
269.9225 	EXP 	LDT_fix_text: autoDraw = True
269.9270 	DATA 	KeyPress: 미
269.9811 	EXP 	Device response: <KeyPress from None: t=269.9068200000038, value=l, duration=0.07103320000169333>
270.4062 	EXP 	LDT_stim_text: autoDraw = True
270.4146 	EXP 	LDT_fix_text: autoDraw = False
270.8403 	EXP 	Device response: <KeyPress from None: t=270.83403860000544, value=l, duration=None>
270.8406 	EXP 	New trial (rep=0, index=193): <Trial 193 (193 in rep 0) data={'Task': 'LDT', 'TrialType': 'Target', 'Stimuli': 'burz', 'StimulusType': 'nonword', 'CorrectResponse': 'a', 'Trialnumb': 112, 'thisN': 193, 'thisTrialN': 193, 'thisRepN': 0}>
270.8483 	EXP 	LDT_fix_text: autoDraw = False
270.8483 	EXP 	LDT_stim_text: autoDraw = False
270.8483 	EXP 	LDT_break_text: autoDraw = False
270.8483 	EXP 	LDT_stim_text: height = np.float64(0.1)
270.8483 	EXP 	LDT_stim_text: height = np.float64(0.1)
270.8483 	EXP 	LDT_stim_text: height = np.float64(0.1)
270.8483 	EXP 	LDT_stim_text: text = 'burz'
270.8483 	EXP 	LDT_fix_text: autoDraw = True
270.8527 	DATA 	KeyPress: ㅣ
270.9237 	EXP 	Device response: <KeyPress from None: t=270.83403860000544, value=l, duration=0.08042759999807458>
271.3321 	EXP 	LDT_stim_text: autoDraw = True
271.3405 	EXP 	LDT_fix_text: autoDraw = False
271.8329 	EXP 	Device response: <KeyPress from None: t=271.8259470000048, value=a, duration=None>
271.8332 	EXP 	New trial (rep=0, index=194): <Trial 194 (194 in rep 0) data={'Task': 'LDT', 'TrialType': 'Target', 'Stimuli': 'last', 'StimulusType': 'word', 'CorrectResponse': 'l', 'Trialnumb': 11, 'thisN': 194, 'thisTrialN': 194, 'thisRepN': 0}>
271.8410 	EXP 	LDT_fix_text: autoDraw = False
271.8410 	EXP 	LDT_stim_text: autoDraw = False
271.8410 	EXP 	LDT_break_text: autoDraw = False
271.8410 	EXP 	LDT_stim_text: height = np.float64(0.1)
271.8410 	EXP 	LDT_stim_text: height = np.float64(0.1)
271.8410 	EXP 	LDT_stim_text: height = np.float64(0.1)
271.8410 	EXP 	LDT_stim_text: text = 'last'
271.8410 	EXP 	LDT_fix_text: autoDraw = True
271.8454 	DATA 	KeyPress: ㅣ
271.9080 	EXP 	Device response: <KeyPress from None: t=271.8259470000048, value=a, duration=0.07967199999256991>
272.3248 	EXP 	LDT_stim_text: autoDraw = True
272.3332 	EXP 	LDT_fix_text: autoDraw = False
272.7922 	EXP 	Device response: <KeyPress from None: t=272.7858356999932, value=l, duration=None>
272.7924 	EXP 	New trial (rep=0, index=195): <Trial 195 (195 in rep 0) data={'Task': 'LDT', 'TrialType': 'Target', 'Stimuli': 'eall', 'StimulusType': 'nonword', 'CorrectResponse': 'a', 'Trialnumb': 138, 'thisN': 195, 'thisTrialN': 195, 'thisRepN': 0}>
272.8004 	EXP 	LDT_fix_text: autoDraw = False
272.8004 	EXP 	LDT_stim_text: autoDraw = False
272.8004 	EXP 	LDT_break_text: autoDraw = False
272.8004 	EXP 	LDT_stim_text: height = np.float64(0.1)
272.8004 	EXP 	LDT_stim_text: height = np.float64(0.1)
272.8004 	EXP 	LDT_stim_text: height = np.float64(0.1)
272.8004 	EXP 	LDT_stim_text: text = 'eall'
272.8004 	EXP 	LDT_fix_text: autoDraw = True
272.8840 	EXP 	Device response: <KeyPress from None: t=272.7858356999932, value=l, duration=0.09578709999914281>
273.2841 	EXP 	LDT_stim_text: autoDraw = True
273.2926 	EXP 	LDT_fix_text: autoDraw = False
274.0351 	EXP 	Device response: <KeyPress from None: t=274.0337259999942, value=a, duration=None>
274.0354 	EXP 	New trial (rep=0, index=196): <Trial 196 (196 in rep 0) data={'Task': 'LDT', 'TrialType': 'Target', 'Stimuli': 'come', 'StimulusType': 'word', 'CorrectResponse': 'l', 'Trialnumb': 7, 'thisN': 196, 'thisTrialN': 196, 'thisRepN': 0}>
274.0432 	EXP 	LDT_fix_text: autoDraw = False
274.0432 	EXP 	LDT_stim_text: autoDraw = False
274.0432 	EXP 	LDT_break_text: autoDraw = False
274.0432 	EXP 	LDT_stim_text: height = np.float64(0.1)
274.0432 	EXP 	LDT_stim_text: height = np.float64(0.1)
274.0432 	EXP 	LDT_stim_text: height = np.float64(0.1)
274.0432 	EXP 	LDT_stim_text: text = 'come'
274.0432 	EXP 	LDT_fix_text: autoDraw = True
274.1020 	EXP 	Device response: <KeyPress from None: t=274.0337259999942, value=a, duration=0.06406860001152381>
274.5270 	EXP 	LDT_stim_text: autoDraw = True
274.5353 	EXP 	LDT_fix_text: autoDraw = False
274.9777 	EXP 	Device response: <KeyPress from None: t=274.9705524000019, value=l, duration=None>
274.9779 	EXP 	New trial (rep=0, index=197): <Trial 197 (197 in rep 0) data={'Task': 'LDT', 'TrialType': 'Target', 'Stimuli': 'live', 'StimulusType': 'word', 'CorrectResponse': 'l', 'Trialnumb': 24, 'thisN': 197, 'thisTrialN': 197, 'thisRepN': 0}>
274.9858 	EXP 	LDT_fix_text: autoDraw = False
274.9858 	EXP 	LDT_stim_text: autoDraw = False
274.9858 	EXP 	LDT_break_text: autoDraw = False
274.9858 	EXP 	LDT_stim_text: height = np.float64(0.1)
274.9858 	EXP 	LDT_stim_text: height = np.float64(0.1)
274.9858 	EXP 	LDT_stim_text: height = np.float64(0.1)
274.9858 	EXP 	LDT_stim_text: text = 'live'
274.9858 	EXP 	LDT_fix_text: autoDraw = True
274.9902 	DATA 	KeyPress: 미
275.0694 	EXP 	Device response: <KeyPress from None: t=274.9705524000019, value=l, duration=0.09585070000321139>
275.4696 	EXP 	LDT_stim_text: autoDraw = True
275.4780 	EXP 	LDT_fix_text: autoDraw = False
275.9704 	EXP 	Device response: <KeyPress from None: t=275.9625701000041, value=l, duration=None>
275.9706 	EXP 	New trial (rep=0, index=198): <Trial 198 (198 in rep 0) data={'Task': 'LDT', 'TrialType': 'Target', 'Stimuli': 'vead', 'StimulusType': 'nonword', 'CorrectResponse': 'a', 'Trialnumb': 210, 'thisN': 198, 'thisTrialN': 198, 'thisRepN': 0}>
275.9784 	EXP 	LDT_fix_text: autoDraw = False
275.9784 	EXP 	LDT_stim_text: autoDraw = False
275.9784 	EXP 	LDT_break_text: autoDraw = False
275.9784 	EXP 	LDT_stim_text: height = np.float64(0.1)
275.9784 	EXP 	LDT_stim_text: height = np.float64(0.1)
275.9784 	EXP 	LDT_stim_text: height = np.float64(0.1)
275.9784 	EXP 	LDT_stim_text: text = 'vead'
275.9784 	EXP 	LDT_fix_text: autoDraw = True
275.9828 	DATA 	KeyPress: 미
276.0539 	EXP 	Device response: <KeyPress from None: t=275.9625701000041, value=l, duration=0.08864989998983219>
276.4622 	EXP 	LDT_stim_text: autoDraw = True
276.4706 	EXP 	LDT_fix_text: autoDraw = False
277.0798 	EXP 	Device response: <KeyPress from None: t=277.0737186000042, value=a, duration=None>
277.0801 	EXP 	New trial (rep=0, index=199): <Trial 199 (199 in rep 0) data={'Task': 'LDT', 'TrialType': 'Target', 'Stimuli': 'spag', 'StimulusType': 'nonword', 'CorrectResponse': 'a', 'Trialnumb': 197, 'thisN': 199, 'thisTrialN': 199, 'thisRepN': 0}>
277.0879 	EXP 	LDT_fix_text: autoDraw = False
277.0879 	EXP 	LDT_stim_text: autoDraw = False
277.0879 	EXP 	LDT_break_text: autoDraw = False
277.0879 	EXP 	LDT_stim_text: height = np.float64(0.1)
277.0879 	EXP 	LDT_stim_text: height = np.float64(0.1)
277.0879 	EXP 	LDT_stim_text: height = np.float64(0.1)
277.0879 	EXP 	LDT_stim_text: text = 'spag'
277.0879 	EXP 	LDT_fix_text: autoDraw = True
277.0922 	DATA 	KeyPress: ㅣ
277.1716 	EXP 	Device response: <KeyPress from None: t=277.0737186000042, value=a, duration=0.09631359999184497>
277.5717 	EXP 	LDT_stim_text: autoDraw = True
277.5800 	EXP 	LDT_fix_text: autoDraw = False
278.1476 	EXP 	Device response: <KeyPress from None: t=278.14702980000584, value=a, duration=None>
278.1478 	EXP 	New trial (rep=0, index=200): <Trial 200 (200 in rep 0) data={'Task': 'LDT', 'TrialType': 'Target', 'Stimuli': 'gied', 'StimulusType': 'nonword', 'CorrectResponse': 'a', 'Trialnumb': 146, 'thisN': 200, 'thisTrialN': 200, 'thisRepN': 0}>
278.1556 	EXP 	LDT_fix_text: autoDraw = False
278.1556 	EXP 	LDT_stim_text: autoDraw = False
278.1556 	EXP 	LDT_break_text: autoDraw = False
278.1556 	EXP 	LDT_stim_text: height = np.float64(0.1)
278.1556 	EXP 	LDT_stim_text: height = np.float64(0.1)
278.1556 	EXP 	LDT_stim_text: height = np.float64(0.1)
278.1556 	EXP 	LDT_stim_text: text = 'gied'
278.1556 	EXP 	LDT_fix_text: autoDraw = True
278.1601 	DATA 	KeyPress: ㅁ
278.2559 	EXP 	Device response: <KeyPress from None: t=278.14702980000584, value=a, duration=0.10260399999970105>
278.6394 	EXP 	LDT_stim_text: autoDraw = True
278.6478 	EXP 	LDT_fix_text: autoDraw = False
279.0651 	EXP 	Device response: <KeyPress from None: t=279.05774639999436, value=a, duration=None>
279.0654 	EXP 	New trial (rep=0, index=201): <Trial 201 (201 in rep 0) data={'Task': 'LDT', 'TrialType': 'Target', 'Stimuli': 'bond', 'StimulusType': 'word', 'CorrectResponse': 'l', 'Trialnumb': 87, 'thisN': 201, 'thisTrialN': 201, 'thisRepN': 0}>
279.0733 	EXP 	LDT_fix_text: autoDraw = False
279.0733 	EXP 	LDT_stim_text: autoDraw = False
279.0733 	EXP 	LDT_break_text: autoDraw = False
279.0733 	EXP 	LDT_stim_text: height = np.float64(0.1)
279.0733 	EXP 	LDT_stim_text: height = np.float64(0.1)
279.0733 	EXP 	LDT_stim_text: height = np.float64(0.1)
279.0733 	EXP 	LDT_stim_text: text = 'bond'
279.0733 	EXP 	LDT_fix_text: autoDraw = True
279.0776 	DATA 	KeyPress: ㅁ
279.1486 	EXP 	Device response: <KeyPress from None: t=279.05774639999436, value=a, duration=0.08810230001108721>
279.5570 	EXP 	LDT_stim_text: autoDraw = True
279.5653 	EXP 	LDT_fix_text: autoDraw = False
280.0077 	EXP 	Device response: <KeyPress from None: t=280.00230340000417, value=l, duration=None>
280.0080 	EXP 	New trial (rep=0, index=202): <Trial 202 (202 in rep 0) data={'Task': 'LDT', 'TrialType': 'Target', 'Stimuli': 'fump', 'StimulusType': 'nonword', 'CorrectResponse': 'a', 'Trialnumb': 143, 'thisN': 202, 'thisTrialN': 202, 'thisRepN': 0}>
280.0158 	EXP 	LDT_fix_text: autoDraw = False
280.0158 	EXP 	LDT_stim_text: autoDraw = False
280.0158 	EXP 	LDT_break_text: autoDraw = False
280.0158 	EXP 	LDT_stim_text: height = np.float64(0.1)
280.0158 	EXP 	LDT_stim_text: height = np.float64(0.1)
280.0158 	EXP 	LDT_stim_text: height = np.float64(0.1)
280.0158 	EXP 	LDT_stim_text: text = 'fump'
280.0158 	EXP 	LDT_fix_text: autoDraw = True
280.0995 	EXP 	Device response: <KeyPress from None: t=280.00230340000417, value=l, duration=0.09588339999027085>
280.4996 	EXP 	LDT_stim_text: autoDraw = True
280.5081 	EXP 	LDT_fix_text: autoDraw = False
281.1005 	EXP 	Device response: <KeyPress from None: t=281.09784629999194, value=a, duration=None>
281.1007 	EXP 	New trial (rep=0, index=203): <Trial 203 (203 in rep 0) data={'Task': 'LDT', 'TrialType': 'Target', 'Stimuli': 'rorn', 'StimulusType': 'nonword', 'CorrectResponse': 'a', 'Trialnumb': 185, 'thisN': 203, 'thisTrialN': 203, 'thisRepN': 0}>
281.1085 	EXP 	LDT_fix_text: autoDraw = False
281.1085 	EXP 	LDT_stim_text: autoDraw = False
281.1085 	EXP 	LDT_break_text: autoDraw = False
281.1085 	EXP 	LDT_stim_text: height = np.float64(0.1)
281.1085 	EXP 	LDT_stim_text: height = np.float64(0.1)
281.1085 	EXP 	LDT_stim_text: height = np.float64(0.1)
281.1085 	EXP 	LDT_stim_text: text = 'rorn'
281.1085 	EXP 	LDT_fix_text: autoDraw = True
281.1922 	EXP 	Device response: <KeyPress from None: t=281.09784629999194, value=a, duration=0.08805220000795089>
281.5923 	EXP 	LDT_stim_text: autoDraw = True
281.6007 	EXP 	LDT_fix_text: autoDraw = False
282.0265 	EXP 	Device response: <KeyPress from None: t=282.0259267999936, value=a, duration=None>
282.0268 	EXP 	New trial (rep=0, index=204): <Trial 204 (204 in rep 0) data={'Task': 'LDT', 'TrialType': 'Target', 'Stimuli': 'pay', 'StimulusType': 'word', 'CorrectResponse': 'l', 'Trialnumb': 42, 'thisN': 204, 'thisTrialN': 204, 'thisRepN': 0}>
282.0345 	EXP 	LDT_fix_text: autoDraw = False
282.0345 	EXP 	LDT_stim_text: autoDraw = False
282.0345 	EXP 	LDT_break_text: autoDraw = False
282.0345 	EXP 	LDT_stim_text: height = np.float64(0.1)
282.0345 	EXP 	LDT_stim_text: height = np.float64(0.1)
282.0345 	EXP 	LDT_stim_text: height = np.float64(0.1)
282.0345 	EXP 	LDT_stim_text: text = 'pay'
282.0345 	EXP 	LDT_fix_text: autoDraw = True
282.0390 	DATA 	KeyPress: 밈
282.1350 	EXP 	Device response: <KeyPress from None: t=282.0259267999936, value=a, duration=0.10442780000448693>
282.5184 	EXP 	LDT_stim_text: autoDraw = True
282.5266 	EXP 	LDT_fix_text: autoDraw = False
283.0191 	EXP 	Device response: <KeyPress from None: t=283.0179793999996, value=l, duration=None>
283.0193 	EXP 	New trial (rep=0, index=205): <Trial 205 (205 in rep 0) data={'Task': 'LDT', 'TrialType': 'Target', 'Stimuli': 'loil', 'StimulusType': 'nonword', 'CorrectResponse': 'a', 'Trialnumb': 170, 'thisN': 205, 'thisTrialN': 205, 'thisRepN': 0}>
283.0273 	EXP 	LDT_fix_text: autoDraw = False
283.0273 	EXP 	LDT_stim_text: autoDraw = False
283.0273 	EXP 	LDT_break_text: autoDraw = False
283.0273 	EXP 	LDT_stim_text: height = np.float64(0.1)
283.0273 	EXP 	LDT_stim_text: height = np.float64(0.1)
283.0273 	EXP 	LDT_stim_text: height = np.float64(0.1)
283.0273 	EXP 	LDT_stim_text: text = 'loil'
283.0273 	EXP 	LDT_fix_text: autoDraw = True
283.0943 	EXP 	Device response: <KeyPress from None: t=283.0179793999996, value=l, duration=0.0720385000022361>
283.5109 	EXP 	LDT_stim_text: autoDraw = True
283.5193 	EXP 	LDT_fix_text: autoDraw = False
283.9282 	EXP 	Device response: <KeyPress from None: t=283.92290960000537, value=a, duration=None>
283.9285 	EXP 	New trial (rep=0, index=206): <Trial 206 (206 in rep 0) data={'Task': 'LDT', 'TrialType': 'Target', 'Stimuli': 'gord', 'StimulusType': 'nonword', 'CorrectResponse': 'a', 'Trialnumb': 148, 'thisN': 206, 'thisTrialN': 206, 'thisRepN': 0}>
283.9364 	EXP 	LDT_fix_text: autoDraw = False
283.9364 	EXP 	LDT_stim_text: autoDraw = False
283.9364 	EXP 	LDT_break_text: autoDraw = False
283.9364 	EXP 	LDT_stim_text: height = np.float64(0.1)
283.9364 	EXP 	LDT_stim_text: height = np.float64(0.1)
283.9364 	EXP 	LDT_stim_text: height = np.float64(0.1)
283.9364 	EXP 	LDT_stim_text: text = 'gord'
283.9364 	EXP 	LDT_fix_text: autoDraw = True
284.0368 	EXP 	Device response: <KeyPress from None: t=283.92290960000537, value=a, duration=0.11083599999255966>
284.4202 	EXP 	LDT_stim_text: autoDraw = True
284.4285 	EXP 	LDT_fix_text: autoDraw = False
284.8459 	EXP 	Device response: <KeyPress from None: t=284.8424323999934, value=a, duration=None>
284.8461 	EXP 	New trial (rep=0, index=207): <Trial 207 (207 in rep 0) data={'Task': 'LDT', 'TrialType': 'Target', 'Stimuli': 'party', 'StimulusType': 'word', 'CorrectResponse': 'l', 'Trialnumb': 59, 'thisN': 207, 'thisTrialN': 207, 'thisRepN': 0}>
284.8539 	EXP 	LDT_fix_text: autoDraw = False
284.8539 	EXP 	LDT_stim_text: autoDraw = False
284.8539 	EXP 	LDT_break_text: autoDraw = False
284.8539 	EXP 	LDT_stim_text: height = np.float64(0.1)
284.8539 	EXP 	LDT_stim_text: height = np.float64(0.1)
284.8539 	EXP 	LDT_stim_text: height = np.float64(0.1)
284.8539 	EXP 	LDT_stim_text: text = 'party'
284.8539 	EXP 	LDT_fix_text: autoDraw = True
284.8585 	DATA 	KeyPress: 밈
284.9459 	EXP 	Device response: <KeyPress from None: t=284.8424323999934, value=a, duration=0.09549279999919236>
285.3377 	EXP 	LDT_stim_text: autoDraw = True
285.3461 	EXP 	LDT_fix_text: autoDraw = False
285.8385 	EXP 	Device response: <KeyPress from None: t=285.833927700005, value=l, duration=None>
285.8388 	EXP 	New trial (rep=0, index=208): <Trial 208 (208 in rep 0) data={'Task': 'LDT', 'TrialType': 'Target', 'Stimuli': 'ill', 'StimulusType': 'word', 'CorrectResponse': 'l', 'Trialnumb': 97, 'thisN': 208, 'thisTrialN': 208, 'thisRepN': 0}>
285.8466 	EXP 	LDT_fix_text: autoDraw = False
285.8466 	EXP 	LDT_stim_text: autoDraw = False
285.8466 	EXP 	LDT_break_text: autoDraw = False
285.8466 	EXP 	LDT_stim_text: height = np.float64(0.1)
285.8466 	EXP 	LDT_stim_text: height = np.float64(0.1)
285.8466 	EXP 	LDT_stim_text: height = np.float64(0.1)
285.8466 	EXP 	LDT_stim_text: text = 'ill'
285.8466 	EXP 	LDT_fix_text: autoDraw = True
285.9387 	EXP 	Device response: <KeyPress from None: t=285.833927700005, value=l, duration=0.09724089999508578>
286.3304 	EXP 	LDT_stim_text: autoDraw = True
286.3387 	EXP 	LDT_fix_text: autoDraw = False
287.1064 	EXP 	Device response: <KeyPress from None: t=287.09862319999957, value=l, duration=None>
287.1067 	EXP 	New trial (rep=0, index=209): <Trial 209 (209 in rep 0) data={'Task': 'LDT', 'TrialType': 'Target', 'Stimuli': 'chase', 'StimulusType': 'word', 'CorrectResponse': 'l', 'Trialnumb': 86, 'thisN': 209, 'thisTrialN': 209, 'thisRepN': 0}>
287.1145 	EXP 	LDT_fix_text: autoDraw = False
287.1145 	EXP 	LDT_stim_text: autoDraw = False
287.1145 	EXP 	LDT_break_text: autoDraw = False
287.1145 	EXP 	LDT_stim_text: height = np.float64(0.1)
287.1145 	EXP 	LDT_stim_text: height = np.float64(0.1)
287.1145 	EXP 	LDT_stim_text: height = np.float64(0.1)
287.1145 	EXP 	LDT_stim_text: text = 'chase'
287.1145 	EXP 	LDT_fix_text: autoDraw = True
287.1188 	DATA 	KeyPress: 미
287.2149 	EXP 	Device response: <KeyPress from None: t=287.09862319999957, value=l, duration=0.11176080000586808>
287.5983 	EXP 	LDT_stim_text: autoDraw = True
287.6067 	EXP 	LDT_fix_text: autoDraw = False
288.0408 	EXP 	Device response: <KeyPress from None: t=288.0341909999988, value=l, duration=None>
288.0410 	EXP 	New trial (rep=0, index=210): <Trial 210 (210 in rep 0) data={'Task': 'LDT', 'TrialType': 'Target', 'Stimuli': 'here', 'StimulusType': 'word', 'CorrectResponse': 'l', 'Trialnumb': 4, 'thisN': 210, 'thisTrialN': 210, 'thisRepN': 0}>
288.0488 	EXP 	LDT_fix_text: autoDraw = False
288.0488 	EXP 	LDT_stim_text: autoDraw = False
288.0488 	EXP 	LDT_break_text: autoDraw = False
288.0488 	EXP 	LDT_stim_text: height = np.float64(0.1)
288.0488 	EXP 	LDT_stim_text: height = np.float64(0.1)
288.0488 	EXP 	LDT_stim_text: height = np.float64(0.1)
288.0488 	EXP 	LDT_stim_text: text = 'here'
288.0488 	EXP 	LDT_fix_text: autoDraw = True
288.0533 	DATA 	KeyPress: ㅣ
288.1658 	EXP 	Device response: <KeyPress from None: t=288.0341909999988, value=l, duration=0.12788000000000466>
288.5326 	EXP 	LDT_stim_text: autoDraw = True
288.5409 	EXP 	LDT_fix_text: autoDraw = False
289.0583 	EXP 	Device response: <KeyPress from None: t=289.0506185999984, value=l, duration=None>
289.0586 	EXP 	New trial (rep=0, index=211): <Trial 211 (211 in rep 0) data={'Task': 'LDT', 'TrialType': 'Target', 'Stimuli': 'loak', 'StimulusType': 'nonword', 'CorrectResponse': 'a', 'Trialnumb': 169, 'thisN': 211, 'thisTrialN': 211, 'thisRepN': 0}>
289.0665 	EXP 	LDT_fix_text: autoDraw = False
289.0665 	EXP 	LDT_stim_text: autoDraw = False
289.0665 	EXP 	LDT_break_text: autoDraw = False
289.0665 	EXP 	LDT_stim_text: height = np.float64(0.1)
289.0665 	EXP 	LDT_stim_text: height = np.float64(0.1)
289.0665 	EXP 	LDT_stim_text: height = np.float64(0.1)
289.0665 	EXP 	LDT_stim_text: text = 'loak'
289.0665 	EXP 	LDT_fix_text: autoDraw = True
289.0710 	DATA 	KeyPress: ㅣ
289.1335 	EXP 	Device response: <KeyPress from None: t=289.0506185999984, value=l, duration=0.07964110000466462>
289.5503 	EXP 	LDT_stim_text: autoDraw = True
289.5586 	EXP 	LDT_fix_text: autoDraw = False
290.1011 	EXP 	Device response: <KeyPress from None: t=290.09785920000286, value=a, duration=None>
290.1014 	EXP 	New trial (rep=0, index=212): <Trial 212 (212 in rep 0) data={'Task': 'LDT', 'TrialType': 'Target', 'Stimuli': 'wake', 'StimulusType': 'word', 'CorrectResponse': 'l', 'Trialnumb': 63, 'thisN': 212, 'thisTrialN': 212, 'thisRepN': 0}>
290.1092 	EXP 	LDT_fix_text: autoDraw = False
290.1092 	EXP 	LDT_stim_text: autoDraw = False
290.1092 	EXP 	LDT_break_text: autoDraw = False
290.1092 	EXP 	LDT_stim_text: height = np.float64(0.1)
290.1092 	EXP 	LDT_stim_text: height = np.float64(0.1)
290.1092 	EXP 	LDT_stim_text: height = np.float64(0.1)
290.1092 	EXP 	LDT_stim_text: text = 'wake'
290.1092 	EXP 	LDT_fix_text: autoDraw = True
290.1136 	DATA 	KeyPress: ㅣ
290.2178 	EXP 	Device response: <KeyPress from None: t=290.09785920000286, value=a, duration=0.11226429999805987>
290.5930 	EXP 	LDT_stim_text: autoDraw = True
290.6013 	EXP 	LDT_fix_text: autoDraw = False
291.1941 	EXP 	Device response: <KeyPress from None: t=291.18580239999574, value=l, duration=None>
291.1943 	EXP 	New trial (rep=0, index=213): <Trial 213 (213 in rep 0) data={'Task': 'LDT', 'TrialType': 'Target', 'Stimuli': 'reach', 'StimulusType': 'word', 'CorrectResponse': 'l', 'Trialnumb': 72, 'thisN': 213, 'thisTrialN': 213, 'thisRepN': 0}>
291.2019 	EXP 	LDT_fix_text: autoDraw = False
291.2019 	EXP 	LDT_stim_text: autoDraw = False
291.2019 	EXP 	LDT_break_text: autoDraw = False
291.2019 	EXP 	LDT_stim_text: height = np.float64(0.1)
291.2019 	EXP 	LDT_stim_text: height = np.float64(0.1)
291.2019 	EXP 	LDT_stim_text: height = np.float64(0.1)
291.2019 	EXP 	LDT_stim_text: text = 'reach'
291.2019 	EXP 	LDT_fix_text: autoDraw = True
291.2358 	EXP 	Device response: <KeyPress from None: t=291.18580239999574, value=l, duration=0.049515400009113364>
291.6857 	EXP 	LDT_stim_text: autoDraw = True
291.6941 	EXP 	LDT_fix_text: autoDraw = False
293.1124 	EXP 	Device response: <KeyPress from None: t=293.107044999997, value=l, duration=None>
293.1127 	EXP 	New trial (rep=0, index=214): <Trial 214 (214 in rep 0) data={'Task': 'LDT', 'TrialType': 'Target', 'Stimuli': 'long', 'StimulusType': 'word', 'CorrectResponse': 'l', 'Trialnumb': 6, 'thisN': 214, 'thisTrialN': 214, 'thisRepN': 0}>
293.1205 	EXP 	LDT_fix_text: autoDraw = False
293.1205 	EXP 	LDT_stim_text: autoDraw = False
293.1205 	EXP 	LDT_break_text: autoDraw = False
293.1205 	EXP 	LDT_stim_text: height = np.float64(0.1)
293.1205 	EXP 	LDT_stim_text: height = np.float64(0.1)
293.1205 	EXP 	LDT_stim_text: height = np.float64(0.1)
293.1205 	EXP 	LDT_stim_text: text = 'long'
293.1205 	EXP 	LDT_fix_text: autoDraw = True
293.1250 	DATA 	KeyPress: 미
293.2127 	EXP 	Device response: <KeyPress from None: t=293.107044999997, value=l, duration=0.10309630000847392>
293.6043 	EXP 	LDT_stim_text: autoDraw = True
293.6127 	EXP 	LDT_fix_text: autoDraw = False
293.9800 	EXP 	Device response: <KeyPress from None: t=293.9777810999949, value=l, duration=None>
293.9803 	EXP 	New trial (rep=0, index=215): <Trial 215 (215 in rep 0) data={'Task': 'LDT', 'TrialType': 'Target', 'Stimuli': 'huge', 'StimulusType': 'word', 'CorrectResponse': 'l', 'Trialnumb': 56, 'thisN': 215, 'thisTrialN': 215, 'thisRepN': 0}>
293.9881 	EXP 	LDT_fix_text: autoDraw = False
293.9881 	EXP 	LDT_stim_text: autoDraw = False
293.9881 	EXP 	LDT_break_text: autoDraw = False
293.9881 	EXP 	LDT_stim_text: height = np.float64(0.1)
293.9881 	EXP 	LDT_stim_text: height = np.float64(0.1)
293.9881 	EXP 	LDT_stim_text: height = np.float64(0.1)
293.9881 	EXP 	LDT_stim_text: text = 'huge'
293.9881 	EXP 	LDT_fix_text: autoDraw = True
293.9926 	DATA 	KeyPress: ㅣ
294.0717 	EXP 	Device response: <KeyPress from None: t=293.9777810999949, value=l, duration=0.08841769999708049>
294.4718 	EXP 	LDT_stim_text: autoDraw = True
294.4803 	EXP 	LDT_fix_text: autoDraw = False
294.9226 	EXP 	Device response: <KeyPress from None: t=294.9150493000052, value=l, duration=None>
294.9229 	EXP 	New trial (rep=0, index=216): <Trial 216 (216 in rep 0) data={'Task': 'LDT', 'TrialType': 'Target', 'Stimuli': 'under', 'StimulusType': 'word', 'CorrectResponse': 'l', 'Trialnumb': 39, 'thisN': 216, 'thisTrialN': 216, 'thisRepN': 0}>
294.9306 	EXP 	LDT_fix_text: autoDraw = False
294.9306 	EXP 	LDT_stim_text: autoDraw = False
294.9306 	EXP 	LDT_break_text: autoDraw = False
294.9306 	EXP 	LDT_stim_text: height = np.float64(0.1)
294.9306 	EXP 	LDT_stim_text: height = np.float64(0.1)
294.9306 	EXP 	LDT_stim_text: height = np.float64(0.1)
294.9306 	EXP 	LDT_stim_text: text = 'under'
294.9306 	EXP 	LDT_fix_text: autoDraw = True
294.9350 	DATA 	KeyPress: ㅣ
295.0310 	EXP 	Device response: <KeyPress from None: t=294.9150493000052, value=l, duration=0.11237979998986702>
295.4144 	EXP 	LDT_stim_text: autoDraw = True
295.4228 	EXP 	LDT_fix_text: autoDraw = False
295.8235 	EXP 	Device response: <KeyPress from None: t=295.81814940000186, value=l, duration=None>
295.8237 	EXP 	New trial (rep=0, index=217): <Trial 217 (217 in rep 0) data={'Task': 'LDT', 'TrialType': 'Target', 'Stimuli': 'half', 'StimulusType': 'word', 'CorrectResponse': 'l', 'Trialnumb': 51, 'thisN': 217, 'thisTrialN': 217, 'thisRepN': 0}>
295.8315 	EXP 	LDT_fix_text: autoDraw = False
295.8315 	EXP 	LDT_stim_text: autoDraw = False
295.8315 	EXP 	LDT_break_text: autoDraw = False
295.8315 	EXP 	LDT_stim_text: height = np.float64(0.1)
295.8315 	EXP 	LDT_stim_text: height = np.float64(0.1)
295.8315 	EXP 	LDT_stim_text: height = np.float64(0.1)
295.8315 	EXP 	LDT_stim_text: text = 'half'
295.8315 	EXP 	LDT_fix_text: autoDraw = True
295.8359 	DATA 	KeyPress: ㅣ
295.9319 	EXP 	Device response: <KeyPress from None: t=295.81814940000186, value=l, duration=0.11225249999552034>
296.3154 	EXP 	LDT_stim_text: autoDraw = True
296.3237 	EXP 	LDT_fix_text: autoDraw = False
296.7911 	EXP 	Device response: <KeyPress from None: t=296.78607740000007, value=l, duration=None>
296.7913 	EXP 	New trial (rep=0, index=218): <Trial 218 (218 in rep 0) data={'Task': 'LDT', 'TrialType': 'Target', 'Stimuli': 'peaf', 'StimulusType': 'nonword', 'CorrectResponse': 'a', 'Trialnumb': 179, 'thisN': 218, 'thisTrialN': 218, 'thisRepN': 0}>
296.7991 	EXP 	LDT_fix_text: autoDraw = False
296.7991 	EXP 	LDT_stim_text: autoDraw = False
296.7991 	EXP 	LDT_break_text: autoDraw = False
296.7991 	EXP 	LDT_stim_text: height = np.float64(0.1)
296.7991 	EXP 	LDT_stim_text: height = np.float64(0.1)
296.7991 	EXP 	LDT_stim_text: height = np.float64(0.1)
296.7991 	EXP 	LDT_stim_text: text = 'peaf'
296.7991 	EXP 	LDT_fix_text: autoDraw = True
296.8034 	DATA 	KeyPress: ㅣ
296.8828 	EXP 	Device response: <KeyPress from None: t=296.78607740000007, value=l, duration=0.08843039999192115>
297.2830 	EXP 	LDT_stim_text: autoDraw = True
297.2913 	EXP 	LDT_fix_text: autoDraw = False
298.1591 	EXP 	Device response: <KeyPress from None: t=298.15370700000494, value=a, duration=None>
298.1594 	EXP 	New trial (rep=0, index=219): <Trial 219 (219 in rep 0) data={'Task': 'LDT', 'TrialType': 'Target', 'Stimuli': 'strip', 'StimulusType': 'word', 'CorrectResponse': 'l', 'Trialnumb': 104, 'thisN': 219, 'thisTrialN': 219, 'thisRepN': 0}>
298.1672 	EXP 	LDT_fix_text: autoDraw = False
298.1672 	EXP 	LDT_stim_text: autoDraw = False
298.1672 	EXP 	LDT_break_text: autoDraw = False
298.1672 	EXP 	LDT_stim_text: height = np.float64(0.1)
298.1672 	EXP 	LDT_stim_text: height = np.float64(0.1)
298.1672 	EXP 	LDT_stim_text: height = np.float64(0.1)
298.1672 	EXP 	LDT_stim_text: text = 'strip'
298.1672 	EXP 	LDT_fix_text: autoDraw = True
298.1716 	DATA 	KeyPress: ㅣ
298.2676 	EXP 	Device response: <KeyPress from None: t=298.15370700000494, value=a, duration=0.1125801999878604>
298.6510 	EXP 	LDT_stim_text: autoDraw = True
298.6593 	EXP 	LDT_fix_text: autoDraw = False
299.1518 	EXP 	Device response: <KeyPress from None: t=299.14629360000254, value=a, duration=None>
299.1521 	EXP 	New trial (rep=0, index=220): <Trial 220 (220 in rep 0) data={'Task': 'LDT', 'TrialType': 'Target', 'Stimuli': 'blue', 'StimulusType': 'word', 'CorrectResponse': 'l', 'Trialnumb': 57, 'thisN': 220, 'thisTrialN': 220, 'thisRepN': 0}>
299.1601 	EXP 	LDT_fix_text: autoDraw = False
299.1601 	EXP 	LDT_stim_text: autoDraw = False
299.1601 	EXP 	LDT_break_text: autoDraw = False
299.1601 	EXP 	LDT_stim_text: height = np.float64(0.1)
299.1601 	EXP 	LDT_stim_text: height = np.float64(0.1)
299.1601 	EXP 	LDT_stim_text: height = np.float64(0.1)
299.1601 	EXP 	LDT_stim_text: text = 'blue'
299.1601 	EXP 	LDT_fix_text: autoDraw = True
299.1648 	DATA 	KeyPress: ㅁ
299.2519 	EXP 	Device response: <KeyPress from None: t=299.14629360000254, value=a, duration=0.10419709999405313>
299.6437 	EXP 	LDT_stim_text: autoDraw = True
299.6520 	EXP 	LDT_fix_text: autoDraw = False
300.2613 	EXP 	Device response: <KeyPress from None: t=300.2584929000004, value=l, duration=None>
300.2616 	EXP 	New trial (rep=0, index=221): <Trial 221 (221 in rep 0) data={'Task': 'LDT', 'TrialType': 'Target', 'Stimuli': 'smat', 'StimulusType': 'nonword', 'CorrectResponse': 'a', 'Trialnumb': 195, 'thisN': 221, 'thisTrialN': 221, 'thisRepN': 0}>
300.2693 	EXP 	LDT_fix_text: autoDraw = False
300.2693 	EXP 	LDT_stim_text: autoDraw = False
300.2693 	EXP 	LDT_break_text: autoDraw = False
300.2693 	EXP 	LDT_stim_text: height = np.float64(0.1)
300.2693 	EXP 	LDT_stim_text: height = np.float64(0.1)
300.2693 	EXP 	LDT_stim_text: height = np.float64(0.1)
300.2693 	EXP 	LDT_stim_text: text = 'smat'
300.2693 	EXP 	LDT_fix_text: autoDraw = True
300.3613 	EXP 	Device response: <KeyPress from None: t=300.2584929000004, value=l, duration=0.09578239999245852>
300.7531 	EXP 	LDT_stim_text: autoDraw = True
300.7614 	EXP 	LDT_fix_text: autoDraw = False
301.3289 	EXP 	Device response: <KeyPress from None: t=301.32172680000076, value=a, duration=None>
301.3370 	EXP 	LDT_fix_text: autoDraw = False
301.3370 	EXP 	LDT_stim_text: autoDraw = False
301.3370 	EXP 	LDT_break_text: autoDraw = False
301.3370 	EXP 	end_text: autoDraw = True
301.4874 	EXP 	Device response: <KeyPress from None: t=301.32172680000076, value=a, duration=0.16047550000075717>
304.3316 	EXP 	end_text: autoDraw = False
304.3316 	EXP 	end_text: autoDraw = False
304.3317 	EXP 	online_LDT&KRT: status = STOPPED
