0.8232 	WARNING 	We strongly recommend you activate the PTB sound engine in PsychoPy prefs as the preferred audio engine. Its timing is vastly superior. Your prefs are currently set to use ['sounddevice', 'PTB', 'pyo', 'pygame'] (in that order).
1.5655 	WARNING 	Font Manager failed to load file C:\Users\user\AppData\Local\Microsoft\Windows\Fonts\210 씨앗L.ttf
1.5662 	WARNING 	Font Manager failed to load file C:\Users\user\AppData\Local\Microsoft\Windows\Fonts\210 나무고딕R.ttf
1.5665 	WARNING 	Font Manager failed to load file C:\Users\user\AppData\Local\Microsoft\Windows\Fonts\a뉴굴림2.ttf
1.5700 	WARNING 	Font Manager failed to load file C:\Users\user\AppData\Local\Microsoft\Windows\Fonts\a시나리오.ttf
1.5717 	WARNING 	Font Manager failed to load file C:\Users\user\AppData\Local\Microsoft\Windows\Fonts\210 카툰스토리B.ttf
1.5752 	WARNING 	Font Manager failed to load file C:\Users\user\AppData\Local\Microsoft\Windows\Fonts\210 나무고딕EB.ttf
1.5773 	WARNING 	Font Manager failed to load file C:\Users\user\AppData\Local\Microsoft\Windows\Fonts\210 맨발의청춘R.ttf
1.5862 	WARNING 	Font Manager failed to load file C:\Users\user\AppData\Local\Microsoft\Windows\Fonts\a뉴굴림1.ttf
1.5871 	WARNING 	Font Manager failed to load file C:\Users\user\AppData\Local\Microsoft\Windows\Fonts\아리따-돋움(TTF)-SemiBold.ttf
1.5893 	WARNING 	Font Manager failed to load file C:\Users\user\AppData\Local\Microsoft\Windows\Fonts\210 동화책L.ttf
1.5894 	WARNING 	Font Manager failed to load file C:\Users\user\AppData\Local\Microsoft\Windows\Fonts\210 하얀바람L.ttf
1.5903 	WARNING 	Font Manager failed to load file C:\Users\user\AppData\Local\Microsoft\Windows\Fonts\210 나무고딕B.ttf
1.5917 	WARNING 	Font Manager failed to load file C:\Users\user\AppData\Local\Microsoft\Windows\Fonts\210 동화책B.ttf
1.5921 	WARNING 	Font Manager failed to load file C:\Users\user\AppData\Local\Microsoft\Windows\Fonts\a고딕15.ttf
1.5940 	WARNING 	Font Manager failed to load file C:\Users\user\AppData\Local\Microsoft\Windows\Fonts\a고딕11.ttf
1.5942 	WARNING 	Font Manager failed to load file C:\Users\user\AppData\Local\Microsoft\Windows\Fonts\서울남산 장체L.ttf
1.5970 	WARNING 	Font Manager failed to load file C:\Users\user\AppData\Local\Microsoft\Windows\Fonts\아리따-돋움(TTF)-Light.ttf
1.5983 	WARNING 	Font Manager failed to load file C:\Users\user\AppData\Local\Microsoft\Windows\Fonts\아리따-돋움(TTF)-Bold.ttf
1.5992 	WARNING 	Font Manager failed to load file C:\Users\user\AppData\Local\Microsoft\Windows\Fonts\a고딕12.ttf
1.5993 	WARNING 	Font Manager failed to load file C:\Users\user\AppData\Local\Microsoft\Windows\Fonts\a뉴굴림4.ttf
1.6001 	WARNING 	Font Manager failed to load file C:\Users\user\AppData\Local\Microsoft\Windows\Fonts\210 동화책R.ttf
1.6030 	WARNING 	Font Manager failed to load file C:\Users\user\AppData\Local\Microsoft\Windows\Fonts\210 콤퓨타세탁B.ttf
1.6070 	WARNING 	Font Manager failed to load file C:\Users\user\AppData\Local\Microsoft\Windows\Fonts\210 씨앗B.ttf
1.6073 	WARNING 	Font Manager failed to load file C:\Users\user\AppData\Local\Microsoft\Windows\Fonts\210 콤퓨타세탁L.ttf
1.6082 	WARNING 	Font Manager failed to load file C:\Users\user\AppData\Local\Microsoft\Windows\Fonts\210 씨앗R.ttf
1.6090 	WARNING 	Font Manager failed to load file C:\Users\user\AppData\Local\Microsoft\Windows\Fonts\210 하얀바람R.ttf
1.6091 	WARNING 	Font Manager failed to load file C:\Users\user\AppData\Local\Microsoft\Windows\Fonts\210 맨발의청춘L.ttf
1.6111 	WARNING 	Font Manager failed to load file C:\Users\user\AppData\Local\Microsoft\Windows\Fonts\서울남산 장체BL.ttf
1.6126 	WARNING 	Font Manager failed to load file C:\Users\user\AppData\Local\Microsoft\Windows\Fonts\서울남산 장체B.ttf
1.6131 	WARNING 	Font Manager failed to load file C:\Users\user\AppData\Local\Microsoft\Windows\Fonts\a뉴굴림3.ttf
1.6178 	WARNING 	Font Manager failed to load file C:\Users\user\AppData\Local\Microsoft\Windows\Fonts\a고딕14.ttf
1.6214 	WARNING 	Font Manager failed to load file C:\Users\user\AppData\Local\Microsoft\Windows\Fonts\210 상상공작소B.ttf
1.6232 	WARNING 	Font Manager failed to load file C:\Users\user\AppData\Local\Microsoft\Windows\Fonts\서울남산 장체EB.ttf
1.6237 	WARNING 	Font Manager failed to load file C:\Users\user\AppData\Local\Microsoft\Windows\Fonts\210 상상공작소L.ttf
1.6244 	WARNING 	Font Manager failed to load file C:\Users\user\AppData\Local\Microsoft\Windows\Fonts\a고딕13.ttf
1.6275 	WARNING 	Font Manager failed to load file C:\Users\user\AppData\Local\Microsoft\Windows\Fonts\210 콤퓨타세탁R.ttf
1.6276 	WARNING 	Font Manager failed to load file C:\Users\user\AppData\Local\Microsoft\Windows\Fonts\a고딕10.ttf
1.6290 	WARNING 	Font Manager failed to load file C:\Users\user\AppData\Local\Microsoft\Windows\Fonts\210 나무고딕L.ttf
1.6291 	WARNING 	Font Manager failed to load file C:\Users\user\AppData\Local\Microsoft\Windows\Fonts\210 카툰스토리L.ttf
1.6292 	WARNING 	Font Manager failed to load file C:\Users\user\AppData\Local\Microsoft\Windows\Fonts\210 하얀바람B.ttf
1.6303 	WARNING 	Font Manager failed to load file C:\Users\user\AppData\Local\Microsoft\Windows\Fonts\서울남산 장체M.ttf
1.6311 	WARNING 	Font Manager failed to load file C:\Users\user\AppData\Local\Microsoft\Windows\Fonts\210 맨발의청춘B.ttf
1.6402 	WARNING 	Font Manager failed to load file C:\Users\user\AppData\Local\Microsoft\Windows\Fonts\아리따-돋움(TTF)-Thin.ttf
1.6430 	WARNING 	Font Manager failed to load file C:\Users\user\AppData\Local\Microsoft\Windows\Fonts\a고딕16.ttf
1.6444 	WARNING 	Font Manager failed to load file C:\Users\user\AppData\Local\Microsoft\Windows\Fonts\210 카툰스토리R.ttf
1.6476 	WARNING 	Font Manager failed to load file C:\Users\user\AppData\Local\Microsoft\Windows\Fonts\아리따-돋움(TTF)-Medium.ttf
1.6477 	WARNING 	Font Manager failed to load file C:\Users\user\AppData\Local\Microsoft\Windows\Fonts\210 상상공작소R.ttf
1.6559 	WARNING 	Font Manager failed to load file C:\Users\user\AppData\Local\Microsoft\Windows\Fonts\나눔고딕L.ttf
1.8533 	WARNING 	Font Manager failed to load file C:\Users\user\AppData\Local\Microsoft\Windows\Fonts\210 씨앗L.ttf
1.8540 	WARNING 	Font Manager failed to load file C:\Users\user\AppData\Local\Microsoft\Windows\Fonts\210 나무고딕R.ttf
1.8543 	WARNING 	Font Manager failed to load file C:\Users\user\AppData\Local\Microsoft\Windows\Fonts\a뉴굴림2.ttf
1.8577 	WARNING 	Font Manager failed to load file C:\Users\user\AppData\Local\Microsoft\Windows\Fonts\a시나리오.ttf
1.8594 	WARNING 	Font Manager failed to load file C:\Users\user\AppData\Local\Microsoft\Windows\Fonts\210 카툰스토리B.ttf
1.8627 	WARNING 	Font Manager failed to load file C:\Users\user\AppData\Local\Microsoft\Windows\Fonts\210 나무고딕EB.ttf
1.8649 	WARNING 	Font Manager failed to load file C:\Users\user\AppData\Local\Microsoft\Windows\Fonts\210 맨발의청춘R.ttf
1.8738 	WARNING 	Font Manager failed to load file C:\Users\user\AppData\Local\Microsoft\Windows\Fonts\a뉴굴림1.ttf
1.8747 	WARNING 	Font Manager failed to load file C:\Users\user\AppData\Local\Microsoft\Windows\Fonts\아리따-돋움(TTF)-SemiBold.ttf
1.8766 	WARNING 	Font Manager failed to load file C:\Users\user\AppData\Local\Microsoft\Windows\Fonts\210 동화책L.ttf
1.8767 	WARNING 	Font Manager failed to load file C:\Users\user\AppData\Local\Microsoft\Windows\Fonts\210 하얀바람L.ttf
1.8776 	WARNING 	Font Manager failed to load file C:\Users\user\AppData\Local\Microsoft\Windows\Fonts\210 나무고딕B.ttf
1.8791 	WARNING 	Font Manager failed to load file C:\Users\user\AppData\Local\Microsoft\Windows\Fonts\210 동화책B.ttf
1.8794 	WARNING 	Font Manager failed to load file C:\Users\user\AppData\Local\Microsoft\Windows\Fonts\a고딕15.ttf
1.8814 	WARNING 	Font Manager failed to load file C:\Users\user\AppData\Local\Microsoft\Windows\Fonts\a고딕11.ttf
1.8815 	WARNING 	Font Manager failed to load file C:\Users\user\AppData\Local\Microsoft\Windows\Fonts\서울남산 장체L.ttf
1.8844 	WARNING 	Font Manager failed to load file C:\Users\user\AppData\Local\Microsoft\Windows\Fonts\아리따-돋움(TTF)-Light.ttf
1.8857 	WARNING 	Font Manager failed to load file C:\Users\user\AppData\Local\Microsoft\Windows\Fonts\아리따-돋움(TTF)-Bold.ttf
1.8867 	WARNING 	Font Manager failed to load file C:\Users\user\AppData\Local\Microsoft\Windows\Fonts\a고딕12.ttf
1.8868 	WARNING 	Font Manager failed to load file C:\Users\user\AppData\Local\Microsoft\Windows\Fonts\a뉴굴림4.ttf
1.8876 	WARNING 	Font Manager failed to load file C:\Users\user\AppData\Local\Microsoft\Windows\Fonts\210 동화책R.ttf
1.8906 	WARNING 	Font Manager failed to load file C:\Users\user\AppData\Local\Microsoft\Windows\Fonts\210 콤퓨타세탁B.ttf
1.8945 	WARNING 	Font Manager failed to load file C:\Users\user\AppData\Local\Microsoft\Windows\Fonts\210 씨앗B.ttf
1.8948 	WARNING 	Font Manager failed to load file C:\Users\user\AppData\Local\Microsoft\Windows\Fonts\210 콤퓨타세탁L.ttf
1.8956 	WARNING 	Font Manager failed to load file C:\Users\user\AppData\Local\Microsoft\Windows\Fonts\210 씨앗R.ttf
1.8964 	WARNING 	Font Manager failed to load file C:\Users\user\AppData\Local\Microsoft\Windows\Fonts\210 하얀바람R.ttf
1.8965 	WARNING 	Font Manager failed to load file C:\Users\user\AppData\Local\Microsoft\Windows\Fonts\210 맨발의청춘L.ttf
1.8984 	WARNING 	Font Manager failed to load file C:\Users\user\AppData\Local\Microsoft\Windows\Fonts\서울남산 장체BL.ttf
1.8999 	WARNING 	Font Manager failed to load file C:\Users\user\AppData\Local\Microsoft\Windows\Fonts\서울남산 장체B.ttf
1.9004 	WARNING 	Font Manager failed to load file C:\Users\user\AppData\Local\Microsoft\Windows\Fonts\a뉴굴림3.ttf
1.9050 	WARNING 	Font Manager failed to load file C:\Users\user\AppData\Local\Microsoft\Windows\Fonts\a고딕14.ttf
1.9085 	WARNING 	Font Manager failed to load file C:\Users\user\AppData\Local\Microsoft\Windows\Fonts\210 상상공작소B.ttf
1.9103 	WARNING 	Font Manager failed to load file C:\Users\user\AppData\Local\Microsoft\Windows\Fonts\서울남산 장체EB.ttf
1.9109 	WARNING 	Font Manager failed to load file C:\Users\user\AppData\Local\Microsoft\Windows\Fonts\210 상상공작소L.ttf
1.9115 	WARNING 	Font Manager failed to load file C:\Users\user\AppData\Local\Microsoft\Windows\Fonts\a고딕13.ttf
1.9145 	WARNING 	Font Manager failed to load file C:\Users\user\AppData\Local\Microsoft\Windows\Fonts\210 콤퓨타세탁R.ttf
1.9146 	WARNING 	Font Manager failed to load file C:\Users\user\AppData\Local\Microsoft\Windows\Fonts\a고딕10.ttf
1.9159 	WARNING 	Font Manager failed to load file C:\Users\user\AppData\Local\Microsoft\Windows\Fonts\210 나무고딕L.ttf
1.9161 	WARNING 	Font Manager failed to load file C:\Users\user\AppData\Local\Microsoft\Windows\Fonts\210 카툰스토리L.ttf
1.9162 	WARNING 	Font Manager failed to load file C:\Users\user\AppData\Local\Microsoft\Windows\Fonts\210 하얀바람B.ttf
1.9173 	WARNING 	Font Manager failed to load file C:\Users\user\AppData\Local\Microsoft\Windows\Fonts\서울남산 장체M.ttf
1.9181 	WARNING 	Font Manager failed to load file C:\Users\user\AppData\Local\Microsoft\Windows\Fonts\210 맨발의청춘B.ttf
1.9271 	WARNING 	Font Manager failed to load file C:\Users\user\AppData\Local\Microsoft\Windows\Fonts\아리따-돋움(TTF)-Thin.ttf
1.9298 	WARNING 	Font Manager failed to load file C:\Users\user\AppData\Local\Microsoft\Windows\Fonts\a고딕16.ttf
1.9311 	WARNING 	Font Manager failed to load file C:\Users\user\AppData\Local\Microsoft\Windows\Fonts\210 카툰스토리R.ttf
1.9343 	WARNING 	Font Manager failed to load file C:\Users\user\AppData\Local\Microsoft\Windows\Fonts\아리따-돋움(TTF)-Medium.ttf
1.9345 	WARNING 	Font Manager failed to load file C:\Users\user\AppData\Local\Microsoft\Windows\Fonts\210 상상공작소R.ttf
1.9425 	WARNING 	Font Manager failed to load file C:\Users\user\AppData\Local\Microsoft\Windows\Fonts\나눔고딕L.ttf
6.0806 	EXP 	Created window1 = Window(allowGUI=False, allowStencil=False, autoLog=True, backendConf=UNKNOWN, backgroundFit=<method-wrapper '__getattribute__' of attributeSetter object at 0x000001719AA13280>, backgroundImage=<method-wrapper '__getattribute__' of attributeSetter object at 0x000001719AA13220>, bitsMode=UNKNOWN, blendMode='avg', bpc=(8, 8, 8), color=array([-1., -1., -1.]), colorSpace='rgb', depthBits=8, fullscr=True, gamma=None, gammaErrorPolicy='raise', infoMsg=UNKNOWN, lms=UNKNOWN, monitor=<psychopy.monitors.calibTools.Monitor object at 0x000001719AD144F0>, multiSample=False, name='window1', numSamples=2, pos=[np.float64(0.0), np.float64(0.0)], screen=0, size=array([1920, 1080]), stencilBits=0, stereo=False, title='PsychoPy', units='height', useFBO=True, useRetina=False, viewOri=0.0, viewPos=None, viewScale=None, waitBlanking=True, winType='pyglet')
6.0806 	EXP 	window1: backgroundImage = ''
6.0807 	EXP 	window1: backgroundFit = 'none'
6.3127 	EXP 	window1: Attempting to measure frame rate of screen (0) ...
6.3127 	EXP 	window1: recordFrameIntervals = False
6.4446 	EXP 	window1: recordFrameIntervals = True
6.5351 	EXP 	Screen (0) actual frame rate measured at 121.84Hz
6.5351 	EXP 	window1: recordFrameIntervals = False
7.6157 	EXP 	online_LDT&KRT: status = STARTED
7.7029 	EXP 	Created intro_text = TextStim(__class__=<class 'psychopy.visual.text.TextStim'>, alignHoriz=method-wrapper(...), alignText='center', alignVert=method-wrapper(...), anchorHoriz='center', anchorVert='center', antialias=True, autoDraw=False, autoLog=True, bold=False, color=array([1., 1., 1.]), colorSpace='rgb', contrast=1.0, depth=0.0, draggable=False, flipHoriz=False, flipVert=False, font='NanumGothic', fontFiles=[], height=np.float64(0.03), italic=False, languageStyle='LTR', name='intro_text', opacity=1, ori=0.0, pos=array([0., 0.]), rgb=UNKNOWN, text=str(...), units='height', win=Window(...), wrapWidth=1)
7.7218 	EXP 	Created LDT_intro_instr = TextStim(__class__=<class 'psychopy.visual.text.TextStim'>, alignHoriz=method-wrapper(...), alignText='center', alignVert=method-wrapper(...), anchorHoriz='center', anchorVert='center', antialias=True, autoDraw=False, autoLog=True, bold=False, color=array([1., 1., 1.]), colorSpace='rgb', contrast=1.0, depth=0.0, draggable=False, flipHoriz=False, flipVert=False, font='NanumGothic', fontFiles=[], height=np.float64(0.03), italic=False, languageStyle='LTR', name='LDT_intro_instr', opacity=1, ori=0.0, pos=array([0. , 0.2]), rgb=UNKNOWN, text=str(...), units='height', win=Window(...), wrapWidth=1)
7.7353 	EXP 	Created keyboard_LDT = ImageStim(__class__=<class 'psychopy.visual.image.ImageStim'>, anchor=('center', 'center'), autoLog=True, color=array([1., 1., 1.]), colorSpace='rgb', contrast=1.0, depth=-2.0, draggable=False, flipHoriz=np.False_, flipVert=np.False_, image='keyboard_LDT_RR.png', interpolate=True, mask=None, maskParams=None, name='keyboard_LDT', opacity=1, ori=0.0, pos=array([ 0. , -0.2]), size=array([0.6 , 0.35]), texRes=128.0, units='height', win=Window(...))
7.7383 	EXP 	Created LDT_prac_fix_text = TextStim(__class__=<class 'psychopy.visual.text.TextStim'>, alignHoriz=method-wrapper(...), alignText='center', alignVert=method-wrapper(...), anchorHoriz='center', anchorVert='center', antialias=True, autoDraw=False, autoLog=True, bold=False, color=array([1., 1., 1.]), colorSpace='rgb', contrast=1.0, depth=0.0, draggable=False, flipHoriz=False, flipVert=False, font='NanumGothic', fontFiles=[], height=np.float64(0.1), italic=False, languageStyle='LTR', name='LDT_prac_fix_text', opacity=1, ori=0, pos=array([0., 0.]), rgb=UNKNOWN, text='+', units='height', win=Window(...), wrapWidth=1)
7.7387 	EXP 	Created LDT_prac_stim_text = TextStim(__class__=<class 'psychopy.visual.text.TextStim'>, alignHoriz=method-wrapper(...), alignText='center', alignVert=method-wrapper(...), anchorHoriz='center', anchorVert='center', antialias=True, autoDraw=False, autoLog=True, bold=False, color=array([1., 1., 1.]), colorSpace='rgb', contrast=1.0, depth=-1.0, draggable=False, flipHoriz=False, flipVert=False, font='NanumGothic', fontFiles=[], height=0.1, italic=False, languageStyle='LTR', name='LDT_prac_stim_text', opacity=1, ori=0, pos=array([0., 0.]), rgb=UNKNOWN, text='', units='height', win=Window(...), wrapWidth=1)
7.7393 	EXP 	Created LDT_feedback_text = TextStim(__class__=<class 'psychopy.visual.text.TextStim'>, alignHoriz=method-wrapper(...), alignText='center', alignVert=method-wrapper(...), anchorHoriz='center', anchorVert='center', antialias=True, autoDraw=False, autoLog=True, bold=False, color=array([1., 1., 1.]), colorSpace='rgb', contrast=1.0, depth=-1.0, draggable=False, flipHoriz=False, flipVert=False, font='NanumGothic', fontFiles=[], height=0.05, italic=False, languageStyle='LTR', name='LDT_feedback_text', opacity=1, ori=0, pos=array([0., 0.]), rgb=UNKNOWN, text='', units='height', win=Window(...), wrapWidth=1)
7.7524 	EXP 	Created LDT_instr_text = TextStim(__class__=<class 'psychopy.visual.text.TextStim'>, alignHoriz=method-wrapper(...), alignText='center', alignVert=method-wrapper(...), anchorHoriz='center', anchorVert='center', antialias=True, autoDraw=False, autoLog=True, bold=False, color=array([1., 1., 1.]), colorSpace='rgb', contrast=1.0, depth=0.0, draggable=False, flipHoriz=False, flipVert=False, font='NanumGothic', fontFiles=[], height=np.float64(0.03), italic=False, languageStyle='LTR', name='LDT_instr_text', opacity=1, ori=0, pos=array([0., 0.]), rgb=UNKNOWN, text=str(...), units='height', win=Window(...), wrapWidth=1)
7.7539 	EXP 	Created LDT_fix_text = TextStim(__class__=<class 'psychopy.visual.text.TextStim'>, alignHoriz=method-wrapper(...), alignText='center', alignVert=method-wrapper(...), anchorHoriz='center', anchorVert='center', antialias=True, autoDraw=False, autoLog=True, bold=False, color=array([1., 1., 1.]), colorSpace='rgb', contrast=1.0, depth=0.0, draggable=False, flipHoriz=False, flipVert=False, font='NanumGothic', fontFiles=[], height=np.float64(0.1), italic=False, languageStyle='LTR', name='LDT_fix_text', opacity=1, ori=0, pos=array([0., 0.]), rgb=UNKNOWN, text='+', units='height', win=Window(...), wrapWidth=1)
7.7543 	EXP 	Created LDT_stim_text = TextStim(__class__=<class 'psychopy.visual.text.TextStim'>, alignHoriz=method-wrapper(...), alignText='center', alignVert=method-wrapper(...), anchorHoriz='center', anchorVert='center', antialias=True, autoDraw=False, autoLog=True, bold=False, color=array([1., 1., 1.]), colorSpace='rgb', contrast=1.0, depth=-1.0, draggable=False, flipHoriz=False, flipVert=False, font='NanumGothic', fontFiles=[], height=0.1, italic=False, languageStyle='LTR', name='LDT_stim_text', opacity=1, ori=0, pos=array([0., 0.]), rgb=UNKNOWN, text='', units='height', win=Window(...), wrapWidth=1)
7.7598 	EXP 	Created LDT_break_text = TextStim(__class__=<class 'psychopy.visual.text.TextStim'>, alignHoriz=method-wrapper(...), alignText='center', alignVert=method-wrapper(...), anchorHoriz='center', anchorVert='center', antialias=True, autoDraw=False, autoLog=True, bold=False, color=array([1., 1., 1.]), colorSpace='rgb', contrast=1.0, depth=-1.0, draggable=False, flipHoriz=False, flipVert=False, font='NanumGothic', fontFiles=[], height=np.float64(0.03), italic=False, languageStyle='LTR', name='LDT_break_text', opacity=1, ori=0.0, pos=array([0., 0.]), rgb=UNKNOWN, text=str(...), units='height', win=Window(...), wrapWidth=1)
7.7653 	EXP 	Created end_text = TextStim(__class__=<class 'psychopy.visual.text.TextStim'>, alignHoriz=method-wrapper(...), alignText='center', alignVert=method-wrapper(...), anchorHoriz='center', anchorVert='center', antialias=True, autoDraw=False, autoLog=True, bold=False, color=array([1., 1., 1.]), colorSpace='rgb', contrast=1.0, depth=0.0, draggable=False, flipHoriz=False, flipVert=False, font='NanumGothic', fontFiles=[], height=np.float64(0.03), italic=False, languageStyle='LTR', name='end_text', opacity=1, ori=0, pos=array([0., 0.]), rgb=UNKNOWN, text='실험이 종료되었습니다. \n\n실험에 참여해 주셔서 감사합니다.\n\n', units='height', win=Window(...), wrapWidth=1)
0.0130 	EXP 	intro_text: autoDraw = True
1.2012 	EXP 	Device response: <KeyPress from None: t=1.1930830999990576, value=space, duration=None>
1.2059 	EXP 	intro_text: autoDraw = False
1.2059 	EXP 	LDT_intro_instr: autoDraw = True
1.2059 	EXP 	keyboard_LDT: autoDraw = True
1.2066 	DATA 	Keypress: space
1.2728 	EXP 	Device response: <KeyPress from None: t=1.1930830999990576, value=space, duration=0.07233699999778764>
10.3569 	EXP 	Device response: <KeyPress from None: t=10.354349799999909, value=space, duration=None>
10.3612 	EXP 	Imported LDT_pracStim.xlsx as conditions, 10 conditions, 5 params
10.3614 	EXP 	New trial (rep=0, index=0): <Trial 0 (0 in rep 0) data={'Task': 'LDT', 'TrialType': 'Practice', 'Stimuli': 'huftuk', 'CorrectResponse': 'a', 'StimulusType': 'nonword', 'thisN': 0, 'thisTrialN': 0, 'thisRepN': 0}>
10.3732 	EXP 	LDT_intro_instr: autoDraw = False
10.3732 	EXP 	keyboard_LDT: autoDraw = False
10.3732 	EXP 	LDT_prac_stim_text: height = np.float64(0.1)
10.3732 	EXP 	LDT_prac_stim_text: height = np.float64(0.1)
10.3732 	EXP 	LDT_prac_stim_text: height = np.float64(0.1)
10.3732 	EXP 	LDT_prac_stim_text: text = 'huftuk'
10.3732 	EXP 	LDT_prac_fix_text: autoDraw = True
10.3738 	DATA 	Keypress: space
10.4905 	EXP 	Device response: <KeyPress from None: t=10.354349799999909, value=space, duration=0.1348781999986386>
10.8487 	EXP 	LDT_prac_stim_text: autoDraw = True
10.8654 	EXP 	LDT_prac_fix_text: autoDraw = False
11.7251 	EXP 	Device response: <KeyPress from None: t=11.720834199997626, value=a, duration=None>
11.7329 	EXP 	LDT_prac_fix_text: autoDraw = False
11.7329 	EXP 	LDT_prac_stim_text: autoDraw = False
11.7329 	EXP 	LDT_feedback_text: height = np.float64(0.05)
11.7329 	EXP 	LDT_feedback_text: height = np.float64(0.05)
11.7329 	EXP 	LDT_feedback_text: height = np.float64(0.05)
11.7329 	EXP 	LDT_feedback_text: text = '정답입니다!'
11.7329 	EXP 	LDT_feedback_text: autoDraw = True
11.7335 	DATA 	Keypress: a
11.8083 	EXP 	Device response: <KeyPress from None: t=11.720834199997626, value=a, duration=0.0803961999990861>
12.7176 	EXP 	New trial (rep=0, index=1): <Trial 1 (1 in rep 0) data={'Task': 'LDT', 'TrialType': 'Practice', 'Stimuli': 'format', 'CorrectResponse': 'l', 'StimulusType': 'word', 'thisN': 1, 'thisTrialN': 1, 'thisRepN': 0}>
12.7256 	EXP 	LDT_feedback_text: autoDraw = False
12.7256 	EXP 	LDT_feedback_text: autoDraw = False
12.7256 	EXP 	LDT_prac_stim_text: height = np.float64(0.1)
12.7256 	EXP 	LDT_prac_stim_text: height = np.float64(0.1)
12.7256 	EXP 	LDT_prac_stim_text: height = np.float64(0.1)
12.7256 	EXP 	LDT_prac_stim_text: text = 'format'
12.7256 	EXP 	LDT_prac_fix_text: autoDraw = True
13.2177 	EXP 	LDT_prac_fix_text: autoDraw = False
13.2177 	EXP 	LDT_prac_stim_text: autoDraw = True
13.9271 	EXP 	Device response: <KeyPress from None: t=13.921015699997952, value=l, duration=None>
13.9351 	EXP 	LDT_prac_fix_text: autoDraw = False
13.9351 	EXP 	LDT_prac_stim_text: autoDraw = False
13.9351 	EXP 	LDT_feedback_text: text = '정답입니다!'
13.9351 	EXP 	LDT_feedback_text: autoDraw = True
13.9357 	DATA 	Keypress: l
14.0439 	EXP 	Device response: <KeyPress from None: t=13.921015699997952, value=l, duration=0.1200012000008428>
14.9197 	EXP 	New trial (rep=0, index=2): <Trial 2 (2 in rep 0) data={'Task': 'LDT', 'TrialType': 'Practice', 'Stimuli': 'baseball', 'CorrectResponse': 'l', 'StimulusType': 'word', 'thisN': 2, 'thisTrialN': 2, 'thisRepN': 0}>
14.9279 	EXP 	LDT_feedback_text: autoDraw = False
14.9279 	EXP 	LDT_feedback_text: autoDraw = False
14.9279 	EXP 	LDT_prac_stim_text: height = np.float64(0.1)
14.9279 	EXP 	LDT_prac_stim_text: height = np.float64(0.1)
14.9279 	EXP 	LDT_prac_stim_text: height = np.float64(0.1)
14.9279 	EXP 	LDT_prac_stim_text: text = 'baseball'
14.9279 	EXP 	LDT_prac_fix_text: autoDraw = True
15.4199 	EXP 	LDT_prac_fix_text: autoDraw = False
15.4199 	EXP 	LDT_prac_stim_text: autoDraw = True
16.1209 	EXP 	Device response: <KeyPress from None: t=16.11334269999861, value=l, duration=None>
16.1289 	EXP 	LDT_prac_fix_text: autoDraw = False
16.1289 	EXP 	LDT_prac_stim_text: autoDraw = False
16.1289 	EXP 	LDT_feedback_text: text = '정답입니다!'
16.1289 	EXP 	LDT_feedback_text: autoDraw = True
16.1294 	DATA 	Keypress: l
16.1960 	EXP 	Device response: <KeyPress from None: t=16.11334269999861, value=l, duration=0.0800688999988779>
17.1136 	EXP 	New trial (rep=0, index=3): <Trial 3 (3 in rep 0) data={'Task': 'LDT', 'TrialType': 'Practice', 'Stimuli': 'cluerk', 'CorrectResponse': 'a', 'StimulusType': 'nonword', 'thisN': 3, 'thisTrialN': 3, 'thisRepN': 0}>
17.1216 	EXP 	LDT_feedback_text: autoDraw = False
17.1216 	EXP 	LDT_feedback_text: autoDraw = False
17.1216 	EXP 	LDT_prac_stim_text: height = np.float64(0.1)
17.1216 	EXP 	LDT_prac_stim_text: height = np.float64(0.1)
17.1216 	EXP 	LDT_prac_stim_text: height = np.float64(0.1)
17.1216 	EXP 	LDT_prac_stim_text: text = 'cluerk'
17.1216 	EXP 	LDT_prac_fix_text: autoDraw = True
17.6138 	EXP 	LDT_prac_fix_text: autoDraw = False
17.6138 	EXP 	LDT_prac_stim_text: autoDraw = True
18.3232 	EXP 	Device response: <KeyPress from None: t=18.321225299998332, value=a, duration=None>
18.3311 	EXP 	LDT_prac_fix_text: autoDraw = False
18.3311 	EXP 	LDT_prac_stim_text: autoDraw = False
18.3311 	EXP 	LDT_feedback_text: text = '정답입니다!'
18.3311 	EXP 	LDT_feedback_text: autoDraw = True
18.3316 	DATA 	Keypress: a
18.4065 	EXP 	Device response: <KeyPress from None: t=18.321225299998332, value=a, duration=0.07979720000002999>
19.3157 	EXP 	New trial (rep=0, index=4): <Trial 4 (4 in rep 0) data={'Task': 'LDT', 'TrialType': 'Practice', 'Stimuli': 'truck', 'CorrectResponse': 'l', 'StimulusType': 'word', 'thisN': 4, 'thisTrialN': 4, 'thisRepN': 0}>
19.3239 	EXP 	LDT_feedback_text: autoDraw = False
19.3239 	EXP 	LDT_feedback_text: autoDraw = False
19.3239 	EXP 	LDT_prac_stim_text: height = np.float64(0.1)
19.3239 	EXP 	LDT_prac_stim_text: height = np.float64(0.1)
19.3239 	EXP 	LDT_prac_stim_text: height = np.float64(0.1)
19.3239 	EXP 	LDT_prac_stim_text: text = 'truck'
19.3239 	EXP 	LDT_prac_fix_text: autoDraw = True
19.8159 	EXP 	LDT_prac_fix_text: autoDraw = False
19.8159 	EXP 	LDT_prac_stim_text: autoDraw = True
20.5337 	EXP 	Device response: <KeyPress from None: t=20.529075899998134, value=l, duration=None>
20.5416 	EXP 	LDT_prac_fix_text: autoDraw = False
20.5416 	EXP 	LDT_prac_stim_text: autoDraw = False
20.5416 	EXP 	LDT_feedback_text: text = '정답입니다!'
20.5416 	EXP 	LDT_feedback_text: autoDraw = True
20.5422 	DATA 	Keypress: l
20.6337 	EXP 	Device response: <KeyPress from None: t=20.529075899998134, value=l, duration=0.10403310000037891>
21.5262 	EXP 	New trial (rep=0, index=5): <Trial 5 (5 in rep 0) data={'Task': 'LDT', 'TrialType': 'Practice', 'Stimuli': 'cucumber', 'CorrectResponse': 'l', 'StimulusType': 'word', 'thisN': 5, 'thisTrialN': 5, 'thisRepN': 0}>
21.5343 	EXP 	LDT_feedback_text: autoDraw = False
21.5343 	EXP 	LDT_feedback_text: autoDraw = False
21.5343 	EXP 	LDT_prac_stim_text: height = np.float64(0.1)
21.5343 	EXP 	LDT_prac_stim_text: height = np.float64(0.1)
21.5343 	EXP 	LDT_prac_stim_text: height = np.float64(0.1)
21.5343 	EXP 	LDT_prac_stim_text: text = 'cucumber'
21.5343 	EXP 	LDT_prac_fix_text: autoDraw = True
22.0265 	EXP 	LDT_prac_fix_text: autoDraw = False
22.0265 	EXP 	LDT_prac_stim_text: autoDraw = True
22.9444 	EXP 	Device response: <KeyPress from None: t=22.937160599998606, value=l, duration=None>
22.9524 	EXP 	LDT_prac_fix_text: autoDraw = False
22.9524 	EXP 	LDT_prac_stim_text: autoDraw = False
22.9524 	EXP 	LDT_feedback_text: text = '정답입니다!'
22.9524 	EXP 	LDT_feedback_text: autoDraw = True
22.9529 	DATA 	Keypress: l
23.0444 	EXP 	Device response: <KeyPress from None: t=22.937160599998606, value=l, duration=0.10380019999865908>
23.9371 	EXP 	New trial (rep=0, index=6): <Trial 6 (6 in rep 0) data={'Task': 'LDT', 'TrialType': 'Practice', 'Stimuli': 'yami', 'CorrectResponse': 'a', 'StimulusType': 'nonword', 'thisN': 6, 'thisTrialN': 6, 'thisRepN': 0}>
23.9450 	EXP 	LDT_feedback_text: autoDraw = False
23.9450 	EXP 	LDT_feedback_text: autoDraw = False
23.9450 	EXP 	LDT_prac_stim_text: height = np.float64(0.1)
23.9450 	EXP 	LDT_prac_stim_text: height = np.float64(0.1)
23.9450 	EXP 	LDT_prac_stim_text: height = np.float64(0.1)
23.9450 	EXP 	LDT_prac_stim_text: text = 'yami'
23.9450 	EXP 	LDT_prac_fix_text: autoDraw = True
24.4372 	EXP 	LDT_prac_fix_text: autoDraw = False
24.4372 	EXP 	LDT_prac_stim_text: autoDraw = True
25.0631 	EXP 	Device response: <KeyPress from None: t=25.05651829999988, value=a, duration=None>
25.0711 	EXP 	LDT_prac_fix_text: autoDraw = False
25.0711 	EXP 	LDT_prac_stim_text: autoDraw = False
25.0711 	EXP 	LDT_feedback_text: text = '정답입니다!'
25.0711 	EXP 	LDT_feedback_text: autoDraw = True
25.0716 	DATA 	Keypress: a
25.1299 	EXP 	Device response: <KeyPress from None: t=25.05651829999988, value=a, duration=0.07287299999734387>
26.0557 	EXP 	New trial (rep=0, index=7): <Trial 7 (7 in rep 0) data={'Task': 'LDT', 'TrialType': 'Practice', 'Stimuli': 'lankua', 'CorrectResponse': 'a', 'StimulusType': 'nonword', 'thisN': 7, 'thisTrialN': 7, 'thisRepN': 0}>
26.0638 	EXP 	LDT_feedback_text: autoDraw = False
26.0638 	EXP 	LDT_feedback_text: autoDraw = False
26.0638 	EXP 	LDT_prac_stim_text: height = np.float64(0.1)
26.0638 	EXP 	LDT_prac_stim_text: height = np.float64(0.1)
26.0638 	EXP 	LDT_prac_stim_text: height = np.float64(0.1)
26.0638 	EXP 	LDT_prac_stim_text: text = 'lankua'
26.0638 	EXP 	LDT_prac_fix_text: autoDraw = True
26.5560 	EXP 	LDT_prac_fix_text: autoDraw = False
26.5560 	EXP 	LDT_prac_stim_text: autoDraw = True
27.2153 	EXP 	Device response: <KeyPress from None: t=27.20916369999759, value=a, duration=None>
27.2233 	EXP 	LDT_prac_fix_text: autoDraw = False
27.2233 	EXP 	LDT_prac_stim_text: autoDraw = False
27.2233 	EXP 	LDT_feedback_text: text = '정답입니다!'
27.2233 	EXP 	LDT_feedback_text: autoDraw = True
27.2238 	DATA 	Keypress: a
27.2652 	EXP 	Device response: <KeyPress from None: t=27.20916369999759, value=a, duration=0.04807319999963511>
28.2081 	EXP 	New trial (rep=0, index=8): <Trial 8 (8 in rep 0) data={'Task': 'LDT', 'TrialType': 'Practice', 'Stimuli': 'jeong', 'CorrectResponse': 'a', 'StimulusType': 'nonword', 'thisN': 8, 'thisTrialN': 8, 'thisRepN': 0}>
28.2159 	EXP 	LDT_feedback_text: autoDraw = False
28.2159 	EXP 	LDT_feedback_text: autoDraw = False
28.2159 	EXP 	LDT_prac_stim_text: height = np.float64(0.1)
28.2159 	EXP 	LDT_prac_stim_text: height = np.float64(0.1)
28.2159 	EXP 	LDT_prac_stim_text: height = np.float64(0.1)
28.2159 	EXP 	LDT_prac_stim_text: text = 'jeong'
28.2159 	EXP 	LDT_prac_fix_text: autoDraw = True
28.7081 	EXP 	LDT_prac_fix_text: autoDraw = False
28.7081 	EXP 	LDT_prac_stim_text: autoDraw = True
29.5759 	EXP 	Device response: <KeyPress from None: t=29.569442099997104, value=a, duration=None>
29.5840 	EXP 	LDT_prac_fix_text: autoDraw = False
29.5840 	EXP 	LDT_prac_stim_text: autoDraw = False
29.5840 	EXP 	LDT_feedback_text: text = '정답입니다!'
29.5840 	EXP 	LDT_feedback_text: autoDraw = True
29.5845 	DATA 	Keypress: a
29.6760 	EXP 	Device response: <KeyPress from None: t=29.569442099997104, value=a, duration=0.10333270000046468>
30.5685 	EXP 	New trial (rep=0, index=9): <Trial 9 (9 in rep 0) data={'Task': 'LDT', 'TrialType': 'Practice', 'Stimuli': 'concept', 'CorrectResponse': 'l', 'StimulusType': 'word', 'thisN': 9, 'thisTrialN': 9, 'thisRepN': 0}>
30.5767 	EXP 	LDT_feedback_text: autoDraw = False
30.5767 	EXP 	LDT_feedback_text: autoDraw = False
30.5767 	EXP 	LDT_prac_stim_text: height = np.float64(0.1)
30.5767 	EXP 	LDT_prac_stim_text: height = np.float64(0.1)
30.5767 	EXP 	LDT_prac_stim_text: height = np.float64(0.1)
30.5767 	EXP 	LDT_prac_stim_text: text = 'concept'
30.5767 	EXP 	LDT_prac_fix_text: autoDraw = True
31.0688 	EXP 	LDT_prac_fix_text: autoDraw = False
31.0688 	EXP 	LDT_prac_stim_text: autoDraw = True
31.7197 	EXP 	Device response: <KeyPress from None: t=31.71346469999844, value=l, duration=None>
31.7278 	EXP 	LDT_prac_fix_text: autoDraw = False
31.7278 	EXP 	LDT_prac_stim_text: autoDraw = False
31.7278 	EXP 	LDT_feedback_text: text = '정답입니다!'
31.7278 	EXP 	LDT_feedback_text: autoDraw = True
31.7282 	DATA 	Keypress: l
31.8281 	EXP 	Device response: <KeyPress from None: t=31.71346469999844, value=l, duration=0.11193640000055893>
32.7204 	EXP 	LDT_feedback_text: autoDraw = False
32.7204 	EXP 	LDT_feedback_text: autoDraw = False
32.7204 	EXP 	LDT_instr_text: autoDraw = True
37.3422 	EXP 	Device response: <KeyPress from None: t=37.336826899998414, value=space, duration=None>
37.3609 	EXP 	Imported LDT_Stim.xlsx as conditions, 222 conditions, 6 params
37.3619 	EXP 	New trial (rep=0, index=0): <Trial 0 (0 in rep 0) data={'Task': 'LDT', 'TrialType': 'Target', 'Stimuli': 'flen', 'StimulusType': 'nonword', 'CorrectResponse': 'a', 'Trialnumb': 141, 'thisN': 0, 'thisTrialN': 0, 'thisRepN': 0}>
37.3669 	EXP 	LDT_instr_text: autoDraw = False
37.3669 	EXP 	LDT_stim_text: height = np.float64(0.1)
37.3669 	EXP 	LDT_stim_text: height = np.float64(0.1)
37.3669 	EXP 	LDT_stim_text: height = np.float64(0.1)
37.3669 	EXP 	LDT_stim_text: text = 'flen'
37.3669 	EXP 	LDT_fix_text: autoDraw = True
37.3675 	DATA 	Keypress: space
37.4255 	EXP 	Device response: <KeyPress from None: t=37.336826899998414, value=space, duration=0.08824259999892092>
37.8338 	EXP 	LDT_stim_text: autoDraw = True
37.8588 	EXP 	LDT_fix_text: autoDraw = False
38.6350 	EXP 	Device response: <KeyPress from None: t=38.633007099997485, value=a, duration=None>
38.6352 	EXP 	New trial (rep=0, index=1): <Trial 1 (1 in rep 0) data={'Task': 'LDT', 'TrialType': 'Target', 'Stimuli': 'hold', 'StimulusType': 'word', 'CorrectResponse': 'l', 'Trialnumb': 54, 'thisN': 1, 'thisTrialN': 1, 'thisRepN': 0}>
38.6430 	EXP 	LDT_fix_text: autoDraw = False
38.6430 	EXP 	LDT_stim_text: autoDraw = False
38.6430 	EXP 	LDT_break_text: autoDraw = False
38.6430 	EXP 	LDT_stim_text: height = np.float64(0.1)
38.6430 	EXP 	LDT_stim_text: height = np.float64(0.1)
38.6430 	EXP 	LDT_stim_text: height = np.float64(0.1)
38.6430 	EXP 	LDT_stim_text: text = 'hold'
38.6430 	EXP 	LDT_fix_text: autoDraw = True
38.6435 	DATA 	Keypress: a
38.7017 	EXP 	Device response: <KeyPress from None: t=38.633007099997485, value=a, duration=0.06501500000013039>
39.1268 	EXP 	LDT_stim_text: autoDraw = True
39.1351 	EXP 	LDT_fix_text: autoDraw = False
39.7277 	EXP 	Device response: <KeyPress from None: t=39.72089689999848, value=l, duration=None>
39.7280 	EXP 	New trial (rep=0, index=2): <Trial 2 (2 in rep 0) data={'Task': 'LDT', 'TrialType': 'Target', 'Stimuli': 'still', 'StimulusType': 'word', 'CorrectResponse': 'l', 'Trialnumb': 14, 'thisN': 2, 'thisTrialN': 2, 'thisRepN': 0}>
39.7357 	EXP 	LDT_fix_text: autoDraw = False
39.7357 	EXP 	LDT_stim_text: autoDraw = False
39.7357 	EXP 	LDT_break_text: autoDraw = False
39.7357 	EXP 	LDT_stim_text: height = np.float64(0.1)
39.7357 	EXP 	LDT_stim_text: height = np.float64(0.1)
39.7357 	EXP 	LDT_stim_text: height = np.float64(0.1)
39.7357 	EXP 	LDT_stim_text: text = 'still'
39.7357 	EXP 	LDT_fix_text: autoDraw = True
39.7364 	DATA 	Keypress: l
39.7777 	EXP 	Device response: <KeyPress from None: t=39.72089689999848, value=l, duration=0.04927300000053947>
40.2195 	EXP 	LDT_stim_text: autoDraw = True
40.2279 	EXP 	LDT_fix_text: autoDraw = False
40.7537 	EXP 	Device response: <KeyPress from None: t=40.75332359999811, value=l, duration=None>
40.7539 	EXP 	New trial (rep=0, index=3): <Trial 3 (3 in rep 0) data={'Task': 'LDT', 'TrialType': 'Target', 'Stimuli': 'part', 'StimulusType': 'word', 'CorrectResponse': 'l', 'Trialnumb': 17, 'thisN': 3, 'thisTrialN': 3, 'thisRepN': 0}>
40.7617 	EXP 	LDT_fix_text: autoDraw = False
40.7617 	EXP 	LDT_stim_text: autoDraw = False
40.7617 	EXP 	LDT_break_text: autoDraw = False
40.7617 	EXP 	LDT_stim_text: height = np.float64(0.1)
40.7617 	EXP 	LDT_stim_text: height = np.float64(0.1)
40.7617 	EXP 	LDT_stim_text: height = np.float64(0.1)
40.7617 	EXP 	LDT_stim_text: text = 'part'
40.7617 	EXP 	LDT_fix_text: autoDraw = True
40.7622 	DATA 	Keypress: l
40.7954 	EXP 	Device response: <KeyPress from None: t=40.75332359999811, value=l, duration=0.03935510000155773>
41.2455 	EXP 	LDT_stim_text: autoDraw = True
41.2539 	EXP 	LDT_fix_text: autoDraw = False
41.7632 	EXP 	Device response: <KeyPress from None: t=41.76222039999993, value=l, duration=None>
41.7636 	EXP 	New trial (rep=0, index=4): <Trial 4 (4 in rep 0) data={'Task': 'LDT', 'TrialType': 'Target', 'Stimuli': 'down', 'StimulusType': 'word', 'CorrectResponse': 'l', 'Trialnumb': 9, 'thisN': 4, 'thisTrialN': 4, 'thisRepN': 0}>
41.7711 	EXP 	LDT_fix_text: autoDraw = False
41.7711 	EXP 	LDT_stim_text: autoDraw = False
41.7711 	EXP 	LDT_break_text: autoDraw = False
41.7711 	EXP 	LDT_stim_text: height = np.float64(0.1)
41.7711 	EXP 	LDT_stim_text: height = np.float64(0.1)
41.7711 	EXP 	LDT_stim_text: height = np.float64(0.1)
41.7711 	EXP 	LDT_stim_text: text = 'down'
41.7711 	EXP 	LDT_fix_text: autoDraw = True
41.7716 	DATA 	Keypress: l
41.7963 	EXP 	Device response: <KeyPress from None: t=41.76222039999993, value=l, duration=0.03075119999994058>
42.2549 	EXP 	LDT_stim_text: autoDraw = True
42.2632 	EXP 	LDT_fix_text: autoDraw = False
42.7724 	EXP 	Device response: <KeyPress from None: t=42.76864769999884, value=l, duration=None>
42.7726 	EXP 	New trial (rep=0, index=5): <Trial 5 (5 in rep 0) data={'Task': 'LDT', 'TrialType': 'Target', 'Stimuli': 'sloy', 'StimulusType': 'nonword', 'CorrectResponse': 'a', 'Trialnumb': 194, 'thisN': 5, 'thisTrialN': 5, 'thisRepN': 0}>
42.7804 	EXP 	LDT_fix_text: autoDraw = False
42.7804 	EXP 	LDT_stim_text: autoDraw = False
42.7804 	EXP 	LDT_break_text: autoDraw = False
42.7804 	EXP 	LDT_stim_text: height = np.float64(0.1)
42.7804 	EXP 	LDT_stim_text: height = np.float64(0.1)
42.7804 	EXP 	LDT_stim_text: height = np.float64(0.1)
42.7804 	EXP 	LDT_stim_text: text = 'sloy'
42.7804 	EXP 	LDT_fix_text: autoDraw = True
42.7810 	DATA 	Keypress: l
42.8141 	EXP 	Device response: <KeyPress from None: t=42.76864769999884, value=l, duration=0.03988489999755984>
43.2642 	EXP 	LDT_stim_text: autoDraw = True
43.2726 	EXP 	LDT_fix_text: autoDraw = False
44.0403 	EXP 	Device response: <KeyPress from None: t=44.03275569999823, value=a, duration=None>
44.0405 	EXP 	New trial (rep=0, index=6): <Trial 6 (6 in rep 0) data={'Task': 'LDT', 'TrialType': 'Target', 'Stimuli': 'bust', 'StimulusType': 'word', 'CorrectResponse': 'l', 'Trialnumb': 91, 'thisN': 6, 'thisTrialN': 6, 'thisRepN': 0}>
44.0484 	EXP 	LDT_fix_text: autoDraw = False
44.0484 	EXP 	LDT_stim_text: autoDraw = False
44.0484 	EXP 	LDT_break_text: autoDraw = False
44.0484 	EXP 	LDT_stim_text: height = np.float64(0.1)
44.0484 	EXP 	LDT_stim_text: height = np.float64(0.1)
44.0484 	EXP 	LDT_stim_text: height = np.float64(0.1)
44.0484 	EXP 	LDT_stim_text: text = 'bust'
44.0484 	EXP 	LDT_fix_text: autoDraw = True
44.0490 	DATA 	Keypress: a
44.1071 	EXP 	Device response: <KeyPress from None: t=44.03275569999823, value=a, duration=0.07233659999837982>
44.5321 	EXP 	LDT_stim_text: autoDraw = True
44.5406 	EXP 	LDT_fix_text: autoDraw = False
45.3249 	EXP 	Device response: <KeyPress from None: t=45.32052869999825, value=a, duration=None>
45.3251 	EXP 	New trial (rep=0, index=7): <Trial 7 (7 in rep 0) data={'Task': 'LDT', 'TrialType': 'Target', 'Stimuli': 'judge', 'StimulusType': 'word', 'CorrectResponse': 'l', 'Trialnumb': 67, 'thisN': 7, 'thisTrialN': 7, 'thisRepN': 0}>
45.3329 	EXP 	LDT_fix_text: autoDraw = False
45.3329 	EXP 	LDT_stim_text: autoDraw = False
45.3329 	EXP 	LDT_break_text: autoDraw = False
45.3329 	EXP 	LDT_stim_text: height = np.float64(0.1)
45.3329 	EXP 	LDT_stim_text: height = np.float64(0.1)
45.3329 	EXP 	LDT_stim_text: height = np.float64(0.1)
45.3329 	EXP 	LDT_stim_text: text = 'judge'
45.3329 	EXP 	LDT_fix_text: autoDraw = True
45.3334 	DATA 	Keypress: a
45.4083 	EXP 	Device response: <KeyPress from None: t=45.32052869999825, value=a, duration=0.08058330000130809>
45.8167 	EXP 	LDT_stim_text: autoDraw = True
45.8251 	EXP 	LDT_fix_text: autoDraw = False
46.4344 	EXP 	Device response: <KeyPress from None: t=46.432956799999374, value=l, duration=None>
46.4347 	EXP 	New trial (rep=0, index=8): <Trial 8 (8 in rep 0) data={'Task': 'LDT', 'TrialType': 'Target', 'Stimuli': 'name', 'StimulusType': 'word', 'CorrectResponse': 'l', 'Trialnumb': 32, 'thisN': 8, 'thisTrialN': 8, 'thisRepN': 0}>
46.4424 	EXP 	LDT_fix_text: autoDraw = False
46.4424 	EXP 	LDT_stim_text: autoDraw = False
46.4424 	EXP 	LDT_break_text: autoDraw = False
46.4424 	EXP 	LDT_stim_text: height = np.float64(0.1)
46.4424 	EXP 	LDT_stim_text: height = np.float64(0.1)
46.4424 	EXP 	LDT_stim_text: height = np.float64(0.1)
46.4424 	EXP 	LDT_stim_text: text = 'name'
46.4424 	EXP 	LDT_fix_text: autoDraw = True
46.4429 	DATA 	Keypress: l
46.5179 	EXP 	Device response: <KeyPress from None: t=46.432956799999374, value=l, duration=0.07956199999898672>
46.9262 	EXP 	LDT_stim_text: autoDraw = True
46.9345 	EXP 	LDT_fix_text: autoDraw = False
47.5437 	EXP 	Device response: <KeyPress from None: t=47.536791299997276, value=l, duration=None>
47.5440 	EXP 	New trial (rep=0, index=9): <Trial 9 (9 in rep 0) data={'Task': 'LDT', 'TrialType': 'Target', 'Stimuli': 'last', 'StimulusType': 'word', 'CorrectResponse': 'l', 'Trialnumb': 11, 'thisN': 9, 'thisTrialN': 9, 'thisRepN': 0}>
47.5518 	EXP 	LDT_fix_text: autoDraw = False
47.5518 	EXP 	LDT_stim_text: autoDraw = False
47.5518 	EXP 	LDT_break_text: autoDraw = False
47.5518 	EXP 	LDT_stim_text: height = np.float64(0.1)
47.5518 	EXP 	LDT_stim_text: height = np.float64(0.1)
47.5518 	EXP 	LDT_stim_text: height = np.float64(0.1)
47.5518 	EXP 	LDT_stim_text: text = 'last'
47.5518 	EXP 	LDT_fix_text: autoDraw = True
47.5523 	DATA 	Keypress: l
47.6022 	EXP 	Device response: <KeyPress from None: t=47.536791299997276, value=l, duration=0.06381650000184891>
48.0356 	EXP 	LDT_stim_text: autoDraw = True
48.0439 	EXP 	LDT_fix_text: autoDraw = False
48.5534 	EXP 	Device response: <KeyPress from None: t=48.55301769999642, value=l, duration=None>
48.5616 	EXP 	New trial (rep=0, index=10): <Trial 10 (10 in rep 0) data={'Task': 'LDT', 'TrialType': 'Target', 'Stimuli': 'cean', 'StimulusType': 'nonword', 'CorrectResponse': 'a', 'Trialnumb': 126, 'thisN': 10, 'thisTrialN': 10, 'thisRepN': 0}>
48.5628 	DATA 	Keypress: l
48.5696 	EXP 	LDT_fix_text: autoDraw = False
48.5696 	EXP 	LDT_stim_text: autoDraw = False
48.5696 	EXP 	LDT_break_text: autoDraw = False
48.5696 	EXP 	LDT_stim_text: height = np.float64(0.1)
48.5696 	EXP 	LDT_stim_text: height = np.float64(0.1)
48.5696 	EXP 	LDT_stim_text: height = np.float64(0.1)
48.5696 	EXP 	LDT_stim_text: text = 'cean'
48.5696 	EXP 	LDT_fix_text: autoDraw = True
48.6282 	EXP 	Device response: <KeyPress from None: t=48.55301769999642, value=l, duration=0.0714938000019174>
49.0533 	EXP 	LDT_stim_text: autoDraw = True
49.0616 	EXP 	LDT_fix_text: autoDraw = False
49.5874 	EXP 	Device response: <KeyPress from None: t=49.58487409999725, value=l, duration=None>
49.5877 	EXP 	New trial (rep=0, index=11): <Trial 11 (11 in rep 0) data={'Task': 'LDT', 'TrialType': 'Target', 'Stimuli': 'look', 'StimulusType': 'word', 'CorrectResponse': 'l', 'Trialnumb': 2, 'thisN': 11, 'thisTrialN': 11, 'thisRepN': 0}>
49.5955 	EXP 	LDT_fix_text: autoDraw = False
49.5955 	EXP 	LDT_stim_text: autoDraw = False
49.5955 	EXP 	LDT_break_text: autoDraw = False
49.5955 	EXP 	LDT_stim_text: height = np.float64(0.1)
49.5955 	EXP 	LDT_stim_text: height = np.float64(0.1)
49.5955 	EXP 	LDT_stim_text: height = np.float64(0.1)
49.5955 	EXP 	LDT_stim_text: text = 'look'
49.5955 	EXP 	LDT_fix_text: autoDraw = True
49.5959 	DATA 	Keypress: l
49.6626 	EXP 	Device response: <KeyPress from None: t=49.58487409999725, value=l, duration=0.07246460000169463>
50.0793 	EXP 	LDT_stim_text: autoDraw = True
50.0876 	EXP 	LDT_fix_text: autoDraw = False
50.7054 	EXP 	Device response: <KeyPress from None: t=50.70513149999897, value=l, duration=None>
50.7137 	EXP 	New trial (rep=0, index=12): <Trial 12 (12 in rep 0) data={'Task': 'LDT', 'TrialType': 'Target', 'Stimuli': 'pulk', 'StimulusType': 'nonword', 'CorrectResponse': 'a', 'Trialnumb': 183, 'thisN': 12, 'thisTrialN': 12, 'thisRepN': 0}>
50.7151 	DATA 	Keypress: l
50.7217 	EXP 	LDT_fix_text: autoDraw = False
50.7217 	EXP 	LDT_stim_text: autoDraw = False
50.7217 	EXP 	LDT_break_text: autoDraw = False
50.7217 	EXP 	LDT_stim_text: height = np.float64(0.1)
50.7217 	EXP 	LDT_stim_text: height = np.float64(0.1)
50.7217 	EXP 	LDT_stim_text: height = np.float64(0.1)
50.7217 	EXP 	LDT_stim_text: text = 'pulk'
50.7217 	EXP 	LDT_fix_text: autoDraw = True
50.7970 	EXP 	Device response: <KeyPress from None: t=50.70513149999897, value=l, duration=0.08772849999877508>
51.2054 	EXP 	LDT_stim_text: autoDraw = True
51.2138 	EXP 	LDT_fix_text: autoDraw = False
52.1234 	EXP 	Device response: <KeyPress from None: t=52.12120329999743, value=a, duration=None>
52.1236 	EXP 	New trial (rep=0, index=13): <Trial 13 (13 in rep 0) data={'Task': 'LDT', 'TrialType': 'Target', 'Stimuli': 'haro', 'StimulusType': 'nonword', 'CorrectResponse': 'a', 'Trialnumb': 150, 'thisN': 13, 'thisTrialN': 13, 'thisRepN': 0}>
52.1314 	EXP 	LDT_fix_text: autoDraw = False
52.1314 	EXP 	LDT_stim_text: autoDraw = False
52.1314 	EXP 	LDT_break_text: autoDraw = False
52.1314 	EXP 	LDT_stim_text: height = np.float64(0.1)
52.1314 	EXP 	LDT_stim_text: height = np.float64(0.1)
52.1314 	EXP 	LDT_stim_text: height = np.float64(0.1)
52.1314 	EXP 	LDT_stim_text: text = 'haro'
52.1314 	EXP 	LDT_fix_text: autoDraw = True
52.1319 	DATA 	Keypress: a
52.1984 	EXP 	Device response: <KeyPress from None: t=52.12120329999743, value=a, duration=0.07167680000202381>
52.6151 	EXP 	LDT_stim_text: autoDraw = True
52.6235 	EXP 	LDT_fix_text: autoDraw = False
53.2329 	EXP 	Device response: <KeyPress from None: t=53.22506659999999, value=a, duration=None>
53.2332 	EXP 	New trial (rep=0, index=14): <Trial 14 (14 in rep 0) data={'Task': 'LDT', 'TrialType': 'Target', 'Stimuli': 'plan', 'StimulusType': 'word', 'CorrectResponse': 'l', 'Trialnumb': 53, 'thisN': 14, 'thisTrialN': 14, 'thisRepN': 0}>
53.2408 	EXP 	LDT_fix_text: autoDraw = False
53.2408 	EXP 	LDT_stim_text: autoDraw = False
53.2408 	EXP 	LDT_break_text: autoDraw = False
53.2408 	EXP 	LDT_stim_text: height = np.float64(0.1)
53.2408 	EXP 	LDT_stim_text: height = np.float64(0.1)
53.2408 	EXP 	LDT_stim_text: height = np.float64(0.1)
53.2408 	EXP 	LDT_stim_text: text = 'plan'
53.2408 	EXP 	LDT_fix_text: autoDraw = True
53.2413 	DATA 	Keypress: a
53.2912 	EXP 	Device response: <KeyPress from None: t=53.22506659999999, value=a, duration=0.06378009999752976>
53.7246 	EXP 	LDT_stim_text: autoDraw = True
53.7329 	EXP 	LDT_fix_text: autoDraw = False
54.3089 	EXP 	Device response: <KeyPress from None: t=54.304593199998635, value=l, duration=None>
54.3091 	EXP 	New trial (rep=0, index=15): <Trial 15 (15 in rep 0) data={'Task': 'LDT', 'TrialType': 'Target', 'Stimuli': 'stop', 'StimulusType': 'word', 'CorrectResponse': 'l', 'Trialnumb': 44, 'thisN': 15, 'thisTrialN': 15, 'thisRepN': 0}>
54.3168 	EXP 	LDT_fix_text: autoDraw = False
54.3168 	EXP 	LDT_stim_text: autoDraw = False
54.3168 	EXP 	LDT_break_text: autoDraw = False
54.3168 	EXP 	LDT_stim_text: height = np.float64(0.1)
54.3168 	EXP 	LDT_stim_text: height = np.float64(0.1)
54.3168 	EXP 	LDT_stim_text: height = np.float64(0.1)
54.3168 	EXP 	LDT_stim_text: text = 'stop'
54.3168 	EXP 	LDT_fix_text: autoDraw = True
54.3174 	DATA 	Keypress: l
54.3839 	EXP 	Device response: <KeyPress from None: t=54.304593199998635, value=l, duration=0.07238800000050105>
54.8007 	EXP 	LDT_stim_text: autoDraw = True
54.8090 	EXP 	LDT_fix_text: autoDraw = False
55.3683 	EXP 	Device response: <KeyPress from None: t=55.36049479999929, value=l, duration=None>
55.3685 	EXP 	New trial (rep=0, index=16): <Trial 16 (16 in rep 0) data={'Task': 'LDT', 'TrialType': 'Target', 'Stimuli': 'set', 'StimulusType': 'word', 'CorrectResponse': 'l', 'Trialnumb': 36, 'thisN': 16, 'thisTrialN': 16, 'thisRepN': 0}>
55.3762 	EXP 	LDT_fix_text: autoDraw = False
55.3762 	EXP 	LDT_stim_text: autoDraw = False
55.3762 	EXP 	LDT_break_text: autoDraw = False
55.3762 	EXP 	LDT_stim_text: height = np.float64(0.1)
55.3762 	EXP 	LDT_stim_text: height = np.float64(0.1)
55.3762 	EXP 	LDT_stim_text: height = np.float64(0.1)
55.3762 	EXP 	LDT_stim_text: text = 'set'
55.3762 	EXP 	LDT_fix_text: autoDraw = True
55.3768 	DATA 	Keypress: l
55.4349 	EXP 	Device response: <KeyPress from None: t=55.36049479999929, value=l, duration=0.07244390000050771>
55.8600 	EXP 	LDT_stim_text: autoDraw = True
55.8684 	EXP 	LDT_fix_text: autoDraw = False
56.4026 	EXP 	Device response: <KeyPress from None: t=56.40056609999738, value=l, duration=None>
56.4028 	EXP 	New trial (rep=0, index=17): <Trial 17 (17 in rep 0) data={'Task': 'LDT', 'TrialType': 'Target', 'Stimuli': 'full', 'StimulusType': 'word', 'CorrectResponse': 'l', 'Trialnumb': 43, 'thisN': 17, 'thisTrialN': 17, 'thisRepN': 0}>
56.4106 	EXP 	LDT_fix_text: autoDraw = False
56.4106 	EXP 	LDT_stim_text: autoDraw = False
56.4106 	EXP 	LDT_break_text: autoDraw = False
56.4106 	EXP 	LDT_stim_text: height = np.float64(0.1)
56.4106 	EXP 	LDT_stim_text: height = np.float64(0.1)
56.4106 	EXP 	LDT_stim_text: height = np.float64(0.1)
56.4106 	EXP 	LDT_stim_text: text = 'full'
56.4106 	EXP 	LDT_fix_text: autoDraw = True
56.4112 	DATA 	Keypress: l
56.5110 	EXP 	Device response: <KeyPress from None: t=56.40056609999738, value=l, duration=0.10437570000067353>
56.8944 	EXP 	LDT_stim_text: autoDraw = True
56.9029 	EXP 	LDT_fix_text: autoDraw = False
57.3618 	EXP 	Device response: <KeyPress from None: t=57.35381159999815, value=l, duration=None>
57.3621 	EXP 	New trial (rep=0, index=18): <Trial 18 (18 in rep 0) data={'Task': 'LDT', 'TrialType': 'Target', 'Stimuli': 'stip', 'StimulusType': 'nonword', 'CorrectResponse': 'a', 'Trialnumb': 200, 'thisN': 18, 'thisTrialN': 18, 'thisRepN': 0}>
57.3699 	EXP 	LDT_fix_text: autoDraw = False
57.3699 	EXP 	LDT_stim_text: autoDraw = False
57.3699 	EXP 	LDT_break_text: autoDraw = False
57.3699 	EXP 	LDT_stim_text: height = np.float64(0.1)
57.3699 	EXP 	LDT_stim_text: height = np.float64(0.1)
57.3699 	EXP 	LDT_stim_text: height = np.float64(0.1)
57.3699 	EXP 	LDT_stim_text: text = 'stip'
57.3699 	EXP 	LDT_fix_text: autoDraw = True
57.3705 	DATA 	Keypress: l
57.4788 	EXP 	Device response: <KeyPress from None: t=57.35381159999815, value=l, duration=0.12000540000008186>
57.8537 	EXP 	LDT_stim_text: autoDraw = True
57.8620 	EXP 	LDT_fix_text: autoDraw = False
58.5214 	EXP 	Device response: <KeyPress from None: t=58.520665299998655, value=a, duration=None>
58.5217 	EXP 	New trial (rep=0, index=19): <Trial 19 (19 in rep 0) data={'Task': 'LDT', 'TrialType': 'Target', 'Stimuli': 'food', 'StimulusType': 'word', 'CorrectResponse': 'l', 'Trialnumb': 5, 'thisN': 19, 'thisTrialN': 19, 'thisRepN': 0}>
58.5294 	EXP 	LDT_fix_text: autoDraw = False
58.5294 	EXP 	LDT_stim_text: autoDraw = False
58.5294 	EXP 	LDT_break_text: autoDraw = False
58.5294 	EXP 	LDT_stim_text: height = np.float64(0.1)
58.5294 	EXP 	LDT_stim_text: height = np.float64(0.1)
58.5294 	EXP 	LDT_stim_text: height = np.float64(0.1)
58.5294 	EXP 	LDT_stim_text: text = 'food'
58.5294 	EXP 	LDT_fix_text: autoDraw = True
58.5300 	DATA 	Keypress: a
58.5881 	EXP 	Device response: <KeyPress from None: t=58.520665299998655, value=a, duration=0.06385840000075405>
59.0132 	EXP 	LDT_stim_text: autoDraw = True
59.0215 	EXP 	LDT_fix_text: autoDraw = False
59.5223 	EXP 	Device response: <KeyPress from None: t=59.52082699999664, value=l, duration=None>
59.5225 	EXP 	New trial (rep=0, index=20): <Trial 20 (20 in rep 0) data={'Task': 'LDT', 'TrialType': 'Target', 'Stimuli': 'space', 'StimulusType': 'word', 'CorrectResponse': 'l', 'Trialnumb': 30, 'thisN': 20, 'thisTrialN': 20, 'thisRepN': 0}>
59.5304 	EXP 	LDT_fix_text: autoDraw = False
59.5304 	EXP 	LDT_stim_text: autoDraw = False
59.5304 	EXP 	LDT_break_text: autoDraw = False
59.5304 	EXP 	LDT_stim_text: height = np.float64(0.1)
59.5304 	EXP 	LDT_stim_text: height = np.float64(0.1)
59.5304 	EXP 	LDT_stim_text: height = np.float64(0.1)
59.5304 	EXP 	LDT_stim_text: text = 'space'
59.5304 	EXP 	LDT_fix_text: autoDraw = True
59.5309 	DATA 	Keypress: l
59.6307 	EXP 	Device response: <KeyPress from None: t=59.52082699999664, value=l, duration=0.10390990000087186>
60.0142 	EXP 	LDT_stim_text: autoDraw = True
60.0225 	EXP 	LDT_fix_text: autoDraw = False
60.7235 	EXP 	Device response: <KeyPress from None: t=60.72161999999662, value=l, duration=None>
60.7237 	EXP 	New trial (rep=0, index=21): <Trial 21 (21 in rep 0) data={'Task': 'LDT', 'TrialType': 'Target', 'Stimuli': 'peaf', 'StimulusType': 'nonword', 'CorrectResponse': 'a', 'Trialnumb': 179, 'thisN': 21, 'thisTrialN': 21, 'thisRepN': 0}>
60.7316 	EXP 	LDT_fix_text: autoDraw = False
60.7316 	EXP 	LDT_stim_text: autoDraw = False
60.7316 	EXP 	LDT_break_text: autoDraw = False
60.7316 	EXP 	LDT_stim_text: height = np.float64(0.1)
60.7316 	EXP 	LDT_stim_text: height = np.float64(0.1)
60.7316 	EXP 	LDT_stim_text: height = np.float64(0.1)
60.7316 	EXP 	LDT_stim_text: text = 'peaf'
60.7316 	EXP 	LDT_fix_text: autoDraw = True
60.7322 	DATA 	Keypress: l
60.7985 	EXP 	Device response: <KeyPress from None: t=60.72161999999662, value=l, duration=0.07145240000318154>
61.2154 	EXP 	LDT_stim_text: autoDraw = True
61.2237 	EXP 	LDT_fix_text: autoDraw = False
61.8747 	EXP 	Device response: <KeyPress from None: t=61.873410799998965, value=a, duration=None>
61.8750 	EXP 	New trial (rep=0, index=22): <Trial 22 (22 in rep 0) data={'Task': 'LDT', 'TrialType': 'Target', 'Stimuli': 'warm', 'StimulusType': 'word', 'CorrectResponse': 'l', 'Trialnumb': 60, 'thisN': 22, 'thisTrialN': 22, 'thisRepN': 0}>
61.8827 	EXP 	LDT_fix_text: autoDraw = False
61.8827 	EXP 	LDT_stim_text: autoDraw = False
61.8827 	EXP 	LDT_break_text: autoDraw = False
61.8827 	EXP 	LDT_stim_text: height = np.float64(0.1)
61.8827 	EXP 	LDT_stim_text: height = np.float64(0.1)
61.8827 	EXP 	LDT_stim_text: height = np.float64(0.1)
61.8827 	EXP 	LDT_stim_text: text = 'warm'
61.8827 	EXP 	LDT_fix_text: autoDraw = True
61.8832 	DATA 	Keypress: a
62.0081 	EXP 	Device response: <KeyPress from None: t=61.873410799998965, value=a, duration=0.127048599999398>
62.3665 	EXP 	LDT_stim_text: autoDraw = True
62.3748 	EXP 	LDT_fix_text: autoDraw = False
63.4429 	EXP 	Device response: <KeyPress from None: t=63.44198819999656, value=l, duration=None>
63.4432 	EXP 	New trial (rep=0, index=23): <Trial 23 (23 in rep 0) data={'Task': 'LDT', 'TrialType': 'Target', 'Stimuli': 'eall', 'StimulusType': 'nonword', 'CorrectResponse': 'a', 'Trialnumb': 138, 'thisN': 23, 'thisTrialN': 23, 'thisRepN': 0}>
63.4509 	EXP 	LDT_fix_text: autoDraw = False
63.4509 	EXP 	LDT_stim_text: autoDraw = False
63.4509 	EXP 	LDT_break_text: autoDraw = False
63.4509 	EXP 	LDT_stim_text: height = np.float64(0.1)
63.4509 	EXP 	LDT_stim_text: height = np.float64(0.1)
63.4509 	EXP 	LDT_stim_text: height = np.float64(0.1)
63.4509 	EXP 	LDT_stim_text: text = 'eall'
63.4509 	EXP 	LDT_fix_text: autoDraw = True
63.4515 	DATA 	Keypress: l
63.6098 	EXP 	Device response: <KeyPress from None: t=63.44198819999656, value=l, duration=0.15951640000275802>
63.9347 	EXP 	LDT_stim_text: autoDraw = True
63.9431 	EXP 	LDT_fix_text: autoDraw = False
64.7442 	EXP 	Device response: <KeyPress from None: t=64.73659039999984, value=a, duration=None>
64.7444 	EXP 	New trial (rep=0, index=24): <Trial 24 (24 in rep 0) data={'Task': 'LDT', 'TrialType': 'Target', 'Stimuli': 'beon', 'StimulusType': 'nonword', 'CorrectResponse': 'a', 'Trialnumb': 120, 'thisN': 24, 'thisTrialN': 24, 'thisRepN': 0}>
64.7522 	EXP 	LDT_fix_text: autoDraw = False
64.7522 	EXP 	LDT_stim_text: autoDraw = False
64.7522 	EXP 	LDT_break_text: autoDraw = False
64.7522 	EXP 	LDT_stim_text: height = np.float64(0.1)
64.7522 	EXP 	LDT_stim_text: height = np.float64(0.1)
64.7522 	EXP 	LDT_stim_text: height = np.float64(0.1)
64.7522 	EXP 	LDT_stim_text: text = 'beon'
64.7522 	EXP 	LDT_fix_text: autoDraw = True
64.7527 	DATA 	Keypress: a
64.8444 	EXP 	Device response: <KeyPress from None: t=64.73659039999984, value=a, duration=0.10437610000008135>
65.2360 	EXP 	LDT_stim_text: autoDraw = True
65.2444 	EXP 	LDT_fix_text: autoDraw = False
65.8287 	EXP 	Device response: <KeyPress from None: t=65.82507809999879, value=a, duration=None>
65.8289 	EXP 	New trial (rep=0, index=25): <Trial 25 (25 in rep 0) data={'Task': 'LDT', 'TrialType': 'Target', 'Stimuli': 'nind', 'StimulusType': 'nonword', 'CorrectResponse': 'a', 'Trialnumb': 177, 'thisN': 25, 'thisTrialN': 25, 'thisRepN': 0}>
65.8366 	EXP 	LDT_fix_text: autoDraw = False
65.8366 	EXP 	LDT_stim_text: autoDraw = False
65.8366 	EXP 	LDT_break_text: autoDraw = False
65.8366 	EXP 	LDT_stim_text: height = np.float64(0.1)
65.8366 	EXP 	LDT_stim_text: height = np.float64(0.1)
65.8366 	EXP 	LDT_stim_text: height = np.float64(0.1)
65.8366 	EXP 	LDT_stim_text: text = 'nind'
65.8366 	EXP 	LDT_fix_text: autoDraw = True
65.8372 	DATA 	Keypress: a
65.9287 	EXP 	Device response: <KeyPress from None: t=65.82507809999879, value=a, duration=0.09555089999776101>
66.3204 	EXP 	LDT_stim_text: autoDraw = True
66.3288 	EXP 	LDT_fix_text: autoDraw = False
66.9297 	EXP 	Device response: <KeyPress from None: t=66.9285484999964, value=a, duration=None>
66.9300 	EXP 	New trial (rep=0, index=26): <Trial 26 (26 in rep 0) data={'Task': 'LDT', 'TrialType': 'Target', 'Stimuli': 'job', 'StimulusType': 'word', 'CorrectResponse': 'l', 'Trialnumb': 26, 'thisN': 26, 'thisTrialN': 26, 'thisRepN': 0}>
66.9378 	EXP 	LDT_fix_text: autoDraw = False
66.9378 	EXP 	LDT_stim_text: autoDraw = False
66.9378 	EXP 	LDT_break_text: autoDraw = False
66.9378 	EXP 	LDT_stim_text: height = np.float64(0.1)
66.9378 	EXP 	LDT_stim_text: height = np.float64(0.1)
66.9378 	EXP 	LDT_stim_text: height = np.float64(0.1)
66.9378 	EXP 	LDT_stim_text: text = 'job'
66.9378 	EXP 	LDT_fix_text: autoDraw = True
66.9384 	DATA 	Keypress: a
67.0382 	EXP 	Device response: <KeyPress from None: t=66.9285484999964, value=a, duration=0.10461390000273241>
67.4215 	EXP 	LDT_stim_text: autoDraw = True
67.4299 	EXP 	LDT_fix_text: autoDraw = False
68.0725 	EXP 	Device response: <KeyPress from None: t=68.06488059999901, value=l, duration=None>
68.0728 	EXP 	New trial (rep=0, index=27): <Trial 27 (27 in rep 0) data={'Task': 'LDT', 'TrialType': 'Target', 'Stimuli': 'boom', 'StimulusType': 'word', 'CorrectResponse': 'l', 'Trialnumb': 96, 'thisN': 27, 'thisTrialN': 27, 'thisRepN': 0}>
68.0805 	EXP 	LDT_fix_text: autoDraw = False
68.0805 	EXP 	LDT_stim_text: autoDraw = False
68.0805 	EXP 	LDT_break_text: autoDraw = False
68.0805 	EXP 	LDT_stim_text: height = np.float64(0.1)
68.0805 	EXP 	LDT_stim_text: height = np.float64(0.1)
68.0805 	EXP 	LDT_stim_text: height = np.float64(0.1)
68.0805 	EXP 	LDT_stim_text: text = 'boom'
68.0805 	EXP 	LDT_fix_text: autoDraw = True
68.0810 	DATA 	Keypress: l
68.1810 	EXP 	Device response: <KeyPress from None: t=68.06488059999901, value=l, duration=0.11303019999832031>
68.5643 	EXP 	LDT_stim_text: autoDraw = True
68.5727 	EXP 	LDT_fix_text: autoDraw = False
69.2653 	EXP 	Device response: <KeyPress from None: t=69.26481479999711, value=l, duration=None>
69.2655 	EXP 	New trial (rep=0, index=28): <Trial 28 (28 in rep 0) data={'Task': 'LDT', 'TrialType': 'Target', 'Stimuli': 'snan', 'StimulusType': 'nonword', 'CorrectResponse': 'a', 'Trialnumb': 196, 'thisN': 28, 'thisTrialN': 28, 'thisRepN': 0}>
69.2734 	EXP 	LDT_fix_text: autoDraw = False
69.2734 	EXP 	LDT_stim_text: autoDraw = False
69.2734 	EXP 	LDT_break_text: autoDraw = False
69.2734 	EXP 	LDT_stim_text: height = np.float64(0.1)
69.2734 	EXP 	LDT_stim_text: height = np.float64(0.1)
69.2734 	EXP 	LDT_stim_text: height = np.float64(0.1)
69.2734 	EXP 	LDT_stim_text: text = 'snan'
69.2734 	EXP 	LDT_fix_text: autoDraw = True
69.2739 	DATA 	Keypress: l
69.3988 	EXP 	Device response: <KeyPress from None: t=69.26481479999711, value=l, duration=0.12856789999932516>
69.7572 	EXP 	LDT_stim_text: autoDraw = True
69.7655 	EXP 	LDT_fix_text: autoDraw = False
70.4165 	EXP 	Device response: <KeyPress from None: t=70.40876359999675, value=a, duration=None>
70.4167 	EXP 	New trial (rep=0, index=29): <Trial 29 (29 in rep 0) data={'Task': 'LDT', 'TrialType': 'Target', 'Stimuli': 'suck', 'StimulusType': 'word', 'CorrectResponse': 'l', 'Trialnumb': 83, 'thisN': 29, 'thisTrialN': 29, 'thisRepN': 0}>
70.4245 	EXP 	LDT_fix_text: autoDraw = False
70.4245 	EXP 	LDT_stim_text: autoDraw = False
70.4245 	EXP 	LDT_break_text: autoDraw = False
70.4245 	EXP 	LDT_stim_text: height = np.float64(0.1)
70.4245 	EXP 	LDT_stim_text: height = np.float64(0.1)
70.4245 	EXP 	LDT_stim_text: height = np.float64(0.1)
70.4245 	EXP 	LDT_stim_text: text = 'suck'
70.4245 	EXP 	LDT_fix_text: autoDraw = True
70.4251 	DATA 	Keypress: a
70.5332 	EXP 	Device response: <KeyPress from None: t=70.40876359999675, value=a, duration=0.12024900000324124>
70.9083 	EXP 	LDT_stim_text: autoDraw = True
70.9167 	EXP 	LDT_fix_text: autoDraw = False
71.5092 	EXP 	Device response: <KeyPress from None: t=71.5051633999974, value=a, duration=None>
71.5095 	EXP 	New trial (rep=0, index=30): <Trial 30 (30 in rep 0) data={'Task': 'LDT', 'TrialType': 'Target', 'Stimuli': 'flat', 'StimulusType': 'word', 'CorrectResponse': 'l', 'Trialnumb': 92, 'thisN': 30, 'thisTrialN': 30, 'thisRepN': 0}>
71.5173 	EXP 	LDT_fix_text: autoDraw = False
71.5173 	EXP 	LDT_stim_text: autoDraw = False
71.5173 	EXP 	LDT_break_text: autoDraw = False
71.5173 	EXP 	LDT_stim_text: height = np.float64(0.1)
71.5173 	EXP 	LDT_stim_text: height = np.float64(0.1)
71.5173 	EXP 	LDT_stim_text: height = np.float64(0.1)
71.5173 	EXP 	LDT_stim_text: text = 'flat'
71.5173 	EXP 	LDT_fix_text: autoDraw = True
71.5178 	DATA 	Keypress: a
71.6427 	EXP 	Device response: <KeyPress from None: t=71.5051633999974, value=a, duration=0.1371593000003486>
72.0011 	EXP 	LDT_stim_text: autoDraw = True
72.0094 	EXP 	LDT_fix_text: autoDraw = False
72.5938 	EXP 	Device response: <KeyPress from None: t=72.59288269999888, value=l, duration=None>
72.5940 	EXP 	New trial (rep=0, index=31): <Trial 31 (31 in rep 0) data={'Task': 'LDT', 'TrialType': 'Target', 'Stimuli': 'hirs', 'StimulusType': 'nonword', 'CorrectResponse': 'a', 'Trialnumb': 153, 'thisN': 31, 'thisTrialN': 31, 'thisRepN': 0}>
72.6018 	EXP 	LDT_fix_text: autoDraw = False
72.6018 	EXP 	LDT_stim_text: autoDraw = False
72.6018 	EXP 	LDT_break_text: autoDraw = False
72.6018 	EXP 	LDT_stim_text: height = np.float64(0.1)
72.6018 	EXP 	LDT_stim_text: height = np.float64(0.1)
72.6018 	EXP 	LDT_stim_text: height = np.float64(0.1)
72.6018 	EXP 	LDT_stim_text: text = 'hirs'
72.6018 	EXP 	LDT_fix_text: autoDraw = True
72.6024 	DATA 	Keypress: l
72.7105 	EXP 	Device response: <KeyPress from None: t=72.59288269999888, value=l, duration=0.11186939999970491>
73.0855 	EXP 	LDT_stim_text: autoDraw = True
73.0938 	EXP 	LDT_fix_text: autoDraw = False
73.8783 	EXP 	Device response: <KeyPress from None: t=73.87324679999801, value=l, duration=None>
73.8785 	EXP 	New trial (rep=0, index=32): <Trial 32 (32 in rep 0) data={'Task': 'LDT', 'TrialType': 'Target', 'Stimuli': 'fere', 'StimulusType': 'nonword', 'CorrectResponse': 'a', 'Trialnumb': 140, 'thisN': 32, 'thisTrialN': 32, 'thisRepN': 0}>
73.8863 	EXP 	LDT_fix_text: autoDraw = False
73.8863 	EXP 	LDT_stim_text: autoDraw = False
73.8863 	EXP 	LDT_break_text: autoDraw = False
73.8863 	EXP 	LDT_stim_text: height = np.float64(0.1)
73.8863 	EXP 	LDT_stim_text: height = np.float64(0.1)
73.8863 	EXP 	LDT_stim_text: height = np.float64(0.1)
73.8863 	EXP 	LDT_stim_text: text = 'fere'
73.8863 	EXP 	LDT_fix_text: autoDraw = True
73.8868 	DATA 	Keypress: l
73.9199 	EXP 	Device response: <KeyPress from None: t=73.87324679999801, value=l, duration=0.03937750000113738>
74.3701 	EXP 	LDT_stim_text: autoDraw = True
74.3784 	EXP 	LDT_fix_text: autoDraw = False
75.1796 	EXP 	Device response: <KeyPress from None: t=75.176959299999, value=a, duration=None>
75.1798 	EXP 	New trial (rep=0, index=33): <Trial 33 (33 in rep 0) data={'Task': 'LDT', 'TrialType': 'Target', 'Stimuli': 'toop', 'StimulusType': 'nonword', 'CorrectResponse': 'a', 'Trialnumb': 204, 'thisN': 33, 'thisTrialN': 33, 'thisRepN': 0}>
75.1876 	EXP 	LDT_fix_text: autoDraw = False
75.1876 	EXP 	LDT_stim_text: autoDraw = False
75.1876 	EXP 	LDT_break_text: autoDraw = False
75.1876 	EXP 	LDT_stim_text: height = np.float64(0.1)
75.1876 	EXP 	LDT_stim_text: height = np.float64(0.1)
75.1876 	EXP 	LDT_stim_text: height = np.float64(0.1)
75.1876 	EXP 	LDT_stim_text: text = 'toop'
75.1876 	EXP 	LDT_fix_text: autoDraw = True
75.1881 	DATA 	Keypress: a
75.2797 	EXP 	Device response: <KeyPress from None: t=75.176959299999, value=a, duration=0.09694799999851966>
75.6714 	EXP 	LDT_stim_text: autoDraw = True
75.6797 	EXP 	LDT_fix_text: autoDraw = False
76.2140 	EXP 	Device response: <KeyPress from None: t=76.20861519999744, value=a, duration=None>
76.2142 	EXP 	New trial (rep=0, index=34): <Trial 34 (34 in rep 0) data={'Task': 'LDT', 'TrialType': 'Target', 'Stimuli': 'sad', 'StimulusType': 'word', 'CorrectResponse': 'l', 'Trialnumb': 69, 'thisN': 34, 'thisTrialN': 34, 'thisRepN': 0}>
76.2219 	EXP 	LDT_fix_text: autoDraw = False
76.2219 	EXP 	LDT_stim_text: autoDraw = False
76.2219 	EXP 	LDT_break_text: autoDraw = False
76.2219 	EXP 	LDT_stim_text: height = np.float64(0.1)
76.2219 	EXP 	LDT_stim_text: height = np.float64(0.1)
76.2219 	EXP 	LDT_stim_text: height = np.float64(0.1)
76.2219 	EXP 	LDT_stim_text: text = 'sad'
76.2219 	EXP 	LDT_fix_text: autoDraw = True
76.2225 	DATA 	Keypress: a
76.3140 	EXP 	Device response: <KeyPress from None: t=76.20861519999744, value=a, duration=0.10437910000109696>
76.7058 	EXP 	LDT_stim_text: autoDraw = True
76.7141 	EXP 	LDT_fix_text: autoDraw = False
77.4820 	EXP 	Device response: <KeyPress from None: t=77.48145399999703, value=l, duration=None>
77.4823 	EXP 	New trial (rep=0, index=35): <Trial 35 (35 in rep 0) data={'Task': 'LDT', 'TrialType': 'Target', 'Stimuli': 'group', 'StimulusType': 'word', 'CorrectResponse': 'l', 'Trialnumb': 20, 'thisN': 35, 'thisTrialN': 35, 'thisRepN': 0}>
77.4899 	EXP 	LDT_fix_text: autoDraw = False
77.4899 	EXP 	LDT_stim_text: autoDraw = False
77.4899 	EXP 	LDT_break_text: autoDraw = False
77.4899 	EXP 	LDT_stim_text: height = np.float64(0.1)
77.4899 	EXP 	LDT_stim_text: height = np.float64(0.1)
77.4899 	EXP 	LDT_stim_text: height = np.float64(0.1)
77.4899 	EXP 	LDT_stim_text: text = 'group'
77.4899 	EXP 	LDT_fix_text: autoDraw = True
77.4904 	DATA 	Keypress: l
77.5402 	EXP 	Device response: <KeyPress from None: t=77.48145399999703, value=l, duration=0.05524599999989732>
77.9737 	EXP 	LDT_stim_text: autoDraw = True
77.9821 	EXP 	LDT_fix_text: autoDraw = False
78.5579 	EXP 	Device response: <KeyPress from None: t=78.55269259999841, value=l, duration=None>
78.5582 	EXP 	New trial (rep=0, index=36): <Trial 36 (36 in rep 0) data={'Task': 'LDT', 'TrialType': 'Target', 'Stimuli': 'kear', 'StimulusType': 'nonword', 'CorrectResponse': 'a', 'Trialnumb': 163, 'thisN': 36, 'thisTrialN': 36, 'thisRepN': 0}>
78.5659 	EXP 	LDT_fix_text: autoDraw = False
78.5659 	EXP 	LDT_stim_text: autoDraw = False
78.5659 	EXP 	LDT_break_text: autoDraw = False
78.5659 	EXP 	LDT_stim_text: height = np.float64(0.1)
78.5659 	EXP 	LDT_stim_text: height = np.float64(0.1)
78.5659 	EXP 	LDT_stim_text: height = np.float64(0.1)
78.5659 	EXP 	LDT_stim_text: text = 'kear'
78.5659 	EXP 	LDT_fix_text: autoDraw = True
78.5665 	DATA 	Keypress: l
78.6330 	EXP 	Device response: <KeyPress from None: t=78.55269259999841, value=l, duration=0.07989699999961886>
79.0497 	EXP 	LDT_stim_text: autoDraw = True
79.0581 	EXP 	LDT_fix_text: autoDraw = False
79.8342 	EXP 	Device response: <KeyPress from None: t=79.83298579999973, value=a, duration=None>
79.8344 	EXP 	New trial (rep=0, index=37): <Trial 37 (37 in rep 0) data={'Task': 'LDT', 'TrialType': 'Target', 'Stimuli': 'high', 'StimulusType': 'word', 'CorrectResponse': 'l', 'Trialnumb': 16, 'thisN': 37, 'thisTrialN': 37, 'thisRepN': 0}>
79.8422 	EXP 	LDT_fix_text: autoDraw = False
79.8422 	EXP 	LDT_stim_text: autoDraw = False
79.8422 	EXP 	LDT_break_text: autoDraw = False
79.8422 	EXP 	LDT_stim_text: height = np.float64(0.1)
79.8422 	EXP 	LDT_stim_text: height = np.float64(0.1)
79.8422 	EXP 	LDT_stim_text: height = np.float64(0.1)
79.8422 	EXP 	LDT_stim_text: text = 'high'
79.8422 	EXP 	LDT_fix_text: autoDraw = True
79.8427 	DATA 	Keypress: a
79.9175 	EXP 	Device response: <KeyPress from None: t=79.83298579999973, value=a, duration=0.07984029999715858>
80.3260 	EXP 	LDT_stim_text: autoDraw = True
80.3343 	EXP 	LDT_fix_text: autoDraw = False
80.8185 	EXP 	Device response: <KeyPress from None: t=80.81635809999716, value=l, duration=None>
80.8187 	EXP 	New trial (rep=0, index=38): <Trial 38 (38 in rep 0) data={'Task': 'LDT', 'TrialType': 'Target', 'Stimuli': 'bint', 'StimulusType': 'nonword', 'CorrectResponse': 'a', 'Trialnumb': 122, 'thisN': 38, 'thisTrialN': 38, 'thisRepN': 0}>
80.8267 	EXP 	LDT_fix_text: autoDraw = False
80.8267 	EXP 	LDT_stim_text: autoDraw = False
80.8267 	EXP 	LDT_break_text: autoDraw = False
80.8267 	EXP 	LDT_stim_text: height = np.float64(0.1)
80.8267 	EXP 	LDT_stim_text: height = np.float64(0.1)
80.8267 	EXP 	LDT_stim_text: height = np.float64(0.1)
80.8267 	EXP 	LDT_stim_text: text = 'bint'
80.8267 	EXP 	LDT_fix_text: autoDraw = True
80.8273 	DATA 	Keypress: l
80.9102 	EXP 	Device response: <KeyPress from None: t=80.81635809999716, value=l, duration=0.08844479999970645>
81.3103 	EXP 	LDT_stim_text: autoDraw = True
81.3187 	EXP 	LDT_fix_text: autoDraw = False
81.9448 	EXP 	Device response: <KeyPress from None: t=81.94449339999846, value=a, duration=None>
81.9450 	EXP 	New trial (rep=0, index=39): <Trial 39 (39 in rep 0) data={'Task': 'LDT', 'TrialType': 'Target', 'Stimuli': 'gali', 'StimulusType': 'nonword', 'CorrectResponse': 'a', 'Trialnumb': 113, 'thisN': 39, 'thisTrialN': 39, 'thisRepN': 0}>
81.9526 	EXP 	LDT_fix_text: autoDraw = False
81.9526 	EXP 	LDT_stim_text: autoDraw = False
81.9526 	EXP 	LDT_break_text: autoDraw = False
81.9526 	EXP 	LDT_stim_text: height = np.float64(0.1)
81.9526 	EXP 	LDT_stim_text: height = np.float64(0.1)
81.9526 	EXP 	LDT_stim_text: height = np.float64(0.1)
81.9526 	EXP 	LDT_stim_text: text = 'gali'
81.9526 	EXP 	LDT_fix_text: autoDraw = True
81.9532 	DATA 	Keypress: a
82.0364 	EXP 	Device response: <KeyPress from None: t=81.94449339999846, value=a, duration=0.08961179999823798>
82.4364 	EXP 	LDT_stim_text: autoDraw = True
82.4448 	EXP 	LDT_fix_text: autoDraw = False
83.2542 	EXP 	Device response: <KeyPress from None: t=83.2497736999976, value=a, duration=None>
83.2545 	EXP 	New trial (rep=0, index=40): <Trial 40 (40 in rep 0) data={'Task': 'LDT', 'TrialType': 'Target', 'Stimuli': 'week', 'StimulusType': 'word', 'CorrectResponse': 'l', 'Trialnumb': 28, 'thisN': 40, 'thisTrialN': 40, 'thisRepN': 0}>
83.2623 	EXP 	LDT_fix_text: autoDraw = False
83.2623 	EXP 	LDT_stim_text: autoDraw = False
83.2623 	EXP 	LDT_break_text: autoDraw = False
83.2623 	EXP 	LDT_stim_text: height = np.float64(0.1)
83.2623 	EXP 	LDT_stim_text: height = np.float64(0.1)
83.2623 	EXP 	LDT_stim_text: height = np.float64(0.1)
83.2623 	EXP 	LDT_stim_text: text = 'week'
83.2623 	EXP 	LDT_fix_text: autoDraw = True
83.2628 	DATA 	Keypress: a
83.3710 	EXP 	Device response: <KeyPress from None: t=83.2497736999976, value=a, duration=0.11942719999933615>
83.7461 	EXP 	LDT_stim_text: autoDraw = True
83.7544 	EXP 	LDT_fix_text: autoDraw = False
84.4804 	EXP 	Device response: <KeyPress from None: t=84.47274529999777, value=l, duration=None>
84.4806 	EXP 	New trial (rep=0, index=41): <Trial 41 (41 in rep 0) data={'Task': 'LDT', 'TrialType': 'Target', 'Stimuli': 'jite', 'StimulusType': 'nonword', 'CorrectResponse': 'a', 'Trialnumb': 160, 'thisN': 41, 'thisTrialN': 41, 'thisRepN': 0}>
84.4885 	EXP 	LDT_fix_text: autoDraw = False
84.4885 	EXP 	LDT_stim_text: autoDraw = False
84.4885 	EXP 	LDT_break_text: autoDraw = False
84.4885 	EXP 	LDT_stim_text: height = np.float64(0.1)
84.4885 	EXP 	LDT_stim_text: height = np.float64(0.1)
84.4885 	EXP 	LDT_stim_text: height = np.float64(0.1)
84.4885 	EXP 	LDT_stim_text: text = 'jite'
84.4885 	EXP 	LDT_fix_text: autoDraw = True
84.4890 	DATA 	Keypress: l
84.6138 	EXP 	Device response: <KeyPress from None: t=84.47274529999777, value=l, duration=0.135789100000693>
84.9723 	EXP 	LDT_stim_text: autoDraw = True
84.9806 	EXP 	LDT_fix_text: autoDraw = False
85.6149 	EXP 	Device response: <KeyPress from None: t=85.61022029999731, value=a, duration=None>
85.6151 	EXP 	New trial (rep=0, index=42): <Trial 42 (42 in rep 0) data={'Task': 'LDT', 'TrialType': 'Target', 'Stimuli': 'gray', 'StimulusType': 'word', 'CorrectResponse': 'l', 'Trialnumb': 98, 'thisN': 42, 'thisTrialN': 42, 'thisRepN': 0}>
85.6229 	EXP 	LDT_fix_text: autoDraw = False
85.6229 	EXP 	LDT_stim_text: autoDraw = False
85.6229 	EXP 	LDT_break_text: autoDraw = False
85.6229 	EXP 	LDT_stim_text: height = np.float64(0.1)
85.6229 	EXP 	LDT_stim_text: height = np.float64(0.1)
85.6229 	EXP 	LDT_stim_text: height = np.float64(0.1)
85.6229 	EXP 	LDT_stim_text: text = 'gray'
85.6229 	EXP 	LDT_fix_text: autoDraw = True
85.6236 	DATA 	Keypress: a
85.7483 	EXP 	Device response: <KeyPress from None: t=85.61022029999731, value=a, duration=0.13477749999947264>
86.1067 	EXP 	LDT_stim_text: autoDraw = True
86.1152 	EXP 	LDT_fix_text: autoDraw = False
87.2999 	EXP 	Device response: <KeyPress from None: t=87.29683049999949, value=l, duration=None>
87.3001 	EXP 	New trial (rep=0, index=43): <Trial 43 (43 in rep 0) data={'Task': 'LDT', 'TrialType': 'Target', 'Stimuli': 'mears', 'StimulusType': 'nonword', 'CorrectResponse': 'a', 'Trialnumb': 172, 'thisN': 43, 'thisTrialN': 43, 'thisRepN': 0}>
87.3079 	EXP 	LDT_fix_text: autoDraw = False
87.3079 	EXP 	LDT_stim_text: autoDraw = False
87.3079 	EXP 	LDT_break_text: autoDraw = False
87.3079 	EXP 	LDT_stim_text: height = np.float64(0.1)
87.3079 	EXP 	LDT_stim_text: height = np.float64(0.1)
87.3079 	EXP 	LDT_stim_text: height = np.float64(0.1)
87.3079 	EXP 	LDT_stim_text: text = 'mears'
87.3079 	EXP 	LDT_fix_text: autoDraw = True
87.3085 	DATA 	Keypress: l
87.4000 	EXP 	Device response: <KeyPress from None: t=87.29683049999949, value=l, duration=0.09637060000022757>
87.7918 	EXP 	LDT_stim_text: autoDraw = True
87.8001 	EXP 	LDT_fix_text: autoDraw = False
89.1351 	EXP 	Device response: <KeyPress from None: t=89.12902519999989, value=a, duration=None>
89.1353 	EXP 	New trial (rep=0, index=44): <Trial 44 (44 in rep 0) data={'Task': 'LDT', 'TrialType': 'Target', 'Stimuli': 'trin', 'StimulusType': 'nonword', 'CorrectResponse': 'a', 'Trialnumb': 207, 'thisN': 44, 'thisTrialN': 44, 'thisRepN': 0}>
89.1431 	EXP 	LDT_fix_text: autoDraw = False
89.1431 	EXP 	LDT_stim_text: autoDraw = False
89.1431 	EXP 	LDT_break_text: autoDraw = False
89.1431 	EXP 	LDT_stim_text: height = np.float64(0.1)
89.1431 	EXP 	LDT_stim_text: height = np.float64(0.1)
89.1431 	EXP 	LDT_stim_text: height = np.float64(0.1)
89.1431 	EXP 	LDT_stim_text: text = 'trin'
89.1431 	EXP 	LDT_fix_text: autoDraw = True
89.1436 	DATA 	Keypress: a
89.2186 	EXP 	Device response: <KeyPress from None: t=89.12902519999989, value=a, duration=0.08803159999661148>
89.6269 	EXP 	LDT_stim_text: autoDraw = True
89.6353 	EXP 	LDT_fix_text: autoDraw = False
90.3279 	EXP 	Device response: <KeyPress from None: t=90.32131909999953, value=a, duration=None>
90.3282 	EXP 	New trial (rep=0, index=45): <Trial 45 (45 in rep 0) data={'Task': 'LDT', 'TrialType': 'Target', 'Stimuli': 'data', 'StimulusType': 'word', 'CorrectResponse': 'l', 'Trialnumb': 41, 'thisN': 45, 'thisTrialN': 45, 'thisRepN': 0}>
90.3360 	EXP 	LDT_fix_text: autoDraw = False
90.3360 	EXP 	LDT_stim_text: autoDraw = False
90.3360 	EXP 	LDT_break_text: autoDraw = False
90.3360 	EXP 	LDT_stim_text: height = np.float64(0.1)
90.3360 	EXP 	LDT_stim_text: height = np.float64(0.1)
90.3360 	EXP 	LDT_stim_text: height = np.float64(0.1)
90.3360 	EXP 	LDT_stim_text: text = 'data'
90.3360 	EXP 	LDT_fix_text: autoDraw = True
90.3366 	DATA 	Keypress: a
90.4447 	EXP 	Device response: <KeyPress from None: t=90.32131909999953, value=a, duration=0.12072780000016792>
90.8198 	EXP 	LDT_stim_text: autoDraw = True
90.8281 	EXP 	LDT_fix_text: autoDraw = False
91.5041 	EXP 	Device response: <KeyPress from None: t=91.49703359999694, value=l, duration=None>
91.5044 	EXP 	New trial (rep=0, index=46): <Trial 46 (46 in rep 0) data={'Task': 'LDT', 'TrialType': 'Target', 'Stimuli': 'water', 'StimulusType': 'word', 'CorrectResponse': 'l', 'Trialnumb': 3, 'thisN': 46, 'thisTrialN': 46, 'thisRepN': 0}>
91.5121 	EXP 	LDT_fix_text: autoDraw = False
91.5121 	EXP 	LDT_stim_text: autoDraw = False
91.5121 	EXP 	LDT_break_text: autoDraw = False
91.5121 	EXP 	LDT_stim_text: height = np.float64(0.1)
91.5121 	EXP 	LDT_stim_text: height = np.float64(0.1)
91.5121 	EXP 	LDT_stim_text: height = np.float64(0.1)
91.5121 	EXP 	LDT_stim_text: text = 'water'
91.5121 	EXP 	LDT_fix_text: autoDraw = True
91.5127 	DATA 	Keypress: l
91.6293 	EXP 	Device response: <KeyPress from None: t=91.49703359999694, value=l, duration=0.12787260000186507>
91.9959 	EXP 	LDT_stim_text: autoDraw = True
92.0043 	EXP 	LDT_fix_text: autoDraw = False
92.6385 	EXP 	Device response: <KeyPress from None: t=92.63315139999759, value=l, duration=None>
92.6387 	EXP 	New trial (rep=0, index=47): <Trial 47 (47 in rep 0) data={'Task': 'LDT', 'TrialType': 'Target', 'Stimuli': 'pook', 'StimulusType': 'nonword', 'CorrectResponse': 'a', 'Trialnumb': 182, 'thisN': 47, 'thisTrialN': 47, 'thisRepN': 0}>
92.6466 	EXP 	LDT_fix_text: autoDraw = False
92.6466 	EXP 	LDT_stim_text: autoDraw = False
92.6466 	EXP 	LDT_break_text: autoDraw = False
92.6466 	EXP 	LDT_stim_text: height = np.float64(0.1)
92.6466 	EXP 	LDT_stim_text: height = np.float64(0.1)
92.6466 	EXP 	LDT_stim_text: height = np.float64(0.1)
92.6466 	EXP 	LDT_stim_text: text = 'pook'
92.6466 	EXP 	LDT_fix_text: autoDraw = True
92.6471 	DATA 	Keypress: l
92.7804 	EXP 	Device response: <KeyPress from None: t=92.63315139999759, value=l, duration=0.1436055000012857>
93.1304 	EXP 	LDT_stim_text: autoDraw = True
93.1387 	EXP 	LDT_fix_text: autoDraw = False
93.7146 	EXP 	Device response: <KeyPress from None: t=93.71310569999696, value=a, duration=None>
93.7148 	EXP 	New trial (rep=0, index=48): <Trial 48 (48 in rep 0) data={'Task': 'LDT', 'TrialType': 'Target', 'Stimuli': 'stap', 'StimulusType': 'nonword', 'CorrectResponse': 'a', 'Trialnumb': 199, 'thisN': 48, 'thisTrialN': 48, 'thisRepN': 0}>
93.7226 	EXP 	LDT_fix_text: autoDraw = False
93.7226 	EXP 	LDT_stim_text: autoDraw = False
93.7226 	EXP 	LDT_break_text: autoDraw = False
93.7226 	EXP 	LDT_stim_text: height = np.float64(0.1)
93.7226 	EXP 	LDT_stim_text: height = np.float64(0.1)
93.7226 	EXP 	LDT_stim_text: height = np.float64(0.1)
93.7226 	EXP 	LDT_stim_text: text = 'stap'
93.7226 	EXP 	LDT_fix_text: autoDraw = True
93.7232 	DATA 	Keypress: a
93.8148 	EXP 	Device response: <KeyPress from None: t=93.71310569999696, value=a, duration=0.09593870000026072>
94.2064 	EXP 	LDT_stim_text: autoDraw = True
94.2148 	EXP 	LDT_fix_text: autoDraw = False
94.8158 	EXP 	Device response: <KeyPress from None: t=94.80871209999896, value=a, duration=None>
94.8160 	EXP 	New trial (rep=0, index=49): <Trial 49 (49 in rep 0) data={'Task': 'LDT', 'TrialType': 'Target', 'Stimuli': 'strip', 'StimulusType': 'word', 'CorrectResponse': 'l', 'Trialnumb': 104, 'thisN': 49, 'thisTrialN': 49, 'thisRepN': 0}>
94.8237 	EXP 	LDT_fix_text: autoDraw = False
94.8237 	EXP 	LDT_stim_text: autoDraw = False
94.8237 	EXP 	LDT_break_text: autoDraw = False
94.8237 	EXP 	LDT_stim_text: height = np.float64(0.1)
94.8237 	EXP 	LDT_stim_text: height = np.float64(0.1)
94.8237 	EXP 	LDT_stim_text: height = np.float64(0.1)
94.8237 	EXP 	LDT_stim_text: text = 'strip'
94.8237 	EXP 	LDT_fix_text: autoDraw = True
94.8242 	DATA 	Keypress: a
94.8657 	EXP 	Device response: <KeyPress from None: t=94.80871209999896, value=a, duration=0.05568850000054226>
95.3076 	EXP 	LDT_stim_text: autoDraw = True
95.3159 	EXP 	LDT_fix_text: autoDraw = False
95.8834 	EXP 	Device response: <KeyPress from None: t=95.88208529999974, value=l, duration=None>
95.8837 	EXP 	New trial (rep=0, index=50): <Trial 50 (50 in rep 0) data={'Task': 'LDT', 'TrialType': 'Target', 'Stimuli': 'gips', 'StimulusType': 'nonword', 'CorrectResponse': 'a', 'Trialnumb': 147, 'thisN': 50, 'thisTrialN': 50, 'thisRepN': 0}>
95.8914 	EXP 	LDT_fix_text: autoDraw = False
95.8914 	EXP 	LDT_stim_text: autoDraw = False
95.8914 	EXP 	LDT_break_text: autoDraw = False
95.8914 	EXP 	LDT_stim_text: height = np.float64(0.1)
95.8914 	EXP 	LDT_stim_text: height = np.float64(0.1)
95.8914 	EXP 	LDT_stim_text: height = np.float64(0.1)
95.8914 	EXP 	LDT_stim_text: text = 'gips'
95.8914 	EXP 	LDT_fix_text: autoDraw = True
95.8920 	DATA 	Keypress: l
95.9752 	EXP 	Device response: <KeyPress from None: t=95.88208529999974, value=l, duration=0.0874069999990752>
96.3753 	EXP 	LDT_stim_text: autoDraw = True
96.3836 	EXP 	LDT_fix_text: autoDraw = False
96.9178 	EXP 	Device response: <KeyPress from None: t=96.91246389999651, value=a, duration=None>
96.9180 	EXP 	New trial (rep=0, index=51): <Trial 51 (51 in rep 0) data={'Task': 'LDT', 'TrialType': 'Target', 'Stimuli': 'yeep', 'StimulusType': 'nonword', 'CorrectResponse': 'a', 'Trialnumb': 219, 'thisN': 51, 'thisTrialN': 51, 'thisRepN': 0}>
96.9258 	EXP 	LDT_fix_text: autoDraw = False
96.9258 	EXP 	LDT_stim_text: autoDraw = False
96.9258 	EXP 	LDT_break_text: autoDraw = False
96.9258 	EXP 	LDT_stim_text: height = np.float64(0.1)
96.9258 	EXP 	LDT_stim_text: height = np.float64(0.1)
96.9258 	EXP 	LDT_stim_text: height = np.float64(0.1)
96.9258 	EXP 	LDT_stim_text: text = 'yeep'
96.9258 	EXP 	LDT_fix_text: autoDraw = True
96.9264 	DATA 	Keypress: a
97.0013 	EXP 	Device response: <KeyPress from None: t=96.91246389999651, value=a, duration=0.08118840000315686>
97.4096 	EXP 	LDT_stim_text: autoDraw = True
97.4180 	EXP 	LDT_fix_text: autoDraw = False
97.9604 	EXP 	Device response: <KeyPress from None: t=97.95309179999822, value=a, duration=None>
97.9607 	EXP 	New trial (rep=0, index=52): <Trial 52 (52 in rep 0) data={'Task': 'LDT', 'TrialType': 'Target', 'Stimuli': 'zall', 'StimulusType': 'nonword', 'CorrectResponse': 'a', 'Trialnumb': 221, 'thisN': 52, 'thisTrialN': 52, 'thisRepN': 0}>
97.9686 	EXP 	LDT_fix_text: autoDraw = False
97.9686 	EXP 	LDT_stim_text: autoDraw = False
97.9686 	EXP 	LDT_break_text: autoDraw = False
97.9686 	EXP 	LDT_stim_text: height = np.float64(0.1)
97.9686 	EXP 	LDT_stim_text: height = np.float64(0.1)
97.9686 	EXP 	LDT_stim_text: height = np.float64(0.1)
97.9686 	EXP 	LDT_stim_text: text = 'zall'
97.9686 	EXP 	LDT_fix_text: autoDraw = True
97.9692 	DATA 	Keypress: a
98.0022 	EXP 	Device response: <KeyPress from None: t=97.95309179999822, value=a, duration=0.047960100000636885>
98.4523 	EXP 	LDT_stim_text: autoDraw = True
98.4607 	EXP 	LDT_fix_text: autoDraw = False
98.9115 	EXP 	Device response: <KeyPress from None: t=98.90516469999784, value=a, duration=None>
98.9117 	EXP 	New trial (rep=0, index=53): <Trial 53 (53 in rep 0) data={'Task': 'LDT', 'TrialType': 'Target', 'Stimuli': 'war', 'StimulusType': 'word', 'CorrectResponse': 'l', 'Trialnumb': 55, 'thisN': 53, 'thisTrialN': 53, 'thisRepN': 0}>
98.9195 	EXP 	LDT_fix_text: autoDraw = False
98.9195 	EXP 	LDT_stim_text: autoDraw = False
98.9195 	EXP 	LDT_break_text: autoDraw = False
98.9195 	EXP 	LDT_stim_text: height = np.float64(0.1)
98.9195 	EXP 	LDT_stim_text: height = np.float64(0.1)
98.9195 	EXP 	LDT_stim_text: height = np.float64(0.1)
98.9195 	EXP 	LDT_stim_text: text = 'war'
98.9195 	EXP 	LDT_fix_text: autoDraw = True
98.9201 	DATA 	Keypress: a
98.9533 	EXP 	Device response: <KeyPress from None: t=98.90516469999784, value=a, duration=0.0404804999998305>
99.4033 	EXP 	LDT_stim_text: autoDraw = True
99.4116 	EXP 	LDT_fix_text: autoDraw = False
100.0459 	EXP 	Device response: <KeyPress from None: t=100.04087369999979, value=l, duration=None>
100.0461 	EXP 	New trial (rep=0, index=54): <Trial 54 (54 in rep 0) data={'Task': 'LDT', 'TrialType': 'Target', 'Stimuli': 'live', 'StimulusType': 'word', 'CorrectResponse': 'l', 'Trialnumb': 24, 'thisN': 54, 'thisTrialN': 54, 'thisRepN': 0}>
100.0540 	EXP 	LDT_fix_text: autoDraw = False
100.0540 	EXP 	LDT_stim_text: autoDraw = False
100.0540 	EXP 	LDT_break_text: autoDraw = False
100.0540 	EXP 	LDT_stim_text: height = np.float64(0.1)
100.0540 	EXP 	LDT_stim_text: height = np.float64(0.1)
100.0540 	EXP 	LDT_stim_text: height = np.float64(0.1)
100.0540 	EXP 	LDT_stim_text: text = 'live'
100.0540 	EXP 	LDT_fix_text: autoDraw = True
100.0545 	DATA 	Keypress: l
100.1294 	EXP 	Device response: <KeyPress from None: t=100.04087369999979, value=l, duration=0.08809109999856446>
100.5377 	EXP 	LDT_stim_text: autoDraw = True
100.5461 	EXP 	LDT_fix_text: autoDraw = False
101.6809 	EXP 	Device response: <KeyPress from None: t=101.68065729999944, value=l, duration=None>
101.6812 	EXP 	New trial (rep=0, index=55): <Trial 55 (55 in rep 0) data={'Task': 'LDT', 'TrialType': 'Target', 'Stimuli': 'jeed', 'StimulusType': 'nonword', 'CorrectResponse': 'a', 'Trialnumb': 158, 'thisN': 55, 'thisTrialN': 55, 'thisRepN': 0}>
101.6889 	EXP 	LDT_fix_text: autoDraw = False
101.6889 	EXP 	LDT_stim_text: autoDraw = False
101.6889 	EXP 	LDT_break_text: autoDraw = False
101.6889 	EXP 	LDT_stim_text: height = np.float64(0.1)
101.6889 	EXP 	LDT_stim_text: height = np.float64(0.1)
101.6889 	EXP 	LDT_stim_text: height = np.float64(0.1)
101.6889 	EXP 	LDT_stim_text: text = 'jeed'
101.6889 	EXP 	LDT_fix_text: autoDraw = True
101.6895 	DATA 	Keypress: l
101.7559 	EXP 	Device response: <KeyPress from None: t=101.68065729999944, value=l, duration=0.07330869999714196>
102.1727 	EXP 	LDT_stim_text: autoDraw = True
102.1810 	EXP 	LDT_fix_text: autoDraw = False
103.1406 	EXP 	Device response: <KeyPress from None: t=103.13665969999784, value=a, duration=None>
103.1409 	EXP 	New trial (rep=0, index=56): <Trial 56 (56 in rep 0) data={'Task': 'LDT', 'TrialType': 'Target', 'Stimuli': 'music', 'StimulusType': 'word', 'CorrectResponse': 'l', 'Trialnumb': 13, 'thisN': 56, 'thisTrialN': 56, 'thisRepN': 0}>
103.1487 	EXP 	LDT_fix_text: autoDraw = False
103.1487 	EXP 	LDT_stim_text: autoDraw = False
103.1487 	EXP 	LDT_break_text: autoDraw = False
103.1487 	EXP 	LDT_stim_text: height = np.float64(0.1)
103.1487 	EXP 	LDT_stim_text: height = np.float64(0.1)
103.1487 	EXP 	LDT_stim_text: height = np.float64(0.1)
103.1487 	EXP 	LDT_stim_text: text = 'music'
103.1487 	EXP 	LDT_fix_text: autoDraw = True
103.1492 	DATA 	Keypress: a
103.1991 	EXP 	Device response: <KeyPress from None: t=103.13665969999784, value=a, duration=0.05685269999958109>
103.6325 	EXP 	LDT_stim_text: autoDraw = True
103.6408 	EXP 	LDT_fix_text: autoDraw = False
104.1917 	EXP 	Device response: <KeyPress from None: t=104.1848121999974, value=l, duration=None>
104.1919 	EXP 	New trial (rep=0, index=57): <Trial 57 (57 in rep 0) data={'Task': 'LDT', 'TrialType': 'Target', 'Stimuli': 'serve', 'StimulusType': 'word', 'CorrectResponse': 'l', 'Trialnumb': 80, 'thisN': 57, 'thisTrialN': 57, 'thisRepN': 0}>
104.1997 	EXP 	LDT_fix_text: autoDraw = False
104.1997 	EXP 	LDT_stim_text: autoDraw = False
104.1997 	EXP 	LDT_break_text: autoDraw = False
104.1997 	EXP 	LDT_stim_text: height = np.float64(0.1)
104.1997 	EXP 	LDT_stim_text: height = np.float64(0.1)
104.1997 	EXP 	LDT_stim_text: height = np.float64(0.1)
104.1997 	EXP 	LDT_stim_text: text = 'serve'
104.1997 	EXP 	LDT_fix_text: autoDraw = True
104.2002 	DATA 	Keypress: l
104.2501 	EXP 	Device response: <KeyPress from None: t=104.1848121999974, value=l, duration=0.06362350000199513>
104.6835 	EXP 	LDT_stim_text: autoDraw = True
104.6919 	EXP 	LDT_fix_text: autoDraw = False
105.2678 	EXP 	Device response: <KeyPress from None: t=105.26486639999712, value=l, duration=None>
105.2680 	EXP 	New trial (rep=0, index=58): <Trial 58 (58 in rep 0) data={'Task': 'LDT', 'TrialType': 'Target', 'Stimuli': 'bond', 'StimulusType': 'word', 'CorrectResponse': 'l', 'Trialnumb': 87, 'thisN': 58, 'thisTrialN': 58, 'thisRepN': 0}>
105.2758 	EXP 	LDT_fix_text: autoDraw = False
105.2758 	EXP 	LDT_stim_text: autoDraw = False
105.2758 	EXP 	LDT_break_text: autoDraw = False
105.2758 	EXP 	LDT_stim_text: height = np.float64(0.1)
105.2758 	EXP 	LDT_stim_text: height = np.float64(0.1)
105.2758 	EXP 	LDT_stim_text: height = np.float64(0.1)
105.2758 	EXP 	LDT_stim_text: text = 'bond'
105.2758 	EXP 	LDT_fix_text: autoDraw = True
105.2763 	DATA 	Keypress: l
105.3344 	EXP 	Device response: <KeyPress from None: t=105.26486639999712, value=l, duration=0.06356470000173431>
105.7596 	EXP 	LDT_stim_text: autoDraw = True
105.7679 	EXP 	LDT_fix_text: autoDraw = False
106.1939 	EXP 	Device response: <KeyPress from None: t=106.19319729999916, value=l, duration=None>
106.1941 	EXP 	New trial (rep=0, index=59): <Trial 59 (59 in rep 0) data={'Task': 'LDT', 'TrialType': 'Target', 'Stimuli': 'chat', 'StimulusType': 'word', 'CorrectResponse': 'l', 'Trialnumb': 103, 'thisN': 59, 'thisTrialN': 59, 'thisRepN': 0}>
106.2017 	EXP 	LDT_fix_text: autoDraw = False
106.2017 	EXP 	LDT_stim_text: autoDraw = False
106.2017 	EXP 	LDT_break_text: autoDraw = False
106.2017 	EXP 	LDT_stim_text: height = np.float64(0.1)
106.2017 	EXP 	LDT_stim_text: height = np.float64(0.1)
106.2017 	EXP 	LDT_stim_text: height = np.float64(0.1)
106.2017 	EXP 	LDT_stim_text: text = 'chat'
106.2017 	EXP 	LDT_fix_text: autoDraw = True
106.2022 	DATA 	Keypress: l
106.2604 	EXP 	Device response: <KeyPress from None: t=106.19319729999916, value=l, duration=0.06367559999853256>
106.6855 	EXP 	LDT_stim_text: autoDraw = True
106.6939 	EXP 	LDT_fix_text: autoDraw = False
107.1613 	EXP 	Device response: <KeyPress from None: t=107.16050999999788, value=l, duration=None>
107.1615 	EXP 	New trial (rep=0, index=60): <Trial 60 (60 in rep 0) data={'Task': 'LDT', 'TrialType': 'Target', 'Stimuli': 'fall', 'StimulusType': 'word', 'CorrectResponse': 'l', 'Trialnumb': 62, 'thisN': 60, 'thisTrialN': 60, 'thisRepN': 0}>
107.1693 	EXP 	LDT_fix_text: autoDraw = False
107.1693 	EXP 	LDT_stim_text: autoDraw = False
107.1693 	EXP 	LDT_break_text: autoDraw = False
107.1693 	EXP 	LDT_stim_text: height = np.float64(0.1)
107.1693 	EXP 	LDT_stim_text: height = np.float64(0.1)
107.1693 	EXP 	LDT_stim_text: height = np.float64(0.1)
107.1693 	EXP 	LDT_stim_text: text = 'fall'
107.1693 	EXP 	LDT_fix_text: autoDraw = True
107.1699 	DATA 	Keypress: l
107.2615 	EXP 	Device response: <KeyPress from None: t=107.16050999999788, value=l, duration=0.09606999999959953>
107.6532 	EXP 	LDT_stim_text: autoDraw = True
107.6615 	EXP 	LDT_fix_text: autoDraw = False
108.1206 	EXP 	Device response: <KeyPress from None: t=108.11304529999688, value=l, duration=None>
108.1208 	EXP 	New trial (rep=0, index=61): <Trial 61 (61 in rep 0) data={'Task': 'LDT', 'TrialType': 'Target', 'Stimuli': 'hoal', 'StimulusType': 'nonword', 'CorrectResponse': 'a', 'Trialnumb': 154, 'thisN': 61, 'thisTrialN': 61, 'thisRepN': 0}>
108.1286 	EXP 	LDT_fix_text: autoDraw = False
108.1286 	EXP 	LDT_stim_text: autoDraw = False
108.1286 	EXP 	LDT_break_text: autoDraw = False
108.1286 	EXP 	LDT_stim_text: height = np.float64(0.1)
108.1286 	EXP 	LDT_stim_text: height = np.float64(0.1)
108.1286 	EXP 	LDT_stim_text: height = np.float64(0.1)
108.1286 	EXP 	LDT_stim_text: text = 'hoal'
108.1286 	EXP 	LDT_fix_text: autoDraw = True
108.1293 	DATA 	Keypress: l
108.1873 	EXP 	Device response: <KeyPress from None: t=108.11304529999688, value=l, duration=0.07193820000247797>
108.6124 	EXP 	LDT_stim_text: autoDraw = True
108.6208 	EXP 	LDT_fix_text: autoDraw = False
109.3801 	EXP 	Device response: <KeyPress from None: t=109.37661349999689, value=a, duration=None>
109.3803 	EXP 	New trial (rep=0, index=62): <Trial 62 (62 in rep 0) data={'Task': 'LDT', 'TrialType': 'Target', 'Stimuli': 'coss', 'StimulusType': 'nonword', 'CorrectResponse': 'a', 'Trialnumb': 133, 'thisN': 62, 'thisTrialN': 62, 'thisRepN': 0}>
109.3882 	EXP 	LDT_fix_text: autoDraw = False
109.3882 	EXP 	LDT_stim_text: autoDraw = False
109.3882 	EXP 	LDT_break_text: autoDraw = False
109.3882 	EXP 	LDT_stim_text: height = np.float64(0.1)
109.3882 	EXP 	LDT_stim_text: height = np.float64(0.1)
109.3882 	EXP 	LDT_stim_text: height = np.float64(0.1)
109.3882 	EXP 	LDT_stim_text: text = 'coss'
109.3882 	EXP 	LDT_fix_text: autoDraw = True
109.3887 	DATA 	Keypress: a
109.4886 	EXP 	Device response: <KeyPress from None: t=109.37661349999689, value=a, duration=0.10448730000280193>
109.8720 	EXP 	LDT_stim_text: autoDraw = True
109.8804 	EXP 	LDT_fix_text: autoDraw = False
110.5897 	EXP 	Device response: <KeyPress from None: t=110.58606569999756, value=a, duration=None>
110.5899 	EXP 	New trial (rep=0, index=63): <Trial 63 (63 in rep 0) data={'Task': 'LDT', 'TrialType': 'Target', 'Stimuli': 'unit', 'StimulusType': 'word', 'CorrectResponse': 'l', 'Trialnumb': 82, 'thisN': 63, 'thisTrialN': 63, 'thisRepN': 0}>
110.5979 	EXP 	LDT_fix_text: autoDraw = False
110.5979 	EXP 	LDT_stim_text: autoDraw = False
110.5979 	EXP 	LDT_break_text: autoDraw = False
110.5979 	EXP 	LDT_stim_text: height = np.float64(0.1)
110.5979 	EXP 	LDT_stim_text: height = np.float64(0.1)
110.5979 	EXP 	LDT_stim_text: height = np.float64(0.1)
110.5979 	EXP 	LDT_stim_text: text = 'unit'
110.5979 	EXP 	LDT_fix_text: autoDraw = True
110.5985 	DATA 	Keypress: a
110.6817 	EXP 	Device response: <KeyPress from None: t=110.58606569999756, value=a, duration=0.08804690000033588>
111.0815 	EXP 	LDT_stim_text: autoDraw = True
111.0899 	EXP 	LDT_fix_text: autoDraw = False
111.6658 	EXP 	Device response: <KeyPress from None: t=111.66439619999801, value=l, duration=None>
111.6660 	EXP 	New trial (rep=0, index=64): <Trial 64 (64 in rep 0) data={'Task': 'LDT', 'TrialType': 'Target', 'Stimuli': 'kang', 'StimulusType': 'nonword', 'CorrectResponse': 'a', 'Trialnumb': 162, 'thisN': 64, 'thisTrialN': 64, 'thisRepN': 0}>
111.6738 	EXP 	LDT_fix_text: autoDraw = False
111.6738 	EXP 	LDT_stim_text: autoDraw = False
111.6738 	EXP 	LDT_break_text: autoDraw = False
111.6738 	EXP 	LDT_stim_text: height = np.float64(0.1)
111.6738 	EXP 	LDT_stim_text: height = np.float64(0.1)
111.6738 	EXP 	LDT_stim_text: height = np.float64(0.1)
111.6738 	EXP 	LDT_stim_text: text = 'kang'
111.6738 	EXP 	LDT_fix_text: autoDraw = True
111.6743 	DATA 	Keypress: l
111.7408 	EXP 	Device response: <KeyPress from None: t=111.66439619999801, value=l, duration=0.07211140000072191>
112.1576 	EXP 	LDT_stim_text: autoDraw = True
112.1660 	EXP 	LDT_fix_text: autoDraw = False
112.8588 	EXP 	Device response: <KeyPress from None: t=112.85740619999706, value=a, duration=None>
112.8590 	EXP 	New trial (rep=0, index=65): <Trial 65 (65 in rep 0) data={'Task': 'LDT', 'TrialType': 'Target', 'Stimuli': 'few', 'StimulusType': 'word', 'CorrectResponse': 'l', 'Trialnumb': 18, 'thisN': 65, 'thisTrialN': 65, 'thisRepN': 0}>
112.8666 	EXP 	LDT_fix_text: autoDraw = False
112.8666 	EXP 	LDT_stim_text: autoDraw = False
112.8666 	EXP 	LDT_break_text: autoDraw = False
112.8666 	EXP 	LDT_stim_text: height = np.float64(0.1)
112.8666 	EXP 	LDT_stim_text: height = np.float64(0.1)
112.8666 	EXP 	LDT_stim_text: height = np.float64(0.1)
112.8666 	EXP 	LDT_stim_text: text = 'few'
112.8666 	EXP 	LDT_fix_text: autoDraw = True
112.8672 	DATA 	Keypress: a
112.9420 	EXP 	Device response: <KeyPress from None: t=112.85740619999706, value=a, duration=0.08047910000095726>
113.3505 	EXP 	LDT_stim_text: autoDraw = True
113.3588 	EXP 	LDT_fix_text: autoDraw = False
114.0265 	EXP 	Device response: <KeyPress from None: t=114.02540499999668, value=l, duration=None>
114.0267 	EXP 	New trial (rep=0, index=66): <Trial 66 (66 in rep 0) data={'Task': 'LDT', 'TrialType': 'Target', 'Stimuli': 'cled', 'StimulusType': 'nonword', 'CorrectResponse': 'a', 'Trialnumb': 130, 'thisN': 66, 'thisTrialN': 66, 'thisRepN': 0}>
114.0345 	EXP 	LDT_fix_text: autoDraw = False
114.0345 	EXP 	LDT_stim_text: autoDraw = False
114.0345 	EXP 	LDT_break_text: autoDraw = False
114.0345 	EXP 	LDT_stim_text: height = np.float64(0.1)
114.0345 	EXP 	LDT_stim_text: height = np.float64(0.1)
114.0345 	EXP 	LDT_stim_text: height = np.float64(0.1)
114.0345 	EXP 	LDT_stim_text: text = 'cled'
114.0345 	EXP 	LDT_fix_text: autoDraw = True
114.0351 	DATA 	Keypress: l
114.1015 	EXP 	Device response: <KeyPress from None: t=114.02540499999668, value=l, duration=0.07181020000280114>
114.5183 	EXP 	LDT_stim_text: autoDraw = True
114.5266 	EXP 	LDT_fix_text: autoDraw = False
115.1692 	EXP 	Device response: <KeyPress from None: t=115.16193219999695, value=a, duration=None>
115.1694 	EXP 	New trial (rep=0, index=67): <Trial 67 (67 in rep 0) data={'Task': 'LDT', 'TrialType': 'Target', 'Stimuli': 'trip', 'StimulusType': 'word', 'CorrectResponse': 'l', 'Trialnumb': 35, 'thisN': 67, 'thisTrialN': 67, 'thisRepN': 0}>
115.1773 	EXP 	LDT_fix_text: autoDraw = False
115.1773 	EXP 	LDT_stim_text: autoDraw = False
115.1773 	EXP 	LDT_break_text: autoDraw = False
115.1773 	EXP 	LDT_stim_text: height = np.float64(0.1)
115.1773 	EXP 	LDT_stim_text: height = np.float64(0.1)
115.1773 	EXP 	LDT_stim_text: height = np.float64(0.1)
115.1773 	EXP 	LDT_stim_text: text = 'trip'
115.1773 	EXP 	LDT_fix_text: autoDraw = True
115.1778 	DATA 	Keypress: a
115.2444 	EXP 	Device response: <KeyPress from None: t=115.16193219999695, value=a, duration=0.07866740000099526>
115.6611 	EXP 	LDT_stim_text: autoDraw = True
115.6694 	EXP 	LDT_fix_text: autoDraw = False
116.3037 	EXP 	Device response: <KeyPress from None: t=116.29706139999689, value=l, duration=None>
116.3039 	EXP 	New trial (rep=0, index=68): <Trial 68 (68 in rep 0) data={'Task': 'LDT', 'TrialType': 'Target', 'Stimuli': 'yine', 'StimulusType': 'nonword', 'CorrectResponse': 'a', 'Trialnumb': 220, 'thisN': 68, 'thisTrialN': 68, 'thisRepN': 0}>
116.3117 	EXP 	LDT_fix_text: autoDraw = False
116.3117 	EXP 	LDT_stim_text: autoDraw = False
116.3117 	EXP 	LDT_break_text: autoDraw = False
116.3117 	EXP 	LDT_stim_text: height = np.float64(0.1)
116.3117 	EXP 	LDT_stim_text: height = np.float64(0.1)
116.3117 	EXP 	LDT_stim_text: height = np.float64(0.1)
116.3117 	EXP 	LDT_stim_text: text = 'yine'
116.3117 	EXP 	LDT_fix_text: autoDraw = True
116.3123 	DATA 	Keypress: l
116.3870 	EXP 	Device response: <KeyPress from None: t=116.29706139999689, value=l, duration=0.08815710000271793>
116.7955 	EXP 	LDT_stim_text: autoDraw = True
116.8039 	EXP 	LDT_fix_text: autoDraw = False
117.5049 	EXP 	Device response: <KeyPress from None: t=117.50427749999653, value=a, duration=None>
117.5051 	EXP 	New trial (rep=0, index=69): <Trial 69 (69 in rep 0) data={'Task': 'LDT', 'TrialType': 'Target', 'Stimuli': 'area', 'StimulusType': 'word', 'CorrectResponse': 'l', 'Trialnumb': 49, 'thisN': 69, 'thisTrialN': 69, 'thisRepN': 0}>
117.5129 	EXP 	LDT_fix_text: autoDraw = False
117.5129 	EXP 	LDT_stim_text: autoDraw = False
117.5129 	EXP 	LDT_break_text: autoDraw = False
117.5129 	EXP 	LDT_stim_text: height = np.float64(0.1)
117.5129 	EXP 	LDT_stim_text: height = np.float64(0.1)
117.5129 	EXP 	LDT_stim_text: height = np.float64(0.1)
117.5129 	EXP 	LDT_stim_text: text = 'area'
117.5129 	EXP 	LDT_fix_text: autoDraw = True
117.5135 	DATA 	Keypress: a
117.5967 	EXP 	Device response: <KeyPress from None: t=117.50427749999653, value=a, duration=0.08933820000311243>
117.9967 	EXP 	LDT_stim_text: autoDraw = True
118.0051 	EXP 	LDT_fix_text: autoDraw = False
118.6811 	EXP 	Device response: <KeyPress from None: t=118.67304719999811, value=l, duration=None>
118.6813 	EXP 	New trial (rep=0, index=70): <Trial 70 (70 in rep 0) data={'Task': 'LDT', 'TrialType': 'Target', 'Stimuli': 'gead', 'StimulusType': 'nonword', 'CorrectResponse': 'a', 'Trialnumb': 145, 'thisN': 70, 'thisTrialN': 70, 'thisRepN': 0}>
118.6891 	EXP 	LDT_fix_text: autoDraw = False
118.6891 	EXP 	LDT_stim_text: autoDraw = False
118.6891 	EXP 	LDT_break_text: autoDraw = False
118.6891 	EXP 	LDT_stim_text: height = np.float64(0.1)
118.6891 	EXP 	LDT_stim_text: height = np.float64(0.1)
118.6891 	EXP 	LDT_stim_text: height = np.float64(0.1)
118.6891 	EXP 	LDT_stim_text: text = 'gead'
118.6891 	EXP 	LDT_fix_text: autoDraw = True
118.6897 	DATA 	Keypress: l
118.7812 	EXP 	Device response: <KeyPress from None: t=118.67304719999811, value=l, duration=0.10454269999900134>
119.1729 	EXP 	LDT_stim_text: autoDraw = True
119.1813 	EXP 	LDT_fix_text: autoDraw = False
119.9490 	EXP 	Device response: <KeyPress from None: t=119.94515799999863, value=a, duration=None>
119.9493 	EXP 	New trial (rep=0, index=71): <Trial 71 (71 in rep 0) data={'Task': 'LDT', 'TrialType': 'Target', 'Stimuli': 'seon', 'StimulusType': 'nonword', 'CorrectResponse': 'a', 'Trialnumb': 189, 'thisN': 71, 'thisTrialN': 71, 'thisRepN': 0}>
119.9570 	EXP 	LDT_fix_text: autoDraw = False
119.9570 	EXP 	LDT_stim_text: autoDraw = False
119.9570 	EXP 	LDT_break_text: autoDraw = False
119.9570 	EXP 	LDT_stim_text: height = np.float64(0.1)
119.9570 	EXP 	LDT_stim_text: height = np.float64(0.1)
119.9570 	EXP 	LDT_stim_text: height = np.float64(0.1)
119.9570 	EXP 	LDT_stim_text: text = 'seon'
119.9570 	EXP 	LDT_fix_text: autoDraw = True
119.9576 	DATA 	Keypress: a
120.0574 	EXP 	Device response: <KeyPress from None: t=119.94515799999863, value=a, duration=0.1117658000002848>
120.4408 	EXP 	LDT_stim_text: autoDraw = True
120.4492 	EXP 	LDT_fix_text: autoDraw = False
121.3753 	EXP 	Device response: <KeyPress from None: t=121.36836069999845, value=a, duration=None>
121.3756 	EXP 	New trial (rep=0, index=72): <Trial 72 (72 in rep 0) data={'Task': 'LDT', 'TrialType': 'Target', 'Stimuli': 'sell', 'StimulusType': 'word', 'CorrectResponse': 'l', 'Trialnumb': 65, 'thisN': 72, 'thisTrialN': 72, 'thisRepN': 0}>
121.3835 	EXP 	LDT_fix_text: autoDraw = False
121.3835 	EXP 	LDT_stim_text: autoDraw = False
121.3835 	EXP 	LDT_break_text: autoDraw = False
121.3835 	EXP 	LDT_stim_text: height = np.float64(0.1)
121.3835 	EXP 	LDT_stim_text: height = np.float64(0.1)
121.3835 	EXP 	LDT_stim_text: height = np.float64(0.1)
121.3835 	EXP 	LDT_stim_text: text = 'sell'
121.3835 	EXP 	LDT_fix_text: autoDraw = True
121.3841 	DATA 	Keypress: a
121.4755 	EXP 	Device response: <KeyPress from None: t=121.36836069999845, value=a, duration=0.10483019999810494>
121.8672 	EXP 	LDT_stim_text: autoDraw = True
121.8756 	EXP 	LDT_fix_text: autoDraw = False
122.3931 	EXP 	Device response: <KeyPress from None: t=122.38499509999747, value=a, duration=None>
122.3933 	EXP 	New trial (rep=0, index=73): <Trial 73 (73 in rep 0) data={'Task': 'LDT', 'TrialType': 'Target', 'Stimuli': 'tuke', 'StimulusType': 'nonword', 'CorrectResponse': 'a', 'Trialnumb': 208, 'thisN': 73, 'thisTrialN': 73, 'thisRepN': 0}>
122.4013 	EXP 	LDT_fix_text: autoDraw = False
122.4013 	EXP 	LDT_stim_text: autoDraw = False
122.4013 	EXP 	LDT_break_text: autoDraw = False
122.4013 	EXP 	LDT_stim_text: height = np.float64(0.1)
122.4013 	EXP 	LDT_stim_text: height = np.float64(0.1)
122.4013 	EXP 	LDT_stim_text: height = np.float64(0.1)
122.4013 	EXP 	LDT_stim_text: text = 'tuke'
122.4013 	EXP 	LDT_fix_text: autoDraw = True
122.4018 	DATA 	Keypress: a
122.5098 	EXP 	Device response: <KeyPress from None: t=122.38499509999747, value=a, duration=0.11952580000070157>
122.8849 	EXP 	LDT_stim_text: autoDraw = True
122.8933 	EXP 	LDT_fix_text: autoDraw = False
123.5025 	EXP 	Device response: <KeyPress from None: t=123.49729939999816, value=a, duration=None>
123.5027 	EXP 	New trial (rep=0, index=74): <Trial 74 (74 in rep 0) data={'Task': 'LDT', 'TrialType': 'Target', 'Stimuli': 'lals', 'StimulusType': 'nonword', 'CorrectResponse': 'a', 'Trialnumb': 167, 'thisN': 74, 'thisTrialN': 74, 'thisRepN': 0}>
123.5105 	EXP 	LDT_fix_text: autoDraw = False
123.5105 	EXP 	LDT_stim_text: autoDraw = False
123.5105 	EXP 	LDT_break_text: autoDraw = False
123.5105 	EXP 	LDT_stim_text: height = np.float64(0.1)
123.5105 	EXP 	LDT_stim_text: height = np.float64(0.1)
123.5105 	EXP 	LDT_stim_text: height = np.float64(0.1)
123.5105 	EXP 	LDT_stim_text: text = 'lals'
123.5105 	EXP 	LDT_fix_text: autoDraw = True
123.5111 	DATA 	Keypress: a
123.6360 	EXP 	Device response: <KeyPress from None: t=123.49729939999816, value=a, duration=0.1352087000013853>
123.9944 	EXP 	LDT_stim_text: autoDraw = True
124.0027 	EXP 	LDT_fix_text: autoDraw = False
124.6370 	EXP 	Device response: <KeyPress from None: t=124.63319749999937, value=a, duration=None>
124.6372 	EXP 	New trial (rep=0, index=75): <Trial 75 (75 in rep 0) data={'Task': 'LDT', 'TrialType': 'Target', 'Stimuli': 'sharp', 'StimulusType': 'word', 'CorrectResponse': 'l', 'Trialnumb': 94, 'thisN': 75, 'thisTrialN': 75, 'thisRepN': 0}>
124.6450 	EXP 	LDT_fix_text: autoDraw = False
124.6450 	EXP 	LDT_stim_text: autoDraw = False
124.6450 	EXP 	LDT_break_text: autoDraw = False
124.6450 	EXP 	LDT_stim_text: height = np.float64(0.1)
124.6450 	EXP 	LDT_stim_text: height = np.float64(0.1)
124.6450 	EXP 	LDT_stim_text: height = np.float64(0.1)
124.6450 	EXP 	LDT_stim_text: text = 'sharp'
124.6450 	EXP 	LDT_fix_text: autoDraw = True
124.6456 	DATA 	Keypress: a
124.7454 	EXP 	Device response: <KeyPress from None: t=124.63319749999937, value=a, duration=0.10466129999986151>
125.1288 	EXP 	LDT_stim_text: autoDraw = True
125.1371 	EXP 	LDT_fix_text: autoDraw = False
125.7381 	EXP 	Device response: <KeyPress from None: t=125.73057399999743, value=l, duration=None>
125.7383 	EXP 	New trial (rep=0, index=76): <Trial 76 (76 in rep 0) data={'Task': 'LDT', 'TrialType': 'Target', 'Stimuli': 'jight', 'StimulusType': 'nonword', 'CorrectResponse': 'a', 'Trialnumb': 159, 'thisN': 76, 'thisTrialN': 76, 'thisRepN': 0}>
125.7462 	EXP 	LDT_fix_text: autoDraw = False
125.7462 	EXP 	LDT_stim_text: autoDraw = False
125.7462 	EXP 	LDT_break_text: autoDraw = False
125.7462 	EXP 	LDT_stim_text: height = np.float64(0.1)
125.7462 	EXP 	LDT_stim_text: height = np.float64(0.1)
125.7462 	EXP 	LDT_stim_text: height = np.float64(0.1)
125.7462 	EXP 	LDT_stim_text: text = 'jight'
125.7462 	EXP 	LDT_fix_text: autoDraw = True
125.7467 	DATA 	Keypress: l
125.8215 	EXP 	Device response: <KeyPress from None: t=125.73057399999743, value=l, duration=0.08626890000232379>
126.2299 	EXP 	LDT_stim_text: autoDraw = True
126.2383 	EXP 	LDT_fix_text: autoDraw = False
126.8892 	EXP 	Device response: <KeyPress from None: t=126.8813530999978, value=a, duration=None>
126.8894 	EXP 	New trial (rep=0, index=77): <Trial 77 (77 in rep 0) data={'Task': 'LDT', 'TrialType': 'Target', 'Stimuli': 'huge', 'StimulusType': 'word', 'CorrectResponse': 'l', 'Trialnumb': 56, 'thisN': 77, 'thisTrialN': 77, 'thisRepN': 0}>
126.8973 	EXP 	LDT_fix_text: autoDraw = False
126.8973 	EXP 	LDT_stim_text: autoDraw = False
126.8973 	EXP 	LDT_break_text: autoDraw = False
126.8973 	EXP 	LDT_stim_text: height = np.float64(0.1)
126.8973 	EXP 	LDT_stim_text: height = np.float64(0.1)
126.8973 	EXP 	LDT_stim_text: height = np.float64(0.1)
126.8973 	EXP 	LDT_stim_text: text = 'huge'
126.8973 	EXP 	LDT_fix_text: autoDraw = True
126.8978 	DATA 	Keypress: a
126.9644 	EXP 	Device response: <KeyPress from None: t=126.8813530999978, value=a, duration=0.0798015000000305>
127.3811 	EXP 	LDT_stim_text: autoDraw = True
127.3894 	EXP 	LDT_fix_text: autoDraw = False
128.5408 	EXP 	Device response: <KeyPress from None: t=128.53680689999965, value=l, duration=None>
128.5410 	EXP 	New trial (rep=0, index=78): <Trial 78 (78 in rep 0) data={'Task': 'LDT', 'TrialType': 'Target', 'Stimuli': 'kell', 'StimulusType': 'nonword', 'CorrectResponse': 'a', 'Trialnumb': 164, 'thisN': 78, 'thisTrialN': 78, 'thisRepN': 0}>
128.5489 	EXP 	LDT_fix_text: autoDraw = False
128.5489 	EXP 	LDT_stim_text: autoDraw = False
128.5489 	EXP 	LDT_break_text: autoDraw = False
128.5489 	EXP 	LDT_stim_text: height = np.float64(0.1)
128.5489 	EXP 	LDT_stim_text: height = np.float64(0.1)
128.5489 	EXP 	LDT_stim_text: height = np.float64(0.1)
128.5489 	EXP 	LDT_stim_text: text = 'kell'
128.5489 	EXP 	LDT_fix_text: autoDraw = True
128.5494 	DATA 	Keypress: l
128.6159 	EXP 	Device response: <KeyPress from None: t=128.53680689999965, value=l, duration=0.07142620000013267>
129.0327 	EXP 	LDT_stim_text: autoDraw = True
129.0410 	EXP 	LDT_fix_text: autoDraw = False
129.7254 	EXP 	Device response: <KeyPress from None: t=129.72088169999915, value=a, duration=None>
129.7256 	EXP 	New trial (rep=0, index=79): <Trial 79 (79 in rep 0) data={'Task': 'LDT', 'TrialType': 'Target', 'Stimuli': 'dass', 'StimulusType': 'nonword', 'CorrectResponse': 'a', 'Trialnumb': 135, 'thisN': 79, 'thisTrialN': 79, 'thisRepN': 0}>
129.7334 	EXP 	LDT_fix_text: autoDraw = False
129.7334 	EXP 	LDT_stim_text: autoDraw = False
129.7334 	EXP 	LDT_break_text: autoDraw = False
129.7334 	EXP 	LDT_stim_text: height = np.float64(0.1)
129.7334 	EXP 	LDT_stim_text: height = np.float64(0.1)
129.7334 	EXP 	LDT_stim_text: height = np.float64(0.1)
129.7334 	EXP 	LDT_stim_text: text = 'dass'
129.7334 	EXP 	LDT_fix_text: autoDraw = True
129.7340 	DATA 	Keypress: a
129.8255 	EXP 	Device response: <KeyPress from None: t=129.72088169999915, value=a, duration=0.10374099999899045>
130.2172 	EXP 	LDT_stim_text: autoDraw = True
130.2256 	EXP 	LDT_fix_text: autoDraw = False
130.7599 	EXP 	Device response: <KeyPress from None: t=130.7522883999991, value=a, duration=None>
130.7602 	EXP 	New trial (rep=0, index=80): <Trial 80 (80 in rep 0) data={'Task': 'LDT', 'TrialType': 'Target', 'Stimuli': 'tuse', 'StimulusType': 'nonword', 'CorrectResponse': 'a', 'Trialnumb': 209, 'thisN': 80, 'thisTrialN': 80, 'thisRepN': 0}>
130.7678 	EXP 	LDT_fix_text: autoDraw = False
130.7678 	EXP 	LDT_stim_text: autoDraw = False
130.7678 	EXP 	LDT_break_text: autoDraw = False
130.7678 	EXP 	LDT_stim_text: height = np.float64(0.1)
130.7678 	EXP 	LDT_stim_text: height = np.float64(0.1)
130.7678 	EXP 	LDT_stim_text: height = np.float64(0.1)
130.7678 	EXP 	LDT_stim_text: text = 'tuse'
130.7678 	EXP 	LDT_fix_text: autoDraw = True
130.7685 	DATA 	Keypress: a
130.8599 	EXP 	Device response: <KeyPress from None: t=130.7522883999991, value=a, duration=0.10454329999993206>
131.2516 	EXP 	LDT_stim_text: autoDraw = True
131.2599 	EXP 	LDT_fix_text: autoDraw = False
131.9025 	EXP 	Device response: <KeyPress from None: t=131.89648549999765, value=a, duration=None>
131.9028 	EXP 	New trial (rep=0, index=81): <Trial 81 (81 in rep 0) data={'Task': 'LDT', 'TrialType': 'Target', 'Stimuli': 'work', 'StimulusType': 'word', 'CorrectResponse': 'l', 'Trialnumb': 1, 'thisN': 81, 'thisTrialN': 81, 'thisRepN': 0}>
131.9106 	EXP 	LDT_fix_text: autoDraw = False
131.9106 	EXP 	LDT_stim_text: autoDraw = False
131.9106 	EXP 	LDT_break_text: autoDraw = False
131.9106 	EXP 	LDT_stim_text: height = np.float64(0.1)
131.9106 	EXP 	LDT_stim_text: height = np.float64(0.1)
131.9106 	EXP 	LDT_stim_text: height = np.float64(0.1)
131.9106 	EXP 	LDT_stim_text: text = 'work'
131.9106 	EXP 	LDT_fix_text: autoDraw = True
131.9112 	DATA 	Keypress: a
132.0109 	EXP 	Device response: <KeyPress from None: t=131.89648549999765, value=a, duration=0.1124937000022328>
132.3944 	EXP 	LDT_stim_text: autoDraw = True
132.4027 	EXP 	LDT_fix_text: autoDraw = False
133.0536 	EXP 	Device response: <KeyPress from None: t=133.0493420999992, value=l, duration=None>
133.0539 	EXP 	New trial (rep=0, index=82): <Trial 82 (82 in rep 0) data={'Task': 'LDT', 'TrialType': 'Target', 'Stimuli': 'hass', 'StimulusType': 'nonword', 'CorrectResponse': 'a', 'Trialnumb': 151, 'thisN': 82, 'thisTrialN': 82, 'thisRepN': 0}>
133.0617 	EXP 	LDT_fix_text: autoDraw = False
133.0617 	EXP 	LDT_stim_text: autoDraw = False
133.0617 	EXP 	LDT_break_text: autoDraw = False
133.0617 	EXP 	LDT_stim_text: height = np.float64(0.1)
133.0617 	EXP 	LDT_stim_text: height = np.float64(0.1)
133.0617 	EXP 	LDT_stim_text: height = np.float64(0.1)
133.0617 	EXP 	LDT_stim_text: text = 'hass'
133.0617 	EXP 	LDT_fix_text: autoDraw = True
133.0622 	DATA 	Keypress: l
133.1456 	EXP 	Device response: <KeyPress from None: t=133.0493420999992, value=l, duration=0.09588399999847752>
133.5455 	EXP 	LDT_stim_text: autoDraw = True
133.5538 	EXP 	LDT_fix_text: autoDraw = False
134.3383 	EXP 	Device response: <KeyPress from None: t=134.3370604999982, value=l, duration=None>
134.3386 	EXP 	New trial (rep=0, index=83): <Trial 83 (83 in rep 0) data={'Task': 'LDT', 'TrialType': 'Target', 'Stimuli': 'ate', 'StimulusType': 'word', 'CorrectResponse': 'l', 'Trialnumb': 85, 'thisN': 83, 'thisTrialN': 83, 'thisRepN': 0}>
134.3464 	EXP 	LDT_fix_text: autoDraw = False
134.3464 	EXP 	LDT_stim_text: autoDraw = False
134.3464 	EXP 	LDT_break_text: autoDraw = False
134.3464 	EXP 	LDT_stim_text: height = np.float64(0.1)
134.3464 	EXP 	LDT_stim_text: height = np.float64(0.1)
134.3464 	EXP 	LDT_stim_text: height = np.float64(0.1)
134.3464 	EXP 	LDT_stim_text: text = 'ate'
134.3464 	EXP 	LDT_fix_text: autoDraw = True
134.3469 	DATA 	Keypress: l
134.3966 	EXP 	Device response: <KeyPress from None: t=134.3370604999982, value=l, duration=0.05606690000058734>
134.8301 	EXP 	LDT_stim_text: autoDraw = True
134.8385 	EXP 	LDT_fix_text: autoDraw = False
135.8147 	EXP 	Device response: <KeyPress from None: t=135.80972539999857, value=l, duration=None>
135.8150 	EXP 	New trial (rep=0, index=84): <Trial 84 (84 in rep 0) data={'Task': 'LDT', 'TrialType': 'Target', 'Stimuli': 'spin', 'StimulusType': 'word', 'CorrectResponse': 'l', 'Trialnumb': 107, 'thisN': 84, 'thisTrialN': 84, 'thisRepN': 0}>
135.8229 	EXP 	LDT_fix_text: autoDraw = False
135.8229 	EXP 	LDT_stim_text: autoDraw = False
135.8229 	EXP 	LDT_break_text: autoDraw = False
135.8229 	EXP 	LDT_stim_text: height = np.float64(0.1)
135.8229 	EXP 	LDT_stim_text: height = np.float64(0.1)
135.8229 	EXP 	LDT_stim_text: height = np.float64(0.1)
135.8229 	EXP 	LDT_stim_text: text = 'spin'
135.8229 	EXP 	LDT_fix_text: autoDraw = True
135.8235 	DATA 	Keypress: l
135.9315 	EXP 	Device response: <KeyPress from None: t=135.80972539999857, value=l, duration=0.11866879999797675>
136.3066 	EXP 	LDT_stim_text: autoDraw = True
136.3149 	EXP 	LDT_fix_text: autoDraw = False
136.9242 	EXP 	Device response: <KeyPress from None: t=136.92094989999896, value=l, duration=None>
136.9246 	EXP 	New trial (rep=0, index=85): <Trial 85 (85 in rep 0) data={'Task': 'LDT', 'TrialType': 'Target', 'Stimuli': 'left', 'StimulusType': 'word', 'CorrectResponse': 'l', 'Trialnumb': 27, 'thisN': 85, 'thisTrialN': 85, 'thisRepN': 0}>
136.9323 	EXP 	LDT_fix_text: autoDraw = False
136.9323 	EXP 	LDT_stim_text: autoDraw = False
136.9323 	EXP 	LDT_break_text: autoDraw = False
136.9323 	EXP 	LDT_stim_text: height = np.float64(0.1)
136.9323 	EXP 	LDT_stim_text: height = np.float64(0.1)
136.9323 	EXP 	LDT_stim_text: height = np.float64(0.1)
136.9323 	EXP 	LDT_stim_text: text = 'left'
136.9323 	EXP 	LDT_fix_text: autoDraw = True
136.9329 	DATA 	Keypress: l
137.0827 	EXP 	Device response: <KeyPress from None: t=136.92094989999896, value=l, duration=0.15971999999965192>
137.4160 	EXP 	LDT_stim_text: autoDraw = True
137.4244 	EXP 	LDT_fix_text: autoDraw = False
137.8584 	EXP 	Device response: <KeyPress from None: t=137.85742929999833, value=l, duration=None>
137.8587 	EXP 	New trial (rep=0, index=86): <Trial 86 (86 in rep 0) data={'Task': 'LDT', 'TrialType': 'Target', 'Stimuli': 'man', 'StimulusType': 'word', 'CorrectResponse': 'l', 'Trialnumb': 12, 'thisN': 86, 'thisTrialN': 86, 'thisRepN': 0}>
137.8665 	EXP 	LDT_fix_text: autoDraw = False
137.8665 	EXP 	LDT_stim_text: autoDraw = False
137.8665 	EXP 	LDT_break_text: autoDraw = False
137.8665 	EXP 	LDT_stim_text: height = np.float64(0.1)
137.8665 	EXP 	LDT_stim_text: height = np.float64(0.1)
137.8665 	EXP 	LDT_stim_text: height = np.float64(0.1)
137.8665 	EXP 	LDT_stim_text: text = 'man'
137.8665 	EXP 	LDT_fix_text: autoDraw = True
137.8670 	DATA 	Keypress: l
137.9920 	EXP 	Device response: <KeyPress from None: t=137.85742929999833, value=l, duration=0.12729269999908865>
138.3503 	EXP 	LDT_stim_text: autoDraw = True
138.3586 	EXP 	LDT_fix_text: autoDraw = False
138.9845 	EXP 	Device response: <KeyPress from None: t=138.9763471999977, value=l, duration=None>
138.9848 	EXP 	New trial (rep=0, index=87): <Trial 87 (87 in rep 0) data={'Task': 'LDT', 'TrialType': 'Target', 'Stimuli': 'seef', 'StimulusType': 'nonword', 'CorrectResponse': 'a', 'Trialnumb': 187, 'thisN': 87, 'thisTrialN': 87, 'thisRepN': 0}>
138.9860 	DATA 	Keypress: l
138.9926 	EXP 	LDT_fix_text: autoDraw = False
138.9926 	EXP 	LDT_stim_text: autoDraw = False
138.9926 	EXP 	LDT_break_text: autoDraw = False
138.9926 	EXP 	LDT_stim_text: height = np.float64(0.1)
138.9926 	EXP 	LDT_stim_text: height = np.float64(0.1)
138.9926 	EXP 	LDT_stim_text: height = np.float64(0.1)
138.9926 	EXP 	LDT_stim_text: text = 'seef'
138.9926 	EXP 	LDT_fix_text: autoDraw = True
139.0763 	EXP 	Device response: <KeyPress from None: t=138.9763471999977, value=l, duration=0.09779250000065076>
139.4764 	EXP 	LDT_stim_text: autoDraw = True
139.4847 	EXP 	LDT_fix_text: autoDraw = False
140.5445 	EXP 	Device response: <KeyPress from None: t=140.53707909999866, value=a, duration=None>
140.5447 	EXP 	New trial (rep=0, index=88): <Trial 88 (88 in rep 0) data={'Task': 'LDT', 'TrialType': 'Target', 'Stimuli': 'gaft', 'StimulusType': 'nonword', 'CorrectResponse': 'a', 'Trialnumb': 144, 'thisN': 88, 'thisTrialN': 88, 'thisRepN': 0}>
140.5525 	EXP 	LDT_fix_text: autoDraw = False
140.5525 	EXP 	LDT_stim_text: autoDraw = False
140.5525 	EXP 	LDT_break_text: autoDraw = False
140.5525 	EXP 	LDT_stim_text: height = np.float64(0.1)
140.5525 	EXP 	LDT_stim_text: height = np.float64(0.1)
140.5525 	EXP 	LDT_stim_text: height = np.float64(0.1)
140.5525 	EXP 	LDT_stim_text: text = 'gaft'
140.5525 	EXP 	LDT_fix_text: autoDraw = True
140.5530 	DATA 	Keypress: a
140.6779 	EXP 	Device response: <KeyPress from None: t=140.53707909999866, value=a, duration=0.13566400000127032>
141.0363 	EXP 	LDT_stim_text: autoDraw = True
141.0446 	EXP 	LDT_fix_text: autoDraw = False
141.9542 	EXP 	Device response: <KeyPress from None: t=141.9531369999968, value=a, duration=None>
141.9545 	EXP 	New trial (rep=0, index=89): <Trial 89 (89 in rep 0) data={'Task': 'LDT', 'TrialType': 'Target', 'Stimuli': 'talm', 'StimulusType': 'nonword', 'CorrectResponse': 'a', 'Trialnumb': 202, 'thisN': 89, 'thisTrialN': 89, 'thisRepN': 0}>
141.9624 	EXP 	LDT_fix_text: autoDraw = False
141.9624 	EXP 	LDT_stim_text: autoDraw = False
141.9624 	EXP 	LDT_break_text: autoDraw = False
141.9624 	EXP 	LDT_stim_text: height = np.float64(0.1)
141.9624 	EXP 	LDT_stim_text: height = np.float64(0.1)
141.9624 	EXP 	LDT_stim_text: height = np.float64(0.1)
141.9624 	EXP 	LDT_stim_text: text = 'talm'
141.9624 	EXP 	LDT_fix_text: autoDraw = True
141.9628 	DATA 	Keypress: a
142.0793 	EXP 	Device response: <KeyPress from None: t=141.9531369999968, value=a, duration=0.1193202000031306>
142.4460 	EXP 	LDT_stim_text: autoDraw = True
142.4543 	EXP 	LDT_fix_text: autoDraw = False
143.3889 	EXP 	Device response: <KeyPress from None: t=143.3856999999989, value=a, duration=None>
143.3891 	EXP 	New trial (rep=0, index=90): <Trial 90 (90 in rep 0) data={'Task': 'LDT', 'TrialType': 'Target', 'Stimuli': 'cona', 'StimulusType': 'nonword', 'CorrectResponse': 'a', 'Trialnumb': 132, 'thisN': 90, 'thisTrialN': 90, 'thisRepN': 0}>
143.3970 	EXP 	LDT_fix_text: autoDraw = False
143.3970 	EXP 	LDT_stim_text: autoDraw = False
143.3970 	EXP 	LDT_break_text: autoDraw = False
143.3970 	EXP 	LDT_stim_text: height = np.float64(0.1)
143.3970 	EXP 	LDT_stim_text: height = np.float64(0.1)
143.3970 	EXP 	LDT_stim_text: height = np.float64(0.1)
143.3970 	EXP 	LDT_stim_text: text = 'cona'
143.3970 	EXP 	LDT_fix_text: autoDraw = True
143.3976 	DATA 	Keypress: a
143.5307 	EXP 	Device response: <KeyPress from None: t=143.3856999999989, value=a, duration=0.13681499999802327>
143.8808 	EXP 	LDT_stim_text: autoDraw = True
143.8891 	EXP 	LDT_fix_text: autoDraw = False
144.5901 	EXP 	Device response: <KeyPress from None: t=144.58543739999732, value=a, duration=None>
144.5903 	EXP 	New trial (rep=0, index=91): <Trial 91 (91 in rep 0) data={'Task': 'LDT', 'TrialType': 'Target', 'Stimuli': 'shoa', 'StimulusType': 'nonword', 'CorrectResponse': 'a', 'Trialnumb': 191, 'thisN': 91, 'thisTrialN': 91, 'thisRepN': 0}>
144.5984 	EXP 	LDT_fix_text: autoDraw = False
144.5984 	EXP 	LDT_stim_text: autoDraw = False
144.5984 	EXP 	LDT_break_text: autoDraw = False
144.5984 	EXP 	LDT_stim_text: height = np.float64(0.1)
144.5984 	EXP 	LDT_stim_text: height = np.float64(0.1)
144.5984 	EXP 	LDT_stim_text: height = np.float64(0.1)
144.5984 	EXP 	LDT_stim_text: text = 'shoa'
144.5984 	EXP 	LDT_fix_text: autoDraw = True
144.5989 	DATA 	Keypress: a
144.7320 	EXP 	Device response: <KeyPress from None: t=144.58543739999732, value=a, duration=0.14337320000049658>
145.0820 	EXP 	LDT_stim_text: autoDraw = True
145.0903 	EXP 	LDT_fix_text: autoDraw = False
146.0749 	EXP 	Device response: <KeyPress from None: t=146.07290049999938, value=a, duration=None>
146.0751 	EXP 	New trial (rep=0, index=92): <Trial 92 (92 in rep 0) data={'Task': 'LDT', 'TrialType': 'Target', 'Stimuli': 'gord', 'StimulusType': 'nonword', 'CorrectResponse': 'a', 'Trialnumb': 148, 'thisN': 92, 'thisTrialN': 92, 'thisRepN': 0}>
146.0830 	EXP 	LDT_fix_text: autoDraw = False
146.0830 	EXP 	LDT_stim_text: autoDraw = False
146.0830 	EXP 	LDT_break_text: autoDraw = False
146.0830 	EXP 	LDT_stim_text: height = np.float64(0.1)
146.0830 	EXP 	LDT_stim_text: height = np.float64(0.1)
146.0830 	EXP 	LDT_stim_text: height = np.float64(0.1)
146.0830 	EXP 	LDT_stim_text: text = 'gord'
146.0830 	EXP 	LDT_fix_text: autoDraw = True
146.0835 	DATA 	Keypress: a
146.2169 	EXP 	Device response: <KeyPress from None: t=146.07290049999938, value=a, duration=0.1354429999992135>
146.5668 	EXP 	LDT_stim_text: autoDraw = True
146.5751 	EXP 	LDT_fix_text: autoDraw = False
147.3178 	EXP 	Device response: <KeyPress from None: t=147.31328869999925, value=a, duration=None>
147.3180 	EXP 	New trial (rep=0, index=93): <Trial 93 (93 in rep 0) data={'Task': 'LDT', 'TrialType': 'Target', 'Stimuli': 'air', 'StimulusType': 'word', 'CorrectResponse': 'l', 'Trialnumb': 34, 'thisN': 93, 'thisTrialN': 93, 'thisRepN': 0}>
147.3259 	EXP 	LDT_fix_text: autoDraw = False
147.3259 	EXP 	LDT_stim_text: autoDraw = False
147.3259 	EXP 	LDT_break_text: autoDraw = False
147.3259 	EXP 	LDT_stim_text: height = np.float64(0.1)
147.3259 	EXP 	LDT_stim_text: height = np.float64(0.1)
147.3259 	EXP 	LDT_stim_text: height = np.float64(0.1)
147.3259 	EXP 	LDT_stim_text: text = 'air'
147.3259 	EXP 	LDT_fix_text: autoDraw = True
147.3265 	DATA 	Keypress: a
147.4596 	EXP 	Device response: <KeyPress from None: t=147.31328869999925, value=a, duration=0.14388419999886537>
147.8097 	EXP 	LDT_stim_text: autoDraw = True
147.8180 	EXP 	LDT_fix_text: autoDraw = False
150.9881 	EXP 	Device response: <KeyPress from None: t=150.98575939999864, value=a, duration=None>
150.9883 	EXP 	New trial (rep=0, index=94): <Trial 94 (94 in rep 0) data={'Task': 'LDT', 'TrialType': 'Target', 'Stimuli': 'anto', 'StimulusType': 'nonword', 'CorrectResponse': 'a', 'Trialnumb': 117, 'thisN': 94, 'thisTrialN': 94, 'thisRepN': 0}>
150.9962 	EXP 	LDT_fix_text: autoDraw = False
150.9962 	EXP 	LDT_stim_text: autoDraw = False
150.9962 	EXP 	LDT_break_text: autoDraw = False
150.9962 	EXP 	LDT_stim_text: height = np.float64(0.1)
150.9962 	EXP 	LDT_stim_text: height = np.float64(0.1)
150.9962 	EXP 	LDT_stim_text: height = np.float64(0.1)
150.9962 	EXP 	LDT_stim_text: text = 'anto'
150.9962 	EXP 	LDT_fix_text: autoDraw = True
150.9968 	DATA 	Keypress: a
151.1133 	EXP 	Device response: <KeyPress from None: t=150.98575939999864, value=a, duration=0.12676070000088657>
151.4801 	EXP 	LDT_stim_text: autoDraw = True
151.4883 	EXP 	LDT_fix_text: autoDraw = False
153.0653 	EXP 	Device response: <KeyPress from None: t=153.0648364999979, value=a, duration=None>
153.0655 	EXP 	New trial (rep=0, index=95): <Trial 95 (95 in rep 0) data={'Task': 'LDT', 'TrialType': 'Target', 'Stimuli': 'juck', 'StimulusType': 'nonword', 'CorrectResponse': 'a', 'Trialnumb': 161, 'thisN': 95, 'thisTrialN': 95, 'thisRepN': 0}>
153.0732 	EXP 	LDT_fix_text: autoDraw = False
153.0732 	EXP 	LDT_stim_text: autoDraw = False
153.0732 	EXP 	LDT_break_text: autoDraw = False
153.0732 	EXP 	LDT_stim_text: height = np.float64(0.1)
153.0732 	EXP 	LDT_stim_text: height = np.float64(0.1)
153.0732 	EXP 	LDT_stim_text: height = np.float64(0.1)
153.0732 	EXP 	LDT_stim_text: text = 'juck'
153.0732 	EXP 	LDT_fix_text: autoDraw = True
153.0738 	DATA 	Keypress: a
153.1820 	EXP 	Device response: <KeyPress from None: t=153.0648364999979, value=a, duration=0.1114317999999912>
153.5571 	EXP 	LDT_stim_text: autoDraw = True
153.5654 	EXP 	LDT_fix_text: autoDraw = False
154.5417 	EXP 	Device response: <KeyPress from None: t=154.53708939999706, value=a, duration=None>
154.5419 	EXP 	New trial (rep=0, index=96): <Trial 96 (96 in rep 0) data={'Task': 'LDT', 'TrialType': 'Target', 'Stimuli': 'hear', 'StimulusType': 'word', 'CorrectResponse': 'l', 'Trialnumb': 37, 'thisN': 96, 'thisTrialN': 96, 'thisRepN': 0}>
154.5497 	EXP 	LDT_fix_text: autoDraw = False
154.5497 	EXP 	LDT_stim_text: autoDraw = False
154.5497 	EXP 	LDT_break_text: autoDraw = False
154.5497 	EXP 	LDT_stim_text: height = np.float64(0.1)
154.5497 	EXP 	LDT_stim_text: height = np.float64(0.1)
154.5497 	EXP 	LDT_stim_text: height = np.float64(0.1)
154.5497 	EXP 	LDT_stim_text: text = 'hear'
154.5497 	EXP 	LDT_fix_text: autoDraw = True
154.5503 	DATA 	Keypress: a
154.6001 	EXP 	Device response: <KeyPress from None: t=154.53708939999706, value=a, duration=0.05514450000191573>
155.0335 	EXP 	LDT_stim_text: autoDraw = True
155.0418 	EXP 	LDT_fix_text: autoDraw = False
155.5427 	EXP 	Device response: <KeyPress from None: t=155.5370348999968, value=l, duration=None>
155.5429 	EXP 	New trial (rep=0, index=97): <Trial 97 (97 in rep 0) data={'Task': 'LDT', 'TrialType': 'Target', 'Stimuli': 'lill', 'StimulusType': 'nonword', 'CorrectResponse': 'a', 'Trialnumb': 168, 'thisN': 97, 'thisTrialN': 97, 'thisRepN': 0}>
155.5507 	EXP 	LDT_fix_text: autoDraw = False
155.5507 	EXP 	LDT_stim_text: autoDraw = False
155.5507 	EXP 	LDT_break_text: autoDraw = False
155.5507 	EXP 	LDT_stim_text: height = np.float64(0.1)
155.5507 	EXP 	LDT_stim_text: height = np.float64(0.1)
155.5507 	EXP 	LDT_stim_text: height = np.float64(0.1)
155.5507 	EXP 	LDT_stim_text: text = 'lill'
155.5507 	EXP 	LDT_fix_text: autoDraw = True
155.5513 	DATA 	Keypress: l
155.6178 	EXP 	Device response: <KeyPress from None: t=155.5370348999968, value=l, duration=0.0791181000022334>
156.0345 	EXP 	LDT_stim_text: autoDraw = True
156.0429 	EXP 	LDT_fix_text: autoDraw = False
156.7607 	EXP 	Device response: <KeyPress from None: t=156.7604700999982, value=a, duration=None>
156.7691 	EXP 	New trial (rep=0, index=98): <Trial 98 (98 in rep 0) data={'Task': 'LDT', 'TrialType': 'Target', 'Stimuli': 'kire', 'StimulusType': 'nonword', 'CorrectResponse': 'a', 'Trialnumb': 166, 'thisN': 98, 'thisTrialN': 98, 'thisRepN': 0}>
156.7703 	DATA 	Keypress: a
156.7769 	EXP 	LDT_fix_text: autoDraw = False
156.7769 	EXP 	LDT_stim_text: autoDraw = False
156.7769 	EXP 	LDT_break_text: autoDraw = False
156.7769 	EXP 	LDT_stim_text: height = np.float64(0.1)
156.7769 	EXP 	LDT_stim_text: height = np.float64(0.1)
156.7769 	EXP 	LDT_stim_text: height = np.float64(0.1)
156.7769 	EXP 	LDT_stim_text: text = 'kire'
156.7769 	EXP 	LDT_fix_text: autoDraw = True
156.8107 	EXP 	Device response: <KeyPress from None: t=156.7604700999982, value=a, duration=0.04890099999829545>
157.2608 	EXP 	LDT_stim_text: autoDraw = True
157.2691 	EXP 	LDT_fix_text: autoDraw = False
158.1870 	EXP 	Device response: <KeyPress from None: t=158.18560819999766, value=a, duration=None>
158.1873 	EXP 	New trial (rep=0, index=99): <Trial 99 (99 in rep 0) data={'Task': 'LDT', 'TrialType': 'Target', 'Stimuli': 'cing', 'StimulusType': 'nonword', 'CorrectResponse': 'a', 'Trialnumb': 127, 'thisN': 99, 'thisTrialN': 99, 'thisRepN': 0}>
158.1950 	EXP 	LDT_fix_text: autoDraw = False
158.1950 	EXP 	LDT_stim_text: autoDraw = False
158.1950 	EXP 	LDT_break_text: autoDraw = False
158.1950 	EXP 	LDT_stim_text: height = np.float64(0.1)
158.1950 	EXP 	LDT_stim_text: height = np.float64(0.1)
158.1950 	EXP 	LDT_stim_text: height = np.float64(0.1)
158.1950 	EXP 	LDT_stim_text: text = 'cing'
158.1950 	EXP 	LDT_fix_text: autoDraw = True
158.1955 	DATA 	Keypress: a
158.2536 	EXP 	Device response: <KeyPress from None: t=158.18560819999766, value=a, duration=0.06335350000153994>
158.6788 	EXP 	LDT_stim_text: autoDraw = True
158.6871 	EXP 	LDT_fix_text: autoDraw = False
159.4966 	EXP 	Device response: <KeyPress from None: t=159.4962384999999, value=a, duration=None>
159.4968 	EXP 	New trial (rep=0, index=100): <Trial 100 (100 in rep 0) data={'Task': 'LDT', 'TrialType': 'Target', 'Stimuli': 'sish', 'StimulusType': 'nonword', 'CorrectResponse': 'a', 'Trialnumb': 193, 'thisN': 100, 'thisTrialN': 100, 'thisRepN': 0}>
159.5046 	EXP 	LDT_fix_text: autoDraw = False
159.5046 	EXP 	LDT_stim_text: autoDraw = False
159.5046 	EXP 	LDT_break_text: autoDraw = False
159.5046 	EXP 	LDT_stim_text: height = np.float64(0.1)
159.5046 	EXP 	LDT_stim_text: height = np.float64(0.1)
159.5046 	EXP 	LDT_stim_text: height = np.float64(0.1)
159.5046 	EXP 	LDT_stim_text: text = 'sish'
159.5046 	EXP 	LDT_fix_text: autoDraw = True
159.5051 	DATA 	Keypress: a
159.6300 	EXP 	Device response: <KeyPress from None: t=159.4962384999999, value=a, duration=0.12829059999785386>
159.9884 	EXP 	LDT_stim_text: autoDraw = True
159.9968 	EXP 	LDT_fix_text: autoDraw = False
160.6727 	EXP 	Device response: <KeyPress from None: t=160.6652854999993, value=a, duration=None>
160.6729 	EXP 	New trial (rep=0, index=101): <Trial 101 (101 in rep 0) data={'Task': 'LDT', 'TrialType': 'Target', 'Stimuli': 'media', 'StimulusType': 'word', 'CorrectResponse': 'l', 'Trialnumb': 46, 'thisN': 101, 'thisTrialN': 101, 'thisRepN': 0}>
160.6809 	EXP 	LDT_fix_text: autoDraw = False
160.6809 	EXP 	LDT_stim_text: autoDraw = False
160.6809 	EXP 	LDT_break_text: autoDraw = False
160.6809 	EXP 	LDT_stim_text: height = np.float64(0.1)
160.6809 	EXP 	LDT_stim_text: height = np.float64(0.1)
160.6809 	EXP 	LDT_stim_text: height = np.float64(0.1)
160.6809 	EXP 	LDT_stim_text: text = 'media'
160.6809 	EXP 	LDT_fix_text: autoDraw = True
160.6814 	DATA 	Keypress: a
160.7895 	EXP 	Device response: <KeyPress from None: t=160.6652854999993, value=a, duration=0.11968029999843566>
161.1646 	EXP 	LDT_stim_text: autoDraw = True
161.1730 	EXP 	LDT_fix_text: autoDraw = False
161.8072 	EXP 	Device response: <KeyPress from None: t=161.80057899999883, value=l, duration=None>
161.8074 	EXP 	New trial (rep=0, index=102): <Trial 102 (102 in rep 0) data={'Task': 'LDT', 'TrialType': 'Target', 'Stimuli': 'yell', 'StimulusType': 'word', 'CorrectResponse': 'l', 'Trialnumb': 101, 'thisN': 102, 'thisTrialN': 102, 'thisRepN': 0}>
161.8154 	EXP 	LDT_fix_text: autoDraw = False
161.8154 	EXP 	LDT_stim_text: autoDraw = False
161.8154 	EXP 	LDT_break_text: autoDraw = False
161.8154 	EXP 	LDT_stim_text: height = np.float64(0.1)
161.8154 	EXP 	LDT_stim_text: height = np.float64(0.1)
161.8154 	EXP 	LDT_stim_text: height = np.float64(0.1)
161.8154 	EXP 	LDT_stim_text: text = 'yell'
161.8154 	EXP 	LDT_fix_text: autoDraw = True
161.8159 	DATA 	Keypress: l
161.8739 	EXP 	Device response: <KeyPress from None: t=161.80057899999883, value=l, duration=0.07172239999999874>
162.2991 	EXP 	LDT_stim_text: autoDraw = True
162.3074 	EXP 	LDT_fix_text: autoDraw = False
163.1419 	EXP 	Device response: <KeyPress from None: t=163.13629779999974, value=l, duration=None>
163.1421 	EXP 	New trial (rep=0, index=103): <Trial 103 (103 in rep 0) data={'Task': 'LDT', 'TrialType': 'Target', 'Stimuli': 'seft', 'StimulusType': 'nonword', 'CorrectResponse': 'a', 'Trialnumb': 188, 'thisN': 103, 'thisTrialN': 103, 'thisRepN': 0}>
163.1499 	EXP 	LDT_fix_text: autoDraw = False
163.1499 	EXP 	LDT_stim_text: autoDraw = False
163.1499 	EXP 	LDT_break_text: autoDraw = False
163.1499 	EXP 	LDT_stim_text: height = np.float64(0.1)
163.1499 	EXP 	LDT_stim_text: height = np.float64(0.1)
163.1499 	EXP 	LDT_stim_text: height = np.float64(0.1)
163.1499 	EXP 	LDT_stim_text: text = 'seft'
163.1499 	EXP 	LDT_fix_text: autoDraw = True
163.1505 	DATA 	Keypress: l
163.2170 	EXP 	Device response: <KeyPress from None: t=163.13629779999974, value=l, duration=0.07318829999712761>
163.6337 	EXP 	LDT_stim_text: autoDraw = True
163.6421 	EXP 	LDT_fix_text: autoDraw = False
164.4849 	EXP 	Device response: <KeyPress from None: t=164.48017489999984, value=a, duration=None>
164.4851 	EXP 	New trial (rep=0, index=104): <Trial 104 (104 in rep 0) data={'Task': 'LDT', 'TrialType': 'Target', 'Stimuli': 'mutch', 'StimulusType': 'nonword', 'CorrectResponse': 'a', 'Trialnumb': 175, 'thisN': 104, 'thisTrialN': 104, 'thisRepN': 0}>
164.4929 	EXP 	LDT_fix_text: autoDraw = False
164.4929 	EXP 	LDT_stim_text: autoDraw = False
164.4929 	EXP 	LDT_break_text: autoDraw = False
164.4929 	EXP 	LDT_stim_text: height = np.float64(0.1)
164.4929 	EXP 	LDT_stim_text: height = np.float64(0.1)
164.4929 	EXP 	LDT_stim_text: height = np.float64(0.1)
164.4929 	EXP 	LDT_stim_text: text = 'mutch'
164.4929 	EXP 	LDT_fix_text: autoDraw = True
164.4934 	DATA 	Keypress: a
164.6017 	EXP 	Device response: <KeyPress from None: t=164.48017489999984, value=a, duration=0.12027899999884539>
164.9767 	EXP 	LDT_stim_text: autoDraw = True
164.9851 	EXP 	LDT_fix_text: autoDraw = False
165.7361 	EXP 	Device response: <KeyPress from None: t=165.72893379999732, value=a, duration=None>
165.7363 	EXP 	New trial (rep=0, index=105): <Trial 105 (105 in rep 0) data={'Task': 'LDT', 'TrialType': 'Target', 'Stimuli': 'under', 'StimulusType': 'word', 'CorrectResponse': 'l', 'Trialnumb': 39, 'thisN': 105, 'thisTrialN': 105, 'thisRepN': 0}>
165.7441 	EXP 	LDT_fix_text: autoDraw = False
165.7441 	EXP 	LDT_stim_text: autoDraw = False
165.7441 	EXP 	LDT_break_text: autoDraw = False
165.7441 	EXP 	LDT_stim_text: height = np.float64(0.1)
165.7441 	EXP 	LDT_stim_text: height = np.float64(0.1)
165.7441 	EXP 	LDT_stim_text: height = np.float64(0.1)
165.7441 	EXP 	LDT_stim_text: text = 'under'
165.7441 	EXP 	LDT_fix_text: autoDraw = True
165.7447 	DATA 	Keypress: a
165.8530 	EXP 	Device response: <KeyPress from None: t=165.72893379999732, value=a, duration=0.1195599000020593>
166.2280 	EXP 	LDT_stim_text: autoDraw = True
166.2363 	EXP 	LDT_fix_text: autoDraw = False
167.1875 	EXP 	Device response: <KeyPress from None: t=167.18494649999775, value=l, duration=None>
167.1877 	EXP 	New trial (rep=0, index=106): <Trial 106 (106 in rep 0) data={'Task': 'LDT', 'TrialType': 'Target', 'Stimuli': 'fump', 'StimulusType': 'nonword', 'CorrectResponse': 'a', 'Trialnumb': 143, 'thisN': 106, 'thisTrialN': 106, 'thisRepN': 0}>
167.1956 	EXP 	LDT_fix_text: autoDraw = False
167.1956 	EXP 	LDT_stim_text: autoDraw = False
167.1956 	EXP 	LDT_break_text: autoDraw = False
167.1956 	EXP 	LDT_stim_text: height = np.float64(0.1)
167.1956 	EXP 	LDT_stim_text: height = np.float64(0.1)
167.1956 	EXP 	LDT_stim_text: height = np.float64(0.1)
167.1956 	EXP 	LDT_stim_text: text = 'fump'
167.1956 	EXP 	LDT_fix_text: autoDraw = True
167.1961 	DATA 	Keypress: l
167.3127 	EXP 	Device response: <KeyPress from None: t=167.18494649999775, value=l, duration=0.12728300000162562>
167.6794 	EXP 	LDT_stim_text: autoDraw = True
167.6878 	EXP 	LDT_fix_text: autoDraw = False
168.2971 	EXP 	Device response: <KeyPress from None: t=168.29668399999719, value=a, duration=None>
168.2974 	EXP 	New trial (rep=0, index=107): <Trial 107 (107 in rep 0) data={'Task': 'LDT', 'TrialType': 'Target', 'Stimuli': 'year', 'StimulusType': 'word', 'CorrectResponse': 'l', 'Trialnumb': 10, 'thisN': 107, 'thisTrialN': 107, 'thisRepN': 0}>
168.3050 	EXP 	LDT_fix_text: autoDraw = False
168.3050 	EXP 	LDT_stim_text: autoDraw = False
168.3050 	EXP 	LDT_break_text: autoDraw = False
168.3050 	EXP 	LDT_stim_text: height = np.float64(0.1)
168.3050 	EXP 	LDT_stim_text: height = np.float64(0.1)
168.3050 	EXP 	LDT_stim_text: height = np.float64(0.1)
168.3050 	EXP 	LDT_stim_text: text = 'year'
168.3050 	EXP 	LDT_fix_text: autoDraw = True
168.3056 	DATA 	Keypress: a
168.4472 	EXP 	Device response: <KeyPress from None: t=168.29668399999719, value=a, duration=0.14427690000229632>
168.7888 	EXP 	LDT_stim_text: autoDraw = True
168.7972 	EXP 	LDT_fix_text: autoDraw = False
169.3146 	EXP 	Device response: <KeyPress from None: t=169.31310839999787, value=l, duration=None>
169.3148 	EXP 	New trial (rep=0, index=108): <Trial 108 (108 in rep 0) data={'Task': 'LDT', 'TrialType': 'Target', 'Stimuli': 'vink', 'StimulusType': 'nonword', 'CorrectResponse': 'a', 'Trialnumb': 212, 'thisN': 108, 'thisTrialN': 108, 'thisRepN': 0}>
169.3227 	EXP 	LDT_fix_text: autoDraw = False
169.3227 	EXP 	LDT_stim_text: autoDraw = False
169.3227 	EXP 	LDT_break_text: autoDraw = False
169.3227 	EXP 	LDT_stim_text: height = np.float64(0.1)
169.3227 	EXP 	LDT_stim_text: height = np.float64(0.1)
169.3227 	EXP 	LDT_stim_text: height = np.float64(0.1)
169.3227 	EXP 	LDT_stim_text: text = 'vink'
169.3227 	EXP 	LDT_fix_text: autoDraw = True
169.3232 	DATA 	Keypress: l
169.3980 	EXP 	Device response: <KeyPress from None: t=169.31310839999787, value=l, duration=0.08029760000135866>
169.8065 	EXP 	LDT_stim_text: autoDraw = True
169.8149 	EXP 	LDT_fix_text: autoDraw = False
170.3574 	EXP 	Device response: <KeyPress from None: t=170.3530733999978, value=a, duration=None>
170.3577 	EXP 	New trial (rep=0, index=109): <Trial 109 (109 in rep 0) data={'Task': 'LDT', 'TrialType': 'Target', 'Stimuli': 'wass', 'StimulusType': 'nonword', 'CorrectResponse': 'a', 'Trialnumb': 215, 'thisN': 109, 'thisTrialN': 109, 'thisRepN': 0}>
170.3656 	EXP 	LDT_fix_text: autoDraw = False
170.3656 	EXP 	LDT_stim_text: autoDraw = False
170.3656 	EXP 	LDT_break_text: autoDraw = False
170.3656 	EXP 	LDT_stim_text: height = np.float64(0.1)
170.3656 	EXP 	LDT_stim_text: height = np.float64(0.1)
170.3656 	EXP 	LDT_stim_text: height = np.float64(0.1)
170.3656 	EXP 	LDT_stim_text: text = 'wass'
170.3656 	EXP 	LDT_fix_text: autoDraw = True
170.3661 	DATA 	Keypress: a
170.4408 	EXP 	Device response: <KeyPress from None: t=170.3530733999978, value=a, duration=0.07947369999965304>
170.8492 	EXP 	LDT_stim_text: autoDraw = True
170.8576 	EXP 	LDT_fix_text: autoDraw = False
171.5752 	EXP 	Device response: <KeyPress from None: t=171.56892919999882, value=a, duration=None>
171.5755 	EXP 	New trial (rep=0, index=110): <Trial 110 (110 in rep 0) data={'Task': 'LDT', 'TrialType': 'Target', 'Stimuli': 'chase', 'StimulusType': 'word', 'CorrectResponse': 'l', 'Trialnumb': 86, 'thisN': 110, 'thisTrialN': 110, 'thisRepN': 0}>
171.5833 	EXP 	LDT_fix_text: autoDraw = False
171.5833 	EXP 	LDT_stim_text: autoDraw = False
171.5833 	EXP 	LDT_break_text: autoDraw = False
171.5833 	EXP 	LDT_stim_text: height = np.float64(0.1)
171.5833 	EXP 	LDT_stim_text: height = np.float64(0.1)
171.5833 	EXP 	LDT_stim_text: height = np.float64(0.1)
171.5833 	EXP 	LDT_stim_text: text = 'chase'
171.5833 	EXP 	LDT_fix_text: autoDraw = True
171.5838 	DATA 	Keypress: a
171.6921 	EXP 	Device response: <KeyPress from None: t=171.56892919999882, value=a, duration=0.11943469999823719>
172.0671 	EXP 	LDT_stim_text: autoDraw = True
172.0754 	EXP 	LDT_fix_text: autoDraw = False
172.8098 	EXP 	Device response: <KeyPress from None: t=172.80873479999718, value=l, duration=None>
172.8100 	EXP 	New trial (rep=0, index=111): <Trial 111 (111 in rep 0) data={'Task': 'LDT', 'TrialType': 'Target', 'Stimuli': 'cast', 'StimulusType': 'word', 'CorrectResponse': 'l', 'Trialnumb': 95, 'thisN': 111, 'thisTrialN': 111, 'thisRepN': 0}>
172.8180 	EXP 	LDT_fix_text: autoDraw = False
172.8180 	EXP 	LDT_stim_text: autoDraw = False
172.8180 	EXP 	LDT_break_text: autoDraw = False
172.8180 	EXP 	LDT_stim_text: height = np.float64(0.1)
172.8180 	EXP 	LDT_stim_text: height = np.float64(0.1)
172.8180 	EXP 	LDT_stim_text: height = np.float64(0.1)
172.8180 	EXP 	LDT_stim_text: text = 'cast'
172.8180 	EXP 	LDT_fix_text: autoDraw = True
172.8186 	DATA 	Keypress: l
172.8932 	EXP 	Device response: <KeyPress from None: t=172.80873479999718, value=l, duration=0.0798376000020653>
173.3017 	EXP 	LDT_stim_text: autoDraw = True
173.3100 	EXP 	LDT_fix_text: autoDraw = False
174.4865 	EXP 	Device response: <KeyPress from None: t=174.4814271999967, value=a, duration=None>
174.4868 	EXP 	New trial (rep=0, index=112): <Trial 112 (112 in rep 0) data={'Task': 'LDT', 'TrialType': 'Target', 'Stimuli': 'rent', 'StimulusType': 'word', 'CorrectResponse': 'l', 'Trialnumb': 84, 'thisN': 112, 'thisTrialN': 112, 'thisRepN': 0}>
174.4945 	EXP 	LDT_fix_text: autoDraw = False
174.4945 	EXP 	LDT_stim_text: autoDraw = False
174.4945 	EXP 	LDT_break_text: autoDraw = False
174.4945 	EXP 	LDT_stim_text: height = np.float64(0.1)
174.4945 	EXP 	LDT_stim_text: height = np.float64(0.1)
174.4945 	EXP 	LDT_stim_text: height = np.float64(0.1)
174.4945 	EXP 	LDT_stim_text: text = 'rent'
174.4945 	EXP 	LDT_fix_text: autoDraw = True
174.4951 	DATA 	Keypress: a
174.6032 	EXP 	Device response: <KeyPress from None: t=174.4814271999967, value=a, duration=0.11870300000009593>
174.9783 	EXP 	LDT_stim_text: autoDraw = True
174.9867 	EXP 	LDT_fix_text: autoDraw = False
176.4551 	EXP 	Device response: <KeyPress from None: t=176.44898279999688, value=l, duration=None>
176.4553 	EXP 	New trial (rep=0, index=113): <Trial 113 (113 in rep 0) data={'Task': 'LDT', 'TrialType': 'Target', 'Stimuli': 'reach', 'StimulusType': 'word', 'CorrectResponse': 'l', 'Trialnumb': 72, 'thisN': 113, 'thisTrialN': 113, 'thisRepN': 0}>
176.4631 	EXP 	LDT_fix_text: autoDraw = False
176.4631 	EXP 	LDT_stim_text: autoDraw = False
176.4631 	EXP 	LDT_break_text: autoDraw = False
176.4631 	EXP 	LDT_stim_text: height = np.float64(0.1)
176.4631 	EXP 	LDT_stim_text: height = np.float64(0.1)
176.4631 	EXP 	LDT_stim_text: height = np.float64(0.1)
176.4631 	EXP 	LDT_stim_text: text = 'reach'
176.4631 	EXP 	LDT_fix_text: autoDraw = True
176.4637 	DATA 	Keypress: l
176.5136 	EXP 	Device response: <KeyPress from None: t=176.44898279999688, value=l, duration=0.06315440000253147>
176.9469 	EXP 	LDT_stim_text: autoDraw = True
176.9553 	EXP 	LDT_fix_text: autoDraw = False
177.4978 	EXP 	Device response: <KeyPress from None: t=177.48960229999648, value=l, duration=None>
177.4980 	EXP 	New trial (rep=0, index=114): <Trial 114 (114 in rep 0) data={'Task': 'LDT', 'TrialType': 'Target', 'Stimuli': 'rees', 'StimulusType': 'nonword', 'CorrectResponse': 'a', 'Trialnumb': 184, 'thisN': 114, 'thisTrialN': 114, 'thisRepN': 0}>
177.5058 	EXP 	LDT_fix_text: autoDraw = False
177.5058 	EXP 	LDT_stim_text: autoDraw = False
177.5058 	EXP 	LDT_break_text: autoDraw = False
177.5058 	EXP 	LDT_stim_text: height = np.float64(0.1)
177.5058 	EXP 	LDT_stim_text: height = np.float64(0.1)
177.5058 	EXP 	LDT_stim_text: height = np.float64(0.1)
177.5058 	EXP 	LDT_stim_text: text = 'rees'
177.5058 	EXP 	LDT_fix_text: autoDraw = True
177.5063 	DATA 	Keypress: l
177.5729 	EXP 	Device response: <KeyPress from None: t=177.48960229999648, value=l, duration=0.0786487000004854>
177.9896 	EXP 	LDT_stim_text: autoDraw = True
177.9980 	EXP 	LDT_fix_text: autoDraw = False
178.6490 	EXP 	Device response: <KeyPress from None: t=178.6481492999992, value=a, duration=None>
178.6492 	EXP 	New trial (rep=0, index=115): <Trial 115 (115 in rep 0) data={'Task': 'LDT', 'TrialType': 'Target', 'Stimuli': 'mass', 'StimulusType': 'word', 'CorrectResponse': 'l', 'Trialnumb': 102, 'thisN': 115, 'thisTrialN': 115, 'thisRepN': 0}>
178.6570 	EXP 	LDT_fix_text: autoDraw = False
178.6570 	EXP 	LDT_stim_text: autoDraw = False
178.6570 	EXP 	LDT_break_text: autoDraw = False
178.6570 	EXP 	LDT_stim_text: height = np.float64(0.1)
178.6570 	EXP 	LDT_stim_text: height = np.float64(0.1)
178.6570 	EXP 	LDT_stim_text: height = np.float64(0.1)
178.6570 	EXP 	LDT_stim_text: text = 'mass'
178.6570 	EXP 	LDT_fix_text: autoDraw = True
178.6575 	DATA 	Keypress: a
178.7657 	EXP 	Device response: <KeyPress from None: t=178.6481492999992, value=a, duration=0.11277189999964321>
179.1408 	EXP 	LDT_stim_text: autoDraw = True
179.1491 	EXP 	LDT_fix_text: autoDraw = False
179.7501 	EXP 	Device response: <KeyPress from None: t=179.74438889999874, value=l, duration=None>
179.7503 	EXP 	New trial (rep=0, index=116): <Trial 116 (116 in rep 0) data={'Task': 'LDT', 'TrialType': 'Target', 'Stimuli': 'burz', 'StimulusType': 'nonword', 'CorrectResponse': 'a', 'Trialnumb': 112, 'thisN': 116, 'thisTrialN': 116, 'thisRepN': 0}>
179.7581 	EXP 	LDT_fix_text: autoDraw = False
179.7581 	EXP 	LDT_stim_text: autoDraw = False
179.7581 	EXP 	LDT_break_text: autoDraw = False
179.7581 	EXP 	LDT_stim_text: height = np.float64(0.1)
179.7581 	EXP 	LDT_stim_text: height = np.float64(0.1)
179.7581 	EXP 	LDT_stim_text: height = np.float64(0.1)
179.7581 	EXP 	LDT_stim_text: text = 'burz'
179.7581 	EXP 	LDT_fix_text: autoDraw = True
179.7586 	DATA 	Keypress: l
179.7835 	EXP 	Device response: <KeyPress from None: t=179.74438889999874, value=l, duration=0.032475799998792354>
180.2419 	EXP 	LDT_stim_text: autoDraw = True
180.2502 	EXP 	LDT_fix_text: autoDraw = False
180.9512 	EXP 	Device response: <KeyPress from None: t=180.94575829999667, value=a, duration=None>
180.9515 	EXP 	New trial (rep=0, index=117): <Trial 117 (117 in rep 0) data={'Task': 'LDT', 'TrialType': 'Target', 'Stimuli': 'rap', 'StimulusType': 'word', 'CorrectResponse': 'l', 'Trialnumb': 109, 'thisN': 117, 'thisTrialN': 117, 'thisRepN': 0}>
180.9592 	EXP 	LDT_fix_text: autoDraw = False
180.9592 	EXP 	LDT_stim_text: autoDraw = False
180.9592 	EXP 	LDT_break_text: autoDraw = False
180.9592 	EXP 	LDT_stim_text: height = np.float64(0.1)
180.9592 	EXP 	LDT_stim_text: height = np.float64(0.1)
180.9592 	EXP 	LDT_stim_text: height = np.float64(0.1)
180.9592 	EXP 	LDT_stim_text: text = 'rap'
180.9592 	EXP 	LDT_fix_text: autoDraw = True
180.9598 	DATA 	Keypress: a
181.0513 	EXP 	Device response: <KeyPress from None: t=180.94575829999667, value=a, duration=0.1030153000028804>
181.4431 	EXP 	LDT_stim_text: autoDraw = True
181.4515 	EXP 	LDT_fix_text: autoDraw = False
182.2358 	EXP 	Device response: <KeyPress from None: t=182.23303289999967, value=a, duration=None>
182.2361 	EXP 	New trial (rep=0, index=118): <Trial 118 (118 in rep 0) data={'Task': 'LDT', 'TrialType': 'Target', 'Stimuli': 'wake', 'StimulusType': 'word', 'CorrectResponse': 'l', 'Trialnumb': 63, 'thisN': 118, 'thisTrialN': 118, 'thisRepN': 0}>
182.2439 	EXP 	LDT_fix_text: autoDraw = False
182.2439 	EXP 	LDT_stim_text: autoDraw = False
182.2439 	EXP 	LDT_break_text: autoDraw = False
182.2439 	EXP 	LDT_stim_text: height = np.float64(0.1)
182.2439 	EXP 	LDT_stim_text: height = np.float64(0.1)
182.2439 	EXP 	LDT_stim_text: height = np.float64(0.1)
182.2439 	EXP 	LDT_stim_text: text = 'wake'
182.2439 	EXP 	LDT_fix_text: autoDraw = True
182.2444 	DATA 	Keypress: a
182.3528 	EXP 	Device response: <KeyPress from None: t=182.23303289999967, value=a, duration=0.11926599999787868>
182.7277 	EXP 	LDT_stim_text: autoDraw = True
182.7360 	EXP 	LDT_fix_text: autoDraw = False
183.3704 	EXP 	Device response: <KeyPress from None: t=183.368910899997, value=l, duration=None>
183.3706 	EXP 	New trial (rep=0, index=119): <Trial 119 (119 in rep 0) data={'Task': 'LDT', 'TrialType': 'Target', 'Stimuli': 'herl', 'StimulusType': 'nonword', 'CorrectResponse': 'a', 'Trialnumb': 152, 'thisN': 119, 'thisTrialN': 119, 'thisRepN': 0}>
183.3784 	EXP 	LDT_fix_text: autoDraw = False
183.3784 	EXP 	LDT_stim_text: autoDraw = False
183.3784 	EXP 	LDT_break_text: autoDraw = False
183.3784 	EXP 	LDT_stim_text: height = np.float64(0.1)
183.3784 	EXP 	LDT_stim_text: height = np.float64(0.1)
183.3784 	EXP 	LDT_stim_text: height = np.float64(0.1)
183.3784 	EXP 	LDT_stim_text: text = 'herl'
183.3784 	EXP 	LDT_fix_text: autoDraw = True
183.3790 	DATA 	Keypress: l
183.4120 	EXP 	Device response: <KeyPress from None: t=183.368910899997, value=l, duration=0.03957740000259946>
183.8621 	EXP 	LDT_stim_text: autoDraw = True
183.8705 	EXP 	LDT_fix_text: autoDraw = False
184.5715 	EXP 	Device response: <KeyPress from None: t=184.56811799999923, value=a, duration=None>
184.5796 	EXP 	LDT_fix_text: autoDraw = False
184.5796 	EXP 	LDT_stim_text: autoDraw = False
184.5796 	EXP 	LDT_break_text: autoDraw = True
184.5804 	DATA 	Keypress: a
184.7467 	EXP 	Device response: <KeyPress from None: t=184.56811799999923, value=a, duration=0.17731239999920945>
191.4533 	EXP 	Device response: <KeyPress from None: t=191.4486943999982, value=space, duration=None>
191.4535 	EXP 	New trial (rep=0, index=120): <Trial 120 (120 in rep 0) data={'Task': 'LDT', 'TrialType': 'Target', 'Stimuli': 'spum', 'StimulusType': 'nonword', 'CorrectResponse': 'a', 'Trialnumb': 198, 'thisN': 120, 'thisTrialN': 120, 'thisRepN': 0}>
191.4614 	EXP 	LDT_break_text: autoDraw = False
191.4614 	EXP 	LDT_stim_text: height = np.float64(0.1)
191.4614 	EXP 	LDT_stim_text: height = np.float64(0.1)
191.4614 	EXP 	LDT_stim_text: height = np.float64(0.1)
191.4614 	EXP 	LDT_stim_text: text = 'spum'
191.4614 	EXP 	LDT_fix_text: autoDraw = True
191.4619 	DATA 	Keypress: space
191.5618 	EXP 	Device response: <KeyPress from None: t=191.4486943999982, value=space, duration=0.10507679999864195>
191.9452 	EXP 	LDT_stim_text: autoDraw = True
191.9535 	EXP 	LDT_fix_text: autoDraw = False
192.5712 	EXP 	Device response: <KeyPress from None: t=192.56864709999718, value=a, duration=None>
192.5714 	EXP 	New trial (rep=0, index=121): <Trial 121 (121 in rep 0) data={'Task': 'LDT', 'TrialType': 'Target', 'Stimuli': 'tight', 'StimulusType': 'word', 'CorrectResponse': 'l', 'Trialnumb': 74, 'thisN': 121, 'thisTrialN': 121, 'thisRepN': 0}>
192.5792 	EXP 	LDT_fix_text: autoDraw = False
192.5792 	EXP 	LDT_stim_text: autoDraw = False
192.5792 	EXP 	LDT_break_text: autoDraw = False
192.5792 	EXP 	LDT_stim_text: height = np.float64(0.1)
192.5792 	EXP 	LDT_stim_text: height = np.float64(0.1)
192.5792 	EXP 	LDT_stim_text: height = np.float64(0.1)
192.5792 	EXP 	LDT_stim_text: text = 'tight'
192.5792 	EXP 	LDT_fix_text: autoDraw = True
192.5798 	DATA 	Keypress: a
192.6211 	EXP 	Device response: <KeyPress from None: t=192.56864709999718, value=a, duration=0.0479025000022375>
193.0630 	EXP 	LDT_stim_text: autoDraw = True
193.0713 	EXP 	LDT_fix_text: autoDraw = False
193.7139 	EXP 	Device response: <KeyPress from None: t=193.71270589999767, value=l, duration=None>
193.7142 	EXP 	New trial (rep=0, index=122): <Trial 122 (122 in rep 0) data={'Task': 'LDT', 'TrialType': 'Target', 'Stimuli': 'spy', 'StimulusType': 'word', 'CorrectResponse': 'l', 'Trialnumb': 99, 'thisN': 122, 'thisTrialN': 122, 'thisRepN': 0}>
193.7219 	EXP 	LDT_fix_text: autoDraw = False
193.7219 	EXP 	LDT_stim_text: autoDraw = False
193.7219 	EXP 	LDT_break_text: autoDraw = False
193.7219 	EXP 	LDT_stim_text: height = np.float64(0.1)
193.7219 	EXP 	LDT_stim_text: height = np.float64(0.1)
193.7219 	EXP 	LDT_stim_text: height = np.float64(0.1)
193.7219 	EXP 	LDT_stim_text: text = 'spy'
193.7219 	EXP 	LDT_fix_text: autoDraw = True
193.7224 	DATA 	Keypress: l
193.7806 	EXP 	Device response: <KeyPress from None: t=193.71270589999767, value=l, duration=0.0648987999993551>
194.2058 	EXP 	LDT_stim_text: autoDraw = True
194.2141 	EXP 	LDT_fix_text: autoDraw = False
194.9569 	EXP 	Device response: <KeyPress from None: t=194.95227429999795, value=l, duration=None>
194.9571 	EXP 	New trial (rep=0, index=123): <Trial 123 (123 in rep 0) data={'Task': 'LDT', 'TrialType': 'Target', 'Stimuli': 'loil', 'StimulusType': 'nonword', 'CorrectResponse': 'a', 'Trialnumb': 170, 'thisN': 123, 'thisTrialN': 123, 'thisRepN': 0}>
194.9648 	EXP 	LDT_fix_text: autoDraw = False
194.9648 	EXP 	LDT_stim_text: autoDraw = False
194.9648 	EXP 	LDT_break_text: autoDraw = False
194.9648 	EXP 	LDT_stim_text: height = np.float64(0.1)
194.9648 	EXP 	LDT_stim_text: height = np.float64(0.1)
194.9648 	EXP 	LDT_stim_text: height = np.float64(0.1)
194.9648 	EXP 	LDT_stim_text: text = 'loil'
194.9648 	EXP 	LDT_fix_text: autoDraw = True
194.9654 	DATA 	Keypress: l
195.0151 	EXP 	Device response: <KeyPress from None: t=194.95227429999795, value=l, duration=0.05639349999910337>
195.4487 	EXP 	LDT_stim_text: autoDraw = True
195.4570 	EXP 	LDT_fix_text: autoDraw = False
196.8087 	EXP 	Device response: <KeyPress from None: t=196.80819279999923, value=a, duration=None>
196.8089 	EXP 	New trial (rep=0, index=124): <Trial 124 (124 in rep 0) data={'Task': 'LDT', 'TrialType': 'Target', 'Stimuli': 'crap', 'StimulusType': 'word', 'CorrectResponse': 'l', 'Trialnumb': 70, 'thisN': 124, 'thisTrialN': 124, 'thisRepN': 0}>
196.8167 	EXP 	LDT_fix_text: autoDraw = False
196.8167 	EXP 	LDT_stim_text: autoDraw = False
196.8167 	EXP 	LDT_break_text: autoDraw = False
196.8167 	EXP 	LDT_stim_text: height = np.float64(0.1)
196.8167 	EXP 	LDT_stim_text: height = np.float64(0.1)
196.8167 	EXP 	LDT_stim_text: height = np.float64(0.1)
196.8167 	EXP 	LDT_stim_text: text = 'crap'
196.8167 	EXP 	LDT_fix_text: autoDraw = True
196.8173 	DATA 	Keypress: a
196.8753 	EXP 	Device response: <KeyPress from None: t=196.80819279999923, value=a, duration=0.06430700000055367>
197.3005 	EXP 	LDT_stim_text: autoDraw = True
197.3089 	EXP 	LDT_fix_text: autoDraw = False
197.9180 	EXP 	Device response: <KeyPress from None: t=197.91280579999875, value=l, duration=None>
197.9183 	EXP 	New trial (rep=0, index=125): <Trial 125 (125 in rep 0) data={'Task': 'LDT', 'TrialType': 'Target', 'Stimuli': 'large', 'StimulusType': 'word', 'CorrectResponse': 'l', 'Trialnumb': 29, 'thisN': 125, 'thisTrialN': 125, 'thisRepN': 0}>
197.9261 	EXP 	LDT_fix_text: autoDraw = False
197.9261 	EXP 	LDT_stim_text: autoDraw = False
197.9261 	EXP 	LDT_break_text: autoDraw = False
197.9261 	EXP 	LDT_stim_text: height = np.float64(0.1)
197.9261 	EXP 	LDT_stim_text: height = np.float64(0.1)
197.9261 	EXP 	LDT_stim_text: height = np.float64(0.1)
197.9261 	EXP 	LDT_stim_text: text = 'large'
197.9261 	EXP 	LDT_fix_text: autoDraw = True
197.9266 	DATA 	Keypress: l
197.9848 	EXP 	Device response: <KeyPress from None: t=197.91280579999875, value=l, duration=0.06376470000031986>
198.4099 	EXP 	LDT_stim_text: autoDraw = True
198.4183 	EXP 	LDT_fix_text: autoDraw = False
198.9775 	EXP 	Device response: <KeyPress from None: t=198.9769512999992, value=l, duration=None>
198.9777 	EXP 	New trial (rep=0, index=126): <Trial 126 (126 in rep 0) data={'Task': 'LDT', 'TrialType': 'Target', 'Stimuli': 'feek', 'StimulusType': 'nonword', 'CorrectResponse': 'a', 'Trialnumb': 139, 'thisN': 126, 'thisTrialN': 126, 'thisRepN': 0}>
198.9855 	EXP 	LDT_fix_text: autoDraw = False
198.9855 	EXP 	LDT_stim_text: autoDraw = False
198.9855 	EXP 	LDT_break_text: autoDraw = False
198.9855 	EXP 	LDT_stim_text: height = np.float64(0.1)
198.9855 	EXP 	LDT_stim_text: height = np.float64(0.1)
198.9855 	EXP 	LDT_stim_text: height = np.float64(0.1)
198.9855 	EXP 	LDT_stim_text: text = 'feek'
198.9855 	EXP 	LDT_fix_text: autoDraw = True
198.9860 	DATA 	Keypress: l
199.0442 	EXP 	Device response: <KeyPress from None: t=198.9769512999992, value=l, duration=0.06394889999864972>
199.4693 	EXP 	LDT_stim_text: autoDraw = True
199.4777 	EXP 	LDT_fix_text: autoDraw = False
200.1536 	EXP 	Device response: <KeyPress from None: t=200.15256129999761, value=l, duration=None>
200.1538 	EXP 	New trial (rep=0, index=127): <Trial 127 (127 in rep 0) data={'Task': 'LDT', 'TrialType': 'Target', 'Stimuli': 'ugly', 'StimulusType': 'word', 'CorrectResponse': 'l', 'Trialnumb': 78, 'thisN': 127, 'thisTrialN': 127, 'thisRepN': 0}>
200.1617 	EXP 	LDT_fix_text: autoDraw = False
200.1617 	EXP 	LDT_stim_text: autoDraw = False
200.1617 	EXP 	LDT_break_text: autoDraw = False
200.1617 	EXP 	LDT_stim_text: height = np.float64(0.1)
200.1617 	EXP 	LDT_stim_text: height = np.float64(0.1)
200.1617 	EXP 	LDT_stim_text: height = np.float64(0.1)
200.1617 	EXP 	LDT_stim_text: text = 'ugly'
200.1617 	EXP 	LDT_fix_text: autoDraw = True
200.1622 	DATA 	Keypress: l
200.2204 	EXP 	Device response: <KeyPress from None: t=200.15256129999761, value=l, duration=0.06485239999892656>
200.6455 	EXP 	LDT_stim_text: autoDraw = True
200.6538 	EXP 	LDT_fix_text: autoDraw = False
201.2548 	EXP 	Device response: <KeyPress from None: t=201.24855719999687, value=l, duration=None>
201.2550 	EXP 	New trial (rep=0, index=128): <Trial 128 (128 in rep 0) data={'Task': 'LDT', 'TrialType': 'Target', 'Stimuli': 'short', 'StimulusType': 'word', 'CorrectResponse': 'l', 'Trialnumb': 50, 'thisN': 128, 'thisTrialN': 128, 'thisRepN': 0}>
201.2627 	EXP 	LDT_fix_text: autoDraw = False
201.2627 	EXP 	LDT_stim_text: autoDraw = False
201.2627 	EXP 	LDT_break_text: autoDraw = False
201.2627 	EXP 	LDT_stim_text: height = np.float64(0.1)
201.2627 	EXP 	LDT_stim_text: height = np.float64(0.1)
201.2627 	EXP 	LDT_stim_text: height = np.float64(0.1)
201.2627 	EXP 	LDT_stim_text: text = 'short'
201.2627 	EXP 	LDT_fix_text: autoDraw = True
201.2633 	DATA 	Keypress: l
201.3132 	EXP 	Device response: <KeyPress from None: t=201.24855719999687, value=l, duration=0.0642044000014721>
201.7466 	EXP 	LDT_stim_text: autoDraw = True
201.7549 	EXP 	LDT_fix_text: autoDraw = False
202.2224 	EXP 	Device response: <KeyPress from None: t=202.21692229999826, value=l, duration=None>
202.2227 	EXP 	New trial (rep=0, index=129): <Trial 129 (129 in rep 0) data={'Task': 'LDT', 'TrialType': 'Target', 'Stimuli': 'party', 'StimulusType': 'word', 'CorrectResponse': 'l', 'Trialnumb': 59, 'thisN': 129, 'thisTrialN': 129, 'thisRepN': 0}>
202.2304 	EXP 	LDT_fix_text: autoDraw = False
202.2304 	EXP 	LDT_stim_text: autoDraw = False
202.2304 	EXP 	LDT_break_text: autoDraw = False
202.2304 	EXP 	LDT_stim_text: height = np.float64(0.1)
202.2304 	EXP 	LDT_stim_text: height = np.float64(0.1)
202.2304 	EXP 	LDT_stim_text: height = np.float64(0.1)
202.2304 	EXP 	LDT_stim_text: text = 'party'
202.2304 	EXP 	LDT_fix_text: autoDraw = True
202.2309 	DATA 	Keypress: l
202.2891 	EXP 	Device response: <KeyPress from None: t=202.21692229999826, value=l, duration=0.07157839999854332>
202.7142 	EXP 	LDT_stim_text: autoDraw = True
202.7225 	EXP 	LDT_fix_text: autoDraw = False
203.1733 	EXP 	Device response: <KeyPress from None: t=203.1697589999967, value=l, duration=None>
203.1736 	EXP 	New trial (rep=0, index=130): <Trial 130 (130 in rep 0) data={'Task': 'LDT', 'TrialType': 'Target', 'Stimuli': 'vead', 'StimulusType': 'nonword', 'CorrectResponse': 'a', 'Trialnumb': 210, 'thisN': 130, 'thisTrialN': 130, 'thisRepN': 0}>
203.1815 	EXP 	LDT_fix_text: autoDraw = False
203.1815 	EXP 	LDT_stim_text: autoDraw = False
203.1815 	EXP 	LDT_break_text: autoDraw = False
203.1815 	EXP 	LDT_stim_text: height = np.float64(0.1)
203.1815 	EXP 	LDT_stim_text: height = np.float64(0.1)
203.1815 	EXP 	LDT_stim_text: height = np.float64(0.1)
203.1815 	EXP 	LDT_stim_text: text = 'vead'
203.1815 	EXP 	LDT_fix_text: autoDraw = True
203.1821 	DATA 	Keypress: l
203.2483 	EXP 	Device response: <KeyPress from None: t=203.1697589999967, value=l, duration=0.07109459999992396>
203.6651 	EXP 	LDT_stim_text: autoDraw = True
203.6735 	EXP 	LDT_fix_text: autoDraw = False
204.2410 	EXP 	Device response: <KeyPress from None: t=204.23330689999784, value=a, duration=None>
204.2413 	EXP 	New trial (rep=0, index=131): <Trial 131 (131 in rep 0) data={'Task': 'LDT', 'TrialType': 'Target', 'Stimuli': 'boss', 'StimulusType': 'word', 'CorrectResponse': 'l', 'Trialnumb': 61, 'thisN': 131, 'thisTrialN': 131, 'thisRepN': 0}>
204.2492 	EXP 	LDT_fix_text: autoDraw = False
204.2492 	EXP 	LDT_stim_text: autoDraw = False
204.2492 	EXP 	LDT_break_text: autoDraw = False
204.2492 	EXP 	LDT_stim_text: height = np.float64(0.1)
204.2492 	EXP 	LDT_stim_text: height = np.float64(0.1)
204.2492 	EXP 	LDT_stim_text: height = np.float64(0.1)
204.2492 	EXP 	LDT_stim_text: text = 'boss'
204.2492 	EXP 	LDT_fix_text: autoDraw = True
204.2497 	DATA 	Keypress: a
204.3244 	EXP 	Device response: <KeyPress from None: t=204.23330689999784, value=a, duration=0.08766839999952936>
204.7329 	EXP 	LDT_stim_text: autoDraw = True
204.7412 	EXP 	LDT_fix_text: autoDraw = False
205.4005 	EXP 	Device response: <KeyPress from None: t=205.40006419999918, value=l, duration=None>
205.4008 	EXP 	New trial (rep=0, index=132): <Trial 132 (132 in rep 0) data={'Task': 'LDT', 'TrialType': 'Target', 'Stimuli': 'ill', 'StimulusType': 'word', 'CorrectResponse': 'l', 'Trialnumb': 97, 'thisN': 132, 'thisTrialN': 132, 'thisRepN': 0}>
205.4087 	EXP 	LDT_fix_text: autoDraw = False
205.4087 	EXP 	LDT_stim_text: autoDraw = False
205.4087 	EXP 	LDT_break_text: autoDraw = False
205.4087 	EXP 	LDT_stim_text: height = np.float64(0.1)
205.4087 	EXP 	LDT_stim_text: height = np.float64(0.1)
205.4087 	EXP 	LDT_stim_text: height = np.float64(0.1)
205.4087 	EXP 	LDT_stim_text: text = 'ill'
205.4087 	EXP 	LDT_fix_text: autoDraw = True
205.4092 	DATA 	Keypress: l
205.4756 	EXP 	Device response: <KeyPress from None: t=205.40006419999918, value=l, duration=0.07217300000047544>
205.8924 	EXP 	LDT_stim_text: autoDraw = True
205.9007 	EXP 	LDT_fix_text: autoDraw = False
206.5600 	EXP 	Device response: <KeyPress from None: t=206.55246869999974, value=a, duration=None>
206.5602 	EXP 	New trial (rep=0, index=133): <Trial 133 (133 in rep 0) data={'Task': 'LDT', 'TrialType': 'Target', 'Stimuli': 'neep', 'StimulusType': 'nonword', 'CorrectResponse': 'a', 'Trialnumb': 176, 'thisN': 133, 'thisTrialN': 133, 'thisRepN': 0}>
206.5680 	EXP 	LDT_fix_text: autoDraw = False
206.5680 	EXP 	LDT_stim_text: autoDraw = False
206.5680 	EXP 	LDT_break_text: autoDraw = False
206.5680 	EXP 	LDT_stim_text: height = np.float64(0.1)
206.5680 	EXP 	LDT_stim_text: height = np.float64(0.1)
206.5680 	EXP 	LDT_stim_text: height = np.float64(0.1)
206.5680 	EXP 	LDT_stim_text: text = 'neep'
206.5680 	EXP 	LDT_fix_text: autoDraw = True
206.5686 	DATA 	Keypress: a
206.6185 	EXP 	Device response: <KeyPress from None: t=206.55246869999974, value=a, duration=0.06388079999669571>
207.0518 	EXP 	LDT_stim_text: autoDraw = True
207.0602 	EXP 	LDT_fix_text: autoDraw = False
207.9781 	EXP 	Device response: <KeyPress from None: t=207.97754389999682, value=a, duration=None>
207.9783 	EXP 	New trial (rep=0, index=134): <Trial 134 (134 in rep 0) data={'Task': 'LDT', 'TrialType': 'Target', 'Stimuli': 'ient', 'StimulusType': 'nonword', 'CorrectResponse': 'a', 'Trialnumb': 157, 'thisN': 134, 'thisTrialN': 134, 'thisRepN': 0}>
207.9862 	EXP 	LDT_fix_text: autoDraw = False
207.9862 	EXP 	LDT_stim_text: autoDraw = False
207.9862 	EXP 	LDT_break_text: autoDraw = False
207.9862 	EXP 	LDT_stim_text: height = np.float64(0.1)
207.9862 	EXP 	LDT_stim_text: height = np.float64(0.1)
207.9862 	EXP 	LDT_stim_text: height = np.float64(0.1)
207.9862 	EXP 	LDT_stim_text: text = 'ient'
207.9862 	EXP 	LDT_fix_text: autoDraw = True
207.9867 	DATA 	Keypress: a
208.0448 	EXP 	Device response: <KeyPress from None: t=207.97754389999682, value=a, duration=0.064073700003064>
208.4699 	EXP 	LDT_stim_text: autoDraw = True
208.4783 	EXP 	LDT_fix_text: autoDraw = False
209.6464 	EXP 	Device response: <KeyPress from None: t=209.64089969999986, value=a, duration=None>
209.6466 	EXP 	New trial (rep=0, index=135): <Trial 135 (135 in rep 0) data={'Task': 'LDT', 'TrialType': 'Target', 'Stimuli': 'hage', 'StimulusType': 'nonword', 'CorrectResponse': 'a', 'Trialnumb': 149, 'thisN': 135, 'thisTrialN': 135, 'thisRepN': 0}>
209.6544 	EXP 	LDT_fix_text: autoDraw = False
209.6544 	EXP 	LDT_stim_text: autoDraw = False
209.6544 	EXP 	LDT_break_text: autoDraw = False
209.6544 	EXP 	LDT_stim_text: height = np.float64(0.1)
209.6544 	EXP 	LDT_stim_text: height = np.float64(0.1)
209.6544 	EXP 	LDT_stim_text: height = np.float64(0.1)
209.6544 	EXP 	LDT_stim_text: text = 'hage'
209.6544 	EXP 	LDT_fix_text: autoDraw = True
209.6551 	DATA 	Keypress: a
209.7048 	EXP 	Device response: <KeyPress from None: t=209.64089969999986, value=a, duration=0.05642949999673874>
210.1382 	EXP 	LDT_stim_text: autoDraw = True
210.1466 	EXP 	LDT_fix_text: autoDraw = False
211.0646 	EXP 	Device response: <KeyPress from None: t=211.0640773999985, value=a, duration=None>
211.0648 	EXP 	New trial (rep=0, index=136): <Trial 136 (136 in rep 0) data={'Task': 'LDT', 'TrialType': 'Target', 'Stimuli': 'team', 'StimulusType': 'word', 'CorrectResponse': 'l', 'Trialnumb': 23, 'thisN': 136, 'thisTrialN': 136, 'thisRepN': 0}>
211.0725 	EXP 	LDT_fix_text: autoDraw = False
211.0725 	EXP 	LDT_stim_text: autoDraw = False
211.0725 	EXP 	LDT_break_text: autoDraw = False
211.0725 	EXP 	LDT_stim_text: height = np.float64(0.1)
211.0725 	EXP 	LDT_stim_text: height = np.float64(0.1)
211.0725 	EXP 	LDT_stim_text: height = np.float64(0.1)
211.0725 	EXP 	LDT_stim_text: text = 'team'
211.0725 	EXP 	LDT_fix_text: autoDraw = True
211.0730 	DATA 	Keypress: a
211.1395 	EXP 	Device response: <KeyPress from None: t=211.0640773999985, value=a, duration=0.07289509999827715>
211.5563 	EXP 	LDT_stim_text: autoDraw = True
211.5646 	EXP 	LDT_fix_text: autoDraw = False
212.1906 	EXP 	Device response: <KeyPress from None: t=212.18404779999764, value=l, duration=None>
212.1908 	EXP 	New trial (rep=0, index=137): <Trial 137 (137 in rep 0) data={'Task': 'LDT', 'TrialType': 'Target', 'Stimuli': 'slim', 'StimulusType': 'word', 'CorrectResponse': 'l', 'Trialnumb': 111, 'thisN': 137, 'thisTrialN': 137, 'thisRepN': 0}>
212.1986 	EXP 	LDT_fix_text: autoDraw = False
212.1986 	EXP 	LDT_stim_text: autoDraw = False
212.1986 	EXP 	LDT_break_text: autoDraw = False
212.1986 	EXP 	LDT_stim_text: height = np.float64(0.1)
212.1986 	EXP 	LDT_stim_text: height = np.float64(0.1)
212.1986 	EXP 	LDT_stim_text: height = np.float64(0.1)
212.1986 	EXP 	LDT_stim_text: text = 'slim'
212.1986 	EXP 	LDT_fix_text: autoDraw = True
212.1992 	DATA 	Keypress: l
212.2574 	EXP 	Device response: <KeyPress from None: t=212.18404779999764, value=l, duration=0.07295870000234572>
212.6825 	EXP 	LDT_stim_text: autoDraw = True
212.6908 	EXP 	LDT_fix_text: autoDraw = False
214.1008 	EXP 	Device response: <KeyPress from None: t=214.09603869999773, value=l, duration=None>
214.1011 	EXP 	New trial (rep=0, index=138): <Trial 138 (138 in rep 0) data={'Task': 'LDT', 'TrialType': 'Target', 'Stimuli': 'show', 'StimulusType': 'word', 'CorrectResponse': 'l', 'Trialnumb': 21, 'thisN': 138, 'thisTrialN': 138, 'thisRepN': 0}>
214.1089 	EXP 	LDT_fix_text: autoDraw = False
214.1089 	EXP 	LDT_stim_text: autoDraw = False
214.1089 	EXP 	LDT_break_text: autoDraw = False
214.1089 	EXP 	LDT_stim_text: height = np.float64(0.1)
214.1089 	EXP 	LDT_stim_text: height = np.float64(0.1)
214.1089 	EXP 	LDT_stim_text: height = np.float64(0.1)
214.1089 	EXP 	LDT_stim_text: text = 'show'
214.1089 	EXP 	LDT_fix_text: autoDraw = True
214.1094 	DATA 	Keypress: l
214.1675 	EXP 	Device response: <KeyPress from None: t=214.09603869999773, value=l, duration=0.0641405999995186>
214.5926 	EXP 	LDT_stim_text: autoDraw = True
214.6010 	EXP 	LDT_fix_text: autoDraw = False
215.0935 	EXP 	Device response: <KeyPress from None: t=215.08810899999662, value=l, duration=None>
215.0937 	EXP 	New trial (rep=0, index=139): <Trial 139 (139 in rep 0) data={'Task': 'LDT', 'TrialType': 'Target', 'Stimuli': 'sife', 'StimulusType': 'nonword', 'CorrectResponse': 'a', 'Trialnumb': 192, 'thisN': 139, 'thisTrialN': 139, 'thisRepN': 0}>
215.1015 	EXP 	LDT_fix_text: autoDraw = False
215.1015 	EXP 	LDT_stim_text: autoDraw = False
215.1015 	EXP 	LDT_break_text: autoDraw = False
215.1015 	EXP 	LDT_stim_text: height = np.float64(0.1)
215.1015 	EXP 	LDT_stim_text: height = np.float64(0.1)
215.1015 	EXP 	LDT_stim_text: height = np.float64(0.1)
215.1015 	EXP 	LDT_stim_text: text = 'sife'
215.1015 	EXP 	LDT_fix_text: autoDraw = True
215.1021 	DATA 	Keypress: l
215.1770 	EXP 	Device response: <KeyPress from None: t=215.08810899999662, value=l, duration=0.08842660000300384>
215.5853 	EXP 	LDT_stim_text: autoDraw = True
215.5936 	EXP 	LDT_fix_text: autoDraw = False
216.3114 	EXP 	Device response: <KeyPress from None: t=216.3047160999995, value=a, duration=None>
216.3116 	EXP 	New trial (rep=0, index=140): <Trial 140 (140 in rep 0) data={'Task': 'LDT', 'TrialType': 'Target', 'Stimuli': 'loje', 'StimulusType': 'nonword', 'CorrectResponse': 'a', 'Trialnumb': 171, 'thisN': 140, 'thisTrialN': 140, 'thisRepN': 0}>
216.3194 	EXP 	LDT_fix_text: autoDraw = False
216.3194 	EXP 	LDT_stim_text: autoDraw = False
216.3194 	EXP 	LDT_break_text: autoDraw = False
216.3194 	EXP 	LDT_stim_text: height = np.float64(0.1)
216.3194 	EXP 	LDT_stim_text: height = np.float64(0.1)
216.3194 	EXP 	LDT_stim_text: height = np.float64(0.1)
216.3194 	EXP 	LDT_stim_text: text = 'loje'
216.3194 	EXP 	LDT_fix_text: autoDraw = True
216.3199 	DATA 	Keypress: a
216.3698 	EXP 	Device response: <KeyPress from None: t=216.3047160999995, value=a, duration=0.06338549999782117>
216.8032 	EXP 	LDT_stim_text: autoDraw = True
216.8115 	EXP 	LDT_fix_text: autoDraw = False
217.4041 	EXP 	Device response: <KeyPress from None: t=217.40079199999673, value=a, duration=None>
217.4043 	EXP 	New trial (rep=0, index=141): <Trial 141 (141 in rep 0) data={'Task': 'LDT', 'TrialType': 'Target', 'Stimuli': 'beah', 'StimulusType': 'nonword', 'CorrectResponse': 'a', 'Trialnumb': 119, 'thisN': 141, 'thisTrialN': 141, 'thisRepN': 0}>
217.4121 	EXP 	LDT_fix_text: autoDraw = False
217.4121 	EXP 	LDT_stim_text: autoDraw = False
217.4121 	EXP 	LDT_break_text: autoDraw = False
217.4121 	EXP 	LDT_stim_text: height = np.float64(0.1)
217.4121 	EXP 	LDT_stim_text: height = np.float64(0.1)
217.4121 	EXP 	LDT_stim_text: height = np.float64(0.1)
217.4121 	EXP 	LDT_stim_text: text = 'beah'
217.4121 	EXP 	LDT_fix_text: autoDraw = True
217.4127 	DATA 	Keypress: a
217.5126 	EXP 	Device response: <KeyPress from None: t=217.40079199999673, value=a, duration=0.10341540000081295>
217.8959 	EXP 	LDT_stim_text: autoDraw = True
217.9043 	EXP 	LDT_fix_text: autoDraw = False
218.8223 	EXP 	Device response: <KeyPress from None: t=218.8178657999997, value=a, duration=None>
218.8225 	EXP 	New trial (rep=0, index=142): <Trial 142 (142 in rep 0) data={'Task': 'LDT', 'TrialType': 'Target', 'Stimuli': 'half', 'StimulusType': 'word', 'CorrectResponse': 'l', 'Trialnumb': 51, 'thisN': 142, 'thisTrialN': 142, 'thisRepN': 0}>
218.8302 	EXP 	LDT_fix_text: autoDraw = False
218.8302 	EXP 	LDT_stim_text: autoDraw = False
218.8302 	EXP 	LDT_break_text: autoDraw = False
218.8302 	EXP 	LDT_stim_text: height = np.float64(0.1)
218.8302 	EXP 	LDT_stim_text: height = np.float64(0.1)
218.8302 	EXP 	LDT_stim_text: height = np.float64(0.1)
218.8302 	EXP 	LDT_stim_text: text = 'half'
218.8302 	EXP 	LDT_fix_text: autoDraw = True
218.8307 	DATA 	Keypress: a
218.9056 	EXP 	Device response: <KeyPress from None: t=218.8178657999997, value=a, duration=0.08658809999906225>
219.3140 	EXP 	LDT_stim_text: autoDraw = True
219.3224 	EXP 	LDT_fix_text: autoDraw = False
220.0734 	EXP 	Device response: <KeyPress from None: t=220.07284289999734, value=l, duration=None>
220.0737 	EXP 	New trial (rep=0, index=143): <Trial 143 (143 in rep 0) data={'Task': 'LDT', 'TrialType': 'Target', 'Stimuli': 'toas', 'StimulusType': 'nonword', 'CorrectResponse': 'a', 'Trialnumb': 203, 'thisN': 143, 'thisTrialN': 143, 'thisRepN': 0}>
220.0815 	EXP 	LDT_fix_text: autoDraw = False
220.0815 	EXP 	LDT_stim_text: autoDraw = False
220.0815 	EXP 	LDT_break_text: autoDraw = False
220.0815 	EXP 	LDT_stim_text: height = np.float64(0.1)
220.0815 	EXP 	LDT_stim_text: height = np.float64(0.1)
220.0815 	EXP 	LDT_stim_text: height = np.float64(0.1)
220.0815 	EXP 	LDT_stim_text: text = 'toas'
220.0815 	EXP 	LDT_fix_text: autoDraw = True
220.0820 	DATA 	Keypress: l
220.1652 	EXP 	Device response: <KeyPress from None: t=220.07284289999734, value=l, duration=0.08799709999948391>
220.5653 	EXP 	LDT_stim_text: autoDraw = True
220.5736 	EXP 	LDT_fix_text: autoDraw = False
221.2579 	EXP 	Device response: <KeyPress from None: t=221.2565951999968, value=a, duration=None>
221.2582 	EXP 	New trial (rep=0, index=144): <Trial 144 (144 in rep 0) data={'Task': 'LDT', 'TrialType': 'Target', 'Stimuli': 'pess', 'StimulusType': 'nonword', 'CorrectResponse': 'a', 'Trialnumb': 180, 'thisN': 144, 'thisTrialN': 144, 'thisRepN': 0}>
221.2659 	EXP 	LDT_fix_text: autoDraw = False
221.2659 	EXP 	LDT_stim_text: autoDraw = False
221.2659 	EXP 	LDT_break_text: autoDraw = False
221.2659 	EXP 	LDT_stim_text: height = np.float64(0.1)
221.2659 	EXP 	LDT_stim_text: height = np.float64(0.1)
221.2659 	EXP 	LDT_stim_text: height = np.float64(0.1)
221.2659 	EXP 	LDT_stim_text: text = 'pess'
221.2659 	EXP 	LDT_fix_text: autoDraw = True
221.2664 	DATA 	Keypress: a
221.3080 	EXP 	Device response: <KeyPress from None: t=221.2565951999968, value=a, duration=0.047712999999930616>
221.7498 	EXP 	LDT_stim_text: autoDraw = True
221.7581 	EXP 	LDT_fix_text: autoDraw = False
222.4674 	EXP 	Device response: <KeyPress from None: t=222.46489409999776, value=a, duration=None>
222.4676 	EXP 	New trial (rep=0, index=145): <Trial 145 (145 in rep 0) data={'Task': 'LDT', 'TrialType': 'Target', 'Stimuli': 'pack', 'StimulusType': 'word', 'CorrectResponse': 'l', 'Trialnumb': 76, 'thisN': 145, 'thisTrialN': 145, 'thisRepN': 0}>
222.4755 	EXP 	LDT_fix_text: autoDraw = False
222.4755 	EXP 	LDT_stim_text: autoDraw = False
222.4755 	EXP 	LDT_break_text: autoDraw = False
222.4755 	EXP 	LDT_stim_text: height = np.float64(0.1)
222.4755 	EXP 	LDT_stim_text: height = np.float64(0.1)
222.4755 	EXP 	LDT_stim_text: height = np.float64(0.1)
222.4755 	EXP 	LDT_stim_text: text = 'pack'
222.4755 	EXP 	LDT_fix_text: autoDraw = True
222.4760 	DATA 	Keypress: a
222.5259 	EXP 	Device response: <KeyPress from None: t=222.46489409999776, value=a, duration=0.055828299999120645>
222.9593 	EXP 	LDT_stim_text: autoDraw = True
222.9676 	EXP 	LDT_fix_text: autoDraw = False
224.6029 	EXP 	Device response: <KeyPress from None: t=224.60015889999704, value=l, duration=None>
224.6031 	EXP 	New trial (rep=0, index=146): <Trial 146 (146 in rep 0) data={'Task': 'LDT', 'TrialType': 'Target', 'Stimuli': 'smat', 'StimulusType': 'nonword', 'CorrectResponse': 'a', 'Trialnumb': 195, 'thisN': 146, 'thisTrialN': 146, 'thisRepN': 0}>
224.6109 	EXP 	LDT_fix_text: autoDraw = False
224.6109 	EXP 	LDT_stim_text: autoDraw = False
224.6109 	EXP 	LDT_break_text: autoDraw = False
224.6109 	EXP 	LDT_stim_text: height = np.float64(0.1)
224.6109 	EXP 	LDT_stim_text: height = np.float64(0.1)
224.6109 	EXP 	LDT_stim_text: height = np.float64(0.1)
224.6109 	EXP 	LDT_stim_text: text = 'smat'
224.6109 	EXP 	LDT_fix_text: autoDraw = True
224.6115 	DATA 	Keypress: l
224.6613 	EXP 	Device response: <KeyPress from None: t=224.60015889999704, value=l, duration=0.056486000001314096>
225.0948 	EXP 	LDT_stim_text: autoDraw = True
225.1031 	EXP 	LDT_fix_text: autoDraw = False
225.9709 	EXP 	Device response: <KeyPress from None: t=225.9681684999996, value=a, duration=None>
225.9711 	EXP 	New trial (rep=0, index=147): <Trial 147 (147 in rep 0) data={'Task': 'LDT', 'TrialType': 'Target', 'Stimuli': 'berm', 'StimulusType': 'nonword', 'CorrectResponse': 'a', 'Trialnumb': 121, 'thisN': 147, 'thisTrialN': 147, 'thisRepN': 0}>
225.9790 	EXP 	LDT_fix_text: autoDraw = False
225.9790 	EXP 	LDT_stim_text: autoDraw = False
225.9790 	EXP 	LDT_break_text: autoDraw = False
225.9790 	EXP 	LDT_stim_text: height = np.float64(0.1)
225.9790 	EXP 	LDT_stim_text: height = np.float64(0.1)
225.9790 	EXP 	LDT_stim_text: height = np.float64(0.1)
225.9790 	EXP 	LDT_stim_text: text = 'berm'
225.9790 	EXP 	LDT_fix_text: autoDraw = True
225.9796 	DATA 	Keypress: a
226.0294 	EXP 	Device response: <KeyPress from None: t=225.9681684999996, value=a, duration=0.0560111999984656>
226.4628 	EXP 	LDT_stim_text: autoDraw = True
226.4711 	EXP 	LDT_fix_text: autoDraw = False
228.0146 	EXP 	Device response: <KeyPress from None: t=228.00996459999806, value=a, duration=None>
228.0148 	EXP 	New trial (rep=0, index=148): <Trial 148 (148 in rep 0) data={'Task': 'LDT', 'TrialType': 'Target', 'Stimuli': 'back', 'StimulusType': 'word', 'CorrectResponse': 'l', 'Trialnumb': 8, 'thisN': 148, 'thisTrialN': 148, 'thisRepN': 0}>
228.0227 	EXP 	LDT_fix_text: autoDraw = False
228.0227 	EXP 	LDT_stim_text: autoDraw = False
228.0227 	EXP 	LDT_break_text: autoDraw = False
228.0227 	EXP 	LDT_stim_text: height = np.float64(0.1)
228.0227 	EXP 	LDT_stim_text: height = np.float64(0.1)
228.0227 	EXP 	LDT_stim_text: height = np.float64(0.1)
228.0227 	EXP 	LDT_stim_text: text = 'back'
228.0227 	EXP 	LDT_fix_text: autoDraw = True
228.0232 	DATA 	Keypress: a
228.0814 	EXP 	Device response: <KeyPress from None: t=228.00996459999806, value=a, duration=0.07015659999888157>
228.5065 	EXP 	LDT_stim_text: autoDraw = True
228.5148 	EXP 	LDT_fix_text: autoDraw = False
229.1741 	EXP 	Device response: <KeyPress from None: t=229.16947279999658, value=l, duration=None>
229.1743 	EXP 	New trial (rep=0, index=149): <Trial 149 (149 in rep 0) data={'Task': 'LDT', 'TrialType': 'Target', 'Stimuli': 'ran', 'StimulusType': 'word', 'CorrectResponse': 'l', 'Trialnumb': 66, 'thisN': 149, 'thisTrialN': 149, 'thisRepN': 0}>
229.1823 	EXP 	LDT_fix_text: autoDraw = False
229.1823 	EXP 	LDT_stim_text: autoDraw = False
229.1823 	EXP 	LDT_break_text: autoDraw = False
229.1823 	EXP 	LDT_stim_text: height = np.float64(0.1)
229.1823 	EXP 	LDT_stim_text: height = np.float64(0.1)
229.1823 	EXP 	LDT_stim_text: height = np.float64(0.1)
229.1823 	EXP 	LDT_stim_text: text = 'ran'
229.1823 	EXP 	LDT_fix_text: autoDraw = True
229.1828 	DATA 	Keypress: l
229.2410 	EXP 	Device response: <KeyPress from None: t=229.16947279999658, value=l, duration=0.0711001000017859>
229.6661 	EXP 	LDT_stim_text: autoDraw = True
229.6743 	EXP 	LDT_fix_text: autoDraw = False
232.4524 	EXP 	Device response: <KeyPress from None: t=232.44814789999873, value=a, duration=None>
232.4526 	EXP 	New trial (rep=0, index=150): <Trial 150 (150 in rep 0) data={'Task': 'LDT', 'TrialType': 'Target', 'Stimuli': 'rear', 'StimulusType': 'word', 'CorrectResponse': 'l', 'Trialnumb': 110, 'thisN': 150, 'thisTrialN': 150, 'thisRepN': 0}>
232.4604 	EXP 	LDT_fix_text: autoDraw = False
232.4604 	EXP 	LDT_stim_text: autoDraw = False
232.4604 	EXP 	LDT_break_text: autoDraw = False
232.4604 	EXP 	LDT_stim_text: height = np.float64(0.1)
232.4604 	EXP 	LDT_stim_text: height = np.float64(0.1)
232.4604 	EXP 	LDT_stim_text: height = np.float64(0.1)
232.4604 	EXP 	LDT_stim_text: text = 'rear'
232.4604 	EXP 	LDT_fix_text: autoDraw = True
232.4610 	DATA 	Keypress: a
232.5107 	EXP 	Device response: <KeyPress from None: t=232.44814789999873, value=a, duration=0.056423199999699136>
232.9442 	EXP 	LDT_stim_text: autoDraw = True
232.9526 	EXP 	LDT_fix_text: autoDraw = False
234.3876 	EXP 	Device response: <KeyPress from None: t=234.38437919999706, value=a, duration=None>
234.3878 	EXP 	New trial (rep=0, index=151): <Trial 151 (151 in rep 0) data={'Task': 'LDT', 'TrialType': 'Target', 'Stimuli': 'news', 'StimulusType': 'word', 'CorrectResponse': 'l', 'Trialnumb': 45, 'thisN': 151, 'thisTrialN': 151, 'thisRepN': 0}>
234.3956 	EXP 	LDT_fix_text: autoDraw = False
234.3956 	EXP 	LDT_stim_text: autoDraw = False
234.3956 	EXP 	LDT_break_text: autoDraw = False
234.3956 	EXP 	LDT_stim_text: height = np.float64(0.1)
234.3956 	EXP 	LDT_stim_text: height = np.float64(0.1)
234.3956 	EXP 	LDT_stim_text: height = np.float64(0.1)
234.3956 	EXP 	LDT_stim_text: text = 'news'
234.3956 	EXP 	LDT_fix_text: autoDraw = True
234.3961 	DATA 	Keypress: a
234.4460 	EXP 	Device response: <KeyPress from None: t=234.38437919999706, value=a, duration=0.056445400001393864>
234.8794 	EXP 	LDT_stim_text: autoDraw = True
234.8878 	EXP 	LDT_fix_text: autoDraw = False
235.4888 	EXP 	Device response: <KeyPress from None: t=235.4805140999997, value=l, duration=None>
235.4891 	EXP 	New trial (rep=0, index=152): <Trial 152 (152 in rep 0) data={'Task': 'LDT', 'TrialType': 'Target', 'Stimuli': 'veek', 'StimulusType': 'nonword', 'CorrectResponse': 'a', 'Trialnumb': 211, 'thisN': 152, 'thisTrialN': 152, 'thisRepN': 0}>
235.4904 	DATA 	Keypress: l
235.4968 	EXP 	LDT_fix_text: autoDraw = False
235.4968 	EXP 	LDT_stim_text: autoDraw = False
235.4968 	EXP 	LDT_break_text: autoDraw = False
235.4968 	EXP 	LDT_stim_text: height = np.float64(0.1)
235.4968 	EXP 	LDT_stim_text: height = np.float64(0.1)
235.4968 	EXP 	LDT_stim_text: height = np.float64(0.1)
235.4968 	EXP 	LDT_stim_text: text = 'veek'
235.4968 	EXP 	LDT_fix_text: autoDraw = True
235.5888 	EXP 	Device response: <KeyPress from None: t=235.4805140999997, value=l, duration=0.10368039999957546>
235.9806 	EXP 	LDT_stim_text: autoDraw = True
235.9889 	EXP 	LDT_fix_text: autoDraw = False
236.7650 	EXP 	Device response: <KeyPress from None: t=236.76044959999854, value=a, duration=None>
236.7652 	EXP 	New trial (rep=0, index=153): <Trial 153 (153 in rep 0) data={'Task': 'LDT', 'TrialType': 'Target', 'Stimuli': 'gied', 'StimulusType': 'nonword', 'CorrectResponse': 'a', 'Trialnumb': 146, 'thisN': 153, 'thisTrialN': 153, 'thisRepN': 0}>
236.7732 	EXP 	LDT_fix_text: autoDraw = False
236.7732 	EXP 	LDT_stim_text: autoDraw = False
236.7732 	EXP 	LDT_break_text: autoDraw = False
236.7732 	EXP 	LDT_stim_text: height = np.float64(0.1)
236.7732 	EXP 	LDT_stim_text: height = np.float64(0.1)
236.7732 	EXP 	LDT_stim_text: height = np.float64(0.1)
236.7732 	EXP 	LDT_stim_text: text = 'gied'
236.7732 	EXP 	LDT_fix_text: autoDraw = True
236.7737 	DATA 	Keypress: a
236.8317 	EXP 	Device response: <KeyPress from None: t=236.76044959999854, value=a, duration=0.0638306000000739>
237.2568 	EXP 	LDT_stim_text: autoDraw = True
237.2652 	EXP 	LDT_fix_text: autoDraw = False
239.1757 	EXP 	Device response: <KeyPress from None: t=239.16839309999705, value=a, duration=None>
239.1759 	EXP 	New trial (rep=0, index=154): <Trial 154 (154 in rep 0) data={'Task': 'LDT', 'TrialType': 'Target', 'Stimuli': 'zeer', 'StimulusType': 'nonword', 'CorrectResponse': 'a', 'Trialnumb': 222, 'thisN': 154, 'thisTrialN': 154, 'thisRepN': 0}>
239.1839 	EXP 	LDT_fix_text: autoDraw = False
239.1839 	EXP 	LDT_stim_text: autoDraw = False
239.1839 	EXP 	LDT_break_text: autoDraw = False
239.1839 	EXP 	LDT_stim_text: height = np.float64(0.1)
239.1839 	EXP 	LDT_stim_text: height = np.float64(0.1)
239.1839 	EXP 	LDT_stim_text: height = np.float64(0.1)
239.1839 	EXP 	LDT_stim_text: text = 'zeer'
239.1839 	EXP 	LDT_fix_text: autoDraw = True
239.1845 	DATA 	Keypress: a
239.2841 	EXP 	Device response: <KeyPress from None: t=239.16839309999705, value=a, duration=0.11240130000078352>
239.6676 	EXP 	LDT_stim_text: autoDraw = True
239.6759 	EXP 	LDT_fix_text: autoDraw = False
240.4770 	EXP 	Device response: <KeyPress from None: t=240.47290319999956, value=a, duration=None>
240.4772 	EXP 	New trial (rep=0, index=155): <Trial 155 (155 in rep 0) data={'Task': 'LDT', 'TrialType': 'Target', 'Stimuli': 'word', 'StimulusType': 'word', 'CorrectResponse': 'l', 'Trialnumb': 47, 'thisN': 155, 'thisTrialN': 155, 'thisRepN': 0}>
240.4850 	EXP 	LDT_fix_text: autoDraw = False
240.4850 	EXP 	LDT_stim_text: autoDraw = False
240.4850 	EXP 	LDT_break_text: autoDraw = False
240.4850 	EXP 	LDT_stim_text: height = np.float64(0.1)
240.4850 	EXP 	LDT_stim_text: height = np.float64(0.1)
240.4850 	EXP 	LDT_stim_text: height = np.float64(0.1)
240.4850 	EXP 	LDT_stim_text: text = 'word'
240.4850 	EXP 	LDT_fix_text: autoDraw = True
240.4856 	DATA 	Keypress: a
240.6107 	EXP 	Device response: <KeyPress from None: t=240.47290319999956, value=a, duration=0.13721629999781726>
240.9689 	EXP 	LDT_stim_text: autoDraw = True
240.9772 	EXP 	LDT_fix_text: autoDraw = False
242.8210 	EXP 	Device response: <KeyPress from None: t=242.81642979999742, value=l, duration=None>
242.8212 	EXP 	New trial (rep=0, index=156): <Trial 156 (156 in rep 0) data={'Task': 'LDT', 'TrialType': 'Target', 'Stimuli': 'stort', 'StimulusType': 'nonword', 'CorrectResponse': 'a', 'Trialnumb': 201, 'thisN': 156, 'thisTrialN': 156, 'thisRepN': 0}>
242.8291 	EXP 	LDT_fix_text: autoDraw = False
242.8291 	EXP 	LDT_stim_text: autoDraw = False
242.8291 	EXP 	LDT_break_text: autoDraw = False
242.8291 	EXP 	LDT_stim_text: height = np.float64(0.1)
242.8291 	EXP 	LDT_stim_text: height = np.float64(0.1)
242.8291 	EXP 	LDT_stim_text: height = np.float64(0.1)
242.8291 	EXP 	LDT_stim_text: text = 'stort'
242.8291 	EXP 	LDT_fix_text: autoDraw = True
242.8297 	DATA 	Keypress: l
242.9378 	EXP 	Device response: <KeyPress from None: t=242.81642979999742, value=l, duration=0.11315400000239606>
243.3129 	EXP 	LDT_stim_text: autoDraw = True
243.3212 	EXP 	LDT_fix_text: autoDraw = False
244.0305 	EXP 	Device response: <KeyPress from None: t=244.02551519999906, value=l, duration=None>
244.0307 	EXP 	New trial (rep=0, index=157): <Trial 157 (157 in rep 0) data={'Task': 'LDT', 'TrialType': 'Target', 'Stimuli': 'drove', 'StimulusType': 'word', 'CorrectResponse': 'l', 'Trialnumb': 90, 'thisN': 157, 'thisTrialN': 157, 'thisRepN': 0}>
244.0386 	EXP 	LDT_fix_text: autoDraw = False
244.0386 	EXP 	LDT_stim_text: autoDraw = False
244.0386 	EXP 	LDT_break_text: autoDraw = False
244.0386 	EXP 	LDT_stim_text: height = np.float64(0.1)
244.0386 	EXP 	LDT_stim_text: height = np.float64(0.1)
244.0386 	EXP 	LDT_stim_text: height = np.float64(0.1)
244.0386 	EXP 	LDT_stim_text: text = 'drove'
244.0386 	EXP 	LDT_fix_text: autoDraw = True
244.0391 	DATA 	Keypress: l
244.1223 	EXP 	Device response: <KeyPress from None: t=244.02551519999906, value=l, duration=0.09497790000023087>
244.5224 	EXP 	LDT_stim_text: autoDraw = True
244.5307 	EXP 	LDT_fix_text: autoDraw = False
245.7573 	EXP 	Device response: <KeyPress from None: t=245.75202779999745, value=a, duration=None>
245.7575 	EXP 	New trial (rep=0, index=158): <Trial 158 (158 in rep 0) data={'Task': 'LDT', 'TrialType': 'Target', 'Stimuli': 'tran', 'StimulusType': 'nonword', 'CorrectResponse': 'a', 'Trialnumb': 206, 'thisN': 158, 'thisTrialN': 158, 'thisRepN': 0}>
245.7653 	EXP 	LDT_fix_text: autoDraw = False
245.7653 	EXP 	LDT_stim_text: autoDraw = False
245.7653 	EXP 	LDT_break_text: autoDraw = False
245.7653 	EXP 	LDT_stim_text: height = np.float64(0.1)
245.7653 	EXP 	LDT_stim_text: height = np.float64(0.1)
245.7653 	EXP 	LDT_stim_text: height = np.float64(0.1)
245.7653 	EXP 	LDT_stim_text: text = 'tran'
245.7653 	EXP 	LDT_fix_text: autoDraw = True
245.7659 	DATA 	Keypress: a
245.8741 	EXP 	Device response: <KeyPress from None: t=245.75202779999745, value=a, duration=0.1206488999996509>
246.2491 	EXP 	LDT_stim_text: autoDraw = True
246.2574 	EXP 	LDT_fix_text: autoDraw = False
247.6675 	EXP 	Device response: <KeyPress from None: t=247.66413709999688, value=a, duration=None>
247.6678 	EXP 	New trial (rep=0, index=159): <Trial 159 (159 in rep 0) data={'Task': 'LDT', 'TrialType': 'Target', 'Stimuli': 'read', 'StimulusType': 'word', 'CorrectResponse': 'l', 'Trialnumb': 31, 'thisN': 159, 'thisTrialN': 159, 'thisRepN': 0}>
247.6755 	EXP 	LDT_fix_text: autoDraw = False
247.6755 	EXP 	LDT_stim_text: autoDraw = False
247.6755 	EXP 	LDT_break_text: autoDraw = False
247.6755 	EXP 	LDT_stim_text: height = np.float64(0.1)
247.6755 	EXP 	LDT_stim_text: height = np.float64(0.1)
247.6755 	EXP 	LDT_stim_text: height = np.float64(0.1)
247.6755 	EXP 	LDT_stim_text: text = 'read'
247.6755 	EXP 	LDT_fix_text: autoDraw = True
247.6761 	DATA 	Keypress: a
247.7258 	EXP 	Device response: <KeyPress from None: t=247.66413709999688, value=a, duration=0.056846900002710754>
248.1593 	EXP 	LDT_stim_text: autoDraw = True
248.1677 	EXP 	LDT_fix_text: autoDraw = False
248.7020 	EXP 	Device response: <KeyPress from None: t=248.69749599999705, value=l, duration=None>
248.7023 	EXP 	New trial (rep=0, index=160): <Trial 160 (160 in rep 0) data={'Task': 'LDT', 'TrialType': 'Target', 'Stimuli': 'biss', 'StimulusType': 'nonword', 'CorrectResponse': 'a', 'Trialnumb': 123, 'thisN': 160, 'thisTrialN': 160, 'thisRepN': 0}>
248.7099 	EXP 	LDT_fix_text: autoDraw = False
248.7099 	EXP 	LDT_stim_text: autoDraw = False
248.7099 	EXP 	LDT_break_text: autoDraw = False
248.7099 	EXP 	LDT_stim_text: height = np.float64(0.1)
248.7099 	EXP 	LDT_stim_text: height = np.float64(0.1)
248.7099 	EXP 	LDT_stim_text: height = np.float64(0.1)
248.7099 	EXP 	LDT_stim_text: text = 'biss'
248.7099 	EXP 	LDT_fix_text: autoDraw = True
248.7104 	DATA 	Keypress: l
248.7936 	EXP 	Device response: <KeyPress from None: t=248.69749599999705, value=l, duration=0.09506080000210204>
249.1937 	EXP 	LDT_stim_text: autoDraw = True
249.2020 	EXP 	LDT_fix_text: autoDraw = False
250.1283 	EXP 	Device response: <KeyPress from None: t=250.12044559999777, value=l, duration=None>
250.1285 	EXP 	New trial (rep=0, index=161): <Trial 161 (161 in rep 0) data={'Task': 'LDT', 'TrialType': 'Target', 'Stimuli': 'borm', 'StimulusType': 'nonword', 'CorrectResponse': 'a', 'Trialnumb': 124, 'thisN': 161, 'thisTrialN': 161, 'thisRepN': 0}>
250.1363 	EXP 	LDT_fix_text: autoDraw = False
250.1363 	EXP 	LDT_stim_text: autoDraw = False
250.1363 	EXP 	LDT_break_text: autoDraw = False
250.1363 	EXP 	LDT_stim_text: height = np.float64(0.1)
250.1363 	EXP 	LDT_stim_text: height = np.float64(0.1)
250.1363 	EXP 	LDT_stim_text: height = np.float64(0.1)
250.1363 	EXP 	LDT_stim_text: text = 'borm'
250.1363 	EXP 	LDT_fix_text: autoDraw = True
250.1369 	DATA 	Keypress: l
250.2034 	EXP 	Device response: <KeyPress from None: t=250.12044559999777, value=l, duration=0.08119160000205738>
250.6201 	EXP 	LDT_stim_text: autoDraw = True
250.6284 	EXP 	LDT_fix_text: autoDraw = False
253.6401 	EXP 	Device response: <KeyPress from None: t=253.6327870999994, value=a, duration=None>
253.6403 	EXP 	New trial (rep=0, index=162): <Trial 162 (162 in rep 0) data={'Task': 'LDT', 'TrialType': 'Target', 'Stimuli': 'pahe', 'StimulusType': 'nonword', 'CorrectResponse': 'a', 'Trialnumb': 178, 'thisN': 162, 'thisTrialN': 162, 'thisRepN': 0}>
253.6481 	EXP 	LDT_fix_text: autoDraw = False
253.6481 	EXP 	LDT_stim_text: autoDraw = False
253.6481 	EXP 	LDT_break_text: autoDraw = False
253.6481 	EXP 	LDT_stim_text: height = np.float64(0.1)
253.6481 	EXP 	LDT_stim_text: height = np.float64(0.1)
253.6481 	EXP 	LDT_stim_text: height = np.float64(0.1)
253.6481 	EXP 	LDT_stim_text: text = 'pahe'
253.6481 	EXP 	LDT_fix_text: autoDraw = True
253.6486 	DATA 	Keypress: a
253.6985 	EXP 	Device response: <KeyPress from None: t=253.6327870999994, value=a, duration=0.0637057999992976>
254.1319 	EXP 	LDT_stim_text: autoDraw = True
254.1403 	EXP 	LDT_fix_text: autoDraw = False
254.8246 	EXP 	Device response: <KeyPress from None: t=254.81639549999818, value=a, duration=None>
254.8248 	EXP 	New trial (rep=0, index=163): <Trial 163 (163 in rep 0) data={'Task': 'LDT', 'TrialType': 'Target', 'Stimuli': 'sere', 'StimulusType': 'nonword', 'CorrectResponse': 'a', 'Trialnumb': 190, 'thisN': 163, 'thisTrialN': 163, 'thisRepN': 0}>
254.8326 	EXP 	LDT_fix_text: autoDraw = False
254.8326 	EXP 	LDT_stim_text: autoDraw = False
254.8326 	EXP 	LDT_break_text: autoDraw = False
254.8326 	EXP 	LDT_stim_text: height = np.float64(0.1)
254.8326 	EXP 	LDT_stim_text: height = np.float64(0.1)
254.8326 	EXP 	LDT_stim_text: height = np.float64(0.1)
254.8326 	EXP 	LDT_stim_text: text = 'sere'
254.8326 	EXP 	LDT_fix_text: autoDraw = True
254.8331 	DATA 	Keypress: a
254.8747 	EXP 	Device response: <KeyPress from None: t=254.81639549999818, value=a, duration=0.055697499999951106>
255.3164 	EXP 	LDT_stim_text: autoDraw = True
255.3248 	EXP 	LDT_fix_text: autoDraw = False
256.1427 	EXP 	Device response: <KeyPress from None: t=256.1359459999985, value=a, duration=None>
256.1430 	EXP 	New trial (rep=0, index=164): <Trial 164 (164 in rep 0) data={'Task': 'LDT', 'TrialType': 'Target', 'Stimuli': 'daste', 'StimulusType': 'nonword', 'CorrectResponse': 'a', 'Trialnumb': 136, 'thisN': 164, 'thisTrialN': 164, 'thisRepN': 0}>
256.1506 	EXP 	LDT_fix_text: autoDraw = False
256.1506 	EXP 	LDT_stim_text: autoDraw = False
256.1506 	EXP 	LDT_break_text: autoDraw = False
256.1506 	EXP 	LDT_stim_text: height = np.float64(0.1)
256.1506 	EXP 	LDT_stim_text: height = np.float64(0.1)
256.1506 	EXP 	LDT_stim_text: height = np.float64(0.1)
256.1506 	EXP 	LDT_stim_text: text = 'daste'
256.1506 	EXP 	LDT_fix_text: autoDraw = True
256.1511 	DATA 	Keypress: a
256.2009 	EXP 	Device response: <KeyPress from None: t=256.1359459999985, value=a, duration=0.05680519999805256>
256.6344 	EXP 	LDT_stim_text: autoDraw = True
256.6428 	EXP 	LDT_fix_text: autoDraw = False
257.6775 	EXP 	Device response: <KeyPress from None: t=257.6719658999973, value=a, duration=None>
257.6777 	EXP 	New trial (rep=0, index=165): <Trial 165 (165 in rep 0) data={'Task': 'LDT', 'TrialType': 'Target', 'Stimuli': 'darb', 'StimulusType': 'nonword', 'CorrectResponse': 'a', 'Trialnumb': 134, 'thisN': 165, 'thisTrialN': 165, 'thisRepN': 0}>
257.6854 	EXP 	LDT_fix_text: autoDraw = False
257.6854 	EXP 	LDT_stim_text: autoDraw = False
257.6854 	EXP 	LDT_break_text: autoDraw = False
257.6854 	EXP 	LDT_stim_text: height = np.float64(0.1)
257.6854 	EXP 	LDT_stim_text: height = np.float64(0.1)
257.6854 	EXP 	LDT_stim_text: height = np.float64(0.1)
257.6854 	EXP 	LDT_stim_text: text = 'darb'
257.6854 	EXP 	LDT_fix_text: autoDraw = True
257.6860 	DATA 	Keypress: a
257.8443 	EXP 	Device response: <KeyPress from None: t=257.6719658999973, value=a, duration=0.16867009999987204>
258.1693 	EXP 	LDT_stim_text: autoDraw = True
258.1776 	EXP 	LDT_fix_text: autoDraw = False
259.1456 	EXP 	Device response: <KeyPress from None: t=259.1446438999992, value=a, duration=None>
259.1459 	EXP 	New trial (rep=0, index=166): <Trial 166 (166 in rep 0) data={'Task': 'LDT', 'TrialType': 'Target', 'Stimuli': 'junk', 'StimulusType': 'word', 'CorrectResponse': 'l', 'Trialnumb': 105, 'thisN': 166, 'thisTrialN': 166, 'thisRepN': 0}>
259.1537 	EXP 	LDT_fix_text: autoDraw = False
259.1537 	EXP 	LDT_stim_text: autoDraw = False
259.1537 	EXP 	LDT_break_text: autoDraw = False
259.1537 	EXP 	LDT_stim_text: height = np.float64(0.1)
259.1537 	EXP 	LDT_stim_text: height = np.float64(0.1)
259.1537 	EXP 	LDT_stim_text: height = np.float64(0.1)
259.1537 	EXP 	LDT_stim_text: text = 'junk'
259.1537 	EXP 	LDT_fix_text: autoDraw = True
259.1542 	DATA 	Keypress: a
259.2458 	EXP 	Device response: <KeyPress from None: t=259.1446438999992, value=a, duration=0.09563960000014049>
259.6374 	EXP 	LDT_stim_text: autoDraw = True
259.6457 	EXP 	LDT_fix_text: autoDraw = False
260.5971 	EXP 	Device response: <KeyPress from None: t=260.5922756999971, value=l, duration=None>
260.5973 	EXP 	New trial (rep=0, index=167): <Trial 167 (167 in rep 0) data={'Task': 'LDT', 'TrialType': 'Target', 'Stimuli': 'grew', 'StimulusType': 'word', 'CorrectResponse': 'l', 'Trialnumb': 89, 'thisN': 167, 'thisTrialN': 167, 'thisRepN': 0}>
260.6050 	EXP 	LDT_fix_text: autoDraw = False
260.6050 	EXP 	LDT_stim_text: autoDraw = False
260.6050 	EXP 	LDT_break_text: autoDraw = False
260.6050 	EXP 	LDT_stim_text: height = np.float64(0.1)
260.6050 	EXP 	LDT_stim_text: height = np.float64(0.1)
260.6050 	EXP 	LDT_stim_text: height = np.float64(0.1)
260.6050 	EXP 	LDT_stim_text: text = 'grew'
260.6050 	EXP 	LDT_fix_text: autoDraw = True
260.6055 	DATA 	Keypress: l
260.7388 	EXP 	Device response: <KeyPress from None: t=260.5922756999971, value=l, duration=0.14419529999941005>
261.0888 	EXP 	LDT_stim_text: autoDraw = True
261.0972 	EXP 	LDT_fix_text: autoDraw = False
261.6481 	EXP 	Device response: <KeyPress from None: t=261.6403720999988, value=l, duration=None>
261.6483 	EXP 	New trial (rep=0, index=168): <Trial 168 (168 in rep 0) data={'Task': 'LDT', 'TrialType': 'Target', 'Stimuli': 'cips', 'StimulusType': 'nonword', 'CorrectResponse': 'a', 'Trialnumb': 128, 'thisN': 168, 'thisTrialN': 168, 'thisRepN': 0}>
261.6560 	EXP 	LDT_fix_text: autoDraw = False
261.6560 	EXP 	LDT_stim_text: autoDraw = False
261.6560 	EXP 	LDT_break_text: autoDraw = False
261.6560 	EXP 	LDT_stim_text: height = np.float64(0.1)
261.6560 	EXP 	LDT_stim_text: height = np.float64(0.1)
261.6560 	EXP 	LDT_stim_text: height = np.float64(0.1)
261.6560 	EXP 	LDT_stim_text: text = 'cips'
261.6560 	EXP 	LDT_fix_text: autoDraw = True
261.6566 	DATA 	Keypress: l
261.8065 	EXP 	Device response: <KeyPress from None: t=261.6403720999988, value=l, duration=0.1599620999986655>
262.1399 	EXP 	LDT_stim_text: autoDraw = True
262.1482 	EXP 	LDT_fix_text: autoDraw = False
263.0661 	EXP 	Device response: <KeyPress from None: t=263.0646579999993, value=a, duration=None>
263.0663 	EXP 	New trial (rep=0, index=169): <Trial 169 (169 in rep 0) data={'Task': 'LDT', 'TrialType': 'Target', 'Stimuli': 'hork', 'StimulusType': 'nonword', 'CorrectResponse': 'a', 'Trialnumb': 156, 'thisN': 169, 'thisTrialN': 169, 'thisRepN': 0}>
263.0742 	EXP 	LDT_fix_text: autoDraw = False
263.0742 	EXP 	LDT_stim_text: autoDraw = False
263.0742 	EXP 	LDT_break_text: autoDraw = False
263.0742 	EXP 	LDT_stim_text: height = np.float64(0.1)
263.0742 	EXP 	LDT_stim_text: height = np.float64(0.1)
263.0742 	EXP 	LDT_stim_text: height = np.float64(0.1)
263.0742 	EXP 	LDT_stim_text: text = 'hork'
263.0742 	EXP 	LDT_fix_text: autoDraw = True
263.0747 	DATA 	Keypress: a
263.1662 	EXP 	Device response: <KeyPress from None: t=263.0646579999993, value=a, duration=0.09613059999901452>
263.5580 	EXP 	LDT_stim_text: autoDraw = True
263.5663 	EXP 	LDT_fix_text: autoDraw = False
264.2923 	EXP 	Device response: <KeyPress from None: t=264.2881095999983, value=a, duration=None>
264.2925 	EXP 	New trial (rep=0, index=170): <Trial 170 (170 in rep 0) data={'Task': 'LDT', 'TrialType': 'Target', 'Stimuli': 'pick', 'StimulusType': 'word', 'CorrectResponse': 'l', 'Trialnumb': 58, 'thisN': 170, 'thisTrialN': 170, 'thisRepN': 0}>
264.3005 	EXP 	LDT_fix_text: autoDraw = False
264.3005 	EXP 	LDT_stim_text: autoDraw = False
264.3005 	EXP 	LDT_break_text: autoDraw = False
264.3005 	EXP 	LDT_stim_text: height = np.float64(0.1)
264.3005 	EXP 	LDT_stim_text: height = np.float64(0.1)
264.3005 	EXP 	LDT_stim_text: height = np.float64(0.1)
264.3005 	EXP 	LDT_stim_text: text = 'pick'
264.3005 	EXP 	LDT_fix_text: autoDraw = True
264.3011 	DATA 	Keypress: a
264.4175 	EXP 	Device response: <KeyPress from None: t=264.2881095999983, value=a, duration=0.12796000000162167>
264.7842 	EXP 	LDT_stim_text: autoDraw = True
264.7925 	EXP 	LDT_fix_text: autoDraw = False
265.3268 	EXP 	Device response: <KeyPress from None: t=265.32006179999735, value=l, duration=None>
265.3271 	EXP 	New trial (rep=0, index=171): <Trial 171 (171 in rep 0) data={'Task': 'LDT', 'TrialType': 'Target', 'Stimuli': 'side', 'StimulusType': 'word', 'CorrectResponse': 'l', 'Trialnumb': 48, 'thisN': 171, 'thisTrialN': 171, 'thisRepN': 0}>
265.3348 	EXP 	LDT_fix_text: autoDraw = False
265.3348 	EXP 	LDT_stim_text: autoDraw = False
265.3348 	EXP 	LDT_break_text: autoDraw = False
265.3348 	EXP 	LDT_stim_text: height = np.float64(0.1)
265.3348 	EXP 	LDT_stim_text: height = np.float64(0.1)
265.3348 	EXP 	LDT_stim_text: height = np.float64(0.1)
265.3348 	EXP 	LDT_stim_text: text = 'side'
265.3348 	EXP 	LDT_fix_text: autoDraw = True
265.3354 	DATA 	Keypress: l
265.4351 	EXP 	Device response: <KeyPress from None: t=265.32006179999735, value=l, duration=0.1120069999997213>
265.8185 	EXP 	LDT_stim_text: autoDraw = True
265.8269 	EXP 	LDT_fix_text: autoDraw = False
266.2860 	EXP 	Device response: <KeyPress from None: t=266.2810458999993, value=l, duration=None>
266.2862 	EXP 	New trial (rep=0, index=172): <Trial 172 (172 in rep 0) data={'Task': 'LDT', 'TrialType': 'Target', 'Stimuli': 'come', 'StimulusType': 'word', 'CorrectResponse': 'l', 'Trialnumb': 7, 'thisN': 172, 'thisTrialN': 172, 'thisRepN': 0}>
266.2940 	EXP 	LDT_fix_text: autoDraw = False
266.2940 	EXP 	LDT_stim_text: autoDraw = False
266.2940 	EXP 	LDT_break_text: autoDraw = False
266.2940 	EXP 	LDT_stim_text: height = np.float64(0.1)
266.2940 	EXP 	LDT_stim_text: height = np.float64(0.1)
266.2940 	EXP 	LDT_stim_text: height = np.float64(0.1)
266.2940 	EXP 	LDT_stim_text: text = 'come'
266.2940 	EXP 	LDT_fix_text: autoDraw = True
266.2946 	DATA 	Keypress: l
266.4028 	EXP 	Device response: <KeyPress from None: t=266.2810458999993, value=l, duration=0.11959449999994831>
266.7778 	EXP 	LDT_stim_text: autoDraw = True
266.7862 	EXP 	LDT_fix_text: autoDraw = False
267.2537 	EXP 	Device response: <KeyPress from None: t=267.2482413999969, value=l, duration=None>
267.2539 	EXP 	New trial (rep=0, index=173): <Trial 173 (173 in rep 0) data={'Task': 'LDT', 'TrialType': 'Target', 'Stimuli': 'club', 'StimulusType': 'word', 'CorrectResponse': 'l', 'Trialnumb': 64, 'thisN': 173, 'thisTrialN': 173, 'thisRepN': 0}>
267.2617 	EXP 	LDT_fix_text: autoDraw = False
267.2617 	EXP 	LDT_stim_text: autoDraw = False
267.2617 	EXP 	LDT_break_text: autoDraw = False
267.2617 	EXP 	LDT_stim_text: height = np.float64(0.1)
267.2617 	EXP 	LDT_stim_text: height = np.float64(0.1)
267.2617 	EXP 	LDT_stim_text: height = np.float64(0.1)
267.2617 	EXP 	LDT_stim_text: text = 'club'
267.2617 	EXP 	LDT_fix_text: autoDraw = True
267.2622 	DATA 	Keypress: l
267.3703 	EXP 	Device response: <KeyPress from None: t=267.2482413999969, value=l, duration=0.11963050000122166>
267.7454 	EXP 	LDT_stim_text: autoDraw = True
267.7538 	EXP 	LDT_fix_text: autoDraw = False
268.1045 	EXP 	Device response: <KeyPress from None: t=268.1041039999982, value=l, duration=None>
268.1047 	EXP 	New trial (rep=0, index=174): <Trial 174 (174 in rep 0) data={'Task': 'LDT', 'TrialType': 'Target', 'Stimuli': 'stad', 'StimulusType': 'nonword', 'CorrectResponse': 'a', 'Trialnumb': 116, 'thisN': 174, 'thisTrialN': 174, 'thisRepN': 0}>
268.1126 	EXP 	LDT_fix_text: autoDraw = False
268.1126 	EXP 	LDT_stim_text: autoDraw = False
268.1126 	EXP 	LDT_break_text: autoDraw = False
268.1126 	EXP 	LDT_stim_text: height = np.float64(0.1)
268.1126 	EXP 	LDT_stim_text: height = np.float64(0.1)
268.1126 	EXP 	LDT_stim_text: height = np.float64(0.1)
268.1126 	EXP 	LDT_stim_text: text = 'stad'
268.1126 	EXP 	LDT_fix_text: autoDraw = True
268.1132 	DATA 	Keypress: l
268.2212 	EXP 	Device response: <KeyPress from None: t=268.1041039999982, value=l, duration=0.11257739999928162>
268.5963 	EXP 	LDT_stim_text: autoDraw = True
268.6046 	EXP 	LDT_fix_text: autoDraw = False
268.9720 	EXP 	Device response: <KeyPress from None: t=268.96836039999835, value=l, duration=None>
268.9722 	EXP 	New trial (rep=0, index=175): <Trial 175 (175 in rep 0) data={'Task': 'LDT', 'TrialType': 'Target', 'Stimuli': 'dilt', 'StimulusType': 'nonword', 'CorrectResponse': 'a', 'Trialnumb': 137, 'thisN': 175, 'thisTrialN': 175, 'thisRepN': 0}>
268.9800 	EXP 	LDT_fix_text: autoDraw = False
268.9800 	EXP 	LDT_stim_text: autoDraw = False
268.9800 	EXP 	LDT_break_text: autoDraw = False
268.9800 	EXP 	LDT_stim_text: height = np.float64(0.1)
268.9800 	EXP 	LDT_stim_text: height = np.float64(0.1)
268.9800 	EXP 	LDT_stim_text: height = np.float64(0.1)
268.9800 	EXP 	LDT_stim_text: text = 'dilt'
268.9800 	EXP 	LDT_fix_text: autoDraw = True
268.9806 	DATA 	Keypress: l
269.0804 	EXP 	Device response: <KeyPress from None: t=268.96836039999835, value=l, duration=0.1046052999990934>
269.4638 	EXP 	LDT_stim_text: autoDraw = True
269.4722 	EXP 	LDT_fix_text: autoDraw = False
270.1899 	EXP 	Device response: <KeyPress from None: t=270.1848487999996, value=a, duration=None>
270.1901 	EXP 	New trial (rep=0, index=176): <Trial 176 (176 in rep 0) data={'Task': 'LDT', 'TrialType': 'Target', 'Stimuli': 'price', 'StimulusType': 'word', 'CorrectResponse': 'l', 'Trialnumb': 52, 'thisN': 176, 'thisTrialN': 176, 'thisRepN': 0}>
270.1980 	EXP 	LDT_fix_text: autoDraw = False
270.1980 	EXP 	LDT_stim_text: autoDraw = False
270.1980 	EXP 	LDT_break_text: autoDraw = False
270.1980 	EXP 	LDT_stim_text: height = np.float64(0.1)
270.1980 	EXP 	LDT_stim_text: height = np.float64(0.1)
270.1980 	EXP 	LDT_stim_text: height = np.float64(0.1)
270.1980 	EXP 	LDT_stim_text: text = 'price'
270.1980 	EXP 	LDT_fix_text: autoDraw = True
270.1986 	DATA 	Keypress: a
270.2733 	EXP 	Device response: <KeyPress from None: t=270.1848487999996, value=a, duration=0.08020299999770941>
270.6817 	EXP 	LDT_stim_text: autoDraw = True
270.6900 	EXP 	LDT_fix_text: autoDraw = False
274.1690 	EXP 	Device response: <KeyPress from None: t=274.16061969999646, value=l, duration=None>
274.1692 	EXP 	New trial (rep=0, index=177): <Trial 177 (177 in rep 0) data={'Task': 'LDT', 'TrialType': 'Target', 'Stimuli': 'lay', 'StimulusType': 'word', 'CorrectResponse': 'l', 'Trialnumb': 71, 'thisN': 177, 'thisTrialN': 177, 'thisRepN': 0}>
274.1707 	DATA 	Keypress: l
274.1768 	EXP 	LDT_fix_text: autoDraw = False
274.1768 	EXP 	LDT_stim_text: autoDraw = False
274.1768 	EXP 	LDT_break_text: autoDraw = False
274.1768 	EXP 	LDT_stim_text: height = np.float64(0.1)
274.1768 	EXP 	LDT_stim_text: height = np.float64(0.1)
274.1768 	EXP 	LDT_stim_text: height = np.float64(0.1)
274.1768 	EXP 	LDT_stim_text: text = 'lay'
274.1768 	EXP 	LDT_fix_text: autoDraw = True
274.2272 	EXP 	Device response: <KeyPress from None: t=274.16061969999646, value=l, duration=0.06376850000015111>
274.6606 	EXP 	LDT_stim_text: autoDraw = True
274.6690 	EXP 	LDT_fix_text: autoDraw = False
275.2615 	EXP 	Device response: <KeyPress from None: t=275.2566442999996, value=l, duration=None>
275.2618 	EXP 	New trial (rep=0, index=178): <Trial 178 (178 in rep 0) data={'Task': 'LDT', 'TrialType': 'Target', 'Stimuli': 'buy', 'StimulusType': 'word', 'CorrectResponse': 'l', 'Trialnumb': 25, 'thisN': 178, 'thisTrialN': 178, 'thisRepN': 0}>
275.2696 	EXP 	LDT_fix_text: autoDraw = False
275.2696 	EXP 	LDT_stim_text: autoDraw = False
275.2696 	EXP 	LDT_break_text: autoDraw = False
275.2696 	EXP 	LDT_stim_text: height = np.float64(0.1)
275.2696 	EXP 	LDT_stim_text: height = np.float64(0.1)
275.2696 	EXP 	LDT_stim_text: height = np.float64(0.1)
275.2696 	EXP 	LDT_stim_text: text = 'buy'
275.2696 	EXP 	LDT_fix_text: autoDraw = True
275.2701 	DATA 	Keypress: l
275.3701 	EXP 	Device response: <KeyPress from None: t=275.2566442999996, value=l, duration=0.11176100000011502>
275.7534 	EXP 	LDT_stim_text: autoDraw = True
275.7617 	EXP 	LDT_fix_text: autoDraw = False
276.2042 	EXP 	Device response: <KeyPress from None: t=276.20064959999945, value=l, duration=None>
276.2044 	EXP 	New trial (rep=0, index=179): <Trial 179 (179 in rep 0) data={'Task': 'LDT', 'TrialType': 'Target', 'Stimuli': 'mize', 'StimulusType': 'nonword', 'CorrectResponse': 'a', 'Trialnumb': 174, 'thisN': 179, 'thisTrialN': 179, 'thisRepN': 0}>
276.2122 	EXP 	LDT_fix_text: autoDraw = False
276.2122 	EXP 	LDT_stim_text: autoDraw = False
276.2122 	EXP 	LDT_break_text: autoDraw = False
276.2122 	EXP 	LDT_stim_text: height = np.float64(0.1)
276.2122 	EXP 	LDT_stim_text: height = np.float64(0.1)
276.2122 	EXP 	LDT_stim_text: height = np.float64(0.1)
276.2122 	EXP 	LDT_stim_text: text = 'mize'
276.2122 	EXP 	LDT_fix_text: autoDraw = True
276.2128 	DATA 	Keypress: l
276.2959 	EXP 	Device response: <KeyPress from None: t=276.20064959999945, value=l, duration=0.08808119999957853>
276.6960 	EXP 	LDT_stim_text: autoDraw = True
276.7043 	EXP 	LDT_fix_text: autoDraw = False
277.3803 	EXP 	Device response: <KeyPress from None: t=277.37763359999735, value=a, duration=None>
277.3806 	EXP 	New trial (rep=0, index=180): <Trial 180 (180 in rep 0) data={'Task': 'LDT', 'TrialType': 'Target', 'Stimuli': 'long', 'StimulusType': 'word', 'CorrectResponse': 'l', 'Trialnumb': 6, 'thisN': 180, 'thisTrialN': 180, 'thisRepN': 0}>
277.3884 	EXP 	LDT_fix_text: autoDraw = False
277.3884 	EXP 	LDT_stim_text: autoDraw = False
277.3884 	EXP 	LDT_break_text: autoDraw = False
277.3884 	EXP 	LDT_stim_text: height = np.float64(0.1)
277.3884 	EXP 	LDT_stim_text: height = np.float64(0.1)
277.3884 	EXP 	LDT_stim_text: height = np.float64(0.1)
277.3884 	EXP 	LDT_stim_text: text = 'long'
277.3884 	EXP 	LDT_fix_text: autoDraw = True
277.3889 	DATA 	Keypress: a
277.5138 	EXP 	Device response: <KeyPress from None: t=277.37763359999735, value=a, duration=0.12814390000130516>
277.8722 	EXP 	LDT_stim_text: autoDraw = True
277.8805 	EXP 	LDT_fix_text: autoDraw = False
278.5315 	EXP 	Device response: <KeyPress from None: t=278.5287814999974, value=l, duration=None>
278.5317 	EXP 	New trial (rep=0, index=181): <Trial 181 (181 in rep 0) data={'Task': 'LDT', 'TrialType': 'Target', 'Stimuli': 'host', 'StimulusType': 'word', 'CorrectResponse': 'l', 'Trialnumb': 106, 'thisN': 181, 'thisTrialN': 181, 'thisRepN': 0}>
278.5395 	EXP 	LDT_fix_text: autoDraw = False
278.5395 	EXP 	LDT_stim_text: autoDraw = False
278.5395 	EXP 	LDT_break_text: autoDraw = False
278.5395 	EXP 	LDT_stim_text: height = np.float64(0.1)
278.5395 	EXP 	LDT_stim_text: height = np.float64(0.1)
278.5395 	EXP 	LDT_stim_text: height = np.float64(0.1)
278.5395 	EXP 	LDT_stim_text: text = 'host'
278.5395 	EXP 	LDT_fix_text: autoDraw = True
278.5400 	DATA 	Keypress: l
278.6649 	EXP 	Device response: <KeyPress from None: t=278.5287814999974, value=l, duration=0.12794299999950454>
279.0233 	EXP 	LDT_stim_text: autoDraw = True
279.0316 	EXP 	LDT_fix_text: autoDraw = False
281.0590 	EXP 	Device response: <KeyPress from None: t=281.05625999999756, value=l, duration=None>
281.0592 	EXP 	New trial (rep=0, index=182): <Trial 182 (182 in rep 0) data={'Task': 'LDT', 'TrialType': 'Target', 'Stimuli': 'hide', 'StimulusType': 'word', 'CorrectResponse': 'l', 'Trialnumb': 68, 'thisN': 182, 'thisTrialN': 182, 'thisRepN': 0}>
281.0670 	EXP 	LDT_fix_text: autoDraw = False
281.0670 	EXP 	LDT_stim_text: autoDraw = False
281.0670 	EXP 	LDT_break_text: autoDraw = False
281.0670 	EXP 	LDT_stim_text: height = np.float64(0.1)
281.0670 	EXP 	LDT_stim_text: height = np.float64(0.1)
281.0670 	EXP 	LDT_stim_text: height = np.float64(0.1)
281.0670 	EXP 	LDT_stim_text: text = 'hide'
281.0670 	EXP 	LDT_fix_text: autoDraw = True
281.0675 	DATA 	Keypress: l
281.2091 	EXP 	Device response: <KeyPress from None: t=281.05625999999756, value=l, duration=0.15165390000038315>
281.5508 	EXP 	LDT_stim_text: autoDraw = True
281.5592 	EXP 	LDT_fix_text: autoDraw = False
282.0850 	EXP 	Device response: <KeyPress from None: t=282.08029519999764, value=l, duration=None>
282.0852 	EXP 	New trial (rep=0, index=183): <Trial 183 (183 in rep 0) data={'Task': 'LDT', 'TrialType': 'Target', 'Stimuli': 'hard', 'StimulusType': 'word', 'CorrectResponse': 'l', 'Trialnumb': 22, 'thisN': 183, 'thisTrialN': 183, 'thisRepN': 0}>
282.0932 	EXP 	LDT_fix_text: autoDraw = False
282.0932 	EXP 	LDT_stim_text: autoDraw = False
282.0932 	EXP 	LDT_break_text: autoDraw = False
282.0932 	EXP 	LDT_stim_text: height = np.float64(0.1)
282.0932 	EXP 	LDT_stim_text: height = np.float64(0.1)
282.0932 	EXP 	LDT_stim_text: height = np.float64(0.1)
282.0932 	EXP 	LDT_stim_text: text = 'hard'
282.0932 	EXP 	LDT_fix_text: autoDraw = True
282.0937 	DATA 	Keypress: l
282.2018 	EXP 	Device response: <KeyPress from None: t=282.08029519999764, value=l, duration=0.11991169999964768>
282.5768 	EXP 	LDT_stim_text: autoDraw = True
282.5852 	EXP 	LDT_fix_text: autoDraw = False
287.4821 	EXP 	Device response: <KeyPress from None: t=287.4804839999997, value=l, duration=None>
287.4824 	EXP 	New trial (rep=0, index=184): <Trial 184 (184 in rep 0) data={'Task': 'LDT', 'TrialType': 'Target', 'Stimuli': 'kild', 'StimulusType': 'nonword', 'CorrectResponse': 'a', 'Trialnumb': 165, 'thisN': 184, 'thisTrialN': 184, 'thisRepN': 0}>
287.4900 	EXP 	LDT_fix_text: autoDraw = False
287.4900 	EXP 	LDT_stim_text: autoDraw = False
287.4900 	EXP 	LDT_break_text: autoDraw = False
287.4900 	EXP 	LDT_stim_text: height = np.float64(0.1)
287.4900 	EXP 	LDT_stim_text: height = np.float64(0.1)
287.4900 	EXP 	LDT_stim_text: height = np.float64(0.1)
287.4900 	EXP 	LDT_stim_text: text = 'kild'
287.4900 	EXP 	LDT_fix_text: autoDraw = True
287.4906 	DATA 	Keypress: l
287.6072 	EXP 	Device response: <KeyPress from None: t=287.4804839999997, value=l, duration=0.119766099996923>
287.9739 	EXP 	LDT_stim_text: autoDraw = True
287.9822 	EXP 	LDT_fix_text: autoDraw = False
288.9002 	EXP 	Device response: <KeyPress from None: t=288.8962466999983, value=a, duration=None>
288.9004 	EXP 	New trial (rep=0, index=185): <Trial 185 (185 in rep 0) data={'Task': 'LDT', 'TrialType': 'Target', 'Stimuli': 'wost', 'StimulusType': 'nonword', 'CorrectResponse': 'a', 'Trialnumb': 217, 'thisN': 185, 'thisTrialN': 185, 'thisRepN': 0}>
288.9081 	EXP 	LDT_fix_text: autoDraw = False
288.9081 	EXP 	LDT_stim_text: autoDraw = False
288.9081 	EXP 	LDT_break_text: autoDraw = False
288.9081 	EXP 	LDT_stim_text: height = np.float64(0.1)
288.9081 	EXP 	LDT_stim_text: height = np.float64(0.1)
288.9081 	EXP 	LDT_stim_text: height = np.float64(0.1)
288.9081 	EXP 	LDT_stim_text: text = 'wost'
288.9081 	EXP 	LDT_fix_text: autoDraw = True
288.9088 	DATA 	Keypress: a
289.1087 	EXP 	Device response: <KeyPress from None: t=288.8962466999983, value=a, duration=0.20804900000075577>
289.3919 	EXP 	LDT_stim_text: autoDraw = True
289.4003 	EXP 	LDT_fix_text: autoDraw = False
291.0772 	EXP 	Device response: <KeyPress from None: t=291.07242399999814, value=l, duration=None>
291.0775 	EXP 	New trial (rep=0, index=186): <Trial 186 (186 in rep 0) data={'Task': 'LDT', 'TrialType': 'Target', 'Stimuli': 'saos', 'StimulusType': 'nonword', 'CorrectResponse': 'a', 'Trialnumb': 115, 'thisN': 186, 'thisTrialN': 186, 'thisRepN': 0}>
291.0853 	EXP 	LDT_fix_text: autoDraw = False
291.0853 	EXP 	LDT_stim_text: autoDraw = False
291.0853 	EXP 	LDT_break_text: autoDraw = False
291.0853 	EXP 	LDT_stim_text: height = np.float64(0.1)
291.0853 	EXP 	LDT_stim_text: height = np.float64(0.1)
291.0853 	EXP 	LDT_stim_text: height = np.float64(0.1)
291.0853 	EXP 	LDT_stim_text: text = 'saos'
291.0853 	EXP 	LDT_fix_text: autoDraw = True
291.0858 	DATA 	Keypress: l
291.1858 	EXP 	Device response: <KeyPress from None: t=291.07242399999814, value=l, duration=0.11310389999925974>
291.5691 	EXP 	LDT_stim_text: autoDraw = True
291.5774 	EXP 	LDT_fix_text: autoDraw = False
292.5120 	EXP 	Device response: <KeyPress from None: t=292.5040969999973, value=a, duration=None>
292.5122 	EXP 	New trial (rep=0, index=187): <Trial 187 (187 in rep 0) data={'Task': 'LDT', 'TrialType': 'Target', 'Stimuli': 'heat', 'StimulusType': 'word', 'CorrectResponse': 'l', 'Trialnumb': 79, 'thisN': 187, 'thisTrialN': 187, 'thisRepN': 0}>
292.5200 	EXP 	LDT_fix_text: autoDraw = False
292.5200 	EXP 	LDT_stim_text: autoDraw = False
292.5200 	EXP 	LDT_break_text: autoDraw = False
292.5200 	EXP 	LDT_stim_text: height = np.float64(0.1)
292.5200 	EXP 	LDT_stim_text: height = np.float64(0.1)
292.5200 	EXP 	LDT_stim_text: height = np.float64(0.1)
292.5200 	EXP 	LDT_stim_text: text = 'heat'
292.5200 	EXP 	LDT_fix_text: autoDraw = True
292.5206 	DATA 	Keypress: a
292.6288 	EXP 	Device response: <KeyPress from None: t=292.5040969999973, value=a, duration=0.12131570000201464>
293.0039 	EXP 	LDT_stim_text: autoDraw = True
293.0122 	EXP 	LDT_fix_text: autoDraw = False
293.6799 	EXP 	Device response: <KeyPress from None: t=293.6724617, value=l, duration=None>
293.6801 	EXP 	New trial (rep=0, index=188): <Trial 188 (188 in rep 0) data={'Task': 'LDT', 'TrialType': 'Target', 'Stimuli': 'sound', 'StimulusType': 'word', 'CorrectResponse': 'l', 'Trialnumb': 40, 'thisN': 188, 'thisTrialN': 188, 'thisRepN': 0}>
293.6881 	EXP 	LDT_fix_text: autoDraw = False
293.6881 	EXP 	LDT_stim_text: autoDraw = False
293.6881 	EXP 	LDT_break_text: autoDraw = False
293.6881 	EXP 	LDT_stim_text: height = np.float64(0.1)
293.6881 	EXP 	LDT_stim_text: height = np.float64(0.1)
293.6881 	EXP 	LDT_stim_text: height = np.float64(0.1)
293.6881 	EXP 	LDT_stim_text: text = 'sound'
293.6881 	EXP 	LDT_fix_text: autoDraw = True
293.6887 	DATA 	Keypress: l
293.8133 	EXP 	Device response: <KeyPress from None: t=293.6724617, value=l, duration=0.13535499999852618>
294.1717 	EXP 	LDT_stim_text: autoDraw = True
294.1800 	EXP 	LDT_fix_text: autoDraw = False
294.8059 	EXP 	Device response: <KeyPress from None: t=294.80000169999767, value=l, duration=None>
294.8062 	EXP 	New trial (rep=0, index=189): <Trial 189 (189 in rep 0) data={'Task': 'LDT', 'TrialType': 'Target', 'Stimuli': 'blue', 'StimulusType': 'word', 'CorrectResponse': 'l', 'Trialnumb': 57, 'thisN': 189, 'thisTrialN': 189, 'thisRepN': 0}>
294.8141 	EXP 	LDT_fix_text: autoDraw = False
294.8141 	EXP 	LDT_stim_text: autoDraw = False
294.8141 	EXP 	LDT_break_text: autoDraw = False
294.8141 	EXP 	LDT_stim_text: height = np.float64(0.1)
294.8141 	EXP 	LDT_stim_text: height = np.float64(0.1)
294.8141 	EXP 	LDT_stim_text: height = np.float64(0.1)
294.8141 	EXP 	LDT_stim_text: text = 'blue'
294.8141 	EXP 	LDT_fix_text: autoDraw = True
294.8147 	DATA 	Keypress: l
294.9645 	EXP 	Device response: <KeyPress from None: t=294.80000169999767, value=l, duration=0.16046329999880982>
295.2978 	EXP 	LDT_stim_text: autoDraw = True
295.3061 	EXP 	LDT_fix_text: autoDraw = False
295.9488 	EXP 	Device response: <KeyPress from None: t=295.9440222999983, value=l, duration=None>
295.9490 	EXP 	New trial (rep=0, index=190): <Trial 190 (190 in rep 0) data={'Task': 'LDT', 'TrialType': 'Target', 'Stimuli': 'sarry', 'StimulusType': 'nonword', 'CorrectResponse': 'a', 'Trialnumb': 186, 'thisN': 190, 'thisTrialN': 190, 'thisRepN': 0}>
295.9568 	EXP 	LDT_fix_text: autoDraw = False
295.9568 	EXP 	LDT_stim_text: autoDraw = False
295.9568 	EXP 	LDT_break_text: autoDraw = False
295.9568 	EXP 	LDT_stim_text: height = np.float64(0.1)
295.9568 	EXP 	LDT_stim_text: height = np.float64(0.1)
295.9568 	EXP 	LDT_stim_text: height = np.float64(0.1)
295.9568 	EXP 	LDT_stim_text: text = 'sarry'
295.9568 	EXP 	LDT_fix_text: autoDraw = True
295.9574 	DATA 	Keypress: l
296.0655 	EXP 	Device response: <KeyPress from None: t=295.9440222999983, value=l, duration=0.12096849999943515>
296.4406 	EXP 	LDT_stim_text: autoDraw = True
296.4489 	EXP 	LDT_fix_text: autoDraw = False
297.9425 	EXP 	Device response: <KeyPress from None: t=297.9362803999975, value=a, duration=None>
297.9427 	EXP 	New trial (rep=0, index=191): <Trial 191 (191 in rep 0) data={'Task': 'LDT', 'TrialType': 'Target', 'Stimuli': 'rorn', 'StimulusType': 'nonword', 'CorrectResponse': 'a', 'Trialnumb': 185, 'thisN': 191, 'thisTrialN': 191, 'thisRepN': 0}>
297.9505 	EXP 	LDT_fix_text: autoDraw = False
297.9505 	EXP 	LDT_stim_text: autoDraw = False
297.9505 	EXP 	LDT_break_text: autoDraw = False
297.9505 	EXP 	LDT_stim_text: height = np.float64(0.1)
297.9505 	EXP 	LDT_stim_text: height = np.float64(0.1)
297.9505 	EXP 	LDT_stim_text: height = np.float64(0.1)
297.9505 	EXP 	LDT_stim_text: text = 'rorn'
297.9505 	EXP 	LDT_fix_text: autoDraw = True
297.9509 	DATA 	Keypress: a
298.0842 	EXP 	Device response: <KeyPress from None: t=297.9362803999975, value=a, duration=0.1436573999999382>
298.4343 	EXP 	LDT_stim_text: autoDraw = True
298.4426 	EXP 	LDT_fix_text: autoDraw = False
303.0308 	EXP 	Device response: <KeyPress from None: t=303.02425089999815, value=a, duration=None>
303.0311 	EXP 	New trial (rep=0, index=192): <Trial 192 (192 in rep 0) data={'Task': 'LDT', 'TrialType': 'Target', 'Stimuli': 'pair', 'StimulusType': 'word', 'CorrectResponse': 'l', 'Trialnumb': 81, 'thisN': 192, 'thisTrialN': 192, 'thisRepN': 0}>
303.0390 	EXP 	LDT_fix_text: autoDraw = False
303.0390 	EXP 	LDT_stim_text: autoDraw = False
303.0390 	EXP 	LDT_break_text: autoDraw = False
303.0390 	EXP 	LDT_stim_text: height = np.float64(0.1)
303.0390 	EXP 	LDT_stim_text: height = np.float64(0.1)
303.0390 	EXP 	LDT_stim_text: height = np.float64(0.1)
303.0390 	EXP 	LDT_stim_text: text = 'pair'
303.0390 	EXP 	LDT_fix_text: autoDraw = True
303.0394 	DATA 	Keypress: a
303.1392 	EXP 	Device response: <KeyPress from None: t=303.02425089999815, value=a, duration=0.11165899999832618>
303.5227 	EXP 	LDT_stim_text: autoDraw = True
303.5310 	EXP 	LDT_fix_text: autoDraw = False
304.7158 	EXP 	Device response: <KeyPress from None: t=304.7126442999979, value=l, duration=None>
304.7161 	EXP 	New trial (rep=0, index=193): <Trial 193 (193 in rep 0) data={'Task': 'LDT', 'TrialType': 'Target', 'Stimuli': 'end', 'StimulusType': 'word', 'CorrectResponse': 'l', 'Trialnumb': 33, 'thisN': 193, 'thisTrialN': 193, 'thisRepN': 0}>
304.7238 	EXP 	LDT_fix_text: autoDraw = False
304.7238 	EXP 	LDT_stim_text: autoDraw = False
304.7238 	EXP 	LDT_break_text: autoDraw = False
304.7238 	EXP 	LDT_stim_text: height = np.float64(0.1)
304.7238 	EXP 	LDT_stim_text: height = np.float64(0.1)
304.7238 	EXP 	LDT_stim_text: height = np.float64(0.1)
304.7238 	EXP 	LDT_stim_text: text = 'end'
304.7238 	EXP 	LDT_fix_text: autoDraw = True
304.7244 	DATA 	Keypress: l
304.8826 	EXP 	Device response: <KeyPress from None: t=304.7126442999979, value=l, duration=0.16768020000017714>
305.2077 	EXP 	LDT_stim_text: autoDraw = True
305.2160 	EXP 	LDT_fix_text: autoDraw = False
305.9503 	EXP 	Device response: <KeyPress from None: t=305.9437924999984, value=l, duration=None>
305.9506 	EXP 	New trial (rep=0, index=194): <Trial 194 (194 in rep 0) data={'Task': 'LDT', 'TrialType': 'Target', 'Stimuli': 'dry', 'StimulusType': 'word', 'CorrectResponse': 'l', 'Trialnumb': 77, 'thisN': 194, 'thisTrialN': 194, 'thisRepN': 0}>
305.9585 	EXP 	LDT_fix_text: autoDraw = False
305.9585 	EXP 	LDT_stim_text: autoDraw = False
305.9585 	EXP 	LDT_break_text: autoDraw = False
305.9585 	EXP 	LDT_stim_text: height = np.float64(0.1)
305.9585 	EXP 	LDT_stim_text: height = np.float64(0.1)
305.9585 	EXP 	LDT_stim_text: height = np.float64(0.1)
305.9585 	EXP 	LDT_stim_text: text = 'dry'
305.9585 	EXP 	LDT_fix_text: autoDraw = True
305.9590 	DATA 	Keypress: l
306.1089 	EXP 	Device response: <KeyPress from None: t=305.9437924999984, value=l, duration=0.16155169999910868>
306.4422 	EXP 	LDT_stim_text: autoDraw = True
306.4506 	EXP 	LDT_fix_text: autoDraw = False
307.1015 	EXP 	Device response: <KeyPress from None: t=307.0965606999998, value=l, duration=None>
307.1017 	EXP 	New trial (rep=0, index=195): <Trial 195 (195 in rep 0) data={'Task': 'LDT', 'TrialType': 'Target', 'Stimuli': 'trag', 'StimulusType': 'nonword', 'CorrectResponse': 'a', 'Trialnumb': 205, 'thisN': 195, 'thisTrialN': 195, 'thisRepN': 0}>
307.1095 	EXP 	LDT_fix_text: autoDraw = False
307.1095 	EXP 	LDT_stim_text: autoDraw = False
307.1095 	EXP 	LDT_break_text: autoDraw = False
307.1095 	EXP 	LDT_stim_text: height = np.float64(0.1)
307.1095 	EXP 	LDT_stim_text: height = np.float64(0.1)
307.1095 	EXP 	LDT_stim_text: height = np.float64(0.1)
307.1095 	EXP 	LDT_stim_text: text = 'trag'
307.1095 	EXP 	LDT_fix_text: autoDraw = True
307.1101 	DATA 	Keypress: l
307.2599 	EXP 	Device response: <KeyPress from None: t=307.0965606999998, value=l, duration=0.15977299999940442>
307.5933 	EXP 	LDT_stim_text: autoDraw = True
307.6017 	EXP 	LDT_fix_text: autoDraw = False
309.3871 	EXP 	Device response: <KeyPress from None: t=309.3851576999987, value=a, duration=None>
309.3873 	EXP 	New trial (rep=0, index=196): <Trial 196 (196 in rep 0) data={'Task': 'LDT', 'TrialType': 'Target', 'Stimuli': 'trick', 'StimulusType': 'word', 'CorrectResponse': 'l', 'Trialnumb': 75, 'thisN': 196, 'thisTrialN': 196, 'thisRepN': 0}>
309.3951 	EXP 	LDT_fix_text: autoDraw = False
309.3951 	EXP 	LDT_stim_text: autoDraw = False
309.3951 	EXP 	LDT_break_text: autoDraw = False
309.3951 	EXP 	LDT_stim_text: height = np.float64(0.1)
309.3951 	EXP 	LDT_stim_text: height = np.float64(0.1)
309.3951 	EXP 	LDT_stim_text: height = np.float64(0.1)
309.3951 	EXP 	LDT_stim_text: text = 'trick'
309.3951 	EXP 	LDT_fix_text: autoDraw = True
309.3957 	DATA 	Keypress: a
309.5540 	EXP 	Device response: <KeyPress from None: t=309.3851576999987, value=a, duration=0.16739210000014282>
309.8790 	EXP 	LDT_stim_text: autoDraw = True
309.8873 	EXP 	LDT_fix_text: autoDraw = False
311.0805 	EXP 	Device response: <KeyPress from None: t=311.0736208999988, value=l, duration=None>
311.0807 	EXP 	New trial (rep=0, index=197): <Trial 197 (197 in rep 0) data={'Task': 'LDT', 'TrialType': 'Target', 'Stimuli': 'class', 'StimulusType': 'word', 'CorrectResponse': 'l', 'Trialnumb': 19, 'thisN': 197, 'thisTrialN': 197, 'thisRepN': 0}>
311.0885 	EXP 	LDT_fix_text: autoDraw = False
311.0885 	EXP 	LDT_stim_text: autoDraw = False
311.0885 	EXP 	LDT_break_text: autoDraw = False
311.0885 	EXP 	LDT_stim_text: height = np.float64(0.1)
311.0885 	EXP 	LDT_stim_text: height = np.float64(0.1)
311.0885 	EXP 	LDT_stim_text: height = np.float64(0.1)
311.0885 	EXP 	LDT_stim_text: text = 'class'
311.0885 	EXP 	LDT_fix_text: autoDraw = True
311.0890 	DATA 	Keypress: l
311.1889 	EXP 	Device response: <KeyPress from None: t=311.0736208999988, value=l, duration=0.11111470000105328>
311.5723 	EXP 	LDT_stim_text: autoDraw = True
311.5807 	EXP 	LDT_fix_text: autoDraw = False
312.5402 	EXP 	Device response: <KeyPress from None: t=312.5363099999995, value=l, duration=None>
312.5405 	EXP 	New trial (rep=0, index=198): <Trial 198 (198 in rep 0) data={'Task': 'LDT', 'TrialType': 'Target', 'Stimuli': 'art', 'StimulusType': 'word', 'CorrectResponse': 'l', 'Trialnumb': 15, 'thisN': 198, 'thisTrialN': 198, 'thisRepN': 0}>
312.5483 	EXP 	LDT_fix_text: autoDraw = False
312.5483 	EXP 	LDT_stim_text: autoDraw = False
312.5483 	EXP 	LDT_break_text: autoDraw = False
312.5483 	EXP 	LDT_stim_text: height = np.float64(0.1)
312.5483 	EXP 	LDT_stim_text: height = np.float64(0.1)
312.5483 	EXP 	LDT_stim_text: height = np.float64(0.1)
312.5483 	EXP 	LDT_stim_text: text = 'art'
312.5483 	EXP 	LDT_fix_text: autoDraw = True
312.5489 	DATA 	Keypress: l
312.6571 	EXP 	Device response: <KeyPress from None: t=312.5363099999995, value=l, duration=0.12034990000029211>
313.0321 	EXP 	LDT_stim_text: autoDraw = True
313.0404 	EXP 	LDT_fix_text: autoDraw = False
313.7165 	EXP 	Device response: <KeyPress from None: t=313.71267459999945, value=l, duration=None>
313.7167 	EXP 	New trial (rep=0, index=199): <Trial 199 (199 in rep 0) data={'Task': 'LDT', 'TrialType': 'Target', 'Stimuli': 'mina', 'StimulusType': 'nonword', 'CorrectResponse': 'a', 'Trialnumb': 173, 'thisN': 199, 'thisTrialN': 199, 'thisRepN': 0}>
313.7244 	EXP 	LDT_fix_text: autoDraw = False
313.7244 	EXP 	LDT_stim_text: autoDraw = False
313.7244 	EXP 	LDT_break_text: autoDraw = False
313.7244 	EXP 	LDT_stim_text: height = np.float64(0.1)
313.7244 	EXP 	LDT_stim_text: height = np.float64(0.1)
313.7244 	EXP 	LDT_stim_text: height = np.float64(0.1)
313.7244 	EXP 	LDT_stim_text: text = 'mina'
313.7244 	EXP 	LDT_fix_text: autoDraw = True
313.7250 	DATA 	Keypress: l
313.8248 	EXP 	Device response: <KeyPress from None: t=313.71267459999945, value=l, duration=0.10386409999773605>
314.2082 	EXP 	LDT_stim_text: autoDraw = True
314.2166 	EXP 	LDT_fix_text: autoDraw = False
315.3683 	EXP 	Device response: <KeyPress from None: t=315.3679641999988, value=a, duration=None>
315.3765 	EXP 	New trial (rep=0, index=200): <Trial 200 (200 in rep 0) data={'Task': 'LDT', 'TrialType': 'Target', 'Stimuli': 'vour', 'StimulusType': 'nonword', 'CorrectResponse': 'a', 'Trialnumb': 214, 'thisN': 200, 'thisTrialN': 200, 'thisRepN': 0}>
315.3778 	DATA 	Keypress: a
315.3845 	EXP 	LDT_fix_text: autoDraw = False
315.3845 	EXP 	LDT_stim_text: autoDraw = False
315.3845 	EXP 	LDT_break_text: autoDraw = False
315.3845 	EXP 	LDT_stim_text: height = np.float64(0.1)
315.3845 	EXP 	LDT_stim_text: height = np.float64(0.1)
315.3845 	EXP 	LDT_stim_text: height = np.float64(0.1)
315.3845 	EXP 	LDT_stim_text: text = 'vour'
315.3845 	EXP 	LDT_fix_text: autoDraw = True
315.5432 	EXP 	Device response: <KeyPress from None: t=315.3679641999988, value=a, duration=0.1687951999992947>
315.8683 	EXP 	LDT_stim_text: autoDraw = True
315.8766 	EXP 	LDT_fix_text: autoDraw = False
317.2783 	EXP 	Device response: <KeyPress from None: t=317.27288319999934, value=l, duration=None>
317.2785 	EXP 	New trial (rep=0, index=201): <Trial 201 (201 in rep 0) data={'Task': 'LDT', 'TrialType': 'Target', 'Stimuli': 'cire', 'StimulusType': 'nonword', 'CorrectResponse': 'a', 'Trialnumb': 129, 'thisN': 201, 'thisTrialN': 201, 'thisRepN': 0}>
317.2864 	EXP 	LDT_fix_text: autoDraw = False
317.2864 	EXP 	LDT_stim_text: autoDraw = False
317.2864 	EXP 	LDT_break_text: autoDraw = False
317.2864 	EXP 	LDT_stim_text: height = np.float64(0.1)
317.2864 	EXP 	LDT_stim_text: height = np.float64(0.1)
317.2864 	EXP 	LDT_stim_text: height = np.float64(0.1)
317.2864 	EXP 	LDT_stim_text: text = 'cire'
317.2864 	EXP 	LDT_fix_text: autoDraw = True
317.2870 	DATA 	Keypress: l
317.4201 	EXP 	Device response: <KeyPress from None: t=317.27288319999934, value=l, duration=0.14444759999969392>
317.7701 	EXP 	LDT_stim_text: autoDraw = True
317.7786 	EXP 	LDT_fix_text: autoDraw = False
318.9299 	EXP 	Device response: <KeyPress from None: t=318.92908089999764, value=a, duration=None>
318.9302 	EXP 	New trial (rep=0, index=202): <Trial 202 (202 in rep 0) data={'Task': 'LDT', 'TrialType': 'Target', 'Stimuli': 'virus', 'StimulusType': 'word', 'CorrectResponse': 'l', 'Trialnumb': 100, 'thisN': 202, 'thisTrialN': 202, 'thisRepN': 0}>
318.9380 	EXP 	LDT_fix_text: autoDraw = False
318.9380 	EXP 	LDT_stim_text: autoDraw = False
318.9380 	EXP 	LDT_break_text: autoDraw = False
318.9380 	EXP 	LDT_stim_text: height = np.float64(0.1)
318.9380 	EXP 	LDT_stim_text: height = np.float64(0.1)
318.9380 	EXP 	LDT_stim_text: height = np.float64(0.1)
318.9380 	EXP 	LDT_stim_text: text = 'virus'
318.9380 	EXP 	LDT_fix_text: autoDraw = True
318.9385 	DATA 	Keypress: a
319.0968 	EXP 	Device response: <KeyPress from None: t=318.92908089999764, value=a, duration=0.15952019999895128>
319.4218 	EXP 	LDT_stim_text: autoDraw = True
319.4301 	EXP 	LDT_fix_text: autoDraw = False
320.2145 	EXP 	Device response: <KeyPress from None: t=320.20839339999657, value=l, duration=None>
320.2148 	EXP 	New trial (rep=0, index=203): <Trial 203 (203 in rep 0) data={'Task': 'LDT', 'TrialType': 'Target', 'Stimuli': 'sale', 'StimulusType': 'word', 'CorrectResponse': 'l', 'Trialnumb': 93, 'thisN': 203, 'thisTrialN': 203, 'thisRepN': 0}>
320.2226 	EXP 	LDT_fix_text: autoDraw = False
320.2226 	EXP 	LDT_stim_text: autoDraw = False
320.2226 	EXP 	LDT_break_text: autoDraw = False
320.2226 	EXP 	LDT_stim_text: height = np.float64(0.1)
320.2226 	EXP 	LDT_stim_text: height = np.float64(0.1)
320.2226 	EXP 	LDT_stim_text: height = np.float64(0.1)
320.2226 	EXP 	LDT_stim_text: text = 'sale'
320.2226 	EXP 	LDT_fix_text: autoDraw = True
320.2231 	DATA 	Keypress: l
320.3146 	EXP 	Device response: <KeyPress from None: t=320.20839339999657, value=l, duration=0.10409330000038608>
320.7064 	EXP 	LDT_stim_text: autoDraw = True
320.7147 	EXP 	LDT_fix_text: autoDraw = False
321.3742 	EXP 	Device response: <KeyPress from None: t=321.3690818999967, value=l, duration=None>
321.3744 	EXP 	New trial (rep=0, index=204): <Trial 204 (204 in rep 0) data={'Task': 'LDT', 'TrialType': 'Target', 'Stimuli': 'werd', 'StimulusType': 'nonword', 'CorrectResponse': 'a', 'Trialnumb': 216, 'thisN': 204, 'thisTrialN': 204, 'thisRepN': 0}>
321.3821 	EXP 	LDT_fix_text: autoDraw = False
321.3821 	EXP 	LDT_stim_text: autoDraw = False
321.3821 	EXP 	LDT_break_text: autoDraw = False
321.3821 	EXP 	LDT_stim_text: height = np.float64(0.1)
321.3821 	EXP 	LDT_stim_text: height = np.float64(0.1)
321.3821 	EXP 	LDT_stim_text: height = np.float64(0.1)
321.3821 	EXP 	LDT_stim_text: text = 'werd'
321.3821 	EXP 	LDT_fix_text: autoDraw = True
321.3828 	DATA 	Keypress: l
321.4908 	EXP 	Device response: <KeyPress from None: t=321.3690818999967, value=l, duration=0.11920040000040899>
321.8659 	EXP 	LDT_stim_text: autoDraw = True
321.8742 	EXP 	LDT_fix_text: autoDraw = False
322.4752 	EXP 	Device response: <KeyPress from None: t=322.4721953999979, value=a, duration=None>
322.4754 	EXP 	New trial (rep=0, index=205): <Trial 205 (205 in rep 0) data={'Task': 'LDT', 'TrialType': 'Target', 'Stimuli': 'ranny', 'StimulusType': 'nonword', 'CorrectResponse': 'a', 'Trialnumb': 114, 'thisN': 205, 'thisTrialN': 205, 'thisRepN': 0}>
322.4832 	EXP 	LDT_fix_text: autoDraw = False
322.4832 	EXP 	LDT_stim_text: autoDraw = False
322.4832 	EXP 	LDT_break_text: autoDraw = False
322.4832 	EXP 	LDT_stim_text: height = np.float64(0.1)
322.4832 	EXP 	LDT_stim_text: height = np.float64(0.1)
322.4832 	EXP 	LDT_stim_text: height = np.float64(0.1)
322.4832 	EXP 	LDT_stim_text: text = 'ranny'
322.4832 	EXP 	LDT_fix_text: autoDraw = True
322.4838 	DATA 	Keypress: a
322.6169 	EXP 	Device response: <KeyPress from None: t=322.4721953999979, value=a, duration=0.143917400000646>
322.9670 	EXP 	LDT_stim_text: autoDraw = True
322.9753 	EXP 	LDT_fix_text: autoDraw = False
324.6189 	EXP 	Device response: <KeyPress from None: t=324.6165746999977, value=l, duration=None>
324.6192 	EXP 	New trial (rep=0, index=206): <Trial 206 (206 in rep 0) data={'Task': 'LDT', 'TrialType': 'Target', 'Stimuli': 'colo', 'StimulusType': 'nonword', 'CorrectResponse': 'a', 'Trialnumb': 131, 'thisN': 206, 'thisTrialN': 206, 'thisRepN': 0}>
324.6269 	EXP 	LDT_fix_text: autoDraw = False
324.6269 	EXP 	LDT_stim_text: autoDraw = False
324.6269 	EXP 	LDT_break_text: autoDraw = False
324.6269 	EXP 	LDT_stim_text: height = np.float64(0.1)
324.6269 	EXP 	LDT_stim_text: height = np.float64(0.1)
324.6269 	EXP 	LDT_stim_text: height = np.float64(0.1)
324.6269 	EXP 	LDT_stim_text: text = 'colo'
324.6269 	EXP 	LDT_fix_text: autoDraw = True
324.6275 	DATA 	Keypress: l
324.7357 	EXP 	Device response: <KeyPress from None: t=324.6165746999977, value=l, duration=0.11148909999974421>
325.1108 	EXP 	LDT_stim_text: autoDraw = True
325.1191 	EXP 	LDT_fix_text: autoDraw = False
326.5208 	EXP 	Device response: <KeyPress from None: t=326.51323389999743, value=a, duration=None>
326.5210 	EXP 	New trial (rep=0, index=207): <Trial 207 (207 in rep 0) data={'Task': 'LDT', 'TrialType': 'Target', 'Stimuli': 'green', 'StimulusType': 'word', 'CorrectResponse': 'l', 'Trialnumb': 38, 'thisN': 207, 'thisTrialN': 207, 'thisRepN': 0}>
326.5290 	EXP 	LDT_fix_text: autoDraw = False
326.5290 	EXP 	LDT_stim_text: autoDraw = False
326.5290 	EXP 	LDT_break_text: autoDraw = False
326.5290 	EXP 	LDT_stim_text: height = np.float64(0.1)
326.5290 	EXP 	LDT_stim_text: height = np.float64(0.1)
326.5290 	EXP 	LDT_stim_text: height = np.float64(0.1)
326.5290 	EXP 	LDT_stim_text: text = 'green'
326.5290 	EXP 	LDT_fix_text: autoDraw = True
326.5296 	DATA 	Keypress: a
326.6709 	EXP 	Device response: <KeyPress from None: t=326.51323389999743, value=a, duration=0.15121340000041528>
327.0126 	EXP 	LDT_stim_text: autoDraw = True
327.0210 	EXP 	LDT_fix_text: autoDraw = False
327.6219 	EXP 	Device response: <KeyPress from None: t=327.61581979999755, value=l, duration=None>
327.6222 	EXP 	New trial (rep=0, index=208): <Trial 208 (208 in rep 0) data={'Task': 'LDT', 'TrialType': 'Target', 'Stimuli': 'spag', 'StimulusType': 'nonword', 'CorrectResponse': 'a', 'Trialnumb': 197, 'thisN': 208, 'thisTrialN': 208, 'thisRepN': 0}>
327.6299 	EXP 	LDT_fix_text: autoDraw = False
327.6299 	EXP 	LDT_stim_text: autoDraw = False
327.6299 	EXP 	LDT_break_text: autoDraw = False
327.6299 	EXP 	LDT_stim_text: height = np.float64(0.1)
327.6299 	EXP 	LDT_stim_text: height = np.float64(0.1)
327.6299 	EXP 	LDT_stim_text: height = np.float64(0.1)
327.6299 	EXP 	LDT_stim_text: text = 'spag'
327.6299 	EXP 	LDT_fix_text: autoDraw = True
327.6304 	DATA 	Keypress: l
327.7220 	EXP 	Device response: <KeyPress from None: t=327.61581979999755, value=l, duration=0.10529180000230554>
328.1137 	EXP 	LDT_stim_text: autoDraw = True
328.1221 	EXP 	LDT_fix_text: autoDraw = False
328.8650 	EXP 	Device response: <KeyPress from None: t=328.85671979999825, value=a, duration=None>
328.8652 	EXP 	New trial (rep=0, index=209): <Trial 209 (209 in rep 0) data={'Task': 'LDT', 'TrialType': 'Target', 'Stimuli': 'plue', 'StimulusType': 'nonword', 'CorrectResponse': 'a', 'Trialnumb': 181, 'thisN': 209, 'thisTrialN': 209, 'thisRepN': 0}>
328.8728 	EXP 	LDT_fix_text: autoDraw = False
328.8728 	EXP 	LDT_stim_text: autoDraw = False
328.8728 	EXP 	LDT_break_text: autoDraw = False
328.8728 	EXP 	LDT_stim_text: height = np.float64(0.1)
328.8728 	EXP 	LDT_stim_text: height = np.float64(0.1)
328.8728 	EXP 	LDT_stim_text: height = np.float64(0.1)
328.8728 	EXP 	LDT_stim_text: text = 'plue'
328.8728 	EXP 	LDT_fix_text: autoDraw = True
328.8735 	DATA 	Keypress: a
329.0317 	EXP 	Device response: <KeyPress from None: t=328.85671979999825, value=a, duration=0.1673257000002195>
329.3566 	EXP 	LDT_stim_text: autoDraw = True
329.3650 	EXP 	LDT_fix_text: autoDraw = False
330.1579 	EXP 	Device response: <KeyPress from None: t=330.15233049999733, value=a, duration=None>
330.1581 	EXP 	New trial (rep=0, index=210): <Trial 210 (210 in rep 0) data={'Task': 'LDT', 'TrialType': 'Target', 'Stimuli': 'vome', 'StimulusType': 'nonword', 'CorrectResponse': 'a', 'Trialnumb': 213, 'thisN': 210, 'thisTrialN': 210, 'thisRepN': 0}>
330.1658 	EXP 	LDT_fix_text: autoDraw = False
330.1658 	EXP 	LDT_stim_text: autoDraw = False
330.1658 	EXP 	LDT_break_text: autoDraw = False
330.1658 	EXP 	LDT_stim_text: height = np.float64(0.1)
330.1658 	EXP 	LDT_stim_text: height = np.float64(0.1)
330.1658 	EXP 	LDT_stim_text: height = np.float64(0.1)
330.1658 	EXP 	LDT_stim_text: text = 'vome'
330.1658 	EXP 	LDT_fix_text: autoDraw = True
330.1662 	DATA 	Keypress: a
330.3079 	EXP 	Device response: <KeyPress from None: t=330.15233049999733, value=a, duration=0.15231780000249273>
330.6496 	EXP 	LDT_stim_text: autoDraw = True
330.6579 	EXP 	LDT_fix_text: autoDraw = False
331.2589 	EXP 	Device response: <KeyPress from None: t=331.2558194999983, value=a, duration=None>
331.2591 	EXP 	New trial (rep=0, index=211): <Trial 211 (211 in rep 0) data={'Task': 'LDT', 'TrialType': 'Target', 'Stimuli': 'frow', 'StimulusType': 'nonword', 'CorrectResponse': 'a', 'Trialnumb': 142, 'thisN': 211, 'thisTrialN': 211, 'thisRepN': 0}>
331.2670 	EXP 	LDT_fix_text: autoDraw = False
331.2670 	EXP 	LDT_stim_text: autoDraw = False
331.2670 	EXP 	LDT_break_text: autoDraw = False
331.2670 	EXP 	LDT_stim_text: height = np.float64(0.1)
331.2670 	EXP 	LDT_stim_text: height = np.float64(0.1)
331.2670 	EXP 	LDT_stim_text: height = np.float64(0.1)
331.2670 	EXP 	LDT_stim_text: text = 'frow'
331.2670 	EXP 	LDT_fix_text: autoDraw = True
331.2676 	DATA 	Keypress: a
331.3839 	EXP 	Device response: <KeyPress from None: t=331.2558194999983, value=a, duration=0.11991309999939403>
331.7507 	EXP 	LDT_stim_text: autoDraw = True
331.7590 	EXP 	LDT_fix_text: autoDraw = False
333.0106 	EXP 	Device response: <KeyPress from None: t=333.008094599998, value=a, duration=None>
333.0108 	EXP 	New trial (rep=0, index=212): <Trial 212 (212 in rep 0) data={'Task': 'LDT', 'TrialType': 'Target', 'Stimuli': 'tour', 'StimulusType': 'word', 'CorrectResponse': 'l', 'Trialnumb': 88, 'thisN': 212, 'thisTrialN': 212, 'thisRepN': 0}>
333.0187 	EXP 	LDT_fix_text: autoDraw = False
333.0187 	EXP 	LDT_stim_text: autoDraw = False
333.0187 	EXP 	LDT_break_text: autoDraw = False
333.0187 	EXP 	LDT_stim_text: height = np.float64(0.1)
333.0187 	EXP 	LDT_stim_text: height = np.float64(0.1)
333.0187 	EXP 	LDT_stim_text: height = np.float64(0.1)
333.0187 	EXP 	LDT_stim_text: text = 'tour'
333.0187 	EXP 	LDT_fix_text: autoDraw = True
333.0192 	DATA 	Keypress: a
333.1774 	EXP 	Device response: <KeyPress from None: t=333.008094599998, value=a, duration=0.16856099999858998>
333.5024 	EXP 	LDT_stim_text: autoDraw = True
333.5108 	EXP 	LDT_fix_text: autoDraw = False
334.2618 	EXP 	Device response: <KeyPress from None: t=334.256641699998, value=l, duration=None>
334.2620 	EXP 	New trial (rep=0, index=213): <Trial 213 (213 in rep 0) data={'Task': 'LDT', 'TrialType': 'Target', 'Stimuli': 'raise', 'StimulusType': 'word', 'CorrectResponse': 'l', 'Trialnumb': 73, 'thisN': 213, 'thisTrialN': 213, 'thisRepN': 0}>
334.2699 	EXP 	LDT_fix_text: autoDraw = False
334.2699 	EXP 	LDT_stim_text: autoDraw = False
334.2699 	EXP 	LDT_break_text: autoDraw = False
334.2699 	EXP 	LDT_stim_text: height = np.float64(0.1)
334.2699 	EXP 	LDT_stim_text: height = np.float64(0.1)
334.2699 	EXP 	LDT_stim_text: height = np.float64(0.1)
334.2699 	EXP 	LDT_stim_text: text = 'raise'
334.2699 	EXP 	LDT_fix_text: autoDraw = True
334.2705 	DATA 	Keypress: l
334.3536 	EXP 	Device response: <KeyPress from None: t=334.256641699998, value=l, duration=0.09514370000033523>
334.7537 	EXP 	LDT_stim_text: autoDraw = True
334.7620 	EXP 	LDT_fix_text: autoDraw = False
335.2796 	EXP 	Device response: <KeyPress from None: t=335.2724651999997, value=l, duration=None>
335.2799 	EXP 	New trial (rep=0, index=214): <Trial 214 (214 in rep 0) data={'Task': 'LDT', 'TrialType': 'Target', 'Stimuli': 'pay', 'StimulusType': 'word', 'CorrectResponse': 'l', 'Trialnumb': 42, 'thisN': 214, 'thisTrialN': 214, 'thisRepN': 0}>
335.2875 	EXP 	LDT_fix_text: autoDraw = False
335.2875 	EXP 	LDT_stim_text: autoDraw = False
335.2875 	EXP 	LDT_break_text: autoDraw = False
335.2875 	EXP 	LDT_stim_text: height = np.float64(0.1)
335.2875 	EXP 	LDT_stim_text: height = np.float64(0.1)
335.2875 	EXP 	LDT_stim_text: height = np.float64(0.1)
335.2875 	EXP 	LDT_stim_text: text = 'pay'
335.2875 	EXP 	LDT_fix_text: autoDraw = True
335.2880 	DATA 	Keypress: l
335.4130 	EXP 	Device response: <KeyPress from None: t=335.2724651999997, value=l, duration=0.13612999999895692>
335.7714 	EXP 	LDT_stim_text: autoDraw = True
335.7797 	EXP 	LDT_fix_text: autoDraw = False
336.1387 	EXP 	Device response: <KeyPress from None: t=336.13671199999953, value=l, duration=None>
336.1389 	EXP 	New trial (rep=0, index=215): <Trial 215 (215 in rep 0) data={'Task': 'LDT', 'TrialType': 'Target', 'Stimuli': 'yast', 'StimulusType': 'nonword', 'CorrectResponse': 'a', 'Trialnumb': 218, 'thisN': 215, 'thisTrialN': 215, 'thisRepN': 0}>
336.1467 	EXP 	LDT_fix_text: autoDraw = False
336.1467 	EXP 	LDT_stim_text: autoDraw = False
336.1467 	EXP 	LDT_break_text: autoDraw = False
336.1467 	EXP 	LDT_stim_text: height = np.float64(0.1)
336.1467 	EXP 	LDT_stim_text: height = np.float64(0.1)
336.1467 	EXP 	LDT_stim_text: height = np.float64(0.1)
336.1467 	EXP 	LDT_stim_text: text = 'yast'
336.1467 	EXP 	LDT_fix_text: autoDraw = True
336.1473 	DATA 	Keypress: l
336.2722 	EXP 	Device response: <KeyPress from None: t=336.13671199999953, value=l, duration=0.1272172999997565>
336.6305 	EXP 	LDT_stim_text: autoDraw = True
336.6389 	EXP 	LDT_fix_text: autoDraw = False
337.0145 	EXP 	Device response: <KeyPress from None: t=337.00769129999753, value=l, duration=None>
337.0147 	EXP 	New trial (rep=0, index=216): <Trial 216 (216 in rep 0) data={'Task': 'LDT', 'TrialType': 'Target', 'Stimuli': 'hoon', 'StimulusType': 'nonword', 'CorrectResponse': 'a', 'Trialnumb': 155, 'thisN': 216, 'thisTrialN': 216, 'thisRepN': 0}>
337.0226 	EXP 	LDT_fix_text: autoDraw = False
337.0226 	EXP 	LDT_stim_text: autoDraw = False
337.0226 	EXP 	LDT_break_text: autoDraw = False
337.0226 	EXP 	LDT_stim_text: height = np.float64(0.1)
337.0226 	EXP 	LDT_stim_text: height = np.float64(0.1)
337.0226 	EXP 	LDT_stim_text: height = np.float64(0.1)
337.0226 	EXP 	LDT_stim_text: text = 'hoon'
337.0226 	EXP 	LDT_fix_text: autoDraw = True
337.0230 	DATA 	Keypress: l
337.0813 	EXP 	Device response: <KeyPress from None: t=337.00769129999753, value=l, duration=0.07247619999907329>
337.5064 	EXP 	LDT_stim_text: autoDraw = True
337.5147 	EXP 	LDT_fix_text: autoDraw = False
338.2658 	EXP 	Device response: <KeyPress from None: t=338.26438199999757, value=l, duration=None>
338.2661 	EXP 	New trial (rep=0, index=217): <Trial 217 (217 in rep 0) data={'Task': 'LDT', 'TrialType': 'Target', 'Stimuli': 'flow', 'StimulusType': 'word', 'CorrectResponse': 'l', 'Trialnumb': 108, 'thisN': 217, 'thisTrialN': 217, 'thisRepN': 0}>
338.2738 	EXP 	LDT_fix_text: autoDraw = False
338.2738 	EXP 	LDT_stim_text: autoDraw = False
338.2738 	EXP 	LDT_break_text: autoDraw = False
338.2738 	EXP 	LDT_stim_text: height = np.float64(0.1)
338.2738 	EXP 	LDT_stim_text: height = np.float64(0.1)
338.2738 	EXP 	LDT_stim_text: height = np.float64(0.1)
338.2738 	EXP 	LDT_stim_text: text = 'flow'
338.2738 	EXP 	LDT_fix_text: autoDraw = True
338.2743 	DATA 	Keypress: l
338.3742 	EXP 	Device response: <KeyPress from None: t=338.26438199999757, value=l, duration=0.10484010000072885>
338.7576 	EXP 	LDT_stim_text: autoDraw = True
338.7660 	EXP 	LDT_fix_text: autoDraw = False
339.3919 	EXP 	Device response: <KeyPress from None: t=339.3841171999993, value=l, duration=None>
339.3921 	EXP 	New trial (rep=0, index=218): <Trial 218 (218 in rep 0) data={'Task': 'LDT', 'TrialType': 'Target', 'Stimuli': 'here', 'StimulusType': 'word', 'CorrectResponse': 'l', 'Trialnumb': 4, 'thisN': 218, 'thisTrialN': 218, 'thisRepN': 0}>
339.4000 	EXP 	LDT_fix_text: autoDraw = False
339.4000 	EXP 	LDT_stim_text: autoDraw = False
339.4000 	EXP 	LDT_break_text: autoDraw = False
339.4000 	EXP 	LDT_stim_text: height = np.float64(0.1)
339.4000 	EXP 	LDT_stim_text: height = np.float64(0.1)
339.4000 	EXP 	LDT_stim_text: height = np.float64(0.1)
339.4000 	EXP 	LDT_stim_text: text = 'here'
339.4000 	EXP 	LDT_fix_text: autoDraw = True
339.4006 	DATA 	Keypress: l
339.4503 	EXP 	Device response: <KeyPress from None: t=339.3841171999993, value=l, duration=0.06362249999801861>
339.8838 	EXP 	LDT_stim_text: autoDraw = True
339.8921 	EXP 	LDT_fix_text: autoDraw = False
340.4514 	EXP 	Device response: <KeyPress from None: t=340.4480603999982, value=l, duration=None>
340.4516 	EXP 	New trial (rep=0, index=219): <Trial 219 (219 in rep 0) data={'Task': 'LDT', 'TrialType': 'Target', 'Stimuli': 'basp', 'StimulusType': 'nonword', 'CorrectResponse': 'a', 'Trialnumb': 118, 'thisN': 219, 'thisTrialN': 219, 'thisRepN': 0}>
340.4593 	EXP 	LDT_fix_text: autoDraw = False
340.4593 	EXP 	LDT_stim_text: autoDraw = False
340.4593 	EXP 	LDT_break_text: autoDraw = False
340.4593 	EXP 	LDT_stim_text: height = np.float64(0.1)
340.4593 	EXP 	LDT_stim_text: height = np.float64(0.1)
340.4593 	EXP 	LDT_stim_text: height = np.float64(0.1)
340.4593 	EXP 	LDT_stim_text: text = 'basp'
340.4593 	EXP 	LDT_fix_text: autoDraw = True
340.4599 	DATA 	Keypress: l
340.5681 	EXP 	Device response: <KeyPress from None: t=340.4480603999982, value=l, duration=0.11234390000026906>
340.9431 	EXP 	LDT_stim_text: autoDraw = True
340.9515 	EXP 	LDT_fix_text: autoDraw = False
341.5523 	EXP 	Device response: <KeyPress from None: t=341.5441882999985, value=a, duration=None>
341.5526 	EXP 	New trial (rep=0, index=220): <Trial 220 (220 in rep 0) data={'Task': 'LDT', 'TrialType': 'Target', 'Stimuli': 'brone', 'StimulusType': 'nonword', 'CorrectResponse': 'a', 'Trialnumb': 125, 'thisN': 220, 'thisTrialN': 220, 'thisRepN': 0}>
341.5604 	EXP 	LDT_fix_text: autoDraw = False
341.5604 	EXP 	LDT_stim_text: autoDraw = False
341.5604 	EXP 	LDT_break_text: autoDraw = False
341.5604 	EXP 	LDT_stim_text: height = np.float64(0.1)
341.5604 	EXP 	LDT_stim_text: height = np.float64(0.1)
341.5604 	EXP 	LDT_stim_text: height = np.float64(0.1)
341.5604 	EXP 	LDT_stim_text: text = 'brone'
341.5604 	EXP 	LDT_fix_text: autoDraw = True
341.5610 	DATA 	Keypress: a
341.6777 	EXP 	Device response: <KeyPress from None: t=341.5441882999985, value=a, duration=0.1279276999994181>
342.0442 	EXP 	LDT_stim_text: autoDraw = True
342.0526 	EXP 	LDT_fix_text: autoDraw = False
342.4617 	EXP 	Device response: <KeyPress from None: t=342.4563623999966, value=a, duration=None>
342.4619 	EXP 	New trial (rep=0, index=221): <Trial 221 (221 in rep 0) data={'Task': 'LDT', 'TrialType': 'Target', 'Stimuli': 'loak', 'StimulusType': 'nonword', 'CorrectResponse': 'a', 'Trialnumb': 169, 'thisN': 221, 'thisTrialN': 221, 'thisRepN': 0}>
342.4697 	EXP 	LDT_fix_text: autoDraw = False
342.4697 	EXP 	LDT_stim_text: autoDraw = False
342.4697 	EXP 	LDT_break_text: autoDraw = False
342.4697 	EXP 	LDT_stim_text: height = np.float64(0.1)
342.4697 	EXP 	LDT_stim_text: height = np.float64(0.1)
342.4697 	EXP 	LDT_stim_text: height = np.float64(0.1)
342.4697 	EXP 	LDT_stim_text: text = 'loak'
342.4697 	EXP 	LDT_fix_text: autoDraw = True
342.4704 	DATA 	Keypress: a
342.6118 	EXP 	Device response: <KeyPress from None: t=342.4563623999966, value=a, duration=0.15180210000107763>
342.9535 	EXP 	LDT_stim_text: autoDraw = True
342.9618 	EXP 	LDT_fix_text: autoDraw = False
344.1049 	EXP 	Device response: <KeyPress from None: t=344.096775799997, value=l, duration=None>
344.1130 	EXP 	LDT_fix_text: autoDraw = False
344.1130 	EXP 	LDT_stim_text: autoDraw = False
344.1130 	EXP 	LDT_break_text: autoDraw = False
344.1130 	EXP 	end_text: autoDraw = True
344.1136 	DATA 	Keypress: l
344.2383 	EXP 	Device response: <KeyPress from None: t=344.096775799997, value=l, duration=0.13542290000259527>
347.1076 	EXP 	end_text: autoDraw = False
347.1076 	EXP 	end_text: autoDraw = False
347.1077 	EXP 	online_LDT&KRT: status = STOPPED
