0.8374 	WARNING 	We strongly recommend you activate the PTB sound engine in PsychoPy prefs as the preferred audio engine. Its timing is vastly superior. Your prefs are currently set to use ['sounddevice', 'PTB', 'pyo', 'pygame'] (in that order).
1.5865 	WARNING 	Font Manager failed to load file C:\Users\user\AppData\Local\Microsoft\Windows\Fonts\210 씨앗B.ttf
1.5871 	WARNING 	Font Manager failed to load file C:\Users\user\AppData\Local\Microsoft\Windows\Fonts\210 상상공작소R.ttf
1.5926 	WARNING 	Font Manager failed to load file C:\Users\user\AppData\Local\Microsoft\Windows\Fonts\210 상상공작소B.ttf
1.6015 	WARNING 	Font Manager failed to load file C:\Users\user\AppData\Local\Microsoft\Windows\Fonts\210 카툰스토리R.ttf
1.6018 	WARNING 	Font Manager failed to load file C:\Users\user\AppData\Local\Microsoft\Windows\Fonts\a고딕16.ttf
1.6044 	WARNING 	Font Manager failed to load file C:\Users\user\AppData\Local\Microsoft\Windows\Fonts\서울남산 장체B.ttf
1.6057 	WARNING 	Font Manager failed to load file C:\Users\user\AppData\Local\Microsoft\Windows\Fonts\210 씨앗L.ttf
1.6138 	WARNING 	Font Manager failed to load file C:\Users\user\AppData\Local\Microsoft\Windows\Fonts\a고딕14.ttf
1.6153 	WARNING 	Font Manager failed to load file C:\Users\user\AppData\Local\Microsoft\Windows\Fonts\아리따-돋움(TTF)-Medium.ttf
1.6158 	WARNING 	Font Manager failed to load file C:\Users\user\AppData\Local\Microsoft\Windows\Fonts\210 맨발의청춘R.ttf
1.6165 	WARNING 	Font Manager failed to load file C:\Users\user\AppData\Local\Microsoft\Windows\Fonts\a고딕10.ttf
1.6177 	WARNING 	Font Manager failed to load file C:\Users\user\AppData\Local\Microsoft\Windows\Fonts\210 맨발의청춘B.ttf
1.6184 	WARNING 	Font Manager failed to load file C:\Users\user\AppData\Local\Microsoft\Windows\Fonts\210 콤퓨타세탁R.ttf
1.6185 	WARNING 	Font Manager failed to load file C:\Users\user\AppData\Local\Microsoft\Windows\Fonts\a뉴굴림2.ttf
1.6215 	WARNING 	Font Manager failed to load file C:\Users\user\AppData\Local\Microsoft\Windows\Fonts\a고딕12.ttf
1.6242 	WARNING 	Font Manager failed to load file C:\Users\user\AppData\Local\Microsoft\Windows\Fonts\210 하얀바람B.ttf
1.6245 	WARNING 	Font Manager failed to load file C:\Users\user\AppData\Local\Microsoft\Windows\Fonts\아리따-돋움(TTF)-Thin.ttf
1.6265 	WARNING 	Font Manager failed to load file C:\Users\user\AppData\Local\Microsoft\Windows\Fonts\a뉴굴림4.ttf
1.6270 	WARNING 	Font Manager failed to load file C:\Users\user\AppData\Local\Microsoft\Windows\Fonts\a고딕11.ttf
1.6274 	WARNING 	Font Manager failed to load file C:\Users\user\AppData\Local\Microsoft\Windows\Fonts\a고딕13.ttf
1.6275 	WARNING 	Font Manager failed to load file C:\Users\user\AppData\Local\Microsoft\Windows\Fonts\210 동화책L.ttf
1.6293 	WARNING 	Font Manager failed to load file C:\Users\user\AppData\Local\Microsoft\Windows\Fonts\서울남산 장체L.ttf
1.6294 	WARNING 	Font Manager failed to load file C:\Users\user\AppData\Local\Microsoft\Windows\Fonts\210 나무고딕R.ttf
1.6323 	WARNING 	Font Manager failed to load file C:\Users\user\AppData\Local\Microsoft\Windows\Fonts\210 나무고딕B.ttf
1.6326 	WARNING 	Font Manager failed to load file C:\Users\user\AppData\Local\Microsoft\Windows\Fonts\a고딕15.ttf
1.6380 	WARNING 	Font Manager failed to load file C:\Users\user\AppData\Local\Microsoft\Windows\Fonts\210 카툰스토리L.ttf
1.6381 	WARNING 	Font Manager failed to load file C:\Users\user\AppData\Local\Microsoft\Windows\Fonts\서울남산 장체M.ttf
1.6415 	WARNING 	Font Manager failed to load file C:\Users\user\AppData\Local\Microsoft\Windows\Fonts\210 씨앗R.ttf
1.6450 	WARNING 	Font Manager failed to load file C:\Users\user\AppData\Local\Microsoft\Windows\Fonts\아리따-돋움(TTF)-SemiBold.ttf
1.6487 	WARNING 	Font Manager failed to load file C:\Users\user\AppData\Local\Microsoft\Windows\Fonts\210 카툰스토리B.ttf
1.6495 	WARNING 	Font Manager failed to load file C:\Users\user\AppData\Local\Microsoft\Windows\Fonts\서울남산 장체BL.ttf
1.6522 	WARNING 	Font Manager failed to load file C:\Users\user\AppData\Local\Microsoft\Windows\Fonts\a뉴굴림3.ttf
1.6534 	WARNING 	Font Manager failed to load file C:\Users\user\AppData\Local\Microsoft\Windows\Fonts\a뉴굴림1.ttf
1.6535 	WARNING 	Font Manager failed to load file C:\Users\user\AppData\Local\Microsoft\Windows\Fonts\210 동화책R.ttf
1.6549 	WARNING 	Font Manager failed to load file C:\Users\user\AppData\Local\Microsoft\Windows\Fonts\a시나리오.ttf
1.6559 	WARNING 	Font Manager failed to load file C:\Users\user\AppData\Local\Microsoft\Windows\Fonts\210 상상공작소L.ttf
1.6623 	WARNING 	Font Manager failed to load file C:\Users\user\AppData\Local\Microsoft\Windows\Fonts\210 하얀바람R.ttf
1.6636 	WARNING 	Font Manager failed to load file C:\Users\user\AppData\Local\Microsoft\Windows\Fonts\아리따-돋움(TTF)-Light.ttf
1.6676 	WARNING 	Font Manager failed to load file C:\Users\user\AppData\Local\Microsoft\Windows\Fonts\210 콤퓨타세탁B.ttf
1.6699 	WARNING 	Font Manager failed to load file C:\Users\user\AppData\Local\Microsoft\Windows\Fonts\210 나무고딕L.ttf
1.6714 	WARNING 	Font Manager failed to load file C:\Users\user\AppData\Local\Microsoft\Windows\Fonts\아리따-돋움(TTF)-Bold.ttf
1.6725 	WARNING 	Font Manager failed to load file C:\Users\user\AppData\Local\Microsoft\Windows\Fonts\210 동화책B.ttf
1.6733 	WARNING 	Font Manager failed to load file C:\Users\user\AppData\Local\Microsoft\Windows\Fonts\210 맨발의청춘L.ttf
1.6748 	WARNING 	Font Manager failed to load file C:\Users\user\AppData\Local\Microsoft\Windows\Fonts\210 콤퓨타세탁L.ttf
1.6757 	WARNING 	Font Manager failed to load file C:\Users\user\AppData\Local\Microsoft\Windows\Fonts\210 나무고딕EB.ttf
1.6780 	WARNING 	Font Manager failed to load file C:\Users\user\AppData\Local\Microsoft\Windows\Fonts\210 하얀바람L.ttf
1.6790 	WARNING 	Font Manager failed to load file C:\Users\user\AppData\Local\Microsoft\Windows\Fonts\서울남산 장체EB.ttf
1.6806 	WARNING 	Font Manager failed to load file C:\Users\user\AppData\Local\Microsoft\Windows\Fonts\나눔고딕L.ttf
1.8815 	WARNING 	Font Manager failed to load file C:\Users\user\AppData\Local\Microsoft\Windows\Fonts\210 씨앗B.ttf
1.8821 	WARNING 	Font Manager failed to load file C:\Users\user\AppData\Local\Microsoft\Windows\Fonts\210 상상공작소R.ttf
1.8877 	WARNING 	Font Manager failed to load file C:\Users\user\AppData\Local\Microsoft\Windows\Fonts\210 상상공작소B.ttf
1.8963 	WARNING 	Font Manager failed to load file C:\Users\user\AppData\Local\Microsoft\Windows\Fonts\210 카툰스토리R.ttf
1.8966 	WARNING 	Font Manager failed to load file C:\Users\user\AppData\Local\Microsoft\Windows\Fonts\a고딕16.ttf
1.8992 	WARNING 	Font Manager failed to load file C:\Users\user\AppData\Local\Microsoft\Windows\Fonts\서울남산 장체B.ttf
1.9005 	WARNING 	Font Manager failed to load file C:\Users\user\AppData\Local\Microsoft\Windows\Fonts\210 씨앗L.ttf
1.9076 	WARNING 	Font Manager failed to load file C:\Users\user\AppData\Local\Microsoft\Windows\Fonts\a고딕14.ttf
1.9090 	WARNING 	Font Manager failed to load file C:\Users\user\AppData\Local\Microsoft\Windows\Fonts\아리따-돋움(TTF)-Medium.ttf
1.9095 	WARNING 	Font Manager failed to load file C:\Users\user\AppData\Local\Microsoft\Windows\Fonts\210 맨발의청춘R.ttf
1.9102 	WARNING 	Font Manager failed to load file C:\Users\user\AppData\Local\Microsoft\Windows\Fonts\a고딕10.ttf
1.9114 	WARNING 	Font Manager failed to load file C:\Users\user\AppData\Local\Microsoft\Windows\Fonts\210 맨발의청춘B.ttf
1.9120 	WARNING 	Font Manager failed to load file C:\Users\user\AppData\Local\Microsoft\Windows\Fonts\210 콤퓨타세탁R.ttf
1.9122 	WARNING 	Font Manager failed to load file C:\Users\user\AppData\Local\Microsoft\Windows\Fonts\a뉴굴림2.ttf
1.9151 	WARNING 	Font Manager failed to load file C:\Users\user\AppData\Local\Microsoft\Windows\Fonts\a고딕12.ttf
1.9178 	WARNING 	Font Manager failed to load file C:\Users\user\AppData\Local\Microsoft\Windows\Fonts\210 하얀바람B.ttf
1.9181 	WARNING 	Font Manager failed to load file C:\Users\user\AppData\Local\Microsoft\Windows\Fonts\아리따-돋움(TTF)-Thin.ttf
1.9188 	WARNING 	Font Manager failed to load file C:\Users\user\AppData\Local\Microsoft\Windows\Fonts\a뉴굴림4.ttf
1.9193 	WARNING 	Font Manager failed to load file C:\Users\user\AppData\Local\Microsoft\Windows\Fonts\a고딕11.ttf
1.9197 	WARNING 	Font Manager failed to load file C:\Users\user\AppData\Local\Microsoft\Windows\Fonts\a고딕13.ttf
1.9198 	WARNING 	Font Manager failed to load file C:\Users\user\AppData\Local\Microsoft\Windows\Fonts\210 동화책L.ttf
1.9213 	WARNING 	Font Manager failed to load file C:\Users\user\AppData\Local\Microsoft\Windows\Fonts\서울남산 장체L.ttf
1.9214 	WARNING 	Font Manager failed to load file C:\Users\user\AppData\Local\Microsoft\Windows\Fonts\210 나무고딕R.ttf
1.9242 	WARNING 	Font Manager failed to load file C:\Users\user\AppData\Local\Microsoft\Windows\Fonts\210 나무고딕B.ttf
1.9245 	WARNING 	Font Manager failed to load file C:\Users\user\AppData\Local\Microsoft\Windows\Fonts\a고딕15.ttf
1.9293 	WARNING 	Font Manager failed to load file C:\Users\user\AppData\Local\Microsoft\Windows\Fonts\210 카툰스토리L.ttf
1.9294 	WARNING 	Font Manager failed to load file C:\Users\user\AppData\Local\Microsoft\Windows\Fonts\서울남산 장체M.ttf
1.9325 	WARNING 	Font Manager failed to load file C:\Users\user\AppData\Local\Microsoft\Windows\Fonts\210 씨앗R.ttf
1.9357 	WARNING 	Font Manager failed to load file C:\Users\user\AppData\Local\Microsoft\Windows\Fonts\아리따-돋움(TTF)-SemiBold.ttf
1.9393 	WARNING 	Font Manager failed to load file C:\Users\user\AppData\Local\Microsoft\Windows\Fonts\210 카툰스토리B.ttf
1.9400 	WARNING 	Font Manager failed to load file C:\Users\user\AppData\Local\Microsoft\Windows\Fonts\서울남산 장체BL.ttf
1.9428 	WARNING 	Font Manager failed to load file C:\Users\user\AppData\Local\Microsoft\Windows\Fonts\a뉴굴림3.ttf
1.9440 	WARNING 	Font Manager failed to load file C:\Users\user\AppData\Local\Microsoft\Windows\Fonts\a뉴굴림1.ttf
1.9441 	WARNING 	Font Manager failed to load file C:\Users\user\AppData\Local\Microsoft\Windows\Fonts\210 동화책R.ttf
1.9454 	WARNING 	Font Manager failed to load file C:\Users\user\AppData\Local\Microsoft\Windows\Fonts\a시나리오.ttf
1.9465 	WARNING 	Font Manager failed to load file C:\Users\user\AppData\Local\Microsoft\Windows\Fonts\210 상상공작소L.ttf
1.9528 	WARNING 	Font Manager failed to load file C:\Users\user\AppData\Local\Microsoft\Windows\Fonts\210 하얀바람R.ttf
1.9541 	WARNING 	Font Manager failed to load file C:\Users\user\AppData\Local\Microsoft\Windows\Fonts\아리따-돋움(TTF)-Light.ttf
1.9580 	WARNING 	Font Manager failed to load file C:\Users\user\AppData\Local\Microsoft\Windows\Fonts\210 콤퓨타세탁B.ttf
1.9603 	WARNING 	Font Manager failed to load file C:\Users\user\AppData\Local\Microsoft\Windows\Fonts\210 나무고딕L.ttf
1.9617 	WARNING 	Font Manager failed to load file C:\Users\user\AppData\Local\Microsoft\Windows\Fonts\아리따-돋움(TTF)-Bold.ttf
1.9628 	WARNING 	Font Manager failed to load file C:\Users\user\AppData\Local\Microsoft\Windows\Fonts\210 동화책B.ttf
1.9635 	WARNING 	Font Manager failed to load file C:\Users\user\AppData\Local\Microsoft\Windows\Fonts\210 맨발의청춘L.ttf
1.9650 	WARNING 	Font Manager failed to load file C:\Users\user\AppData\Local\Microsoft\Windows\Fonts\210 콤퓨타세탁L.ttf
1.9659 	WARNING 	Font Manager failed to load file C:\Users\user\AppData\Local\Microsoft\Windows\Fonts\210 나무고딕EB.ttf
1.9681 	WARNING 	Font Manager failed to load file C:\Users\user\AppData\Local\Microsoft\Windows\Fonts\210 하얀바람L.ttf
1.9691 	WARNING 	Font Manager failed to load file C:\Users\user\AppData\Local\Microsoft\Windows\Fonts\서울남산 장체EB.ttf
1.9709 	WARNING 	Font Manager failed to load file C:\Users\user\AppData\Local\Microsoft\Windows\Fonts\나눔고딕L.ttf
7.6004 	EXP 	Created window1 = Window(allowGUI=False, allowStencil=False, autoLog=True, backendConf=UNKNOWN, backgroundFit=<method-wrapper '__getattribute__' of attributeSetter object at 0x000001A256F8B280>, backgroundImage=<method-wrapper '__getattribute__' of attributeSetter object at 0x000001A256F8B220>, bitsMode=UNKNOWN, blendMode='avg', bpc=(8, 8, 8), color=array([-1., -1., -1.]), colorSpace='rgb', depthBits=8, fullscr=True, gamma=None, gammaErrorPolicy='raise', infoMsg=UNKNOWN, lms=UNKNOWN, monitor=<psychopy.monitors.calibTools.Monitor object at 0x000001A2572884F0>, multiSample=False, name='window1', numSamples=2, pos=[np.float64(0.0), np.float64(0.0)], screen=0, size=array([1920, 1080]), stencilBits=0, stereo=False, title='PsychoPy', units='height', useFBO=True, useRetina=False, viewOri=0.0, viewPos=None, viewScale=None, waitBlanking=True, winType='pyglet')
7.6004 	EXP 	window1: backgroundImage = ''
7.6004 	EXP 	window1: backgroundFit = 'none'
7.8325 	EXP 	window1: Attempting to measure frame rate of screen (0) ...
7.8326 	EXP 	window1: recordFrameIntervals = False
7.9588 	EXP 	window1: recordFrameIntervals = True
8.0497 	EXP 	Screen (0) actual frame rate measured at 121.19Hz
8.0497 	EXP 	window1: recordFrameIntervals = False
9.2258 	EXP 	online_LDT&KRT: status = STARTED
9.3122 	EXP 	Created intro_text = TextStim(__class__=<class 'psychopy.visual.text.TextStim'>, alignHoriz=method-wrapper(...), alignText='center', alignVert=method-wrapper(...), anchorHoriz='center', anchorVert='center', antialias=True, autoDraw=False, autoLog=True, bold=False, color=array([1., 1., 1.]), colorSpace='rgb', contrast=1.0, depth=0.0, draggable=False, flipHoriz=False, flipVert=False, font='NanumGothic', fontFiles=[], height=np.float64(0.03), italic=False, languageStyle='LTR', name='intro_text', opacity=1, ori=0.0, pos=array([0., 0.]), rgb=UNKNOWN, text=str(...), units='height', win=Window(...), wrapWidth=1)
9.3315 	EXP 	Created LDT_intro_instr = TextStim(__class__=<class 'psychopy.visual.text.TextStim'>, alignHoriz=method-wrapper(...), alignText='center', alignVert=method-wrapper(...), anchorHoriz='center', anchorVert='center', antialias=True, autoDraw=False, autoLog=True, bold=False, color=array([1., 1., 1.]), colorSpace='rgb', contrast=1.0, depth=0.0, draggable=False, flipHoriz=False, flipVert=False, font='NanumGothic', fontFiles=[], height=np.float64(0.03), italic=False, languageStyle='LTR', name='LDT_intro_instr', opacity=1, ori=0.0, pos=array([0. , 0.2]), rgb=UNKNOWN, text=str(...), units='height', win=Window(...), wrapWidth=1)
9.3435 	EXP 	Created keyboard_LDT = ImageStim(__class__=<class 'psychopy.visual.image.ImageStim'>, anchor=('center', 'center'), autoLog=True, color=array([1., 1., 1.]), colorSpace='rgb', contrast=1.0, depth=-2.0, draggable=False, flipHoriz=np.False_, flipVert=np.False_, image='keyboard_LDT_RR.png', interpolate=True, mask=None, maskParams=None, name='keyboard_LDT', opacity=1, ori=0.0, pos=array([ 0. , -0.2]), size=array([0.6 , 0.35]), texRes=128.0, units='height', win=Window(...))
9.3462 	EXP 	Created LDT_prac_fix_text = TextStim(__class__=<class 'psychopy.visual.text.TextStim'>, alignHoriz=method-wrapper(...), alignText='center', alignVert=method-wrapper(...), anchorHoriz='center', anchorVert='center', antialias=True, autoDraw=False, autoLog=True, bold=False, color=array([1., 1., 1.]), colorSpace='rgb', contrast=1.0, depth=0.0, draggable=False, flipHoriz=False, flipVert=False, font='NanumGothic', fontFiles=[], height=np.float64(0.1), italic=False, languageStyle='LTR', name='LDT_prac_fix_text', opacity=1, ori=0, pos=array([0., 0.]), rgb=UNKNOWN, text='+', units='height', win=Window(...), wrapWidth=1)
9.3466 	EXP 	Created LDT_prac_stim_text = TextStim(__class__=<class 'psychopy.visual.text.TextStim'>, alignHoriz=method-wrapper(...), alignText='center', alignVert=method-wrapper(...), anchorHoriz='center', anchorVert='center', antialias=True, autoDraw=False, autoLog=True, bold=False, color=array([1., 1., 1.]), colorSpace='rgb', contrast=1.0, depth=-1.0, draggable=False, flipHoriz=False, flipVert=False, font='NanumGothic', fontFiles=[], height=0.1, italic=False, languageStyle='LTR', name='LDT_prac_stim_text', opacity=1, ori=0, pos=array([0., 0.]), rgb=UNKNOWN, text='', units='height', win=Window(...), wrapWidth=1)
9.3472 	EXP 	Created LDT_feedback_text = TextStim(__class__=<class 'psychopy.visual.text.TextStim'>, alignHoriz=method-wrapper(...), alignText='center', alignVert=method-wrapper(...), anchorHoriz='center', anchorVert='center', antialias=True, autoDraw=False, autoLog=True, bold=False, color=array([1., 1., 1.]), colorSpace='rgb', contrast=1.0, depth=-1.0, draggable=False, flipHoriz=False, flipVert=False, font='NanumGothic', fontFiles=[], height=0.05, italic=False, languageStyle='LTR', name='LDT_feedback_text', opacity=1, ori=0, pos=array([0., 0.]), rgb=UNKNOWN, text='', units='height', win=Window(...), wrapWidth=1)
9.3620 	EXP 	Created LDT_instr_text = TextStim(__class__=<class 'psychopy.visual.text.TextStim'>, alignHoriz=method-wrapper(...), alignText='center', alignVert=method-wrapper(...), anchorHoriz='center', anchorVert='center', antialias=True, autoDraw=False, autoLog=True, bold=False, color=array([1., 1., 1.]), colorSpace='rgb', contrast=1.0, depth=0.0, draggable=False, flipHoriz=False, flipVert=False, font='NanumGothic', fontFiles=[], height=np.float64(0.03), italic=False, languageStyle='LTR', name='LDT_instr_text', opacity=1, ori=0, pos=array([0., 0.]), rgb=UNKNOWN, text=str(...), units='height', win=Window(...), wrapWidth=1)
9.3634 	EXP 	Created LDT_fix_text = TextStim(__class__=<class 'psychopy.visual.text.TextStim'>, alignHoriz=method-wrapper(...), alignText='center', alignVert=method-wrapper(...), anchorHoriz='center', anchorVert='center', antialias=True, autoDraw=False, autoLog=True, bold=False, color=array([1., 1., 1.]), colorSpace='rgb', contrast=1.0, depth=0.0, draggable=False, flipHoriz=False, flipVert=False, font='NanumGothic', fontFiles=[], height=np.float64(0.1), italic=False, languageStyle='LTR', name='LDT_fix_text', opacity=1, ori=0, pos=array([0., 0.]), rgb=UNKNOWN, text='+', units='height', win=Window(...), wrapWidth=1)
9.3638 	EXP 	Created LDT_stim_text = TextStim(__class__=<class 'psychopy.visual.text.TextStim'>, alignHoriz=method-wrapper(...), alignText='center', alignVert=method-wrapper(...), anchorHoriz='center', anchorVert='center', antialias=True, autoDraw=False, autoLog=True, bold=False, color=array([1., 1., 1.]), colorSpace='rgb', contrast=1.0, depth=-1.0, draggable=False, flipHoriz=False, flipVert=False, font='NanumGothic', fontFiles=[], height=0.1, italic=False, languageStyle='LTR', name='LDT_stim_text', opacity=1, ori=0, pos=array([0., 0.]), rgb=UNKNOWN, text='', units='height', win=Window(...), wrapWidth=1)
9.3695 	EXP 	Created LDT_break_text = TextStim(__class__=<class 'psychopy.visual.text.TextStim'>, alignHoriz=method-wrapper(...), alignText='center', alignVert=method-wrapper(...), anchorHoriz='center', anchorVert='center', antialias=True, autoDraw=False, autoLog=True, bold=False, color=array([1., 1., 1.]), colorSpace='rgb', contrast=1.0, depth=-1.0, draggable=False, flipHoriz=False, flipVert=False, font='NanumGothic', fontFiles=[], height=np.float64(0.03), italic=False, languageStyle='LTR', name='LDT_break_text', opacity=1, ori=0.0, pos=array([0., 0.]), rgb=UNKNOWN, text=str(...), units='height', win=Window(...), wrapWidth=1)
9.3751 	EXP 	Created end_text = TextStim(__class__=<class 'psychopy.visual.text.TextStim'>, alignHoriz=method-wrapper(...), alignText='center', alignVert=method-wrapper(...), anchorHoriz='center', anchorVert='center', antialias=True, autoDraw=False, autoLog=True, bold=False, color=array([1., 1., 1.]), colorSpace='rgb', contrast=1.0, depth=0.0, draggable=False, flipHoriz=False, flipVert=False, font='NanumGothic', fontFiles=[], height=np.float64(0.03), italic=False, languageStyle='LTR', name='end_text', opacity=1, ori=0, pos=array([0., 0.]), rgb=UNKNOWN, text='실험이 종료되었습니다. \n\n실험에 참여해 주셔서 감사합니다.\n\n', units='height', win=Window(...), wrapWidth=1)
0.0175 	EXP 	intro_text: autoDraw = True
2.3735 	EXP 	Device response: <KeyPress from None: t=2.364783400000306, value=space, duration=None>
2.3865 	EXP 	intro_text: autoDraw = False
2.3865 	EXP 	LDT_intro_instr: autoDraw = True
2.3865 	EXP 	keyboard_LDT: autoDraw = True
2.3872 	DATA 	Keypress: space
2.5454 	EXP 	Device response: <KeyPress from None: t=2.364783400000306, value=space, duration=0.1767069999987143>
14.8241 	EXP 	Device response: <KeyPress from None: t=14.82126579999749, value=space, duration=None>
14.8284 	EXP 	Imported LDT_pracStim.xlsx as conditions, 10 conditions, 5 params
14.8286 	EXP 	New trial (rep=0, index=0): <Trial 0 (0 in rep 0) data={'Task': 'LDT', 'TrialType': 'Practice', 'Stimuli': 'jeong', 'CorrectResponse': 'a', 'StimulusType': 'nonword', 'thisN': 0, 'thisTrialN': 0, 'thisRepN': 0}>
14.8406 	EXP 	LDT_intro_instr: autoDraw = False
14.8406 	EXP 	keyboard_LDT: autoDraw = False
14.8406 	EXP 	LDT_prac_stim_text: height = np.float64(0.1)
14.8406 	EXP 	LDT_prac_stim_text: height = np.float64(0.1)
14.8406 	EXP 	LDT_prac_stim_text: height = np.float64(0.1)
14.8406 	EXP 	LDT_prac_stim_text: text = 'jeong'
14.8406 	EXP 	LDT_prac_fix_text: autoDraw = True
14.8414 	DATA 	Keypress: space
14.9075 	EXP 	Device response: <KeyPress from None: t=14.82126579999749, value=space, duration=0.080678700000135>
15.3159 	EXP 	LDT_prac_stim_text: autoDraw = True
15.3327 	EXP 	LDT_prac_fix_text: autoDraw = False
24.0082 	EXP 	Device response: <KeyPress from None: t=24.005129099998157, value=a, duration=None>
24.0163 	EXP 	LDT_prac_fix_text: autoDraw = False
24.0163 	EXP 	LDT_prac_stim_text: autoDraw = False
24.0163 	EXP 	LDT_feedback_text: height = np.float64(0.05)
24.0163 	EXP 	LDT_feedback_text: height = np.float64(0.05)
24.0163 	EXP 	LDT_feedback_text: height = np.float64(0.05)
24.0163 	EXP 	LDT_feedback_text: text = '정답입니다!'
24.0163 	EXP 	LDT_feedback_text: autoDraw = True
24.0169 	DATA 	Keypress: a
24.1084 	EXP 	Device response: <KeyPress from None: t=24.005129099998157, value=a, duration=0.09614940000028582>
25.0009 	EXP 	New trial (rep=0, index=1): <Trial 1 (1 in rep 0) data={'Task': 'LDT', 'TrialType': 'Practice', 'Stimuli': 'cluerk', 'CorrectResponse': 'a', 'StimulusType': 'nonword', 'thisN': 1, 'thisTrialN': 1, 'thisRepN': 0}>
25.0089 	EXP 	LDT_feedback_text: autoDraw = False
25.0089 	EXP 	LDT_feedback_text: autoDraw = False
25.0089 	EXP 	LDT_prac_stim_text: height = np.float64(0.1)
25.0089 	EXP 	LDT_prac_stim_text: height = np.float64(0.1)
25.0089 	EXP 	LDT_prac_stim_text: height = np.float64(0.1)
25.0089 	EXP 	LDT_prac_stim_text: text = 'cluerk'
25.0089 	EXP 	LDT_prac_fix_text: autoDraw = True
25.5010 	EXP 	LDT_prac_fix_text: autoDraw = False
25.5010 	EXP 	LDT_prac_stim_text: autoDraw = True
29.3885 	EXP 	Device response: <KeyPress from None: t=29.380802499999845, value=a, duration=None>
29.3966 	EXP 	LDT_prac_fix_text: autoDraw = False
29.3966 	EXP 	LDT_prac_stim_text: autoDraw = False
29.3966 	EXP 	LDT_feedback_text: text = '정답입니다!'
29.3966 	EXP 	LDT_feedback_text: autoDraw = True
29.3971 	DATA 	Keypress: a
29.4887 	EXP 	Device response: <KeyPress from None: t=29.380802499999845, value=a, duration=0.10403189999851747>
30.3812 	EXP 	New trial (rep=0, index=2): <Trial 2 (2 in rep 0) data={'Task': 'LDT', 'TrialType': 'Practice', 'Stimuli': 'huftuk', 'CorrectResponse': 'a', 'StimulusType': 'nonword', 'thisN': 2, 'thisTrialN': 2, 'thisRepN': 0}>
30.3893 	EXP 	LDT_feedback_text: autoDraw = False
30.3893 	EXP 	LDT_feedback_text: autoDraw = False
30.3893 	EXP 	LDT_prac_stim_text: height = np.float64(0.1)
30.3893 	EXP 	LDT_prac_stim_text: height = np.float64(0.1)
30.3893 	EXP 	LDT_prac_stim_text: height = np.float64(0.1)
30.3893 	EXP 	LDT_prac_stim_text: text = 'huftuk'
30.3893 	EXP 	LDT_prac_fix_text: autoDraw = True
30.8814 	EXP 	LDT_prac_fix_text: autoDraw = False
30.8814 	EXP 	LDT_prac_stim_text: autoDraw = True
32.7338 	EXP 	Device response: <KeyPress from None: t=32.73315960000036, value=a, duration=None>
32.7415 	EXP 	LDT_prac_fix_text: autoDraw = False
32.7415 	EXP 	LDT_prac_stim_text: autoDraw = False
32.7415 	EXP 	LDT_feedback_text: text = '정답입니다!'
32.7415 	EXP 	LDT_feedback_text: autoDraw = True
32.7420 	DATA 	Keypress: a
32.8420 	EXP 	Device response: <KeyPress from None: t=32.73315960000036, value=a, duration=0.10397779999766499>
33.7262 	EXP 	New trial (rep=0, index=3): <Trial 3 (3 in rep 0) data={'Task': 'LDT', 'TrialType': 'Practice', 'Stimuli': 'lankua', 'CorrectResponse': 'a', 'StimulusType': 'nonword', 'thisN': 3, 'thisTrialN': 3, 'thisRepN': 0}>
33.7342 	EXP 	LDT_feedback_text: autoDraw = False
33.7342 	EXP 	LDT_feedback_text: autoDraw = False
33.7342 	EXP 	LDT_prac_stim_text: height = np.float64(0.1)
33.7342 	EXP 	LDT_prac_stim_text: height = np.float64(0.1)
33.7342 	EXP 	LDT_prac_stim_text: height = np.float64(0.1)
33.7342 	EXP 	LDT_prac_stim_text: text = 'lankua'
33.7342 	EXP 	LDT_prac_fix_text: autoDraw = True
34.2264 	EXP 	LDT_prac_fix_text: autoDraw = False
34.2264 	EXP 	LDT_prac_stim_text: autoDraw = True
37.1212 	EXP 	Device response: <KeyPress from None: t=37.11697419999837, value=a, duration=None>
37.1292 	EXP 	LDT_prac_fix_text: autoDraw = False
37.1292 	EXP 	LDT_prac_stim_text: autoDraw = False
37.1292 	EXP 	LDT_feedback_text: text = '정답입니다!'
37.1292 	EXP 	LDT_feedback_text: autoDraw = True
37.1298 	DATA 	Keypress: a
37.2379 	EXP 	Device response: <KeyPress from None: t=37.11697419999837, value=a, duration=0.11282520000168006>
38.1138 	EXP 	New trial (rep=0, index=4): <Trial 4 (4 in rep 0) data={'Task': 'LDT', 'TrialType': 'Practice', 'Stimuli': 'concept', 'CorrectResponse': 'l', 'StimulusType': 'word', 'thisN': 4, 'thisTrialN': 4, 'thisRepN': 0}>
38.1219 	EXP 	LDT_feedback_text: autoDraw = False
38.1219 	EXP 	LDT_feedback_text: autoDraw = False
38.1219 	EXP 	LDT_prac_stim_text: height = np.float64(0.1)
38.1219 	EXP 	LDT_prac_stim_text: height = np.float64(0.1)
38.1219 	EXP 	LDT_prac_stim_text: height = np.float64(0.1)
38.1219 	EXP 	LDT_prac_stim_text: text = 'concept'
38.1219 	EXP 	LDT_prac_fix_text: autoDraw = True
38.6141 	EXP 	LDT_prac_fix_text: autoDraw = False
38.6141 	EXP 	LDT_prac_stim_text: autoDraw = True
39.8572 	EXP 	Device response: <KeyPress from None: t=39.85435679999864, value=l, duration=None>
39.8653 	EXP 	LDT_prac_fix_text: autoDraw = False
39.8653 	EXP 	LDT_prac_stim_text: autoDraw = False
39.8653 	EXP 	LDT_feedback_text: text = '정답입니다!'
39.8653 	EXP 	LDT_feedback_text: autoDraw = True
39.8658 	DATA 	Keypress: l
39.9824 	EXP 	Device response: <KeyPress from None: t=39.85435679999864, value=l, duration=0.1268951999991259>
40.8499 	EXP 	New trial (rep=0, index=5): <Trial 5 (5 in rep 0) data={'Task': 'LDT', 'TrialType': 'Practice', 'Stimuli': 'truck', 'CorrectResponse': 'l', 'StimulusType': 'word', 'thisN': 5, 'thisTrialN': 5, 'thisRepN': 0}>
40.8580 	EXP 	LDT_feedback_text: autoDraw = False
40.8580 	EXP 	LDT_feedback_text: autoDraw = False
40.8580 	EXP 	LDT_prac_stim_text: height = np.float64(0.1)
40.8580 	EXP 	LDT_prac_stim_text: height = np.float64(0.1)
40.8580 	EXP 	LDT_prac_stim_text: height = np.float64(0.1)
40.8580 	EXP 	LDT_prac_stim_text: text = 'truck'
40.8580 	EXP 	LDT_prac_fix_text: autoDraw = True
41.3501 	EXP 	LDT_prac_fix_text: autoDraw = False
41.3501 	EXP 	LDT_prac_stim_text: autoDraw = True
42.4266 	EXP 	Device response: <KeyPress from None: t=42.4213837999996, value=l, duration=None>
42.4345 	EXP 	LDT_prac_fix_text: autoDraw = False
42.4345 	EXP 	LDT_prac_stim_text: autoDraw = False
42.4345 	EXP 	LDT_feedback_text: text = '정답입니다!'
42.4345 	EXP 	LDT_feedback_text: autoDraw = True
42.4350 	DATA 	Keypress: l
42.5266 	EXP 	Device response: <KeyPress from None: t=42.4213837999996, value=l, duration=0.10342909999963013>
43.4192 	EXP 	New trial (rep=0, index=6): <Trial 6 (6 in rep 0) data={'Task': 'LDT', 'TrialType': 'Practice', 'Stimuli': 'cucumber', 'CorrectResponse': 'l', 'StimulusType': 'word', 'thisN': 6, 'thisTrialN': 6, 'thisRepN': 0}>
43.4271 	EXP 	LDT_feedback_text: autoDraw = False
43.4271 	EXP 	LDT_feedback_text: autoDraw = False
43.4271 	EXP 	LDT_prac_stim_text: height = np.float64(0.1)
43.4271 	EXP 	LDT_prac_stim_text: height = np.float64(0.1)
43.4271 	EXP 	LDT_prac_stim_text: height = np.float64(0.1)
43.4271 	EXP 	LDT_prac_stim_text: text = 'cucumber'
43.4271 	EXP 	LDT_prac_fix_text: autoDraw = True
43.9193 	EXP 	LDT_prac_fix_text: autoDraw = False
43.9193 	EXP 	LDT_prac_stim_text: autoDraw = True
45.4211 	EXP 	Device response: <KeyPress from None: t=45.4137258999981, value=l, duration=None>
45.4291 	EXP 	LDT_prac_fix_text: autoDraw = False
45.4291 	EXP 	LDT_prac_stim_text: autoDraw = False
45.4291 	EXP 	LDT_feedback_text: text = '정답입니다!'
45.4291 	EXP 	LDT_feedback_text: autoDraw = True
45.4297 	DATA 	Keypress: l
45.5295 	EXP 	Device response: <KeyPress from None: t=45.4137258999981, value=l, duration=0.11159330000009504>
46.4137 	EXP 	New trial (rep=0, index=7): <Trial 7 (7 in rep 0) data={'Task': 'LDT', 'TrialType': 'Practice', 'Stimuli': 'yami', 'CorrectResponse': 'a', 'StimulusType': 'nonword', 'thisN': 7, 'thisTrialN': 7, 'thisRepN': 0}>
46.4218 	EXP 	LDT_feedback_text: autoDraw = False
46.4218 	EXP 	LDT_feedback_text: autoDraw = False
46.4218 	EXP 	LDT_prac_stim_text: height = np.float64(0.1)
46.4218 	EXP 	LDT_prac_stim_text: height = np.float64(0.1)
46.4218 	EXP 	LDT_prac_stim_text: height = np.float64(0.1)
46.4218 	EXP 	LDT_prac_stim_text: text = 'yami'
46.4218 	EXP 	LDT_prac_fix_text: autoDraw = True
46.9140 	EXP 	LDT_prac_fix_text: autoDraw = False
46.9140 	EXP 	LDT_prac_stim_text: autoDraw = True
48.2406 	EXP 	Device response: <KeyPress from None: t=48.23689000000013, value=a, duration=None>
48.2486 	EXP 	LDT_prac_fix_text: autoDraw = False
48.2486 	EXP 	LDT_prac_stim_text: autoDraw = False
48.2486 	EXP 	LDT_feedback_text: text = '정답입니다!'
48.2486 	EXP 	LDT_feedback_text: autoDraw = True
48.2491 	DATA 	Keypress: a
48.3740 	EXP 	Device response: <KeyPress from None: t=48.23689000000013, value=a, duration=0.12868589999925462>
49.2332 	EXP 	New trial (rep=0, index=8): <Trial 8 (8 in rep 0) data={'Task': 'LDT', 'TrialType': 'Practice', 'Stimuli': 'baseball', 'CorrectResponse': 'l', 'StimulusType': 'word', 'thisN': 8, 'thisTrialN': 8, 'thisRepN': 0}>
49.2413 	EXP 	LDT_feedback_text: autoDraw = False
49.2413 	EXP 	LDT_feedback_text: autoDraw = False
49.2413 	EXP 	LDT_prac_stim_text: height = np.float64(0.1)
49.2413 	EXP 	LDT_prac_stim_text: height = np.float64(0.1)
49.2413 	EXP 	LDT_prac_stim_text: height = np.float64(0.1)
49.2413 	EXP 	LDT_prac_stim_text: text = 'baseball'
49.2413 	EXP 	LDT_prac_fix_text: autoDraw = True
49.7334 	EXP 	LDT_prac_fix_text: autoDraw = False
49.7334 	EXP 	LDT_prac_stim_text: autoDraw = True
50.6763 	EXP 	Device response: <KeyPress from None: t=50.6686578000008, value=l, duration=None>
50.6844 	EXP 	LDT_prac_fix_text: autoDraw = False
50.6844 	EXP 	LDT_prac_stim_text: autoDraw = False
50.6844 	EXP 	LDT_feedback_text: text = '정답입니다!'
50.6844 	EXP 	LDT_feedback_text: autoDraw = True
50.6850 	DATA 	Keypress: l
50.8015 	EXP 	Device response: <KeyPress from None: t=50.6686578000008, value=l, duration=0.12858549999873503>
51.6689 	EXP 	New trial (rep=0, index=9): <Trial 9 (9 in rep 0) data={'Task': 'LDT', 'TrialType': 'Practice', 'Stimuli': 'format', 'CorrectResponse': 'l', 'StimulusType': 'word', 'thisN': 9, 'thisTrialN': 9, 'thisRepN': 0}>
51.6770 	EXP 	LDT_feedback_text: autoDraw = False
51.6770 	EXP 	LDT_feedback_text: autoDraw = False
51.6770 	EXP 	LDT_prac_stim_text: height = np.float64(0.1)
51.6770 	EXP 	LDT_prac_stim_text: height = np.float64(0.1)
51.6770 	EXP 	LDT_prac_stim_text: height = np.float64(0.1)
51.6770 	EXP 	LDT_prac_stim_text: text = 'format'
51.6770 	EXP 	LDT_prac_fix_text: autoDraw = True
52.1692 	EXP 	LDT_prac_fix_text: autoDraw = False
52.1692 	EXP 	LDT_prac_stim_text: autoDraw = True
53.4374 	EXP 	Device response: <KeyPress from None: t=53.42932149999979, value=l, duration=None>
53.4454 	EXP 	LDT_prac_fix_text: autoDraw = False
53.4454 	EXP 	LDT_prac_stim_text: autoDraw = False
53.4454 	EXP 	LDT_feedback_text: text = '정답입니다!'
53.4454 	EXP 	LDT_feedback_text: autoDraw = True
53.4461 	DATA 	Keypress: l
53.5208 	EXP 	Device response: <KeyPress from None: t=53.42932149999979, value=l, duration=0.08836349999910453>
54.4382 	EXP 	LDT_feedback_text: autoDraw = False
54.4382 	EXP 	LDT_feedback_text: autoDraw = False
54.4382 	EXP 	LDT_instr_text: autoDraw = True
68.8528 	EXP 	Device response: <KeyPress from None: t=68.84538709999833, value=space, duration=None>
68.8716 	EXP 	Imported LDT_Stim.xlsx as conditions, 222 conditions, 6 params
68.8727 	EXP 	New trial (rep=0, index=0): <Trial 0 (0 in rep 0) data={'Task': 'LDT', 'TrialType': 'Target', 'Stimuli': 'trag', 'StimulusType': 'nonword', 'CorrectResponse': 'a', 'Trialnumb': 205, 'thisN': 0, 'thisTrialN': 0, 'thisRepN': 0}>
68.8769 	EXP 	LDT_instr_text: autoDraw = False
68.8769 	EXP 	LDT_stim_text: height = np.float64(0.1)
68.8769 	EXP 	LDT_stim_text: height = np.float64(0.1)
68.8769 	EXP 	LDT_stim_text: height = np.float64(0.1)
68.8769 	EXP 	LDT_stim_text: text = 'trag'
68.8769 	EXP 	LDT_fix_text: autoDraw = True
68.8774 	DATA 	Keypress: space
68.9530 	EXP 	Device response: <KeyPress from None: t=68.84538709999833, value=space, duration=0.10315210000044317>
69.3445 	EXP 	LDT_stim_text: autoDraw = True
69.3696 	EXP 	LDT_fix_text: autoDraw = False
71.4388 	EXP 	Device response: <KeyPress from None: t=71.43852759999936, value=l, duration=None>
71.4471 	EXP 	New trial (rep=0, index=1): <Trial 1 (1 in rep 0) data={'Task': 'LDT', 'TrialType': 'Target', 'Stimuli': 'spin', 'StimulusType': 'word', 'CorrectResponse': 'l', 'Trialnumb': 107, 'thisN': 1, 'thisTrialN': 1, 'thisRepN': 0}>
71.4484 	DATA 	Keypress: l
71.4550 	EXP 	LDT_fix_text: autoDraw = False
71.4550 	EXP 	LDT_stim_text: autoDraw = False
71.4550 	EXP 	LDT_break_text: autoDraw = False
71.4550 	EXP 	LDT_stim_text: height = np.float64(0.1)
71.4550 	EXP 	LDT_stim_text: height = np.float64(0.1)
71.4550 	EXP 	LDT_stim_text: height = np.float64(0.1)
71.4550 	EXP 	LDT_stim_text: text = 'spin'
71.4550 	EXP 	LDT_fix_text: autoDraw = True
71.5220 	EXP 	Device response: <KeyPress from None: t=71.43852759999936, value=l, duration=0.07921390000046813>
71.9388 	EXP 	LDT_stim_text: autoDraw = True
71.9471 	EXP 	LDT_fix_text: autoDraw = False
72.7232 	EXP 	Device response: <KeyPress from None: t=72.71664429999873, value=l, duration=None>
72.7234 	EXP 	New trial (rep=0, index=2): <Trial 2 (2 in rep 0) data={'Task': 'LDT', 'TrialType': 'Target', 'Stimuli': 'set', 'StimulusType': 'word', 'CorrectResponse': 'l', 'Trialnumb': 36, 'thisN': 2, 'thisTrialN': 2, 'thisRepN': 0}>
72.7313 	EXP 	LDT_fix_text: autoDraw = False
72.7313 	EXP 	LDT_stim_text: autoDraw = False
72.7313 	EXP 	LDT_break_text: autoDraw = False
72.7313 	EXP 	LDT_stim_text: height = np.float64(0.1)
72.7313 	EXP 	LDT_stim_text: height = np.float64(0.1)
72.7313 	EXP 	LDT_stim_text: height = np.float64(0.1)
72.7313 	EXP 	LDT_stim_text: text = 'set'
72.7313 	EXP 	LDT_fix_text: autoDraw = True
72.7319 	DATA 	Keypress: l
72.8151 	EXP 	Device response: <KeyPress from None: t=72.71664429999873, value=l, duration=0.09795200000007753>
73.2150 	EXP 	LDT_stim_text: autoDraw = True
73.2234 	EXP 	LDT_fix_text: autoDraw = False
73.7909 	EXP 	Device response: <KeyPress from None: t=73.7887781999998, value=l, duration=None>
73.7912 	EXP 	New trial (rep=0, index=3): <Trial 3 (3 in rep 0) data={'Task': 'LDT', 'TrialType': 'Target', 'Stimuli': 'tour', 'StimulusType': 'word', 'CorrectResponse': 'l', 'Trialnumb': 88, 'thisN': 3, 'thisTrialN': 3, 'thisRepN': 0}>
73.7989 	EXP 	LDT_fix_text: autoDraw = False
73.7989 	EXP 	LDT_stim_text: autoDraw = False
73.7989 	EXP 	LDT_break_text: autoDraw = False
73.7989 	EXP 	LDT_stim_text: height = np.float64(0.1)
73.7989 	EXP 	LDT_stim_text: height = np.float64(0.1)
73.7989 	EXP 	LDT_stim_text: height = np.float64(0.1)
73.7989 	EXP 	LDT_stim_text: text = 'tour'
73.7989 	EXP 	LDT_fix_text: autoDraw = True
73.7995 	DATA 	Keypress: l
73.9410 	EXP 	Device response: <KeyPress from None: t=73.7887781999998, value=l, duration=0.14408019999973476>
74.2828 	EXP 	LDT_stim_text: autoDraw = True
74.2911 	EXP 	LDT_fix_text: autoDraw = False
74.9504 	EXP 	Device response: <KeyPress from None: t=74.94888429999992, value=l, duration=None>
74.9506 	EXP 	New trial (rep=0, index=4): <Trial 4 (4 in rep 0) data={'Task': 'LDT', 'TrialType': 'Target', 'Stimuli': 'party', 'StimulusType': 'word', 'CorrectResponse': 'l', 'Trialnumb': 59, 'thisN': 4, 'thisTrialN': 4, 'thisRepN': 0}>
74.9586 	EXP 	LDT_fix_text: autoDraw = False
74.9586 	EXP 	LDT_stim_text: autoDraw = False
74.9586 	EXP 	LDT_break_text: autoDraw = False
74.9586 	EXP 	LDT_stim_text: height = np.float64(0.1)
74.9586 	EXP 	LDT_stim_text: height = np.float64(0.1)
74.9586 	EXP 	LDT_stim_text: height = np.float64(0.1)
74.9586 	EXP 	LDT_stim_text: text = 'party'
74.9586 	EXP 	LDT_fix_text: autoDraw = True
74.9591 	DATA 	Keypress: l
75.0421 	EXP 	Device response: <KeyPress from None: t=74.94888429999992, value=l, duration=0.08759160000045085>
75.4423 	EXP 	LDT_stim_text: autoDraw = True
75.4506 	EXP 	LDT_fix_text: autoDraw = False
76.0682 	EXP 	Device response: <KeyPress from None: t=76.06052980000095, value=l, duration=None>
76.0684 	EXP 	New trial (rep=0, index=5): <Trial 5 (5 in rep 0) data={'Task': 'LDT', 'TrialType': 'Target', 'Stimuli': 'wass', 'StimulusType': 'nonword', 'CorrectResponse': 'a', 'Trialnumb': 215, 'thisN': 5, 'thisTrialN': 5, 'thisRepN': 0}>
76.0762 	EXP 	LDT_fix_text: autoDraw = False
76.0762 	EXP 	LDT_stim_text: autoDraw = False
76.0762 	EXP 	LDT_break_text: autoDraw = False
76.0762 	EXP 	LDT_stim_text: height = np.float64(0.1)
76.0762 	EXP 	LDT_stim_text: height = np.float64(0.1)
76.0762 	EXP 	LDT_stim_text: height = np.float64(0.1)
76.0762 	EXP 	LDT_stim_text: text = 'wass'
76.0762 	EXP 	LDT_fix_text: autoDraw = True
76.0768 	DATA 	Keypress: l
76.1600 	EXP 	Device response: <KeyPress from None: t=76.06052980000095, value=l, duration=0.09690549999868381>
76.5600 	EXP 	LDT_stim_text: autoDraw = True
76.5683 	EXP 	LDT_fix_text: autoDraw = False
79.3548 	EXP 	Device response: <KeyPress from None: t=79.34920570000031, value=l, duration=None>
79.3551 	EXP 	New trial (rep=0, index=6): <Trial 6 (6 in rep 0) data={'Task': 'LDT', 'TrialType': 'Target', 'Stimuli': 'flow', 'StimulusType': 'word', 'CorrectResponse': 'l', 'Trialnumb': 108, 'thisN': 6, 'thisTrialN': 6, 'thisRepN': 0}>
79.3628 	EXP 	LDT_fix_text: autoDraw = False
79.3628 	EXP 	LDT_stim_text: autoDraw = False
79.3628 	EXP 	LDT_break_text: autoDraw = False
79.3628 	EXP 	LDT_stim_text: height = np.float64(0.1)
79.3628 	EXP 	LDT_stim_text: height = np.float64(0.1)
79.3628 	EXP 	LDT_stim_text: height = np.float64(0.1)
79.3628 	EXP 	LDT_stim_text: text = 'flow'
79.3628 	EXP 	LDT_fix_text: autoDraw = True
79.3633 	DATA 	Keypress: l
79.4632 	EXP 	Device response: <KeyPress from None: t=79.34920570000031, value=l, duration=0.11239349999959813>
79.8466 	EXP 	LDT_stim_text: autoDraw = True
79.8550 	EXP 	LDT_fix_text: autoDraw = False
81.1733 	EXP 	Device response: <KeyPress from None: t=81.17283459999817, value=l, duration=None>
81.1736 	EXP 	New trial (rep=0, index=7): <Trial 7 (7 in rep 0) data={'Task': 'LDT', 'TrialType': 'Target', 'Stimuli': 'saos', 'StimulusType': 'nonword', 'CorrectResponse': 'a', 'Trialnumb': 115, 'thisN': 7, 'thisTrialN': 7, 'thisRepN': 0}>
81.1814 	EXP 	LDT_fix_text: autoDraw = False
81.1814 	EXP 	LDT_stim_text: autoDraw = False
81.1814 	EXP 	LDT_break_text: autoDraw = False
81.1814 	EXP 	LDT_stim_text: height = np.float64(0.1)
81.1814 	EXP 	LDT_stim_text: height = np.float64(0.1)
81.1814 	EXP 	LDT_stim_text: height = np.float64(0.1)
81.1814 	EXP 	LDT_stim_text: text = 'saos'
81.1814 	EXP 	LDT_fix_text: autoDraw = True
81.1821 	DATA 	Keypress: l
81.2984 	EXP 	Device response: <KeyPress from None: t=81.17283459999817, value=l, duration=0.1213028000020131>
81.6651 	EXP 	LDT_stim_text: autoDraw = True
81.6734 	EXP 	LDT_fix_text: autoDraw = False
82.8082 	EXP 	Device response: <KeyPress from None: t=82.80520759999854, value=l, duration=None>
82.8084 	EXP 	New trial (rep=0, index=8): <Trial 8 (8 in rep 0) data={'Task': 'LDT', 'TrialType': 'Target', 'Stimuli': 'coss', 'StimulusType': 'nonword', 'CorrectResponse': 'a', 'Trialnumb': 133, 'thisN': 8, 'thisTrialN': 8, 'thisRepN': 0}>
82.8162 	EXP 	LDT_fix_text: autoDraw = False
82.8162 	EXP 	LDT_stim_text: autoDraw = False
82.8162 	EXP 	LDT_break_text: autoDraw = False
82.8162 	EXP 	LDT_stim_text: height = np.float64(0.1)
82.8162 	EXP 	LDT_stim_text: height = np.float64(0.1)
82.8162 	EXP 	LDT_stim_text: height = np.float64(0.1)
82.8162 	EXP 	LDT_stim_text: text = 'coss'
82.8162 	EXP 	LDT_fix_text: autoDraw = True
82.8167 	DATA 	Keypress: l
82.9334 	EXP 	Device response: <KeyPress from None: t=82.80520759999854, value=l, duration=0.12730899999951362>
83.3000 	EXP 	LDT_stim_text: autoDraw = True
83.3084 	EXP 	LDT_fix_text: autoDraw = False
84.6016 	EXP 	Device response: <KeyPress from None: t=84.59678350000104, value=l, duration=None>
84.6019 	EXP 	New trial (rep=0, index=9): <Trial 9 (9 in rep 0) data={'Task': 'LDT', 'TrialType': 'Target', 'Stimuli': 'media', 'StimulusType': 'word', 'CorrectResponse': 'l', 'Trialnumb': 46, 'thisN': 9, 'thisTrialN': 9, 'thisRepN': 0}>
84.6098 	EXP 	LDT_fix_text: autoDraw = False
84.6098 	EXP 	LDT_stim_text: autoDraw = False
84.6098 	EXP 	LDT_break_text: autoDraw = False
84.6098 	EXP 	LDT_stim_text: height = np.float64(0.1)
84.6098 	EXP 	LDT_stim_text: height = np.float64(0.1)
84.6098 	EXP 	LDT_stim_text: height = np.float64(0.1)
84.6098 	EXP 	LDT_stim_text: text = 'media'
84.6098 	EXP 	LDT_fix_text: autoDraw = True
84.6103 	DATA 	Keypress: l
84.7017 	EXP 	Device response: <KeyPress from None: t=84.59678350000104, value=l, duration=0.1041023999969184>
85.0935 	EXP 	LDT_stim_text: autoDraw = True
85.1018 	EXP 	LDT_fix_text: autoDraw = False
85.7445 	EXP 	Device response: <KeyPress from None: t=85.74132119999922, value=l, duration=None>
85.7447 	EXP 	New trial (rep=0, index=10): <Trial 10 (10 in rep 0) data={'Task': 'LDT', 'TrialType': 'Target', 'Stimuli': 'data', 'StimulusType': 'word', 'CorrectResponse': 'l', 'Trialnumb': 41, 'thisN': 10, 'thisTrialN': 10, 'thisRepN': 0}>
85.7525 	EXP 	LDT_fix_text: autoDraw = False
85.7525 	EXP 	LDT_stim_text: autoDraw = False
85.7525 	EXP 	LDT_break_text: autoDraw = False
85.7525 	EXP 	LDT_stim_text: height = np.float64(0.1)
85.7525 	EXP 	LDT_stim_text: height = np.float64(0.1)
85.7525 	EXP 	LDT_stim_text: height = np.float64(0.1)
85.7525 	EXP 	LDT_stim_text: text = 'data'
85.7525 	EXP 	LDT_fix_text: autoDraw = True
85.7529 	DATA 	Keypress: l
85.8782 	EXP 	Device response: <KeyPress from None: t=85.74132119999922, value=l, duration=0.1365168000011181>
86.2363 	EXP 	LDT_stim_text: autoDraw = True
86.2446 	EXP 	LDT_fix_text: autoDraw = False
87.0459 	EXP 	Device response: <KeyPress from None: t=87.04445339999802, value=l, duration=None>
87.0462 	EXP 	New trial (rep=0, index=11): <Trial 11 (11 in rep 0) data={'Task': 'LDT', 'TrialType': 'Target', 'Stimuli': 'war', 'StimulusType': 'word', 'CorrectResponse': 'l', 'Trialnumb': 55, 'thisN': 11, 'thisTrialN': 11, 'thisRepN': 0}>
87.0539 	EXP 	LDT_fix_text: autoDraw = False
87.0539 	EXP 	LDT_stim_text: autoDraw = False
87.0539 	EXP 	LDT_break_text: autoDraw = False
87.0539 	EXP 	LDT_stim_text: height = np.float64(0.1)
87.0539 	EXP 	LDT_stim_text: height = np.float64(0.1)
87.0539 	EXP 	LDT_stim_text: height = np.float64(0.1)
87.0539 	EXP 	LDT_stim_text: text = 'war'
87.0539 	EXP 	LDT_fix_text: autoDraw = True
87.0546 	DATA 	Keypress: l
87.1876 	EXP 	Device response: <KeyPress from None: t=87.04445339999802, value=l, duration=0.13670450000063283>
87.5376 	EXP 	LDT_stim_text: autoDraw = True
87.5459 	EXP 	LDT_fix_text: autoDraw = False
89.4731 	EXP 	Device response: <KeyPress from None: t=89.46885859999747, value=l, duration=None>
89.4734 	EXP 	New trial (rep=0, index=12): <Trial 12 (12 in rep 0) data={'Task': 'LDT', 'TrialType': 'Target', 'Stimuli': 'biss', 'StimulusType': 'nonword', 'CorrectResponse': 'a', 'Trialnumb': 123, 'thisN': 12, 'thisTrialN': 12, 'thisRepN': 0}>
89.4813 	EXP 	LDT_fix_text: autoDraw = False
89.4813 	EXP 	LDT_stim_text: autoDraw = False
89.4813 	EXP 	LDT_break_text: autoDraw = False
89.4813 	EXP 	LDT_stim_text: height = np.float64(0.1)
89.4813 	EXP 	LDT_stim_text: height = np.float64(0.1)
89.4813 	EXP 	LDT_stim_text: height = np.float64(0.1)
89.4813 	EXP 	LDT_stim_text: text = 'biss'
89.4813 	EXP 	LDT_fix_text: autoDraw = True
89.4818 	DATA 	Keypress: l
89.5982 	EXP 	Device response: <KeyPress from None: t=89.46885859999747, value=l, duration=0.12119930000335444>
89.9650 	EXP 	LDT_stim_text: autoDraw = True
89.9733 	EXP 	LDT_fix_text: autoDraw = False
91.4501 	EXP 	Device response: <KeyPress from None: t=91.44471209999756, value=a, duration=None>
91.4504 	EXP 	New trial (rep=0, index=13): <Trial 13 (13 in rep 0) data={'Task': 'LDT', 'TrialType': 'Target', 'Stimuli': 'seft', 'StimulusType': 'nonword', 'CorrectResponse': 'a', 'Trialnumb': 188, 'thisN': 13, 'thisTrialN': 13, 'thisRepN': 0}>
91.4581 	EXP 	LDT_fix_text: autoDraw = False
91.4581 	EXP 	LDT_stim_text: autoDraw = False
91.4581 	EXP 	LDT_break_text: autoDraw = False
91.4581 	EXP 	LDT_stim_text: height = np.float64(0.1)
91.4581 	EXP 	LDT_stim_text: height = np.float64(0.1)
91.4581 	EXP 	LDT_stim_text: height = np.float64(0.1)
91.4581 	EXP 	LDT_stim_text: text = 'seft'
91.4581 	EXP 	LDT_fix_text: autoDraw = True
91.4587 	DATA 	Keypress: a
91.5585 	EXP 	Device response: <KeyPress from None: t=91.44471209999756, value=a, duration=0.11223070000050939>
91.9420 	EXP 	LDT_stim_text: autoDraw = True
91.9503 	EXP 	LDT_fix_text: autoDraw = False
97.0474 	EXP 	Device response: <KeyPress from None: t=97.04549319999933, value=a, duration=None>
97.0476 	EXP 	New trial (rep=0, index=14): <Trial 14 (14 in rep 0) data={'Task': 'LDT', 'TrialType': 'Target', 'Stimuli': 'art', 'StimulusType': 'word', 'CorrectResponse': 'l', 'Trialnumb': 15, 'thisN': 14, 'thisTrialN': 14, 'thisRepN': 0}>
97.0553 	EXP 	LDT_fix_text: autoDraw = False
97.0553 	EXP 	LDT_stim_text: autoDraw = False
97.0553 	EXP 	LDT_break_text: autoDraw = False
97.0553 	EXP 	LDT_stim_text: height = np.float64(0.1)
97.0553 	EXP 	LDT_stim_text: height = np.float64(0.1)
97.0553 	EXP 	LDT_stim_text: height = np.float64(0.1)
97.0553 	EXP 	LDT_stim_text: text = 'art'
97.0553 	EXP 	LDT_fix_text: autoDraw = True
97.0558 	DATA 	Keypress: a
97.1475 	EXP 	Device response: <KeyPress from None: t=97.04549319999933, value=a, duration=0.0967092999999295>
97.5392 	EXP 	LDT_stim_text: autoDraw = True
97.5475 	EXP 	LDT_fix_text: autoDraw = False
98.3153 	EXP 	Device response: <KeyPress from None: t=98.30875739999829, value=l, duration=None>
98.3155 	EXP 	New trial (rep=0, index=15): <Trial 15 (15 in rep 0) data={'Task': 'LDT', 'TrialType': 'Target', 'Stimuli': 'buy', 'StimulusType': 'word', 'CorrectResponse': 'l', 'Trialnumb': 25, 'thisN': 15, 'thisTrialN': 15, 'thisRepN': 0}>
98.3233 	EXP 	LDT_fix_text: autoDraw = False
98.3233 	EXP 	LDT_stim_text: autoDraw = False
98.3233 	EXP 	LDT_break_text: autoDraw = False
98.3233 	EXP 	LDT_stim_text: height = np.float64(0.1)
98.3233 	EXP 	LDT_stim_text: height = np.float64(0.1)
98.3233 	EXP 	LDT_stim_text: height = np.float64(0.1)
98.3233 	EXP 	LDT_stim_text: text = 'buy'
98.3233 	EXP 	LDT_fix_text: autoDraw = True
98.3238 	DATA 	Keypress: l
98.4237 	EXP 	Device response: <KeyPress from None: t=98.30875739999829, value=l, duration=0.11191450000114855>
98.8071 	EXP 	LDT_stim_text: autoDraw = True
98.8154 	EXP 	LDT_fix_text: autoDraw = False
99.3245 	EXP 	Device response: <KeyPress from None: t=99.31723659999989, value=l, duration=None>
99.3248 	EXP 	New trial (rep=0, index=16): <Trial 16 (16 in rep 0) data={'Task': 'LDT', 'TrialType': 'Target', 'Stimuli': 'hear', 'StimulusType': 'word', 'CorrectResponse': 'l', 'Trialnumb': 37, 'thisN': 16, 'thisTrialN': 16, 'thisRepN': 0}>
99.3328 	EXP 	LDT_fix_text: autoDraw = False
99.3328 	EXP 	LDT_stim_text: autoDraw = False
99.3328 	EXP 	LDT_break_text: autoDraw = False
99.3328 	EXP 	LDT_stim_text: height = np.float64(0.1)
99.3328 	EXP 	LDT_stim_text: height = np.float64(0.1)
99.3328 	EXP 	LDT_stim_text: height = np.float64(0.1)
99.3328 	EXP 	LDT_stim_text: text = 'hear'
99.3328 	EXP 	LDT_fix_text: autoDraw = True
99.3332 	DATA 	Keypress: l
99.4330 	EXP 	Device response: <KeyPress from None: t=99.31723659999989, value=l, duration=0.11145000000033178>
99.8164 	EXP 	LDT_stim_text: autoDraw = True
99.8248 	EXP 	LDT_fix_text: autoDraw = False
100.4674 	EXP 	Device response: <KeyPress from None: t=100.4612202999997, value=l, duration=None>
100.4677 	EXP 	New trial (rep=0, index=17): <Trial 17 (17 in rep 0) data={'Task': 'LDT', 'TrialType': 'Target', 'Stimuli': 'news', 'StimulusType': 'word', 'CorrectResponse': 'l', 'Trialnumb': 45, 'thisN': 17, 'thisTrialN': 17, 'thisRepN': 0}>
100.4754 	EXP 	LDT_fix_text: autoDraw = False
100.4754 	EXP 	LDT_stim_text: autoDraw = False
100.4754 	EXP 	LDT_break_text: autoDraw = False
100.4754 	EXP 	LDT_stim_text: height = np.float64(0.1)
100.4754 	EXP 	LDT_stim_text: height = np.float64(0.1)
100.4754 	EXP 	LDT_stim_text: height = np.float64(0.1)
100.4754 	EXP 	LDT_stim_text: text = 'news'
100.4754 	EXP 	LDT_fix_text: autoDraw = True
100.4760 	DATA 	Keypress: l
100.5592 	EXP 	Device response: <KeyPress from None: t=100.4612202999997, value=l, duration=0.09622319999834872>
100.9592 	EXP 	LDT_stim_text: autoDraw = True
100.9676 	EXP 	LDT_fix_text: autoDraw = False
101.5935 	EXP 	Device response: <KeyPress from None: t=101.58907030000046, value=l, duration=None>
101.5937 	EXP 	New trial (rep=0, index=18): <Trial 18 (18 in rep 0) data={'Task': 'LDT', 'TrialType': 'Target', 'Stimuli': 'yine', 'StimulusType': 'nonword', 'CorrectResponse': 'a', 'Trialnumb': 220, 'thisN': 18, 'thisTrialN': 18, 'thisRepN': 0}>
101.6016 	EXP 	LDT_fix_text: autoDraw = False
101.6016 	EXP 	LDT_stim_text: autoDraw = False
101.6016 	EXP 	LDT_break_text: autoDraw = False
101.6016 	EXP 	LDT_stim_text: height = np.float64(0.1)
101.6016 	EXP 	LDT_stim_text: height = np.float64(0.1)
101.6016 	EXP 	LDT_stim_text: height = np.float64(0.1)
101.6016 	EXP 	LDT_stim_text: text = 'yine'
101.6016 	EXP 	LDT_fix_text: autoDraw = True
101.6022 	DATA 	Keypress: l
101.6936 	EXP 	Device response: <KeyPress from None: t=101.58907030000046, value=l, duration=0.09638479999921401>
102.0853 	EXP 	LDT_stim_text: autoDraw = True
102.0937 	EXP 	LDT_fix_text: autoDraw = False
103.0699 	EXP 	Device response: <KeyPress from None: t=103.06849040000088, value=l, duration=None>
103.0702 	EXP 	New trial (rep=0, index=19): <Trial 19 (19 in rep 0) data={'Task': 'LDT', 'TrialType': 'Target', 'Stimuli': 'snan', 'StimulusType': 'nonword', 'CorrectResponse': 'a', 'Trialnumb': 196, 'thisN': 19, 'thisTrialN': 19, 'thisRepN': 0}>
103.0780 	EXP 	LDT_fix_text: autoDraw = False
103.0780 	EXP 	LDT_stim_text: autoDraw = False
103.0780 	EXP 	LDT_break_text: autoDraw = False
103.0780 	EXP 	LDT_stim_text: height = np.float64(0.1)
103.0780 	EXP 	LDT_stim_text: height = np.float64(0.1)
103.0780 	EXP 	LDT_stim_text: height = np.float64(0.1)
103.0780 	EXP 	LDT_stim_text: text = 'snan'
103.0780 	EXP 	LDT_fix_text: autoDraw = True
103.0785 	DATA 	Keypress: l
103.2034 	EXP 	Device response: <KeyPress from None: t=103.06849040000088, value=l, duration=0.12873059999765246>
103.5618 	EXP 	LDT_stim_text: autoDraw = True
103.5702 	EXP 	LDT_fix_text: autoDraw = False
105.3556 	EXP 	Device response: <KeyPress from None: t=105.34970160000012, value=a, duration=None>
105.3558 	EXP 	New trial (rep=0, index=20): <Trial 20 (20 in rep 0) data={'Task': 'LDT', 'TrialType': 'Target', 'Stimuli': 'mize', 'StimulusType': 'nonword', 'CorrectResponse': 'a', 'Trialnumb': 174, 'thisN': 20, 'thisTrialN': 20, 'thisRepN': 0}>
105.3636 	EXP 	LDT_fix_text: autoDraw = False
105.3636 	EXP 	LDT_stim_text: autoDraw = False
105.3636 	EXP 	LDT_break_text: autoDraw = False
105.3636 	EXP 	LDT_stim_text: height = np.float64(0.1)
105.3636 	EXP 	LDT_stim_text: height = np.float64(0.1)
105.3636 	EXP 	LDT_stim_text: height = np.float64(0.1)
105.3636 	EXP 	LDT_stim_text: text = 'mize'
105.3636 	EXP 	LDT_fix_text: autoDraw = True
105.3642 	DATA 	Keypress: a
105.4724 	EXP 	Device response: <KeyPress from None: t=105.34970160000012, value=a, duration=0.11956880000070669>
105.8474 	EXP 	LDT_stim_text: autoDraw = True
105.8558 	EXP 	LDT_fix_text: autoDraw = False
107.8080 	EXP 	Device response: <KeyPress from None: t=107.80494589999944, value=a, duration=None>
107.8083 	EXP 	New trial (rep=0, index=21): <Trial 21 (21 in rep 0) data={'Task': 'LDT', 'TrialType': 'Target', 'Stimuli': 'mass', 'StimulusType': 'word', 'CorrectResponse': 'l', 'Trialnumb': 102, 'thisN': 21, 'thisTrialN': 21, 'thisRepN': 0}>
107.8160 	EXP 	LDT_fix_text: autoDraw = False
107.8160 	EXP 	LDT_stim_text: autoDraw = False
107.8160 	EXP 	LDT_break_text: autoDraw = False
107.8160 	EXP 	LDT_stim_text: height = np.float64(0.1)
107.8160 	EXP 	LDT_stim_text: height = np.float64(0.1)
107.8160 	EXP 	LDT_stim_text: height = np.float64(0.1)
107.8160 	EXP 	LDT_stim_text: text = 'mass'
107.8160 	EXP 	LDT_fix_text: autoDraw = True
107.8165 	DATA 	Keypress: a
107.9499 	EXP 	Device response: <KeyPress from None: t=107.80494589999944, value=a, duration=0.14380030000029365>
108.2998 	EXP 	LDT_stim_text: autoDraw = True
108.3082 	EXP 	LDT_fix_text: autoDraw = False
109.5096 	EXP 	Device response: <KeyPress from None: t=109.50210759999754, value=l, duration=None>
109.5099 	EXP 	New trial (rep=0, index=22): <Trial 22 (22 in rep 0) data={'Task': 'LDT', 'TrialType': 'Target', 'Stimuli': 'cing', 'StimulusType': 'nonword', 'CorrectResponse': 'a', 'Trialnumb': 127, 'thisN': 22, 'thisTrialN': 22, 'thisRepN': 0}>
109.5177 	EXP 	LDT_fix_text: autoDraw = False
109.5177 	EXP 	LDT_stim_text: autoDraw = False
109.5177 	EXP 	LDT_break_text: autoDraw = False
109.5177 	EXP 	LDT_stim_text: height = np.float64(0.1)
109.5177 	EXP 	LDT_stim_text: height = np.float64(0.1)
109.5177 	EXP 	LDT_stim_text: height = np.float64(0.1)
109.5177 	EXP 	LDT_stim_text: text = 'cing'
109.5177 	EXP 	LDT_fix_text: autoDraw = True
109.5183 	DATA 	Keypress: l
109.5931 	EXP 	Device response: <KeyPress from None: t=109.50210759999754, value=l, duration=0.08782980000250973>
110.0015 	EXP 	LDT_stim_text: autoDraw = True
110.0099 	EXP 	LDT_fix_text: autoDraw = False
110.8529 	EXP 	Device response: <KeyPress from None: t=110.84542379999766, value=a, duration=None>
110.8532 	EXP 	New trial (rep=0, index=23): <Trial 23 (23 in rep 0) data={'Task': 'LDT', 'TrialType': 'Target', 'Stimuli': 'slim', 'StimulusType': 'word', 'CorrectResponse': 'l', 'Trialnumb': 111, 'thisN': 23, 'thisTrialN': 23, 'thisRepN': 0}>
110.8607 	EXP 	LDT_fix_text: autoDraw = False
110.8607 	EXP 	LDT_stim_text: autoDraw = False
110.8607 	EXP 	LDT_break_text: autoDraw = False
110.8607 	EXP 	LDT_stim_text: height = np.float64(0.1)
110.8607 	EXP 	LDT_stim_text: height = np.float64(0.1)
110.8607 	EXP 	LDT_stim_text: height = np.float64(0.1)
110.8607 	EXP 	LDT_stim_text: text = 'slim'
110.8607 	EXP 	LDT_fix_text: autoDraw = True
110.8612 	DATA 	Keypress: a
111.0028 	EXP 	Device response: <KeyPress from None: t=110.84542379999766, value=a, duration=0.1523566000032588>
111.3445 	EXP 	LDT_stim_text: autoDraw = True
111.3529 	EXP 	LDT_fix_text: autoDraw = False
112.1623 	EXP 	Device response: <KeyPress from None: t=112.15700350000043, value=l, duration=None>
112.1625 	EXP 	New trial (rep=0, index=24): <Trial 24 (24 in rep 0) data={'Task': 'LDT', 'TrialType': 'Target', 'Stimuli': 'full', 'StimulusType': 'word', 'CorrectResponse': 'l', 'Trialnumb': 43, 'thisN': 24, 'thisTrialN': 24, 'thisRepN': 0}>
112.1704 	EXP 	LDT_fix_text: autoDraw = False
112.1704 	EXP 	LDT_stim_text: autoDraw = False
112.1704 	EXP 	LDT_break_text: autoDraw = False
112.1704 	EXP 	LDT_stim_text: height = np.float64(0.1)
112.1704 	EXP 	LDT_stim_text: height = np.float64(0.1)
112.1704 	EXP 	LDT_stim_text: height = np.float64(0.1)
112.1704 	EXP 	LDT_stim_text: text = 'full'
112.1704 	EXP 	LDT_fix_text: autoDraw = True
112.1710 	DATA 	Keypress: l
112.2791 	EXP 	Device response: <KeyPress from None: t=112.15700350000043, value=l, duration=0.12049729999853298>
112.6542 	EXP 	LDT_stim_text: autoDraw = True
112.6625 	EXP 	LDT_fix_text: autoDraw = False
113.2968 	EXP 	Device response: <KeyPress from None: t=113.29330099999788, value=l, duration=None>
113.2970 	EXP 	New trial (rep=0, index=25): <Trial 25 (25 in rep 0) data={'Task': 'LDT', 'TrialType': 'Target', 'Stimuli': 'long', 'StimulusType': 'word', 'CorrectResponse': 'l', 'Trialnumb': 6, 'thisN': 25, 'thisTrialN': 25, 'thisRepN': 0}>
113.3048 	EXP 	LDT_fix_text: autoDraw = False
113.3048 	EXP 	LDT_stim_text: autoDraw = False
113.3048 	EXP 	LDT_break_text: autoDraw = False
113.3048 	EXP 	LDT_stim_text: height = np.float64(0.1)
113.3048 	EXP 	LDT_stim_text: height = np.float64(0.1)
113.3048 	EXP 	LDT_stim_text: height = np.float64(0.1)
113.3048 	EXP 	LDT_stim_text: text = 'long'
113.3048 	EXP 	LDT_fix_text: autoDraw = True
113.3053 	DATA 	Keypress: l
113.3969 	EXP 	Device response: <KeyPress from None: t=113.29330099999788, value=l, duration=0.10316000000239>
113.7886 	EXP 	LDT_stim_text: autoDraw = True
113.7970 	EXP 	LDT_fix_text: autoDraw = False
114.3145 	EXP 	Device response: <KeyPress from None: t=114.30862939999861, value=l, duration=None>
114.3147 	EXP 	New trial (rep=0, index=26): <Trial 26 (26 in rep 0) data={'Task': 'LDT', 'TrialType': 'Target', 'Stimuli': 'hold', 'StimulusType': 'word', 'CorrectResponse': 'l', 'Trialnumb': 54, 'thisN': 26, 'thisTrialN': 26, 'thisRepN': 0}>
114.3225 	EXP 	LDT_fix_text: autoDraw = False
114.3225 	EXP 	LDT_stim_text: autoDraw = False
114.3225 	EXP 	LDT_break_text: autoDraw = False
114.3225 	EXP 	LDT_stim_text: height = np.float64(0.1)
114.3225 	EXP 	LDT_stim_text: height = np.float64(0.1)
114.3225 	EXP 	LDT_stim_text: height = np.float64(0.1)
114.3225 	EXP 	LDT_stim_text: text = 'hold'
114.3225 	EXP 	LDT_fix_text: autoDraw = True
114.3230 	DATA 	Keypress: l
114.4479 	EXP 	Device response: <KeyPress from None: t=114.30862939999861, value=l, duration=0.13747159999911673>
114.8063 	EXP 	LDT_stim_text: autoDraw = True
114.8146 	EXP 	LDT_fix_text: autoDraw = False
115.4322 	EXP 	Device response: <KeyPress from None: t=115.4286276999992, value=l, duration=None>
115.4324 	EXP 	New trial (rep=0, index=27): <Trial 27 (27 in rep 0) data={'Task': 'LDT', 'TrialType': 'Target', 'Stimuli': 'sound', 'StimulusType': 'word', 'CorrectResponse': 'l', 'Trialnumb': 40, 'thisN': 27, 'thisTrialN': 27, 'thisRepN': 0}>
115.4402 	EXP 	LDT_fix_text: autoDraw = False
115.4402 	EXP 	LDT_stim_text: autoDraw = False
115.4402 	EXP 	LDT_break_text: autoDraw = False
115.4402 	EXP 	LDT_stim_text: height = np.float64(0.1)
115.4402 	EXP 	LDT_stim_text: height = np.float64(0.1)
115.4402 	EXP 	LDT_stim_text: height = np.float64(0.1)
115.4402 	EXP 	LDT_stim_text: text = 'sound'
115.4402 	EXP 	LDT_fix_text: autoDraw = True
115.4407 	DATA 	Keypress: l
115.5490 	EXP 	Device response: <KeyPress from None: t=115.4286276999992, value=l, duration=0.1121887000008428>
115.9240 	EXP 	LDT_stim_text: autoDraw = True
115.9324 	EXP 	LDT_fix_text: autoDraw = False
116.3915 	EXP 	Device response: <KeyPress from None: t=116.3902765999992, value=l, duration=None>
116.3918 	EXP 	New trial (rep=0, index=28): <Trial 28 (28 in rep 0) data={'Task': 'LDT', 'TrialType': 'Target', 'Stimuli': 'beah', 'StimulusType': 'nonword', 'CorrectResponse': 'a', 'Trialnumb': 119, 'thisN': 28, 'thisTrialN': 28, 'thisRepN': 0}>
116.3996 	EXP 	LDT_fix_text: autoDraw = False
116.3996 	EXP 	LDT_stim_text: autoDraw = False
116.3996 	EXP 	LDT_break_text: autoDraw = False
116.3996 	EXP 	LDT_stim_text: height = np.float64(0.1)
116.3996 	EXP 	LDT_stim_text: height = np.float64(0.1)
116.3996 	EXP 	LDT_stim_text: height = np.float64(0.1)
116.3996 	EXP 	LDT_stim_text: text = 'beah'
116.3996 	EXP 	LDT_fix_text: autoDraw = True
116.4000 	DATA 	Keypress: l
116.5166 	EXP 	Device response: <KeyPress from None: t=116.3902765999992, value=l, duration=0.11816270000053919>
116.8834 	EXP 	LDT_stim_text: autoDraw = True
116.8917 	EXP 	LDT_fix_text: autoDraw = False
118.6104 	EXP 	Device response: <KeyPress from None: t=118.60454689999824, value=a, duration=None>
118.6106 	EXP 	New trial (rep=0, index=29): <Trial 29 (29 in rep 0) data={'Task': 'LDT', 'TrialType': 'Target', 'Stimuli': 'job', 'StimulusType': 'word', 'CorrectResponse': 'l', 'Trialnumb': 26, 'thisN': 29, 'thisTrialN': 29, 'thisRepN': 0}>
118.6184 	EXP 	LDT_fix_text: autoDraw = False
118.6184 	EXP 	LDT_stim_text: autoDraw = False
118.6184 	EXP 	LDT_break_text: autoDraw = False
118.6184 	EXP 	LDT_stim_text: height = np.float64(0.1)
118.6184 	EXP 	LDT_stim_text: height = np.float64(0.1)
118.6184 	EXP 	LDT_stim_text: height = np.float64(0.1)
118.6184 	EXP 	LDT_stim_text: text = 'job'
118.6184 	EXP 	LDT_fix_text: autoDraw = True
118.6189 	DATA 	Keypress: a
118.7105 	EXP 	Device response: <KeyPress from None: t=118.60454689999824, value=a, duration=0.10468849999961094>
119.1022 	EXP 	LDT_stim_text: autoDraw = True
119.1106 	EXP 	LDT_fix_text: autoDraw = False
119.7282 	EXP 	Device response: <KeyPress from None: t=119.72513880000042, value=l, duration=None>
119.7284 	EXP 	New trial (rep=0, index=30): <Trial 30 (30 in rep 0) data={'Task': 'LDT', 'TrialType': 'Target', 'Stimuli': 'reach', 'StimulusType': 'word', 'CorrectResponse': 'l', 'Trialnumb': 72, 'thisN': 30, 'thisTrialN': 30, 'thisRepN': 0}>
119.7362 	EXP 	LDT_fix_text: autoDraw = False
119.7362 	EXP 	LDT_stim_text: autoDraw = False
119.7362 	EXP 	LDT_break_text: autoDraw = False
119.7362 	EXP 	LDT_stim_text: height = np.float64(0.1)
119.7362 	EXP 	LDT_stim_text: height = np.float64(0.1)
119.7362 	EXP 	LDT_stim_text: height = np.float64(0.1)
119.7362 	EXP 	LDT_stim_text: text = 'reach'
119.7362 	EXP 	LDT_fix_text: autoDraw = True
119.7367 	DATA 	Keypress: l
119.8282 	EXP 	Device response: <KeyPress from None: t=119.72513880000042, value=l, duration=0.09593549999772222>
120.2200 	EXP 	LDT_stim_text: autoDraw = True
120.2284 	EXP 	LDT_fix_text: autoDraw = False
120.9543 	EXP 	Device response: <KeyPress from None: t=120.94967309999993, value=l, duration=None>
120.9546 	EXP 	New trial (rep=0, index=31): <Trial 31 (31 in rep 0) data={'Task': 'LDT', 'TrialType': 'Target', 'Stimuli': 'large', 'StimulusType': 'word', 'CorrectResponse': 'l', 'Trialnumb': 29, 'thisN': 31, 'thisTrialN': 31, 'thisRepN': 0}>
120.9624 	EXP 	LDT_fix_text: autoDraw = False
120.9624 	EXP 	LDT_stim_text: autoDraw = False
120.9624 	EXP 	LDT_break_text: autoDraw = False
120.9624 	EXP 	LDT_stim_text: height = np.float64(0.1)
120.9624 	EXP 	LDT_stim_text: height = np.float64(0.1)
120.9624 	EXP 	LDT_stim_text: height = np.float64(0.1)
120.9624 	EXP 	LDT_stim_text: text = 'large'
120.9624 	EXP 	LDT_fix_text: autoDraw = True
120.9629 	DATA 	Keypress: l
121.0795 	EXP 	Device response: <KeyPress from None: t=120.94967309999993, value=l, duration=0.1269347999987076>
121.4462 	EXP 	LDT_stim_text: autoDraw = True
121.4545 	EXP 	LDT_fix_text: autoDraw = False
122.0307 	EXP 	Device response: <KeyPress from None: t=122.02921340000103, value=l, duration=None>
122.0310 	EXP 	New trial (rep=0, index=32): <Trial 32 (32 in rep 0) data={'Task': 'LDT', 'TrialType': 'Target', 'Stimuli': 'tuse', 'StimulusType': 'nonword', 'CorrectResponse': 'a', 'Trialnumb': 209, 'thisN': 32, 'thisTrialN': 32, 'thisRepN': 0}>
122.0385 	EXP 	LDT_fix_text: autoDraw = False
122.0385 	EXP 	LDT_stim_text: autoDraw = False
122.0385 	EXP 	LDT_break_text: autoDraw = False
122.0385 	EXP 	LDT_stim_text: height = np.float64(0.1)
122.0385 	EXP 	LDT_stim_text: height = np.float64(0.1)
122.0385 	EXP 	LDT_stim_text: height = np.float64(0.1)
122.0385 	EXP 	LDT_stim_text: text = 'tuse'
122.0385 	EXP 	LDT_fix_text: autoDraw = True
122.0390 	DATA 	Keypress: l
122.1389 	EXP 	Device response: <KeyPress from None: t=122.02921340000103, value=l, duration=0.10445879999679164>
122.5223 	EXP 	LDT_stim_text: autoDraw = True
122.5306 	EXP 	LDT_fix_text: autoDraw = False
123.6320 	EXP 	Device response: <KeyPress from None: t=123.62856579999789, value=a, duration=None>
123.6323 	EXP 	New trial (rep=0, index=33): <Trial 33 (33 in rep 0) data={'Task': 'LDT', 'TrialType': 'Target', 'Stimuli': 'juck', 'StimulusType': 'nonword', 'CorrectResponse': 'a', 'Trialnumb': 161, 'thisN': 33, 'thisTrialN': 33, 'thisRepN': 0}>
123.6401 	EXP 	LDT_fix_text: autoDraw = False
123.6401 	EXP 	LDT_stim_text: autoDraw = False
123.6401 	EXP 	LDT_break_text: autoDraw = False
123.6401 	EXP 	LDT_stim_text: height = np.float64(0.1)
123.6401 	EXP 	LDT_stim_text: height = np.float64(0.1)
123.6401 	EXP 	LDT_stim_text: height = np.float64(0.1)
123.6401 	EXP 	LDT_stim_text: text = 'juck'
123.6401 	EXP 	LDT_fix_text: autoDraw = True
123.6406 	DATA 	Keypress: a
123.7405 	EXP 	Device response: <KeyPress from None: t=123.62856579999789, value=a, duration=0.10480649999954039>
124.1239 	EXP 	LDT_stim_text: autoDraw = True
124.1322 	EXP 	LDT_fix_text: autoDraw = False
125.7925 	EXP 	Device response: <KeyPress from None: t=125.78990499999782, value=l, duration=None>
125.7928 	EXP 	New trial (rep=0, index=34): <Trial 34 (34 in rep 0) data={'Task': 'LDT', 'TrialType': 'Target', 'Stimuli': 'jeed', 'StimulusType': 'nonword', 'CorrectResponse': 'a', 'Trialnumb': 158, 'thisN': 34, 'thisTrialN': 34, 'thisRepN': 0}>
125.8005 	EXP 	LDT_fix_text: autoDraw = False
125.8005 	EXP 	LDT_stim_text: autoDraw = False
125.8005 	EXP 	LDT_break_text: autoDraw = False
125.8005 	EXP 	LDT_stim_text: height = np.float64(0.1)
125.8005 	EXP 	LDT_stim_text: height = np.float64(0.1)
125.8005 	EXP 	LDT_stim_text: height = np.float64(0.1)
125.8005 	EXP 	LDT_stim_text: text = 'jeed'
125.8005 	EXP 	LDT_fix_text: autoDraw = True
125.8011 	DATA 	Keypress: l
125.9260 	EXP 	Device response: <KeyPress from None: t=125.78990499999782, value=l, duration=0.13492630000109784>
126.2843 	EXP 	LDT_stim_text: autoDraw = True
126.2927 	EXP 	LDT_fix_text: autoDraw = False
127.1606 	EXP 	Device response: <KeyPress from None: t=127.15804790000038, value=a, duration=None>
127.1609 	EXP 	New trial (rep=0, index=35): <Trial 35 (35 in rep 0) data={'Task': 'LDT', 'TrialType': 'Target', 'Stimuli': 'hard', 'StimulusType': 'word', 'CorrectResponse': 'l', 'Trialnumb': 22, 'thisN': 35, 'thisTrialN': 35, 'thisRepN': 0}>
127.1686 	EXP 	LDT_fix_text: autoDraw = False
127.1686 	EXP 	LDT_stim_text: autoDraw = False
127.1686 	EXP 	LDT_break_text: autoDraw = False
127.1686 	EXP 	LDT_stim_text: height = np.float64(0.1)
127.1686 	EXP 	LDT_stim_text: height = np.float64(0.1)
127.1686 	EXP 	LDT_stim_text: height = np.float64(0.1)
127.1686 	EXP 	LDT_stim_text: text = 'hard'
127.1686 	EXP 	LDT_fix_text: autoDraw = True
127.1692 	DATA 	Keypress: a
127.2940 	EXP 	Device response: <KeyPress from None: t=127.15804790000038, value=a, duration=0.13555559999804245>
127.6524 	EXP 	LDT_stim_text: autoDraw = True
127.6608 	EXP 	LDT_fix_text: autoDraw = False
128.2534 	EXP 	Device response: <KeyPress from None: t=128.25277970000025, value=l, duration=None>
128.2536 	EXP 	New trial (rep=0, index=36): <Trial 36 (36 in rep 0) data={'Task': 'LDT', 'TrialType': 'Target', 'Stimuli': 'bust', 'StimulusType': 'word', 'CorrectResponse': 'l', 'Trialnumb': 91, 'thisN': 36, 'thisTrialN': 36, 'thisRepN': 0}>
128.2613 	EXP 	LDT_fix_text: autoDraw = False
128.2613 	EXP 	LDT_stim_text: autoDraw = False
128.2613 	EXP 	LDT_break_text: autoDraw = False
128.2613 	EXP 	LDT_stim_text: height = np.float64(0.1)
128.2613 	EXP 	LDT_stim_text: height = np.float64(0.1)
128.2613 	EXP 	LDT_stim_text: height = np.float64(0.1)
128.2613 	EXP 	LDT_stim_text: text = 'bust'
128.2613 	EXP 	LDT_fix_text: autoDraw = True
128.2618 	DATA 	Keypress: l
128.3953 	EXP 	Device response: <KeyPress from None: t=128.25277970000025, value=l, duration=0.13621539999803645>
128.7451 	EXP 	LDT_stim_text: autoDraw = True
128.7535 	EXP 	LDT_fix_text: autoDraw = False
130.2720 	EXP 	Device response: <KeyPress from None: t=130.26904029999787, value=a, duration=None>
130.2722 	EXP 	New trial (rep=0, index=37): <Trial 37 (37 in rep 0) data={'Task': 'LDT', 'TrialType': 'Target', 'Stimuli': 'short', 'StimulusType': 'word', 'CorrectResponse': 'l', 'Trialnumb': 50, 'thisN': 37, 'thisTrialN': 37, 'thisRepN': 0}>
130.2801 	EXP 	LDT_fix_text: autoDraw = False
130.2801 	EXP 	LDT_stim_text: autoDraw = False
130.2801 	EXP 	LDT_break_text: autoDraw = False
130.2801 	EXP 	LDT_stim_text: height = np.float64(0.1)
130.2801 	EXP 	LDT_stim_text: height = np.float64(0.1)
130.2801 	EXP 	LDT_stim_text: height = np.float64(0.1)
130.2801 	EXP 	LDT_stim_text: text = 'short'
130.2801 	EXP 	LDT_fix_text: autoDraw = True
130.2805 	DATA 	Keypress: a
130.3803 	EXP 	Device response: <KeyPress from None: t=130.26904029999787, value=a, duration=0.1039976000029128>
130.7638 	EXP 	LDT_stim_text: autoDraw = True
130.7721 	EXP 	LDT_fix_text: autoDraw = False
131.2730 	EXP 	Device response: <KeyPress from None: t=131.26855689999866, value=l, duration=None>
131.2732 	EXP 	New trial (rep=0, index=38): <Trial 38 (38 in rep 0) data={'Task': 'LDT', 'TrialType': 'Target', 'Stimuli': 'spag', 'StimulusType': 'nonword', 'CorrectResponse': 'a', 'Trialnumb': 197, 'thisN': 38, 'thisTrialN': 38, 'thisRepN': 0}>
131.2810 	EXP 	LDT_fix_text: autoDraw = False
131.2810 	EXP 	LDT_stim_text: autoDraw = False
131.2810 	EXP 	LDT_break_text: autoDraw = False
131.2810 	EXP 	LDT_stim_text: height = np.float64(0.1)
131.2810 	EXP 	LDT_stim_text: height = np.float64(0.1)
131.2810 	EXP 	LDT_stim_text: height = np.float64(0.1)
131.2810 	EXP 	LDT_stim_text: text = 'spag'
131.2810 	EXP 	LDT_fix_text: autoDraw = True
131.2815 	DATA 	Keypress: l
131.3900 	EXP 	Device response: <KeyPress from None: t=131.26855689999866, value=l, duration=0.1130038000010245>
131.7648 	EXP 	LDT_stim_text: autoDraw = True
131.7732 	EXP 	LDT_fix_text: autoDraw = False
132.8245 	EXP 	Device response: <KeyPress from None: t=132.82134329999826, value=l, duration=None>
132.8248 	EXP 	New trial (rep=0, index=39): <Trial 39 (39 in rep 0) data={'Task': 'LDT', 'TrialType': 'Target', 'Stimuli': 'space', 'StimulusType': 'word', 'CorrectResponse': 'l', 'Trialnumb': 30, 'thisN': 39, 'thisTrialN': 39, 'thisRepN': 0}>
132.8326 	EXP 	LDT_fix_text: autoDraw = False
132.8326 	EXP 	LDT_stim_text: autoDraw = False
132.8326 	EXP 	LDT_break_text: autoDraw = False
132.8326 	EXP 	LDT_stim_text: height = np.float64(0.1)
132.8326 	EXP 	LDT_stim_text: height = np.float64(0.1)
132.8326 	EXP 	LDT_stim_text: height = np.float64(0.1)
132.8326 	EXP 	LDT_stim_text: text = 'space'
132.8326 	EXP 	LDT_fix_text: autoDraw = True
132.8331 	DATA 	Keypress: l
132.9329 	EXP 	Device response: <KeyPress from None: t=132.82134329999826, value=l, duration=0.10361150000244379>
133.3163 	EXP 	LDT_stim_text: autoDraw = True
133.3247 	EXP 	LDT_fix_text: autoDraw = False
134.6932 	EXP 	Device response: <KeyPress from None: t=134.69284899999911, value=l, duration=None>
134.6935 	EXP 	New trial (rep=0, index=40): <Trial 40 (40 in rep 0) data={'Task': 'LDT', 'TrialType': 'Target', 'Stimuli': 'grew', 'StimulusType': 'word', 'CorrectResponse': 'l', 'Trialnumb': 89, 'thisN': 40, 'thisTrialN': 40, 'thisRepN': 0}>
134.7011 	EXP 	LDT_fix_text: autoDraw = False
134.7011 	EXP 	LDT_stim_text: autoDraw = False
134.7011 	EXP 	LDT_break_text: autoDraw = False
134.7011 	EXP 	LDT_stim_text: height = np.float64(0.1)
134.7011 	EXP 	LDT_stim_text: height = np.float64(0.1)
134.7011 	EXP 	LDT_stim_text: height = np.float64(0.1)
134.7011 	EXP 	LDT_stim_text: text = 'grew'
134.7011 	EXP 	LDT_fix_text: autoDraw = True
134.7016 	DATA 	Keypress: l
134.8014 	EXP 	Device response: <KeyPress from None: t=134.69284899999911, value=l, duration=0.10376149999865447>
135.1849 	EXP 	LDT_stim_text: autoDraw = True
135.1932 	EXP 	LDT_fix_text: autoDraw = False
136.0860 	EXP 	Device response: <KeyPress from None: t=136.08451340000101, value=l, duration=None>
136.0862 	EXP 	New trial (rep=0, index=41): <Trial 41 (41 in rep 0) data={'Task': 'LDT', 'TrialType': 'Target', 'Stimuli': 'heat', 'StimulusType': 'word', 'CorrectResponse': 'l', 'Trialnumb': 79, 'thisN': 41, 'thisTrialN': 41, 'thisRepN': 0}>
136.0941 	EXP 	LDT_fix_text: autoDraw = False
136.0941 	EXP 	LDT_stim_text: autoDraw = False
136.0941 	EXP 	LDT_break_text: autoDraw = False
136.0941 	EXP 	LDT_stim_text: height = np.float64(0.1)
136.0941 	EXP 	LDT_stim_text: height = np.float64(0.1)
136.0941 	EXP 	LDT_stim_text: height = np.float64(0.1)
136.0941 	EXP 	LDT_stim_text: text = 'heat'
136.0941 	EXP 	LDT_fix_text: autoDraw = True
136.0946 	DATA 	Keypress: l
136.1695 	EXP 	Device response: <KeyPress from None: t=136.08451340000101, value=l, duration=0.08073489999878802>
136.5779 	EXP 	LDT_stim_text: autoDraw = True
136.5863 	EXP 	LDT_fix_text: autoDraw = False
137.0537 	EXP 	Device response: <KeyPress from None: t=137.05310180000015, value=l, duration=None>
137.0539 	EXP 	New trial (rep=0, index=42): <Trial 42 (42 in rep 0) data={'Task': 'LDT', 'TrialType': 'Target', 'Stimuli': 'shoa', 'StimulusType': 'nonword', 'CorrectResponse': 'a', 'Trialnumb': 191, 'thisN': 42, 'thisTrialN': 42, 'thisRepN': 0}>
137.0617 	EXP 	LDT_fix_text: autoDraw = False
137.0617 	EXP 	LDT_stim_text: autoDraw = False
137.0617 	EXP 	LDT_break_text: autoDraw = False
137.0617 	EXP 	LDT_stim_text: height = np.float64(0.1)
137.0617 	EXP 	LDT_stim_text: height = np.float64(0.1)
137.0617 	EXP 	LDT_stim_text: height = np.float64(0.1)
137.0617 	EXP 	LDT_stim_text: text = 'shoa'
137.0617 	EXP 	LDT_fix_text: autoDraw = True
137.0623 	DATA 	Keypress: l
137.1704 	EXP 	Device response: <KeyPress from None: t=137.05310180000015, value=l, duration=0.11151790000076289>
137.5455 	EXP 	LDT_stim_text: autoDraw = True
137.5539 	EXP 	LDT_fix_text: autoDraw = False
138.7553 	EXP 	Device response: <KeyPress from None: t=138.7500519999994, value=a, duration=None>
138.7555 	EXP 	New trial (rep=0, index=43): <Trial 43 (43 in rep 0) data={'Task': 'LDT', 'TrialType': 'Target', 'Stimuli': 'borm', 'StimulusType': 'nonword', 'CorrectResponse': 'a', 'Trialnumb': 124, 'thisN': 43, 'thisTrialN': 43, 'thisRepN': 0}>
138.7634 	EXP 	LDT_fix_text: autoDraw = False
138.7634 	EXP 	LDT_stim_text: autoDraw = False
138.7634 	EXP 	LDT_break_text: autoDraw = False
138.7634 	EXP 	LDT_stim_text: height = np.float64(0.1)
138.7634 	EXP 	LDT_stim_text: height = np.float64(0.1)
138.7634 	EXP 	LDT_stim_text: height = np.float64(0.1)
138.7634 	EXP 	LDT_stim_text: text = 'borm'
138.7634 	EXP 	LDT_fix_text: autoDraw = True
138.7640 	DATA 	Keypress: a
138.8554 	EXP 	Device response: <KeyPress from None: t=138.7500519999994, value=a, duration=0.10328300000037416>
139.2472 	EXP 	LDT_stim_text: autoDraw = True
139.2555 	EXP 	LDT_fix_text: autoDraw = False
140.4904 	EXP 	Device response: <KeyPress from None: t=140.48536740000054, value=l, duration=None>
140.4907 	EXP 	New trial (rep=0, index=44): <Trial 44 (44 in rep 0) data={'Task': 'LDT', 'TrialType': 'Target', 'Stimuli': 'bint', 'StimulusType': 'nonword', 'CorrectResponse': 'a', 'Trialnumb': 122, 'thisN': 44, 'thisTrialN': 44, 'thisRepN': 0}>
140.4985 	EXP 	LDT_fix_text: autoDraw = False
140.4985 	EXP 	LDT_stim_text: autoDraw = False
140.4985 	EXP 	LDT_break_text: autoDraw = False
140.4985 	EXP 	LDT_stim_text: height = np.float64(0.1)
140.4985 	EXP 	LDT_stim_text: height = np.float64(0.1)
140.4985 	EXP 	LDT_stim_text: height = np.float64(0.1)
140.4985 	EXP 	LDT_stim_text: text = 'bint'
140.4985 	EXP 	LDT_fix_text: autoDraw = True
140.4990 	DATA 	Keypress: l
140.6155 	EXP 	Device response: <KeyPress from None: t=140.48536740000054, value=l, duration=0.1279577999994217>
140.9823 	EXP 	LDT_stim_text: autoDraw = True
140.9906 	EXP 	LDT_fix_text: autoDraw = False
142.4424 	EXP 	Device response: <KeyPress from None: t=142.43757539999933, value=a, duration=None>
142.4426 	EXP 	New trial (rep=0, index=45): <Trial 45 (45 in rep 0) data={'Task': 'LDT', 'TrialType': 'Target', 'Stimuli': 'basp', 'StimulusType': 'nonword', 'CorrectResponse': 'a', 'Trialnumb': 118, 'thisN': 45, 'thisTrialN': 45, 'thisRepN': 0}>
142.4504 	EXP 	LDT_fix_text: autoDraw = False
142.4504 	EXP 	LDT_stim_text: autoDraw = False
142.4504 	EXP 	LDT_break_text: autoDraw = False
142.4504 	EXP 	LDT_stim_text: height = np.float64(0.1)
142.4504 	EXP 	LDT_stim_text: height = np.float64(0.1)
142.4504 	EXP 	LDT_stim_text: height = np.float64(0.1)
142.4504 	EXP 	LDT_stim_text: text = 'basp'
142.4504 	EXP 	LDT_fix_text: autoDraw = True
142.4509 	DATA 	Keypress: a
142.5675 	EXP 	Device response: <KeyPress from None: t=142.43757539999933, value=a, duration=0.1269124999998894>
142.9342 	EXP 	LDT_stim_text: autoDraw = True
142.9425 	EXP 	LDT_fix_text: autoDraw = False
143.7937 	EXP 	Device response: <KeyPress from None: t=143.7883812, value=a, duration=None>
143.7939 	EXP 	New trial (rep=0, index=46): <Trial 46 (46 in rep 0) data={'Task': 'LDT', 'TrialType': 'Target', 'Stimuli': 'gord', 'StimulusType': 'nonword', 'CorrectResponse': 'a', 'Trialnumb': 148, 'thisN': 46, 'thisTrialN': 46, 'thisRepN': 0}>
143.8017 	EXP 	LDT_fix_text: autoDraw = False
143.8017 	EXP 	LDT_stim_text: autoDraw = False
143.8017 	EXP 	LDT_break_text: autoDraw = False
143.8017 	EXP 	LDT_stim_text: height = np.float64(0.1)
143.8017 	EXP 	LDT_stim_text: height = np.float64(0.1)
143.8017 	EXP 	LDT_stim_text: height = np.float64(0.1)
143.8017 	EXP 	LDT_stim_text: text = 'gord'
143.8017 	EXP 	LDT_fix_text: autoDraw = True
143.8023 	DATA 	Keypress: a
143.9189 	EXP 	Device response: <KeyPress from None: t=143.7883812, value=a, duration=0.12840420000065933>
144.2856 	EXP 	LDT_stim_text: autoDraw = True
144.2939 	EXP 	LDT_fix_text: autoDraw = False
145.6039 	EXP 	Device response: <KeyPress from None: t=145.5973673999979, value=l, duration=None>
145.6042 	EXP 	New trial (rep=0, index=47): <Trial 47 (47 in rep 0) data={'Task': 'LDT', 'TrialType': 'Target', 'Stimuli': 'pick', 'StimulusType': 'word', 'CorrectResponse': 'l', 'Trialnumb': 58, 'thisN': 47, 'thisTrialN': 47, 'thisRepN': 0}>
145.6119 	EXP 	LDT_fix_text: autoDraw = False
145.6119 	EXP 	LDT_stim_text: autoDraw = False
145.6119 	EXP 	LDT_break_text: autoDraw = False
145.6119 	EXP 	LDT_stim_text: height = np.float64(0.1)
145.6119 	EXP 	LDT_stim_text: height = np.float64(0.1)
145.6119 	EXP 	LDT_stim_text: height = np.float64(0.1)
145.6119 	EXP 	LDT_stim_text: text = 'pick'
145.6119 	EXP 	LDT_fix_text: autoDraw = True
145.6124 	DATA 	Keypress: l
145.6956 	EXP 	Device response: <KeyPress from None: t=145.5973673999979, value=l, duration=0.09530890000314685>
146.0957 	EXP 	LDT_stim_text: autoDraw = True
146.1041 	EXP 	LDT_fix_text: autoDraw = False
146.6131 	EXP 	Device response: <KeyPress from None: t=146.6049509000004, value=l, duration=None>
146.6134 	EXP 	New trial (rep=0, index=48): <Trial 48 (48 in rep 0) data={'Task': 'LDT', 'TrialType': 'Target', 'Stimuli': 'eall', 'StimulusType': 'nonword', 'CorrectResponse': 'a', 'Trialnumb': 138, 'thisN': 48, 'thisTrialN': 48, 'thisRepN': 0}>
146.6212 	EXP 	LDT_fix_text: autoDraw = False
146.6212 	EXP 	LDT_stim_text: autoDraw = False
146.6212 	EXP 	LDT_break_text: autoDraw = False
146.6212 	EXP 	LDT_stim_text: height = np.float64(0.1)
146.6212 	EXP 	LDT_stim_text: height = np.float64(0.1)
146.6212 	EXP 	LDT_stim_text: height = np.float64(0.1)
146.6212 	EXP 	LDT_stim_text: text = 'eall'
146.6212 	EXP 	LDT_fix_text: autoDraw = True
146.6218 	DATA 	Keypress: l
146.7049 	EXP 	Device response: <KeyPress from None: t=146.6049509000004, value=l, duration=0.09573239999735961>
147.1050 	EXP 	LDT_stim_text: autoDraw = True
147.1134 	EXP 	LDT_fix_text: autoDraw = False
149.6829 	EXP 	Device response: <KeyPress from None: t=149.6774805999994, value=a, duration=None>
149.6831 	EXP 	New trial (rep=0, index=49): <Trial 49 (49 in rep 0) data={'Task': 'LDT', 'TrialType': 'Target', 'Stimuli': 'gaft', 'StimulusType': 'nonword', 'CorrectResponse': 'a', 'Trialnumb': 144, 'thisN': 49, 'thisTrialN': 49, 'thisRepN': 0}>
149.6910 	EXP 	LDT_fix_text: autoDraw = False
149.6910 	EXP 	LDT_stim_text: autoDraw = False
149.6910 	EXP 	LDT_break_text: autoDraw = False
149.6910 	EXP 	LDT_stim_text: height = np.float64(0.1)
149.6910 	EXP 	LDT_stim_text: height = np.float64(0.1)
149.6910 	EXP 	LDT_stim_text: height = np.float64(0.1)
149.6910 	EXP 	LDT_stim_text: text = 'gaft'
149.6910 	EXP 	LDT_fix_text: autoDraw = True
149.6915 	DATA 	Keypress: a
149.8079 	EXP 	Device response: <KeyPress from None: t=149.6774805999994, value=a, duration=0.12687240000013844>
150.1747 	EXP 	LDT_stim_text: autoDraw = True
150.1831 	EXP 	LDT_fix_text: autoDraw = False
151.1262 	EXP 	Device response: <KeyPress from None: t=151.12530119999792, value=a, duration=None>
151.1265 	EXP 	New trial (rep=0, index=50): <Trial 50 (50 in rep 0) data={'Task': 'LDT', 'TrialType': 'Target', 'Stimuli': 'hirs', 'StimulusType': 'nonword', 'CorrectResponse': 'a', 'Trialnumb': 153, 'thisN': 50, 'thisTrialN': 50, 'thisRepN': 0}>
151.1341 	EXP 	LDT_fix_text: autoDraw = False
151.1341 	EXP 	LDT_stim_text: autoDraw = False
151.1341 	EXP 	LDT_break_text: autoDraw = False
151.1341 	EXP 	LDT_stim_text: height = np.float64(0.1)
151.1341 	EXP 	LDT_stim_text: height = np.float64(0.1)
151.1341 	EXP 	LDT_stim_text: height = np.float64(0.1)
151.1341 	EXP 	LDT_stim_text: text = 'hirs'
151.1341 	EXP 	LDT_fix_text: autoDraw = True
151.1347 	DATA 	Keypress: a
151.2928 	EXP 	Device response: <KeyPress from None: t=151.12530119999792, value=a, duration=0.15989059999992605>
151.6180 	EXP 	LDT_stim_text: autoDraw = True
151.6262 	EXP 	LDT_fix_text: autoDraw = False
155.0883 	EXP 	Device response: <KeyPress from None: t=155.0850204999988, value=a, duration=None>
155.0885 	EXP 	New trial (rep=0, index=51): <Trial 51 (51 in rep 0) data={'Task': 'LDT', 'TrialType': 'Target', 'Stimuli': 'food', 'StimulusType': 'word', 'CorrectResponse': 'l', 'Trialnumb': 5, 'thisN': 51, 'thisTrialN': 51, 'thisRepN': 0}>
155.0963 	EXP 	LDT_fix_text: autoDraw = False
155.0963 	EXP 	LDT_stim_text: autoDraw = False
155.0963 	EXP 	LDT_break_text: autoDraw = False
155.0963 	EXP 	LDT_stim_text: height = np.float64(0.1)
155.0963 	EXP 	LDT_stim_text: height = np.float64(0.1)
155.0963 	EXP 	LDT_stim_text: height = np.float64(0.1)
155.0963 	EXP 	LDT_stim_text: text = 'food'
155.0963 	EXP 	LDT_fix_text: autoDraw = True
155.0968 	DATA 	Keypress: a
155.1801 	EXP 	Device response: <KeyPress from None: t=155.0850204999988, value=a, duration=0.08775669999886304>
155.5801 	EXP 	LDT_stim_text: autoDraw = True
155.5884 	EXP 	LDT_fix_text: autoDraw = False
156.1643 	EXP 	Device response: <KeyPress from None: t=156.15638200000103, value=l, duration=None>
156.1645 	EXP 	New trial (rep=0, index=52): <Trial 52 (52 in rep 0) data={'Task': 'LDT', 'TrialType': 'Target', 'Stimuli': 'water', 'StimulusType': 'word', 'CorrectResponse': 'l', 'Trialnumb': 3, 'thisN': 52, 'thisTrialN': 52, 'thisRepN': 0}>
156.1724 	EXP 	LDT_fix_text: autoDraw = False
156.1724 	EXP 	LDT_stim_text: autoDraw = False
156.1724 	EXP 	LDT_break_text: autoDraw = False
156.1724 	EXP 	LDT_stim_text: height = np.float64(0.1)
156.1724 	EXP 	LDT_stim_text: height = np.float64(0.1)
156.1724 	EXP 	LDT_stim_text: height = np.float64(0.1)
156.1724 	EXP 	LDT_stim_text: text = 'water'
156.1724 	EXP 	LDT_fix_text: autoDraw = True
156.1728 	DATA 	Keypress: l
156.2894 	EXP 	Device response: <KeyPress from None: t=156.15638200000103, value=l, duration=0.12809459999698447>
156.6562 	EXP 	LDT_stim_text: autoDraw = True
156.6645 	EXP 	LDT_fix_text: autoDraw = False
157.1486 	EXP 	Device response: <KeyPress from None: t=157.1409438999981, value=l, duration=None>
157.1489 	EXP 	New trial (rep=0, index=53): <Trial 53 (53 in rep 0) data={'Task': 'LDT', 'TrialType': 'Target', 'Stimuli': 'talm', 'StimulusType': 'nonword', 'CorrectResponse': 'a', 'Trialnumb': 202, 'thisN': 53, 'thisTrialN': 53, 'thisRepN': 0}>
157.1567 	EXP 	LDT_fix_text: autoDraw = False
157.1567 	EXP 	LDT_stim_text: autoDraw = False
157.1567 	EXP 	LDT_break_text: autoDraw = False
157.1567 	EXP 	LDT_stim_text: height = np.float64(0.1)
157.1567 	EXP 	LDT_stim_text: height = np.float64(0.1)
157.1567 	EXP 	LDT_stim_text: height = np.float64(0.1)
157.1567 	EXP 	LDT_stim_text: text = 'talm'
157.1567 	EXP 	LDT_fix_text: autoDraw = True
157.1572 	DATA 	Keypress: l
157.3071 	EXP 	Device response: <KeyPress from None: t=157.1409438999981, value=l, duration=0.1596836999997322>
157.6405 	EXP 	LDT_stim_text: autoDraw = True
157.6488 	EXP 	LDT_fix_text: autoDraw = False
158.8003 	EXP 	Device response: <KeyPress from None: t=158.79737249999744, value=l, duration=None>
158.8006 	EXP 	New trial (rep=0, index=54): <Trial 54 (54 in rep 0) data={'Task': 'LDT', 'TrialType': 'Target', 'Stimuli': 'spy', 'StimulusType': 'word', 'CorrectResponse': 'l', 'Trialnumb': 99, 'thisN': 54, 'thisTrialN': 54, 'thisRepN': 0}>
158.8083 	EXP 	LDT_fix_text: autoDraw = False
158.8083 	EXP 	LDT_stim_text: autoDraw = False
158.8083 	EXP 	LDT_break_text: autoDraw = False
158.8083 	EXP 	LDT_stim_text: height = np.float64(0.1)
158.8083 	EXP 	LDT_stim_text: height = np.float64(0.1)
158.8083 	EXP 	LDT_stim_text: height = np.float64(0.1)
158.8083 	EXP 	LDT_stim_text: text = 'spy'
158.8083 	EXP 	LDT_fix_text: autoDraw = True
158.8088 	DATA 	Keypress: l
158.8670 	EXP 	Device response: <KeyPress from None: t=158.79737249999744, value=l, duration=0.06310360000134096>
159.2921 	EXP 	LDT_stim_text: autoDraw = True
159.3005 	EXP 	LDT_fix_text: autoDraw = False
159.8930 	EXP 	Device response: <KeyPress from None: t=159.88488639999923, value=l, duration=None>
159.8932 	EXP 	New trial (rep=0, index=55): <Trial 55 (55 in rep 0) data={'Task': 'LDT', 'TrialType': 'Target', 'Stimuli': 'side', 'StimulusType': 'word', 'CorrectResponse': 'l', 'Trialnumb': 48, 'thisN': 55, 'thisTrialN': 55, 'thisRepN': 0}>
159.9011 	EXP 	LDT_fix_text: autoDraw = False
159.9011 	EXP 	LDT_stim_text: autoDraw = False
159.9011 	EXP 	LDT_break_text: autoDraw = False
159.9011 	EXP 	LDT_stim_text: height = np.float64(0.1)
159.9011 	EXP 	LDT_stim_text: height = np.float64(0.1)
159.9011 	EXP 	LDT_stim_text: height = np.float64(0.1)
159.9011 	EXP 	LDT_stim_text: text = 'side'
159.9011 	EXP 	LDT_fix_text: autoDraw = True
159.9016 	DATA 	Keypress: l
160.0015 	EXP 	Device response: <KeyPress from None: t=159.88488639999923, value=l, duration=0.11186989999987418>
160.3849 	EXP 	LDT_stim_text: autoDraw = True
160.3932 	EXP 	LDT_fix_text: autoDraw = False
161.3361 	EXP 	Device response: <KeyPress from None: t=161.33254599999782, value=l, duration=None>
161.3363 	EXP 	New trial (rep=0, index=56): <Trial 56 (56 in rep 0) data={'Task': 'LDT', 'TrialType': 'Target', 'Stimuli': 'vome', 'StimulusType': 'nonword', 'CorrectResponse': 'a', 'Trialnumb': 213, 'thisN': 56, 'thisTrialN': 56, 'thisRepN': 0}>
161.3443 	EXP 	LDT_fix_text: autoDraw = False
161.3443 	EXP 	LDT_stim_text: autoDraw = False
161.3443 	EXP 	LDT_break_text: autoDraw = False
161.3443 	EXP 	LDT_stim_text: height = np.float64(0.1)
161.3443 	EXP 	LDT_stim_text: height = np.float64(0.1)
161.3443 	EXP 	LDT_stim_text: height = np.float64(0.1)
161.3443 	EXP 	LDT_stim_text: text = 'vome'
161.3443 	EXP 	LDT_fix_text: autoDraw = True
161.3448 	DATA 	Keypress: l
161.4195 	EXP 	Device response: <KeyPress from None: t=161.33254599999782, value=l, duration=0.07996310000089579>
161.8280 	EXP 	LDT_stim_text: autoDraw = True
161.8363 	EXP 	LDT_fix_text: autoDraw = False
163.5217 	EXP 	Device response: <KeyPress from None: t=163.51650999999765, value=l, duration=None>
163.5219 	EXP 	New trial (rep=0, index=57): <Trial 57 (57 in rep 0) data={'Task': 'LDT', 'TrialType': 'Target', 'Stimuli': 'chase', 'StimulusType': 'word', 'CorrectResponse': 'l', 'Trialnumb': 86, 'thisN': 57, 'thisTrialN': 57, 'thisRepN': 0}>
163.5297 	EXP 	LDT_fix_text: autoDraw = False
163.5297 	EXP 	LDT_stim_text: autoDraw = False
163.5297 	EXP 	LDT_break_text: autoDraw = False
163.5297 	EXP 	LDT_stim_text: height = np.float64(0.1)
163.5297 	EXP 	LDT_stim_text: height = np.float64(0.1)
163.5297 	EXP 	LDT_stim_text: height = np.float64(0.1)
163.5297 	EXP 	LDT_stim_text: text = 'chase'
163.5297 	EXP 	LDT_fix_text: autoDraw = True
163.5303 	DATA 	Keypress: l
163.6052 	EXP 	Device response: <KeyPress from None: t=163.51650999999765, value=l, duration=0.08783430000039516>
164.0135 	EXP 	LDT_stim_text: autoDraw = True
164.0218 	EXP 	LDT_fix_text: autoDraw = False
164.5978 	EXP 	Device response: <KeyPress from None: t=164.59734169999865, value=l, duration=None>
164.5980 	EXP 	New trial (rep=0, index=58): <Trial 58 (58 in rep 0) data={'Task': 'LDT', 'TrialType': 'Target', 'Stimuli': 'cean', 'StimulusType': 'nonword', 'CorrectResponse': 'a', 'Trialnumb': 126, 'thisN': 58, 'thisTrialN': 58, 'thisRepN': 0}>
164.6059 	EXP 	LDT_fix_text: autoDraw = False
164.6059 	EXP 	LDT_stim_text: autoDraw = False
164.6059 	EXP 	LDT_break_text: autoDraw = False
164.6059 	EXP 	LDT_stim_text: height = np.float64(0.1)
164.6059 	EXP 	LDT_stim_text: height = np.float64(0.1)
164.6059 	EXP 	LDT_stim_text: height = np.float64(0.1)
164.6059 	EXP 	LDT_stim_text: text = 'cean'
164.6059 	EXP 	LDT_fix_text: autoDraw = True
164.6064 	DATA 	Keypress: l
164.6812 	EXP 	Device response: <KeyPress from None: t=164.59734169999865, value=l, duration=0.07951830000092741>
165.0896 	EXP 	LDT_stim_text: autoDraw = True
165.0979 	EXP 	LDT_fix_text: autoDraw = False
166.9584 	EXP 	Device response: <KeyPress from None: t=166.95678229999976, value=a, duration=None>
166.9586 	EXP 	New trial (rep=0, index=59): <Trial 59 (59 in rep 0) data={'Task': 'LDT', 'TrialType': 'Target', 'Stimuli': 'dilt', 'StimulusType': 'nonword', 'CorrectResponse': 'a', 'Trialnumb': 137, 'thisN': 59, 'thisTrialN': 59, 'thisRepN': 0}>
166.9664 	EXP 	LDT_fix_text: autoDraw = False
166.9664 	EXP 	LDT_stim_text: autoDraw = False
166.9664 	EXP 	LDT_break_text: autoDraw = False
166.9664 	EXP 	LDT_stim_text: height = np.float64(0.1)
166.9664 	EXP 	LDT_stim_text: height = np.float64(0.1)
166.9664 	EXP 	LDT_stim_text: height = np.float64(0.1)
166.9664 	EXP 	LDT_stim_text: text = 'dilt'
166.9664 	EXP 	LDT_fix_text: autoDraw = True
166.9670 	DATA 	Keypress: a
167.0418 	EXP 	Device response: <KeyPress from None: t=166.95678229999976, value=a, duration=0.07967759999883128>
167.4502 	EXP 	LDT_stim_text: autoDraw = True
167.4586 	EXP 	LDT_fix_text: autoDraw = False
171.2627 	EXP 	Device response: <KeyPress from None: t=171.26133429999754, value=l, duration=None>
171.2630 	EXP 	New trial (rep=0, index=60): <Trial 60 (60 in rep 0) data={'Task': 'LDT', 'TrialType': 'Target', 'Stimuli': 'green', 'StimulusType': 'word', 'CorrectResponse': 'l', 'Trialnumb': 38, 'thisN': 60, 'thisTrialN': 60, 'thisRepN': 0}>
171.2707 	EXP 	LDT_fix_text: autoDraw = False
171.2707 	EXP 	LDT_stim_text: autoDraw = False
171.2707 	EXP 	LDT_break_text: autoDraw = False
171.2707 	EXP 	LDT_stim_text: height = np.float64(0.1)
171.2707 	EXP 	LDT_stim_text: height = np.float64(0.1)
171.2707 	EXP 	LDT_stim_text: height = np.float64(0.1)
171.2707 	EXP 	LDT_stim_text: text = 'green'
171.2707 	EXP 	LDT_fix_text: autoDraw = True
171.2712 	DATA 	Keypress: l
171.3628 	EXP 	Device response: <KeyPress from None: t=171.26133429999754, value=l, duration=0.09497530000226106>
171.7545 	EXP 	LDT_stim_text: autoDraw = True
171.7628 	EXP 	LDT_fix_text: autoDraw = False
172.3554 	EXP 	Device response: <KeyPress from None: t=172.3491725999993, value=l, duration=None>
172.3556 	EXP 	New trial (rep=0, index=61): <Trial 61 (61 in rep 0) data={'Task': 'LDT', 'TrialType': 'Target', 'Stimuli': 'cona', 'StimulusType': 'nonword', 'CorrectResponse': 'a', 'Trialnumb': 132, 'thisN': 61, 'thisTrialN': 61, 'thisRepN': 0}>
172.3635 	EXP 	LDT_fix_text: autoDraw = False
172.3635 	EXP 	LDT_stim_text: autoDraw = False
172.3635 	EXP 	LDT_break_text: autoDraw = False
172.3635 	EXP 	LDT_stim_text: height = np.float64(0.1)
172.3635 	EXP 	LDT_stim_text: height = np.float64(0.1)
172.3635 	EXP 	LDT_stim_text: height = np.float64(0.1)
172.3635 	EXP 	LDT_stim_text: text = 'cona'
172.3635 	EXP 	LDT_fix_text: autoDraw = True
172.3641 	DATA 	Keypress: l
172.4805 	EXP 	Device response: <KeyPress from None: t=172.3491725999993, value=l, duration=0.12827630000174395>
172.8472 	EXP 	LDT_stim_text: autoDraw = True
172.8556 	EXP 	LDT_fix_text: autoDraw = False
174.5659 	EXP 	Device response: <KeyPress from None: t=174.56431890000022, value=l, duration=None>
174.5662 	EXP 	New trial (rep=0, index=62): <Trial 62 (62 in rep 0) data={'Task': 'LDT', 'TrialType': 'Target', 'Stimuli': 'haro', 'StimulusType': 'nonword', 'CorrectResponse': 'a', 'Trialnumb': 150, 'thisN': 62, 'thisTrialN': 62, 'thisRepN': 0}>
174.5740 	EXP 	LDT_fix_text: autoDraw = False
174.5740 	EXP 	LDT_stim_text: autoDraw = False
174.5740 	EXP 	LDT_break_text: autoDraw = False
174.5740 	EXP 	LDT_stim_text: height = np.float64(0.1)
174.5740 	EXP 	LDT_stim_text: height = np.float64(0.1)
174.5740 	EXP 	LDT_stim_text: height = np.float64(0.1)
174.5740 	EXP 	LDT_stim_text: text = 'haro'
174.5740 	EXP 	LDT_fix_text: autoDraw = True
174.5745 	DATA 	Keypress: l
174.6660 	EXP 	Device response: <KeyPress from None: t=174.56431890000022, value=l, duration=0.09656629999881261>
175.0578 	EXP 	LDT_stim_text: autoDraw = True
175.0661 	EXP 	LDT_fix_text: autoDraw = False
177.5772 	EXP 	Device response: <KeyPress from None: t=177.57303429999956, value=a, duration=None>
177.5774 	EXP 	New trial (rep=0, index=63): <Trial 63 (63 in rep 0) data={'Task': 'LDT', 'TrialType': 'Target', 'Stimuli': 'loje', 'StimulusType': 'nonword', 'CorrectResponse': 'a', 'Trialnumb': 171, 'thisN': 63, 'thisTrialN': 63, 'thisRepN': 0}>
177.5853 	EXP 	LDT_fix_text: autoDraw = False
177.5853 	EXP 	LDT_stim_text: autoDraw = False
177.5853 	EXP 	LDT_break_text: autoDraw = False
177.5853 	EXP 	LDT_stim_text: height = np.float64(0.1)
177.5853 	EXP 	LDT_stim_text: height = np.float64(0.1)
177.5853 	EXP 	LDT_stim_text: height = np.float64(0.1)
177.5853 	EXP 	LDT_stim_text: text = 'loje'
177.5853 	EXP 	LDT_fix_text: autoDraw = True
177.5858 	DATA 	Keypress: a
177.6775 	EXP 	Device response: <KeyPress from None: t=177.57303429999956, value=a, duration=0.1040897999992012>
178.0691 	EXP 	LDT_stim_text: autoDraw = True
178.0774 	EXP 	LDT_fix_text: autoDraw = False
179.0787 	EXP 	Device response: <KeyPress from None: t=179.07052309999926, value=a, duration=None>
179.0789 	EXP 	New trial (rep=0, index=64): <Trial 64 (64 in rep 0) data={'Task': 'LDT', 'TrialType': 'Target', 'Stimuli': 'trip', 'StimulusType': 'word', 'CorrectResponse': 'l', 'Trialnumb': 35, 'thisN': 64, 'thisTrialN': 64, 'thisRepN': 0}>
179.0803 	DATA 	Keypress: a
179.0869 	EXP 	LDT_fix_text: autoDraw = False
179.0869 	EXP 	LDT_stim_text: autoDraw = False
179.0869 	EXP 	LDT_break_text: autoDraw = False
179.0869 	EXP 	LDT_stim_text: height = np.float64(0.1)
179.0869 	EXP 	LDT_stim_text: height = np.float64(0.1)
179.0869 	EXP 	LDT_stim_text: height = np.float64(0.1)
179.0869 	EXP 	LDT_stim_text: text = 'trip'
179.0869 	EXP 	LDT_fix_text: autoDraw = True
179.1455 	EXP 	Device response: <KeyPress from None: t=179.07052309999926, value=a, duration=0.07057780000104685>
179.5706 	EXP 	LDT_stim_text: autoDraw = True
179.5789 	EXP 	LDT_fix_text: autoDraw = False
180.7470 	EXP 	Device response: <KeyPress from None: t=180.74220369999966, value=l, duration=None>
180.7472 	EXP 	New trial (rep=0, index=65): <Trial 65 (65 in rep 0) data={'Task': 'LDT', 'TrialType': 'Target', 'Stimuli': 'live', 'StimulusType': 'word', 'CorrectResponse': 'l', 'Trialnumb': 24, 'thisN': 65, 'thisTrialN': 65, 'thisRepN': 0}>
180.7551 	EXP 	LDT_fix_text: autoDraw = False
180.7551 	EXP 	LDT_stim_text: autoDraw = False
180.7551 	EXP 	LDT_break_text: autoDraw = False
180.7551 	EXP 	LDT_stim_text: height = np.float64(0.1)
180.7551 	EXP 	LDT_stim_text: height = np.float64(0.1)
180.7551 	EXP 	LDT_stim_text: height = np.float64(0.1)
180.7551 	EXP 	LDT_stim_text: text = 'live'
180.7551 	EXP 	LDT_fix_text: autoDraw = True
180.7557 	DATA 	Keypress: l
180.8471 	EXP 	Device response: <KeyPress from None: t=180.74220369999966, value=l, duration=0.10242590000052587>
181.2389 	EXP 	LDT_stim_text: autoDraw = True
181.2472 	EXP 	LDT_fix_text: autoDraw = False
181.7815 	EXP 	Device response: <KeyPress from None: t=181.78106959999786, value=l, duration=None>
181.7817 	EXP 	New trial (rep=0, index=66): <Trial 66 (66 in rep 0) data={'Task': 'LDT', 'TrialType': 'Target', 'Stimuli': 'come', 'StimulusType': 'word', 'CorrectResponse': 'l', 'Trialnumb': 7, 'thisN': 66, 'thisTrialN': 66, 'thisRepN': 0}>
181.7895 	EXP 	LDT_fix_text: autoDraw = False
181.7895 	EXP 	LDT_stim_text: autoDraw = False
181.7895 	EXP 	LDT_break_text: autoDraw = False
181.7895 	EXP 	LDT_stim_text: height = np.float64(0.1)
181.7895 	EXP 	LDT_stim_text: height = np.float64(0.1)
181.7895 	EXP 	LDT_stim_text: height = np.float64(0.1)
181.7895 	EXP 	LDT_stim_text: text = 'come'
181.7895 	EXP 	LDT_fix_text: autoDraw = True
181.7900 	DATA 	Keypress: l
181.9149 	EXP 	Device response: <KeyPress from None: t=181.78106959999786, value=l, duration=0.12762860000293585>
182.2733 	EXP 	LDT_stim_text: autoDraw = True
182.2816 	EXP 	LDT_fix_text: autoDraw = False
182.9242 	EXP 	Device response: <KeyPress from None: t=182.91688209999847, value=l, duration=None>
182.9244 	EXP 	New trial (rep=0, index=67): <Trial 67 (67 in rep 0) data={'Task': 'LDT', 'TrialType': 'Target', 'Stimuli': 'pahe', 'StimulusType': 'nonword', 'CorrectResponse': 'a', 'Trialnumb': 178, 'thisN': 67, 'thisTrialN': 67, 'thisRepN': 0}>
182.9322 	EXP 	LDT_fix_text: autoDraw = False
182.9322 	EXP 	LDT_stim_text: autoDraw = False
182.9322 	EXP 	LDT_break_text: autoDraw = False
182.9322 	EXP 	LDT_stim_text: height = np.float64(0.1)
182.9322 	EXP 	LDT_stim_text: height = np.float64(0.1)
182.9322 	EXP 	LDT_stim_text: height = np.float64(0.1)
182.9322 	EXP 	LDT_stim_text: text = 'pahe'
182.9322 	EXP 	LDT_fix_text: autoDraw = True
182.9329 	DATA 	Keypress: l
183.0160 	EXP 	Device response: <KeyPress from None: t=182.91688209999847, value=l, duration=0.09587640000245301>
183.4161 	EXP 	LDT_stim_text: autoDraw = True
183.4244 	EXP 	LDT_fix_text: autoDraw = False
184.4341 	EXP 	Device response: <KeyPress from None: t=184.42898050000076, value=a, duration=None>
184.4344 	EXP 	New trial (rep=0, index=68): <Trial 68 (68 in rep 0) data={'Task': 'LDT', 'TrialType': 'Target', 'Stimuli': 'blue', 'StimulusType': 'word', 'CorrectResponse': 'l', 'Trialnumb': 57, 'thisN': 68, 'thisTrialN': 68, 'thisRepN': 0}>
184.4421 	EXP 	LDT_fix_text: autoDraw = False
184.4421 	EXP 	LDT_stim_text: autoDraw = False
184.4421 	EXP 	LDT_break_text: autoDraw = False
184.4421 	EXP 	LDT_stim_text: height = np.float64(0.1)
184.4421 	EXP 	LDT_stim_text: height = np.float64(0.1)
184.4421 	EXP 	LDT_stim_text: height = np.float64(0.1)
184.4421 	EXP 	LDT_stim_text: text = 'blue'
184.4421 	EXP 	LDT_fix_text: autoDraw = True
184.4426 	DATA 	Keypress: a
184.5259 	EXP 	Device response: <KeyPress from None: t=184.42898050000076, value=a, duration=0.09549709999919287>
184.9259 	EXP 	LDT_stim_text: autoDraw = True
184.9343 	EXP 	LDT_fix_text: autoDraw = False
185.4850 	EXP 	Device response: <KeyPress from None: t=185.47689170000012, value=l, duration=None>
185.4853 	EXP 	New trial (rep=0, index=69): <Trial 69 (69 in rep 0) data={'Task': 'LDT', 'TrialType': 'Target', 'Stimuli': 'colo', 'StimulusType': 'nonword', 'CorrectResponse': 'a', 'Trialnumb': 131, 'thisN': 69, 'thisTrialN': 69, 'thisRepN': 0}>
185.4932 	EXP 	LDT_fix_text: autoDraw = False
185.4932 	EXP 	LDT_stim_text: autoDraw = False
185.4932 	EXP 	LDT_break_text: autoDraw = False
185.4932 	EXP 	LDT_stim_text: height = np.float64(0.1)
185.4932 	EXP 	LDT_stim_text: height = np.float64(0.1)
185.4932 	EXP 	LDT_stim_text: height = np.float64(0.1)
185.4932 	EXP 	LDT_stim_text: text = 'colo'
185.4932 	EXP 	LDT_fix_text: autoDraw = True
185.4937 	DATA 	Keypress: l
185.5935 	EXP 	Device response: <KeyPress from None: t=185.47689170000012, value=l, duration=0.11209659999803989>
185.9769 	EXP 	LDT_stim_text: autoDraw = True
185.9853 	EXP 	LDT_fix_text: autoDraw = False
187.3953 	EXP 	Device response: <KeyPress from None: t=187.38880000000063, value=a, duration=None>
187.3955 	EXP 	New trial (rep=0, index=70): <Trial 70 (70 in rep 0) data={'Task': 'LDT', 'TrialType': 'Target', 'Stimuli': 'area', 'StimulusType': 'word', 'CorrectResponse': 'l', 'Trialnumb': 49, 'thisN': 70, 'thisTrialN': 70, 'thisRepN': 0}>
187.4034 	EXP 	LDT_fix_text: autoDraw = False
187.4034 	EXP 	LDT_stim_text: autoDraw = False
187.4034 	EXP 	LDT_break_text: autoDraw = False
187.4034 	EXP 	LDT_stim_text: height = np.float64(0.1)
187.4034 	EXP 	LDT_stim_text: height = np.float64(0.1)
187.4034 	EXP 	LDT_stim_text: height = np.float64(0.1)
187.4034 	EXP 	LDT_stim_text: text = 'area'
187.4034 	EXP 	LDT_fix_text: autoDraw = True
187.4039 	DATA 	Keypress: a
187.5040 	EXP 	Device response: <KeyPress from None: t=187.38880000000063, value=a, duration=0.11210509999727947>
187.8872 	EXP 	LDT_stim_text: autoDraw = True
187.8955 	EXP 	LDT_fix_text: autoDraw = False
188.8051 	EXP 	Device response: <KeyPress from None: t=188.8046547999984, value=l, duration=None>
188.8053 	EXP 	New trial (rep=0, index=71): <Trial 71 (71 in rep 0) data={'Task': 'LDT', 'TrialType': 'Target', 'Stimuli': 'sere', 'StimulusType': 'nonword', 'CorrectResponse': 'a', 'Trialnumb': 190, 'thisN': 71, 'thisTrialN': 71, 'thisRepN': 0}>
188.8131 	EXP 	LDT_fix_text: autoDraw = False
188.8131 	EXP 	LDT_stim_text: autoDraw = False
188.8131 	EXP 	LDT_break_text: autoDraw = False
188.8131 	EXP 	LDT_stim_text: height = np.float64(0.1)
188.8131 	EXP 	LDT_stim_text: height = np.float64(0.1)
188.8131 	EXP 	LDT_stim_text: height = np.float64(0.1)
188.8131 	EXP 	LDT_stim_text: text = 'sere'
188.8131 	EXP 	LDT_fix_text: autoDraw = True
188.8136 	DATA 	Keypress: l
188.9135 	EXP 	Device response: <KeyPress from None: t=188.8046547999984, value=l, duration=0.10375820000263047>
189.2969 	EXP 	LDT_stim_text: autoDraw = True
189.3052 	EXP 	LDT_fix_text: autoDraw = False
190.1397 	EXP 	Device response: <KeyPress from None: t=190.13270209999973, value=a, duration=None>
190.1400 	EXP 	New trial (rep=0, index=72): <Trial 72 (72 in rep 0) data={'Task': 'LDT', 'TrialType': 'Target', 'Stimuli': 'frow', 'StimulusType': 'nonword', 'CorrectResponse': 'a', 'Trialnumb': 142, 'thisN': 72, 'thisTrialN': 72, 'thisRepN': 0}>
190.1477 	EXP 	LDT_fix_text: autoDraw = False
190.1477 	EXP 	LDT_stim_text: autoDraw = False
190.1477 	EXP 	LDT_break_text: autoDraw = False
190.1477 	EXP 	LDT_stim_text: height = np.float64(0.1)
190.1477 	EXP 	LDT_stim_text: height = np.float64(0.1)
190.1477 	EXP 	LDT_stim_text: height = np.float64(0.1)
190.1477 	EXP 	LDT_stim_text: text = 'frow'
190.1477 	EXP 	LDT_fix_text: autoDraw = True
190.1482 	DATA 	Keypress: a
190.2065 	EXP 	Device response: <KeyPress from None: t=190.13270209999973, value=a, duration=0.07185029999891412>
190.6315 	EXP 	LDT_stim_text: autoDraw = True
190.6399 	EXP 	LDT_fix_text: autoDraw = False
191.3409 	EXP 	Device response: <KeyPress from None: t=191.3330133999989, value=l, duration=None>
191.3411 	EXP 	New trial (rep=0, index=73): <Trial 73 (73 in rep 0) data={'Task': 'LDT', 'TrialType': 'Target', 'Stimuli': 'ugly', 'StimulusType': 'word', 'CorrectResponse': 'l', 'Trialnumb': 78, 'thisN': 73, 'thisTrialN': 73, 'thisRepN': 0}>
191.3490 	EXP 	LDT_fix_text: autoDraw = False
191.3490 	EXP 	LDT_stim_text: autoDraw = False
191.3490 	EXP 	LDT_break_text: autoDraw = False
191.3490 	EXP 	LDT_stim_text: height = np.float64(0.1)
191.3490 	EXP 	LDT_stim_text: height = np.float64(0.1)
191.3490 	EXP 	LDT_stim_text: height = np.float64(0.1)
191.3490 	EXP 	LDT_stim_text: text = 'ugly'
191.3490 	EXP 	LDT_fix_text: autoDraw = True
191.3496 	DATA 	Keypress: l
191.4410 	EXP 	Device response: <KeyPress from None: t=191.3330133999989, value=l, duration=0.10379159999865806>
191.8328 	EXP 	LDT_stim_text: autoDraw = True
191.8411 	EXP 	LDT_fix_text: autoDraw = False
192.4419 	EXP 	Device response: <KeyPress from None: t=192.43676179999966, value=l, duration=None>
192.4422 	EXP 	New trial (rep=0, index=74): <Trial 74 (74 in rep 0) data={'Task': 'LDT', 'TrialType': 'Target', 'Stimuli': 'gips', 'StimulusType': 'nonword', 'CorrectResponse': 'a', 'Trialnumb': 147, 'thisN': 74, 'thisTrialN': 74, 'thisRepN': 0}>
192.4500 	EXP 	LDT_fix_text: autoDraw = False
192.4500 	EXP 	LDT_stim_text: autoDraw = False
192.4500 	EXP 	LDT_break_text: autoDraw = False
192.4500 	EXP 	LDT_stim_text: height = np.float64(0.1)
192.4500 	EXP 	LDT_stim_text: height = np.float64(0.1)
192.4500 	EXP 	LDT_stim_text: height = np.float64(0.1)
192.4500 	EXP 	LDT_stim_text: text = 'gips'
192.4500 	EXP 	LDT_fix_text: autoDraw = True
192.4506 	DATA 	Keypress: l
192.5672 	EXP 	Device response: <KeyPress from None: t=192.43676179999966, value=l, duration=0.12782209999932093>
192.9339 	EXP 	LDT_stim_text: autoDraw = True
192.9422 	EXP 	LDT_fix_text: autoDraw = False
195.6953 	EXP 	Device response: <KeyPress from None: t=195.69284369999878, value=l, duration=None>
195.6955 	EXP 	New trial (rep=0, index=75): <Trial 75 (75 in rep 0) data={'Task': 'LDT', 'TrialType': 'Target', 'Stimuli': 'music', 'StimulusType': 'word', 'CorrectResponse': 'l', 'Trialnumb': 13, 'thisN': 75, 'thisTrialN': 75, 'thisRepN': 0}>
195.7034 	EXP 	LDT_fix_text: autoDraw = False
195.7034 	EXP 	LDT_stim_text: autoDraw = False
195.7034 	EXP 	LDT_break_text: autoDraw = False
195.7034 	EXP 	LDT_stim_text: height = np.float64(0.1)
195.7034 	EXP 	LDT_stim_text: height = np.float64(0.1)
195.7034 	EXP 	LDT_stim_text: height = np.float64(0.1)
195.7034 	EXP 	LDT_stim_text: text = 'music'
195.7034 	EXP 	LDT_fix_text: autoDraw = True
195.7040 	DATA 	Keypress: l
195.7455 	EXP 	Device response: <KeyPress from None: t=195.69284369999878, value=l, duration=0.04835580000144546>
196.1871 	EXP 	LDT_stim_text: autoDraw = True
196.1954 	EXP 	LDT_fix_text: autoDraw = False
196.9715 	EXP 	Device response: <KeyPress from None: t=196.96495049999794, value=l, duration=None>
196.9717 	EXP 	New trial (rep=0, index=76): <Trial 76 (76 in rep 0) data={'Task': 'LDT', 'TrialType': 'Target', 'Stimuli': 'plue', 'StimulusType': 'nonword', 'CorrectResponse': 'a', 'Trialnumb': 181, 'thisN': 76, 'thisTrialN': 76, 'thisRepN': 0}>
196.9795 	EXP 	LDT_fix_text: autoDraw = False
196.9795 	EXP 	LDT_stim_text: autoDraw = False
196.9795 	EXP 	LDT_break_text: autoDraw = False
196.9795 	EXP 	LDT_stim_text: height = np.float64(0.1)
196.9795 	EXP 	LDT_stim_text: height = np.float64(0.1)
196.9795 	EXP 	LDT_stim_text: height = np.float64(0.1)
196.9795 	EXP 	LDT_stim_text: text = 'plue'
196.9795 	EXP 	LDT_fix_text: autoDraw = True
196.9800 	DATA 	Keypress: l
197.0633 	EXP 	Device response: <KeyPress from None: t=196.96495049999794, value=l, duration=0.09580149999965215>
197.4633 	EXP 	LDT_stim_text: autoDraw = True
197.4717 	EXP 	LDT_fix_text: autoDraw = False
198.3062 	EXP 	Device response: <KeyPress from None: t=198.3017676999989, value=l, duration=None>
198.3064 	EXP 	New trial (rep=0, index=77): <Trial 77 (77 in rep 0) data={'Task': 'LDT', 'TrialType': 'Target', 'Stimuli': 'gali', 'StimulusType': 'nonword', 'CorrectResponse': 'a', 'Trialnumb': 113, 'thisN': 77, 'thisTrialN': 77, 'thisRepN': 0}>
198.3142 	EXP 	LDT_fix_text: autoDraw = False
198.3142 	EXP 	LDT_stim_text: autoDraw = False
198.3142 	EXP 	LDT_break_text: autoDraw = False
198.3142 	EXP 	LDT_stim_text: height = np.float64(0.1)
198.3142 	EXP 	LDT_stim_text: height = np.float64(0.1)
198.3142 	EXP 	LDT_stim_text: height = np.float64(0.1)
198.3142 	EXP 	LDT_stim_text: text = 'gali'
198.3142 	EXP 	LDT_fix_text: autoDraw = True
198.3147 	DATA 	Keypress: l
198.4396 	EXP 	Device response: <KeyPress from None: t=198.3017676999989, value=l, duration=0.13448970000172267>
198.7980 	EXP 	LDT_stim_text: autoDraw = True
198.8064 	EXP 	LDT_fix_text: autoDraw = False
201.4927 	EXP 	Device response: <KeyPress from None: t=201.49244739999995, value=l, duration=None>
201.4930 	EXP 	New trial (rep=0, index=78): <Trial 78 (78 in rep 0) data={'Task': 'LDT', 'TrialType': 'Target', 'Stimuli': 'kang', 'StimulusType': 'nonword', 'CorrectResponse': 'a', 'Trialnumb': 162, 'thisN': 78, 'thisTrialN': 78, 'thisRepN': 0}>
201.5008 	EXP 	LDT_fix_text: autoDraw = False
201.5008 	EXP 	LDT_stim_text: autoDraw = False
201.5008 	EXP 	LDT_break_text: autoDraw = False
201.5008 	EXP 	LDT_stim_text: height = np.float64(0.1)
201.5008 	EXP 	LDT_stim_text: height = np.float64(0.1)
201.5008 	EXP 	LDT_stim_text: height = np.float64(0.1)
201.5008 	EXP 	LDT_stim_text: text = 'kang'
201.5008 	EXP 	LDT_fix_text: autoDraw = True
201.5013 	DATA 	Keypress: l
201.5844 	EXP 	Device response: <KeyPress from None: t=201.49244739999995, value=l, duration=0.08873859999948763>
201.9845 	EXP 	LDT_stim_text: autoDraw = True
201.9928 	EXP 	LDT_fix_text: autoDraw = False
204.0369 	EXP 	Device response: <KeyPress from None: t=204.03640829999858, value=l, duration=None>
204.0371 	EXP 	New trial (rep=0, index=79): <Trial 79 (79 in rep 0) data={'Task': 'LDT', 'TrialType': 'Target', 'Stimuli': 'junk', 'StimulusType': 'word', 'CorrectResponse': 'l', 'Trialnumb': 105, 'thisN': 79, 'thisTrialN': 79, 'thisRepN': 0}>
204.0449 	EXP 	LDT_fix_text: autoDraw = False
204.0449 	EXP 	LDT_stim_text: autoDraw = False
204.0449 	EXP 	LDT_break_text: autoDraw = False
204.0449 	EXP 	LDT_stim_text: height = np.float64(0.1)
204.0449 	EXP 	LDT_stim_text: height = np.float64(0.1)
204.0449 	EXP 	LDT_stim_text: height = np.float64(0.1)
204.0449 	EXP 	LDT_stim_text: text = 'junk'
204.0449 	EXP 	LDT_fix_text: autoDraw = True
204.0454 	DATA 	Keypress: l
204.1369 	EXP 	Device response: <KeyPress from None: t=204.03640829999858, value=l, duration=0.096395600001415>
204.5287 	EXP 	LDT_stim_text: autoDraw = True
204.5371 	EXP 	LDT_fix_text: autoDraw = False
205.9974 	EXP 	Device response: <KeyPress from None: t=205.9970699000005, value=l, duration=None>
206.0057 	EXP 	New trial (rep=0, index=80): <Trial 80 (80 in rep 0) data={'Task': 'LDT', 'TrialType': 'Target', 'Stimuli': 'kear', 'StimulusType': 'nonword', 'CorrectResponse': 'a', 'Trialnumb': 163, 'thisN': 80, 'thisTrialN': 80, 'thisRepN': 0}>
206.0072 	DATA 	Keypress: l
206.0135 	EXP 	LDT_fix_text: autoDraw = False
206.0135 	EXP 	LDT_stim_text: autoDraw = False
206.0135 	EXP 	LDT_break_text: autoDraw = False
206.0135 	EXP 	LDT_stim_text: height = np.float64(0.1)
206.0135 	EXP 	LDT_stim_text: height = np.float64(0.1)
206.0135 	EXP 	LDT_stim_text: height = np.float64(0.1)
206.0135 	EXP 	LDT_stim_text: text = 'kear'
206.0135 	EXP 	LDT_fix_text: autoDraw = True
206.0722 	EXP 	Device response: <KeyPress from None: t=205.9970699000005, value=l, duration=0.07146229999852949>
206.4974 	EXP 	LDT_stim_text: autoDraw = True
206.5059 	EXP 	LDT_fix_text: autoDraw = False
207.8990 	EXP 	Device response: <KeyPress from None: t=207.89257179999913, value=a, duration=None>
207.8993 	EXP 	New trial (rep=0, index=81): <Trial 81 (81 in rep 0) data={'Task': 'LDT', 'TrialType': 'Target', 'Stimuli': 'anto', 'StimulusType': 'nonword', 'CorrectResponse': 'a', 'Trialnumb': 117, 'thisN': 81, 'thisTrialN': 81, 'thisRepN': 0}>
207.9070 	EXP 	LDT_fix_text: autoDraw = False
207.9070 	EXP 	LDT_stim_text: autoDraw = False
207.9070 	EXP 	LDT_break_text: autoDraw = False
207.9070 	EXP 	LDT_stim_text: height = np.float64(0.1)
207.9070 	EXP 	LDT_stim_text: height = np.float64(0.1)
207.9070 	EXP 	LDT_stim_text: height = np.float64(0.1)
207.9070 	EXP 	LDT_stim_text: text = 'anto'
207.9070 	EXP 	LDT_fix_text: autoDraw = True
207.9077 	DATA 	Keypress: a
208.0326 	EXP 	Device response: <KeyPress from None: t=207.89257179999913, value=a, duration=0.1361758999992162>
208.3909 	EXP 	LDT_stim_text: autoDraw = True
208.3992 	EXP 	LDT_fix_text: autoDraw = False
210.9687 	EXP 	Device response: <KeyPress from None: t=210.9650483000005, value=a, duration=None>
210.9690 	EXP 	New trial (rep=0, index=82): <Trial 82 (82 in rep 0) data={'Task': 'LDT', 'TrialType': 'Target', 'Stimuli': 'stad', 'StimulusType': 'nonword', 'CorrectResponse': 'a', 'Trialnumb': 116, 'thisN': 82, 'thisTrialN': 82, 'thisRepN': 0}>
210.9767 	EXP 	LDT_fix_text: autoDraw = False
210.9767 	EXP 	LDT_stim_text: autoDraw = False
210.9767 	EXP 	LDT_break_text: autoDraw = False
210.9767 	EXP 	LDT_stim_text: height = np.float64(0.1)
210.9767 	EXP 	LDT_stim_text: height = np.float64(0.1)
210.9767 	EXP 	LDT_stim_text: height = np.float64(0.1)
210.9767 	EXP 	LDT_stim_text: text = 'stad'
210.9767 	EXP 	LDT_fix_text: autoDraw = True
210.9773 	DATA 	Keypress: a
211.0688 	EXP 	Device response: <KeyPress from None: t=210.9650483000005, value=a, duration=0.0958197999971162>
211.4605 	EXP 	LDT_stim_text: autoDraw = True
211.4689 	EXP 	LDT_fix_text: autoDraw = False
213.5379 	EXP 	Device response: <KeyPress from None: t=213.5329305999985, value=l, duration=None>
213.5382 	EXP 	New trial (rep=0, index=83): <Trial 83 (83 in rep 0) data={'Task': 'LDT', 'TrialType': 'Target', 'Stimuli': 'neep', 'StimulusType': 'nonword', 'CorrectResponse': 'a', 'Trialnumb': 176, 'thisN': 83, 'thisTrialN': 83, 'thisRepN': 0}>
213.5460 	EXP 	LDT_fix_text: autoDraw = False
213.5460 	EXP 	LDT_stim_text: autoDraw = False
213.5460 	EXP 	LDT_break_text: autoDraw = False
213.5460 	EXP 	LDT_stim_text: height = np.float64(0.1)
213.5460 	EXP 	LDT_stim_text: height = np.float64(0.1)
213.5460 	EXP 	LDT_stim_text: height = np.float64(0.1)
213.5460 	EXP 	LDT_stim_text: text = 'neep'
213.5460 	EXP 	LDT_fix_text: autoDraw = True
213.5465 	DATA 	Keypress: l
213.6298 	EXP 	Device response: <KeyPress from None: t=213.5329305999985, value=l, duration=0.09599810000145226>
214.0298 	EXP 	LDT_stim_text: autoDraw = True
214.0381 	EXP 	LDT_fix_text: autoDraw = False
215.5733 	EXP 	Device response: <KeyPress from None: t=215.57306029999745, value=a, duration=None>
215.5735 	EXP 	New trial (rep=0, index=84): <Trial 84 (84 in rep 0) data={'Task': 'LDT', 'TrialType': 'Target', 'Stimuli': 'here', 'StimulusType': 'word', 'CorrectResponse': 'l', 'Trialnumb': 4, 'thisN': 84, 'thisTrialN': 84, 'thisRepN': 0}>
215.5813 	EXP 	LDT_fix_text: autoDraw = False
215.5813 	EXP 	LDT_stim_text: autoDraw = False
215.5813 	EXP 	LDT_break_text: autoDraw = False
215.5813 	EXP 	LDT_stim_text: height = np.float64(0.1)
215.5813 	EXP 	LDT_stim_text: height = np.float64(0.1)
215.5813 	EXP 	LDT_stim_text: height = np.float64(0.1)
215.5813 	EXP 	LDT_stim_text: text = 'here'
215.5813 	EXP 	LDT_fix_text: autoDraw = True
215.5819 	DATA 	Keypress: a
215.6984 	EXP 	Device response: <KeyPress from None: t=215.57306029999745, value=a, duration=0.11946600000010221>
216.0652 	EXP 	LDT_stim_text: autoDraw = True
216.0735 	EXP 	LDT_fix_text: autoDraw = False
216.7244 	EXP 	Device response: <KeyPress from None: t=216.71707799999785, value=l, duration=None>
216.7247 	EXP 	New trial (rep=0, index=85): <Trial 85 (85 in rep 0) data={'Task': 'LDT', 'TrialType': 'Target', 'Stimuli': 'high', 'StimulusType': 'word', 'CorrectResponse': 'l', 'Trialnumb': 16, 'thisN': 85, 'thisTrialN': 85, 'thisRepN': 0}>
216.7325 	EXP 	LDT_fix_text: autoDraw = False
216.7325 	EXP 	LDT_stim_text: autoDraw = False
216.7325 	EXP 	LDT_break_text: autoDraw = False
216.7325 	EXP 	LDT_stim_text: height = np.float64(0.1)
216.7325 	EXP 	LDT_stim_text: height = np.float64(0.1)
216.7325 	EXP 	LDT_stim_text: height = np.float64(0.1)
216.7325 	EXP 	LDT_stim_text: text = 'high'
216.7325 	EXP 	LDT_fix_text: autoDraw = True
216.7331 	DATA 	Keypress: l
216.8246 	EXP 	Device response: <KeyPress from None: t=216.71707799999785, value=l, duration=0.10395290000087698>
217.2163 	EXP 	LDT_stim_text: autoDraw = True
217.2246 	EXP 	LDT_fix_text: autoDraw = False
217.7255 	EXP 	Device response: <KeyPress from None: t=217.72492760000023, value=l, duration=None>
217.7257 	EXP 	New trial (rep=0, index=86): <Trial 86 (86 in rep 0) data={'Task': 'LDT', 'TrialType': 'Target', 'Stimuli': 'ient', 'StimulusType': 'nonword', 'CorrectResponse': 'a', 'Trialnumb': 157, 'thisN': 86, 'thisTrialN': 86, 'thisRepN': 0}>
217.7335 	EXP 	LDT_fix_text: autoDraw = False
217.7335 	EXP 	LDT_stim_text: autoDraw = False
217.7335 	EXP 	LDT_break_text: autoDraw = False
217.7335 	EXP 	LDT_stim_text: height = np.float64(0.1)
217.7335 	EXP 	LDT_stim_text: height = np.float64(0.1)
217.7335 	EXP 	LDT_stim_text: height = np.float64(0.1)
217.7335 	EXP 	LDT_stim_text: text = 'ient'
217.7335 	EXP 	LDT_fix_text: autoDraw = True
217.7341 	DATA 	Keypress: l
217.8589 	EXP 	Device response: <KeyPress from None: t=217.72492760000023, value=l, duration=0.1278093999972043>
218.2173 	EXP 	LDT_stim_text: autoDraw = True
218.2256 	EXP 	LDT_fix_text: autoDraw = False
219.6857 	EXP 	Device response: <KeyPress from None: t=219.6843602000008, value=a, duration=None>
219.6860 	EXP 	New trial (rep=0, index=87): <Trial 87 (87 in rep 0) data={'Task': 'LDT', 'TrialType': 'Target', 'Stimuli': 'unit', 'StimulusType': 'word', 'CorrectResponse': 'l', 'Trialnumb': 82, 'thisN': 87, 'thisTrialN': 87, 'thisRepN': 0}>
219.6938 	EXP 	LDT_fix_text: autoDraw = False
219.6938 	EXP 	LDT_stim_text: autoDraw = False
219.6938 	EXP 	LDT_break_text: autoDraw = False
219.6938 	EXP 	LDT_stim_text: height = np.float64(0.1)
219.6938 	EXP 	LDT_stim_text: height = np.float64(0.1)
219.6938 	EXP 	LDT_stim_text: height = np.float64(0.1)
219.6938 	EXP 	LDT_stim_text: text = 'unit'
219.6938 	EXP 	LDT_fix_text: autoDraw = True
219.6944 	DATA 	Keypress: a
219.7775 	EXP 	Device response: <KeyPress from None: t=219.6843602000008, value=a, duration=0.08873729999686475>
220.1776 	EXP 	LDT_stim_text: autoDraw = True
220.1859 	EXP 	LDT_fix_text: autoDraw = False
220.8702 	EXP 	Device response: <KeyPress from None: t=220.86914819999947, value=l, duration=None>
220.8705 	EXP 	New trial (rep=0, index=88): <Trial 88 (88 in rep 0) data={'Task': 'LDT', 'TrialType': 'Target', 'Stimuli': 'air', 'StimulusType': 'word', 'CorrectResponse': 'l', 'Trialnumb': 34, 'thisN': 88, 'thisTrialN': 88, 'thisRepN': 0}>
220.8783 	EXP 	LDT_fix_text: autoDraw = False
220.8783 	EXP 	LDT_stim_text: autoDraw = False
220.8783 	EXP 	LDT_break_text: autoDraw = False
220.8783 	EXP 	LDT_stim_text: height = np.float64(0.1)
220.8783 	EXP 	LDT_stim_text: height = np.float64(0.1)
220.8783 	EXP 	LDT_stim_text: height = np.float64(0.1)
220.8783 	EXP 	LDT_stim_text: text = 'air'
220.8783 	EXP 	LDT_fix_text: autoDraw = True
220.8788 	DATA 	Keypress: l
220.9703 	EXP 	Device response: <KeyPress from None: t=220.86914819999947, value=l, duration=0.09508840000125929>
221.3621 	EXP 	LDT_stim_text: autoDraw = True
221.3704 	EXP 	LDT_fix_text: autoDraw = False
222.0465 	EXP 	Device response: <KeyPress from None: t=222.04602819999855, value=l, duration=None>
222.0467 	EXP 	New trial (rep=0, index=89): <Trial 89 (89 in rep 0) data={'Task': 'LDT', 'TrialType': 'Target', 'Stimuli': 'daste', 'StimulusType': 'nonword', 'CorrectResponse': 'a', 'Trialnumb': 136, 'thisN': 89, 'thisTrialN': 89, 'thisRepN': 0}>
222.0544 	EXP 	LDT_fix_text: autoDraw = False
222.0544 	EXP 	LDT_stim_text: autoDraw = False
222.0544 	EXP 	LDT_break_text: autoDraw = False
222.0544 	EXP 	LDT_stim_text: height = np.float64(0.1)
222.0544 	EXP 	LDT_stim_text: height = np.float64(0.1)
222.0544 	EXP 	LDT_stim_text: height = np.float64(0.1)
222.0544 	EXP 	LDT_stim_text: text = 'daste'
222.0544 	EXP 	LDT_fix_text: autoDraw = True
222.0550 	DATA 	Keypress: l
222.1799 	EXP 	Device response: <KeyPress from None: t=222.04602819999855, value=l, duration=0.12639390000185813>
222.5382 	EXP 	LDT_stim_text: autoDraw = True
222.5466 	EXP 	LDT_fix_text: autoDraw = False
225.8751 	EXP 	Device response: <KeyPress from None: t=225.86865430000034, value=l, duration=None>
225.8754 	EXP 	New trial (rep=0, index=90): <Trial 90 (90 in rep 0) data={'Task': 'LDT', 'TrialType': 'Target', 'Stimuli': 'gead', 'StimulusType': 'nonword', 'CorrectResponse': 'a', 'Trialnumb': 145, 'thisN': 90, 'thisTrialN': 90, 'thisRepN': 0}>
225.8832 	EXP 	LDT_fix_text: autoDraw = False
225.8832 	EXP 	LDT_stim_text: autoDraw = False
225.8832 	EXP 	LDT_break_text: autoDraw = False
225.8832 	EXP 	LDT_stim_text: height = np.float64(0.1)
225.8832 	EXP 	LDT_stim_text: height = np.float64(0.1)
225.8832 	EXP 	LDT_stim_text: height = np.float64(0.1)
225.8832 	EXP 	LDT_stim_text: text = 'gead'
225.8832 	EXP 	LDT_fix_text: autoDraw = True
225.8837 	DATA 	Keypress: l
225.9753 	EXP 	Device response: <KeyPress from None: t=225.86865430000034, value=l, duration=0.10407529999793041>
226.3670 	EXP 	LDT_stim_text: autoDraw = True
226.3754 	EXP 	LDT_fix_text: autoDraw = False
228.7532 	EXP 	Device response: <KeyPress from None: t=228.74895900000047, value=l, duration=None>
228.7535 	EXP 	New trial (rep=0, index=91): <Trial 91 (91 in rep 0) data={'Task': 'LDT', 'TrialType': 'Target', 'Stimuli': 'rear', 'StimulusType': 'word', 'CorrectResponse': 'l', 'Trialnumb': 110, 'thisN': 91, 'thisTrialN': 91, 'thisRepN': 0}>
228.7611 	EXP 	LDT_fix_text: autoDraw = False
228.7611 	EXP 	LDT_stim_text: autoDraw = False
228.7611 	EXP 	LDT_break_text: autoDraw = False
228.7611 	EXP 	LDT_stim_text: height = np.float64(0.1)
228.7611 	EXP 	LDT_stim_text: height = np.float64(0.1)
228.7611 	EXP 	LDT_stim_text: height = np.float64(0.1)
228.7611 	EXP 	LDT_stim_text: text = 'rear'
228.7611 	EXP 	LDT_fix_text: autoDraw = True
228.7616 	DATA 	Keypress: l
228.8782 	EXP 	Device response: <KeyPress from None: t=228.74895900000047, value=l, duration=0.12850149999940186>
229.2449 	EXP 	LDT_stim_text: autoDraw = True
229.2532 	EXP 	LDT_fix_text: autoDraw = False
230.1211 	EXP 	Device response: <KeyPress from None: t=230.11802429999807, value=l, duration=None>
230.1213 	EXP 	New trial (rep=0, index=92): <Trial 92 (92 in rep 0) data={'Task': 'LDT', 'TrialType': 'Target', 'Stimuli': 'pack', 'StimulusType': 'word', 'CorrectResponse': 'l', 'Trialnumb': 76, 'thisN': 92, 'thisTrialN': 92, 'thisRepN': 0}>
230.1291 	EXP 	LDT_fix_text: autoDraw = False
230.1291 	EXP 	LDT_stim_text: autoDraw = False
230.1291 	EXP 	LDT_break_text: autoDraw = False
230.1291 	EXP 	LDT_stim_text: height = np.float64(0.1)
230.1291 	EXP 	LDT_stim_text: height = np.float64(0.1)
230.1291 	EXP 	LDT_stim_text: height = np.float64(0.1)
230.1291 	EXP 	LDT_stim_text: text = 'pack'
230.1291 	EXP 	LDT_fix_text: autoDraw = True
230.1296 	DATA 	Keypress: l
230.2212 	EXP 	Device response: <KeyPress from None: t=230.11802429999807, value=l, duration=0.10271500000089873>
230.6129 	EXP 	LDT_stim_text: autoDraw = True
230.6213 	EXP 	LDT_fix_text: autoDraw = False
231.3139 	EXP 	Device response: <KeyPress from None: t=231.3095362999993, value=l, duration=None>
231.3142 	EXP 	New trial (rep=0, index=93): <Trial 93 (93 in rep 0) data={'Task': 'LDT', 'TrialType': 'Target', 'Stimuli': 'beon', 'StimulusType': 'nonword', 'CorrectResponse': 'a', 'Trialnumb': 120, 'thisN': 93, 'thisTrialN': 93, 'thisRepN': 0}>
231.3219 	EXP 	LDT_fix_text: autoDraw = False
231.3219 	EXP 	LDT_stim_text: autoDraw = False
231.3219 	EXP 	LDT_break_text: autoDraw = False
231.3219 	EXP 	LDT_stim_text: height = np.float64(0.1)
231.3219 	EXP 	LDT_stim_text: height = np.float64(0.1)
231.3219 	EXP 	LDT_stim_text: height = np.float64(0.1)
231.3219 	EXP 	LDT_stim_text: text = 'beon'
231.3219 	EXP 	LDT_fix_text: autoDraw = True
231.3225 	DATA 	Keypress: l
231.4058 	EXP 	Device response: <KeyPress from None: t=231.3095362999993, value=l, duration=0.09508339999956661>
231.8058 	EXP 	LDT_stim_text: autoDraw = True
231.8141 	EXP 	LDT_fix_text: autoDraw = False
232.8155 	EXP 	Device response: <KeyPress from None: t=232.81302359999972, value=a, duration=None>
232.8157 	EXP 	New trial (rep=0, index=94): <Trial 94 (94 in rep 0) data={'Task': 'LDT', 'TrialType': 'Target', 'Stimuli': 'yeep', 'StimulusType': 'nonword', 'CorrectResponse': 'a', 'Trialnumb': 219, 'thisN': 94, 'thisTrialN': 94, 'thisRepN': 0}>
232.8236 	EXP 	LDT_fix_text: autoDraw = False
232.8236 	EXP 	LDT_stim_text: autoDraw = False
232.8236 	EXP 	LDT_break_text: autoDraw = False
232.8236 	EXP 	LDT_stim_text: height = np.float64(0.1)
232.8236 	EXP 	LDT_stim_text: height = np.float64(0.1)
232.8236 	EXP 	LDT_stim_text: height = np.float64(0.1)
232.8236 	EXP 	LDT_stim_text: text = 'yeep'
232.8236 	EXP 	LDT_fix_text: autoDraw = True
232.8240 	DATA 	Keypress: a
232.9406 	EXP 	Device response: <KeyPress from None: t=232.81302359999972, value=a, duration=0.1198285999998916>
233.3072 	EXP 	LDT_stim_text: autoDraw = True
233.3156 	EXP 	LDT_fix_text: autoDraw = False
234.1000 	EXP 	Device response: <KeyPress from None: t=234.09320300000036, value=a, duration=None>
234.1002 	EXP 	New trial (rep=0, index=95): <Trial 95 (95 in rep 0) data={'Task': 'LDT', 'TrialType': 'Target', 'Stimuli': 'host', 'StimulusType': 'word', 'CorrectResponse': 'l', 'Trialnumb': 106, 'thisN': 95, 'thisTrialN': 95, 'thisRepN': 0}>
234.1080 	EXP 	LDT_fix_text: autoDraw = False
234.1080 	EXP 	LDT_stim_text: autoDraw = False
234.1080 	EXP 	LDT_break_text: autoDraw = False
234.1080 	EXP 	LDT_stim_text: height = np.float64(0.1)
234.1080 	EXP 	LDT_stim_text: height = np.float64(0.1)
234.1080 	EXP 	LDT_stim_text: height = np.float64(0.1)
234.1080 	EXP 	LDT_stim_text: text = 'host'
234.1080 	EXP 	LDT_fix_text: autoDraw = True
234.1086 	DATA 	Keypress: a
234.2419 	EXP 	Device response: <KeyPress from None: t=234.09320300000036, value=a, duration=0.14390679999996792>
234.5919 	EXP 	LDT_stim_text: autoDraw = True
234.6002 	EXP 	LDT_fix_text: autoDraw = False
235.4013 	EXP 	Device response: <KeyPress from None: t=235.39651260000028, value=l, duration=None>
235.4015 	EXP 	New trial (rep=0, index=96): <Trial 96 (96 in rep 0) data={'Task': 'LDT', 'TrialType': 'Target', 'Stimuli': 'warm', 'StimulusType': 'word', 'CorrectResponse': 'l', 'Trialnumb': 60, 'thisN': 96, 'thisTrialN': 96, 'thisRepN': 0}>
235.4094 	EXP 	LDT_fix_text: autoDraw = False
235.4094 	EXP 	LDT_stim_text: autoDraw = False
235.4094 	EXP 	LDT_break_text: autoDraw = False
235.4094 	EXP 	LDT_stim_text: height = np.float64(0.1)
235.4094 	EXP 	LDT_stim_text: height = np.float64(0.1)
235.4094 	EXP 	LDT_stim_text: height = np.float64(0.1)
235.4094 	EXP 	LDT_stim_text: text = 'warm'
235.4094 	EXP 	LDT_fix_text: autoDraw = True
235.4100 	DATA 	Keypress: l
235.5097 	EXP 	Device response: <KeyPress from None: t=235.39651260000028, value=l, duration=0.11165869999967981>
235.8932 	EXP 	LDT_stim_text: autoDraw = True
235.9015 	EXP 	LDT_fix_text: autoDraw = False
236.6443 	EXP 	Device response: <KeyPress from None: t=236.63673149999886, value=l, duration=None>
236.6446 	EXP 	New trial (rep=0, index=97): <Trial 97 (97 in rep 0) data={'Task': 'LDT', 'TrialType': 'Target', 'Stimuli': 'peaf', 'StimulusType': 'nonword', 'CorrectResponse': 'a', 'Trialnumb': 179, 'thisN': 97, 'thisTrialN': 97, 'thisRepN': 0}>
236.6522 	EXP 	LDT_fix_text: autoDraw = False
236.6522 	EXP 	LDT_stim_text: autoDraw = False
236.6522 	EXP 	LDT_break_text: autoDraw = False
236.6522 	EXP 	LDT_stim_text: height = np.float64(0.1)
236.6522 	EXP 	LDT_stim_text: height = np.float64(0.1)
236.6522 	EXP 	LDT_stim_text: height = np.float64(0.1)
236.6522 	EXP 	LDT_stim_text: text = 'peaf'
236.6522 	EXP 	LDT_fix_text: autoDraw = True
236.6527 	DATA 	Keypress: l
236.7360 	EXP 	Device response: <KeyPress from None: t=236.63673149999886, value=l, duration=0.09666160000051605>
237.1360 	EXP 	LDT_stim_text: autoDraw = True
237.1444 	EXP 	LDT_fix_text: autoDraw = False
239.1217 	EXP 	Device response: <KeyPress from None: t=239.11688869999853, value=l, duration=None>
239.1219 	EXP 	New trial (rep=0, index=98): <Trial 98 (98 in rep 0) data={'Task': 'LDT', 'TrialType': 'Target', 'Stimuli': 'cips', 'StimulusType': 'nonword', 'CorrectResponse': 'a', 'Trialnumb': 128, 'thisN': 98, 'thisTrialN': 98, 'thisRepN': 0}>
239.1297 	EXP 	LDT_fix_text: autoDraw = False
239.1297 	EXP 	LDT_stim_text: autoDraw = False
239.1297 	EXP 	LDT_break_text: autoDraw = False
239.1297 	EXP 	LDT_stim_text: height = np.float64(0.1)
239.1297 	EXP 	LDT_stim_text: height = np.float64(0.1)
239.1297 	EXP 	LDT_stim_text: height = np.float64(0.1)
239.1297 	EXP 	LDT_stim_text: text = 'cips'
239.1297 	EXP 	LDT_fix_text: autoDraw = True
239.1302 	DATA 	Keypress: l
239.2218 	EXP 	Device response: <KeyPress from None: t=239.11688869999853, value=l, duration=0.10329619999902206>
239.6135 	EXP 	LDT_stim_text: autoDraw = True
239.6219 	EXP 	LDT_fix_text: autoDraw = False
240.8483 	EXP 	Device response: <KeyPress from None: t=240.84507010000016, value=l, duration=None>
240.8486 	EXP 	New trial (rep=0, index=99): <Trial 99 (99 in rep 0) data={'Task': 'LDT', 'TrialType': 'Target', 'Stimuli': 'part', 'StimulusType': 'word', 'CorrectResponse': 'l', 'Trialnumb': 17, 'thisN': 99, 'thisTrialN': 99, 'thisRepN': 0}>
240.8564 	EXP 	LDT_fix_text: autoDraw = False
240.8564 	EXP 	LDT_stim_text: autoDraw = False
240.8564 	EXP 	LDT_break_text: autoDraw = False
240.8564 	EXP 	LDT_stim_text: height = np.float64(0.1)
240.8564 	EXP 	LDT_stim_text: height = np.float64(0.1)
240.8564 	EXP 	LDT_stim_text: height = np.float64(0.1)
240.8564 	EXP 	LDT_stim_text: text = 'part'
240.8564 	EXP 	LDT_fix_text: autoDraw = True
240.8569 	DATA 	Keypress: l
240.9735 	EXP 	Device response: <KeyPress from None: t=240.84507010000016, value=l, duration=0.127883599998313>
241.3402 	EXP 	LDT_stim_text: autoDraw = True
241.3486 	EXP 	LDT_fix_text: autoDraw = False
242.3164 	EXP 	Device response: <KeyPress from None: t=242.30880669999897, value=l, duration=None>
242.3167 	EXP 	New trial (rep=0, index=100): <Trial 100 (100 in rep 0) data={'Task': 'LDT', 'TrialType': 'Target', 'Stimuli': 'cire', 'StimulusType': 'nonword', 'CorrectResponse': 'a', 'Trialnumb': 129, 'thisN': 100, 'thisTrialN': 100, 'thisRepN': 0}>
242.3246 	EXP 	LDT_fix_text: autoDraw = False
242.3246 	EXP 	LDT_stim_text: autoDraw = False
242.3246 	EXP 	LDT_break_text: autoDraw = False
242.3246 	EXP 	LDT_stim_text: height = np.float64(0.1)
242.3246 	EXP 	LDT_stim_text: height = np.float64(0.1)
242.3246 	EXP 	LDT_stim_text: height = np.float64(0.1)
242.3246 	EXP 	LDT_stim_text: text = 'cire'
242.3246 	EXP 	LDT_fix_text: autoDraw = True
242.3251 	DATA 	Keypress: l
242.3999 	EXP 	Device response: <KeyPress from None: t=242.30880669999897, value=l, duration=0.08841830000164919>
242.8084 	EXP 	LDT_stim_text: autoDraw = True
242.8167 	EXP 	LDT_fix_text: autoDraw = False
244.6605 	EXP 	Device response: <KeyPress from None: t=244.65283590000035, value=l, duration=None>
244.6607 	EXP 	New trial (rep=0, index=101): <Trial 101 (101 in rep 0) data={'Task': 'LDT', 'TrialType': 'Target', 'Stimuli': 'pair', 'StimulusType': 'word', 'CorrectResponse': 'l', 'Trialnumb': 81, 'thisN': 101, 'thisTrialN': 101, 'thisRepN': 0}>
244.6685 	EXP 	LDT_fix_text: autoDraw = False
244.6685 	EXP 	LDT_stim_text: autoDraw = False
244.6685 	EXP 	LDT_break_text: autoDraw = False
244.6685 	EXP 	LDT_stim_text: height = np.float64(0.1)
244.6685 	EXP 	LDT_stim_text: height = np.float64(0.1)
244.6685 	EXP 	LDT_stim_text: height = np.float64(0.1)
244.6685 	EXP 	LDT_stim_text: text = 'pair'
244.6685 	EXP 	LDT_fix_text: autoDraw = True
244.6690 	DATA 	Keypress: l
244.7524 	EXP 	Device response: <KeyPress from None: t=244.65283590000035, value=l, duration=0.09556789999987814>
245.1523 	EXP 	LDT_stim_text: autoDraw = True
245.1607 	EXP 	LDT_fix_text: autoDraw = False
245.7701 	EXP 	Device response: <KeyPress from None: t=245.764501499998, value=l, duration=None>
245.7704 	EXP 	New trial (rep=0, index=102): <Trial 102 (102 in rep 0) data={'Task': 'LDT', 'TrialType': 'Target', 'Stimuli': 'fall', 'StimulusType': 'word', 'CorrectResponse': 'l', 'Trialnumb': 62, 'thisN': 102, 'thisTrialN': 102, 'thisRepN': 0}>
245.7781 	EXP 	LDT_fix_text: autoDraw = False
245.7781 	EXP 	LDT_stim_text: autoDraw = False
245.7781 	EXP 	LDT_break_text: autoDraw = False
245.7781 	EXP 	LDT_stim_text: height = np.float64(0.1)
245.7781 	EXP 	LDT_stim_text: height = np.float64(0.1)
245.7781 	EXP 	LDT_stim_text: height = np.float64(0.1)
245.7781 	EXP 	LDT_stim_text: text = 'fall'
245.7781 	EXP 	LDT_fix_text: autoDraw = True
245.7786 	DATA 	Keypress: l
245.8701 	EXP 	Device response: <KeyPress from None: t=245.764501499998, value=l, duration=0.10453080000297632>
246.2618 	EXP 	LDT_stim_text: autoDraw = True
246.2701 	EXP 	LDT_fix_text: autoDraw = False
246.6542 	EXP 	Device response: <KeyPress from None: t=246.65307409999878, value=l, duration=None>
246.6545 	EXP 	New trial (rep=0, index=103): <Trial 103 (103 in rep 0) data={'Task': 'LDT', 'TrialType': 'Target', 'Stimuli': 'left', 'StimulusType': 'word', 'CorrectResponse': 'l', 'Trialnumb': 27, 'thisN': 103, 'thisTrialN': 103, 'thisRepN': 0}>
246.6622 	EXP 	LDT_fix_text: autoDraw = False
246.6622 	EXP 	LDT_stim_text: autoDraw = False
246.6622 	EXP 	LDT_break_text: autoDraw = False
246.6622 	EXP 	LDT_stim_text: height = np.float64(0.1)
246.6622 	EXP 	LDT_stim_text: height = np.float64(0.1)
246.6622 	EXP 	LDT_stim_text: height = np.float64(0.1)
246.6622 	EXP 	LDT_stim_text: text = 'left'
246.6622 	EXP 	LDT_fix_text: autoDraw = True
246.6626 	DATA 	Keypress: l
246.7543 	EXP 	Device response: <KeyPress from None: t=246.65307409999878, value=l, duration=0.09551339999961783>
247.1460 	EXP 	LDT_stim_text: autoDraw = True
247.1543 	EXP 	LDT_fix_text: autoDraw = False
247.6718 	EXP 	Device response: <KeyPress from None: t=247.66849899999943, value=l, duration=None>
247.6721 	EXP 	New trial (rep=0, index=104): <Trial 104 (104 in rep 0) data={'Task': 'LDT', 'TrialType': 'Target', 'Stimuli': 'trick', 'StimulusType': 'word', 'CorrectResponse': 'l', 'Trialnumb': 75, 'thisN': 104, 'thisTrialN': 104, 'thisRepN': 0}>
247.6798 	EXP 	LDT_fix_text: autoDraw = False
247.6798 	EXP 	LDT_stim_text: autoDraw = False
247.6798 	EXP 	LDT_break_text: autoDraw = False
247.6798 	EXP 	LDT_stim_text: height = np.float64(0.1)
247.6798 	EXP 	LDT_stim_text: height = np.float64(0.1)
247.6798 	EXP 	LDT_stim_text: height = np.float64(0.1)
247.6798 	EXP 	LDT_stim_text: text = 'trick'
247.6798 	EXP 	LDT_fix_text: autoDraw = True
247.6804 	DATA 	Keypress: l
247.7552 	EXP 	Device response: <KeyPress from None: t=247.66849899999943, value=l, duration=0.08050920000096085>
248.1637 	EXP 	LDT_stim_text: autoDraw = True
248.1720 	EXP 	LDT_fix_text: autoDraw = False
248.7979 	EXP 	Device response: <KeyPress from None: t=248.7963223000006, value=l, duration=None>
248.7982 	EXP 	New trial (rep=0, index=105): <Trial 105 (105 in rep 0) data={'Task': 'LDT', 'TrialType': 'Target', 'Stimuli': 'year', 'StimulusType': 'word', 'CorrectResponse': 'l', 'Trialnumb': 10, 'thisN': 105, 'thisTrialN': 105, 'thisRepN': 0}>
248.8060 	EXP 	LDT_fix_text: autoDraw = False
248.8060 	EXP 	LDT_stim_text: autoDraw = False
248.8060 	EXP 	LDT_break_text: autoDraw = False
248.8060 	EXP 	LDT_stim_text: height = np.float64(0.1)
248.8060 	EXP 	LDT_stim_text: height = np.float64(0.1)
248.8060 	EXP 	LDT_stim_text: height = np.float64(0.1)
248.8060 	EXP 	LDT_stim_text: text = 'year'
248.8060 	EXP 	LDT_fix_text: autoDraw = True
248.8065 	DATA 	Keypress: l
248.9147 	EXP 	Device response: <KeyPress from None: t=248.7963223000006, value=l, duration=0.11203169999862439>
249.2898 	EXP 	LDT_stim_text: autoDraw = True
249.2981 	EXP 	LDT_fix_text: autoDraw = False
251.1670 	EXP 	Device response: <KeyPress from None: t=251.1646512999978, value=l, duration=None>
251.1672 	EXP 	New trial (rep=0, index=106): <Trial 106 (106 in rep 0) data={'Task': 'LDT', 'TrialType': 'Target', 'Stimuli': 'sharp', 'StimulusType': 'word', 'CorrectResponse': 'l', 'Trialnumb': 94, 'thisN': 106, 'thisTrialN': 106, 'thisRepN': 0}>
251.1750 	EXP 	LDT_fix_text: autoDraw = False
251.1750 	EXP 	LDT_stim_text: autoDraw = False
251.1750 	EXP 	LDT_break_text: autoDraw = False
251.1750 	EXP 	LDT_stim_text: height = np.float64(0.1)
251.1750 	EXP 	LDT_stim_text: height = np.float64(0.1)
251.1750 	EXP 	LDT_stim_text: height = np.float64(0.1)
251.1750 	EXP 	LDT_stim_text: text = 'sharp'
251.1750 	EXP 	LDT_fix_text: autoDraw = True
251.1755 	DATA 	Keypress: l
251.2921 	EXP 	Device response: <KeyPress from None: t=251.1646512999978, value=l, duration=0.12017970000306377>
251.6588 	EXP 	LDT_stim_text: autoDraw = True
251.6672 	EXP 	LDT_fix_text: autoDraw = False
252.1763 	EXP 	Device response: <KeyPress from None: t=252.17278090000036, value=l, duration=None>
252.1766 	EXP 	New trial (rep=0, index=107): <Trial 107 (107 in rep 0) data={'Task': 'LDT', 'TrialType': 'Target', 'Stimuli': 'judge', 'StimulusType': 'word', 'CorrectResponse': 'l', 'Trialnumb': 67, 'thisN': 107, 'thisTrialN': 107, 'thisRepN': 0}>
252.1844 	EXP 	LDT_fix_text: autoDraw = False
252.1844 	EXP 	LDT_stim_text: autoDraw = False
252.1844 	EXP 	LDT_break_text: autoDraw = False
252.1844 	EXP 	LDT_stim_text: height = np.float64(0.1)
252.1844 	EXP 	LDT_stim_text: height = np.float64(0.1)
252.1844 	EXP 	LDT_stim_text: height = np.float64(0.1)
252.1844 	EXP 	LDT_stim_text: text = 'judge'
252.1844 	EXP 	LDT_fix_text: autoDraw = True
252.1850 	DATA 	Keypress: l
252.2847 	EXP 	Device response: <KeyPress from None: t=252.17278090000036, value=l, duration=0.10375650000059977>
252.6681 	EXP 	LDT_stim_text: autoDraw = True
252.6765 	EXP 	LDT_fix_text: autoDraw = False
254.1532 	EXP 	Device response: <KeyPress from None: t=254.1483619999999, value=l, duration=None>
254.1535 	EXP 	New trial (rep=0, index=108): <Trial 108 (108 in rep 0) data={'Task': 'LDT', 'TrialType': 'Target', 'Stimuli': 'veek', 'StimulusType': 'nonword', 'CorrectResponse': 'a', 'Trialnumb': 211, 'thisN': 108, 'thisTrialN': 108, 'thisRepN': 0}>
254.1613 	EXP 	LDT_fix_text: autoDraw = False
254.1613 	EXP 	LDT_stim_text: autoDraw = False
254.1613 	EXP 	LDT_break_text: autoDraw = False
254.1613 	EXP 	LDT_stim_text: height = np.float64(0.1)
254.1613 	EXP 	LDT_stim_text: height = np.float64(0.1)
254.1613 	EXP 	LDT_stim_text: height = np.float64(0.1)
254.1613 	EXP 	LDT_stim_text: text = 'veek'
254.1613 	EXP 	LDT_fix_text: autoDraw = True
254.1618 	DATA 	Keypress: l
254.2700 	EXP 	Device response: <KeyPress from None: t=254.1483619999999, value=l, duration=0.1205456999996386>
254.6451 	EXP 	LDT_stim_text: autoDraw = True
254.6534 	EXP 	LDT_fix_text: autoDraw = False
255.8049 	EXP 	Device response: <KeyPress from None: t=255.80419299999994, value=a, duration=None>
255.8051 	EXP 	New trial (rep=0, index=109): <Trial 109 (109 in rep 0) data={'Task': 'LDT', 'TrialType': 'Target', 'Stimuli': 'down', 'StimulusType': 'word', 'CorrectResponse': 'l', 'Trialnumb': 9, 'thisN': 109, 'thisTrialN': 109, 'thisRepN': 0}>
255.8131 	EXP 	LDT_fix_text: autoDraw = False
255.8131 	EXP 	LDT_stim_text: autoDraw = False
255.8131 	EXP 	LDT_break_text: autoDraw = False
255.8131 	EXP 	LDT_stim_text: height = np.float64(0.1)
255.8131 	EXP 	LDT_stim_text: height = np.float64(0.1)
255.8131 	EXP 	LDT_stim_text: height = np.float64(0.1)
255.8131 	EXP 	LDT_stim_text: text = 'down'
255.8131 	EXP 	LDT_fix_text: autoDraw = True
255.8137 	DATA 	Keypress: a
255.9050 	EXP 	Device response: <KeyPress from None: t=255.80419299999994, value=a, duration=0.09596700000111014>
256.2967 	EXP 	LDT_stim_text: autoDraw = True
256.3051 	EXP 	LDT_fix_text: autoDraw = False
257.8319 	EXP 	Device response: <KeyPress from None: t=257.82888479999747, value=l, duration=None>
257.8321 	EXP 	New trial (rep=0, index=110): <Trial 110 (110 in rep 0) data={'Task': 'LDT', 'TrialType': 'Target', 'Stimuli': 'lill', 'StimulusType': 'nonword', 'CorrectResponse': 'a', 'Trialnumb': 168, 'thisN': 110, 'thisTrialN': 110, 'thisRepN': 0}>
257.8400 	EXP 	LDT_fix_text: autoDraw = False
257.8400 	EXP 	LDT_stim_text: autoDraw = False
257.8400 	EXP 	LDT_break_text: autoDraw = False
257.8400 	EXP 	LDT_stim_text: height = np.float64(0.1)
257.8400 	EXP 	LDT_stim_text: height = np.float64(0.1)
257.8400 	EXP 	LDT_stim_text: height = np.float64(0.1)
257.8400 	EXP 	LDT_stim_text: text = 'lill'
257.8400 	EXP 	LDT_fix_text: autoDraw = True
257.8405 	DATA 	Keypress: l
257.9570 	EXP 	Device response: <KeyPress from None: t=257.82888479999747, value=l, duration=0.12732940000205417>
258.3237 	EXP 	LDT_stim_text: autoDraw = True
258.3321 	EXP 	LDT_fix_text: autoDraw = False
259.1667 	EXP 	Device response: <KeyPress from None: t=259.16432780000105, value=l, duration=None>
259.1669 	EXP 	New trial (rep=0, index=111): <Trial 111 (111 in rep 0) data={'Task': 'LDT', 'TrialType': 'Target', 'Stimuli': 'wake', 'StimulusType': 'word', 'CorrectResponse': 'l', 'Trialnumb': 63, 'thisN': 111, 'thisTrialN': 111, 'thisRepN': 0}>
259.1747 	EXP 	LDT_fix_text: autoDraw = False
259.1747 	EXP 	LDT_stim_text: autoDraw = False
259.1747 	EXP 	LDT_break_text: autoDraw = False
259.1747 	EXP 	LDT_stim_text: height = np.float64(0.1)
259.1747 	EXP 	LDT_stim_text: height = np.float64(0.1)
259.1747 	EXP 	LDT_stim_text: height = np.float64(0.1)
259.1747 	EXP 	LDT_stim_text: text = 'wake'
259.1747 	EXP 	LDT_fix_text: autoDraw = True
259.1753 	DATA 	Keypress: l
259.2917 	EXP 	Device response: <KeyPress from None: t=259.16432780000105, value=l, duration=0.12014649999764515>
259.6584 	EXP 	LDT_stim_text: autoDraw = True
259.6669 	EXP 	LDT_fix_text: autoDraw = False
261.9361 	EXP 	Device response: <KeyPress from None: t=261.93270889999985, value=l, duration=None>
261.9363 	EXP 	New trial (rep=0, index=112): <Trial 112 (112 in rep 0) data={'Task': 'LDT', 'TrialType': 'Target', 'Stimuli': 'chat', 'StimulusType': 'word', 'CorrectResponse': 'l', 'Trialnumb': 103, 'thisN': 112, 'thisTrialN': 112, 'thisRepN': 0}>
261.9440 	EXP 	LDT_fix_text: autoDraw = False
261.9440 	EXP 	LDT_stim_text: autoDraw = False
261.9440 	EXP 	LDT_break_text: autoDraw = False
261.9440 	EXP 	LDT_stim_text: height = np.float64(0.1)
261.9440 	EXP 	LDT_stim_text: height = np.float64(0.1)
261.9440 	EXP 	LDT_stim_text: height = np.float64(0.1)
261.9440 	EXP 	LDT_stim_text: text = 'chat'
261.9440 	EXP 	LDT_fix_text: autoDraw = True
261.9445 	DATA 	Keypress: l
262.0361 	EXP 	Device response: <KeyPress from None: t=261.93270889999985, value=l, duration=0.09714739999981248>
262.4278 	EXP 	LDT_stim_text: autoDraw = True
262.4362 	EXP 	LDT_fix_text: autoDraw = False
263.7627 	EXP 	Device response: <KeyPress from None: t=263.75664920000054, value=l, duration=None>
263.7630 	EXP 	New trial (rep=0, index=113): <Trial 113 (113 in rep 0) data={'Task': 'LDT', 'TrialType': 'Target', 'Stimuli': 'hage', 'StimulusType': 'nonword', 'CorrectResponse': 'a', 'Trialnumb': 149, 'thisN': 113, 'thisTrialN': 113, 'thisRepN': 0}>
263.7708 	EXP 	LDT_fix_text: autoDraw = False
263.7708 	EXP 	LDT_stim_text: autoDraw = False
263.7708 	EXP 	LDT_break_text: autoDraw = False
263.7708 	EXP 	LDT_stim_text: height = np.float64(0.1)
263.7708 	EXP 	LDT_stim_text: height = np.float64(0.1)
263.7708 	EXP 	LDT_stim_text: height = np.float64(0.1)
263.7708 	EXP 	LDT_stim_text: text = 'hage'
263.7708 	EXP 	LDT_fix_text: autoDraw = True
263.7713 	DATA 	Keypress: l
263.8964 	EXP 	Device response: <KeyPress from None: t=263.75664920000054, value=l, duration=0.13627119999728166>
264.2546 	EXP 	LDT_stim_text: autoDraw = True
264.2630 	EXP 	LDT_fix_text: autoDraw = False
265.1058 	EXP 	Device response: <KeyPress from None: t=265.1009199, value=l, duration=None>
265.1061 	EXP 	New trial (rep=0, index=114): <Trial 114 (114 in rep 0) data={'Task': 'LDT', 'TrialType': 'Target', 'Stimuli': 'dass', 'StimulusType': 'nonword', 'CorrectResponse': 'a', 'Trialnumb': 135, 'thisN': 114, 'thisTrialN': 114, 'thisRepN': 0}>
265.1138 	EXP 	LDT_fix_text: autoDraw = False
265.1138 	EXP 	LDT_stim_text: autoDraw = False
265.1138 	EXP 	LDT_break_text: autoDraw = False
265.1138 	EXP 	LDT_stim_text: height = np.float64(0.1)
265.1138 	EXP 	LDT_stim_text: height = np.float64(0.1)
265.1138 	EXP 	LDT_stim_text: height = np.float64(0.1)
265.1138 	EXP 	LDT_stim_text: text = 'dass'
265.1138 	EXP 	LDT_fix_text: autoDraw = True
265.1144 	DATA 	Keypress: l
265.2226 	EXP 	Device response: <KeyPress from None: t=265.1009199, value=l, duration=0.1209945999980846>
265.5978 	EXP 	LDT_stim_text: autoDraw = True
265.6061 	EXP 	LDT_fix_text: autoDraw = False
268.1171 	EXP 	Device response: <KeyPress from None: t=268.1165755000002, value=a, duration=None>
268.1173 	EXP 	New trial (rep=0, index=115): <Trial 115 (115 in rep 0) data={'Task': 'LDT', 'TrialType': 'Target', 'Stimuli': 'ill', 'StimulusType': 'word', 'CorrectResponse': 'l', 'Trialnumb': 97, 'thisN': 115, 'thisTrialN': 115, 'thisRepN': 0}>
268.1251 	EXP 	LDT_fix_text: autoDraw = False
268.1251 	EXP 	LDT_stim_text: autoDraw = False
268.1251 	EXP 	LDT_break_text: autoDraw = False
268.1251 	EXP 	LDT_stim_text: height = np.float64(0.1)
268.1251 	EXP 	LDT_stim_text: height = np.float64(0.1)
268.1251 	EXP 	LDT_stim_text: height = np.float64(0.1)
268.1251 	EXP 	LDT_stim_text: text = 'ill'
268.1251 	EXP 	LDT_fix_text: autoDraw = True
268.1257 	DATA 	Keypress: a
268.2755 	EXP 	Device response: <KeyPress from None: t=268.1165755000002, value=a, duration=0.15243259999988368>
268.6089 	EXP 	LDT_stim_text: autoDraw = True
268.6173 	EXP 	LDT_fix_text: autoDraw = False
269.3767 	EXP 	Device response: <KeyPress from None: t=269.372482499999, value=l, duration=None>
269.3769 	EXP 	New trial (rep=0, index=116): <Trial 116 (116 in rep 0) data={'Task': 'LDT', 'TrialType': 'Target', 'Stimuli': 'loak', 'StimulusType': 'nonword', 'CorrectResponse': 'a', 'Trialnumb': 169, 'thisN': 116, 'thisTrialN': 116, 'thisRepN': 0}>
269.3847 	EXP 	LDT_fix_text: autoDraw = False
269.3847 	EXP 	LDT_stim_text: autoDraw = False
269.3847 	EXP 	LDT_break_text: autoDraw = False
269.3847 	EXP 	LDT_stim_text: height = np.float64(0.1)
269.3847 	EXP 	LDT_stim_text: height = np.float64(0.1)
269.3847 	EXP 	LDT_stim_text: height = np.float64(0.1)
269.3847 	EXP 	LDT_stim_text: text = 'loak'
269.3847 	EXP 	LDT_fix_text: autoDraw = True
269.3852 	DATA 	Keypress: l
269.4935 	EXP 	Device response: <KeyPress from None: t=269.372482499999, value=l, duration=0.12019620000137365>
269.8686 	EXP 	LDT_stim_text: autoDraw = True
269.8769 	EXP 	LDT_fix_text: autoDraw = False
271.5456 	EXP 	Device response: <KeyPress from None: t=271.5411165000005, value=a, duration=None>
271.5458 	EXP 	New trial (rep=0, index=117): <Trial 117 (117 in rep 0) data={'Task': 'LDT', 'TrialType': 'Target', 'Stimuli': 'tight', 'StimulusType': 'word', 'CorrectResponse': 'l', 'Trialnumb': 74, 'thisN': 117, 'thisTrialN': 117, 'thisRepN': 0}>
271.5535 	EXP 	LDT_fix_text: autoDraw = False
271.5535 	EXP 	LDT_stim_text: autoDraw = False
271.5535 	EXP 	LDT_break_text: autoDraw = False
271.5535 	EXP 	LDT_stim_text: height = np.float64(0.1)
271.5535 	EXP 	LDT_stim_text: height = np.float64(0.1)
271.5535 	EXP 	LDT_stim_text: height = np.float64(0.1)
271.5535 	EXP 	LDT_stim_text: text = 'tight'
271.5535 	EXP 	LDT_fix_text: autoDraw = True
271.5541 	DATA 	Keypress: a
271.6624 	EXP 	Device response: <KeyPress from None: t=271.5411165000005, value=a, duration=0.11955639999723644>
272.0374 	EXP 	LDT_stim_text: autoDraw = True
272.0457 	EXP 	LDT_fix_text: autoDraw = False
272.6632 	EXP 	Device response: <KeyPress from None: t=272.66010879999885, value=l, duration=None>
272.6636 	EXP 	New trial (rep=0, index=118): <Trial 118 (118 in rep 0) data={'Task': 'LDT', 'TrialType': 'Target', 'Stimuli': 'berm', 'StimulusType': 'nonword', 'CorrectResponse': 'a', 'Trialnumb': 121, 'thisN': 118, 'thisTrialN': 118, 'thisRepN': 0}>
272.6713 	EXP 	LDT_fix_text: autoDraw = False
272.6713 	EXP 	LDT_stim_text: autoDraw = False
272.6713 	EXP 	LDT_break_text: autoDraw = False
272.6713 	EXP 	LDT_stim_text: height = np.float64(0.1)
272.6713 	EXP 	LDT_stim_text: height = np.float64(0.1)
272.6713 	EXP 	LDT_stim_text: height = np.float64(0.1)
272.6713 	EXP 	LDT_stim_text: text = 'berm'
272.6713 	EXP 	LDT_fix_text: autoDraw = True
272.6719 	DATA 	Keypress: l
272.7967 	EXP 	Device response: <KeyPress from None: t=272.66010879999885, value=l, duration=0.12820260000080452>
273.1551 	EXP 	LDT_stim_text: autoDraw = True
273.1635 	EXP 	LDT_fix_text: autoDraw = False
273.9814 	EXP 	Device response: <KeyPress from None: t=273.9811618999993, value=a, duration=None>
273.9818 	EXP 	New trial (rep=0, index=119): <Trial 119 (119 in rep 0) data={'Task': 'LDT', 'TrialType': 'Target', 'Stimuli': 'ranny', 'StimulusType': 'nonword', 'CorrectResponse': 'a', 'Trialnumb': 114, 'thisN': 119, 'thisTrialN': 119, 'thisRepN': 0}>
273.9893 	EXP 	LDT_fix_text: autoDraw = False
273.9893 	EXP 	LDT_stim_text: autoDraw = False
273.9893 	EXP 	LDT_break_text: autoDraw = False
273.9893 	EXP 	LDT_stim_text: height = np.float64(0.1)
273.9893 	EXP 	LDT_stim_text: height = np.float64(0.1)
273.9893 	EXP 	LDT_stim_text: height = np.float64(0.1)
273.9893 	EXP 	LDT_stim_text: text = 'ranny'
273.9893 	EXP 	LDT_fix_text: autoDraw = True
273.9898 	DATA 	Keypress: a
274.1064 	EXP 	Device response: <KeyPress from None: t=273.9811618999993, value=a, duration=0.11899210000046878>
274.4731 	EXP 	LDT_stim_text: autoDraw = True
274.4814 	EXP 	LDT_fix_text: autoDraw = False
276.1083 	EXP 	Device response: <KeyPress from None: t=276.10032520000095, value=l, duration=None>
276.1164 	EXP 	LDT_fix_text: autoDraw = False
276.1164 	EXP 	LDT_stim_text: autoDraw = False
276.1164 	EXP 	LDT_break_text: autoDraw = True
276.1170 	DATA 	Keypress: l
276.2420 	EXP 	Device response: <KeyPress from None: t=276.10032520000095, value=l, duration=0.1369656999995641>
277.1427 	EXP 	Device response: <KeyPress from None: t=277.14051409999956, value=space, duration=None>
277.1429 	EXP 	New trial (rep=0, index=120): <Trial 120 (120 in rep 0) data={'Task': 'LDT', 'TrialType': 'Target', 'Stimuli': 'vink', 'StimulusType': 'nonword', 'CorrectResponse': 'a', 'Trialnumb': 212, 'thisN': 120, 'thisTrialN': 120, 'thisRepN': 0}>
277.1509 	EXP 	LDT_break_text: autoDraw = False
277.1509 	EXP 	LDT_stim_text: height = np.float64(0.1)
277.1509 	EXP 	LDT_stim_text: height = np.float64(0.1)
277.1509 	EXP 	LDT_stim_text: height = np.float64(0.1)
277.1509 	EXP 	LDT_stim_text: text = 'vink'
277.1509 	EXP 	LDT_fix_text: autoDraw = True
277.1515 	DATA 	Keypress: space
277.2262 	EXP 	Device response: <KeyPress from None: t=277.14051409999956, value=space, duration=0.0801303000007465>
277.6346 	EXP 	LDT_stim_text: autoDraw = True
277.6429 	EXP 	LDT_fix_text: autoDraw = False
279.1531 	EXP 	Device response: <KeyPress from None: t=279.14827519999744, value=a, duration=None>
279.1533 	EXP 	New trial (rep=0, index=121): <Trial 121 (121 in rep 0) data={'Task': 'LDT', 'TrialType': 'Target', 'Stimuli': 'under', 'StimulusType': 'word', 'CorrectResponse': 'l', 'Trialnumb': 39, 'thisN': 121, 'thisTrialN': 121, 'thisRepN': 0}>
279.1611 	EXP 	LDT_fix_text: autoDraw = False
279.1611 	EXP 	LDT_stim_text: autoDraw = False
279.1611 	EXP 	LDT_break_text: autoDraw = False
279.1611 	EXP 	LDT_stim_text: height = np.float64(0.1)
279.1611 	EXP 	LDT_stim_text: height = np.float64(0.1)
279.1611 	EXP 	LDT_stim_text: height = np.float64(0.1)
279.1611 	EXP 	LDT_stim_text: text = 'under'
279.1611 	EXP 	LDT_fix_text: autoDraw = True
279.1616 	DATA 	Keypress: a
279.2699 	EXP 	Device response: <KeyPress from None: t=279.14827519999744, value=a, duration=0.11983770000006189>
279.6449 	EXP 	LDT_stim_text: autoDraw = True
279.6533 	EXP 	LDT_fix_text: autoDraw = False
280.2542 	EXP 	Device response: <KeyPress from None: t=280.25304889999825, value=l, duration=None>
280.2544 	EXP 	New trial (rep=0, index=122): <Trial 122 (122 in rep 0) data={'Task': 'LDT', 'TrialType': 'Target', 'Stimuli': 'rap', 'StimulusType': 'word', 'CorrectResponse': 'l', 'Trialnumb': 109, 'thisN': 122, 'thisTrialN': 122, 'thisRepN': 0}>
280.2622 	EXP 	LDT_fix_text: autoDraw = False
280.2622 	EXP 	LDT_stim_text: autoDraw = False
280.2622 	EXP 	LDT_break_text: autoDraw = False
280.2622 	EXP 	LDT_stim_text: height = np.float64(0.1)
280.2622 	EXP 	LDT_stim_text: height = np.float64(0.1)
280.2622 	EXP 	LDT_stim_text: height = np.float64(0.1)
280.2622 	EXP 	LDT_stim_text: text = 'rap'
280.2622 	EXP 	LDT_fix_text: autoDraw = True
280.2627 	DATA 	Keypress: l
280.3793 	EXP 	Device response: <KeyPress from None: t=280.25304889999825, value=l, duration=0.1209000000017113>
280.7460 	EXP 	LDT_stim_text: autoDraw = True
280.7544 	EXP 	LDT_fix_text: autoDraw = False
281.4137 	EXP 	Device response: <KeyPress from None: t=281.41245219999837, value=l, duration=None>
281.4139 	EXP 	New trial (rep=0, index=123): <Trial 123 (123 in rep 0) data={'Task': 'LDT', 'TrialType': 'Target', 'Stimuli': 'seon', 'StimulusType': 'nonword', 'CorrectResponse': 'a', 'Trialnumb': 189, 'thisN': 123, 'thisTrialN': 123, 'thisRepN': 0}>
281.4218 	EXP 	LDT_fix_text: autoDraw = False
281.4218 	EXP 	LDT_stim_text: autoDraw = False
281.4218 	EXP 	LDT_break_text: autoDraw = False
281.4218 	EXP 	LDT_stim_text: height = np.float64(0.1)
281.4218 	EXP 	LDT_stim_text: height = np.float64(0.1)
281.4218 	EXP 	LDT_stim_text: height = np.float64(0.1)
281.4218 	EXP 	LDT_stim_text: text = 'seon'
281.4218 	EXP 	LDT_fix_text: autoDraw = True
281.4224 	DATA 	Keypress: l
281.5221 	EXP 	Device response: <KeyPress from None: t=281.41245219999837, value=l, duration=0.10396480000053998>
281.9056 	EXP 	LDT_stim_text: autoDraw = True
281.9138 	EXP 	LDT_fix_text: autoDraw = False
282.6982 	EXP 	Device response: <KeyPress from None: t=282.6926395999981, value=a, duration=None>
282.6985 	EXP 	New trial (rep=0, index=124): <Trial 124 (124 in rep 0) data={'Task': 'LDT', 'TrialType': 'Target', 'Stimuli': 'tuke', 'StimulusType': 'nonword', 'CorrectResponse': 'a', 'Trialnumb': 208, 'thisN': 124, 'thisTrialN': 124, 'thisRepN': 0}>
282.7063 	EXP 	LDT_fix_text: autoDraw = False
282.7063 	EXP 	LDT_stim_text: autoDraw = False
282.7063 	EXP 	LDT_break_text: autoDraw = False
282.7063 	EXP 	LDT_stim_text: height = np.float64(0.1)
282.7063 	EXP 	LDT_stim_text: height = np.float64(0.1)
282.7063 	EXP 	LDT_stim_text: height = np.float64(0.1)
282.7063 	EXP 	LDT_stim_text: text = 'tuke'
282.7063 	EXP 	LDT_fix_text: autoDraw = True
282.7067 	DATA 	Keypress: a
282.7651 	EXP 	Device response: <KeyPress from None: t=282.6926395999981, value=a, duration=0.07159140000294428>
283.1901 	EXP 	LDT_stim_text: autoDraw = True
283.1984 	EXP 	LDT_fix_text: autoDraw = False
284.3332 	EXP 	Device response: <KeyPress from None: t=284.3326725000006, value=l, duration=None>
284.3335 	EXP 	New trial (rep=0, index=125): <Trial 125 (125 in rep 0) data={'Task': 'LDT', 'TrialType': 'Target', 'Stimuli': 'spum', 'StimulusType': 'nonword', 'CorrectResponse': 'a', 'Trialnumb': 198, 'thisN': 125, 'thisTrialN': 125, 'thisRepN': 0}>
284.3413 	EXP 	LDT_fix_text: autoDraw = False
284.3413 	EXP 	LDT_stim_text: autoDraw = False
284.3413 	EXP 	LDT_break_text: autoDraw = False
284.3413 	EXP 	LDT_stim_text: height = np.float64(0.1)
284.3413 	EXP 	LDT_stim_text: height = np.float64(0.1)
284.3413 	EXP 	LDT_stim_text: height = np.float64(0.1)
284.3413 	EXP 	LDT_stim_text: text = 'spum'
284.3413 	EXP 	LDT_fix_text: autoDraw = True
284.3419 	DATA 	Keypress: l
284.4250 	EXP 	Device response: <KeyPress from None: t=284.3326725000006, value=l, duration=0.08816279999882681>
284.8251 	EXP 	LDT_stim_text: autoDraw = True
284.8334 	EXP 	LDT_fix_text: autoDraw = False
286.9692 	EXP 	Device response: <KeyPress from None: t=286.9646833000006, value=a, duration=None>
286.9695 	EXP 	New trial (rep=0, index=126): <Trial 126 (126 in rep 0) data={'Task': 'LDT', 'TrialType': 'Target', 'Stimuli': 'half', 'StimulusType': 'word', 'CorrectResponse': 'l', 'Trialnumb': 51, 'thisN': 126, 'thisTrialN': 126, 'thisRepN': 0}>
286.9772 	EXP 	LDT_fix_text: autoDraw = False
286.9772 	EXP 	LDT_stim_text: autoDraw = False
286.9772 	EXP 	LDT_break_text: autoDraw = False
286.9772 	EXP 	LDT_stim_text: height = np.float64(0.1)
286.9772 	EXP 	LDT_stim_text: height = np.float64(0.1)
286.9772 	EXP 	LDT_stim_text: height = np.float64(0.1)
286.9772 	EXP 	LDT_stim_text: text = 'half'
286.9772 	EXP 	LDT_fix_text: autoDraw = True
286.9777 	DATA 	Keypress: a
287.1028 	EXP 	Device response: <KeyPress from None: t=286.9646833000006, value=a, duration=0.13670319999800995>
287.4610 	EXP 	LDT_stim_text: autoDraw = True
287.4694 	EXP 	LDT_fix_text: autoDraw = False
288.0786 	EXP 	Device response: <KeyPress from None: t=288.0763028000001, value=l, duration=None>
288.0788 	EXP 	New trial (rep=0, index=127): <Trial 127 (127 in rep 0) data={'Task': 'LDT', 'TrialType': 'Target', 'Stimuli': 'group', 'StimulusType': 'word', 'CorrectResponse': 'l', 'Trialnumb': 20, 'thisN': 127, 'thisTrialN': 127, 'thisRepN': 0}>
288.0866 	EXP 	LDT_fix_text: autoDraw = False
288.0866 	EXP 	LDT_stim_text: autoDraw = False
288.0866 	EXP 	LDT_break_text: autoDraw = False
288.0866 	EXP 	LDT_stim_text: height = np.float64(0.1)
288.0866 	EXP 	LDT_stim_text: height = np.float64(0.1)
288.0866 	EXP 	LDT_stim_text: height = np.float64(0.1)
288.0866 	EXP 	LDT_stim_text: text = 'group'
288.0866 	EXP 	LDT_fix_text: autoDraw = True
288.0871 	DATA 	Keypress: l
288.1954 	EXP 	Device response: <KeyPress from None: t=288.0763028000001, value=l, duration=0.11340299999937997>
288.5704 	EXP 	LDT_stim_text: autoDraw = True
288.5788 	EXP 	LDT_fix_text: autoDraw = False
289.0962 	EXP 	Device response: <KeyPress from None: t=289.0935576999982, value=l, duration=None>
289.0965 	EXP 	New trial (rep=0, index=128): <Trial 128 (128 in rep 0) data={'Task': 'LDT', 'TrialType': 'Target', 'Stimuli': 'few', 'StimulusType': 'word', 'CorrectResponse': 'l', 'Trialnumb': 18, 'thisN': 128, 'thisTrialN': 128, 'thisRepN': 0}>
289.1043 	EXP 	LDT_fix_text: autoDraw = False
289.1043 	EXP 	LDT_stim_text: autoDraw = False
289.1043 	EXP 	LDT_break_text: autoDraw = False
289.1043 	EXP 	LDT_stim_text: height = np.float64(0.1)
289.1043 	EXP 	LDT_stim_text: height = np.float64(0.1)
289.1043 	EXP 	LDT_stim_text: height = np.float64(0.1)
289.1043 	EXP 	LDT_stim_text: text = 'few'
289.1043 	EXP 	LDT_fix_text: autoDraw = True
289.1048 	DATA 	Keypress: l
289.2131 	EXP 	Device response: <KeyPress from None: t=289.0935576999982, value=l, duration=0.11892630000147619>
289.5881 	EXP 	LDT_stim_text: autoDraw = True
289.5965 	EXP 	LDT_fix_text: autoDraw = False
290.0556 	EXP 	Device response: <KeyPress from None: t=290.05288329999894, value=l, duration=None>
290.0558 	EXP 	New trial (rep=0, index=129): <Trial 129 (129 in rep 0) data={'Task': 'LDT', 'TrialType': 'Target', 'Stimuli': 'virus', 'StimulusType': 'word', 'CorrectResponse': 'l', 'Trialnumb': 100, 'thisN': 129, 'thisTrialN': 129, 'thisRepN': 0}>
290.0636 	EXP 	LDT_fix_text: autoDraw = False
290.0636 	EXP 	LDT_stim_text: autoDraw = False
290.0636 	EXP 	LDT_break_text: autoDraw = False
290.0636 	EXP 	LDT_stim_text: height = np.float64(0.1)
290.0636 	EXP 	LDT_stim_text: height = np.float64(0.1)
290.0636 	EXP 	LDT_stim_text: height = np.float64(0.1)
290.0636 	EXP 	LDT_stim_text: text = 'virus'
290.0636 	EXP 	LDT_fix_text: autoDraw = True
290.0641 	DATA 	Keypress: l
290.1557 	EXP 	Device response: <KeyPress from None: t=290.05288329999894, value=l, duration=0.09709389999989071>
290.5474 	EXP 	LDT_stim_text: autoDraw = True
290.5558 	EXP 	LDT_fix_text: autoDraw = False
291.3485 	EXP 	Device response: <KeyPress from None: t=291.34029969999756, value=l, duration=None>
291.3488 	EXP 	New trial (rep=0, index=130): <Trial 130 (130 in rep 0) data={'Task': 'LDT', 'TrialType': 'Target', 'Stimuli': 'read', 'StimulusType': 'word', 'CorrectResponse': 'l', 'Trialnumb': 31, 'thisN': 130, 'thisTrialN': 130, 'thisRepN': 0}>
291.3501 	DATA 	Keypress: l
291.3566 	EXP 	LDT_fix_text: autoDraw = False
291.3566 	EXP 	LDT_stim_text: autoDraw = False
291.3566 	EXP 	LDT_break_text: autoDraw = False
291.3566 	EXP 	LDT_stim_text: height = np.float64(0.1)
291.3566 	EXP 	LDT_stim_text: height = np.float64(0.1)
291.3566 	EXP 	LDT_stim_text: height = np.float64(0.1)
291.3566 	EXP 	LDT_stim_text: text = 'read'
291.3566 	EXP 	LDT_fix_text: autoDraw = True
291.4403 	EXP 	Device response: <KeyPress from None: t=291.34029969999756, value=l, duration=0.09591940000245813>
291.8404 	EXP 	LDT_stim_text: autoDraw = True
291.8487 	EXP 	LDT_fix_text: autoDraw = False
292.6247 	EXP 	Device response: <KeyPress from None: t=292.62064909999754, value=l, duration=None>
292.6250 	EXP 	New trial (rep=0, index=131): <Trial 131 (131 in rep 0) data={'Task': 'LDT', 'TrialType': 'Target', 'Stimuli': 'team', 'StimulusType': 'word', 'CorrectResponse': 'l', 'Trialnumb': 23, 'thisN': 131, 'thisTrialN': 131, 'thisRepN': 0}>
292.6328 	EXP 	LDT_fix_text: autoDraw = False
292.6328 	EXP 	LDT_stim_text: autoDraw = False
292.6328 	EXP 	LDT_break_text: autoDraw = False
292.6328 	EXP 	LDT_stim_text: height = np.float64(0.1)
292.6328 	EXP 	LDT_stim_text: height = np.float64(0.1)
292.6328 	EXP 	LDT_stim_text: height = np.float64(0.1)
292.6328 	EXP 	LDT_stim_text: text = 'team'
292.6328 	EXP 	LDT_fix_text: autoDraw = True
292.6334 	DATA 	Keypress: l
292.6832 	EXP 	Device response: <KeyPress from None: t=292.62064909999754, value=l, duration=0.057311500000650994>
293.1166 	EXP 	LDT_stim_text: autoDraw = True
293.1249 	EXP 	LDT_fix_text: autoDraw = False
293.6007 	EXP 	Device response: <KeyPress from None: t=293.5979073999988, value=l, duration=None>
293.6009 	EXP 	New trial (rep=0, index=132): <Trial 132 (132 in rep 0) data={'Task': 'LDT', 'TrialType': 'Target', 'Stimuli': 'serve', 'StimulusType': 'word', 'CorrectResponse': 'l', 'Trialnumb': 80, 'thisN': 132, 'thisTrialN': 132, 'thisRepN': 0}>
293.6088 	EXP 	LDT_fix_text: autoDraw = False
293.6088 	EXP 	LDT_stim_text: autoDraw = False
293.6088 	EXP 	LDT_break_text: autoDraw = False
293.6088 	EXP 	LDT_stim_text: height = np.float64(0.1)
293.6088 	EXP 	LDT_stim_text: height = np.float64(0.1)
293.6088 	EXP 	LDT_stim_text: height = np.float64(0.1)
293.6088 	EXP 	LDT_stim_text: text = 'serve'
293.6088 	EXP 	LDT_fix_text: autoDraw = True
293.6094 	DATA 	Keypress: l
293.7175 	EXP 	Device response: <KeyPress from None: t=293.5979073999988, value=l, duration=0.11883419999867328>
294.0926 	EXP 	LDT_stim_text: autoDraw = True
294.1009 	EXP 	LDT_fix_text: autoDraw = False
294.6351 	EXP 	Device response: <KeyPress from None: t=294.6296555000008, value=l, duration=None>
294.6354 	EXP 	New trial (rep=0, index=133): <Trial 133 (133 in rep 0) data={'Task': 'LDT', 'TrialType': 'Target', 'Stimuli': 'cled', 'StimulusType': 'nonword', 'CorrectResponse': 'a', 'Trialnumb': 130, 'thisN': 133, 'thisTrialN': 133, 'thisRepN': 0}>
294.6431 	EXP 	LDT_fix_text: autoDraw = False
294.6431 	EXP 	LDT_stim_text: autoDraw = False
294.6431 	EXP 	LDT_break_text: autoDraw = False
294.6431 	EXP 	LDT_stim_text: height = np.float64(0.1)
294.6431 	EXP 	LDT_stim_text: height = np.float64(0.1)
294.6431 	EXP 	LDT_stim_text: height = np.float64(0.1)
294.6431 	EXP 	LDT_stim_text: text = 'cled'
294.6431 	EXP 	LDT_fix_text: autoDraw = True
294.6437 	DATA 	Keypress: l
294.7518 	EXP 	Device response: <KeyPress from None: t=294.6296555000008, value=l, duration=0.11886519999825396>
295.1270 	EXP 	LDT_stim_text: autoDraw = True
295.1353 	EXP 	LDT_fix_text: autoDraw = False
295.5193 	EXP 	Device response: <KeyPress from None: t=295.51624919999813, value=l, duration=None>
295.5196 	EXP 	New trial (rep=0, index=134): <Trial 134 (134 in rep 0) data={'Task': 'LDT', 'TrialType': 'Target', 'Stimuli': 'boss', 'StimulusType': 'word', 'CorrectResponse': 'l', 'Trialnumb': 61, 'thisN': 134, 'thisTrialN': 134, 'thisRepN': 0}>
295.5274 	EXP 	LDT_fix_text: autoDraw = False
295.5274 	EXP 	LDT_stim_text: autoDraw = False
295.5274 	EXP 	LDT_break_text: autoDraw = False
295.5274 	EXP 	LDT_stim_text: height = np.float64(0.1)
295.5274 	EXP 	LDT_stim_text: height = np.float64(0.1)
295.5274 	EXP 	LDT_stim_text: height = np.float64(0.1)
295.5274 	EXP 	LDT_stim_text: text = 'boss'
295.5274 	EXP 	LDT_fix_text: autoDraw = True
295.5279 	DATA 	Keypress: l
295.6028 	EXP 	Device response: <KeyPress from None: t=295.51624919999813, value=l, duration=0.08079990000260295>
296.0112 	EXP 	LDT_stim_text: autoDraw = True
296.0195 	EXP 	LDT_fix_text: autoDraw = False
296.6205 	EXP 	Device response: <KeyPress from None: t=296.61218559999907, value=l, duration=None>
296.6208 	EXP 	New trial (rep=0, index=135): <Trial 135 (135 in rep 0) data={'Task': 'LDT', 'TrialType': 'Target', 'Stimuli': 'still', 'StimulusType': 'word', 'CorrectResponse': 'l', 'Trialnumb': 14, 'thisN': 135, 'thisTrialN': 135, 'thisRepN': 0}>
296.6222 	DATA 	Keypress: l
296.6284 	EXP 	LDT_fix_text: autoDraw = False
296.6284 	EXP 	LDT_stim_text: autoDraw = False
296.6284 	EXP 	LDT_break_text: autoDraw = False
296.6284 	EXP 	LDT_stim_text: height = np.float64(0.1)
296.6284 	EXP 	LDT_stim_text: height = np.float64(0.1)
296.6284 	EXP 	LDT_stim_text: height = np.float64(0.1)
296.6284 	EXP 	LDT_stim_text: text = 'still'
296.6284 	EXP 	LDT_fix_text: autoDraw = True
296.7039 	EXP 	Device response: <KeyPress from None: t=296.61218559999907, value=l, duration=0.08919579999928828>
297.1122 	EXP 	LDT_stim_text: autoDraw = True
297.1206 	EXP 	LDT_fix_text: autoDraw = False
297.6798 	EXP 	Device response: <KeyPress from None: t=297.67662310000014, value=l, duration=None>
297.6801 	EXP 	New trial (rep=0, index=136): <Trial 136 (136 in rep 0) data={'Task': 'LDT', 'TrialType': 'Target', 'Stimuli': 'werd', 'StimulusType': 'nonword', 'CorrectResponse': 'a', 'Trialnumb': 216, 'thisN': 136, 'thisTrialN': 136, 'thisRepN': 0}>
297.6878 	EXP 	LDT_fix_text: autoDraw = False
297.6878 	EXP 	LDT_stim_text: autoDraw = False
297.6878 	EXP 	LDT_break_text: autoDraw = False
297.6878 	EXP 	LDT_stim_text: height = np.float64(0.1)
297.6878 	EXP 	LDT_stim_text: height = np.float64(0.1)
297.6878 	EXP 	LDT_stim_text: height = np.float64(0.1)
297.6878 	EXP 	LDT_stim_text: text = 'werd'
297.6878 	EXP 	LDT_fix_text: autoDraw = True
297.6884 	DATA 	Keypress: l
297.7632 	EXP 	Device response: <KeyPress from None: t=297.67662310000014, value=l, duration=0.07949849999931757>
298.1717 	EXP 	LDT_stim_text: autoDraw = True
298.1800 	EXP 	LDT_fix_text: autoDraw = False
299.2647 	EXP 	Device response: <KeyPress from None: t=299.26047539999854, value=a, duration=None>
299.2649 	EXP 	New trial (rep=0, index=137): <Trial 137 (137 in rep 0) data={'Task': 'LDT', 'TrialType': 'Target', 'Stimuli': 'feek', 'StimulusType': 'nonword', 'CorrectResponse': 'a', 'Trialnumb': 139, 'thisN': 137, 'thisTrialN': 137, 'thisRepN': 0}>
299.2728 	EXP 	LDT_fix_text: autoDraw = False
299.2728 	EXP 	LDT_stim_text: autoDraw = False
299.2728 	EXP 	LDT_break_text: autoDraw = False
299.2728 	EXP 	LDT_stim_text: height = np.float64(0.1)
299.2728 	EXP 	LDT_stim_text: height = np.float64(0.1)
299.2728 	EXP 	LDT_stim_text: height = np.float64(0.1)
299.2728 	EXP 	LDT_stim_text: text = 'feek'
299.2728 	EXP 	LDT_fix_text: autoDraw = True
299.2734 	DATA 	Keypress: a
299.3148 	EXP 	Device response: <KeyPress from None: t=299.26047539999854, value=a, duration=0.047754300001543015>
299.7565 	EXP 	LDT_stim_text: autoDraw = True
299.7649 	EXP 	LDT_fix_text: autoDraw = False
301.6253 	EXP 	Device response: <KeyPress from None: t=301.62025599999834, value=l, duration=None>
301.6256 	EXP 	New trial (rep=0, index=138): <Trial 138 (138 in rep 0) data={'Task': 'LDT', 'TrialType': 'Target', 'Stimuli': 'rees', 'StimulusType': 'nonword', 'CorrectResponse': 'a', 'Trialnumb': 184, 'thisN': 138, 'thisTrialN': 138, 'thisRepN': 0}>
301.6334 	EXP 	LDT_fix_text: autoDraw = False
301.6334 	EXP 	LDT_stim_text: autoDraw = False
301.6334 	EXP 	LDT_break_text: autoDraw = False
301.6334 	EXP 	LDT_stim_text: height = np.float64(0.1)
301.6334 	EXP 	LDT_stim_text: height = np.float64(0.1)
301.6334 	EXP 	LDT_stim_text: height = np.float64(0.1)
301.6334 	EXP 	LDT_stim_text: text = 'rees'
301.6334 	EXP 	LDT_fix_text: autoDraw = True
301.6340 	DATA 	Keypress: l
301.7421 	EXP 	Device response: <KeyPress from None: t=301.62025599999834, value=l, duration=0.12001299999974435>
302.1172 	EXP 	LDT_stim_text: autoDraw = True
302.1256 	EXP 	LDT_fix_text: autoDraw = False
305.4125 	EXP 	Device response: <KeyPress from None: t=305.4047212000005, value=l, duration=None>
305.4127 	EXP 	New trial (rep=0, index=139): <Trial 139 (139 in rep 0) data={'Task': 'LDT', 'TrialType': 'Target', 'Stimuli': 'lay', 'StimulusType': 'word', 'CorrectResponse': 'l', 'Trialnumb': 71, 'thisN': 139, 'thisTrialN': 139, 'thisRepN': 0}>
305.4205 	EXP 	LDT_fix_text: autoDraw = False
305.4205 	EXP 	LDT_stim_text: autoDraw = False
305.4205 	EXP 	LDT_break_text: autoDraw = False
305.4205 	EXP 	LDT_stim_text: height = np.float64(0.1)
305.4205 	EXP 	LDT_stim_text: height = np.float64(0.1)
305.4205 	EXP 	LDT_stim_text: height = np.float64(0.1)
305.4205 	EXP 	LDT_stim_text: text = 'lay'
305.4205 	EXP 	LDT_fix_text: autoDraw = True
305.4210 	DATA 	Keypress: l
305.5292 	EXP 	Device response: <KeyPress from None: t=305.4047212000005, value=l, duration=0.11973740000030375>
305.9043 	EXP 	LDT_stim_text: autoDraw = True
305.9127 	EXP 	LDT_fix_text: autoDraw = False
306.5969 	EXP 	Device response: <KeyPress from None: t=306.5887722999978, value=l, duration=None>
306.5971 	EXP 	New trial (rep=0, index=140): <Trial 140 (140 in rep 0) data={'Task': 'LDT', 'TrialType': 'Target', 'Stimuli': 'burz', 'StimulusType': 'nonword', 'CorrectResponse': 'a', 'Trialnumb': 112, 'thisN': 140, 'thisTrialN': 140, 'thisRepN': 0}>
306.6050 	EXP 	LDT_fix_text: autoDraw = False
306.6050 	EXP 	LDT_stim_text: autoDraw = False
306.6050 	EXP 	LDT_break_text: autoDraw = False
306.6050 	EXP 	LDT_stim_text: height = np.float64(0.1)
306.6050 	EXP 	LDT_stim_text: height = np.float64(0.1)
306.6050 	EXP 	LDT_stim_text: height = np.float64(0.1)
306.6050 	EXP 	LDT_stim_text: text = 'burz'
306.6050 	EXP 	LDT_fix_text: autoDraw = True
306.6056 	DATA 	Keypress: l
306.7054 	EXP 	Device response: <KeyPress from None: t=306.5887722999978, value=l, duration=0.1117130000020552>
307.0888 	EXP 	LDT_stim_text: autoDraw = True
307.0972 	EXP 	LDT_fix_text: autoDraw = False
307.8733 	EXP 	Device response: <KeyPress from None: t=307.8680467999984, value=a, duration=None>
307.8736 	EXP 	New trial (rep=0, index=141): <Trial 141 (141 in rep 0) data={'Task': 'LDT', 'TrialType': 'Target', 'Stimuli': 'look', 'StimulusType': 'word', 'CorrectResponse': 'l', 'Trialnumb': 2, 'thisN': 141, 'thisTrialN': 141, 'thisRepN': 0}>
307.8813 	EXP 	LDT_fix_text: autoDraw = False
307.8813 	EXP 	LDT_stim_text: autoDraw = False
307.8813 	EXP 	LDT_break_text: autoDraw = False
307.8813 	EXP 	LDT_stim_text: height = np.float64(0.1)
307.8813 	EXP 	LDT_stim_text: height = np.float64(0.1)
307.8813 	EXP 	LDT_stim_text: height = np.float64(0.1)
307.8813 	EXP 	LDT_stim_text: text = 'look'
307.8813 	EXP 	LDT_fix_text: autoDraw = True
307.8819 	DATA 	Keypress: a
308.0234 	EXP 	Device response: <KeyPress from None: t=307.8680467999984, value=a, duration=0.15311060000021826>
308.3651 	EXP 	LDT_stim_text: autoDraw = True
308.3735 	EXP 	LDT_fix_text: autoDraw = False
308.9661 	EXP 	Device response: <KeyPress from None: t=308.9645219999984, value=l, duration=None>
308.9663 	EXP 	New trial (rep=0, index=142): <Trial 142 (142 in rep 0) data={'Task': 'LDT', 'TrialType': 'Target', 'Stimuli': 'stop', 'StimulusType': 'word', 'CorrectResponse': 'l', 'Trialnumb': 44, 'thisN': 142, 'thisTrialN': 142, 'thisRepN': 0}>
308.9742 	EXP 	LDT_fix_text: autoDraw = False
308.9742 	EXP 	LDT_stim_text: autoDraw = False
308.9742 	EXP 	LDT_break_text: autoDraw = False
308.9742 	EXP 	LDT_stim_text: height = np.float64(0.1)
308.9742 	EXP 	LDT_stim_text: height = np.float64(0.1)
308.9742 	EXP 	LDT_stim_text: height = np.float64(0.1)
308.9742 	EXP 	LDT_stim_text: text = 'stop'
308.9742 	EXP 	LDT_fix_text: autoDraw = True
308.9746 	DATA 	Keypress: l
309.0995 	EXP 	Device response: <KeyPress from None: t=308.9645219999984, value=l, duration=0.12872079999942798>
309.4578 	EXP 	LDT_stim_text: autoDraw = True
309.4662 	EXP 	LDT_fix_text: autoDraw = False
310.0755 	EXP 	Device response: <KeyPress from None: t=310.0682796000001, value=l, duration=None>
310.0757 	EXP 	New trial (rep=0, index=143): <Trial 143 (143 in rep 0) data={'Task': 'LDT', 'TrialType': 'Target', 'Stimuli': 'rorn', 'StimulusType': 'nonword', 'CorrectResponse': 'a', 'Trialnumb': 185, 'thisN': 143, 'thisTrialN': 143, 'thisRepN': 0}>
310.0834 	EXP 	LDT_fix_text: autoDraw = False
310.0834 	EXP 	LDT_stim_text: autoDraw = False
310.0834 	EXP 	LDT_break_text: autoDraw = False
310.0834 	EXP 	LDT_stim_text: height = np.float64(0.1)
310.0834 	EXP 	LDT_stim_text: height = np.float64(0.1)
310.0834 	EXP 	LDT_stim_text: height = np.float64(0.1)
310.0834 	EXP 	LDT_stim_text: text = 'rorn'
310.0834 	EXP 	LDT_fix_text: autoDraw = True
310.0840 	DATA 	Keypress: l
310.1589 	EXP 	Device response: <KeyPress from None: t=310.0682796000001, value=l, duration=0.08861980000074254>
310.5673 	EXP 	LDT_stim_text: autoDraw = True
310.5756 	EXP 	LDT_fix_text: autoDraw = False
311.5520 	EXP 	Device response: <KeyPress from None: t=311.54864929999894, value=a, duration=None>
311.5522 	EXP 	New trial (rep=0, index=144): <Trial 144 (144 in rep 0) data={'Task': 'LDT', 'TrialType': 'Target', 'Stimuli': 'last', 'StimulusType': 'word', 'CorrectResponse': 'l', 'Trialnumb': 11, 'thisN': 144, 'thisTrialN': 144, 'thisRepN': 0}>
311.5599 	EXP 	LDT_fix_text: autoDraw = False
311.5599 	EXP 	LDT_stim_text: autoDraw = False
311.5599 	EXP 	LDT_break_text: autoDraw = False
311.5599 	EXP 	LDT_stim_text: height = np.float64(0.1)
311.5599 	EXP 	LDT_stim_text: height = np.float64(0.1)
311.5599 	EXP 	LDT_stim_text: height = np.float64(0.1)
311.5599 	EXP 	LDT_stim_text: text = 'last'
311.5599 	EXP 	LDT_fix_text: autoDraw = True
311.5605 	DATA 	Keypress: a
311.6856 	EXP 	Device response: <KeyPress from None: t=311.54864929999894, value=a, duration=0.13641590000042925>
312.0437 	EXP 	LDT_stim_text: autoDraw = True
312.0521 	EXP 	LDT_fix_text: autoDraw = False
312.8365 	EXP 	Device response: <KeyPress from None: t=312.82913519999784, value=l, duration=None>
312.8368 	EXP 	New trial (rep=0, index=145): <Trial 145 (145 in rep 0) data={'Task': 'LDT', 'TrialType': 'Target', 'Stimuli': 'pess', 'StimulusType': 'nonword', 'CorrectResponse': 'a', 'Trialnumb': 180, 'thisN': 145, 'thisTrialN': 145, 'thisRepN': 0}>
312.8447 	EXP 	LDT_fix_text: autoDraw = False
312.8447 	EXP 	LDT_stim_text: autoDraw = False
312.8447 	EXP 	LDT_break_text: autoDraw = False
312.8447 	EXP 	LDT_stim_text: height = np.float64(0.1)
312.8447 	EXP 	LDT_stim_text: height = np.float64(0.1)
312.8447 	EXP 	LDT_stim_text: height = np.float64(0.1)
312.8447 	EXP 	LDT_stim_text: text = 'pess'
312.8447 	EXP 	LDT_fix_text: autoDraw = True
312.8452 	DATA 	Keypress: l
312.9199 	EXP 	Device response: <KeyPress from None: t=312.82913519999784, value=l, duration=0.08744060000026366>
313.3284 	EXP 	LDT_stim_text: autoDraw = True
313.3367 	EXP 	LDT_fix_text: autoDraw = False
314.5049 	EXP 	Device response: <KeyPress from None: t=314.50117989999853, value=a, duration=None>
314.5051 	EXP 	New trial (rep=0, index=146): <Trial 146 (146 in rep 0) data={'Task': 'LDT', 'TrialType': 'Target', 'Stimuli': 'cast', 'StimulusType': 'word', 'CorrectResponse': 'l', 'Trialnumb': 95, 'thisN': 146, 'thisTrialN': 146, 'thisRepN': 0}>
314.5129 	EXP 	LDT_fix_text: autoDraw = False
314.5129 	EXP 	LDT_stim_text: autoDraw = False
314.5129 	EXP 	LDT_break_text: autoDraw = False
314.5129 	EXP 	LDT_stim_text: height = np.float64(0.1)
314.5129 	EXP 	LDT_stim_text: height = np.float64(0.1)
314.5129 	EXP 	LDT_stim_text: height = np.float64(0.1)
314.5129 	EXP 	LDT_stim_text: text = 'cast'
314.5129 	EXP 	LDT_fix_text: autoDraw = True
314.5135 	DATA 	Keypress: a
314.6550 	EXP 	Device response: <KeyPress from None: t=314.50117989999853, value=a, duration=0.15150189999985741>
314.9967 	EXP 	LDT_stim_text: autoDraw = True
315.0050 	EXP 	LDT_fix_text: autoDraw = False
317.3494 	EXP 	Device response: <KeyPress from None: t=317.3481802999995, value=l, duration=None>
317.3497 	EXP 	New trial (rep=0, index=147): <Trial 147 (147 in rep 0) data={'Task': 'LDT', 'TrialType': 'Target', 'Stimuli': 'trin', 'StimulusType': 'nonword', 'CorrectResponse': 'a', 'Trialnumb': 207, 'thisN': 147, 'thisTrialN': 147, 'thisRepN': 0}>
317.3574 	EXP 	LDT_fix_text: autoDraw = False
317.3574 	EXP 	LDT_stim_text: autoDraw = False
317.3574 	EXP 	LDT_break_text: autoDraw = False
317.3574 	EXP 	LDT_stim_text: height = np.float64(0.1)
317.3574 	EXP 	LDT_stim_text: height = np.float64(0.1)
317.3574 	EXP 	LDT_stim_text: height = np.float64(0.1)
317.3574 	EXP 	LDT_stim_text: text = 'trin'
317.3574 	EXP 	LDT_fix_text: autoDraw = True
317.3579 	DATA 	Keypress: l
317.4244 	EXP 	Device response: <KeyPress from None: t=317.3481802999995, value=l, duration=0.07215329999962705>
317.8412 	EXP 	LDT_stim_text: autoDraw = True
317.8495 	EXP 	LDT_fix_text: autoDraw = False
319.5932 	EXP 	Device response: <KeyPress from None: t=319.58806379999805, value=a, duration=None>
319.5935 	EXP 	New trial (rep=0, index=148): <Trial 148 (148 in rep 0) data={'Task': 'LDT', 'TrialType': 'Target', 'Stimuli': 'drove', 'StimulusType': 'word', 'CorrectResponse': 'l', 'Trialnumb': 90, 'thisN': 148, 'thisTrialN': 148, 'thisRepN': 0}>
319.6013 	EXP 	LDT_fix_text: autoDraw = False
319.6013 	EXP 	LDT_stim_text: autoDraw = False
319.6013 	EXP 	LDT_break_text: autoDraw = False
319.6013 	EXP 	LDT_stim_text: height = np.float64(0.1)
319.6013 	EXP 	LDT_stim_text: height = np.float64(0.1)
319.6013 	EXP 	LDT_stim_text: height = np.float64(0.1)
319.6013 	EXP 	LDT_stim_text: text = 'drove'
319.6013 	EXP 	LDT_fix_text: autoDraw = True
319.6018 	DATA 	Keypress: a
319.7100 	EXP 	Device response: <KeyPress from None: t=319.58806379999805, value=a, duration=0.12077470000076573>
320.0851 	EXP 	LDT_stim_text: autoDraw = True
320.0934 	EXP 	LDT_fix_text: autoDraw = False
321.0447 	EXP 	Device response: <KeyPress from None: t=321.03676690000066, value=l, duration=None>
321.0449 	EXP 	New trial (rep=0, index=149): <Trial 149 (149 in rep 0) data={'Task': 'LDT', 'TrialType': 'Target', 'Stimuli': 'plan', 'StimulusType': 'word', 'CorrectResponse': 'l', 'Trialnumb': 53, 'thisN': 149, 'thisTrialN': 149, 'thisRepN': 0}>
321.0528 	EXP 	LDT_fix_text: autoDraw = False
321.0528 	EXP 	LDT_stim_text: autoDraw = False
321.0528 	EXP 	LDT_break_text: autoDraw = False
321.0528 	EXP 	LDT_stim_text: height = np.float64(0.1)
321.0528 	EXP 	LDT_stim_text: height = np.float64(0.1)
321.0528 	EXP 	LDT_stim_text: height = np.float64(0.1)
321.0528 	EXP 	LDT_stim_text: text = 'plan'
321.0528 	EXP 	LDT_fix_text: autoDraw = True
321.0533 	DATA 	Keypress: l
321.1364 	EXP 	Device response: <KeyPress from None: t=321.03676690000066, value=l, duration=0.09595879999687895>
321.5365 	EXP 	LDT_stim_text: autoDraw = True
321.5449 	EXP 	LDT_fix_text: autoDraw = False
322.2375 	EXP 	Device response: <KeyPress from None: t=322.2364329999982, value=l, duration=None>
322.2378 	EXP 	New trial (rep=0, index=150): <Trial 150 (150 in rep 0) data={'Task': 'LDT', 'TrialType': 'Target', 'Stimuli': 'vead', 'StimulusType': 'nonword', 'CorrectResponse': 'a', 'Trialnumb': 210, 'thisN': 150, 'thisTrialN': 150, 'thisRepN': 0}>
322.2455 	EXP 	LDT_fix_text: autoDraw = False
322.2455 	EXP 	LDT_stim_text: autoDraw = False
322.2455 	EXP 	LDT_break_text: autoDraw = False
322.2455 	EXP 	LDT_stim_text: height = np.float64(0.1)
322.2455 	EXP 	LDT_stim_text: height = np.float64(0.1)
322.2455 	EXP 	LDT_stim_text: height = np.float64(0.1)
322.2455 	EXP 	LDT_stim_text: text = 'vead'
322.2455 	EXP 	LDT_fix_text: autoDraw = True
322.2461 	DATA 	Keypress: l
322.3208 	EXP 	Device response: <KeyPress from None: t=322.2364329999982, value=l, duration=0.07994780000080937>
322.7293 	EXP 	LDT_stim_text: autoDraw = True
322.7377 	EXP 	LDT_fix_text: autoDraw = False
323.5722 	EXP 	Device response: <KeyPress from None: t=323.56467110000085, value=a, duration=None>
323.5724 	EXP 	New trial (rep=0, index=151): <Trial 151 (151 in rep 0) data={'Task': 'LDT', 'TrialType': 'Target', 'Stimuli': 'yast', 'StimulusType': 'nonword', 'CorrectResponse': 'a', 'Trialnumb': 218, 'thisN': 151, 'thisTrialN': 151, 'thisRepN': 0}>
323.5802 	EXP 	LDT_fix_text: autoDraw = False
323.5802 	EXP 	LDT_stim_text: autoDraw = False
323.5802 	EXP 	LDT_break_text: autoDraw = False
323.5802 	EXP 	LDT_stim_text: height = np.float64(0.1)
323.5802 	EXP 	LDT_stim_text: height = np.float64(0.1)
323.5802 	EXP 	LDT_stim_text: height = np.float64(0.1)
323.5802 	EXP 	LDT_stim_text: text = 'yast'
323.5802 	EXP 	LDT_fix_text: autoDraw = True
323.5807 	DATA 	Keypress: a
323.6722 	EXP 	Device response: <KeyPress from None: t=323.56467110000085, value=a, duration=0.10367629999745986>
324.0640 	EXP 	LDT_stim_text: autoDraw = True
324.0724 	EXP 	LDT_fix_text: autoDraw = False
325.1739 	EXP 	Device response: <KeyPress from None: t=325.1726011999999, value=a, duration=None>
325.1741 	EXP 	New trial (rep=0, index=152): <Trial 152 (152 in rep 0) data={'Task': 'LDT', 'TrialType': 'Target', 'Stimuli': 'pulk', 'StimulusType': 'nonword', 'CorrectResponse': 'a', 'Trialnumb': 183, 'thisN': 152, 'thisTrialN': 152, 'thisRepN': 0}>
325.1818 	EXP 	LDT_fix_text: autoDraw = False
325.1818 	EXP 	LDT_stim_text: autoDraw = False
325.1818 	EXP 	LDT_break_text: autoDraw = False
325.1818 	EXP 	LDT_stim_text: height = np.float64(0.1)
325.1818 	EXP 	LDT_stim_text: height = np.float64(0.1)
325.1818 	EXP 	LDT_stim_text: height = np.float64(0.1)
325.1818 	EXP 	LDT_stim_text: text = 'pulk'
325.1818 	EXP 	LDT_fix_text: autoDraw = True
325.1823 	DATA 	Keypress: a
325.2822 	EXP 	Device response: <KeyPress from None: t=325.1726011999999, value=a, duration=0.1043558999990637>
325.6656 	EXP 	LDT_stim_text: autoDraw = True
325.6740 	EXP 	LDT_fix_text: autoDraw = False
327.1257 	EXP 	Device response: <KeyPress from None: t=327.1251287999985, value=a, duration=None>
327.1259 	EXP 	New trial (rep=0, index=153): <Trial 153 (153 in rep 0) data={'Task': 'LDT', 'TrialType': 'Target', 'Stimuli': 'toop', 'StimulusType': 'nonword', 'CorrectResponse': 'a', 'Trialnumb': 204, 'thisN': 153, 'thisTrialN': 153, 'thisRepN': 0}>
327.1339 	EXP 	LDT_fix_text: autoDraw = False
327.1339 	EXP 	LDT_stim_text: autoDraw = False
327.1339 	EXP 	LDT_break_text: autoDraw = False
327.1339 	EXP 	LDT_stim_text: height = np.float64(0.1)
327.1339 	EXP 	LDT_stim_text: height = np.float64(0.1)
327.1339 	EXP 	LDT_stim_text: height = np.float64(0.1)
327.1339 	EXP 	LDT_stim_text: text = 'toop'
327.1339 	EXP 	LDT_fix_text: autoDraw = True
327.1345 	DATA 	Keypress: a
327.2259 	EXP 	Device response: <KeyPress from None: t=327.1251287999985, value=a, duration=0.09511420000126236>
327.6176 	EXP 	LDT_stim_text: autoDraw = True
327.6259 	EXP 	LDT_fix_text: autoDraw = False
328.4437 	EXP 	Device response: <KeyPress from None: t=328.43621619999976, value=l, duration=None>
328.4440 	EXP 	New trial (rep=0, index=154): <Trial 154 (154 in rep 0) data={'Task': 'LDT', 'TrialType': 'Target', 'Stimuli': 'strip', 'StimulusType': 'word', 'CorrectResponse': 'l', 'Trialnumb': 104, 'thisN': 154, 'thisTrialN': 154, 'thisRepN': 0}>
328.4518 	EXP 	LDT_fix_text: autoDraw = False
328.4518 	EXP 	LDT_stim_text: autoDraw = False
328.4518 	EXP 	LDT_break_text: autoDraw = False
328.4518 	EXP 	LDT_stim_text: height = np.float64(0.1)
328.4518 	EXP 	LDT_stim_text: height = np.float64(0.1)
328.4518 	EXP 	LDT_stim_text: height = np.float64(0.1)
328.4518 	EXP 	LDT_stim_text: text = 'strip'
328.4518 	EXP 	LDT_fix_text: autoDraw = True
328.4523 	DATA 	Keypress: l
328.5354 	EXP 	Device response: <KeyPress from None: t=328.43621619999976, value=l, duration=0.0959523999990779>
328.9355 	EXP 	LDT_stim_text: autoDraw = True
328.9439 	EXP 	LDT_fix_text: autoDraw = False
329.5115 	EXP 	Device response: <KeyPress from None: t=329.50916359999974, value=l, duration=None>
329.5117 	EXP 	New trial (rep=0, index=155): <Trial 155 (155 in rep 0) data={'Task': 'LDT', 'TrialType': 'Target', 'Stimuli': 'stip', 'StimulusType': 'nonword', 'CorrectResponse': 'a', 'Trialnumb': 200, 'thisN': 155, 'thisTrialN': 155, 'thisRepN': 0}>
329.5194 	EXP 	LDT_fix_text: autoDraw = False
329.5194 	EXP 	LDT_stim_text: autoDraw = False
329.5194 	EXP 	LDT_break_text: autoDraw = False
329.5194 	EXP 	LDT_stim_text: height = np.float64(0.1)
329.5194 	EXP 	LDT_stim_text: height = np.float64(0.1)
329.5194 	EXP 	LDT_stim_text: height = np.float64(0.1)
329.5194 	EXP 	LDT_stim_text: text = 'stip'
329.5194 	EXP 	LDT_fix_text: autoDraw = True
329.5199 	DATA 	Keypress: l
329.6198 	EXP 	Device response: <KeyPress from None: t=329.50916359999974, value=l, duration=0.1044475999988208>
330.0032 	EXP 	LDT_stim_text: autoDraw = True
330.0116 	EXP 	LDT_fix_text: autoDraw = False
330.6291 	EXP 	Device response: <KeyPress from None: t=330.6211316000008, value=l, duration=None>
330.6294 	EXP 	New trial (rep=0, index=156): <Trial 156 (156 in rep 0) data={'Task': 'LDT', 'TrialType': 'Target', 'Stimuli': 'crap', 'StimulusType': 'word', 'CorrectResponse': 'l', 'Trialnumb': 70, 'thisN': 156, 'thisTrialN': 156, 'thisRepN': 0}>
330.6372 	EXP 	LDT_fix_text: autoDraw = False
330.6372 	EXP 	LDT_stim_text: autoDraw = False
330.6372 	EXP 	LDT_break_text: autoDraw = False
330.6372 	EXP 	LDT_stim_text: height = np.float64(0.1)
330.6372 	EXP 	LDT_stim_text: height = np.float64(0.1)
330.6372 	EXP 	LDT_stim_text: height = np.float64(0.1)
330.6372 	EXP 	LDT_stim_text: text = 'crap'
330.6372 	EXP 	LDT_fix_text: autoDraw = True
330.6378 	DATA 	Keypress: l
330.7711 	EXP 	Device response: <KeyPress from None: t=330.6211316000008, value=l, duration=0.14422779999949853>
331.1210 	EXP 	LDT_stim_text: autoDraw = True
331.1294 	EXP 	LDT_fix_text: autoDraw = False
331.9555 	EXP 	Device response: <KeyPress from None: t=331.9487936000005, value=l, duration=None>
331.9558 	EXP 	New trial (rep=0, index=157): <Trial 157 (157 in rep 0) data={'Task': 'LDT', 'TrialType': 'Target', 'Stimuli': 'loil', 'StimulusType': 'nonword', 'CorrectResponse': 'a', 'Trialnumb': 170, 'thisN': 157, 'thisTrialN': 157, 'thisRepN': 0}>
331.9636 	EXP 	LDT_fix_text: autoDraw = False
331.9636 	EXP 	LDT_stim_text: autoDraw = False
331.9636 	EXP 	LDT_break_text: autoDraw = False
331.9636 	EXP 	LDT_stim_text: height = np.float64(0.1)
331.9636 	EXP 	LDT_stim_text: height = np.float64(0.1)
331.9636 	EXP 	LDT_stim_text: height = np.float64(0.1)
331.9636 	EXP 	LDT_stim_text: text = 'loil'
331.9636 	EXP 	LDT_fix_text: autoDraw = True
331.9642 	DATA 	Keypress: l
332.0722 	EXP 	Device response: <KeyPress from None: t=331.9487936000005, value=l, duration=0.12064149999787332>
332.4474 	EXP 	LDT_stim_text: autoDraw = True
332.4557 	EXP 	LDT_fix_text: autoDraw = False
333.6907 	EXP 	Device response: <KeyPress from None: t=333.6842641000003, value=a, duration=None>
333.6909 	EXP 	New trial (rep=0, index=158): <Trial 158 (158 in rep 0) data={'Task': 'LDT', 'TrialType': 'Target', 'Stimuli': 'rent', 'StimulusType': 'word', 'CorrectResponse': 'l', 'Trialnumb': 84, 'thisN': 158, 'thisTrialN': 158, 'thisRepN': 0}>
333.6986 	EXP 	LDT_fix_text: autoDraw = False
333.6986 	EXP 	LDT_stim_text: autoDraw = False
333.6986 	EXP 	LDT_break_text: autoDraw = False
333.6986 	EXP 	LDT_stim_text: height = np.float64(0.1)
333.6986 	EXP 	LDT_stim_text: height = np.float64(0.1)
333.6986 	EXP 	LDT_stim_text: height = np.float64(0.1)
333.6986 	EXP 	LDT_stim_text: text = 'rent'
333.6986 	EXP 	LDT_fix_text: autoDraw = True
333.6991 	DATA 	Keypress: a
333.8574 	EXP 	Device response: <KeyPress from None: t=333.6842641000003, value=a, duration=0.1694062999995367>
334.1824 	EXP 	LDT_stim_text: autoDraw = True
334.1907 	EXP 	LDT_fix_text: autoDraw = False
334.9585 	EXP 	Device response: <KeyPress from None: t=334.9566956999988, value=l, duration=None>
334.9587 	EXP 	New trial (rep=0, index=159): <Trial 159 (159 in rep 0) data={'Task': 'LDT', 'TrialType': 'Target', 'Stimuli': 'sarry', 'StimulusType': 'nonword', 'CorrectResponse': 'a', 'Trialnumb': 186, 'thisN': 159, 'thisTrialN': 159, 'thisRepN': 0}>
334.9665 	EXP 	LDT_fix_text: autoDraw = False
334.9665 	EXP 	LDT_stim_text: autoDraw = False
334.9665 	EXP 	LDT_break_text: autoDraw = False
334.9665 	EXP 	LDT_stim_text: height = np.float64(0.1)
334.9665 	EXP 	LDT_stim_text: height = np.float64(0.1)
334.9665 	EXP 	LDT_stim_text: height = np.float64(0.1)
334.9665 	EXP 	LDT_stim_text: text = 'sarry'
334.9665 	EXP 	LDT_fix_text: autoDraw = True
334.9671 	DATA 	Keypress: l
335.0920 	EXP 	Device response: <KeyPress from None: t=334.9566956999988, value=l, duration=0.12782220000008238>
335.4503 	EXP 	LDT_stim_text: autoDraw = True
335.4586 	EXP 	LDT_fix_text: autoDraw = False
336.4686 	EXP 	Device response: <KeyPress from None: t=336.4682696999989, value=a, duration=None>
336.4768 	EXP 	New trial (rep=0, index=160): <Trial 160 (160 in rep 0) data={'Task': 'LDT', 'TrialType': 'Target', 'Stimuli': 'week', 'StimulusType': 'word', 'CorrectResponse': 'l', 'Trialnumb': 28, 'thisN': 160, 'thisTrialN': 160, 'thisRepN': 0}>
336.4783 	DATA 	Keypress: a
336.4847 	EXP 	LDT_fix_text: autoDraw = False
336.4847 	EXP 	LDT_stim_text: autoDraw = False
336.4847 	EXP 	LDT_break_text: autoDraw = False
336.4847 	EXP 	LDT_stim_text: height = np.float64(0.1)
336.4847 	EXP 	LDT_stim_text: height = np.float64(0.1)
336.4847 	EXP 	LDT_stim_text: height = np.float64(0.1)
336.4847 	EXP 	LDT_stim_text: text = 'week'
336.4847 	EXP 	LDT_fix_text: autoDraw = True
336.5768 	EXP 	Device response: <KeyPress from None: t=336.4682696999989, value=a, duration=0.10446030000093742>
336.9685 	EXP 	LDT_stim_text: autoDraw = True
336.9768 	EXP 	LDT_fix_text: autoDraw = False
337.6361 	EXP 	Device response: <KeyPress from None: t=337.62838120000015, value=l, duration=None>
337.6363 	EXP 	New trial (rep=0, index=161): <Trial 161 (161 in rep 0) data={'Task': 'LDT', 'TrialType': 'Target', 'Stimuli': 'end', 'StimulusType': 'word', 'CorrectResponse': 'l', 'Trialnumb': 33, 'thisN': 161, 'thisTrialN': 161, 'thisRepN': 0}>
337.6441 	EXP 	LDT_fix_text: autoDraw = False
337.6441 	EXP 	LDT_stim_text: autoDraw = False
337.6441 	EXP 	LDT_break_text: autoDraw = False
337.6441 	EXP 	LDT_stim_text: height = np.float64(0.1)
337.6441 	EXP 	LDT_stim_text: height = np.float64(0.1)
337.6441 	EXP 	LDT_stim_text: height = np.float64(0.1)
337.6441 	EXP 	LDT_stim_text: text = 'end'
337.6441 	EXP 	LDT_fix_text: autoDraw = True
337.6447 	DATA 	Keypress: l
337.7613 	EXP 	Device response: <KeyPress from None: t=337.62838120000015, value=l, duration=0.12930299999788986>
338.1280 	EXP 	LDT_stim_text: autoDraw = True
338.1363 	EXP 	LDT_fix_text: autoDraw = False
338.6622 	EXP 	Device response: <KeyPress from None: t=338.6617808999981, value=l, duration=None>
338.6624 	EXP 	New trial (rep=0, index=162): <Trial 162 (162 in rep 0) data={'Task': 'LDT', 'TrialType': 'Target', 'Stimuli': 'price', 'StimulusType': 'word', 'CorrectResponse': 'l', 'Trialnumb': 52, 'thisN': 162, 'thisTrialN': 162, 'thisRepN': 0}>
338.6702 	EXP 	LDT_fix_text: autoDraw = False
338.6702 	EXP 	LDT_stim_text: autoDraw = False
338.6702 	EXP 	LDT_break_text: autoDraw = False
338.6702 	EXP 	LDT_stim_text: height = np.float64(0.1)
338.6702 	EXP 	LDT_stim_text: height = np.float64(0.1)
338.6702 	EXP 	LDT_stim_text: height = np.float64(0.1)
338.6702 	EXP 	LDT_stim_text: text = 'price'
338.6702 	EXP 	LDT_fix_text: autoDraw = True
338.6707 	DATA 	Keypress: l
338.7956 	EXP 	Device response: <KeyPress from None: t=338.6617808999981, value=l, duration=0.12637499999982538>
339.1541 	EXP 	LDT_stim_text: autoDraw = True
339.1623 	EXP 	LDT_fix_text: autoDraw = False
339.7799 	EXP 	Device response: <KeyPress from None: t=339.77204379999966, value=l, duration=None>
339.7802 	EXP 	New trial (rep=0, index=163): <Trial 163 (163 in rep 0) data={'Task': 'LDT', 'TrialType': 'Target', 'Stimuli': 'kild', 'StimulusType': 'nonword', 'CorrectResponse': 'a', 'Trialnumb': 165, 'thisN': 163, 'thisTrialN': 163, 'thisRepN': 0}>
339.7882 	EXP 	LDT_fix_text: autoDraw = False
339.7882 	EXP 	LDT_stim_text: autoDraw = False
339.7882 	EXP 	LDT_break_text: autoDraw = False
339.7882 	EXP 	LDT_stim_text: height = np.float64(0.1)
339.7882 	EXP 	LDT_stim_text: height = np.float64(0.1)
339.7882 	EXP 	LDT_stim_text: height = np.float64(0.1)
339.7882 	EXP 	LDT_stim_text: text = 'kild'
339.7882 	EXP 	LDT_fix_text: autoDraw = True
339.7887 	DATA 	Keypress: l
339.8884 	EXP 	Device response: <KeyPress from None: t=339.77204379999966, value=l, duration=0.11207970000032219>
340.2718 	EXP 	LDT_stim_text: autoDraw = True
340.2801 	EXP 	LDT_fix_text: autoDraw = False
342.8580 	EXP 	Device response: <KeyPress from None: t=342.8530193999977, value=l, duration=None>
342.8582 	EXP 	New trial (rep=0, index=164): <Trial 164 (164 in rep 0) data={'Task': 'LDT', 'TrialType': 'Target', 'Stimuli': 'man', 'StimulusType': 'word', 'CorrectResponse': 'l', 'Trialnumb': 12, 'thisN': 164, 'thisTrialN': 164, 'thisRepN': 0}>
342.8660 	EXP 	LDT_fix_text: autoDraw = False
342.8660 	EXP 	LDT_stim_text: autoDraw = False
342.8660 	EXP 	LDT_break_text: autoDraw = False
342.8660 	EXP 	LDT_stim_text: height = np.float64(0.1)
342.8660 	EXP 	LDT_stim_text: height = np.float64(0.1)
342.8660 	EXP 	LDT_stim_text: height = np.float64(0.1)
342.8660 	EXP 	LDT_stim_text: text = 'man'
342.8660 	EXP 	LDT_fix_text: autoDraw = True
342.8665 	DATA 	Keypress: l
343.0081 	EXP 	Device response: <KeyPress from None: t=342.8530193999977, value=l, duration=0.15121170000202255>
343.3498 	EXP 	LDT_stim_text: autoDraw = True
343.3581 	EXP 	LDT_fix_text: autoDraw = False
344.1843 	EXP 	Device response: <KeyPress from None: t=344.18175789999805, value=l, duration=None>
344.1846 	EXP 	New trial (rep=0, index=165): <Trial 165 (165 in rep 0) data={'Task': 'LDT', 'TrialType': 'Target', 'Stimuli': 'yell', 'StimulusType': 'word', 'CorrectResponse': 'l', 'Trialnumb': 101, 'thisN': 165, 'thisTrialN': 165, 'thisRepN': 0}>
344.1923 	EXP 	LDT_fix_text: autoDraw = False
344.1923 	EXP 	LDT_stim_text: autoDraw = False
344.1923 	EXP 	LDT_break_text: autoDraw = False
344.1923 	EXP 	LDT_stim_text: height = np.float64(0.1)
344.1923 	EXP 	LDT_stim_text: height = np.float64(0.1)
344.1923 	EXP 	LDT_stim_text: height = np.float64(0.1)
344.1923 	EXP 	LDT_stim_text: text = 'yell'
344.1923 	EXP 	LDT_fix_text: autoDraw = True
344.1929 	DATA 	Keypress: l
344.2927 	EXP 	Device response: <KeyPress from None: t=344.18175789999805, value=l, duration=0.10277359999963664>
344.6761 	EXP 	LDT_stim_text: autoDraw = True
344.6845 	EXP 	LDT_fix_text: autoDraw = False
345.7442 	EXP 	Device response: <KeyPress from None: t=345.74158850000094, value=l, duration=None>
345.7445 	EXP 	New trial (rep=0, index=166): <Trial 166 (166 in rep 0) data={'Task': 'LDT', 'TrialType': 'Target', 'Stimuli': 'tran', 'StimulusType': 'nonword', 'CorrectResponse': 'a', 'Trialnumb': 206, 'thisN': 166, 'thisTrialN': 166, 'thisRepN': 0}>
345.7522 	EXP 	LDT_fix_text: autoDraw = False
345.7522 	EXP 	LDT_stim_text: autoDraw = False
345.7522 	EXP 	LDT_break_text: autoDraw = False
345.7522 	EXP 	LDT_stim_text: height = np.float64(0.1)
345.7522 	EXP 	LDT_stim_text: height = np.float64(0.1)
345.7522 	EXP 	LDT_stim_text: height = np.float64(0.1)
345.7522 	EXP 	LDT_stim_text: text = 'tran'
345.7522 	EXP 	LDT_fix_text: autoDraw = True
345.7528 	DATA 	Keypress: l
345.8609 	EXP 	Device response: <KeyPress from None: t=345.74158850000094, value=l, duration=0.11124749999726191>
346.2361 	EXP 	LDT_stim_text: autoDraw = True
346.2444 	EXP 	LDT_fix_text: autoDraw = False
346.8119 	EXP 	Device response: <KeyPress from None: t=346.80422180000096, value=l, duration=None>
346.8121 	EXP 	New trial (rep=0, index=167): <Trial 167 (167 in rep 0) data={'Task': 'LDT', 'TrialType': 'Target', 'Stimuli': 'suck', 'StimulusType': 'word', 'CorrectResponse': 'l', 'Trialnumb': 83, 'thisN': 167, 'thisTrialN': 167, 'thisRepN': 0}>
346.8199 	EXP 	LDT_fix_text: autoDraw = False
346.8199 	EXP 	LDT_stim_text: autoDraw = False
346.8199 	EXP 	LDT_break_text: autoDraw = False
346.8199 	EXP 	LDT_stim_text: height = np.float64(0.1)
346.8199 	EXP 	LDT_stim_text: height = np.float64(0.1)
346.8199 	EXP 	LDT_stim_text: height = np.float64(0.1)
346.8199 	EXP 	LDT_stim_text: text = 'suck'
346.8199 	EXP 	LDT_fix_text: autoDraw = True
346.8205 	DATA 	Keypress: l
346.9202 	EXP 	Device response: <KeyPress from None: t=346.80422180000096, value=l, duration=0.11288979999881121>
347.3037 	EXP 	LDT_stim_text: autoDraw = True
347.3121 	EXP 	LDT_fix_text: autoDraw = False
348.0381 	EXP 	Device response: <KeyPress from None: t=348.0361245999993, value=l, duration=None>
348.0384 	EXP 	New trial (rep=0, index=168): <Trial 168 (168 in rep 0) data={'Task': 'LDT', 'TrialType': 'Target', 'Stimuli': 'herl', 'StimulusType': 'nonword', 'CorrectResponse': 'a', 'Trialnumb': 152, 'thisN': 168, 'thisTrialN': 168, 'thisRepN': 0}>
348.0463 	EXP 	LDT_fix_text: autoDraw = False
348.0463 	EXP 	LDT_stim_text: autoDraw = False
348.0463 	EXP 	LDT_break_text: autoDraw = False
348.0463 	EXP 	LDT_stim_text: height = np.float64(0.1)
348.0463 	EXP 	LDT_stim_text: height = np.float64(0.1)
348.0463 	EXP 	LDT_stim_text: height = np.float64(0.1)
348.0463 	EXP 	LDT_stim_text: text = 'herl'
348.0463 	EXP 	LDT_fix_text: autoDraw = True
348.0468 	DATA 	Keypress: l
348.1299 	EXP 	Device response: <KeyPress from None: t=348.0361245999993, value=l, duration=0.08874149999974179>
348.5299 	EXP 	LDT_stim_text: autoDraw = True
348.5383 	EXP 	LDT_fix_text: autoDraw = False
349.4229 	EXP 	Device response: <KeyPress from None: t=349.42099790000066, value=a, duration=None>
349.4232 	EXP 	New trial (rep=0, index=169): <Trial 169 (169 in rep 0) data={'Task': 'LDT', 'TrialType': 'Target', 'Stimuli': 'wost', 'StimulusType': 'nonword', 'CorrectResponse': 'a', 'Trialnumb': 217, 'thisN': 169, 'thisTrialN': 169, 'thisRepN': 0}>
349.4309 	EXP 	LDT_fix_text: autoDraw = False
349.4309 	EXP 	LDT_stim_text: autoDraw = False
349.4309 	EXP 	LDT_break_text: autoDraw = False
349.4309 	EXP 	LDT_stim_text: height = np.float64(0.1)
349.4309 	EXP 	LDT_stim_text: height = np.float64(0.1)
349.4309 	EXP 	LDT_stim_text: height = np.float64(0.1)
349.4309 	EXP 	LDT_stim_text: text = 'wost'
349.4309 	EXP 	LDT_fix_text: autoDraw = True
349.4314 	DATA 	Keypress: a
349.5479 	EXP 	Device response: <KeyPress from None: t=349.42099790000066, value=a, duration=0.11900949999835575>
349.9147 	EXP 	LDT_stim_text: autoDraw = True
349.9230 	EXP 	LDT_fix_text: autoDraw = False
352.1172 	EXP 	Device response: <KeyPress from None: t=352.1160983000009, value=l, duration=None>
352.1175 	EXP 	New trial (rep=0, index=170): <Trial 170 (170 in rep 0) data={'Task': 'LDT', 'TrialType': 'Target', 'Stimuli': 'name', 'StimulusType': 'word', 'CorrectResponse': 'l', 'Trialnumb': 32, 'thisN': 170, 'thisTrialN': 170, 'thisRepN': 0}>
352.1252 	EXP 	LDT_fix_text: autoDraw = False
352.1252 	EXP 	LDT_stim_text: autoDraw = False
352.1252 	EXP 	LDT_break_text: autoDraw = False
352.1252 	EXP 	LDT_stim_text: height = np.float64(0.1)
352.1252 	EXP 	LDT_stim_text: height = np.float64(0.1)
352.1252 	EXP 	LDT_stim_text: height = np.float64(0.1)
352.1252 	EXP 	LDT_stim_text: text = 'name'
352.1252 	EXP 	LDT_fix_text: autoDraw = True
352.1258 	DATA 	Keypress: l
352.2256 	EXP 	Device response: <KeyPress from None: t=352.1160983000009, value=l, duration=0.10487549999743351>
352.6090 	EXP 	LDT_stim_text: autoDraw = True
352.6173 	EXP 	LDT_fix_text: autoDraw = False
353.8272 	EXP 	Device response: <KeyPress from None: t=353.8214635999975, value=l, duration=None>
353.8275 	EXP 	New trial (rep=0, index=171): <Trial 171 (171 in rep 0) data={'Task': 'LDT', 'TrialType': 'Target', 'Stimuli': 'stort', 'StimulusType': 'nonword', 'CorrectResponse': 'a', 'Trialnumb': 201, 'thisN': 171, 'thisTrialN': 171, 'thisRepN': 0}>
353.8352 	EXP 	LDT_fix_text: autoDraw = False
353.8352 	EXP 	LDT_stim_text: autoDraw = False
353.8352 	EXP 	LDT_break_text: autoDraw = False
353.8352 	EXP 	LDT_stim_text: height = np.float64(0.1)
353.8352 	EXP 	LDT_stim_text: height = np.float64(0.1)
353.8352 	EXP 	LDT_stim_text: height = np.float64(0.1)
353.8352 	EXP 	LDT_stim_text: text = 'stort'
353.8352 	EXP 	LDT_fix_text: autoDraw = True
353.8358 	DATA 	Keypress: l
353.9190 	EXP 	Device response: <KeyPress from None: t=353.8214635999975, value=l, duration=0.09587780000219936>
354.3190 	EXP 	LDT_stim_text: autoDraw = True
354.3274 	EXP 	LDT_fix_text: autoDraw = False
355.1535 	EXP 	Device response: <KeyPress from None: t=355.14842379999754, value=l, duration=None>
355.1538 	EXP 	New trial (rep=0, index=172): <Trial 172 (172 in rep 0) data={'Task': 'LDT', 'TrialType': 'Target', 'Stimuli': 'raise', 'StimulusType': 'word', 'CorrectResponse': 'l', 'Trialnumb': 73, 'thisN': 172, 'thisTrialN': 172, 'thisRepN': 0}>
355.1616 	EXP 	LDT_fix_text: autoDraw = False
355.1616 	EXP 	LDT_stim_text: autoDraw = False
355.1616 	EXP 	LDT_break_text: autoDraw = False
355.1616 	EXP 	LDT_stim_text: height = np.float64(0.1)
355.1616 	EXP 	LDT_stim_text: height = np.float64(0.1)
355.1616 	EXP 	LDT_stim_text: height = np.float64(0.1)
355.1616 	EXP 	LDT_stim_text: text = 'raise'
355.1616 	EXP 	LDT_fix_text: autoDraw = True
355.1621 	DATA 	Keypress: l
355.2453 	EXP 	Device response: <KeyPress from None: t=355.14842379999754, value=l, duration=0.09612600000036764>
355.6454 	EXP 	LDT_stim_text: autoDraw = True
355.6537 	EXP 	LDT_fix_text: autoDraw = False
357.5726 	EXP 	Device response: <KeyPress from None: t=357.57210099999793, value=l, duration=None>
357.5729 	EXP 	New trial (rep=0, index=173): <Trial 173 (173 in rep 0) data={'Task': 'LDT', 'TrialType': 'Target', 'Stimuli': 'hoon', 'StimulusType': 'nonword', 'CorrectResponse': 'a', 'Trialnumb': 155, 'thisN': 173, 'thisTrialN': 173, 'thisRepN': 0}>
357.5806 	EXP 	LDT_fix_text: autoDraw = False
357.5806 	EXP 	LDT_stim_text: autoDraw = False
357.5806 	EXP 	LDT_break_text: autoDraw = False
357.5806 	EXP 	LDT_stim_text: height = np.float64(0.1)
357.5806 	EXP 	LDT_stim_text: height = np.float64(0.1)
357.5806 	EXP 	LDT_stim_text: height = np.float64(0.1)
357.5806 	EXP 	LDT_stim_text: text = 'hoon'
357.5806 	EXP 	LDT_fix_text: autoDraw = True
357.5812 	DATA 	Keypress: l
357.6894 	EXP 	Device response: <KeyPress from None: t=357.57210099999793, value=l, duration=0.1122176999997464>
358.0644 	EXP 	LDT_stim_text: autoDraw = True
358.0728 	EXP 	LDT_fix_text: autoDraw = False
359.2493 	EXP 	Device response: <KeyPress from None: t=359.24410050000006, value=a, duration=None>
359.2495 	EXP 	New trial (rep=0, index=174): <Trial 174 (174 in rep 0) data={'Task': 'LDT', 'TrialType': 'Target', 'Stimuli': 'back', 'StimulusType': 'word', 'CorrectResponse': 'l', 'Trialnumb': 8, 'thisN': 174, 'thisTrialN': 174, 'thisRepN': 0}>
359.2573 	EXP 	LDT_fix_text: autoDraw = False
359.2573 	EXP 	LDT_stim_text: autoDraw = False
359.2573 	EXP 	LDT_break_text: autoDraw = False
359.2573 	EXP 	LDT_stim_text: height = np.float64(0.1)
359.2573 	EXP 	LDT_stim_text: height = np.float64(0.1)
359.2573 	EXP 	LDT_stim_text: height = np.float64(0.1)
359.2573 	EXP 	LDT_stim_text: text = 'back'
359.2573 	EXP 	LDT_fix_text: autoDraw = True
359.2578 	DATA 	Keypress: a
359.3577 	EXP 	Device response: <KeyPress from None: t=359.24410050000006, value=a, duration=0.11227879999933066>
359.7411 	EXP 	LDT_stim_text: autoDraw = True
359.7494 	EXP 	LDT_fix_text: autoDraw = False
360.4421 	EXP 	Device response: <KeyPress from None: t=360.4365742000009, value=l, duration=None>
360.4424 	EXP 	New trial (rep=0, index=175): <Trial 175 (175 in rep 0) data={'Task': 'LDT', 'TrialType': 'Target', 'Stimuli': 'hork', 'StimulusType': 'nonword', 'CorrectResponse': 'a', 'Trialnumb': 156, 'thisN': 175, 'thisTrialN': 175, 'thisRepN': 0}>
360.4502 	EXP 	LDT_fix_text: autoDraw = False
360.4502 	EXP 	LDT_stim_text: autoDraw = False
360.4502 	EXP 	LDT_break_text: autoDraw = False
360.4502 	EXP 	LDT_stim_text: height = np.float64(0.1)
360.4502 	EXP 	LDT_stim_text: height = np.float64(0.1)
360.4502 	EXP 	LDT_stim_text: height = np.float64(0.1)
360.4502 	EXP 	LDT_stim_text: text = 'hork'
360.4502 	EXP 	LDT_fix_text: autoDraw = True
360.4508 	DATA 	Keypress: l
360.5756 	EXP 	Device response: <KeyPress from None: t=360.4365742000009, value=l, duration=0.13646419999713544>
360.9340 	EXP 	LDT_stim_text: autoDraw = True
360.9423 	EXP 	LDT_fix_text: autoDraw = False
361.9603 	EXP 	Device response: <KeyPress from None: t=361.95675259999916, value=a, duration=None>
361.9605 	EXP 	New trial (rep=0, index=176): <Trial 176 (176 in rep 0) data={'Task': 'LDT', 'TrialType': 'Target', 'Stimuli': 'club', 'StimulusType': 'word', 'CorrectResponse': 'l', 'Trialnumb': 64, 'thisN': 176, 'thisTrialN': 176, 'thisRepN': 0}>
361.9685 	EXP 	LDT_fix_text: autoDraw = False
361.9685 	EXP 	LDT_stim_text: autoDraw = False
361.9685 	EXP 	LDT_break_text: autoDraw = False
361.9685 	EXP 	LDT_stim_text: height = np.float64(0.1)
361.9685 	EXP 	LDT_stim_text: height = np.float64(0.1)
361.9685 	EXP 	LDT_stim_text: height = np.float64(0.1)
361.9685 	EXP 	LDT_stim_text: text = 'club'
361.9685 	EXP 	LDT_fix_text: autoDraw = True
361.9690 	DATA 	Keypress: a
362.0437 	EXP 	Device response: <KeyPress from None: t=361.95675259999916, value=a, duration=0.08096630000000005>
362.4521 	EXP 	LDT_stim_text: autoDraw = True
362.4604 	EXP 	LDT_fix_text: autoDraw = False
363.0698 	EXP 	Device response: <KeyPress from None: t=363.06820329999755, value=l, duration=None>
363.0700 	EXP 	New trial (rep=0, index=177): <Trial 177 (177 in rep 0) data={'Task': 'LDT', 'TrialType': 'Target', 'Stimuli': 'bond', 'StimulusType': 'word', 'CorrectResponse': 'l', 'Trialnumb': 87, 'thisN': 177, 'thisTrialN': 177, 'thisRepN': 0}>
363.0780 	EXP 	LDT_fix_text: autoDraw = False
363.0780 	EXP 	LDT_stim_text: autoDraw = False
363.0780 	EXP 	LDT_break_text: autoDraw = False
363.0780 	EXP 	LDT_stim_text: height = np.float64(0.1)
363.0780 	EXP 	LDT_stim_text: height = np.float64(0.1)
363.0780 	EXP 	LDT_stim_text: height = np.float64(0.1)
363.0780 	EXP 	LDT_stim_text: text = 'bond'
363.0780 	EXP 	LDT_fix_text: autoDraw = True
363.0785 	DATA 	Keypress: l
363.1864 	EXP 	Device response: <KeyPress from None: t=363.06820329999755, value=l, duration=0.11180349999995087>
363.5615 	EXP 	LDT_stim_text: autoDraw = True
363.5699 	EXP 	LDT_fix_text: autoDraw = False
366.1144 	EXP 	Device response: <KeyPress from None: t=366.1086722, value=l, duration=None>
366.1147 	EXP 	New trial (rep=0, index=178): <Trial 178 (178 in rep 0) data={'Task': 'LDT', 'TrialType': 'Target', 'Stimuli': 'darb', 'StimulusType': 'nonword', 'CorrectResponse': 'a', 'Trialnumb': 134, 'thisN': 178, 'thisTrialN': 178, 'thisRepN': 0}>
366.1224 	EXP 	LDT_fix_text: autoDraw = False
366.1224 	EXP 	LDT_stim_text: autoDraw = False
366.1224 	EXP 	LDT_break_text: autoDraw = False
366.1224 	EXP 	LDT_stim_text: height = np.float64(0.1)
366.1224 	EXP 	LDT_stim_text: height = np.float64(0.1)
366.1224 	EXP 	LDT_stim_text: height = np.float64(0.1)
366.1224 	EXP 	LDT_stim_text: text = 'darb'
366.1224 	EXP 	LDT_fix_text: autoDraw = True
366.1230 	DATA 	Keypress: l
366.2229 	EXP 	Device response: <KeyPress from None: t=366.1086722, value=l, duration=0.11189680000097724>
366.6062 	EXP 	LDT_stim_text: autoDraw = True
366.6146 	EXP 	LDT_fix_text: autoDraw = False
368.3167 	EXP 	Device response: <KeyPress from None: t=368.30853419999767, value=a, duration=None>
368.3169 	EXP 	New trial (rep=0, index=179): <Trial 179 (179 in rep 0) data={'Task': 'LDT', 'TrialType': 'Target', 'Stimuli': 'kell', 'StimulusType': 'nonword', 'CorrectResponse': 'a', 'Trialnumb': 164, 'thisN': 179, 'thisTrialN': 179, 'thisRepN': 0}>
368.3247 	EXP 	LDT_fix_text: autoDraw = False
368.3247 	EXP 	LDT_stim_text: autoDraw = False
368.3247 	EXP 	LDT_break_text: autoDraw = False
368.3247 	EXP 	LDT_stim_text: height = np.float64(0.1)
368.3247 	EXP 	LDT_stim_text: height = np.float64(0.1)
368.3247 	EXP 	LDT_stim_text: height = np.float64(0.1)
368.3247 	EXP 	LDT_stim_text: text = 'kell'
368.3247 	EXP 	LDT_fix_text: autoDraw = True
368.3254 	DATA 	Keypress: a
368.4417 	EXP 	Device response: <KeyPress from None: t=368.30853419999767, value=a, duration=0.12865380000221194>
368.8084 	EXP 	LDT_stim_text: autoDraw = True
368.8168 	EXP 	LDT_fix_text: autoDraw = False
369.7682 	EXP 	Device response: <KeyPress from None: t=369.76495649999924, value=a, duration=None>
369.7684 	EXP 	New trial (rep=0, index=180): <Trial 180 (180 in rep 0) data={'Task': 'LDT', 'TrialType': 'Target', 'Stimuli': 'zeer', 'StimulusType': 'nonword', 'CorrectResponse': 'a', 'Trialnumb': 222, 'thisN': 180, 'thisTrialN': 180, 'thisRepN': 0}>
369.7761 	EXP 	LDT_fix_text: autoDraw = False
369.7761 	EXP 	LDT_stim_text: autoDraw = False
369.7761 	EXP 	LDT_break_text: autoDraw = False
369.7761 	EXP 	LDT_stim_text: height = np.float64(0.1)
369.7761 	EXP 	LDT_stim_text: height = np.float64(0.1)
369.7761 	EXP 	LDT_stim_text: height = np.float64(0.1)
369.7761 	EXP 	LDT_stim_text: text = 'zeer'
369.7761 	EXP 	LDT_fix_text: autoDraw = True
369.7767 	DATA 	Keypress: a
369.8682 	EXP 	Device response: <KeyPress from None: t=369.76495649999924, value=a, duration=0.09510089999821503>
370.2599 	EXP 	LDT_stim_text: autoDraw = True
370.2682 	EXP 	LDT_fix_text: autoDraw = False
371.0194 	EXP 	Device response: <KeyPress from None: t=371.01279819999763, value=a, duration=None>
371.0196 	EXP 	New trial (rep=0, index=181): <Trial 181 (181 in rep 0) data={'Task': 'LDT', 'TrialType': 'Target', 'Stimuli': 'pay', 'StimulusType': 'word', 'CorrectResponse': 'l', 'Trialnumb': 42, 'thisN': 181, 'thisTrialN': 181, 'thisRepN': 0}>
371.0273 	EXP 	LDT_fix_text: autoDraw = False
371.0273 	EXP 	LDT_stim_text: autoDraw = False
371.0273 	EXP 	LDT_break_text: autoDraw = False
371.0273 	EXP 	LDT_stim_text: height = np.float64(0.1)
371.0273 	EXP 	LDT_stim_text: height = np.float64(0.1)
371.0273 	EXP 	LDT_stim_text: height = np.float64(0.1)
371.0273 	EXP 	LDT_stim_text: text = 'pay'
371.0273 	EXP 	LDT_fix_text: autoDraw = True
371.0278 	DATA 	Keypress: a
371.1444 	EXP 	Device response: <KeyPress from None: t=371.01279819999763, value=a, duration=0.1273529000027338>
371.5111 	EXP 	LDT_stim_text: autoDraw = True
371.5195 	EXP 	LDT_fix_text: autoDraw = False
372.2205 	EXP 	Device response: <KeyPress from None: t=372.2201258999994, value=l, duration=None>
372.2207 	EXP 	New trial (rep=0, index=182): <Trial 182 (182 in rep 0) data={'Task': 'LDT', 'TrialType': 'Target', 'Stimuli': 'sife', 'StimulusType': 'nonword', 'CorrectResponse': 'a', 'Trialnumb': 192, 'thisN': 182, 'thisTrialN': 182, 'thisRepN': 0}>
372.2285 	EXP 	LDT_fix_text: autoDraw = False
372.2285 	EXP 	LDT_stim_text: autoDraw = False
372.2285 	EXP 	LDT_break_text: autoDraw = False
372.2285 	EXP 	LDT_stim_text: height = np.float64(0.1)
372.2285 	EXP 	LDT_stim_text: height = np.float64(0.1)
372.2285 	EXP 	LDT_stim_text: height = np.float64(0.1)
372.2285 	EXP 	LDT_stim_text: text = 'sife'
372.2285 	EXP 	LDT_fix_text: autoDraw = True
372.2290 	DATA 	Keypress: l
372.3206 	EXP 	Device response: <KeyPress from None: t=372.2201258999994, value=l, duration=0.09644530000150553>
372.7123 	EXP 	LDT_stim_text: autoDraw = True
372.7207 	EXP 	LDT_fix_text: autoDraw = False
374.4978 	EXP 	Device response: <KeyPress from None: t=374.49200460000066, value=a, duration=None>
374.4980 	EXP 	New trial (rep=0, index=183): <Trial 183 (183 in rep 0) data={'Task': 'LDT', 'TrialType': 'Target', 'Stimuli': 'kire', 'StimulusType': 'nonword', 'CorrectResponse': 'a', 'Trialnumb': 166, 'thisN': 183, 'thisTrialN': 183, 'thisRepN': 0}>
374.5058 	EXP 	LDT_fix_text: autoDraw = False
374.5058 	EXP 	LDT_stim_text: autoDraw = False
374.5058 	EXP 	LDT_break_text: autoDraw = False
374.5058 	EXP 	LDT_stim_text: height = np.float64(0.1)
374.5058 	EXP 	LDT_stim_text: height = np.float64(0.1)
374.5058 	EXP 	LDT_stim_text: height = np.float64(0.1)
374.5058 	EXP 	LDT_stim_text: text = 'kire'
374.5058 	EXP 	LDT_fix_text: autoDraw = True
374.5063 	DATA 	Keypress: a
374.6479 	EXP 	Device response: <KeyPress from None: t=374.49200460000066, value=a, duration=0.1528586999993422>
374.9896 	EXP 	LDT_stim_text: autoDraw = True
374.9979 	EXP 	LDT_fix_text: autoDraw = False
375.9324 	EXP 	Device response: <KeyPress from None: t=375.92465979999906, value=a, duration=None>
375.9326 	EXP 	New trial (rep=0, index=184): <Trial 184 (184 in rep 0) data={'Task': 'LDT', 'TrialType': 'Target', 'Stimuli': 'ate', 'StimulusType': 'word', 'CorrectResponse': 'l', 'Trialnumb': 85, 'thisN': 184, 'thisTrialN': 184, 'thisRepN': 0}>
375.9406 	EXP 	LDT_fix_text: autoDraw = False
375.9406 	EXP 	LDT_stim_text: autoDraw = False
375.9406 	EXP 	LDT_break_text: autoDraw = False
375.9406 	EXP 	LDT_stim_text: height = np.float64(0.1)
375.9406 	EXP 	LDT_stim_text: height = np.float64(0.1)
375.9406 	EXP 	LDT_stim_text: height = np.float64(0.1)
375.9406 	EXP 	LDT_stim_text: text = 'ate'
375.9406 	EXP 	LDT_fix_text: autoDraw = True
375.9412 	DATA 	Keypress: a
376.0577 	EXP 	Device response: <KeyPress from None: t=375.92465979999906, value=a, duration=0.12766529999862541>
376.4243 	EXP 	LDT_stim_text: autoDraw = True
376.4327 	EXP 	LDT_fix_text: autoDraw = False
377.3006 	EXP 	Device response: <KeyPress from None: t=377.2999788999987, value=l, duration=None>
377.3009 	EXP 	New trial (rep=0, index=185): <Trial 185 (185 in rep 0) data={'Task': 'LDT', 'TrialType': 'Target', 'Stimuli': 'flen', 'StimulusType': 'nonword', 'CorrectResponse': 'a', 'Trialnumb': 141, 'thisN': 185, 'thisTrialN': 185, 'thisRepN': 0}>
377.3085 	EXP 	LDT_fix_text: autoDraw = False
377.3085 	EXP 	LDT_stim_text: autoDraw = False
377.3085 	EXP 	LDT_break_text: autoDraw = False
377.3085 	EXP 	LDT_stim_text: height = np.float64(0.1)
377.3085 	EXP 	LDT_stim_text: height = np.float64(0.1)
377.3085 	EXP 	LDT_stim_text: height = np.float64(0.1)
377.3085 	EXP 	LDT_stim_text: text = 'flen'
377.3085 	EXP 	LDT_fix_text: autoDraw = True
377.3090 	DATA 	Keypress: l
377.4257 	EXP 	Device response: <KeyPress from None: t=377.2999788999987, value=l, duration=0.1201416000003519>
377.7924 	EXP 	LDT_stim_text: autoDraw = True
377.8007 	EXP 	LDT_fix_text: autoDraw = False
378.7520 	EXP 	Device response: <KeyPress from None: t=378.7488193999998, value=a, duration=None>
378.7522 	EXP 	New trial (rep=0, index=186): <Trial 186 (186 in rep 0) data={'Task': 'LDT', 'TrialType': 'Target', 'Stimuli': 'show', 'StimulusType': 'word', 'CorrectResponse': 'l', 'Trialnumb': 21, 'thisN': 186, 'thisTrialN': 186, 'thisRepN': 0}>
378.7600 	EXP 	LDT_fix_text: autoDraw = False
378.7600 	EXP 	LDT_stim_text: autoDraw = False
378.7600 	EXP 	LDT_break_text: autoDraw = False
378.7600 	EXP 	LDT_stim_text: height = np.float64(0.1)
378.7600 	EXP 	LDT_stim_text: height = np.float64(0.1)
378.7600 	EXP 	LDT_stim_text: height = np.float64(0.1)
378.7600 	EXP 	LDT_stim_text: text = 'show'
378.7600 	EXP 	LDT_fix_text: autoDraw = True
378.7605 	DATA 	Keypress: a
378.8770 	EXP 	Device response: <KeyPress from None: t=378.7488193999998, value=a, duration=0.1271878999978071>
379.2438 	EXP 	LDT_stim_text: autoDraw = True
379.2521 	EXP 	LDT_fix_text: autoDraw = False
380.0115 	EXP 	Device response: <KeyPress from None: t=380.0040986999993, value=l, duration=None>
380.0118 	EXP 	New trial (rep=0, index=187): <Trial 187 (187 in rep 0) data={'Task': 'LDT', 'TrialType': 'Target', 'Stimuli': 'work', 'StimulusType': 'word', 'CorrectResponse': 'l', 'Trialnumb': 1, 'thisN': 187, 'thisTrialN': 187, 'thisRepN': 0}>
380.0196 	EXP 	LDT_fix_text: autoDraw = False
380.0196 	EXP 	LDT_stim_text: autoDraw = False
380.0196 	EXP 	LDT_break_text: autoDraw = False
380.0196 	EXP 	LDT_stim_text: height = np.float64(0.1)
380.0196 	EXP 	LDT_stim_text: height = np.float64(0.1)
380.0196 	EXP 	LDT_stim_text: height = np.float64(0.1)
380.0196 	EXP 	LDT_stim_text: text = 'work'
380.0196 	EXP 	LDT_fix_text: autoDraw = True
380.0201 	DATA 	Keypress: l
380.1117 	EXP 	Device response: <KeyPress from None: t=380.0040986999993, value=l, duration=0.10466409999935422>
380.5034 	EXP 	LDT_stim_text: autoDraw = True
380.5117 	EXP 	LDT_fix_text: autoDraw = False
381.0125 	EXP 	Device response: <KeyPress from None: t=381.0044761999998, value=l, duration=None>
381.0127 	EXP 	New trial (rep=0, index=188): <Trial 188 (188 in rep 0) data={'Task': 'LDT', 'TrialType': 'Target', 'Stimuli': 'ran', 'StimulusType': 'word', 'CorrectResponse': 'l', 'Trialnumb': 66, 'thisN': 188, 'thisTrialN': 188, 'thisRepN': 0}>
381.0206 	EXP 	LDT_fix_text: autoDraw = False
381.0206 	EXP 	LDT_stim_text: autoDraw = False
381.0206 	EXP 	LDT_break_text: autoDraw = False
381.0206 	EXP 	LDT_stim_text: height = np.float64(0.1)
381.0206 	EXP 	LDT_stim_text: height = np.float64(0.1)
381.0206 	EXP 	LDT_stim_text: height = np.float64(0.1)
381.0206 	EXP 	LDT_stim_text: text = 'ran'
381.0206 	EXP 	LDT_fix_text: autoDraw = True
381.0211 	DATA 	Keypress: l
381.1126 	EXP 	Device response: <KeyPress from None: t=381.0044761999998, value=l, duration=0.10404439999911119>
381.5044 	EXP 	LDT_stim_text: autoDraw = True
381.5127 	EXP 	LDT_fix_text: autoDraw = False
381.8802 	EXP 	Device response: <KeyPress from None: t=381.87624460000006, value=l, duration=None>
381.8804 	EXP 	New trial (rep=0, index=189): <Trial 189 (189 in rep 0) data={'Task': 'LDT', 'TrialType': 'Target', 'Stimuli': 'dry', 'StimulusType': 'word', 'CorrectResponse': 'l', 'Trialnumb': 77, 'thisN': 189, 'thisTrialN': 189, 'thisRepN': 0}>
381.8881 	EXP 	LDT_fix_text: autoDraw = False
381.8881 	EXP 	LDT_stim_text: autoDraw = False
381.8881 	EXP 	LDT_break_text: autoDraw = False
381.8881 	EXP 	LDT_stim_text: height = np.float64(0.1)
381.8881 	EXP 	LDT_stim_text: height = np.float64(0.1)
381.8881 	EXP 	LDT_stim_text: height = np.float64(0.1)
381.8881 	EXP 	LDT_stim_text: text = 'dry'
381.8881 	EXP 	LDT_fix_text: autoDraw = True
381.8886 	DATA 	Keypress: l
382.0052 	EXP 	Device response: <KeyPress from None: t=381.87624460000006, value=l, duration=0.1282668999992893>
382.3719 	EXP 	LDT_stim_text: autoDraw = True
382.3802 	EXP 	LDT_fix_text: autoDraw = False
383.4900 	EXP 	Device response: <KeyPress from None: t=383.4845131000002, value=l, duration=None>
383.4902 	EXP 	New trial (rep=0, index=190): <Trial 190 (190 in rep 0) data={'Task': 'LDT', 'TrialType': 'Target', 'Stimuli': 'pook', 'StimulusType': 'nonword', 'CorrectResponse': 'a', 'Trialnumb': 182, 'thisN': 190, 'thisTrialN': 190, 'thisRepN': 0}>
383.4980 	EXP 	LDT_fix_text: autoDraw = False
383.4980 	EXP 	LDT_stim_text: autoDraw = False
383.4980 	EXP 	LDT_break_text: autoDraw = False
383.4980 	EXP 	LDT_stim_text: height = np.float64(0.1)
383.4980 	EXP 	LDT_stim_text: height = np.float64(0.1)
383.4980 	EXP 	LDT_stim_text: height = np.float64(0.1)
383.4980 	EXP 	LDT_stim_text: text = 'pook'
383.4980 	EXP 	LDT_fix_text: autoDraw = True
383.4986 	DATA 	Keypress: l
383.5985 	EXP 	Device response: <KeyPress from None: t=383.4845131000002, value=l, duration=0.11239030000069761>
383.9818 	EXP 	LDT_stim_text: autoDraw = True
383.9902 	EXP 	LDT_fix_text: autoDraw = False
385.4753 	EXP 	Device response: <KeyPress from None: t=385.4687182999987, value=a, duration=None>
385.4755 	EXP 	New trial (rep=0, index=191): <Trial 191 (191 in rep 0) data={'Task': 'LDT', 'TrialType': 'Target', 'Stimuli': 'zall', 'StimulusType': 'nonword', 'CorrectResponse': 'a', 'Trialnumb': 221, 'thisN': 191, 'thisTrialN': 191, 'thisRepN': 0}>
385.4834 	EXP 	LDT_fix_text: autoDraw = False
385.4834 	EXP 	LDT_stim_text: autoDraw = False
385.4834 	EXP 	LDT_break_text: autoDraw = False
385.4834 	EXP 	LDT_stim_text: height = np.float64(0.1)
385.4834 	EXP 	LDT_stim_text: height = np.float64(0.1)
385.4834 	EXP 	LDT_stim_text: height = np.float64(0.1)
385.4834 	EXP 	LDT_stim_text: text = 'zall'
385.4834 	EXP 	LDT_fix_text: autoDraw = True
385.4839 	DATA 	Keypress: a
385.5838 	EXP 	Device response: <KeyPress from None: t=385.4687182999987, value=a, duration=0.11169460000019171>
385.9671 	EXP 	LDT_stim_text: autoDraw = True
385.9755 	EXP 	LDT_fix_text: autoDraw = False
386.8267 	EXP 	Device response: <KeyPress from None: t=386.8202992000006, value=a, duration=None>
386.8269 	EXP 	New trial (rep=0, index=192): <Trial 192 (192 in rep 0) data={'Task': 'LDT', 'TrialType': 'Target', 'Stimuli': 'flat', 'StimulusType': 'word', 'CorrectResponse': 'l', 'Trialnumb': 92, 'thisN': 192, 'thisTrialN': 192, 'thisRepN': 0}>
386.8346 	EXP 	LDT_fix_text: autoDraw = False
386.8346 	EXP 	LDT_stim_text: autoDraw = False
386.8346 	EXP 	LDT_break_text: autoDraw = False
386.8346 	EXP 	LDT_stim_text: height = np.float64(0.1)
386.8346 	EXP 	LDT_stim_text: height = np.float64(0.1)
386.8346 	EXP 	LDT_stim_text: height = np.float64(0.1)
386.8346 	EXP 	LDT_stim_text: text = 'flat'
386.8346 	EXP 	LDT_fix_text: autoDraw = True
386.8352 	DATA 	Keypress: a
386.9267 	EXP 	Device response: <KeyPress from None: t=386.8202992000006, value=a, duration=0.105506099997001>
387.3185 	EXP 	LDT_stim_text: autoDraw = True
387.3268 	EXP 	LDT_fix_text: autoDraw = False
388.3281 	EXP 	Device response: <KeyPress from None: t=388.3244639000004, value=l, duration=None>
388.3284 	EXP 	New trial (rep=0, index=193): <Trial 193 (193 in rep 0) data={'Task': 'LDT', 'TrialType': 'Target', 'Stimuli': 'vour', 'StimulusType': 'nonword', 'CorrectResponse': 'a', 'Trialnumb': 214, 'thisN': 193, 'thisTrialN': 193, 'thisRepN': 0}>
388.3361 	EXP 	LDT_fix_text: autoDraw = False
388.3361 	EXP 	LDT_stim_text: autoDraw = False
388.3361 	EXP 	LDT_break_text: autoDraw = False
388.3361 	EXP 	LDT_stim_text: height = np.float64(0.1)
388.3361 	EXP 	LDT_stim_text: height = np.float64(0.1)
388.3361 	EXP 	LDT_stim_text: height = np.float64(0.1)
388.3361 	EXP 	LDT_stim_text: text = 'vour'
388.3361 	EXP 	LDT_fix_text: autoDraw = True
388.3367 	DATA 	Keypress: l
388.4282 	EXP 	Device response: <KeyPress from None: t=388.3244639000004, value=l, duration=0.0961661000001186>
388.8199 	EXP 	LDT_stim_text: autoDraw = True
388.8283 	EXP 	LDT_fix_text: autoDraw = False
389.7713 	EXP 	Device response: <KeyPress from None: t=389.7650372999997, value=a, duration=None>
389.7715 	EXP 	New trial (rep=0, index=194): <Trial 194 (194 in rep 0) data={'Task': 'LDT', 'TrialType': 'Target', 'Stimuli': 'sloy', 'StimulusType': 'nonword', 'CorrectResponse': 'a', 'Trialnumb': 194, 'thisN': 194, 'thisTrialN': 194, 'thisRepN': 0}>
389.7792 	EXP 	LDT_fix_text: autoDraw = False
389.7792 	EXP 	LDT_stim_text: autoDraw = False
389.7792 	EXP 	LDT_break_text: autoDraw = False
389.7792 	EXP 	LDT_stim_text: height = np.float64(0.1)
389.7792 	EXP 	LDT_stim_text: height = np.float64(0.1)
389.7792 	EXP 	LDT_stim_text: height = np.float64(0.1)
389.7792 	EXP 	LDT_stim_text: text = 'sloy'
389.7792 	EXP 	LDT_fix_text: autoDraw = True
389.7799 	DATA 	Keypress: a
389.8963 	EXP 	Device response: <KeyPress from None: t=389.7650372999997, value=a, duration=0.12808149999909801>
390.2630 	EXP 	LDT_stim_text: autoDraw = True
390.2714 	EXP 	LDT_fix_text: autoDraw = False
391.0308 	EXP 	Device response: <KeyPress from None: t=391.0296782999976, value=a, duration=None>
391.0310 	EXP 	New trial (rep=0, index=195): <Trial 195 (195 in rep 0) data={'Task': 'LDT', 'TrialType': 'Target', 'Stimuli': 'brone', 'StimulusType': 'nonword', 'CorrectResponse': 'a', 'Trialnumb': 125, 'thisN': 195, 'thisTrialN': 195, 'thisRepN': 0}>
391.0389 	EXP 	LDT_fix_text: autoDraw = False
391.0389 	EXP 	LDT_stim_text: autoDraw = False
391.0389 	EXP 	LDT_break_text: autoDraw = False
391.0389 	EXP 	LDT_stim_text: height = np.float64(0.1)
391.0389 	EXP 	LDT_stim_text: height = np.float64(0.1)
391.0389 	EXP 	LDT_stim_text: height = np.float64(0.1)
391.0389 	EXP 	LDT_stim_text: text = 'brone'
391.0389 	EXP 	LDT_fix_text: autoDraw = True
391.0395 	DATA 	Keypress: a
391.1392 	EXP 	Device response: <KeyPress from None: t=391.0296782999976, value=a, duration=0.10257500000079744>
391.5226 	EXP 	LDT_stim_text: autoDraw = True
391.5310 	EXP 	LDT_fix_text: autoDraw = False
392.1652 	EXP 	Device response: <KeyPress from None: t=392.16451830000005, value=l, duration=None>
392.1655 	EXP 	New trial (rep=0, index=196): <Trial 196 (196 in rep 0) data={'Task': 'LDT', 'TrialType': 'Target', 'Stimuli': 'seef', 'StimulusType': 'nonword', 'CorrectResponse': 'a', 'Trialnumb': 187, 'thisN': 196, 'thisTrialN': 196, 'thisRepN': 0}>
392.1734 	EXP 	LDT_fix_text: autoDraw = False
392.1734 	EXP 	LDT_stim_text: autoDraw = False
392.1734 	EXP 	LDT_break_text: autoDraw = False
392.1734 	EXP 	LDT_stim_text: height = np.float64(0.1)
392.1734 	EXP 	LDT_stim_text: height = np.float64(0.1)
392.1734 	EXP 	LDT_stim_text: height = np.float64(0.1)
392.1734 	EXP 	LDT_stim_text: text = 'seef'
392.1734 	EXP 	LDT_fix_text: autoDraw = True
392.1739 	DATA 	Keypress: l
392.3071 	EXP 	Device response: <KeyPress from None: t=392.16451830000005, value=l, duration=0.13637779999771737>
392.6571 	EXP 	LDT_stim_text: autoDraw = True
392.6654 	EXP 	LDT_fix_text: autoDraw = False
393.3915 	EXP 	Device response: <KeyPress from None: t=393.3881032999998, value=a, duration=None>
393.3917 	EXP 	New trial (rep=0, index=197): <Trial 197 (197 in rep 0) data={'Task': 'LDT', 'TrialType': 'Target', 'Stimuli': 'smat', 'StimulusType': 'nonword', 'CorrectResponse': 'a', 'Trialnumb': 195, 'thisN': 197, 'thisTrialN': 197, 'thisRepN': 0}>
393.3996 	EXP 	LDT_fix_text: autoDraw = False
393.3996 	EXP 	LDT_stim_text: autoDraw = False
393.3996 	EXP 	LDT_break_text: autoDraw = False
393.3996 	EXP 	LDT_stim_text: height = np.float64(0.1)
393.3996 	EXP 	LDT_stim_text: height = np.float64(0.1)
393.3996 	EXP 	LDT_stim_text: height = np.float64(0.1)
393.3996 	EXP 	LDT_stim_text: text = 'smat'
393.3996 	EXP 	LDT_fix_text: autoDraw = True
393.4001 	DATA 	Keypress: a
393.5082 	EXP 	Device response: <KeyPress from None: t=393.3881032999998, value=a, duration=0.1124811999980011>
393.8833 	EXP 	LDT_stim_text: autoDraw = True
393.8917 	EXP 	LDT_fix_text: autoDraw = False
394.5927 	EXP 	Device response: <KeyPress from None: t=394.58845989999827, value=a, duration=None>
394.5929 	EXP 	New trial (rep=0, index=198): <Trial 198 (198 in rep 0) data={'Task': 'LDT', 'TrialType': 'Target', 'Stimuli': 'hide', 'StimulusType': 'word', 'CorrectResponse': 'l', 'Trialnumb': 68, 'thisN': 198, 'thisTrialN': 198, 'thisRepN': 0}>
394.6007 	EXP 	LDT_fix_text: autoDraw = False
394.6007 	EXP 	LDT_stim_text: autoDraw = False
394.6007 	EXP 	LDT_break_text: autoDraw = False
394.6007 	EXP 	LDT_stim_text: height = np.float64(0.1)
394.6007 	EXP 	LDT_stim_text: height = np.float64(0.1)
394.6007 	EXP 	LDT_stim_text: height = np.float64(0.1)
394.6007 	EXP 	LDT_stim_text: text = 'hide'
394.6007 	EXP 	LDT_fix_text: autoDraw = True
394.6012 	DATA 	Keypress: a
394.7428 	EXP 	Device response: <KeyPress from None: t=394.58845989999827, value=a, duration=0.1526932000015222>
395.0845 	EXP 	LDT_stim_text: autoDraw = True
395.0929 	EXP 	LDT_fix_text: autoDraw = False
395.7273 	EXP 	Device response: <KeyPress from None: t=395.7239942999986, value=l, duration=None>
395.7275 	EXP 	New trial (rep=0, index=199): <Trial 199 (199 in rep 0) data={'Task': 'LDT', 'TrialType': 'Target', 'Stimuli': 'hass', 'StimulusType': 'nonword', 'CorrectResponse': 'a', 'Trialnumb': 151, 'thisN': 199, 'thisTrialN': 199, 'thisRepN': 0}>
395.7352 	EXP 	LDT_fix_text: autoDraw = False
395.7352 	EXP 	LDT_stim_text: autoDraw = False
395.7352 	EXP 	LDT_break_text: autoDraw = False
395.7352 	EXP 	LDT_stim_text: height = np.float64(0.1)
395.7352 	EXP 	LDT_stim_text: height = np.float64(0.1)
395.7352 	EXP 	LDT_stim_text: height = np.float64(0.1)
395.7352 	EXP 	LDT_stim_text: text = 'hass'
395.7352 	EXP 	LDT_fix_text: autoDraw = True
395.7356 	DATA 	Keypress: l
395.8104 	EXP 	Device response: <KeyPress from None: t=395.7239942999986, value=l, duration=0.08021550000194111>
396.2190 	EXP 	LDT_stim_text: autoDraw = True
396.2273 	EXP 	LDT_fix_text: autoDraw = False
397.2954 	EXP 	Device response: <KeyPress from None: t=397.29294909999953, value=a, duration=None>
397.2956 	EXP 	New trial (rep=0, index=200): <Trial 200 (200 in rep 0) data={'Task': 'LDT', 'TrialType': 'Target', 'Stimuli': 'gied', 'StimulusType': 'nonword', 'CorrectResponse': 'a', 'Trialnumb': 146, 'thisN': 200, 'thisTrialN': 200, 'thisRepN': 0}>
397.3034 	EXP 	LDT_fix_text: autoDraw = False
397.3034 	EXP 	LDT_stim_text: autoDraw = False
397.3034 	EXP 	LDT_break_text: autoDraw = False
397.3034 	EXP 	LDT_stim_text: height = np.float64(0.1)
397.3034 	EXP 	LDT_stim_text: height = np.float64(0.1)
397.3034 	EXP 	LDT_stim_text: height = np.float64(0.1)
397.3034 	EXP 	LDT_stim_text: text = 'gied'
397.3034 	EXP 	LDT_fix_text: autoDraw = True
397.3039 	DATA 	Keypress: a
397.4205 	EXP 	Device response: <KeyPress from None: t=397.29294909999953, value=a, duration=0.12006019999898854>
397.7872 	EXP 	LDT_stim_text: autoDraw = True
397.7955 	EXP 	LDT_fix_text: autoDraw = False
398.4132 	EXP 	Device response: <KeyPress from None: t=398.4128204000008, value=a, duration=None>
398.4134 	EXP 	New trial (rep=0, index=201): <Trial 201 (201 in rep 0) data={'Task': 'LDT', 'TrialType': 'Target', 'Stimuli': 'jight', 'StimulusType': 'nonword', 'CorrectResponse': 'a', 'Trialnumb': 159, 'thisN': 201, 'thisTrialN': 201, 'thisRepN': 0}>
398.4213 	EXP 	LDT_fix_text: autoDraw = False
398.4213 	EXP 	LDT_stim_text: autoDraw = False
398.4213 	EXP 	LDT_break_text: autoDraw = False
398.4213 	EXP 	LDT_stim_text: height = np.float64(0.1)
398.4213 	EXP 	LDT_stim_text: height = np.float64(0.1)
398.4213 	EXP 	LDT_stim_text: height = np.float64(0.1)
398.4213 	EXP 	LDT_stim_text: text = 'jight'
398.4213 	EXP 	LDT_fix_text: autoDraw = True
398.4219 	DATA 	Keypress: a
398.5716 	EXP 	Device response: <KeyPress from None: t=398.4128204000008, value=a, duration=0.1513846999987436>
398.9050 	EXP 	LDT_stim_text: autoDraw = True
398.9133 	EXP 	LDT_fix_text: autoDraw = False
399.5059 	EXP 	Device response: <KeyPress from None: t=399.5007469999982, value=a, duration=None>
399.5062 	EXP 	New trial (rep=0, index=202): <Trial 202 (202 in rep 0) data={'Task': 'LDT', 'TrialType': 'Target', 'Stimuli': 'fere', 'StimulusType': 'nonword', 'CorrectResponse': 'a', 'Trialnumb': 140, 'thisN': 202, 'thisTrialN': 202, 'thisRepN': 0}>
399.5139 	EXP 	LDT_fix_text: autoDraw = False
399.5139 	EXP 	LDT_stim_text: autoDraw = False
399.5139 	EXP 	LDT_break_text: autoDraw = False
399.5139 	EXP 	LDT_stim_text: height = np.float64(0.1)
399.5139 	EXP 	LDT_stim_text: height = np.float64(0.1)
399.5139 	EXP 	LDT_stim_text: height = np.float64(0.1)
399.5139 	EXP 	LDT_stim_text: text = 'fere'
399.5139 	EXP 	LDT_fix_text: autoDraw = True
399.5145 	DATA 	Keypress: a
399.6476 	EXP 	Device response: <KeyPress from None: t=399.5007469999982, value=a, duration=0.14470500000243192>
399.9977 	EXP 	LDT_stim_text: autoDraw = True
400.0061 	EXP 	LDT_fix_text: autoDraw = False
401.2159 	EXP 	Device response: <KeyPress from None: t=401.2122268999992, value=l, duration=None>
401.2161 	EXP 	New trial (rep=0, index=203): <Trial 203 (203 in rep 0) data={'Task': 'LDT', 'TrialType': 'Target', 'Stimuli': 'sell', 'StimulusType': 'word', 'CorrectResponse': 'l', 'Trialnumb': 65, 'thisN': 203, 'thisTrialN': 203, 'thisRepN': 0}>
401.2239 	EXP 	LDT_fix_text: autoDraw = False
401.2239 	EXP 	LDT_stim_text: autoDraw = False
401.2239 	EXP 	LDT_break_text: autoDraw = False
401.2239 	EXP 	LDT_stim_text: height = np.float64(0.1)
401.2239 	EXP 	LDT_stim_text: height = np.float64(0.1)
401.2239 	EXP 	LDT_stim_text: height = np.float64(0.1)
401.2239 	EXP 	LDT_stim_text: text = 'sell'
401.2239 	EXP 	LDT_fix_text: autoDraw = True
401.2244 	DATA 	Keypress: l
401.3494 	EXP 	Device response: <KeyPress from None: t=401.2122268999992, value=l, duration=0.1360439000018232>
401.7078 	EXP 	LDT_stim_text: autoDraw = True
401.7161 	EXP 	LDT_fix_text: autoDraw = False
402.5426 	EXP 	Device response: <KeyPress from None: t=402.5417732999995, value=l, duration=None>
402.5429 	EXP 	New trial (rep=0, index=204): <Trial 204 (204 in rep 0) data={'Task': 'LDT', 'TrialType': 'Target', 'Stimuli': 'nind', 'StimulusType': 'nonword', 'CorrectResponse': 'a', 'Trialnumb': 177, 'thisN': 204, 'thisTrialN': 204, 'thisRepN': 0}>
402.5503 	EXP 	LDT_fix_text: autoDraw = False
402.5503 	EXP 	LDT_stim_text: autoDraw = False
402.5503 	EXP 	LDT_break_text: autoDraw = False
402.5503 	EXP 	LDT_stim_text: height = np.float64(0.1)
402.5503 	EXP 	LDT_stim_text: height = np.float64(0.1)
402.5503 	EXP 	LDT_stim_text: height = np.float64(0.1)
402.5503 	EXP 	LDT_stim_text: text = 'nind'
402.5503 	EXP 	LDT_fix_text: autoDraw = True
402.5510 	DATA 	Keypress: l
402.6591 	EXP 	Device response: <KeyPress from None: t=402.5417732999995, value=l, duration=0.11166279999815742>
403.0341 	EXP 	LDT_stim_text: autoDraw = True
403.0424 	EXP 	LDT_fix_text: autoDraw = False
403.9103 	EXP 	Device response: <KeyPress from None: t=403.908790999998, value=a, duration=None>
403.9106 	EXP 	New trial (rep=0, index=205): <Trial 205 (205 in rep 0) data={'Task': 'LDT', 'TrialType': 'Target', 'Stimuli': 'stap', 'StimulusType': 'nonword', 'CorrectResponse': 'a', 'Trialnumb': 199, 'thisN': 205, 'thisTrialN': 205, 'thisRepN': 0}>
403.9183 	EXP 	LDT_fix_text: autoDraw = False
403.9183 	EXP 	LDT_stim_text: autoDraw = False
403.9183 	EXP 	LDT_break_text: autoDraw = False
403.9183 	EXP 	LDT_stim_text: height = np.float64(0.1)
403.9183 	EXP 	LDT_stim_text: height = np.float64(0.1)
403.9183 	EXP 	LDT_stim_text: height = np.float64(0.1)
403.9183 	EXP 	LDT_stim_text: text = 'stap'
403.9183 	EXP 	LDT_fix_text: autoDraw = True
403.9187 	DATA 	Keypress: a
404.0353 	EXP 	Device response: <KeyPress from None: t=403.908790999998, value=a, duration=0.12007720000110567>
404.4021 	EXP 	LDT_stim_text: autoDraw = True
404.4104 	EXP 	LDT_fix_text: autoDraw = False
405.3367 	EXP 	Device response: <KeyPress from None: t=405.3322707999978, value=l, duration=None>
405.3369 	EXP 	New trial (rep=0, index=206): <Trial 206 (206 in rep 0) data={'Task': 'LDT', 'TrialType': 'Target', 'Stimuli': 'mears', 'StimulusType': 'nonword', 'CorrectResponse': 'a', 'Trialnumb': 172, 'thisN': 206, 'thisTrialN': 206, 'thisRepN': 0}>
405.3448 	EXP 	LDT_fix_text: autoDraw = False
405.3448 	EXP 	LDT_stim_text: autoDraw = False
405.3448 	EXP 	LDT_break_text: autoDraw = False
405.3448 	EXP 	LDT_stim_text: height = np.float64(0.1)
405.3448 	EXP 	LDT_stim_text: height = np.float64(0.1)
405.3448 	EXP 	LDT_stim_text: height = np.float64(0.1)
405.3448 	EXP 	LDT_stim_text: text = 'mears'
405.3448 	EXP 	LDT_fix_text: autoDraw = True
405.3454 	DATA 	Keypress: l
405.4702 	EXP 	Device response: <KeyPress from None: t=405.3322707999978, value=l, duration=0.13751240000055986>
405.8285 	EXP 	LDT_stim_text: autoDraw = True
405.8369 	EXP 	LDT_fix_text: autoDraw = False
406.7715 	EXP 	Device response: <KeyPress from None: t=406.7647825999993, value=a, duration=None>
406.7717 	EXP 	New trial (rep=0, index=207): <Trial 207 (207 in rep 0) data={'Task': 'LDT', 'TrialType': 'Target', 'Stimuli': 'word', 'StimulusType': 'word', 'CorrectResponse': 'l', 'Trialnumb': 47, 'thisN': 207, 'thisTrialN': 207, 'thisRepN': 0}>
406.7795 	EXP 	LDT_fix_text: autoDraw = False
406.7795 	EXP 	LDT_stim_text: autoDraw = False
406.7795 	EXP 	LDT_break_text: autoDraw = False
406.7795 	EXP 	LDT_stim_text: height = np.float64(0.1)
406.7795 	EXP 	LDT_stim_text: height = np.float64(0.1)
406.7795 	EXP 	LDT_stim_text: height = np.float64(0.1)
406.7795 	EXP 	LDT_stim_text: text = 'word'
406.7795 	EXP 	LDT_fix_text: autoDraw = True
406.7801 	DATA 	Keypress: a
406.8631 	EXP 	Device response: <KeyPress from None: t=406.7647825999993, value=a, duration=0.09670710000136751>
407.2633 	EXP 	LDT_stim_text: autoDraw = True
407.2716 	EXP 	LDT_fix_text: autoDraw = False
408.3897 	EXP 	Device response: <KeyPress from None: t=408.38852580000093, value=l, duration=None>
408.3899 	EXP 	New trial (rep=0, index=208): <Trial 208 (208 in rep 0) data={'Task': 'LDT', 'TrialType': 'Target', 'Stimuli': 'huge', 'StimulusType': 'word', 'CorrectResponse': 'l', 'Trialnumb': 56, 'thisN': 208, 'thisTrialN': 208, 'thisRepN': 0}>
408.3977 	EXP 	LDT_fix_text: autoDraw = False
408.3977 	EXP 	LDT_stim_text: autoDraw = False
408.3977 	EXP 	LDT_break_text: autoDraw = False
408.3977 	EXP 	LDT_stim_text: height = np.float64(0.1)
408.3977 	EXP 	LDT_stim_text: height = np.float64(0.1)
408.3977 	EXP 	LDT_stim_text: height = np.float64(0.1)
408.3977 	EXP 	LDT_stim_text: text = 'huge'
408.3977 	EXP 	LDT_fix_text: autoDraw = True
408.3982 	DATA 	Keypress: l
408.4898 	EXP 	Device response: <KeyPress from None: t=408.38852580000093, value=l, duration=0.09610069999689586>
408.8818 	EXP 	LDT_stim_text: autoDraw = True
408.8899 	EXP 	LDT_fix_text: autoDraw = False
409.4740 	EXP 	Device response: <KeyPress from None: t=409.46860299999753, value=l, duration=None>
409.4743 	EXP 	New trial (rep=0, index=209): <Trial 209 (209 in rep 0) data={'Task': 'LDT', 'TrialType': 'Target', 'Stimuli': 'hoal', 'StimulusType': 'nonword', 'CorrectResponse': 'a', 'Trialnumb': 154, 'thisN': 209, 'thisTrialN': 209, 'thisRepN': 0}>
409.4822 	EXP 	LDT_fix_text: autoDraw = False
409.4822 	EXP 	LDT_stim_text: autoDraw = False
409.4822 	EXP 	LDT_break_text: autoDraw = False
409.4822 	EXP 	LDT_stim_text: height = np.float64(0.1)
409.4822 	EXP 	LDT_stim_text: height = np.float64(0.1)
409.4822 	EXP 	LDT_stim_text: height = np.float64(0.1)
409.4822 	EXP 	LDT_stim_text: text = 'hoal'
409.4822 	EXP 	LDT_fix_text: autoDraw = True
409.4828 	DATA 	Keypress: l
409.5993 	EXP 	Device response: <KeyPress from None: t=409.46860299999753, value=l, duration=0.1281263000018953>
409.9660 	EXP 	LDT_stim_text: autoDraw = True
409.9743 	EXP 	LDT_fix_text: autoDraw = False
411.3009 	EXP 	Device response: <KeyPress from None: t=411.29282859999876, value=l, duration=None>
411.3013 	EXP 	New trial (rep=0, index=210): <Trial 210 (210 in rep 0) data={'Task': 'LDT', 'TrialType': 'Target', 'Stimuli': 'fump', 'StimulusType': 'nonword', 'CorrectResponse': 'a', 'Trialnumb': 143, 'thisN': 210, 'thisTrialN': 210, 'thisRepN': 0}>
411.3090 	EXP 	LDT_fix_text: autoDraw = False
411.3090 	EXP 	LDT_stim_text: autoDraw = False
411.3090 	EXP 	LDT_break_text: autoDraw = False
411.3090 	EXP 	LDT_stim_text: height = np.float64(0.1)
411.3090 	EXP 	LDT_stim_text: height = np.float64(0.1)
411.3090 	EXP 	LDT_stim_text: height = np.float64(0.1)
411.3090 	EXP 	LDT_stim_text: text = 'fump'
411.3090 	EXP 	LDT_fix_text: autoDraw = True
411.3097 	DATA 	Keypress: l
411.4511 	EXP 	Device response: <KeyPress from None: t=411.29282859999876, value=l, duration=0.15192759999990813>
411.7928 	EXP 	LDT_stim_text: autoDraw = True
411.8011 	EXP 	LDT_fix_text: autoDraw = False
413.2612 	EXP 	Device response: <KeyPress from None: t=413.2604844999987, value=a, duration=None>
413.2615 	EXP 	New trial (rep=0, index=211): <Trial 211 (211 in rep 0) data={'Task': 'LDT', 'TrialType': 'Target', 'Stimuli': 'mina', 'StimulusType': 'nonword', 'CorrectResponse': 'a', 'Trialnumb': 173, 'thisN': 211, 'thisTrialN': 211, 'thisRepN': 0}>
413.2692 	EXP 	LDT_fix_text: autoDraw = False
413.2692 	EXP 	LDT_stim_text: autoDraw = False
413.2692 	EXP 	LDT_break_text: autoDraw = False
413.2692 	EXP 	LDT_stim_text: height = np.float64(0.1)
413.2692 	EXP 	LDT_stim_text: height = np.float64(0.1)
413.2692 	EXP 	LDT_stim_text: height = np.float64(0.1)
413.2692 	EXP 	LDT_stim_text: text = 'mina'
413.2692 	EXP 	LDT_fix_text: autoDraw = True
413.2698 	DATA 	Keypress: a
413.3780 	EXP 	Device response: <KeyPress from None: t=413.2604844999987, value=a, duration=0.11142399999880581>
413.7530 	EXP 	LDT_stim_text: autoDraw = True
413.7614 	EXP 	LDT_fix_text: autoDraw = False
414.6376 	EXP 	Device response: <KeyPress from None: t=414.6366479999997, value=a, duration=None>
414.6378 	EXP 	New trial (rep=0, index=212): <Trial 212 (212 in rep 0) data={'Task': 'LDT', 'TrialType': 'Target', 'Stimuli': 'boom', 'StimulusType': 'word', 'CorrectResponse': 'l', 'Trialnumb': 96, 'thisN': 212, 'thisTrialN': 212, 'thisRepN': 0}>
414.6457 	EXP 	LDT_fix_text: autoDraw = False
414.6457 	EXP 	LDT_stim_text: autoDraw = False
414.6457 	EXP 	LDT_break_text: autoDraw = False
414.6457 	EXP 	LDT_stim_text: height = np.float64(0.1)
414.6457 	EXP 	LDT_stim_text: height = np.float64(0.1)
414.6457 	EXP 	LDT_stim_text: height = np.float64(0.1)
414.6457 	EXP 	LDT_stim_text: text = 'boom'
414.6457 	EXP 	LDT_fix_text: autoDraw = True
414.6463 	DATA 	Keypress: a
414.7543 	EXP 	Device response: <KeyPress from None: t=414.6366479999997, value=a, duration=0.11183809999783989>
415.1294 	EXP 	LDT_stim_text: autoDraw = True
415.1378 	EXP 	LDT_fix_text: autoDraw = False
415.9388 	EXP 	Device response: <KeyPress from None: t=415.93234719999964, value=l, duration=None>
415.9391 	EXP 	New trial (rep=0, index=213): <Trial 213 (213 in rep 0) data={'Task': 'LDT', 'TrialType': 'Target', 'Stimuli': 'class', 'StimulusType': 'word', 'CorrectResponse': 'l', 'Trialnumb': 19, 'thisN': 213, 'thisTrialN': 213, 'thisRepN': 0}>
415.9470 	EXP 	LDT_fix_text: autoDraw = False
415.9470 	EXP 	LDT_stim_text: autoDraw = False
415.9470 	EXP 	LDT_break_text: autoDraw = False
415.9470 	EXP 	LDT_stim_text: height = np.float64(0.1)
415.9470 	EXP 	LDT_stim_text: height = np.float64(0.1)
415.9470 	EXP 	LDT_stim_text: height = np.float64(0.1)
415.9470 	EXP 	LDT_stim_text: text = 'class'
415.9470 	EXP 	LDT_fix_text: autoDraw = True
415.9476 	DATA 	Keypress: l
416.0056 	EXP 	Device response: <KeyPress from None: t=415.93234719999964, value=l, duration=0.07156000000031781>
416.4307 	EXP 	LDT_stim_text: autoDraw = True
416.4390 	EXP 	LDT_fix_text: autoDraw = False
417.2151 	EXP 	Device response: <KeyPress from None: t=417.21289830000023, value=l, duration=None>
417.2154 	EXP 	New trial (rep=0, index=214): <Trial 214 (214 in rep 0) data={'Task': 'LDT', 'TrialType': 'Target', 'Stimuli': 'gray', 'StimulusType': 'word', 'CorrectResponse': 'l', 'Trialnumb': 98, 'thisN': 214, 'thisTrialN': 214, 'thisRepN': 0}>
417.2232 	EXP 	LDT_fix_text: autoDraw = False
417.2232 	EXP 	LDT_stim_text: autoDraw = False
417.2232 	EXP 	LDT_break_text: autoDraw = False
417.2232 	EXP 	LDT_stim_text: height = np.float64(0.1)
417.2232 	EXP 	LDT_stim_text: height = np.float64(0.1)
417.2232 	EXP 	LDT_stim_text: height = np.float64(0.1)
417.2232 	EXP 	LDT_stim_text: text = 'gray'
417.2232 	EXP 	LDT_fix_text: autoDraw = True
417.2236 	DATA 	Keypress: l
417.3402 	EXP 	Device response: <KeyPress from None: t=417.21289830000023, value=l, duration=0.11992259999897215>
417.7070 	EXP 	LDT_stim_text: autoDraw = True
417.7153 	EXP 	LDT_fix_text: autoDraw = False
418.2912 	EXP 	Device response: <KeyPress from None: t=418.2843189999985, value=l, duration=None>
418.2915 	EXP 	New trial (rep=0, index=215): <Trial 215 (215 in rep 0) data={'Task': 'LDT', 'TrialType': 'Target', 'Stimuli': 'jite', 'StimulusType': 'nonword', 'CorrectResponse': 'a', 'Trialnumb': 160, 'thisN': 215, 'thisTrialN': 215, 'thisRepN': 0}>
418.2992 	EXP 	LDT_fix_text: autoDraw = False
418.2992 	EXP 	LDT_stim_text: autoDraw = False
418.2992 	EXP 	LDT_break_text: autoDraw = False
418.2992 	EXP 	LDT_stim_text: height = np.float64(0.1)
418.2992 	EXP 	LDT_stim_text: height = np.float64(0.1)
418.2992 	EXP 	LDT_stim_text: height = np.float64(0.1)
418.2992 	EXP 	LDT_stim_text: text = 'jite'
418.2992 	EXP 	LDT_fix_text: autoDraw = True
418.2998 	DATA 	Keypress: l
418.4079 	EXP 	Device response: <KeyPress from None: t=418.2843189999985, value=l, duration=0.12039680000088993>
418.7830 	EXP 	LDT_stim_text: autoDraw = True
418.7914 	EXP 	LDT_fix_text: autoDraw = False
419.5091 	EXP 	Device response: <KeyPress from None: t=419.5078399999984, value=a, duration=None>
419.5094 	EXP 	New trial (rep=0, index=216): <Trial 216 (216 in rep 0) data={'Task': 'LDT', 'TrialType': 'Target', 'Stimuli': 'lals', 'StimulusType': 'nonword', 'CorrectResponse': 'a', 'Trialnumb': 167, 'thisN': 216, 'thisTrialN': 216, 'thisRepN': 0}>
419.5171 	EXP 	LDT_fix_text: autoDraw = False
419.5171 	EXP 	LDT_stim_text: autoDraw = False
419.5171 	EXP 	LDT_break_text: autoDraw = False
419.5171 	EXP 	LDT_stim_text: height = np.float64(0.1)
419.5171 	EXP 	LDT_stim_text: height = np.float64(0.1)
419.5171 	EXP 	LDT_stim_text: height = np.float64(0.1)
419.5171 	EXP 	LDT_stim_text: text = 'lals'
419.5171 	EXP 	LDT_fix_text: autoDraw = True
419.5176 	DATA 	Keypress: a
419.6175 	EXP 	Device response: <KeyPress from None: t=419.5078399999984, value=a, duration=0.10402049999902374>
420.0009 	EXP 	LDT_stim_text: autoDraw = True
420.0093 	EXP 	LDT_fix_text: autoDraw = False
420.7354 	EXP 	Device response: <KeyPress from None: t=420.7319303000004, value=a, duration=None>
420.7357 	EXP 	New trial (rep=0, index=217): <Trial 217 (217 in rep 0) data={'Task': 'LDT', 'TrialType': 'Target', 'Stimuli': 'toas', 'StimulusType': 'nonword', 'CorrectResponse': 'a', 'Trialnumb': 203, 'thisN': 217, 'thisTrialN': 217, 'thisRepN': 0}>
420.7435 	EXP 	LDT_fix_text: autoDraw = False
420.7435 	EXP 	LDT_stim_text: autoDraw = False
420.7435 	EXP 	LDT_break_text: autoDraw = False
420.7435 	EXP 	LDT_stim_text: height = np.float64(0.1)
420.7435 	EXP 	LDT_stim_text: height = np.float64(0.1)
420.7435 	EXP 	LDT_stim_text: height = np.float64(0.1)
420.7435 	EXP 	LDT_stim_text: text = 'toas'
420.7435 	EXP 	LDT_fix_text: autoDraw = True
420.7440 	DATA 	Keypress: a
420.8688 	EXP 	Device response: <KeyPress from None: t=420.7319303000004, value=a, duration=0.13632359999974142>
421.2271 	EXP 	LDT_stim_text: autoDraw = True
421.2355 	EXP 	LDT_fix_text: autoDraw = False
422.5288 	EXP 	Device response: <KeyPress from None: t=422.52479609999864, value=l, duration=None>
422.5290 	EXP 	New trial (rep=0, index=218): <Trial 218 (218 in rep 0) data={'Task': 'LDT', 'TrialType': 'Target', 'Stimuli': 'sale', 'StimulusType': 'word', 'CorrectResponse': 'l', 'Trialnumb': 93, 'thisN': 218, 'thisTrialN': 218, 'thisRepN': 0}>
422.5368 	EXP 	LDT_fix_text: autoDraw = False
422.5368 	EXP 	LDT_stim_text: autoDraw = False
422.5368 	EXP 	LDT_break_text: autoDraw = False
422.5368 	EXP 	LDT_stim_text: height = np.float64(0.1)
422.5368 	EXP 	LDT_stim_text: height = np.float64(0.1)
422.5368 	EXP 	LDT_stim_text: height = np.float64(0.1)
422.5368 	EXP 	LDT_stim_text: text = 'sale'
422.5368 	EXP 	LDT_fix_text: autoDraw = True
422.5373 	DATA 	Keypress: l
422.6206 	EXP 	Device response: <KeyPress from None: t=422.52479609999864, value=l, duration=0.08743740000136313>
423.0206 	EXP 	LDT_stim_text: autoDraw = True
423.0289 	EXP 	LDT_fix_text: autoDraw = False
423.9135 	EXP 	Device response: <KeyPress from None: t=423.9084623999988, value=l, duration=None>
423.9137 	EXP 	New trial (rep=0, index=219): <Trial 219 (219 in rep 0) data={'Task': 'LDT', 'TrialType': 'Target', 'Stimuli': 'sish', 'StimulusType': 'nonword', 'CorrectResponse': 'a', 'Trialnumb': 193, 'thisN': 219, 'thisTrialN': 219, 'thisRepN': 0}>
423.9215 	EXP 	LDT_fix_text: autoDraw = False
423.9215 	EXP 	LDT_stim_text: autoDraw = False
423.9215 	EXP 	LDT_break_text: autoDraw = False
423.9215 	EXP 	LDT_stim_text: height = np.float64(0.1)
423.9215 	EXP 	LDT_stim_text: height = np.float64(0.1)
423.9215 	EXP 	LDT_stim_text: height = np.float64(0.1)
423.9215 	EXP 	LDT_stim_text: text = 'sish'
423.9215 	EXP 	LDT_fix_text: autoDraw = True
423.9220 	DATA 	Keypress: l
424.0052 	EXP 	Device response: <KeyPress from None: t=423.9084623999988, value=l, duration=0.0960226999995939>
424.4053 	EXP 	LDT_stim_text: autoDraw = True
424.4137 	EXP 	LDT_fix_text: autoDraw = False
425.3649 	EXP 	Device response: <KeyPress from None: t=425.36432090000017, value=a, duration=None>
425.3651 	EXP 	New trial (rep=0, index=220): <Trial 220 (220 in rep 0) data={'Task': 'LDT', 'TrialType': 'Target', 'Stimuli': 'mutch', 'StimulusType': 'nonword', 'CorrectResponse': 'a', 'Trialnumb': 175, 'thisN': 220, 'thisTrialN': 220, 'thisRepN': 0}>
425.3729 	EXP 	LDT_fix_text: autoDraw = False
425.3729 	EXP 	LDT_stim_text: autoDraw = False
425.3729 	EXP 	LDT_break_text: autoDraw = False
425.3729 	EXP 	LDT_stim_text: height = np.float64(0.1)
425.3729 	EXP 	LDT_stim_text: height = np.float64(0.1)
425.3729 	EXP 	LDT_stim_text: height = np.float64(0.1)
425.3729 	EXP 	LDT_stim_text: text = 'mutch'
425.3729 	EXP 	LDT_fix_text: autoDraw = True
425.3736 	DATA 	Keypress: a
425.4816 	EXP 	Device response: <KeyPress from None: t=425.36432090000017, value=a, duration=0.11163619999933871>
425.8568 	EXP 	LDT_stim_text: autoDraw = True
425.8651 	EXP 	LDT_fix_text: autoDraw = False
427.8842 	EXP 	Device response: <KeyPress from None: t=427.88383559999784, value=l, duration=None>
427.8844 	EXP 	New trial (rep=0, index=221): <Trial 221 (221 in rep 0) data={'Task': 'LDT', 'TrialType': 'Target', 'Stimuli': 'sad', 'StimulusType': 'word', 'CorrectResponse': 'l', 'Trialnumb': 69, 'thisN': 221, 'thisTrialN': 221, 'thisRepN': 0}>
427.8921 	EXP 	LDT_fix_text: autoDraw = False
427.8921 	EXP 	LDT_stim_text: autoDraw = False
427.8921 	EXP 	LDT_break_text: autoDraw = False
427.8921 	EXP 	LDT_stim_text: height = np.float64(0.1)
427.8921 	EXP 	LDT_stim_text: height = np.float64(0.1)
427.8921 	EXP 	LDT_stim_text: height = np.float64(0.1)
427.8921 	EXP 	LDT_stim_text: text = 'sad'
427.8921 	EXP 	LDT_fix_text: autoDraw = True
427.8927 	DATA 	Keypress: l
428.0342 	EXP 	Device response: <KeyPress from None: t=427.88383559999784, value=l, duration=0.1450156999999308>
428.3759 	EXP 	LDT_stim_text: autoDraw = True
428.3843 	EXP 	LDT_fix_text: autoDraw = False
429.9194 	EXP 	Device response: <KeyPress from None: t=429.91669829999955, value=l, duration=None>
429.9275 	EXP 	LDT_fix_text: autoDraw = False
429.9275 	EXP 	LDT_stim_text: autoDraw = False
429.9275 	EXP 	LDT_break_text: autoDraw = False
429.9275 	EXP 	end_text: autoDraw = True
429.9281 	DATA 	Keypress: l
430.0445 	EXP 	Device response: <KeyPress from None: t=429.91669829999955, value=l, duration=0.12009910000051605>
432.9221 	EXP 	end_text: autoDraw = False
432.9221 	EXP 	end_text: autoDraw = False
432.9222 	EXP 	online_LDT&KRT: status = STOPPED
