0.8336 	WARNING 	We strongly recommend you activate the PTB sound engine in PsychoPy prefs as the preferred audio engine. Its timing is vastly superior. Your prefs are currently set to use ['sounddevice', 'PTB', 'pyo', 'pygame'] (in that order).
2.0879 	WARNING 	Font Manager failed to load file C:\Users\user\AppData\Local\Microsoft\Windows\Fonts\210 상상공작소B.ttf
2.0902 	WARNING 	Font Manager failed to load file C:\Users\user\AppData\Local\Microsoft\Windows\Fonts\210 콤퓨타세탁L.ttf
2.0913 	WARNING 	Font Manager failed to load file C:\Users\user\AppData\Local\Microsoft\Windows\Fonts\210 동화책R.ttf
2.0967 	WARNING 	Font Manager failed to load file C:\Users\user\AppData\Local\Microsoft\Windows\Fonts\a뉴굴림1.ttf
2.0968 	WARNING 	Font Manager failed to load file C:\Users\user\AppData\Local\Microsoft\Windows\Fonts\a뉴굴림4.ttf
2.0969 	WARNING 	Font Manager failed to load file C:\Users\user\AppData\Local\Microsoft\Windows\Fonts\210 나무고딕B.ttf
2.0991 	WARNING 	Font Manager failed to load file C:\Users\user\AppData\Local\Microsoft\Windows\Fonts\210 콤퓨타세탁R.ttf
2.0997 	WARNING 	Font Manager failed to load file C:\Users\user\AppData\Local\Microsoft\Windows\Fonts\a고딕11.ttf
2.0998 	WARNING 	Font Manager failed to load file C:\Users\user\AppData\Local\Microsoft\Windows\Fonts\210 하얀바람B.ttf
2.1023 	WARNING 	Font Manager failed to load file C:\Users\user\AppData\Local\Microsoft\Windows\Fonts\210 동화책B.ttf
2.1047 	WARNING 	Font Manager failed to load file C:\Users\user\AppData\Local\Microsoft\Windows\Fonts\a고딕16.ttf
2.1076 	WARNING 	Font Manager failed to load file C:\Users\user\AppData\Local\Microsoft\Windows\Fonts\210 씨앗L.ttf
2.1114 	WARNING 	Font Manager failed to load file C:\Users\user\AppData\Local\Microsoft\Windows\Fonts\서울남산 장체EB.ttf
2.1131 	WARNING 	Font Manager failed to load file C:\Users\user\AppData\Local\Microsoft\Windows\Fonts\210 나무고딕EB.ttf
2.1158 	WARNING 	Font Manager failed to load file C:\Users\user\AppData\Local\Microsoft\Windows\Fonts\a시나리오.ttf
2.1159 	WARNING 	Font Manager failed to load file C:\Users\user\AppData\Local\Microsoft\Windows\Fonts\210 동화책L.ttf
2.1164 	WARNING 	Font Manager failed to load file C:\Users\user\AppData\Local\Microsoft\Windows\Fonts\a고딕12.ttf
2.1165 	WARNING 	Font Manager failed to load file C:\Users\user\AppData\Local\Microsoft\Windows\Fonts\210 맨발의청춘R.ttf
2.1172 	WARNING 	Font Manager failed to load file C:\Users\user\AppData\Local\Microsoft\Windows\Fonts\210 카툰스토리B.ttf
2.1183 	WARNING 	Font Manager failed to load file C:\Users\user\AppData\Local\Microsoft\Windows\Fonts\210 콤퓨타세탁B.ttf
2.1190 	WARNING 	Font Manager failed to load file C:\Users\user\AppData\Local\Microsoft\Windows\Fonts\210 상상공작소R.ttf
2.1227 	WARNING 	Font Manager failed to load file C:\Users\user\AppData\Local\Microsoft\Windows\Fonts\210 씨앗R.ttf
2.1264 	WARNING 	Font Manager failed to load file C:\Users\user\AppData\Local\Microsoft\Windows\Fonts\210 상상공작소L.ttf
2.1270 	WARNING 	Font Manager failed to load file C:\Users\user\AppData\Local\Microsoft\Windows\Fonts\나눔고딕L.ttf
2.1352 	WARNING 	Font Manager failed to load file C:\Users\user\AppData\Local\Microsoft\Windows\Fonts\서울남산 장체BL.ttf
2.1357 	WARNING 	Font Manager failed to load file C:\Users\user\AppData\Local\Microsoft\Windows\Fonts\210 씨앗B.ttf
2.1365 	WARNING 	Font Manager failed to load file C:\Users\user\AppData\Local\Microsoft\Windows\Fonts\서울남산 장체M.ttf
2.1442 	WARNING 	Font Manager failed to load file C:\Users\user\AppData\Local\Microsoft\Windows\Fonts\210 하얀바람L.ttf
2.1448 	WARNING 	Font Manager failed to load file C:\Users\user\AppData\Local\Microsoft\Windows\Fonts\a뉴굴림2.ttf
2.1494 	WARNING 	Font Manager failed to load file C:\Users\user\AppData\Local\Microsoft\Windows\Fonts\a뉴굴림3.ttf
2.1495 	WARNING 	Font Manager failed to load file C:\Users\user\AppData\Local\Microsoft\Windows\Fonts\서울남산 장체L.ttf
2.1513 	WARNING 	Font Manager failed to load file C:\Users\user\AppData\Local\Microsoft\Windows\Fonts\210 나무고딕R.ttf
2.1515 	WARNING 	Font Manager failed to load file C:\Users\user\AppData\Local\Microsoft\Windows\Fonts\아리따-돋움(TTF)-Bold.ttf
2.1536 	WARNING 	Font Manager failed to load file C:\Users\user\AppData\Local\Microsoft\Windows\Fonts\210 하얀바람R.ttf
2.1564 	WARNING 	Font Manager failed to load file C:\Users\user\AppData\Local\Microsoft\Windows\Fonts\a고딕14.ttf
2.1599 	WARNING 	Font Manager failed to load file C:\Users\user\AppData\Local\Microsoft\Windows\Fonts\a고딕15.ttf
2.1600 	WARNING 	Font Manager failed to load file C:\Users\user\AppData\Local\Microsoft\Windows\Fonts\210 나무고딕L.ttf
2.1619 	WARNING 	Font Manager failed to load file C:\Users\user\AppData\Local\Microsoft\Windows\Fonts\210 맨발의청춘L.ttf
2.1620 	WARNING 	Font Manager failed to load file C:\Users\user\AppData\Local\Microsoft\Windows\Fonts\210 카툰스토리L.ttf
2.1647 	WARNING 	Font Manager failed to load file C:\Users\user\AppData\Local\Microsoft\Windows\Fonts\아리따-돋움(TTF)-SemiBold.ttf
2.1673 	WARNING 	Font Manager failed to load file C:\Users\user\AppData\Local\Microsoft\Windows\Fonts\210 맨발의청춘B.ttf
2.1694 	WARNING 	Font Manager failed to load file C:\Users\user\AppData\Local\Microsoft\Windows\Fonts\a고딕10.ttf
2.1704 	WARNING 	Font Manager failed to load file C:\Users\user\AppData\Local\Microsoft\Windows\Fonts\아리따-돋움(TTF)-Thin.ttf
2.1707 	WARNING 	Font Manager failed to load file C:\Users\user\AppData\Local\Microsoft\Windows\Fonts\210 카툰스토리R.ttf
2.1749 	WARNING 	Font Manager failed to load file C:\Users\user\AppData\Local\Microsoft\Windows\Fonts\a고딕13.ttf
2.1750 	WARNING 	Font Manager failed to load file C:\Users\user\AppData\Local\Microsoft\Windows\Fonts\서울남산 장체B.ttf
2.1759 	WARNING 	Font Manager failed to load file C:\Users\user\AppData\Local\Microsoft\Windows\Fonts\아리따-돋움(TTF)-Medium.ttf
2.1767 	WARNING 	Font Manager failed to load file C:\Users\user\AppData\Local\Microsoft\Windows\Fonts\아리따-돋움(TTF)-Light.ttf
2.3762 	WARNING 	Font Manager failed to load file C:\Users\user\AppData\Local\Microsoft\Windows\Fonts\210 상상공작소B.ttf
2.3787 	WARNING 	Font Manager failed to load file C:\Users\user\AppData\Local\Microsoft\Windows\Fonts\210 콤퓨타세탁L.ttf
2.3798 	WARNING 	Font Manager failed to load file C:\Users\user\AppData\Local\Microsoft\Windows\Fonts\210 동화책R.ttf
2.3849 	WARNING 	Font Manager failed to load file C:\Users\user\AppData\Local\Microsoft\Windows\Fonts\a뉴굴림1.ttf
2.3850 	WARNING 	Font Manager failed to load file C:\Users\user\AppData\Local\Microsoft\Windows\Fonts\a뉴굴림4.ttf
2.3851 	WARNING 	Font Manager failed to load file C:\Users\user\AppData\Local\Microsoft\Windows\Fonts\210 나무고딕B.ttf
2.3873 	WARNING 	Font Manager failed to load file C:\Users\user\AppData\Local\Microsoft\Windows\Fonts\210 콤퓨타세탁R.ttf
2.3878 	WARNING 	Font Manager failed to load file C:\Users\user\AppData\Local\Microsoft\Windows\Fonts\a고딕11.ttf
2.3879 	WARNING 	Font Manager failed to load file C:\Users\user\AppData\Local\Microsoft\Windows\Fonts\210 하얀바람B.ttf
2.3904 	WARNING 	Font Manager failed to load file C:\Users\user\AppData\Local\Microsoft\Windows\Fonts\210 동화책B.ttf
2.3928 	WARNING 	Font Manager failed to load file C:\Users\user\AppData\Local\Microsoft\Windows\Fonts\a고딕16.ttf
2.3956 	WARNING 	Font Manager failed to load file C:\Users\user\AppData\Local\Microsoft\Windows\Fonts\210 씨앗L.ttf
2.3990 	WARNING 	Font Manager failed to load file C:\Users\user\AppData\Local\Microsoft\Windows\Fonts\서울남산 장체EB.ttf
2.4002 	WARNING 	Font Manager failed to load file C:\Users\user\AppData\Local\Microsoft\Windows\Fonts\210 나무고딕EB.ttf
2.4028 	WARNING 	Font Manager failed to load file C:\Users\user\AppData\Local\Microsoft\Windows\Fonts\a시나리오.ttf
2.4029 	WARNING 	Font Manager failed to load file C:\Users\user\AppData\Local\Microsoft\Windows\Fonts\210 동화책L.ttf
2.4034 	WARNING 	Font Manager failed to load file C:\Users\user\AppData\Local\Microsoft\Windows\Fonts\a고딕12.ttf
2.4035 	WARNING 	Font Manager failed to load file C:\Users\user\AppData\Local\Microsoft\Windows\Fonts\210 맨발의청춘R.ttf
2.4042 	WARNING 	Font Manager failed to load file C:\Users\user\AppData\Local\Microsoft\Windows\Fonts\210 카툰스토리B.ttf
2.4052 	WARNING 	Font Manager failed to load file C:\Users\user\AppData\Local\Microsoft\Windows\Fonts\210 콤퓨타세탁B.ttf
2.4059 	WARNING 	Font Manager failed to load file C:\Users\user\AppData\Local\Microsoft\Windows\Fonts\210 상상공작소R.ttf
2.4097 	WARNING 	Font Manager failed to load file C:\Users\user\AppData\Local\Microsoft\Windows\Fonts\210 씨앗R.ttf
2.4132 	WARNING 	Font Manager failed to load file C:\Users\user\AppData\Local\Microsoft\Windows\Fonts\210 상상공작소L.ttf
2.4137 	WARNING 	Font Manager failed to load file C:\Users\user\AppData\Local\Microsoft\Windows\Fonts\나눔고딕L.ttf
2.4216 	WARNING 	Font Manager failed to load file C:\Users\user\AppData\Local\Microsoft\Windows\Fonts\서울남산 장체BL.ttf
2.4221 	WARNING 	Font Manager failed to load file C:\Users\user\AppData\Local\Microsoft\Windows\Fonts\210 씨앗B.ttf
2.4228 	WARNING 	Font Manager failed to load file C:\Users\user\AppData\Local\Microsoft\Windows\Fonts\서울남산 장체M.ttf
2.4304 	WARNING 	Font Manager failed to load file C:\Users\user\AppData\Local\Microsoft\Windows\Fonts\210 하얀바람L.ttf
2.4310 	WARNING 	Font Manager failed to load file C:\Users\user\AppData\Local\Microsoft\Windows\Fonts\a뉴굴림2.ttf
2.4354 	WARNING 	Font Manager failed to load file C:\Users\user\AppData\Local\Microsoft\Windows\Fonts\a뉴굴림3.ttf
2.4355 	WARNING 	Font Manager failed to load file C:\Users\user\AppData\Local\Microsoft\Windows\Fonts\서울남산 장체L.ttf
2.4374 	WARNING 	Font Manager failed to load file C:\Users\user\AppData\Local\Microsoft\Windows\Fonts\210 나무고딕R.ttf
2.4375 	WARNING 	Font Manager failed to load file C:\Users\user\AppData\Local\Microsoft\Windows\Fonts\아리따-돋움(TTF)-Bold.ttf
2.4395 	WARNING 	Font Manager failed to load file C:\Users\user\AppData\Local\Microsoft\Windows\Fonts\210 하얀바람R.ttf
2.4422 	WARNING 	Font Manager failed to load file C:\Users\user\AppData\Local\Microsoft\Windows\Fonts\a고딕14.ttf
2.4456 	WARNING 	Font Manager failed to load file C:\Users\user\AppData\Local\Microsoft\Windows\Fonts\a고딕15.ttf
2.4457 	WARNING 	Font Manager failed to load file C:\Users\user\AppData\Local\Microsoft\Windows\Fonts\210 나무고딕L.ttf
2.4474 	WARNING 	Font Manager failed to load file C:\Users\user\AppData\Local\Microsoft\Windows\Fonts\210 맨발의청춘L.ttf
2.4476 	WARNING 	Font Manager failed to load file C:\Users\user\AppData\Local\Microsoft\Windows\Fonts\210 카툰스토리L.ttf
2.4501 	WARNING 	Font Manager failed to load file C:\Users\user\AppData\Local\Microsoft\Windows\Fonts\아리따-돋움(TTF)-SemiBold.ttf
2.4526 	WARNING 	Font Manager failed to load file C:\Users\user\AppData\Local\Microsoft\Windows\Fonts\210 맨발의청춘B.ttf
2.4546 	WARNING 	Font Manager failed to load file C:\Users\user\AppData\Local\Microsoft\Windows\Fonts\a고딕10.ttf
2.4554 	WARNING 	Font Manager failed to load file C:\Users\user\AppData\Local\Microsoft\Windows\Fonts\아리따-돋움(TTF)-Thin.ttf
2.4557 	WARNING 	Font Manager failed to load file C:\Users\user\AppData\Local\Microsoft\Windows\Fonts\210 카툰스토리R.ttf
2.4601 	WARNING 	Font Manager failed to load file C:\Users\user\AppData\Local\Microsoft\Windows\Fonts\a고딕13.ttf
2.4602 	WARNING 	Font Manager failed to load file C:\Users\user\AppData\Local\Microsoft\Windows\Fonts\서울남산 장체B.ttf
2.4611 	WARNING 	Font Manager failed to load file C:\Users\user\AppData\Local\Microsoft\Windows\Fonts\아리따-돋움(TTF)-Medium.ttf
2.4618 	WARNING 	Font Manager failed to load file C:\Users\user\AppData\Local\Microsoft\Windows\Fonts\아리따-돋움(TTF)-Light.ttf
16.5627 	EXP 	Created window1 = Window(allowGUI=False, allowStencil=False, autoLog=True, backendConf=UNKNOWN, backgroundFit=<method-wrapper '__getattribute__' of attributeSetter object at 0x000001D86FC67280>, backgroundImage=<method-wrapper '__getattribute__' of attributeSetter object at 0x000001D86FC67220>, bitsMode=UNKNOWN, blendMode='avg', bpc=(8, 8, 8), color=array([-1., -1., -1.]), colorSpace='rgb', depthBits=8, fullscr=True, gamma=None, gammaErrorPolicy='raise', infoMsg=UNKNOWN, lms=UNKNOWN, monitor=<psychopy.monitors.calibTools.Monitor object at 0x000001D86FF704F0>, multiSample=False, name='window1', numSamples=2, pos=[np.float64(0.0), np.float64(0.0)], screen=0, size=array([1920, 1080]), stencilBits=0, stereo=False, title='PsychoPy', units='height', useFBO=True, useRetina=False, viewOri=0.0, viewPos=None, viewScale=None, waitBlanking=True, winType='pyglet')
16.5627 	EXP 	window1: backgroundImage = ''
16.5627 	EXP 	window1: backgroundFit = 'none'
16.7918 	EXP 	window1: Attempting to measure frame rate of screen (0) ...
16.7918 	EXP 	window1: recordFrameIntervals = False
16.9251 	EXP 	window1: recordFrameIntervals = True
17.0160 	EXP 	Screen (0) actual frame rate measured at 121.24Hz
17.0160 	EXP 	window1: recordFrameIntervals = False
18.2374 	EXP 	online_LDT&KRT: status = STARTED
18.3412 	EXP 	Created intro_text = TextStim(__class__=<class 'psychopy.visual.text.TextStim'>, alignHoriz=method-wrapper(...), alignText='center', alignVert=method-wrapper(...), anchorHoriz='center', anchorVert='center', antialias=True, autoDraw=False, autoLog=True, bold=False, color=array([1., 1., 1.]), colorSpace='rgb', contrast=1.0, depth=0.0, draggable=False, flipHoriz=False, flipVert=False, font='NanumGothic', fontFiles=[], height=np.float64(0.03), italic=False, languageStyle='LTR', name='intro_text', opacity=1, ori=0.0, pos=array([0., 0.]), rgb=UNKNOWN, text=str(...), units='height', win=Window(...), wrapWidth=1)
18.3631 	EXP 	Created LDT_intro_instr = TextStim(__class__=<class 'psychopy.visual.text.TextStim'>, alignHoriz=method-wrapper(...), alignText='center', alignVert=method-wrapper(...), anchorHoriz='center', anchorVert='center', antialias=True, autoDraw=False, autoLog=True, bold=False, color=array([1., 1., 1.]), colorSpace='rgb', contrast=1.0, depth=0.0, draggable=False, flipHoriz=False, flipVert=False, font='NanumGothic', fontFiles=[], height=np.float64(0.03), italic=False, languageStyle='LTR', name='LDT_intro_instr', opacity=1, ori=0.0, pos=array([0. , 0.2]), rgb=UNKNOWN, text=str(...), units='height', win=Window(...), wrapWidth=1)
18.3766 	EXP 	Created keyboard_LDT = ImageStim(__class__=<class 'psychopy.visual.image.ImageStim'>, anchor=('center', 'center'), autoLog=True, color=array([1., 1., 1.]), colorSpace='rgb', contrast=1.0, depth=-2.0, draggable=False, flipHoriz=np.False_, flipVert=np.False_, image='keyboard_LDT_RR.png', interpolate=True, mask=None, maskParams=None, name='keyboard_LDT', opacity=1, ori=0.0, pos=array([ 0. , -0.2]), size=array([0.6 , 0.35]), texRes=128.0, units='height', win=Window(...))
18.3795 	EXP 	Created LDT_prac_fix_text = TextStim(__class__=<class 'psychopy.visual.text.TextStim'>, alignHoriz=method-wrapper(...), alignText='center', alignVert=method-wrapper(...), anchorHoriz='center', anchorVert='center', antialias=True, autoDraw=False, autoLog=True, bold=False, color=array([1., 1., 1.]), colorSpace='rgb', contrast=1.0, depth=0.0, draggable=False, flipHoriz=False, flipVert=False, font='NanumGothic', fontFiles=[], height=np.float64(0.1), italic=False, languageStyle='LTR', name='LDT_prac_fix_text', opacity=1, ori=0, pos=array([0., 0.]), rgb=UNKNOWN, text='+', units='height', win=Window(...), wrapWidth=1)
18.3799 	EXP 	Created LDT_prac_stim_text = TextStim(__class__=<class 'psychopy.visual.text.TextStim'>, alignHoriz=method-wrapper(...), alignText='center', alignVert=method-wrapper(...), anchorHoriz='center', anchorVert='center', antialias=True, autoDraw=False, autoLog=True, bold=False, color=array([1., 1., 1.]), colorSpace='rgb', contrast=1.0, depth=-1.0, draggable=False, flipHoriz=False, flipVert=False, font='NanumGothic', fontFiles=[], height=0.1, italic=False, languageStyle='LTR', name='LDT_prac_stim_text', opacity=1, ori=0, pos=array([0., 0.]), rgb=UNKNOWN, text='', units='height', win=Window(...), wrapWidth=1)
18.3806 	EXP 	Created LDT_feedback_text = TextStim(__class__=<class 'psychopy.visual.text.TextStim'>, alignHoriz=method-wrapper(...), alignText='center', alignVert=method-wrapper(...), anchorHoriz='center', anchorVert='center', antialias=True, autoDraw=False, autoLog=True, bold=False, color=array([1., 1., 1.]), colorSpace='rgb', contrast=1.0, depth=-1.0, draggable=False, flipHoriz=False, flipVert=False, font='NanumGothic', fontFiles=[], height=0.05, italic=False, languageStyle='LTR', name='LDT_feedback_text', opacity=1, ori=0, pos=array([0., 0.]), rgb=UNKNOWN, text='', units='height', win=Window(...), wrapWidth=1)
18.3951 	EXP 	Created LDT_instr_text = TextStim(__class__=<class 'psychopy.visual.text.TextStim'>, alignHoriz=method-wrapper(...), alignText='center', alignVert=method-wrapper(...), anchorHoriz='center', anchorVert='center', antialias=True, autoDraw=False, autoLog=True, bold=False, color=array([1., 1., 1.]), colorSpace='rgb', contrast=1.0, depth=0.0, draggable=False, flipHoriz=False, flipVert=False, font='NanumGothic', fontFiles=[], height=np.float64(0.03), italic=False, languageStyle='LTR', name='LDT_instr_text', opacity=1, ori=0, pos=array([0., 0.]), rgb=UNKNOWN, text=str(...), units='height', win=Window(...), wrapWidth=1)
18.3965 	EXP 	Created LDT_fix_text = TextStim(__class__=<class 'psychopy.visual.text.TextStim'>, alignHoriz=method-wrapper(...), alignText='center', alignVert=method-wrapper(...), anchorHoriz='center', anchorVert='center', antialias=True, autoDraw=False, autoLog=True, bold=False, color=array([1., 1., 1.]), colorSpace='rgb', contrast=1.0, depth=0.0, draggable=False, flipHoriz=False, flipVert=False, font='NanumGothic', fontFiles=[], height=np.float64(0.1), italic=False, languageStyle='LTR', name='LDT_fix_text', opacity=1, ori=0, pos=array([0., 0.]), rgb=UNKNOWN, text='+', units='height', win=Window(...), wrapWidth=1)
18.3969 	EXP 	Created LDT_stim_text = TextStim(__class__=<class 'psychopy.visual.text.TextStim'>, alignHoriz=method-wrapper(...), alignText='center', alignVert=method-wrapper(...), anchorHoriz='center', anchorVert='center', antialias=True, autoDraw=False, autoLog=True, bold=False, color=array([1., 1., 1.]), colorSpace='rgb', contrast=1.0, depth=-1.0, draggable=False, flipHoriz=False, flipVert=False, font='NanumGothic', fontFiles=[], height=0.1, italic=False, languageStyle='LTR', name='LDT_stim_text', opacity=1, ori=0, pos=array([0., 0.]), rgb=UNKNOWN, text='', units='height', win=Window(...), wrapWidth=1)
18.4030 	EXP 	Created LDT_break_text = TextStim(__class__=<class 'psychopy.visual.text.TextStim'>, alignHoriz=method-wrapper(...), alignText='center', alignVert=method-wrapper(...), anchorHoriz='center', anchorVert='center', antialias=True, autoDraw=False, autoLog=True, bold=False, color=array([1., 1., 1.]), colorSpace='rgb', contrast=1.0, depth=-1.0, draggable=False, flipHoriz=False, flipVert=False, font='NanumGothic', fontFiles=[], height=np.float64(0.03), italic=False, languageStyle='LTR', name='LDT_break_text', opacity=1, ori=0.0, pos=array([0., 0.]), rgb=UNKNOWN, text=str(...), units='height', win=Window(...), wrapWidth=1)
18.4092 	EXP 	Created end_text = TextStim(__class__=<class 'psychopy.visual.text.TextStim'>, alignHoriz=method-wrapper(...), alignText='center', alignVert=method-wrapper(...), anchorHoriz='center', anchorVert='center', antialias=True, autoDraw=False, autoLog=True, bold=False, color=array([1., 1., 1.]), colorSpace='rgb', contrast=1.0, depth=0.0, draggable=False, flipHoriz=False, flipVert=False, font='NanumGothic', fontFiles=[], height=np.float64(0.03), italic=False, languageStyle='LTR', name='end_text', opacity=1, ori=0, pos=array([0., 0.]), rgb=UNKNOWN, text='실험이 종료되었습니다. \n\n실험에 참여해 주셔서 감사합니다.\n\n', units='height', win=Window(...), wrapWidth=1)
0.0164 	EXP 	intro_text: autoDraw = True
1.4802 	EXP 	Device response: <KeyPress from None: t=1.3769671000000017, value=space, duration=None>
1.4805 	EXP 	Device response: <KeyPress from None: t=1.3769671000000017, value=space, duration=0.09601449999991019>
1.4930 	EXP 	intro_text: autoDraw = False
1.4930 	EXP 	LDT_intro_instr: autoDraw = True
1.4930 	EXP 	keyboard_LDT: autoDraw = True
1.4940 	DATA 	Keypress: space
24.6913 	EXP 	Device response: <KeyPress from None: t=24.68858169999976, value=space, duration=None>
24.6957 	EXP 	Imported LDT_pracStim.xlsx as conditions, 10 conditions, 5 params
24.6959 	EXP 	New trial (rep=0, index=0): <Trial 0 (0 in rep 0) data={'Task': 'LDT', 'TrialType': 'Practice', 'Stimuli': 'cucumber', 'CorrectResponse': 'l', 'StimulusType': 'word', 'thisN': 0, 'thisTrialN': 0, 'thisRepN': 0}>
24.7077 	EXP 	LDT_intro_instr: autoDraw = False
24.7077 	EXP 	keyboard_LDT: autoDraw = False
24.7077 	EXP 	LDT_prac_stim_text: height = np.float64(0.1)
24.7077 	EXP 	LDT_prac_stim_text: height = np.float64(0.1)
24.7077 	EXP 	LDT_prac_stim_text: height = np.float64(0.1)
24.7077 	EXP 	LDT_prac_stim_text: text = 'cucumber'
24.7077 	EXP 	LDT_prac_fix_text: autoDraw = True
24.7083 	DATA 	Keypress: space
24.8163 	EXP 	Device response: <KeyPress from None: t=24.68858169999976, value=space, duration=0.11978880000015124>
25.1831 	EXP 	LDT_prac_stim_text: autoDraw = True
25.1998 	EXP 	LDT_prac_fix_text: autoDraw = False
27.0186 	EXP 	Device response: <KeyPress from None: t=27.01664729999993, value=l, duration=None>
27.0259 	EXP 	LDT_prac_fix_text: autoDraw = False
27.0259 	EXP 	LDT_prac_stim_text: autoDraw = False
27.0259 	EXP 	LDT_feedback_text: height = np.float64(0.05)
27.0259 	EXP 	LDT_feedback_text: height = np.float64(0.05)
27.0259 	EXP 	LDT_feedback_text: height = np.float64(0.05)
27.0259 	EXP 	LDT_feedback_text: text = '정답입니다!'
27.0259 	EXP 	LDT_feedback_text: autoDraw = True
27.0264 	DATA 	Keypress: l
27.1103 	EXP 	Device response: <KeyPress from None: t=27.01664729999993, value=l, duration=0.08811519999972006>
28.0112 	EXP 	New trial (rep=0, index=1): <Trial 1 (1 in rep 0) data={'Task': 'LDT', 'TrialType': 'Practice', 'Stimuli': 'yami', 'CorrectResponse': 'a', 'StimulusType': 'nonword', 'thisN': 1, 'thisTrialN': 1, 'thisRepN': 0}>
28.0193 	EXP 	LDT_feedback_text: autoDraw = False
28.0193 	EXP 	LDT_feedback_text: autoDraw = False
28.0193 	EXP 	LDT_prac_stim_text: height = np.float64(0.1)
28.0193 	EXP 	LDT_prac_stim_text: height = np.float64(0.1)
28.0193 	EXP 	LDT_prac_stim_text: height = np.float64(0.1)
28.0193 	EXP 	LDT_prac_stim_text: text = 'yami'
28.0193 	EXP 	LDT_prac_fix_text: autoDraw = True
28.5114 	EXP 	LDT_prac_fix_text: autoDraw = False
28.5114 	EXP 	LDT_prac_stim_text: autoDraw = True
29.5128 	EXP 	Device response: <KeyPress from None: t=29.504906599999686, value=a, duration=None>
29.5208 	EXP 	LDT_prac_fix_text: autoDraw = False
29.5208 	EXP 	LDT_prac_stim_text: autoDraw = False
29.5208 	EXP 	LDT_feedback_text: text = '정답입니다!'
29.5208 	EXP 	LDT_feedback_text: autoDraw = True
29.5212 	DATA 	Keypress: a
29.6045 	EXP 	Device response: <KeyPress from None: t=29.504906599999686, value=a, duration=0.09552080000003116>
30.5053 	EXP 	New trial (rep=0, index=2): <Trial 2 (2 in rep 0) data={'Task': 'LDT', 'TrialType': 'Practice', 'Stimuli': 'cluerk', 'CorrectResponse': 'a', 'StimulusType': 'nonword', 'thisN': 2, 'thisTrialN': 2, 'thisRepN': 0}>
30.5135 	EXP 	LDT_feedback_text: autoDraw = False
30.5135 	EXP 	LDT_feedback_text: autoDraw = False
30.5135 	EXP 	LDT_prac_stim_text: height = np.float64(0.1)
30.5135 	EXP 	LDT_prac_stim_text: height = np.float64(0.1)
30.5135 	EXP 	LDT_prac_stim_text: height = np.float64(0.1)
30.5135 	EXP 	LDT_prac_stim_text: text = 'cluerk'
30.5135 	EXP 	LDT_prac_fix_text: autoDraw = True
31.0056 	EXP 	LDT_prac_fix_text: autoDraw = False
31.0056 	EXP 	LDT_prac_stim_text: autoDraw = True
32.1320 	EXP 	Device response: <KeyPress from None: t=32.12845079999988, value=l, duration=None>
32.1400 	EXP 	LDT_prac_fix_text: autoDraw = False
32.1400 	EXP 	LDT_prac_stim_text: autoDraw = False
32.1400 	EXP 	LDT_feedback_text: height = np.float64(0.05)
32.1400 	EXP 	LDT_feedback_text: height = np.float64(0.05)
32.1400 	EXP 	LDT_feedback_text: height = np.float64(0.05)
32.1400 	EXP 	LDT_feedback_text: text = '오답입니다'
32.1400 	EXP 	LDT_feedback_text: autoDraw = True
32.1405 	DATA 	Keypress: l
32.2573 	EXP 	Device response: <KeyPress from None: t=32.12845079999988, value=l, duration=0.12829039999996894>
33.1246 	EXP 	New trial (rep=0, index=3): <Trial 3 (3 in rep 0) data={'Task': 'LDT', 'TrialType': 'Practice', 'Stimuli': 'jeong', 'CorrectResponse': 'a', 'StimulusType': 'nonword', 'thisN': 3, 'thisTrialN': 3, 'thisRepN': 0}>
33.1327 	EXP 	LDT_feedback_text: autoDraw = False
33.1327 	EXP 	LDT_feedback_text: autoDraw = False
33.1327 	EXP 	LDT_prac_stim_text: height = np.float64(0.1)
33.1327 	EXP 	LDT_prac_stim_text: height = np.float64(0.1)
33.1327 	EXP 	LDT_prac_stim_text: height = np.float64(0.1)
33.1327 	EXP 	LDT_prac_stim_text: text = 'jeong'
33.1327 	EXP 	LDT_prac_fix_text: autoDraw = True
33.6249 	EXP 	LDT_prac_fix_text: autoDraw = False
33.6249 	EXP 	LDT_prac_stim_text: autoDraw = True
36.0109 	EXP 	Device response: <KeyPress from None: t=36.00879989999976, value=a, duration=None>
36.0190 	EXP 	LDT_prac_fix_text: autoDraw = False
36.0190 	EXP 	LDT_prac_stim_text: autoDraw = False
36.0190 	EXP 	LDT_feedback_text: height = np.float64(0.05)
36.0190 	EXP 	LDT_feedback_text: height = np.float64(0.05)
36.0190 	EXP 	LDT_feedback_text: height = np.float64(0.05)
36.0190 	EXP 	LDT_feedback_text: text = '정답입니다!'
36.0190 	EXP 	LDT_feedback_text: autoDraw = True
36.0196 	DATA 	Keypress: a
36.0942 	EXP 	Device response: <KeyPress from None: t=36.00879989999976, value=a, duration=0.07943329999989146>
37.0035 	EXP 	New trial (rep=0, index=4): <Trial 4 (4 in rep 0) data={'Task': 'LDT', 'TrialType': 'Practice', 'Stimuli': 'format', 'CorrectResponse': 'l', 'StimulusType': 'word', 'thisN': 4, 'thisTrialN': 4, 'thisRepN': 0}>
37.0116 	EXP 	LDT_feedback_text: autoDraw = False
37.0116 	EXP 	LDT_feedback_text: autoDraw = False
37.0116 	EXP 	LDT_prac_stim_text: height = np.float64(0.1)
37.0116 	EXP 	LDT_prac_stim_text: height = np.float64(0.1)
37.0116 	EXP 	LDT_prac_stim_text: height = np.float64(0.1)
37.0116 	EXP 	LDT_prac_stim_text: text = 'format'
37.0116 	EXP 	LDT_prac_fix_text: autoDraw = True
37.5037 	EXP 	LDT_prac_fix_text: autoDraw = False
37.5037 	EXP 	LDT_prac_stim_text: autoDraw = True
38.3215 	EXP 	Device response: <KeyPress from None: t=38.320453199999974, value=l, duration=None>
38.3296 	EXP 	LDT_prac_fix_text: autoDraw = False
38.3296 	EXP 	LDT_prac_stim_text: autoDraw = False
38.3296 	EXP 	LDT_feedback_text: text = '정답입니다!'
38.3296 	EXP 	LDT_feedback_text: autoDraw = True
38.3302 	DATA 	Keypress: l
38.4549 	EXP 	Device response: <KeyPress from None: t=38.320453199999974, value=l, duration=0.12934499999983018>
39.3141 	EXP 	New trial (rep=0, index=5): <Trial 5 (5 in rep 0) data={'Task': 'LDT', 'TrialType': 'Practice', 'Stimuli': 'huftuk', 'CorrectResponse': 'a', 'StimulusType': 'nonword', 'thisN': 5, 'thisTrialN': 5, 'thisRepN': 0}>
39.3223 	EXP 	LDT_feedback_text: autoDraw = False
39.3223 	EXP 	LDT_feedback_text: autoDraw = False
39.3223 	EXP 	LDT_prac_stim_text: height = np.float64(0.1)
39.3223 	EXP 	LDT_prac_stim_text: height = np.float64(0.1)
39.3223 	EXP 	LDT_prac_stim_text: height = np.float64(0.1)
39.3223 	EXP 	LDT_prac_stim_text: text = 'huftuk'
39.3223 	EXP 	LDT_prac_fix_text: autoDraw = True
39.8143 	EXP 	LDT_prac_fix_text: autoDraw = False
39.8143 	EXP 	LDT_prac_stim_text: autoDraw = True
40.6238 	EXP 	Device response: <KeyPress from None: t=40.616444599999795, value=a, duration=None>
40.6318 	EXP 	LDT_prac_fix_text: autoDraw = False
40.6318 	EXP 	LDT_prac_stim_text: autoDraw = False
40.6318 	EXP 	LDT_feedback_text: text = '정답입니다!'
40.6318 	EXP 	LDT_feedback_text: autoDraw = True
40.6323 	DATA 	Keypress: a
40.7489 	EXP 	Device response: <KeyPress from None: t=40.616444599999795, value=a, duration=0.12820800000008603>
41.6164 	EXP 	New trial (rep=0, index=6): <Trial 6 (6 in rep 0) data={'Task': 'LDT', 'TrialType': 'Practice', 'Stimuli': 'lankua', 'CorrectResponse': 'a', 'StimulusType': 'nonword', 'thisN': 6, 'thisTrialN': 6, 'thisRepN': 0}>
41.6244 	EXP 	LDT_feedback_text: autoDraw = False
41.6244 	EXP 	LDT_feedback_text: autoDraw = False
41.6244 	EXP 	LDT_prac_stim_text: height = np.float64(0.1)
41.6244 	EXP 	LDT_prac_stim_text: height = np.float64(0.1)
41.6244 	EXP 	LDT_prac_stim_text: height = np.float64(0.1)
41.6244 	EXP 	LDT_prac_stim_text: text = 'lankua'
41.6244 	EXP 	LDT_prac_fix_text: autoDraw = True
42.1166 	EXP 	LDT_prac_fix_text: autoDraw = False
42.1166 	EXP 	LDT_prac_stim_text: autoDraw = True
43.3014 	EXP 	Device response: <KeyPress from None: t=43.296894300000076, value=a, duration=None>
43.3095 	EXP 	LDT_prac_fix_text: autoDraw = False
43.3095 	EXP 	LDT_prac_stim_text: autoDraw = False
43.3095 	EXP 	LDT_feedback_text: text = '정답입니다!'
43.3095 	EXP 	LDT_feedback_text: autoDraw = True
43.3099 	DATA 	Keypress: a
43.4266 	EXP 	Device response: <KeyPress from None: t=43.296894300000076, value=a, duration=0.1281247999995685>
44.2941 	EXP 	New trial (rep=0, index=7): <Trial 7 (7 in rep 0) data={'Task': 'LDT', 'TrialType': 'Practice', 'Stimuli': 'truck', 'CorrectResponse': 'l', 'StimulusType': 'word', 'thisN': 7, 'thisTrialN': 7, 'thisRepN': 0}>
44.3021 	EXP 	LDT_feedback_text: autoDraw = False
44.3021 	EXP 	LDT_feedback_text: autoDraw = False
44.3021 	EXP 	LDT_prac_stim_text: height = np.float64(0.1)
44.3021 	EXP 	LDT_prac_stim_text: height = np.float64(0.1)
44.3021 	EXP 	LDT_prac_stim_text: height = np.float64(0.1)
44.3021 	EXP 	LDT_prac_stim_text: text = 'truck'
44.3021 	EXP 	LDT_prac_fix_text: autoDraw = True
44.7943 	EXP 	LDT_prac_fix_text: autoDraw = False
44.7943 	EXP 	LDT_prac_stim_text: autoDraw = True
45.7291 	EXP 	Device response: <KeyPress from None: t=45.72871609999993, value=l, duration=None>
45.7369 	EXP 	LDT_prac_fix_text: autoDraw = False
45.7369 	EXP 	LDT_prac_stim_text: autoDraw = False
45.7369 	EXP 	LDT_feedback_text: text = '정답입니다!'
45.7369 	EXP 	LDT_feedback_text: autoDraw = True
45.7374 	DATA 	Keypress: l
45.8206 	EXP 	Device response: <KeyPress from None: t=45.72871609999993, value=l, duration=0.08770069999991392>
46.7215 	EXP 	New trial (rep=0, index=8): <Trial 8 (8 in rep 0) data={'Task': 'LDT', 'TrialType': 'Practice', 'Stimuli': 'baseball', 'CorrectResponse': 'l', 'StimulusType': 'word', 'thisN': 8, 'thisTrialN': 8, 'thisRepN': 0}>
46.7295 	EXP 	LDT_feedback_text: autoDraw = False
46.7295 	EXP 	LDT_feedback_text: autoDraw = False
46.7295 	EXP 	LDT_prac_stim_text: height = np.float64(0.1)
46.7295 	EXP 	LDT_prac_stim_text: height = np.float64(0.1)
46.7295 	EXP 	LDT_prac_stim_text: height = np.float64(0.1)
46.7295 	EXP 	LDT_prac_stim_text: text = 'baseball'
46.7295 	EXP 	LDT_prac_fix_text: autoDraw = True
47.2217 	EXP 	LDT_prac_fix_text: autoDraw = False
47.2217 	EXP 	LDT_prac_stim_text: autoDraw = True
47.8142 	EXP 	Device response: <KeyPress from None: t=47.808433499999865, value=l, duration=None>
47.8223 	EXP 	LDT_prac_fix_text: autoDraw = False
47.8223 	EXP 	LDT_prac_stim_text: autoDraw = False
47.8223 	EXP 	LDT_feedback_text: text = '정답입니다!'
47.8223 	EXP 	LDT_feedback_text: autoDraw = True
47.8229 	DATA 	Keypress: l
47.9143 	EXP 	Device response: <KeyPress from None: t=47.808433499999865, value=l, duration=0.10373669999989943>
48.8069 	EXP 	New trial (rep=0, index=9): <Trial 9 (9 in rep 0) data={'Task': 'LDT', 'TrialType': 'Practice', 'Stimuli': 'concept', 'CorrectResponse': 'l', 'StimulusType': 'word', 'thisN': 9, 'thisTrialN': 9, 'thisRepN': 0}>
48.8149 	EXP 	LDT_feedback_text: autoDraw = False
48.8149 	EXP 	LDT_feedback_text: autoDraw = False
48.8149 	EXP 	LDT_prac_stim_text: height = np.float64(0.1)
48.8149 	EXP 	LDT_prac_stim_text: height = np.float64(0.1)
48.8149 	EXP 	LDT_prac_stim_text: height = np.float64(0.1)
48.8149 	EXP 	LDT_prac_stim_text: text = 'concept'
48.8149 	EXP 	LDT_prac_fix_text: autoDraw = True
49.3071 	EXP 	LDT_prac_fix_text: autoDraw = False
49.3071 	EXP 	LDT_prac_stim_text: autoDraw = True
49.9413 	EXP 	Device response: <KeyPress from None: t=49.93684489999987, value=l, duration=None>
49.9494 	EXP 	LDT_prac_fix_text: autoDraw = False
49.9494 	EXP 	LDT_prac_stim_text: autoDraw = False
49.9494 	EXP 	LDT_feedback_text: text = '정답입니다!'
49.9494 	EXP 	LDT_feedback_text: autoDraw = True
49.9499 	DATA 	Keypress: l
50.0415 	EXP 	Device response: <KeyPress from None: t=49.93684489999987, value=l, duration=0.10413719999996829>
50.9420 	EXP 	LDT_feedback_text: autoDraw = False
50.9420 	EXP 	LDT_feedback_text: autoDraw = False
50.9420 	EXP 	LDT_instr_text: autoDraw = True
56.2478 	EXP 	Device response: <KeyPress from None: t=56.24044129999993, value=space, duration=None>
56.2668 	EXP 	Imported LDT_Stim.xlsx as conditions, 222 conditions, 6 params
56.2678 	EXP 	New trial (rep=0, index=0): <Trial 0 (0 in rep 0) data={'Task': 'LDT', 'TrialType': 'Target', 'Stimuli': 'spum', 'StimulusType': 'nonword', 'CorrectResponse': 'a', 'Trialnumb': 198, 'thisN': 0, 'thisTrialN': 0, 'thisRepN': 0}>
56.2717 	EXP 	LDT_instr_text: autoDraw = False
56.2717 	EXP 	LDT_stim_text: height = np.float64(0.1)
56.2717 	EXP 	LDT_stim_text: height = np.float64(0.1)
56.2717 	EXP 	LDT_stim_text: height = np.float64(0.1)
56.2717 	EXP 	LDT_stim_text: text = 'spum'
56.2717 	EXP 	LDT_fix_text: autoDraw = True
56.2722 	DATA 	Keypress: space
56.3145 	EXP 	Device response: <KeyPress from None: t=56.24044129999993, value=space, duration=0.07268969999995534>
56.7395 	EXP 	LDT_stim_text: autoDraw = True
56.7645 	EXP 	LDT_fix_text: autoDraw = False
57.8158 	EXP 	Device response: <KeyPress from None: t=57.8085130999998, value=a, duration=None>
57.8161 	EXP 	New trial (rep=0, index=1): <Trial 1 (1 in rep 0) data={'Task': 'LDT', 'TrialType': 'Target', 'Stimuli': 'down', 'StimulusType': 'word', 'CorrectResponse': 'l', 'Trialnumb': 9, 'thisN': 1, 'thisTrialN': 1, 'thisRepN': 0}>
57.8240 	EXP 	LDT_fix_text: autoDraw = False
57.8240 	EXP 	LDT_stim_text: autoDraw = False
57.8240 	EXP 	LDT_break_text: autoDraw = False
57.8240 	EXP 	LDT_stim_text: height = np.float64(0.1)
57.8240 	EXP 	LDT_stim_text: height = np.float64(0.1)
57.8240 	EXP 	LDT_stim_text: height = np.float64(0.1)
57.8240 	EXP 	LDT_stim_text: text = 'down'
57.8240 	EXP 	LDT_fix_text: autoDraw = True
57.8245 	DATA 	Keypress: a
57.8826 	EXP 	Device response: <KeyPress from None: t=57.8085130999998, value=a, duration=0.07195890000002692>
58.3077 	EXP 	LDT_stim_text: autoDraw = True
58.3161 	EXP 	LDT_fix_text: autoDraw = False
58.9670 	EXP 	Device response: <KeyPress from None: t=58.96116809999967, value=l, duration=None>
58.9673 	EXP 	New trial (rep=0, index=2): <Trial 2 (2 in rep 0) data={'Task': 'LDT', 'TrialType': 'Target', 'Stimuli': 'music', 'StimulusType': 'word', 'CorrectResponse': 'l', 'Trialnumb': 13, 'thisN': 2, 'thisTrialN': 2, 'thisRepN': 0}>
58.9750 	EXP 	LDT_fix_text: autoDraw = False
58.9750 	EXP 	LDT_stim_text: autoDraw = False
58.9750 	EXP 	LDT_break_text: autoDraw = False
58.9750 	EXP 	LDT_stim_text: height = np.float64(0.1)
58.9750 	EXP 	LDT_stim_text: height = np.float64(0.1)
58.9750 	EXP 	LDT_stim_text: height = np.float64(0.1)
58.9750 	EXP 	LDT_stim_text: text = 'music'
58.9750 	EXP 	LDT_fix_text: autoDraw = True
58.9757 	DATA 	Keypress: l
59.0754 	EXP 	Device response: <KeyPress from None: t=58.96116809999967, value=l, duration=0.11096390000011525>
59.4589 	EXP 	LDT_stim_text: autoDraw = True
59.4672 	EXP 	LDT_fix_text: autoDraw = False
60.0431 	EXP 	Device response: <KeyPress from None: t=60.040250300000025, value=l, duration=None>
60.0433 	EXP 	New trial (rep=0, index=3): <Trial 3 (3 in rep 0) data={'Task': 'LDT', 'TrialType': 'Target', 'Stimuli': 'huge', 'StimulusType': 'word', 'CorrectResponse': 'l', 'Trialnumb': 56, 'thisN': 3, 'thisTrialN': 3, 'thisRepN': 0}>
60.0512 	EXP 	LDT_fix_text: autoDraw = False
60.0512 	EXP 	LDT_stim_text: autoDraw = False
60.0512 	EXP 	LDT_break_text: autoDraw = False
60.0512 	EXP 	LDT_stim_text: height = np.float64(0.1)
60.0512 	EXP 	LDT_stim_text: height = np.float64(0.1)
60.0512 	EXP 	LDT_stim_text: height = np.float64(0.1)
60.0512 	EXP 	LDT_stim_text: text = 'huge'
60.0512 	EXP 	LDT_fix_text: autoDraw = True
60.0517 	DATA 	Keypress: l
60.1515 	EXP 	Device response: <KeyPress from None: t=60.040250300000025, value=l, duration=0.10563139999976556>
60.5349 	EXP 	LDT_stim_text: autoDraw = True
60.5433 	EXP 	LDT_fix_text: autoDraw = False
61.1859 	EXP 	Device response: <KeyPress from None: t=61.1840416, value=l, duration=None>
61.1861 	EXP 	New trial (rep=0, index=4): <Trial 4 (4 in rep 0) data={'Task': 'LDT', 'TrialType': 'Target', 'Stimuli': 'read', 'StimulusType': 'word', 'CorrectResponse': 'l', 'Trialnumb': 31, 'thisN': 4, 'thisTrialN': 4, 'thisRepN': 0}>
61.1939 	EXP 	LDT_fix_text: autoDraw = False
61.1939 	EXP 	LDT_stim_text: autoDraw = False
61.1939 	EXP 	LDT_break_text: autoDraw = False
61.1939 	EXP 	LDT_stim_text: height = np.float64(0.1)
61.1939 	EXP 	LDT_stim_text: height = np.float64(0.1)
61.1939 	EXP 	LDT_stim_text: height = np.float64(0.1)
61.1939 	EXP 	LDT_stim_text: text = 'read'
61.1939 	EXP 	LDT_fix_text: autoDraw = True
61.1945 	DATA 	Keypress: l
61.2693 	EXP 	Device response: <KeyPress from None: t=61.1840416, value=l, duration=0.08057109999981549>
61.6777 	EXP 	LDT_stim_text: autoDraw = True
61.6861 	EXP 	LDT_fix_text: autoDraw = False
62.1786 	EXP 	Device response: <KeyPress from None: t=62.17714009999963, value=l, duration=None>
62.1788 	EXP 	New trial (rep=0, index=5): <Trial 5 (5 in rep 0) data={'Task': 'LDT', 'TrialType': 'Target', 'Stimuli': 'crap', 'StimulusType': 'word', 'CorrectResponse': 'l', 'Trialnumb': 70, 'thisN': 5, 'thisTrialN': 5, 'thisRepN': 0}>
62.1866 	EXP 	LDT_fix_text: autoDraw = False
62.1866 	EXP 	LDT_stim_text: autoDraw = False
62.1866 	EXP 	LDT_break_text: autoDraw = False
62.1866 	EXP 	LDT_stim_text: height = np.float64(0.1)
62.1866 	EXP 	LDT_stim_text: height = np.float64(0.1)
62.1866 	EXP 	LDT_stim_text: height = np.float64(0.1)
62.1866 	EXP 	LDT_stim_text: text = 'crap'
62.1866 	EXP 	LDT_fix_text: autoDraw = True
62.1871 	DATA 	Keypress: l
62.2869 	EXP 	Device response: <KeyPress from None: t=62.17714009999963, value=l, duration=0.10372100000040518>
62.6705 	EXP 	LDT_stim_text: autoDraw = True
62.6787 	EXP 	LDT_fix_text: autoDraw = False
63.3463 	EXP 	Device response: <KeyPress from None: t=63.34420439999985, value=l, duration=None>
63.3466 	EXP 	New trial (rep=0, index=6): <Trial 6 (6 in rep 0) data={'Task': 'LDT', 'TrialType': 'Target', 'Stimuli': 'wost', 'StimulusType': 'nonword', 'CorrectResponse': 'a', 'Trialnumb': 217, 'thisN': 6, 'thisTrialN': 6, 'thisRepN': 0}>
63.3545 	EXP 	LDT_fix_text: autoDraw = False
63.3545 	EXP 	LDT_stim_text: autoDraw = False
63.3545 	EXP 	LDT_break_text: autoDraw = False
63.3545 	EXP 	LDT_stim_text: height = np.float64(0.1)
63.3545 	EXP 	LDT_stim_text: height = np.float64(0.1)
63.3545 	EXP 	LDT_stim_text: height = np.float64(0.1)
63.3545 	EXP 	LDT_stim_text: text = 'wost'
63.3545 	EXP 	LDT_fix_text: autoDraw = True
63.3550 	DATA 	Keypress: l
63.4466 	EXP 	Device response: <KeyPress from None: t=63.34420439999985, value=l, duration=0.09687020000001212>
63.8382 	EXP 	LDT_stim_text: autoDraw = True
63.8466 	EXP 	LDT_fix_text: autoDraw = False
65.2482 	EXP 	Device response: <KeyPress from None: t=65.24084569999968, value=a, duration=None>
65.2485 	EXP 	New trial (rep=0, index=7): <Trial 7 (7 in rep 0) data={'Task': 'LDT', 'TrialType': 'Target', 'Stimuli': 'gips', 'StimulusType': 'nonword', 'CorrectResponse': 'a', 'Trialnumb': 147, 'thisN': 7, 'thisTrialN': 7, 'thisRepN': 0}>
65.2563 	EXP 	LDT_fix_text: autoDraw = False
65.2563 	EXP 	LDT_stim_text: autoDraw = False
65.2563 	EXP 	LDT_break_text: autoDraw = False
65.2563 	EXP 	LDT_stim_text: height = np.float64(0.1)
65.2563 	EXP 	LDT_stim_text: height = np.float64(0.1)
65.2563 	EXP 	LDT_stim_text: height = np.float64(0.1)
65.2563 	EXP 	LDT_stim_text: text = 'gips'
65.2563 	EXP 	LDT_fix_text: autoDraw = True
65.2568 	DATA 	Keypress: a
65.3485 	EXP 	Device response: <KeyPress from None: t=65.24084569999968, value=a, duration=0.10320690000025934>
65.7401 	EXP 	LDT_stim_text: autoDraw = True
65.7485 	EXP 	LDT_fix_text: autoDraw = False
67.4922 	EXP 	Device response: <KeyPress from None: t=67.48888499999975, value=a, duration=None>
67.4925 	EXP 	New trial (rep=0, index=8): <Trial 8 (8 in rep 0) data={'Task': 'LDT', 'TrialType': 'Target', 'Stimuli': 'sell', 'StimulusType': 'word', 'CorrectResponse': 'l', 'Trialnumb': 65, 'thisN': 8, 'thisTrialN': 8, 'thisRepN': 0}>
67.5002 	EXP 	LDT_fix_text: autoDraw = False
67.5002 	EXP 	LDT_stim_text: autoDraw = False
67.5002 	EXP 	LDT_break_text: autoDraw = False
67.5002 	EXP 	LDT_stim_text: height = np.float64(0.1)
67.5002 	EXP 	LDT_stim_text: height = np.float64(0.1)
67.5002 	EXP 	LDT_stim_text: height = np.float64(0.1)
67.5002 	EXP 	LDT_stim_text: text = 'sell'
67.5002 	EXP 	LDT_fix_text: autoDraw = True
67.5007 	DATA 	Keypress: a
67.5839 	EXP 	Device response: <KeyPress from None: t=67.48888499999975, value=a, duration=0.08793040000000474>
67.9840 	EXP 	LDT_stim_text: autoDraw = True
67.9923 	EXP 	LDT_fix_text: autoDraw = False
68.6600 	EXP 	Device response: <KeyPress from None: t=68.65661120000004, value=l, duration=None>
68.6603 	EXP 	New trial (rep=0, index=9): <Trial 9 (9 in rep 0) data={'Task': 'LDT', 'TrialType': 'Target', 'Stimuli': 'stap', 'StimulusType': 'nonword', 'CorrectResponse': 'a', 'Trialnumb': 199, 'thisN': 9, 'thisTrialN': 9, 'thisRepN': 0}>
68.6681 	EXP 	LDT_fix_text: autoDraw = False
68.6681 	EXP 	LDT_stim_text: autoDraw = False
68.6681 	EXP 	LDT_break_text: autoDraw = False
68.6681 	EXP 	LDT_stim_text: height = np.float64(0.1)
68.6681 	EXP 	LDT_stim_text: height = np.float64(0.1)
68.6681 	EXP 	LDT_stim_text: height = np.float64(0.1)
68.6681 	EXP 	LDT_stim_text: text = 'stap'
68.6681 	EXP 	LDT_fix_text: autoDraw = True
68.6686 	DATA 	Keypress: l
68.7600 	EXP 	Device response: <KeyPress from None: t=68.65661120000004, value=l, duration=0.09614939999983108>
69.1518 	EXP 	LDT_stim_text: autoDraw = True
69.1602 	EXP 	LDT_fix_text: autoDraw = False
71.4127 	EXP 	Device response: <KeyPress from None: t=71.40873179999971, value=a, duration=None>
71.4130 	EXP 	New trial (rep=0, index=10): <Trial 10 (10 in rep 0) data={'Task': 'LDT', 'TrialType': 'Target', 'Stimuli': 'data', 'StimulusType': 'word', 'CorrectResponse': 'l', 'Trialnumb': 41, 'thisN': 10, 'thisTrialN': 10, 'thisRepN': 0}>
71.4208 	EXP 	LDT_fix_text: autoDraw = False
71.4208 	EXP 	LDT_stim_text: autoDraw = False
71.4208 	EXP 	LDT_break_text: autoDraw = False
71.4208 	EXP 	LDT_stim_text: height = np.float64(0.1)
71.4208 	EXP 	LDT_stim_text: height = np.float64(0.1)
71.4208 	EXP 	LDT_stim_text: height = np.float64(0.1)
71.4208 	EXP 	LDT_stim_text: text = 'data'
71.4208 	EXP 	LDT_fix_text: autoDraw = True
71.4214 	DATA 	Keypress: a
71.5379 	EXP 	Device response: <KeyPress from None: t=71.40873179999971, value=a, duration=0.1278437999999369>
71.9046 	EXP 	LDT_stim_text: autoDraw = True
71.9130 	EXP 	LDT_fix_text: autoDraw = False
72.5472 	EXP 	Device response: <KeyPress from None: t=72.54538689999981, value=l, duration=None>
72.5475 	EXP 	New trial (rep=0, index=11): <Trial 11 (11 in rep 0) data={'Task': 'LDT', 'TrialType': 'Target', 'Stimuli': 'man', 'StimulusType': 'word', 'CorrectResponse': 'l', 'Trialnumb': 12, 'thisN': 11, 'thisTrialN': 11, 'thisRepN': 0}>
72.5553 	EXP 	LDT_fix_text: autoDraw = False
72.5553 	EXP 	LDT_stim_text: autoDraw = False
72.5553 	EXP 	LDT_break_text: autoDraw = False
72.5553 	EXP 	LDT_stim_text: height = np.float64(0.1)
72.5553 	EXP 	LDT_stim_text: height = np.float64(0.1)
72.5553 	EXP 	LDT_stim_text: height = np.float64(0.1)
72.5553 	EXP 	LDT_stim_text: text = 'man'
72.5553 	EXP 	LDT_fix_text: autoDraw = True
72.5558 	DATA 	Keypress: l
72.6556 	EXP 	Device response: <KeyPress from None: t=72.54538689999981, value=l, duration=0.10341150000022026>
73.0390 	EXP 	LDT_stim_text: autoDraw = True
73.0474 	EXP 	LDT_fix_text: autoDraw = False
73.5733 	EXP 	Device response: <KeyPress from None: t=73.56836440000006, value=l, duration=None>
73.5735 	EXP 	New trial (rep=0, index=12): <Trial 12 (12 in rep 0) data={'Task': 'LDT', 'TrialType': 'Target', 'Stimuli': 'reach', 'StimulusType': 'word', 'CorrectResponse': 'l', 'Trialnumb': 72, 'thisN': 12, 'thisTrialN': 12, 'thisRepN': 0}>
73.5812 	EXP 	LDT_fix_text: autoDraw = False
73.5812 	EXP 	LDT_stim_text: autoDraw = False
73.5812 	EXP 	LDT_break_text: autoDraw = False
73.5812 	EXP 	LDT_stim_text: height = np.float64(0.1)
73.5812 	EXP 	LDT_stim_text: height = np.float64(0.1)
73.5812 	EXP 	LDT_stim_text: height = np.float64(0.1)
73.5812 	EXP 	LDT_stim_text: text = 'reach'
73.5812 	EXP 	LDT_fix_text: autoDraw = True
73.5818 	DATA 	Keypress: l
73.6649 	EXP 	Device response: <KeyPress from None: t=73.56836440000006, value=l, duration=0.08821589999979551>
74.0650 	EXP 	LDT_stim_text: autoDraw = True
74.0734 	EXP 	LDT_fix_text: autoDraw = False
74.7578 	EXP 	Device response: <KeyPress from None: t=74.75287589999971, value=l, duration=None>
74.7580 	EXP 	New trial (rep=0, index=13): <Trial 13 (13 in rep 0) data={'Task': 'LDT', 'TrialType': 'Target', 'Stimuli': 'vour', 'StimulusType': 'nonword', 'CorrectResponse': 'a', 'Trialnumb': 214, 'thisN': 13, 'thisTrialN': 13, 'thisRepN': 0}>
74.7658 	EXP 	LDT_fix_text: autoDraw = False
74.7658 	EXP 	LDT_stim_text: autoDraw = False
74.7658 	EXP 	LDT_break_text: autoDraw = False
74.7658 	EXP 	LDT_stim_text: height = np.float64(0.1)
74.7658 	EXP 	LDT_stim_text: height = np.float64(0.1)
74.7658 	EXP 	LDT_stim_text: height = np.float64(0.1)
74.7658 	EXP 	LDT_stim_text: text = 'vour'
74.7658 	EXP 	LDT_fix_text: autoDraw = True
74.7664 	DATA 	Keypress: l
74.8329 	EXP 	Device response: <KeyPress from None: t=74.75287589999971, value=l, duration=0.07948119999991832>
75.2496 	EXP 	LDT_stim_text: autoDraw = True
75.2579 	EXP 	LDT_fix_text: autoDraw = False
76.7347 	EXP 	Device response: <KeyPress from None: t=76.72809830000006, value=a, duration=None>
76.7349 	EXP 	New trial (rep=0, index=14): <Trial 14 (14 in rep 0) data={'Task': 'LDT', 'TrialType': 'Target', 'Stimuli': 'few', 'StimulusType': 'word', 'CorrectResponse': 'l', 'Trialnumb': 18, 'thisN': 14, 'thisTrialN': 14, 'thisRepN': 0}>
76.7427 	EXP 	LDT_fix_text: autoDraw = False
76.7427 	EXP 	LDT_stim_text: autoDraw = False
76.7427 	EXP 	LDT_break_text: autoDraw = False
76.7427 	EXP 	LDT_stim_text: height = np.float64(0.1)
76.7427 	EXP 	LDT_stim_text: height = np.float64(0.1)
76.7427 	EXP 	LDT_stim_text: height = np.float64(0.1)
76.7427 	EXP 	LDT_stim_text: text = 'few'
76.7427 	EXP 	LDT_fix_text: autoDraw = True
76.7433 	DATA 	Keypress: a
76.8348 	EXP 	Device response: <KeyPress from None: t=76.72809830000006, value=a, duration=0.10496289999991859>
77.2265 	EXP 	LDT_stim_text: autoDraw = True
77.2349 	EXP 	LDT_fix_text: autoDraw = False
77.7607 	EXP 	Device response: <KeyPress from None: t=77.75286030000007, value=l, duration=None>
77.7609 	EXP 	New trial (rep=0, index=15): <Trial 15 (15 in rep 0) data={'Task': 'LDT', 'TrialType': 'Target', 'Stimuli': 'hear', 'StimulusType': 'word', 'CorrectResponse': 'l', 'Trialnumb': 37, 'thisN': 15, 'thisTrialN': 15, 'thisRepN': 0}>
77.7689 	EXP 	LDT_fix_text: autoDraw = False
77.7689 	EXP 	LDT_stim_text: autoDraw = False
77.7689 	EXP 	LDT_break_text: autoDraw = False
77.7689 	EXP 	LDT_stim_text: height = np.float64(0.1)
77.7689 	EXP 	LDT_stim_text: height = np.float64(0.1)
77.7689 	EXP 	LDT_stim_text: height = np.float64(0.1)
77.7689 	EXP 	LDT_stim_text: text = 'hear'
77.7689 	EXP 	LDT_fix_text: autoDraw = True
77.7694 	DATA 	Keypress: l
77.8608 	EXP 	Device response: <KeyPress from None: t=77.75286030000007, value=l, duration=0.10463019999997414>
78.2526 	EXP 	LDT_stim_text: autoDraw = True
78.2609 	EXP 	LDT_fix_text: autoDraw = False
78.7867 	EXP 	Device response: <KeyPress from None: t=78.78620239999964, value=l, duration=None>
78.7869 	EXP 	New trial (rep=0, index=16): <Trial 16 (16 in rep 0) data={'Task': 'LDT', 'TrialType': 'Target', 'Stimuli': 'sale', 'StimulusType': 'word', 'CorrectResponse': 'l', 'Trialnumb': 93, 'thisN': 16, 'thisTrialN': 16, 'thisRepN': 0}>
78.7948 	EXP 	LDT_fix_text: autoDraw = False
78.7948 	EXP 	LDT_stim_text: autoDraw = False
78.7948 	EXP 	LDT_break_text: autoDraw = False
78.7948 	EXP 	LDT_stim_text: height = np.float64(0.1)
78.7948 	EXP 	LDT_stim_text: height = np.float64(0.1)
78.7948 	EXP 	LDT_stim_text: height = np.float64(0.1)
78.7948 	EXP 	LDT_stim_text: text = 'sale'
78.7948 	EXP 	LDT_fix_text: autoDraw = True
78.7953 	DATA 	Keypress: l
78.8785 	EXP 	Device response: <KeyPress from None: t=78.78620239999964, value=l, duration=0.08600560000013502>
79.2786 	EXP 	LDT_stim_text: autoDraw = True
79.2869 	EXP 	LDT_fix_text: autoDraw = False
79.8211 	EXP 	Device response: <KeyPress from None: t=79.81647429999975, value=l, duration=None>
79.8214 	EXP 	New trial (rep=0, index=17): <Trial 17 (17 in rep 0) data={'Task': 'LDT', 'TrialType': 'Target', 'Stimuli': 'left', 'StimulusType': 'word', 'CorrectResponse': 'l', 'Trialnumb': 27, 'thisN': 17, 'thisTrialN': 17, 'thisRepN': 0}>
79.8292 	EXP 	LDT_fix_text: autoDraw = False
79.8292 	EXP 	LDT_stim_text: autoDraw = False
79.8292 	EXP 	LDT_break_text: autoDraw = False
79.8292 	EXP 	LDT_stim_text: height = np.float64(0.1)
79.8292 	EXP 	LDT_stim_text: height = np.float64(0.1)
79.8292 	EXP 	LDT_stim_text: height = np.float64(0.1)
79.8292 	EXP 	LDT_stim_text: text = 'left'
79.8292 	EXP 	LDT_fix_text: autoDraw = True
79.8298 	DATA 	Keypress: l
79.9212 	EXP 	Device response: <KeyPress from None: t=79.81647429999975, value=l, duration=0.10422070000004169>
80.3129 	EXP 	LDT_stim_text: autoDraw = True
80.3213 	EXP 	LDT_fix_text: autoDraw = False
80.8137 	EXP 	Device response: <KeyPress from None: t=80.80887059999986, value=l, duration=None>
80.8140 	EXP 	New trial (rep=0, index=18): <Trial 18 (18 in rep 0) data={'Task': 'LDT', 'TrialType': 'Target', 'Stimuli': 'still', 'StimulusType': 'word', 'CorrectResponse': 'l', 'Trialnumb': 14, 'thisN': 18, 'thisTrialN': 18, 'thisRepN': 0}>
80.8219 	EXP 	LDT_fix_text: autoDraw = False
80.8219 	EXP 	LDT_stim_text: autoDraw = False
80.8219 	EXP 	LDT_break_text: autoDraw = False
80.8219 	EXP 	LDT_stim_text: height = np.float64(0.1)
80.8219 	EXP 	LDT_stim_text: height = np.float64(0.1)
80.8219 	EXP 	LDT_stim_text: height = np.float64(0.1)
80.8219 	EXP 	LDT_stim_text: text = 'still'
80.8219 	EXP 	LDT_fix_text: autoDraw = True
80.8225 	DATA 	Keypress: l
80.9138 	EXP 	Device response: <KeyPress from None: t=80.80887059999986, value=l, duration=0.10393489999978556>
81.3056 	EXP 	LDT_stim_text: autoDraw = True
81.3139 	EXP 	LDT_fix_text: autoDraw = False
81.8481 	EXP 	Device response: <KeyPress from None: t=81.84003499999972, value=l, duration=None>
81.8483 	EXP 	New trial (rep=0, index=19): <Trial 19 (19 in rep 0) data={'Task': 'LDT', 'TrialType': 'Target', 'Stimuli': 'coss', 'StimulusType': 'nonword', 'CorrectResponse': 'a', 'Trialnumb': 133, 'thisN': 19, 'thisTrialN': 19, 'thisRepN': 0}>
81.8563 	EXP 	LDT_fix_text: autoDraw = False
81.8563 	EXP 	LDT_stim_text: autoDraw = False
81.8563 	EXP 	LDT_break_text: autoDraw = False
81.8563 	EXP 	LDT_stim_text: height = np.float64(0.1)
81.8563 	EXP 	LDT_stim_text: height = np.float64(0.1)
81.8563 	EXP 	LDT_stim_text: height = np.float64(0.1)
81.8563 	EXP 	LDT_stim_text: text = 'coss'
81.8563 	EXP 	LDT_fix_text: autoDraw = True
81.8568 	DATA 	Keypress: l
81.9149 	EXP 	Device response: <KeyPress from None: t=81.84003499999972, value=l, duration=0.07239640000034342>
82.3400 	EXP 	LDT_stim_text: autoDraw = True
82.3483 	EXP 	LDT_fix_text: autoDraw = False
83.4415 	EXP 	Device response: <KeyPress from None: t=83.43298000000004, value=a, duration=None>
83.4417 	EXP 	New trial (rep=0, index=20): <Trial 20 (20 in rep 0) data={'Task': 'LDT', 'TrialType': 'Target', 'Stimuli': 'news', 'StimulusType': 'word', 'CorrectResponse': 'l', 'Trialnumb': 45, 'thisN': 20, 'thisTrialN': 20, 'thisRepN': 0}>
83.4430 	DATA 	Keypress: a
83.4494 	EXP 	LDT_fix_text: autoDraw = False
83.4494 	EXP 	LDT_stim_text: autoDraw = False
83.4494 	EXP 	LDT_break_text: autoDraw = False
83.4494 	EXP 	LDT_stim_text: height = np.float64(0.1)
83.4494 	EXP 	LDT_stim_text: height = np.float64(0.1)
83.4494 	EXP 	LDT_stim_text: height = np.float64(0.1)
83.4494 	EXP 	LDT_stim_text: text = 'news'
83.4494 	EXP 	LDT_fix_text: autoDraw = True
83.5331 	EXP 	Device response: <KeyPress from None: t=83.43298000000004, value=a, duration=0.09506469999996625>
83.9332 	EXP 	LDT_stim_text: autoDraw = True
83.9416 	EXP 	LDT_fix_text: autoDraw = False
84.7759 	EXP 	Device response: <KeyPress from None: t=84.76869899999974, value=l, duration=None>
84.7762 	EXP 	New trial (rep=0, index=21): <Trial 21 (21 in rep 0) data={'Task': 'LDT', 'TrialType': 'Target', 'Stimuli': 'daste', 'StimulusType': 'nonword', 'CorrectResponse': 'a', 'Trialnumb': 136, 'thisN': 21, 'thisTrialN': 21, 'thisRepN': 0}>
84.7841 	EXP 	LDT_fix_text: autoDraw = False
84.7841 	EXP 	LDT_stim_text: autoDraw = False
84.7841 	EXP 	LDT_break_text: autoDraw = False
84.7841 	EXP 	LDT_stim_text: height = np.float64(0.1)
84.7841 	EXP 	LDT_stim_text: height = np.float64(0.1)
84.7841 	EXP 	LDT_stim_text: height = np.float64(0.1)
84.7841 	EXP 	LDT_stim_text: text = 'daste'
84.7841 	EXP 	LDT_fix_text: autoDraw = True
84.7846 	DATA 	Keypress: l
84.8595 	EXP 	Device response: <KeyPress from None: t=84.76869899999974, value=l, duration=0.08886579999989408>
85.2679 	EXP 	LDT_stim_text: autoDraw = True
85.2762 	EXP 	LDT_fix_text: autoDraw = False
86.2108 	EXP 	Device response: <KeyPress from None: t=86.20924100000002, value=a, duration=None>
86.2110 	EXP 	New trial (rep=0, index=22): <Trial 22 (22 in rep 0) data={'Task': 'LDT', 'TrialType': 'Target', 'Stimuli': 'smat', 'StimulusType': 'nonword', 'CorrectResponse': 'a', 'Trialnumb': 195, 'thisN': 22, 'thisTrialN': 22, 'thisRepN': 0}>
86.2188 	EXP 	LDT_fix_text: autoDraw = False
86.2188 	EXP 	LDT_stim_text: autoDraw = False
86.2188 	EXP 	LDT_break_text: autoDraw = False
86.2188 	EXP 	LDT_stim_text: height = np.float64(0.1)
86.2188 	EXP 	LDT_stim_text: height = np.float64(0.1)
86.2188 	EXP 	LDT_stim_text: height = np.float64(0.1)
86.2188 	EXP 	LDT_stim_text: text = 'smat'
86.2188 	EXP 	LDT_fix_text: autoDraw = True
86.2194 	DATA 	Keypress: a
86.3609 	EXP 	Device response: <KeyPress from None: t=86.20924100000002, value=a, duration=0.14338679999991655>
86.7026 	EXP 	LDT_stim_text: autoDraw = True
86.7110 	EXP 	LDT_fix_text: autoDraw = False
87.4871 	EXP 	Device response: <KeyPress from None: t=87.48016009999992, value=a, duration=None>
87.4874 	EXP 	New trial (rep=0, index=23): <Trial 23 (23 in rep 0) data={'Task': 'LDT', 'TrialType': 'Target', 'Stimuli': 'borm', 'StimulusType': 'nonword', 'CorrectResponse': 'a', 'Trialnumb': 124, 'thisN': 23, 'thisTrialN': 23, 'thisRepN': 0}>
87.4952 	EXP 	LDT_fix_text: autoDraw = False
87.4952 	EXP 	LDT_stim_text: autoDraw = False
87.4952 	EXP 	LDT_break_text: autoDraw = False
87.4952 	EXP 	LDT_stim_text: height = np.float64(0.1)
87.4952 	EXP 	LDT_stim_text: height = np.float64(0.1)
87.4952 	EXP 	LDT_stim_text: height = np.float64(0.1)
87.4952 	EXP 	LDT_stim_text: text = 'borm'
87.4952 	EXP 	LDT_fix_text: autoDraw = True
87.4957 	DATA 	Keypress: a
87.5789 	EXP 	Device response: <KeyPress from None: t=87.48016009999992, value=a, duration=0.09686099999998987>
87.9789 	EXP 	LDT_stim_text: autoDraw = True
87.9872 	EXP 	LDT_fix_text: autoDraw = False
88.7549 	EXP 	Device response: <KeyPress from None: t=88.75269849999995, value=a, duration=None>
88.7552 	EXP 	New trial (rep=0, index=24): <Trial 24 (24 in rep 0) data={'Task': 'LDT', 'TrialType': 'Target', 'Stimuli': 'raise', 'StimulusType': 'word', 'CorrectResponse': 'l', 'Trialnumb': 73, 'thisN': 24, 'thisTrialN': 24, 'thisRepN': 0}>
88.7630 	EXP 	LDT_fix_text: autoDraw = False
88.7630 	EXP 	LDT_stim_text: autoDraw = False
88.7630 	EXP 	LDT_break_text: autoDraw = False
88.7630 	EXP 	LDT_stim_text: height = np.float64(0.1)
88.7630 	EXP 	LDT_stim_text: height = np.float64(0.1)
88.7630 	EXP 	LDT_stim_text: height = np.float64(0.1)
88.7630 	EXP 	LDT_stim_text: text = 'raise'
88.7630 	EXP 	LDT_fix_text: autoDraw = True
88.7635 	DATA 	Keypress: a
88.8467 	EXP 	Device response: <KeyPress from None: t=88.75269849999995, value=a, duration=0.08817969999972775>
89.2468 	EXP 	LDT_stim_text: autoDraw = True
89.2552 	EXP 	LDT_fix_text: autoDraw = False
91.3410 	EXP 	Device response: <KeyPress from None: t=91.33659910000006, value=l, duration=None>
91.3412 	EXP 	New trial (rep=0, index=25): <Trial 25 (25 in rep 0) data={'Task': 'LDT', 'TrialType': 'Target', 'Stimuli': 'sife', 'StimulusType': 'nonword', 'CorrectResponse': 'a', 'Trialnumb': 192, 'thisN': 25, 'thisTrialN': 25, 'thisRepN': 0}>
91.3489 	EXP 	LDT_fix_text: autoDraw = False
91.3489 	EXP 	LDT_stim_text: autoDraw = False
91.3489 	EXP 	LDT_break_text: autoDraw = False
91.3489 	EXP 	LDT_stim_text: height = np.float64(0.1)
91.3489 	EXP 	LDT_stim_text: height = np.float64(0.1)
91.3489 	EXP 	LDT_stim_text: height = np.float64(0.1)
91.3489 	EXP 	LDT_stim_text: text = 'sife'
91.3489 	EXP 	LDT_fix_text: autoDraw = True
91.3494 	DATA 	Keypress: l
91.4327 	EXP 	Device response: <KeyPress from None: t=91.33659910000006, value=l, duration=0.08835529999987557>
91.8328 	EXP 	LDT_stim_text: autoDraw = True
91.8411 	EXP 	LDT_fix_text: autoDraw = False
93.1344 	EXP 	Device response: <KeyPress from None: t=93.12846529999979, value=a, duration=None>
93.1347 	EXP 	New trial (rep=0, index=26): <Trial 26 (26 in rep 0) data={'Task': 'LDT', 'TrialType': 'Target', 'Stimuli': 'biss', 'StimulusType': 'nonword', 'CorrectResponse': 'a', 'Trialnumb': 123, 'thisN': 26, 'thisTrialN': 26, 'thisRepN': 0}>
93.1423 	EXP 	LDT_fix_text: autoDraw = False
93.1423 	EXP 	LDT_stim_text: autoDraw = False
93.1423 	EXP 	LDT_break_text: autoDraw = False
93.1423 	EXP 	LDT_stim_text: height = np.float64(0.1)
93.1423 	EXP 	LDT_stim_text: height = np.float64(0.1)
93.1423 	EXP 	LDT_stim_text: height = np.float64(0.1)
93.1423 	EXP 	LDT_stim_text: text = 'biss'
93.1423 	EXP 	LDT_fix_text: autoDraw = True
93.1429 	DATA 	Keypress: a
93.2178 	EXP 	Device response: <KeyPress from None: t=93.12846529999979, value=a, duration=0.08846429999994143>
93.6262 	EXP 	LDT_stim_text: autoDraw = True
93.6345 	EXP 	LDT_fix_text: autoDraw = False
94.4022 	EXP 	Device response: <KeyPress from None: t=94.40046009999969, value=a, duration=None>
94.4025 	EXP 	New trial (rep=0, index=27): <Trial 27 (27 in rep 0) data={'Task': 'LDT', 'TrialType': 'Target', 'Stimuli': 'job', 'StimulusType': 'word', 'CorrectResponse': 'l', 'Trialnumb': 26, 'thisN': 27, 'thisTrialN': 27, 'thisRepN': 0}>
94.4103 	EXP 	LDT_fix_text: autoDraw = False
94.4103 	EXP 	LDT_stim_text: autoDraw = False
94.4103 	EXP 	LDT_break_text: autoDraw = False
94.4103 	EXP 	LDT_stim_text: height = np.float64(0.1)
94.4103 	EXP 	LDT_stim_text: height = np.float64(0.1)
94.4103 	EXP 	LDT_stim_text: height = np.float64(0.1)
94.4103 	EXP 	LDT_stim_text: text = 'job'
94.4103 	EXP 	LDT_fix_text: autoDraw = True
94.4109 	DATA 	Keypress: a
94.5024 	EXP 	Device response: <KeyPress from None: t=94.40046009999969, value=a, duration=0.09647040000027118>
94.8941 	EXP 	LDT_stim_text: autoDraw = True
94.9026 	EXP 	LDT_fix_text: autoDraw = False
95.4283 	EXP 	Device response: <KeyPress from None: t=95.42423889999964, value=l, duration=None>
95.4285 	EXP 	New trial (rep=0, index=28): <Trial 28 (28 in rep 0) data={'Task': 'LDT', 'TrialType': 'Target', 'Stimuli': 'seon', 'StimulusType': 'nonword', 'CorrectResponse': 'a', 'Trialnumb': 189, 'thisN': 28, 'thisTrialN': 28, 'thisRepN': 0}>
95.4364 	EXP 	LDT_fix_text: autoDraw = False
95.4364 	EXP 	LDT_stim_text: autoDraw = False
95.4364 	EXP 	LDT_break_text: autoDraw = False
95.4364 	EXP 	LDT_stim_text: height = np.float64(0.1)
95.4364 	EXP 	LDT_stim_text: height = np.float64(0.1)
95.4364 	EXP 	LDT_stim_text: height = np.float64(0.1)
95.4364 	EXP 	LDT_stim_text: text = 'seon'
95.4364 	EXP 	LDT_fix_text: autoDraw = True
95.4369 	DATA 	Keypress: l
95.5200 	EXP 	Device response: <KeyPress from None: t=95.42423889999964, value=l, duration=0.08787040000015622>
95.9201 	EXP 	LDT_stim_text: autoDraw = True
95.9286 	EXP 	LDT_fix_text: autoDraw = False
96.8713 	EXP 	Device response: <KeyPress from None: t=96.86552630000006, value=a, duration=None>
96.8716 	EXP 	New trial (rep=0, index=29): <Trial 29 (29 in rep 0) data={'Task': 'LDT', 'TrialType': 'Target', 'Stimuli': 'werd', 'StimulusType': 'nonword', 'CorrectResponse': 'a', 'Trialnumb': 216, 'thisN': 29, 'thisTrialN': 29, 'thisRepN': 0}>
96.8795 	EXP 	LDT_fix_text: autoDraw = False
96.8795 	EXP 	LDT_stim_text: autoDraw = False
96.8795 	EXP 	LDT_break_text: autoDraw = False
96.8795 	EXP 	LDT_stim_text: height = np.float64(0.1)
96.8795 	EXP 	LDT_stim_text: height = np.float64(0.1)
96.8795 	EXP 	LDT_stim_text: height = np.float64(0.1)
96.8795 	EXP 	LDT_stim_text: text = 'werd'
96.8795 	EXP 	LDT_fix_text: autoDraw = True
96.8800 	DATA 	Keypress: a
96.9715 	EXP 	Device response: <KeyPress from None: t=96.86552630000006, value=a, duration=0.10291250000000218>
97.3632 	EXP 	LDT_stim_text: autoDraw = True
97.3716 	EXP 	LDT_fix_text: autoDraw = False
98.1476 	EXP 	Device response: <KeyPress from None: t=98.14552509999976, value=a, duration=None>
98.1479 	EXP 	New trial (rep=0, index=30): <Trial 30 (30 in rep 0) data={'Task': 'LDT', 'TrialType': 'Target', 'Stimuli': 'snan', 'StimulusType': 'nonword', 'CorrectResponse': 'a', 'Trialnumb': 196, 'thisN': 30, 'thisTrialN': 30, 'thisRepN': 0}>
98.1558 	EXP 	LDT_fix_text: autoDraw = False
98.1558 	EXP 	LDT_stim_text: autoDraw = False
98.1558 	EXP 	LDT_break_text: autoDraw = False
98.1558 	EXP 	LDT_stim_text: height = np.float64(0.1)
98.1558 	EXP 	LDT_stim_text: height = np.float64(0.1)
98.1558 	EXP 	LDT_stim_text: height = np.float64(0.1)
98.1558 	EXP 	LDT_stim_text: text = 'snan'
98.1558 	EXP 	LDT_fix_text: autoDraw = True
98.1562 	DATA 	Keypress: a
98.2477 	EXP 	Device response: <KeyPress from None: t=98.14552509999976, value=a, duration=0.09543400000029578>
98.6395 	EXP 	LDT_stim_text: autoDraw = True
98.6479 	EXP 	LDT_fix_text: autoDraw = False
99.7076 	EXP 	Device response: <KeyPress from None: t=99.70514400000002, value=a, duration=None>
99.7078 	EXP 	New trial (rep=0, index=31): <Trial 31 (31 in rep 0) data={'Task': 'LDT', 'TrialType': 'Target', 'Stimuli': 'berm', 'StimulusType': 'nonword', 'CorrectResponse': 'a', 'Trialnumb': 121, 'thisN': 31, 'thisTrialN': 31, 'thisRepN': 0}>
99.7157 	EXP 	LDT_fix_text: autoDraw = False
99.7157 	EXP 	LDT_stim_text: autoDraw = False
99.7157 	EXP 	LDT_break_text: autoDraw = False
99.7157 	EXP 	LDT_stim_text: height = np.float64(0.1)
99.7157 	EXP 	LDT_stim_text: height = np.float64(0.1)
99.7157 	EXP 	LDT_stim_text: height = np.float64(0.1)
99.7157 	EXP 	LDT_stim_text: text = 'berm'
99.7157 	EXP 	LDT_fix_text: autoDraw = True
99.7162 	DATA 	Keypress: a
99.8159 	EXP 	Device response: <KeyPress from None: t=99.70514400000002, value=a, duration=0.10293019999971875>
100.1994 	EXP 	LDT_stim_text: autoDraw = True
100.2077 	EXP 	LDT_fix_text: autoDraw = False
100.7920 	EXP 	Device response: <KeyPress from None: t=100.78451150000001, value=a, duration=None>
100.7922 	EXP 	New trial (rep=0, index=32): <Trial 32 (32 in rep 0) data={'Task': 'LDT', 'TrialType': 'Target', 'Stimuli': 'ill', 'StimulusType': 'word', 'CorrectResponse': 'l', 'Trialnumb': 97, 'thisN': 32, 'thisTrialN': 32, 'thisRepN': 0}>
100.8000 	EXP 	LDT_fix_text: autoDraw = False
100.8000 	EXP 	LDT_stim_text: autoDraw = False
100.8000 	EXP 	LDT_break_text: autoDraw = False
100.8000 	EXP 	LDT_stim_text: height = np.float64(0.1)
100.8000 	EXP 	LDT_stim_text: height = np.float64(0.1)
100.8000 	EXP 	LDT_stim_text: height = np.float64(0.1)
100.8000 	EXP 	LDT_stim_text: text = 'ill'
100.8000 	EXP 	LDT_fix_text: autoDraw = True
100.8005 	DATA 	Keypress: a
100.9005 	EXP 	Device response: <KeyPress from None: t=100.78451150000001, value=a, duration=0.11193589999993492>
101.2838 	EXP 	LDT_stim_text: autoDraw = True
101.2921 	EXP 	LDT_fix_text: autoDraw = False
101.9848 	EXP 	Device response: <KeyPress from None: t=101.98426579999978, value=l, duration=None>
101.9851 	EXP 	New trial (rep=0, index=33): <Trial 33 (33 in rep 0) data={'Task': 'LDT', 'TrialType': 'Target', 'Stimuli': 'full', 'StimulusType': 'word', 'CorrectResponse': 'l', 'Trialnumb': 43, 'thisN': 33, 'thisTrialN': 33, 'thisRepN': 0}>
101.9928 	EXP 	LDT_fix_text: autoDraw = False
101.9928 	EXP 	LDT_stim_text: autoDraw = False
101.9928 	EXP 	LDT_break_text: autoDraw = False
101.9928 	EXP 	LDT_stim_text: height = np.float64(0.1)
101.9928 	EXP 	LDT_stim_text: height = np.float64(0.1)
101.9928 	EXP 	LDT_stim_text: height = np.float64(0.1)
101.9928 	EXP 	LDT_stim_text: text = 'full'
101.9928 	EXP 	LDT_fix_text: autoDraw = True
101.9933 	DATA 	Keypress: l
102.0933 	EXP 	Device response: <KeyPress from None: t=101.98426579999978, value=l, duration=0.10378429999991567>
102.4766 	EXP 	LDT_stim_text: autoDraw = True
102.4850 	EXP 	LDT_fix_text: autoDraw = False
102.9859 	EXP 	Device response: <KeyPress from None: t=102.98444189999964, value=l, duration=None>
102.9861 	EXP 	New trial (rep=0, index=34): <Trial 34 (34 in rep 0) data={'Task': 'LDT', 'TrialType': 'Target', 'Stimuli': 'anto', 'StimulusType': 'nonword', 'CorrectResponse': 'a', 'Trialnumb': 117, 'thisN': 34, 'thisTrialN': 34, 'thisRepN': 0}>
102.9938 	EXP 	LDT_fix_text: autoDraw = False
102.9938 	EXP 	LDT_stim_text: autoDraw = False
102.9938 	EXP 	LDT_break_text: autoDraw = False
102.9938 	EXP 	LDT_stim_text: height = np.float64(0.1)
102.9938 	EXP 	LDT_stim_text: height = np.float64(0.1)
102.9938 	EXP 	LDT_stim_text: height = np.float64(0.1)
102.9938 	EXP 	LDT_stim_text: text = 'anto'
102.9938 	EXP 	LDT_fix_text: autoDraw = True
102.9944 	DATA 	Keypress: l
103.0942 	EXP 	Device response: <KeyPress from None: t=102.98444189999964, value=l, duration=0.10433650000004491>
103.4776 	EXP 	LDT_stim_text: autoDraw = True
103.4860 	EXP 	LDT_fix_text: autoDraw = False
104.1870 	EXP 	Device response: <KeyPress from None: t=104.18507379999983, value=a, duration=None>
104.1873 	EXP 	New trial (rep=0, index=35): <Trial 35 (35 in rep 0) data={'Task': 'LDT', 'TrialType': 'Target', 'Stimuli': 'end', 'StimulusType': 'word', 'CorrectResponse': 'l', 'Trialnumb': 33, 'thisN': 35, 'thisTrialN': 35, 'thisRepN': 0}>
104.1951 	EXP 	LDT_fix_text: autoDraw = False
104.1951 	EXP 	LDT_stim_text: autoDraw = False
104.1951 	EXP 	LDT_break_text: autoDraw = False
104.1951 	EXP 	LDT_stim_text: height = np.float64(0.1)
104.1951 	EXP 	LDT_stim_text: height = np.float64(0.1)
104.1951 	EXP 	LDT_stim_text: height = np.float64(0.1)
104.1951 	EXP 	LDT_stim_text: text = 'end'
104.1951 	EXP 	LDT_fix_text: autoDraw = True
104.1956 	DATA 	Keypress: a
104.2871 	EXP 	Device response: <KeyPress from None: t=104.18507379999983, value=a, duration=0.09516020000000935>
104.6788 	EXP 	LDT_stim_text: autoDraw = True
104.6873 	EXP 	LDT_fix_text: autoDraw = False
105.4383 	EXP 	Device response: <KeyPress from None: t=105.43295050000006, value=l, duration=None>
105.4385 	EXP 	New trial (rep=0, index=36): <Trial 36 (36 in rep 0) data={'Task': 'LDT', 'TrialType': 'Target', 'Stimuli': 'sloy', 'StimulusType': 'nonword', 'CorrectResponse': 'a', 'Trialnumb': 194, 'thisN': 36, 'thisTrialN': 36, 'thisRepN': 0}>
105.4463 	EXP 	LDT_fix_text: autoDraw = False
105.4463 	EXP 	LDT_stim_text: autoDraw = False
105.4463 	EXP 	LDT_break_text: autoDraw = False
105.4463 	EXP 	LDT_stim_text: height = np.float64(0.1)
105.4463 	EXP 	LDT_stim_text: height = np.float64(0.1)
105.4463 	EXP 	LDT_stim_text: height = np.float64(0.1)
105.4463 	EXP 	LDT_stim_text: text = 'sloy'
105.4463 	EXP 	LDT_fix_text: autoDraw = True
105.4468 	DATA 	Keypress: l
105.5551 	EXP 	Device response: <KeyPress from None: t=105.43295050000006, value=l, duration=0.12003399999957765>
105.9301 	EXP 	LDT_stim_text: autoDraw = True
105.9384 	EXP 	LDT_fix_text: autoDraw = False
109.5006 	EXP 	Device response: <KeyPress from None: t=109.49638039999991, value=a, duration=None>
109.5009 	EXP 	New trial (rep=0, index=37): <Trial 37 (37 in rep 0) data={'Task': 'LDT', 'TrialType': 'Target', 'Stimuli': 'large', 'StimulusType': 'word', 'CorrectResponse': 'l', 'Trialnumb': 29, 'thisN': 37, 'thisTrialN': 37, 'thisRepN': 0}>
109.5087 	EXP 	LDT_fix_text: autoDraw = False
109.5087 	EXP 	LDT_stim_text: autoDraw = False
109.5087 	EXP 	LDT_break_text: autoDraw = False
109.5087 	EXP 	LDT_stim_text: height = np.float64(0.1)
109.5087 	EXP 	LDT_stim_text: height = np.float64(0.1)
109.5087 	EXP 	LDT_stim_text: height = np.float64(0.1)
109.5087 	EXP 	LDT_stim_text: text = 'large'
109.5087 	EXP 	LDT_fix_text: autoDraw = True
109.5093 	DATA 	Keypress: a
109.6092 	EXP 	Device response: <KeyPress from None: t=109.49638039999991, value=a, duration=0.11254670000016631>
109.9925 	EXP 	LDT_stim_text: autoDraw = True
110.0008 	EXP 	LDT_fix_text: autoDraw = False
110.5934 	EXP 	Device response: <KeyPress from None: t=110.59239359999992, value=l, duration=None>
110.5937 	EXP 	New trial (rep=0, index=38): <Trial 38 (38 in rep 0) data={'Task': 'LDT', 'TrialType': 'Target', 'Stimuli': 'tight', 'StimulusType': 'word', 'CorrectResponse': 'l', 'Trialnumb': 74, 'thisN': 38, 'thisTrialN': 38, 'thisRepN': 0}>
110.6014 	EXP 	LDT_fix_text: autoDraw = False
110.6014 	EXP 	LDT_stim_text: autoDraw = False
110.6014 	EXP 	LDT_break_text: autoDraw = False
110.6014 	EXP 	LDT_stim_text: height = np.float64(0.1)
110.6014 	EXP 	LDT_stim_text: height = np.float64(0.1)
110.6014 	EXP 	LDT_stim_text: height = np.float64(0.1)
110.6014 	EXP 	LDT_stim_text: text = 'tight'
110.6014 	EXP 	LDT_fix_text: autoDraw = True
110.6019 	DATA 	Keypress: l
110.6935 	EXP 	Device response: <KeyPress from None: t=110.59239359999992, value=l, duration=0.09661800000003495>
111.0853 	EXP 	LDT_stim_text: autoDraw = True
111.0936 	EXP 	LDT_fix_text: autoDraw = False
111.7530 	EXP 	Device response: <KeyPress from None: t=111.75249170000006, value=l, duration=None>
111.7532 	EXP 	New trial (rep=0, index=39): <Trial 39 (39 in rep 0) data={'Task': 'LDT', 'TrialType': 'Target', 'Stimuli': 'lay', 'StimulusType': 'word', 'CorrectResponse': 'l', 'Trialnumb': 71, 'thisN': 39, 'thisTrialN': 39, 'thisRepN': 0}>
111.7609 	EXP 	LDT_fix_text: autoDraw = False
111.7609 	EXP 	LDT_stim_text: autoDraw = False
111.7609 	EXP 	LDT_break_text: autoDraw = False
111.7609 	EXP 	LDT_stim_text: height = np.float64(0.1)
111.7609 	EXP 	LDT_stim_text: height = np.float64(0.1)
111.7609 	EXP 	LDT_stim_text: height = np.float64(0.1)
111.7609 	EXP 	LDT_stim_text: text = 'lay'
111.7609 	EXP 	LDT_fix_text: autoDraw = True
111.7614 	DATA 	Keypress: l
111.8865 	EXP 	Device response: <KeyPress from None: t=111.75249170000006, value=l, duration=0.12861339999972188>
112.2447 	EXP 	LDT_stim_text: autoDraw = True
112.2530 	EXP 	LDT_fix_text: autoDraw = False
112.9375 	EXP 	Device response: <KeyPress from None: t=112.9369784999999, value=l, duration=None>
112.9377 	EXP 	New trial (rep=0, index=40): <Trial 40 (40 in rep 0) data={'Task': 'LDT', 'TrialType': 'Target', 'Stimuli': 'drove', 'StimulusType': 'word', 'CorrectResponse': 'l', 'Trialnumb': 90, 'thisN': 40, 'thisTrialN': 40, 'thisRepN': 0}>
112.9455 	EXP 	LDT_fix_text: autoDraw = False
112.9455 	EXP 	LDT_stim_text: autoDraw = False
112.9455 	EXP 	LDT_break_text: autoDraw = False
112.9455 	EXP 	LDT_stim_text: height = np.float64(0.1)
112.9455 	EXP 	LDT_stim_text: height = np.float64(0.1)
112.9455 	EXP 	LDT_stim_text: height = np.float64(0.1)
112.9455 	EXP 	LDT_stim_text: text = 'drove'
112.9455 	EXP 	LDT_fix_text: autoDraw = True
112.9461 	DATA 	Keypress: l
113.0624 	EXP 	Device response: <KeyPress from None: t=112.9369784999999, value=l, duration=0.11916470000005575>
113.4292 	EXP 	LDT_stim_text: autoDraw = True
113.4376 	EXP 	LDT_fix_text: autoDraw = False
117.3834 	EXP 	Device response: <KeyPress from None: t=117.37626789999968, value=a, duration=None>
117.3836 	EXP 	New trial (rep=0, index=41): <Trial 41 (41 in rep 0) data={'Task': 'LDT', 'TrialType': 'Target', 'Stimuli': 'neep', 'StimulusType': 'nonword', 'CorrectResponse': 'a', 'Trialnumb': 176, 'thisN': 41, 'thisTrialN': 41, 'thisRepN': 0}>
117.3916 	EXP 	LDT_fix_text: autoDraw = False
117.3916 	EXP 	LDT_stim_text: autoDraw = False
117.3916 	EXP 	LDT_break_text: autoDraw = False
117.3916 	EXP 	LDT_stim_text: height = np.float64(0.1)
117.3916 	EXP 	LDT_stim_text: height = np.float64(0.1)
117.3916 	EXP 	LDT_stim_text: height = np.float64(0.1)
117.3916 	EXP 	LDT_stim_text: text = 'neep'
117.3916 	EXP 	LDT_fix_text: autoDraw = True
117.3921 	DATA 	Keypress: a
117.4835 	EXP 	Device response: <KeyPress from None: t=117.37626789999968, value=a, duration=0.10424030000012863>
117.8753 	EXP 	LDT_stim_text: autoDraw = True
117.8837 	EXP 	LDT_fix_text: autoDraw = False
118.8099 	EXP 	Device response: <KeyPress from None: t=118.80879849999974, value=a, duration=None>
118.8101 	EXP 	New trial (rep=0, index=42): <Trial 42 (42 in rep 0) data={'Task': 'LDT', 'TrialType': 'Target', 'Stimuli': 'vead', 'StimulusType': 'nonword', 'CorrectResponse': 'a', 'Trialnumb': 210, 'thisN': 42, 'thisTrialN': 42, 'thisRepN': 0}>
118.8179 	EXP 	LDT_fix_text: autoDraw = False
118.8179 	EXP 	LDT_stim_text: autoDraw = False
118.8179 	EXP 	LDT_break_text: autoDraw = False
118.8179 	EXP 	LDT_stim_text: height = np.float64(0.1)
118.8179 	EXP 	LDT_stim_text: height = np.float64(0.1)
118.8179 	EXP 	LDT_stim_text: height = np.float64(0.1)
118.8179 	EXP 	LDT_stim_text: text = 'vead'
118.8179 	EXP 	LDT_fix_text: autoDraw = True
118.8185 	DATA 	Keypress: a
118.9350 	EXP 	Device response: <KeyPress from None: t=118.80879849999974, value=a, duration=0.11979930000006789>
119.3017 	EXP 	LDT_stim_text: autoDraw = True
119.3101 	EXP 	LDT_fix_text: autoDraw = False
120.0027 	EXP 	Device response: <KeyPress from None: t=120.00088049999977, value=a, duration=None>
120.0029 	EXP 	New trial (rep=0, index=43): <Trial 43 (43 in rep 0) data={'Task': 'LDT', 'TrialType': 'Target', 'Stimuli': 'hold', 'StimulusType': 'word', 'CorrectResponse': 'l', 'Trialnumb': 54, 'thisN': 43, 'thisTrialN': 43, 'thisRepN': 0}>
120.0108 	EXP 	LDT_fix_text: autoDraw = False
120.0108 	EXP 	LDT_stim_text: autoDraw = False
120.0108 	EXP 	LDT_break_text: autoDraw = False
120.0108 	EXP 	LDT_stim_text: height = np.float64(0.1)
120.0108 	EXP 	LDT_stim_text: height = np.float64(0.1)
120.0108 	EXP 	LDT_stim_text: height = np.float64(0.1)
120.0108 	EXP 	LDT_stim_text: text = 'hold'
120.0108 	EXP 	LDT_fix_text: autoDraw = True
120.0113 	DATA 	Keypress: a
120.1278 	EXP 	Device response: <KeyPress from None: t=120.00088049999977, value=a, duration=0.11968060000026526>
120.4946 	EXP 	LDT_stim_text: autoDraw = True
120.5029 	EXP 	LDT_fix_text: autoDraw = False
121.2540 	EXP 	Device response: <KeyPress from None: t=121.24883779999982, value=l, duration=None>
121.2542 	EXP 	New trial (rep=0, index=44): <Trial 44 (44 in rep 0) data={'Task': 'LDT', 'TrialType': 'Target', 'Stimuli': 'trag', 'StimulusType': 'nonword', 'CorrectResponse': 'a', 'Trialnumb': 205, 'thisN': 44, 'thisTrialN': 44, 'thisRepN': 0}>
121.2621 	EXP 	LDT_fix_text: autoDraw = False
121.2621 	EXP 	LDT_stim_text: autoDraw = False
121.2621 	EXP 	LDT_break_text: autoDraw = False
121.2621 	EXP 	LDT_stim_text: height = np.float64(0.1)
121.2621 	EXP 	LDT_stim_text: height = np.float64(0.1)
121.2621 	EXP 	LDT_stim_text: height = np.float64(0.1)
121.2621 	EXP 	LDT_stim_text: text = 'trag'
121.2621 	EXP 	LDT_fix_text: autoDraw = True
121.2626 	DATA 	Keypress: l
121.3291 	EXP 	Device response: <KeyPress from None: t=121.24883779999982, value=l, duration=0.07973720000018147>
121.7458 	EXP 	LDT_stim_text: autoDraw = True
121.7542 	EXP 	LDT_fix_text: autoDraw = False
122.5887 	EXP 	Device response: <KeyPress from None: t=122.58527159999994, value=a, duration=None>
122.5889 	EXP 	New trial (rep=0, index=45): <Trial 45 (45 in rep 0) data={'Task': 'LDT', 'TrialType': 'Target', 'Stimuli': 'slim', 'StimulusType': 'word', 'CorrectResponse': 'l', 'Trialnumb': 111, 'thisN': 45, 'thisTrialN': 45, 'thisRepN': 0}>
122.5967 	EXP 	LDT_fix_text: autoDraw = False
122.5967 	EXP 	LDT_stim_text: autoDraw = False
122.5967 	EXP 	LDT_break_text: autoDraw = False
122.5967 	EXP 	LDT_stim_text: height = np.float64(0.1)
122.5967 	EXP 	LDT_stim_text: height = np.float64(0.1)
122.5967 	EXP 	LDT_stim_text: height = np.float64(0.1)
122.5967 	EXP 	LDT_stim_text: text = 'slim'
122.5967 	EXP 	LDT_fix_text: autoDraw = True
122.5972 	DATA 	Keypress: a
122.6970 	EXP 	Device response: <KeyPress from None: t=122.58527159999994, value=a, duration=0.10332059999973353>
123.0805 	EXP 	LDT_stim_text: autoDraw = True
123.0888 	EXP 	LDT_fix_text: autoDraw = False
124.3404 	EXP 	Device response: <KeyPress from None: t=124.33704880000005, value=l, duration=None>
124.3406 	EXP 	New trial (rep=0, index=46): <Trial 46 (46 in rep 0) data={'Task': 'LDT', 'TrialType': 'Target', 'Stimuli': 'pair', 'StimulusType': 'word', 'CorrectResponse': 'l', 'Trialnumb': 81, 'thisN': 46, 'thisTrialN': 46, 'thisRepN': 0}>
124.3484 	EXP 	LDT_fix_text: autoDraw = False
124.3484 	EXP 	LDT_stim_text: autoDraw = False
124.3484 	EXP 	LDT_break_text: autoDraw = False
124.3484 	EXP 	LDT_stim_text: height = np.float64(0.1)
124.3484 	EXP 	LDT_stim_text: height = np.float64(0.1)
124.3484 	EXP 	LDT_stim_text: height = np.float64(0.1)
124.3484 	EXP 	LDT_stim_text: text = 'pair'
124.3484 	EXP 	LDT_fix_text: autoDraw = True
124.3489 	DATA 	Keypress: l
124.4572 	EXP 	Device response: <KeyPress from None: t=124.33704880000005, value=l, duration=0.11274729999968258>
124.8322 	EXP 	LDT_stim_text: autoDraw = True
124.8406 	EXP 	LDT_fix_text: autoDraw = False
126.4258 	EXP 	Device response: <KeyPress from None: t=126.4245547999999, value=l, duration=None>
126.4260 	EXP 	New trial (rep=0, index=47): <Trial 47 (47 in rep 0) data={'Task': 'LDT', 'TrialType': 'Target', 'Stimuli': 'mears', 'StimulusType': 'nonword', 'CorrectResponse': 'a', 'Trialnumb': 172, 'thisN': 47, 'thisTrialN': 47, 'thisRepN': 0}>
126.4338 	EXP 	LDT_fix_text: autoDraw = False
126.4338 	EXP 	LDT_stim_text: autoDraw = False
126.4338 	EXP 	LDT_break_text: autoDraw = False
126.4338 	EXP 	LDT_stim_text: height = np.float64(0.1)
126.4338 	EXP 	LDT_stim_text: height = np.float64(0.1)
126.4338 	EXP 	LDT_stim_text: height = np.float64(0.1)
126.4338 	EXP 	LDT_stim_text: text = 'mears'
126.4338 	EXP 	LDT_fix_text: autoDraw = True
126.4343 	DATA 	Keypress: l
126.5342 	EXP 	Device response: <KeyPress from None: t=126.4245547999999, value=l, duration=0.10384449999992285>
126.9176 	EXP 	LDT_stim_text: autoDraw = True
126.9260 	EXP 	LDT_fix_text: autoDraw = False
129.9376 	EXP 	Device response: <KeyPress from None: t=129.93639239999993, value=l, duration=None>
129.9378 	EXP 	New trial (rep=0, index=48): <Trial 48 (48 in rep 0) data={'Task': 'LDT', 'TrialType': 'Target', 'Stimuli': 'ranny', 'StimulusType': 'nonword', 'CorrectResponse': 'a', 'Trialnumb': 114, 'thisN': 48, 'thisTrialN': 48, 'thisRepN': 0}>
129.9457 	EXP 	LDT_fix_text: autoDraw = False
129.9457 	EXP 	LDT_stim_text: autoDraw = False
129.9457 	EXP 	LDT_break_text: autoDraw = False
129.9457 	EXP 	LDT_stim_text: height = np.float64(0.1)
129.9457 	EXP 	LDT_stim_text: height = np.float64(0.1)
129.9457 	EXP 	LDT_stim_text: height = np.float64(0.1)
129.9457 	EXP 	LDT_stim_text: text = 'ranny'
129.9457 	EXP 	LDT_fix_text: autoDraw = True
129.9462 	DATA 	Keypress: l
130.0377 	EXP 	Device response: <KeyPress from None: t=129.93639239999993, value=l, duration=0.09602659999973184>
130.4295 	EXP 	LDT_stim_text: autoDraw = True
130.4378 	EXP 	LDT_fix_text: autoDraw = False
132.2232 	EXP 	Device response: <KeyPress from None: t=132.2169074999997, value=a, duration=None>
132.2235 	EXP 	New trial (rep=0, index=49): <Trial 49 (49 in rep 0) data={'Task': 'LDT', 'TrialType': 'Target', 'Stimuli': 'stort', 'StimulusType': 'nonword', 'CorrectResponse': 'a', 'Trialnumb': 201, 'thisN': 49, 'thisTrialN': 49, 'thisRepN': 0}>
132.2312 	EXP 	LDT_fix_text: autoDraw = False
132.2312 	EXP 	LDT_stim_text: autoDraw = False
132.2312 	EXP 	LDT_break_text: autoDraw = False
132.2312 	EXP 	LDT_stim_text: height = np.float64(0.1)
132.2312 	EXP 	LDT_stim_text: height = np.float64(0.1)
132.2312 	EXP 	LDT_stim_text: height = np.float64(0.1)
132.2312 	EXP 	LDT_stim_text: text = 'stort'
132.2312 	EXP 	LDT_fix_text: autoDraw = True
132.2317 	DATA 	Keypress: a
132.3316 	EXP 	Device response: <KeyPress from None: t=132.2169074999997, value=a, duration=0.11287650000031135>
132.7151 	EXP 	LDT_stim_text: autoDraw = True
132.7234 	EXP 	LDT_fix_text: autoDraw = False
134.8842 	EXP 	Device response: <KeyPress from None: t=134.88177169999972, value=a, duration=None>
134.8844 	EXP 	New trial (rep=0, index=50): <Trial 50 (50 in rep 0) data={'Task': 'LDT', 'TrialType': 'Target', 'Stimuli': 'grew', 'StimulusType': 'word', 'CorrectResponse': 'l', 'Trialnumb': 89, 'thisN': 50, 'thisTrialN': 50, 'thisRepN': 0}>
134.8922 	EXP 	LDT_fix_text: autoDraw = False
134.8922 	EXP 	LDT_stim_text: autoDraw = False
134.8922 	EXP 	LDT_break_text: autoDraw = False
134.8922 	EXP 	LDT_stim_text: height = np.float64(0.1)
134.8922 	EXP 	LDT_stim_text: height = np.float64(0.1)
134.8922 	EXP 	LDT_stim_text: height = np.float64(0.1)
134.8922 	EXP 	LDT_stim_text: text = 'grew'
134.8922 	EXP 	LDT_fix_text: autoDraw = True
134.8928 	DATA 	Keypress: a
135.0010 	EXP 	Device response: <KeyPress from None: t=134.88177169999972, value=a, duration=0.11835130000008576>
135.3760 	EXP 	LDT_stim_text: autoDraw = True
135.3844 	EXP 	LDT_fix_text: autoDraw = False
136.0022 	EXP 	Device response: <KeyPress from None: t=136.0019159999997, value=l, duration=None>
136.0106 	EXP 	New trial (rep=0, index=51): <Trial 51 (51 in rep 0) data={'Task': 'LDT', 'TrialType': 'Target', 'Stimuli': 'tuke', 'StimulusType': 'nonword', 'CorrectResponse': 'a', 'Trialnumb': 208, 'thisN': 51, 'thisTrialN': 51, 'thisRepN': 0}>
136.0119 	DATA 	Keypress: l
136.0183 	EXP 	LDT_fix_text: autoDraw = False
136.0183 	EXP 	LDT_stim_text: autoDraw = False
136.0183 	EXP 	LDT_break_text: autoDraw = False
136.0183 	EXP 	LDT_stim_text: height = np.float64(0.1)
136.0183 	EXP 	LDT_stim_text: height = np.float64(0.1)
136.0183 	EXP 	LDT_stim_text: height = np.float64(0.1)
136.0183 	EXP 	LDT_stim_text: text = 'tuke'
136.0183 	EXP 	LDT_fix_text: autoDraw = True
136.1188 	EXP 	Device response: <KeyPress from None: t=136.0019159999997, value=l, duration=0.11143900000024587>
136.5022 	EXP 	LDT_stim_text: autoDraw = True
136.5105 	EXP 	LDT_fix_text: autoDraw = False
138.3793 	EXP 	Device response: <KeyPress from None: t=138.37607549999984, value=a, duration=None>
138.3796 	EXP 	New trial (rep=0, index=52): <Trial 52 (52 in rep 0) data={'Task': 'LDT', 'TrialType': 'Target', 'Stimuli': 'jeed', 'StimulusType': 'nonword', 'CorrectResponse': 'a', 'Trialnumb': 158, 'thisN': 52, 'thisTrialN': 52, 'thisRepN': 0}>
138.3874 	EXP 	LDT_fix_text: autoDraw = False
138.3874 	EXP 	LDT_stim_text: autoDraw = False
138.3874 	EXP 	LDT_break_text: autoDraw = False
138.3874 	EXP 	LDT_stim_text: height = np.float64(0.1)
138.3874 	EXP 	LDT_stim_text: height = np.float64(0.1)
138.3874 	EXP 	LDT_stim_text: height = np.float64(0.1)
138.3874 	EXP 	LDT_stim_text: text = 'jeed'
138.3874 	EXP 	LDT_fix_text: autoDraw = True
138.3879 	DATA 	Keypress: a
138.5046 	EXP 	Device response: <KeyPress from None: t=138.37607549999984, value=a, duration=0.12819889999991574>
138.8713 	EXP 	LDT_stim_text: autoDraw = True
138.8795 	EXP 	LDT_fix_text: autoDraw = False
139.6305 	EXP 	Device response: <KeyPress from None: t=139.624186, value=a, duration=None>
139.6308 	EXP 	New trial (rep=0, index=53): <Trial 53 (53 in rep 0) data={'Task': 'LDT', 'TrialType': 'Target', 'Stimuli': 'sharp', 'StimulusType': 'word', 'CorrectResponse': 'l', 'Trialnumb': 94, 'thisN': 53, 'thisTrialN': 53, 'thisRepN': 0}>
139.6386 	EXP 	LDT_fix_text: autoDraw = False
139.6386 	EXP 	LDT_stim_text: autoDraw = False
139.6386 	EXP 	LDT_break_text: autoDraw = False
139.6386 	EXP 	LDT_stim_text: height = np.float64(0.1)
139.6386 	EXP 	LDT_stim_text: height = np.float64(0.1)
139.6386 	EXP 	LDT_stim_text: height = np.float64(0.1)
139.6386 	EXP 	LDT_stim_text: text = 'sharp'
139.6386 	EXP 	LDT_fix_text: autoDraw = True
139.6391 	DATA 	Keypress: a
139.7474 	EXP 	Device response: <KeyPress from None: t=139.624186, value=a, duration=0.1217504999999619>
140.1224 	EXP 	LDT_stim_text: autoDraw = True
140.1308 	EXP 	LDT_fix_text: autoDraw = False
140.7734 	EXP 	Device response: <KeyPress from None: t=140.76857249999966, value=l, duration=None>
140.7737 	EXP 	New trial (rep=0, index=54): <Trial 54 (54 in rep 0) data={'Task': 'LDT', 'TrialType': 'Target', 'Stimuli': 'vome', 'StimulusType': 'nonword', 'CorrectResponse': 'a', 'Trialnumb': 213, 'thisN': 54, 'thisTrialN': 54, 'thisRepN': 0}>
140.7814 	EXP 	LDT_fix_text: autoDraw = False
140.7814 	EXP 	LDT_stim_text: autoDraw = False
140.7814 	EXP 	LDT_break_text: autoDraw = False
140.7814 	EXP 	LDT_stim_text: height = np.float64(0.1)
140.7814 	EXP 	LDT_stim_text: height = np.float64(0.1)
140.7814 	EXP 	LDT_stim_text: height = np.float64(0.1)
140.7814 	EXP 	LDT_stim_text: text = 'vome'
140.7814 	EXP 	LDT_fix_text: autoDraw = True
140.7820 	DATA 	Keypress: l
140.8651 	EXP 	Device response: <KeyPress from None: t=140.76857249999966, value=l, duration=0.08820030000015322>
141.2652 	EXP 	LDT_stim_text: autoDraw = True
141.2736 	EXP 	LDT_fix_text: autoDraw = False
141.9996 	EXP 	Device response: <KeyPress from None: t=141.99230999999963, value=a, duration=None>
141.9998 	EXP 	New trial (rep=0, index=55): <Trial 55 (55 in rep 0) data={'Task': 'LDT', 'TrialType': 'Target', 'Stimuli': 'unit', 'StimulusType': 'word', 'CorrectResponse': 'l', 'Trialnumb': 82, 'thisN': 55, 'thisTrialN': 55, 'thisRepN': 0}>
142.0077 	EXP 	LDT_fix_text: autoDraw = False
142.0077 	EXP 	LDT_stim_text: autoDraw = False
142.0077 	EXP 	LDT_break_text: autoDraw = False
142.0077 	EXP 	LDT_stim_text: height = np.float64(0.1)
142.0077 	EXP 	LDT_stim_text: height = np.float64(0.1)
142.0077 	EXP 	LDT_stim_text: height = np.float64(0.1)
142.0077 	EXP 	LDT_stim_text: text = 'unit'
142.0077 	EXP 	LDT_fix_text: autoDraw = True
142.0084 	DATA 	Keypress: a
142.1582 	EXP 	Device response: <KeyPress from None: t=141.99230999999963, value=a, duration=0.16015630000038072>
142.4915 	EXP 	LDT_stim_text: autoDraw = True
142.4998 	EXP 	LDT_fix_text: autoDraw = False
143.0674 	EXP 	Device response: <KeyPress from None: t=143.0655701999999, value=l, duration=None>
143.0676 	EXP 	New trial (rep=0, index=56): <Trial 56 (56 in rep 0) data={'Task': 'LDT', 'TrialType': 'Target', 'Stimuli': 'pulk', 'StimulusType': 'nonword', 'CorrectResponse': 'a', 'Trialnumb': 183, 'thisN': 56, 'thisTrialN': 56, 'thisRepN': 0}>
143.0754 	EXP 	LDT_fix_text: autoDraw = False
143.0754 	EXP 	LDT_stim_text: autoDraw = False
143.0754 	EXP 	LDT_break_text: autoDraw = False
143.0754 	EXP 	LDT_stim_text: height = np.float64(0.1)
143.0754 	EXP 	LDT_stim_text: height = np.float64(0.1)
143.0754 	EXP 	LDT_stim_text: height = np.float64(0.1)
143.0754 	EXP 	LDT_stim_text: text = 'pulk'
143.0754 	EXP 	LDT_fix_text: autoDraw = True
143.0759 	DATA 	Keypress: l
143.1757 	EXP 	Device response: <KeyPress from None: t=143.0655701999999, value=l, duration=0.10263069999973595>
143.5592 	EXP 	LDT_stim_text: autoDraw = True
143.5675 	EXP 	LDT_fix_text: autoDraw = False
144.2936 	EXP 	Device response: <KeyPress from None: t=144.28877029999967, value=a, duration=None>
144.2938 	EXP 	New trial (rep=0, index=57): <Trial 57 (57 in rep 0) data={'Task': 'LDT', 'TrialType': 'Target', 'Stimuli': 'yast', 'StimulusType': 'nonword', 'CorrectResponse': 'a', 'Trialnumb': 218, 'thisN': 57, 'thisTrialN': 57, 'thisRepN': 0}>
144.3017 	EXP 	LDT_fix_text: autoDraw = False
144.3017 	EXP 	LDT_stim_text: autoDraw = False
144.3017 	EXP 	LDT_break_text: autoDraw = False
144.3017 	EXP 	LDT_stim_text: height = np.float64(0.1)
144.3017 	EXP 	LDT_stim_text: height = np.float64(0.1)
144.3017 	EXP 	LDT_stim_text: height = np.float64(0.1)
144.3017 	EXP 	LDT_stim_text: text = 'yast'
144.3017 	EXP 	LDT_fix_text: autoDraw = True
144.3022 	DATA 	Keypress: a
144.4271 	EXP 	Device response: <KeyPress from None: t=144.28877029999967, value=a, duration=0.1353953000002548>
144.7854 	EXP 	LDT_stim_text: autoDraw = True
144.7937 	EXP 	LDT_fix_text: autoDraw = False
145.4113 	EXP 	Device response: <KeyPress from None: t=145.40853419999985, value=a, duration=None>
145.4116 	EXP 	New trial (rep=0, index=58): <Trial 58 (58 in rep 0) data={'Task': 'LDT', 'TrialType': 'Target', 'Stimuli': 'side', 'StimulusType': 'word', 'CorrectResponse': 'l', 'Trialnumb': 48, 'thisN': 58, 'thisTrialN': 58, 'thisRepN': 0}>
145.4194 	EXP 	LDT_fix_text: autoDraw = False
145.4194 	EXP 	LDT_stim_text: autoDraw = False
145.4194 	EXP 	LDT_break_text: autoDraw = False
145.4194 	EXP 	LDT_stim_text: height = np.float64(0.1)
145.4194 	EXP 	LDT_stim_text: height = np.float64(0.1)
145.4194 	EXP 	LDT_stim_text: height = np.float64(0.1)
145.4194 	EXP 	LDT_stim_text: text = 'side'
145.4194 	EXP 	LDT_fix_text: autoDraw = True
145.4200 	DATA 	Keypress: a
145.5616 	EXP 	Device response: <KeyPress from None: t=145.40853419999985, value=a, duration=0.1517453999999816>
145.9032 	EXP 	LDT_stim_text: autoDraw = True
145.9115 	EXP 	LDT_fix_text: autoDraw = False
146.4623 	EXP 	Device response: <KeyPress from None: t=146.45598089999976, value=l, duration=None>
146.4626 	EXP 	New trial (rep=0, index=59): <Trial 59 (59 in rep 0) data={'Task': 'LDT', 'TrialType': 'Target', 'Stimuli': 'spy', 'StimulusType': 'word', 'CorrectResponse': 'l', 'Trialnumb': 99, 'thisN': 59, 'thisTrialN': 59, 'thisRepN': 0}>
146.4705 	EXP 	LDT_fix_text: autoDraw = False
146.4705 	EXP 	LDT_stim_text: autoDraw = False
146.4705 	EXP 	LDT_break_text: autoDraw = False
146.4705 	EXP 	LDT_stim_text: height = np.float64(0.1)
146.4705 	EXP 	LDT_stim_text: height = np.float64(0.1)
146.4705 	EXP 	LDT_stim_text: height = np.float64(0.1)
146.4705 	EXP 	LDT_stim_text: text = 'spy'
146.4705 	EXP 	LDT_fix_text: autoDraw = True
146.4710 	DATA 	Keypress: l
146.5708 	EXP 	Device response: <KeyPress from None: t=146.45598089999976, value=l, duration=0.11256180000009408>
146.9542 	EXP 	LDT_stim_text: autoDraw = True
146.9625 	EXP 	LDT_fix_text: autoDraw = False
147.9473 	EXP 	Device response: <KeyPress from None: t=147.94588879999992, value=l, duration=None>
147.9476 	EXP 	New trial (rep=0, index=60): <Trial 60 (60 in rep 0) data={'Task': 'LDT', 'TrialType': 'Target', 'Stimuli': 'haro', 'StimulusType': 'nonword', 'CorrectResponse': 'a', 'Trialnumb': 150, 'thisN': 60, 'thisTrialN': 60, 'thisRepN': 0}>
147.9552 	EXP 	LDT_fix_text: autoDraw = False
147.9552 	EXP 	LDT_stim_text: autoDraw = False
147.9552 	EXP 	LDT_break_text: autoDraw = False
147.9552 	EXP 	LDT_stim_text: height = np.float64(0.1)
147.9552 	EXP 	LDT_stim_text: height = np.float64(0.1)
147.9552 	EXP 	LDT_stim_text: height = np.float64(0.1)
147.9552 	EXP 	LDT_stim_text: text = 'haro'
147.9552 	EXP 	LDT_fix_text: autoDraw = True
147.9557 	DATA 	Keypress: l
148.0556 	EXP 	Device response: <KeyPress from None: t=147.94588879999992, value=l, duration=0.10295189999987997>
148.4390 	EXP 	LDT_stim_text: autoDraw = True
148.4474 	EXP 	LDT_fix_text: autoDraw = False
149.7824 	EXP 	Device response: <KeyPress from None: t=149.77616999999964, value=a, duration=None>
149.7827 	EXP 	New trial (rep=0, index=61): <Trial 61 (61 in rep 0) data={'Task': 'LDT', 'TrialType': 'Target', 'Stimuli': 'media', 'StimulusType': 'word', 'CorrectResponse': 'l', 'Trialnumb': 46, 'thisN': 61, 'thisTrialN': 61, 'thisRepN': 0}>
149.7904 	EXP 	LDT_fix_text: autoDraw = False
149.7904 	EXP 	LDT_stim_text: autoDraw = False
149.7904 	EXP 	LDT_break_text: autoDraw = False
149.7904 	EXP 	LDT_stim_text: height = np.float64(0.1)
149.7904 	EXP 	LDT_stim_text: height = np.float64(0.1)
149.7904 	EXP 	LDT_stim_text: height = np.float64(0.1)
149.7904 	EXP 	LDT_stim_text: text = 'media'
149.7904 	EXP 	LDT_fix_text: autoDraw = True
149.7909 	DATA 	Keypress: a
149.8824 	EXP 	Device response: <KeyPress from None: t=149.77616999999964, value=a, duration=0.10397850000026665>
150.2742 	EXP 	LDT_stim_text: autoDraw = True
150.2826 	EXP 	LDT_fix_text: autoDraw = False
150.8584 	EXP 	Device response: <KeyPress from None: t=150.85673769999994, value=l, duration=None>
150.8586 	EXP 	New trial (rep=0, index=62): <Trial 62 (62 in rep 0) data={'Task': 'LDT', 'TrialType': 'Target', 'Stimuli': 'yine', 'StimulusType': 'nonword', 'CorrectResponse': 'a', 'Trialnumb': 220, 'thisN': 62, 'thisTrialN': 62, 'thisRepN': 0}>
150.8665 	EXP 	LDT_fix_text: autoDraw = False
150.8665 	EXP 	LDT_stim_text: autoDraw = False
150.8665 	EXP 	LDT_break_text: autoDraw = False
150.8665 	EXP 	LDT_stim_text: height = np.float64(0.1)
150.8665 	EXP 	LDT_stim_text: height = np.float64(0.1)
150.8665 	EXP 	LDT_stim_text: height = np.float64(0.1)
150.8665 	EXP 	LDT_stim_text: text = 'yine'
150.8665 	EXP 	LDT_fix_text: autoDraw = True
150.8671 	DATA 	Keypress: l
150.9751 	EXP 	Device response: <KeyPress from None: t=150.85673769999994, value=l, duration=0.1116253999998662>
151.3503 	EXP 	LDT_stim_text: autoDraw = True
151.3586 	EXP 	LDT_fix_text: autoDraw = False
152.0346 	EXP 	Device response: <KeyPress from None: t=152.03286780000008, value=a, duration=None>
152.0348 	EXP 	New trial (rep=0, index=63): <Trial 63 (63 in rep 0) data={'Task': 'LDT', 'TrialType': 'Target', 'Stimuli': 'beon', 'StimulusType': 'nonword', 'CorrectResponse': 'a', 'Trialnumb': 120, 'thisN': 63, 'thisTrialN': 63, 'thisRepN': 0}>
152.0427 	EXP 	LDT_fix_text: autoDraw = False
152.0427 	EXP 	LDT_stim_text: autoDraw = False
152.0427 	EXP 	LDT_break_text: autoDraw = False
152.0427 	EXP 	LDT_stim_text: height = np.float64(0.1)
152.0427 	EXP 	LDT_stim_text: height = np.float64(0.1)
152.0427 	EXP 	LDT_stim_text: height = np.float64(0.1)
152.0427 	EXP 	LDT_stim_text: text = 'beon'
152.0427 	EXP 	LDT_fix_text: autoDraw = True
152.0432 	DATA 	Keypress: a
152.1680 	EXP 	Device response: <KeyPress from None: t=152.03286780000008, value=a, duration=0.12732539999979053>
152.5264 	EXP 	LDT_stim_text: autoDraw = True
152.5348 	EXP 	LDT_fix_text: autoDraw = False
153.2274 	EXP 	Device response: <KeyPress from None: t=153.22423849999996, value=a, duration=None>
153.2277 	EXP 	New trial (rep=0, index=64): <Trial 64 (64 in rep 0) data={'Task': 'LDT', 'TrialType': 'Target', 'Stimuli': 'half', 'StimulusType': 'word', 'CorrectResponse': 'l', 'Trialnumb': 51, 'thisN': 64, 'thisTrialN': 64, 'thisRepN': 0}>
153.2355 	EXP 	LDT_fix_text: autoDraw = False
153.2355 	EXP 	LDT_stim_text: autoDraw = False
153.2355 	EXP 	LDT_break_text: autoDraw = False
153.2355 	EXP 	LDT_stim_text: height = np.float64(0.1)
153.2355 	EXP 	LDT_stim_text: height = np.float64(0.1)
153.2355 	EXP 	LDT_stim_text: height = np.float64(0.1)
153.2355 	EXP 	LDT_stim_text: text = 'half'
153.2355 	EXP 	LDT_fix_text: autoDraw = True
153.2361 	DATA 	Keypress: a
153.3525 	EXP 	Device response: <KeyPress from None: t=153.22423849999996, value=a, duration=0.12033190000011018>
153.7193 	EXP 	LDT_stim_text: autoDraw = True
153.7276 	EXP 	LDT_fix_text: autoDraw = False
154.4453 	EXP 	Device response: <KeyPress from None: t=154.44082819999994, value=l, duration=None>
154.4456 	EXP 	New trial (rep=0, index=65): <Trial 65 (65 in rep 0) data={'Task': 'LDT', 'TrialType': 'Target', 'Stimuli': 'plan', 'StimulusType': 'word', 'CorrectResponse': 'l', 'Trialnumb': 53, 'thisN': 65, 'thisTrialN': 65, 'thisRepN': 0}>
154.4535 	EXP 	LDT_fix_text: autoDraw = False
154.4535 	EXP 	LDT_stim_text: autoDraw = False
154.4535 	EXP 	LDT_break_text: autoDraw = False
154.4535 	EXP 	LDT_stim_text: height = np.float64(0.1)
154.4535 	EXP 	LDT_stim_text: height = np.float64(0.1)
154.4535 	EXP 	LDT_stim_text: height = np.float64(0.1)
154.4535 	EXP 	LDT_stim_text: text = 'plan'
154.4535 	EXP 	LDT_fix_text: autoDraw = True
154.4540 	DATA 	Keypress: l
154.5287 	EXP 	Device response: <KeyPress from None: t=154.44082819999994, value=l, duration=0.07945429999972475>
154.9372 	EXP 	LDT_stim_text: autoDraw = True
154.9455 	EXP 	LDT_fix_text: autoDraw = False
155.4796 	EXP 	Device response: <KeyPress from None: t=155.47221910000007, value=l, duration=None>
155.4799 	EXP 	New trial (rep=0, index=66): <Trial 66 (66 in rep 0) data={'Task': 'LDT', 'TrialType': 'Target', 'Stimuli': 'short', 'StimulusType': 'word', 'CorrectResponse': 'l', 'Trialnumb': 50, 'thisN': 66, 'thisTrialN': 66, 'thisRepN': 0}>
155.4878 	EXP 	LDT_fix_text: autoDraw = False
155.4878 	EXP 	LDT_stim_text: autoDraw = False
155.4878 	EXP 	LDT_break_text: autoDraw = False
155.4878 	EXP 	LDT_stim_text: height = np.float64(0.1)
155.4878 	EXP 	LDT_stim_text: height = np.float64(0.1)
155.4878 	EXP 	LDT_stim_text: height = np.float64(0.1)
155.4878 	EXP 	LDT_stim_text: text = 'short'
155.4878 	EXP 	LDT_fix_text: autoDraw = True
155.4883 	DATA 	Keypress: l
155.5382 	EXP 	Device response: <KeyPress from None: t=155.47221910000007, value=l, duration=0.06416499999977532>
155.9715 	EXP 	LDT_stim_text: autoDraw = True
155.9799 	EXP 	LDT_fix_text: autoDraw = False
156.4806 	EXP 	Device response: <KeyPress from None: t=156.48014809999995, value=l, duration=None>
156.4809 	EXP 	New trial (rep=0, index=67): <Trial 67 (67 in rep 0) data={'Task': 'LDT', 'TrialType': 'Target', 'Stimuli': 'yeep', 'StimulusType': 'nonword', 'CorrectResponse': 'a', 'Trialnumb': 219, 'thisN': 67, 'thisTrialN': 67, 'thisRepN': 0}>
156.4887 	EXP 	LDT_fix_text: autoDraw = False
156.4887 	EXP 	LDT_stim_text: autoDraw = False
156.4887 	EXP 	LDT_break_text: autoDraw = False
156.4887 	EXP 	LDT_stim_text: height = np.float64(0.1)
156.4887 	EXP 	LDT_stim_text: height = np.float64(0.1)
156.4887 	EXP 	LDT_stim_text: height = np.float64(0.1)
156.4887 	EXP 	LDT_stim_text: text = 'yeep'
156.4887 	EXP 	LDT_fix_text: autoDraw = True
156.4892 	DATA 	Keypress: l
156.5475 	EXP 	Device response: <KeyPress from None: t=156.48014809999995, value=l, duration=0.06538210000007894>
156.9725 	EXP 	LDT_stim_text: autoDraw = True
156.9809 	EXP 	LDT_fix_text: autoDraw = False
157.8821 	EXP 	Device response: <KeyPress from None: t=157.88058199999978, value=a, duration=None>
157.8823 	EXP 	New trial (rep=0, index=68): <Trial 68 (68 in rep 0) data={'Task': 'LDT', 'TrialType': 'Target', 'Stimuli': 'cona', 'StimulusType': 'nonword', 'CorrectResponse': 'a', 'Trialnumb': 132, 'thisN': 68, 'thisTrialN': 68, 'thisRepN': 0}>
157.8901 	EXP 	LDT_fix_text: autoDraw = False
157.8901 	EXP 	LDT_stim_text: autoDraw = False
157.8901 	EXP 	LDT_break_text: autoDraw = False
157.8901 	EXP 	LDT_stim_text: height = np.float64(0.1)
157.8901 	EXP 	LDT_stim_text: height = np.float64(0.1)
157.8901 	EXP 	LDT_stim_text: height = np.float64(0.1)
157.8901 	EXP 	LDT_stim_text: text = 'cona'
157.8901 	EXP 	LDT_fix_text: autoDraw = True
157.8906 	DATA 	Keypress: a
157.9905 	EXP 	Device response: <KeyPress from None: t=157.88058199999978, value=a, duration=0.10438590000012482>
158.3739 	EXP 	LDT_stim_text: autoDraw = True
158.3823 	EXP 	LDT_fix_text: autoDraw = False
159.0250 	EXP 	Device response: <KeyPress from None: t=159.02466449999974, value=a, duration=None>
159.0252 	EXP 	New trial (rep=0, index=69): <Trial 69 (69 in rep 0) data={'Task': 'LDT', 'TrialType': 'Target', 'Stimuli': 'rear', 'StimulusType': 'word', 'CorrectResponse': 'l', 'Trialnumb': 110, 'thisN': 69, 'thisTrialN': 69, 'thisRepN': 0}>
159.0330 	EXP 	LDT_fix_text: autoDraw = False
159.0330 	EXP 	LDT_stim_text: autoDraw = False
159.0330 	EXP 	LDT_break_text: autoDraw = False
159.0330 	EXP 	LDT_stim_text: height = np.float64(0.1)
159.0330 	EXP 	LDT_stim_text: height = np.float64(0.1)
159.0330 	EXP 	LDT_stim_text: height = np.float64(0.1)
159.0330 	EXP 	LDT_stim_text: text = 'rear'
159.0330 	EXP 	LDT_fix_text: autoDraw = True
159.0335 	DATA 	Keypress: a
159.1500 	EXP 	Device response: <KeyPress from None: t=159.02466449999974, value=a, duration=0.11947779999991326>
159.5167 	EXP 	LDT_stim_text: autoDraw = True
159.5251 	EXP 	LDT_fix_text: autoDraw = False
160.1927 	EXP 	Device response: <KeyPress from None: t=160.1851443999999, value=a, duration=None>
160.1929 	EXP 	New trial (rep=0, index=70): <Trial 70 (70 in rep 0) data={'Task': 'LDT', 'TrialType': 'Target', 'Stimuli': 'boss', 'StimulusType': 'word', 'CorrectResponse': 'l', 'Trialnumb': 61, 'thisN': 70, 'thisTrialN': 70, 'thisRepN': 0}>
160.2007 	EXP 	LDT_fix_text: autoDraw = False
160.2007 	EXP 	LDT_stim_text: autoDraw = False
160.2007 	EXP 	LDT_break_text: autoDraw = False
160.2007 	EXP 	LDT_stim_text: height = np.float64(0.1)
160.2007 	EXP 	LDT_stim_text: height = np.float64(0.1)
160.2007 	EXP 	LDT_stim_text: height = np.float64(0.1)
160.2007 	EXP 	LDT_stim_text: text = 'boss'
160.2007 	EXP 	LDT_fix_text: autoDraw = True
160.2013 	DATA 	Keypress: a
160.3428 	EXP 	Device response: <KeyPress from None: t=160.1851443999999, value=a, duration=0.15117329999975482>
160.6845 	EXP 	LDT_stim_text: autoDraw = True
160.6929 	EXP 	LDT_fix_text: autoDraw = False
161.6108 	EXP 	Device response: <KeyPress from None: t=161.60813310000003, value=l, duration=None>
161.6110 	EXP 	New trial (rep=0, index=71): <Trial 71 (71 in rep 0) data={'Task': 'LDT', 'TrialType': 'Target', 'Stimuli': 'judge', 'StimulusType': 'word', 'CorrectResponse': 'l', 'Trialnumb': 67, 'thisN': 71, 'thisTrialN': 71, 'thisRepN': 0}>
161.6188 	EXP 	LDT_fix_text: autoDraw = False
161.6188 	EXP 	LDT_stim_text: autoDraw = False
161.6188 	EXP 	LDT_break_text: autoDraw = False
161.6188 	EXP 	LDT_stim_text: height = np.float64(0.1)
161.6188 	EXP 	LDT_stim_text: height = np.float64(0.1)
161.6188 	EXP 	LDT_stim_text: height = np.float64(0.1)
161.6188 	EXP 	LDT_stim_text: text = 'judge'
161.6188 	EXP 	LDT_fix_text: autoDraw = True
161.6193 	DATA 	Keypress: l
161.6942 	EXP 	Device response: <KeyPress from None: t=161.60813310000003, value=l, duration=0.08065379999970901>
162.1026 	EXP 	LDT_stim_text: autoDraw = True
162.1110 	EXP 	LDT_fix_text: autoDraw = False
162.8620 	EXP 	Device response: <KeyPress from None: t=162.85650769999984, value=l, duration=None>
162.8622 	EXP 	New trial (rep=0, index=72): <Trial 72 (72 in rep 0) data={'Task': 'LDT', 'TrialType': 'Target', 'Stimuli': 'jite', 'StimulusType': 'nonword', 'CorrectResponse': 'a', 'Trialnumb': 160, 'thisN': 72, 'thisTrialN': 72, 'thisRepN': 0}>
162.8701 	EXP 	LDT_fix_text: autoDraw = False
162.8701 	EXP 	LDT_stim_text: autoDraw = False
162.8701 	EXP 	LDT_break_text: autoDraw = False
162.8701 	EXP 	LDT_stim_text: height = np.float64(0.1)
162.8701 	EXP 	LDT_stim_text: height = np.float64(0.1)
162.8701 	EXP 	LDT_stim_text: height = np.float64(0.1)
162.8701 	EXP 	LDT_stim_text: text = 'jite'
162.8701 	EXP 	LDT_fix_text: autoDraw = True
162.8706 	DATA 	Keypress: l
162.9288 	EXP 	Device response: <KeyPress from None: t=162.85650769999984, value=l, duration=0.06444760000022143>
163.3539 	EXP 	LDT_stim_text: autoDraw = True
163.3623 	EXP 	LDT_fix_text: autoDraw = False
164.0549 	EXP 	Device response: <KeyPress from None: t=164.0486206999999, value=a, duration=None>
164.0551 	EXP 	New trial (rep=0, index=73): <Trial 73 (73 in rep 0) data={'Task': 'LDT', 'TrialType': 'Target', 'Stimuli': 'cean', 'StimulusType': 'nonword', 'CorrectResponse': 'a', 'Trialnumb': 126, 'thisN': 73, 'thisTrialN': 73, 'thisRepN': 0}>
164.0630 	EXP 	LDT_fix_text: autoDraw = False
164.0630 	EXP 	LDT_stim_text: autoDraw = False
164.0630 	EXP 	LDT_break_text: autoDraw = False
164.0630 	EXP 	LDT_stim_text: height = np.float64(0.1)
164.0630 	EXP 	LDT_stim_text: height = np.float64(0.1)
164.0630 	EXP 	LDT_stim_text: height = np.float64(0.1)
164.0630 	EXP 	LDT_stim_text: text = 'cean'
164.0630 	EXP 	LDT_fix_text: autoDraw = True
164.0636 	DATA 	Keypress: a
164.1716 	EXP 	Device response: <KeyPress from None: t=164.0486206999999, value=a, duration=0.12015519999977187>
164.5468 	EXP 	LDT_stim_text: autoDraw = True
164.5551 	EXP 	LDT_fix_text: autoDraw = False
165.2643 	EXP 	Device response: <KeyPress from None: t=165.25630950000004, value=a, duration=None>
165.2646 	EXP 	New trial (rep=0, index=74): <Trial 74 (74 in rep 0) data={'Task': 'LDT', 'TrialType': 'Target', 'Stimuli': 'trip', 'StimulusType': 'word', 'CorrectResponse': 'l', 'Trialnumb': 35, 'thisN': 74, 'thisTrialN': 74, 'thisRepN': 0}>
165.2724 	EXP 	LDT_fix_text: autoDraw = False
165.2724 	EXP 	LDT_stim_text: autoDraw = False
165.2724 	EXP 	LDT_break_text: autoDraw = False
165.2724 	EXP 	LDT_stim_text: height = np.float64(0.1)
165.2724 	EXP 	LDT_stim_text: height = np.float64(0.1)
165.2724 	EXP 	LDT_stim_text: height = np.float64(0.1)
165.2724 	EXP 	LDT_stim_text: text = 'trip'
165.2724 	EXP 	LDT_fix_text: autoDraw = True
165.2729 	DATA 	Keypress: a
165.3979 	EXP 	Device response: <KeyPress from None: t=165.25630950000004, value=a, duration=0.13587269999970886>
165.7563 	EXP 	LDT_stim_text: autoDraw = True
165.7646 	EXP 	LDT_fix_text: autoDraw = False
166.2987 	EXP 	Device response: <KeyPress from None: t=166.29825720000008, value=l, duration=None>
166.2990 	EXP 	New trial (rep=0, index=75): <Trial 75 (75 in rep 0) data={'Task': 'LDT', 'TrialType': 'Target', 'Stimuli': 'set', 'StimulusType': 'word', 'CorrectResponse': 'l', 'Trialnumb': 36, 'thisN': 75, 'thisTrialN': 75, 'thisRepN': 0}>
166.3068 	EXP 	LDT_fix_text: autoDraw = False
166.3068 	EXP 	LDT_stim_text: autoDraw = False
166.3068 	EXP 	LDT_break_text: autoDraw = False
166.3068 	EXP 	LDT_stim_text: height = np.float64(0.1)
166.3068 	EXP 	LDT_stim_text: height = np.float64(0.1)
166.3068 	EXP 	LDT_stim_text: height = np.float64(0.1)
166.3068 	EXP 	LDT_stim_text: text = 'set'
166.3068 	EXP 	LDT_fix_text: autoDraw = True
166.3074 	DATA 	Keypress: l
166.3988 	EXP 	Device response: <KeyPress from None: t=166.29825720000008, value=l, duration=0.09423809999998412>
166.7906 	EXP 	LDT_stim_text: autoDraw = True
166.7990 	EXP 	LDT_fix_text: autoDraw = False
167.3915 	EXP 	Device response: <KeyPress from None: t=167.3842007999997, value=l, duration=None>
167.3917 	EXP 	New trial (rep=0, index=76): <Trial 76 (76 in rep 0) data={'Task': 'LDT', 'TrialType': 'Target', 'Stimuli': 'team', 'StimulusType': 'word', 'CorrectResponse': 'l', 'Trialnumb': 23, 'thisN': 76, 'thisTrialN': 76, 'thisRepN': 0}>
167.3996 	EXP 	LDT_fix_text: autoDraw = False
167.3996 	EXP 	LDT_stim_text: autoDraw = False
167.3996 	EXP 	LDT_break_text: autoDraw = False
167.3996 	EXP 	LDT_stim_text: height = np.float64(0.1)
167.3996 	EXP 	LDT_stim_text: height = np.float64(0.1)
167.3996 	EXP 	LDT_stim_text: height = np.float64(0.1)
167.3996 	EXP 	LDT_stim_text: text = 'team'
167.3996 	EXP 	LDT_fix_text: autoDraw = True
167.4000 	DATA 	Keypress: l
167.4666 	EXP 	Device response: <KeyPress from None: t=167.3842007999997, value=l, duration=0.08104420000017853>
167.8834 	EXP 	LDT_stim_text: autoDraw = True
167.8917 	EXP 	LDT_fix_text: autoDraw = False
168.3592 	EXP 	Device response: <KeyPress from None: t=168.35284379999985, value=l, duration=None>
168.3595 	EXP 	New trial (rep=0, index=77): <Trial 77 (77 in rep 0) data={'Task': 'LDT', 'TrialType': 'Target', 'Stimuli': 'darb', 'StimulusType': 'nonword', 'CorrectResponse': 'a', 'Trialnumb': 134, 'thisN': 77, 'thisTrialN': 77, 'thisRepN': 0}>
168.3672 	EXP 	LDT_fix_text: autoDraw = False
168.3672 	EXP 	LDT_stim_text: autoDraw = False
168.3672 	EXP 	LDT_break_text: autoDraw = False
168.3672 	EXP 	LDT_stim_text: height = np.float64(0.1)
168.3672 	EXP 	LDT_stim_text: height = np.float64(0.1)
168.3672 	EXP 	LDT_stim_text: height = np.float64(0.1)
168.3672 	EXP 	LDT_stim_text: text = 'darb'
168.3672 	EXP 	LDT_fix_text: autoDraw = True
168.3677 	DATA 	Keypress: l
168.4593 	EXP 	Device response: <KeyPress from None: t=168.35284379999985, value=l, duration=0.10388560000001235>
168.8510 	EXP 	LDT_stim_text: autoDraw = True
168.8593 	EXP 	LDT_fix_text: autoDraw = False
169.5771 	EXP 	Device response: <KeyPress from None: t=169.57615589999978, value=a, duration=None>
169.5773 	EXP 	New trial (rep=0, index=78): <Trial 78 (78 in rep 0) data={'Task': 'LDT', 'TrialType': 'Target', 'Stimuli': 'cled', 'StimulusType': 'nonword', 'CorrectResponse': 'a', 'Trialnumb': 130, 'thisN': 78, 'thisTrialN': 78, 'thisRepN': 0}>
169.5851 	EXP 	LDT_fix_text: autoDraw = False
169.5851 	EXP 	LDT_stim_text: autoDraw = False
169.5851 	EXP 	LDT_break_text: autoDraw = False
169.5851 	EXP 	LDT_stim_text: height = np.float64(0.1)
169.5851 	EXP 	LDT_stim_text: height = np.float64(0.1)
169.5851 	EXP 	LDT_stim_text: height = np.float64(0.1)
169.5851 	EXP 	LDT_stim_text: text = 'cled'
169.5851 	EXP 	LDT_fix_text: autoDraw = True
169.5857 	DATA 	Keypress: a
169.7188 	EXP 	Device response: <KeyPress from None: t=169.57615589999978, value=a, duration=0.13772229999995034>
170.0689 	EXP 	LDT_stim_text: autoDraw = True
170.0772 	EXP 	LDT_fix_text: autoDraw = False
170.9116 	EXP 	Device response: <KeyPress from None: t=170.90413639999997, value=a, duration=None>
170.9119 	EXP 	New trial (rep=0, index=79): <Trial 79 (79 in rep 0) data={'Task': 'LDT', 'TrialType': 'Target', 'Stimuli': 'plue', 'StimulusType': 'nonword', 'CorrectResponse': 'a', 'Trialnumb': 181, 'thisN': 79, 'thisTrialN': 79, 'thisRepN': 0}>
170.9197 	EXP 	LDT_fix_text: autoDraw = False
170.9197 	EXP 	LDT_stim_text: autoDraw = False
170.9197 	EXP 	LDT_break_text: autoDraw = False
170.9197 	EXP 	LDT_stim_text: height = np.float64(0.1)
170.9197 	EXP 	LDT_stim_text: height = np.float64(0.1)
170.9197 	EXP 	LDT_stim_text: height = np.float64(0.1)
170.9197 	EXP 	LDT_stim_text: text = 'plue'
170.9197 	EXP 	LDT_fix_text: autoDraw = True
170.9203 	DATA 	Keypress: a
171.0284 	EXP 	Device response: <KeyPress from None: t=170.90413639999997, value=a, duration=0.12010770000006232>
171.4036 	EXP 	LDT_stim_text: autoDraw = True
171.4119 	EXP 	LDT_fix_text: autoDraw = False
172.1046 	EXP 	Device response: <KeyPress from None: t=172.10402929999964, value=a, duration=None>
172.1048 	EXP 	New trial (rep=0, index=80): <Trial 80 (80 in rep 0) data={'Task': 'LDT', 'TrialType': 'Target', 'Stimuli': 'peaf', 'StimulusType': 'nonword', 'CorrectResponse': 'a', 'Trialnumb': 179, 'thisN': 80, 'thisTrialN': 80, 'thisRepN': 0}>
172.1126 	EXP 	LDT_fix_text: autoDraw = False
172.1126 	EXP 	LDT_stim_text: autoDraw = False
172.1126 	EXP 	LDT_break_text: autoDraw = False
172.1126 	EXP 	LDT_stim_text: height = np.float64(0.1)
172.1126 	EXP 	LDT_stim_text: height = np.float64(0.1)
172.1126 	EXP 	LDT_stim_text: height = np.float64(0.1)
172.1126 	EXP 	LDT_stim_text: text = 'peaf'
172.1126 	EXP 	LDT_fix_text: autoDraw = True
172.1131 	DATA 	Keypress: a
172.2714 	EXP 	Device response: <KeyPress from None: t=172.10402929999964, value=a, duration=0.16106760000002396>
172.5964 	EXP 	LDT_stim_text: autoDraw = True
172.6048 	EXP 	LDT_fix_text: autoDraw = False
173.2640 	EXP 	Device response: <KeyPress from None: t=173.25712729999987, value=a, duration=None>
173.2643 	EXP 	New trial (rep=0, index=81): <Trial 81 (81 in rep 0) data={'Task': 'LDT', 'TrialType': 'Target', 'Stimuli': 'live', 'StimulusType': 'word', 'CorrectResponse': 'l', 'Trialnumb': 24, 'thisN': 81, 'thisTrialN': 81, 'thisRepN': 0}>
173.2721 	EXP 	LDT_fix_text: autoDraw = False
173.2721 	EXP 	LDT_stim_text: autoDraw = False
173.2721 	EXP 	LDT_break_text: autoDraw = False
173.2721 	EXP 	LDT_stim_text: height = np.float64(0.1)
173.2721 	EXP 	LDT_stim_text: height = np.float64(0.1)
173.2721 	EXP 	LDT_stim_text: height = np.float64(0.1)
173.2721 	EXP 	LDT_stim_text: text = 'live'
173.2721 	EXP 	LDT_fix_text: autoDraw = True
173.2726 	DATA 	Keypress: a
173.4226 	EXP 	Device response: <KeyPress from None: t=173.25712729999987, value=a, duration=0.15918139999985215>
173.7559 	EXP 	LDT_stim_text: autoDraw = True
173.7642 	EXP 	LDT_fix_text: autoDraw = False
174.3067 	EXP 	Device response: <KeyPress from None: t=174.3040873, value=l, duration=None>
174.3070 	EXP 	New trial (rep=0, index=82): <Trial 82 (82 in rep 0) data={'Task': 'LDT', 'TrialType': 'Target', 'Stimuli': 'hork', 'StimulusType': 'nonword', 'CorrectResponse': 'a', 'Trialnumb': 156, 'thisN': 82, 'thisTrialN': 82, 'thisRepN': 0}>
174.3148 	EXP 	LDT_fix_text: autoDraw = False
174.3148 	EXP 	LDT_stim_text: autoDraw = False
174.3148 	EXP 	LDT_break_text: autoDraw = False
174.3148 	EXP 	LDT_stim_text: height = np.float64(0.1)
174.3148 	EXP 	LDT_stim_text: height = np.float64(0.1)
174.3148 	EXP 	LDT_stim_text: height = np.float64(0.1)
174.3148 	EXP 	LDT_stim_text: text = 'hork'
174.3148 	EXP 	LDT_fix_text: autoDraw = True
174.3154 	DATA 	Keypress: l
174.3902 	EXP 	Device response: <KeyPress from None: t=174.3040873, value=l, duration=0.08005609999963781>
174.7986 	EXP 	LDT_stim_text: autoDraw = True
174.8071 	EXP 	LDT_fix_text: autoDraw = False
175.4747 	EXP 	Device response: <KeyPress from None: t=175.47316550000005, value=a, duration=None>
175.4749 	EXP 	New trial (rep=0, index=83): <Trial 83 (83 in rep 0) data={'Task': 'LDT', 'TrialType': 'Target', 'Stimuli': 'work', 'StimulusType': 'word', 'CorrectResponse': 'l', 'Trialnumb': 1, 'thisN': 83, 'thisTrialN': 83, 'thisRepN': 0}>
175.4826 	EXP 	LDT_fix_text: autoDraw = False
175.4826 	EXP 	LDT_stim_text: autoDraw = False
175.4826 	EXP 	LDT_break_text: autoDraw = False
175.4826 	EXP 	LDT_stim_text: height = np.float64(0.1)
175.4826 	EXP 	LDT_stim_text: height = np.float64(0.1)
175.4826 	EXP 	LDT_stim_text: height = np.float64(0.1)
175.4826 	EXP 	LDT_stim_text: text = 'work'
175.4826 	EXP 	LDT_fix_text: autoDraw = True
175.4831 	DATA 	Keypress: a
175.6164 	EXP 	Device response: <KeyPress from None: t=175.47316550000005, value=a, duration=0.14279949999991004>
175.9664 	EXP 	LDT_stim_text: autoDraw = True
175.9748 	EXP 	LDT_fix_text: autoDraw = False
176.5423 	EXP 	Device response: <KeyPress from None: t=176.53601660000004, value=l, duration=None>
176.5425 	EXP 	New trial (rep=0, index=84): <Trial 84 (84 in rep 0) data={'Task': 'LDT', 'TrialType': 'Target', 'Stimuli': 'nind', 'StimulusType': 'nonword', 'CorrectResponse': 'a', 'Trialnumb': 177, 'thisN': 84, 'thisTrialN': 84, 'thisRepN': 0}>
176.5503 	EXP 	LDT_fix_text: autoDraw = False
176.5503 	EXP 	LDT_stim_text: autoDraw = False
176.5503 	EXP 	LDT_break_text: autoDraw = False
176.5503 	EXP 	LDT_stim_text: height = np.float64(0.1)
176.5503 	EXP 	LDT_stim_text: height = np.float64(0.1)
176.5503 	EXP 	LDT_stim_text: height = np.float64(0.1)
176.5503 	EXP 	LDT_stim_text: text = 'nind'
176.5503 	EXP 	LDT_fix_text: autoDraw = True
176.5508 	DATA 	Keypress: l
176.6257 	EXP 	Device response: <KeyPress from None: t=176.53601660000004, value=l, duration=0.08834119999983159>
177.0342 	EXP 	LDT_stim_text: autoDraw = True
177.0425 	EXP 	LDT_fix_text: autoDraw = False
177.6519 	EXP 	Device response: <KeyPress from None: t=177.64858669999967, value=a, duration=None>
177.6522 	EXP 	New trial (rep=0, index=85): <Trial 85 (85 in rep 0) data={'Task': 'LDT', 'TrialType': 'Target', 'Stimuli': 'sound', 'StimulusType': 'word', 'CorrectResponse': 'l', 'Trialnumb': 40, 'thisN': 85, 'thisTrialN': 85, 'thisRepN': 0}>
177.6598 	EXP 	LDT_fix_text: autoDraw = False
177.6598 	EXP 	LDT_stim_text: autoDraw = False
177.6598 	EXP 	LDT_break_text: autoDraw = False
177.6598 	EXP 	LDT_stim_text: height = np.float64(0.1)
177.6598 	EXP 	LDT_stim_text: height = np.float64(0.1)
177.6598 	EXP 	LDT_stim_text: height = np.float64(0.1)
177.6598 	EXP 	LDT_stim_text: text = 'sound'
177.6598 	EXP 	LDT_fix_text: autoDraw = True
177.6603 	DATA 	Keypress: a
177.7936 	EXP 	Device response: <KeyPress from None: t=177.64858669999967, value=a, duration=0.143674600000395>
178.1436 	EXP 	LDT_stim_text: autoDraw = True
178.1519 	EXP 	LDT_fix_text: autoDraw = False
178.8196 	EXP 	Device response: <KeyPress from None: t=178.81621210000003, value=l, duration=None>
178.8198 	EXP 	New trial (rep=0, index=86): <Trial 86 (86 in rep 0) data={'Task': 'LDT', 'TrialType': 'Target', 'Stimuli': 'eall', 'StimulusType': 'nonword', 'CorrectResponse': 'a', 'Trialnumb': 138, 'thisN': 86, 'thisTrialN': 86, 'thisRepN': 0}>
178.8276 	EXP 	LDT_fix_text: autoDraw = False
178.8276 	EXP 	LDT_stim_text: autoDraw = False
178.8276 	EXP 	LDT_break_text: autoDraw = False
178.8276 	EXP 	LDT_stim_text: height = np.float64(0.1)
178.8276 	EXP 	LDT_stim_text: height = np.float64(0.1)
178.8276 	EXP 	LDT_stim_text: height = np.float64(0.1)
178.8276 	EXP 	LDT_stim_text: text = 'eall'
178.8276 	EXP 	LDT_fix_text: autoDraw = True
178.8282 	DATA 	Keypress: l
178.9363 	EXP 	Device response: <KeyPress from None: t=178.81621210000003, value=l, duration=0.11176909999994677>
179.3114 	EXP 	LDT_stim_text: autoDraw = True
179.3198 	EXP 	LDT_fix_text: autoDraw = False
180.3044 	EXP 	Device response: <KeyPress from None: t=180.29602099999966, value=a, duration=None>
180.3047 	EXP 	New trial (rep=0, index=87): <Trial 87 (87 in rep 0) data={'Task': 'LDT', 'TrialType': 'Target', 'Stimuli': 'space', 'StimulusType': 'word', 'CorrectResponse': 'l', 'Trialnumb': 30, 'thisN': 87, 'thisTrialN': 87, 'thisRepN': 0}>
180.3125 	EXP 	LDT_fix_text: autoDraw = False
180.3125 	EXP 	LDT_stim_text: autoDraw = False
180.3125 	EXP 	LDT_break_text: autoDraw = False
180.3125 	EXP 	LDT_stim_text: height = np.float64(0.1)
180.3125 	EXP 	LDT_stim_text: height = np.float64(0.1)
180.3125 	EXP 	LDT_stim_text: height = np.float64(0.1)
180.3125 	EXP 	LDT_stim_text: text = 'space'
180.3125 	EXP 	LDT_fix_text: autoDraw = True
180.3129 	DATA 	Keypress: a
180.4461 	EXP 	Device response: <KeyPress from None: t=180.29602099999966, value=a, duration=0.14474380000001474>
180.7963 	EXP 	LDT_stim_text: autoDraw = True
180.8046 	EXP 	LDT_fix_text: autoDraw = False
181.3137 	EXP 	Device response: <KeyPress from None: t=181.31253100000004, value=l, duration=None>
181.3139 	EXP 	New trial (rep=0, index=88): <Trial 88 (88 in rep 0) data={'Task': 'LDT', 'TrialType': 'Target', 'Stimuli': 'food', 'StimulusType': 'word', 'CorrectResponse': 'l', 'Trialnumb': 5, 'thisN': 88, 'thisTrialN': 88, 'thisRepN': 0}>
181.3219 	EXP 	LDT_fix_text: autoDraw = False
181.3219 	EXP 	LDT_stim_text: autoDraw = False
181.3219 	EXP 	LDT_break_text: autoDraw = False
181.3219 	EXP 	LDT_stim_text: height = np.float64(0.1)
181.3219 	EXP 	LDT_stim_text: height = np.float64(0.1)
181.3219 	EXP 	LDT_stim_text: height = np.float64(0.1)
181.3219 	EXP 	LDT_stim_text: text = 'food'
181.3219 	EXP 	LDT_fix_text: autoDraw = True
181.3224 	DATA 	Keypress: l
181.4304 	EXP 	Device response: <KeyPress from None: t=181.31253100000004, value=l, duration=0.11166049999974348>
181.8056 	EXP 	LDT_stim_text: autoDraw = True
181.8139 	EXP 	LDT_fix_text: autoDraw = False
182.3480 	EXP 	Device response: <KeyPress from None: t=182.3455181999998, value=l, duration=None>
182.3483 	EXP 	New trial (rep=0, index=89): <Trial 89 (89 in rep 0) data={'Task': 'LDT', 'TrialType': 'Target', 'Stimuli': 'dilt', 'StimulusType': 'nonword', 'CorrectResponse': 'a', 'Trialnumb': 137, 'thisN': 89, 'thisTrialN': 89, 'thisRepN': 0}>
182.3562 	EXP 	LDT_fix_text: autoDraw = False
182.3562 	EXP 	LDT_stim_text: autoDraw = False
182.3562 	EXP 	LDT_break_text: autoDraw = False
182.3562 	EXP 	LDT_stim_text: height = np.float64(0.1)
182.3562 	EXP 	LDT_stim_text: height = np.float64(0.1)
182.3562 	EXP 	LDT_stim_text: height = np.float64(0.1)
182.3562 	EXP 	LDT_stim_text: text = 'dilt'
182.3562 	EXP 	LDT_fix_text: autoDraw = True
182.3568 	DATA 	Keypress: l
182.5065 	EXP 	Device response: <KeyPress from None: t=182.3455181999998, value=l, duration=0.15875950000008743>
182.8399 	EXP 	LDT_stim_text: autoDraw = True
182.8483 	EXP 	LDT_fix_text: autoDraw = False
183.5409 	EXP 	Device response: <KeyPress from None: t=183.53677449999986, value=a, duration=None>
183.5411 	EXP 	New trial (rep=0, index=90): <Trial 90 (90 in rep 0) data={'Task': 'LDT', 'TrialType': 'Target', 'Stimuli': 'art', 'StimulusType': 'word', 'CorrectResponse': 'l', 'Trialnumb': 15, 'thisN': 90, 'thisTrialN': 90, 'thisRepN': 0}>
183.5490 	EXP 	LDT_fix_text: autoDraw = False
183.5490 	EXP 	LDT_stim_text: autoDraw = False
183.5490 	EXP 	LDT_break_text: autoDraw = False
183.5490 	EXP 	LDT_stim_text: height = np.float64(0.1)
183.5490 	EXP 	LDT_stim_text: height = np.float64(0.1)
183.5490 	EXP 	LDT_stim_text: height = np.float64(0.1)
183.5490 	EXP 	LDT_stim_text: text = 'art'
183.5490 	EXP 	LDT_fix_text: autoDraw = True
183.5495 	DATA 	Keypress: a
183.6661 	EXP 	Device response: <KeyPress from None: t=183.53677449999986, value=a, duration=0.12789680000014414>
184.0328 	EXP 	LDT_stim_text: autoDraw = True
184.0411 	EXP 	LDT_fix_text: autoDraw = False
184.6754 	EXP 	Device response: <KeyPress from None: t=184.67213479999964, value=l, duration=None>
184.6757 	EXP 	New trial (rep=0, index=91): <Trial 91 (91 in rep 0) data={'Task': 'LDT', 'TrialType': 'Target', 'Stimuli': 'mutch', 'StimulusType': 'nonword', 'CorrectResponse': 'a', 'Trialnumb': 175, 'thisN': 91, 'thisTrialN': 91, 'thisRepN': 0}>
184.6834 	EXP 	LDT_fix_text: autoDraw = False
184.6834 	EXP 	LDT_stim_text: autoDraw = False
184.6834 	EXP 	LDT_break_text: autoDraw = False
184.6834 	EXP 	LDT_stim_text: height = np.float64(0.1)
184.6834 	EXP 	LDT_stim_text: height = np.float64(0.1)
184.6834 	EXP 	LDT_stim_text: height = np.float64(0.1)
184.6834 	EXP 	LDT_stim_text: text = 'mutch'
184.6834 	EXP 	LDT_fix_text: autoDraw = True
184.6840 	DATA 	Keypress: l
184.8005 	EXP 	Device response: <KeyPress from None: t=184.67213479999964, value=l, duration=0.12086940000017421>
185.1673 	EXP 	LDT_stim_text: autoDraw = True
185.1756 	EXP 	LDT_fix_text: autoDraw = False
186.0519 	EXP 	Device response: <KeyPress from None: t=186.04835719999983, value=a, duration=None>
186.0521 	EXP 	New trial (rep=0, index=92): <Trial 92 (92 in rep 0) data={'Task': 'LDT', 'TrialType': 'Target', 'Stimuli': 'stip', 'StimulusType': 'nonword', 'CorrectResponse': 'a', 'Trialnumb': 200, 'thisN': 92, 'thisTrialN': 92, 'thisRepN': 0}>
186.0598 	EXP 	LDT_fix_text: autoDraw = False
186.0598 	EXP 	LDT_stim_text: autoDraw = False
186.0598 	EXP 	LDT_break_text: autoDraw = False
186.0598 	EXP 	LDT_stim_text: height = np.float64(0.1)
186.0598 	EXP 	LDT_stim_text: height = np.float64(0.1)
186.0598 	EXP 	LDT_stim_text: height = np.float64(0.1)
186.0598 	EXP 	LDT_stim_text: text = 'stip'
186.0598 	EXP 	LDT_fix_text: autoDraw = True
186.0604 	DATA 	Keypress: a
186.2103 	EXP 	Device response: <KeyPress from None: t=186.04835719999983, value=a, duration=0.15975410000010015>
186.5436 	EXP 	LDT_stim_text: autoDraw = True
186.5520 	EXP 	LDT_fix_text: autoDraw = False
187.3280 	EXP 	Device response: <KeyPress from None: t=187.3207121999999, value=a, duration=None>
187.3283 	EXP 	New trial (rep=0, index=93): <Trial 93 (93 in rep 0) data={'Task': 'LDT', 'TrialType': 'Target', 'Stimuli': 'rees', 'StimulusType': 'nonword', 'CorrectResponse': 'a', 'Trialnumb': 184, 'thisN': 93, 'thisTrialN': 93, 'thisRepN': 0}>
187.3361 	EXP 	LDT_fix_text: autoDraw = False
187.3361 	EXP 	LDT_stim_text: autoDraw = False
187.3361 	EXP 	LDT_break_text: autoDraw = False
187.3361 	EXP 	LDT_stim_text: height = np.float64(0.1)
187.3361 	EXP 	LDT_stim_text: height = np.float64(0.1)
187.3361 	EXP 	LDT_stim_text: height = np.float64(0.1)
187.3361 	EXP 	LDT_stim_text: text = 'rees'
187.3361 	EXP 	LDT_fix_text: autoDraw = True
187.3367 	DATA 	Keypress: a
187.5949 	EXP 	Device response: <KeyPress from None: t=187.3207121999999, value=a, duration=0.2712903000001461>
187.8199 	EXP 	LDT_stim_text: autoDraw = True
187.8282 	EXP 	LDT_fix_text: autoDraw = False
188.6043 	EXP 	Device response: <KeyPress from None: t=188.60051129999965, value=a, duration=None>
188.6045 	EXP 	New trial (rep=0, index=94): <Trial 94 (94 in rep 0) data={'Task': 'LDT', 'TrialType': 'Target', 'Stimuli': 'kang', 'StimulusType': 'nonword', 'CorrectResponse': 'a', 'Trialnumb': 162, 'thisN': 94, 'thisTrialN': 94, 'thisRepN': 0}>
188.6123 	EXP 	LDT_fix_text: autoDraw = False
188.6123 	EXP 	LDT_stim_text: autoDraw = False
188.6123 	EXP 	LDT_break_text: autoDraw = False
188.6123 	EXP 	LDT_stim_text: height = np.float64(0.1)
188.6123 	EXP 	LDT_stim_text: height = np.float64(0.1)
188.6123 	EXP 	LDT_stim_text: height = np.float64(0.1)
188.6123 	EXP 	LDT_stim_text: text = 'kang'
188.6123 	EXP 	LDT_fix_text: autoDraw = True
188.6129 	DATA 	Keypress: a
188.7711 	EXP 	Device response: <KeyPress from None: t=188.60051129999965, value=a, duration=0.16743910000013784>
189.0961 	EXP 	LDT_stim_text: autoDraw = True
189.1045 	EXP 	LDT_fix_text: autoDraw = False
189.7304 	EXP 	Device response: <KeyPress from None: t=189.7284569999997, value=a, duration=None>
189.7306 	EXP 	New trial (rep=0, index=95): <Trial 95 (95 in rep 0) data={'Task': 'LDT', 'TrialType': 'Target', 'Stimuli': 'pack', 'StimulusType': 'word', 'CorrectResponse': 'l', 'Trialnumb': 76, 'thisN': 95, 'thisTrialN': 95, 'thisRepN': 0}>
189.7385 	EXP 	LDT_fix_text: autoDraw = False
189.7385 	EXP 	LDT_stim_text: autoDraw = False
189.7385 	EXP 	LDT_break_text: autoDraw = False
189.7385 	EXP 	LDT_stim_text: height = np.float64(0.1)
189.7385 	EXP 	LDT_stim_text: height = np.float64(0.1)
189.7385 	EXP 	LDT_stim_text: height = np.float64(0.1)
189.7385 	EXP 	LDT_stim_text: text = 'pack'
189.7385 	EXP 	LDT_fix_text: autoDraw = True
189.7390 	DATA 	Keypress: a
189.8805 	EXP 	Device response: <KeyPress from None: t=189.7284569999997, value=a, duration=0.14447500000005675>
190.2223 	EXP 	LDT_stim_text: autoDraw = True
190.2306 	EXP 	LDT_fix_text: autoDraw = False
190.9152 	EXP 	Device response: <KeyPress from None: t=190.9124251999997, value=l, duration=None>
190.9154 	EXP 	New trial (rep=0, index=96): <Trial 96 (96 in rep 0) data={'Task': 'LDT', 'TrialType': 'Target', 'Stimuli': 'spag', 'StimulusType': 'nonword', 'CorrectResponse': 'a', 'Trialnumb': 197, 'thisN': 96, 'thisTrialN': 96, 'thisRepN': 0}>
190.9229 	EXP 	LDT_fix_text: autoDraw = False
190.9229 	EXP 	LDT_stim_text: autoDraw = False
190.9229 	EXP 	LDT_break_text: autoDraw = False
190.9229 	EXP 	LDT_stim_text: height = np.float64(0.1)
190.9229 	EXP 	LDT_stim_text: height = np.float64(0.1)
190.9229 	EXP 	LDT_stim_text: height = np.float64(0.1)
190.9229 	EXP 	LDT_stim_text: text = 'spag'
190.9229 	EXP 	LDT_fix_text: autoDraw = True
190.9235 	DATA 	Keypress: l
191.0150 	EXP 	Device response: <KeyPress from None: t=190.9124251999997, value=l, duration=0.09602670000003855>
191.4068 	EXP 	LDT_stim_text: autoDraw = True
191.4151 	EXP 	LDT_fix_text: autoDraw = False
192.0661 	EXP 	Device response: <KeyPress from None: t=192.06398209999998, value=a, duration=None>
192.0663 	EXP 	New trial (rep=0, index=97): <Trial 97 (97 in rep 0) data={'Task': 'LDT', 'TrialType': 'Target', 'Stimuli': 'week', 'StimulusType': 'word', 'CorrectResponse': 'l', 'Trialnumb': 28, 'thisN': 97, 'thisTrialN': 97, 'thisRepN': 0}>
192.0741 	EXP 	LDT_fix_text: autoDraw = False
192.0741 	EXP 	LDT_stim_text: autoDraw = False
192.0741 	EXP 	LDT_break_text: autoDraw = False
192.0741 	EXP 	LDT_stim_text: height = np.float64(0.1)
192.0741 	EXP 	LDT_stim_text: height = np.float64(0.1)
192.0741 	EXP 	LDT_stim_text: height = np.float64(0.1)
192.0741 	EXP 	LDT_stim_text: text = 'week'
192.0741 	EXP 	LDT_fix_text: autoDraw = True
192.0746 	DATA 	Keypress: a
192.1829 	EXP 	Device response: <KeyPress from None: t=192.06398209999998, value=a, duration=0.1130247999999483>
192.5579 	EXP 	LDT_stim_text: autoDraw = True
192.5663 	EXP 	LDT_fix_text: autoDraw = False
193.1506 	EXP 	Device response: <KeyPress from None: t=193.14469899999995, value=l, duration=None>
193.1508 	EXP 	New trial (rep=0, index=98): <Trial 98 (98 in rep 0) data={'Task': 'LDT', 'TrialType': 'Target', 'Stimuli': 'feek', 'StimulusType': 'nonword', 'CorrectResponse': 'a', 'Trialnumb': 139, 'thisN': 98, 'thisTrialN': 98, 'thisRepN': 0}>
193.1585 	EXP 	LDT_fix_text: autoDraw = False
193.1585 	EXP 	LDT_stim_text: autoDraw = False
193.1585 	EXP 	LDT_break_text: autoDraw = False
193.1585 	EXP 	LDT_stim_text: height = np.float64(0.1)
193.1585 	EXP 	LDT_stim_text: height = np.float64(0.1)
193.1585 	EXP 	LDT_stim_text: height = np.float64(0.1)
193.1585 	EXP 	LDT_stim_text: text = 'feek'
193.1585 	EXP 	LDT_fix_text: autoDraw = True
193.1590 	DATA 	Keypress: l
193.2089 	EXP 	Device response: <KeyPress from None: t=193.14469899999995, value=l, duration=0.0637696999997388>
193.6423 	EXP 	LDT_stim_text: autoDraw = True
193.6507 	EXP 	LDT_fix_text: autoDraw = False
194.6020 	EXP 	Device response: <KeyPress from None: t=194.60034739999992, value=a, duration=None>
194.6023 	EXP 	New trial (rep=0, index=99): <Trial 99 (99 in rep 0) data={'Task': 'LDT', 'TrialType': 'Target', 'Stimuli': 'basp', 'StimulusType': 'nonword', 'CorrectResponse': 'a', 'Trialnumb': 118, 'thisN': 99, 'thisTrialN': 99, 'thisRepN': 0}>
194.6100 	EXP 	LDT_fix_text: autoDraw = False
194.6100 	EXP 	LDT_stim_text: autoDraw = False
194.6100 	EXP 	LDT_break_text: autoDraw = False
194.6100 	EXP 	LDT_stim_text: height = np.float64(0.1)
194.6100 	EXP 	LDT_stim_text: height = np.float64(0.1)
194.6100 	EXP 	LDT_stim_text: height = np.float64(0.1)
194.6100 	EXP 	LDT_stim_text: text = 'basp'
194.6100 	EXP 	LDT_fix_text: autoDraw = True
194.6105 	DATA 	Keypress: a
194.7438 	EXP 	Device response: <KeyPress from None: t=194.60034739999992, value=a, duration=0.13653739999972458>
195.0938 	EXP 	LDT_stim_text: autoDraw = True
195.1021 	EXP 	LDT_fix_text: autoDraw = False
196.0534 	EXP 	Device response: <KeyPress from None: t=196.04825349999965, value=a, duration=None>
196.0536 	EXP 	New trial (rep=0, index=100): <Trial 100 (100 in rep 0) data={'Task': 'LDT', 'TrialType': 'Target', 'Stimuli': 'rorn', 'StimulusType': 'nonword', 'CorrectResponse': 'a', 'Trialnumb': 185, 'thisN': 100, 'thisTrialN': 100, 'thisRepN': 0}>
196.0614 	EXP 	LDT_fix_text: autoDraw = False
196.0614 	EXP 	LDT_stim_text: autoDraw = False
196.0614 	EXP 	LDT_break_text: autoDraw = False
196.0614 	EXP 	LDT_stim_text: height = np.float64(0.1)
196.0614 	EXP 	LDT_stim_text: height = np.float64(0.1)
196.0614 	EXP 	LDT_stim_text: height = np.float64(0.1)
196.0614 	EXP 	LDT_stim_text: text = 'rorn'
196.0614 	EXP 	LDT_fix_text: autoDraw = True
196.0620 	DATA 	Keypress: a
196.1785 	EXP 	Device response: <KeyPress from None: t=196.04825349999965, value=a, duration=0.1286880000002384>
196.5452 	EXP 	LDT_stim_text: autoDraw = True
196.5536 	EXP 	LDT_fix_text: autoDraw = False
197.8552 	EXP 	Device response: <KeyPress from None: t=197.84891889999972, value=a, duration=None>
197.8554 	EXP 	New trial (rep=0, index=101): <Trial 101 (101 in rep 0) data={'Task': 'LDT', 'TrialType': 'Target', 'Stimuli': 'trin', 'StimulusType': 'nonword', 'CorrectResponse': 'a', 'Trialnumb': 207, 'thisN': 101, 'thisTrialN': 101, 'thisRepN': 0}>
197.8633 	EXP 	LDT_fix_text: autoDraw = False
197.8633 	EXP 	LDT_stim_text: autoDraw = False
197.8633 	EXP 	LDT_break_text: autoDraw = False
197.8633 	EXP 	LDT_stim_text: height = np.float64(0.1)
197.8633 	EXP 	LDT_stim_text: height = np.float64(0.1)
197.8633 	EXP 	LDT_stim_text: height = np.float64(0.1)
197.8633 	EXP 	LDT_stim_text: text = 'trin'
197.8633 	EXP 	LDT_fix_text: autoDraw = True
197.8640 	DATA 	Keypress: a
197.9637 	EXP 	Device response: <KeyPress from None: t=197.84891889999972, value=a, duration=0.11139840000032564>
198.3470 	EXP 	LDT_stim_text: autoDraw = True
198.3554 	EXP 	LDT_fix_text: autoDraw = False
199.0397 	EXP 	Device response: <KeyPress from None: t=199.03235769999992, value=a, duration=None>
199.0399 	EXP 	New trial (rep=0, index=102): <Trial 102 (102 in rep 0) data={'Task': 'LDT', 'TrialType': 'Target', 'Stimuli': 'air', 'StimulusType': 'word', 'CorrectResponse': 'l', 'Trialnumb': 34, 'thisN': 102, 'thisTrialN': 102, 'thisRepN': 0}>
199.0478 	EXP 	LDT_fix_text: autoDraw = False
199.0478 	EXP 	LDT_stim_text: autoDraw = False
199.0478 	EXP 	LDT_break_text: autoDraw = False
199.0478 	EXP 	LDT_stim_text: height = np.float64(0.1)
199.0478 	EXP 	LDT_stim_text: height = np.float64(0.1)
199.0478 	EXP 	LDT_stim_text: height = np.float64(0.1)
199.0478 	EXP 	LDT_stim_text: text = 'air'
199.0478 	EXP 	LDT_fix_text: autoDraw = True
199.0484 	DATA 	Keypress: a
199.1481 	EXP 	Device response: <KeyPress from None: t=199.03235769999992, value=a, duration=0.11236039999994318>
199.5315 	EXP 	LDT_stim_text: autoDraw = True
199.5399 	EXP 	LDT_fix_text: autoDraw = False
200.0574 	EXP 	Device response: <KeyPress from None: t=200.0561828, value=l, duration=None>
200.0577 	EXP 	New trial (rep=0, index=103): <Trial 103 (103 in rep 0) data={'Task': 'LDT', 'TrialType': 'Target', 'Stimuli': 'buy', 'StimulusType': 'word', 'CorrectResponse': 'l', 'Trialnumb': 25, 'thisN': 103, 'thisTrialN': 103, 'thisRepN': 0}>
200.0654 	EXP 	LDT_fix_text: autoDraw = False
200.0654 	EXP 	LDT_stim_text: autoDraw = False
200.0654 	EXP 	LDT_break_text: autoDraw = False
200.0654 	EXP 	LDT_stim_text: height = np.float64(0.1)
200.0654 	EXP 	LDT_stim_text: height = np.float64(0.1)
200.0654 	EXP 	LDT_stim_text: height = np.float64(0.1)
200.0654 	EXP 	LDT_stim_text: text = 'buy'
200.0654 	EXP 	LDT_fix_text: autoDraw = True
200.0659 	DATA 	Keypress: l
200.1574 	EXP 	Device response: <KeyPress from None: t=200.0561828, value=l, duration=0.0959248999997726>
200.5492 	EXP 	LDT_stim_text: autoDraw = True
200.5576 	EXP 	LDT_fix_text: autoDraw = False
201.1167 	EXP 	Device response: <KeyPress from None: t=201.11229409999987, value=l, duration=None>
201.1170 	EXP 	New trial (rep=0, index=104): <Trial 104 (104 in rep 0) data={'Task': 'LDT', 'TrialType': 'Target', 'Stimuli': 'here', 'StimulusType': 'word', 'CorrectResponse': 'l', 'Trialnumb': 4, 'thisN': 104, 'thisTrialN': 104, 'thisRepN': 0}>
201.1248 	EXP 	LDT_fix_text: autoDraw = False
201.1248 	EXP 	LDT_stim_text: autoDraw = False
201.1248 	EXP 	LDT_break_text: autoDraw = False
201.1248 	EXP 	LDT_stim_text: height = np.float64(0.1)
201.1248 	EXP 	LDT_stim_text: height = np.float64(0.1)
201.1248 	EXP 	LDT_stim_text: height = np.float64(0.1)
201.1248 	EXP 	LDT_stim_text: text = 'here'
201.1248 	EXP 	LDT_fix_text: autoDraw = True
201.1254 	DATA 	Keypress: l
201.2252 	EXP 	Device response: <KeyPress from None: t=201.11229409999987, value=l, duration=0.11185969999996814>
201.6086 	EXP 	LDT_stim_text: autoDraw = True
201.6169 	EXP 	LDT_fix_text: autoDraw = False
202.1928 	EXP 	Device response: <KeyPress from None: t=202.19208489999983, value=l, duration=None>
202.1930 	EXP 	New trial (rep=0, index=105): <Trial 105 (105 in rep 0) data={'Task': 'LDT', 'TrialType': 'Target', 'Stimuli': 'gaft', 'StimulusType': 'nonword', 'CorrectResponse': 'a', 'Trialnumb': 144, 'thisN': 105, 'thisTrialN': 105, 'thisRepN': 0}>
202.2009 	EXP 	LDT_fix_text: autoDraw = False
202.2009 	EXP 	LDT_stim_text: autoDraw = False
202.2009 	EXP 	LDT_break_text: autoDraw = False
202.2009 	EXP 	LDT_stim_text: height = np.float64(0.1)
202.2009 	EXP 	LDT_stim_text: height = np.float64(0.1)
202.2009 	EXP 	LDT_stim_text: height = np.float64(0.1)
202.2009 	EXP 	LDT_stim_text: text = 'gaft'
202.2009 	EXP 	LDT_fix_text: autoDraw = True
202.2014 	DATA 	Keypress: l
202.3013 	EXP 	Device response: <KeyPress from None: t=202.19208489999983, value=l, duration=0.10450369999989562>
202.6847 	EXP 	LDT_stim_text: autoDraw = True
202.6930 	EXP 	LDT_fix_text: autoDraw = False
204.2116 	EXP 	Device response: <KeyPress from None: t=204.20916869999974, value=a, duration=None>
204.2118 	EXP 	New trial (rep=0, index=106): <Trial 106 (106 in rep 0) data={'Task': 'LDT', 'TrialType': 'Target', 'Stimuli': 'back', 'StimulusType': 'word', 'CorrectResponse': 'l', 'Trialnumb': 8, 'thisN': 106, 'thisTrialN': 106, 'thisRepN': 0}>
204.2195 	EXP 	LDT_fix_text: autoDraw = False
204.2195 	EXP 	LDT_stim_text: autoDraw = False
204.2195 	EXP 	LDT_break_text: autoDraw = False
204.2195 	EXP 	LDT_stim_text: height = np.float64(0.1)
204.2195 	EXP 	LDT_stim_text: height = np.float64(0.1)
204.2195 	EXP 	LDT_stim_text: height = np.float64(0.1)
204.2195 	EXP 	LDT_stim_text: text = 'back'
204.2195 	EXP 	LDT_fix_text: autoDraw = True
204.2200 	DATA 	Keypress: a
204.3449 	EXP 	Device response: <KeyPress from None: t=204.20916869999974, value=a, duration=0.13481400000000576>
204.7034 	EXP 	LDT_stim_text: autoDraw = True
204.7117 	EXP 	LDT_fix_text: autoDraw = False
205.2125 	EXP 	Device response: <KeyPress from None: t=205.20801959999972, value=l, duration=None>
205.2127 	EXP 	New trial (rep=0, index=107): <Trial 107 (107 in rep 0) data={'Task': 'LDT', 'TrialType': 'Target', 'Stimuli': 'bust', 'StimulusType': 'word', 'CorrectResponse': 'l', 'Trialnumb': 91, 'thisN': 107, 'thisTrialN': 107, 'thisRepN': 0}>
205.2206 	EXP 	LDT_fix_text: autoDraw = False
205.2206 	EXP 	LDT_stim_text: autoDraw = False
205.2206 	EXP 	LDT_break_text: autoDraw = False
205.2206 	EXP 	LDT_stim_text: height = np.float64(0.1)
205.2206 	EXP 	LDT_stim_text: height = np.float64(0.1)
205.2206 	EXP 	LDT_stim_text: height = np.float64(0.1)
205.2206 	EXP 	LDT_stim_text: text = 'bust'
205.2206 	EXP 	LDT_fix_text: autoDraw = True
205.2212 	DATA 	Keypress: l
205.3126 	EXP 	Device response: <KeyPress from None: t=205.20801959999972, value=l, duration=0.10404940000034912>
205.7044 	EXP 	LDT_stim_text: autoDraw = True
205.7127 	EXP 	LDT_fix_text: autoDraw = False
206.9393 	EXP 	Device response: <KeyPress from None: t=206.93623959999968, value=l, duration=None>
206.9396 	EXP 	New trial (rep=0, index=108): <Trial 108 (108 in rep 0) data={'Task': 'LDT', 'TrialType': 'Target', 'Stimuli': 'wass', 'StimulusType': 'nonword', 'CorrectResponse': 'a', 'Trialnumb': 215, 'thisN': 108, 'thisTrialN': 108, 'thisRepN': 0}>
206.9474 	EXP 	LDT_fix_text: autoDraw = False
206.9474 	EXP 	LDT_stim_text: autoDraw = False
206.9474 	EXP 	LDT_break_text: autoDraw = False
206.9474 	EXP 	LDT_stim_text: height = np.float64(0.1)
206.9474 	EXP 	LDT_stim_text: height = np.float64(0.1)
206.9474 	EXP 	LDT_stim_text: height = np.float64(0.1)
206.9474 	EXP 	LDT_stim_text: text = 'wass'
206.9474 	EXP 	LDT_fix_text: autoDraw = True
206.9479 	DATA 	Keypress: l
207.0728 	EXP 	Device response: <KeyPress from None: t=206.93623959999968, value=l, duration=0.12811660000033953>
207.4311 	EXP 	LDT_stim_text: autoDraw = True
207.4394 	EXP 	LDT_fix_text: autoDraw = False
208.2238 	EXP 	Device response: <KeyPress from None: t=208.21657000000005, value=a, duration=None>
208.2240 	EXP 	New trial (rep=0, index=109): <Trial 109 (109 in rep 0) data={'Task': 'LDT', 'TrialType': 'Target', 'Stimuli': 'zall', 'StimulusType': 'nonword', 'CorrectResponse': 'a', 'Trialnumb': 221, 'thisN': 109, 'thisTrialN': 109, 'thisRepN': 0}>
208.2319 	EXP 	LDT_fix_text: autoDraw = False
208.2319 	EXP 	LDT_stim_text: autoDraw = False
208.2319 	EXP 	LDT_break_text: autoDraw = False
208.2319 	EXP 	LDT_stim_text: height = np.float64(0.1)
208.2319 	EXP 	LDT_stim_text: height = np.float64(0.1)
208.2319 	EXP 	LDT_stim_text: height = np.float64(0.1)
208.2319 	EXP 	LDT_stim_text: text = 'zall'
208.2319 	EXP 	LDT_fix_text: autoDraw = True
208.2324 	DATA 	Keypress: a
208.3322 	EXP 	Device response: <KeyPress from None: t=208.21657000000005, value=a, duration=0.1113719999998466>
208.7157 	EXP 	LDT_stim_text: autoDraw = True
208.7240 	EXP 	LDT_fix_text: autoDraw = False
209.2999 	EXP 	Device response: <KeyPress from None: t=209.29591779999964, value=a, duration=None>
209.3002 	EXP 	New trial (rep=0, index=110): <Trial 110 (110 in rep 0) data={'Task': 'LDT', 'TrialType': 'Target', 'Stimuli': 'mina', 'StimulusType': 'nonword', 'CorrectResponse': 'a', 'Trialnumb': 173, 'thisN': 110, 'thisTrialN': 110, 'thisRepN': 0}>
209.3079 	EXP 	LDT_fix_text: autoDraw = False
209.3079 	EXP 	LDT_stim_text: autoDraw = False
209.3079 	EXP 	LDT_break_text: autoDraw = False
209.3079 	EXP 	LDT_stim_text: height = np.float64(0.1)
209.3079 	EXP 	LDT_stim_text: height = np.float64(0.1)
209.3079 	EXP 	LDT_stim_text: height = np.float64(0.1)
209.3079 	EXP 	LDT_stim_text: text = 'mina'
209.3079 	EXP 	LDT_fix_text: autoDraw = True
209.3085 	DATA 	Keypress: a
209.4501 	EXP 	Device response: <KeyPress from None: t=209.29591779999964, value=a, duration=0.15342010000040318>
209.7917 	EXP 	LDT_stim_text: autoDraw = True
209.8001 	EXP 	LDT_fix_text: autoDraw = False
210.5594 	EXP 	Device response: <KeyPress from None: t=210.5520434, value=a, duration=None>
210.5597 	EXP 	New trial (rep=0, index=111): <Trial 111 (111 in rep 0) data={'Task': 'LDT', 'TrialType': 'Target', 'Stimuli': 'toop', 'StimulusType': 'nonword', 'CorrectResponse': 'a', 'Trialnumb': 204, 'thisN': 111, 'thisTrialN': 111, 'thisRepN': 0}>
210.5675 	EXP 	LDT_fix_text: autoDraw = False
210.5675 	EXP 	LDT_stim_text: autoDraw = False
210.5675 	EXP 	LDT_break_text: autoDraw = False
210.5675 	EXP 	LDT_stim_text: height = np.float64(0.1)
210.5675 	EXP 	LDT_stim_text: height = np.float64(0.1)
210.5675 	EXP 	LDT_stim_text: height = np.float64(0.1)
210.5675 	EXP 	LDT_stim_text: text = 'toop'
210.5675 	EXP 	LDT_fix_text: autoDraw = True
210.5680 	DATA 	Keypress: a
210.6763 	EXP 	Device response: <KeyPress from None: t=210.5520434, value=a, duration=0.11989969999967798>
211.0513 	EXP 	LDT_stim_text: autoDraw = True
211.0597 	EXP 	LDT_fix_text: autoDraw = False
212.8368 	EXP 	Device response: <KeyPress from None: t=212.83272859999988, value=l, duration=None>
212.8371 	EXP 	New trial (rep=0, index=112): <Trial 112 (112 in rep 0) data={'Task': 'LDT', 'TrialType': 'Target', 'Stimuli': 'word', 'StimulusType': 'word', 'CorrectResponse': 'l', 'Trialnumb': 47, 'thisN': 112, 'thisTrialN': 112, 'thisRepN': 0}>
212.8448 	EXP 	LDT_fix_text: autoDraw = False
212.8448 	EXP 	LDT_stim_text: autoDraw = False
212.8448 	EXP 	LDT_break_text: autoDraw = False
212.8448 	EXP 	LDT_stim_text: height = np.float64(0.1)
212.8448 	EXP 	LDT_stim_text: height = np.float64(0.1)
212.8448 	EXP 	LDT_stim_text: height = np.float64(0.1)
212.8448 	EXP 	LDT_stim_text: text = 'word'
212.8448 	EXP 	LDT_fix_text: autoDraw = True
212.8453 	DATA 	Keypress: l
212.9452 	EXP 	Device response: <KeyPress from None: t=212.83272859999988, value=l, duration=0.11124229999995805>
213.3286 	EXP 	LDT_stim_text: autoDraw = True
213.3369 	EXP 	LDT_fix_text: autoDraw = False
214.2382 	EXP 	Device response: <KeyPress from None: t=214.2323735, value=l, duration=None>
214.2384 	EXP 	New trial (rep=0, index=113): <Trial 113 (113 in rep 0) data={'Task': 'LDT', 'TrialType': 'Target', 'Stimuli': 'seef', 'StimulusType': 'nonword', 'CorrectResponse': 'a', 'Trialnumb': 187, 'thisN': 113, 'thisTrialN': 113, 'thisRepN': 0}>
214.2463 	EXP 	LDT_fix_text: autoDraw = False
214.2463 	EXP 	LDT_stim_text: autoDraw = False
214.2463 	EXP 	LDT_break_text: autoDraw = False
214.2463 	EXP 	LDT_stim_text: height = np.float64(0.1)
214.2463 	EXP 	LDT_stim_text: height = np.float64(0.1)
214.2463 	EXP 	LDT_stim_text: height = np.float64(0.1)
214.2463 	EXP 	LDT_stim_text: text = 'seef'
214.2463 	EXP 	LDT_fix_text: autoDraw = True
214.2467 	DATA 	Keypress: l
214.3299 	EXP 	Device response: <KeyPress from None: t=214.2323735, value=l, duration=0.09579319999966174>
214.7300 	EXP 	LDT_stim_text: autoDraw = True
214.7383 	EXP 	LDT_fix_text: autoDraw = False
215.4060 	EXP 	Device response: <KeyPress from None: t=215.40007990000004, value=a, duration=None>
215.4062 	EXP 	New trial (rep=0, index=114): <Trial 114 (114 in rep 0) data={'Task': 'LDT', 'TrialType': 'Target', 'Stimuli': 'gali', 'StimulusType': 'nonword', 'CorrectResponse': 'a', 'Trialnumb': 113, 'thisN': 114, 'thisTrialN': 114, 'thisRepN': 0}>
215.4140 	EXP 	LDT_fix_text: autoDraw = False
215.4140 	EXP 	LDT_stim_text: autoDraw = False
215.4140 	EXP 	LDT_break_text: autoDraw = False
215.4140 	EXP 	LDT_stim_text: height = np.float64(0.1)
215.4140 	EXP 	LDT_stim_text: height = np.float64(0.1)
215.4140 	EXP 	LDT_stim_text: height = np.float64(0.1)
215.4140 	EXP 	LDT_stim_text: text = 'gali'
215.4140 	EXP 	LDT_fix_text: autoDraw = True
215.4146 	DATA 	Keypress: a
215.5144 	EXP 	Device response: <KeyPress from None: t=215.40007990000004, value=a, duration=0.1132818999999472>
215.8978 	EXP 	LDT_stim_text: autoDraw = True
215.9062 	EXP 	LDT_fix_text: autoDraw = False
216.8074 	EXP 	Device response: <KeyPress from None: t=216.80010589999983, value=a, duration=None>
216.8076 	EXP 	New trial (rep=0, index=115): <Trial 115 (115 in rep 0) data={'Task': 'LDT', 'TrialType': 'Target', 'Stimuli': 'last', 'StimulusType': 'word', 'CorrectResponse': 'l', 'Trialnumb': 11, 'thisN': 115, 'thisTrialN': 115, 'thisRepN': 0}>
216.8155 	EXP 	LDT_fix_text: autoDraw = False
216.8155 	EXP 	LDT_stim_text: autoDraw = False
216.8155 	EXP 	LDT_break_text: autoDraw = False
216.8155 	EXP 	LDT_stim_text: height = np.float64(0.1)
216.8155 	EXP 	LDT_stim_text: height = np.float64(0.1)
216.8155 	EXP 	LDT_stim_text: height = np.float64(0.1)
216.8155 	EXP 	LDT_stim_text: text = 'last'
216.8155 	EXP 	LDT_fix_text: autoDraw = True
216.8160 	DATA 	Keypress: a
216.9574 	EXP 	Device response: <KeyPress from None: t=216.80010589999983, value=a, duration=0.15237269999988712>
217.2992 	EXP 	LDT_stim_text: autoDraw = True
217.3076 	EXP 	LDT_fix_text: autoDraw = False
217.8919 	EXP 	Device response: <KeyPress from None: t=217.8885379999997, value=l, duration=None>
217.8922 	EXP 	New trial (rep=0, index=116): <Trial 116 (116 in rep 0) data={'Task': 'LDT', 'TrialType': 'Target', 'Stimuli': 'hirs', 'StimulusType': 'nonword', 'CorrectResponse': 'a', 'Trialnumb': 153, 'thisN': 116, 'thisTrialN': 116, 'thisRepN': 0}>
217.8998 	EXP 	LDT_fix_text: autoDraw = False
217.8998 	EXP 	LDT_stim_text: autoDraw = False
217.8998 	EXP 	LDT_break_text: autoDraw = False
217.8998 	EXP 	LDT_stim_text: height = np.float64(0.1)
217.8998 	EXP 	LDT_stim_text: height = np.float64(0.1)
217.8998 	EXP 	LDT_stim_text: height = np.float64(0.1)
217.8998 	EXP 	LDT_stim_text: text = 'hirs'
217.8998 	EXP 	LDT_fix_text: autoDraw = True
217.9003 	DATA 	Keypress: l
217.9585 	EXP 	Device response: <KeyPress from None: t=217.8885379999997, value=l, duration=0.06400800000028539>
218.3836 	EXP 	LDT_stim_text: autoDraw = True
218.3920 	EXP 	LDT_fix_text: autoDraw = False
219.0930 	EXP 	Device response: <KeyPress from None: t=219.08856949999972, value=a, duration=None>
219.0932 	EXP 	New trial (rep=0, index=117): <Trial 117 (117 in rep 0) data={'Task': 'LDT', 'TrialType': 'Target', 'Stimuli': 'heat', 'StimulusType': 'word', 'CorrectResponse': 'l', 'Trialnumb': 79, 'thisN': 117, 'thisTrialN': 117, 'thisRepN': 0}>
219.1010 	EXP 	LDT_fix_text: autoDraw = False
219.1010 	EXP 	LDT_stim_text: autoDraw = False
219.1010 	EXP 	LDT_break_text: autoDraw = False
219.1010 	EXP 	LDT_stim_text: height = np.float64(0.1)
219.1010 	EXP 	LDT_stim_text: height = np.float64(0.1)
219.1010 	EXP 	LDT_stim_text: height = np.float64(0.1)
219.1010 	EXP 	LDT_stim_text: text = 'heat'
219.1010 	EXP 	LDT_fix_text: autoDraw = True
219.1016 	DATA 	Keypress: a
219.1847 	EXP 	Device response: <KeyPress from None: t=219.08856949999972, value=a, duration=0.08781840000028751>
219.5848 	EXP 	LDT_stim_text: autoDraw = True
219.5932 	EXP 	LDT_fix_text: autoDraw = False
220.1440 	EXP 	Device response: <KeyPress from None: t=220.1367209, value=l, duration=None>
220.1442 	EXP 	New trial (rep=0, index=118): <Trial 118 (118 in rep 0) data={'Task': 'LDT', 'TrialType': 'Target', 'Stimuli': 'bond', 'StimulusType': 'word', 'CorrectResponse': 'l', 'Trialnumb': 87, 'thisN': 118, 'thisTrialN': 118, 'thisRepN': 0}>
220.1521 	EXP 	LDT_fix_text: autoDraw = False
220.1521 	EXP 	LDT_stim_text: autoDraw = False
220.1521 	EXP 	LDT_break_text: autoDraw = False
220.1521 	EXP 	LDT_stim_text: height = np.float64(0.1)
220.1521 	EXP 	LDT_stim_text: height = np.float64(0.1)
220.1521 	EXP 	LDT_stim_text: height = np.float64(0.1)
220.1521 	EXP 	LDT_stim_text: text = 'bond'
220.1521 	EXP 	LDT_fix_text: autoDraw = True
220.1526 	DATA 	Keypress: l
220.2359 	EXP 	Device response: <KeyPress from None: t=220.1367209, value=l, duration=0.09562359999972614>
220.6359 	EXP 	LDT_stim_text: autoDraw = True
220.6442 	EXP 	LDT_fix_text: autoDraw = False
221.2450 	EXP 	Device response: <KeyPress from None: t=221.2402001999999, value=l, duration=None>
221.2453 	EXP 	New trial (rep=0, index=119): <Trial 119 (119 in rep 0) data={'Task': 'LDT', 'TrialType': 'Target', 'Stimuli': 'ugly', 'StimulusType': 'word', 'CorrectResponse': 'l', 'Trialnumb': 78, 'thisN': 119, 'thisTrialN': 119, 'thisRepN': 0}>
221.2532 	EXP 	LDT_fix_text: autoDraw = False
221.2532 	EXP 	LDT_stim_text: autoDraw = False
221.2532 	EXP 	LDT_break_text: autoDraw = False
221.2532 	EXP 	LDT_stim_text: height = np.float64(0.1)
221.2532 	EXP 	LDT_stim_text: height = np.float64(0.1)
221.2532 	EXP 	LDT_stim_text: height = np.float64(0.1)
221.2532 	EXP 	LDT_stim_text: text = 'ugly'
221.2532 	EXP 	LDT_fix_text: autoDraw = True
221.2536 	DATA 	Keypress: l
221.3369 	EXP 	Device response: <KeyPress from None: t=221.2402001999999, value=l, duration=0.0962786000000051>
221.7370 	EXP 	LDT_stim_text: autoDraw = True
221.7453 	EXP 	LDT_fix_text: autoDraw = False
222.3378 	EXP 	Device response: <KeyPress from None: t=222.32948629999964, value=l, duration=None>
222.3389 	DATA 	Keypress: l
222.3460 	EXP 	LDT_fix_text: autoDraw = False
222.3460 	EXP 	LDT_stim_text: autoDraw = False
222.3460 	EXP 	LDT_break_text: autoDraw = True
222.4380 	EXP 	Device response: <KeyPress from None: t=222.32948629999964, value=l, duration=0.10318570000026739>
247.4628 	EXP 	Device response: <KeyPress from None: t=247.45685439999988, value=space, duration=None>
247.4630 	EXP 	New trial (rep=0, index=120): <Trial 120 (120 in rep 0) data={'Task': 'LDT', 'TrialType': 'Target', 'Stimuli': 'look', 'StimulusType': 'word', 'CorrectResponse': 'l', 'Trialnumb': 2, 'thisN': 120, 'thisTrialN': 120, 'thisRepN': 0}>
247.4709 	EXP 	LDT_break_text: autoDraw = False
247.4709 	EXP 	LDT_stim_text: height = np.float64(0.1)
247.4709 	EXP 	LDT_stim_text: height = np.float64(0.1)
247.4709 	EXP 	LDT_stim_text: height = np.float64(0.1)
247.4709 	EXP 	LDT_stim_text: text = 'look'
247.4709 	EXP 	LDT_fix_text: autoDraw = True
247.4715 	DATA 	Keypress: space
247.5713 	EXP 	Device response: <KeyPress from None: t=247.45685439999988, value=space, duration=0.11143949999996039>
247.9547 	EXP 	LDT_stim_text: autoDraw = True
247.9631 	EXP 	LDT_fix_text: autoDraw = False
248.8642 	EXP 	Device response: <KeyPress from None: t=248.85651949999965, value=l, duration=None>
248.8645 	EXP 	New trial (rep=0, index=121): <Trial 121 (121 in rep 0) data={'Task': 'LDT', 'TrialType': 'Target', 'Stimuli': 'beah', 'StimulusType': 'nonword', 'CorrectResponse': 'a', 'Trialnumb': 119, 'thisN': 121, 'thisTrialN': 121, 'thisRepN': 0}>
248.8723 	EXP 	LDT_fix_text: autoDraw = False
248.8723 	EXP 	LDT_stim_text: autoDraw = False
248.8723 	EXP 	LDT_break_text: autoDraw = False
248.8723 	EXP 	LDT_stim_text: height = np.float64(0.1)
248.8723 	EXP 	LDT_stim_text: height = np.float64(0.1)
248.8723 	EXP 	LDT_stim_text: height = np.float64(0.1)
248.8723 	EXP 	LDT_stim_text: text = 'beah'
248.8723 	EXP 	LDT_fix_text: autoDraw = True
248.8728 	DATA 	Keypress: l
248.9726 	EXP 	Device response: <KeyPress from None: t=248.85651949999965, value=l, duration=0.11194110000042201>
249.3561 	EXP 	LDT_stim_text: autoDraw = True
249.3645 	EXP 	LDT_fix_text: autoDraw = False
250.0905 	EXP 	Device response: <KeyPress from None: t=250.08969780000007, value=l, duration=None>
250.0907 	EXP 	New trial (rep=0, index=122): <Trial 122 (122 in rep 0) data={'Task': 'LDT', 'TrialType': 'Target', 'Stimuli': 'kire', 'StimulusType': 'nonword', 'CorrectResponse': 'a', 'Trialnumb': 166, 'thisN': 122, 'thisTrialN': 122, 'thisRepN': 0}>
250.0986 	EXP 	LDT_fix_text: autoDraw = False
250.0986 	EXP 	LDT_stim_text: autoDraw = False
250.0986 	EXP 	LDT_break_text: autoDraw = False
250.0986 	EXP 	LDT_stim_text: height = np.float64(0.1)
250.0986 	EXP 	LDT_stim_text: height = np.float64(0.1)
250.0986 	EXP 	LDT_stim_text: height = np.float64(0.1)
250.0986 	EXP 	LDT_stim_text: text = 'kire'
250.0986 	EXP 	LDT_fix_text: autoDraw = True
250.0991 	DATA 	Keypress: l
250.1822 	EXP 	Device response: <KeyPress from None: t=250.08969780000007, value=l, duration=0.08808619999990697>
250.5823 	EXP 	LDT_stim_text: autoDraw = True
250.5907 	EXP 	LDT_fix_text: autoDraw = False
251.5336 	EXP 	Device response: <KeyPress from None: t=251.52877629999966, value=a, duration=None>
251.5338 	EXP 	New trial (rep=0, index=123): <Trial 123 (123 in rep 0) data={'Task': 'LDT', 'TrialType': 'Target', 'Stimuli': 'spin', 'StimulusType': 'word', 'CorrectResponse': 'l', 'Trialnumb': 107, 'thisN': 123, 'thisTrialN': 123, 'thisRepN': 0}>
251.5416 	EXP 	LDT_fix_text: autoDraw = False
251.5416 	EXP 	LDT_stim_text: autoDraw = False
251.5416 	EXP 	LDT_break_text: autoDraw = False
251.5416 	EXP 	LDT_stim_text: height = np.float64(0.1)
251.5416 	EXP 	LDT_stim_text: height = np.float64(0.1)
251.5416 	EXP 	LDT_stim_text: height = np.float64(0.1)
251.5416 	EXP 	LDT_stim_text: text = 'spin'
251.5416 	EXP 	LDT_fix_text: autoDraw = True
251.5421 	DATA 	Keypress: a
251.6587 	EXP 	Device response: <KeyPress from None: t=251.52877629999966, value=a, duration=0.12836190000007264>
252.0254 	EXP 	LDT_stim_text: autoDraw = True
252.0338 	EXP 	LDT_fix_text: autoDraw = False
253.2102 	EXP 	Device response: <KeyPress from None: t=253.20970970000008, value=l, duration=None>
253.2105 	EXP 	New trial (rep=0, index=124): <Trial 124 (124 in rep 0) data={'Task': 'LDT', 'TrialType': 'Target', 'Stimuli': 'virus', 'StimulusType': 'word', 'CorrectResponse': 'l', 'Trialnumb': 100, 'thisN': 124, 'thisTrialN': 124, 'thisRepN': 0}>
253.2184 	EXP 	LDT_fix_text: autoDraw = False
253.2184 	EXP 	LDT_stim_text: autoDraw = False
253.2184 	EXP 	LDT_break_text: autoDraw = False
253.2184 	EXP 	LDT_stim_text: height = np.float64(0.1)
253.2184 	EXP 	LDT_stim_text: height = np.float64(0.1)
253.2184 	EXP 	LDT_stim_text: height = np.float64(0.1)
253.2184 	EXP 	LDT_stim_text: text = 'virus'
253.2184 	EXP 	LDT_fix_text: autoDraw = True
253.2188 	DATA 	Keypress: l
253.3103 	EXP 	Device response: <KeyPress from None: t=253.20970970000008, value=l, duration=0.09426039999971181>
253.7021 	EXP 	LDT_stim_text: autoDraw = True
253.7104 	EXP 	LDT_fix_text: autoDraw = False
256.5386 	EXP 	Device response: <KeyPress from None: t=256.5367419999998, value=l, duration=None>
256.5388 	EXP 	New trial (rep=0, index=125): <Trial 125 (125 in rep 0) data={'Task': 'LDT', 'TrialType': 'Target', 'Stimuli': 'hoon', 'StimulusType': 'nonword', 'CorrectResponse': 'a', 'Trialnumb': 155, 'thisN': 125, 'thisTrialN': 125, 'thisRepN': 0}>
256.5466 	EXP 	LDT_fix_text: autoDraw = False
256.5466 	EXP 	LDT_stim_text: autoDraw = False
256.5466 	EXP 	LDT_break_text: autoDraw = False
256.5466 	EXP 	LDT_stim_text: height = np.float64(0.1)
256.5466 	EXP 	LDT_stim_text: height = np.float64(0.1)
256.5466 	EXP 	LDT_stim_text: height = np.float64(0.1)
256.5466 	EXP 	LDT_stim_text: text = 'hoon'
256.5466 	EXP 	LDT_fix_text: autoDraw = True
256.5471 	DATA 	Keypress: l
256.6553 	EXP 	Device response: <KeyPress from None: t=256.5367419999998, value=l, duration=0.11206200000015087>
257.0304 	EXP 	LDT_stim_text: autoDraw = True
257.0387 	EXP 	LDT_fix_text: autoDraw = False
258.3570 	EXP 	Device response: <KeyPress from None: t=258.35224229999994, value=a, duration=None>
258.3573 	EXP 	New trial (rep=0, index=126): <Trial 126 (126 in rep 0) data={'Task': 'LDT', 'TrialType': 'Target', 'Stimuli': 'cast', 'StimulusType': 'word', 'CorrectResponse': 'l', 'Trialnumb': 95, 'thisN': 126, 'thisTrialN': 126, 'thisRepN': 0}>
258.3651 	EXP 	LDT_fix_text: autoDraw = False
258.3651 	EXP 	LDT_stim_text: autoDraw = False
258.3651 	EXP 	LDT_break_text: autoDraw = False
258.3651 	EXP 	LDT_stim_text: height = np.float64(0.1)
258.3651 	EXP 	LDT_stim_text: height = np.float64(0.1)
258.3651 	EXP 	LDT_stim_text: height = np.float64(0.1)
258.3651 	EXP 	LDT_stim_text: text = 'cast'
258.3651 	EXP 	LDT_fix_text: autoDraw = True
258.3657 	DATA 	Keypress: a
258.4821 	EXP 	Device response: <KeyPress from None: t=258.35224229999994, value=a, duration=0.12762190000012197>
258.8489 	EXP 	LDT_stim_text: autoDraw = True
258.8572 	EXP 	LDT_fix_text: autoDraw = False
260.0087 	EXP 	Device response: <KeyPress from None: t=260.0003778, value=l, duration=None>
260.0090 	EXP 	New trial (rep=0, index=127): <Trial 127 (127 in rep 0) data={'Task': 'LDT', 'TrialType': 'Target', 'Stimuli': 'war', 'StimulusType': 'word', 'CorrectResponse': 'l', 'Trialnumb': 55, 'thisN': 127, 'thisTrialN': 127, 'thisRepN': 0}>
260.0167 	EXP 	LDT_fix_text: autoDraw = False
260.0167 	EXP 	LDT_stim_text: autoDraw = False
260.0167 	EXP 	LDT_break_text: autoDraw = False
260.0167 	EXP 	LDT_stim_text: height = np.float64(0.1)
260.0167 	EXP 	LDT_stim_text: height = np.float64(0.1)
260.0167 	EXP 	LDT_stim_text: height = np.float64(0.1)
260.0167 	EXP 	LDT_stim_text: text = 'war'
260.0167 	EXP 	LDT_fix_text: autoDraw = True
260.0173 	DATA 	Keypress: l
260.1004 	EXP 	Device response: <KeyPress from None: t=260.0003778, value=l, duration=0.0957298999996965>
260.5005 	EXP 	LDT_stim_text: autoDraw = True
260.5089 	EXP 	LDT_fix_text: autoDraw = False
261.1181 	EXP 	Device response: <KeyPress from None: t=261.1128491999998, value=l, duration=None>
261.1184 	EXP 	New trial (rep=0, index=128): <Trial 128 (128 in rep 0) data={'Task': 'LDT', 'TrialType': 'Target', 'Stimuli': 'gied', 'StimulusType': 'nonword', 'CorrectResponse': 'a', 'Trialnumb': 146, 'thisN': 128, 'thisTrialN': 128, 'thisRepN': 0}>
261.1262 	EXP 	LDT_fix_text: autoDraw = False
261.1262 	EXP 	LDT_stim_text: autoDraw = False
261.1262 	EXP 	LDT_break_text: autoDraw = False
261.1262 	EXP 	LDT_stim_text: height = np.float64(0.1)
261.1262 	EXP 	LDT_stim_text: height = np.float64(0.1)
261.1262 	EXP 	LDT_stim_text: height = np.float64(0.1)
261.1262 	EXP 	LDT_stim_text: text = 'gied'
261.1262 	EXP 	LDT_fix_text: autoDraw = True
261.1268 	DATA 	Keypress: l
261.2099 	EXP 	Device response: <KeyPress from None: t=261.1128491999998, value=l, duration=0.09527990000015052>
261.6100 	EXP 	LDT_stim_text: autoDraw = True
261.6183 	EXP 	LDT_fix_text: autoDraw = False
262.9617 	EXP 	Device response: <KeyPress from None: t=262.96108209999966, value=a, duration=None>
262.9620 	EXP 	New trial (rep=0, index=129): <Trial 129 (129 in rep 0) data={'Task': 'LDT', 'TrialType': 'Target', 'Stimuli': 'pick', 'StimulusType': 'word', 'CorrectResponse': 'l', 'Trialnumb': 58, 'thisN': 129, 'thisTrialN': 129, 'thisRepN': 0}>
262.9697 	EXP 	LDT_fix_text: autoDraw = False
262.9697 	EXP 	LDT_stim_text: autoDraw = False
262.9697 	EXP 	LDT_break_text: autoDraw = False
262.9697 	EXP 	LDT_stim_text: height = np.float64(0.1)
262.9697 	EXP 	LDT_stim_text: height = np.float64(0.1)
262.9697 	EXP 	LDT_stim_text: height = np.float64(0.1)
262.9697 	EXP 	LDT_stim_text: text = 'pick'
262.9697 	EXP 	LDT_fix_text: autoDraw = True
262.9703 	DATA 	Keypress: a
263.0451 	EXP 	Device response: <KeyPress from None: t=262.96108209999966, value=a, duration=0.07925920000025144>
263.4536 	EXP 	LDT_stim_text: autoDraw = True
263.4618 	EXP 	LDT_fix_text: autoDraw = False
265.0388 	EXP 	Device response: <KeyPress from None: t=265.0327806999999, value=l, duration=None>
265.0390 	EXP 	New trial (rep=0, index=130): <Trial 130 (130 in rep 0) data={'Task': 'LDT', 'TrialType': 'Target', 'Stimuli': 'sere', 'StimulusType': 'nonword', 'CorrectResponse': 'a', 'Trialnumb': 190, 'thisN': 130, 'thisTrialN': 130, 'thisRepN': 0}>
265.0467 	EXP 	LDT_fix_text: autoDraw = False
265.0467 	EXP 	LDT_stim_text: autoDraw = False
265.0467 	EXP 	LDT_break_text: autoDraw = False
265.0467 	EXP 	LDT_stim_text: height = np.float64(0.1)
265.0467 	EXP 	LDT_stim_text: height = np.float64(0.1)
265.0467 	EXP 	LDT_stim_text: height = np.float64(0.1)
265.0467 	EXP 	LDT_stim_text: text = 'sere'
265.0467 	EXP 	LDT_fix_text: autoDraw = True
265.0473 	DATA 	Keypress: l
265.1304 	EXP 	Device response: <KeyPress from None: t=265.0327806999999, value=l, duration=0.0953337000000829>
265.5305 	EXP 	LDT_stim_text: autoDraw = True
265.5389 	EXP 	LDT_fix_text: autoDraw = False
266.3234 	EXP 	Device response: <KeyPress from None: t=266.32031849999976, value=a, duration=None>
266.3237 	EXP 	New trial (rep=0, index=131): <Trial 131 (131 in rep 0) data={'Task': 'LDT', 'TrialType': 'Target', 'Stimuli': 'stad', 'StimulusType': 'nonword', 'CorrectResponse': 'a', 'Trialnumb': 116, 'thisN': 131, 'thisTrialN': 131, 'thisRepN': 0}>
266.3314 	EXP 	LDT_fix_text: autoDraw = False
266.3314 	EXP 	LDT_stim_text: autoDraw = False
266.3314 	EXP 	LDT_break_text: autoDraw = False
266.3314 	EXP 	LDT_stim_text: height = np.float64(0.1)
266.3314 	EXP 	LDT_stim_text: height = np.float64(0.1)
266.3314 	EXP 	LDT_stim_text: height = np.float64(0.1)
266.3314 	EXP 	LDT_stim_text: text = 'stad'
266.3314 	EXP 	LDT_fix_text: autoDraw = True
266.3320 	DATA 	Keypress: a
266.4735 	EXP 	Device response: <KeyPress from None: t=266.32031849999976, value=a, duration=0.14474319999999352>
266.8152 	EXP 	LDT_stim_text: autoDraw = True
266.8235 	EXP 	LDT_fix_text: autoDraw = False
267.9749 	EXP 	Device response: <KeyPress from None: t=267.9688094999997, value=a, duration=None>
267.9752 	EXP 	New trial (rep=0, index=132): <Trial 132 (132 in rep 0) data={'Task': 'LDT', 'TrialType': 'Target', 'Stimuli': 'loil', 'StimulusType': 'nonword', 'CorrectResponse': 'a', 'Trialnumb': 170, 'thisN': 132, 'thisTrialN': 132, 'thisRepN': 0}>
267.9830 	EXP 	LDT_fix_text: autoDraw = False
267.9830 	EXP 	LDT_stim_text: autoDraw = False
267.9830 	EXP 	LDT_break_text: autoDraw = False
267.9830 	EXP 	LDT_stim_text: height = np.float64(0.1)
267.9830 	EXP 	LDT_stim_text: height = np.float64(0.1)
267.9830 	EXP 	LDT_stim_text: height = np.float64(0.1)
267.9830 	EXP 	LDT_stim_text: text = 'loil'
267.9830 	EXP 	LDT_fix_text: autoDraw = True
267.9835 	DATA 	Keypress: a
268.0918 	EXP 	Device response: <KeyPress from None: t=267.9688094999997, value=a, duration=0.11953670000002603>
268.4668 	EXP 	LDT_stim_text: autoDraw = True
268.4751 	EXP 	LDT_fix_text: autoDraw = False
269.2179 	EXP 	Device response: <KeyPress from None: t=269.21642889999976, value=a, duration=None>
269.2181 	EXP 	New trial (rep=0, index=133): <Trial 133 (133 in rep 0) data={'Task': 'LDT', 'TrialType': 'Target', 'Stimuli': 'bint', 'StimulusType': 'nonword', 'CorrectResponse': 'a', 'Trialnumb': 122, 'thisN': 133, 'thisTrialN': 133, 'thisRepN': 0}>
269.2262 	EXP 	LDT_fix_text: autoDraw = False
269.2262 	EXP 	LDT_stim_text: autoDraw = False
269.2262 	EXP 	LDT_break_text: autoDraw = False
269.2262 	EXP 	LDT_stim_text: height = np.float64(0.1)
269.2262 	EXP 	LDT_stim_text: height = np.float64(0.1)
269.2262 	EXP 	LDT_stim_text: height = np.float64(0.1)
269.2262 	EXP 	LDT_stim_text: text = 'bint'
269.2262 	EXP 	LDT_fix_text: autoDraw = True
269.2266 	DATA 	Keypress: a
269.3262 	EXP 	Device response: <KeyPress from None: t=269.21642889999976, value=a, duration=0.10414470000023357>
269.7097 	EXP 	LDT_stim_text: autoDraw = True
269.7180 	EXP 	LDT_fix_text: autoDraw = False
270.3693 	EXP 	Device response: <KeyPress from None: t=270.36896179999985, value=a, duration=None>
270.3775 	EXP 	New trial (rep=0, index=134): <Trial 134 (134 in rep 0) data={'Task': 'LDT', 'TrialType': 'Target', 'Stimuli': 'water', 'StimulusType': 'word', 'CorrectResponse': 'l', 'Trialnumb': 3, 'thisN': 134, 'thisTrialN': 134, 'thisRepN': 0}>
270.3792 	DATA 	Keypress: a
270.3854 	EXP 	LDT_fix_text: autoDraw = False
270.3854 	EXP 	LDT_stim_text: autoDraw = False
270.3854 	EXP 	LDT_break_text: autoDraw = False
270.3854 	EXP 	LDT_stim_text: height = np.float64(0.1)
270.3854 	EXP 	LDT_stim_text: height = np.float64(0.1)
270.3854 	EXP 	LDT_stim_text: height = np.float64(0.1)
270.3854 	EXP 	LDT_stim_text: text = 'water'
270.3854 	EXP 	LDT_fix_text: autoDraw = True
270.5109 	EXP 	Device response: <KeyPress from None: t=270.36896179999985, value=a, duration=0.13551950000010038>
270.8692 	EXP 	LDT_stim_text: autoDraw = True
270.8775 	EXP 	LDT_fix_text: autoDraw = False
271.3366 	EXP 	Device response: <KeyPress from None: t=271.33588859999963, value=l, duration=None>
271.3368 	EXP 	New trial (rep=0, index=135): <Trial 135 (135 in rep 0) data={'Task': 'LDT', 'TrialType': 'Target', 'Stimuli': 'rap', 'StimulusType': 'word', 'CorrectResponse': 'l', 'Trialnumb': 109, 'thisN': 135, 'thisTrialN': 135, 'thisRepN': 0}>
271.3446 	EXP 	LDT_fix_text: autoDraw = False
271.3446 	EXP 	LDT_stim_text: autoDraw = False
271.3446 	EXP 	LDT_break_text: autoDraw = False
271.3446 	EXP 	LDT_stim_text: height = np.float64(0.1)
271.3446 	EXP 	LDT_stim_text: height = np.float64(0.1)
271.3446 	EXP 	LDT_stim_text: height = np.float64(0.1)
271.3446 	EXP 	LDT_stim_text: text = 'rap'
271.3446 	EXP 	LDT_fix_text: autoDraw = True
271.3451 	DATA 	Keypress: l
271.4285 	EXP 	Device response: <KeyPress from None: t=271.33588859999963, value=l, duration=0.08813950000012483>
271.8284 	EXP 	LDT_stim_text: autoDraw = True
271.8368 	EXP 	LDT_fix_text: autoDraw = False
273.7474 	EXP 	Device response: <KeyPress from None: t=273.7443822, value=a, duration=None>
273.7476 	EXP 	New trial (rep=0, index=136): <Trial 136 (136 in rep 0) data={'Task': 'LDT', 'TrialType': 'Target', 'Stimuli': 'yell', 'StimulusType': 'word', 'CorrectResponse': 'l', 'Trialnumb': 101, 'thisN': 136, 'thisTrialN': 136, 'thisRepN': 0}>
273.7554 	EXP 	LDT_fix_text: autoDraw = False
273.7554 	EXP 	LDT_stim_text: autoDraw = False
273.7554 	EXP 	LDT_break_text: autoDraw = False
273.7554 	EXP 	LDT_stim_text: height = np.float64(0.1)
273.7554 	EXP 	LDT_stim_text: height = np.float64(0.1)
273.7554 	EXP 	LDT_stim_text: height = np.float64(0.1)
273.7554 	EXP 	LDT_stim_text: text = 'yell'
273.7554 	EXP 	LDT_fix_text: autoDraw = True
273.7559 	DATA 	Keypress: a
273.8808 	EXP 	Device response: <KeyPress from None: t=273.7443822, value=a, duration=0.13565939999989496>
274.2392 	EXP 	LDT_stim_text: autoDraw = True
274.2475 	EXP 	LDT_fix_text: autoDraw = False
274.9318 	EXP 	Device response: <KeyPress from None: t=274.92808799999966, value=a, duration=None>
274.9320 	EXP 	New trial (rep=0, index=137): <Trial 137 (137 in rep 0) data={'Task': 'LDT', 'TrialType': 'Target', 'Stimuli': 'burz', 'StimulusType': 'nonword', 'CorrectResponse': 'a', 'Trialnumb': 112, 'thisN': 137, 'thisTrialN': 137, 'thisRepN': 0}>
274.9400 	EXP 	LDT_fix_text: autoDraw = False
274.9400 	EXP 	LDT_stim_text: autoDraw = False
274.9400 	EXP 	LDT_break_text: autoDraw = False
274.9400 	EXP 	LDT_stim_text: height = np.float64(0.1)
274.9400 	EXP 	LDT_stim_text: height = np.float64(0.1)
274.9400 	EXP 	LDT_stim_text: height = np.float64(0.1)
274.9400 	EXP 	LDT_stim_text: text = 'burz'
274.9400 	EXP 	LDT_fix_text: autoDraw = True
274.9406 	DATA 	Keypress: a
275.0737 	EXP 	Device response: <KeyPress from None: t=274.92808799999966, value=a, duration=0.1438041000001249>
275.4237 	EXP 	LDT_stim_text: autoDraw = True
275.4320 	EXP 	LDT_fix_text: autoDraw = False
276.0747 	EXP 	Device response: <KeyPress from None: t=276.0722197, value=a, duration=None>
276.0750 	EXP 	New trial (rep=0, index=138): <Trial 138 (138 in rep 0) data={'Task': 'LDT', 'TrialType': 'Target', 'Stimuli': 'kell', 'StimulusType': 'nonword', 'CorrectResponse': 'a', 'Trialnumb': 164, 'thisN': 138, 'thisTrialN': 138, 'thisRepN': 0}>
276.0827 	EXP 	LDT_fix_text: autoDraw = False
276.0827 	EXP 	LDT_stim_text: autoDraw = False
276.0827 	EXP 	LDT_break_text: autoDraw = False
276.0827 	EXP 	LDT_stim_text: height = np.float64(0.1)
276.0827 	EXP 	LDT_stim_text: height = np.float64(0.1)
276.0827 	EXP 	LDT_stim_text: height = np.float64(0.1)
276.0827 	EXP 	LDT_stim_text: text = 'kell'
276.0827 	EXP 	LDT_fix_text: autoDraw = True
276.0833 	DATA 	Keypress: a
276.2165 	EXP 	Device response: <KeyPress from None: t=276.0722197, value=a, duration=0.1439209000000119>
276.5665 	EXP 	LDT_stim_text: autoDraw = True
276.5749 	EXP 	LDT_fix_text: autoDraw = False
277.2175 	EXP 	Device response: <KeyPress from None: t=277.21010509999996, value=a, duration=None>
277.2177 	EXP 	New trial (rep=0, index=139): <Trial 139 (139 in rep 0) data={'Task': 'LDT', 'TrialType': 'Target', 'Stimuli': 'come', 'StimulusType': 'word', 'CorrectResponse': 'l', 'Trialnumb': 7, 'thisN': 139, 'thisTrialN': 139, 'thisRepN': 0}>
277.2255 	EXP 	LDT_fix_text: autoDraw = False
277.2255 	EXP 	LDT_stim_text: autoDraw = False
277.2255 	EXP 	LDT_break_text: autoDraw = False
277.2255 	EXP 	LDT_stim_text: height = np.float64(0.1)
277.2255 	EXP 	LDT_stim_text: height = np.float64(0.1)
277.2255 	EXP 	LDT_stim_text: height = np.float64(0.1)
277.2255 	EXP 	LDT_stim_text: text = 'come'
277.2255 	EXP 	LDT_fix_text: autoDraw = True
277.2261 	DATA 	Keypress: a
277.3509 	EXP 	Device response: <KeyPress from None: t=277.21010509999996, value=a, duration=0.1344344999997702>
277.7093 	EXP 	LDT_stim_text: autoDraw = True
277.7177 	EXP 	LDT_fix_text: autoDraw = False
278.1851 	EXP 	Device response: <KeyPress from None: t=278.1845278999999, value=l, duration=None>
278.1853 	EXP 	New trial (rep=0, index=140): <Trial 140 (140 in rep 0) data={'Task': 'LDT', 'TrialType': 'Target', 'Stimuli': 'toas', 'StimulusType': 'nonword', 'CorrectResponse': 'a', 'Trialnumb': 203, 'thisN': 140, 'thisTrialN': 140, 'thisRepN': 0}>
278.1932 	EXP 	LDT_fix_text: autoDraw = False
278.1932 	EXP 	LDT_stim_text: autoDraw = False
278.1932 	EXP 	LDT_break_text: autoDraw = False
278.1932 	EXP 	LDT_stim_text: height = np.float64(0.1)
278.1932 	EXP 	LDT_stim_text: height = np.float64(0.1)
278.1932 	EXP 	LDT_stim_text: height = np.float64(0.1)
278.1932 	EXP 	LDT_stim_text: text = 'toas'
278.1932 	EXP 	LDT_fix_text: autoDraw = True
278.1938 	DATA 	Keypress: l
278.2768 	EXP 	Device response: <KeyPress from None: t=278.1845278999999, value=l, duration=0.08751230000007126>
278.6770 	EXP 	LDT_stim_text: autoDraw = True
278.6853 	EXP 	LDT_fix_text: autoDraw = False
279.3029 	EXP 	Device response: <KeyPress from None: t=279.2966578999999, value=a, duration=None>
279.3031 	EXP 	New trial (rep=0, index=141): <Trial 141 (141 in rep 0) data={'Task': 'LDT', 'TrialType': 'Target', 'Stimuli': 'herl', 'StimulusType': 'nonword', 'CorrectResponse': 'a', 'Trialnumb': 152, 'thisN': 141, 'thisTrialN': 141, 'thisRepN': 0}>
279.3109 	EXP 	LDT_fix_text: autoDraw = False
279.3109 	EXP 	LDT_stim_text: autoDraw = False
279.3109 	EXP 	LDT_break_text: autoDraw = False
279.3109 	EXP 	LDT_stim_text: height = np.float64(0.1)
279.3109 	EXP 	LDT_stim_text: height = np.float64(0.1)
279.3109 	EXP 	LDT_stim_text: height = np.float64(0.1)
279.3109 	EXP 	LDT_stim_text: text = 'herl'
279.3109 	EXP 	LDT_fix_text: autoDraw = True
279.3114 	DATA 	Keypress: a
279.4112 	EXP 	Device response: <KeyPress from None: t=279.2966578999999, value=a, duration=0.11179420000007667>
279.7947 	EXP 	LDT_stim_text: autoDraw = True
279.8031 	EXP 	LDT_fix_text: autoDraw = False
280.5208 	EXP 	Device response: <KeyPress from None: t=280.51238429999967, value=a, duration=None>
280.5210 	EXP 	New trial (rep=0, index=142): <Trial 142 (142 in rep 0) data={'Task': 'LDT', 'TrialType': 'Target', 'Stimuli': 'tran', 'StimulusType': 'nonword', 'CorrectResponse': 'a', 'Trialnumb': 206, 'thisN': 142, 'thisTrialN': 142, 'thisRepN': 0}>
280.5225 	DATA 	Keypress: a
280.5288 	EXP 	LDT_fix_text: autoDraw = False
280.5288 	EXP 	LDT_stim_text: autoDraw = False
280.5288 	EXP 	LDT_break_text: autoDraw = False
280.5288 	EXP 	LDT_stim_text: height = np.float64(0.1)
280.5288 	EXP 	LDT_stim_text: height = np.float64(0.1)
280.5288 	EXP 	LDT_stim_text: height = np.float64(0.1)
280.5288 	EXP 	LDT_stim_text: text = 'tran'
280.5288 	EXP 	LDT_fix_text: autoDraw = True
280.6208 	EXP 	Device response: <KeyPress from None: t=280.51238429999967, value=a, duration=0.10389390000000276>
281.0126 	EXP 	LDT_stim_text: autoDraw = True
281.0210 	EXP 	LDT_fix_text: autoDraw = False
281.6970 	EXP 	Device response: <KeyPress from None: t=281.6963413999997, value=a, duration=None>
281.6972 	EXP 	New trial (rep=0, index=143): <Trial 143 (143 in rep 0) data={'Task': 'LDT', 'TrialType': 'Target', 'Stimuli': 'dass', 'StimulusType': 'nonword', 'CorrectResponse': 'a', 'Trialnumb': 135, 'thisN': 143, 'thisTrialN': 143, 'thisRepN': 0}>
281.7050 	EXP 	LDT_fix_text: autoDraw = False
281.7050 	EXP 	LDT_stim_text: autoDraw = False
281.7050 	EXP 	LDT_break_text: autoDraw = False
281.7050 	EXP 	LDT_stim_text: height = np.float64(0.1)
281.7050 	EXP 	LDT_stim_text: height = np.float64(0.1)
281.7050 	EXP 	LDT_stim_text: height = np.float64(0.1)
281.7050 	EXP 	LDT_stim_text: text = 'dass'
281.7050 	EXP 	LDT_fix_text: autoDraw = True
281.7054 	DATA 	Keypress: a
281.8221 	EXP 	Device response: <KeyPress from None: t=281.6963413999997, value=a, duration=0.12008749999995416>
282.1888 	EXP 	LDT_stim_text: autoDraw = True
282.1971 	EXP 	LDT_fix_text: autoDraw = False
283.0817 	EXP 	Device response: <KeyPress from None: t=283.0806257999998, value=a, duration=None>
283.0820 	EXP 	New trial (rep=0, index=144): <Trial 144 (144 in rep 0) data={'Task': 'LDT', 'TrialType': 'Target', 'Stimuli': 'vink', 'StimulusType': 'nonword', 'CorrectResponse': 'a', 'Trialnumb': 212, 'thisN': 144, 'thisTrialN': 144, 'thisRepN': 0}>
283.0898 	EXP 	LDT_fix_text: autoDraw = False
283.0898 	EXP 	LDT_stim_text: autoDraw = False
283.0898 	EXP 	LDT_break_text: autoDraw = False
283.0898 	EXP 	LDT_stim_text: height = np.float64(0.1)
283.0898 	EXP 	LDT_stim_text: height = np.float64(0.1)
283.0898 	EXP 	LDT_stim_text: height = np.float64(0.1)
283.0898 	EXP 	LDT_stim_text: text = 'vink'
283.0898 	EXP 	LDT_fix_text: autoDraw = True
283.0906 	DATA 	Keypress: a
283.2069 	EXP 	Device response: <KeyPress from None: t=283.0806257999998, value=a, duration=0.11990610000020752>
283.5735 	EXP 	LDT_stim_text: autoDraw = True
283.5818 	EXP 	LDT_fix_text: autoDraw = False
284.1243 	EXP 	Device response: <KeyPress from None: t=284.1198881, value=a, duration=None>
284.1246 	EXP 	New trial (rep=0, index=145): <Trial 145 (145 in rep 0) data={'Task': 'LDT', 'TrialType': 'Target', 'Stimuli': 'shoa', 'StimulusType': 'nonword', 'CorrectResponse': 'a', 'Trialnumb': 191, 'thisN': 145, 'thisTrialN': 145, 'thisRepN': 0}>
284.1324 	EXP 	LDT_fix_text: autoDraw = False
284.1324 	EXP 	LDT_stim_text: autoDraw = False
284.1324 	EXP 	LDT_break_text: autoDraw = False
284.1324 	EXP 	LDT_stim_text: height = np.float64(0.1)
284.1324 	EXP 	LDT_stim_text: height = np.float64(0.1)
284.1324 	EXP 	LDT_stim_text: height = np.float64(0.1)
284.1324 	EXP 	LDT_stim_text: text = 'shoa'
284.1324 	EXP 	LDT_fix_text: autoDraw = True
284.1330 	DATA 	Keypress: a
284.2494 	EXP 	Device response: <KeyPress from None: t=284.1198881, value=a, duration=0.1220578999996178>
284.6162 	EXP 	LDT_stim_text: autoDraw = True
284.6247 	EXP 	LDT_fix_text: autoDraw = False
285.1838 	EXP 	Device response: <KeyPress from None: t=285.17604089999986, value=a, duration=None>
285.1840 	EXP 	New trial (rep=0, index=146): <Trial 146 (146 in rep 0) data={'Task': 'LDT', 'TrialType': 'Target', 'Stimuli': 'hide', 'StimulusType': 'word', 'CorrectResponse': 'l', 'Trialnumb': 68, 'thisN': 146, 'thisTrialN': 146, 'thisRepN': 0}>
285.1918 	EXP 	LDT_fix_text: autoDraw = False
285.1918 	EXP 	LDT_stim_text: autoDraw = False
285.1918 	EXP 	LDT_break_text: autoDraw = False
285.1918 	EXP 	LDT_stim_text: height = np.float64(0.1)
285.1918 	EXP 	LDT_stim_text: height = np.float64(0.1)
285.1918 	EXP 	LDT_stim_text: height = np.float64(0.1)
285.1918 	EXP 	LDT_stim_text: text = 'hide'
285.1918 	EXP 	LDT_fix_text: autoDraw = True
285.1923 	DATA 	Keypress: a
285.3005 	EXP 	Device response: <KeyPress from None: t=285.17604089999986, value=a, duration=0.12139280000019426>
285.6756 	EXP 	LDT_stim_text: autoDraw = True
285.6841 	EXP 	LDT_fix_text: autoDraw = False
286.2265 	EXP 	Device response: <KeyPress from None: t=286.22545579999996, value=l, duration=None>
286.2267 	EXP 	New trial (rep=0, index=147): <Trial 147 (147 in rep 0) data={'Task': 'LDT', 'TrialType': 'Target', 'Stimuli': 'kild', 'StimulusType': 'nonword', 'CorrectResponse': 'a', 'Trialnumb': 165, 'thisN': 147, 'thisTrialN': 147, 'thisRepN': 0}>
286.2345 	EXP 	LDT_fix_text: autoDraw = False
286.2345 	EXP 	LDT_stim_text: autoDraw = False
286.2345 	EXP 	LDT_break_text: autoDraw = False
286.2345 	EXP 	LDT_stim_text: height = np.float64(0.1)
286.2345 	EXP 	LDT_stim_text: height = np.float64(0.1)
286.2345 	EXP 	LDT_stim_text: height = np.float64(0.1)
286.2345 	EXP 	LDT_stim_text: text = 'kild'
286.2345 	EXP 	LDT_fix_text: autoDraw = True
286.2351 	DATA 	Keypress: l
286.3348 	EXP 	Device response: <KeyPress from None: t=286.22545579999996, value=l, duration=0.1038776999998845>
286.7184 	EXP 	LDT_stim_text: autoDraw = True
286.7266 	EXP 	LDT_fix_text: autoDraw = False
287.6196 	EXP 	Device response: <KeyPress from None: t=287.61683330000005, value=a, duration=None>
287.6199 	EXP 	New trial (rep=0, index=148): <Trial 148 (148 in rep 0) data={'Task': 'LDT', 'TrialType': 'Target', 'Stimuli': 'strip', 'StimulusType': 'word', 'CorrectResponse': 'l', 'Trialnumb': 104, 'thisN': 148, 'thisTrialN': 148, 'thisRepN': 0}>
287.6276 	EXP 	LDT_fix_text: autoDraw = False
287.6276 	EXP 	LDT_stim_text: autoDraw = False
287.6276 	EXP 	LDT_break_text: autoDraw = False
287.6276 	EXP 	LDT_stim_text: height = np.float64(0.1)
287.6276 	EXP 	LDT_stim_text: height = np.float64(0.1)
287.6276 	EXP 	LDT_stim_text: height = np.float64(0.1)
287.6276 	EXP 	LDT_stim_text: text = 'strip'
287.6276 	EXP 	LDT_fix_text: autoDraw = True
287.6281 	DATA 	Keypress: a
287.7781 	EXP 	Device response: <KeyPress from None: t=287.61683330000005, value=a, duration=0.1599037999999382>
288.1113 	EXP 	LDT_stim_text: autoDraw = True
288.1197 	EXP 	LDT_fix_text: autoDraw = False
289.7467 	EXP 	Device response: <KeyPress from None: t=289.74486049999996, value=l, duration=None>
289.7470 	EXP 	New trial (rep=0, index=149): <Trial 149 (149 in rep 0) data={'Task': 'LDT', 'TrialType': 'Target', 'Stimuli': 'talm', 'StimulusType': 'nonword', 'CorrectResponse': 'a', 'Trialnumb': 202, 'thisN': 149, 'thisTrialN': 149, 'thisRepN': 0}>
289.7546 	EXP 	LDT_fix_text: autoDraw = False
289.7546 	EXP 	LDT_stim_text: autoDraw = False
289.7546 	EXP 	LDT_break_text: autoDraw = False
289.7546 	EXP 	LDT_stim_text: height = np.float64(0.1)
289.7546 	EXP 	LDT_stim_text: height = np.float64(0.1)
289.7546 	EXP 	LDT_stim_text: height = np.float64(0.1)
289.7546 	EXP 	LDT_stim_text: text = 'talm'
289.7546 	EXP 	LDT_fix_text: autoDraw = True
289.7552 	DATA 	Keypress: l
289.9051 	EXP 	Device response: <KeyPress from None: t=289.74486049999996, value=l, duration=0.15186229999972056>
290.2384 	EXP 	LDT_stim_text: autoDraw = True
290.2468 	EXP 	LDT_fix_text: autoDraw = False
290.8226 	EXP 	Device response: <KeyPress from None: t=290.81768250000005, value=a, duration=None>
290.8229 	EXP 	New trial (rep=0, index=150): <Trial 150 (150 in rep 0) data={'Task': 'LDT', 'TrialType': 'Target', 'Stimuli': 'party', 'StimulusType': 'word', 'CorrectResponse': 'l', 'Trialnumb': 59, 'thisN': 150, 'thisTrialN': 150, 'thisRepN': 0}>
290.8308 	EXP 	LDT_fix_text: autoDraw = False
290.8308 	EXP 	LDT_stim_text: autoDraw = False
290.8308 	EXP 	LDT_break_text: autoDraw = False
290.8308 	EXP 	LDT_stim_text: height = np.float64(0.1)
290.8308 	EXP 	LDT_stim_text: height = np.float64(0.1)
290.8308 	EXP 	LDT_stim_text: height = np.float64(0.1)
290.8308 	EXP 	LDT_stim_text: text = 'party'
290.8308 	EXP 	LDT_fix_text: autoDraw = True
290.8314 	DATA 	Keypress: a
290.9728 	EXP 	Device response: <KeyPress from None: t=290.81768250000005, value=a, duration=0.1503415999995923>
291.3145 	EXP 	LDT_stim_text: autoDraw = True
291.3229 	EXP 	LDT_fix_text: autoDraw = False
291.9072 	EXP 	Device response: <KeyPress from None: t=291.9047034, value=l, duration=None>
291.9074 	EXP 	New trial (rep=0, index=151): <Trial 151 (151 in rep 0) data={'Task': 'LDT', 'TrialType': 'Target', 'Stimuli': 'mize', 'StimulusType': 'nonword', 'CorrectResponse': 'a', 'Trialnumb': 174, 'thisN': 151, 'thisTrialN': 151, 'thisRepN': 0}>
291.9152 	EXP 	LDT_fix_text: autoDraw = False
291.9152 	EXP 	LDT_stim_text: autoDraw = False
291.9152 	EXP 	LDT_break_text: autoDraw = False
291.9152 	EXP 	LDT_stim_text: height = np.float64(0.1)
291.9152 	EXP 	LDT_stim_text: height = np.float64(0.1)
291.9152 	EXP 	LDT_stim_text: height = np.float64(0.1)
291.9152 	EXP 	LDT_stim_text: text = 'mize'
291.9152 	EXP 	LDT_fix_text: autoDraw = True
291.9158 	DATA 	Keypress: l
292.0072 	EXP 	Device response: <KeyPress from None: t=291.9047034, value=l, duration=0.09519030000001294>
292.3989 	EXP 	LDT_stim_text: autoDraw = True
292.4073 	EXP 	LDT_fix_text: autoDraw = False
293.9591 	EXP 	Device response: <KeyPress from None: t=293.9524932999998, value=a, duration=None>
293.9593 	EXP 	New trial (rep=0, index=152): <Trial 152 (152 in rep 0) data={'Task': 'LDT', 'TrialType': 'Target', 'Stimuli': 'hage', 'StimulusType': 'nonword', 'CorrectResponse': 'a', 'Trialnumb': 149, 'thisN': 152, 'thisTrialN': 152, 'thisRepN': 0}>
293.9672 	EXP 	LDT_fix_text: autoDraw = False
293.9672 	EXP 	LDT_stim_text: autoDraw = False
293.9672 	EXP 	LDT_break_text: autoDraw = False
293.9672 	EXP 	LDT_stim_text: height = np.float64(0.1)
293.9672 	EXP 	LDT_stim_text: height = np.float64(0.1)
293.9672 	EXP 	LDT_stim_text: height = np.float64(0.1)
293.9672 	EXP 	LDT_stim_text: text = 'hage'
293.9672 	EXP 	LDT_fix_text: autoDraw = True
293.9677 	DATA 	Keypress: a
294.0926 	EXP 	Device response: <KeyPress from None: t=293.9524932999998, value=a, duration=0.13683560000026773>
294.4510 	EXP 	LDT_stim_text: autoDraw = True
294.4594 	EXP 	LDT_fix_text: autoDraw = False
295.2272 	EXP 	Device response: <KeyPress from None: t=295.22559639999963, value=a, duration=None>
295.2274 	EXP 	New trial (rep=0, index=153): <Trial 153 (153 in rep 0) data={'Task': 'LDT', 'TrialType': 'Target', 'Stimuli': 'tuse', 'StimulusType': 'nonword', 'CorrectResponse': 'a', 'Trialnumb': 209, 'thisN': 153, 'thisTrialN': 153, 'thisRepN': 0}>
295.2351 	EXP 	LDT_fix_text: autoDraw = False
295.2351 	EXP 	LDT_stim_text: autoDraw = False
295.2351 	EXP 	LDT_break_text: autoDraw = False
295.2351 	EXP 	LDT_stim_text: height = np.float64(0.1)
295.2351 	EXP 	LDT_stim_text: height = np.float64(0.1)
295.2351 	EXP 	LDT_stim_text: height = np.float64(0.1)
295.2351 	EXP 	LDT_stim_text: text = 'tuse'
295.2351 	EXP 	LDT_fix_text: autoDraw = True
295.2356 	DATA 	Keypress: a
295.3271 	EXP 	Device response: <KeyPress from None: t=295.22559639999963, value=a, duration=0.09480520000033721>
295.7189 	EXP 	LDT_stim_text: autoDraw = True
295.7273 	EXP 	LDT_fix_text: autoDraw = False
296.4782 	EXP 	Device response: <KeyPress from None: t=296.47280299999966, value=a, duration=None>
296.4785 	EXP 	New trial (rep=0, index=154): <Trial 154 (154 in rep 0) data={'Task': 'LDT', 'TrialType': 'Target', 'Stimuli': 'ate', 'StimulusType': 'word', 'CorrectResponse': 'l', 'Trialnumb': 85, 'thisN': 154, 'thisTrialN': 154, 'thisRepN': 0}>
296.4864 	EXP 	LDT_fix_text: autoDraw = False
296.4864 	EXP 	LDT_stim_text: autoDraw = False
296.4864 	EXP 	LDT_break_text: autoDraw = False
296.4864 	EXP 	LDT_stim_text: height = np.float64(0.1)
296.4864 	EXP 	LDT_stim_text: height = np.float64(0.1)
296.4864 	EXP 	LDT_stim_text: height = np.float64(0.1)
296.4864 	EXP 	LDT_stim_text: text = 'ate'
296.4864 	EXP 	LDT_fix_text: autoDraw = True
296.4870 	DATA 	Keypress: a
296.5868 	EXP 	Device response: <KeyPress from None: t=296.47280299999966, value=a, duration=0.11169920000020284>
296.9701 	EXP 	LDT_stim_text: autoDraw = True
296.9785 	EXP 	LDT_fix_text: autoDraw = False
297.5627 	EXP 	Device response: <KeyPress from None: t=297.56006549999984, value=l, duration=None>
297.5629 	EXP 	New trial (rep=0, index=155): <Trial 155 (155 in rep 0) data={'Task': 'LDT', 'TrialType': 'Target', 'Stimuli': 'area', 'StimulusType': 'word', 'CorrectResponse': 'l', 'Trialnumb': 49, 'thisN': 155, 'thisTrialN': 155, 'thisRepN': 0}>
297.5707 	EXP 	LDT_fix_text: autoDraw = False
297.5707 	EXP 	LDT_stim_text: autoDraw = False
297.5707 	EXP 	LDT_break_text: autoDraw = False
297.5707 	EXP 	LDT_stim_text: height = np.float64(0.1)
297.5707 	EXP 	LDT_stim_text: height = np.float64(0.1)
297.5707 	EXP 	LDT_stim_text: height = np.float64(0.1)
297.5707 	EXP 	LDT_stim_text: text = 'area'
297.5707 	EXP 	LDT_fix_text: autoDraw = True
297.5713 	DATA 	Keypress: l
297.6545 	EXP 	Device response: <KeyPress from None: t=297.56006549999984, value=l, duration=0.08840730000019903>
298.0546 	EXP 	LDT_stim_text: autoDraw = True
298.0629 	EXP 	LDT_fix_text: autoDraw = False
298.6890 	EXP 	Device response: <KeyPress from None: t=298.6887082999997, value=l, duration=None>
298.6973 	EXP 	New trial (rep=0, index=156): <Trial 156 (156 in rep 0) data={'Task': 'LDT', 'TrialType': 'Target', 'Stimuli': 'junk', 'StimulusType': 'word', 'CorrectResponse': 'l', 'Trialnumb': 105, 'thisN': 156, 'thisTrialN': 156, 'thisRepN': 0}>
298.6985 	DATA 	Keypress: l
298.7052 	EXP 	LDT_fix_text: autoDraw = False
298.7052 	EXP 	LDT_stim_text: autoDraw = False
298.7052 	EXP 	LDT_break_text: autoDraw = False
298.7052 	EXP 	LDT_stim_text: height = np.float64(0.1)
298.7052 	EXP 	LDT_stim_text: height = np.float64(0.1)
298.7052 	EXP 	LDT_stim_text: height = np.float64(0.1)
298.7052 	EXP 	LDT_stim_text: text = 'junk'
298.7052 	EXP 	LDT_fix_text: autoDraw = True
298.7889 	EXP 	Device response: <KeyPress from None: t=298.6887082999997, value=l, duration=0.09542069999997693>
299.1890 	EXP 	LDT_stim_text: autoDraw = True
299.1973 	EXP 	LDT_fix_text: autoDraw = False
299.9984 	EXP 	Device response: <KeyPress from None: t=299.9930605999998, value=l, duration=None>
299.9987 	EXP 	New trial (rep=0, index=157): <Trial 157 (157 in rep 0) data={'Task': 'LDT', 'TrialType': 'Target', 'Stimuli': 'club', 'StimulusType': 'word', 'CorrectResponse': 'l', 'Trialnumb': 64, 'thisN': 157, 'thisTrialN': 157, 'thisRepN': 0}>
300.0065 	EXP 	LDT_fix_text: autoDraw = False
300.0065 	EXP 	LDT_stim_text: autoDraw = False
300.0065 	EXP 	LDT_break_text: autoDraw = False
300.0065 	EXP 	LDT_stim_text: height = np.float64(0.1)
300.0065 	EXP 	LDT_stim_text: height = np.float64(0.1)
300.0065 	EXP 	LDT_stim_text: height = np.float64(0.1)
300.0065 	EXP 	LDT_stim_text: text = 'club'
300.0065 	EXP 	LDT_fix_text: autoDraw = True
300.0071 	DATA 	Keypress: l
300.0736 	EXP 	Device response: <KeyPress from None: t=299.9930605999998, value=l, duration=0.07271709999986342>
300.4903 	EXP 	LDT_stim_text: autoDraw = True
300.4987 	EXP 	LDT_fix_text: autoDraw = False
301.2330 	EXP 	Device response: <KeyPress from None: t=301.2256715999997, value=l, duration=None>
301.2332 	EXP 	New trial (rep=0, index=158): <Trial 158 (158 in rep 0) data={'Task': 'LDT', 'TrialType': 'Target', 'Stimuli': 'saos', 'StimulusType': 'nonword', 'CorrectResponse': 'a', 'Trialnumb': 115, 'thisN': 158, 'thisTrialN': 158, 'thisRepN': 0}>
301.2412 	EXP 	LDT_fix_text: autoDraw = False
301.2412 	EXP 	LDT_stim_text: autoDraw = False
301.2412 	EXP 	LDT_break_text: autoDraw = False
301.2412 	EXP 	LDT_stim_text: height = np.float64(0.1)
301.2412 	EXP 	LDT_stim_text: height = np.float64(0.1)
301.2412 	EXP 	LDT_stim_text: height = np.float64(0.1)
301.2412 	EXP 	LDT_stim_text: text = 'saos'
301.2412 	EXP 	LDT_fix_text: autoDraw = True
301.2417 	DATA 	Keypress: l
301.3248 	EXP 	Device response: <KeyPress from None: t=301.2256715999997, value=l, duration=0.09432460000016363>
301.7249 	EXP 	LDT_stim_text: autoDraw = True
301.7332 	EXP 	LDT_fix_text: autoDraw = False
302.3175 	EXP 	Device response: <KeyPress from None: t=302.31254679999984, value=a, duration=None>
302.3177 	EXP 	New trial (rep=0, index=159): <Trial 159 (159 in rep 0) data={'Task': 'LDT', 'TrialType': 'Target', 'Stimuli': 'ient', 'StimulusType': 'nonword', 'CorrectResponse': 'a', 'Trialnumb': 157, 'thisN': 159, 'thisTrialN': 159, 'thisRepN': 0}>
302.3255 	EXP 	LDT_fix_text: autoDraw = False
302.3255 	EXP 	LDT_stim_text: autoDraw = False
302.3255 	EXP 	LDT_break_text: autoDraw = False
302.3255 	EXP 	LDT_stim_text: height = np.float64(0.1)
302.3255 	EXP 	LDT_stim_text: height = np.float64(0.1)
302.3255 	EXP 	LDT_stim_text: height = np.float64(0.1)
302.3255 	EXP 	LDT_stim_text: text = 'ient'
302.3255 	EXP 	LDT_fix_text: autoDraw = True
302.3261 	DATA 	Keypress: a
302.4426 	EXP 	Device response: <KeyPress from None: t=302.31254679999984, value=a, duration=0.12772919999997612>
302.8093 	EXP 	LDT_stim_text: autoDraw = True
302.8177 	EXP 	LDT_fix_text: autoDraw = False
303.3853 	EXP 	Device response: <KeyPress from None: t=303.3845852999998, value=a, duration=None>
303.3855 	EXP 	New trial (rep=0, index=160): <Trial 160 (160 in rep 0) data={'Task': 'LDT', 'TrialType': 'Target', 'Stimuli': 'chase', 'StimulusType': 'word', 'CorrectResponse': 'l', 'Trialnumb': 86, 'thisN': 160, 'thisTrialN': 160, 'thisRepN': 0}>
303.3932 	EXP 	LDT_fix_text: autoDraw = False
303.3932 	EXP 	LDT_stim_text: autoDraw = False
303.3932 	EXP 	LDT_break_text: autoDraw = False
303.3932 	EXP 	LDT_stim_text: height = np.float64(0.1)
303.3932 	EXP 	LDT_stim_text: height = np.float64(0.1)
303.3932 	EXP 	LDT_stim_text: height = np.float64(0.1)
303.3932 	EXP 	LDT_stim_text: text = 'chase'
303.3932 	EXP 	LDT_fix_text: autoDraw = True
303.3938 	DATA 	Keypress: a
303.5520 	EXP 	Device response: <KeyPress from None: t=303.3845852999998, value=a, duration=0.15985550000004878>
303.8770 	EXP 	LDT_stim_text: autoDraw = True
303.8855 	EXP 	LDT_fix_text: autoDraw = False
304.8866 	EXP 	Device response: <KeyPress from None: t=304.88109209999993, value=l, duration=None>
304.8869 	EXP 	New trial (rep=0, index=161): <Trial 161 (161 in rep 0) data={'Task': 'LDT', 'TrialType': 'Target', 'Stimuli': 'host', 'StimulusType': 'word', 'CorrectResponse': 'l', 'Trialnumb': 106, 'thisN': 161, 'thisTrialN': 161, 'thisRepN': 0}>
304.8947 	EXP 	LDT_fix_text: autoDraw = False
304.8947 	EXP 	LDT_stim_text: autoDraw = False
304.8947 	EXP 	LDT_break_text: autoDraw = False
304.8947 	EXP 	LDT_stim_text: height = np.float64(0.1)
304.8947 	EXP 	LDT_stim_text: height = np.float64(0.1)
304.8947 	EXP 	LDT_stim_text: height = np.float64(0.1)
304.8947 	EXP 	LDT_stim_text: text = 'host'
304.8947 	EXP 	LDT_fix_text: autoDraw = True
304.8952 	DATA 	Keypress: l
304.9618 	EXP 	Device response: <KeyPress from None: t=304.88109209999993, value=l, duration=0.07960169999978461>
305.3785 	EXP 	LDT_stim_text: autoDraw = True
305.3869 	EXP 	LDT_fix_text: autoDraw = False
306.2130 	EXP 	Device response: <KeyPress from None: t=306.20855719999963, value=l, duration=None>
306.2132 	EXP 	New trial (rep=0, index=162): <Trial 162 (162 in rep 0) data={'Task': 'LDT', 'TrialType': 'Target', 'Stimuli': 'name', 'StimulusType': 'word', 'CorrectResponse': 'l', 'Trialnumb': 32, 'thisN': 162, 'thisTrialN': 162, 'thisRepN': 0}>
306.2210 	EXP 	LDT_fix_text: autoDraw = False
306.2210 	EXP 	LDT_stim_text: autoDraw = False
306.2210 	EXP 	LDT_break_text: autoDraw = False
306.2210 	EXP 	LDT_stim_text: height = np.float64(0.1)
306.2210 	EXP 	LDT_stim_text: height = np.float64(0.1)
306.2210 	EXP 	LDT_stim_text: height = np.float64(0.1)
306.2210 	EXP 	LDT_stim_text: text = 'name'
306.2210 	EXP 	LDT_fix_text: autoDraw = True
306.2215 	DATA 	Keypress: l
306.2964 	EXP 	Device response: <KeyPress from None: t=306.20855719999963, value=l, duration=0.08031750000009197>
306.7048 	EXP 	LDT_stim_text: autoDraw = True
306.7132 	EXP 	LDT_fix_text: autoDraw = False
307.1889 	EXP 	Device response: <KeyPress from None: t=307.1838651999997, value=l, duration=None>
307.1891 	EXP 	New trial (rep=0, index=163): <Trial 163 (163 in rep 0) data={'Task': 'LDT', 'TrialType': 'Target', 'Stimuli': 'boom', 'StimulusType': 'word', 'CorrectResponse': 'l', 'Trialnumb': 96, 'thisN': 163, 'thisTrialN': 163, 'thisRepN': 0}>
307.1970 	EXP 	LDT_fix_text: autoDraw = False
307.1970 	EXP 	LDT_stim_text: autoDraw = False
307.1970 	EXP 	LDT_break_text: autoDraw = False
307.1970 	EXP 	LDT_stim_text: height = np.float64(0.1)
307.1970 	EXP 	LDT_stim_text: height = np.float64(0.1)
307.1970 	EXP 	LDT_stim_text: height = np.float64(0.1)
307.1970 	EXP 	LDT_stim_text: text = 'boom'
307.1970 	EXP 	LDT_fix_text: autoDraw = True
307.1975 	DATA 	Keypress: l
307.2724 	EXP 	Device response: <KeyPress from None: t=307.1838651999997, value=l, duration=0.08050930000035805>
307.6808 	EXP 	LDT_stim_text: autoDraw = True
307.6892 	EXP 	LDT_fix_text: autoDraw = False
308.1983 	EXP 	Device response: <KeyPress from None: t=308.19280630000003, value=l, duration=None>
308.1986 	EXP 	New trial (rep=0, index=164): <Trial 164 (164 in rep 0) data={'Task': 'LDT', 'TrialType': 'Target', 'Stimuli': 'flow', 'StimulusType': 'word', 'CorrectResponse': 'l', 'Trialnumb': 108, 'thisN': 164, 'thisTrialN': 164, 'thisRepN': 0}>
308.2063 	EXP 	LDT_fix_text: autoDraw = False
308.2063 	EXP 	LDT_stim_text: autoDraw = False
308.2063 	EXP 	LDT_break_text: autoDraw = False
308.2063 	EXP 	LDT_stim_text: height = np.float64(0.1)
308.2063 	EXP 	LDT_stim_text: height = np.float64(0.1)
308.2063 	EXP 	LDT_stim_text: height = np.float64(0.1)
308.2063 	EXP 	LDT_stim_text: text = 'flow'
308.2063 	EXP 	LDT_fix_text: autoDraw = True
308.2068 	DATA 	Keypress: l
308.2900 	EXP 	Device response: <KeyPress from None: t=308.19280630000003, value=l, duration=0.0953574000000117>
308.6902 	EXP 	LDT_stim_text: autoDraw = True
308.6985 	EXP 	LDT_fix_text: autoDraw = False
309.2911 	EXP 	Device response: <KeyPress from None: t=309.2891460999999, value=l, duration=None>
309.2913 	EXP 	New trial (rep=0, index=165): <Trial 165 (165 in rep 0) data={'Task': 'LDT', 'TrialType': 'Target', 'Stimuli': 'wake', 'StimulusType': 'word', 'CorrectResponse': 'l', 'Trialnumb': 63, 'thisN': 165, 'thisTrialN': 165, 'thisRepN': 0}>
309.2992 	EXP 	LDT_fix_text: autoDraw = False
309.2992 	EXP 	LDT_stim_text: autoDraw = False
309.2992 	EXP 	LDT_break_text: autoDraw = False
309.2992 	EXP 	LDT_stim_text: height = np.float64(0.1)
309.2992 	EXP 	LDT_stim_text: height = np.float64(0.1)
309.2992 	EXP 	LDT_stim_text: height = np.float64(0.1)
309.2992 	EXP 	LDT_stim_text: text = 'wake'
309.2992 	EXP 	LDT_fix_text: autoDraw = True
309.2997 	DATA 	Keypress: l
309.3661 	EXP 	Device response: <KeyPress from None: t=309.2891460999999, value=l, duration=0.07148189999998067>
309.7829 	EXP 	LDT_stim_text: autoDraw = True
309.7912 	EXP 	LDT_fix_text: autoDraw = False
310.2587 	EXP 	Device response: <KeyPress from None: t=310.2565405, value=l, duration=None>
310.2589 	EXP 	New trial (rep=0, index=166): <Trial 166 (166 in rep 0) data={'Task': 'LDT', 'TrialType': 'Target', 'Stimuli': 'cire', 'StimulusType': 'nonword', 'CorrectResponse': 'a', 'Trialnumb': 129, 'thisN': 166, 'thisTrialN': 166, 'thisRepN': 0}>
310.2668 	EXP 	LDT_fix_text: autoDraw = False
310.2668 	EXP 	LDT_stim_text: autoDraw = False
310.2668 	EXP 	LDT_break_text: autoDraw = False
310.2668 	EXP 	LDT_stim_text: height = np.float64(0.1)
310.2668 	EXP 	LDT_stim_text: height = np.float64(0.1)
310.2668 	EXP 	LDT_stim_text: height = np.float64(0.1)
310.2668 	EXP 	LDT_stim_text: text = 'cire'
310.2668 	EXP 	LDT_fix_text: autoDraw = True
310.2674 	DATA 	Keypress: l
310.3337 	EXP 	Device response: <KeyPress from None: t=310.2565405, value=l, duration=0.07162049999988085>
310.7505 	EXP 	LDT_stim_text: autoDraw = True
310.7589 	EXP 	LDT_fix_text: autoDraw = False
311.4516 	EXP 	Device response: <KeyPress from None: t=311.44928849999997, value=a, duration=None>
311.4519 	EXP 	New trial (rep=0, index=167): <Trial 167 (167 in rep 0) data={'Task': 'LDT', 'TrialType': 'Target', 'Stimuli': 'year', 'StimulusType': 'word', 'CorrectResponse': 'l', 'Trialnumb': 10, 'thisN': 167, 'thisTrialN': 167, 'thisRepN': 0}>
311.4596 	EXP 	LDT_fix_text: autoDraw = False
311.4596 	EXP 	LDT_stim_text: autoDraw = False
311.4596 	EXP 	LDT_break_text: autoDraw = False
311.4596 	EXP 	LDT_stim_text: height = np.float64(0.1)
311.4596 	EXP 	LDT_stim_text: height = np.float64(0.1)
311.4596 	EXP 	LDT_stim_text: height = np.float64(0.1)
311.4596 	EXP 	LDT_stim_text: text = 'year'
311.4596 	EXP 	LDT_fix_text: autoDraw = True
311.4602 	DATA 	Keypress: a
311.5683 	EXP 	Device response: <KeyPress from None: t=311.44928849999997, value=a, duration=0.11174230000005991>
311.9434 	EXP 	LDT_stim_text: autoDraw = True
311.9517 	EXP 	LDT_fix_text: autoDraw = False
312.6361 	EXP 	Device response: <KeyPress from None: t=312.63315869999997, value=l, duration=None>
312.6364 	EXP 	New trial (rep=0, index=168): <Trial 168 (168 in rep 0) data={'Task': 'LDT', 'TrialType': 'Target', 'Stimuli': 'fump', 'StimulusType': 'nonword', 'CorrectResponse': 'a', 'Trialnumb': 143, 'thisN': 168, 'thisTrialN': 168, 'thisRepN': 0}>
312.6442 	EXP 	LDT_fix_text: autoDraw = False
312.6442 	EXP 	LDT_stim_text: autoDraw = False
312.6442 	EXP 	LDT_break_text: autoDraw = False
312.6442 	EXP 	LDT_stim_text: height = np.float64(0.1)
312.6442 	EXP 	LDT_stim_text: height = np.float64(0.1)
312.6442 	EXP 	LDT_stim_text: height = np.float64(0.1)
312.6442 	EXP 	LDT_stim_text: text = 'fump'
312.6442 	EXP 	LDT_fix_text: autoDraw = True
312.6446 	DATA 	Keypress: l
312.7278 	EXP 	Device response: <KeyPress from None: t=312.63315869999997, value=l, duration=0.08675589999984368>
313.1279 	EXP 	LDT_stim_text: autoDraw = True
313.1362 	EXP 	LDT_fix_text: autoDraw = False
314.9301 	EXP 	Device response: <KeyPress from None: t=314.9295764999997, value=a, duration=None>
314.9303 	EXP 	New trial (rep=0, index=169): <Trial 169 (169 in rep 0) data={'Task': 'LDT', 'TrialType': 'Target', 'Stimuli': 'part', 'StimulusType': 'word', 'CorrectResponse': 'l', 'Trialnumb': 17, 'thisN': 169, 'thisTrialN': 169, 'thisRepN': 0}>
314.9380 	EXP 	LDT_fix_text: autoDraw = False
314.9380 	EXP 	LDT_stim_text: autoDraw = False
314.9380 	EXP 	LDT_break_text: autoDraw = False
314.9380 	EXP 	LDT_stim_text: height = np.float64(0.1)
314.9380 	EXP 	LDT_stim_text: height = np.float64(0.1)
314.9380 	EXP 	LDT_stim_text: height = np.float64(0.1)
314.9380 	EXP 	LDT_stim_text: text = 'part'
314.9380 	EXP 	LDT_fix_text: autoDraw = True
314.9386 	DATA 	Keypress: a
315.0886 	EXP 	Device response: <KeyPress from None: t=314.9295764999997, value=a, duration=0.15871570000035717>
315.4218 	EXP 	LDT_stim_text: autoDraw = True
315.4302 	EXP 	LDT_fix_text: autoDraw = False
316.0812 	EXP 	Device response: <KeyPress from None: t=316.0807639999998, value=l, duration=None>
316.0814 	EXP 	New trial (rep=0, index=170): <Trial 170 (170 in rep 0) data={'Task': 'LDT', 'TrialType': 'Target', 'Stimuli': 'price', 'StimulusType': 'word', 'CorrectResponse': 'l', 'Trialnumb': 52, 'thisN': 170, 'thisTrialN': 170, 'thisRepN': 0}>
316.0893 	EXP 	LDT_fix_text: autoDraw = False
316.0893 	EXP 	LDT_stim_text: autoDraw = False
316.0893 	EXP 	LDT_break_text: autoDraw = False
316.0893 	EXP 	LDT_stim_text: height = np.float64(0.1)
316.0893 	EXP 	LDT_stim_text: height = np.float64(0.1)
316.0893 	EXP 	LDT_stim_text: height = np.float64(0.1)
316.0893 	EXP 	LDT_stim_text: text = 'price'
316.0893 	EXP 	LDT_fix_text: autoDraw = True
316.0899 	DATA 	Keypress: l
316.1896 	EXP 	Device response: <KeyPress from None: t=316.0807639999998, value=l, duration=0.10332400000015696>
316.5730 	EXP 	LDT_stim_text: autoDraw = True
316.5813 	EXP 	LDT_fix_text: autoDraw = False
317.1073 	EXP 	Device response: <KeyPress from None: t=317.10557040000003, value=l, duration=None>
317.1075 	EXP 	New trial (rep=0, index=171): <Trial 171 (171 in rep 0) data={'Task': 'LDT', 'TrialType': 'Target', 'Stimuli': 'flat', 'StimulusType': 'word', 'CorrectResponse': 'l', 'Trialnumb': 92, 'thisN': 171, 'thisTrialN': 171, 'thisRepN': 0}>
317.1152 	EXP 	LDT_fix_text: autoDraw = False
317.1152 	EXP 	LDT_stim_text: autoDraw = False
317.1152 	EXP 	LDT_break_text: autoDraw = False
317.1152 	EXP 	LDT_stim_text: height = np.float64(0.1)
317.1152 	EXP 	LDT_stim_text: height = np.float64(0.1)
317.1152 	EXP 	LDT_stim_text: height = np.float64(0.1)
317.1152 	EXP 	LDT_stim_text: text = 'flat'
317.1152 	EXP 	LDT_fix_text: autoDraw = True
317.1158 	DATA 	Keypress: l
317.1738 	EXP 	Device response: <KeyPress from None: t=317.10557040000003, value=l, duration=0.06346699999994598>
317.5990 	EXP 	LDT_stim_text: autoDraw = True
317.6074 	EXP 	LDT_fix_text: autoDraw = False
318.1916 	EXP 	Device response: <KeyPress from None: t=318.18420799999967, value=l, duration=None>
318.1918 	EXP 	New trial (rep=0, index=172): <Trial 172 (172 in rep 0) data={'Task': 'LDT', 'TrialType': 'Target', 'Stimuli': 'kear', 'StimulusType': 'nonword', 'CorrectResponse': 'a', 'Trialnumb': 163, 'thisN': 172, 'thisTrialN': 172, 'thisRepN': 0}>
318.1997 	EXP 	LDT_fix_text: autoDraw = False
318.1997 	EXP 	LDT_stim_text: autoDraw = False
318.1997 	EXP 	LDT_break_text: autoDraw = False
318.1997 	EXP 	LDT_stim_text: height = np.float64(0.1)
318.1997 	EXP 	LDT_stim_text: height = np.float64(0.1)
318.1997 	EXP 	LDT_stim_text: height = np.float64(0.1)
318.1997 	EXP 	LDT_stim_text: text = 'kear'
318.1997 	EXP 	LDT_fix_text: autoDraw = True
318.2003 	DATA 	Keypress: l
318.2583 	EXP 	Device response: <KeyPress from None: t=318.18420799999967, value=l, duration=0.07239010000012058>
318.6834 	EXP 	LDT_stim_text: autoDraw = True
318.6918 	EXP 	LDT_fix_text: autoDraw = False
319.3427 	EXP 	Device response: <KeyPress from None: t=319.33658190000006, value=a, duration=None>
319.3430 	EXP 	New trial (rep=0, index=173): <Trial 173 (173 in rep 0) data={'Task': 'LDT', 'TrialType': 'Target', 'Stimuli': 'cing', 'StimulusType': 'nonword', 'CorrectResponse': 'a', 'Trialnumb': 127, 'thisN': 173, 'thisTrialN': 173, 'thisRepN': 0}>
319.3508 	EXP 	LDT_fix_text: autoDraw = False
319.3508 	EXP 	LDT_stim_text: autoDraw = False
319.3508 	EXP 	LDT_break_text: autoDraw = False
319.3508 	EXP 	LDT_stim_text: height = np.float64(0.1)
319.3508 	EXP 	LDT_stim_text: height = np.float64(0.1)
319.3508 	EXP 	LDT_stim_text: height = np.float64(0.1)
319.3508 	EXP 	LDT_stim_text: text = 'cing'
319.3508 	EXP 	LDT_fix_text: autoDraw = True
319.3514 	DATA 	Keypress: a
319.4346 	EXP 	Device response: <KeyPress from None: t=319.33658190000006, value=a, duration=0.09597420000000056>
319.8346 	EXP 	LDT_stim_text: autoDraw = True
319.8429 	EXP 	LDT_fix_text: autoDraw = False
320.4938 	EXP 	Device response: <KeyPress from None: t=320.4885132999998, value=a, duration=None>
320.4940 	EXP 	New trial (rep=0, index=174): <Trial 174 (174 in rep 0) data={'Task': 'LDT', 'TrialType': 'Target', 'Stimuli': 'trick', 'StimulusType': 'word', 'CorrectResponse': 'l', 'Trialnumb': 75, 'thisN': 174, 'thisTrialN': 174, 'thisRepN': 0}>
320.5019 	EXP 	LDT_fix_text: autoDraw = False
320.5019 	EXP 	LDT_stim_text: autoDraw = False
320.5019 	EXP 	LDT_break_text: autoDraw = False
320.5019 	EXP 	LDT_stim_text: height = np.float64(0.1)
320.5019 	EXP 	LDT_stim_text: height = np.float64(0.1)
320.5019 	EXP 	LDT_stim_text: height = np.float64(0.1)
320.5019 	EXP 	LDT_stim_text: text = 'trick'
320.5019 	EXP 	LDT_fix_text: autoDraw = True
320.5025 	DATA 	Keypress: a
320.5940 	EXP 	Device response: <KeyPress from None: t=320.4885132999998, value=a, duration=0.10419390000015483>
320.9857 	EXP 	LDT_stim_text: autoDraw = True
320.9943 	EXP 	LDT_fix_text: autoDraw = False
321.7368 	EXP 	Device response: <KeyPress from None: t=321.73622339999974, value=l, duration=None>
321.7371 	EXP 	New trial (rep=0, index=175): <Trial 175 (175 in rep 0) data={'Task': 'LDT', 'TrialType': 'Target', 'Stimuli': 'gead', 'StimulusType': 'nonword', 'CorrectResponse': 'a', 'Trialnumb': 145, 'thisN': 175, 'thisTrialN': 175, 'thisRepN': 0}>
321.7448 	EXP 	LDT_fix_text: autoDraw = False
321.7448 	EXP 	LDT_stim_text: autoDraw = False
321.7448 	EXP 	LDT_break_text: autoDraw = False
321.7448 	EXP 	LDT_stim_text: height = np.float64(0.1)
321.7448 	EXP 	LDT_stim_text: height = np.float64(0.1)
321.7448 	EXP 	LDT_stim_text: height = np.float64(0.1)
321.7448 	EXP 	LDT_stim_text: text = 'gead'
321.7448 	EXP 	LDT_fix_text: autoDraw = True
321.7454 	DATA 	Keypress: l
321.8202 	EXP 	Device response: <KeyPress from None: t=321.73622339999974, value=l, duration=0.08109809999996287>
322.2286 	EXP 	LDT_stim_text: autoDraw = True
322.2370 	EXP 	LDT_fix_text: autoDraw = False
323.1049 	EXP 	Device response: <KeyPress from None: t=323.1045903999998, value=a, duration=None>
323.1051 	EXP 	New trial (rep=0, index=176): <Trial 176 (176 in rep 0) data={'Task': 'LDT', 'TrialType': 'Target', 'Stimuli': 'serve', 'StimulusType': 'word', 'CorrectResponse': 'l', 'Trialnumb': 80, 'thisN': 176, 'thisTrialN': 176, 'thisRepN': 0}>
323.1129 	EXP 	LDT_fix_text: autoDraw = False
323.1129 	EXP 	LDT_stim_text: autoDraw = False
323.1129 	EXP 	LDT_break_text: autoDraw = False
323.1129 	EXP 	LDT_stim_text: height = np.float64(0.1)
323.1129 	EXP 	LDT_stim_text: height = np.float64(0.1)
323.1129 	EXP 	LDT_stim_text: height = np.float64(0.1)
323.1129 	EXP 	LDT_stim_text: text = 'serve'
323.1129 	EXP 	LDT_fix_text: autoDraw = True
323.1135 	DATA 	Keypress: a
323.2632 	EXP 	Device response: <KeyPress from None: t=323.1045903999998, value=a, duration=0.1515678000000662>
323.5966 	EXP 	LDT_stim_text: autoDraw = True
323.6050 	EXP 	LDT_fix_text: autoDraw = False
325.1403 	EXP 	Device response: <KeyPress from None: t=325.1365532, value=l, duration=None>
325.1406 	EXP 	New trial (rep=0, index=177): <Trial 177 (177 in rep 0) data={'Task': 'LDT', 'TrialType': 'Target', 'Stimuli': 'under', 'StimulusType': 'word', 'CorrectResponse': 'l', 'Trialnumb': 39, 'thisN': 177, 'thisTrialN': 177, 'thisRepN': 0}>
325.1482 	EXP 	LDT_fix_text: autoDraw = False
325.1482 	EXP 	LDT_stim_text: autoDraw = False
325.1482 	EXP 	LDT_break_text: autoDraw = False
325.1482 	EXP 	LDT_stim_text: height = np.float64(0.1)
325.1482 	EXP 	LDT_stim_text: height = np.float64(0.1)
325.1482 	EXP 	LDT_stim_text: height = np.float64(0.1)
325.1482 	EXP 	LDT_stim_text: text = 'under'
325.1482 	EXP 	LDT_fix_text: autoDraw = True
325.1488 	DATA 	Keypress: l
325.2488 	EXP 	Device response: <KeyPress from None: t=325.1365532, value=l, duration=0.11198469999999361>
325.6320 	EXP 	LDT_stim_text: autoDraw = True
325.6403 	EXP 	LDT_fix_text: autoDraw = False
326.1912 	EXP 	Device response: <KeyPress from None: t=326.1841681000001, value=l, duration=None>
326.1915 	EXP 	New trial (rep=0, index=178): <Trial 178 (178 in rep 0) data={'Task': 'LDT', 'TrialType': 'Target', 'Stimuli': 'fere', 'StimulusType': 'nonword', 'CorrectResponse': 'a', 'Trialnumb': 140, 'thisN': 178, 'thisTrialN': 178, 'thisRepN': 0}>
326.1993 	EXP 	LDT_fix_text: autoDraw = False
326.1993 	EXP 	LDT_stim_text: autoDraw = False
326.1993 	EXP 	LDT_break_text: autoDraw = False
326.1993 	EXP 	LDT_stim_text: height = np.float64(0.1)
326.1993 	EXP 	LDT_stim_text: height = np.float64(0.1)
326.1993 	EXP 	LDT_stim_text: height = np.float64(0.1)
326.1993 	EXP 	LDT_stim_text: text = 'fere'
326.1993 	EXP 	LDT_fix_text: autoDraw = True
326.1999 	DATA 	Keypress: l
326.2829 	EXP 	Device response: <KeyPress from None: t=326.1841681000001, value=l, duration=0.09679329999971742>
326.6830 	EXP 	LDT_stim_text: autoDraw = True
326.6914 	EXP 	LDT_fix_text: autoDraw = False
328.2600 	EXP 	Device response: <KeyPress from None: t=328.2565732999997, value=a, duration=None>
328.2602 	EXP 	New trial (rep=0, index=179): <Trial 179 (179 in rep 0) data={'Task': 'LDT', 'TrialType': 'Target', 'Stimuli': 'blue', 'StimulusType': 'word', 'CorrectResponse': 'l', 'Trialnumb': 57, 'thisN': 179, 'thisTrialN': 179, 'thisRepN': 0}>
328.2679 	EXP 	LDT_fix_text: autoDraw = False
328.2679 	EXP 	LDT_stim_text: autoDraw = False
328.2679 	EXP 	LDT_break_text: autoDraw = False
328.2679 	EXP 	LDT_stim_text: height = np.float64(0.1)
328.2679 	EXP 	LDT_stim_text: height = np.float64(0.1)
328.2679 	EXP 	LDT_stim_text: height = np.float64(0.1)
328.2679 	EXP 	LDT_stim_text: text = 'blue'
328.2679 	EXP 	LDT_fix_text: autoDraw = True
328.2685 	DATA 	Keypress: a
328.3767 	EXP 	Device response: <KeyPress from None: t=328.2565732999997, value=a, duration=0.11929380000037781>
328.7518 	EXP 	LDT_stim_text: autoDraw = True
328.7601 	EXP 	LDT_fix_text: autoDraw = False
329.4279 	EXP 	Device response: <KeyPress from None: t=329.42408209999985, value=l, duration=None>
329.4282 	EXP 	New trial (rep=0, index=180): <Trial 180 (180 in rep 0) data={'Task': 'LDT', 'TrialType': 'Target', 'Stimuli': 'lill', 'StimulusType': 'nonword', 'CorrectResponse': 'a', 'Trialnumb': 168, 'thisN': 180, 'thisTrialN': 180, 'thisRepN': 0}>
329.4358 	EXP 	LDT_fix_text: autoDraw = False
329.4358 	EXP 	LDT_stim_text: autoDraw = False
329.4358 	EXP 	LDT_break_text: autoDraw = False
329.4358 	EXP 	LDT_stim_text: height = np.float64(0.1)
329.4358 	EXP 	LDT_stim_text: height = np.float64(0.1)
329.4358 	EXP 	LDT_stim_text: height = np.float64(0.1)
329.4358 	EXP 	LDT_stim_text: text = 'lill'
329.4358 	EXP 	LDT_fix_text: autoDraw = True
329.4364 	DATA 	Keypress: l
329.5362 	EXP 	Device response: <KeyPress from None: t=329.42408209999985, value=l, duration=0.1037639000001036>
329.9196 	EXP 	LDT_stim_text: autoDraw = True
329.9279 	EXP 	LDT_fix_text: autoDraw = False
331.0544 	EXP 	Device response: <KeyPress from None: t=331.0480170000001, value=a, duration=None>
331.0547 	EXP 	New trial (rep=0, index=181): <Trial 181 (181 in rep 0) data={'Task': 'LDT', 'TrialType': 'Target', 'Stimuli': 'lals', 'StimulusType': 'nonword', 'CorrectResponse': 'a', 'Trialnumb': 167, 'thisN': 181, 'thisTrialN': 181, 'thisRepN': 0}>
331.0625 	EXP 	LDT_fix_text: autoDraw = False
331.0625 	EXP 	LDT_stim_text: autoDraw = False
331.0625 	EXP 	LDT_break_text: autoDraw = False
331.0625 	EXP 	LDT_stim_text: height = np.float64(0.1)
331.0625 	EXP 	LDT_stim_text: height = np.float64(0.1)
331.0625 	EXP 	LDT_stim_text: height = np.float64(0.1)
331.0625 	EXP 	LDT_stim_text: text = 'lals'
331.0625 	EXP 	LDT_fix_text: autoDraw = True
331.0630 	DATA 	Keypress: a
331.1712 	EXP 	Device response: <KeyPress from None: t=331.0480170000001, value=a, duration=0.1207152999995742>
331.5462 	EXP 	LDT_stim_text: autoDraw = True
331.5546 	EXP 	LDT_fix_text: autoDraw = False
332.2555 	EXP 	Device response: <KeyPress from None: t=332.24801279999974, value=a, duration=None>
332.2558 	EXP 	New trial (rep=0, index=182): <Trial 182 (182 in rep 0) data={'Task': 'LDT', 'TrialType': 'Target', 'Stimuli': 'dry', 'StimulusType': 'word', 'CorrectResponse': 'l', 'Trialnumb': 77, 'thisN': 182, 'thisTrialN': 182, 'thisRepN': 0}>
332.2636 	EXP 	LDT_fix_text: autoDraw = False
332.2636 	EXP 	LDT_stim_text: autoDraw = False
332.2636 	EXP 	LDT_break_text: autoDraw = False
332.2636 	EXP 	LDT_stim_text: height = np.float64(0.1)
332.2636 	EXP 	LDT_stim_text: height = np.float64(0.1)
332.2636 	EXP 	LDT_stim_text: height = np.float64(0.1)
332.2636 	EXP 	LDT_stim_text: text = 'dry'
332.2636 	EXP 	LDT_fix_text: autoDraw = True
332.2641 	DATA 	Keypress: a
332.4224 	EXP 	Device response: <KeyPress from None: t=332.24801279999974, value=a, duration=0.1696342000000186>
332.7474 	EXP 	LDT_stim_text: autoDraw = True
332.7557 	EXP 	LDT_fix_text: autoDraw = False
333.3149 	EXP 	Device response: <KeyPress from None: t=333.31187669999963, value=l, duration=None>
333.3152 	EXP 	New trial (rep=0, index=183): <Trial 183 (183 in rep 0) data={'Task': 'LDT', 'TrialType': 'Target', 'Stimuli': 'high', 'StimulusType': 'word', 'CorrectResponse': 'l', 'Trialnumb': 16, 'thisN': 183, 'thisTrialN': 183, 'thisRepN': 0}>
333.3230 	EXP 	LDT_fix_text: autoDraw = False
333.3230 	EXP 	LDT_stim_text: autoDraw = False
333.3230 	EXP 	LDT_break_text: autoDraw = False
333.3230 	EXP 	LDT_stim_text: height = np.float64(0.1)
333.3230 	EXP 	LDT_stim_text: height = np.float64(0.1)
333.3230 	EXP 	LDT_stim_text: height = np.float64(0.1)
333.3230 	EXP 	LDT_stim_text: text = 'high'
333.3230 	EXP 	LDT_fix_text: autoDraw = True
333.3236 	DATA 	Keypress: l
333.4067 	EXP 	Device response: <KeyPress from None: t=333.31187669999963, value=l, duration=0.08842580000009548>
333.8068 	EXP 	LDT_stim_text: autoDraw = True
333.8151 	EXP 	LDT_fix_text: autoDraw = False
334.3076 	EXP 	Device response: <KeyPress from None: t=334.3041183, value=l, duration=None>
334.3079 	EXP 	New trial (rep=0, index=184): <Trial 184 (184 in rep 0) data={'Task': 'LDT', 'TrialType': 'Target', 'Stimuli': 'hoal', 'StimulusType': 'nonword', 'CorrectResponse': 'a', 'Trialnumb': 154, 'thisN': 184, 'thisTrialN': 184, 'thisRepN': 0}>
334.3156 	EXP 	LDT_fix_text: autoDraw = False
334.3156 	EXP 	LDT_stim_text: autoDraw = False
334.3156 	EXP 	LDT_break_text: autoDraw = False
334.3156 	EXP 	LDT_stim_text: height = np.float64(0.1)
334.3156 	EXP 	LDT_stim_text: height = np.float64(0.1)
334.3156 	EXP 	LDT_stim_text: height = np.float64(0.1)
334.3156 	EXP 	LDT_stim_text: text = 'hoal'
334.3156 	EXP 	LDT_fix_text: autoDraw = True
334.3161 	DATA 	Keypress: l
334.4327 	EXP 	Device response: <KeyPress from None: t=334.3041183, value=l, duration=0.1204742999998416>
334.7994 	EXP 	LDT_stim_text: autoDraw = True
334.8078 	EXP 	LDT_fix_text: autoDraw = False
338.4617 	EXP 	Device response: <KeyPress from None: t=338.4568942000001, value=l, duration=None>
338.4620 	EXP 	New trial (rep=0, index=185): <Trial 185 (185 in rep 0) data={'Task': 'LDT', 'TrialType': 'Target', 'Stimuli': 'rent', 'StimulusType': 'word', 'CorrectResponse': 'l', 'Trialnumb': 84, 'thisN': 185, 'thisTrialN': 185, 'thisRepN': 0}>
338.4698 	EXP 	LDT_fix_text: autoDraw = False
338.4698 	EXP 	LDT_stim_text: autoDraw = False
338.4698 	EXP 	LDT_break_text: autoDraw = False
338.4698 	EXP 	LDT_stim_text: height = np.float64(0.1)
338.4698 	EXP 	LDT_stim_text: height = np.float64(0.1)
338.4698 	EXP 	LDT_stim_text: height = np.float64(0.1)
338.4698 	EXP 	LDT_stim_text: text = 'rent'
338.4698 	EXP 	LDT_fix_text: autoDraw = True
338.4703 	DATA 	Keypress: l
338.5453 	EXP 	Device response: <KeyPress from None: t=338.4568942000001, value=l, duration=0.08708199999955468>
338.9536 	EXP 	LDT_stim_text: autoDraw = True
338.9620 	EXP 	LDT_fix_text: autoDraw = False
339.6712 	EXP 	Device response: <KeyPress from None: t=339.66444619999993, value=l, duration=None>
339.6714 	EXP 	New trial (rep=0, index=186): <Trial 186 (186 in rep 0) data={'Task': 'LDT', 'TrialType': 'Target', 'Stimuli': 'gord', 'StimulusType': 'nonword', 'CorrectResponse': 'a', 'Trialnumb': 148, 'thisN': 186, 'thisTrialN': 186, 'thisRepN': 0}>
339.6794 	EXP 	LDT_fix_text: autoDraw = False
339.6794 	EXP 	LDT_stim_text: autoDraw = False
339.6794 	EXP 	LDT_break_text: autoDraw = False
339.6794 	EXP 	LDT_stim_text: height = np.float64(0.1)
339.6794 	EXP 	LDT_stim_text: height = np.float64(0.1)
339.6794 	EXP 	LDT_stim_text: height = np.float64(0.1)
339.6794 	EXP 	LDT_stim_text: text = 'gord'
339.6794 	EXP 	LDT_fix_text: autoDraw = True
339.6799 	DATA 	Keypress: l
339.7630 	EXP 	Device response: <KeyPress from None: t=339.66444619999993, value=l, duration=0.09670169999981226>
340.1631 	EXP 	LDT_stim_text: autoDraw = True
340.1715 	EXP 	LDT_fix_text: autoDraw = False
340.8724 	EXP 	Device response: <KeyPress from None: t=340.8652041999999, value=a, duration=None>
340.8727 	EXP 	New trial (rep=0, index=187): <Trial 187 (187 in rep 0) data={'Task': 'LDT', 'TrialType': 'Target', 'Stimuli': 'tour', 'StimulusType': 'word', 'CorrectResponse': 'l', 'Trialnumb': 88, 'thisN': 187, 'thisTrialN': 187, 'thisRepN': 0}>
340.8805 	EXP 	LDT_fix_text: autoDraw = False
340.8805 	EXP 	LDT_stim_text: autoDraw = False
340.8805 	EXP 	LDT_break_text: autoDraw = False
340.8805 	EXP 	LDT_stim_text: height = np.float64(0.1)
340.8805 	EXP 	LDT_stim_text: height = np.float64(0.1)
340.8805 	EXP 	LDT_stim_text: height = np.float64(0.1)
340.8805 	EXP 	LDT_stim_text: text = 'tour'
340.8805 	EXP 	LDT_fix_text: autoDraw = True
340.8810 	DATA 	Keypress: a
340.9976 	EXP 	Device response: <KeyPress from None: t=340.8652041999999, value=a, duration=0.12698619999991934>
341.3643 	EXP 	LDT_stim_text: autoDraw = True
341.3727 	EXP 	LDT_fix_text: autoDraw = False
342.3073 	EXP 	Device response: <KeyPress from None: t=342.30480639999996, value=l, duration=None>
342.3075 	EXP 	New trial (rep=0, index=188): <Trial 188 (188 in rep 0) data={'Task': 'LDT', 'TrialType': 'Target', 'Stimuli': 'green', 'StimulusType': 'word', 'CorrectResponse': 'l', 'Trialnumb': 38, 'thisN': 188, 'thisTrialN': 188, 'thisRepN': 0}>
342.3153 	EXP 	LDT_fix_text: autoDraw = False
342.3153 	EXP 	LDT_stim_text: autoDraw = False
342.3153 	EXP 	LDT_break_text: autoDraw = False
342.3153 	EXP 	LDT_stim_text: height = np.float64(0.1)
342.3153 	EXP 	LDT_stim_text: height = np.float64(0.1)
342.3153 	EXP 	LDT_stim_text: height = np.float64(0.1)
342.3153 	EXP 	LDT_stim_text: text = 'green'
342.3153 	EXP 	LDT_fix_text: autoDraw = True
342.3158 	DATA 	Keypress: l
342.3656 	EXP 	Device response: <KeyPress from None: t=342.30480639999996, value=l, duration=0.05539649999991525>
342.7991 	EXP 	LDT_stim_text: autoDraw = True
342.8074 	EXP 	LDT_fix_text: autoDraw = False
343.3667 	EXP 	Device response: <KeyPress from None: t=343.3600047, value=l, duration=None>
343.3669 	EXP 	New trial (rep=0, index=189): <Trial 189 (189 in rep 0) data={'Task': 'LDT', 'TrialType': 'Target', 'Stimuli': 'flen', 'StimulusType': 'nonword', 'CorrectResponse': 'a', 'Trialnumb': 141, 'thisN': 189, 'thisTrialN': 189, 'thisRepN': 0}>
343.3747 	EXP 	LDT_fix_text: autoDraw = False
343.3747 	EXP 	LDT_stim_text: autoDraw = False
343.3747 	EXP 	LDT_break_text: autoDraw = False
343.3747 	EXP 	LDT_stim_text: height = np.float64(0.1)
343.3747 	EXP 	LDT_stim_text: height = np.float64(0.1)
343.3747 	EXP 	LDT_stim_text: height = np.float64(0.1)
343.3747 	EXP 	LDT_stim_text: text = 'flen'
343.3747 	EXP 	LDT_fix_text: autoDraw = True
343.3751 	DATA 	Keypress: l
343.4751 	EXP 	Device response: <KeyPress from None: t=343.3600047, value=l, duration=0.11277810000001409>
343.8585 	EXP 	LDT_stim_text: autoDraw = True
343.8668 	EXP 	LDT_fix_text: autoDraw = False
344.5344 	EXP 	Device response: <KeyPress from None: t=344.52785889999996, value=a, duration=None>
344.5347 	EXP 	New trial (rep=0, index=190): <Trial 190 (190 in rep 0) data={'Task': 'LDT', 'TrialType': 'Target', 'Stimuli': 'loak', 'StimulusType': 'nonword', 'CorrectResponse': 'a', 'Trialnumb': 169, 'thisN': 190, 'thisTrialN': 190, 'thisRepN': 0}>
344.5425 	EXP 	LDT_fix_text: autoDraw = False
344.5425 	EXP 	LDT_stim_text: autoDraw = False
344.5425 	EXP 	LDT_break_text: autoDraw = False
344.5425 	EXP 	LDT_stim_text: height = np.float64(0.1)
344.5425 	EXP 	LDT_stim_text: height = np.float64(0.1)
344.5425 	EXP 	LDT_stim_text: height = np.float64(0.1)
344.5425 	EXP 	LDT_stim_text: text = 'loak'
344.5425 	EXP 	LDT_fix_text: autoDraw = True
344.5431 	DATA 	Keypress: a
344.6263 	EXP 	Device response: <KeyPress from None: t=344.52785889999996, value=a, duration=0.09613970000009431>
345.0263 	EXP 	LDT_stim_text: autoDraw = True
345.0347 	EXP 	LDT_fix_text: autoDraw = False
345.6272 	EXP 	Device response: <KeyPress from None: t=345.6238020999999, value=l, duration=None>
345.6275 	EXP 	New trial (rep=0, index=191): <Trial 191 (191 in rep 0) data={'Task': 'LDT', 'TrialType': 'Target', 'Stimuli': 'pay', 'StimulusType': 'word', 'CorrectResponse': 'l', 'Trialnumb': 42, 'thisN': 191, 'thisTrialN': 191, 'thisRepN': 0}>
345.6353 	EXP 	LDT_fix_text: autoDraw = False
345.6353 	EXP 	LDT_stim_text: autoDraw = False
345.6353 	EXP 	LDT_break_text: autoDraw = False
345.6353 	EXP 	LDT_stim_text: height = np.float64(0.1)
345.6353 	EXP 	LDT_stim_text: height = np.float64(0.1)
345.6353 	EXP 	LDT_stim_text: height = np.float64(0.1)
345.6353 	EXP 	LDT_stim_text: text = 'pay'
345.6353 	EXP 	LDT_fix_text: autoDraw = True
345.6359 	DATA 	Keypress: l
345.6856 	EXP 	Device response: <KeyPress from None: t=345.6238020999999, value=l, duration=0.056082900000092195>
346.1192 	EXP 	LDT_stim_text: autoDraw = True
346.1274 	EXP 	LDT_fix_text: autoDraw = False
346.7200 	EXP 	Device response: <KeyPress from None: t=346.7124718, value=l, duration=None>
346.7203 	EXP 	New trial (rep=0, index=192): <Trial 192 (192 in rep 0) data={'Task': 'LDT', 'TrialType': 'Target', 'Stimuli': 'pook', 'StimulusType': 'nonword', 'CorrectResponse': 'a', 'Trialnumb': 182, 'thisN': 192, 'thisTrialN': 192, 'thisRepN': 0}>
346.7280 	EXP 	LDT_fix_text: autoDraw = False
346.7280 	EXP 	LDT_stim_text: autoDraw = False
346.7280 	EXP 	LDT_break_text: autoDraw = False
346.7280 	EXP 	LDT_stim_text: height = np.float64(0.1)
346.7280 	EXP 	LDT_stim_text: height = np.float64(0.1)
346.7280 	EXP 	LDT_stim_text: height = np.float64(0.1)
346.7280 	EXP 	LDT_stim_text: text = 'pook'
346.7280 	EXP 	LDT_fix_text: autoDraw = True
346.7285 	DATA 	Keypress: l
346.8117 	EXP 	Device response: <KeyPress from None: t=346.7124718, value=l, duration=0.09566389999963576>
347.2118 	EXP 	LDT_stim_text: autoDraw = True
347.2201 	EXP 	LDT_fix_text: autoDraw = False
348.2131 	EXP 	Device response: <KeyPress from None: t=348.2085385999999, value=a, duration=None>
348.2133 	EXP 	New trial (rep=0, index=193): <Trial 193 (193 in rep 0) data={'Task': 'LDT', 'TrialType': 'Target', 'Stimuli': 'hard', 'StimulusType': 'word', 'CorrectResponse': 'l', 'Trialnumb': 22, 'thisN': 193, 'thisTrialN': 193, 'thisRepN': 0}>
348.2211 	EXP 	LDT_fix_text: autoDraw = False
348.2211 	EXP 	LDT_stim_text: autoDraw = False
348.2211 	EXP 	LDT_break_text: autoDraw = False
348.2211 	EXP 	LDT_stim_text: height = np.float64(0.1)
348.2211 	EXP 	LDT_stim_text: height = np.float64(0.1)
348.2211 	EXP 	LDT_stim_text: height = np.float64(0.1)
348.2211 	EXP 	LDT_stim_text: text = 'hard'
348.2211 	EXP 	LDT_fix_text: autoDraw = True
348.2217 	DATA 	Keypress: a
348.3132 	EXP 	Device response: <KeyPress from None: t=348.2085385999999, value=a, duration=0.10383430000001681>
348.7049 	EXP 	LDT_stim_text: autoDraw = True
348.7133 	EXP 	LDT_fix_text: autoDraw = False
349.3393 	EXP 	Device response: <KeyPress from None: t=349.3362124999999, value=l, duration=None>
349.3396 	EXP 	New trial (rep=0, index=194): <Trial 194 (194 in rep 0) data={'Task': 'LDT', 'TrialType': 'Target', 'Stimuli': 'jight', 'StimulusType': 'nonword', 'CorrectResponse': 'a', 'Trialnumb': 159, 'thisN': 194, 'thisTrialN': 194, 'thisRepN': 0}>
349.3473 	EXP 	LDT_fix_text: autoDraw = False
349.3473 	EXP 	LDT_stim_text: autoDraw = False
349.3473 	EXP 	LDT_break_text: autoDraw = False
349.3473 	EXP 	LDT_stim_text: height = np.float64(0.1)
349.3473 	EXP 	LDT_stim_text: height = np.float64(0.1)
349.3473 	EXP 	LDT_stim_text: height = np.float64(0.1)
349.3473 	EXP 	LDT_stim_text: text = 'jight'
349.3473 	EXP 	LDT_fix_text: autoDraw = True
349.3478 	DATA 	Keypress: l
349.4645 	EXP 	Device response: <KeyPress from None: t=349.3362124999999, value=l, duration=0.12029040000015812>
349.8311 	EXP 	LDT_stim_text: autoDraw = True
349.8394 	EXP 	LDT_fix_text: autoDraw = False
350.5488 	EXP 	Device response: <KeyPress from None: t=350.54479489999994, value=a, duration=None>
350.5491 	EXP 	New trial (rep=0, index=195): <Trial 195 (195 in rep 0) data={'Task': 'LDT', 'TrialType': 'Target', 'Stimuli': 'juck', 'StimulusType': 'nonword', 'CorrectResponse': 'a', 'Trialnumb': 161, 'thisN': 195, 'thisTrialN': 195, 'thisRepN': 0}>
350.5568 	EXP 	LDT_fix_text: autoDraw = False
350.5568 	EXP 	LDT_stim_text: autoDraw = False
350.5568 	EXP 	LDT_break_text: autoDraw = False
350.5568 	EXP 	LDT_stim_text: height = np.float64(0.1)
350.5568 	EXP 	LDT_stim_text: height = np.float64(0.1)
350.5568 	EXP 	LDT_stim_text: height = np.float64(0.1)
350.5568 	EXP 	LDT_stim_text: text = 'juck'
350.5568 	EXP 	LDT_fix_text: autoDraw = True
350.5574 	DATA 	Keypress: a
350.7239 	EXP 	Device response: <KeyPress from None: t=350.54479489999994, value=a, duration=0.17581799999970826>
351.0406 	EXP 	LDT_stim_text: autoDraw = True
351.0490 	EXP 	LDT_fix_text: autoDraw = False
352.4506 	EXP 	Device response: <KeyPress from None: t=352.4487071999997, value=a, duration=None>
352.4509 	EXP 	New trial (rep=0, index=196): <Trial 196 (196 in rep 0) data={'Task': 'LDT', 'TrialType': 'Target', 'Stimuli': 'pahe', 'StimulusType': 'nonword', 'CorrectResponse': 'a', 'Trialnumb': 178, 'thisN': 196, 'thisTrialN': 196, 'thisRepN': 0}>
352.4588 	EXP 	LDT_fix_text: autoDraw = False
352.4588 	EXP 	LDT_stim_text: autoDraw = False
352.4588 	EXP 	LDT_break_text: autoDraw = False
352.4588 	EXP 	LDT_stim_text: height = np.float64(0.1)
352.4588 	EXP 	LDT_stim_text: height = np.float64(0.1)
352.4588 	EXP 	LDT_stim_text: height = np.float64(0.1)
352.4588 	EXP 	LDT_stim_text: text = 'pahe'
352.4588 	EXP 	LDT_fix_text: autoDraw = True
352.4592 	DATA 	Keypress: a
352.5674 	EXP 	Device response: <KeyPress from None: t=352.4487071999997, value=a, duration=0.11234200000035344>
352.9425 	EXP 	LDT_stim_text: autoDraw = True
352.9508 	EXP 	LDT_fix_text: autoDraw = False
353.6602 	EXP 	Device response: <KeyPress from None: t=353.65596060000007, value=a, duration=None>
353.6604 	EXP 	New trial (rep=0, index=197): <Trial 197 (197 in rep 0) data={'Task': 'LDT', 'TrialType': 'Target', 'Stimuli': 'class', 'StimulusType': 'word', 'CorrectResponse': 'l', 'Trialnumb': 19, 'thisN': 197, 'thisTrialN': 197, 'thisRepN': 0}>
353.6682 	EXP 	LDT_fix_text: autoDraw = False
353.6682 	EXP 	LDT_stim_text: autoDraw = False
353.6682 	EXP 	LDT_break_text: autoDraw = False
353.6682 	EXP 	LDT_stim_text: height = np.float64(0.1)
353.6682 	EXP 	LDT_stim_text: height = np.float64(0.1)
353.6682 	EXP 	LDT_stim_text: height = np.float64(0.1)
353.6682 	EXP 	LDT_stim_text: text = 'class'
353.6682 	EXP 	LDT_fix_text: autoDraw = True
353.6688 	DATA 	Keypress: a
353.7936 	EXP 	Device response: <KeyPress from None: t=353.65596060000007, value=a, duration=0.136299599999802>
354.1520 	EXP 	LDT_stim_text: autoDraw = True
354.1604 	EXP 	LDT_fix_text: autoDraw = False
354.6529 	EXP 	Device response: <KeyPress from None: t=354.64862059999996, value=l, duration=None>
354.6531 	EXP 	New trial (rep=0, index=198): <Trial 198 (198 in rep 0) data={'Task': 'LDT', 'TrialType': 'Target', 'Stimuli': 'show', 'StimulusType': 'word', 'CorrectResponse': 'l', 'Trialnumb': 21, 'thisN': 198, 'thisTrialN': 198, 'thisRepN': 0}>
354.6609 	EXP 	LDT_fix_text: autoDraw = False
354.6609 	EXP 	LDT_stim_text: autoDraw = False
354.6609 	EXP 	LDT_break_text: autoDraw = False
354.6609 	EXP 	LDT_stim_text: height = np.float64(0.1)
354.6609 	EXP 	LDT_stim_text: height = np.float64(0.1)
354.6609 	EXP 	LDT_stim_text: height = np.float64(0.1)
354.6609 	EXP 	LDT_stim_text: text = 'show'
354.6609 	EXP 	LDT_fix_text: autoDraw = True
354.6614 	DATA 	Keypress: l
354.7446 	EXP 	Device response: <KeyPress from None: t=354.64862059999996, value=l, duration=0.08807939999996961>
355.1447 	EXP 	LDT_stim_text: autoDraw = True
355.1530 	EXP 	LDT_fix_text: autoDraw = False
355.6455 	EXP 	Device response: <KeyPress from None: t=355.6402880999999, value=l, duration=None>
355.6457 	EXP 	New trial (rep=0, index=199): <Trial 199 (199 in rep 0) data={'Task': 'LDT', 'TrialType': 'Target', 'Stimuli': 'fall', 'StimulusType': 'word', 'CorrectResponse': 'l', 'Trialnumb': 62, 'thisN': 199, 'thisTrialN': 199, 'thisRepN': 0}>
355.6535 	EXP 	LDT_fix_text: autoDraw = False
355.6535 	EXP 	LDT_stim_text: autoDraw = False
355.6535 	EXP 	LDT_break_text: autoDraw = False
355.6535 	EXP 	LDT_stim_text: height = np.float64(0.1)
355.6535 	EXP 	LDT_stim_text: height = np.float64(0.1)
355.6535 	EXP 	LDT_stim_text: height = np.float64(0.1)
355.6535 	EXP 	LDT_stim_text: text = 'fall'
355.6535 	EXP 	LDT_fix_text: autoDraw = True
355.6541 	DATA 	Keypress: l
355.7122 	EXP 	Device response: <KeyPress from None: t=355.6402880999999, value=l, duration=0.06375669999988531>
356.1373 	EXP 	LDT_stim_text: autoDraw = True
356.1457 	EXP 	LDT_fix_text: autoDraw = False
356.6466 	EXP 	Device response: <KeyPress from None: t=356.6404785, value=l, duration=None>
356.6469 	EXP 	New trial (rep=0, index=200): <Trial 200 (200 in rep 0) data={'Task': 'LDT', 'TrialType': 'Target', 'Stimuli': 'sad', 'StimulusType': 'word', 'CorrectResponse': 'l', 'Trialnumb': 69, 'thisN': 200, 'thisTrialN': 200, 'thisRepN': 0}>
356.6547 	EXP 	LDT_fix_text: autoDraw = False
356.6547 	EXP 	LDT_stim_text: autoDraw = False
356.6547 	EXP 	LDT_break_text: autoDraw = False
356.6547 	EXP 	LDT_stim_text: height = np.float64(0.1)
356.6547 	EXP 	LDT_stim_text: height = np.float64(0.1)
356.6547 	EXP 	LDT_stim_text: height = np.float64(0.1)
356.6547 	EXP 	LDT_stim_text: text = 'sad'
356.6547 	EXP 	LDT_fix_text: autoDraw = True
356.6551 	DATA 	Keypress: l
356.7133 	EXP 	Device response: <KeyPress from None: t=356.6404785, value=l, duration=0.07182919999968362>
357.1383 	EXP 	LDT_stim_text: autoDraw = True
357.1467 	EXP 	LDT_fix_text: autoDraw = False
357.6728 	EXP 	Device response: <KeyPress from None: t=357.67254890000004, value=l, duration=None>
357.6810 	EXP 	New trial (rep=0, index=201): <Trial 201 (201 in rep 0) data={'Task': 'LDT', 'TrialType': 'Target', 'Stimuli': 'mass', 'StimulusType': 'word', 'CorrectResponse': 'l', 'Trialnumb': 102, 'thisN': 201, 'thisTrialN': 201, 'thisRepN': 0}>
357.6823 	DATA 	Keypress: l
357.6890 	EXP 	LDT_fix_text: autoDraw = False
357.6890 	EXP 	LDT_stim_text: autoDraw = False
357.6890 	EXP 	LDT_break_text: autoDraw = False
357.6890 	EXP 	LDT_stim_text: height = np.float64(0.1)
357.6890 	EXP 	LDT_stim_text: height = np.float64(0.1)
357.6890 	EXP 	LDT_stim_text: height = np.float64(0.1)
357.6890 	EXP 	LDT_stim_text: text = 'mass'
357.6890 	EXP 	LDT_fix_text: autoDraw = True
357.7560 	EXP 	Device response: <KeyPress from None: t=357.67254890000004, value=l, duration=0.08015489999979764>
358.1727 	EXP 	LDT_stim_text: autoDraw = True
358.1810 	EXP 	LDT_fix_text: autoDraw = False
358.7152 	EXP 	Device response: <KeyPress from None: t=358.7135911999999, value=l, duration=None>
358.7155 	EXP 	New trial (rep=0, index=202): <Trial 202 (202 in rep 0) data={'Task': 'LDT', 'TrialType': 'Target', 'Stimuli': 'frow', 'StimulusType': 'nonword', 'CorrectResponse': 'a', 'Trialnumb': 142, 'thisN': 202, 'thisTrialN': 202, 'thisRepN': 0}>
358.7233 	EXP 	LDT_fix_text: autoDraw = False
358.7233 	EXP 	LDT_stim_text: autoDraw = False
358.7233 	EXP 	LDT_break_text: autoDraw = False
358.7233 	EXP 	LDT_stim_text: height = np.float64(0.1)
358.7233 	EXP 	LDT_stim_text: height = np.float64(0.1)
358.7233 	EXP 	LDT_stim_text: height = np.float64(0.1)
358.7233 	EXP 	LDT_stim_text: text = 'frow'
358.7233 	EXP 	LDT_fix_text: autoDraw = True
358.7238 	DATA 	Keypress: l
358.7903 	EXP 	Device response: <KeyPress from None: t=358.7135911999999, value=l, duration=0.0720526999998583>
359.2071 	EXP 	LDT_stim_text: autoDraw = True
359.2154 	EXP 	LDT_fix_text: autoDraw = False
360.0501 	EXP 	Device response: <KeyPress from None: t=360.04925860000003, value=a, duration=None>
360.0504 	EXP 	New trial (rep=0, index=203): <Trial 203 (203 in rep 0) data={'Task': 'LDT', 'TrialType': 'Target', 'Stimuli': 'sarry', 'StimulusType': 'nonword', 'CorrectResponse': 'a', 'Trialnumb': 186, 'thisN': 203, 'thisTrialN': 203, 'thisRepN': 0}>
360.0580 	EXP 	LDT_fix_text: autoDraw = False
360.0580 	EXP 	LDT_stim_text: autoDraw = False
360.0580 	EXP 	LDT_break_text: autoDraw = False
360.0580 	EXP 	LDT_stim_text: height = np.float64(0.1)
360.0580 	EXP 	LDT_stim_text: height = np.float64(0.1)
360.0580 	EXP 	LDT_stim_text: height = np.float64(0.1)
360.0580 	EXP 	LDT_stim_text: text = 'sarry'
360.0580 	EXP 	LDT_fix_text: autoDraw = True
360.0585 	DATA 	Keypress: a
360.1917 	EXP 	Device response: <KeyPress from None: t=360.04925860000003, value=a, duration=0.1353110000000015>
360.5417 	EXP 	LDT_stim_text: autoDraw = True
360.5501 	EXP 	LDT_fix_text: autoDraw = False
361.2011 	EXP 	Device response: <KeyPress from None: t=361.1998217999999, value=a, duration=None>
361.2013 	EXP 	New trial (rep=0, index=204): <Trial 204 (204 in rep 0) data={'Task': 'LDT', 'TrialType': 'Target', 'Stimuli': 'suck', 'StimulusType': 'word', 'CorrectResponse': 'l', 'Trialnumb': 83, 'thisN': 204, 'thisTrialN': 204, 'thisRepN': 0}>
361.2091 	EXP 	LDT_fix_text: autoDraw = False
361.2091 	EXP 	LDT_stim_text: autoDraw = False
361.2091 	EXP 	LDT_break_text: autoDraw = False
361.2091 	EXP 	LDT_stim_text: height = np.float64(0.1)
361.2091 	EXP 	LDT_stim_text: height = np.float64(0.1)
361.2091 	EXP 	LDT_stim_text: height = np.float64(0.1)
361.2091 	EXP 	LDT_stim_text: text = 'suck'
361.2091 	EXP 	LDT_fix_text: autoDraw = True
361.2096 	DATA 	Keypress: a
361.3345 	EXP 	Device response: <KeyPress from None: t=361.1998217999999, value=a, duration=0.12827909999987241>
361.6929 	EXP 	LDT_stim_text: autoDraw = True
361.7012 	EXP 	LDT_fix_text: autoDraw = False
363.1698 	EXP 	Device response: <KeyPress from None: t=363.1684796999998, value=l, duration=None>
363.1700 	EXP 	New trial (rep=0, index=205): <Trial 205 (205 in rep 0) data={'Task': 'LDT', 'TrialType': 'Target', 'Stimuli': 'loje', 'StimulusType': 'nonword', 'CorrectResponse': 'a', 'Trialnumb': 171, 'thisN': 205, 'thisTrialN': 205, 'thisRepN': 0}>
363.1777 	EXP 	LDT_fix_text: autoDraw = False
363.1777 	EXP 	LDT_stim_text: autoDraw = False
363.1777 	EXP 	LDT_break_text: autoDraw = False
363.1777 	EXP 	LDT_stim_text: height = np.float64(0.1)
363.1777 	EXP 	LDT_stim_text: height = np.float64(0.1)
363.1777 	EXP 	LDT_stim_text: height = np.float64(0.1)
363.1777 	EXP 	LDT_stim_text: text = 'loje'
363.1777 	EXP 	LDT_fix_text: autoDraw = True
363.1781 	DATA 	Keypress: l
363.2365 	EXP 	Device response: <KeyPress from None: t=363.1684796999998, value=l, duration=0.06354210000017702>
363.6615 	EXP 	LDT_stim_text: autoDraw = True
363.6698 	EXP 	LDT_fix_text: autoDraw = False
364.2958 	EXP 	Device response: <KeyPress from None: t=364.2883575000001, value=a, duration=None>
364.2960 	EXP 	New trial (rep=0, index=206): <Trial 206 (206 in rep 0) data={'Task': 'LDT', 'TrialType': 'Target', 'Stimuli': 'hass', 'StimulusType': 'nonword', 'CorrectResponse': 'a', 'Trialnumb': 151, 'thisN': 206, 'thisTrialN': 206, 'thisRepN': 0}>
364.3040 	EXP 	LDT_fix_text: autoDraw = False
364.3040 	EXP 	LDT_stim_text: autoDraw = False
364.3040 	EXP 	LDT_break_text: autoDraw = False
364.3040 	EXP 	LDT_stim_text: height = np.float64(0.1)
364.3040 	EXP 	LDT_stim_text: height = np.float64(0.1)
364.3040 	EXP 	LDT_stim_text: height = np.float64(0.1)
364.3040 	EXP 	LDT_stim_text: text = 'hass'
364.3040 	EXP 	LDT_fix_text: autoDraw = True
364.3045 	DATA 	Keypress: a
364.3958 	EXP 	Device response: <KeyPress from None: t=364.2883575000001, value=a, duration=0.10369439999976748>
364.7878 	EXP 	LDT_stim_text: autoDraw = True
364.7960 	EXP 	LDT_fix_text: autoDraw = False
365.8556 	EXP 	Device response: <KeyPress from None: t=365.84809689999975, value=a, duration=None>
365.8558 	EXP 	New trial (rep=0, index=207): <Trial 207 (207 in rep 0) data={'Task': 'LDT', 'TrialType': 'Target', 'Stimuli': 'brone', 'StimulusType': 'nonword', 'CorrectResponse': 'a', 'Trialnumb': 125, 'thisN': 207, 'thisTrialN': 207, 'thisRepN': 0}>
365.8637 	EXP 	LDT_fix_text: autoDraw = False
365.8637 	EXP 	LDT_stim_text: autoDraw = False
365.8637 	EXP 	LDT_break_text: autoDraw = False
365.8637 	EXP 	LDT_stim_text: height = np.float64(0.1)
365.8637 	EXP 	LDT_stim_text: height = np.float64(0.1)
365.8637 	EXP 	LDT_stim_text: height = np.float64(0.1)
365.8637 	EXP 	LDT_stim_text: text = 'brone'
365.8637 	EXP 	LDT_fix_text: autoDraw = True
365.8642 	DATA 	Keypress: a
365.9891 	EXP 	Device response: <KeyPress from None: t=365.84809689999975, value=a, duration=0.1358098999999129>
366.3475 	EXP 	LDT_stim_text: autoDraw = True
366.3558 	EXP 	LDT_fix_text: autoDraw = False
368.1830 	EXP 	Device response: <KeyPress from None: t=368.17642179999984, value=a, duration=None>
368.1832 	EXP 	New trial (rep=0, index=208): <Trial 208 (208 in rep 0) data={'Task': 'LDT', 'TrialType': 'Target', 'Stimuli': 'sish', 'StimulusType': 'nonword', 'CorrectResponse': 'a', 'Trialnumb': 193, 'thisN': 208, 'thisTrialN': 208, 'thisRepN': 0}>
368.1911 	EXP 	LDT_fix_text: autoDraw = False
368.1911 	EXP 	LDT_stim_text: autoDraw = False
368.1911 	EXP 	LDT_break_text: autoDraw = False
368.1911 	EXP 	LDT_stim_text: height = np.float64(0.1)
368.1911 	EXP 	LDT_stim_text: height = np.float64(0.1)
368.1911 	EXP 	LDT_stim_text: height = np.float64(0.1)
368.1911 	EXP 	LDT_stim_text: text = 'sish'
368.1911 	EXP 	LDT_fix_text: autoDraw = True
368.1916 	DATA 	Keypress: a
368.2747 	EXP 	Device response: <KeyPress from None: t=368.17642179999984, value=a, duration=0.0958888999998635>
368.6748 	EXP 	LDT_stim_text: autoDraw = True
368.6832 	EXP 	LDT_fix_text: autoDraw = False
369.3676 	EXP 	Device response: <KeyPress from None: t=369.3609870999999, value=a, duration=None>
369.3678 	EXP 	New trial (rep=0, index=209): <Trial 209 (209 in rep 0) data={'Task': 'LDT', 'TrialType': 'Target', 'Stimuli': 'pess', 'StimulusType': 'nonword', 'CorrectResponse': 'a', 'Trialnumb': 180, 'thisN': 209, 'thisTrialN': 209, 'thisRepN': 0}>
369.3755 	EXP 	LDT_fix_text: autoDraw = False
369.3755 	EXP 	LDT_stim_text: autoDraw = False
369.3755 	EXP 	LDT_break_text: autoDraw = False
369.3755 	EXP 	LDT_stim_text: height = np.float64(0.1)
369.3755 	EXP 	LDT_stim_text: height = np.float64(0.1)
369.3755 	EXP 	LDT_stim_text: height = np.float64(0.1)
369.3755 	EXP 	LDT_stim_text: text = 'pess'
369.3755 	EXP 	LDT_fix_text: autoDraw = True
369.3761 	DATA 	Keypress: a
369.5010 	EXP 	Device response: <KeyPress from None: t=369.3609870999999, value=a, duration=0.1349725000000035>
369.8593 	EXP 	LDT_stim_text: autoDraw = True
369.8677 	EXP 	LDT_fix_text: autoDraw = False
370.8607 	EXP 	Device response: <KeyPress from None: t=370.8562417999997, value=a, duration=None>
370.8609 	EXP 	New trial (rep=0, index=210): <Trial 210 (210 in rep 0) data={'Task': 'LDT', 'TrialType': 'Target', 'Stimuli': 'stop', 'StimulusType': 'word', 'CorrectResponse': 'l', 'Trialnumb': 44, 'thisN': 210, 'thisTrialN': 210, 'thisRepN': 0}>
370.8688 	EXP 	LDT_fix_text: autoDraw = False
370.8688 	EXP 	LDT_stim_text: autoDraw = False
370.8688 	EXP 	LDT_break_text: autoDraw = False
370.8688 	EXP 	LDT_stim_text: height = np.float64(0.1)
370.8688 	EXP 	LDT_stim_text: height = np.float64(0.1)
370.8688 	EXP 	LDT_stim_text: height = np.float64(0.1)
370.8688 	EXP 	LDT_stim_text: text = 'stop'
370.8688 	EXP 	LDT_fix_text: autoDraw = True
370.8694 	DATA 	Keypress: a
370.9523 	EXP 	Device response: <KeyPress from None: t=370.8562417999997, value=a, duration=0.0885336000001189>
371.3525 	EXP 	LDT_stim_text: autoDraw = True
371.3609 	EXP 	LDT_fix_text: autoDraw = False
371.9535 	EXP 	Device response: <KeyPress from None: t=371.9460463999999, value=l, duration=None>
371.9537 	EXP 	New trial (rep=0, index=211): <Trial 211 (211 in rep 0) data={'Task': 'LDT', 'TrialType': 'Target', 'Stimuli': 'gray', 'StimulusType': 'word', 'CorrectResponse': 'l', 'Trialnumb': 98, 'thisN': 211, 'thisTrialN': 211, 'thisRepN': 0}>
371.9615 	EXP 	LDT_fix_text: autoDraw = False
371.9615 	EXP 	LDT_stim_text: autoDraw = False
371.9615 	EXP 	LDT_break_text: autoDraw = False
371.9615 	EXP 	LDT_stim_text: height = np.float64(0.1)
371.9615 	EXP 	LDT_stim_text: height = np.float64(0.1)
371.9615 	EXP 	LDT_stim_text: height = np.float64(0.1)
371.9615 	EXP 	LDT_stim_text: text = 'gray'
371.9615 	EXP 	LDT_fix_text: autoDraw = True
371.9622 	DATA 	Keypress: l
372.0285 	EXP 	Device response: <KeyPress from None: t=371.9460463999999, value=l, duration=0.07928360000005341>
372.4452 	EXP 	LDT_stim_text: autoDraw = True
372.4536 	EXP 	LDT_fix_text: autoDraw = False
372.9794 	EXP 	Device response: <KeyPress from None: t=372.9758305999999, value=l, duration=None>
372.9796 	EXP 	New trial (rep=0, index=212): <Trial 212 (212 in rep 0) data={'Task': 'LDT', 'TrialType': 'Target', 'Stimuli': 'cips', 'StimulusType': 'nonword', 'CorrectResponse': 'a', 'Trialnumb': 128, 'thisN': 212, 'thisTrialN': 212, 'thisRepN': 0}>
372.9874 	EXP 	LDT_fix_text: autoDraw = False
372.9874 	EXP 	LDT_stim_text: autoDraw = False
372.9874 	EXP 	LDT_break_text: autoDraw = False
372.9874 	EXP 	LDT_stim_text: height = np.float64(0.1)
372.9874 	EXP 	LDT_stim_text: height = np.float64(0.1)
372.9874 	EXP 	LDT_stim_text: height = np.float64(0.1)
372.9874 	EXP 	LDT_stim_text: text = 'cips'
372.9874 	EXP 	LDT_fix_text: autoDraw = True
372.9880 	DATA 	Keypress: l
373.0878 	EXP 	Device response: <KeyPress from None: t=372.9758305999999, value=l, duration=0.10411759999988135>
373.4713 	EXP 	LDT_stim_text: autoDraw = True
373.4796 	EXP 	LDT_fix_text: autoDraw = False
374.1723 	EXP 	Device response: <KeyPress from None: t=374.1678784999999, value=a, duration=None>
374.1725 	EXP 	New trial (rep=0, index=213): <Trial 213 (213 in rep 0) data={'Task': 'LDT', 'TrialType': 'Target', 'Stimuli': 'seft', 'StimulusType': 'nonword', 'CorrectResponse': 'a', 'Trialnumb': 188, 'thisN': 213, 'thisTrialN': 213, 'thisRepN': 0}>
374.1803 	EXP 	LDT_fix_text: autoDraw = False
374.1803 	EXP 	LDT_stim_text: autoDraw = False
374.1803 	EXP 	LDT_break_text: autoDraw = False
374.1803 	EXP 	LDT_stim_text: height = np.float64(0.1)
374.1803 	EXP 	LDT_stim_text: height = np.float64(0.1)
374.1803 	EXP 	LDT_stim_text: height = np.float64(0.1)
374.1803 	EXP 	LDT_stim_text: text = 'seft'
374.1803 	EXP 	LDT_fix_text: autoDraw = True
374.1809 	DATA 	Keypress: a
374.3141 	EXP 	Device response: <KeyPress from None: t=374.1678784999999, value=a, duration=0.13786709999976665>
374.6641 	EXP 	LDT_stim_text: autoDraw = True
374.6725 	EXP 	LDT_fix_text: autoDraw = False
375.7323 	EXP 	Device response: <KeyPress from None: t=375.72803989999966, value=a, duration=None>
375.7325 	EXP 	New trial (rep=0, index=214): <Trial 214 (214 in rep 0) data={'Task': 'LDT', 'TrialType': 'Target', 'Stimuli': 'chat', 'StimulusType': 'word', 'CorrectResponse': 'l', 'Trialnumb': 103, 'thisN': 214, 'thisTrialN': 214, 'thisRepN': 0}>
375.7402 	EXP 	LDT_fix_text: autoDraw = False
375.7402 	EXP 	LDT_stim_text: autoDraw = False
375.7402 	EXP 	LDT_break_text: autoDraw = False
375.7402 	EXP 	LDT_stim_text: height = np.float64(0.1)
375.7402 	EXP 	LDT_stim_text: height = np.float64(0.1)
375.7402 	EXP 	LDT_stim_text: height = np.float64(0.1)
375.7402 	EXP 	LDT_stim_text: text = 'chat'
375.7402 	EXP 	LDT_fix_text: autoDraw = True
375.7408 	DATA 	Keypress: a
375.8656 	EXP 	Device response: <KeyPress from None: t=375.72803989999966, value=a, duration=0.13579390000040803>
376.2240 	EXP 	LDT_stim_text: autoDraw = True
376.2323 	EXP 	LDT_fix_text: autoDraw = False
376.8249 	EXP 	Device response: <KeyPress from None: t=376.82437359999994, value=l, duration=None>
376.8252 	EXP 	New trial (rep=0, index=215): <Trial 215 (215 in rep 0) data={'Task': 'LDT', 'TrialType': 'Target', 'Stimuli': 'long', 'StimulusType': 'word', 'CorrectResponse': 'l', 'Trialnumb': 6, 'thisN': 215, 'thisTrialN': 215, 'thisRepN': 0}>
376.8329 	EXP 	LDT_fix_text: autoDraw = False
376.8329 	EXP 	LDT_stim_text: autoDraw = False
376.8329 	EXP 	LDT_break_text: autoDraw = False
376.8329 	EXP 	LDT_stim_text: height = np.float64(0.1)
376.8329 	EXP 	LDT_stim_text: height = np.float64(0.1)
376.8329 	EXP 	LDT_stim_text: height = np.float64(0.1)
376.8329 	EXP 	LDT_stim_text: text = 'long'
376.8329 	EXP 	LDT_fix_text: autoDraw = True
376.8335 	DATA 	Keypress: l
376.9084 	EXP 	Device response: <KeyPress from None: t=376.82437359999994, value=l, duration=0.08007869999983086>
377.3168 	EXP 	LDT_stim_text: autoDraw = True
377.3251 	EXP 	LDT_fix_text: autoDraw = False
377.9928 	EXP 	Device response: <KeyPress from None: t=377.98459319999984, value=l, duration=None>
377.9930 	EXP 	New trial (rep=0, index=216): <Trial 216 (216 in rep 0) data={'Task': 'LDT', 'TrialType': 'Target', 'Stimuli': 'group', 'StimulusType': 'word', 'CorrectResponse': 'l', 'Trialnumb': 20, 'thisN': 216, 'thisTrialN': 216, 'thisRepN': 0}>
378.0009 	EXP 	LDT_fix_text: autoDraw = False
378.0009 	EXP 	LDT_stim_text: autoDraw = False
378.0009 	EXP 	LDT_break_text: autoDraw = False
378.0009 	EXP 	LDT_stim_text: height = np.float64(0.1)
378.0009 	EXP 	LDT_stim_text: height = np.float64(0.1)
378.0009 	EXP 	LDT_stim_text: height = np.float64(0.1)
378.0009 	EXP 	LDT_stim_text: text = 'group'
378.0009 	EXP 	LDT_fix_text: autoDraw = True
378.0014 	DATA 	Keypress: l
378.0845 	EXP 	Device response: <KeyPress from None: t=377.98459319999984, value=l, duration=0.09532459999991261>
378.4846 	EXP 	LDT_stim_text: autoDraw = True
378.4929 	EXP 	LDT_fix_text: autoDraw = False
379.9697 	EXP 	Device response: <KeyPress from None: t=379.9686643, value=l, duration=None>
379.9700 	EXP 	New trial (rep=0, index=217): <Trial 217 (217 in rep 0) data={'Task': 'LDT', 'TrialType': 'Target', 'Stimuli': 'veek', 'StimulusType': 'nonword', 'CorrectResponse': 'a', 'Trialnumb': 211, 'thisN': 217, 'thisTrialN': 217, 'thisRepN': 0}>
379.9778 	EXP 	LDT_fix_text: autoDraw = False
379.9778 	EXP 	LDT_stim_text: autoDraw = False
379.9778 	EXP 	LDT_break_text: autoDraw = False
379.9778 	EXP 	LDT_stim_text: height = np.float64(0.1)
379.9778 	EXP 	LDT_stim_text: height = np.float64(0.1)
379.9778 	EXP 	LDT_stim_text: height = np.float64(0.1)
379.9778 	EXP 	LDT_stim_text: text = 'veek'
379.9778 	EXP 	LDT_fix_text: autoDraw = True
379.9783 	DATA 	Keypress: l
380.0531 	EXP 	Device response: <KeyPress from None: t=379.9686643, value=l, duration=0.07994220000000496>
380.4616 	EXP 	LDT_stim_text: autoDraw = True
380.4699 	EXP 	LDT_fix_text: autoDraw = False
381.1041 	EXP 	Device response: <KeyPress from None: t=381.09633099999974, value=a, duration=None>
381.1043 	EXP 	New trial (rep=0, index=218): <Trial 218 (218 in rep 0) data={'Task': 'LDT', 'TrialType': 'Target', 'Stimuli': 'ran', 'StimulusType': 'word', 'CorrectResponse': 'l', 'Trialnumb': 66, 'thisN': 218, 'thisTrialN': 218, 'thisRepN': 0}>
381.1122 	EXP 	LDT_fix_text: autoDraw = False
381.1122 	EXP 	LDT_stim_text: autoDraw = False
381.1122 	EXP 	LDT_break_text: autoDraw = False
381.1122 	EXP 	LDT_stim_text: height = np.float64(0.1)
381.1122 	EXP 	LDT_stim_text: height = np.float64(0.1)
381.1122 	EXP 	LDT_stim_text: height = np.float64(0.1)
381.1122 	EXP 	LDT_stim_text: text = 'ran'
381.1122 	EXP 	LDT_fix_text: autoDraw = True
381.1127 	DATA 	Keypress: a
381.2460 	EXP 	Device response: <KeyPress from None: t=381.09633099999974, value=a, duration=0.14385010000023613>
381.5960 	EXP 	LDT_stim_text: autoDraw = True
381.6043 	EXP 	LDT_fix_text: autoDraw = False
382.0301 	EXP 	Device response: <KeyPress from None: t=382.02456329999995, value=l, duration=None>
382.0303 	EXP 	New trial (rep=0, index=219): <Trial 219 (219 in rep 0) data={'Task': 'LDT', 'TrialType': 'Target', 'Stimuli': 'zeer', 'StimulusType': 'nonword', 'CorrectResponse': 'a', 'Trialnumb': 222, 'thisN': 219, 'thisTrialN': 219, 'thisRepN': 0}>
382.0381 	EXP 	LDT_fix_text: autoDraw = False
382.0381 	EXP 	LDT_stim_text: autoDraw = False
382.0381 	EXP 	LDT_break_text: autoDraw = False
382.0381 	EXP 	LDT_stim_text: height = np.float64(0.1)
382.0381 	EXP 	LDT_stim_text: height = np.float64(0.1)
382.0381 	EXP 	LDT_stim_text: height = np.float64(0.1)
382.0381 	EXP 	LDT_stim_text: text = 'zeer'
382.0381 	EXP 	LDT_fix_text: autoDraw = True
382.0387 	DATA 	Keypress: l
382.1218 	EXP 	Device response: <KeyPress from None: t=382.02456329999995, value=l, duration=0.09550970000009329>
382.5219 	EXP 	LDT_stim_text: autoDraw = True
382.5303 	EXP 	LDT_fix_text: autoDraw = False
383.1645 	EXP 	Device response: <KeyPress from None: t=383.1599289999999, value=a, duration=None>
383.1647 	EXP 	New trial (rep=0, index=220): <Trial 220 (220 in rep 0) data={'Task': 'LDT', 'TrialType': 'Target', 'Stimuli': 'warm', 'StimulusType': 'word', 'CorrectResponse': 'l', 'Trialnumb': 60, 'thisN': 220, 'thisTrialN': 220, 'thisRepN': 0}>
383.1726 	EXP 	LDT_fix_text: autoDraw = False
383.1726 	EXP 	LDT_stim_text: autoDraw = False
383.1726 	EXP 	LDT_break_text: autoDraw = False
383.1726 	EXP 	LDT_stim_text: height = np.float64(0.1)
383.1726 	EXP 	LDT_stim_text: height = np.float64(0.1)
383.1726 	EXP 	LDT_stim_text: height = np.float64(0.1)
383.1726 	EXP 	LDT_stim_text: text = 'warm'
383.1726 	EXP 	LDT_fix_text: autoDraw = True
383.1731 	DATA 	Keypress: a
383.2814 	EXP 	Device response: <KeyPress from None: t=383.1599289999999, value=a, duration=0.12020769999980985>
383.6564 	EXP 	LDT_stim_text: autoDraw = True
383.6647 	EXP 	LDT_fix_text: autoDraw = False
384.3491 	EXP 	Device response: <KeyPress from None: t=384.3449713, value=l, duration=None>
384.3493 	EXP 	New trial (rep=0, index=221): <Trial 221 (221 in rep 0) data={'Task': 'LDT', 'TrialType': 'Target', 'Stimuli': 'colo', 'StimulusType': 'nonword', 'CorrectResponse': 'a', 'Trialnumb': 131, 'thisN': 221, 'thisTrialN': 221, 'thisRepN': 0}>
384.3571 	EXP 	LDT_fix_text: autoDraw = False
384.3571 	EXP 	LDT_stim_text: autoDraw = False
384.3571 	EXP 	LDT_break_text: autoDraw = False
384.3571 	EXP 	LDT_stim_text: height = np.float64(0.1)
384.3571 	EXP 	LDT_stim_text: height = np.float64(0.1)
384.3571 	EXP 	LDT_stim_text: height = np.float64(0.1)
384.3571 	EXP 	LDT_stim_text: text = 'colo'
384.3571 	EXP 	LDT_fix_text: autoDraw = True
384.3576 	DATA 	Keypress: l
384.4492 	EXP 	Device response: <KeyPress from None: t=384.3449713, value=l, duration=0.10364909999998417>
384.8409 	EXP 	LDT_stim_text: autoDraw = True
384.8493 	EXP 	LDT_fix_text: autoDraw = False
385.5585 	EXP 	Device response: <KeyPress from None: t=385.55317609999975, value=a, duration=None>
385.5666 	EXP 	LDT_fix_text: autoDraw = False
385.5666 	EXP 	LDT_stim_text: autoDraw = False
385.5666 	EXP 	LDT_break_text: autoDraw = False
385.5666 	EXP 	end_text: autoDraw = True
385.5672 	DATA 	Keypress: a
385.7087 	EXP 	Device response: <KeyPress from None: t=385.55317609999975, value=a, duration=0.15123210000001563>
388.5613 	EXP 	end_text: autoDraw = False
388.5613 	EXP 	end_text: autoDraw = False
388.5614 	EXP 	online_LDT&KRT: status = STOPPED
